time,instrument,order_id,expired
777369,HKEX-ETFB3,115692,False
777369,HKEX-ETFB3,115691,False
777369,HKEX-ETFB3,115689,False
777369,HKEX-ETFB3,115688,False
777369,HKEX-ETFB3,115687,False
777369,HKEX-ETFB3,115686,False
777369,HKEX-ETFB3,115684,False
777369,HKEX-ETFB3,115685,False
777369,HKEX-ETFB3,115690,False
777369,HKEX-ETFB3,115683,False
777370,HKEX-ETFB,111961,False
777370,HKEX-ETFB,111959,False
777370,HKEX-ETFB,111958,False
777370,HKEX-ETFB,111953,False
777370,HKEX-ETFB,111955,False
777370,HKEX-ETFB,111952,False
777370,HKEX-ETFB,111954,False
777370,HKEX-ETFB,111956,False
777370,HKEX-ETFB,111960,False
777371,HKEX-ETFB,111957,False
777371,HKEX-ETFA,106838,False
777371,HKEX-ETFA,106834,False
777371,HKEX-ETFA,106833,False
777371,HKEX-ETFA,106832,False
777371,HKEX-ETFA,106831,False
777371,HKEX-ETFA,106830,False
777371,HKEX-ETFA,106839,False
777371,HKEX-ETFA,106836,False
777372,HKEX-ETFA,106835,False
777372,HKEX-ETFA,106837,False
777374,HKEX-CARD,151791,False
777374,HKEX-CARD,151790,False
777374,HKEX-CARD,151788,False
777374,HKEX-CARD,151787,False
777374,HKEX-CARD,151786,False
777374,HKEX-CARD,151784,False
777374,HKEX-CARD,151789,False
777375,HKEX-CARD,151792,False
777375,HKEX-CARD,151793,False
777375,HKEX-DLKV,114826,False
777375,HKEX-DLKV,114820,False
777375,HKEX-DLKV,114821,False
777375,HKEX-DLKV,114824,False
777375,HKEX-DLKV,114822,False
777375,HKEX-DLKV,114823,False
777375,HKEX-DLKV,114825,False
777375,HKEX-DLKV,114819,False
777375,HKEX-DLKV,114817,False
777375,HKEX-DLKV,114818,False
777375,HKEX-FSR,111530,False
777375,HKEX-FSR,111529,False
777375,HKEX-FSR,111528,False
777375,HKEX-FSR,111527,False
777375,HKEX-FSR,111525,False
777375,HKEX-FSR,111523,False
777375,HKEX-FSR,111521,False
777375,HKEX-FSR,111526,False
777376,HKEX-FSR,111522,False
777376,HKEX-FSR,111524,False
777376,HKEX-INA,114911,False
777376,HKEX-INA,114910,False
777376,HKEX-INA,114908,False
777376,HKEX-INA,114906,False
777376,HKEX-INA,114903,False
777376,HKEX-INA,114905,False
777376,HKEX-INA,114909,False
777376,HKEX-INA,114907,False
777376,HKEX-INA,114904,False
777376,HKEX-INA,114912,False
777376,HKEX-JNAF,111118,False
777376,HKEX-JNAF,111116,False
777376,HKEX-JNAF,111115,False
777376,HKEX-JNAF,111114,False
777376,HKEX-JNAF,111113,False
777376,HKEX-JNAF,111111,False
777376,HKEX-JNAF,111119,False
777376,HKEX-JNAF,111112,False
777376,HKEX-JNAF,111110,False
777376,HKEX-JNAF,111117,False
777376,HKEX-KOTD,117502,False
777376,HKEX-KOTD,117500,False
777376,HKEX-KOTD,117498,False
777376,HKEX-KOTD,117495,False
777376,HKEX-KOTD,117496,False
777376,HKEX-KOTD,117503,False
777376,HKEX-KOTD,117497,False
777376,HKEX-KOTD,117501,False
777376,HKEX-KOTD,117499,False
777376,HKEX-KOTD,117494,False
777376,HKEX-MDKA,114717,False
777376,HKEX-MDKA,114715,False
777376,HKEX-MDKA,114714,False
777376,HKEX-MDKA,114713,False
777376,HKEX-MDKA,114712,False
777376,HKEX-MDKA,114711,False
777377,HKEX-MDKA,114720,False
777377,HKEX-MDKA,114716,False
777377,HKEX-MDKA,114718,False
777377,HKEX-MDKA,114719,False
777377,HKEX-OIT,105275,False
777377,HKEX-OIT,105274,False
777377,HKEX-OIT,105271,False
777377,HKEX-OIT,105270,False
777377,HKEX-OIT,105269,False
777377,HKEX-OIT,105268,False
777377,HKEX-OIT,105272,False
777377,HKEX-OIT,105267,False
777377,HKEX-OIT,105273,False
777378,HKEX-OIT,105266,False
777378,HKEX-SIMP,123103,False
777378,HKEX-SIMP,123101,False
777378,HKEX-SIMP,123100,False
777378,HKEX-SIMP,123099,False
777378,HKEX-SIMP,123098,False
777378,HKEX-SIMP,123097,False
777378,HKEX-SIMP,123096,False
777378,HKEX-SIMP,123104,False
777378,HKEX-SIMP,123102,False
777378,HKEX-SIMP,123105,False
777378,HKEX-XFR,105338,False
777378,HKEX-XFR,105337,False
777378,HKEX-XFR,105336,False
777378,HKEX-XFR,105335,False
777378,HKEX-XFR,105334,False
777378,HKEX-XFR,105332,False
777378,HKEX-XFR,105333,False
777378,HKEX-XFR,105331,False
777378,HKEX-XFR,105330,False
777379,HKEX-XFR,105329,False
777380,HKEX-INA,114924,False
777380,HKEX-INA,114925,False
777387,HKEX-ETFA,106855,False
777403,HKEX-CARD,151815,False
777403,HKEX-SIMP,123120,False
777403,HKEX-SIMP,123121,False
777403,HKEX-FSR,111541,False
777405,HKEX-XFR,105350,False
777408,HKEX-SIMP,123122,False
777428,HKEX-CARD,151818,False
777430,HKEX-ETFA,106860,False
777436,HKEX-SIMP,123123,False
777470,HKEX-SIMP,123124,False
777471,HKEX-ETFA,106862,False
777471,HKEX-ETFB,111978,False
777472,HKEX-ETFB3,115705,False
777472,HKEX-ETFB3,115704,False
777472,HKEX-ETFB3,115703,False
777472,HKEX-ETFB3,115702,False
777472,HKEX-ETFB3,115699,False
777472,HKEX-ETFB3,115696,False
777472,HKEX-ETFB3,115698,False
777472,HKEX-ETFB3,115701,False
777472,HKEX-ETFB3,115700,False
777472,HKEX-ETFB,111973,False
777472,HKEX-ETFB,111970,False
777472,HKEX-ETFB,111969,False
777472,HKEX-ETFB,111967,False
777473,HKEX-ETFB,111965,False
777473,HKEX-ETFB,111971,False
777473,HKEX-ETFB,111966,False
777473,HKEX-ETFB,111972,False
777473,HKEX-ETFB,111974,False
777473,HKEX-ETFB,111968,False
777474,HKEX-ETFA,106854,False
777474,HKEX-ETFA,106853,False
777474,HKEX-ETFA,106851,False
777474,HKEX-ETFA,106850,False
777474,HKEX-ETFA,106849,False
777474,HKEX-ETFA,106848,False
777474,HKEX-ETFA,106852,False
777474,HKEX-ETFA,106847,False
777475,HKEX-ETFA,106845,False
777476,HKEX-CARD,151804,False
777476,HKEX-CARD,151802,False
777476,HKEX-CARD,151811,False
777476,HKEX-CARD,151810,False
777476,HKEX-CARD,151809,False
777476,HKEX-CARD,151808,False
777476,HKEX-CARD,151806,False
777477,HKEX-DLKV,114835,False
777477,HKEX-DLKV,114831,False
777477,HKEX-DLKV,114829,False
777477,HKEX-DLKV,114834,False
777477,HKEX-DLKV,114832,False
777477,HKEX-DLKV,114830,False
777477,HKEX-DLKV,114836,False
777477,HKEX-DLKV,114827,False
777477,HKEX-DLKV,114833,False
777477,HKEX-DLKV,114828,False
777477,HKEX-FSR,111540,False
777477,HKEX-FSR,111534,False
777477,HKEX-FSR,111536,False
777477,HKEX-FSR,111532,False
777477,HKEX-FSR,111539,False
777477,HKEX-FSR,111535,False
777477,HKEX-FSR,111533,False
777477,HKEX-FSR,111538,False
777477,HKEX-FSR,111537,False
777477,HKEX-INA,114919,False
777477,HKEX-INA,114917,False
777477,HKEX-INA,114916,False
777477,HKEX-INA,114914,False
777477,HKEX-INA,114915,False
777477,HKEX-INA,114921,False
777477,HKEX-INA,114920,False
777477,HKEX-INA,114918,False
777477,HKEX-INA,114922,False
777477,HKEX-INA,114923,False
777477,HKEX-JNAF,111131,False
777477,HKEX-JNAF,111125,False
777477,HKEX-JNAF,111124,False
777477,HKEX-JNAF,111123,False
777477,HKEX-JNAF,111122,False
777477,HKEX-JNAF,111128,False
777478,HKEX-JNAF,111127,False
777478,HKEX-JNAF,111126,False
777478,HKEX-JNAF,111129,False
777478,HKEX-JNAF,111130,False
777478,HKEX-KOTD,117513,False
777478,HKEX-KOTD,117509,False
777478,HKEX-KOTD,117506,False
777478,HKEX-KOTD,117508,False
777478,HKEX-KOTD,117507,False
777478,HKEX-KOTD,117505,False
777478,HKEX-KOTD,117512,False
777478,HKEX-KOTD,117510,False
777478,HKEX-KOTD,117511,False
777478,HKEX-KOTD,117504,False
777478,HKEX-MDKA,114731,False
777478,HKEX-MDKA,114729,False
777478,HKEX-MDKA,114730,False
777478,HKEX-MDKA,114726,False
777478,HKEX-MDKA,114724,False
777478,HKEX-MDKA,114722,False
777478,HKEX-MDKA,114725,False
777478,HKEX-MDKA,114723,False
777478,HKEX-MDKA,114727,False
777478,HKEX-MDKA,114728,False
777478,HKEX-OIT,105284,False
777478,HKEX-OIT,105283,False
777478,HKEX-OIT,105282,False
777478,HKEX-OIT,105281,False
777478,HKEX-OIT,105280,False
777478,HKEX-OIT,105279,False
777478,HKEX-OIT,105278,False
777478,HKEX-OIT,105276,False
777478,HKEX-OIT,105285,False
777478,HKEX-OIT,105277,False
777479,HKEX-SIMP,123117,False
777479,HKEX-SIMP,123116,False
777479,HKEX-SIMP,123114,False
777479,HKEX-SIMP,123112,False
777479,HKEX-SIMP,123110,False
777479,HKEX-SIMP,123118,False
777479,HKEX-SIMP,123115,False
777479,HKEX-SIMP,123113,False
777479,HKEX-SIMP,123109,False
777479,HKEX-SIMP,123111,False
777479,HKEX-XFR,105349,False
777479,HKEX-XFR,105348,False
777479,HKEX-XFR,105347,False
777479,HKEX-XFR,105345,False
777479,HKEX-XFR,105343,False
777479,HKEX-XFR,105342,False
777479,HKEX-XFR,105340,False
777479,HKEX-XFR,105341,False
777479,HKEX-XFR,105346,False
777479,HKEX-XFR,105344,False
777481,HKEX-ETFB3,115722,False
777481,HKEX-KOTD,117524,False
777481,HKEX-INA,114938,False
777481,HKEX-DLKV,114850,False
777481,HKEX-ETFA,106873,False
777486,HKEX-SIMP,123135,False
777486,HKEX-DLKV,114851,False
777486,HKEX-FSR,111558,False
777486,HKEX-OIT,105298,False
777487,HKEX-FSR,111559,False
777488,HKEX-OIT,105299,False
777509,HKEX-SIMP,123136,False
777549,HKEX-INA,114939,False
777561,HKEX-ETFB3,115721,False
777561,HKEX-ETFB3,115720,False
777561,HKEX-ETFB3,115719,False
777561,HKEX-ETFB3,115718,False
777561,HKEX-ETFB3,115717,False
777561,HKEX-ETFB3,115716,False
777561,HKEX-ETFB3,115715,False
777561,HKEX-ETFB3,115713,False
777561,HKEX-ETFB3,115712,False
777561,HKEX-ETFB3,115714,False
777561,HKEX-ETFB,111988,False
777561,HKEX-ETFB,111987,False
777561,HKEX-ETFB,111986,False
777561,HKEX-ETFB,111985,False
777561,HKEX-ETFB,111984,False
777561,HKEX-ETFB,111983,False
777561,HKEX-ETFB,111980,False
777561,HKEX-ETFB,111982,False
777561,HKEX-ETFB,111981,False
777562,HKEX-ETFB,111979,False
777562,HKEX-ETFA,106872,False
777562,HKEX-ETFA,106871,False
777562,HKEX-ETFA,106864,False
777562,HKEX-ETFA,106866,False
777562,HKEX-ETFA,106868,False
777563,HKEX-ETFA,106863,False
777563,HKEX-ETFA,106865,False
777563,HKEX-ETFA,106867,False
777563,HKEX-ETFA,106869,False
777563,HKEX-ETFA,106870,False
777564,HKEX-CARD,151827,False
777564,HKEX-CARD,151821,False
777564,HKEX-CARD,151829,False
777564,HKEX-CARD,151830,False
777565,HKEX-CARD,151823,False
777565,HKEX-CARD,151828,False
777565,HKEX-CARD,151825,False
777565,HKEX-CARD,151826,False
777565,HKEX-DLKV,114849,False
777565,HKEX-DLKV,114847,False
777565,HKEX-DLKV,114843,False
777565,HKEX-DLKV,114842,False
777565,HKEX-DLKV,114844,False
777565,HKEX-DLKV,114846,False
777565,HKEX-DLKV,114845,False
777565,HKEX-DLKV,114848,False
777565,HKEX-DLKV,114840,False
777565,HKEX-DLKV,114841,False
777565,HKEX-FSR,111555,False
777565,HKEX-FSR,111553,False
777565,HKEX-FSR,111552,False
777565,HKEX-FSR,111549,False
777565,HKEX-FSR,111548,False
777565,HKEX-FSR,111550,False
777565,HKEX-FSR,111556,False
777565,HKEX-FSR,111554,False
777565,HKEX-FSR,111551,False
777565,HKEX-FSR,111557,False
777565,HKEX-INA,114937,False
777565,HKEX-INA,114935,False
777565,HKEX-INA,114934,False
777565,HKEX-INA,114930,False
777565,HKEX-INA,114928,False
777565,HKEX-INA,114936,False
777565,HKEX-INA,114933,False
777565,HKEX-INA,114931,False
777565,HKEX-INA,114929,False
777565,HKEX-INA,114932,False
777565,HKEX-JNAF,111142,False
777565,HKEX-JNAF,111141,False
777565,HKEX-JNAF,111140,False
777565,HKEX-JNAF,111137,False
777565,HKEX-JNAF,111135,False
777565,HKEX-JNAF,111138,False
777565,HKEX-JNAF,111133,False
777565,HKEX-JNAF,111139,False
777565,HKEX-JNAF,111136,False
777565,HKEX-JNAF,111134,False
777565,HKEX-KOTD,117523,False
777565,HKEX-KOTD,117518,False
777565,HKEX-KOTD,117521,False
777565,HKEX-KOTD,117514,False
777565,HKEX-KOTD,117516,False
777565,HKEX-KOTD,117520,False
777565,HKEX-KOTD,117519,False
777565,HKEX-KOTD,117517,False
777565,HKEX-KOTD,117515,False
777565,HKEX-KOTD,117522,False
777566,HKEX-MDKA,114742,False
777566,HKEX-MDKA,114740,False
777566,HKEX-MDKA,114738,False
777566,HKEX-MDKA,114743,False
777566,HKEX-MDKA,114741,False
777566,HKEX-MDKA,114736,False
777566,HKEX-MDKA,114734,False
777566,HKEX-MDKA,114737,False
777566,HKEX-MDKA,114739,False
777566,HKEX-MDKA,114735,False
777566,HKEX-OIT,105297,False
777566,HKEX-OIT,105296,False
777566,HKEX-OIT,105294,False
777566,HKEX-OIT,105288,False
777566,HKEX-OIT,105290,False
777566,HKEX-OIT,105289,False
777566,HKEX-OIT,105292,False
777566,HKEX-OIT,105293,False
777566,HKEX-OIT,105295,False
777566,HKEX-OIT,105291,False
777566,HKEX-SIMP,123133,False
777566,HKEX-SIMP,123126,False
777567,HKEX-SIMP,123130,False
777567,HKEX-SIMP,123129,False
777567,HKEX-SIMP,123127,False
777567,HKEX-SIMP,123132,False
777567,HKEX-SIMP,123131,False
777567,HKEX-SIMP,123134,False
777567,HKEX-SIMP,123128,False
777567,HKEX-XFR,105362,False
777567,HKEX-XFR,105359,False
777567,HKEX-XFR,105357,False
777567,HKEX-XFR,105361,False
777567,HKEX-XFR,105360,False
777567,HKEX-XFR,105356,False
777567,HKEX-XFR,105355,False
777567,HKEX-XFR,105353,False
777567,HKEX-XFR,105354,False
777567,HKEX-XFR,105358,False
777568,HKEX-MDKA,114756,False
777605,HKEX-ETFB3,115736,False
777605,HKEX-FSR,111571,False
777605,HKEX-FSR,111572,False
777621,HKEX-INA,114952,False
777621,HKEX-DLKV,114864,False
777621,HKEX-ETFB3,115737,False
777621,HKEX-DLKV,114865,False
777624,HKEX-FSR,111573,False
777624,HKEX-FSR,111574,False
777645,HKEX-ETFB3,115739,False
777646,HKEX-KOTD,117536,False
777646,HKEX-INA,114953,False
777646,HKEX-DLKV,114866,False
777667,HKEX-ETFA,106889,False
777668,HKEX-ETFB3,115733,False
777668,HKEX-ETFB3,115732,False
777668,HKEX-ETFB3,115731,False
777668,HKEX-ETFB3,115730,False
777668,HKEX-ETFB3,115728,False
777668,HKEX-ETFB3,115727,False
777668,HKEX-ETFB3,115729,False
777668,HKEX-ETFB3,115725,False
777669,HKEX-ETFB3,115724,False
777669,HKEX-ETFB3,115726,False
777669,HKEX-ETFB,111996,False
777669,HKEX-ETFB,111993,False
777669,HKEX-ETFB,111992,False
777669,HKEX-ETFB,111991,False
777669,HKEX-ETFB,111989,False
777669,HKEX-ETFB,111998,False
777669,HKEX-ETFB,111994,False
777669,HKEX-ETFB,111990,False
777669,HKEX-ETFB,111995,False
777669,HKEX-ETFB,111997,False
777670,HKEX-ETFA,106883,False
777670,HKEX-ETFA,106882,False
777670,HKEX-ETFA,106880,False
777670,HKEX-ETFA,106878,False
777670,HKEX-ETFA,106876,False
777670,HKEX-ETFA,106884,False
777670,HKEX-ETFA,106877,False
777671,HKEX-ETFA,106879,False
777671,HKEX-ETFA,106885,False
777671,HKEX-ETFA,106881,False
777671,HKEX-CARD,151850,False
777671,HKEX-CARD,151849,False
777671,HKEX-CARD,151848,False
777671,HKEX-CARD,151847,False
777671,HKEX-CARD,151845,False
777671,HKEX-CARD,151843,False
777672,HKEX-CARD,151846,False
777672,HKEX-CARD,151841,False
777672,HKEX-CARD,151844,False
777672,HKEX-DLKV,114861,False
777672,HKEX-DLKV,114860,False
777672,HKEX-DLKV,114859,False
777672,HKEX-DLKV,114857,False
777672,HKEX-DLKV,114854,False
777672,HKEX-DLKV,114853,False
777672,HKEX-DLKV,114862,False
777672,HKEX-DLKV,114855,False
777672,HKEX-DLKV,114856,False
777672,HKEX-DLKV,114858,False
777672,HKEX-FSR,111569,False
777672,HKEX-FSR,111567,False
777672,HKEX-FSR,111565,False
777672,HKEX-FSR,111564,False
777672,HKEX-FSR,111563,False
777672,HKEX-FSR,111566,False
777672,HKEX-FSR,111561,False
777672,HKEX-FSR,111560,False
777672,HKEX-FSR,111568,False
777672,HKEX-FSR,111562,False
777672,HKEX-INA,114948,False
777672,HKEX-INA,114947,False
777672,HKEX-INA,114946,False
777672,HKEX-INA,114940,False
777672,HKEX-INA,114941,False
777672,HKEX-INA,114945,False
777672,HKEX-INA,114943,False
777672,HKEX-INA,114942,False
777672,HKEX-INA,114949,False
777673,HKEX-INA,114944,False
777673,HKEX-JNAF,111154,False
777673,HKEX-JNAF,111153,False
777673,HKEX-JNAF,111152,False
777673,HKEX-JNAF,111151,False
777673,HKEX-JNAF,111149,False
777673,HKEX-JNAF,111147,False
777673,HKEX-JNAF,111150,False
777673,HKEX-JNAF,111155,False
777673,HKEX-JNAF,111148,False
777673,HKEX-JNAF,111146,False
777673,HKEX-KOTD,117533,False
777673,HKEX-KOTD,117531,False
777673,HKEX-KOTD,117529,False
777673,HKEX-KOTD,117527,False
777673,HKEX-KOTD,117528,False
777673,HKEX-KOTD,117525,False
777673,HKEX-KOTD,117532,False
777673,HKEX-KOTD,117534,False
777673,HKEX-KOTD,117526,False
777673,HKEX-KOTD,117530,False
777673,HKEX-MDKA,114753,False
777673,HKEX-MDKA,114752,False
777673,HKEX-MDKA,114751,False
777673,HKEX-MDKA,114748,False
777673,HKEX-MDKA,114746,False
777673,HKEX-MDKA,114749,False
777673,HKEX-MDKA,114747,False
777673,HKEX-MDKA,114745,False
777673,HKEX-MDKA,114750,False
777673,HKEX-MDKA,114754,False
777673,HKEX-OIT,105310,False
777673,HKEX-OIT,105307,False
777673,HKEX-OIT,105306,False
777673,HKEX-OIT,105305,False
777673,HKEX-OIT,105304,False
777673,HKEX-OIT,105303,False
777673,HKEX-OIT,105302,False
777673,HKEX-OIT,105308,False
777673,HKEX-OIT,105301,False
777674,HKEX-OIT,105309,False
777674,HKEX-SIMP,123145,False
777674,HKEX-SIMP,123144,False
777674,HKEX-SIMP,123141,False
777674,HKEX-SIMP,123140,False
777674,HKEX-SIMP,123139,False
777674,HKEX-SIMP,123138,False
777674,HKEX-SIMP,123146,False
777674,HKEX-SIMP,123147,False
777674,HKEX-SIMP,123143,False
777674,HKEX-SIMP,123142,False
777674,HKEX-XFR,105370,False
777674,HKEX-XFR,105369,False
777674,HKEX-XFR,105367,False
777674,HKEX-XFR,105364,False
777674,HKEX-XFR,105372,False
777674,HKEX-XFR,105368,False
777674,HKEX-XFR,105366,False
777674,HKEX-XFR,105373,False
777674,HKEX-XFR,105365,False
777674,HKEX-XFR,105371,False
777676,HKEX-DLKV,114877,False
777676,HKEX-ETFB3,115751,False
777694,HKEX-DLKV,114878,False
777695,HKEX-OIT,105323,False
777713,HKEX-FSR,111588,False
777721,HKEX-ETFB3,115754,False
777721,HKEX-KOTD,117547,False
777764,HKEX-ETFB3,115748,False
777764,HKEX-ETFB3,115746,False
777764,HKEX-ETFB3,115745,False
777764,HKEX-ETFB3,115743,False
777764,HKEX-ETFB3,115742,False
777764,HKEX-ETFB3,115741,False
777764,HKEX-ETFB3,115740,False
777764,HKEX-ETFB3,115747,False
777764,HKEX-ETFB3,115744,False
777764,HKEX-ETFB3,115749,False
777765,HKEX-ETFB,112012,False
777765,HKEX-ETFB,112006,False
777765,HKEX-ETFB,112004,False
777765,HKEX-ETFB,112013,False
777765,HKEX-ETFB,112008,False
777765,HKEX-ETFB,112005,False
777765,HKEX-ETFB,112011,False
777765,HKEX-ETFB,112010,False
777766,HKEX-ETFB,112007,False
777766,HKEX-ETFB,112009,False
777766,HKEX-ETFA,106899,False
777766,HKEX-ETFA,106898,False
777766,HKEX-ETFA,106897,False
777766,HKEX-ETFA,106896,False
777766,HKEX-ETFA,106893,False
777766,HKEX-ETFA,106890,False
777766,HKEX-ETFA,106895,False
777766,HKEX-ETFA,106894,False
777768,HKEX-ETFA,106892,False
777768,HKEX-ETFA,106891,False
777769,HKEX-CARD,151863,False
777769,HKEX-CARD,151862,False
777769,HKEX-CARD,151861,False
777769,HKEX-CARD,151859,False
777769,HKEX-CARD,151857,False
777769,HKEX-CARD,151854,False
777770,HKEX-CARD,151858,False
777770,HKEX-CARD,151856,False
777770,HKEX-CARD,151860,False
777770,HKEX-DLKV,114876,False
777770,HKEX-DLKV,114871,False
777770,HKEX-DLKV,114868,False
777770,HKEX-DLKV,114867,False
777770,HKEX-DLKV,114870,False
777770,HKEX-DLKV,114869,False
777770,HKEX-DLKV,114875,False
777770,HKEX-DLKV,114873,False
777770,HKEX-DLKV,114872,False
777770,HKEX-DLKV,114874,False
777770,HKEX-FSR,111576,False
777770,HKEX-FSR,111583,False
777770,HKEX-FSR,111581,False
777770,HKEX-FSR,111579,False
777770,HKEX-FSR,111585,False
777770,HKEX-FSR,111584,False
777771,HKEX-FSR,111577,False
777771,HKEX-FSR,111580,False
777771,HKEX-FSR,111582,False
777771,HKEX-FSR,111578,False
777771,HKEX-INA,114961,False
777771,HKEX-INA,114959,False
777771,HKEX-INA,114956,False
777771,HKEX-INA,114954,False
777771,HKEX-INA,114960,False
777771,HKEX-INA,114963,False
777771,HKEX-INA,114957,False
777771,HKEX-INA,114955,False
777771,HKEX-INA,114962,False
777771,HKEX-INA,114958,False
777771,HKEX-JNAF,111166,False
777771,HKEX-JNAF,111165,False
777771,HKEX-JNAF,111163,False
777771,HKEX-JNAF,111161,False
777771,HKEX-JNAF,111158,False
777771,HKEX-JNAF,111162,False
777771,HKEX-JNAF,111160,False
777771,HKEX-JNAF,111164,False
777771,HKEX-JNAF,111157,False
777771,HKEX-JNAF,111159,False
777771,HKEX-KOTD,117545,False
777771,HKEX-KOTD,117543,False
777771,HKEX-KOTD,117541,False
777771,HKEX-KOTD,117540,False
777771,HKEX-KOTD,117538,False
777771,HKEX-KOTD,117546,False
777771,HKEX-KOTD,117542,False
777771,HKEX-KOTD,117544,False
777771,HKEX-KOTD,117537,False
777771,HKEX-KOTD,117539,False
777771,HKEX-MDKA,114766,False
777771,HKEX-MDKA,114763,False
777771,HKEX-MDKA,114761,False
777771,HKEX-MDKA,114759,False
777771,HKEX-MDKA,114765,False
777771,HKEX-MDKA,114762,False
777771,HKEX-MDKA,114768,False
777771,HKEX-MDKA,114764,False
777771,HKEX-MDKA,114767,False
777771,HKEX-MDKA,114760,False
777771,HKEX-OIT,105322,False
777771,HKEX-OIT,105320,False
777771,HKEX-OIT,105319,False
777771,HKEX-OIT,105318,False
777771,HKEX-OIT,105317,False
777771,HKEX-OIT,105313,False
777771,HKEX-OIT,105316,False
777771,HKEX-OIT,105315,False
777771,HKEX-OIT,105321,False
777772,HKEX-OIT,105314,False
777772,HKEX-SIMP,123159,False
777772,HKEX-SIMP,123157,False
777772,HKEX-SIMP,123155,False
777772,HKEX-SIMP,123153,False
777772,HKEX-SIMP,123151,False
777772,HKEX-SIMP,123154,False
777772,HKEX-SIMP,123158,False
777772,HKEX-SIMP,123156,False
777773,HKEX-XFR,105382,False
777773,HKEX-XFR,105380,False
777773,HKEX-XFR,105378,False
777773,HKEX-XFR,105376,False
777773,HKEX-XFR,105374,False
777773,HKEX-XFR,105377,False
777773,HKEX-XFR,105375,False
777773,HKEX-XFR,105383,False
777773,HKEX-XFR,105381,False
777773,HKEX-XFR,105379,False
777776,HKEX-FSR,111599,False
777778,HKEX-CARD,151779,False
777778,HKEX-CARD,151781,False
777779,HKEX-CARD,151783,False
777779,HKEX-JNAF,111183,False
777780,HKEX-SIMP,123089,False
777780,HKEX-SIMP,123091,False
777780,HKEX-SIMP,123093,False
777780,HKEX-SIMP,123094,False
777782,HKEX-SIMP,123179,False
777797,HKEX-INA,114976,False
777818,HKEX-ETFA,106915,False
777832,HKEX-FSR,111603,False
777832,HKEX-ETFA,106917,False
777871,HKEX-ETFB3,115764,False
777871,HKEX-ETFB3,115761,False
777871,HKEX-ETFB3,115760,False
777871,HKEX-ETFB3,115758,False
777871,HKEX-ETFB3,115763,False
777871,HKEX-ETFB3,115762,False
777871,HKEX-ETFB3,115765,False
777871,HKEX-ETFB3,115756,False
777871,HKEX-ETFB3,115759,False
777871,HKEX-ETFB3,115757,False
777871,HKEX-ETFB,112021,False
777871,HKEX-ETFB,112019,False
777871,HKEX-ETFB,112017,False
777871,HKEX-ETFB,112015,False
777871,HKEX-ETFB,112024,False
777872,HKEX-ETFB,112023,False
777872,HKEX-ETFB,112022,False
777872,HKEX-ETFB,112016,False
777872,HKEX-ETFB,112018,False
777872,HKEX-ETFB,112020,False
777873,HKEX-ETFA,106909,False
777873,HKEX-ETFA,106906,False
777873,HKEX-ETFA,106905,False
777873,HKEX-ETFA,106904,False
777873,HKEX-ETFA,106911,False
777873,HKEX-ETFA,106907,False
777873,HKEX-ETFA,106903,False
777874,HKEX-ETFA,106908,False
777874,HKEX-ETFA,106910,False
777876,HKEX-CARD,151877,False
777876,HKEX-CARD,151875,False
777876,HKEX-CARD,151873,False
777876,HKEX-CARD,151871,False
777876,HKEX-CARD,151870,False
777876,HKEX-CARD,151878,False
777876,HKEX-CARD,151876,False
777876,HKEX-CARD,151872,False
777876,HKEX-CARD,151874,False
777877,HKEX-CARD,151869,False
777877,HKEX-DLKV,114888,False
777877,HKEX-DLKV,114887,False
777877,HKEX-DLKV,114886,False
777877,HKEX-DLKV,114885,False
777877,HKEX-DLKV,114883,False
777877,HKEX-DLKV,114882,False
777877,HKEX-DLKV,114881,False
777877,HKEX-DLKV,114880,False
777877,HKEX-DLKV,114879,False
777877,HKEX-DLKV,114884,False
777877,HKEX-FSR,111597,False
777877,HKEX-FSR,111596,False
777877,HKEX-FSR,111595,False
777877,HKEX-FSR,111598,False
777877,HKEX-FSR,111589,False
777877,HKEX-FSR,111590,False
777877,HKEX-FSR,111593,False
777877,HKEX-FSR,111591,False
777877,HKEX-FSR,111594,False
777877,HKEX-FSR,111592,False
777877,HKEX-INA,114974,False
777877,HKEX-INA,114972,False
777877,HKEX-INA,114969,False
777877,HKEX-INA,114968,False
777877,HKEX-INA,114967,False
777877,HKEX-INA,114966,False
777877,HKEX-INA,114971,False
777877,HKEX-INA,114973,False
777877,HKEX-INA,114970,False
777877,HKEX-INA,114965,False
777878,HKEX-JNAF,111181,False
777878,HKEX-JNAF,111179,False
777878,HKEX-JNAF,111177,False
777878,HKEX-JNAF,111175,False
777878,HKEX-JNAF,111174,False
777878,HKEX-JNAF,111182,False
777878,HKEX-JNAF,111180,False
777878,HKEX-JNAF,111176,False
777878,HKEX-JNAF,111178,False
777878,HKEX-JNAF,111173,False
777878,HKEX-KOTD,117554,False
777878,HKEX-KOTD,117551,False
777878,HKEX-KOTD,117549,False
777878,HKEX-KOTD,117557,False
777878,HKEX-KOTD,117553,False
777878,HKEX-KOTD,117555,False
777878,HKEX-KOTD,117548,False
777878,HKEX-KOTD,117556,False
777878,HKEX-KOTD,117550,False
777878,HKEX-KOTD,117552,False
777878,HKEX-MDKA,114778,False
777878,HKEX-MDKA,114776,False
777878,HKEX-MDKA,114772,False
777878,HKEX-MDKA,114770,False
777878,HKEX-MDKA,114777,False
777878,HKEX-MDKA,114773,False
777878,HKEX-MDKA,114769,False
777878,HKEX-MDKA,114775,False
777878,HKEX-MDKA,114774,False
777878,HKEX-MDKA,114771,False
777878,HKEX-OIT,105334,False
777878,HKEX-OIT,105332,False
777878,HKEX-OIT,105328,False
777878,HKEX-OIT,105327,False
777878,HKEX-OIT,105326,False
777878,HKEX-OIT,105325,False
777878,HKEX-OIT,105333,False
777878,HKEX-OIT,105331,False
777878,HKEX-OIT,105330,False
777879,HKEX-OIT,105329,False
777880,HKEX-SIMP,123167,False
777880,HKEX-SIMP,123165,False
777880,HKEX-SIMP,123163,False
777880,HKEX-SIMP,123168,False
777880,HKEX-SIMP,123166,False
777880,HKEX-SIMP,123170,False
777880,HKEX-SIMP,123169,False
777880,HKEX-SIMP,123164,False
777880,HKEX-SIMP,123171,False
777880,HKEX-SIMP,123162,False
777880,HKEX-XFR,105394,False
777880,HKEX-XFR,105393,False
777880,HKEX-XFR,105392,False
777880,HKEX-XFR,105391,False
777880,HKEX-XFR,105390,False
777880,HKEX-XFR,105389,False
777880,HKEX-XFR,105386,False
777880,HKEX-XFR,105387,False
777880,HKEX-XFR,105395,False
777881,HKEX-XFR,105388,False
777881,HKEX-FSR,111617,False
777881,HKEX-FSR,111618,False
777881,HKEX-CARD,151898,False
777881,HKEX-CARD,151899,False
777881,HKEX-CARD,151900,False
777881,HKEX-CARD,151901,False
777881,HKEX-CARD,151902,False
777881,HKEX-CARD,151903,False
777883,HKEX-ETFA,106929,False
777892,HKEX-OIT,105348,False
777912,HKEX-ETFA,106930,False
777950,HKEX-FSR,111620,False
777972,HKEX-JNAF,111200,False
777974,HKEX-ETFB3,115780,False
777974,HKEX-ETFB3,115779,False
777974,HKEX-ETFB3,115773,False
777974,HKEX-ETFB3,115772,False
777974,HKEX-ETFB3,115771,False
777974,HKEX-ETFB3,115777,False
777974,HKEX-ETFB3,115776,False
777974,HKEX-ETFB3,115778,False
777974,HKEX-ETFB3,115774,False
777974,HKEX-ETFB3,115775,False
777975,HKEX-ETFB,112040,False
777975,HKEX-ETFB,112039,False
777975,HKEX-ETFB,112038,False
777975,HKEX-ETFB,112033,False
777975,HKEX-ETFB,112037,False
777975,HKEX-ETFB,112032,False
777975,HKEX-ETFB,112036,False
777975,HKEX-ETFB,112034,False
777975,HKEX-ETFB,112031,False
777975,HKEX-ETFB,112035,False
777976,HKEX-ETFA,106927,False
777976,HKEX-ETFA,106925,False
777976,HKEX-ETFA,106919,False
777976,HKEX-ETFA,106926,False
777977,HKEX-ETFA,106921,False
777977,HKEX-ETFA,106924,False
777977,HKEX-ETFA,106923,False
777977,HKEX-ETFA,106920,False
777977,HKEX-ETFA,106922,False
777979,HKEX-CARD,151895,False
777979,HKEX-CARD,151894,False
777979,HKEX-CARD,151893,False
777979,HKEX-CARD,151892,False
777979,HKEX-CARD,151891,False
777979,HKEX-CARD,151889,False
777979,HKEX-CARD,151887,False
777980,HKEX-CARD,151896,False
777980,HKEX-CARD,151890,False
777980,HKEX-DLKV,114898,False
777980,HKEX-DLKV,114895,False
777980,HKEX-DLKV,114893,False
777980,HKEX-DLKV,114891,False
777980,HKEX-DLKV,114896,False
777980,HKEX-DLKV,114900,False
777980,HKEX-DLKV,114892,False
777980,HKEX-DLKV,114894,False
777980,HKEX-DLKV,114897,False
777980,HKEX-DLKV,114899,False
777980,HKEX-FSR,111615,False
777980,HKEX-FSR,111613,False
777980,HKEX-FSR,111612,False
777980,HKEX-FSR,111611,False
777981,HKEX-FSR,111608,False
777981,HKEX-FSR,111609,False
777981,HKEX-FSR,111614,False
777981,HKEX-FSR,111610,False
777981,HKEX-FSR,111616,False
777981,HKEX-FSR,111607,False
777981,HKEX-INA,114988,False
777981,HKEX-INA,114985,False
777981,HKEX-INA,114983,False
777981,HKEX-INA,114982,False
777981,HKEX-INA,114989,False
777981,HKEX-INA,114986,False
777981,HKEX-INA,114984,False
777981,HKEX-INA,114981,False
777981,HKEX-INA,114980,False
777981,HKEX-INA,114987,False
777981,HKEX-JNAF,111190,False
777981,HKEX-JNAF,111187,False
777981,HKEX-JNAF,111193,False
777981,HKEX-JNAF,111186,False
777981,HKEX-JNAF,111191,False
777981,HKEX-JNAF,111189,False
777981,HKEX-JNAF,111188,False
777981,HKEX-JNAF,111192,False
777981,HKEX-JNAF,111194,False
777981,HKEX-KOTD,117567,False
777981,HKEX-KOTD,117559,False
777981,HKEX-KOTD,117565,False
777981,HKEX-KOTD,117563,False
777981,HKEX-KOTD,117561,False
777981,HKEX-KOTD,117568,False
777982,HKEX-KOTD,117560,False
777982,HKEX-KOTD,117562,False
777982,HKEX-KOTD,117564,False
777982,HKEX-KOTD,117566,False
777982,HKEX-MDKA,114788,False
777982,HKEX-MDKA,114785,False
777982,HKEX-MDKA,114784,False
777982,HKEX-MDKA,114783,False
777982,HKEX-MDKA,114790,False
777982,HKEX-MDKA,114786,False
777982,HKEX-MDKA,114789,False
777982,HKEX-MDKA,114787,False
777982,HKEX-MDKA,114782,False
777982,HKEX-MDKA,114781,False
777982,HKEX-OIT,105347,False
777982,HKEX-OIT,105345,False
777982,HKEX-OIT,105343,False
777982,HKEX-OIT,105339,False
777982,HKEX-OIT,105338,False
777982,HKEX-OIT,105342,False
777982,HKEX-OIT,105340,False
777982,HKEX-OIT,105341,False
777982,HKEX-OIT,105346,False
777982,HKEX-OIT,105344,False
777983,HKEX-SIMP,123190,False
777983,HKEX-SIMP,123189,False
777983,HKEX-SIMP,123188,False
777983,HKEX-SIMP,123187,False
777983,HKEX-SIMP,123184,False
777983,HKEX-SIMP,123183,False
777983,HKEX-SIMP,123182,False
777983,HKEX-SIMP,123186,False
777983,HKEX-SIMP,123181,False
777983,HKEX-SIMP,123185,False
777983,HKEX-XFR,105407,False
777983,HKEX-XFR,105406,False
777983,HKEX-XFR,105404,False
777983,HKEX-XFR,105401,False
777983,HKEX-XFR,105399,False
777983,HKEX-XFR,105398,False
777983,HKEX-XFR,105405,False
777983,HKEX-XFR,105402,False
777983,HKEX-XFR,105400,False
777984,HKEX-XFR,105403,False
777996,HKEX-CARD,151923,False
778012,HKEX-CARD,151609,False
778016,HKEX-FSR,111631,False
778016,HKEX-ETFA,106943,False
778020,HKEX-SIMP,123202,False
778020,HKEX-ETFA,106944,False
778020,HKEX-SIMP,123203,False
778024,HKEX-SIMP,123204,False
778071,HKEX-JNAF,111212,False
778073,HKEX-ETFB3,115792,False
778073,HKEX-ETFB3,115789,False
778073,HKEX-ETFB3,115787,False
778073,HKEX-ETFB3,115786,False
778073,HKEX-ETFB3,115783,False
778073,HKEX-ETFB3,115785,False
778074,HKEX-ETFB3,115790,False
778074,HKEX-ETFB3,115788,False
778074,HKEX-ETFB3,115791,False
778075,HKEX-ETFB,112045,False
778075,HKEX-ETFB,112044,False
778075,HKEX-ETFB,112047,False
778075,HKEX-ETFB,112046,False
778075,HKEX-ETFB,112050,False
778075,HKEX-ETFB,112043,False
778075,HKEX-ETFB,112051,False
778075,HKEX-ETFB,112049,False
778075,HKEX-ETFB,112052,False
778076,HKEX-ETFB,112048,False
778076,HKEX-ETFA,106941,False
778076,HKEX-ETFA,106940,False
778076,HKEX-ETFA,106939,False
778076,HKEX-ETFA,106938,False
778076,HKEX-ETFA,106934,False
778076,HKEX-ETFA,106932,False
778076,HKEX-ETFA,106937,False
778076,HKEX-ETFA,106936,False
778077,HKEX-ETFA,106935,False
778078,HKEX-CARD,151919,False
778078,HKEX-CARD,151917,False
778078,HKEX-CARD,151915,False
778079,HKEX-CARD,151913,False
778079,HKEX-CARD,151920,False
778079,HKEX-CARD,151911,False
778079,HKEX-CARD,151916,False
778079,HKEX-CARD,151918,False
778080,HKEX-DLKV,114910,False
778080,HKEX-DLKV,114908,False
778080,HKEX-DLKV,114906,False
778080,HKEX-DLKV,114903,False
778080,HKEX-DLKV,114902,False
778080,HKEX-DLKV,114901,False
778080,HKEX-DLKV,114905,False
778080,HKEX-DLKV,114909,False
778080,HKEX-DLKV,114907,False
778080,HKEX-DLKV,114904,False
778080,HKEX-FSR,111630,False
778080,HKEX-FSR,111626,False
778080,HKEX-FSR,111624,False
778080,HKEX-FSR,111623,False
778080,HKEX-FSR,111621,False
778080,HKEX-FSR,111622,False
778080,HKEX-FSR,111627,False
778080,HKEX-FSR,111625,False
778080,HKEX-FSR,111629,False
778080,HKEX-FSR,111628,False
778080,HKEX-INA,115000,False
778080,HKEX-INA,114999,False
778080,HKEX-INA,114998,False
778080,HKEX-INA,114997,False
778080,HKEX-INA,114995,False
778080,HKEX-INA,114991,False
778080,HKEX-INA,114993,False
778080,HKEX-INA,114996,False
778080,HKEX-INA,114992,False
778080,HKEX-INA,114994,False
778080,HKEX-JNAF,111210,False
778080,HKEX-JNAF,111203,False
778080,HKEX-JNAF,111201,False
778080,HKEX-JNAF,111207,False
778080,HKEX-JNAF,111208,False
778080,HKEX-JNAF,111205,False
778081,HKEX-JNAF,111202,False
778081,HKEX-JNAF,111209,False
778081,HKEX-JNAF,111206,False
778081,HKEX-JNAF,111204,False
778081,HKEX-KOTD,117578,False
778081,HKEX-KOTD,117572,False
778081,HKEX-KOTD,117576,False
778081,HKEX-KOTD,117570,False
778081,HKEX-KOTD,117577,False
778081,HKEX-KOTD,117579,False
778081,HKEX-KOTD,117571,False
778081,HKEX-KOTD,117573,False
778081,HKEX-KOTD,117574,False
778081,HKEX-KOTD,117575,False
778081,HKEX-MDKA,114800,False
778081,HKEX-MDKA,114798,False
778081,HKEX-MDKA,114794,False
778081,HKEX-MDKA,114791,False
778081,HKEX-MDKA,114792,False
778081,HKEX-MDKA,114797,False
778081,HKEX-MDKA,114799,False
778081,HKEX-MDKA,114796,False
778081,HKEX-MDKA,114795,False
778081,HKEX-MDKA,114793,False
778081,HKEX-OIT,105359,False
778081,HKEX-OIT,105357,False
778081,HKEX-OIT,105356,False
778081,HKEX-OIT,105350,False
778081,HKEX-OIT,105352,False
778081,HKEX-OIT,105355,False
778081,HKEX-OIT,105353,False
778081,HKEX-OIT,105354,False
778081,HKEX-OIT,105351,False
778082,HKEX-OIT,105358,False
778082,HKEX-SIMP,123199,False
778082,HKEX-SIMP,123197,False
778082,HKEX-SIMP,123195,False
778082,HKEX-SIMP,123194,False
778082,HKEX-SIMP,123193,False
778082,HKEX-SIMP,123192,False
778082,HKEX-SIMP,123198,False
778082,HKEX-SIMP,123200,False
778082,HKEX-SIMP,123196,False
778082,HKEX-SIMP,123201,False
778082,HKEX-XFR,105416,False
778082,HKEX-XFR,105412,False
778082,HKEX-XFR,105411,False
778082,HKEX-XFR,105410,False
778083,HKEX-XFR,105417,False
778083,HKEX-XFR,105418,False
778083,HKEX-XFR,105414,False
778083,HKEX-XFR,105415,False
778083,HKEX-XFR,105409,False
778083,HKEX-XFR,105413,False
778109,HKEX-JNAF,111224,False
778149,HKEX-OIT,105371,False
778161,HKEX-ETFB3,115806,False
778161,HKEX-ETFB3,115805,False
778161,HKEX-ETFB3,115804,False
778161,HKEX-ETFB3,115798,False
778161,HKEX-ETFB3,115797,False
778161,HKEX-ETFB3,115802,False
778161,HKEX-ETFB3,115803,False
778161,HKEX-ETFB3,115799,False
778161,HKEX-ETFB3,115800,False
778162,HKEX-ETFB3,115801,False
778162,HKEX-ETFB,112062,False
778162,HKEX-ETFB,112061,False
778162,HKEX-ETFB,112060,False
778162,HKEX-ETFB,112059,False
778162,HKEX-ETFB,112056,False
778162,HKEX-ETFB,112064,False
778162,HKEX-ETFB,112057,False
778162,HKEX-ETFB,112058,False
778163,HKEX-ETFB,112063,False
778163,HKEX-ETFB,112065,False
778163,HKEX-ETFA,106953,False
778163,HKEX-ETFA,106952,False
778163,HKEX-ETFA,106951,False
778163,HKEX-ETFA,106946,False
778163,HKEX-ETFA,106954,False
778164,HKEX-ETFA,106950,False
778164,HKEX-ETFA,106955,False
778164,HKEX-ETFA,106949,False
778164,HKEX-ETFA,106947,False
778165,HKEX-ETFA,106948,False
778166,HKEX-CARD,151935,False
778166,HKEX-CARD,151934,False
778166,HKEX-CARD,151930,False
778166,HKEX-CARD,151928,False
778167,HKEX-CARD,151929,False
778167,HKEX-CARD,151927,False
778167,HKEX-CARD,151931,False
778167,HKEX-CARD,151933,False
778167,HKEX-CARD,151936,False
778167,HKEX-CARD,151932,False
778167,HKEX-DLKV,114919,False
778167,HKEX-DLKV,114917,False
778167,HKEX-DLKV,114916,False
778167,HKEX-DLKV,114914,False
778167,HKEX-DLKV,114915,False
778167,HKEX-DLKV,114921,False
778167,HKEX-DLKV,114920,False
778167,HKEX-DLKV,114918,False
778167,HKEX-DLKV,114922,False
778167,HKEX-DLKV,114923,False
778168,HKEX-FSR,111641,False
778168,HKEX-FSR,111639,False
778168,HKEX-FSR,111638,False
778168,HKEX-FSR,111637,False
778168,HKEX-FSR,111635,False
778168,HKEX-FSR,111634,False
778168,HKEX-FSR,111632,False
778168,HKEX-FSR,111636,False
778168,HKEX-FSR,111633,False
778168,HKEX-FSR,111640,False
778168,HKEX-INA,115010,False
778168,HKEX-INA,115008,False
778168,HKEX-INA,115003,False
778168,HKEX-INA,115002,False
778168,HKEX-INA,115009,False
778168,HKEX-INA,115004,False
778168,HKEX-INA,115006,False
778168,HKEX-INA,115007,False
778168,HKEX-INA,115011,False
778168,HKEX-INA,115005,False
778168,HKEX-JNAF,111221,False
778168,HKEX-JNAF,111219,False
778168,HKEX-JNAF,111214,False
778168,HKEX-JNAF,111217,False
778168,HKEX-JNAF,111213,False
778168,HKEX-JNAF,111215,False
778168,HKEX-JNAF,111220,False
778168,HKEX-JNAF,111222,False
778168,HKEX-JNAF,111216,False
778168,HKEX-JNAF,111218,False
778168,HKEX-KOTD,117588,False
778168,HKEX-KOTD,117586,False
778168,HKEX-KOTD,117584,False
778168,HKEX-KOTD,117582,False
778168,HKEX-KOTD,117580,False
778168,HKEX-KOTD,117583,False
778168,HKEX-KOTD,117585,False
778168,HKEX-KOTD,117587,False
778168,HKEX-KOTD,117589,False
778168,HKEX-KOTD,117581,False
778169,HKEX-MDKA,114810,False
778169,HKEX-MDKA,114809,False
778169,HKEX-MDKA,114802,False
778169,HKEX-MDKA,114804,False
778169,HKEX-MDKA,114803,False
778169,HKEX-MDKA,114806,False
778169,HKEX-MDKA,114807,False
778169,HKEX-MDKA,114805,False
778169,HKEX-MDKA,114801,False
778169,HKEX-MDKA,114808,False
778169,HKEX-OIT,105370,False
778169,HKEX-OIT,105369,False
778169,HKEX-OIT,105367,False
778169,HKEX-OIT,105364,False
778169,HKEX-OIT,105363,False
778169,HKEX-OIT,105362,False
778169,HKEX-OIT,105361,False
778169,HKEX-OIT,105368,False
778169,HKEX-OIT,105366,False
778169,HKEX-OIT,105365,False
778170,HKEX-SIMP,123212,False
778170,HKEX-SIMP,123210,False
778170,HKEX-SIMP,123206,False
778170,HKEX-SIMP,123214,False
778170,HKEX-SIMP,123208,False
778170,HKEX-SIMP,123209,False
778170,HKEX-SIMP,123211,False
778170,HKEX-SIMP,123207,False
778170,HKEX-SIMP,123205,False
778170,HKEX-SIMP,123213,False
778170,HKEX-XFR,105428,False
778170,HKEX-XFR,105427,False
778170,HKEX-XFR,105426,False
778170,HKEX-XFR,105424,False
778170,HKEX-XFR,105422,False
778170,HKEX-XFR,105420,False
778170,HKEX-XFR,105429,False
778171,HKEX-XFR,105425,False
778171,HKEX-XFR,105423,False
778171,HKEX-XFR,105421,False
778171,HKEX-OIT,105383,False
778176,HKEX-FSR,111657,False
778177,HKEX-OIT,105384,False
778181,HKEX-FSR,111658,False
778181,HKEX-FSR,111659,False
778181,HKEX-ETFA,106969,False
778207,HKEX-JNAF,111237,False
778215,HKEX-ETFB3,115819,False
778270,HKEX-ETFB3,115816,False
778270,HKEX-ETFB3,115815,False
778270,HKEX-ETFB3,115814,False
778270,HKEX-ETFB3,115812,False
778270,HKEX-ETFB3,115811,False
778270,HKEX-ETFB3,115809,False
778270,HKEX-ETFB3,115808,False
778271,HKEX-ETFB3,115817,False
778271,HKEX-ETFB3,115810,False
778271,HKEX-ETFB3,115813,False
778271,HKEX-ETFB,112075,False
778271,HKEX-ETFB,112074,False
778271,HKEX-ETFB,112072,False
778271,HKEX-ETFB,112069,False
778271,HKEX-ETFB,112076,False
778271,HKEX-ETFB,112077,False
778272,HKEX-ETFB,112070,False
778272,HKEX-ETFB,112071,False
778272,HKEX-ETFB,112073,False
778272,HKEX-ETFB,112068,False
778272,HKEX-ETFA,106968,False
778272,HKEX-ETFA,106967,False
778272,HKEX-ETFA,106960,False
778272,HKEX-ETFA,106959,False
778273,HKEX-ETFA,106963,False
778273,HKEX-ETFA,106964,False
778273,HKEX-ETFA,106966,False
778273,HKEX-ETFA,106962,False
778274,HKEX-ETFA,106965,False
778274,HKEX-ETFA,106961,False
778275,HKEX-CARD,151949,False
778275,HKEX-CARD,151944,False
778275,HKEX-CARD,151943,False
778275,HKEX-CARD,151942,False
778275,HKEX-CARD,151941,False
778275,HKEX-CARD,151940,False
778275,HKEX-CARD,151946,False
778276,HKEX-CARD,151945,False
778276,HKEX-CARD,151947,False
778276,HKEX-CARD,151948,False
778276,HKEX-DLKV,114934,False
778276,HKEX-DLKV,114930,False
778276,HKEX-DLKV,114928,False
778276,HKEX-DLKV,114927,False
778276,HKEX-DLKV,114926,False
778276,HKEX-DLKV,114933,False
778276,HKEX-DLKV,114931,False
778276,HKEX-DLKV,114929,False
778276,HKEX-DLKV,114932,False
778276,HKEX-DLKV,114925,False
778276,HKEX-FSR,111656,False
778276,HKEX-FSR,111655,False
778276,HKEX-FSR,111654,False
778276,HKEX-FSR,111653,False
778276,HKEX-FSR,111652,False
778276,HKEX-FSR,111651,False
778276,HKEX-FSR,111650,False
778276,HKEX-FSR,111649,False
778276,HKEX-FSR,111647,False
778276,HKEX-FSR,111648,False
778276,HKEX-INA,115023,False
778276,HKEX-INA,115022,False
778276,HKEX-INA,115020,False
778276,HKEX-INA,115018,False
778276,HKEX-INA,115015,False
778276,HKEX-INA,115016,False
778276,HKEX-INA,115017,False
778276,HKEX-INA,115021,False
778276,HKEX-INA,115019,False
778276,HKEX-INA,115024,False
778276,HKEX-JNAF,111234,False
778276,HKEX-JNAF,111232,False
778276,HKEX-JNAF,111230,False
778276,HKEX-JNAF,111227,False
778276,HKEX-JNAF,111229,False
778276,HKEX-JNAF,111233,False
778276,HKEX-JNAF,111231,False
778276,HKEX-JNAF,111235,False
778276,HKEX-JNAF,111228,False
778276,HKEX-JNAF,111236,False
778277,HKEX-KOTD,117600,False
778277,HKEX-KOTD,117592,False
778277,HKEX-KOTD,117598,False
778277,HKEX-KOTD,117596,False
778277,HKEX-KOTD,117594,False
778277,HKEX-KOTD,117595,False
778277,HKEX-KOTD,117593,False
778277,HKEX-KOTD,117597,False
778277,HKEX-KOTD,117591,False
778277,HKEX-KOTD,117599,False
778277,HKEX-MDKA,114820,False
778277,HKEX-MDKA,114816,False
778277,HKEX-MDKA,114815,False
778277,HKEX-MDKA,114813,False
778277,HKEX-MDKA,114811,False
778277,HKEX-MDKA,114814,False
778277,HKEX-MDKA,114819,False
778277,HKEX-MDKA,114817,False
778277,HKEX-MDKA,114812,False
778277,HKEX-MDKA,114818,False
778277,HKEX-OIT,105382,False
778277,HKEX-OIT,105380,False
778277,HKEX-OIT,105378,False
778277,HKEX-OIT,105377,False
778277,HKEX-OIT,105376,False
778277,HKEX-OIT,105375,False
778277,HKEX-OIT,105374,False
778277,HKEX-OIT,105373,False
778278,HKEX-OIT,105381,False
778278,HKEX-OIT,105379,False
778278,HKEX-SIMP,123217,False
778278,HKEX-SIMP,123216,False
778278,HKEX-SIMP,123219,False
778278,HKEX-SIMP,123223,False
778278,HKEX-SIMP,123215,False
778278,HKEX-SIMP,123220,False
778278,HKEX-SIMP,123218,False
778278,HKEX-SIMP,123222,False
778278,HKEX-SIMP,123224,False
778278,HKEX-SIMP,123221,False
778278,HKEX-XFR,105442,False
778278,HKEX-XFR,105439,False
778278,HKEX-XFR,105438,False
778278,HKEX-XFR,105437,False
778278,HKEX-XFR,105436,False
778278,HKEX-XFR,105435,False
778278,HKEX-XFR,105434,False
778278,HKEX-XFR,105441,False
778279,HKEX-XFR,105443,False
778279,HKEX-XFR,105440,False
778280,HKEX-FSR,111672,False
778280,HKEX-CARD,151963,False
778280,HKEX-SIMP,123236,False
778280,HKEX-SIMP,123237,False
778281,HKEX-DLKV,114947,False
778304,HKEX-ETFB3,115831,False
778309,HKEX-SIMP,123238,False
778332,HKEX-FSR,111673,False
778332,HKEX-FSR,111674,False
778332,HKEX-ETFA,106985,False
778334,HKEX-ETFA,106986,False
778334,HKEX-JNAF,111254,False
778349,HKEX-ETFA,106990,False
778369,HKEX-ETFB3,115828,False
778369,HKEX-ETFB3,115827,False
778369,HKEX-ETFB3,115826,False
778369,HKEX-ETFB3,115824,False
778369,HKEX-ETFB3,115823,False
778369,HKEX-ETFB3,115822,False
778369,HKEX-ETFB3,115829,False
778369,HKEX-ETFB3,115821,False
778369,HKEX-ETFB3,115825,False
778369,HKEX-ETFB3,115830,False
778370,HKEX-ETFB,112079,False
778370,HKEX-ETFB,112078,False
778370,HKEX-ETFB,112081,False
778370,HKEX-ETFB,112085,False
778370,HKEX-ETFB,112084,False
778370,HKEX-ETFB,112083,False
778370,HKEX-ETFB,112087,False
778370,HKEX-ETFB,112082,False
778371,HKEX-ETFB,112086,False
778371,HKEX-ETFB,112080,False
778371,HKEX-ETFA,106979,False
778371,HKEX-ETFA,106975,False
778371,HKEX-ETFA,106974,False
778372,HKEX-ETFA,106977,False
778372,HKEX-ETFA,106980,False
778372,HKEX-ETFA,106976,False
778373,HKEX-ETFA,106981,False
778373,HKEX-ETFA,106978,False
778374,HKEX-CARD,151962,False
778374,HKEX-CARD,151959,False
778374,HKEX-CARD,151958,False
778374,HKEX-CARD,151957,False
778374,HKEX-CARD,151955,False
778374,HKEX-CARD,151953,False
778374,HKEX-CARD,151954,False
778374,HKEX-CARD,151956,False
778375,HKEX-CARD,151960,False
778375,HKEX-CARD,151961,False
778375,HKEX-DLKV,114946,False
778375,HKEX-DLKV,114937,False
778375,HKEX-DLKV,114939,False
778375,HKEX-DLKV,114938,False
778375,HKEX-DLKV,114940,False
778375,HKEX-DLKV,114941,False
778375,HKEX-DLKV,114945,False
778375,HKEX-DLKV,114943,False
778375,HKEX-DLKV,114942,False
778375,HKEX-DLKV,114944,False
778375,HKEX-FSR,111671,False
778375,HKEX-FSR,111669,False
778375,HKEX-FSR,111668,False
778375,HKEX-FSR,111667,False
778375,HKEX-FSR,111663,False
778375,HKEX-FSR,111666,False
778375,HKEX-FSR,111664,False
778375,HKEX-FSR,111665,False
778375,HKEX-FSR,111662,False
778375,HKEX-FSR,111670,False
778376,HKEX-INA,115035,False
778376,HKEX-INA,115034,False
778376,HKEX-INA,115033,False
778376,HKEX-INA,115031,False
778376,HKEX-INA,115037,False
778376,HKEX-INA,115028,False
778376,HKEX-INA,115030,False
778376,HKEX-INA,115036,False
778376,HKEX-INA,115032,False
778376,HKEX-INA,115029,False
778376,HKEX-JNAF,111248,False
778376,HKEX-JNAF,111247,False
778376,HKEX-JNAF,111246,False
778376,HKEX-JNAF,111245,False
778376,HKEX-JNAF,111244,False
778376,HKEX-JNAF,111242,False
778376,HKEX-JNAF,111250,False
778376,HKEX-JNAF,111243,False
778376,HKEX-JNAF,111249,False
778376,HKEX-JNAF,111251,False
778376,HKEX-KOTD,117612,False
778376,HKEX-KOTD,117611,False
778376,HKEX-KOTD,117608,False
778376,HKEX-KOTD,117604,False
778376,HKEX-KOTD,117606,False
778376,HKEX-KOTD,117609,False
778376,HKEX-KOTD,117610,False
778376,HKEX-KOTD,117607,False
778376,HKEX-KOTD,117603,False
778376,HKEX-KOTD,117605,False
778376,HKEX-MDKA,114831,False
778376,HKEX-MDKA,114829,False
778376,HKEX-MDKA,114826,False
778376,HKEX-MDKA,114830,False
778376,HKEX-MDKA,114824,False
778376,HKEX-MDKA,114823,False
778376,HKEX-MDKA,114827,False
778376,HKEX-MDKA,114825,False
778376,HKEX-MDKA,114828,False
778376,HKEX-OIT,105396,False
778376,HKEX-OIT,105394,False
778376,HKEX-OIT,105393,False
778376,HKEX-OIT,105392,False
778376,HKEX-OIT,105391,False
778376,HKEX-OIT,105390,False
778376,HKEX-OIT,105389,False
778377,HKEX-OIT,105387,False
778377,HKEX-OIT,105395,False
778377,HKEX-OIT,105388,False
778377,HKEX-SIMP,123234,False
778377,HKEX-SIMP,123232,False
778377,HKEX-SIMP,123228,False
778377,HKEX-SIMP,123227,False
778377,HKEX-SIMP,123226,False
778377,HKEX-SIMP,123231,False
778377,HKEX-SIMP,123229,False
778377,HKEX-SIMP,123233,False
778377,HKEX-SIMP,123230,False
778377,HKEX-SIMP,123235,False
778378,HKEX-XFR,105453,False
778378,HKEX-XFR,105450,False
778378,HKEX-XFR,105448,False
778378,HKEX-XFR,105455,False
778378,HKEX-XFR,105456,False
778378,HKEX-XFR,105451,False
778378,HKEX-XFR,105449,False
778378,HKEX-XFR,105447,False
778378,HKEX-XFR,105452,False
778378,HKEX-XFR,105454,False
778378,HKEX-CARD,151975,False
778379,HKEX-KOTD,117625,False
778379,HKEX-ETFB3,115849,False
778379,HKEX-CARD,151976,False
778380,HKEX-CARD,151977,False
778381,HKEX-DLKV,114959,False
778381,HKEX-INA,115049,False
778381,HKEX-JNAF,111267,False
778407,HKEX-ETFB3,115851,False
778408,HKEX-FSR,111686,False
778443,HKEX-INA,115050,False
778448,HKEX-FSR,111689,False
778448,HKEX-FSR,111690,False
778448,HKEX-ETFA,107003,False
778468,HKEX-ETFB3,115846,False
778468,HKEX-ETFB3,115845,False
778468,HKEX-ETFB3,115844,False
778468,HKEX-ETFB3,115842,False
778468,HKEX-ETFB3,115840,False
778468,HKEX-ETFB3,115839,False
778468,HKEX-ETFB3,115838,False
778468,HKEX-ETFB3,115843,False
778468,HKEX-ETFB3,115837,False
778468,HKEX-ETFB3,115841,False
778469,HKEX-ETFB,112097,False
778469,HKEX-ETFB,112096,False
778469,HKEX-ETFB,112093,False
778469,HKEX-ETFB,112095,False
778469,HKEX-ETFB,112101,False
778469,HKEX-ETFB,112099,False
778470,HKEX-ETFB,112102,False
778470,HKEX-ETFB,112100,False
778470,HKEX-ETFB,112094,False
778470,HKEX-ETFB,112098,False
778471,HKEX-ETFA,106992,False
778471,HKEX-ETFA,106994,False
778471,HKEX-ETFA,106998,False
778471,HKEX-ETFA,106997,False
778471,HKEX-ETFA,107001,False
778471,HKEX-ETFA,106996,False
778471,HKEX-ETFA,107000,False
778471,HKEX-ETFA,106995,False
778472,HKEX-ETFA,106999,False
778472,HKEX-ETFA,106993,False
778474,HKEX-CARD,151973,False
778474,HKEX-CARD,151965,False
778474,HKEX-CARD,151969,False
778474,HKEX-CARD,151968,False
778474,HKEX-CARD,151967,False
778475,HKEX-CARD,151966,False
778475,HKEX-CARD,151971,False
778475,HKEX-CARD,151974,False
778475,HKEX-CARD,151970,False
778475,HKEX-CARD,151972,False
778476,HKEX-DLKV,114956,False
778476,HKEX-DLKV,114954,False
778476,HKEX-DLKV,114953,False
778476,HKEX-DLKV,114952,False
778476,HKEX-DLKV,114950,False
778476,HKEX-DLKV,114957,False
778476,HKEX-DLKV,114955,False
778476,HKEX-DLKV,114958,False
778476,HKEX-DLKV,114949,False
778476,HKEX-DLKV,114951,False
778476,HKEX-FSR,111685,False
778476,HKEX-FSR,111683,False
778476,HKEX-FSR,111682,False
778476,HKEX-FSR,111680,False
778476,HKEX-FSR,111679,False
778476,HKEX-FSR,111681,False
778476,HKEX-FSR,111684,False
778476,HKEX-FSR,111678,False
778476,HKEX-INA,115047,False
778476,HKEX-INA,115043,False
778476,HKEX-INA,115042,False
778476,HKEX-INA,115040,False
778476,HKEX-INA,115044,False
778476,HKEX-INA,115039,False
778476,HKEX-INA,115045,False
778476,HKEX-INA,115041,False
778476,HKEX-INA,115046,False
778476,HKEX-INA,115048,False
778476,HKEX-JNAF,111263,False
778476,HKEX-JNAF,111262,False
778476,HKEX-JNAF,111261,False
778476,HKEX-JNAF,111259,False
778476,HKEX-JNAF,111257,False
778476,HKEX-JNAF,111258,False
778476,HKEX-JNAF,111256,False
778476,HKEX-JNAF,111260,False
778476,HKEX-JNAF,111264,False
778476,HKEX-JNAF,111265,False
778476,HKEX-KOTD,117624,False
778476,HKEX-KOTD,117622,False
778476,HKEX-KOTD,117621,False
778476,HKEX-KOTD,117619,False
778476,HKEX-KOTD,117617,False
778476,HKEX-KOTD,117616,False
778476,HKEX-KOTD,117615,False
778477,HKEX-KOTD,117618,False
778477,HKEX-KOTD,117623,False
778477,HKEX-KOTD,117620,False
778477,HKEX-MDKA,114839,False
778477,HKEX-MDKA,114837,False
778477,HKEX-MDKA,114835,False
778477,HKEX-MDKA,114842,False
778477,HKEX-MDKA,114834,False
778477,HKEX-MDKA,114836,False
778477,HKEX-MDKA,114840,False
778477,HKEX-MDKA,114841,False
778477,HKEX-MDKA,114838,False
778477,HKEX-MDKA,114833,False
778477,HKEX-OIT,105407,False
778477,HKEX-OIT,105406,False
778477,HKEX-OIT,105404,False
778477,HKEX-OIT,105401,False
778477,HKEX-OIT,105399,False
778477,HKEX-OIT,105398,False
778477,HKEX-OIT,105405,False
778477,HKEX-OIT,105402,False
778477,HKEX-OIT,105400,False
778478,HKEX-OIT,105403,False
778478,HKEX-SIMP,123248,False
778478,HKEX-SIMP,123243,False
778478,HKEX-SIMP,123247,False
778478,HKEX-SIMP,123245,False
778478,HKEX-SIMP,123246,False
778478,HKEX-SIMP,123241,False
778478,HKEX-SIMP,123239,False
778478,HKEX-XFR,105466,False
778478,HKEX-XFR,105465,False
778478,HKEX-XFR,105464,False
778478,HKEX-XFR,105463,False
778478,HKEX-XFR,105462,False
778478,HKEX-XFR,105461,False
778478,HKEX-XFR,105460,False
778478,HKEX-XFR,105459,False
778478,HKEX-XFR,105458,False
778478,HKEX-XFR,105457,False
778482,HKEX-JNAF,111281,False
778483,HKEX-FSR,111702,False
778505,HKEX-CARD,151991,False
778505,HKEX-CARD,151992,False
778509,HKEX-KOTD,117637,False
778516,HKEX-OIT,105420,False
778518,HKEX-INA,115065,False
778527,HKEX-INA,115066,False
778541,HKEX-CARD,151993,False
778541,HKEX-CARD,151994,False
778550,HKEX-ETFA,107018,False
778550,HKEX-FSR,111706,False
778562,HKEX-CARD,151995,False
778562,HKEX-CARD,151996,False
778563,HKEX-ETFB3,115861,False
778563,HKEX-ETFB3,115860,False
778563,HKEX-ETFB3,115859,False
778563,HKEX-ETFB3,115858,False
778563,HKEX-ETFB3,115857,False
778563,HKEX-ETFB3,115856,False
778563,HKEX-ETFB3,115855,False
778563,HKEX-ETFB3,115863,False
778563,HKEX-ETFB3,115854,False
778563,HKEX-ETFB3,115862,False
778564,HKEX-ETFB,112115,False
778564,HKEX-ETFB,112111,False
778564,HKEX-ETFB,112110,False
778564,HKEX-ETFB,112109,False
778564,HKEX-ETFB,112113,False
778564,HKEX-ETFB,112112,False
778564,HKEX-ETFB,112107,False
778564,HKEX-ETFB,112108,False
778565,HKEX-ETFB,112114,False
778565,HKEX-ETFB,112106,False
778565,HKEX-ETFA,107010,False
778565,HKEX-ETFA,107009,False
778565,HKEX-ETFA,107006,False
778566,HKEX-ETFA,107008,False
778566,HKEX-ETFA,107014,False
778566,HKEX-ETFA,107012,False
778566,HKEX-ETFA,107015,False
778567,HKEX-ETFA,107013,False
778567,HKEX-ETFA,107007,False
778567,HKEX-ETFA,107011,False
778568,HKEX-CARD,151990,False
778568,HKEX-CARD,151989,False
778568,HKEX-CARD,151987,False
778568,HKEX-CARD,151986,False
778568,HKEX-CARD,151985,False
778568,HKEX-CARD,151983,False
778569,HKEX-CARD,151982,False
778569,HKEX-CARD,151981,False
778569,HKEX-CARD,151988,False
778569,HKEX-CARD,151984,False
778569,HKEX-DLKV,114969,False
778569,HKEX-DLKV,114968,False
778569,HKEX-DLKV,114967,False
778569,HKEX-DLKV,114966,False
778569,HKEX-DLKV,114964,False
778569,HKEX-DLKV,114961,False
778569,HKEX-DLKV,114963,False
778569,HKEX-DLKV,114970,False
778569,HKEX-DLKV,114962,False
778569,HKEX-DLKV,114965,False
778570,HKEX-FSR,111701,False
778570,HKEX-FSR,111698,False
778570,HKEX-FSR,111696,False
778570,HKEX-FSR,111697,False
778570,HKEX-FSR,111694,False
778570,HKEX-FSR,111693,False
778570,HKEX-FSR,111700,False
778570,HKEX-FSR,111695,False
778570,HKEX-FSR,111699,False
778570,HKEX-INA,115058,False
778570,HKEX-INA,115056,False
778570,HKEX-INA,115054,False
778570,HKEX-INA,115053,False
778570,HKEX-INA,115057,False
778570,HKEX-INA,115059,False
778570,HKEX-INA,115061,False
778570,HKEX-INA,115055,False
778570,HKEX-INA,115060,False
778570,HKEX-INA,115052,False
778570,HKEX-JNAF,111277,False
778570,HKEX-JNAF,111273,False
778570,HKEX-JNAF,111272,False
778570,HKEX-JNAF,111271,False
778570,HKEX-JNAF,111279,False
778570,HKEX-JNAF,111270,False
778570,HKEX-JNAF,111275,False
778570,HKEX-JNAF,111278,False
778570,HKEX-JNAF,111274,False
778570,HKEX-JNAF,111276,False
778570,HKEX-KOTD,117636,False
778571,HKEX-KOTD,117631,False
778571,HKEX-KOTD,117628,False
778571,HKEX-KOTD,117634,False
778571,HKEX-KOTD,117630,False
778571,HKEX-KOTD,117635,False
778571,HKEX-KOTD,117627,False
778571,HKEX-KOTD,117633,False
778571,HKEX-KOTD,117632,False
778571,HKEX-KOTD,117629,False
778571,HKEX-MDKA,114854,False
778571,HKEX-MDKA,114853,False
778571,HKEX-MDKA,114849,False
778571,HKEX-MDKA,114847,False
778571,HKEX-MDKA,114852,False
778571,HKEX-MDKA,114846,False
778571,HKEX-MDKA,114851,False
778571,HKEX-MDKA,114850,False
778571,HKEX-MDKA,114845,False
778571,HKEX-MDKA,114848,False
778571,HKEX-OIT,105419,False
778571,HKEX-OIT,105416,False
778571,HKEX-OIT,105412,False
778571,HKEX-OIT,105411,False
778571,HKEX-OIT,105410,False
778571,HKEX-OIT,105417,False
778571,HKEX-OIT,105418,False
778571,HKEX-OIT,105414,False
778572,HKEX-OIT,105415,False
778572,HKEX-OIT,105413,False
778572,HKEX-SIMP,123258,False
778572,HKEX-SIMP,123256,False
778572,HKEX-SIMP,123252,False
778572,HKEX-SIMP,123261,False
778572,HKEX-SIMP,123259,False
778572,HKEX-SIMP,123257,False
778572,HKEX-SIMP,123255,False
778572,HKEX-SIMP,123254,False
778572,HKEX-SIMP,123253,False
778572,HKEX-SIMP,123260,False
778573,HKEX-XFR,105477,False
778573,HKEX-XFR,105476,False
778573,HKEX-XFR,105473,False
778573,HKEX-XFR,105472,False
778573,HKEX-XFR,105471,False
778573,HKEX-XFR,105470,False
778573,HKEX-XFR,105475,False
778573,HKEX-XFR,105469,False
778573,HKEX-XFR,105474,False
778573,HKEX-XFR,105478,False
778574,HKEX-JNAF,111296,False
778574,HKEX-ETFA,107030,False
778574,HKEX-CARD,152007,False
778577,HKEX-CARD,152009,False
778577,HKEX-CARD,152010,False
778578,HKEX-CARD,152011,False
778580,HKEX-CARD,152012,False
778581,HKEX-KOTD,117652,False
778581,HKEX-CARD,152014,False
778583,HKEX-INA,115079,False
778585,HKEX-ETFA,107033,False
778585,HKEX-INA,115080,False
778586,HKEX-ETFB3,115880,False
778586,HKEX-ETFB3,115881,False
778587,HKEX-JNAF,111298,False
778587,HKEX-XFR,105492,False
778587,HKEX-XFR,105493,False
778589,HKEX-INA,115081,False
778589,HKEX-CARD,152015,False
778625,HKEX-CARD,152019,False
778632,HKEX-ETFB3,115883,False
778632,HKEX-OIT,105432,False
778638,HKEX-OIT,105433,False
778639,HKEX-ETFA,107037,False
778661,HKEX-CARD,151882,False
778661,HKEX-CARD,151884,False
778661,HKEX-SIMP,123174,False
778661,HKEX-SIMP,123175,False
778661,HKEX-SIMP,123176,False
778661,HKEX-SIMP,123177,False
778661,HKEX-SIMP,123178,False
778664,HKEX-ETFB3,115877,False
778664,HKEX-ETFB3,115876,False
778664,HKEX-ETFB3,115873,False
778664,HKEX-ETFB3,115872,False
778664,HKEX-ETFB3,115870,False
778664,HKEX-ETFB3,115875,False
778664,HKEX-ETFB3,115874,False
778664,HKEX-ETFB3,115868,False
778664,HKEX-ETFB3,115871,False
778664,HKEX-ETFB3,115869,False
778665,HKEX-ETFB,112123,False
778665,HKEX-ETFB,112122,False
778665,HKEX-ETFB,112120,False
778665,HKEX-ETFB,112118,False
778665,HKEX-ETFB,112121,False
778665,HKEX-ETFB,112119,False
778665,HKEX-ETFB,112124,False
778665,HKEX-ETFB,112116,False
778666,HKEX-ETFB,112125,False
778666,HKEX-ETFB,112117,False
778666,HKEX-ETFA,107028,False
778666,HKEX-ETFA,107024,False
778666,HKEX-ETFA,107023,False
778666,HKEX-ETFA,107022,False
778667,HKEX-ETFA,107026,False
778667,HKEX-ETFA,107025,False
778667,HKEX-ETFA,107029,False
778667,HKEX-ETFA,107020,False
778667,HKEX-ETFA,107021,False
778668,HKEX-ETFA,107027,False
778669,HKEX-CARD,152006,False
778669,HKEX-CARD,152003,False
778669,HKEX-CARD,152001,False
778669,HKEX-CARD,151999,False
778669,HKEX-CARD,151998,False
778669,HKEX-CARD,151997,False
778669,HKEX-CARD,152000,False
778670,HKEX-CARD,152004,False
778670,HKEX-CARD,152002,False
778670,HKEX-CARD,152005,False
778671,HKEX-DLKV,114976,False
778671,HKEX-DLKV,114974,False
778671,HKEX-DLKV,114972,False
778671,HKEX-DLKV,114981,False
778671,HKEX-DLKV,114975,False
778671,HKEX-DLKV,114973,False
778671,HKEX-DLKV,114979,False
778671,HKEX-DLKV,114977,False
778671,HKEX-DLKV,114980,False
778671,HKEX-DLKV,114978,False
778671,HKEX-FSR,111716,False
778671,HKEX-FSR,111714,False
778671,HKEX-FSR,111713,False
778671,HKEX-FSR,111711,False
778671,HKEX-FSR,111710,False
778671,HKEX-FSR,111708,False
778671,HKEX-FSR,111707,False
778671,HKEX-FSR,111715,False
778671,HKEX-FSR,111712,False
778671,HKEX-FSR,111709,False
778671,HKEX-INA,115075,False
778671,HKEX-INA,115070,False
778671,HKEX-INA,115078,False
778671,HKEX-INA,115073,False
778671,HKEX-INA,115069,False
778671,HKEX-INA,115074,False
778671,HKEX-INA,115077,False
778671,HKEX-INA,115072,False
778671,HKEX-INA,115076,False
778671,HKEX-INA,115071,False
778671,HKEX-JNAF,111294,False
778671,HKEX-JNAF,111293,False
778671,HKEX-JNAF,111291,False
778671,HKEX-JNAF,111290,False
778671,HKEX-JNAF,111289,False
778671,HKEX-JNAF,111287,False
778671,HKEX-JNAF,111286,False
778671,HKEX-JNAF,111285,False
778671,HKEX-JNAF,111292,False
778671,HKEX-JNAF,111288,False
778672,HKEX-KOTD,117649,False
778672,HKEX-KOTD,117645,False
778672,HKEX-KOTD,117643,False
778672,HKEX-KOTD,117641,False
778672,HKEX-KOTD,117646,False
778672,HKEX-KOTD,117642,False
778672,HKEX-KOTD,117647,False
778672,HKEX-KOTD,117648,False
778672,HKEX-KOTD,117644,False
778672,HKEX-KOTD,117650,False
778672,HKEX-MDKA,114866,False
778672,HKEX-MDKA,114864,False
778672,HKEX-MDKA,114863,False
778672,HKEX-MDKA,114861,False
778672,HKEX-MDKA,114860,False
778672,HKEX-MDKA,114859,False
778672,HKEX-MDKA,114857,False
778672,HKEX-MDKA,114865,False
778672,HKEX-MDKA,114862,False
778672,HKEX-MDKA,114858,False
778672,HKEX-OIT,105428,False
778672,HKEX-OIT,105427,False
778672,HKEX-OIT,105426,False
778672,HKEX-OIT,105424,False
778672,HKEX-OIT,105422,False
778672,HKEX-OIT,105430,False
778672,HKEX-OIT,105429,False
778673,HKEX-OIT,105425,False
778673,HKEX-OIT,105423,False
778673,HKEX-OIT,105421,False
778673,HKEX-SIMP,123271,False
778673,HKEX-SIMP,123267,False
778673,HKEX-SIMP,123272,False
778673,HKEX-SIMP,123270,False
778673,HKEX-SIMP,123268,False
778673,HKEX-SIMP,123269,False
778673,HKEX-SIMP,123265,False
778673,HKEX-SIMP,123263,False
778673,HKEX-SIMP,123264,False
778673,HKEX-SIMP,123266,False
778674,HKEX-XFR,105488,False
778674,HKEX-XFR,105487,False
778674,HKEX-XFR,105486,False
778674,HKEX-XFR,105485,False
778674,HKEX-XFR,105483,False
778674,HKEX-XFR,105481,False
778674,HKEX-XFR,105489,False
778674,HKEX-XFR,105490,False
778674,HKEX-XFR,105484,False
778674,HKEX-XFR,105482,False
778677,HKEX-CARD,152040,False
778677,HKEX-CARD,152041,False
778682,HKEX-CARD,152042,False
778688,HKEX-CARD,152043,False
778690,HKEX-CARD,152044,False
778698,HKEX-CARD,152045,False
778704,HKEX-CARD,152046,False
778704,HKEX-CARD,152047,False
778705,HKEX-CARD,152048,False
778710,HKEX-JNAF,111313,False
778710,HKEX-CARD,152051,False
778711,HKEX-CARD,152052,False
778711,HKEX-MDKA,114878,False
778749,HKEX-INA,115092,False
778762,HKEX-CARD,152022,False
778762,HKEX-CARD,152024,False
778762,HKEX-CARD,152025,False
778762,HKEX-CARD,152026,False
778762,HKEX-CARD,152027,False
778762,HKEX-SIMP,123273,False
778762,HKEX-SIMP,123275,False
778762,HKEX-SIMP,123276,False
778762,HKEX-SIMP,123277,False
778763,HKEX-ETFA,107054,False
778764,HKEX-ETFB3,115894,False
778764,HKEX-ETFB3,115893,False
778764,HKEX-ETFB3,115891,False
778764,HKEX-ETFB3,115890,False
778764,HKEX-ETFB3,115889,False
778765,HKEX-ETFB3,115888,False
778765,HKEX-ETFB3,115892,False
778765,HKEX-ETFB3,115895,False
778765,HKEX-ETFB3,115886,False
778765,HKEX-ETFB,112135,False
778765,HKEX-ETFB,112134,False
778765,HKEX-ETFB,112133,False
778765,HKEX-ETFB,112132,False
778766,HKEX-ETFB,112137,False
778766,HKEX-ETFB,112141,False
778766,HKEX-ETFB,112140,False
778766,HKEX-ETFB,112136,False
778766,HKEX-ETFB,112139,False
778766,HKEX-ETFB,112138,False
778767,HKEX-ETFA,107043,False
778767,HKEX-ETFA,107048,False
778767,HKEX-ETFA,107047,False
778767,HKEX-ETFA,107046,False
778767,HKEX-ETFA,107045,False
778767,HKEX-ETFA,107041,False
778767,HKEX-ETFA,107042,False
778768,HKEX-ETFA,107044,False
778768,HKEX-ETFA,107039,False
778770,HKEX-CARD,152038,False
778770,HKEX-CARD,152036,False
778770,HKEX-CARD,152034,False
778770,HKEX-CARD,152032,False
778770,HKEX-CARD,152039,False
778770,HKEX-CARD,152037,False
778770,HKEX-CARD,152035,False
778770,HKEX-CARD,152033,False
778770,HKEX-CARD,152031,False
778771,HKEX-DLKV,114990,False
778771,HKEX-DLKV,114988,False
778771,HKEX-DLKV,114985,False
778771,HKEX-DLKV,114989,False
778771,HKEX-DLKV,114991,False
778771,HKEX-DLKV,114986,False
778771,HKEX-DLKV,114987,False
778771,HKEX-DLKV,114993,False
778771,HKEX-DLKV,114992,False
778771,HKEX-DLKV,114994,False
778771,HKEX-FSR,111731,False
778771,HKEX-FSR,111730,False
778771,HKEX-FSR,111725,False
778771,HKEX-FSR,111724,False
778771,HKEX-FSR,111723,False
778771,HKEX-FSR,111722,False
778771,HKEX-FSR,111726,False
778771,HKEX-FSR,111729,False
778771,HKEX-FSR,111727,False
778771,HKEX-FSR,111728,False
778771,HKEX-INA,115091,False
778771,HKEX-INA,115090,False
778771,HKEX-INA,115089,False
778771,HKEX-INA,115086,False
778771,HKEX-INA,115084,False
778771,HKEX-INA,115083,False
778771,HKEX-INA,115087,False
778771,HKEX-INA,115088,False
778771,HKEX-INA,115085,False
778772,HKEX-INA,115082,False
778772,HKEX-JNAF,111310,False
778772,HKEX-JNAF,111307,False
778772,HKEX-JNAF,111305,False
778772,HKEX-JNAF,111303,False
778772,HKEX-JNAF,111302,False
778772,HKEX-JNAF,111301,False
778772,HKEX-JNAF,111304,False
778772,HKEX-JNAF,111308,False
778772,HKEX-JNAF,111306,False
778772,HKEX-JNAF,111309,False
778772,HKEX-KOTD,117664,False
778772,HKEX-KOTD,117662,False
778772,HKEX-KOTD,117661,False
778772,HKEX-KOTD,117660,False
778772,HKEX-KOTD,117659,False
778772,HKEX-KOTD,117655,False
778772,HKEX-KOTD,117658,False
778772,HKEX-KOTD,117656,False
778772,HKEX-KOTD,117663,False
778772,HKEX-KOTD,117657,False
778772,HKEX-MDKA,114876,False
778772,HKEX-MDKA,114871,False
778772,HKEX-MDKA,114868,False
778772,HKEX-MDKA,114870,False
778772,HKEX-MDKA,114869,False
778772,HKEX-MDKA,114877,False
778772,HKEX-MDKA,114875,False
778772,HKEX-MDKA,114873,False
778772,HKEX-MDKA,114872,False
778772,HKEX-MDKA,114874,False
778772,HKEX-OIT,105446,False
778772,HKEX-OIT,105444,False
778772,HKEX-OIT,105442,False
778772,HKEX-OIT,105439,False
778772,HKEX-OIT,105438,False
778772,HKEX-OIT,105437,False
778772,HKEX-OIT,105445,False
778773,HKEX-OIT,105441,False
778773,HKEX-OIT,105443,False
778773,HKEX-OIT,105440,False
778773,HKEX-SIMP,123284,False
778773,HKEX-SIMP,123282,False
778773,HKEX-SIMP,123280,False
778774,HKEX-SIMP,123287,False
778774,HKEX-SIMP,123286,False
778774,HKEX-SIMP,123285,False
778774,HKEX-SIMP,123283,False
778774,HKEX-SIMP,123278,False
778774,HKEX-SIMP,123281,False
778774,HKEX-SIMP,123279,False
778774,HKEX-XFR,105504,False
778774,HKEX-XFR,105503,False
778774,HKEX-XFR,105502,False
778774,HKEX-XFR,105501,False
778774,HKEX-XFR,105495,False
778774,HKEX-XFR,105498,False
778774,HKEX-XFR,105497,False
778774,HKEX-XFR,105499,False
778774,HKEX-XFR,105500,False
778775,HKEX-XFR,105496,False
778827,HKEX-CARD,152071,False
778834,HKEX-MDKA,114891,False
778838,HKEX-CARD,152072,False
778867,HKEX-FSR,111744,False
778867,HKEX-ETFA,107070,False
778867,HKEX-ETFA,107071,False
778867,HKEX-FSR,111746,False
778867,HKEX-ETFA,107073,False
778867,HKEX-ETFA,107074,False
778867,HKEX-CARD,152054,False
778867,HKEX-CARD,152055,False
778867,HKEX-CARD,152056,False
778867,HKEX-CARD,152057,False
778867,HKEX-CARD,152058,False
778867,HKEX-CARD,152059,False
778867,HKEX-SIMP,123289,False
778867,HKEX-SIMP,123291,False
778867,HKEX-SIMP,123292,False
778867,HKEX-SIMP,123293,False
778867,HKEX-SIMP,123294,False
778867,HKEX-ETFA,107075,False
778867,HKEX-SIMP,123315,False
778868,HKEX-ETFA,107076,False
778868,HKEX-ETFB3,115911,False
778868,HKEX-ETFB3,115903,False
778869,HKEX-ETFB3,115905,False
778869,HKEX-ETFB3,115909,False
778869,HKEX-ETFB3,115904,False
778869,HKEX-ETFB3,115906,False
778869,HKEX-ETFB3,115908,False
778869,HKEX-ETFB3,115907,False
778869,HKEX-ETFB3,115910,False
778869,HKEX-ETFB3,115902,False
778869,HKEX-ETFB,112155,False
778869,HKEX-ETFB,112154,False
778869,HKEX-ETFB,112153,False
778869,HKEX-ETFB,112152,False
778869,HKEX-ETFB,112151,False
778869,HKEX-ETFB,112149,False
778869,HKEX-ETFB,112146,False
778869,HKEX-ETFB,112148,False
778869,HKEX-ETFB,112150,False
778870,HKEX-ETFB,112147,False
778870,HKEX-ETFA,107067,False
778870,HKEX-ETFA,107066,False
778870,HKEX-ETFA,107065,False
778870,HKEX-ETFA,107064,False
778870,HKEX-ETFA,107062,False
778871,HKEX-ETFA,107063,False
778872,HKEX-ETFA,107058,False
778872,HKEX-ETFA,107060,False
778873,HKEX-CARD,152066,False
778873,HKEX-CARD,152064,False
778873,HKEX-CARD,152063,False
778873,HKEX-CARD,152062,False
778873,HKEX-CARD,152061,False
778873,HKEX-CARD,152069,False
778873,HKEX-CARD,152070,False
778873,HKEX-CARD,152068,False
778873,HKEX-CARD,152067,False
778873,HKEX-CARD,152065,False
778874,HKEX-DLKV,115001,False
778874,HKEX-DLKV,115000,False
778874,HKEX-DLKV,114999,False
778874,HKEX-DLKV,114998,False
778874,HKEX-DLKV,114997,False
778874,HKEX-DLKV,114995,False
778874,HKEX-DLKV,115003,False
778874,HKEX-DLKV,115002,False
778874,HKEX-DLKV,115004,False
778874,HKEX-DLKV,114996,False
778874,HKEX-FSR,111742,False
778874,HKEX-FSR,111740,False
778874,HKEX-FSR,111738,False
778874,HKEX-FSR,111736,False
778874,HKEX-FSR,111735,False
778874,HKEX-FSR,111743,False
778874,HKEX-FSR,111739,False
778874,HKEX-FSR,111741,False
778874,HKEX-FSR,111737,False
778874,HKEX-INA,115105,False
778874,HKEX-INA,115104,False
778874,HKEX-INA,115103,False
778874,HKEX-INA,115100,False
778875,HKEX-INA,115099,False
778875,HKEX-INA,115098,False
778875,HKEX-INA,115097,False
778875,HKEX-INA,115096,False
778875,HKEX-INA,115102,False
778875,HKEX-INA,115101,False
778875,HKEX-JNAF,111328,False
778875,HKEX-JNAF,111327,False
778875,HKEX-JNAF,111326,False
778875,HKEX-JNAF,111325,False
778875,HKEX-JNAF,111323,False
778875,HKEX-JNAF,111319,False
778875,HKEX-JNAF,111321,False
778875,HKEX-JNAF,111322,False
778875,HKEX-JNAF,111324,False
778875,HKEX-JNAF,111320,False
778875,HKEX-KOTD,117679,False
778875,HKEX-KOTD,117677,False
778875,HKEX-KOTD,117673,False
778875,HKEX-KOTD,117671,False
778875,HKEX-KOTD,117670,False
778875,HKEX-KOTD,117678,False
778875,HKEX-KOTD,117672,False
778875,HKEX-KOTD,117676,False
778875,HKEX-KOTD,117674,False
778875,HKEX-KOTD,117675,False
778875,HKEX-MDKA,114888,False
778875,HKEX-MDKA,114887,False
778875,HKEX-MDKA,114886,False
778875,HKEX-MDKA,114885,False
778875,HKEX-MDKA,114883,False
778875,HKEX-MDKA,114882,False
778875,HKEX-MDKA,114881,False
778875,HKEX-MDKA,114889,False
778875,HKEX-MDKA,114884,False
778875,HKEX-OIT,105457,False
778875,HKEX-OIT,105453,False
778875,HKEX-OIT,105450,False
778875,HKEX-OIT,105448,False
778875,HKEX-OIT,105455,False
778875,HKEX-OIT,105456,False
778875,HKEX-OIT,105451,False
778875,HKEX-OIT,105449,False
778876,HKEX-OIT,105452,False
778876,HKEX-OIT,105454,False
778876,HKEX-SIMP,123305,False
778876,HKEX-SIMP,123304,False
778876,HKEX-SIMP,123303,False
778876,HKEX-SIMP,123302,False
778876,HKEX-SIMP,123296,False
778876,HKEX-SIMP,123298,False
778876,HKEX-SIMP,123300,False
778877,HKEX-XFR,105515,False
778877,HKEX-XFR,105514,False
778877,HKEX-XFR,105513,False
778877,HKEX-XFR,105512,False
778877,HKEX-XFR,105511,False
778877,HKEX-XFR,105507,False
778877,HKEX-XFR,105516,False
778877,HKEX-XFR,105510,False
778877,HKEX-XFR,105508,False
778877,HKEX-XFR,105509,False
778880,HKEX-CARD,152094,False
778890,HKEX-ETFA,107087,False
778891,HKEX-ETFB,112166,False
778892,HKEX-OIT,105470,False
778930,HKEX-ETFA,107092,False
778932,HKEX-ETFB,112167,False
778933,HKEX-JNAF,111340,False
778941,HKEX-JNAF,111341,False
778941,HKEX-CARD,152099,False
778944,HKEX-ETFB,112168,False
778949,HKEX-ETFB,112169,False
778950,HKEX-ETFA,107094,False
778950,HKEX-ETFB,112170,False
778950,HKEX-JNAF,111345,False
778965,HKEX-OIT,105471,False
778965,HKEX-ETFA,107096,False
778965,HKEX-ETFB,112171,False
778965,HKEX-ETFB3,115930,False
778965,HKEX-KOTD,117698,False
778965,HKEX-OIT,105472,False
778965,HKEX-ETFA,107097,False
778965,HKEX-ETFB,112172,False
778965,HKEX-ETFB3,115931,False
778965,HKEX-KOTD,117699,False
778965,HKEX-ETFB3,115932,False
778967,HKEX-ETFB3,115933,False
778968,HKEX-ETFB3,115920,False
778968,HKEX-ETFB3,115917,False
778968,HKEX-ETFB3,115924,False
778968,HKEX-ETFB3,115921,False
778968,HKEX-ETFB3,115918,False
778968,HKEX-ETFB3,115919,False
778968,HKEX-ETFB3,115915,False
778968,HKEX-ETFB3,115922,False
778968,HKEX-ETFB3,115923,False
778968,HKEX-ETFB,112164,False
778968,HKEX-ETFB,112163,False
778968,HKEX-ETFB,112156,False
778968,HKEX-ETFB,112159,False
778968,HKEX-ETFB,112161,False
778968,HKEX-ETFB,112162,False
778968,HKEX-ETFB,112157,False
778968,HKEX-ETFB,112165,False
778968,HKEX-ETFB,112158,False
778968,HKEX-ETFB,112160,False
778969,HKEX-ETFA,107086,False
778969,HKEX-ETFA,107085,False
778969,HKEX-ETFA,107084,False
778969,HKEX-ETFA,107083,False
778969,HKEX-ETFA,107081,False
778969,HKEX-ETFA,107080,False
778969,HKEX-ETFA,107079,False
778969,HKEX-ETFA,107077,False
778969,HKEX-ETFA,107082,False
778970,HKEX-CARD,152091,False
778970,HKEX-CARD,152089,False
778970,HKEX-CARD,152087,False
778970,HKEX-CARD,152086,False
778970,HKEX-CARD,152084,False
778971,HKEX-CARD,152083,False
778971,HKEX-CARD,152085,False
778971,HKEX-CARD,152088,False
778971,HKEX-CARD,152090,False
778971,HKEX-DLKV,115013,False
778971,HKEX-DLKV,115012,False
778971,HKEX-DLKV,115010,False
778971,HKEX-DLKV,115008,False
778971,HKEX-DLKV,115015,False
778971,HKEX-DLKV,115014,False
778971,HKEX-DLKV,115009,False
778971,HKEX-DLKV,115006,False
778971,HKEX-DLKV,115007,False
778971,HKEX-DLKV,115011,False
778971,HKEX-FSR,111757,False
778971,HKEX-FSR,111756,False
778971,HKEX-FSR,111755,False
778971,HKEX-FSR,111754,False
778971,HKEX-FSR,111752,False
778971,HKEX-FSR,111750,False
778971,HKEX-FSR,111758,False
778971,HKEX-FSR,111753,False
778971,HKEX-FSR,111751,False
778971,HKEX-INA,115115,False
778971,HKEX-INA,115111,False
778971,HKEX-INA,115108,False
778971,HKEX-INA,115107,False
778971,HKEX-INA,115110,False
778971,HKEX-INA,115113,False
778971,HKEX-INA,115109,False
778971,HKEX-INA,115116,False
778971,HKEX-INA,115114,False
778971,HKEX-INA,115112,False
778971,HKEX-JNAF,111338,False
778971,HKEX-JNAF,111336,False
778971,HKEX-JNAF,111332,False
778971,HKEX-JNAF,111330,False
778971,HKEX-JNAF,111334,False
778971,HKEX-JNAF,111333,False
778971,HKEX-JNAF,111331,False
778971,HKEX-JNAF,111339,False
778971,HKEX-JNAF,111337,False
778971,HKEX-JNAF,111335,False
778972,HKEX-KOTD,117692,False
778972,HKEX-KOTD,117690,False
778972,HKEX-KOTD,117685,False
778972,HKEX-KOTD,117684,False
778972,HKEX-KOTD,117683,False
778972,HKEX-KOTD,117687,False
778972,HKEX-KOTD,117686,False
778972,HKEX-KOTD,117688,False
778972,HKEX-KOTD,117691,False
778972,HKEX-KOTD,117689,False
778972,HKEX-MDKA,114903,False
778972,HKEX-MDKA,114902,False
778972,HKEX-MDKA,114901,False
778972,HKEX-MDKA,114898,False
778972,HKEX-MDKA,114895,False
778972,HKEX-MDKA,114896,False
778972,HKEX-MDKA,114904,False
778972,HKEX-MDKA,114900,False
778972,HKEX-MDKA,114897,False
778972,HKEX-MDKA,114899,False
778972,HKEX-OIT,105466,False
778972,HKEX-OIT,105465,False
778972,HKEX-OIT,105464,False
778972,HKEX-OIT,105463,False
778972,HKEX-OIT,105462,False
778972,HKEX-OIT,105461,False
778972,HKEX-OIT,105460,False
778972,HKEX-OIT,105469,False
778972,HKEX-OIT,105467,False
778972,HKEX-OIT,105468,False
778973,HKEX-SIMP,123325,False
778973,HKEX-SIMP,123321,False
778973,HKEX-SIMP,123318,False
778973,HKEX-SIMP,123317,False
778973,HKEX-SIMP,123319,False
778973,HKEX-SIMP,123320,False
778973,HKEX-SIMP,123322,False
778973,HKEX-SIMP,123324,False
778973,HKEX-SIMP,123323,False
778973,HKEX-SIMP,123316,False
778973,HKEX-XFR,105527,False
778973,HKEX-XFR,105525,False
778973,HKEX-XFR,105521,False
778973,HKEX-XFR,105520,False
778973,HKEX-XFR,105524,False
778973,HKEX-XFR,105519,False
778973,HKEX-XFR,105528,False
778973,HKEX-XFR,105523,False
778973,HKEX-XFR,105526,False
778973,HKEX-XFR,105522,False
778978,HKEX-XFR,105540,False
778983,HKEX-OIT,105484,False
778983,HKEX-CARD,152118,False
778984,HKEX-MDKA,114920,False
778988,HKEX-FSR,111779,False
779018,HKEX-FSR,111780,False
779047,HKEX-FSR,111781,False
779047,HKEX-ETFB,112185,False
779047,HKEX-KOTD,117713,False
779062,HKEX-CARD,152073,False
779062,HKEX-CARD,152074,False
779062,HKEX-CARD,152075,False
779062,HKEX-CARD,152076,False
779062,HKEX-CARD,152077,False
779062,HKEX-CARD,152078,False
779062,HKEX-SIMP,123309,False
779062,HKEX-SIMP,123311,False
779062,HKEX-SIMP,123312,False
779062,HKEX-SIMP,123313,False
779062,HKEX-SIMP,123314,False
779077,HKEX-ETFB3,115942,False
779077,HKEX-ETFB3,115941,False
779077,HKEX-ETFB3,115940,False
779077,HKEX-ETFB3,115939,False
779077,HKEX-ETFB3,115938,False
779077,HKEX-ETFB3,115937,False
779077,HKEX-ETFB3,115936,False
779077,HKEX-ETFB3,115934,False
779077,HKEX-ETFB3,115943,False
779077,HKEX-ETFB3,115935,False
779078,HKEX-ETFB,112183,False
779078,HKEX-ETFB,112182,False
779078,HKEX-ETFB,112181,False
779078,HKEX-ETFB,112180,False
779078,HKEX-ETFB,112177,False
779078,HKEX-ETFB,112175,False
779078,HKEX-ETFB,112178,False
779078,HKEX-ETFB,112184,False
779078,HKEX-ETFB,112176,False
779078,HKEX-ETFB,112179,False
779078,HKEX-ETFA,107112,False
779078,HKEX-ETFA,107109,False
779079,HKEX-ETFA,107108,False
779079,HKEX-ETFA,107106,False
779079,HKEX-ETFA,107105,False
779079,HKEX-ETFA,107103,False
779079,HKEX-ETFA,107104,False
779079,HKEX-ETFA,107107,False
779079,HKEX-ETFA,107110,False
779080,HKEX-ETFA,107111,False
779080,HKEX-CARD,152116,False
779080,HKEX-CARD,152110,False
779080,HKEX-CARD,152107,False
779080,HKEX-CARD,152114,False
779081,HKEX-CARD,152115,False
779081,HKEX-CARD,152113,False
779081,HKEX-CARD,152112,False
779081,HKEX-CARD,152108,False
779081,HKEX-CARD,152111,False
779081,HKEX-CARD,152109,False
779081,HKEX-DLKV,115023,False
779081,HKEX-DLKV,115022,False
779081,HKEX-DLKV,115020,False
779081,HKEX-DLKV,115018,False
779081,HKEX-DLKV,115016,False
779081,HKEX-DLKV,115025,False
779081,HKEX-DLKV,115017,False
779081,HKEX-DLKV,115021,False
779081,HKEX-DLKV,115019,False
779081,HKEX-DLKV,115024,False
779082,HKEX-FSR,111777,False
779082,HKEX-FSR,111774,False
779082,HKEX-FSR,111773,False
779082,HKEX-FSR,111772,False
779082,HKEX-FSR,111771,False
779082,HKEX-FSR,111770,False
779082,HKEX-FSR,111769,False
779082,HKEX-FSR,111768,False
779082,HKEX-FSR,111776,False
779082,HKEX-FSR,111775,False
779082,HKEX-INA,115128,False
779082,HKEX-INA,115123,False
779082,HKEX-INA,115122,False
779082,HKEX-INA,115119,False
779082,HKEX-INA,115124,False
779082,HKEX-INA,115127,False
779082,HKEX-INA,115125,False
779082,HKEX-INA,115126,False
779082,HKEX-INA,115121,False
779082,HKEX-INA,115120,False
779082,HKEX-JNAF,111348,False
779082,HKEX-JNAF,111356,False
779082,HKEX-JNAF,111349,False
779082,HKEX-JNAF,111353,False
779082,HKEX-JNAF,111354,False
779082,HKEX-JNAF,111352,False
779082,HKEX-JNAF,111357,False
779082,HKEX-JNAF,111351,False
779082,HKEX-JNAF,111355,False
779082,HKEX-JNAF,111350,False
779082,HKEX-KOTD,117709,False
779082,HKEX-KOTD,117706,False
779082,HKEX-KOTD,117704,False
779082,HKEX-KOTD,117702,False
779082,HKEX-KOTD,117703,False
779082,HKEX-KOTD,117701,False
779082,HKEX-KOTD,117705,False
779082,HKEX-KOTD,117707,False
779082,HKEX-KOTD,117708,False
779082,HKEX-KOTD,117710,False
779083,HKEX-MDKA,114917,False
779083,HKEX-MDKA,114911,False
779083,HKEX-MDKA,114910,False
779083,HKEX-MDKA,114916,False
779083,HKEX-MDKA,114914,False
779083,HKEX-MDKA,114915,False
779083,HKEX-MDKA,114913,False
779083,HKEX-MDKA,114918,False
779083,HKEX-MDKA,114909,False
779083,HKEX-MDKA,114912,False
779083,HKEX-OIT,105483,False
779083,HKEX-OIT,105481,False
779083,HKEX-OIT,105479,False
779083,HKEX-OIT,105477,False
779083,HKEX-OIT,105476,False
779083,HKEX-OIT,105480,False
779083,HKEX-OIT,105475,False
779083,HKEX-OIT,105482,False
779083,HKEX-OIT,105474,False
779083,HKEX-OIT,105478,False
779084,HKEX-SIMP,123333,False
779084,HKEX-SIMP,123331,False
779084,HKEX-SIMP,123330,False
779084,HKEX-SIMP,123329,False
779084,HKEX-SIMP,123327,False
779084,HKEX-SIMP,123334,False
779084,HKEX-SIMP,123332,False
779084,HKEX-SIMP,123335,False
779084,HKEX-SIMP,123328,False
779084,HKEX-SIMP,123326,False
779084,HKEX-XFR,105538,False
779084,HKEX-XFR,105537,False
779084,HKEX-XFR,105536,False
779084,HKEX-XFR,105535,False
779084,HKEX-XFR,105534,False
779084,HKEX-XFR,105533,False
779084,HKEX-XFR,105532,False
779084,HKEX-XFR,105530,False
779084,HKEX-XFR,105539,False
779084,HKEX-XFR,105531,False
779086,HKEX-CARD,152138,False
779112,HKEX-CARD,152140,False
779120,HKEX-ETFA,106874,False
779125,HKEX-ETFA,107128,False
779125,HKEX-ETFB,112200,False
779125,HKEX-FSR,111797,False
779142,HKEX-MDKA,114933,False
779160,HKEX-ETFA,107130,False
779163,HKEX-FSR,111799,False
779163,HKEX-ETFA,107132,False
779163,HKEX-ETFB,112201,False
779163,HKEX-ETFB3,115962,False
779163,HKEX-ETFB3,115963,False
779163,HKEX-ETFA,107133,False
779164,HKEX-ETFB3,115958,False
779164,HKEX-ETFB3,115957,False
779164,HKEX-ETFB3,115955,False
779164,HKEX-ETFB3,115954,False
779164,HKEX-ETFB3,115952,False
779164,HKEX-ETFB3,115949,False
779164,HKEX-ETFB3,115951,False
779164,HKEX-ETFB3,115956,False
779164,HKEX-ETFB3,115953,False
779164,HKEX-ETFB,112186,False
779164,HKEX-ETFB,112195,False
779164,HKEX-ETFB,112193,False
779164,HKEX-ETFB,112192,False
779164,HKEX-ETFB,112190,False
779164,HKEX-ETFB,112189,False
779164,HKEX-ETFB,112191,False
779164,HKEX-ETFB,112194,False
779164,HKEX-ETFB,112188,False
779165,HKEX-ETFB,112187,False
779165,HKEX-ETFA,107124,False
779165,HKEX-ETFA,107122,False
779165,HKEX-ETFA,107121,False
779165,HKEX-ETFA,107119,False
779165,HKEX-ETFA,107117,False
779165,HKEX-ETFA,107120,False
779165,HKEX-ETFA,107118,False
779166,HKEX-ETFA,107123,False
779166,HKEX-ETFA,107125,False
779167,HKEX-CARD,152136,False
779167,HKEX-CARD,152133,False
779167,HKEX-CARD,152132,False
779167,HKEX-CARD,152130,False
779167,HKEX-CARD,152129,False
779167,HKEX-CARD,152137,False
779167,HKEX-CARD,152134,False
779168,HKEX-CARD,152128,False
779168,HKEX-CARD,152131,False
779168,HKEX-CARD,152135,False
779168,HKEX-DLKV,115035,False
779168,HKEX-DLKV,115034,False
779168,HKEX-DLKV,115033,False
779168,HKEX-DLKV,115031,False
779168,HKEX-DLKV,115027,False
779168,HKEX-DLKV,115028,False
779168,HKEX-DLKV,115030,False
779168,HKEX-DLKV,115036,False
779168,HKEX-DLKV,115032,False
779168,HKEX-DLKV,115029,False
779168,HKEX-FSR,111792,False
779168,HKEX-FSR,111791,False
779168,HKEX-FSR,111787,False
779168,HKEX-FSR,111795,False
779168,HKEX-FSR,111786,False
779168,HKEX-FSR,111790,False
779168,HKEX-FSR,111794,False
779168,HKEX-FSR,111789,False
779168,HKEX-FSR,111788,False
779168,HKEX-FSR,111793,False
779169,HKEX-INA,115140,False
779169,HKEX-INA,115138,False
779169,HKEX-INA,115136,False
779169,HKEX-INA,115133,False
779169,HKEX-INA,115131,False
779169,HKEX-INA,115132,False
779169,HKEX-INA,115139,False
779169,HKEX-INA,115137,False
779169,HKEX-INA,115135,False
779169,HKEX-INA,115134,False
779169,HKEX-JNAF,111368,False
779169,HKEX-JNAF,111367,False
779169,HKEX-JNAF,111366,False
779169,HKEX-JNAF,111365,False
779169,HKEX-JNAF,111363,False
779169,HKEX-JNAF,111361,False
779169,HKEX-JNAF,111360,False
779169,HKEX-JNAF,111364,False
779169,HKEX-JNAF,111362,False
779169,HKEX-JNAF,111359,False
779169,HKEX-KOTD,117723,False
779169,HKEX-KOTD,117720,False
779169,HKEX-KOTD,117719,False
779169,HKEX-KOTD,117715,False
779169,HKEX-KOTD,117717,False
779169,HKEX-KOTD,117716,False
779169,HKEX-KOTD,117722,False
779169,HKEX-KOTD,117724,False
779169,HKEX-KOTD,117718,False
779169,HKEX-KOTD,117721,False
779169,HKEX-MDKA,114930,False
779169,HKEX-MDKA,114928,False
779169,HKEX-MDKA,114927,False
779169,HKEX-MDKA,114926,False
779169,HKEX-MDKA,114924,False
779169,HKEX-MDKA,114931,False
779169,HKEX-MDKA,114929,False
779169,HKEX-MDKA,114922,False
779169,HKEX-MDKA,114923,False
779169,HKEX-MDKA,114925,False
779169,HKEX-OIT,105495,False
779169,HKEX-OIT,105494,False
779169,HKEX-OIT,105493,False
779169,HKEX-OIT,105488,False
779169,HKEX-OIT,105487,False
779169,HKEX-OIT,105486,False
779169,HKEX-OIT,105491,False
779169,HKEX-OIT,105492,False
779169,HKEX-OIT,105489,False
779170,HKEX-OIT,105490,False
779170,HKEX-SIMP,123353,False
779170,HKEX-SIMP,123351,False
779170,HKEX-SIMP,123350,False
779170,HKEX-SIMP,123349,False
779170,HKEX-SIMP,123348,False
779170,HKEX-SIMP,123347,False
779170,HKEX-SIMP,123346,False
779171,HKEX-SIMP,123352,False
779171,HKEX-SIMP,123354,False
779171,HKEX-SIMP,123345,False
779171,HKEX-XFR,105550,False
779171,HKEX-XFR,105547,False
779171,HKEX-XFR,105545,False
779171,HKEX-XFR,105542,False
779171,HKEX-XFR,105548,False
779171,HKEX-XFR,105544,False
779171,HKEX-XFR,105543,False
779171,HKEX-XFR,105549,False
779171,HKEX-XFR,105541,False
779171,HKEX-XFR,105546,False
779171,HKEX-ETFA,107145,False
779171,HKEX-ETFB,112212,False
779171,HKEX-ETFB3,115975,False
779171,HKEX-ETFB3,115976,False
779171,HKEX-ETFA,107146,False
779172,HKEX-ETFA,107148,False
779173,HKEX-DLKV,115048,False
779175,HKEX-JNAF,111379,False
779175,HKEX-OIT,105506,False
779175,HKEX-CARD,152154,False
779175,HKEX-CARD,152155,False
779175,HKEX-KOTD,117735,False
779175,HKEX-ETFA,107149,False
779176,HKEX-ETFB,112213,False
779176,HKEX-KOTD,117736,False
779177,HKEX-OIT,105507,False
779177,HKEX-INA,115152,False
779182,HKEX-ETFB,112214,False
779182,HKEX-ETFB3,115978,False
779182,HKEX-ETFB3,115979,False
779182,HKEX-ETFA,107151,False
779189,HKEX-DLKV,115050,False
779193,HKEX-ETFB3,115981,False
779194,HKEX-KOTD,117738,False
779194,HKEX-JNAF,111381,False
779196,HKEX-ETFB3,115982,False
779197,HKEX-CARD,152159,False
779197,HKEX-ETFB,112216,False
779197,HKEX-KOTD,117739,False
779197,HKEX-KOTD,117740,False
779197,HKEX-MDKA,114948,False
779197,HKEX-OIT,105508,False
779214,HKEX-ETFA,107155,False
779219,HKEX-OIT,105509,False
779219,HKEX-DLKV,115052,False
779219,HKEX-CARD,152160,False
779232,HKEX-JNAF,111382,False
779239,HKEX-CARD,152161,False
779239,HKEX-SIMP,123366,False
779243,HKEX-ETFB3,115984,False
779244,HKEX-ETFB,112217,False
779244,HKEX-ETFA,107156,False
779244,HKEX-OIT,105512,False
779244,HKEX-SIMP,123367,False
779244,HKEX-ETFA,107157,False
779244,HKEX-SIMP,123368,False
779250,HKEX-ETFA,107158,False
779250,HKEX-ETFB,112218,False
779250,HKEX-ETFB3,115985,False
779250,HKEX-FSR,111818,False
779250,HKEX-CARD,152162,False
779269,HKEX-ETFB3,115973,False
779269,HKEX-ETFB3,115972,False
779269,HKEX-ETFB3,115971,False
779269,HKEX-ETFB3,115969,False
779269,HKEX-ETFB3,115967,False
779270,HKEX-ETFB3,115968,False
779270,HKEX-ETFB3,115966,False
779270,HKEX-ETFB3,115970,False
779270,HKEX-ETFB3,115964,False
779270,HKEX-ETFB,112211,False
779270,HKEX-ETFB,112209,False
779270,HKEX-ETFB,112208,False
779270,HKEX-ETFB,112206,False
779270,HKEX-ETFB,112204,False
779270,HKEX-ETFB,112207,False
779270,HKEX-ETFB,112205,False
779270,HKEX-ETFB,112203,False
779270,HKEX-ETFB,112210,False
779270,HKEX-ETFB,112202,False
779271,HKEX-ETFA,107144,False
779271,HKEX-ETFA,107143,False
779271,HKEX-ETFA,107142,False
779271,HKEX-ETFA,107141,False
779271,HKEX-ETFA,107140,False
779272,HKEX-ETFA,107136,False
779272,HKEX-ETFA,107138,False
779273,HKEX-ETFA,107139,False
779274,HKEX-CARD,152151,False
779274,HKEX-CARD,152149,False
779274,HKEX-CARD,152146,False
779274,HKEX-CARD,152144,False
779274,HKEX-CARD,152143,False
779274,HKEX-CARD,152147,False
779274,HKEX-CARD,152145,False
779274,HKEX-CARD,152142,False
779274,HKEX-CARD,152148,False
779274,HKEX-CARD,152150,False
779274,HKEX-DLKV,115047,False
779274,HKEX-DLKV,115043,False
779274,HKEX-DLKV,115042,False
779274,HKEX-DLKV,115040,False
779274,HKEX-DLKV,115038,False
779274,HKEX-DLKV,115044,False
779275,HKEX-DLKV,115039,False
779275,HKEX-DLKV,115045,False
779275,HKEX-DLKV,115041,False
779275,HKEX-DLKV,115046,False
779275,HKEX-FSR,111809,False
779275,HKEX-FSR,111804,False
779275,HKEX-FSR,111802,False
779275,HKEX-FSR,111810,False
779275,HKEX-FSR,111808,False
779275,HKEX-FSR,111807,False
779275,HKEX-FSR,111805,False
779275,HKEX-FSR,111806,False
779275,HKEX-FSR,111803,False
779275,HKEX-INA,115151,False
779275,HKEX-INA,115150,False
779275,HKEX-INA,115149,False
779275,HKEX-INA,115147,False
779275,HKEX-INA,115146,False
779275,HKEX-INA,115144,False
779275,HKEX-INA,115142,False
779275,HKEX-INA,115145,False
779275,HKEX-INA,115143,False
779275,HKEX-INA,115148,False
779275,HKEX-JNAF,111378,False
779275,HKEX-JNAF,111377,False
779275,HKEX-JNAF,111376,False
779275,HKEX-JNAF,111375,False
779275,HKEX-JNAF,111370,False
779275,HKEX-JNAF,111373,False
779275,HKEX-JNAF,111374,False
779275,HKEX-JNAF,111372,False
779275,HKEX-JNAF,111371,False
779275,HKEX-JNAF,111369,False
779275,HKEX-KOTD,117734,False
779275,HKEX-KOTD,117733,False
779275,HKEX-KOTD,117731,False
779275,HKEX-KOTD,117729,False
779275,HKEX-KOTD,117728,False
779275,HKEX-KOTD,117727,False
779275,HKEX-KOTD,117732,False
779275,HKEX-KOTD,117725,False
779275,HKEX-KOTD,117726,False
779275,HKEX-KOTD,117730,False
779276,HKEX-MDKA,114939,False
779276,HKEX-MDKA,114938,False
779276,HKEX-MDKA,114936,False
779276,HKEX-MDKA,114940,False
779276,HKEX-MDKA,114941,False
779276,HKEX-MDKA,114943,False
779276,HKEX-MDKA,114942,False
779276,HKEX-MDKA,114944,False
779276,HKEX-OIT,105505,False
779276,HKEX-OIT,105504,False
779276,HKEX-OIT,105503,False
779276,HKEX-OIT,105502,False
779276,HKEX-OIT,105501,False
779276,HKEX-OIT,105498,False
779276,HKEX-OIT,105497,False
779276,HKEX-OIT,105499,False
779276,HKEX-OIT,105500,False
779276,HKEX-OIT,105496,False
779277,HKEX-SIMP,123364,False
779277,HKEX-SIMP,123359,False
779277,HKEX-SIMP,123357,False
779277,HKEX-SIMP,123356,False
779277,HKEX-SIMP,123363,False
779277,HKEX-SIMP,123361,False
779277,HKEX-SIMP,123362,False
779277,HKEX-SIMP,123360,False
779277,HKEX-SIMP,123355,False
779277,HKEX-SIMP,123358,False
779277,HKEX-XFR,105560,False
779277,HKEX-XFR,105558,False
779277,HKEX-XFR,105557,False
779277,HKEX-XFR,105555,False
779277,HKEX-XFR,105553,False
779277,HKEX-XFR,105551,False
779277,HKEX-XFR,105556,False
779277,HKEX-XFR,105554,False
779277,HKEX-XFR,105552,False
779277,HKEX-XFR,105559,False
779279,HKEX-JNAF,111397,False
779279,HKEX-KOTD,117753,False
779299,HKEX-CARD,152175,False
779299,HKEX-JNAF,111398,False
779300,HKEX-KOTD,117755,False
779306,HKEX-OIT,105526,False
779306,HKEX-SIMP,123381,False
779306,HKEX-ETFB,112230,False
779306,HKEX-ETFA,107172,False
779306,HKEX-SIMP,123382,False
779314,HKEX-ETFA,107173,False
779317,HKEX-INA,115165,False
779317,HKEX-DLKV,115064,False
779317,HKEX-DLKV,115065,False
779319,HKEX-SIMP,123383,False
779341,HKEX-XFR,105575,False
779362,HKEX-CARD,152121,False
779362,HKEX-CARD,152123,False
779362,HKEX-CARD,152125,False
779362,HKEX-SIMP,123337,False
779362,HKEX-SIMP,123339,False
779362,HKEX-SIMP,123341,False
779362,HKEX-SIMP,123342,False
779363,HKEX-CARD,152188,False
779363,HKEX-XFR,105576,False
779366,HKEX-ETFB3,115996,False
779366,HKEX-ETFB3,115994,False
779366,HKEX-ETFB3,115992,False
779366,HKEX-ETFB3,115990,False
779366,HKEX-ETFB3,115988,False
779366,HKEX-ETFB3,115987,False
779366,HKEX-ETFB3,115989,False
779366,HKEX-ETFB3,115991,False
779366,HKEX-ETFB3,115993,False
779367,HKEX-ETFB3,115995,False
779367,HKEX-ETFB,112221,False
779367,HKEX-ETFB,112229,False
779367,HKEX-ETFB,112228,False
779367,HKEX-ETFB,112227,False
779367,HKEX-ETFB,112222,False
779367,HKEX-ETFB,112220,False
779367,HKEX-ETFB,112223,False
779368,HKEX-ETFB,112224,False
779368,HKEX-ETFB,112225,False
779368,HKEX-ETFB,112226,False
779368,HKEX-ETFA,107160,False
779368,HKEX-ETFA,107163,False
779369,HKEX-ETFA,107161,False
779369,HKEX-ETFA,107169,False
779369,HKEX-ETFA,107164,False
779369,HKEX-ETFA,107168,False
779369,HKEX-ETFA,107165,False
779369,HKEX-ETFA,107166,False
779369,HKEX-ETFA,107167,False
779370,HKEX-ETFA,107162,False
779371,HKEX-CARD,152173,False
779371,HKEX-CARD,152171,False
779371,HKEX-CARD,152169,False
779371,HKEX-CARD,152168,False
779371,HKEX-CARD,152167,False
779371,HKEX-CARD,152172,False
779371,HKEX-CARD,152170,False
779371,HKEX-CARD,152165,False
779371,HKEX-DLKV,115062,False
779371,HKEX-DLKV,115058,False
779371,HKEX-DLKV,115056,False
779371,HKEX-DLKV,115054,False
779371,HKEX-DLKV,115057,False
779371,HKEX-DLKV,115059,False
779371,HKEX-DLKV,115061,False
779371,HKEX-DLKV,115055,False
779371,HKEX-DLKV,115060,False
779371,HKEX-DLKV,115063,False
779371,HKEX-FSR,111829,False
779371,HKEX-FSR,111827,False
779371,HKEX-FSR,111825,False
779372,HKEX-FSR,111822,False
779372,HKEX-FSR,111821,False
779372,HKEX-FSR,111826,False
779372,HKEX-FSR,111824,False
779372,HKEX-FSR,111823,False
779372,HKEX-FSR,111828,False
779372,HKEX-FSR,111830,False
779372,HKEX-INA,115157,False
779372,HKEX-INA,115155,False
779372,HKEX-INA,115154,False
779372,HKEX-INA,115158,False
779372,HKEX-INA,115156,False
779372,HKEX-INA,115162,False
779372,HKEX-INA,115161,False
779372,HKEX-INA,115159,False
779372,HKEX-INA,115163,False
779372,HKEX-INA,115160,False
779372,HKEX-JNAF,111393,False
779372,HKEX-JNAF,111391,False
779372,HKEX-JNAF,111390,False
779372,HKEX-JNAF,111388,False
779372,HKEX-JNAF,111387,False
779372,HKEX-JNAF,111389,False
779372,HKEX-JNAF,111392,False
779372,HKEX-JNAF,111394,False
779372,HKEX-JNAF,111385,False
779372,HKEX-JNAF,111386,False
779372,HKEX-KOTD,117750,False
779372,HKEX-KOTD,117747,False
779372,HKEX-KOTD,117744,False
779372,HKEX-KOTD,117743,False
779372,HKEX-KOTD,117741,False
779372,HKEX-KOTD,117748,False
779372,HKEX-KOTD,117746,False
779372,HKEX-KOTD,117742,False
779372,HKEX-KOTD,117745,False
779372,HKEX-KOTD,117749,False
779372,HKEX-MDKA,114961,False
779372,HKEX-MDKA,114959,False
779372,HKEX-MDKA,114956,False
779372,HKEX-MDKA,114954,False
779372,HKEX-MDKA,114953,False
779372,HKEX-MDKA,114952,False
779372,HKEX-MDKA,114960,False
779372,HKEX-MDKA,114957,False
779372,HKEX-MDKA,114955,False
779372,HKEX-MDKA,114958,False
779373,HKEX-OIT,105521,False
779373,HKEX-OIT,105520,False
779373,HKEX-OIT,105515,False
779373,HKEX-OIT,105524,False
779373,HKEX-OIT,105518,False
779373,HKEX-OIT,105516,False
779373,HKEX-OIT,105519,False
779373,HKEX-OIT,105523,False
779373,HKEX-OIT,105522,False
779373,HKEX-OIT,105517,False
779374,HKEX-SIMP,123377,False
779374,HKEX-SIMP,123375,False
779374,HKEX-SIMP,123371,False
779374,HKEX-SIMP,123373,False
779374,HKEX-SIMP,123379,False
779374,HKEX-SIMP,123374,False
779374,HKEX-SIMP,123372,False
779374,HKEX-SIMP,123380,False
779374,HKEX-SIMP,123376,False
779374,HKEX-SIMP,123378,False
779374,HKEX-XFR,105572,False
779374,HKEX-XFR,105571,False
779374,HKEX-XFR,105570,False
779374,HKEX-XFR,105569,False
779374,HKEX-XFR,105568,False
779374,HKEX-XFR,105567,False
779374,HKEX-XFR,105565,False
779374,HKEX-XFR,105563,False
779374,HKEX-XFR,105564,False
779374,HKEX-XFR,105566,False
779376,HKEX-ETFB3,116013,False
779378,HKEX-CARD,152201,False
779378,HKEX-CARD,152202,False
779379,HKEX-KOTD,117766,False
779379,HKEX-OIT,105538,False
779383,HKEX-ETFA,107189,False
779383,HKEX-INA,115177,False
779390,HKEX-ETFB,112242,False
779405,HKEX-SIMP,123403,False
779408,HKEX-ETFA,107191,False
779409,HKEX-ETFB3,116015,False
779409,HKEX-ETFA,107192,False
779437,HKEX-ETFA,107193,False
779437,HKEX-ETFB3,116017,False
779437,HKEX-JNAF,111413,False
779437,HKEX-KOTD,117767,False
779437,HKEX-OIT,105539,False
779442,HKEX-ETFA,107194,False
779442,HKEX-INA,115178,False
779446,HKEX-ETFA,107195,False
779446,HKEX-ETFB,112244,False
779446,HKEX-ETFB3,116019,False
779466,HKEX-ETFA,107196,False
779466,HKEX-OIT,105540,False
779470,HKEX-SIMP,123412,False
779475,HKEX-ETFB3,116011,False
779475,HKEX-ETFB3,116010,False
779475,HKEX-ETFB3,116008,False
779475,HKEX-ETFB3,116007,False
779475,HKEX-ETFB3,116006,False
779475,HKEX-ETFB3,116004,False
779475,HKEX-ETFB3,116005,False
779475,HKEX-ETFB3,116012,False
779475,HKEX-ETFB3,116009,False
779475,HKEX-ETFB,112236,False
779475,HKEX-ETFB,112232,False
779475,HKEX-ETFB,112240,False
779475,HKEX-ETFB,112234,False
779476,HKEX-ETFB,112239,False
779476,HKEX-ETFB,112235,False
779476,HKEX-ETFB,112238,False
779476,HKEX-ETFB,112237,False
779476,HKEX-ETFB,112241,False
779476,HKEX-ETFA,107184,False
779476,HKEX-ETFA,107181,False
779476,HKEX-ETFA,107179,False
779476,HKEX-ETFA,107183,False
779477,HKEX-ETFA,107186,False
779477,HKEX-ETFA,107182,False
779477,HKEX-ETFA,107180,False
779477,HKEX-ETFA,107177,False
779477,HKEX-ETFA,107185,False
779478,HKEX-CARD,152198,False
779478,HKEX-CARD,152196,False
779478,HKEX-CARD,152190,False
779479,HKEX-CARD,152191,False
779479,HKEX-CARD,152194,False
779479,HKEX-CARD,152193,False
779479,HKEX-CARD,152192,False
779479,HKEX-CARD,152195,False
779479,HKEX-CARD,152197,False
779479,HKEX-CARD,152199,False
779479,HKEX-DLKV,115075,False
779479,HKEX-DLKV,115070,False
779479,HKEX-DLKV,115073,False
779479,HKEX-DLKV,115069,False
779479,HKEX-DLKV,115067,False
779479,HKEX-DLKV,115074,False
779479,HKEX-DLKV,115072,False
779479,HKEX-DLKV,115076,False
779479,HKEX-DLKV,115071,False
779479,HKEX-FSR,111843,False
779479,HKEX-FSR,111841,False
779479,HKEX-FSR,111838,False
779479,HKEX-FSR,111837,False
779479,HKEX-FSR,111835,False
779479,HKEX-FSR,111844,False
779479,HKEX-FSR,111842,False
779479,HKEX-FSR,111836,False
779479,HKEX-FSR,111840,False
779479,HKEX-FSR,111839,False
779480,HKEX-INA,115176,False
779480,HKEX-INA,115175,False
779480,HKEX-INA,115173,False
779480,HKEX-INA,115172,False
779480,HKEX-INA,115168,False
779480,HKEX-INA,115169,False
779480,HKEX-INA,115171,False
779480,HKEX-INA,115167,False
779480,HKEX-INA,115174,False
779480,HKEX-INA,115170,False
779480,HKEX-JNAF,111409,False
779480,HKEX-JNAF,111408,False
779480,HKEX-JNAF,111404,False
779480,HKEX-JNAF,111400,False
779480,HKEX-JNAF,111402,False
779480,HKEX-JNAF,111406,False
779480,HKEX-JNAF,111407,False
779480,HKEX-JNAF,111403,False
779480,HKEX-JNAF,111405,False
779480,HKEX-JNAF,111401,False
779480,HKEX-KOTD,117758,False
779480,HKEX-KOTD,117756,False
779480,HKEX-KOTD,117765,False
779480,HKEX-KOTD,117764,False
779480,HKEX-KOTD,117762,False
779480,HKEX-KOTD,117763,False
779480,HKEX-KOTD,117759,False
779480,HKEX-KOTD,117761,False
779480,HKEX-KOTD,117757,False
779480,HKEX-KOTD,117760,False
779480,HKEX-MDKA,114974,False
779480,HKEX-MDKA,114972,False
779480,HKEX-MDKA,114969,False
779480,HKEX-MDKA,114968,False
779480,HKEX-MDKA,114967,False
779480,HKEX-MDKA,114966,False
779480,HKEX-MDKA,114971,False
779480,HKEX-MDKA,114973,False
779480,HKEX-MDKA,114970,False
779480,HKEX-MDKA,114965,False
779481,HKEX-OIT,105537,False
779481,HKEX-OIT,105536,False
779481,HKEX-OIT,105535,False
779481,HKEX-OIT,105534,False
779481,HKEX-OIT,105533,False
779481,HKEX-OIT,105532,False
779481,HKEX-OIT,105531,False
779481,HKEX-OIT,105530,False
779481,HKEX-OIT,105529,False
779481,HKEX-OIT,105528,False
779482,HKEX-SIMP,123398,False
779482,HKEX-SIMP,123396,False
779482,HKEX-SIMP,123394,False
779482,HKEX-SIMP,123390,False
779482,HKEX-SIMP,123392,False
779482,HKEX-XFR,105581,False
779482,HKEX-XFR,105580,False
779482,HKEX-XFR,105578,False
779482,HKEX-XFR,105577,False
779482,HKEX-XFR,105586,False
779482,HKEX-XFR,105585,False
779482,HKEX-XFR,105582,False
779482,HKEX-XFR,105579,False
779482,HKEX-XFR,105583,False
779482,HKEX-XFR,105584,False
779485,HKEX-ETFB3,116031,False
779485,HKEX-INA,115189,False
779486,HKEX-MDKA,114988,False
779486,HKEX-CARD,152218,False
779486,HKEX-DLKV,115091,False
779486,HKEX-DLKV,115092,False
779486,HKEX-ETFB3,116035,False
779486,HKEX-DLKV,115093,False
779501,HKEX-DLKV,115095,False
779507,HKEX-MDKA,114989,False
779511,HKEX-OIT,105553,False
779512,HKEX-CARD,152221,False
779524,HKEX-FSR,111857,False
779525,HKEX-ETFB,112256,False
779525,HKEX-ETFB3,116039,False
779531,HKEX-FSR,111858,False
779533,HKEX-FSR,111859,False
779542,HKEX-KOTD,117781,False
779542,HKEX-MDKA,114991,False
779550,HKEX-CARD,152224,False
779550,HKEX-DLKV,115099,False
779566,HKEX-SIMP,123429,False
779569,HKEX-ETFB3,116029,False
779569,HKEX-ETFB3,116027,False
779569,HKEX-ETFB3,116026,False
779569,HKEX-ETFB3,116025,False
779569,HKEX-ETFB3,116024,False
779569,HKEX-ETFB3,116021,False
779569,HKEX-ETFB3,116028,False
779569,HKEX-ETFB3,116022,False
779569,HKEX-ETFB3,116023,False
779569,HKEX-ETFB3,116030,False
779570,HKEX-ETFB,112247,False
779570,HKEX-ETFB,112250,False
779570,HKEX-ETFB,112248,False
779570,HKEX-ETFB,112245,False
779570,HKEX-ETFB,112251,False
779570,HKEX-ETFB,112252,False
779570,HKEX-ETFB,112253,False
779570,HKEX-ETFB,112254,False
779570,HKEX-ETFB,112249,False
779571,HKEX-ETFA,107206,False
779571,HKEX-ETFA,107205,False
779571,HKEX-ETFA,107204,False
779571,HKEX-ETFA,107201,False
779571,HKEX-ETFA,107200,False
779571,HKEX-ETFA,107203,False
779571,HKEX-ETFA,107207,False
779571,HKEX-ETFA,107202,False
779572,HKEX-ETFA,107198,False
779573,HKEX-CARD,152213,False
779573,HKEX-CARD,152215,False
779573,HKEX-CARD,152211,False
779573,HKEX-CARD,152208,False
779573,HKEX-CARD,152210,False
779573,HKEX-CARD,152216,False
779573,HKEX-CARD,152212,False
779573,HKEX-CARD,152214,False
779573,HKEX-CARD,152207,False
779573,HKEX-CARD,152209,False
779573,HKEX-DLKV,115090,False
779573,HKEX-DLKV,115089,False
779573,HKEX-DLKV,115086,False
779573,HKEX-DLKV,115084,False
779573,HKEX-DLKV,115083,False
779573,HKEX-DLKV,115081,False
779573,HKEX-DLKV,115087,False
779573,HKEX-DLKV,115088,False
779573,HKEX-DLKV,115085,False
779574,HKEX-FSR,111854,False
779574,HKEX-FSR,111852,False
779574,HKEX-FSR,111848,False
779574,HKEX-FSR,111856,False
779574,HKEX-FSR,111847,False
779574,HKEX-FSR,111850,False
779574,HKEX-FSR,111853,False
779574,HKEX-FSR,111851,False
779574,HKEX-FSR,111855,False
779574,HKEX-FSR,111849,False
779574,HKEX-INA,115187,False
779574,HKEX-INA,115183,False
779574,HKEX-INA,115181,False
779574,HKEX-INA,115182,False
779574,HKEX-INA,115184,False
779574,HKEX-INA,115185,False
779574,HKEX-INA,115186,False
779574,HKEX-INA,115179,False
779574,HKEX-INA,115188,False
779574,HKEX-INA,115180,False
779574,HKEX-JNAF,111424,False
779574,HKEX-JNAF,111422,False
779574,HKEX-JNAF,111420,False
779574,HKEX-JNAF,111418,False
779574,HKEX-JNAF,111423,False
779574,HKEX-JNAF,111421,False
779574,HKEX-JNAF,111419,False
779574,HKEX-JNAF,111417,False
779574,HKEX-JNAF,111416,False
779574,HKEX-JNAF,111415,False
779574,HKEX-KOTD,117777,False
779574,HKEX-KOTD,117775,False
779574,HKEX-KOTD,117771,False
779574,HKEX-KOTD,117769,False
779574,HKEX-KOTD,117768,False
779574,HKEX-KOTD,117773,False
779574,HKEX-KOTD,117770,False
779574,HKEX-KOTD,117776,False
779574,HKEX-KOTD,117774,False
779574,HKEX-KOTD,117772,False
779574,HKEX-MDKA,114985,False
779574,HKEX-MDKA,114983,False
779574,HKEX-MDKA,114982,False
779575,HKEX-MDKA,114986,False
779575,HKEX-MDKA,114984,False
779575,HKEX-MDKA,114981,False
779575,HKEX-MDKA,114979,False
779575,HKEX-MDKA,114977,False
779575,HKEX-MDKA,114980,False
779575,HKEX-MDKA,114978,False
779575,HKEX-OIT,105551,False
779575,HKEX-OIT,105550,False
779575,HKEX-OIT,105547,False
779575,HKEX-OIT,105545,False
779575,HKEX-OIT,105542,False
779575,HKEX-OIT,105548,False
779575,HKEX-OIT,105544,False
779575,HKEX-OIT,105543,False
779575,HKEX-OIT,105549,False
779575,HKEX-OIT,105546,False
779576,HKEX-SIMP,123421,False
779576,HKEX-SIMP,123416,False
779576,HKEX-SIMP,123420,False
779576,HKEX-SIMP,123419,False
779576,HKEX-SIMP,123422,False
779576,HKEX-SIMP,123415,False
779576,HKEX-SIMP,123413,False
779576,HKEX-SIMP,123417,False
779576,HKEX-SIMP,123418,False
779576,HKEX-XFR,105597,False
779576,HKEX-XFR,105594,False
779576,HKEX-XFR,105593,False
779576,HKEX-XFR,105592,False
779576,HKEX-XFR,105591,False
779576,HKEX-XFR,105590,False
779576,HKEX-XFR,105589,False
779576,HKEX-XFR,105588,False
779576,HKEX-XFR,105596,False
779576,HKEX-XFR,105595,False
779577,HKEX-ETFB3,116051,False
779578,HKEX-CARD,152237,False
779579,HKEX-ETFB3,116052,False
779579,HKEX-XFR,105611,False
779579,HKEX-ETFB,112271,False
779579,HKEX-ETFB3,116053,False
779587,HKEX-CARD,152238,False
779587,HKEX-DLKV,115111,False
779588,HKEX-INA,115203,False
779604,HKEX-CARD,152239,False
779604,HKEX-JNAF,111439,False
779604,HKEX-OIT,105565,False
779628,HKEX-FSR,111876,False
779630,HKEX-DLKV,115113,False
779633,HKEX-CARD,152240,False
779639,HKEX-CARD,152241,False
779640,HKEX-JNAF,111440,False
779648,HKEX-CARD,152242,False
779664,HKEX-CARD,152181,False
779664,HKEX-CARD,152182,False
779664,HKEX-CARD,152183,False
779664,HKEX-CARD,152184,False
779664,HKEX-CARD,152185,False
779664,HKEX-CARD,152186,False
779664,HKEX-SIMP,123384,False
779664,HKEX-SIMP,123386,False
779664,HKEX-SIMP,123387,False
779664,HKEX-SIMP,123388,False
779664,HKEX-SIMP,123389,False
779664,HKEX-ETFA,107232,False
779664,HKEX-MDKA,115004,False
779666,HKEX-ETFB3,116050,False
779666,HKEX-ETFB3,116049,False
779666,HKEX-ETFB3,116047,False
779666,HKEX-ETFB3,116045,False
779666,HKEX-ETFB3,116044,False
779666,HKEX-ETFB3,116043,False
779666,HKEX-ETFB3,116042,False
779666,HKEX-ETFB3,116041,False
779666,HKEX-ETFB3,116048,False
779666,HKEX-ETFB3,116046,False
779667,HKEX-ETFB,112268,False
779667,HKEX-ETFB,112266,False
779667,HKEX-ETFB,112261,False
779667,HKEX-ETFB,112260,False
779667,HKEX-ETFB,112265,False
779667,HKEX-ETFB,112262,False
779667,HKEX-ETFB,112263,False
779667,HKEX-ETFB,112269,False
779667,HKEX-ETFB,112267,False
779667,HKEX-ETFB,112264,False
779668,HKEX-ETFA,107223,False
779668,HKEX-ETFA,107219,False
779668,HKEX-ETFA,107225,False
779668,HKEX-ETFA,107226,False
779668,HKEX-ETFA,107224,False
779668,HKEX-ETFA,107220,False
779669,HKEX-ETFA,107217,False
779669,HKEX-ETFA,107222,False
779669,HKEX-ETFA,107221,False
779670,HKEX-CARD,152230,False
779670,HKEX-CARD,152226,False
779670,HKEX-CARD,152227,False
779670,HKEX-CARD,152232,False
779670,HKEX-CARD,152228,False
779670,HKEX-CARD,152235,False
779670,HKEX-CARD,152231,False
779670,HKEX-CARD,152229,False
779670,HKEX-CARD,152234,False
779670,HKEX-CARD,152233,False
779671,HKEX-DLKV,115108,False
779671,HKEX-DLKV,115107,False
779671,HKEX-DLKV,115105,False
779671,HKEX-DLKV,115104,False
779671,HKEX-DLKV,115103,False
779671,HKEX-DLKV,115110,False
779671,HKEX-DLKV,115109,False
779671,HKEX-DLKV,115106,False
779671,HKEX-DLKV,115102,False
779671,HKEX-DLKV,115101,False
779671,HKEX-FSR,111867,False
779671,HKEX-FSR,111865,False
779671,HKEX-FSR,111864,False
779671,HKEX-FSR,111863,False
779671,HKEX-FSR,111862,False
779671,HKEX-FSR,111869,False
779671,HKEX-FSR,111866,False
779671,HKEX-FSR,111870,False
779671,HKEX-FSR,111868,False
779671,HKEX-INA,115201,False
779671,HKEX-INA,115194,False
779671,HKEX-INA,115193,False
779671,HKEX-INA,115202,False
779671,HKEX-INA,115199,False
779671,HKEX-INA,115197,False
779671,HKEX-INA,115196,False
779671,HKEX-INA,115200,False
779671,HKEX-INA,115198,False
779671,HKEX-INA,115195,False
779671,HKEX-JNAF,111436,False
779671,HKEX-JNAF,111434,False
779671,HKEX-JNAF,111433,False
779671,HKEX-JNAF,111431,False
779671,HKEX-JNAF,111429,False
779671,HKEX-JNAF,111428,False
779671,HKEX-JNAF,111430,False
779671,HKEX-JNAF,111432,False
779671,HKEX-JNAF,111435,False
779671,HKEX-JNAF,111427,False
779671,HKEX-KOTD,117792,False
779671,HKEX-KOTD,117791,False
779671,HKEX-KOTD,117790,False
779671,HKEX-KOTD,117789,False
779671,HKEX-KOTD,117786,False
779672,HKEX-KOTD,117784,False
779672,HKEX-KOTD,117783,False
779672,HKEX-KOTD,117788,False
779672,HKEX-KOTD,117785,False
779672,HKEX-KOTD,117787,False
779672,HKEX-MDKA,115001,False
779672,HKEX-MDKA,115000,False
779672,HKEX-MDKA,114999,False
779672,HKEX-MDKA,114998,False
779672,HKEX-MDKA,114997,False
779672,HKEX-MDKA,114995,False
779672,HKEX-MDKA,115002,False
779672,HKEX-MDKA,114993,False
779672,HKEX-MDKA,114996,False
779672,HKEX-MDKA,114994,False
779672,HKEX-OIT,105563,False
779672,HKEX-OIT,105561,False
779672,HKEX-OIT,105560,False
779672,HKEX-OIT,105558,False
779672,HKEX-OIT,105557,False
779672,HKEX-OIT,105555,False
779672,HKEX-OIT,105564,False
779672,HKEX-OIT,105562,False
779672,HKEX-OIT,105556,False
779672,HKEX-OIT,105559,False
779673,HKEX-SIMP,123433,False
779673,HKEX-SIMP,123431,False
779673,HKEX-SIMP,123436,False
779673,HKEX-SIMP,123434,False
779673,HKEX-SIMP,123439,False
779673,HKEX-SIMP,123440,False
779673,HKEX-SIMP,123432,False
779673,HKEX-SIMP,123438,False
779673,HKEX-SIMP,123437,False
779673,HKEX-SIMP,123435,False
779673,HKEX-XFR,105609,False
779673,HKEX-XFR,105608,False
779673,HKEX-XFR,105607,False
779673,HKEX-XFR,105603,False
779673,HKEX-XFR,105600,False
779673,HKEX-XFR,105605,False
779673,HKEX-XFR,105601,False
779673,HKEX-XFR,105602,False
779674,HKEX-XFR,105606,False
779674,HKEX-XFR,105604,False
779676,HKEX-ETFB3,116067,False
779676,HKEX-OIT,105576,False
779676,HKEX-KOTD,117806,False
779676,HKEX-JNAF,111451,False
779676,HKEX-OIT,105577,False
779676,HKEX-OIT,105578,False
779676,HKEX-MDKA,115015,False
779680,HKEX-OIT,105579,False
779690,HKEX-CARD,151951,False
779693,HKEX-CARD,152262,False
779708,HKEX-KOTD,117808,False
779735,HKEX-XFR,105625,False
779735,HKEX-ETFB,112285,False
779735,HKEX-DLKV,115127,False
779735,HKEX-ETFB3,116074,False
779735,HKEX-XFR,105626,False
779736,HKEX-DLKV,115128,False
779739,HKEX-CARD,152264,False
779740,HKEX-FSR,111890,False
779740,HKEX-MDKA,115017,False
779740,HKEX-KOTD,117809,False
779743,HKEX-OIT,105581,False
779751,HKEX-CARD,152265,False
779765,HKEX-CARD,152243,False
779765,HKEX-CARD,152244,False
779765,HKEX-CARD,152245,False
779765,HKEX-CARD,152246,False
779765,HKEX-CARD,152247,False
779765,HKEX-CARD,152248,False
779765,HKEX-SIMP,123445,False
779765,HKEX-SIMP,123447,False
779765,HKEX-SIMP,123448,False
779765,HKEX-SIMP,123449,False
779765,HKEX-SIMP,123450,False
779769,HKEX-ETFB3,116066,False
779769,HKEX-ETFB3,116065,False
779769,HKEX-ETFB3,116064,False
779769,HKEX-ETFB3,116063,False
779769,HKEX-ETFB3,116062,False
779769,HKEX-ETFB3,116061,False
779769,HKEX-ETFB3,116059,False
779769,HKEX-ETFB3,116060,False
779769,HKEX-ETFB3,116057,False
779769,HKEX-ETFB3,116058,False
779770,HKEX-ETFB,112282,False
779770,HKEX-ETFB,112281,False
779770,HKEX-ETFB,112278,False
779770,HKEX-ETFB,112277,False
779770,HKEX-ETFB,112276,False
779770,HKEX-ETFB,112275,False
779770,HKEX-ETFB,112274,False
779770,HKEX-ETFB,112280,False
779770,HKEX-ETFB,112279,False
779771,HKEX-ETFA,107242,False
779771,HKEX-ETFA,107233,False
779771,HKEX-ETFA,107240,False
779772,HKEX-ETFA,107241,False
779772,HKEX-ETFA,107239,False
779772,HKEX-ETFA,107235,False
779772,HKEX-ETFA,107236,False
779772,HKEX-ETFA,107238,False
779772,HKEX-ETFA,107237,False
779773,HKEX-CARD,152251,False
779773,HKEX-CARD,152249,False
779773,HKEX-CARD,152257,False
779773,HKEX-CARD,152255,False
779774,HKEX-CARD,152252,False
779774,HKEX-CARD,152254,False
779774,HKEX-CARD,152256,False
779774,HKEX-CARD,152250,False
779774,HKEX-CARD,152258,False
779774,HKEX-CARD,152253,False
779774,HKEX-DLKV,115123,False
779774,HKEX-DLKV,115122,False
779774,HKEX-DLKV,115119,False
779774,HKEX-DLKV,115118,False
779774,HKEX-DLKV,115117,False
779774,HKEX-DLKV,115116,False
779774,HKEX-DLKV,115114,False
779774,HKEX-DLKV,115121,False
779774,HKEX-DLKV,115120,False
779774,HKEX-FSR,111886,False
779774,HKEX-FSR,111880,False
779774,HKEX-FSR,111885,False
779774,HKEX-FSR,111883,False
779774,HKEX-FSR,111884,False
779774,HKEX-FSR,111882,False
779774,HKEX-FSR,111881,False
779774,HKEX-FSR,111879,False
779774,HKEX-FSR,111877,False
779774,HKEX-FSR,111878,False
779775,HKEX-INA,115214,False
779775,HKEX-INA,115213,False
779775,HKEX-INA,115211,False
779775,HKEX-INA,115209,False
779775,HKEX-INA,115210,False
779775,HKEX-INA,115208,False
779775,HKEX-INA,115206,False
779775,HKEX-INA,115205,False
779775,HKEX-INA,115207,False
779775,HKEX-INA,115212,False
779775,HKEX-JNAF,111450,False
779775,HKEX-JNAF,111448,False
779775,HKEX-JNAF,111447,False
779775,HKEX-JNAF,111445,False
779775,HKEX-JNAF,111442,False
779775,HKEX-JNAF,111441,False
779775,HKEX-JNAF,111449,False
779775,HKEX-JNAF,111443,False
779775,HKEX-JNAF,111446,False
779775,HKEX-JNAF,111444,False
779775,HKEX-KOTD,117805,False
779775,HKEX-KOTD,117801,False
779775,HKEX-KOTD,117799,False
779775,HKEX-KOTD,117798,False
779775,HKEX-KOTD,117797,False
779775,HKEX-KOTD,117796,False
779775,HKEX-KOTD,117804,False
779775,HKEX-KOTD,117803,False
779775,HKEX-KOTD,117800,False
779775,HKEX-KOTD,117802,False
779775,HKEX-MDKA,115013,False
779775,HKEX-MDKA,115012,False
779775,HKEX-MDKA,115010,False
779775,HKEX-MDKA,115008,False
779775,HKEX-MDKA,115014,False
779775,HKEX-MDKA,115009,False
779775,HKEX-MDKA,115006,False
779775,HKEX-MDKA,115007,False
779775,HKEX-MDKA,115011,False
779775,HKEX-MDKA,115005,False
779775,HKEX-OIT,105574,False
779775,HKEX-OIT,105573,False
779775,HKEX-OIT,105572,False
779775,HKEX-OIT,105571,False
779775,HKEX-OIT,105570,False
779775,HKEX-OIT,105569,False
779775,HKEX-OIT,105568,False
779775,HKEX-OIT,105567,False
779775,HKEX-OIT,105566,False
779776,HKEX-OIT,105575,False
779776,HKEX-SIMP,123459,False
779776,HKEX-SIMP,123457,False
779776,HKEX-SIMP,123452,False
779776,HKEX-SIMP,123460,False
779776,HKEX-SIMP,123455,False
779776,HKEX-SIMP,123456,False
779776,HKEX-SIMP,123454,False
779776,HKEX-SIMP,123453,False
779776,HKEX-SIMP,123451,False
779776,HKEX-SIMP,123458,False
779777,HKEX-XFR,105618,False
779777,HKEX-XFR,105616,False
779777,HKEX-XFR,105622,False
779777,HKEX-XFR,105621,False
779777,HKEX-XFR,105617,False
779777,HKEX-XFR,105620,False
779777,HKEX-XFR,105614,False
779777,HKEX-XFR,105623,False
779777,HKEX-XFR,105615,False
779777,HKEX-XFR,105619,False
779778,HKEX-FSR,111901,False
779778,HKEX-KOTD,117820,False
779778,HKEX-MDKA,115028,False
779796,HKEX-CARD,152284,False
779810,HKEX-MDKA,115029,False
779810,HKEX-SIMP,123485,False
779811,HKEX-SIMP,123486,False
779812,HKEX-CARD,152286,False
779812,HKEX-JNAF,111465,False
779814,HKEX-MDKA,115031,False
779815,HKEX-KOTD,117822,False
779815,HKEX-XFR,105637,False
779817,HKEX-MDKA,115032,False
779831,HKEX-CARD,152288,False
779837,HKEX-KOTD,117823,False
779838,HKEX-DLKV,115142,False
779846,HKEX-CARD,152289,False
779864,HKEX-CARD,152266,False
779864,HKEX-CARD,152268,False
779864,HKEX-CARD,152269,False
779864,HKEX-CARD,152270,False
779864,HKEX-CARD,152271,False
779864,HKEX-SIMP,123464,False
779864,HKEX-SIMP,123466,False
779864,HKEX-SIMP,123468,False
779865,HKEX-ETFB,112299,False
779865,HKEX-INA,115233,False
779866,HKEX-ETFB3,116085,False
779866,HKEX-ETFB3,116084,False
779866,HKEX-ETFB3,116083,False
779866,HKEX-ETFB3,116082,False
779866,HKEX-ETFB3,116081,False
779866,HKEX-ETFB3,116076,False
779866,HKEX-ETFB3,116078,False
779866,HKEX-ETFB3,116079,False
779866,HKEX-ETFB3,116077,False
779866,HKEX-ETFB3,116080,False
779867,HKEX-ETFB,112293,False
779867,HKEX-ETFB,112292,False
779867,HKEX-ETFB,112291,False
779867,HKEX-ETFB,112288,False
779867,HKEX-ETFB,112290,False
779867,HKEX-ETFB,112295,False
779867,HKEX-ETFB,112294,False
779867,HKEX-ETFB,112289,False
779868,HKEX-ETFA,107258,False
779868,HKEX-ETFA,107255,False
779868,HKEX-ETFA,107254,False
779868,HKEX-ETFA,107253,False
779868,HKEX-ETFA,107251,False
779868,HKEX-ETFA,107249,False
779868,HKEX-ETFA,107257,False
779868,HKEX-ETFA,107256,False
779869,HKEX-ETFA,107252,False
779870,HKEX-CARD,152272,False
779870,HKEX-CARD,152279,False
779870,HKEX-CARD,152277,False
779870,HKEX-CARD,152275,False
779870,HKEX-CARD,152281,False
779870,HKEX-CARD,152280,False
779870,HKEX-CARD,152273,False
779870,HKEX-CARD,152276,False
779870,HKEX-CARD,152278,False
779870,HKEX-CARD,152274,False
779871,HKEX-DLKV,115138,False
779871,HKEX-DLKV,115136,False
779871,HKEX-DLKV,115133,False
779871,HKEX-DLKV,115131,False
779871,HKEX-DLKV,115129,False
779871,HKEX-DLKV,115132,False
779871,HKEX-DLKV,115137,False
779871,HKEX-DLKV,115135,False
779871,HKEX-DLKV,115134,False
779871,HKEX-FSR,111900,False
779871,HKEX-FSR,111899,False
779871,HKEX-FSR,111894,False
779871,HKEX-FSR,111893,False
779871,HKEX-FSR,111892,False
779871,HKEX-FSR,111891,False
779871,HKEX-FSR,111896,False
779871,HKEX-FSR,111898,False
779871,HKEX-FSR,111897,False
779871,HKEX-FSR,111895,False
779871,HKEX-INA,115225,False
779871,HKEX-INA,115223,False
779871,HKEX-INA,115219,False
779871,HKEX-INA,115217,False
779871,HKEX-INA,115222,False
779871,HKEX-INA,115218,False
779871,HKEX-INA,115220,False
779871,HKEX-INA,115221,False
779871,HKEX-INA,115226,False
779871,HKEX-INA,115224,False
779871,HKEX-JNAF,111463,False
779871,HKEX-JNAF,111461,False
779871,HKEX-JNAF,111459,False
779871,HKEX-JNAF,111458,False
779871,HKEX-JNAF,111455,False
779871,HKEX-JNAF,111460,False
779871,HKEX-JNAF,111457,False
779871,HKEX-JNAF,111462,False
779871,HKEX-JNAF,111456,False
779871,HKEX-JNAF,111454,False
779871,HKEX-KOTD,117819,False
779872,HKEX-KOTD,117818,False
779872,HKEX-KOTD,117817,False
779872,HKEX-KOTD,117816,False
779872,HKEX-KOTD,117815,False
779872,HKEX-KOTD,117814,False
779872,HKEX-KOTD,117810,False
779872,HKEX-KOTD,117812,False
779872,HKEX-KOTD,117811,False
779872,HKEX-KOTD,117813,False
779872,HKEX-MDKA,115026,False
779872,HKEX-MDKA,115023,False
779872,HKEX-MDKA,115022,False
779872,HKEX-MDKA,115020,False
779872,HKEX-MDKA,115018,False
779872,HKEX-MDKA,115027,False
779872,HKEX-MDKA,115025,False
779872,HKEX-MDKA,115021,False
779872,HKEX-MDKA,115019,False
779872,HKEX-MDKA,115024,False
779872,HKEX-OIT,105592,False
779872,HKEX-OIT,105591,False
779872,HKEX-OIT,105590,False
779872,HKEX-OIT,105589,False
779872,HKEX-OIT,105588,False
779872,HKEX-OIT,105587,False
779872,HKEX-OIT,105586,False
779872,HKEX-OIT,105585,False
779872,HKEX-OIT,105583,False
779872,HKEX-OIT,105584,False
779873,HKEX-SIMP,123479,False
779873,HKEX-SIMP,123478,False
779873,HKEX-SIMP,123476,False
779873,HKEX-SIMP,123472,False
779873,HKEX-SIMP,123471,False
779873,HKEX-SIMP,123474,False
779873,HKEX-SIMP,123473,False
779873,HKEX-SIMP,123470,False
779873,HKEX-SIMP,123477,False
779873,HKEX-SIMP,123475,False
779873,HKEX-XFR,105636,False
779873,HKEX-XFR,105632,False
779873,HKEX-XFR,105631,False
779873,HKEX-XFR,105629,False
779873,HKEX-XFR,105627,False
779873,HKEX-XFR,105633,False
779873,HKEX-XFR,105634,False
779873,HKEX-XFR,105630,False
779874,HKEX-XFR,105635,False
779874,HKEX-XFR,105628,False
779874,HKEX-SIMP,123501,False
779875,HKEX-CARD,152306,False
779876,HKEX-SIMP,123508,False
779876,HKEX-FSR,111916,False
779887,HKEX-SIMP,123509,False
779891,HKEX-ETFB3,116099,False
779904,HKEX-INA,115246,False
779904,HKEX-JNAF,111479,False
779906,HKEX-ETFB3,116100,False
779906,HKEX-XFR,105650,False
779906,HKEX-FSR,111917,False
779907,HKEX-CARD,152308,False
779907,HKEX-OIT,105607,False
779909,HKEX-CARD,152309,False
779909,HKEX-ETFA,107277,False
779951,HKEX-CARD,152312,False
832861,HKEX-ETFB3,123107,False
832861,HKEX-ETFB3,123106,False
832861,HKEX-ETFB3,123105,False
832861,HKEX-ETFB3,123104,False
832861,HKEX-ETFB3,123102,False
832861,HKEX-ETFB3,123101,False
832861,HKEX-ETFB3,123100,False
832861,HKEX-ETFB3,123099,False
832861,HKEX-ETFB3,123108,False
832861,HKEX-ETFB3,123103,False
832862,HKEX-ETFB,119046,False
832862,HKEX-ETFB,119045,False
832862,HKEX-ETFB,119043,False
832862,HKEX-ETFB,119042,False
832862,HKEX-ETFB,119041,False
832862,HKEX-ETFB,119040,False
832862,HKEX-ETFB,119047,False
832862,HKEX-ETFB,119049,False
832862,HKEX-ETFB,119048,False
832862,HKEX-ETFB,119044,False
832863,HKEX-ETFA,114746,False
832863,HKEX-ETFA,114744,False
832863,HKEX-ETFA,114741,False
832863,HKEX-ETFA,114743,False
832864,HKEX-ETFA,114747,False
832864,HKEX-ETFA,114740,False
832864,HKEX-ETFA,114745,False
832865,HKEX-ETFA,114742,False
832865,HKEX-ETFA,114738,False
832865,HKEX-ETFA,114739,False
832866,HKEX-CARD,162491,False
832866,HKEX-CARD,162490,False
832866,HKEX-CARD,162488,False
832866,HKEX-CARD,162487,False
832866,HKEX-CARD,162485,False
832866,HKEX-CARD,162483,False
832866,HKEX-CARD,162482,False
832866,HKEX-CARD,162484,False
832867,HKEX-CARD,162486,False
832867,HKEX-CARD,162489,False
832867,HKEX-DLKV,122020,False
832867,HKEX-DLKV,122018,False
832867,HKEX-DLKV,122017,False
832867,HKEX-DLKV,122015,False
832867,HKEX-DLKV,122012,False
832867,HKEX-DLKV,122011,False
832867,HKEX-DLKV,122016,False
832867,HKEX-DLKV,122019,False
832867,HKEX-DLKV,122014,False
832867,HKEX-DLKV,122013,False
832867,HKEX-FSR,119460,False
832867,HKEX-FSR,119458,False
832867,HKEX-FSR,119452,False
832867,HKEX-FSR,119451,False
832867,HKEX-FSR,119455,False
832867,HKEX-FSR,119457,False
832867,HKEX-FSR,119454,False
832867,HKEX-FSR,119453,False
832868,HKEX-FSR,119456,False
832868,HKEX-FSR,119459,False
832868,HKEX-INA,122205,False
832868,HKEX-INA,122204,False
832868,HKEX-INA,122202,False
832868,HKEX-INA,122199,False
832868,HKEX-INA,122208,False
832868,HKEX-INA,122203,False
832868,HKEX-INA,122201,False
832868,HKEX-INA,122200,False
832868,HKEX-INA,122207,False
832868,HKEX-INA,122206,False
832868,HKEX-JNAF,118538,False
832868,HKEX-JNAF,118533,False
832868,HKEX-JNAF,118531,False
832868,HKEX-JNAF,118530,False
832868,HKEX-JNAF,118537,False
832868,HKEX-JNAF,118535,False
832868,HKEX-JNAF,118529,False
832868,HKEX-JNAF,118534,False
832868,HKEX-JNAF,118532,False
832868,HKEX-JNAF,118536,False
832868,HKEX-KOTD,125565,False
832868,HKEX-KOTD,125564,False
832868,HKEX-KOTD,125563,False
832868,HKEX-KOTD,125568,False
832868,HKEX-KOTD,125566,False
832868,HKEX-KOTD,125567,False
832868,HKEX-KOTD,125572,False
832868,HKEX-KOTD,125570,False
832868,HKEX-KOTD,125569,False
832868,HKEX-KOTD,125571,False
832868,HKEX-MDKA,122641,False
832868,HKEX-MDKA,122634,False
832868,HKEX-MDKA,122638,False
832868,HKEX-MDKA,122636,False
832868,HKEX-MDKA,122640,False
832868,HKEX-MDKA,122642,False
832868,HKEX-MDKA,122635,False
832868,HKEX-MDKA,122633,False
832868,HKEX-MDKA,122637,False
832868,HKEX-MDKA,122639,False
832868,HKEX-OIT,112229,False
832868,HKEX-OIT,112228,False
832868,HKEX-OIT,112227,False
832868,HKEX-OIT,112224,False
832868,HKEX-OIT,112222,False
832868,HKEX-OIT,112221,False
832868,HKEX-OIT,112226,False
832869,HKEX-OIT,112223,False
832869,HKEX-OIT,112230,False
832869,HKEX-OIT,112225,False
832869,HKEX-SIMP,131957,False
832869,HKEX-SIMP,131956,False
832869,HKEX-SIMP,131961,False
832869,HKEX-SIMP,131960,False
832870,HKEX-SIMP,131959,False
832870,HKEX-SIMP,131954,False
832870,HKEX-SIMP,131962,False
832870,HKEX-SIMP,131958,False
832870,HKEX-SIMP,131955,False
832870,HKEX-SIMP,131953,False
832870,HKEX-XFR,112357,False
832870,HKEX-XFR,112352,False
832870,HKEX-XFR,112351,False
832870,HKEX-XFR,112353,False
832870,HKEX-XFR,112360,False
832870,HKEX-XFR,112355,False
832870,HKEX-XFR,112354,False
832870,HKEX-XFR,112358,False
832871,HKEX-XFR,112359,False
832871,HKEX-XFR,112356,False
832910,HKEX-SIMP,131974,False
832914,HKEX-XFR,112372,False
832921,HKEX-JNAF,118550,False
832944,HKEX-INA,122222,False
886766,HKEX-ETFB,127046,False
886766,HKEX-JNAF,126168,False
886769,HKEX-ETFB3,131271,False
886769,HKEX-ETFB3,131269,False
886769,HKEX-ETFB3,131268,False
886769,HKEX-ETFB3,131267,False
886769,HKEX-ETFB3,131265,False
886769,HKEX-ETFB3,131264,False
886769,HKEX-ETFB3,131263,False
886769,HKEX-ETFB3,131262,False
886769,HKEX-ETFB3,131266,False
886769,HKEX-ETFB3,131270,False
886770,HKEX-ETFB,127037,False
886770,HKEX-ETFB,127031,False
886770,HKEX-ETFB,127035,False
886770,HKEX-ETFB,127033,False
886770,HKEX-ETFB,127038,False
886770,HKEX-ETFB,127032,False
886770,HKEX-ETFB,127039,False
886770,HKEX-ETFB,127034,False
886771,HKEX-ETFB,127036,False
886771,HKEX-ETFA,122445,False
886771,HKEX-ETFA,122442,False
886771,HKEX-ETFA,122440,False
886771,HKEX-ETFA,122439,False
886771,HKEX-ETFA,122444,False
886771,HKEX-ETFA,122437,False
886772,HKEX-ETFA,122443,False
886772,HKEX-ETFA,122441,False
886772,HKEX-ETFA,122438,False
886772,HKEX-ETFA,122446,False
886773,HKEX-CARD,172715,False
886773,HKEX-CARD,172708,False
886773,HKEX-CARD,172710,False
886774,HKEX-CARD,172711,False
886774,HKEX-CARD,172713,False
886774,HKEX-CARD,172714,False
886774,HKEX-CARD,172712,False
886774,HKEX-CARD,172706,False
886774,HKEX-DLKV,129819,False
886774,HKEX-DLKV,129822,False
886774,HKEX-DLKV,129821,False
886774,HKEX-DLKV,129815,False
886774,HKEX-DLKV,129817,False
886774,HKEX-DLKV,129823,False
886774,HKEX-DLKV,129814,False
886774,HKEX-DLKV,129816,False
886774,HKEX-DLKV,129820,False
886774,HKEX-DLKV,129818,False
886775,HKEX-FSR,127595,False
886775,HKEX-FSR,127593,False
886775,HKEX-FSR,127592,False
886775,HKEX-FSR,127591,False
886775,HKEX-FSR,127589,False
886775,HKEX-FSR,127587,False
886775,HKEX-FSR,127590,False
886775,HKEX-FSR,127586,False
886775,HKEX-FSR,127588,False
886775,HKEX-FSR,127594,False
886775,HKEX-INA,129849,False
886775,HKEX-INA,129846,False
886775,HKEX-INA,129844,False
886775,HKEX-INA,129848,False
886775,HKEX-INA,129847,False
886775,HKEX-INA,129841,False
886775,HKEX-INA,129843,False
886775,HKEX-INA,129850,False
886775,HKEX-INA,129845,False
886775,HKEX-JNAF,126161,False
886775,HKEX-JNAF,126160,False
886775,HKEX-JNAF,126159,False
886775,HKEX-JNAF,126157,False
886775,HKEX-JNAF,126155,False
886775,HKEX-JNAF,126154,False
886775,HKEX-JNAF,126153,False
886775,HKEX-JNAF,126152,False
886775,HKEX-JNAF,126156,False
886775,HKEX-JNAF,126158,False
886775,HKEX-KOTD,133738,False
886775,HKEX-KOTD,133736,False
886775,HKEX-KOTD,133734,False
886775,HKEX-KOTD,133732,False
886775,HKEX-KOTD,133733,False
886775,HKEX-KOTD,133729,False
886775,HKEX-KOTD,133737,False
886775,HKEX-KOTD,133735,False
886775,HKEX-KOTD,133731,False
886775,HKEX-KOTD,133730,False
886775,HKEX-MDKA,130785,False
886775,HKEX-MDKA,130783,False
886775,HKEX-MDKA,130778,False
886775,HKEX-MDKA,130776,False
886775,HKEX-MDKA,130784,False
886775,HKEX-MDKA,130781,False
886775,HKEX-MDKA,130780,False
886775,HKEX-MDKA,130782,False
886775,HKEX-OIT,119391,False
886775,HKEX-OIT,119390,False
886775,HKEX-OIT,119389,False
886775,HKEX-OIT,119386,False
886775,HKEX-OIT,119385,False
886775,HKEX-OIT,119384,False
886776,HKEX-OIT,119387,False
886776,HKEX-OIT,119392,False
886776,HKEX-OIT,119388,False
886776,HKEX-OIT,119393,False
886776,HKEX-SIMP,141297,False
886776,HKEX-SIMP,141295,False
886776,HKEX-SIMP,141294,False
886776,HKEX-SIMP,141293,False
886776,HKEX-SIMP,141292,False
886776,HKEX-SIMP,141290,False
886776,HKEX-SIMP,141298,False
886776,HKEX-SIMP,141296,False
886776,HKEX-SIMP,141291,False
886776,HKEX-SIMP,141289,False
886777,HKEX-XFR,119724,False
886777,HKEX-XFR,119722,False
886777,HKEX-XFR,119719,False
886777,HKEX-XFR,119717,False
886777,HKEX-XFR,119720,False
886777,HKEX-XFR,119715,False
886777,HKEX-XFR,119716,False
886777,HKEX-XFR,119718,False
886777,HKEX-XFR,119721,False
886777,HKEX-XFR,119723,False
886778,HKEX-ETFB,127058,False
886779,HKEX-ETFA,122461,False
886779,HKEX-ETFB3,131290,False
886779,HKEX-JNAF,126179,False
886787,HKEX-FSR,127608,False
886787,HKEX-SIMP,141314,False
886788,HKEX-KOTD,133753,False
886797,HKEX-SIMP,141316,False
886803,HKEX-FSR,127609,False
886804,HKEX-SIMP,141318,False
886804,HKEX-SIMP,141319,False
886806,HKEX-CARD,172735,False
886806,HKEX-CARD,172736,False
886806,HKEX-KOTD,133755,False
886806,HKEX-CARD,172737,False
886809,HKEX-JNAF,126181,False
886818,HKEX-ETFB3,131300,False
886818,HKEX-CARD,172743,False
886822,HKEX-XFR,119741,False
886828,HKEX-SIMP,141320,False
886828,HKEX-CARD,172744,False
886829,HKEX-SIMP,141321,False
886829,HKEX-MDKA,130814,False
886837,HKEX-DLKV,129841,False
886846,HKEX-ETFA,122463,False
886847,HKEX-SIMP,141323,False
886850,HKEX-DLKV,129842,False
886871,HKEX-XFR,119744,False
886871,HKEX-KOTD,133762,False
886871,HKEX-KOTD,133763,False
886871,HKEX-SIMP,141326,False
886871,HKEX-SIMP,141327,False
886871,HKEX-SIMP,141328,False
886871,HKEX-SIMP,141329,False
886871,HKEX-SIMP,141330,False
886872,HKEX-KOTD,133764,False
886872,HKEX-SIMP,141331,False
886872,HKEX-SIMP,141332,False
886872,HKEX-SIMP,141333,False
886872,HKEX-SIMP,141334,False
886872,HKEX-SIMP,141335,False
886872,HKEX-ETFB3,131304,False
886872,HKEX-JNAF,126186,False
886873,HKEX-ETFB3,131288,False
886873,HKEX-ETFB3,131287,False
886873,HKEX-ETFB3,131286,False
886873,HKEX-ETFB3,131285,False
886873,HKEX-ETFB3,131281,False
886873,HKEX-ETFB3,131280,False
886873,HKEX-ETFB3,131282,False
886873,HKEX-ETFB3,131289,False
886874,HKEX-ETFB3,131283,False
886874,HKEX-ETFB3,131284,False
886875,HKEX-ETFB,127056,False
886875,HKEX-ETFB,127052,False
886875,HKEX-ETFB,127047,False
886875,HKEX-ETFB,127048,False
886875,HKEX-ETFB,127049,False
886875,HKEX-ETFB,127054,False
886875,HKEX-ETFB,127051,False
886875,HKEX-ETFB,127050,False
886876,HKEX-ETFB,127053,False
886876,HKEX-ETFB,127055,False
886876,HKEX-ETFA,122458,False
886876,HKEX-ETFA,122457,False
886876,HKEX-ETFA,122456,False
886876,HKEX-ETFA,122455,False
886876,HKEX-ETFA,122451,False
886876,HKEX-ETFA,122454,False
886877,HKEX-ETFA,122460,False
886877,HKEX-ETFA,122453,False
886878,HKEX-ETFA,122459,False
886878,HKEX-CARD,172731,False
886878,HKEX-CARD,172730,False
886878,HKEX-CARD,172729,False
886879,HKEX-CARD,172728,False
886879,HKEX-CARD,172724,False
886879,HKEX-CARD,172722,False
886879,HKEX-CARD,172727,False
886879,HKEX-CARD,172726,False
886880,HKEX-DLKV,129834,False
886880,HKEX-DLKV,129832,False
886880,HKEX-DLKV,129830,False
886880,HKEX-DLKV,129828,False
886880,HKEX-DLKV,129836,False
886880,HKEX-DLKV,129829,False
886880,HKEX-DLKV,129831,False
886880,HKEX-DLKV,129833,False
886880,HKEX-DLKV,129835,False
886880,HKEX-DLKV,129837,False
886880,HKEX-FSR,127607,False
886880,HKEX-FSR,127606,False
886880,HKEX-FSR,127604,False
886880,HKEX-FSR,127602,False
886880,HKEX-FSR,127600,False
886880,HKEX-FSR,127599,False
886880,HKEX-FSR,127601,False
886880,HKEX-FSR,127598,False
886881,HKEX-FSR,127603,False
886881,HKEX-FSR,127605,False
886881,HKEX-INA,129864,False
886881,HKEX-INA,129863,False
886881,HKEX-INA,129862,False
886881,HKEX-INA,129861,False
886881,HKEX-INA,129860,False
886881,HKEX-INA,129858,False
886881,HKEX-INA,129855,False
886881,HKEX-INA,129856,False
886881,HKEX-INA,129857,False
886881,HKEX-INA,129859,False
886881,HKEX-JNAF,126178,False
886881,HKEX-JNAF,126176,False
886881,HKEX-JNAF,126175,False
886881,HKEX-JNAF,126173,False
886881,HKEX-JNAF,126172,False
886881,HKEX-JNAF,126170,False
886881,HKEX-JNAF,126169,False
886881,HKEX-JNAF,126171,False
886881,HKEX-JNAF,126177,False
886881,HKEX-JNAF,126174,False
886881,HKEX-KOTD,133751,False
886881,HKEX-KOTD,133749,False
886881,HKEX-KOTD,133744,False
886881,HKEX-KOTD,133746,False
886881,HKEX-KOTD,133747,False
886882,HKEX-KOTD,133750,False
886882,HKEX-KOTD,133743,False
886882,HKEX-KOTD,133745,False
886882,HKEX-KOTD,133748,False
886882,HKEX-KOTD,133752,False
886882,HKEX-MDKA,130806,False
886882,HKEX-MDKA,130804,False
886882,HKEX-MDKA,130802,False
886882,HKEX-MDKA,130800,False
886882,HKEX-MDKA,130807,False
886882,HKEX-MDKA,130805,False
886882,HKEX-MDKA,130798,False
886882,HKEX-MDKA,130801,False
886882,HKEX-MDKA,130803,False
886882,HKEX-OIT,119405,False
886882,HKEX-OIT,119404,False
886882,HKEX-OIT,119403,False
886882,HKEX-OIT,119402,False
886882,HKEX-OIT,119400,False
886882,HKEX-OIT,119396,False
886883,HKEX-OIT,119398,False
886883,HKEX-OIT,119397,False
886883,HKEX-OIT,119401,False
886883,HKEX-OIT,119399,False
886883,HKEX-SIMP,141313,False
886883,HKEX-SIMP,141312,False
886883,HKEX-SIMP,141311,False
886883,HKEX-SIMP,141310,False
886883,HKEX-SIMP,141309,False
886883,HKEX-SIMP,141308,False
886883,HKEX-SIMP,141306,False
886883,HKEX-SIMP,141305,False
886883,HKEX-SIMP,141307,False
886884,HKEX-XFR,119740,False
886884,HKEX-XFR,119738,False
886884,HKEX-XFR,119736,False
886884,HKEX-XFR,119732,False
886884,HKEX-XFR,119734,False
886884,HKEX-XFR,119739,False
886884,HKEX-XFR,119735,False
886884,HKEX-XFR,119737,False
886884,HKEX-XFR,119731,False
886884,HKEX-XFR,119733,False
886902,HKEX-FSR,127624,False
886902,HKEX-MDKA,130828,False
886906,HKEX-MDKA,130830,False
886915,HKEX-MDKA,130831,False
886915,HKEX-MDKA,130832,False
886922,HKEX-MDKA,130833,False
886922,HKEX-XFR,119756,False
886922,HKEX-ETFB,127071,False
886922,HKEX-ETFB,127072,False
886922,HKEX-JNAF,126199,False
886924,HKEX-MDKA,130834,False
886924,HKEX-KOTD,133776,False
886928,HKEX-FSR,127625,False
886928,HKEX-ETFB3,131317,False
886928,HKEX-ETFA,122476,False
886928,HKEX-ETFB3,131318,False
886928,HKEX-CARD,172764,False
886929,HKEX-CARD,172765,False
886929,HKEX-SIMP,141349,False
886933,HKEX-MDKA,130835,False
886944,HKEX-ETFB3,131319,False
886944,HKEX-KOTD,133777,False
886944,HKEX-DLKV,129855,False
886947,HKEX-MDKA,130836,False
886970,HKEX-KOTD,133781,False
886970,HKEX-ETFA,122477,False
886971,HKEX-ETFB3,131314,False
886971,HKEX-ETFB3,131313,False
886971,HKEX-ETFB3,131311,False
886971,HKEX-ETFB3,131310,False
886971,HKEX-ETFB3,131305,False
886971,HKEX-ETFB3,131308,False
886971,HKEX-ETFB3,131309,False
886971,HKEX-ETFB3,131307,False
886971,HKEX-ETFB3,131312,False
886971,HKEX-ETFB,127069,False
886971,HKEX-ETFB,127068,False
886972,HKEX-ETFB,127066,False
886972,HKEX-ETFB,127065,False
886972,HKEX-ETFB,127062,False
886972,HKEX-ETFB,127061,False
886972,HKEX-ETFB,127070,False
886972,HKEX-ETFB,127064,False
886972,HKEX-ETFB,127067,False
886972,HKEX-ETFB,127063,False
886973,HKEX-ETFA,122472,False
886973,HKEX-ETFA,122470,False
886973,HKEX-ETFA,122467,False
886973,HKEX-ETFA,122466,False
886973,HKEX-ETFA,122464,False
886974,HKEX-ETFA,122469,False
886974,HKEX-ETFA,122468,False
886974,HKEX-ETFA,122471,False
886974,HKEX-ETFA,122473,False
886975,HKEX-CARD,172758,False
886975,HKEX-CARD,172757,False
886975,HKEX-CARD,172756,False
886975,HKEX-CARD,172755,False
886975,HKEX-CARD,172754,False
886975,HKEX-CARD,172753,False
886975,HKEX-CARD,172751,False
886975,HKEX-CARD,172749,False
886977,HKEX-DLKV,129851,False
886977,HKEX-DLKV,129849,False
886977,HKEX-DLKV,129846,False
886977,HKEX-DLKV,129844,False
886977,HKEX-DLKV,129853,False
886977,HKEX-DLKV,129848,False
886977,HKEX-DLKV,129847,False
886977,HKEX-DLKV,129852,False
886977,HKEX-DLKV,129850,False
886977,HKEX-DLKV,129845,False
886977,HKEX-FSR,127622,False
886977,HKEX-FSR,127621,False
886977,HKEX-FSR,127620,False
886977,HKEX-FSR,127619,False
886977,HKEX-FSR,127618,False
886977,HKEX-FSR,127617,False
886977,HKEX-FSR,127616,False
886977,HKEX-FSR,127615,False
886977,HKEX-FSR,127614,False
886977,HKEX-FSR,127623,False
886978,HKEX-INA,129877,False
886978,HKEX-INA,129876,False
886978,HKEX-INA,129875,False
886978,HKEX-INA,129871,False
886978,HKEX-INA,129873,False
886978,HKEX-INA,129872,False
886978,HKEX-INA,129874,False
886978,HKEX-INA,129878,False
886978,HKEX-JNAF,126197,False
886978,HKEX-JNAF,126195,False
886978,HKEX-JNAF,126194,False
886978,HKEX-JNAF,126191,False
886978,HKEX-JNAF,126190,False
886978,HKEX-JNAF,126189,False
886978,HKEX-JNAF,126188,False
886978,HKEX-JNAF,126193,False
886978,HKEX-JNAF,126196,False
886978,HKEX-JNAF,126192,False
886978,HKEX-KOTD,133773,False
886978,HKEX-KOTD,133772,False
886978,HKEX-KOTD,133771,False
886978,HKEX-KOTD,133768,False
886978,HKEX-KOTD,133765,False
886978,HKEX-KOTD,133770,False
886978,HKEX-KOTD,133767,False
886978,HKEX-KOTD,133769,False
886978,HKEX-KOTD,133774,False
886978,HKEX-KOTD,133766,False
886978,HKEX-MDKA,130824,False
886978,HKEX-MDKA,130823,False
886978,HKEX-MDKA,130821,False
886978,HKEX-MDKA,130820,False
886978,HKEX-MDKA,130819,False
886978,HKEX-MDKA,130818,False
886978,HKEX-MDKA,130822,False
886978,HKEX-MDKA,130826,False
886978,HKEX-MDKA,130817,False
886978,HKEX-MDKA,130825,False
886978,HKEX-OIT,119416,False
886978,HKEX-OIT,119414,False
886978,HKEX-OIT,119413,False
886978,HKEX-OIT,119412,False
886978,HKEX-OIT,119411,False
886979,HKEX-OIT,119410,False
886979,HKEX-OIT,119409,False
886979,HKEX-OIT,119408,False
886979,HKEX-OIT,119415,False
886979,HKEX-OIT,119417,False
886979,HKEX-SIMP,141345,False
886979,HKEX-SIMP,141344,False
886979,HKEX-SIMP,141341,False
886979,HKEX-SIMP,141340,False
886979,HKEX-SIMP,141339,False
886979,HKEX-SIMP,141338,False
886979,HKEX-SIMP,141337,False
886979,HKEX-SIMP,141336,False
886979,HKEX-SIMP,141342,False
886979,HKEX-SIMP,141343,False
886979,HKEX-XFR,119751,False
886980,HKEX-XFR,119753,False
886980,HKEX-XFR,119746,False
886980,HKEX-XFR,119748,False
886980,HKEX-XFR,119749,False
886980,HKEX-XFR,119755,False
886980,HKEX-XFR,119754,False
886980,HKEX-XFR,119752,False
886980,HKEX-XFR,119747,False
886980,HKEX-XFR,119750,False
886980,HKEX-ETFA,122488,False
886980,HKEX-ETFB3,131332,False
886980,HKEX-JNAF,126211,False
886981,HKEX-ETFB,126551,False
886983,HKEX-MDKA,130847,False
886990,HKEX-KOTD,133793,False
886990,HKEX-ETFB3,131334,False
886998,HKEX-CARD,172781,False
887002,HKEX-XFR,119769,False
887008,HKEX-ETFB3,131335,False
887008,HKEX-JNAF,126213,False
887009,HKEX-CARD,172782,False
887012,HKEX-KOTD,133795,False
887014,HKEX-ETFA,122491,False
887015,HKEX-ETFB3,131337,False
887015,HKEX-FSR,127639,False
887015,HKEX-CARD,172784,False
887015,HKEX-CARD,172785,False
887015,HKEX-CARD,172786,False
887016,HKEX-CARD,172787,False
887016,HKEX-SIMP,141366,False
887016,HKEX-SIMP,141367,False
887016,HKEX-SIMP,141368,False
887027,HKEX-MDKA,130849,False
887027,HKEX-KOTD,133796,False
887032,HKEX-XFR,119770,False
887033,HKEX-CARD,172788,False
887037,HKEX-INA,129895,False
887061,HKEX-ETFB3,131331,False
887061,HKEX-ETFB3,131330,False
887061,HKEX-ETFB3,131329,False
887061,HKEX-ETFB3,131328,False
887061,HKEX-ETFB3,131327,False
887061,HKEX-ETFB3,131326,False
887061,HKEX-ETFB3,131325,False
887061,HKEX-ETFB3,131324,False
887061,HKEX-ETFB3,131323,False
887061,HKEX-ETFB3,131322,False
887062,HKEX-ETFB,127081,False
887062,HKEX-ETFB,127080,False
887062,HKEX-ETFB,127079,False
887062,HKEX-ETFB,127078,False
887062,HKEX-ETFB,127076,False
887062,HKEX-ETFB,127074,False
887062,HKEX-ETFB,127073,False
887062,HKEX-ETFB,127075,False
887062,HKEX-ETFB,127077,False
887063,HKEX-ETFB,127082,False
887063,HKEX-ETFA,122484,False
887063,HKEX-ETFA,122480,False
887063,HKEX-ETFA,122486,False
887064,HKEX-ETFA,122487,False
887064,HKEX-ETFA,122485,False
887064,HKEX-ETFA,122481,False
887064,HKEX-ETFA,122478,False
887064,HKEX-ETFA,122483,False
887064,HKEX-ETFA,122482,False
887065,HKEX-CARD,172778,False
887065,HKEX-CARD,172777,False
887065,HKEX-CARD,172776,False
887065,HKEX-CARD,172775,False
887065,HKEX-CARD,172774,False
887065,HKEX-CARD,172773,False
887065,HKEX-CARD,172772,False
887065,HKEX-CARD,172771,False
887065,HKEX-CARD,172770,False
887066,HKEX-DLKV,129867,False
887066,HKEX-DLKV,129866,False
887066,HKEX-DLKV,129865,False
887066,HKEX-DLKV,129864,False
887066,HKEX-DLKV,129863,False
887066,HKEX-DLKV,129862,False
887066,HKEX-DLKV,129861,False
887066,HKEX-DLKV,129869,False
887066,HKEX-DLKV,129868,False
887066,HKEX-DLKV,129870,False
887066,HKEX-FSR,127638,False
887066,HKEX-FSR,127636,False
887066,HKEX-FSR,127634,False
887066,HKEX-FSR,127633,False
887066,HKEX-FSR,127630,False
887066,HKEX-FSR,127629,False
887066,HKEX-FSR,127635,False
887066,HKEX-FSR,127637,False
887066,HKEX-FSR,127632,False
887066,HKEX-FSR,127631,False
887067,HKEX-INA,129890,False
887067,HKEX-INA,129888,False
887067,HKEX-INA,129887,False
887067,HKEX-INA,129891,False
887067,HKEX-INA,129889,False
887067,HKEX-INA,129886,False
887067,HKEX-JNAF,126209,False
887067,HKEX-JNAF,126208,False
887067,HKEX-JNAF,126207,False
887067,HKEX-JNAF,126206,False
887067,HKEX-JNAF,126205,False
887067,HKEX-JNAF,126204,False
887067,HKEX-JNAF,126201,False
887067,HKEX-JNAF,126203,False
887067,HKEX-JNAF,126202,False
887067,HKEX-JNAF,126210,False
887067,HKEX-KOTD,133790,False
887067,HKEX-KOTD,133789,False
887067,HKEX-KOTD,133787,False
887067,HKEX-KOTD,133785,False
887067,HKEX-KOTD,133783,False
887067,HKEX-KOTD,133782,False
887067,HKEX-KOTD,133788,False
887067,HKEX-KOTD,133784,False
887067,HKEX-KOTD,133786,False
887067,HKEX-KOTD,133791,False
887067,HKEX-MDKA,130846,False
887067,HKEX-MDKA,130844,False
887067,HKEX-MDKA,130842,False
887067,HKEX-MDKA,130840,False
887067,HKEX-MDKA,130837,False
887067,HKEX-MDKA,130843,False
887067,HKEX-MDKA,130841,False
887067,HKEX-MDKA,130839,False
887067,HKEX-MDKA,130845,False
887067,HKEX-MDKA,130838,False
887067,HKEX-OIT,119426,False
887067,HKEX-OIT,119422,False
887068,HKEX-OIT,119421,False
887068,HKEX-OIT,119423,False
887068,HKEX-OIT,119418,False
887068,HKEX-OIT,119424,False
887068,HKEX-OIT,119425,False
887068,HKEX-OIT,119427,False
887068,HKEX-OIT,119419,False
887068,HKEX-OIT,119420,False
887068,HKEX-SIMP,141365,False
887068,HKEX-SIMP,141364,False
887068,HKEX-SIMP,141363,False
887068,HKEX-SIMP,141362,False
887068,HKEX-SIMP,141361,False
887068,HKEX-SIMP,141360,False
887068,HKEX-SIMP,141359,False
887068,HKEX-SIMP,141358,False
887068,HKEX-SIMP,141356,False
887069,HKEX-XFR,119767,False
887069,HKEX-XFR,119766,False
887069,HKEX-XFR,119763,False
887069,HKEX-XFR,119761,False
887069,HKEX-XFR,119759,False
887069,HKEX-XFR,119764,False
887069,HKEX-XFR,119762,False
887069,HKEX-XFR,119765,False
887069,HKEX-XFR,119760,False
887069,HKEX-XFR,119768,False
887069,HKEX-JNAF,126225,False
887069,HKEX-KOTD,133811,False
887070,HKEX-SIMP,141385,False
887071,HKEX-KOTD,133812,False
887093,HKEX-KOTD,133813,False
887102,HKEX-SIMP,141386,False
887102,HKEX-JNAF,126227,False
887102,HKEX-ETFB,127101,False
887102,HKEX-INA,129907,False
887102,HKEX-FSR,127651,False
887102,HKEX-XFR,119783,False
887102,HKEX-KOTD,133815,False
887102,HKEX-JNAF,126228,False
887108,HKEX-JNAF,126229,False
887109,HKEX-KOTD,133816,False
887109,HKEX-JNAF,126230,False
887113,HKEX-ETFA,122504,False
887113,HKEX-ETFB3,131353,False
887113,HKEX-CARD,172805,False
887114,HKEX-SIMP,141387,False
887115,HKEX-ETFB3,131355,False
887125,HKEX-CARD,172810,False
887135,HKEX-CARD,172811,False
887136,HKEX-OIT,119439,False
887136,HKEX-CARD,172812,False
887136,HKEX-OIT,119440,False
887143,HKEX-ETFB,126856,False
887154,HKEX-INA,129908,False
887156,HKEX-INA,129910,False
887161,HKEX-ETFB3,131348,False
887161,HKEX-ETFB3,131346,False
887161,HKEX-ETFB3,131345,False
887161,HKEX-ETFB3,131343,False
887161,HKEX-ETFB3,131342,False
887161,HKEX-ETFB3,131344,False
887161,HKEX-ETFB3,131339,False
887161,HKEX-ETFB3,131340,False
887161,HKEX-ETFB3,131341,False
887162,HKEX-ETFB3,131347,False
887162,HKEX-ETFB,127091,False
887162,HKEX-ETFB,127097,False
887162,HKEX-ETFB,127094,False
887162,HKEX-ETFB,127092,False
887162,HKEX-ETFB,127093,False
887162,HKEX-ETFB,127095,False
887162,HKEX-ETFB,127098,False
887162,HKEX-ETFB,127099,False
887162,HKEX-ETFB,127096,False
887163,HKEX-ETFB,127090,False
887163,HKEX-ETFA,122494,False
887163,HKEX-ETFA,122492,False
887163,HKEX-ETFA,122501,False
887164,HKEX-ETFA,122495,False
887164,HKEX-ETFA,122500,False
887164,HKEX-ETFA,122496,False
887164,HKEX-ETFA,122497,False
887164,HKEX-ETFA,122499,False
887164,HKEX-ETFA,122498,False
887165,HKEX-CARD,172800,False
887165,HKEX-CARD,172799,False
887165,HKEX-CARD,172798,False
887165,HKEX-CARD,172797,False
887165,HKEX-CARD,172796,False
887165,HKEX-CARD,172795,False
887165,HKEX-CARD,172793,False
887165,HKEX-CARD,172801,False
887166,HKEX-DLKV,129879,False
887166,HKEX-DLKV,129876,False
887166,HKEX-DLKV,129885,False
887166,HKEX-DLKV,129881,False
887166,HKEX-DLKV,129883,False
887166,HKEX-DLKV,129878,False
887166,HKEX-DLKV,129880,False
887166,HKEX-DLKV,129882,False
887166,HKEX-DLKV,129884,False
887166,HKEX-FSR,127650,False
887166,HKEX-FSR,127649,False
887166,HKEX-FSR,127648,False
887166,HKEX-FSR,127644,False
887166,HKEX-FSR,127643,False
887166,HKEX-FSR,127641,False
887166,HKEX-FSR,127642,False
887166,HKEX-FSR,127646,False
887167,HKEX-FSR,127647,False
887167,HKEX-FSR,127645,False
887167,HKEX-INA,129906,False
887167,HKEX-INA,129904,False
887167,HKEX-INA,129905,False
887167,HKEX-INA,129903,False
887167,HKEX-JNAF,126224,False
887167,HKEX-JNAF,126223,False
887167,HKEX-JNAF,126222,False
887167,HKEX-JNAF,126221,False
887167,HKEX-JNAF,126220,False
887167,HKEX-JNAF,126219,False
887167,HKEX-JNAF,126217,False
887167,HKEX-JNAF,126215,False
887167,HKEX-JNAF,126216,False
887167,HKEX-JNAF,126218,False
887167,HKEX-KOTD,133808,False
887167,HKEX-KOTD,133802,False
887167,HKEX-KOTD,133806,False
887167,HKEX-KOTD,133801,False
887167,HKEX-KOTD,133810,False
887167,HKEX-KOTD,133805,False
887167,HKEX-KOTD,133804,False
887167,HKEX-KOTD,133807,False
887167,HKEX-KOTD,133803,False
887167,HKEX-KOTD,133809,False
887167,HKEX-MDKA,130852,False
887167,HKEX-MDKA,130854,False
887167,HKEX-MDKA,130856,False
887167,HKEX-MDKA,130858,False
887167,HKEX-MDKA,130857,False
887167,HKEX-MDKA,130855,False
887167,HKEX-MDKA,130859,False
887167,HKEX-MDKA,130860,False
887167,HKEX-MDKA,130861,False
887167,HKEX-OIT,119434,False
887167,HKEX-OIT,119430,False
887167,HKEX-OIT,119428,False
887167,HKEX-OIT,119436,False
887168,HKEX-OIT,119429,False
887168,HKEX-OIT,119432,False
887168,HKEX-OIT,119433,False
887168,HKEX-OIT,119435,False
887168,HKEX-OIT,119431,False
887168,HKEX-OIT,119437,False
887168,HKEX-SIMP,141384,False
887168,HKEX-SIMP,141381,False
887168,HKEX-SIMP,141380,False
887168,HKEX-SIMP,141379,False
887168,HKEX-SIMP,141378,False
887168,HKEX-SIMP,141376,False
887168,HKEX-SIMP,141375,False
887168,HKEX-SIMP,141383,False
887168,HKEX-SIMP,141382,False
887169,HKEX-SIMP,141377,False
887169,HKEX-XFR,119780,False
887169,HKEX-XFR,119778,False
887169,HKEX-XFR,119775,False
887169,HKEX-XFR,119772,False
887169,HKEX-XFR,119773,False
887169,HKEX-XFR,119774,False
887169,HKEX-XFR,119776,False
887169,HKEX-XFR,119779,False
887169,HKEX-XFR,119777,False
887169,HKEX-XFR,119781,False
887169,HKEX-KOTD,133829,False
887169,HKEX-KOTD,133830,False
887169,HKEX-FSR,127665,False
887170,HKEX-JNAF,126241,False
887171,HKEX-FSR,127666,False
887177,HKEX-OIT,119451,False
887181,HKEX-FSR,127667,False
887206,HKEX-KOTD,133834,False
887209,HKEX-JNAF,126242,False
887211,HKEX-CARD,172473,False
887211,HKEX-ETFB3,131372,False
887211,HKEX-SIMP,141099,False
887215,HKEX-ETFA,122520,False
887215,HKEX-ETFB3,131373,False
887215,HKEX-CARD,172831,False
887219,HKEX-FSR,127668,False
887236,HKEX-CARD,172835,False
887239,HKEX-ETFA,122521,False
887261,HKEX-ETFB3,131368,False
887261,HKEX-ETFB3,131367,False
887261,HKEX-ETFB3,131366,False
887261,HKEX-ETFB3,131365,False
887261,HKEX-ETFB3,131364,False
887261,HKEX-ETFB3,131363,False
887261,HKEX-ETFB3,131362,False
887261,HKEX-ETFB3,131361,False
887261,HKEX-ETFB3,131369,False
887262,HKEX-ETFB3,131360,False
887262,HKEX-ETFB,127114,False
887262,HKEX-ETFB,127113,False
887262,HKEX-ETFB,127112,False
887262,HKEX-ETFB,127108,False
887262,HKEX-ETFB,127110,False
887262,HKEX-ETFB,127106,False
887262,HKEX-ETFB,127111,False
887263,HKEX-ETFB,127105,False
887263,HKEX-ETFB,127107,False
887263,HKEX-ETFB,127109,False
887263,HKEX-ETFA,122516,False
887263,HKEX-ETFA,122515,False
887263,HKEX-ETFA,122514,False
887263,HKEX-ETFA,122512,False
887263,HKEX-ETFA,122510,False
887263,HKEX-ETFA,122509,False
887263,HKEX-ETFA,122518,False
887264,HKEX-ETFA,122517,False
887264,HKEX-ETFA,122511,False
887264,HKEX-ETFA,122513,False
887265,HKEX-CARD,172825,False
887265,HKEX-CARD,172824,False
887265,HKEX-CARD,172822,False
887265,HKEX-CARD,172820,False
887265,HKEX-CARD,172819,False
887265,HKEX-CARD,172817,False
887265,HKEX-CARD,172821,False
887265,HKEX-CARD,172823,False
887266,HKEX-DLKV,129899,False
887266,HKEX-DLKV,129897,False
887266,HKEX-DLKV,129895,False
887266,HKEX-DLKV,129901,False
887266,HKEX-DLKV,129902,False
887266,HKEX-DLKV,129893,False
887266,HKEX-FSR,127663,False
887266,HKEX-FSR,127661,False
887266,HKEX-FSR,127660,False
887266,HKEX-FSR,127659,False
887266,HKEX-FSR,127658,False
887266,HKEX-FSR,127657,False
887266,HKEX-FSR,127656,False
887266,HKEX-FSR,127655,False
887266,HKEX-FSR,127664,False
887266,HKEX-FSR,127662,False
887267,HKEX-INA,129920,False
887267,HKEX-INA,129917,False
887267,HKEX-INA,129915,False
887267,HKEX-INA,129914,False
887267,HKEX-INA,129912,False
887267,HKEX-INA,129919,False
887267,HKEX-INA,129916,False
887267,HKEX-INA,129918,False
887267,HKEX-JNAF,126240,False
887267,HKEX-JNAF,126239,False
887267,HKEX-JNAF,126238,False
887267,HKEX-JNAF,126237,False
887267,HKEX-JNAF,126235,False
887267,HKEX-JNAF,126234,False
887267,HKEX-JNAF,126233,False
887267,HKEX-JNAF,126232,False
887267,HKEX-JNAF,126231,False
887267,HKEX-JNAF,126236,False
887267,HKEX-KOTD,133826,False
887267,HKEX-KOTD,133824,False
887267,HKEX-KOTD,133823,False
887267,HKEX-KOTD,133822,False
887267,HKEX-KOTD,133820,False
887267,HKEX-KOTD,133827,False
887267,HKEX-KOTD,133828,False
887267,HKEX-KOTD,133819,False
887267,HKEX-KOTD,133825,False
887267,HKEX-KOTD,133821,False
887267,HKEX-MDKA,130876,False
887267,HKEX-MDKA,130874,False
887267,HKEX-MDKA,130872,False
887267,HKEX-MDKA,130870,False
887267,HKEX-MDKA,130878,False
887267,HKEX-MDKA,130871,False
887267,HKEX-MDKA,130873,False
887267,HKEX-MDKA,130875,False
887267,HKEX-MDKA,130877,False
887267,HKEX-MDKA,130879,False
887267,HKEX-OIT,119449,False
887267,HKEX-OIT,119444,False
887267,HKEX-OIT,119442,False
887268,HKEX-OIT,119446,False
887268,HKEX-OIT,119441,False
887268,HKEX-OIT,119443,False
887268,HKEX-OIT,119445,False
887268,HKEX-OIT,119447,False
887268,HKEX-OIT,119450,False
887268,HKEX-OIT,119448,False
887268,HKEX-SIMP,141397,False
887268,HKEX-SIMP,141396,False
887268,HKEX-SIMP,141394,False
887268,HKEX-SIMP,141392,False
887268,HKEX-SIMP,141391,False
887268,HKEX-SIMP,141389,False
887268,HKEX-SIMP,141393,False
887268,HKEX-SIMP,141398,False
887268,HKEX-SIMP,141395,False
887268,HKEX-XFR,119790,False
887268,HKEX-XFR,119788,False
887268,HKEX-XFR,119787,False
887268,HKEX-XFR,119786,False
887268,HKEX-XFR,119785,False
887268,HKEX-XFR,119784,False
887269,HKEX-XFR,119792,False
887269,HKEX-XFR,119793,False
887269,HKEX-XFR,119789,False
887269,HKEX-XFR,119791,False
887272,HKEX-KOTD,133848,False
887277,HKEX-ETFB3,131384,False
887291,HKEX-MDKA,130897,False
887291,HKEX-SIMP,141416,False
887292,HKEX-ETFA,122534,False
887293,HKEX-FSR,127684,False
887311,HKEX-JNAF,126253,False
887313,HKEX-ETFA,122535,False
887319,HKEX-MDKA,130898,False
887320,HKEX-MDKA,130899,False
887336,HKEX-OIT,119462,False
887369,HKEX-ETFB3,131386,False
887369,HKEX-ETFB3,131387,False
887369,HKEX-ETFA,122536,False
887370,HKEX-ETFB3,131383,False
887370,HKEX-ETFB3,131382,False
887370,HKEX-ETFB3,131380,False
887370,HKEX-ETFB3,131379,False
887370,HKEX-ETFB3,131378,False
887370,HKEX-ETFB3,131376,False
887370,HKEX-ETFB3,131374,False
887370,HKEX-ETFB3,131381,False
887370,HKEX-ETFB3,131375,False
887371,HKEX-ETFB3,131377,False
887371,HKEX-ETFB,127125,False
887371,HKEX-ETFB,127124,False
887371,HKEX-ETFB,127122,False
887371,HKEX-ETFB,127126,False
887371,HKEX-ETFB,127118,False
887371,HKEX-ETFB,127120,False
887371,HKEX-ETFB,127119,False
887372,HKEX-ETFB,127121,False
887372,HKEX-ETFB,127123,False
887372,HKEX-ETFB,127127,False
887372,HKEX-ETFA,122532,False
887372,HKEX-ETFA,122531,False
887372,HKEX-ETFA,122530,False
887372,HKEX-ETFA,122529,False
887372,HKEX-ETFA,122525,False
887372,HKEX-ETFA,122524,False
887373,HKEX-ETFA,122523,False
887373,HKEX-ETFA,122527,False
887373,HKEX-ETFA,122526,False
887373,HKEX-ETFA,122528,False
887374,HKEX-CARD,172849,False
887374,HKEX-CARD,172848,False
887374,HKEX-CARD,172847,False
887374,HKEX-CARD,172846,False
887374,HKEX-CARD,172841,False
887374,HKEX-CARD,172843,False
887374,HKEX-CARD,172845,False
887375,HKEX-DLKV,129933,False
887375,HKEX-FSR,127682,False
887375,HKEX-FSR,127681,False
887375,HKEX-FSR,127680,False
887375,HKEX-FSR,127679,False
887375,HKEX-FSR,127678,False
887375,HKEX-FSR,127677,False
887375,HKEX-FSR,127675,False
887375,HKEX-FSR,127674,False
887375,HKEX-FSR,127673,False
887375,HKEX-FSR,127676,False
887376,HKEX-INA,129932,False
887376,HKEX-INA,129928,False
887376,HKEX-INA,129927,False
887376,HKEX-INA,129926,False
887376,HKEX-INA,129924,False
887376,HKEX-INA,129930,False
887376,HKEX-INA,129929,False
887376,HKEX-INA,129931,False
887376,HKEX-JNAF,126251,False
887376,HKEX-JNAF,126249,False
887376,HKEX-JNAF,126248,False
887376,HKEX-JNAF,126247,False
887376,HKEX-JNAF,126246,False
887376,HKEX-JNAF,126244,False
887376,HKEX-JNAF,126243,False
887376,HKEX-JNAF,126252,False
887376,HKEX-JNAF,126250,False
887376,HKEX-JNAF,126245,False
887376,HKEX-KOTD,133846,False
887376,HKEX-KOTD,133844,False
887376,HKEX-KOTD,133840,False
887376,HKEX-KOTD,133839,False
887376,HKEX-KOTD,133843,False
887376,HKEX-KOTD,133845,False
887376,HKEX-KOTD,133842,False
887376,HKEX-KOTD,133841,False
887376,HKEX-KOTD,133837,False
887376,HKEX-MDKA,130894,False
887376,HKEX-MDKA,130889,False
887376,HKEX-MDKA,130885,False
887376,HKEX-MDKA,130891,False
887376,HKEX-MDKA,130887,False
887376,HKEX-MDKA,130890,False
887376,HKEX-MDKA,130892,False
887376,HKEX-MDKA,130893,False
887376,HKEX-OIT,119456,False
887376,HKEX-OIT,119453,False
887377,HKEX-OIT,119461,False
887377,HKEX-OIT,119458,False
887377,HKEX-OIT,119454,False
887377,HKEX-OIT,119460,False
887377,HKEX-OIT,119457,False
887377,HKEX-OIT,119452,False
887377,HKEX-OIT,119455,False
887377,HKEX-OIT,119459,False
887377,HKEX-SIMP,141415,False
887377,HKEX-SIMP,141414,False
887377,HKEX-SIMP,141410,False
887377,HKEX-SIMP,141409,False
887377,HKEX-SIMP,141408,False
887377,HKEX-SIMP,141407,False
887377,HKEX-SIMP,141406,False
887377,HKEX-SIMP,141413,False
887377,HKEX-SIMP,141411,False
887377,HKEX-SIMP,141412,False
887378,HKEX-XFR,119804,False
887378,HKEX-XFR,119803,False
887378,HKEX-XFR,119802,False
887378,HKEX-XFR,119801,False
887378,HKEX-XFR,119800,False
887378,HKEX-XFR,119798,False
887378,HKEX-XFR,119796,False
887378,HKEX-XFR,119795,False
887378,HKEX-XFR,119799,False
887378,HKEX-XFR,119797,False
887378,HKEX-DLKV,129960,False
887378,HKEX-DLKV,129961,False
887378,HKEX-DLKV,129962,False
887378,HKEX-KOTD,133864,False
887378,HKEX-KOTD,133865,False
887379,HKEX-DLKV,129966,False
887379,HKEX-KOTD,133866,False
887380,HKEX-XFR,119820,False
887386,HKEX-XFR,119821,False
887387,HKEX-MDKA,130919,False
887387,HKEX-XFR,119822,False
887391,HKEX-ETFA,122547,False
887400,HKEX-MDKA,130920,False
887406,HKEX-MDKA,130921,False
887407,HKEX-KOTD,133867,False
887409,HKEX-MDKA,130922,False
887437,HKEX-KOTD,133868,False
887438,HKEX-INA,129946,False
887438,HKEX-DLKV,129973,False
887446,HKEX-MDKA,130929,False
887446,HKEX-XFR,119823,False
887449,HKEX-MDKA,130930,False
887464,HKEX-XFR,119824,False
887470,HKEX-ETFB3,131394,False
887470,HKEX-ETFB3,131393,False
887470,HKEX-ETFB3,131391,False
887470,HKEX-ETFB3,131388,False
887470,HKEX-ETFB3,131395,False
887470,HKEX-ETFB3,131396,False
887470,HKEX-ETFB3,131397,False
887470,HKEX-ETFB3,131390,False
887471,HKEX-ETFB3,131389,False
887471,HKEX-ETFB3,131392,False
887471,HKEX-ETFB,127138,False
887471,HKEX-ETFB,127137,False
887471,HKEX-ETFB,127136,False
887471,HKEX-ETFB,127132,False
887471,HKEX-ETFB,127130,False
887472,HKEX-ETFB,127134,False
887472,HKEX-ETFB,127133,False
887472,HKEX-ETFB,127129,False
887472,HKEX-ETFB,127131,False
887472,HKEX-ETFB,127135,False
887473,HKEX-ETFA,122545,False
887473,HKEX-ETFA,122541,False
887473,HKEX-ETFA,122537,False
887473,HKEX-ETFA,122539,False
887473,HKEX-ETFA,122543,False
887474,HKEX-ETFA,122538,False
887474,HKEX-ETFA,122546,False
887474,HKEX-ETFA,122544,False
887474,HKEX-ETFA,122540,False
887475,HKEX-ETFA,122542,False
887476,HKEX-CARD,172877,False
887476,HKEX-CARD,172876,False
887476,HKEX-CARD,172875,False
887476,HKEX-CARD,172874,False
887476,HKEX-CARD,172872,False
887476,HKEX-CARD,172870,False
887476,HKEX-CARD,172869,False
887476,HKEX-CARD,172868,False
887478,HKEX-CARD,172871,False
887478,HKEX-CARD,172873,False
887478,HKEX-DLKV,129959,False
887478,HKEX-DLKV,129958,False
887478,HKEX-DLKV,129957,False
887478,HKEX-DLKV,129956,False
887478,HKEX-DLKV,129954,False
887478,HKEX-FSR,127696,False
887478,HKEX-FSR,127693,False
887478,HKEX-FSR,127692,False
887478,HKEX-FSR,127690,False
887478,HKEX-FSR,127688,False
887479,HKEX-FSR,127697,False
887479,HKEX-FSR,127695,False
887479,HKEX-FSR,127689,False
887479,HKEX-FSR,127694,False
887479,HKEX-FSR,127691,False
887479,HKEX-INA,129943,False
887479,HKEX-INA,129942,False
887479,HKEX-INA,129941,False
887479,HKEX-INA,129940,False
887479,HKEX-INA,129938,False
887479,HKEX-INA,129936,False
887479,HKEX-INA,129944,False
887479,HKEX-INA,129937,False
887479,HKEX-INA,129939,False
887479,HKEX-INA,129935,False
887479,HKEX-JNAF,126265,False
887479,HKEX-JNAF,126264,False
887479,HKEX-JNAF,126263,False
887479,HKEX-JNAF,126262,False
887479,HKEX-JNAF,126261,False
887479,HKEX-JNAF,126260,False
887479,HKEX-JNAF,126258,False
887479,HKEX-JNAF,126257,False
887479,HKEX-JNAF,126259,False
887479,HKEX-KOTD,133863,False
887479,HKEX-KOTD,133862,False
887479,HKEX-KOTD,133861,False
887479,HKEX-KOTD,133860,False
887479,HKEX-KOTD,133859,False
887479,HKEX-KOTD,133858,False
887479,HKEX-KOTD,133857,False
887479,HKEX-KOTD,133854,False
887479,HKEX-KOTD,133856,False
887480,HKEX-KOTD,133855,False
887480,HKEX-MDKA,130914,False
887480,HKEX-MDKA,130913,False
887480,HKEX-MDKA,130909,False
887480,HKEX-MDKA,130908,False
887480,HKEX-MDKA,130906,False
887480,HKEX-MDKA,130910,False
887480,HKEX-MDKA,130912,False
887480,HKEX-MDKA,130907,False
887480,HKEX-MDKA,130911,False
887480,HKEX-OIT,119473,False
887480,HKEX-OIT,119470,False
887480,HKEX-OIT,119467,False
887480,HKEX-OIT,119465,False
887481,HKEX-OIT,119464,False
887481,HKEX-OIT,119468,False
887481,HKEX-OIT,119466,False
887481,HKEX-OIT,119471,False
887481,HKEX-OIT,119472,False
887481,HKEX-OIT,119469,False
887481,HKEX-SIMP,141429,False
887481,HKEX-SIMP,141428,False
887481,HKEX-SIMP,141427,False
887481,HKEX-SIMP,141426,False
887481,HKEX-SIMP,141425,False
887481,HKEX-SIMP,141424,False
887481,HKEX-SIMP,141423,False
887481,HKEX-SIMP,141422,False
887481,HKEX-SIMP,141420,False
887481,HKEX-SIMP,141421,False
887482,HKEX-XFR,119818,False
887482,HKEX-XFR,119817,False
887482,HKEX-XFR,119815,False
887482,HKEX-XFR,119813,False
887482,HKEX-XFR,119811,False
887482,HKEX-XFR,119809,False
887482,HKEX-XFR,119816,False
887482,HKEX-XFR,119814,False
887482,HKEX-XFR,119810,False
887483,HKEX-XFR,119812,False
887483,HKEX-JNAF,126282,False
887483,HKEX-DLKV,129992,False
887483,HKEX-DLKV,129993,False
887483,HKEX-DLKV,129994,False
887483,HKEX-DLKV,129995,False
887483,HKEX-DLKV,129996,False
887484,HKEX-DLKV,129997,False
887489,HKEX-DLKV,129998,False
887491,HKEX-DLKV,129999,False
887496,HKEX-DLKV,130000,False
887498,HKEX-INA,129959,False
887505,HKEX-DLKV,130001,False
887515,HKEX-JNAF,126284,False
887516,HKEX-ETFA,122559,False
887519,HKEX-SIMP,141444,False
887529,HKEX-CARD,172900,False
887535,HKEX-CARD,172901,False
887536,HKEX-DLKV,130003,False
887536,HKEX-ETFB,127151,False
887538,HKEX-OIT,119484,False
887540,HKEX-ETFA,122560,False
887546,HKEX-DLKV,130004,False
887549,HKEX-DLKV,130005,False
887549,HKEX-DLKV,130006,False
887560,HKEX-JNAF,126285,False
887562,HKEX-ETFB3,131411,False
887562,HKEX-ETFB3,131409,False
887562,HKEX-ETFB3,131407,False
887562,HKEX-ETFB3,131405,False
887562,HKEX-ETFB3,131403,False
887562,HKEX-ETFB3,131408,False
887562,HKEX-ETFB3,131410,False
887563,HKEX-ETFB3,131406,False
887563,HKEX-ETFB,127148,False
887563,HKEX-ETFB,127147,False
887563,HKEX-ETFB,127146,False
887563,HKEX-ETFB,127144,False
887564,HKEX-ETFB,127140,False
887564,HKEX-ETFB,127149,False
887564,HKEX-ETFB,127143,False
887565,HKEX-ETFB,127142,False
887565,HKEX-ETFB,127141,False
887565,HKEX-ETFB,127145,False
887565,HKEX-ETFA,122554,False
887565,HKEX-ETFA,122551,False
887565,HKEX-ETFA,122549,False
887565,HKEX-ETFA,122556,False
887566,HKEX-ETFA,122550,False
887566,HKEX-ETFA,122552,False
887566,HKEX-ETFA,122553,False
887566,HKEX-ETFA,122557,False
887567,HKEX-ETFA,122555,False
887567,HKEX-ETFA,122558,False
887569,HKEX-CARD,172892,False
887569,HKEX-CARD,172891,False
887569,HKEX-CARD,172890,False
887569,HKEX-CARD,172888,False
887569,HKEX-CARD,172887,False
887569,HKEX-CARD,172886,False
887569,HKEX-CARD,172885,False
887569,HKEX-CARD,172883,False
887569,HKEX-CARD,172889,False
887570,HKEX-DLKV,129990,False
887570,HKEX-DLKV,129985,False
887570,HKEX-DLKV,129988,False
887570,HKEX-DLKV,129983,False
887570,HKEX-DLKV,129984,False
887570,HKEX-DLKV,129986,False
887570,HKEX-DLKV,129989,False
887570,HKEX-DLKV,129991,False
887570,HKEX-DLKV,129982,False
887570,HKEX-DLKV,129987,False
887571,HKEX-FSR,127716,False
887571,HKEX-FSR,127715,False
887571,HKEX-FSR,127713,False
887571,HKEX-FSR,127712,False
887571,HKEX-FSR,127711,False
887571,HKEX-FSR,127710,False
887571,HKEX-FSR,127714,False
887571,HKEX-FSR,127708,False
887571,HKEX-FSR,127707,False
887571,HKEX-FSR,127709,False
887571,HKEX-INA,129957,False
887571,HKEX-INA,129956,False
887571,HKEX-INA,129954,False
887571,HKEX-INA,129955,False
887571,HKEX-INA,129952,False
887571,HKEX-INA,129951,False
887571,HKEX-INA,129953,False
887571,HKEX-INA,129949,False
887571,HKEX-INA,129948,False
887571,HKEX-INA,129950,False
887571,HKEX-JNAF,126281,False
887571,HKEX-JNAF,126280,False
887571,HKEX-JNAF,126279,False
887571,HKEX-JNAF,126278,False
887571,HKEX-JNAF,126276,False
887571,HKEX-JNAF,126275,False
887571,HKEX-JNAF,126274,False
887571,HKEX-JNAF,126273,False
887571,HKEX-JNAF,126272,False
887571,HKEX-JNAF,126277,False
887571,HKEX-KOTD,133879,False
887571,HKEX-KOTD,133878,False
887571,HKEX-KOTD,133877,False
887571,HKEX-KOTD,133876,False
887571,HKEX-KOTD,133874,False
887571,HKEX-KOTD,133871,False
887571,HKEX-KOTD,133870,False
887572,HKEX-KOTD,133872,False
887572,HKEX-KOTD,133873,False
887572,HKEX-KOTD,133875,False
887572,HKEX-MDKA,130940,False
887572,HKEX-MDKA,130939,False
887572,HKEX-MDKA,130938,False
887572,HKEX-MDKA,130936,False
887572,HKEX-MDKA,130935,False
887572,HKEX-MDKA,130934,False
887572,HKEX-MDKA,130933,False
887572,HKEX-MDKA,130937,False
887572,HKEX-MDKA,130941,False
887572,HKEX-MDKA,130932,False
887572,HKEX-OIT,119480,False
887572,HKEX-OIT,119477,False
887572,HKEX-OIT,119475,False
887572,HKEX-OIT,119482,False
887573,HKEX-OIT,119479,False
887573,HKEX-OIT,119481,False
887573,HKEX-OIT,119474,False
887573,HKEX-OIT,119476,False
887573,HKEX-OIT,119478,False
887573,HKEX-OIT,119483,False
887573,HKEX-SIMP,141442,False
887573,HKEX-SIMP,141441,False
887573,HKEX-SIMP,141439,False
887573,HKEX-SIMP,141437,False
887573,HKEX-SIMP,141434,False
887573,HKEX-SIMP,141433,False
887573,HKEX-SIMP,141435,False
887573,HKEX-SIMP,141440,False
887573,HKEX-SIMP,141438,False
887573,HKEX-SIMP,141436,False
887574,HKEX-XFR,119832,False
887574,HKEX-XFR,119829,False
887574,HKEX-XFR,119827,False
887574,HKEX-XFR,119833,False
887574,HKEX-XFR,119831,False
887574,HKEX-XFR,119825,False
887574,HKEX-XFR,119828,False
887575,HKEX-XFR,119830,False
887575,HKEX-XFR,119834,False
887575,HKEX-SIMP,141457,False
887575,HKEX-SIMP,141458,False
887577,HKEX-SIMP,141459,False
887579,HKEX-SIMP,141460,False
887581,HKEX-SIMP,141461,False
887586,HKEX-SIMP,141462,False
887586,HKEX-DLKV,130022,False
887588,HKEX-OIT,119495,False
887592,HKEX-SIMP,141463,False
887592,HKEX-DLKV,130023,False
887601,HKEX-SIMP,141464,False
887601,HKEX-DLKV,130024,False
887604,HKEX-DLKV,130025,False
887605,HKEX-SIMP,141465,False
887606,HKEX-DLKV,130026,False
887606,HKEX-SIMP,141466,False
887606,HKEX-DLKV,130027,False
887606,HKEX-MDKA,130954,False
887607,HKEX-ETFA,122571,False
887618,HKEX-CARD,172915,False
887627,HKEX-JNAF,126296,False
887628,HKEX-MDKA,130955,False
887639,HKEX-DLKV,130028,False
887640,HKEX-DLKV,130029,False
887648,HKEX-SIMP,141467,False
887648,HKEX-MDKA,130956,False
887648,HKEX-XFR,119851,False
887663,HKEX-DLKV,130030,False
887663,HKEX-DLKV,130031,False
887663,HKEX-DLKV,130032,False
887663,HKEX-DLKV,130033,False
887663,HKEX-DLKV,130034,False
887663,HKEX-DLKV,130035,False
887664,HKEX-FSR,127729,False
887664,HKEX-KOTD,133896,False
887664,HKEX-FSR,127730,False
887664,HKEX-MDKA,130957,False
887664,HKEX-MDKA,130958,False
887664,HKEX-XFR,119852,False
887668,HKEX-ETFB3,131425,False
887668,HKEX-ETFB3,131424,False
887668,HKEX-ETFB3,131423,False
887668,HKEX-ETFB3,131422,False
887668,HKEX-ETFB3,131421,False
887668,HKEX-ETFB3,131420,False
887668,HKEX-ETFB3,131418,False
887668,HKEX-ETFB3,131417,False
887668,HKEX-ETFB3,131416,False
887668,HKEX-ETFB3,131419,False
887669,HKEX-ETFB,127161,False
887669,HKEX-ETFB,127160,False
887669,HKEX-ETFB,127159,False
887669,HKEX-ETFB,127157,False
887669,HKEX-ETFB,127156,False
887669,HKEX-ETFB,127154,False
887669,HKEX-ETFB,127158,False
887670,HKEX-ETFB,127153,False
887670,HKEX-ETFB,127155,False
887670,HKEX-ETFB,127152,False
887670,HKEX-ETFA,122570,False
887670,HKEX-ETFA,122567,False
887670,HKEX-ETFA,122566,False
887670,HKEX-ETFA,122564,False
887670,HKEX-ETFA,122562,False
887671,HKEX-ETFA,122568,False
887671,HKEX-ETFA,122569,False
887671,HKEX-ETFA,122565,False
887671,HKEX-ETFA,122563,False
887672,HKEX-ETFA,122561,False
887674,HKEX-CARD,172912,False
887674,HKEX-CARD,172911,False
887674,HKEX-CARD,172910,False
887674,HKEX-CARD,172908,False
887674,HKEX-CARD,172907,False
887674,HKEX-CARD,172906,False
887674,HKEX-CARD,172904,False
887674,HKEX-CARD,172905,False
887674,HKEX-CARD,172909,False
887675,HKEX-CARD,172913,False
887675,HKEX-DLKV,130017,False
887675,HKEX-DLKV,130015,False
887675,HKEX-DLKV,130013,False
887675,HKEX-DLKV,130011,False
887675,HKEX-DLKV,130009,False
887675,HKEX-DLKV,130016,False
887675,HKEX-DLKV,130012,False
887675,HKEX-DLKV,130010,False
887675,HKEX-DLKV,130014,False
887675,HKEX-DLKV,130018,False
887675,HKEX-FSR,127728,False
887675,HKEX-FSR,127727,False
887675,HKEX-FSR,127726,False
887675,HKEX-FSR,127723,False
887675,HKEX-FSR,127722,False
887675,HKEX-FSR,127721,False
887675,HKEX-FSR,127724,False
887675,HKEX-FSR,127720,False
887676,HKEX-FSR,127719,False
887676,HKEX-FSR,127725,False
887676,HKEX-INA,129969,False
887676,HKEX-INA,129967,False
887676,HKEX-INA,129965,False
887676,HKEX-INA,129963,False
887676,HKEX-INA,129961,False
887676,HKEX-INA,129966,False
887676,HKEX-INA,129968,False
887676,HKEX-INA,129970,False
887676,HKEX-JNAF,126295,False
887676,HKEX-JNAF,126294,False
887676,HKEX-JNAF,126293,False
887676,HKEX-JNAF,126292,False
887676,HKEX-JNAF,126291,False
887676,HKEX-JNAF,126290,False
887676,HKEX-JNAF,126288,False
887676,HKEX-JNAF,126286,False
887676,HKEX-JNAF,126289,False
887676,HKEX-JNAF,126287,False
887676,HKEX-KOTD,133892,False
887676,HKEX-KOTD,133889,False
887676,HKEX-KOTD,133887,False
887676,HKEX-KOTD,133886,False
887676,HKEX-KOTD,133885,False
887676,HKEX-KOTD,133884,False
887676,HKEX-KOTD,133883,False
887676,HKEX-KOTD,133888,False
887676,HKEX-KOTD,133891,False
887676,HKEX-KOTD,133890,False
887676,HKEX-MDKA,130953,False
887676,HKEX-MDKA,130952,False
887676,HKEX-MDKA,130951,False
887676,HKEX-MDKA,130946,False
887676,HKEX-MDKA,130944,False
887676,HKEX-MDKA,130945,False
887676,HKEX-MDKA,130948,False
887676,HKEX-MDKA,130950,False
887676,HKEX-MDKA,130947,False
887676,HKEX-MDKA,130949,False
887677,HKEX-OIT,119491,False
887677,HKEX-OIT,119487,False
887677,HKEX-OIT,119485,False
887677,HKEX-OIT,119494,False
887677,HKEX-OIT,119492,False
887677,HKEX-OIT,119486,False
887677,HKEX-OIT,119490,False
887677,HKEX-OIT,119493,False
887677,HKEX-OIT,119488,False
887678,HKEX-OIT,119489,False
887678,HKEX-SIMP,141455,False
887678,HKEX-SIMP,141454,False
887678,HKEX-SIMP,141453,False
887678,HKEX-SIMP,141452,False
887678,HKEX-SIMP,141447,False
887678,HKEX-SIMP,141446,False
887678,HKEX-SIMP,141451,False
887678,HKEX-SIMP,141450,False
887678,HKEX-SIMP,141448,False
887678,HKEX-SIMP,141449,False
887678,HKEX-XFR,119849,False
887678,HKEX-XFR,119845,False
887678,HKEX-XFR,119844,False
887678,HKEX-XFR,119843,False
887678,HKEX-XFR,119842,False
887678,HKEX-XFR,119840,False
887678,HKEX-XFR,119841,False
887679,HKEX-XFR,119848,False
887679,HKEX-XFR,119846,False
887679,HKEX-XFR,119847,False
887679,HKEX-INA,129984,False
887679,HKEX-XFR,119863,False
887680,HKEX-JNAF,126308,False
887682,HKEX-MDKA,130970,False
887682,HKEX-SIMP,141480,False
887683,HKEX-JNAF,126309,False
887683,HKEX-ETFA,122584,False
887683,HKEX-KOTD,133910,False
887683,HKEX-XFR,119864,False
887685,HKEX-CARD,172929,False
887686,HKEX-KOTD,133911,False
887686,HKEX-KOTD,133912,False
887696,HKEX-CARD,172930,False
887704,HKEX-CARD,172931,False
887705,HKEX-SIMP,141484,False
887715,HKEX-JNAF,126312,False
887718,HKEX-SIMP,141485,False
887721,HKEX-MDKA,130972,False
887721,HKEX-XFR,119865,False
887722,HKEX-KOTD,133913,False
887722,HKEX-ETFA,122585,False
887722,HKEX-KOTD,133914,False
887723,HKEX-KOTD,133915,False
887725,HKEX-SIMP,141486,False
887729,HKEX-XFR,119866,False
887737,HKEX-XFR,119867,False
887738,HKEX-SIMP,141487,False
887738,HKEX-CARD,172932,False
887739,HKEX-INA,129987,False
887740,HKEX-SIMP,141488,False
887745,HKEX-SIMP,141489,False
887747,HKEX-SIMP,141490,False
887748,HKEX-SIMP,141491,False
887773,HKEX-ETFB3,131439,False
887773,HKEX-ETFB3,131438,False
887773,HKEX-ETFB3,131437,False
887773,HKEX-ETFB3,131435,False
887773,HKEX-ETFB3,131434,False
887773,HKEX-ETFB3,131433,False
887773,HKEX-ETFB3,131432,False
887773,HKEX-ETFB3,131436,False
887774,HKEX-ETFB3,131430,False
887774,HKEX-ETFB3,131431,False
887775,HKEX-ETFB,127171,False
887775,HKEX-ETFB,127166,False
887775,HKEX-ETFB,127163,False
887776,HKEX-ETFB,127165,False
887776,HKEX-ETFB,127172,False
887776,HKEX-ETFB,127164,False
887776,HKEX-ETFB,127169,False
887776,HKEX-ETFB,127170,False
887777,HKEX-ETFB,127167,False
887777,HKEX-ETFB,127168,False
887778,HKEX-ETFA,122582,False
887778,HKEX-ETFA,122579,False
887778,HKEX-ETFA,122581,False
887778,HKEX-ETFA,122575,False
887778,HKEX-ETFA,122574,False
887778,HKEX-ETFA,122577,False
887779,HKEX-ETFA,122573,False
887779,HKEX-ETFA,122578,False
887779,HKEX-ETFA,122580,False
887779,HKEX-ETFA,122576,False
887781,HKEX-CARD,172926,False
887781,HKEX-CARD,172925,False
887781,HKEX-CARD,172924,False
887781,HKEX-CARD,172923,False
887781,HKEX-CARD,172922,False
887781,HKEX-CARD,172917,False
887781,HKEX-CARD,172918,False
887782,HKEX-CARD,172920,False
887782,HKEX-CARD,172919,False
887782,HKEX-CARD,172921,False
887815,HKEX-DLKV,130045,False
887815,HKEX-DLKV,130042,False
887815,HKEX-DLKV,130040,False
887815,HKEX-DLKV,130036,False
887815,HKEX-DLKV,130044,False
887815,HKEX-DLKV,130038,False
887815,HKEX-FSR,127740,False
887815,HKEX-FSR,127738,False
887815,HKEX-FSR,127737,False
887815,HKEX-FSR,127739,False
887815,HKEX-FSR,127742,False
887815,HKEX-FSR,127736,False
887815,HKEX-FSR,127735,False
887815,HKEX-FSR,127741,False
887815,HKEX-FSR,127734,False
887815,HKEX-FSR,127733,False
887816,HKEX-INA,129980,False
887816,HKEX-INA,129978,False
887816,HKEX-INA,129981,False
887816,HKEX-INA,129974,False
887816,HKEX-INA,129983,False
887816,HKEX-INA,129976,False
887816,HKEX-INA,129979,False
887816,HKEX-INA,129982,False
887816,HKEX-JNAF,126306,False
887816,HKEX-JNAF,126304,False
887816,HKEX-JNAF,126303,False
887816,HKEX-JNAF,126298,False
887816,HKEX-JNAF,126302,False
887816,HKEX-JNAF,126305,False
887816,HKEX-JNAF,126307,False
887816,HKEX-JNAF,126299,False
887816,HKEX-JNAF,126301,False
887816,HKEX-JNAF,126300,False
887816,HKEX-KOTD,133909,False
887816,HKEX-KOTD,133904,False
887816,HKEX-KOTD,133903,False
887816,HKEX-KOTD,133902,False
887816,HKEX-KOTD,133901,False
887816,HKEX-KOTD,133900,False
887816,HKEX-KOTD,133908,False
887816,HKEX-KOTD,133907,False
887816,HKEX-KOTD,133905,False
887816,HKEX-KOTD,133906,False
887816,HKEX-MDKA,130969,False
887816,HKEX-MDKA,130967,False
887816,HKEX-MDKA,130963,False
887816,HKEX-MDKA,130960,False
887816,HKEX-MDKA,130965,False
887816,HKEX-MDKA,130962,False
887816,HKEX-MDKA,130961,False
887816,HKEX-MDKA,130964,False
887816,HKEX-MDKA,130966,False
887816,HKEX-MDKA,130968,False
887816,HKEX-OIT,119504,False
887816,HKEX-OIT,119502,False
887816,HKEX-OIT,119498,False
887816,HKEX-OIT,119496,False
887817,HKEX-OIT,119499,False
887817,HKEX-OIT,119505,False
887817,HKEX-OIT,119503,False
887817,HKEX-OIT,119497,False
887817,HKEX-OIT,119501,False
887818,HKEX-OIT,119500,False
887818,HKEX-SIMP,141479,False
887818,HKEX-SIMP,141478,False
887818,HKEX-SIMP,141477,False
887818,HKEX-SIMP,141476,False
887818,HKEX-SIMP,141474,False
887818,HKEX-SIMP,141472,False
887818,HKEX-SIMP,141473,False
887818,HKEX-SIMP,141471,False
887818,HKEX-SIMP,141475,False
887818,HKEX-XFR,119862,False
887818,HKEX-XFR,119860,False
887818,HKEX-XFR,119856,False
887818,HKEX-XFR,119855,False
887818,HKEX-XFR,119853,False
887818,HKEX-XFR,119854,False
887819,HKEX-XFR,119861,False
887819,HKEX-XFR,119858,False
887819,HKEX-XFR,119857,False
887819,HKEX-XFR,119859,False
887824,HKEX-MDKA,130983,False
887824,HKEX-MDKA,130984,False
887824,HKEX-XFR,119879,False
887824,HKEX-MDKA,130985,False
887824,HKEX-XFR,119880,False
887826,HKEX-SIMP,141510,False
887826,HKEX-SIMP,141511,False
887826,HKEX-SIMP,141512,False
887826,HKEX-MDKA,130986,False
887826,HKEX-SIMP,141513,False
887826,HKEX-FSR,127759,False
887826,HKEX-CARD,172948,False
887826,HKEX-CARD,172949,False
887826,HKEX-FSR,127760,False
887827,HKEX-ETFB,127187,False
887827,HKEX-ETFB,127188,False
887827,HKEX-ETFB,127189,False
887836,HKEX-SIMP,141515,False
887837,HKEX-OIT,119518,False
887838,HKEX-JNAF,126325,False
887838,HKEX-SIMP,141516,False
887838,HKEX-SIMP,141517,False
887860,HKEX-CARD,172955,False
887862,HKEX-ETFB3,131456,False
887862,HKEX-ETFB3,131455,False
887862,HKEX-ETFB3,131453,False
887862,HKEX-ETFB3,131452,False
887862,HKEX-ETFB3,131451,False
887862,HKEX-ETFB3,131449,False
887862,HKEX-ETFB3,131448,False
887862,HKEX-ETFB3,131450,False
887862,HKEX-ETFB3,131454,False
887863,HKEX-ETFB,127182,False
887863,HKEX-ETFB,127181,False
887863,HKEX-ETFB,127180,False
887863,HKEX-ETFB,127179,False
887863,HKEX-ETFB,127178,False
887863,HKEX-ETFB,127177,False
887863,HKEX-ETFB,127175,False
887863,HKEX-ETFB,127176,False
887863,HKEX-ETFB,127184,False
887863,HKEX-ETFB,127183,False
887864,HKEX-ETFA,122594,False
887864,HKEX-ETFA,122587,False
887865,HKEX-ETFA,122592,False
887865,HKEX-ETFA,122586,False
887865,HKEX-ETFA,122595,False
887865,HKEX-ETFA,122590,False
887865,HKEX-ETFA,122588,False
887865,HKEX-ETFA,122593,False
887866,HKEX-ETFA,122591,False
887866,HKEX-ETFA,122589,False
887867,HKEX-CARD,172943,False
887867,HKEX-CARD,172942,False
887867,HKEX-CARD,172941,False
887867,HKEX-CARD,172940,False
887867,HKEX-CARD,172939,False
887867,HKEX-CARD,172937,False
887867,HKEX-CARD,172935,False
887869,HKEX-DLKV,130075,False
887869,HKEX-DLKV,130074,False
887869,HKEX-DLKV,130073,False
887869,HKEX-DLKV,130071,False
887869,HKEX-DLKV,130068,False
887869,HKEX-DLKV,130072,False
887869,HKEX-DLKV,130070,False
887869,HKEX-DLKV,130066,False
887869,HKEX-FSR,127757,False
887869,HKEX-FSR,127756,False
887869,HKEX-FSR,127754,False
887869,HKEX-FSR,127752,False
887869,HKEX-FSR,127751,False
887869,HKEX-FSR,127750,False
887869,HKEX-FSR,127749,False
887869,HKEX-FSR,127748,False
887869,HKEX-FSR,127753,False
887870,HKEX-FSR,127755,False
887870,HKEX-INA,130001,False
887870,HKEX-INA,129999,False
887870,HKEX-INA,129997,False
887870,HKEX-INA,129995,False
887870,HKEX-INA,129993,False
887870,HKEX-INA,130000,False
887870,HKEX-INA,129994,False
887870,HKEX-INA,129996,False
887870,HKEX-INA,129998,False
887870,HKEX-INA,130002,False
887870,HKEX-JNAF,126323,False
887870,HKEX-JNAF,126322,False
887870,HKEX-JNAF,126321,False
887870,HKEX-JNAF,126318,False
887870,HKEX-JNAF,126316,False
887870,HKEX-JNAF,126315,False
887870,HKEX-JNAF,126314,False
887870,HKEX-JNAF,126319,False
887870,HKEX-JNAF,126320,False
887870,HKEX-JNAF,126317,False
887870,HKEX-KOTD,133926,False
887870,HKEX-KOTD,133924,False
887870,HKEX-KOTD,133922,False
887870,HKEX-KOTD,133920,False
887870,HKEX-KOTD,133919,False
887870,HKEX-KOTD,133918,False
887870,HKEX-KOTD,133925,False
887870,HKEX-KOTD,133923,False
887870,HKEX-KOTD,133921,False
887870,HKEX-KOTD,133917,False
887870,HKEX-MDKA,130982,False
887870,HKEX-MDKA,130980,False
887870,HKEX-MDKA,130979,False
887870,HKEX-MDKA,130978,False
887870,HKEX-MDKA,130977,False
887870,HKEX-MDKA,130976,False
887870,HKEX-MDKA,130975,False
887870,HKEX-MDKA,130973,False
887870,HKEX-MDKA,130981,False
887870,HKEX-MDKA,130974,False
887871,HKEX-OIT,119515,False
887871,HKEX-OIT,119512,False
887871,HKEX-OIT,119510,False
887871,HKEX-OIT,119508,False
887871,HKEX-OIT,119509,False
887871,HKEX-OIT,119517,False
887871,HKEX-OIT,119514,False
887871,HKEX-OIT,119516,False
887872,HKEX-OIT,119513,False
887872,HKEX-OIT,119511,False
887872,HKEX-SIMP,141507,False
887872,HKEX-SIMP,141506,False
887872,HKEX-SIMP,141502,False
887872,HKEX-SIMP,141501,False
887872,HKEX-SIMP,141504,False
887872,HKEX-SIMP,141500,False
887872,HKEX-SIMP,141503,False
887872,HKEX-SIMP,141505,False
887872,HKEX-SIMP,141498,False
887872,HKEX-XFR,119876,False
887872,HKEX-XFR,119873,False
887872,HKEX-XFR,119872,False
887872,HKEX-XFR,119871,False
887872,HKEX-XFR,119869,False
887872,HKEX-XFR,119875,False
887873,HKEX-XFR,119874,False
887873,HKEX-XFR,119870,False
887873,HKEX-XFR,119877,False
887873,HKEX-XFR,119878,False
887874,HKEX-FSR,127774,False
887874,HKEX-CARD,172968,False
887874,HKEX-JNAF,126338,False
887874,HKEX-OIT,119529,False
887874,HKEX-SIMP,141529,False
887874,HKEX-SIMP,141530,False
887874,HKEX-SIMP,141531,False
887874,HKEX-JNAF,126339,False
887875,HKEX-XFR,119894,False
887880,HKEX-FSR,127775,False
887887,HKEX-XFR,119895,False
887892,HKEX-FSR,127776,False
887896,HKEX-ETFB,126962,False
887896,HKEX-ETFA,122389,False
887896,HKEX-ETFB3,131200,False
887900,HKEX-XFR,119896,False
887901,HKEX-ETFB,127201,False
887901,HKEX-ETFB,127202,False
887902,HKEX-XFR,119897,False
887902,HKEX-ETFB3,131475,False
887902,HKEX-ETFB3,131476,False
887909,HKEX-JNAF,126340,False
887912,HKEX-KOTD,133941,False
887924,HKEX-FSR,127777,False
887924,HKEX-KOTD,133942,False
887927,HKEX-MDKA,131002,False
887927,HKEX-FSR,127778,False
887972,HKEX-ETFB3,131471,False
887972,HKEX-ETFB3,131469,False
887972,HKEX-ETFB3,131467,False
887972,HKEX-ETFB3,131465,False
887972,HKEX-ETFB3,131464,False
887972,HKEX-ETFB3,131466,False
887972,HKEX-ETFB3,131472,False
887972,HKEX-ETFB3,131470,False
887972,HKEX-ETFB3,131468,False
887973,HKEX-ETFB,127199,False
887973,HKEX-ETFB,127198,False
887973,HKEX-ETFB,127197,False
887973,HKEX-ETFB,127196,False
887973,HKEX-ETFB,127192,False
887973,HKEX-ETFB,127194,False
887973,HKEX-ETFB,127200,False
887973,HKEX-ETFB,127195,False
887973,HKEX-ETFB,127191,False
887973,HKEX-ETFB,127193,False
887974,HKEX-ETFA,122605,False
887974,HKEX-ETFA,122608,False
887974,HKEX-ETFA,122599,False
887974,HKEX-ETFA,122602,False
887974,HKEX-ETFA,122604,False
887974,HKEX-ETFA,122601,False
887974,HKEX-ETFA,122600,False
887975,HKEX-ETFA,122607,False
887975,HKEX-ETFA,122603,False
887975,HKEX-ETFA,122606,False
887976,HKEX-CARD,172965,False
887976,HKEX-CARD,172964,False
887976,HKEX-CARD,172963,False
887976,HKEX-CARD,172961,False
887976,HKEX-CARD,172960,False
887976,HKEX-CARD,172959,False
887976,HKEX-CARD,172958,False
887976,HKEX-CARD,172957,False
887976,HKEX-CARD,172966,False
887977,HKEX-CARD,172962,False
887977,HKEX-DLKV,130093,False
887977,HKEX-DLKV,130092,False
887977,HKEX-DLKV,130091,False
887977,HKEX-DLKV,130090,False
887977,HKEX-DLKV,130088,False
887977,HKEX-DLKV,130086,False
887977,HKEX-DLKV,130084,False
887977,HKEX-DLKV,130089,False
887977,HKEX-FSR,127773,False
887977,HKEX-FSR,127772,False
887977,HKEX-FSR,127771,False
887977,HKEX-FSR,127770,False
887977,HKEX-FSR,127768,False
887977,HKEX-FSR,127767,False
887977,HKEX-FSR,127765,False
887977,HKEX-FSR,127766,False
887977,HKEX-FSR,127769,False
887977,HKEX-FSR,127764,False
887978,HKEX-INA,130015,False
887978,HKEX-INA,130013,False
887978,HKEX-INA,130011,False
887978,HKEX-INA,130009,False
887978,HKEX-INA,130007,False
887978,HKEX-INA,130016,False
887978,HKEX-INA,130012,False
887978,HKEX-INA,130008,False
887978,HKEX-INA,130010,False
887978,HKEX-INA,130014,False
887978,HKEX-JNAF,126337,False
887978,HKEX-JNAF,126336,False
887978,HKEX-JNAF,126335,False
887978,HKEX-JNAF,126333,False
887978,HKEX-JNAF,126331,False
887978,HKEX-JNAF,126330,False
887978,HKEX-JNAF,126329,False
887978,HKEX-JNAF,126328,False
887978,HKEX-JNAF,126334,False
887978,HKEX-JNAF,126332,False
887978,HKEX-KOTD,133940,False
887978,HKEX-KOTD,133938,False
887978,HKEX-KOTD,133936,False
887978,HKEX-KOTD,133935,False
887978,HKEX-KOTD,133934,False
887978,HKEX-KOTD,133931,False
887978,HKEX-KOTD,133939,False
887978,HKEX-KOTD,133937,False
887978,HKEX-KOTD,133932,False
887978,HKEX-KOTD,133933,False
887978,HKEX-MDKA,131000,False
887978,HKEX-MDKA,130998,False
887978,HKEX-MDKA,130996,False
887978,HKEX-MDKA,130994,False
887978,HKEX-MDKA,130992,False
887978,HKEX-MDKA,130999,False
887978,HKEX-MDKA,131001,False
887978,HKEX-MDKA,130997,False
887978,HKEX-MDKA,130993,False
887978,HKEX-MDKA,130995,False
887979,HKEX-OIT,119525,False
887979,HKEX-OIT,119523,False
887979,HKEX-OIT,119521,False
887979,HKEX-OIT,119526,False
887979,HKEX-OIT,119524,False
887979,HKEX-OIT,119527,False
887979,HKEX-OIT,119522,False
887979,HKEX-OIT,119520,False
887979,HKEX-OIT,119528,False
887979,HKEX-OIT,119519,False
887979,HKEX-SIMP,141528,False
887979,HKEX-SIMP,141526,False
887979,HKEX-SIMP,141525,False
887979,HKEX-SIMP,141524,False
887979,HKEX-SIMP,141523,False
887979,HKEX-SIMP,141520,False
887979,HKEX-SIMP,141522,False
887979,HKEX-SIMP,141519,False
887979,HKEX-SIMP,141521,False
887980,HKEX-SIMP,141527,False
887980,HKEX-XFR,119893,False
887980,HKEX-XFR,119891,False
887980,HKEX-XFR,119886,False
887980,HKEX-XFR,119884,False
887980,HKEX-XFR,119887,False
887980,HKEX-XFR,119890,False
887980,HKEX-XFR,119889,False
887980,HKEX-XFR,119892,False
887980,HKEX-XFR,119888,False
887980,HKEX-JNAF,126351,False
887980,HKEX-JNAF,126352,False
887980,HKEX-JNAF,126353,False
887980,HKEX-ETFA,122391,False
887987,HKEX-CARD,172979,False
887987,HKEX-JNAF,126355,False
887988,HKEX-KOTD,133954,False
887988,HKEX-FSR,127793,False
887988,HKEX-OIT,119542,False
887990,HKEX-FSR,127794,False
887990,HKEX-CARD,172980,False
887990,HKEX-FSR,127795,False
887991,HKEX-XFR,119911,False
887991,HKEX-XFR,119912,False
888009,HKEX-JNAF,126356,False
888018,HKEX-MDKA,131018,False
888022,HKEX-SIMP,141543,False
888025,HKEX-XFR,119915,False
888036,HKEX-SIMP,141544,False
888039,HKEX-KOTD,133960,False
888043,HKEX-FSR,127798,False
888046,HKEX-JNAF,126358,False
888046,HKEX-SIMP,141545,False
888046,HKEX-DLKV,130123,False
888047,HKEX-FSR,127799,False
888048,HKEX-CARD,172988,False
888048,HKEX-ETFB3,131498,False
888048,HKEX-FSR,127800,False
888048,HKEX-INA,130045,False
888048,HKEX-JNAF,126359,False
888049,HKEX-KOTD,133962,False
888049,HKEX-MDKA,131021,False
888049,HKEX-OIT,119543,False
888049,HKEX-SIMP,141546,False
888049,HKEX-CARD,172990,False
888050,HKEX-FSR,127801,False
888050,HKEX-KOTD,133963,False
888050,HKEX-XFR,119916,False
888065,HKEX-CARD,172991,False
888069,HKEX-SIMP,141548,False
888069,HKEX-JNAF,126364,False
888070,HKEX-ETFB3,131491,False
888070,HKEX-ETFB3,131487,False
888070,HKEX-ETFB3,131485,False
888070,HKEX-ETFB3,131483,False
888070,HKEX-ETFB3,131484,False
888070,HKEX-ETFB3,131490,False
888070,HKEX-ETFB3,131488,False
888071,HKEX-ETFB3,131486,False
888071,HKEX-ETFB3,131489,False
888071,HKEX-ETFB,127212,False
888071,HKEX-ETFB,127208,False
888071,HKEX-ETFB,127206,False
888071,HKEX-ETFB,127203,False
888071,HKEX-ETFB,127205,False
888071,HKEX-ETFB,127209,False
888071,HKEX-ETFB,127210,False
888072,HKEX-ETFB,127207,False
888072,HKEX-ETFB,127211,False
888072,HKEX-ETFB,127204,False
888072,HKEX-ETFA,122616,False
888072,HKEX-ETFA,122615,False
888072,HKEX-ETFA,122614,False
888073,HKEX-ETFA,122613,False
888073,HKEX-ETFA,122619,False
888073,HKEX-ETFA,122611,False
888073,HKEX-ETFA,122612,False
888073,HKEX-ETFA,122617,False
888073,HKEX-ETFA,122620,False
888074,HKEX-ETFA,122618,False
888075,HKEX-CARD,172978,False
888075,HKEX-CARD,172977,False
888075,HKEX-CARD,172976,False
888075,HKEX-CARD,172975,False
888075,HKEX-CARD,172973,False
888075,HKEX-CARD,172974,False
888075,HKEX-CARD,172970,False
888075,HKEX-CARD,172971,False
888075,HKEX-CARD,172972,False
888076,HKEX-DLKV,130115,False
888076,HKEX-DLKV,130114,False
888076,HKEX-DLKV,130113,False
888076,HKEX-DLKV,130112,False
888076,HKEX-DLKV,130110,False
888076,HKEX-DLKV,130108,False
888076,HKEX-DLKV,130109,False
888076,HKEX-DLKV,130106,False
888076,HKEX-DLKV,130111,False
888076,HKEX-FSR,127792,False
888076,HKEX-FSR,127791,False
888076,HKEX-FSR,127790,False
888076,HKEX-FSR,127789,False
888076,HKEX-FSR,127788,False
888076,HKEX-FSR,127787,False
888076,HKEX-FSR,127786,False
888076,HKEX-FSR,127784,False
888076,HKEX-FSR,127783,False
888076,HKEX-FSR,127785,False
888076,HKEX-INA,130030,False
888076,HKEX-INA,130029,False
888076,HKEX-INA,130021,False
888076,HKEX-INA,130028,False
888076,HKEX-INA,130027,False
888076,HKEX-INA,130025,False
888076,HKEX-INA,130023,False
888077,HKEX-JNAF,126348,False
888077,HKEX-JNAF,126347,False
888077,HKEX-JNAF,126346,False
888077,HKEX-JNAF,126345,False
888077,HKEX-JNAF,126342,False
888077,HKEX-JNAF,126341,False
888077,HKEX-JNAF,126344,False
888077,HKEX-JNAF,126343,False
888077,HKEX-JNAF,126350,False
888077,HKEX-JNAF,126349,False
888077,HKEX-KOTD,133952,False
888077,HKEX-KOTD,133953,False
888077,HKEX-KOTD,133949,False
888077,HKEX-KOTD,133951,False
888077,HKEX-KOTD,133947,False
888077,HKEX-KOTD,133948,False
888077,HKEX-KOTD,133950,False
888077,HKEX-KOTD,133944,False
888077,HKEX-KOTD,133946,False
888077,HKEX-MDKA,131013,False
888077,HKEX-MDKA,131011,False
888077,HKEX-MDKA,131008,False
888077,HKEX-MDKA,131007,False
888077,HKEX-MDKA,131006,False
888077,HKEX-MDKA,131009,False
888077,HKEX-MDKA,131012,False
888077,HKEX-MDKA,131004,False
888077,HKEX-MDKA,131010,False
888077,HKEX-OIT,119540,False
888077,HKEX-OIT,119537,False
888077,HKEX-OIT,119535,False
888077,HKEX-OIT,119539,False
888078,HKEX-OIT,119536,False
888078,HKEX-OIT,119541,False
888078,HKEX-OIT,119534,False
888078,HKEX-OIT,119538,False
888078,HKEX-OIT,119533,False
888078,HKEX-OIT,119532,False
888078,HKEX-SIMP,141542,False
888078,HKEX-SIMP,141540,False
888078,HKEX-SIMP,141539,False
888078,HKEX-SIMP,141533,False
888078,HKEX-SIMP,141537,False
888078,HKEX-SIMP,141541,False
888078,HKEX-SIMP,141535,False
888078,HKEX-SIMP,141536,False
888078,HKEX-SIMP,141538,False
888078,HKEX-SIMP,141534,False
888079,HKEX-XFR,119902,False
888079,HKEX-XFR,119909,False
888079,HKEX-XFR,119901,False
888079,HKEX-XFR,119905,False
888079,HKEX-XFR,119907,False
888079,HKEX-XFR,119904,False
888079,HKEX-XFR,119906,False
888079,HKEX-XFR,119903,False
888079,HKEX-XFR,119908,False
888079,HKEX-XFR,119900,False
888079,HKEX-JNAF,126375,False
888099,HKEX-CARD,173003,False
888099,HKEX-XFR,119928,False
888099,HKEX-XFR,119929,False
888099,HKEX-XFR,119930,False
888104,HKEX-JNAF,126377,False
888104,HKEX-JNAF,126378,False
888104,HKEX-JNAF,126379,False
888111,HKEX-SIMP,141559,False
888114,HKEX-SIMP,141560,False
888114,HKEX-JNAF,126380,False
888114,HKEX-SIMP,141561,False
888115,HKEX-KOTD,133984,False
888115,HKEX-SIMP,141562,False
888117,HKEX-SIMP,141563,False
888118,HKEX-JNAF,126381,False
888123,HKEX-SIMP,141564,False
888125,HKEX-XFR,119931,False
888132,HKEX-ETFA,122636,False
888140,HKEX-SIMP,141565,False
888150,HKEX-SIMP,141566,False
888175,HKEX-ETFB3,131516,False
888175,HKEX-ETFB3,131517,False
888176,HKEX-ETFB3,131507,False
888176,HKEX-ETFB3,131508,False
888176,HKEX-ETFB3,131509,False
888176,HKEX-ETFB3,131505,False
888176,HKEX-ETFB3,131503,False
888176,HKEX-ETFB3,131504,False
888176,HKEX-ETFB3,131506,False
888176,HKEX-ETFB3,131511,False
888177,HKEX-ETFB3,131510,False
888177,HKEX-ETFB,127222,False
888177,HKEX-ETFB,127220,False
888177,HKEX-ETFB,127219,False
888177,HKEX-ETFB,127214,False
888177,HKEX-ETFB,127216,False
888177,HKEX-ETFB,127213,False
888177,HKEX-ETFB,127215,False
888177,HKEX-ETFB,127217,False
888177,HKEX-ETFB,127221,False
888178,HKEX-ETFB,127218,False
888178,HKEX-ETFA,122633,False
888178,HKEX-ETFA,122632,False
888178,HKEX-ETFA,122631,False
888178,HKEX-ETFA,122630,False
888178,HKEX-ETFA,122628,False
888178,HKEX-ETFA,122629,False
888178,HKEX-ETFA,122626,False
888179,HKEX-ETFA,122634,False
888179,HKEX-ETFA,122625,False
888179,HKEX-ETFA,122627,False
888180,HKEX-CARD,173002,False
888180,HKEX-CARD,173001,False
888180,HKEX-CARD,172999,False
888180,HKEX-CARD,172998,False
888180,HKEX-CARD,172996,False
888180,HKEX-CARD,172994,False
888180,HKEX-CARD,172993,False
888180,HKEX-CARD,172995,False
888180,HKEX-CARD,173000,False
888180,HKEX-CARD,172997,False
888181,HKEX-DLKV,130138,False
888181,HKEX-DLKV,130136,False
888181,HKEX-DLKV,130134,False
888181,HKEX-DLKV,130139,False
888181,HKEX-DLKV,130130,False
888181,HKEX-DLKV,130132,False
888181,HKEX-FSR,127813,False
888181,HKEX-FSR,127812,False
888181,HKEX-FSR,127811,False
888181,HKEX-FSR,127809,False
888181,HKEX-FSR,127810,False
888181,HKEX-FSR,127808,False
888182,HKEX-FSR,127807,False
888182,HKEX-FSR,127804,False
888182,HKEX-FSR,127806,False
888182,HKEX-INA,130058,False
888182,HKEX-INA,130057,False
888182,HKEX-INA,130055,False
888182,HKEX-INA,130053,False
888182,HKEX-INA,130051,False
888182,HKEX-INA,130049,False
888182,HKEX-JNAF,126374,False
888182,HKEX-JNAF,126372,False
888182,HKEX-JNAF,126367,False
888182,HKEX-JNAF,126365,False
888182,HKEX-JNAF,126373,False
888182,HKEX-JNAF,126368,False
888182,HKEX-JNAF,126366,False
888182,HKEX-JNAF,126371,False
888182,HKEX-JNAF,126369,False
888182,HKEX-JNAF,126370,False
888182,HKEX-KOTD,133980,False
888182,HKEX-KOTD,133979,False
888182,HKEX-KOTD,133978,False
888182,HKEX-KOTD,133977,False
888182,HKEX-KOTD,133976,False
888182,HKEX-KOTD,133975,False
888182,HKEX-KOTD,133974,False
888182,HKEX-KOTD,133973,False
888182,HKEX-KOTD,133972,False
888182,HKEX-KOTD,133981,False
888183,HKEX-MDKA,131033,False
888183,HKEX-MDKA,131032,False
888183,HKEX-MDKA,131030,False
888183,HKEX-MDKA,131028,False
888183,HKEX-MDKA,131027,False
888183,HKEX-MDKA,131025,False
888183,HKEX-MDKA,131034,False
888183,HKEX-MDKA,131031,False
888183,HKEX-MDKA,131029,False
888183,HKEX-OIT,119555,False
888183,HKEX-OIT,119553,False
888183,HKEX-OIT,119551,False
888183,HKEX-OIT,119549,False
888183,HKEX-OIT,119548,False
888183,HKEX-OIT,119546,False
888183,HKEX-OIT,119550,False
888183,HKEX-OIT,119552,False
888183,HKEX-OIT,119554,False
888183,HKEX-OIT,119547,False
888184,HKEX-SIMP,141558,False
888184,HKEX-SIMP,141557,False
888184,HKEX-SIMP,141553,False
888184,HKEX-SIMP,141552,False
888184,HKEX-SIMP,141550,False
888184,HKEX-SIMP,141554,False
888184,HKEX-SIMP,141556,False
888184,HKEX-SIMP,141549,False
888184,HKEX-SIMP,141555,False
888184,HKEX-SIMP,141551,False
888184,HKEX-XFR,119926,False
888184,HKEX-XFR,119920,False
888184,HKEX-XFR,119918,False
888184,HKEX-XFR,119917,False
888184,HKEX-XFR,119922,False
888184,HKEX-XFR,119921,False
888185,HKEX-XFR,119925,False
888185,HKEX-XFR,119924,False
888185,HKEX-XFR,119923,False
888185,HKEX-XFR,119919,False
888185,HKEX-XFR,119942,False
888185,HKEX-JNAF,126393,False
888187,HKEX-XFR,119943,False
888212,HKEX-JNAF,126394,False
888215,HKEX-ETFA,122432,False
888217,HKEX-FSR,127830,False
888228,HKEX-XFR,119944,False
888244,HKEX-CARD,173023,False
888275,HKEX-OIT,119567,False
888277,HKEX-ETFB3,131527,False
888277,HKEX-ETFB3,131526,False
888277,HKEX-ETFB3,131525,False
888277,HKEX-ETFB3,131524,False
888277,HKEX-ETFB3,131523,False
888277,HKEX-ETFB3,131522,False
888277,HKEX-ETFB3,131520,False
888277,HKEX-ETFB3,131519,False
888277,HKEX-ETFB3,131521,False
888278,HKEX-ETFB,127231,False
888278,HKEX-ETFB,127230,False
888278,HKEX-ETFB,127228,False
888278,HKEX-ETFB,127226,False
888278,HKEX-ETFB,127224,False
888278,HKEX-ETFB,127232,False
888278,HKEX-ETFB,127225,False
888278,HKEX-ETFB,127227,False
888278,HKEX-ETFB,127233,False
888278,HKEX-ETFB,127229,False
888279,HKEX-ETFA,122647,False
888279,HKEX-ETFA,122646,False
888279,HKEX-ETFA,122645,False
888279,HKEX-ETFA,122644,False
888279,HKEX-ETFA,122639,False
888279,HKEX-ETFA,122643,False
888280,HKEX-ETFA,122638,False
888280,HKEX-ETFA,122640,False
888280,HKEX-ETFA,122641,False
888280,HKEX-ETFA,122642,False
888281,HKEX-CARD,173019,False
888281,HKEX-CARD,173018,False
888281,HKEX-CARD,173017,False
888281,HKEX-CARD,173016,False
888281,HKEX-CARD,173015,False
888281,HKEX-CARD,173014,False
888281,HKEX-CARD,173012,False
888281,HKEX-CARD,173013,False
888282,HKEX-CARD,173010,False
888282,HKEX-DLKV,130159,False
888282,HKEX-DLKV,130157,False
888282,HKEX-DLKV,130156,False
888282,HKEX-DLKV,130155,False
888282,HKEX-DLKV,130154,False
888282,HKEX-DLKV,130160,False
888282,HKEX-DLKV,130152,False
888282,HKEX-DLKV,130158,False
888282,HKEX-DLKV,130161,False
888282,HKEX-FSR,127828,False
888282,HKEX-FSR,127827,False
888282,HKEX-FSR,127824,False
888282,HKEX-FSR,127823,False
888282,HKEX-FSR,127822,False
888283,HKEX-FSR,127826,False
888283,HKEX-FSR,127825,False
888283,HKEX-FSR,127821,False
888283,HKEX-FSR,127819,False
888283,HKEX-INA,130077,False
888283,HKEX-INA,130076,False
888283,HKEX-INA,130075,False
888283,HKEX-INA,130074,False
888283,HKEX-INA,130068,False
888283,HKEX-INA,130072,False
888283,HKEX-INA,130070,False
888283,HKEX-JNAF,126392,False
888283,HKEX-JNAF,126390,False
888283,HKEX-JNAF,126389,False
888283,HKEX-JNAF,126384,False
888283,HKEX-JNAF,126388,False
888283,HKEX-JNAF,126386,False
888283,HKEX-JNAF,126387,False
888283,HKEX-JNAF,126383,False
888283,HKEX-JNAF,126391,False
888283,HKEX-JNAF,126385,False
888283,HKEX-KOTD,133995,False
888283,HKEX-KOTD,133991,False
888283,HKEX-KOTD,133990,False
888283,HKEX-KOTD,133989,False
888283,HKEX-KOTD,133988,False
888283,HKEX-KOTD,133992,False
888283,HKEX-KOTD,133993,False
888283,HKEX-KOTD,133996,False
888283,HKEX-KOTD,133997,False
888283,HKEX-KOTD,133994,False
888284,HKEX-MDKA,131050,False
888284,HKEX-MDKA,131049,False
888284,HKEX-MDKA,131048,False
888284,HKEX-MDKA,131047,False
888284,HKEX-MDKA,131046,False
888284,HKEX-MDKA,131044,False
888284,HKEX-MDKA,131045,False
888284,HKEX-MDKA,131042,False
888284,HKEX-MDKA,131051,False
888284,HKEX-OIT,119561,False
888284,HKEX-OIT,119559,False
888284,HKEX-OIT,119557,False
888284,HKEX-OIT,119563,False
888284,HKEX-OIT,119565,False
888285,HKEX-OIT,119558,False
888285,HKEX-OIT,119560,False
888285,HKEX-OIT,119562,False
888285,HKEX-OIT,119564,False
888285,HKEX-OIT,119566,False
888285,HKEX-SIMP,141575,False
888285,HKEX-SIMP,141574,False
888285,HKEX-SIMP,141572,False
888285,HKEX-SIMP,141570,False
888285,HKEX-SIMP,141573,False
888285,HKEX-SIMP,141571,False
888285,HKEX-SIMP,141569,False
888285,HKEX-SIMP,141577,False
888285,HKEX-SIMP,141576,False
888285,HKEX-SIMP,141578,False
888285,HKEX-XFR,119938,False
888285,HKEX-XFR,119936,False
888285,HKEX-XFR,119934,False
888285,HKEX-XFR,119932,False
888285,HKEX-XFR,119940,False
888286,HKEX-XFR,119941,False
888286,HKEX-XFR,119933,False
888286,HKEX-XFR,119935,False
888286,HKEX-XFR,119937,False
888286,HKEX-XFR,119939,False
888286,HKEX-ETFB3,131543,False
888286,HKEX-INA,130094,False
888286,HKEX-ETFA,122660,False
888287,HKEX-ETFB3,131544,False
888295,HKEX-XFR,119957,False
888297,HKEX-XFR,119958,False
888298,HKEX-ETFB3,131546,False
888306,HKEX-CARD,173039,False
888315,HKEX-INA,130095,False
888316,HKEX-INA,130096,False
888319,HKEX-ETFA,122661,False
888332,HKEX-XFR,119959,False
888345,HKEX-ETFB3,131547,False
888347,HKEX-INA,130099,False
943167,HKEX-ETFB3,139738,False
943167,HKEX-KOTD,142997,False
943167,HKEX-INA,138625,False
943167,HKEX-DLKV,138362,False
943167,HKEX-DLKV,138363,False
943170,HKEX-ETFB3,139733,False
943170,HKEX-ETFB3,139728,False
943170,HKEX-ETFB3,139726,False
943170,HKEX-ETFB3,139734,False
943170,HKEX-ETFB3,139732,False
943170,HKEX-ETFB3,139731,False
943170,HKEX-ETFB3,139730,False
943170,HKEX-ETFB3,139729,False
943171,HKEX-ETFB,135089,False
943171,HKEX-ETFB,135085,False
943171,HKEX-ETFB,135083,False
943171,HKEX-ETFB,135091,False
943171,HKEX-ETFB,135088,False
943171,HKEX-ETFB,135082,False
943171,HKEX-ETFB,135084,False
943172,HKEX-ETFB,135090,False
943172,HKEX-ETFB,135086,False
943172,HKEX-ETFB,135087,False
943172,HKEX-ETFA,130048,False
943172,HKEX-ETFA,130047,False
943172,HKEX-ETFA,130046,False
943172,HKEX-ETFA,130043,False
943172,HKEX-ETFA,130039,False
943172,HKEX-ETFA,130044,False
943173,HKEX-ETFA,130045,False
943173,HKEX-ETFA,130041,False
943173,HKEX-ETFA,130042,False
943174,HKEX-ETFA,130040,False
943176,HKEX-CARD,181911,False
943176,HKEX-CARD,181909,False
943176,HKEX-CARD,181908,False
943176,HKEX-CARD,181907,False
943176,HKEX-CARD,181906,False
943176,HKEX-CARD,181905,False
943176,HKEX-CARD,181904,False
943176,HKEX-CARD,181912,False
943177,HKEX-CARD,181910,False
943177,HKEX-CARD,181913,False
943177,HKEX-DLKV,138349,False
943177,HKEX-DLKV,138348,False
943177,HKEX-DLKV,138346,False
943177,HKEX-DLKV,138345,False
943177,HKEX-DLKV,138344,False
943178,HKEX-DLKV,138343,False
943178,HKEX-DLKV,138347,False
943178,HKEX-FSR,135759,False
943178,HKEX-FSR,135758,False
943178,HKEX-FSR,135757,False
943178,HKEX-FSR,135756,False
943178,HKEX-FSR,135755,False
943178,HKEX-FSR,135754,False
943178,HKEX-FSR,135753,False
943178,HKEX-FSR,135760,False
943178,HKEX-FSR,135752,False
943178,HKEX-FSR,135761,False
943178,HKEX-INA,138620,False
943178,HKEX-INA,138619,False
943178,HKEX-INA,138616,False
943178,HKEX-INA,138615,False
943178,HKEX-INA,138614,False
943178,HKEX-INA,138613,False
943178,HKEX-INA,138611,False
943178,HKEX-INA,138617,False
943178,HKEX-INA,138618,False
943178,HKEX-JNAF,133948,False
943178,HKEX-JNAF,133942,False
943178,HKEX-JNAF,133940,False
943178,HKEX-JNAF,133941,False
943178,HKEX-JNAF,133949,False
943178,HKEX-JNAF,133947,False
943178,HKEX-JNAF,133943,False
943179,HKEX-JNAF,133945,False
943179,HKEX-JNAF,133944,False
943179,HKEX-JNAF,133946,False
943179,HKEX-KOTD,142993,False
943179,HKEX-KOTD,142991,False
943179,HKEX-KOTD,142990,False
943179,HKEX-KOTD,142989,False
943179,HKEX-KOTD,142988,False
943179,HKEX-KOTD,142987,False
943179,HKEX-KOTD,142984,False
943179,HKEX-KOTD,142986,False
943179,HKEX-KOTD,142992,False
943179,HKEX-MDKA,139453,False
943179,HKEX-MDKA,139451,False
943179,HKEX-MDKA,139447,False
943179,HKEX-MDKA,139449,False
943179,HKEX-MDKA,139456,False
943179,HKEX-MDKA,139452,False
943179,HKEX-MDKA,139454,False
943179,HKEX-MDKA,139448,False
943179,HKEX-MDKA,139450,False
943179,HKEX-MDKA,139455,False
943179,HKEX-OIT,126556,False
943179,HKEX-OIT,126554,False
943179,HKEX-OIT,126552,False
943179,HKEX-OIT,126549,False
943180,HKEX-OIT,126547,False
943180,HKEX-OIT,126555,False
943180,HKEX-OIT,126551,False
943180,HKEX-OIT,126553,False
943181,HKEX-SIMP,149520,False
943181,HKEX-SIMP,149518,False
943181,HKEX-SIMP,149517,False
943181,HKEX-SIMP,149516,False
943181,HKEX-SIMP,149515,False
943181,HKEX-SIMP,149513,False
943181,HKEX-SIMP,149519,False
943181,HKEX-SIMP,149511,False
943181,HKEX-SIMP,149512,False
943181,HKEX-SIMP,149514,False
943181,HKEX-XFR,127113,False
943181,HKEX-XFR,127112,False
943181,HKEX-XFR,127111,False
943181,HKEX-XFR,127110,False
943181,HKEX-XFR,127108,False
943181,HKEX-XFR,127106,False
943181,HKEX-XFR,127104,False
943181,HKEX-XFR,127105,False
943181,HKEX-XFR,127109,False
943181,HKEX-XFR,127107,False
943183,HKEX-KOTD,143008,False
943183,HKEX-KOTD,143009,False
943188,HKEX-ETFA,130062,False
943192,HKEX-OIT,126576,False
943201,HKEX-DLKV,138376,False
943201,HKEX-ETFA,130063,False
943241,HKEX-SIMP,149533,False
943242,HKEX-DLKV,138378,False
943243,HKEX-ETFB,135105,False
943243,HKEX-KOTD,143011,False
943243,HKEX-DLKV,138379,False
943244,HKEX-SIMP,149536,False
943244,HKEX-SIMP,149537,False
943245,HKEX-ETFB,135106,False
943245,HKEX-INA,138638,False
943245,HKEX-ETFB3,139749,False
943247,HKEX-DLKV,138381,False
943271,HKEX-ETFB3,139745,False
943271,HKEX-ETFB3,139743,False
943271,HKEX-ETFB3,139741,False
943271,HKEX-ETFB3,139740,False
943271,HKEX-ETFB3,139739,False
943271,HKEX-ETFB3,139742,False
943272,HKEX-ETFB3,139746,False
943272,HKEX-ETFB3,139744,False
943272,HKEX-ETFB3,139748,False
943272,HKEX-ETFB3,139747,False
943272,HKEX-ETFB,135101,False
943272,HKEX-ETFB,135100,False
943272,HKEX-ETFB,135099,False
943272,HKEX-ETFB,135098,False
943273,HKEX-ETFB,135097,False
943273,HKEX-ETFB,135096,False
943273,HKEX-ETFB,135094,False
943273,HKEX-ETFB,135092,False
943273,HKEX-ETFB,135095,False
943273,HKEX-ETFB,135093,False
943274,HKEX-ETFA,130060,False
943274,HKEX-ETFA,130058,False
943274,HKEX-ETFA,130056,False
943274,HKEX-ETFA,130055,False
943274,HKEX-ETFA,130054,False
943274,HKEX-ETFA,130053,False
943274,HKEX-ETFA,130051,False
943274,HKEX-ETFA,130057,False
943275,HKEX-ETFA,130059,False
943276,HKEX-ETFA,130052,False
943278,HKEX-CARD,181922,False
943278,HKEX-CARD,181920,False
943278,HKEX-CARD,181918,False
943278,HKEX-CARD,181917,False
943278,HKEX-CARD,181916,False
943278,HKEX-CARD,181924,False
943278,HKEX-CARD,181919,False
943279,HKEX-CARD,181921,False
943279,HKEX-CARD,181923,False
943279,HKEX-CARD,181915,False
943279,HKEX-DLKV,138373,False
943279,HKEX-DLKV,138372,False
943279,HKEX-DLKV,138371,False
943279,HKEX-DLKV,138369,False
943279,HKEX-DLKV,138368,False
943279,HKEX-DLKV,138366,False
943279,HKEX-DLKV,138374,False
943279,HKEX-DLKV,138370,False
943279,HKEX-DLKV,138365,False
943279,HKEX-DLKV,138367,False
943280,HKEX-FSR,135771,False
943280,HKEX-FSR,135770,False
943280,HKEX-FSR,135768,False
943280,HKEX-FSR,135767,False
943280,HKEX-FSR,135764,False
943280,HKEX-FSR,135766,False
943280,HKEX-FSR,135769,False
943280,HKEX-FSR,135772,False
943280,HKEX-FSR,135765,False
943280,HKEX-INA,138635,False
943280,HKEX-INA,138634,False
943280,HKEX-INA,138633,False
943280,HKEX-INA,138630,False
943280,HKEX-INA,138628,False
943280,HKEX-INA,138627,False
943280,HKEX-INA,138626,False
943280,HKEX-INA,138632,False
943280,HKEX-INA,138631,False
943280,HKEX-INA,138629,False
943280,HKEX-JNAF,133958,False
943280,HKEX-JNAF,133956,False
943280,HKEX-JNAF,133955,False
943280,HKEX-JNAF,133954,False
943280,HKEX-JNAF,133952,False
943280,HKEX-JNAF,133950,False
943280,HKEX-JNAF,133953,False
943280,HKEX-JNAF,133957,False
943280,HKEX-JNAF,133959,False
943280,HKEX-JNAF,133951,False
943280,HKEX-KOTD,143007,False
943280,HKEX-KOTD,143005,False
943280,HKEX-KOTD,143002,False
943280,HKEX-KOTD,143001,False
943280,HKEX-KOTD,143000,False
943280,HKEX-KOTD,142999,False
943280,HKEX-KOTD,143006,False
943280,HKEX-KOTD,143004,False
943281,HKEX-KOTD,143003,False
943281,HKEX-KOTD,142998,False
943281,HKEX-MDKA,139467,False
943281,HKEX-MDKA,139465,False
943281,HKEX-MDKA,139463,False
943281,HKEX-MDKA,139462,False
943281,HKEX-MDKA,139461,False
943281,HKEX-MDKA,139460,False
943281,HKEX-MDKA,139459,False
943281,HKEX-MDKA,139464,False
943281,HKEX-MDKA,139468,False
943281,HKEX-MDKA,139466,False
943281,HKEX-OIT,126574,False
943281,HKEX-OIT,126573,False
943281,HKEX-OIT,126572,False
943281,HKEX-OIT,126567,False
943281,HKEX-OIT,126565,False
943281,HKEX-OIT,126571,False
943281,HKEX-OIT,126569,False
943281,HKEX-OIT,126568,False
943282,HKEX-OIT,126566,False
943282,HKEX-OIT,126570,False
943282,HKEX-SIMP,149530,False
943282,HKEX-SIMP,149529,False
943282,HKEX-SIMP,149528,False
943283,HKEX-SIMP,149527,False
943283,HKEX-SIMP,149526,False
943283,HKEX-SIMP,149525,False
943283,HKEX-SIMP,149524,False
943283,HKEX-SIMP,149523,False
943283,HKEX-SIMP,149522,False
943283,HKEX-SIMP,149531,False
943283,HKEX-XFR,127123,False
943283,HKEX-XFR,127122,False
943283,HKEX-XFR,127121,False
943283,HKEX-XFR,127120,False
943283,HKEX-XFR,127118,False
943283,HKEX-XFR,127117,False
943283,HKEX-XFR,127116,False
943283,HKEX-XFR,127114,False
943283,HKEX-XFR,127115,False
943284,HKEX-XFR,127119,False
943285,HKEX-CARD,181940,False
943285,HKEX-DLKV,138393,False
943301,HKEX-FSR,135791,False
943301,HKEX-SIMP,149549,False
943302,HKEX-FSR,135792,False
943302,HKEX-KOTD,143024,False
943312,HKEX-CARD,181941,False
943314,HKEX-FSR,135794,False
943314,HKEX-SIMP,149550,False
943314,HKEX-FSR,135795,False
943333,HKEX-MDKA,139483,False
943333,HKEX-KOTD,143025,False
943365,HKEX-ETFA,130077,False
943370,HKEX-ETFB3,139762,False
943370,HKEX-ETFB3,139759,False
943370,HKEX-ETFB3,139758,False
943370,HKEX-ETFB3,139757,False
943370,HKEX-ETFB3,139755,False
943370,HKEX-ETFB3,139753,False
943371,HKEX-ETFB3,139761,False
943371,HKEX-ETFB3,139754,False
943371,HKEX-ETFB3,139756,False
943371,HKEX-ETFB3,139760,False
943371,HKEX-ETFB,135115,False
943371,HKEX-ETFB,135114,False
943371,HKEX-ETFB,135113,False
943371,HKEX-ETFB,135112,False
943371,HKEX-ETFB,135111,False
943371,HKEX-ETFB,135110,False
943371,HKEX-ETFB,135108,False
943371,HKEX-ETFB,135117,False
943372,HKEX-ETFB,135116,False
943372,HKEX-ETFB,135109,False
943373,HKEX-ETFA,130074,False
943373,HKEX-ETFA,130071,False
943373,HKEX-ETFA,130069,False
943373,HKEX-ETFA,130068,False
943373,HKEX-ETFA,130072,False
943374,HKEX-ETFA,130067,False
943374,HKEX-ETFA,130065,False
943374,HKEX-ETFA,130070,False
943375,HKEX-ETFA,130066,False
943375,HKEX-ETFA,130073,False
943376,HKEX-CARD,181936,False
943376,HKEX-CARD,181930,False
943376,HKEX-CARD,181929,False
943377,HKEX-CARD,181931,False
943377,HKEX-CARD,181934,False
943377,HKEX-CARD,181928,False
943377,HKEX-CARD,181937,False
943377,HKEX-CARD,181932,False
943377,HKEX-CARD,181933,False
943377,HKEX-CARD,181935,False
943378,HKEX-DLKV,138390,False
943378,HKEX-DLKV,138389,False
943378,HKEX-DLKV,138387,False
943378,HKEX-DLKV,138385,False
943378,HKEX-DLKV,138384,False
943378,HKEX-DLKV,138383,False
943378,HKEX-DLKV,138391,False
943378,HKEX-DLKV,138388,False
943378,HKEX-DLKV,138392,False
943378,HKEX-DLKV,138386,False
943378,HKEX-FSR,135790,False
943378,HKEX-FSR,135789,False
943378,HKEX-FSR,135788,False
943378,HKEX-FSR,135787,False
943378,HKEX-FSR,135786,False
943378,HKEX-FSR,135784,False
943378,HKEX-FSR,135782,False
943378,HKEX-FSR,135785,False
943379,HKEX-FSR,135783,False
943379,HKEX-INA,138650,False
943379,HKEX-INA,138649,False
943379,HKEX-INA,138648,False
943379,HKEX-INA,138643,False
943379,HKEX-INA,138642,False
943379,HKEX-INA,138641,False
943379,HKEX-INA,138644,False
943379,HKEX-INA,138646,False
943379,HKEX-INA,138645,False
943379,HKEX-INA,138647,False
943379,HKEX-JNAF,133970,False
943379,HKEX-JNAF,133968,False
943379,HKEX-JNAF,133966,False
943379,HKEX-JNAF,133964,False
943379,HKEX-JNAF,133962,False
943379,HKEX-JNAF,133969,False
943379,HKEX-JNAF,133965,False
943379,HKEX-JNAF,133967,False
943379,HKEX-JNAF,133961,False
943379,HKEX-JNAF,133963,False
943379,HKEX-KOTD,143023,False
943379,HKEX-KOTD,143022,False
943379,HKEX-KOTD,143020,False
943379,HKEX-KOTD,143019,False
943379,HKEX-KOTD,143017,False
943379,HKEX-KOTD,143015,False
943379,HKEX-KOTD,143016,False
943379,HKEX-KOTD,143018,False
943379,HKEX-KOTD,143021,False
943379,HKEX-KOTD,143014,False
943379,HKEX-MDKA,139481,False
943379,HKEX-MDKA,139478,False
943379,HKEX-MDKA,139476,False
943379,HKEX-MDKA,139473,False
943379,HKEX-MDKA,139480,False
943379,HKEX-MDKA,139482,False
943380,HKEX-MDKA,139474,False
943380,HKEX-MDKA,139475,False
943380,HKEX-MDKA,139477,False
943380,HKEX-MDKA,139479,False
943380,HKEX-OIT,126589,False
943380,HKEX-OIT,126587,False
943380,HKEX-OIT,126584,False
943380,HKEX-OIT,126583,False
943380,HKEX-OIT,126581,False
943380,HKEX-OIT,126582,False
943380,HKEX-OIT,126586,False
943380,HKEX-OIT,126588,False
943380,HKEX-OIT,126590,False
943381,HKEX-OIT,126585,False
943381,HKEX-SIMP,149545,False
943381,HKEX-SIMP,149544,False
943381,HKEX-SIMP,149543,False
943381,HKEX-SIMP,149541,False
943381,HKEX-SIMP,149540,False
943381,HKEX-SIMP,149539,False
943381,HKEX-SIMP,149538,False
943381,HKEX-SIMP,149542,False
943381,HKEX-SIMP,149547,False
943381,HKEX-SIMP,149546,False
943381,HKEX-XFR,127140,False
943381,HKEX-XFR,127139,False
943381,HKEX-XFR,127138,False
943381,HKEX-XFR,127136,False
943381,HKEX-XFR,127134,False
943381,HKEX-XFR,127132,False
943381,HKEX-XFR,127135,False
943381,HKEX-XFR,127133,False
943381,HKEX-XFR,127137,False
943382,HKEX-XFR,127131,False
943383,HKEX-SIMP,149561,False
943383,HKEX-FSR,135811,False
943383,HKEX-FSR,135812,False
943383,HKEX-KOTD,143037,False
943383,HKEX-SIMP,149562,False
943383,HKEX-SIMP,149563,False
943385,HKEX-ETFB,135131,False
943387,HKEX-SIMP,149564,False
943404,HKEX-KOTD,143038,False
943411,HKEX-XFR,127151,False
943436,HKEX-SIMP,149565,False
943444,HKEX-INA,138661,False
943444,HKEX-INA,138662,False
943446,HKEX-INA,138663,False
943467,HKEX-ETFB3,139775,False
943467,HKEX-ETFB3,139768,False
943467,HKEX-ETFB3,139774,False
943467,HKEX-ETFB3,139772,False
943467,HKEX-ETFB3,139770,False
943467,HKEX-ETFB3,139766,False
943468,HKEX-ETFB3,139773,False
943468,HKEX-ETFB3,139771,False
943468,HKEX-ETFB3,139767,False
943468,HKEX-ETFB3,139769,False
943468,HKEX-ETFB,135130,False
943468,HKEX-ETFB,135126,False
943468,HKEX-ETFB,135121,False
943469,HKEX-ETFB,135128,False
943469,HKEX-ETFB,135123,False
943469,HKEX-ETFB,135129,False
943469,HKEX-ETFB,135125,False
943469,HKEX-ETFB,135124,False
943469,HKEX-ETFB,135122,False
943470,HKEX-ETFB,135127,False
943470,HKEX-ETFA,130085,False
943470,HKEX-ETFA,130083,False
943470,HKEX-ETFA,130081,False
943470,HKEX-ETFA,130087,False
943470,HKEX-ETFA,130086,False
943470,HKEX-ETFA,130084,False
943471,HKEX-ETFA,130082,False
943471,HKEX-ETFA,130079,False
943471,HKEX-ETFA,130078,False
943472,HKEX-ETFA,130080,False
943473,HKEX-CARD,181953,False
943473,HKEX-CARD,181952,False
943473,HKEX-CARD,181951,False
943473,HKEX-CARD,181950,False
943473,HKEX-CARD,181948,False
943473,HKEX-CARD,181945,False
943474,HKEX-CARD,181949,False
943474,HKEX-CARD,181947,False
943474,HKEX-CARD,181946,False
943475,HKEX-CARD,181954,False
943475,HKEX-DLKV,138405,False
943475,HKEX-DLKV,138404,False
943475,HKEX-DLKV,138403,False
943475,HKEX-DLKV,138402,False
943475,HKEX-DLKV,138400,False
943475,HKEX-DLKV,138397,False
943475,HKEX-DLKV,138401,False
943475,HKEX-DLKV,138396,False
943475,HKEX-DLKV,138398,False
943475,HKEX-DLKV,138399,False
943475,HKEX-FSR,135810,False
943475,HKEX-FSR,135809,False
943475,HKEX-FSR,135807,False
943475,HKEX-FSR,135806,False
943475,HKEX-FSR,135804,False
943475,HKEX-FSR,135802,False
943475,HKEX-FSR,135808,False
943475,HKEX-FSR,135801,False
943475,HKEX-FSR,135803,False
943475,HKEX-FSR,135805,False
943476,HKEX-INA,138660,False
943476,HKEX-INA,138659,False
943476,HKEX-INA,138658,False
943476,HKEX-INA,138657,False
943476,HKEX-INA,138655,False
943476,HKEX-INA,138654,False
943476,HKEX-INA,138653,False
943476,HKEX-INA,138652,False
943476,HKEX-INA,138651,False
943476,HKEX-INA,138656,False
943476,HKEX-JNAF,133980,False
943476,HKEX-JNAF,133979,False
943476,HKEX-JNAF,133978,False
943476,HKEX-JNAF,133977,False
943476,HKEX-JNAF,133976,False
943476,HKEX-JNAF,133975,False
943476,HKEX-JNAF,133974,False
943476,HKEX-JNAF,133973,False
943476,HKEX-JNAF,133972,False
943476,HKEX-JNAF,133971,False
943476,HKEX-KOTD,143035,False
943476,HKEX-KOTD,143034,False
943476,HKEX-KOTD,143033,False
943476,HKEX-KOTD,143032,False
943476,HKEX-KOTD,143031,False
943476,HKEX-KOTD,143030,False
943476,HKEX-KOTD,143036,False
943476,HKEX-KOTD,143028,False
943476,HKEX-KOTD,143029,False
943476,HKEX-KOTD,143027,False
943477,HKEX-MDKA,139491,False
943477,HKEX-MDKA,139489,False
943477,HKEX-MDKA,139487,False
943477,HKEX-MDKA,139493,False
943477,HKEX-MDKA,139492,False
943477,HKEX-MDKA,139484,False
943477,HKEX-MDKA,139485,False
943477,HKEX-MDKA,139488,False
943477,HKEX-MDKA,139490,False
943477,HKEX-MDKA,139486,False
943477,HKEX-OIT,126601,False
943477,HKEX-OIT,126599,False
943477,HKEX-OIT,126597,False
943477,HKEX-OIT,126596,False
943477,HKEX-OIT,126595,False
943477,HKEX-OIT,126594,False
943477,HKEX-OIT,126593,False
943477,HKEX-OIT,126602,False
943477,HKEX-OIT,126600,False
943477,HKEX-OIT,126598,False
943478,HKEX-SIMP,149560,False
943478,HKEX-SIMP,149558,False
943478,HKEX-SIMP,149554,False
943478,HKEX-SIMP,149552,False
943478,HKEX-SIMP,149557,False
943478,HKEX-SIMP,149559,False
943478,HKEX-SIMP,149553,False
943478,HKEX-SIMP,149556,False
943478,HKEX-SIMP,149555,False
943478,HKEX-SIMP,149551,False
943479,HKEX-XFR,127149,False
943479,HKEX-XFR,127147,False
943479,HKEX-XFR,127146,False
943479,HKEX-XFR,127145,False
943479,HKEX-XFR,127144,False
943479,HKEX-XFR,127143,False
943479,HKEX-XFR,127142,False
943479,HKEX-XFR,127150,False
943479,HKEX-XFR,127148,False
943479,HKEX-XFR,127141,False
943481,HKEX-XFR,127165,False
943481,HKEX-ETFA,130101,False
943506,HKEX-CARD,181966,False
943507,HKEX-CARD,181967,False
943507,HKEX-ETFB,135145,False
943507,HKEX-ETFB,135146,False
943514,HKEX-CARD,181968,False
943520,HKEX-ETFA,130102,False
943530,HKEX-KOTD,143051,False
943537,HKEX-DLKV,138423,False
943542,HKEX-JNAF,133992,False
943542,HKEX-SIMP,149576,False
943565,HKEX-ETFB3,139787,False
943565,HKEX-ETFB3,139785,False
943565,HKEX-ETFB3,139783,False
943565,HKEX-ETFB3,139779,False
943565,HKEX-ETFB3,139781,False
943565,HKEX-ETFB3,139782,False
943565,HKEX-ETFB3,139786,False
943565,HKEX-ETFB3,139784,False
943565,HKEX-ETFB3,139780,False
943566,HKEX-ETFB3,139778,False
943566,HKEX-ETFB,135143,False
943566,HKEX-ETFB,135142,False
943566,HKEX-ETFB,135141,False
943566,HKEX-ETFB,135140,False
943566,HKEX-ETFB,135138,False
943566,HKEX-ETFB,135136,False
943566,HKEX-ETFB,135135,False
943566,HKEX-ETFB,135144,False
943567,HKEX-ETFB,135137,False
943567,HKEX-ETFB,135139,False
943568,HKEX-ETFA,130099,False
943568,HKEX-ETFA,130097,False
943568,HKEX-ETFA,130092,False
943568,HKEX-ETFA,130091,False
943568,HKEX-ETFA,130093,False
943568,HKEX-ETFA,130098,False
943568,HKEX-ETFA,130096,False
943569,HKEX-ETFA,130095,False
943569,HKEX-ETFA,130094,False
943569,HKEX-ETFA,130090,False
943571,HKEX-CARD,181965,False
943571,HKEX-CARD,181964,False
943571,HKEX-CARD,181963,False
943571,HKEX-CARD,181961,False
943571,HKEX-CARD,181957,False
943572,HKEX-CARD,181959,False
943572,HKEX-CARD,181960,False
943572,HKEX-CARD,181962,False
943572,HKEX-CARD,181958,False
943572,HKEX-CARD,181956,False
943573,HKEX-DLKV,138420,False
943573,HKEX-DLKV,138419,False
943573,HKEX-DLKV,138418,False
943573,HKEX-DLKV,138417,False
943573,HKEX-DLKV,138416,False
943573,HKEX-DLKV,138413,False
943573,HKEX-DLKV,138412,False
943573,HKEX-DLKV,138415,False
943573,HKEX-DLKV,138411,False
943573,HKEX-DLKV,138414,False
943573,HKEX-FSR,135823,False
943573,HKEX-FSR,135821,False
943573,HKEX-FSR,135819,False
943573,HKEX-FSR,135817,False
943573,HKEX-FSR,135815,False
943573,HKEX-FSR,135820,False
943573,HKEX-FSR,135822,False
943573,HKEX-FSR,135816,False
943573,HKEX-FSR,135818,False
943573,HKEX-FSR,135824,False
943573,HKEX-INA,138673,False
943573,HKEX-INA,138672,False
943573,HKEX-INA,138670,False
943573,HKEX-INA,138669,False
943573,HKEX-INA,138668,False
943574,HKEX-INA,138667,False
943574,HKEX-INA,138666,False
943574,HKEX-INA,138664,False
943574,HKEX-INA,138671,False
943574,HKEX-INA,138665,False
943574,HKEX-JNAF,133991,False
943574,HKEX-JNAF,133990,False
943574,HKEX-JNAF,133989,False
943574,HKEX-JNAF,133988,False
943574,HKEX-JNAF,133987,False
943574,HKEX-JNAF,133985,False
943574,HKEX-JNAF,133984,False
943574,HKEX-JNAF,133982,False
943574,HKEX-JNAF,133983,False
943574,HKEX-JNAF,133986,False
943574,HKEX-KOTD,143047,False
943574,HKEX-KOTD,143045,False
943574,HKEX-KOTD,143044,False
943574,HKEX-KOTD,143041,False
943574,HKEX-KOTD,143050,False
943574,HKEX-KOTD,143046,False
943574,HKEX-KOTD,143048,False
943574,HKEX-KOTD,143049,False
943574,HKEX-KOTD,143043,False
943574,HKEX-KOTD,143042,False
943574,HKEX-MDKA,139505,False
943574,HKEX-MDKA,139503,False
943574,HKEX-MDKA,139501,False
943574,HKEX-MDKA,139499,False
943574,HKEX-MDKA,139497,False
943574,HKEX-MDKA,139504,False
943574,HKEX-MDKA,139506,False
943574,HKEX-MDKA,139502,False
943574,HKEX-MDKA,139498,False
943574,HKEX-MDKA,139500,False
943574,HKEX-OIT,126610,False
943575,HKEX-OIT,126608,False
943575,HKEX-OIT,126607,False
943575,HKEX-OIT,126605,False
943575,HKEX-OIT,126604,False
943575,HKEX-OIT,126606,False
943575,HKEX-OIT,126611,False
943575,HKEX-OIT,126609,False
943576,HKEX-OIT,126613,False
943576,HKEX-OIT,126612,False
943576,HKEX-SIMP,149575,False
943576,HKEX-SIMP,149574,False
943576,HKEX-SIMP,149572,False
943576,HKEX-SIMP,149569,False
943576,HKEX-SIMP,149568,False
943576,HKEX-SIMP,149570,False
943576,HKEX-SIMP,149566,False
943576,HKEX-SIMP,149567,False
943576,HKEX-SIMP,149573,False
943576,HKEX-SIMP,149571,False
943576,HKEX-XFR,127164,False
943576,HKEX-XFR,127163,False
943576,HKEX-XFR,127162,False
943576,HKEX-XFR,127161,False
943576,HKEX-XFR,127160,False
943576,HKEX-XFR,127158,False
943576,HKEX-XFR,127157,False
943576,HKEX-XFR,127156,False
943576,HKEX-XFR,127155,False
943576,HKEX-XFR,127159,False
943578,HKEX-ETFB,135159,False
943578,HKEX-FSR,135835,False
943599,HKEX-INA,138686,False
943602,HKEX-ETFB3,139803,False
943602,HKEX-INA,138687,False
943613,HKEX-ETFB3,139804,False
943613,HKEX-DLKV,138436,False
943613,HKEX-SIMP,149588,False
943616,HKEX-ETFA,130113,False
943625,HKEX-SIMP,149589,False
943627,HKEX-CARD,181985,False
943635,HKEX-MDKA,139520,False
943636,HKEX-KOTD,143063,False
943649,HKEX-INA,138690,False
943669,HKEX-ETFB3,139800,False
943669,HKEX-ETFB3,139799,False
943669,HKEX-ETFB3,139798,False
943669,HKEX-ETFB3,139797,False
943669,HKEX-ETFB3,139796,False
943669,HKEX-ETFB3,139795,False
943669,HKEX-ETFB3,139794,False
943669,HKEX-ETFB3,139801,False
943669,HKEX-ETFB3,139802,False
943670,HKEX-ETFB,135158,False
943670,HKEX-ETFB,135156,False
943670,HKEX-ETFB,135155,False
943670,HKEX-ETFB,135151,False
943670,HKEX-ETFB,135149,False
943670,HKEX-ETFB,135154,False
943670,HKEX-ETFB,135152,False
943670,HKEX-ETFB,135150,False
943670,HKEX-ETFB,135157,False
943671,HKEX-ETFB,135153,False
943671,HKEX-ETFA,130109,False
943671,HKEX-ETFA,130108,False
943671,HKEX-ETFA,130107,False
943671,HKEX-ETFA,130104,False
943671,HKEX-ETFA,130103,False
943672,HKEX-ETFA,130106,False
943672,HKEX-ETFA,130112,False
943672,HKEX-ETFA,130111,False
943673,HKEX-ETFA,130110,False
943673,HKEX-ETFA,130105,False
943675,HKEX-CARD,181984,False
943675,HKEX-CARD,181983,False
943675,HKEX-CARD,181982,False
943675,HKEX-CARD,181981,False
943675,HKEX-CARD,181980,False
943675,HKEX-CARD,181979,False
943675,HKEX-CARD,181978,False
943675,HKEX-CARD,181976,False
943675,HKEX-CARD,181975,False
943676,HKEX-CARD,181977,False
943677,HKEX-DLKV,138434,False
943677,HKEX-DLKV,138433,False
943677,HKEX-DLKV,138431,False
943677,HKEX-DLKV,138430,False
943677,HKEX-DLKV,138429,False
943677,HKEX-DLKV,138425,False
943677,HKEX-DLKV,138428,False
943677,HKEX-DLKV,138426,False
943677,HKEX-DLKV,138427,False
943677,HKEX-DLKV,138432,False
943677,HKEX-FSR,135832,False
943677,HKEX-FSR,135831,False
943677,HKEX-FSR,135828,False
943677,HKEX-FSR,135826,False
943677,HKEX-FSR,135825,False
943677,HKEX-FSR,135830,False
943677,HKEX-FSR,135833,False
943677,HKEX-FSR,135834,False
943677,HKEX-FSR,135827,False
943677,HKEX-FSR,135829,False
943677,HKEX-INA,138684,False
943677,HKEX-INA,138682,False
943677,HKEX-INA,138681,False
943677,HKEX-INA,138680,False
943677,HKEX-INA,138679,False
943677,HKEX-INA,138678,False
943677,HKEX-INA,138683,False
943677,HKEX-INA,138675,False
943677,HKEX-INA,138677,False
943677,HKEX-INA,138676,False
943677,HKEX-JNAF,134002,False
943677,HKEX-JNAF,134001,False
943677,HKEX-JNAF,133999,False
943677,HKEX-JNAF,133995,False
943678,HKEX-JNAF,134000,False
943678,HKEX-JNAF,133998,False
943678,HKEX-JNAF,133993,False
943678,HKEX-JNAF,133996,False
943678,HKEX-JNAF,133997,False
943678,HKEX-JNAF,133994,False
943678,HKEX-KOTD,143062,False
943678,HKEX-KOTD,143057,False
943678,HKEX-KOTD,143056,False
943678,HKEX-KOTD,143055,False
943678,HKEX-KOTD,143054,False
943678,HKEX-KOTD,143053,False
943678,HKEX-KOTD,143060,False
943678,HKEX-KOTD,143058,False
943678,HKEX-KOTD,143059,False
943678,HKEX-KOTD,143061,False
943678,HKEX-MDKA,139516,False
943678,HKEX-MDKA,139514,False
943678,HKEX-MDKA,139512,False
943678,HKEX-MDKA,139517,False
943678,HKEX-MDKA,139513,False
943678,HKEX-MDKA,139515,False
943678,HKEX-MDKA,139519,False
943678,HKEX-MDKA,139510,False
943678,HKEX-MDKA,139511,False
943678,HKEX-MDKA,139518,False
943678,HKEX-OIT,126623,False
943678,HKEX-OIT,126621,False
943678,HKEX-OIT,126619,False
943678,HKEX-OIT,126618,False
943678,HKEX-OIT,126617,False
943678,HKEX-OIT,126615,False
943679,HKEX-OIT,126624,False
943679,HKEX-OIT,126620,False
943679,HKEX-OIT,126622,False
943679,HKEX-OIT,126616,False
943680,HKEX-SIMP,149583,False
943680,HKEX-SIMP,149581,False
943680,HKEX-SIMP,149580,False
943680,HKEX-SIMP,149579,False
943680,HKEX-SIMP,149578,False
943680,HKEX-SIMP,149585,False
943680,HKEX-SIMP,149586,False
943680,HKEX-SIMP,149582,False
943680,HKEX-SIMP,149584,False
943680,HKEX-SIMP,149587,False
943680,HKEX-XFR,127176,False
943680,HKEX-XFR,127175,False
943680,HKEX-XFR,127174,False
943680,HKEX-XFR,127173,False
943680,HKEX-XFR,127170,False
943680,HKEX-XFR,127169,False
943680,HKEX-XFR,127168,False
943681,HKEX-XFR,127171,False
943681,HKEX-XFR,127167,False
943681,HKEX-XFR,127172,False
943682,HKEX-FSR,135849,False
943682,HKEX-FSR,135850,False
943682,HKEX-MDKA,139532,False
943682,HKEX-ETFB3,139820,False
943682,HKEX-FSR,135852,False
943717,HKEX-CARD,182001,False
943730,HKEX-INA,138703,False
943732,HKEX-INA,138704,False
943739,HKEX-DLKV,138453,False
943742,HKEX-INA,138705,False
943767,HKEX-ETFB3,139819,False
943767,HKEX-ETFB3,139818,False
943767,HKEX-ETFB3,139815,False
943767,HKEX-ETFB3,139813,False
943767,HKEX-ETFB3,139812,False
943767,HKEX-ETFB3,139811,False
943767,HKEX-ETFB3,139817,False
943767,HKEX-ETFB3,139814,False
943767,HKEX-ETFB3,139816,False
943768,HKEX-ETFB,135172,False
943768,HKEX-ETFB,135170,False
943768,HKEX-ETFB,135168,False
943768,HKEX-ETFB,135163,False
943768,HKEX-ETFB,135171,False
943768,HKEX-ETFB,135169,False
943768,HKEX-ETFB,135166,False
943769,HKEX-ETFB,135165,False
943769,HKEX-ETFB,135167,False
943769,HKEX-ETFA,130121,False
943769,HKEX-ETFA,130114,False
943770,HKEX-ETFA,130120,False
943770,HKEX-ETFA,130122,False
943770,HKEX-ETFA,130115,False
943770,HKEX-ETFA,130119,False
943771,HKEX-ETFA,130123,False
943771,HKEX-ETFA,130117,False
943771,HKEX-ETFA,130116,False
943772,HKEX-ETFA,130118,False
943773,HKEX-CARD,181998,False
943773,HKEX-CARD,181995,False
943773,HKEX-CARD,181993,False
943773,HKEX-CARD,181992,False
943773,HKEX-CARD,181991,False
943773,HKEX-CARD,181990,False
943773,HKEX-CARD,181999,False
943773,HKEX-CARD,181994,False
943773,HKEX-CARD,181997,False
943774,HKEX-CARD,181996,False
943774,HKEX-DLKV,138448,False
943774,HKEX-DLKV,138446,False
943774,HKEX-DLKV,138445,False
943774,HKEX-DLKV,138443,False
943774,HKEX-DLKV,138441,False
943774,HKEX-DLKV,138444,False
943774,HKEX-DLKV,138450,False
943774,HKEX-DLKV,138447,False
943775,HKEX-DLKV,138449,False
943775,HKEX-FSR,135848,False
943775,HKEX-FSR,135846,False
943775,HKEX-FSR,135844,False
943775,HKEX-FSR,135843,False
943775,HKEX-FSR,135842,False
943775,HKEX-FSR,135841,False
943775,HKEX-FSR,135840,False
943775,HKEX-FSR,135839,False
943775,HKEX-FSR,135847,False
943775,HKEX-FSR,135845,False
943775,HKEX-INA,138700,False
943775,HKEX-INA,138699,False
943775,HKEX-INA,138698,False
943775,HKEX-INA,138696,False
943775,HKEX-INA,138695,False
943775,HKEX-INA,138694,False
943775,HKEX-INA,138692,False
943775,HKEX-INA,138693,False
943775,HKEX-INA,138701,False
943775,HKEX-INA,138697,False
943775,HKEX-JNAF,134012,False
943775,HKEX-JNAF,134011,False
943775,HKEX-JNAF,134010,False
943775,HKEX-JNAF,134008,False
943775,HKEX-JNAF,134007,False
943775,HKEX-JNAF,134006,False
943775,HKEX-JNAF,134005,False
943775,HKEX-JNAF,134004,False
943775,HKEX-JNAF,134013,False
943776,HKEX-JNAF,134009,False
943776,HKEX-KOTD,143076,False
943776,HKEX-KOTD,143075,False
943776,HKEX-KOTD,143074,False
943776,HKEX-KOTD,143072,False
943776,HKEX-KOTD,143069,False
943776,HKEX-KOTD,143073,False
943776,HKEX-KOTD,143071,False
943776,HKEX-KOTD,143067,False
943776,HKEX-KOTD,143070,False
943776,HKEX-MDKA,139529,False
943776,HKEX-MDKA,139527,False
943776,HKEX-MDKA,139525,False
943776,HKEX-MDKA,139523,False
943776,HKEX-MDKA,139531,False
943776,HKEX-MDKA,139528,False
943776,HKEX-MDKA,139530,False
943776,HKEX-MDKA,139522,False
943776,HKEX-MDKA,139524,False
943776,HKEX-MDKA,139526,False
943776,HKEX-OIT,126636,False
943776,HKEX-OIT,126635,False
943776,HKEX-OIT,126632,False
943776,HKEX-OIT,126630,False
943776,HKEX-OIT,126628,False
943776,HKEX-OIT,126627,False
943777,HKEX-OIT,126629,False
943777,HKEX-OIT,126633,False
943777,HKEX-OIT,126631,False
943777,HKEX-OIT,126634,False
943778,HKEX-SIMP,149599,False
943778,HKEX-SIMP,149598,False
943778,HKEX-SIMP,149596,False
943778,HKEX-SIMP,149594,False
943778,HKEX-SIMP,149592,False
943778,HKEX-SIMP,149590,False
943778,HKEX-SIMP,149595,False
943778,HKEX-SIMP,149597,False
943778,HKEX-SIMP,149591,False
943778,HKEX-SIMP,149593,False
943778,HKEX-XFR,127187,False
943778,HKEX-XFR,127185,False
943778,HKEX-XFR,127184,False
943778,HKEX-XFR,127183,False
943778,HKEX-XFR,127182,False
943778,HKEX-XFR,127181,False
943778,HKEX-XFR,127180,False
943778,HKEX-XFR,127179,False
943778,HKEX-XFR,127186,False
943779,HKEX-XFR,127178,False
943781,HKEX-INA,138717,False
943781,HKEX-DLKV,138472,False
943806,HKEX-MDKA,139544,False
943834,HKEX-INA,138718,False
943837,HKEX-MDKA,139545,False
943842,HKEX-KOTD,143095,False
943842,HKEX-INA,138719,False
943842,HKEX-DLKV,138473,False
943843,HKEX-SIMP,149610,False
943850,HKEX-ETFB,135190,False
943862,HKEX-ETFB3,139836,False
943862,HKEX-ETFB3,139833,False
943862,HKEX-ETFB3,139831,False
943862,HKEX-ETFB3,139828,False
943862,HKEX-ETFB3,139835,False
943862,HKEX-ETFB3,139829,False
943862,HKEX-ETFB3,139834,False
943863,HKEX-ETFB3,139830,False
943863,HKEX-ETFB3,139832,False
943863,HKEX-ETFB,135186,False
943863,HKEX-ETFB,135184,False
943863,HKEX-ETFB,135179,False
943863,HKEX-ETFB,135178,False
943863,HKEX-ETFB,135180,False
943863,HKEX-ETFB,135185,False
943863,HKEX-ETFB,135183,False
943864,HKEX-ETFB,135187,False
943864,HKEX-ETFB,135182,False
943864,HKEX-ETFB,135181,False
943865,HKEX-ETFA,130133,False
943865,HKEX-ETFA,130132,False
943865,HKEX-ETFA,130130,False
943865,HKEX-ETFA,130127,False
943865,HKEX-ETFA,130126,False
943865,HKEX-ETFA,130134,False
943865,HKEX-ETFA,130125,False
943866,HKEX-ETFA,130128,False
943866,HKEX-ETFA,130129,False
943867,HKEX-ETFA,130131,False
943868,HKEX-CARD,182013,False
943868,HKEX-CARD,182012,False
943868,HKEX-CARD,182010,False
943868,HKEX-CARD,182008,False
943868,HKEX-CARD,182006,False
943868,HKEX-CARD,182005,False
943868,HKEX-CARD,182004,False
943868,HKEX-CARD,182009,False
943868,HKEX-CARD,182011,False
943869,HKEX-CARD,182007,False
943869,HKEX-DLKV,138470,False
943869,HKEX-DLKV,138469,False
943869,HKEX-DLKV,138468,False
943869,HKEX-DLKV,138467,False
943869,HKEX-DLKV,138465,False
943869,HKEX-DLKV,138464,False
943869,HKEX-DLKV,138462,False
943869,HKEX-DLKV,138466,False
943869,HKEX-DLKV,138471,False
943869,HKEX-DLKV,138463,False
943869,HKEX-FSR,135863,False
943869,HKEX-FSR,135862,False
943869,HKEX-FSR,135860,False
943869,HKEX-FSR,135859,False
943869,HKEX-FSR,135857,False
943869,HKEX-FSR,135856,False
943869,HKEX-FSR,135855,False
943869,HKEX-FSR,135854,False
943869,HKEX-FSR,135861,False
943870,HKEX-FSR,135858,False
943870,HKEX-INA,138716,False
943870,HKEX-INA,138715,False
943870,HKEX-INA,138714,False
943870,HKEX-INA,138713,False
943870,HKEX-INA,138712,False
943870,HKEX-INA,138710,False
943870,HKEX-INA,138709,False
943870,HKEX-INA,138708,False
943870,HKEX-INA,138707,False
943870,HKEX-INA,138711,False
943870,HKEX-JNAF,134024,False
943870,HKEX-JNAF,134019,False
943870,HKEX-JNAF,134018,False
943870,HKEX-JNAF,134017,False
943870,HKEX-JNAF,134016,False
943870,HKEX-JNAF,134015,False
943870,HKEX-JNAF,134020,False
943870,HKEX-JNAF,134022,False
943870,HKEX-JNAF,134021,False
943870,HKEX-JNAF,134023,False
943870,HKEX-KOTD,143092,False
943870,HKEX-KOTD,143089,False
943870,HKEX-KOTD,143087,False
943870,HKEX-KOTD,143085,False
943870,HKEX-KOTD,143083,False
943870,HKEX-KOTD,143091,False
943870,HKEX-KOTD,143084,False
943870,HKEX-KOTD,143086,False
943870,HKEX-KOTD,143088,False
943870,HKEX-KOTD,143090,False
943870,HKEX-MDKA,139543,False
943870,HKEX-MDKA,139542,False
943870,HKEX-MDKA,139541,False
943870,HKEX-MDKA,139540,False
943870,HKEX-MDKA,139539,False
943870,HKEX-MDKA,139537,False
943870,HKEX-MDKA,139535,False
943870,HKEX-MDKA,139536,False
943870,HKEX-MDKA,139534,False
943870,HKEX-MDKA,139538,False
943871,HKEX-OIT,126647,False
943871,HKEX-OIT,126645,False
943871,HKEX-OIT,126644,False
943871,HKEX-OIT,126642,False
943871,HKEX-OIT,126641,False
943871,HKEX-OIT,126639,False
943871,HKEX-OIT,126638,False
943871,HKEX-OIT,126640,False
943871,HKEX-OIT,126643,False
943872,HKEX-OIT,126646,False
943872,HKEX-SIMP,149608,False
943872,HKEX-SIMP,149603,False
943872,HKEX-SIMP,149602,False
943872,HKEX-SIMP,149600,False
943872,HKEX-SIMP,149606,False
943872,HKEX-SIMP,149604,False
943872,HKEX-SIMP,149605,False
943872,HKEX-SIMP,149609,False
943872,HKEX-SIMP,149607,False
943872,HKEX-SIMP,149601,False
943872,HKEX-XFR,127198,False
943872,HKEX-XFR,127197,False
943872,HKEX-XFR,127196,False
943872,HKEX-XFR,127193,False
943872,HKEX-XFR,127192,False
943872,HKEX-XFR,127191,False
943872,HKEX-XFR,127190,False
943873,HKEX-XFR,127194,False
943873,HKEX-XFR,127195,False
943873,HKEX-XFR,127189,False
943908,HKEX-KOTD,143111,False
943908,HKEX-KOTD,143112,False
943939,HKEX-KOTD,143113,False
943939,HKEX-DLKV,138486,False
943942,HKEX-DLKV,138487,False
943946,HKEX-ETFB,135209,False
943962,HKEX-ETFB3,139853,False
943962,HKEX-ETFB3,139849,False
943962,HKEX-ETFB3,139847,False
943962,HKEX-ETFB3,139854,False
943962,HKEX-ETFB3,139852,False
943962,HKEX-ETFB3,139848,False
943962,HKEX-ETFB3,139850,False
943962,HKEX-ETFB3,139846,False
943962,HKEX-ETFB3,139851,False
943963,HKEX-ETFB,135201,False
943963,HKEX-ETFB,135200,False
943963,HKEX-ETFB,135195,False
943963,HKEX-ETFB,135199,False
943963,HKEX-ETFB,135202,False
943963,HKEX-ETFB,135198,False
943964,HKEX-ETFB,135204,False
943964,HKEX-ETFB,135197,False
943964,HKEX-ETFB,135203,False
943964,HKEX-ETFA,130147,False
943964,HKEX-ETFA,130146,False
943964,HKEX-ETFA,130145,False
943964,HKEX-ETFA,130143,False
943964,HKEX-ETFA,130141,False
943964,HKEX-ETFA,130139,False
943964,HKEX-ETFA,130144,False
943966,HKEX-ETFA,130138,False
943966,HKEX-ETFA,130140,False
943966,HKEX-ETFA,130142,False
943968,HKEX-CARD,182026,False
943968,HKEX-CARD,182024,False
943968,HKEX-CARD,182023,False
943968,HKEX-CARD,182022,False
943968,HKEX-CARD,182020,False
943968,HKEX-CARD,182019,False
943968,HKEX-CARD,182018,False
943968,HKEX-CARD,182017,False
943968,HKEX-CARD,182025,False
943968,HKEX-CARD,182021,False
943969,HKEX-DLKV,138484,False
943969,HKEX-DLKV,138483,False
943969,HKEX-DLKV,138482,False
943969,HKEX-DLKV,138481,False
943969,HKEX-DLKV,138480,False
943969,HKEX-DLKV,138479,False
943969,HKEX-DLKV,138478,False
943969,HKEX-DLKV,138477,False
943969,HKEX-DLKV,138476,False
943969,HKEX-DLKV,138475,False
943969,HKEX-FSR,135878,False
943969,HKEX-FSR,135877,False
943969,HKEX-FSR,135875,False
943969,HKEX-FSR,135872,False
943970,HKEX-FSR,135874,False
943970,HKEX-FSR,135876,False
943970,HKEX-FSR,135873,False
943970,HKEX-FSR,135871,False
943970,HKEX-FSR,135880,False
943970,HKEX-FSR,135879,False
943970,HKEX-INA,138733,False
943970,HKEX-INA,138732,False
943970,HKEX-INA,138731,False
943970,HKEX-INA,138730,False
943970,HKEX-INA,138729,False
943970,HKEX-INA,138727,False
943970,HKEX-INA,138724,False
943970,HKEX-INA,138726,False
943970,HKEX-INA,138728,False
943970,HKEX-JNAF,134035,False
943970,HKEX-JNAF,134034,False
943970,HKEX-JNAF,134033,False
943970,HKEX-JNAF,134032,False
943970,HKEX-JNAF,134031,False
943970,HKEX-JNAF,134029,False
943970,HKEX-JNAF,134028,False
943970,HKEX-JNAF,134026,False
943970,HKEX-JNAF,134027,False
943970,HKEX-JNAF,134030,False
943970,HKEX-KOTD,143109,False
943970,HKEX-KOTD,143105,False
943970,HKEX-KOTD,143102,False
943970,HKEX-KOTD,143108,False
943970,HKEX-KOTD,143104,False
943970,HKEX-KOTD,143106,False
943970,HKEX-KOTD,143101,False
943970,HKEX-KOTD,143103,False
943970,HKEX-KOTD,143107,False
943970,HKEX-KOTD,143100,False
943971,HKEX-MDKA,139556,False
943971,HKEX-MDKA,139555,False
943971,HKEX-MDKA,139554,False
943971,HKEX-MDKA,139553,False
943971,HKEX-MDKA,139549,False
943971,HKEX-MDKA,139551,False
943971,HKEX-MDKA,139550,False
943971,HKEX-MDKA,139552,False
943971,HKEX-MDKA,139547,False
943971,HKEX-MDKA,139548,False
943971,HKEX-OIT,126660,False
943971,HKEX-OIT,126656,False
943971,HKEX-OIT,126652,False
943971,HKEX-OIT,126651,False
943971,HKEX-OIT,126653,False
943971,HKEX-OIT,126654,False
943971,HKEX-OIT,126659,False
943971,HKEX-OIT,126658,False
943972,HKEX-OIT,126655,False
943972,HKEX-OIT,126657,False
943972,HKEX-SIMP,149620,False
943972,HKEX-SIMP,149619,False
943972,HKEX-SIMP,149616,False
943972,HKEX-SIMP,149615,False
943972,HKEX-SIMP,149614,False
943972,HKEX-SIMP,149613,False
943972,HKEX-SIMP,149612,False
943972,HKEX-SIMP,149611,False
943972,HKEX-SIMP,149618,False
943972,HKEX-SIMP,149617,False
943972,HKEX-XFR,127213,False
943972,HKEX-XFR,127212,False
943972,HKEX-XFR,127210,False
943972,HKEX-XFR,127208,False
943972,HKEX-XFR,127207,False
943972,HKEX-XFR,127204,False
943972,HKEX-XFR,127205,False
943972,HKEX-XFR,127211,False
943973,HKEX-XFR,127209,False
943973,HKEX-XFR,127206,False
943974,HKEX-KOTD,143126,False
943975,HKEX-KOTD,143127,False
943982,HKEX-ETFA,130158,False
943995,HKEX-ETFB3,139873,False
944000,HKEX-INA,138751,False
944015,HKEX-OIT,126673,False
944016,HKEX-OIT,126674,False
944024,HKEX-OIT,126675,False
944025,HKEX-XFR,127226,False
944029,HKEX-INA,138752,False
944049,HKEX-DLKV,138504,False
944060,HKEX-DLKV,138505,False
944061,HKEX-ETFB3,139870,False
944061,HKEX-ETFB3,139869,False
944061,HKEX-ETFB3,139868,False
944061,HKEX-ETFB3,139866,False
944061,HKEX-ETFB3,139865,False
944062,HKEX-ETFB3,139864,False
944062,HKEX-ETFB3,139862,False
944062,HKEX-ETFB3,139867,False
944062,HKEX-ETFB,135220,False
944062,HKEX-ETFB,135219,False
944062,HKEX-ETFB,135217,False
944062,HKEX-ETFB,135214,False
944062,HKEX-ETFB,135213,False
944062,HKEX-ETFB,135211,False
944062,HKEX-ETFB,135212,False
944063,HKEX-ETFB,135215,False
944063,HKEX-ETFB,135216,False
944063,HKEX-ETFB,135218,False
944063,HKEX-ETFA,130156,False
944063,HKEX-ETFA,130154,False
944063,HKEX-ETFA,130153,False
944063,HKEX-ETFA,130149,False
944063,HKEX-ETFA,130148,False
944063,HKEX-ETFA,130151,False
944063,HKEX-ETFA,130155,False
944064,HKEX-ETFA,130157,False
944064,HKEX-ETFA,130152,False
944064,HKEX-ETFA,130150,False
944065,HKEX-CARD,182039,False
944065,HKEX-CARD,182038,False
944065,HKEX-CARD,182037,False
944065,HKEX-CARD,182036,False
944065,HKEX-CARD,182035,False
944065,HKEX-CARD,182034,False
944065,HKEX-CARD,182031,False
944065,HKEX-CARD,182030,False
944065,HKEX-CARD,182032,False
944066,HKEX-CARD,182033,False
944066,HKEX-DLKV,138499,False
944066,HKEX-DLKV,138497,False
944066,HKEX-DLKV,138494,False
944066,HKEX-DLKV,138492,False
944066,HKEX-DLKV,138490,False
944066,HKEX-DLKV,138493,False
944066,HKEX-DLKV,138498,False
944066,HKEX-DLKV,138496,False
944066,HKEX-DLKV,138495,False
944066,HKEX-FSR,135892,False
944066,HKEX-FSR,135891,False
944066,HKEX-FSR,135890,False
944066,HKEX-FSR,135889,False
944066,HKEX-FSR,135887,False
944066,HKEX-FSR,135886,False
944066,HKEX-FSR,135885,False
944066,HKEX-FSR,135884,False
944066,HKEX-FSR,135883,False
944066,HKEX-FSR,135888,False
944067,HKEX-INA,138750,False
944067,HKEX-INA,138749,False
944067,HKEX-INA,138745,False
944067,HKEX-INA,138744,False
944067,HKEX-INA,138743,False
944067,HKEX-INA,138741,False
944067,HKEX-INA,138747,False
944067,HKEX-INA,138746,False
944067,HKEX-INA,138748,False
944067,HKEX-JNAF,134040,False
944067,HKEX-JNAF,134039,False
944067,HKEX-JNAF,134038,False
944067,HKEX-JNAF,134037,False
944067,HKEX-JNAF,134043,False
944067,HKEX-JNAF,134041,False
944067,HKEX-JNAF,134045,False
944067,HKEX-JNAF,134044,False
944067,HKEX-JNAF,134042,False
944067,HKEX-JNAF,134046,False
944067,HKEX-KOTD,143125,False
944067,HKEX-KOTD,143124,False
944067,HKEX-KOTD,143120,False
944067,HKEX-KOTD,143116,False
944067,HKEX-KOTD,143122,False
944067,HKEX-KOTD,143121,False
944067,HKEX-KOTD,143118,False
944067,HKEX-KOTD,143119,False
944067,HKEX-KOTD,143123,False
944067,HKEX-MDKA,139567,False
944067,HKEX-MDKA,139563,False
944067,HKEX-MDKA,139559,False
944067,HKEX-MDKA,139561,False
944067,HKEX-MDKA,139560,False
944067,HKEX-MDKA,139566,False
944067,HKEX-MDKA,139568,False
944067,HKEX-MDKA,139562,False
944067,HKEX-MDKA,139564,False
944067,HKEX-MDKA,139565,False
944067,HKEX-OIT,126672,False
944067,HKEX-OIT,126671,False
944067,HKEX-OIT,126670,False
944067,HKEX-OIT,126669,False
944067,HKEX-OIT,126668,False
944067,HKEX-OIT,126667,False
944067,HKEX-OIT,126666,False
944067,HKEX-OIT,126664,False
944067,HKEX-OIT,126663,False
944067,HKEX-OIT,126665,False
944068,HKEX-SIMP,149630,False
944068,HKEX-SIMP,149628,False
944068,HKEX-SIMP,149627,False
944068,HKEX-SIMP,149626,False
944068,HKEX-SIMP,149625,False
944068,HKEX-SIMP,149624,False
944068,HKEX-SIMP,149622,False
944068,HKEX-SIMP,149621,False
944068,HKEX-SIMP,149623,False
944068,HKEX-SIMP,149629,False
944068,HKEX-XFR,127223,False
944068,HKEX-XFR,127222,False
944068,HKEX-XFR,127221,False
944068,HKEX-XFR,127220,False
944068,HKEX-XFR,127219,False
944068,HKEX-XFR,127218,False
944068,HKEX-XFR,127217,False
944068,HKEX-XFR,127216,False
944068,HKEX-XFR,127215,False
944068,HKEX-XFR,127214,False
944071,HKEX-DLKV,138516,False
944072,HKEX-CARD,182053,False
944075,HKEX-DLKV,138517,False
944079,HKEX-OIT,126686,False
944079,HKEX-DLKV,138518,False
944084,HKEX-OIT,126687,False
944084,HKEX-DLKV,138520,False
944092,HKEX-DLKV,138521,False
944105,HKEX-OIT,126688,False
944106,HKEX-DLKV,138522,False
944110,HKEX-OIT,126689,False
944117,HKEX-DLKV,138523,False
944138,HKEX-OIT,126691,False
944138,HKEX-DLKV,138524,False
944140,HKEX-MDKA,139583,False
944143,HKEX-OIT,126692,False
944169,HKEX-KOTD,143142,False
944169,HKEX-INA,138769,False
944170,HKEX-ETFB3,139885,False
944170,HKEX-ETFB3,139882,False
944170,HKEX-ETFB3,139881,False
944170,HKEX-ETFB3,139880,False
944170,HKEX-ETFB3,139879,False
944170,HKEX-ETFB3,139878,False
944170,HKEX-ETFB3,139884,False
944171,HKEX-ETFB3,139887,False
944171,HKEX-ETFB3,139883,False
944171,HKEX-ETFB3,139886,False
944171,HKEX-ETFB,135230,False
944171,HKEX-ETFB,135228,False
944171,HKEX-ETFB,135226,False
944171,HKEX-ETFB,135223,False
944171,HKEX-ETFB,135231,False
944171,HKEX-ETFB,135224,False
944171,HKEX-ETFB,135222,False
944172,HKEX-ETFB,135225,False
944172,HKEX-ETFB,135227,False
944172,HKEX-ETFB,135229,False
944172,HKEX-ETFA,130168,False
944172,HKEX-ETFA,130164,False
944172,HKEX-ETFA,130162,False
944172,HKEX-ETFA,130170,False
944172,HKEX-ETFA,130166,False
944172,HKEX-ETFA,130167,False
944173,HKEX-ETFA,130169,False
944173,HKEX-ETFA,130163,False
944173,HKEX-ETFA,130165,False
944173,HKEX-ETFA,130171,False
944174,HKEX-CARD,182052,False
944174,HKEX-CARD,182051,False
944174,HKEX-CARD,182050,False
944174,HKEX-CARD,182049,False
944174,HKEX-CARD,182048,False
944174,HKEX-CARD,182047,False
944174,HKEX-CARD,182046,False
944174,HKEX-CARD,182045,False
944174,HKEX-CARD,182043,False
944174,HKEX-CARD,182044,False
944175,HKEX-DLKV,138513,False
944175,HKEX-DLKV,138512,False
944175,HKEX-DLKV,138511,False
944175,HKEX-DLKV,138508,False
944175,HKEX-DLKV,138507,False
944175,HKEX-DLKV,138506,False
944175,HKEX-DLKV,138514,False
944175,HKEX-DLKV,138510,False
944175,HKEX-DLKV,138509,False
944175,HKEX-DLKV,138515,False
944175,HKEX-FSR,135902,False
944175,HKEX-FSR,135901,False
944175,HKEX-FSR,135900,False
944175,HKEX-FSR,135899,False
944175,HKEX-FSR,135897,False
944175,HKEX-FSR,135896,False
944175,HKEX-FSR,135895,False
944175,HKEX-FSR,135893,False
944175,HKEX-FSR,135898,False
944175,HKEX-FSR,135894,False
944175,HKEX-INA,138765,False
944175,HKEX-INA,138764,False
944175,HKEX-INA,138762,False
944175,HKEX-INA,138761,False
944175,HKEX-INA,138760,False
944175,HKEX-INA,138759,False
944175,HKEX-INA,138758,False
944175,HKEX-INA,138757,False
944175,HKEX-INA,138756,False
944175,HKEX-INA,138763,False
944175,HKEX-JNAF,134057,False
944175,HKEX-JNAF,134056,False
944175,HKEX-JNAF,134053,False
944175,HKEX-JNAF,134052,False
944175,HKEX-JNAF,134050,False
944175,HKEX-JNAF,134048,False
944175,HKEX-JNAF,134051,False
944175,HKEX-JNAF,134054,False
944175,HKEX-JNAF,134055,False
944175,HKEX-JNAF,134049,False
944175,HKEX-KOTD,143139,False
944175,HKEX-KOTD,143138,False
944175,HKEX-KOTD,143137,False
944175,HKEX-KOTD,143136,False
944175,HKEX-KOTD,143134,False
944175,HKEX-KOTD,143130,False
944175,HKEX-KOTD,143132,False
944175,HKEX-KOTD,143133,False
944175,HKEX-KOTD,143131,False
944175,HKEX-KOTD,143135,False
944175,HKEX-MDKA,139580,False
944175,HKEX-MDKA,139578,False
944175,HKEX-MDKA,139574,False
944175,HKEX-MDKA,139573,False
944175,HKEX-MDKA,139572,False
944175,HKEX-MDKA,139571,False
944175,HKEX-MDKA,139576,False
944175,HKEX-MDKA,139579,False
944175,HKEX-MDKA,139575,False
944175,HKEX-MDKA,139577,False
944176,HKEX-OIT,126685,False
944176,HKEX-OIT,126681,False
944176,HKEX-OIT,126679,False
944176,HKEX-OIT,126677,False
944176,HKEX-OIT,126683,False
944176,HKEX-OIT,126680,False
944176,HKEX-OIT,126678,False
944176,HKEX-OIT,126682,False
944176,HKEX-OIT,126684,False
944176,HKEX-OIT,126676,False
944176,HKEX-SIMP,149641,False
944176,HKEX-SIMP,149639,False
944176,HKEX-SIMP,149638,False
944176,HKEX-SIMP,149634,False
944176,HKEX-SIMP,149635,False
944176,HKEX-SIMP,149637,False
944176,HKEX-SIMP,149640,False
944176,HKEX-SIMP,149632,False
944176,HKEX-SIMP,149636,False
944176,HKEX-SIMP,149633,False
944177,HKEX-XFR,127238,False
944177,HKEX-XFR,127237,False
944177,HKEX-XFR,127236,False
944177,HKEX-XFR,127235,False
944177,HKEX-XFR,127233,False
944177,HKEX-XFR,127231,False
944177,HKEX-XFR,127239,False
944177,HKEX-XFR,127230,False
944177,HKEX-XFR,127234,False
944177,HKEX-XFR,127232,False
944188,HKEX-JNAF,134068,False
944203,HKEX-SIMP,149652,False
944206,HKEX-CARD,182066,False
944208,HKEX-KOTD,143153,False
944208,HKEX-ETFA,130183,False
944208,HKEX-ETFA,130184,False
944225,HKEX-MDKA,139595,False
944231,HKEX-DLKV,138537,False
944231,HKEX-ETFB3,139903,False
944232,HKEX-KOTD,143154,False
944239,HKEX-ETFB3,139905,False
944239,HKEX-ETFB3,139906,False
944240,HKEX-DLKV,138538,False
944240,HKEX-DLKV,138539,False
944240,HKEX-XFR,127250,False
944241,HKEX-MDKA,139596,False
944245,HKEX-ETFA,130185,False
944246,HKEX-ETFA,130186,False
944248,HKEX-ETFB3,139908,False
944249,HKEX-DLKV,138540,False
944250,HKEX-ETFB3,139910,False
944270,HKEX-ETFB3,139902,False
944270,HKEX-ETFB3,139901,False
944270,HKEX-ETFB3,139895,False
944270,HKEX-ETFB3,139893,False
944270,HKEX-ETFB3,139900,False
944270,HKEX-ETFB3,139896,False
944270,HKEX-ETFB3,139898,False
944270,HKEX-ETFB3,139897,False
944270,HKEX-ETFB3,139899,False
944270,HKEX-ETFB3,139894,False
944271,HKEX-ETFB,135243,False
944271,HKEX-ETFB,135241,False
944271,HKEX-ETFB,135240,False
944271,HKEX-ETFB,135238,False
944271,HKEX-ETFB,135245,False
944271,HKEX-ETFB,135242,False
944271,HKEX-ETFB,135244,False
944271,HKEX-ETFB,135239,False
944271,HKEX-ETFB,135246,False
944272,HKEX-ETFB,135237,False
944272,HKEX-ETFA,130182,False
944272,HKEX-ETFA,130181,False
944272,HKEX-ETFA,130178,False
944272,HKEX-ETFA,130175,False
944272,HKEX-ETFA,130174,False
944272,HKEX-ETFA,130173,False
944272,HKEX-ETFA,130180,False
944273,HKEX-ETFA,130176,False
944273,HKEX-ETFA,130177,False
944273,HKEX-ETFA,130179,False
944274,HKEX-CARD,182064,False
944274,HKEX-CARD,182063,False
944274,HKEX-CARD,182062,False
944275,HKEX-CARD,182061,False
944275,HKEX-CARD,182060,False
944275,HKEX-CARD,182059,False
944275,HKEX-CARD,182056,False
944275,HKEX-CARD,182055,False
944275,HKEX-CARD,182058,False
944275,HKEX-CARD,182057,False
944276,HKEX-DLKV,138536,False
944276,HKEX-DLKV,138535,False
944276,HKEX-DLKV,138532,False
944276,HKEX-DLKV,138529,False
944276,HKEX-DLKV,138528,False
944276,HKEX-DLKV,138527,False
944276,HKEX-DLKV,138530,False
944276,HKEX-DLKV,138534,False
944276,HKEX-DLKV,138531,False
944276,HKEX-DLKV,138533,False
944276,HKEX-FSR,135913,False
944276,HKEX-FSR,135912,False
944276,HKEX-FSR,135911,False
944276,HKEX-FSR,135910,False
944276,HKEX-FSR,135908,False
944276,HKEX-FSR,135906,False
944276,HKEX-FSR,135904,False
944276,HKEX-FSR,135909,False
944276,HKEX-FSR,135907,False
944276,HKEX-FSR,135905,False
944276,HKEX-INA,138779,False
944276,HKEX-INA,138777,False
944276,HKEX-INA,138775,False
944276,HKEX-INA,138773,False
944276,HKEX-INA,138772,False
944276,HKEX-INA,138770,False
944276,HKEX-INA,138778,False
944276,HKEX-INA,138776,False
944276,HKEX-INA,138774,False
944276,HKEX-JNAF,134066,False
944276,HKEX-JNAF,134062,False
944276,HKEX-JNAF,134061,False
944276,HKEX-JNAF,134060,False
944276,HKEX-JNAF,134059,False
944276,HKEX-JNAF,134058,False
944276,HKEX-JNAF,134064,False
944277,HKEX-JNAF,134063,False
944277,HKEX-JNAF,134065,False
944277,HKEX-JNAF,134067,False
944277,HKEX-KOTD,143150,False
944277,HKEX-KOTD,143149,False
944277,HKEX-KOTD,143148,False
944277,HKEX-KOTD,143147,False
944277,HKEX-KOTD,143146,False
944277,HKEX-KOTD,143145,False
944277,HKEX-KOTD,143143,False
944277,HKEX-KOTD,143151,False
944277,HKEX-KOTD,143152,False
944277,HKEX-MDKA,139590,False
944277,HKEX-MDKA,139588,False
944277,HKEX-MDKA,139586,False
944277,HKEX-MDKA,139585,False
944277,HKEX-MDKA,139592,False
944277,HKEX-MDKA,139584,False
944277,HKEX-MDKA,139587,False
944277,HKEX-MDKA,139593,False
944277,HKEX-MDKA,139589,False
944277,HKEX-MDKA,139591,False
944277,HKEX-OIT,126701,False
944277,HKEX-OIT,126700,False
944277,HKEX-OIT,126698,False
944277,HKEX-OIT,126696,False
944277,HKEX-OIT,126695,False
944277,HKEX-OIT,126699,False
944277,HKEX-OIT,126697,False
944278,HKEX-OIT,126702,False
944278,HKEX-OIT,126693,False
944278,HKEX-SIMP,149651,False
944278,HKEX-SIMP,149650,False
944278,HKEX-SIMP,149649,False
944278,HKEX-SIMP,149647,False
944278,HKEX-SIMP,149644,False
944278,HKEX-SIMP,149643,False
944278,HKEX-SIMP,149642,False
944278,HKEX-SIMP,149648,False
944278,HKEX-SIMP,149645,False
944278,HKEX-SIMP,149646,False
944278,HKEX-XFR,127248,False
944278,HKEX-XFR,127246,False
944278,HKEX-XFR,127244,False
944278,HKEX-XFR,127243,False
944278,HKEX-XFR,127242,False
944278,HKEX-XFR,127240,False
944279,HKEX-XFR,127241,False
944279,HKEX-XFR,127249,False
944279,HKEX-XFR,127247,False
944279,HKEX-XFR,127245,False
944283,HKEX-MDKA,139607,False
944297,HKEX-ETFA,130198,False
944300,HKEX-ETFB3,139922,False
944301,HKEX-DLKV,138553,False
944306,HKEX-ETFB3,139923,False
944306,HKEX-KOTD,143169,False
944326,HKEX-MDKA,139608,False
944340,HKEX-ETFA,130199,False
944344,HKEX-ETFB3,139924,False
944344,HKEX-DLKV,138554,False
944369,HKEX-FSR,135926,False
944369,HKEX-KOTD,143171,False
944370,HKEX-ETFB3,139920,False
944370,HKEX-ETFB3,139911,False
944371,HKEX-ETFB3,139917,False
944371,HKEX-ETFB3,139919,False
944371,HKEX-ETFB3,139912,False
944371,HKEX-ETFB3,139915,False
944371,HKEX-ETFB3,139918,False
944371,HKEX-ETFB3,139913,False
944371,HKEX-ETFB3,139914,False
944371,HKEX-ETFB3,139916,False
944371,HKEX-ETFB,135255,False
944371,HKEX-ETFB,135251,False
944372,HKEX-ETFB,135248,False
944372,HKEX-ETFB,135249,False
944372,HKEX-ETFB,135257,False
944372,HKEX-ETFB,135253,False
944372,HKEX-ETFB,135254,False
944372,HKEX-ETFB,135256,False
944372,HKEX-ETFB,135250,False
944372,HKEX-ETFB,135252,False
944373,HKEX-ETFA,130196,False
944373,HKEX-ETFA,130194,False
944373,HKEX-ETFA,130195,False
944373,HKEX-ETFA,130191,False
944373,HKEX-ETFA,130188,False
944374,HKEX-ETFA,130187,False
944374,HKEX-ETFA,130189,False
944374,HKEX-ETFA,130190,False
944374,HKEX-ETFA,130192,False
944374,HKEX-ETFA,130193,False
944375,HKEX-CARD,182075,False
944375,HKEX-CARD,182074,False
944375,HKEX-CARD,182072,False
944375,HKEX-CARD,182071,False
944375,HKEX-CARD,182070,False
944375,HKEX-CARD,182069,False
944376,HKEX-CARD,182078,False
944376,HKEX-CARD,182076,False
944376,HKEX-CARD,182073,False
944376,HKEX-CARD,182077,False
944377,HKEX-DLKV,138549,False
944377,HKEX-DLKV,138548,False
944377,HKEX-DLKV,138547,False
944377,HKEX-DLKV,138546,False
944377,HKEX-DLKV,138545,False
944377,HKEX-DLKV,138544,False
944377,HKEX-DLKV,138543,False
944377,HKEX-DLKV,138550,False
944377,HKEX-DLKV,138551,False
944377,HKEX-DLKV,138552,False
944377,HKEX-FSR,135924,False
944377,HKEX-FSR,135923,False
944377,HKEX-FSR,135921,False
944377,HKEX-FSR,135920,False
944377,HKEX-FSR,135919,False
944377,HKEX-FSR,135918,False
944377,HKEX-FSR,135917,False
944377,HKEX-FSR,135916,False
944377,HKEX-FSR,135915,False
944377,HKEX-FSR,135922,False
944377,HKEX-INA,138789,False
944377,HKEX-INA,138787,False
944377,HKEX-INA,138786,False
944377,HKEX-INA,138784,False
944377,HKEX-INA,138785,False
944377,HKEX-INA,138793,False
944377,HKEX-INA,138791,False
944377,HKEX-INA,138788,False
944377,HKEX-INA,138790,False
944377,HKEX-INA,138792,False
944378,HKEX-JNAF,134079,False
944378,HKEX-JNAF,134077,False
944378,HKEX-JNAF,134076,False
944378,HKEX-JNAF,134075,False
944378,HKEX-JNAF,134074,False
944378,HKEX-JNAF,134073,False
944378,HKEX-JNAF,134078,False
944378,HKEX-JNAF,134071,False
944378,HKEX-JNAF,134072,False
944378,HKEX-JNAF,134080,False
944378,HKEX-KOTD,143168,False
944378,HKEX-KOTD,143164,False
944378,HKEX-KOTD,143163,False
944378,HKEX-KOTD,143160,False
944378,HKEX-KOTD,143162,False
944378,HKEX-KOTD,143165,False
944378,HKEX-KOTD,143167,False
944378,HKEX-KOTD,143166,False
944378,HKEX-KOTD,143161,False
944378,HKEX-KOTD,143159,False
944378,HKEX-MDKA,139605,False
944378,HKEX-MDKA,139601,False
944378,HKEX-MDKA,139599,False
944378,HKEX-MDKA,139602,False
944378,HKEX-MDKA,139598,False
944378,HKEX-MDKA,139604,False
944378,HKEX-MDKA,139606,False
944378,HKEX-MDKA,139603,False
944378,HKEX-MDKA,139597,False
944378,HKEX-MDKA,139600,False
944378,HKEX-OIT,126715,False
944378,HKEX-OIT,126713,False
944378,HKEX-OIT,126711,False
944378,HKEX-OIT,126709,False
944378,HKEX-OIT,126708,False
944379,HKEX-OIT,126717,False
944379,HKEX-OIT,126716,False
944379,HKEX-OIT,126710,False
944379,HKEX-OIT,126712,False
944379,HKEX-OIT,126714,False
944379,HKEX-SIMP,149664,False
944379,HKEX-SIMP,149662,False
944379,HKEX-SIMP,149659,False
944379,HKEX-SIMP,149657,False
944379,HKEX-SIMP,149655,False
944380,HKEX-SIMP,149663,False
944380,HKEX-SIMP,149660,False
944380,HKEX-SIMP,149656,False
944380,HKEX-SIMP,149658,False
944380,HKEX-SIMP,149661,False
944380,HKEX-XFR,127260,False
944380,HKEX-XFR,127259,False
944380,HKEX-XFR,127258,False
944380,HKEX-XFR,127257,False
944380,HKEX-XFR,127255,False
944380,HKEX-XFR,127254,False
944380,HKEX-XFR,127252,False
944380,HKEX-XFR,127251,False
944380,HKEX-XFR,127253,False
944380,HKEX-XFR,127256,False
944381,HKEX-KOTD,143184,False
944381,HKEX-MDKA,139620,False
944381,HKEX-KOTD,143185,False
944382,HKEX-DLKV,138567,False
944382,HKEX-KOTD,143187,False
944385,HKEX-ETFA,130212,False
944389,HKEX-DLKV,138568,False
944407,HKEX-DLKV,138569,False
944413,HKEX-DLKV,138570,False
944424,HKEX-ETFB,135271,False
944431,HKEX-FSR,135939,False
944467,HKEX-DLKV,138572,False
944468,HKEX-ETFB3,139943,False
944468,HKEX-ETFB3,139944,False
944469,HKEX-ETFB3,139935,False
944469,HKEX-ETFB3,139934,False
944469,HKEX-ETFB3,139930,False
944469,HKEX-ETFB3,139936,False
944469,HKEX-ETFB3,139933,False
944469,HKEX-ETFB3,139929,False
944469,HKEX-ETFB3,139931,False
944469,HKEX-ETFB3,139932,False
944469,HKEX-ETFB3,139928,False
944470,HKEX-ETFB,135265,False
944470,HKEX-ETFB,135262,False
944470,HKEX-ETFB,135261,False
944470,HKEX-ETFB,135260,False
944470,HKEX-ETFB,135267,False
944470,HKEX-ETFB,135259,False
944470,HKEX-ETFB,135263,False
944471,HKEX-ETFB,135258,False
944471,HKEX-ETFB,135264,False
944471,HKEX-ETFB,135266,False
944471,HKEX-ETFA,130203,False
944471,HKEX-ETFA,130201,False
944471,HKEX-ETFA,130210,False
944472,HKEX-ETFA,130204,False
944472,HKEX-ETFA,130208,False
944472,HKEX-ETFA,130205,False
944472,HKEX-ETFA,130209,False
944472,HKEX-ETFA,130202,False
944472,HKEX-ETFA,130206,False
944472,HKEX-ETFA,130207,False
944473,HKEX-CARD,182091,False
944473,HKEX-CARD,182089,False
944473,HKEX-CARD,182087,False
944473,HKEX-CARD,182086,False
944473,HKEX-CARD,182085,False
944473,HKEX-CARD,182083,False
944474,HKEX-CARD,182084,False
944474,HKEX-CARD,182088,False
944474,HKEX-CARD,182092,False
944474,HKEX-CARD,182090,False
944474,HKEX-DLKV,138566,False
944474,HKEX-DLKV,138564,False
944474,HKEX-DLKV,138562,False
944474,HKEX-DLKV,138560,False
944474,HKEX-DLKV,138559,False
944474,HKEX-DLKV,138558,False
944474,HKEX-DLKV,138557,False
944474,HKEX-DLKV,138563,False
944474,HKEX-DLKV,138561,False
944475,HKEX-DLKV,138565,False
944475,HKEX-FSR,135933,False
944475,HKEX-FSR,135932,False
944475,HKEX-FSR,135927,False
944475,HKEX-FSR,135928,False
944475,HKEX-FSR,135930,False
944475,HKEX-FSR,135934,False
944475,HKEX-FSR,135935,False
944475,HKEX-FSR,135929,False
944475,HKEX-FSR,135931,False
944475,HKEX-FSR,135936,False
944475,HKEX-INA,138809,False
944475,HKEX-INA,138808,False
944475,HKEX-INA,138807,False
944475,HKEX-INA,138806,False
944475,HKEX-INA,138804,False
944475,HKEX-INA,138803,False
944475,HKEX-INA,138801,False
944475,HKEX-INA,138800,False
944475,HKEX-INA,138802,False
944475,HKEX-INA,138805,False
944475,HKEX-JNAF,134093,False
944475,HKEX-JNAF,134091,False
944475,HKEX-JNAF,134090,False
944475,HKEX-JNAF,134087,False
944475,HKEX-JNAF,134089,False
944475,HKEX-JNAF,134092,False
944475,HKEX-JNAF,134085,False
944475,HKEX-JNAF,134088,False
944476,HKEX-JNAF,134084,False
944476,HKEX-JNAF,134086,False
944476,HKEX-KOTD,143178,False
944476,HKEX-KOTD,143177,False
944476,HKEX-KOTD,143176,False
944476,HKEX-KOTD,143175,False
944476,HKEX-KOTD,143174,False
944476,HKEX-KOTD,143181,False
944476,HKEX-KOTD,143179,False
944476,HKEX-KOTD,143183,False
944476,HKEX-KOTD,143180,False
944476,HKEX-KOTD,143182,False
944476,HKEX-MDKA,139618,False
944476,HKEX-MDKA,139616,False
944476,HKEX-MDKA,139613,False
944476,HKEX-MDKA,139610,False
944476,HKEX-MDKA,139609,False
944476,HKEX-MDKA,139611,False
944476,HKEX-MDKA,139617,False
944476,HKEX-MDKA,139614,False
944476,HKEX-MDKA,139615,False
944476,HKEX-MDKA,139612,False
944476,HKEX-OIT,126727,False
944476,HKEX-OIT,126726,False
944476,HKEX-OIT,126724,False
944476,HKEX-OIT,126723,False
944476,HKEX-OIT,126722,False
944476,HKEX-OIT,126721,False
944476,HKEX-OIT,126719,False
944476,HKEX-OIT,126725,False
944477,HKEX-OIT,126728,False
944478,HKEX-SIMP,149672,False
944478,HKEX-SIMP,149671,False
944478,HKEX-SIMP,149668,False
944478,HKEX-SIMP,149666,False
944478,HKEX-SIMP,149673,False
944478,HKEX-SIMP,149674,False
944478,HKEX-SIMP,149667,False
944478,HKEX-SIMP,149670,False
944478,HKEX-SIMP,149669,False
944478,HKEX-SIMP,149665,False
944478,HKEX-XFR,127271,False
944478,HKEX-XFR,127269,False
944478,HKEX-XFR,127267,False
944478,HKEX-XFR,127266,False
944478,HKEX-XFR,127265,False
944478,HKEX-XFR,127264,False
944478,HKEX-XFR,127263,False
944478,HKEX-XFR,127270,False
944478,HKEX-XFR,127268,False
944479,HKEX-XFR,127262,False
944479,HKEX-ETFB3,139955,False
944480,HKEX-DLKV,138585,False
944480,HKEX-INA,138824,False
944480,HKEX-DLKV,138586,False
944481,HKEX-OIT,126744,False
944481,HKEX-INA,138826,False
944481,HKEX-DLKV,138587,False
944481,HKEX-ETFB,135283,False
944481,HKEX-DLKV,138588,False
944485,HKEX-KOTD,143201,False
944485,HKEX-INA,138827,False
944490,HKEX-DLKV,138590,False
944493,HKEX-DLKV,138591,False
944500,HKEX-INA,138828,False
944504,HKEX-OIT,126745,False
944505,HKEX-INA,138829,False
944511,HKEX-CARD,182106,False
944511,HKEX-DLKV,138592,False
944530,HKEX-FSR,135952,False
944539,HKEX-ETFB3,139960,False
944539,HKEX-DLKV,138593,False
944539,HKEX-DLKV,138594,False
944540,HKEX-ETFB3,139961,False
944540,HKEX-INA,138830,False
944540,HKEX-INA,138831,False
944540,HKEX-XFR,127283,False
944543,HKEX-KOTD,143202,False
944569,HKEX-ETFB3,139954,False
944569,HKEX-ETFB3,139949,False
944569,HKEX-ETFB3,139947,False
944569,HKEX-ETFB3,139950,False
944569,HKEX-ETFB3,139948,False
944570,HKEX-ETFB3,139946,False
944570,HKEX-ETFB3,139951,False
944570,HKEX-ETFB3,139952,False
944570,HKEX-ETFB3,139953,False
944570,HKEX-ETFB,135281,False
944570,HKEX-ETFB,135273,False
944570,HKEX-ETFB,135278,False
944571,HKEX-ETFB,135275,False
944571,HKEX-ETFB,135274,False
944571,HKEX-ETFB,135272,False
944571,HKEX-ETFB,135276,False
944571,HKEX-ETFB,135277,False
944571,HKEX-ETFB,135279,False
944571,HKEX-ETFB,135280,False
944572,HKEX-ETFA,130223,False
944572,HKEX-ETFA,130221,False
944572,HKEX-ETFA,130225,False
944572,HKEX-ETFA,130226,False
944572,HKEX-ETFA,130219,False
944573,HKEX-ETFA,130222,False
944573,HKEX-ETFA,130224,False
944573,HKEX-ETFA,130218,False
944573,HKEX-ETFA,130220,False
944573,HKEX-ETFA,130217,False
944574,HKEX-CARD,182104,False
944574,HKEX-CARD,182101,False
944574,HKEX-CARD,182099,False
944574,HKEX-CARD,182097,False
944574,HKEX-CARD,182096,False
944574,HKEX-CARD,182095,False
944574,HKEX-CARD,182102,False
944574,HKEX-CARD,182103,False
944574,HKEX-CARD,182098,False
944575,HKEX-CARD,182100,False
944575,HKEX-DLKV,138583,False
944575,HKEX-DLKV,138581,False
944575,HKEX-DLKV,138579,False
944575,HKEX-DLKV,138578,False
944575,HKEX-DLKV,138577,False
944575,HKEX-DLKV,138576,False
944575,HKEX-DLKV,138575,False
944575,HKEX-DLKV,138580,False
944575,HKEX-DLKV,138584,False
944575,HKEX-DLKV,138582,False
944575,HKEX-FSR,135950,False
944575,HKEX-FSR,135949,False
944575,HKEX-FSR,135948,False
944575,HKEX-FSR,135947,False
944575,HKEX-FSR,135946,False
944575,HKEX-FSR,135944,False
944575,HKEX-FSR,135941,False
944575,HKEX-FSR,135942,False
944575,HKEX-FSR,135943,False
944576,HKEX-FSR,135945,False
944576,HKEX-INA,138823,False
944576,HKEX-INA,138822,False
944576,HKEX-INA,138821,False
944576,HKEX-INA,138820,False
944576,HKEX-INA,138818,False
944576,HKEX-INA,138816,False
944576,HKEX-INA,138814,False
944576,HKEX-INA,138815,False
944576,HKEX-INA,138817,False
944576,HKEX-INA,138819,False
944576,HKEX-JNAF,134102,False
944576,HKEX-JNAF,134097,False
944576,HKEX-JNAF,134095,False
944576,HKEX-JNAF,134099,False
944576,HKEX-JNAF,134100,False
944576,HKEX-JNAF,134098,False
944576,HKEX-JNAF,134104,False
944576,HKEX-JNAF,134096,False
944576,HKEX-JNAF,134103,False
944576,HKEX-JNAF,134101,False
944576,HKEX-KOTD,143200,False
944576,HKEX-KOTD,143198,False
944576,HKEX-KOTD,143197,False
944576,HKEX-KOTD,143196,False
944576,HKEX-KOTD,143194,False
944576,HKEX-KOTD,143195,False
944576,HKEX-KOTD,143199,False
944576,HKEX-KOTD,143191,False
944576,HKEX-KOTD,143193,False
944576,HKEX-KOTD,143192,False
944576,HKEX-MDKA,139631,False
944576,HKEX-MDKA,139630,False
944576,HKEX-MDKA,139628,False
944576,HKEX-MDKA,139627,False
944576,HKEX-MDKA,139625,False
944576,HKEX-MDKA,139623,False
944577,HKEX-MDKA,139626,False
944577,HKEX-MDKA,139622,False
944577,HKEX-MDKA,139629,False
944577,HKEX-MDKA,139624,False
944577,HKEX-OIT,126743,False
944577,HKEX-OIT,126741,False
944577,HKEX-OIT,126739,False
944577,HKEX-OIT,126737,False
944577,HKEX-OIT,126740,False
944577,HKEX-OIT,126738,False
944577,HKEX-OIT,126742,False
944577,HKEX-OIT,126736,False
944577,HKEX-OIT,126734,False
944577,HKEX-OIT,126735,False
944578,HKEX-SIMP,149687,False
944578,HKEX-SIMP,149682,False
944578,HKEX-SIMP,149680,False
944578,HKEX-SIMP,149679,False
944578,HKEX-SIMP,149678,False
944578,HKEX-SIMP,149683,False
944578,HKEX-SIMP,149685,False
944578,HKEX-SIMP,149681,False
944578,HKEX-SIMP,149684,False
944578,HKEX-SIMP,149686,False
944578,HKEX-XFR,127281,False
944578,HKEX-XFR,127279,False
944578,HKEX-XFR,127277,False
944578,HKEX-XFR,127276,False
944578,HKEX-XFR,127275,False
944578,HKEX-XFR,127274,False
944578,HKEX-XFR,127273,False
944578,HKEX-XFR,127272,False
944579,HKEX-XFR,127280,False
944579,HKEX-XFR,127278,False
944581,HKEX-CARD,182117,False
944582,HKEX-KOTD,143218,False
944582,HKEX-INA,138844,False
944582,HKEX-DLKV,138606,False
944627,HKEX-JNAF,134118,False
944627,HKEX-KOTD,143219,False
944627,HKEX-DLKV,138608,False
944631,HKEX-XFR,127298,False
944634,HKEX-ETFA,130242,False
944635,HKEX-ETFB3,139978,False
944641,HKEX-ETFB3,139979,False
944642,HKEX-INA,138847,False
944642,HKEX-DLKV,138609,False
944651,HKEX-ETFB3,139980,False
944668,HKEX-ETFB3,139974,False
944668,HKEX-ETFB3,139972,False
944668,HKEX-ETFB3,139968,False
944668,HKEX-ETFB3,139970,False
944668,HKEX-ETFB3,139967,False
944668,HKEX-ETFB3,139971,False
944669,HKEX-ETFB3,139973,False
944669,HKEX-ETFB3,139975,False
944669,HKEX-ETFB3,139969,False
944669,HKEX-ETFB,135290,False
944669,HKEX-ETFB,135288,False
944669,HKEX-ETFB,135286,False
944670,HKEX-ETFB,135291,False
944670,HKEX-ETFB,135295,False
944670,HKEX-ETFB,135292,False
944670,HKEX-ETFB,135287,False
944670,HKEX-ETFB,135289,False
944670,HKEX-ETFB,135293,False
944670,HKEX-ETFB,135294,False
944671,HKEX-ETFA,130237,False
944671,HKEX-ETFA,130235,False
944671,HKEX-ETFA,130233,False
944672,HKEX-ETFA,130234,False
944672,HKEX-ETFA,130232,False
944672,HKEX-ETFA,130236,False
944672,HKEX-ETFA,130238,False
944672,HKEX-ETFA,130230,False
944672,HKEX-ETFA,130239,False
944673,HKEX-CARD,182116,False
944673,HKEX-CARD,182115,False
944673,HKEX-CARD,182113,False
944673,HKEX-CARD,182112,False
944673,HKEX-CARD,182110,False
944673,HKEX-CARD,182108,False
944673,HKEX-CARD,182111,False
944673,HKEX-CARD,182109,False
944673,HKEX-CARD,182114,False
944673,HKEX-CARD,182107,False
944674,HKEX-DLKV,138605,False
944674,HKEX-DLKV,138604,False
944674,HKEX-DLKV,138602,False
944674,HKEX-DLKV,138600,False
944674,HKEX-DLKV,138598,False
944674,HKEX-DLKV,138597,False
944674,HKEX-DLKV,138596,False
944674,HKEX-DLKV,138603,False
944674,HKEX-DLKV,138601,False
944674,HKEX-DLKV,138599,False
944674,HKEX-FSR,135958,False
944674,HKEX-FSR,135956,False
944674,HKEX-FSR,135954,False
944674,HKEX-FSR,135953,False
944674,HKEX-FSR,135955,False
944674,HKEX-FSR,135961,False
944674,HKEX-FSR,135960,False
944674,HKEX-FSR,135957,False
944674,HKEX-FSR,135959,False
944674,HKEX-FSR,135962,False
944675,HKEX-INA,138842,False
944675,HKEX-INA,138840,False
944675,HKEX-INA,138838,False
944675,HKEX-INA,138836,False
944675,HKEX-INA,138835,False
944675,HKEX-INA,138834,False
944675,HKEX-INA,138841,False
944675,HKEX-INA,138843,False
944675,HKEX-INA,138837,False
944675,HKEX-INA,138839,False
944675,HKEX-JNAF,134116,False
944675,HKEX-JNAF,134115,False
944675,HKEX-JNAF,134113,False
944675,HKEX-JNAF,134111,False
944675,HKEX-JNAF,134109,False
944675,HKEX-JNAF,134114,False
944675,HKEX-JNAF,134112,False
944675,HKEX-JNAF,134110,False
944675,HKEX-JNAF,134108,False
944675,HKEX-JNAF,134117,False
944675,HKEX-KOTD,143217,False
944675,HKEX-KOTD,143215,False
944675,HKEX-KOTD,143213,False
944675,HKEX-KOTD,143211,False
944675,HKEX-KOTD,143210,False
944675,HKEX-KOTD,143208,False
944675,HKEX-KOTD,143216,False
944675,HKEX-KOTD,143209,False
944675,HKEX-KOTD,143212,False
944675,HKEX-KOTD,143214,False
944675,HKEX-MDKA,139645,False
944675,HKEX-MDKA,139643,False
944675,HKEX-MDKA,139641,False
944675,HKEX-MDKA,139638,False
944675,HKEX-MDKA,139637,False
944675,HKEX-MDKA,139636,False
944675,HKEX-MDKA,139640,False
944675,HKEX-MDKA,139639,False
944675,HKEX-MDKA,139642,False
944675,HKEX-MDKA,139644,False
944676,HKEX-OIT,126758,False
944676,HKEX-OIT,126756,False
944676,HKEX-OIT,126754,False
944676,HKEX-OIT,126753,False
944676,HKEX-OIT,126752,False
944676,HKEX-OIT,126750,False
944676,HKEX-OIT,126749,False
944676,HKEX-OIT,126755,False
944676,HKEX-OIT,126751,False
944676,HKEX-OIT,126757,False
944677,HKEX-SIMP,149699,False
944677,HKEX-SIMP,149698,False
944677,HKEX-SIMP,149696,False
944677,HKEX-SIMP,149694,False
944677,HKEX-SIMP,149693,False
944677,HKEX-SIMP,149691,False
944677,HKEX-SIMP,149695,False
944677,HKEX-SIMP,149697,False
944677,HKEX-SIMP,149690,False
944677,HKEX-SIMP,149692,False
944677,HKEX-XFR,127296,False
944677,HKEX-XFR,127295,False
944677,HKEX-XFR,127294,False
944677,HKEX-XFR,127293,False
944677,HKEX-XFR,127291,False
944677,HKEX-XFR,127290,False
944677,HKEX-XFR,127289,False
944677,HKEX-XFR,127297,False
944677,HKEX-XFR,127292,False
944677,HKEX-XFR,127288,False
944679,HKEX-KOTD,143233,False
944679,HKEX-INA,138859,False
944679,HKEX-DLKV,138622,False
944680,HKEX-ETFA,130254,False
944686,HKEX-DLKV,138623,False
944708,HKEX-ETFA,130255,False
944719,HKEX-OIT,126769,False
944719,HKEX-ETFA,130256,False
944719,HKEX-CARD,182129,False
944741,HKEX-OIT,126771,False
944746,HKEX-KOTD,143234,False
944746,HKEX-INA,138860,False
944746,HKEX-DLKV,138626,False
944767,HKEX-ETFB3,139988,False
944767,HKEX-ETFB3,139985,False
944767,HKEX-ETFB3,139984,False
944767,HKEX-ETFB3,139983,False
944767,HKEX-ETFB3,139982,False
944767,HKEX-ETFB3,139986,False
944767,HKEX-ETFB3,139990,False
944768,HKEX-ETFB3,139987,False
944768,HKEX-ETFB3,139989,False
944768,HKEX-ETFB3,139991,False
944768,HKEX-ETFB,135308,False
944768,HKEX-ETFB,135299,False
944768,HKEX-ETFB,135300,False
944768,HKEX-ETFB,135302,False
944768,HKEX-ETFB,135306,False
944769,HKEX-ETFB,135303,False
944769,HKEX-ETFB,135305,False
944769,HKEX-ETFB,135307,False
944769,HKEX-ETFB,135301,False
944769,HKEX-ETFB,135304,False
944769,HKEX-ETFA,130252,False
944769,HKEX-ETFA,130250,False
944769,HKEX-ETFA,130249,False
944769,HKEX-ETFA,130243,False
944769,HKEX-ETFA,130247,False
944770,HKEX-ETFA,130244,False
944770,HKEX-ETFA,130248,False
944770,HKEX-ETFA,130246,False
944771,HKEX-ETFA,130245,False
944771,HKEX-ETFA,130251,False
944772,HKEX-CARD,182128,False
944772,HKEX-CARD,182123,False
944772,HKEX-CARD,182121,False
944772,HKEX-CARD,182124,False
944772,HKEX-CARD,182127,False
944772,HKEX-CARD,182120,False
944772,HKEX-CARD,182122,False
944772,HKEX-CARD,182125,False
944772,HKEX-CARD,182126,False
944772,HKEX-CARD,182119,False
944773,HKEX-DLKV,138621,False
944773,HKEX-DLKV,138620,False
944773,HKEX-DLKV,138619,False
944773,HKEX-DLKV,138616,False
944773,HKEX-DLKV,138615,False
944773,HKEX-DLKV,138614,False
944773,HKEX-DLKV,138613,False
944773,HKEX-DLKV,138617,False
944773,HKEX-DLKV,138618,False
944773,HKEX-FSR,135973,False
944773,HKEX-FSR,135972,False
944773,HKEX-FSR,135971,False
944773,HKEX-FSR,135969,False
944773,HKEX-FSR,135967,False
944773,HKEX-FSR,135966,False
944773,HKEX-FSR,135965,False
944773,HKEX-FSR,135974,False
944773,HKEX-FSR,135970,False
944773,HKEX-FSR,135968,False
944773,HKEX-INA,138857,False
944773,HKEX-INA,138855,False
944773,HKEX-INA,138854,False
944773,HKEX-INA,138853,False
944773,HKEX-INA,138852,False
944773,HKEX-INA,138851,False
944773,HKEX-INA,138850,False
944773,HKEX-INA,138849,False
944773,HKEX-INA,138856,False
944773,HKEX-INA,138858,False
944774,HKEX-JNAF,134122,False
944774,HKEX-JNAF,134120,False
944774,HKEX-JNAF,134123,False
944774,HKEX-JNAF,134121,False
944774,HKEX-JNAF,134119,False
944774,HKEX-JNAF,134127,False
944774,HKEX-JNAF,134125,False
944774,HKEX-JNAF,134128,False
944774,HKEX-JNAF,134126,False
944774,HKEX-JNAF,134124,False
944774,HKEX-KOTD,143227,False
944774,HKEX-KOTD,143226,False
944774,HKEX-KOTD,143225,False
944774,HKEX-KOTD,143224,False
944774,HKEX-KOTD,143230,False
944774,HKEX-KOTD,143232,False
944774,HKEX-KOTD,143223,False
944774,HKEX-KOTD,143229,False
944774,HKEX-KOTD,143231,False
944774,HKEX-KOTD,143228,False
944774,HKEX-MDKA,139655,False
944774,HKEX-MDKA,139653,False
944774,HKEX-MDKA,139651,False
944774,HKEX-MDKA,139649,False
944774,HKEX-MDKA,139647,False
944774,HKEX-MDKA,139648,False
944774,HKEX-MDKA,139646,False
944774,HKEX-MDKA,139652,False
944774,HKEX-MDKA,139650,False
944774,HKEX-MDKA,139654,False
944774,HKEX-OIT,126768,False
944774,HKEX-OIT,126767,False
944774,HKEX-OIT,126766,False
944774,HKEX-OIT,126765,False
944774,HKEX-OIT,126764,False
944774,HKEX-OIT,126763,False
944774,HKEX-OIT,126762,False
944774,HKEX-OIT,126761,False
944774,HKEX-OIT,126759,False
944775,HKEX-OIT,126760,False
944775,HKEX-SIMP,149710,False
944775,HKEX-SIMP,149708,False
944775,HKEX-SIMP,149706,False
944775,HKEX-SIMP,149704,False
944775,HKEX-SIMP,149703,False
944775,HKEX-SIMP,149702,False
944775,HKEX-SIMP,149701,False
944775,HKEX-SIMP,149705,False
944775,HKEX-SIMP,149709,False
944775,HKEX-SIMP,149707,False
944776,HKEX-XFR,127308,False
944776,HKEX-XFR,127307,False
944776,HKEX-XFR,127306,False
944776,HKEX-XFR,127305,False
944776,HKEX-XFR,127304,False
944776,HKEX-XFR,127303,False
944776,HKEX-XFR,127301,False
944776,HKEX-XFR,127300,False
944776,HKEX-XFR,127299,False
944776,HKEX-XFR,127302,False
944781,HKEX-INA,138872,False
944781,HKEX-KOTD,143247,False
944781,HKEX-XFR,127320,False
944781,HKEX-FSR,135986,False
944796,HKEX-INA,138875,False
944800,HKEX-ETFB3,140012,False
944809,HKEX-OIT,126783,False
944814,HKEX-FSR,135987,False
944814,HKEX-OIT,126784,False
944814,HKEX-MDKA,139670,False
944840,HKEX-ETFA,130269,False
944840,HKEX-ETFB,135323,False
944846,HKEX-JNAF,134142,False
944846,HKEX-MDKA,139671,False
944847,HKEX-MDKA,139672,False
944847,HKEX-MDKA,139673,False
944847,HKEX-MDKA,139674,False
944847,HKEX-MDKA,139675,False
944847,HKEX-MDKA,139676,False
944847,HKEX-MDKA,139677,False
944847,HKEX-KOTD,143249,False
944849,HKEX-XFR,127321,False
944868,HKEX-OIT,126785,False
944868,HKEX-ETFB,135324,False
944870,HKEX-ETFB3,140004,False
944870,HKEX-ETFB3,140002,False
944870,HKEX-ETFB3,140001,False
944870,HKEX-ETFB3,139999,False
944870,HKEX-ETFB3,139998,False
944870,HKEX-ETFB3,139997,False
944871,HKEX-ETFB3,140000,False
944871,HKEX-ETFB3,140005,False
944871,HKEX-ETFB3,140003,False
944871,HKEX-ETFB,135320,False
944871,HKEX-ETFB,135316,False
944871,HKEX-ETFB,135314,False
944871,HKEX-ETFB,135312,False
944871,HKEX-ETFB,135318,False
944871,HKEX-ETFB,135315,False
944872,HKEX-ETFB,135313,False
944872,HKEX-ETFB,135311,False
944872,HKEX-ETFB,135319,False
944872,HKEX-ETFB,135317,False
944873,HKEX-ETFA,130266,False
944873,HKEX-ETFA,130262,False
944873,HKEX-ETFA,130260,False
944873,HKEX-ETFA,130268,False
944873,HKEX-ETFA,130263,False
944873,HKEX-ETFA,130259,False
944874,HKEX-ETFA,130267,False
944874,HKEX-ETFA,130261,False
944874,HKEX-ETFA,130265,False
944874,HKEX-ETFA,130264,False
944875,HKEX-CARD,182140,False
944875,HKEX-CARD,182139,False
944875,HKEX-CARD,182138,False
944875,HKEX-CARD,182137,False
944875,HKEX-CARD,182136,False
944875,HKEX-CARD,182135,False
944875,HKEX-CARD,182131,False
944875,HKEX-CARD,182133,False
944876,HKEX-CARD,182132,False
944876,HKEX-CARD,182134,False
944876,HKEX-DLKV,138638,False
944876,HKEX-DLKV,138637,False
944876,HKEX-DLKV,138636,False
944876,HKEX-DLKV,138635,False
944876,HKEX-DLKV,138634,False
944876,HKEX-DLKV,138633,False
944876,HKEX-DLKV,138630,False
944876,HKEX-DLKV,138632,False
944876,HKEX-DLKV,138631,False
944876,HKEX-FSR,135983,False
944876,HKEX-FSR,135981,False
944876,HKEX-FSR,135979,False
944876,HKEX-FSR,135977,False
944876,HKEX-FSR,135976,False
944876,HKEX-FSR,135975,False
944876,HKEX-FSR,135984,False
944876,HKEX-FSR,135978,False
944876,HKEX-FSR,135980,False
944876,HKEX-FSR,135982,False
944877,HKEX-INA,138871,False
944877,HKEX-INA,138870,False
944877,HKEX-INA,138869,False
944877,HKEX-INA,138868,False
944877,HKEX-INA,138867,False
944877,HKEX-INA,138863,False
944877,HKEX-INA,138862,False
944877,HKEX-INA,138866,False
944877,HKEX-INA,138864,False
944877,HKEX-INA,138865,False
944877,HKEX-JNAF,134140,False
944877,HKEX-JNAF,134138,False
944877,HKEX-JNAF,134136,False
944877,HKEX-JNAF,134134,False
944877,HKEX-JNAF,134132,False
944877,HKEX-JNAF,134139,False
944877,HKEX-JNAF,134135,False
944877,HKEX-JNAF,134133,False
944877,HKEX-JNAF,134137,False
944877,HKEX-KOTD,143246,False
944877,HKEX-KOTD,143245,False
944877,HKEX-KOTD,143244,False
944877,HKEX-KOTD,143242,False
944877,HKEX-KOTD,143241,False
944877,HKEX-KOTD,143240,False
944877,HKEX-KOTD,143238,False
944877,HKEX-KOTD,143243,False
944877,HKEX-KOTD,143239,False
944878,HKEX-MDKA,139668,False
944878,HKEX-MDKA,139666,False
944878,HKEX-MDKA,139664,False
944878,HKEX-MDKA,139662,False
944878,HKEX-MDKA,139660,False
944878,HKEX-MDKA,139661,False
944878,HKEX-MDKA,139663,False
944878,HKEX-MDKA,139659,False
944878,HKEX-MDKA,139665,False
944878,HKEX-MDKA,139667,False
944878,HKEX-OIT,126782,False
944878,HKEX-OIT,126781,False
944878,HKEX-OIT,126780,False
944878,HKEX-OIT,126779,False
944878,HKEX-OIT,126778,False
944878,HKEX-OIT,126777,False
944878,HKEX-OIT,126776,False
944878,HKEX-OIT,126775,False
944878,HKEX-OIT,126774,False
944878,HKEX-OIT,126773,False
944879,HKEX-SIMP,149720,False
944879,HKEX-SIMP,149718,False
944879,HKEX-SIMP,149716,False
944879,HKEX-SIMP,149714,False
944879,HKEX-SIMP,149713,False
944879,HKEX-SIMP,149712,False
944879,HKEX-SIMP,149719,False
944879,HKEX-SIMP,149717,False
944879,HKEX-SIMP,149721,False
944879,HKEX-SIMP,149715,False
944879,HKEX-XFR,127319,False
944879,HKEX-XFR,127318,False
944879,HKEX-XFR,127316,False
944879,HKEX-XFR,127315,False
944879,HKEX-XFR,127313,False
944879,HKEX-XFR,127310,False
944879,HKEX-XFR,127317,False
944879,HKEX-XFR,127311,False
944879,HKEX-XFR,127314,False
944879,HKEX-XFR,127312,False
944881,HKEX-MDKA,139688,False
944881,HKEX-ETFB3,140027,False
944881,HKEX-KOTD,143263,False
944881,HKEX-INA,138887,False
944881,HKEX-DLKV,138661,False
944907,HKEX-SIMP,149733,False
944908,HKEX-DLKV,138662,False
944908,HKEX-ETFB3,140028,False
944917,HKEX-ETFB3,140029,False
944928,HKEX-DLKV,138663,False
944929,HKEX-SIMP,149734,False
944940,HKEX-DLKV,138664,False
944947,HKEX-JNAF,134157,False
944949,HKEX-KOTD,143264,False
944965,HKEX-ETFB3,140033,False
944965,HKEX-SIMP,149735,False
944968,HKEX-ETFB3,140025,False
944968,HKEX-ETFB3,140023,False
944968,HKEX-ETFB3,140020,False
944968,HKEX-ETFB3,140024,False
944968,HKEX-ETFB3,140017,False
944968,HKEX-ETFB3,140016,False
944968,HKEX-ETFB3,140022,False
944969,HKEX-ETFB3,140019,False
944969,HKEX-ETFB3,140021,False
944969,HKEX-ETFB3,140018,False
944969,HKEX-ETFB,135330,False
944969,HKEX-ETFB,135329,False
944969,HKEX-ETFB,135328,False
944969,HKEX-ETFB,135334,False
944969,HKEX-ETFB,135327,False
944970,HKEX-ETFB,135331,False
944970,HKEX-ETFB,135335,False
944970,HKEX-ETFB,135333,False
944970,HKEX-ETFB,135332,False
944971,HKEX-ETFB,135326,False
944971,HKEX-ETFA,130279,False
944971,HKEX-ETFA,130275,False
944971,HKEX-ETFA,130274,False
944971,HKEX-ETFA,130272,False
944971,HKEX-ETFA,130271,False
944971,HKEX-ETFA,130270,False
944972,HKEX-ETFA,130276,False
944972,HKEX-ETFA,130273,False
944972,HKEX-ETFA,130278,False
944972,HKEX-ETFA,130277,False
944975,HKEX-CARD,182150,False
944975,HKEX-CARD,182148,False
944975,HKEX-CARD,182144,False
944975,HKEX-CARD,182143,False
944975,HKEX-CARD,182142,False
944975,HKEX-CARD,182149,False
944975,HKEX-CARD,182146,False
944975,HKEX-CARD,182145,False
944975,HKEX-CARD,182147,False
944976,HKEX-DLKV,138660,False
944976,HKEX-DLKV,138659,False
944976,HKEX-DLKV,138658,False
944976,HKEX-DLKV,138657,False
944976,HKEX-DLKV,138655,False
944976,HKEX-DLKV,138654,False
944976,HKEX-DLKV,138653,False
944976,HKEX-DLKV,138652,False
944976,HKEX-DLKV,138651,False
944976,HKEX-DLKV,138656,False
944977,HKEX-FSR,135996,False
944977,HKEX-FSR,135992,False
944977,HKEX-FSR,135990,False
944977,HKEX-FSR,135989,False
944977,HKEX-FSR,135993,False
944977,HKEX-FSR,135991,False
944977,HKEX-FSR,135988,False
944977,HKEX-FSR,135995,False
944977,HKEX-FSR,135994,False
944977,HKEX-FSR,135997,False
944977,HKEX-INA,138886,False
944977,HKEX-INA,138885,False
944977,HKEX-INA,138883,False
944977,HKEX-INA,138881,False
944977,HKEX-INA,138880,False
944977,HKEX-INA,138879,False
944977,HKEX-INA,138877,False
944977,HKEX-INA,138878,False
944977,HKEX-INA,138884,False
944977,HKEX-INA,138882,False
944977,HKEX-JNAF,134154,False
944977,HKEX-JNAF,134152,False
944977,HKEX-JNAF,134149,False
944977,HKEX-JNAF,134148,False
944977,HKEX-JNAF,134146,False
944977,HKEX-JNAF,134147,False
944977,HKEX-JNAF,134150,False
944978,HKEX-JNAF,134151,False
944978,HKEX-JNAF,134153,False
944978,HKEX-JNAF,134155,False
944978,HKEX-KOTD,143262,False
944978,HKEX-KOTD,143260,False
944978,HKEX-KOTD,143259,False
944978,HKEX-KOTD,143258,False
944978,HKEX-KOTD,143257,False
944978,HKEX-KOTD,143255,False
944978,HKEX-KOTD,143261,False
944978,HKEX-KOTD,143253,False
944978,HKEX-KOTD,143256,False
944978,HKEX-KOTD,143254,False
944978,HKEX-MDKA,139685,False
944978,HKEX-MDKA,139684,False
944978,HKEX-MDKA,139683,False
944978,HKEX-MDKA,139682,False
944978,HKEX-MDKA,139681,False
944978,HKEX-MDKA,139680,False
944978,HKEX-MDKA,139679,False
944978,HKEX-MDKA,139678,False
944978,HKEX-MDKA,139687,False
944978,HKEX-MDKA,139686,False
944978,HKEX-OIT,126795,False
944978,HKEX-OIT,126794,False
944978,HKEX-OIT,126793,False
944978,HKEX-OIT,126792,False
944978,HKEX-OIT,126791,False
944978,HKEX-OIT,126789,False
944979,HKEX-OIT,126786,False
944979,HKEX-OIT,126788,False
944979,HKEX-OIT,126790,False
944980,HKEX-OIT,126787,False
944980,HKEX-SIMP,149732,False
944980,HKEX-SIMP,149726,False
944980,HKEX-SIMP,149724,False
944980,HKEX-SIMP,149729,False
944980,HKEX-SIMP,149725,False
944980,HKEX-SIMP,149727,False
944980,HKEX-SIMP,149723,False
944980,HKEX-SIMP,149731,False
944980,HKEX-SIMP,149728,False
944980,HKEX-SIMP,149730,False
944980,HKEX-XFR,127332,False
944980,HKEX-XFR,127331,False
944980,HKEX-XFR,127329,False
944980,HKEX-XFR,127327,False
944980,HKEX-XFR,127326,False
944980,HKEX-XFR,127324,False
944980,HKEX-XFR,127323,False
944980,HKEX-XFR,127325,False
944981,HKEX-XFR,127330,False
944981,HKEX-XFR,127328,False
944982,HKEX-ETFB,135349,False
944982,HKEX-ETFB3,140046,False
944983,HKEX-DLKV,138677,False
944983,HKEX-ETFB,135350,False
944984,HKEX-INA,138901,False
944984,HKEX-INA,138902,False
944984,HKEX-FSR,136014,False
944997,HKEX-JNAF,133823,False
944999,HKEX-KOTD,143280,False
945001,HKEX-JNAF,134169,False
945007,HKEX-INA,138904,False
945009,HKEX-ETFB3,140049,False
945016,HKEX-DLKV,138680,False
945016,HKEX-DLKV,138681,False
945018,HKEX-KOTD,143282,False
945026,HKEX-OIT,126810,False
945039,HKEX-ETFA,130293,False
945039,HKEX-ETFB,135353,False
945040,HKEX-ETFB3,140050,False
945041,HKEX-KOTD,143283,False
945042,HKEX-ETFB3,140051,False
945043,HKEX-DLKV,138684,False
945043,HKEX-FSR,136016,False
945046,HKEX-JNAF,134171,False
945067,HKEX-ETFB3,140054,False
945067,HKEX-ETFB3,140055,False
945068,HKEX-DLKV,138688,False
945070,HKEX-ETFB3,140044,False
945070,HKEX-ETFB3,140039,False
945070,HKEX-ETFB3,140037,False
945071,HKEX-ETFB3,140042,False
945071,HKEX-ETFB3,140040,False
945071,HKEX-ETFB3,140045,False
945071,HKEX-ETFB3,140038,False
945071,HKEX-ETFB3,140041,False
945071,HKEX-ETFB3,140043,False
945072,HKEX-ETFB,135347,False
945072,HKEX-ETFB,135345,False
945072,HKEX-ETFB,135343,False
945072,HKEX-ETFB,135342,False
945072,HKEX-ETFB,135340,False
945072,HKEX-ETFB,135339,False
945072,HKEX-ETFB,135341,False
945072,HKEX-ETFB,135346,False
945072,HKEX-ETFB,135344,False
945073,HKEX-ETFB,135348,False
945073,HKEX-ETFA,130289,False
945073,HKEX-ETFA,130287,False
945073,HKEX-ETFA,130286,False
945073,HKEX-ETFA,130285,False
945073,HKEX-ETFA,130283,False
945074,HKEX-ETFA,130290,False
945074,HKEX-ETFA,130291,False
945075,HKEX-ETFA,130288,False
945075,HKEX-ETFA,130284,False
945075,HKEX-ETFA,130292,False
945077,HKEX-CARD,182169,False
945077,HKEX-CARD,182167,False
945077,HKEX-CARD,182164,False
945077,HKEX-CARD,182162,False
945077,HKEX-CARD,182165,False
945078,HKEX-CARD,182160,False
945078,HKEX-CARD,182163,False
945078,HKEX-CARD,182161,False
945078,HKEX-CARD,182166,False
945078,HKEX-CARD,182168,False
945079,HKEX-DLKV,138674,False
945079,HKEX-DLKV,138673,False
945079,HKEX-DLKV,138672,False
945079,HKEX-DLKV,138670,False
945079,HKEX-DLKV,138669,False
945079,HKEX-DLKV,138667,False
945079,HKEX-DLKV,138671,False
945079,HKEX-DLKV,138675,False
945079,HKEX-DLKV,138676,False
945079,HKEX-FSR,136013,False
945079,HKEX-FSR,136012,False
945079,HKEX-FSR,136011,False
945079,HKEX-FSR,136009,False
945079,HKEX-FSR,136008,False
945079,HKEX-FSR,136007,False
945079,HKEX-FSR,136006,False
945079,HKEX-FSR,136004,False
945079,HKEX-FSR,136005,False
945079,HKEX-FSR,136010,False
945079,HKEX-INA,138900,False
945079,HKEX-INA,138899,False
945079,HKEX-INA,138898,False
945079,HKEX-INA,138895,False
945079,HKEX-INA,138894,False
945079,HKEX-INA,138893,False
945079,HKEX-INA,138892,False
945079,HKEX-INA,138896,False
945079,HKEX-INA,138891,False
945079,HKEX-INA,138897,False
945079,HKEX-JNAF,134167,False
945079,HKEX-JNAF,134166,False
945079,HKEX-JNAF,134164,False
945079,HKEX-JNAF,134163,False
945079,HKEX-JNAF,134162,False
945079,HKEX-JNAF,134161,False
945079,HKEX-JNAF,134160,False
945079,HKEX-JNAF,134159,False
945079,HKEX-JNAF,134158,False
945079,HKEX-JNAF,134165,False
945080,HKEX-KOTD,143277,False
945080,HKEX-KOTD,143276,False
945080,HKEX-KOTD,143275,False
945080,HKEX-KOTD,143274,False
945080,HKEX-KOTD,143272,False
945080,HKEX-KOTD,143270,False
945080,HKEX-KOTD,143268,False
945080,HKEX-KOTD,143271,False
945080,HKEX-KOTD,143273,False
945080,HKEX-MDKA,139701,False
945080,HKEX-MDKA,139699,False
945080,HKEX-MDKA,139696,False
945080,HKEX-MDKA,139695,False
945080,HKEX-MDKA,139694,False
945080,HKEX-MDKA,139693,False
945080,HKEX-MDKA,139697,False
945080,HKEX-MDKA,139700,False
945080,HKEX-MDKA,139698,False
945080,HKEX-MDKA,139702,False
945080,HKEX-OIT,126807,False
945080,HKEX-OIT,126805,False
945080,HKEX-OIT,126804,False
945080,HKEX-OIT,126803,False
945080,HKEX-OIT,126801,False
945080,HKEX-OIT,126799,False
945080,HKEX-OIT,126808,False
945080,HKEX-OIT,126802,False
945081,HKEX-OIT,126806,False
945081,HKEX-SIMP,149743,False
945081,HKEX-SIMP,149740,False
945081,HKEX-SIMP,149738,False
945081,HKEX-SIMP,149736,False
945081,HKEX-SIMP,149745,False
945081,HKEX-SIMP,149742,False
945081,HKEX-SIMP,149737,False
945081,HKEX-SIMP,149741,False
945081,HKEX-SIMP,149739,False
945082,HKEX-SIMP,149744,False
945082,HKEX-XFR,127342,False
945082,HKEX-XFR,127340,False
945082,HKEX-XFR,127339,False
945082,HKEX-XFR,127337,False
945082,HKEX-XFR,127336,False
945082,HKEX-XFR,127335,False
945082,HKEX-XFR,127333,False
945082,HKEX-XFR,127338,False
945082,HKEX-XFR,127341,False
945082,HKEX-XFR,127334,False
945084,HKEX-INA,138918,False
945084,HKEX-ETFB3,140067,False
945084,HKEX-OIT,126824,False
945108,HKEX-OIT,126825,False
945108,HKEX-JNAF,134184,False
945131,HKEX-FSR,136030,False
945131,HKEX-JNAF,134185,False
945142,HKEX-DLKV,138704,False
945146,HKEX-JNAF,134187,False
945169,HKEX-ETFB3,140072,False
945169,HKEX-JNAF,134191,False
945170,HKEX-ETFB3,140064,False
945170,HKEX-ETFB3,140061,False
945170,HKEX-ETFB3,140060,False
945170,HKEX-ETFB3,140059,False
945170,HKEX-ETFB3,140062,False
945170,HKEX-ETFB3,140057,False
945170,HKEX-ETFB3,140058,False
945171,HKEX-ETFB3,140065,False
945171,HKEX-ETFB3,140063,False
945171,HKEX-ETFB,135362,False
945171,HKEX-ETFB,135361,False
945171,HKEX-ETFB,135359,False
945171,HKEX-ETFB,135358,False
945171,HKEX-ETFB,135357,False
945171,HKEX-ETFB,135356,False
945171,HKEX-ETFB,135363,False
945171,HKEX-ETFB,135355,False
945172,HKEX-ETFB,135360,False
945172,HKEX-ETFB,135354,False
945172,HKEX-ETFA,130305,False
945172,HKEX-ETFA,130303,False
945172,HKEX-ETFA,130302,False
945172,HKEX-ETFA,130300,False
945172,HKEX-ETFA,130299,False
945172,HKEX-ETFA,130298,False
945172,HKEX-ETFA,130297,False
945172,HKEX-ETFA,130304,False
945173,HKEX-ETFA,130296,False
945174,HKEX-ETFA,130301,False
945176,HKEX-CARD,182179,False
945176,HKEX-CARD,182177,False
945176,HKEX-CARD,182173,False
945176,HKEX-CARD,182171,False
945176,HKEX-CARD,182175,False
945176,HKEX-CARD,182178,False
945176,HKEX-CARD,182172,False
945176,HKEX-CARD,182170,False
945177,HKEX-CARD,182174,False
945177,HKEX-CARD,182176,False
945177,HKEX-DLKV,138698,False
945177,HKEX-DLKV,138696,False
945177,HKEX-DLKV,138695,False
945177,HKEX-DLKV,138694,False
945177,HKEX-DLKV,138692,False
945177,HKEX-DLKV,138691,False
945177,HKEX-DLKV,138690,False
945177,HKEX-DLKV,138689,False
945177,HKEX-DLKV,138693,False
945177,HKEX-DLKV,138697,False
945177,HKEX-FSR,136023,False
945177,HKEX-FSR,136022,False
945177,HKEX-FSR,136020,False
945178,HKEX-FSR,136019,False
945178,HKEX-FSR,136025,False
945178,HKEX-FSR,136026,False
945178,HKEX-FSR,136024,False
945178,HKEX-FSR,136027,False
945178,HKEX-FSR,136021,False
945178,HKEX-FSR,136028,False
945178,HKEX-INA,138917,False
945178,HKEX-INA,138915,False
945178,HKEX-INA,138911,False
945178,HKEX-INA,138910,False
945178,HKEX-INA,138909,False
945178,HKEX-INA,138908,False
945178,HKEX-INA,138913,False
945178,HKEX-INA,138916,False
945178,HKEX-INA,138912,False
945178,HKEX-INA,138914,False
945178,HKEX-JNAF,134182,False
945178,HKEX-JNAF,134179,False
945178,HKEX-JNAF,134176,False
945178,HKEX-JNAF,134174,False
945178,HKEX-JNAF,134181,False
945178,HKEX-JNAF,134175,False
945178,HKEX-JNAF,134173,False
945178,HKEX-JNAF,134177,False
945178,HKEX-JNAF,134180,False
945178,HKEX-JNAF,134178,False
945178,HKEX-KOTD,143299,False
945178,HKEX-KOTD,143295,False
945178,HKEX-KOTD,143294,False
945178,HKEX-KOTD,143293,False
945178,HKEX-KOTD,143292,False
945178,HKEX-KOTD,143290,False
945178,HKEX-KOTD,143297,False
945178,HKEX-KOTD,143291,False
945178,HKEX-KOTD,143296,False
945178,HKEX-KOTD,143298,False
945179,HKEX-MDKA,139712,False
945179,HKEX-MDKA,139711,False
945179,HKEX-MDKA,139709,False
945179,HKEX-MDKA,139707,False
945179,HKEX-MDKA,139705,False
945179,HKEX-MDKA,139706,False
945179,HKEX-MDKA,139714,False
945179,HKEX-MDKA,139713,False
945179,HKEX-MDKA,139708,False
945179,HKEX-MDKA,139710,False
945179,HKEX-OIT,126822,False
945179,HKEX-OIT,126821,False
945179,HKEX-OIT,126820,False
945179,HKEX-OIT,126819,False
945179,HKEX-OIT,126815,False
945179,HKEX-OIT,126814,False
945179,HKEX-OIT,126813,False
945179,HKEX-OIT,126818,False
945179,HKEX-OIT,126816,False
945179,HKEX-OIT,126817,False
945180,HKEX-SIMP,149754,False
945180,HKEX-SIMP,149751,False
945180,HKEX-SIMP,149749,False
945180,HKEX-SIMP,149746,False
945180,HKEX-SIMP,149753,False
945180,HKEX-SIMP,149755,False
945180,HKEX-SIMP,149747,False
945180,HKEX-SIMP,149748,False
945180,HKEX-SIMP,149750,False
945180,HKEX-SIMP,149752,False
945180,HKEX-XFR,127357,False
945180,HKEX-XFR,127356,False
945180,HKEX-XFR,127353,False
945180,HKEX-XFR,127352,False
945180,HKEX-XFR,127350,False
945180,HKEX-XFR,127349,False
945181,HKEX-XFR,127354,False
945181,HKEX-XFR,127355,False
945181,HKEX-XFR,127351,False
945182,HKEX-DLKV,138717,False
945182,HKEX-DLKV,138718,False
945182,HKEX-DLKV,138719,False
945185,HKEX-DLKV,138720,False
945200,HKEX-DLKV,138721,False
945208,HKEX-DLKV,138722,False
945210,HKEX-JNAF,134203,False
945210,HKEX-MDKA,139730,False
945217,HKEX-MDKA,139731,False
945239,HKEX-DLKV,138724,False
945239,HKEX-XFR,127370,False
945241,HKEX-DLKV,138725,False
1004168,HKEX-ETFB3,148681,False
1004168,HKEX-ETFB3,148678,False
1004168,HKEX-ETFB3,148677,False
1004169,HKEX-ETFB3,148680,False
1004169,HKEX-ETFB3,148679,False
1004169,HKEX-ETFB3,148675,False
1004169,HKEX-ETFB3,148674,False
1004169,HKEX-ETFB3,148676,False
1004169,HKEX-ETFB3,148682,False
1004170,HKEX-ETFB,143683,False
1004170,HKEX-ETFB,143681,False
1004170,HKEX-ETFB,143680,False
1004170,HKEX-ETFB,143678,False
1004170,HKEX-ETFB,143677,False
1004170,HKEX-ETFB,143682,False
1004170,HKEX-ETFB,143679,False
1004170,HKEX-ETFB,143684,False
1004170,HKEX-ETFB,143686,False
1004171,HKEX-ETFB,143685,False
1004171,HKEX-ETFA,138048,False
1004171,HKEX-ETFA,138046,False
1004171,HKEX-ETFA,138044,False
1004172,HKEX-ETFA,138047,False
1004173,HKEX-ETFA,138051,False
1004173,HKEX-ETFA,138049,False
1004173,HKEX-ETFA,138045,False
1004174,HKEX-ETFA,138052,False
1004174,HKEX-ETFA,138050,False
1004175,HKEX-CARD,191131,False
1004175,HKEX-CARD,191129,False
1004175,HKEX-CARD,191127,False
1004175,HKEX-CARD,191126,False
1004175,HKEX-CARD,191124,False
1004176,HKEX-CARD,191123,False
1004176,HKEX-CARD,191128,False
1004176,HKEX-CARD,191130,False
1004176,HKEX-CARD,191122,False
1004176,HKEX-CARD,191125,False
1004177,HKEX-DLKV,146900,False
1004177,HKEX-DLKV,146898,False
1004177,HKEX-DLKV,146894,False
1004177,HKEX-DLKV,146893,False
1004177,HKEX-DLKV,146897,False
1004177,HKEX-DLKV,146901,False
1004177,HKEX-DLKV,146896,False
1004177,HKEX-DLKV,146895,False
1004177,HKEX-DLKV,146899,False
1004177,HKEX-DLKV,146902,False
1004177,HKEX-FSR,144099,False
1004177,HKEX-FSR,144097,False
1004177,HKEX-FSR,144096,False
1004177,HKEX-FSR,144095,False
1004177,HKEX-FSR,144093,False
1004177,HKEX-FSR,144100,False
1004177,HKEX-FSR,144101,False
1004177,HKEX-FSR,144102,False
1004177,HKEX-FSR,144098,False
1004177,HKEX-INA,148216,False
1004177,HKEX-INA,148214,False
1004177,HKEX-INA,148213,False
1004177,HKEX-INA,148212,False
1004177,HKEX-INA,148211,False
1004177,HKEX-INA,148209,False
1004177,HKEX-INA,148207,False
1004177,HKEX-INA,148210,False
1004177,HKEX-INA,148208,False
1004177,HKEX-INA,148215,False
1004177,HKEX-JNAF,142342,False
1004177,HKEX-JNAF,142340,False
1004177,HKEX-JNAF,142339,False
1004178,HKEX-JNAF,142337,False
1004178,HKEX-JNAF,142335,False
1004178,HKEX-JNAF,142334,False
1004178,HKEX-JNAF,142338,False
1004178,HKEX-JNAF,142336,False
1004178,HKEX-JNAF,142333,False
1004178,HKEX-JNAF,142341,False
1004178,HKEX-KOTD,152723,False
1004178,HKEX-KOTD,152722,False
1004178,HKEX-KOTD,152721,False
1004178,HKEX-KOTD,152720,False
1004178,HKEX-KOTD,152719,False
1004178,HKEX-KOTD,152718,False
1004178,HKEX-KOTD,152717,False
1004178,HKEX-KOTD,152716,False
1004178,HKEX-KOTD,152714,False
1004178,HKEX-MDKA,148388,False
1004178,HKEX-MDKA,148386,False
1004178,HKEX-MDKA,148385,False
1004178,HKEX-MDKA,148384,False
1004178,HKEX-MDKA,148383,False
1004178,HKEX-MDKA,148382,False
1004178,HKEX-MDKA,148381,False
1004178,HKEX-MDKA,148379,False
1004178,HKEX-MDKA,148380,False
1004178,HKEX-MDKA,148387,False
1004178,HKEX-OIT,134413,False
1004178,HKEX-OIT,134407,False
1004178,HKEX-OIT,134405,False
1004178,HKEX-OIT,134411,False
1004179,HKEX-OIT,134406,False
1004179,HKEX-OIT,134408,False
1004179,HKEX-OIT,134410,False
1004179,HKEX-OIT,134409,False
1004179,HKEX-OIT,134412,False
1004180,HKEX-OIT,134414,False
1004180,HKEX-SIMP,157697,False
1004180,HKEX-SIMP,157695,False
1004180,HKEX-SIMP,157693,False
1004180,HKEX-SIMP,157691,False
1004180,HKEX-SIMP,157690,False
1004180,HKEX-SIMP,157689,False
1004180,HKEX-SIMP,157688,False
1004180,HKEX-SIMP,157696,False
1004180,HKEX-SIMP,157694,False
1004180,HKEX-SIMP,157692,False
1004180,HKEX-XFR,134328,False
1004180,HKEX-XFR,134327,False
1004180,HKEX-XFR,134325,False
1004180,HKEX-XFR,134323,False
1004180,HKEX-XFR,134319,False
1004180,HKEX-XFR,134321,False
1004180,HKEX-XFR,134322,False
1004180,HKEX-XFR,134324,False
1004180,HKEX-XFR,134320,False
1004180,HKEX-XFR,134326,False
1004181,HKEX-KOTD,152741,False
1004182,HKEX-CARD,191153,False
1004182,HKEX-FSR,144117,False
1004182,HKEX-FSR,144118,False
1004182,HKEX-JNAF,142355,False
1004183,HKEX-KOTD,152745,False
1004183,HKEX-INA,148229,False
1004183,HKEX-FSR,144119,False
1004183,HKEX-MDKA,148402,False
1004195,HKEX-MDKA,148403,False
1004209,HKEX-KOTD,152746,False
1004215,HKEX-CARD,191155,False
1004215,HKEX-KOTD,152747,False
1004216,HKEX-MDKA,148404,False
1004218,HKEX-MDKA,148406,False
1004220,HKEX-DLKV,146919,False
1004225,HKEX-FSR,144120,False
1004233,HKEX-CARD,191156,False
1004234,HKEX-CARD,191157,False
1004264,HKEX-ETFB3,148691,False
1004264,HKEX-ETFB3,148688,False
1004264,HKEX-ETFB3,148686,False
1004265,HKEX-ETFB3,148692,False
1004265,HKEX-ETFB3,148687,False
1004265,HKEX-ETFB3,148685,False
1004265,HKEX-ETFB3,148693,False
1004265,HKEX-ETFB3,148689,False
1004265,HKEX-ETFB3,148694,False
1004265,HKEX-ETFB3,148690,False
1004266,HKEX-ETFB,143698,False
1004266,HKEX-ETFB,143697,False
1004266,HKEX-ETFB,143695,False
1004266,HKEX-ETFB,143692,False
1004266,HKEX-ETFB,143689,False
1004266,HKEX-ETFB,143690,False
1004266,HKEX-ETFB,143696,False
1004266,HKEX-ETFB,143694,False
1004267,HKEX-ETFB,143691,False
1004267,HKEX-ETFB,143693,False
1004267,HKEX-ETFA,138064,False
1004267,HKEX-ETFA,138061,False
1004267,HKEX-ETFA,138059,False
1004267,HKEX-ETFA,138057,False
1004268,HKEX-ETFA,138056,False
1004268,HKEX-ETFA,138058,False
1004269,HKEX-ETFA,138060,False
1004269,HKEX-ETFA,138063,False
1004269,HKEX-ETFA,138062,False
1004269,HKEX-ETFA,138065,False
1004271,HKEX-CARD,191149,False
1004271,HKEX-CARD,191148,False
1004271,HKEX-CARD,191147,False
1004271,HKEX-CARD,191146,False
1004271,HKEX-CARD,191145,False
1004271,HKEX-CARD,191143,False
1004271,HKEX-CARD,191141,False
1004271,HKEX-CARD,191140,False
1004271,HKEX-CARD,191144,False
1004271,HKEX-CARD,191142,False
1004272,HKEX-DLKV,146916,False
1004272,HKEX-DLKV,146913,False
1004272,HKEX-DLKV,146908,False
1004272,HKEX-DLKV,146907,False
1004272,HKEX-DLKV,146911,False
1004272,HKEX-DLKV,146914,False
1004272,HKEX-DLKV,146912,False
1004272,HKEX-DLKV,146915,False
1004272,HKEX-DLKV,146909,False
1004272,HKEX-DLKV,146910,False
1004273,HKEX-FSR,144111,False
1004273,HKEX-FSR,144109,False
1004273,HKEX-FSR,144107,False
1004273,HKEX-FSR,144113,False
1004273,HKEX-FSR,144112,False
1004273,HKEX-FSR,144108,False
1004273,HKEX-FSR,144106,False
1004273,HKEX-FSR,144115,False
1004273,HKEX-FSR,144114,False
1004273,HKEX-FSR,144110,False
1004273,HKEX-INA,148228,False
1004273,HKEX-INA,148227,False
1004273,HKEX-INA,148226,False
1004273,HKEX-INA,148225,False
1004273,HKEX-INA,148224,False
1004273,HKEX-INA,148221,False
1004273,HKEX-INA,148220,False
1004273,HKEX-INA,148219,False
1004273,HKEX-INA,148223,False
1004273,HKEX-INA,148222,False
1004273,HKEX-JNAF,142353,False
1004273,HKEX-JNAF,142352,False
1004273,HKEX-JNAF,142351,False
1004273,HKEX-JNAF,142348,False
1004273,HKEX-JNAF,142347,False
1004273,HKEX-JNAF,142346,False
1004273,HKEX-JNAF,142344,False
1004273,HKEX-JNAF,142349,False
1004273,HKEX-JNAF,142350,False
1004273,HKEX-JNAF,142345,False
1004273,HKEX-KOTD,152740,False
1004273,HKEX-KOTD,152739,False
1004274,HKEX-KOTD,152738,False
1004274,HKEX-KOTD,152737,False
1004274,HKEX-KOTD,152733,False
1004274,HKEX-KOTD,152732,False
1004274,HKEX-KOTD,152731,False
1004274,HKEX-KOTD,152735,False
1004274,HKEX-KOTD,152734,False
1004274,HKEX-KOTD,152736,False
1004274,HKEX-MDKA,148401,False
1004274,HKEX-MDKA,148400,False
1004274,HKEX-MDKA,148399,False
1004274,HKEX-MDKA,148398,False
1004274,HKEX-MDKA,148396,False
1004274,HKEX-MDKA,148394,False
1004274,HKEX-MDKA,148392,False
1004274,HKEX-MDKA,148395,False
1004274,HKEX-MDKA,148397,False
1004274,HKEX-MDKA,148393,False
1004274,HKEX-OIT,134420,False
1004274,HKEX-OIT,134419,False
1004274,HKEX-OIT,134418,False
1004274,HKEX-OIT,134417,False
1004274,HKEX-OIT,134425,False
1004274,HKEX-OIT,134423,False
1004274,HKEX-OIT,134424,False
1004274,HKEX-OIT,134416,False
1004275,HKEX-OIT,134421,False
1004275,HKEX-OIT,134422,False
1004275,HKEX-SIMP,157709,False
1004276,HKEX-SIMP,157708,False
1004276,HKEX-SIMP,157707,False
1004276,HKEX-SIMP,157706,False
1004276,HKEX-SIMP,157705,False
1004276,HKEX-SIMP,157704,False
1004276,HKEX-SIMP,157702,False
1004276,HKEX-SIMP,157701,False
1004276,HKEX-SIMP,157703,False
1004276,HKEX-SIMP,157710,False
1004276,HKEX-XFR,134338,False
1004276,HKEX-XFR,134337,False
1004276,HKEX-XFR,134334,False
1004276,HKEX-XFR,134332,False
1004276,HKEX-XFR,134331,False
1004276,HKEX-XFR,134330,False
1004276,HKEX-XFR,134329,False
1004276,HKEX-XFR,134336,False
1004276,HKEX-XFR,134335,False
1004276,HKEX-XFR,134333,False
1004279,HKEX-ETFA,138081,False
1004307,HKEX-MDKA,148419,False
1004312,HKEX-DLKV,146932,False
1004313,HKEX-MDKA,148420,False
1004331,HKEX-CARD,191173,False
1004332,HKEX-KOTD,152762,False
1004347,HKEX-CARD,191175,False
1004347,HKEX-INA,148243,False
1004348,HKEX-MDKA,148422,False
1004365,HKEX-ETFB3,148705,False
1004365,HKEX-ETFB3,148703,False
1004365,HKEX-ETFB3,148699,False
1004366,HKEX-ETFB3,148708,False
1004366,HKEX-ETFB3,148707,False
1004366,HKEX-ETFB3,148701,False
1004366,HKEX-ETFB3,148704,False
1004366,HKEX-ETFB3,148700,False
1004366,HKEX-ETFB3,148706,False
1004366,HKEX-ETFB3,148702,False
1004367,HKEX-ETFB,143708,False
1004367,HKEX-ETFB,143704,False
1004367,HKEX-ETFB,143702,False
1004367,HKEX-ETFB,143701,False
1004367,HKEX-ETFB,143700,False
1004367,HKEX-ETFB,143699,False
1004367,HKEX-ETFB,143705,False
1004367,HKEX-ETFB,143707,False
1004368,HKEX-ETFB,143703,False
1004368,HKEX-ETFB,143706,False
1004368,HKEX-ETFA,138076,False
1004369,HKEX-ETFA,138074,False
1004369,HKEX-ETFA,138072,False
1004369,HKEX-ETFA,138071,False
1004369,HKEX-ETFA,138078,False
1004370,HKEX-ETFA,138080,False
1004370,HKEX-ETFA,138073,False
1004370,HKEX-ETFA,138075,False
1004370,HKEX-ETFA,138077,False
1004370,HKEX-ETFA,138079,False
1004372,HKEX-CARD,191169,False
1004372,HKEX-CARD,191165,False
1004372,HKEX-CARD,191163,False
1004372,HKEX-CARD,191162,False
1004372,HKEX-CARD,191160,False
1004372,HKEX-CARD,191167,False
1004373,HKEX-CARD,191166,False
1004373,HKEX-CARD,191168,False
1004373,HKEX-CARD,191164,False
1004373,HKEX-DLKV,146931,False
1004373,HKEX-DLKV,146930,False
1004373,HKEX-DLKV,146927,False
1004373,HKEX-DLKV,146926,False
1004373,HKEX-DLKV,146925,False
1004373,HKEX-DLKV,146924,False
1004373,HKEX-DLKV,146923,False
1004373,HKEX-DLKV,146922,False
1004374,HKEX-DLKV,146928,False
1004374,HKEX-DLKV,146929,False
1004374,HKEX-FSR,144130,False
1004374,HKEX-FSR,144126,False
1004374,HKEX-FSR,144125,False
1004374,HKEX-FSR,144124,False
1004374,HKEX-FSR,144123,False
1004374,HKEX-FSR,144122,False
1004374,HKEX-FSR,144121,False
1004374,HKEX-FSR,144127,False
1004374,HKEX-FSR,144129,False
1004374,HKEX-FSR,144128,False
1004374,HKEX-INA,148242,False
1004374,HKEX-INA,148239,False
1004374,HKEX-INA,148238,False
1004374,HKEX-INA,148236,False
1004374,HKEX-INA,148234,False
1004374,HKEX-INA,148241,False
1004374,HKEX-INA,148235,False
1004374,HKEX-INA,148240,False
1004374,HKEX-INA,148233,False
1004374,HKEX-INA,148237,False
1004374,HKEX-JNAF,142367,False
1004374,HKEX-JNAF,142366,False
1004374,HKEX-JNAF,142365,False
1004374,HKEX-JNAF,142364,False
1004374,HKEX-JNAF,142362,False
1004374,HKEX-JNAF,142360,False
1004375,HKEX-JNAF,142359,False
1004375,HKEX-JNAF,142363,False
1004375,HKEX-JNAF,142358,False
1004375,HKEX-JNAF,142361,False
1004375,HKEX-KOTD,152758,False
1004375,HKEX-KOTD,152757,False
1004375,HKEX-KOTD,152756,False
1004375,HKEX-KOTD,152755,False
1004375,HKEX-KOTD,152754,False
1004375,HKEX-KOTD,152753,False
1004375,HKEX-KOTD,152751,False
1004375,HKEX-KOTD,152749,False
1004375,HKEX-MDKA,148418,False
1004375,HKEX-MDKA,148416,False
1004375,HKEX-MDKA,148415,False
1004375,HKEX-MDKA,148414,False
1004375,HKEX-MDKA,148413,False
1004375,HKEX-MDKA,148412,False
1004375,HKEX-MDKA,148411,False
1004375,HKEX-MDKA,148409,False
1004375,HKEX-MDKA,148417,False
1004375,HKEX-MDKA,148410,False
1004375,HKEX-OIT,134437,False
1004375,HKEX-OIT,134434,False
1004375,HKEX-OIT,134432,False
1004375,HKEX-OIT,134430,False
1004376,HKEX-OIT,134431,False
1004376,HKEX-OIT,134438,False
1004376,HKEX-OIT,134435,False
1004377,HKEX-OIT,134433,False
1004377,HKEX-OIT,134429,False
1004377,HKEX-OIT,134436,False
1004377,HKEX-SIMP,157722,False
1004377,HKEX-SIMP,157720,False
1004377,HKEX-SIMP,157719,False
1004377,HKEX-SIMP,157718,False
1004377,HKEX-SIMP,157717,False
1004377,HKEX-SIMP,157715,False
1004377,HKEX-SIMP,157714,False
1004377,HKEX-SIMP,157721,False
1004377,HKEX-SIMP,157716,False
1004377,HKEX-SIMP,157713,False
1004377,HKEX-XFR,134348,False
1004377,HKEX-XFR,134347,False
1004377,HKEX-XFR,134345,False
1004377,HKEX-XFR,134344,False
1004377,HKEX-XFR,134343,False
1004377,HKEX-XFR,134342,False
1004377,HKEX-XFR,134341,False
1004377,HKEX-XFR,134340,False
1004377,HKEX-XFR,134339,False
1004378,HKEX-XFR,134346,False
1004380,HKEX-KOTD,152773,False
1004380,HKEX-SIMP,157733,False
1004380,HKEX-CARD,191192,False
1004380,HKEX-CARD,191193,False
1004380,HKEX-CARD,191196,False
1004380,HKEX-CARD,191197,False
1004380,HKEX-CARD,191198,False
1004380,HKEX-CARD,191199,False
1004380,HKEX-CARD,191200,False
1004381,HKEX-JNAF,142382,False
1004381,HKEX-KOTD,152774,False
1004399,HKEX-KOTD,152777,False
1004409,HKEX-DLKV,146945,False
1004436,HKEX-FSR,144147,False
1004436,HKEX-FSR,144148,False
1004436,HKEX-FSR,144149,False
1004436,HKEX-FSR,144150,False
1004436,HKEX-FSR,144151,False
1004436,HKEX-FSR,144152,False
1004436,HKEX-FSR,144153,False
1004436,HKEX-FSR,144154,False
1004439,HKEX-XFR,134359,False
1004442,HKEX-ETFA,138097,False
1004469,HKEX-ETFB3,148719,False
1004469,HKEX-ETFB3,148718,False
1004470,HKEX-ETFB3,148710,False
1004470,HKEX-ETFB3,148717,False
1004470,HKEX-ETFB3,148711,False
1004470,HKEX-ETFB3,148713,False
1004470,HKEX-ETFB3,148716,False
1004470,HKEX-ETFB3,148715,False
1004470,HKEX-ETFB3,148712,False
1004470,HKEX-ETFB3,148714,False
1004470,HKEX-ETFB,143718,False
1004470,HKEX-ETFB,143716,False
1004470,HKEX-ETFB,143715,False
1004470,HKEX-ETFB,143713,False
1004470,HKEX-ETFB,143711,False
1004471,HKEX-ETFB,143714,False
1004471,HKEX-ETFB,143712,False
1004471,HKEX-ETFB,143719,False
1004471,HKEX-ETFB,143717,False
1004471,HKEX-ETFA,138090,False
1004471,HKEX-ETFA,138087,False
1004472,HKEX-ETFA,138093,False
1004472,HKEX-ETFA,138088,False
1004472,HKEX-ETFA,138089,False
1004472,HKEX-ETFA,138086,False
1004472,HKEX-ETFA,138085,False
1004473,HKEX-ETFA,138092,False
1004473,HKEX-ETFA,138091,False
1004474,HKEX-CARD,191190,False
1004474,HKEX-CARD,191187,False
1004474,HKEX-CARD,191186,False
1004474,HKEX-CARD,191183,False
1004474,HKEX-CARD,191185,False
1004474,HKEX-CARD,191182,False
1004474,HKEX-CARD,191189,False
1004474,HKEX-CARD,191184,False
1004474,HKEX-CARD,191181,False
1004474,HKEX-CARD,191188,False
1004475,HKEX-DLKV,146942,False
1004475,HKEX-DLKV,146939,False
1004475,HKEX-DLKV,146938,False
1004475,HKEX-DLKV,146937,False
1004475,HKEX-DLKV,146936,False
1004475,HKEX-DLKV,146935,False
1004475,HKEX-DLKV,146934,False
1004475,HKEX-DLKV,146941,False
1004475,HKEX-DLKV,146940,False
1004475,HKEX-DLKV,146933,False
1004475,HKEX-FSR,144143,False
1004475,HKEX-FSR,144142,False
1004475,HKEX-FSR,144140,False
1004475,HKEX-FSR,144139,False
1004475,HKEX-FSR,144138,False
1004475,HKEX-FSR,144137,False
1004475,HKEX-FSR,144136,False
1004475,HKEX-FSR,144135,False
1004475,HKEX-FSR,144134,False
1004475,HKEX-FSR,144141,False
1004476,HKEX-INA,148252,False
1004476,HKEX-INA,148251,False
1004476,HKEX-INA,148250,False
1004476,HKEX-INA,148249,False
1004476,HKEX-INA,148248,False
1004476,HKEX-INA,148247,False
1004476,HKEX-INA,148245,False
1004476,HKEX-INA,148246,False
1004476,HKEX-INA,148254,False
1004476,HKEX-INA,148253,False
1004476,HKEX-JNAF,142379,False
1004476,HKEX-JNAF,142378,False
1004476,HKEX-JNAF,142376,False
1004476,HKEX-JNAF,142375,False
1004476,HKEX-JNAF,142374,False
1004476,HKEX-JNAF,142373,False
1004476,HKEX-JNAF,142371,False
1004476,HKEX-JNAF,142377,False
1004476,HKEX-JNAF,142372,False
1004476,HKEX-JNAF,142380,False
1004476,HKEX-KOTD,152769,False
1004476,HKEX-KOTD,152766,False
1004476,HKEX-KOTD,152764,False
1004476,HKEX-KOTD,152763,False
1004476,HKEX-KOTD,152770,False
1004476,HKEX-KOTD,152768,False
1004476,HKEX-KOTD,152767,False
1004476,HKEX-KOTD,152765,False
1004476,HKEX-KOTD,152771,False
1004476,HKEX-KOTD,152772,False
1004476,HKEX-MDKA,148432,False
1004476,HKEX-MDKA,148431,False
1004476,HKEX-MDKA,148428,False
1004476,HKEX-MDKA,148427,False
1004476,HKEX-MDKA,148426,False
1004476,HKEX-MDKA,148425,False
1004476,HKEX-MDKA,148429,False
1004476,HKEX-MDKA,148434,False
1004476,HKEX-MDKA,148430,False
1004476,HKEX-MDKA,148433,False
1004476,HKEX-OIT,134448,False
1004476,HKEX-OIT,134446,False
1004476,HKEX-OIT,134445,False
1004476,HKEX-OIT,134443,False
1004476,HKEX-OIT,134442,False
1004476,HKEX-OIT,134441,False
1004476,HKEX-OIT,134440,False
1004477,HKEX-OIT,134444,False
1004477,HKEX-OIT,134447,False
1004477,HKEX-OIT,134449,False
1004478,HKEX-SIMP,157732,False
1004478,HKEX-SIMP,157731,False
1004478,HKEX-SIMP,157730,False
1004478,HKEX-SIMP,157729,False
1004478,HKEX-SIMP,157727,False
1004478,HKEX-SIMP,157726,False
1004478,HKEX-SIMP,157725,False
1004478,HKEX-SIMP,157728,False
1004478,HKEX-SIMP,157724,False
1004478,HKEX-SIMP,157723,False
1004478,HKEX-XFR,134358,False
1004478,HKEX-XFR,134357,False
1004478,HKEX-XFR,134356,False
1004478,HKEX-XFR,134355,False
1004478,HKEX-XFR,134354,False
1004478,HKEX-XFR,134353,False
1004478,HKEX-XFR,134352,False
1004478,HKEX-XFR,134351,False
1004478,HKEX-XFR,134350,False
1004479,HKEX-XFR,134349,False
1004481,HKEX-KOTD,152788,False
1004525,HKEX-FSR,144169,False
1004529,HKEX-SIMP,157748,False
1004540,HKEX-CARD,191217,False
1004561,HKEX-OIT,134462,False
1004561,HKEX-FSR,144171,False
1004565,HKEX-ETFB,143737,False
1004565,HKEX-SIMP,157749,False
1004565,HKEX-XFR,134371,False
1004566,HKEX-ETFB3,148731,False
1004566,HKEX-ETFB3,148730,False
1004566,HKEX-ETFB3,148729,False
1004566,HKEX-ETFB3,148727,False
1004566,HKEX-ETFB3,148725,False
1004566,HKEX-ETFB3,148728,False
1004566,HKEX-ETFB3,148723,False
1004566,HKEX-ETFB3,148724,False
1004567,HKEX-ETFB3,148732,False
1004567,HKEX-ETFB3,148726,False
1004567,HKEX-ETFB,143731,False
1004567,HKEX-ETFB,143730,False
1004567,HKEX-ETFB,143729,False
1004567,HKEX-ETFB,143727,False
1004567,HKEX-ETFB,143724,False
1004567,HKEX-ETFB,143726,False
1004567,HKEX-ETFB,143728,False
1004568,HKEX-ETFB,143725,False
1004568,HKEX-ETFB,143732,False
1004568,HKEX-ETFA,138108,False
1004568,HKEX-ETFA,138103,False
1004568,HKEX-ETFA,138101,False
1004568,HKEX-ETFA,138109,False
1004568,HKEX-ETFA,138105,False
1004569,HKEX-ETFA,138104,False
1004569,HKEX-ETFA,138106,False
1004569,HKEX-ETFA,138107,False
1004570,HKEX-ETFA,138100,False
1004570,HKEX-ETFA,138102,False
1004571,HKEX-CARD,191215,False
1004571,HKEX-CARD,191213,False
1004571,HKEX-CARD,191211,False
1004571,HKEX-CARD,191210,False
1004571,HKEX-CARD,191207,False
1004571,HKEX-CARD,191209,False
1004572,HKEX-CARD,191206,False
1004572,HKEX-CARD,191208,False
1004572,HKEX-CARD,191212,False
1004572,HKEX-CARD,191214,False
1004572,HKEX-DLKV,146955,False
1004572,HKEX-DLKV,146954,False
1004572,HKEX-DLKV,146953,False
1004572,HKEX-DLKV,146952,False
1004572,HKEX-DLKV,146951,False
1004572,HKEX-DLKV,146950,False
1004572,HKEX-DLKV,146949,False
1004572,HKEX-DLKV,146948,False
1004572,HKEX-DLKV,146947,False
1004572,HKEX-DLKV,146946,False
1004572,HKEX-FSR,144167,False
1004572,HKEX-FSR,144166,False
1004572,HKEX-FSR,144165,False
1004572,HKEX-FSR,144160,False
1004572,HKEX-FSR,144159,False
1004572,HKEX-FSR,144158,False
1004572,HKEX-FSR,144162,False
1004573,HKEX-FSR,144161,False
1004573,HKEX-FSR,144164,False
1004573,HKEX-FSR,144163,False
1004573,HKEX-INA,148267,False
1004573,HKEX-INA,148264,False
1004573,HKEX-INA,148263,False
1004573,HKEX-INA,148262,False
1004573,HKEX-INA,148261,False
1004573,HKEX-INA,148260,False
1004573,HKEX-INA,148259,False
1004573,HKEX-INA,148258,False
1004573,HKEX-INA,148266,False
1004573,HKEX-INA,148265,False
1004573,HKEX-JNAF,142394,False
1004573,HKEX-JNAF,142393,False
1004573,HKEX-JNAF,142391,False
1004573,HKEX-JNAF,142388,False
1004573,HKEX-JNAF,142387,False
1004573,HKEX-JNAF,142386,False
1004573,HKEX-JNAF,142390,False
1004573,HKEX-JNAF,142392,False
1004573,HKEX-JNAF,142395,False
1004573,HKEX-JNAF,142389,False
1004573,HKEX-KOTD,152785,False
1004573,HKEX-KOTD,152784,False
1004573,HKEX-KOTD,152783,False
1004573,HKEX-KOTD,152782,False
1004573,HKEX-KOTD,152781,False
1004573,HKEX-KOTD,152780,False
1004574,HKEX-KOTD,152779,False
1004574,HKEX-KOTD,152786,False
1004574,HKEX-KOTD,152787,False
1004574,HKEX-KOTD,152778,False
1004574,HKEX-MDKA,148446,False
1004574,HKEX-MDKA,148445,False
1004574,HKEX-MDKA,148444,False
1004574,HKEX-MDKA,148443,False
1004574,HKEX-MDKA,148442,False
1004574,HKEX-MDKA,148441,False
1004574,HKEX-MDKA,148440,False
1004574,HKEX-MDKA,148448,False
1004574,HKEX-MDKA,148447,False
1004574,HKEX-OIT,134460,False
1004574,HKEX-OIT,134459,False
1004574,HKEX-OIT,134458,False
1004574,HKEX-OIT,134457,False
1004574,HKEX-OIT,134456,False
1004574,HKEX-OIT,134455,False
1004574,HKEX-OIT,134454,False
1004574,HKEX-OIT,134452,False
1004575,HKEX-OIT,134451,False
1004575,HKEX-OIT,134453,False
1004575,HKEX-SIMP,157747,False
1004575,HKEX-SIMP,157746,False
1004575,HKEX-SIMP,157744,False
1004575,HKEX-SIMP,157743,False
1004575,HKEX-SIMP,157740,False
1004575,HKEX-SIMP,157739,False
1004575,HKEX-SIMP,157738,False
1004575,HKEX-SIMP,157742,False
1004575,HKEX-SIMP,157741,False
1004575,HKEX-SIMP,157745,False
1004576,HKEX-XFR,134369,False
1004576,HKEX-XFR,134367,False
1004576,HKEX-XFR,134366,False
1004576,HKEX-XFR,134364,False
1004576,HKEX-XFR,134363,False
1004576,HKEX-XFR,134362,False
1004576,HKEX-XFR,134360,False
1004576,HKEX-XFR,134361,False
1004576,HKEX-XFR,134368,False
1004576,HKEX-XFR,134365,False
1004579,HKEX-INA,148281,False
1004579,HKEX-SIMP,157761,False
1004599,HKEX-KOTD,152805,False
1004599,HKEX-MDKA,148470,False
1004607,HKEX-FSR,144187,False
1004628,HKEX-JNAF,142410,False
1004628,HKEX-MDKA,148472,False
1004630,HKEX-KOTD,152807,False
1004664,HKEX-JNAF,142412,False
1004666,HKEX-ETFB3,148750,False
1004666,HKEX-ETFB3,148748,False
1004666,HKEX-ETFB3,148746,False
1004666,HKEX-ETFB3,148745,False
1004666,HKEX-ETFB3,148743,False
1004666,HKEX-ETFB3,148741,False
1004666,HKEX-ETFB3,148747,False
1004666,HKEX-ETFB3,148749,False
1004666,HKEX-ETFB3,148742,False
1004666,HKEX-ETFB3,148744,False
1004667,HKEX-ETFB,143747,False
1004667,HKEX-ETFB,143742,False
1004667,HKEX-ETFB,143738,False
1004667,HKEX-ETFB,143745,False
1004667,HKEX-ETFB,143740,False
1004667,HKEX-ETFB,143743,False
1004667,HKEX-ETFB,143741,False
1004667,HKEX-ETFB,143739,False
1004667,HKEX-ETFB,143744,False
1004668,HKEX-ETFB,143746,False
1004668,HKEX-ETFA,138123,False
1004668,HKEX-ETFA,138116,False
1004668,HKEX-ETFA,138118,False
1004669,HKEX-ETFA,138122,False
1004669,HKEX-ETFA,138117,False
1004669,HKEX-ETFA,138115,False
1004669,HKEX-ETFA,138119,False
1004669,HKEX-ETFA,138121,False
1004669,HKEX-ETFA,138114,False
1004669,HKEX-ETFA,138120,False
1004671,HKEX-CARD,191231,False
1004671,HKEX-CARD,191227,False
1004671,HKEX-CARD,191225,False
1004671,HKEX-CARD,191229,False
1004671,HKEX-CARD,191222,False
1004671,HKEX-CARD,191226,False
1004671,HKEX-CARD,191228,False
1004671,HKEX-CARD,191230,False
1004671,HKEX-CARD,191224,False
1004672,HKEX-DLKV,146968,False
1004672,HKEX-DLKV,146967,False
1004672,HKEX-DLKV,146966,False
1004672,HKEX-DLKV,146965,False
1004672,HKEX-DLKV,146964,False
1004672,HKEX-DLKV,146963,False
1004672,HKEX-DLKV,146962,False
1004672,HKEX-DLKV,146961,False
1004672,HKEX-DLKV,146960,False
1004672,HKEX-DLKV,146959,False
1004672,HKEX-FSR,144177,False
1004672,HKEX-FSR,144176,False
1004672,HKEX-FSR,144175,False
1004672,HKEX-FSR,144174,False
1004672,HKEX-FSR,144182,False
1004672,HKEX-FSR,144181,False
1004672,HKEX-FSR,144180,False
1004672,HKEX-FSR,144178,False
1004672,HKEX-FSR,144179,False
1004672,HKEX-INA,148278,False
1004673,HKEX-INA,148277,False
1004673,HKEX-INA,148276,False
1004673,HKEX-INA,148275,False
1004673,HKEX-INA,148274,False
1004673,HKEX-INA,148273,False
1004673,HKEX-INA,148272,False
1004673,HKEX-INA,148271,False
1004673,HKEX-INA,148270,False
1004673,HKEX-INA,148279,False
1004673,HKEX-JNAF,142406,False
1004673,HKEX-JNAF,142405,False
1004673,HKEX-JNAF,142404,False
1004673,HKEX-JNAF,142402,False
1004673,HKEX-JNAF,142399,False
1004673,HKEX-JNAF,142398,False
1004673,HKEX-JNAF,142400,False
1004673,HKEX-JNAF,142403,False
1004673,HKEX-JNAF,142401,False
1004673,HKEX-KOTD,152799,False
1004673,HKEX-KOTD,152795,False
1004673,HKEX-KOTD,152794,False
1004673,HKEX-KOTD,152793,False
1004673,HKEX-KOTD,152792,False
1004673,HKEX-KOTD,152796,False
1004673,HKEX-KOTD,152800,False
1004673,HKEX-KOTD,152798,False
1004673,HKEX-KOTD,152797,False
1004673,HKEX-KOTD,152801,False
1004673,HKEX-MDKA,148467,False
1004673,HKEX-MDKA,148466,False
1004673,HKEX-MDKA,148465,False
1004673,HKEX-MDKA,148464,False
1004673,HKEX-MDKA,148462,False
1004673,HKEX-MDKA,148460,False
1004673,HKEX-MDKA,148461,False
1004673,HKEX-MDKA,148459,False
1004673,HKEX-MDKA,148458,False
1004673,HKEX-MDKA,148463,False
1004674,HKEX-OIT,134470,False
1004674,HKEX-OIT,134468,False
1004674,HKEX-OIT,134467,False
1004674,HKEX-OIT,134466,False
1004674,HKEX-OIT,134465,False
1004674,HKEX-OIT,134463,False
1004674,HKEX-OIT,134471,False
1004674,HKEX-OIT,134469,False
1004674,HKEX-OIT,134464,False
1004675,HKEX-OIT,134472,False
1004675,HKEX-SIMP,157759,False
1004675,HKEX-SIMP,157758,False
1004675,HKEX-SIMP,157756,False
1004675,HKEX-SIMP,157755,False
1004675,HKEX-SIMP,157754,False
1004675,HKEX-SIMP,157752,False
1004675,HKEX-SIMP,157751,False
1004675,HKEX-SIMP,157750,False
1004675,HKEX-SIMP,157757,False
1004675,HKEX-SIMP,157753,False
1004675,HKEX-XFR,134381,False
1004675,HKEX-XFR,134380,False
1004675,HKEX-XFR,134379,False
1004675,HKEX-XFR,134378,False
1004675,HKEX-XFR,134376,False
1004675,HKEX-XFR,134372,False
1004675,HKEX-XFR,134374,False
1004675,HKEX-XFR,134377,False
1004675,HKEX-XFR,134375,False
1004676,HKEX-XFR,134373,False
1004679,HKEX-CARD,191253,False
1004707,HKEX-INA,148295,False
1004708,HKEX-ETFB,143762,False
1004710,HKEX-DLKV,146982,False
1004722,HKEX-MDKA,148483,False
1004746,HKEX-JNAF,142423,False
1004746,HKEX-FSR,144202,False
1004763,HKEX-ETFB3,148762,False
1004763,HKEX-ETFB3,148759,False
1004763,HKEX-ETFB3,148758,False
1004763,HKEX-ETFB3,148757,False
1004763,HKEX-ETFB3,148756,False
1004763,HKEX-ETFB3,148754,False
1004763,HKEX-ETFB3,148753,False
1004763,HKEX-ETFB3,148755,False
1004763,HKEX-ETFB3,148761,False
1004764,HKEX-ETFB3,148760,False
1004764,HKEX-ETFB,143761,False
1004764,HKEX-ETFB,143760,False
1004764,HKEX-ETFB,143758,False
1004764,HKEX-ETFB,143755,False
1004764,HKEX-ETFB,143754,False
1004764,HKEX-ETFB,143752,False
1004764,HKEX-ETFB,143759,False
1004764,HKEX-ETFB,143756,False
1004764,HKEX-ETFB,143757,False
1004764,HKEX-ETFB,143753,False
1004765,HKEX-ETFA,138137,False
1004765,HKEX-ETFA,138131,False
1004765,HKEX-ETFA,138139,False
1004765,HKEX-ETFA,138133,False
1004765,HKEX-ETFA,138135,False
1004765,HKEX-ETFA,138138,False
1004765,HKEX-ETFA,138134,False
1004765,HKEX-ETFA,138130,False
1004765,HKEX-ETFA,138132,False
1004766,HKEX-ETFA,138136,False
1004767,HKEX-CARD,191250,False
1004767,HKEX-CARD,191248,False
1004767,HKEX-CARD,191246,False
1004767,HKEX-CARD,191243,False
1004767,HKEX-CARD,191245,False
1004767,HKEX-CARD,191244,False
1004767,HKEX-CARD,191252,False
1004767,HKEX-CARD,191251,False
1004767,HKEX-CARD,191247,False
1004767,HKEX-CARD,191249,False
1004767,HKEX-DLKV,146980,False
1004767,HKEX-DLKV,146978,False
1004767,HKEX-DLKV,146976,False
1004767,HKEX-DLKV,146975,False
1004767,HKEX-DLKV,146974,False
1004767,HKEX-DLKV,146971,False
1004767,HKEX-DLKV,146973,False
1004767,HKEX-DLKV,146979,False
1004767,HKEX-DLKV,146972,False
1004767,HKEX-DLKV,146977,False
1004768,HKEX-FSR,144201,False
1004768,HKEX-FSR,144199,False
1004768,HKEX-FSR,144197,False
1004768,HKEX-FSR,144195,False
1004768,HKEX-FSR,144193,False
1004768,HKEX-FSR,144192,False
1004768,HKEX-FSR,144198,False
1004768,HKEX-FSR,144200,False
1004768,HKEX-FSR,144196,False
1004768,HKEX-FSR,144194,False
1004768,HKEX-INA,148292,False
1004768,HKEX-INA,148291,False
1004768,HKEX-INA,148289,False
1004768,HKEX-INA,148286,False
1004768,HKEX-INA,148284,False
1004768,HKEX-INA,148283,False
1004768,HKEX-INA,148285,False
1004768,HKEX-INA,148288,False
1004768,HKEX-INA,148287,False
1004768,HKEX-INA,148290,False
1004768,HKEX-JNAF,142422,False
1004768,HKEX-JNAF,142420,False
1004768,HKEX-JNAF,142418,False
1004768,HKEX-JNAF,142417,False
1004768,HKEX-JNAF,142416,False
1004768,HKEX-JNAF,142414,False
1004768,HKEX-JNAF,142413,False
1004768,HKEX-JNAF,142415,False
1004768,HKEX-JNAF,142419,False
1004768,HKEX-JNAF,142421,False
1004768,HKEX-KOTD,152815,False
1004768,HKEX-KOTD,152813,False
1004768,HKEX-KOTD,152811,False
1004768,HKEX-KOTD,152810,False
1004768,HKEX-KOTD,152808,False
1004768,HKEX-KOTD,152809,False
1004768,HKEX-KOTD,152816,False
1004768,HKEX-KOTD,152814,False
1004768,HKEX-KOTD,152812,False
1004768,HKEX-KOTD,152817,False
1004768,HKEX-MDKA,148480,False
1004768,HKEX-MDKA,148479,False
1004768,HKEX-MDKA,148477,False
1004768,HKEX-MDKA,148476,False
1004768,HKEX-MDKA,148475,False
1004768,HKEX-MDKA,148474,False
1004768,HKEX-MDKA,148473,False
1004768,HKEX-MDKA,148481,False
1004768,HKEX-MDKA,148482,False
1004768,HKEX-MDKA,148478,False
1004768,HKEX-OIT,134483,False
1004768,HKEX-OIT,134480,False
1004768,HKEX-OIT,134478,False
1004768,HKEX-OIT,134477,False
1004768,HKEX-OIT,134476,False
1004768,HKEX-OIT,134475,False
1004769,HKEX-OIT,134481,False
1004769,HKEX-OIT,134482,False
1004769,HKEX-OIT,134479,False
1004769,HKEX-OIT,134474,False
1004769,HKEX-SIMP,157772,False
1004769,HKEX-SIMP,157771,False
1004769,HKEX-SIMP,157770,False
1004769,HKEX-SIMP,157769,False
1004769,HKEX-SIMP,157768,False
1004769,HKEX-SIMP,157767,False
1004769,HKEX-SIMP,157766,False
1004769,HKEX-SIMP,157765,False
1004769,HKEX-SIMP,157764,False
1004769,HKEX-SIMP,157763,False
1004770,HKEX-XFR,134392,False
1004770,HKEX-XFR,134390,False
1004770,HKEX-XFR,134389,False
1004770,HKEX-XFR,134387,False
1004770,HKEX-XFR,134386,False
1004770,HKEX-XFR,134385,False
1004770,HKEX-XFR,134384,False
1004770,HKEX-XFR,134383,False
1004770,HKEX-XFR,134388,False
1004770,HKEX-XFR,134391,False
1004770,HKEX-ETFA,138154,False
1004770,HKEX-FSR,144214,False
1004770,HKEX-FSR,144215,False
1004770,HKEX-INA,148306,False
1004777,HKEX-INA,148307,False
1004778,HKEX-XFR,134403,False
1004780,HKEX-ETFB,143775,False
1004781,HKEX-ETFA,138155,False
1004822,HKEX-JNAF,142434,False
1004822,HKEX-FSR,144217,False
1004825,HKEX-FSR,144218,False
1004834,HKEX-MDKA,148497,False
1004834,HKEX-FSR,144219,False
1004841,HKEX-MDKA,148498,False
1004842,HKEX-ETFB,143776,False
1004844,HKEX-CARD,191278,False
1004844,HKEX-INA,148308,False
1004850,HKEX-CARD,191279,False
1004850,HKEX-INA,148309,False
1004851,HKEX-MDKA,148499,False
1004865,HKEX-ETFB3,148774,False
1004865,HKEX-ETFB3,148770,False
1004865,HKEX-ETFB3,148768,False
1004865,HKEX-ETFB3,148767,False
1004865,HKEX-ETFB3,148769,False
1004865,HKEX-ETFB3,148766,False
1004865,HKEX-ETFB3,148775,False
1004865,HKEX-ETFB3,148771,False
1004865,HKEX-ETFB3,148773,False
1004865,HKEX-ETFB3,148772,False
1004866,HKEX-ETFB,143773,False
1004866,HKEX-ETFB,143772,False
1004866,HKEX-ETFB,143771,False
1004866,HKEX-ETFB,143765,False
1004866,HKEX-ETFB,143768,False
1004866,HKEX-ETFB,143769,False
1004867,HKEX-ETFB,143770,False
1004867,HKEX-ETFB,143767,False
1004867,HKEX-ETFB,143764,False
1004867,HKEX-ETFB,143766,False
1004867,HKEX-ETFA,138152,False
1004867,HKEX-ETFA,138145,False
1004868,HKEX-ETFA,138143,False
1004868,HKEX-ETFA,138149,False
1004868,HKEX-ETFA,138147,False
1004868,HKEX-ETFA,138148,False
1004868,HKEX-ETFA,138150,False
1004869,HKEX-ETFA,138144,False
1004869,HKEX-ETFA,138146,False
1004869,HKEX-ETFA,138151,False
1004870,HKEX-CARD,191264,False
1004870,HKEX-CARD,191262,False
1004870,HKEX-CARD,191260,False
1004870,HKEX-CARD,191258,False
1004870,HKEX-CARD,191257,False
1004870,HKEX-CARD,191256,False
1004870,HKEX-CARD,191263,False
1004870,HKEX-CARD,191259,False
1004870,HKEX-CARD,191261,False
1004871,HKEX-DLKV,146992,False
1004871,HKEX-DLKV,146990,False
1004871,HKEX-DLKV,146989,False
1004871,HKEX-DLKV,146988,False
1004871,HKEX-DLKV,146987,False
1004871,HKEX-DLKV,146986,False
1004871,HKEX-DLKV,146985,False
1004871,HKEX-DLKV,146983,False
1004871,HKEX-DLKV,146984,False
1004871,HKEX-DLKV,146991,False
1004871,HKEX-FSR,144211,False
1004871,HKEX-FSR,144209,False
1004871,HKEX-FSR,144208,False
1004871,HKEX-FSR,144207,False
1004871,HKEX-FSR,144204,False
1004871,HKEX-FSR,144213,False
1004871,HKEX-FSR,144212,False
1004871,HKEX-FSR,144210,False
1004871,HKEX-FSR,144205,False
1004871,HKEX-FSR,144206,False
1004871,HKEX-INA,148305,False
1004871,HKEX-INA,148303,False
1004871,HKEX-INA,148302,False
1004871,HKEX-INA,148300,False
1004871,HKEX-INA,148298,False
1004871,HKEX-INA,148296,False
1004871,HKEX-INA,148297,False
1004871,HKEX-INA,148299,False
1004871,HKEX-INA,148304,False
1004871,HKEX-INA,148301,False
1004871,HKEX-JNAF,142433,False
1004871,HKEX-JNAF,142429,False
1004871,HKEX-JNAF,142427,False
1004871,HKEX-JNAF,142426,False
1004871,HKEX-JNAF,142425,False
1004872,HKEX-JNAF,142424,False
1004872,HKEX-JNAF,142432,False
1004872,HKEX-JNAF,142431,False
1004872,HKEX-JNAF,142428,False
1004872,HKEX-JNAF,142430,False
1004872,HKEX-KOTD,152824,False
1004872,HKEX-KOTD,152822,False
1004872,HKEX-KOTD,152827,False
1004872,HKEX-KOTD,152821,False
1004872,HKEX-KOTD,152826,False
1004872,HKEX-KOTD,152828,False
1004872,HKEX-KOTD,152823,False
1004872,HKEX-KOTD,152825,False
1004872,HKEX-KOTD,152820,False
1004872,HKEX-KOTD,152819,False
1004872,HKEX-MDKA,148494,False
1004872,HKEX-MDKA,148492,False
1004872,HKEX-MDKA,148491,False
1004872,HKEX-MDKA,148490,False
1004872,HKEX-MDKA,148488,False
1004872,HKEX-MDKA,148487,False
1004872,HKEX-MDKA,148486,False
1004872,HKEX-MDKA,148493,False
1004872,HKEX-MDKA,148489,False
1004872,HKEX-MDKA,148495,False
1004872,HKEX-OIT,134492,False
1004872,HKEX-OIT,134491,False
1004872,HKEX-OIT,134489,False
1004872,HKEX-OIT,134488,False
1004872,HKEX-OIT,134487,False
1004872,HKEX-OIT,134486,False
1004872,HKEX-OIT,134485,False
1004872,HKEX-OIT,134484,False
1004872,HKEX-OIT,134490,False
1004872,HKEX-OIT,134493,False
1004873,HKEX-SIMP,157782,False
1004873,HKEX-SIMP,157781,False
1004873,HKEX-SIMP,157777,False
1004873,HKEX-SIMP,157774,False
1004873,HKEX-SIMP,157779,False
1004873,HKEX-SIMP,157783,False
1004873,HKEX-SIMP,157778,False
1004873,HKEX-SIMP,157780,False
1004873,HKEX-SIMP,157776,False
1004873,HKEX-SIMP,157775,False
1004874,HKEX-XFR,134402,False
1004874,HKEX-XFR,134401,False
1004874,HKEX-XFR,134399,False
1004874,HKEX-XFR,134397,False
1004874,HKEX-XFR,134396,False
1004874,HKEX-XFR,134393,False
1004874,HKEX-XFR,134394,False
1004874,HKEX-XFR,134395,False
1004874,HKEX-XFR,134400,False
1004874,HKEX-XFR,134398,False
1004878,HKEX-ETFA,138170,False
1004893,HKEX-ETFB,143787,False
1004899,HKEX-ETFB,143788,False
1004903,HKEX-INA,148321,False
1004923,HKEX-FSR,144232,False
1004945,HKEX-KOTD,152841,False
1004946,HKEX-CARD,191296,False
1004965,HKEX-ETFB3,148786,False
1004965,HKEX-ETFB3,148785,False
1004965,HKEX-ETFB3,148784,False
1004965,HKEX-ETFB3,148782,False
1004965,HKEX-ETFB3,148779,False
1004965,HKEX-ETFB3,148777,False
1004965,HKEX-ETFB3,148783,False
1004965,HKEX-ETFB3,148781,False
1004966,HKEX-ETFB3,148778,False
1004966,HKEX-ETFB3,148780,False
1004966,HKEX-ETFB,143786,False
1004966,HKEX-ETFB,143781,False
1004966,HKEX-ETFB,143778,False
1004966,HKEX-ETFB,143777,False
1004966,HKEX-ETFB,143785,False
1004966,HKEX-ETFB,143783,False
1004966,HKEX-ETFB,143784,False
1004966,HKEX-ETFB,143779,False
1004967,HKEX-ETFB,143780,False
1004967,HKEX-ETFB,143782,False
1004967,HKEX-ETFA,138167,False
1004968,HKEX-ETFA,138168,False
1004968,HKEX-ETFA,138164,False
1004968,HKEX-ETFA,138169,False
1004968,HKEX-ETFA,138166,False
1004968,HKEX-ETFA,138162,False
1004969,HKEX-ETFA,138161,False
1004969,HKEX-ETFA,138163,False
1004969,HKEX-ETFA,138160,False
1004969,HKEX-ETFA,138165,False
1004970,HKEX-CARD,191290,False
1004970,HKEX-CARD,191288,False
1004970,HKEX-CARD,191286,False
1004970,HKEX-CARD,191285,False
1004970,HKEX-CARD,191284,False
1004970,HKEX-CARD,191282,False
1004970,HKEX-CARD,191283,False
1004970,HKEX-CARD,191287,False
1004970,HKEX-CARD,191289,False
1004970,HKEX-CARD,191291,False
1004971,HKEX-DLKV,147003,False
1004971,HKEX-DLKV,147001,False
1004971,HKEX-DLKV,146999,False
1004971,HKEX-DLKV,146997,False
1004971,HKEX-DLKV,146995,False
1004971,HKEX-DLKV,147002,False
1004971,HKEX-DLKV,146998,False
1004971,HKEX-DLKV,146996,False
1004971,HKEX-DLKV,147004,False
1004971,HKEX-DLKV,147000,False
1004971,HKEX-FSR,144231,False
1004971,HKEX-FSR,144229,False
1004971,HKEX-FSR,144228,False
1004971,HKEX-FSR,144227,False
1004971,HKEX-FSR,144225,False
1004971,HKEX-FSR,144223,False
1004971,HKEX-FSR,144226,False
1004971,HKEX-FSR,144222,False
1004971,HKEX-FSR,144230,False
1004971,HKEX-FSR,144224,False
1004972,HKEX-INA,148320,False
1004972,HKEX-INA,148319,False
1004972,HKEX-INA,148318,False
1004972,HKEX-INA,148317,False
1004972,HKEX-INA,148316,False
1004972,HKEX-INA,148315,False
1004972,HKEX-INA,148314,False
1004972,HKEX-INA,148313,False
1004972,HKEX-INA,148311,False
1004972,HKEX-INA,148312,False
1004972,HKEX-JNAF,142450,False
1004972,HKEX-JNAF,142449,False
1004972,HKEX-JNAF,142448,False
1004972,HKEX-JNAF,142447,False
1004972,HKEX-JNAF,142446,False
1004972,HKEX-JNAF,142445,False
1004972,HKEX-JNAF,142444,False
1004972,HKEX-JNAF,142443,False
1004972,HKEX-JNAF,142441,False
1004972,HKEX-JNAF,142442,False
1004972,HKEX-KOTD,152840,False
1004972,HKEX-KOTD,152839,False
1004972,HKEX-KOTD,152836,False
1004972,HKEX-KOTD,152834,False
1004972,HKEX-KOTD,152832,False
1004972,HKEX-KOTD,152831,False
1004972,HKEX-KOTD,152838,False
1004972,HKEX-KOTD,152833,False
1004972,HKEX-KOTD,152835,False
1004972,HKEX-KOTD,152837,False
1004972,HKEX-MDKA,148511,False
1004972,HKEX-MDKA,148510,False
1004972,HKEX-MDKA,148506,False
1004972,HKEX-MDKA,148505,False
1004972,HKEX-MDKA,148504,False
1004972,HKEX-MDKA,148509,False
1004972,HKEX-MDKA,148512,False
1004972,HKEX-MDKA,148508,False
1004972,HKEX-MDKA,148503,False
1004972,HKEX-MDKA,148507,False
1004973,HKEX-OIT,134505,False
1004973,HKEX-OIT,134504,False
1004973,HKEX-OIT,134500,False
1004973,HKEX-OIT,134498,False
1004973,HKEX-OIT,134496,False
1004973,HKEX-OIT,134501,False
1004973,HKEX-OIT,134497,False
1004973,HKEX-OIT,134502,False
1004973,HKEX-OIT,134499,False
1004974,HKEX-OIT,134503,False
1004974,HKEX-SIMP,157796,False
1004974,HKEX-SIMP,157795,False
1004974,HKEX-SIMP,157794,False
1004974,HKEX-SIMP,157793,False
1004974,HKEX-SIMP,157792,False
1004974,HKEX-SIMP,157790,False
1004974,HKEX-SIMP,157789,False
1004974,HKEX-SIMP,157788,False
1004974,HKEX-SIMP,157791,False
1004974,HKEX-SIMP,157797,False
1004974,HKEX-XFR,134413,False
1004974,HKEX-XFR,134407,False
1004974,HKEX-XFR,134405,False
1004974,HKEX-XFR,134404,False
1004974,HKEX-XFR,134411,False
1004974,HKEX-XFR,134406,False
1004974,HKEX-XFR,134408,False
1004974,HKEX-XFR,134410,False
1004974,HKEX-XFR,134409,False
1004974,HKEX-XFR,134412,False
1004975,HKEX-DLKV,147017,False
1004975,HKEX-DLKV,147018,False
1004976,HKEX-ETFB3,148569,False
1004985,HKEX-KOTD,152855,False
1004998,HKEX-INA,148334,False
1004998,HKEX-DLKV,147019,False
1004998,HKEX-ETFA,138187,False
1004999,HKEX-KOTD,152856,False
1005005,HKEX-MDKA,148525,False
1005005,HKEX-JNAF,142462,False
1005006,HKEX-KOTD,152857,False
1005007,HKEX-KOTD,152858,False
1005010,HKEX-JNAF,142463,False
1005010,HKEX-DLKV,147020,False
1005012,HKEX-ETFA,138188,False
1005045,HKEX-KOTD,152860,False
1005067,HKEX-ETFB3,148795,False
1005067,HKEX-ETFB3,148791,False
1005067,HKEX-ETFB3,148789,False
1005068,HKEX-ETFB3,148796,False
1005068,HKEX-ETFB3,148792,False
1005068,HKEX-ETFB3,148794,False
1005068,HKEX-ETFB3,148790,False
1005068,HKEX-ETFB3,148793,False
1005068,HKEX-ETFB3,148797,False
1005069,HKEX-ETFB,143800,False
1005069,HKEX-ETFB,143798,False
1005069,HKEX-ETFB,143797,False
1005069,HKEX-ETFB,143794,False
1005069,HKEX-ETFB,143792,False
1005069,HKEX-ETFB,143799,False
1005069,HKEX-ETFB,143795,False
1005070,HKEX-ETFB,143796,False
1005070,HKEX-ETFB,143793,False
1005071,HKEX-ETFA,138178,False
1005071,HKEX-ETFA,138182,False
1005072,HKEX-ETFA,138183,False
1005072,HKEX-ETFA,138179,False
1005072,HKEX-ETFA,138176,False
1005072,HKEX-ETFA,138181,False
1005072,HKEX-ETFA,138180,False
1005073,HKEX-ETFA,138184,False
1005074,HKEX-CARD,191307,False
1005074,HKEX-CARD,191302,False
1005074,HKEX-CARD,191301,False
1005074,HKEX-CARD,191300,False
1005074,HKEX-CARD,191305,False
1005075,HKEX-CARD,191306,False
1005075,HKEX-CARD,191303,False
1005075,HKEX-CARD,191308,False
1005075,HKEX-CARD,191304,False
1005076,HKEX-DLKV,147016,False
1005076,HKEX-DLKV,147015,False
1005076,HKEX-DLKV,147013,False
1005076,HKEX-DLKV,147012,False
1005076,HKEX-DLKV,147010,False
1005076,HKEX-DLKV,147007,False
1005076,HKEX-DLKV,147009,False
1005076,HKEX-DLKV,147014,False
1005076,HKEX-DLKV,147008,False
1005076,HKEX-DLKV,147011,False
1005076,HKEX-FSR,144248,False
1005076,HKEX-FSR,144247,False
1005076,HKEX-FSR,144246,False
1005076,HKEX-FSR,144245,False
1005076,HKEX-FSR,144243,False
1005076,HKEX-FSR,144241,False
1005076,HKEX-FSR,144242,False
1005076,HKEX-FSR,144244,False
1005076,HKEX-FSR,144240,False
1005076,HKEX-INA,148333,False
1005076,HKEX-INA,148332,False
1005076,HKEX-INA,148330,False
1005076,HKEX-INA,148329,False
1005076,HKEX-INA,148328,False
1005076,HKEX-INA,148327,False
1005076,HKEX-INA,148324,False
1005076,HKEX-INA,148326,False
1005076,HKEX-INA,148331,False
1005076,HKEX-INA,148325,False
1005077,HKEX-JNAF,142460,False
1005077,HKEX-JNAF,142459,False
1005077,HKEX-JNAF,142458,False
1005077,HKEX-JNAF,142455,False
1005077,HKEX-JNAF,142452,False
1005077,HKEX-JNAF,142457,False
1005077,HKEX-JNAF,142456,False
1005077,HKEX-JNAF,142461,False
1005077,HKEX-JNAF,142454,False
1005077,HKEX-JNAF,142453,False
1005077,HKEX-KOTD,152852,False
1005077,HKEX-KOTD,152850,False
1005077,HKEX-KOTD,152848,False
1005077,HKEX-KOTD,152847,False
1005077,HKEX-KOTD,152846,False
1005077,HKEX-KOTD,152843,False
1005077,HKEX-KOTD,152845,False
1005077,HKEX-KOTD,152844,False
1005077,HKEX-KOTD,152851,False
1005077,HKEX-KOTD,152849,False
1005077,HKEX-MDKA,148524,False
1005077,HKEX-MDKA,148523,False
1005077,HKEX-MDKA,148522,False
1005077,HKEX-MDKA,148520,False
1005077,HKEX-MDKA,148519,False
1005077,HKEX-MDKA,148517,False
1005077,HKEX-MDKA,148516,False
1005077,HKEX-MDKA,148518,False
1005077,HKEX-MDKA,148521,False
1005078,HKEX-OIT,134514,False
1005078,HKEX-OIT,134512,False
1005078,HKEX-OIT,134511,False
1005078,HKEX-OIT,134510,False
1005078,HKEX-OIT,134508,False
1005078,HKEX-OIT,134506,False
1005078,HKEX-OIT,134513,False
1005078,HKEX-OIT,134515,False
1005079,HKEX-OIT,134507,False
1005079,HKEX-OIT,134509,False
1005079,HKEX-SIMP,157805,False
1005079,HKEX-SIMP,157804,False
1005079,HKEX-SIMP,157800,False
1005079,HKEX-SIMP,157806,False
1005079,HKEX-SIMP,157808,False
1005079,HKEX-SIMP,157802,False
1005079,HKEX-SIMP,157801,False
1005079,HKEX-SIMP,157803,False
1005079,HKEX-SIMP,157807,False
1005079,HKEX-SIMP,157809,False
1005080,HKEX-XFR,134420,False
1005080,HKEX-XFR,134419,False
1005080,HKEX-XFR,134418,False
1005080,HKEX-XFR,134417,False
1005080,HKEX-XFR,134415,False
1005080,HKEX-XFR,134423,False
1005080,HKEX-XFR,134416,False
1005081,HKEX-XFR,134421,False
1005081,HKEX-XFR,134422,False
1005081,HKEX-XFR,134437,False
1005081,HKEX-ETFA,138205,False
1005091,HKEX-CARD,191324,False
1005093,HKEX-CARD,191325,False
1005103,HKEX-JNAF,142479,False
1005109,HKEX-DLKV,147033,False
1005123,HKEX-FSR,144264,False
1005125,HKEX-ETFA,138207,False
1005153,HKEX-MDKA,148540,False
1005154,HKEX-DLKV,147035,False
1005166,HKEX-ETFB3,148811,False
1005166,HKEX-ETFB3,148807,False
1005166,HKEX-ETFB3,148805,False
1005166,HKEX-ETFB3,148803,False
1005166,HKEX-ETFB3,148810,False
1005166,HKEX-ETFB3,148806,False
1005166,HKEX-ETFB3,148804,False
1005166,HKEX-ETFB3,148808,False
1005166,HKEX-ETFB3,148809,False
1005167,HKEX-ETFB,143814,False
1005167,HKEX-ETFB,143812,False
1005167,HKEX-ETFB,143811,False
1005167,HKEX-ETFB,143809,False
1005167,HKEX-ETFB,143807,False
1005167,HKEX-ETFB,143806,False
1005167,HKEX-ETFB,143810,False
1005167,HKEX-ETFB,143808,False
1005167,HKEX-ETFB,143813,False
1005167,HKEX-ETFB,143815,False
1005168,HKEX-ETFA,138203,False
1005168,HKEX-ETFA,138204,False
1005168,HKEX-ETFA,138197,False
1005169,HKEX-ETFA,138196,False
1005169,HKEX-ETFA,138200,False
1005169,HKEX-ETFA,138198,False
1005169,HKEX-ETFA,138202,False
1005169,HKEX-ETFA,138201,False
1005169,HKEX-ETFA,138199,False
1005170,HKEX-CARD,191323,False
1005170,HKEX-CARD,191322,False
1005170,HKEX-CARD,191321,False
1005170,HKEX-CARD,191318,False
1005170,HKEX-CARD,191316,False
1005170,HKEX-CARD,191315,False
1005170,HKEX-CARD,191314,False
1005171,HKEX-CARD,191317,False
1005171,HKEX-CARD,191320,False
1005171,HKEX-CARD,191319,False
1005171,HKEX-DLKV,147031,False
1005171,HKEX-DLKV,147029,False
1005171,HKEX-DLKV,147028,False
1005171,HKEX-DLKV,147027,False
1005171,HKEX-DLKV,147026,False
1005171,HKEX-DLKV,147025,False
1005171,HKEX-DLKV,147023,False
1005172,HKEX-DLKV,147022,False
1005172,HKEX-DLKV,147024,False
1005172,HKEX-DLKV,147030,False
1005172,HKEX-FSR,144262,False
1005172,HKEX-FSR,144260,False
1005172,HKEX-FSR,144258,False
1005172,HKEX-FSR,144257,False
1005172,HKEX-FSR,144255,False
1005172,HKEX-FSR,144263,False
1005172,HKEX-FSR,144261,False
1005172,HKEX-FSR,144256,False
1005172,HKEX-FSR,144254,False
1005172,HKEX-FSR,144259,False
1005172,HKEX-INA,148346,False
1005172,HKEX-INA,148345,False
1005172,HKEX-INA,148344,False
1005172,HKEX-INA,148343,False
1005172,HKEX-INA,148342,False
1005172,HKEX-INA,148341,False
1005172,HKEX-INA,148340,False
1005172,HKEX-INA,148338,False
1005172,HKEX-INA,148337,False
1005172,HKEX-INA,148339,False
1005172,HKEX-JNAF,142478,False
1005172,HKEX-JNAF,142476,False
1005172,HKEX-JNAF,142475,False
1005172,HKEX-JNAF,142474,False
1005172,HKEX-JNAF,142473,False
1005172,HKEX-JNAF,142470,False
1005172,HKEX-JNAF,142469,False
1005172,HKEX-JNAF,142477,False
1005172,HKEX-JNAF,142471,False
1005172,HKEX-JNAF,142472,False
1005173,HKEX-KOTD,152870,False
1005173,HKEX-KOTD,152868,False
1005173,HKEX-KOTD,152865,False
1005173,HKEX-KOTD,152866,False
1005173,HKEX-KOTD,152863,False
1005173,HKEX-KOTD,152867,False
1005173,HKEX-KOTD,152862,False
1005173,HKEX-KOTD,152864,False
1005173,HKEX-KOTD,152869,False
1005173,HKEX-KOTD,152861,False
1005173,HKEX-MDKA,148538,False
1005173,HKEX-MDKA,148537,False
1005173,HKEX-MDKA,148536,False
1005173,HKEX-MDKA,148535,False
1005173,HKEX-MDKA,148532,False
1005173,HKEX-MDKA,148531,False
1005173,HKEX-MDKA,148530,False
1005173,HKEX-MDKA,148529,False
1005173,HKEX-MDKA,148533,False
1005173,HKEX-MDKA,148534,False
1005173,HKEX-OIT,134524,False
1005173,HKEX-OIT,134517,False
1005173,HKEX-OIT,134516,False
1005173,HKEX-OIT,134521,False
1005173,HKEX-OIT,134520,False
1005174,HKEX-OIT,134525,False
1005174,HKEX-OIT,134519,False
1005174,HKEX-OIT,134523,False
1005174,HKEX-OIT,134518,False
1005174,HKEX-OIT,134522,False
1005174,HKEX-SIMP,157820,False
1005174,HKEX-SIMP,157818,False
1005174,HKEX-SIMP,157817,False
1005174,HKEX-SIMP,157816,False
1005174,HKEX-SIMP,157815,False
1005174,HKEX-SIMP,157814,False
1005174,HKEX-SIMP,157813,False
1005175,HKEX-SIMP,157812,False
1005175,HKEX-SIMP,157819,False
1005175,HKEX-SIMP,157821,False
1005175,HKEX-XFR,134434,False
1005175,HKEX-XFR,134432,False
1005175,HKEX-XFR,134430,False
1005175,HKEX-XFR,134428,False
1005175,HKEX-XFR,134427,False
1005175,HKEX-XFR,134431,False
1005175,HKEX-XFR,134435,False
1005175,HKEX-XFR,134433,False
1005175,HKEX-XFR,134429,False
1005176,HKEX-XFR,134436,False
1005176,HKEX-MDKA,148552,False
1005184,HKEX-DLKV,147046,False
1005193,HKEX-JNAF,142491,False
1005201,HKEX-ETFA,138221,False
1005202,HKEX-DLKV,147047,False
1005202,HKEX-FSR,144283,False
1005202,HKEX-FSR,144284,False
1005202,HKEX-FSR,144285,False
1005214,HKEX-MDKA,148556,False
1005236,HKEX-JNAF,142492,False
1005236,HKEX-ETFB3,148826,False
1005236,HKEX-ETFB,143831,False
1005244,HKEX-CARD,191343,False
1005261,HKEX-ETFA,138222,False
1005261,HKEX-ETFA,138224,False
1005264,HKEX-ETFB3,148823,False
1005264,HKEX-ETFB3,148821,False
1005264,HKEX-ETFB3,148818,False
1005264,HKEX-ETFB3,148817,False
1005264,HKEX-ETFB3,148816,False
1005264,HKEX-ETFB3,148814,False
1005264,HKEX-ETFB3,148822,False
1005264,HKEX-ETFB3,148815,False
1005265,HKEX-ETFB3,148820,False
1005265,HKEX-ETFB3,148819,False
1005265,HKEX-ETFB,143826,False
1005265,HKEX-ETFB,143825,False
1005265,HKEX-ETFB,143824,False
1005265,HKEX-ETFB,143823,False
1005265,HKEX-ETFB,143822,False
1005265,HKEX-ETFB,143821,False
1005265,HKEX-ETFB,143820,False
1005265,HKEX-ETFB,143819,False
1005266,HKEX-ETFB,143827,False
1005266,HKEX-ETFB,143828,False
1005267,HKEX-ETFA,138216,False
1005267,HKEX-ETFA,138215,False
1005267,HKEX-ETFA,138210,False
1005267,HKEX-ETFA,138214,False
1005267,HKEX-ETFA,138217,False
1005268,HKEX-ETFA,138212,False
1005268,HKEX-ETFA,138209,False
1005268,HKEX-ETFA,138211,False
1005268,HKEX-ETFA,138213,False
1005268,HKEX-ETFA,138218,False
1005269,HKEX-CARD,191341,False
1005269,HKEX-CARD,191339,False
1005269,HKEX-CARD,191337,False
1005269,HKEX-CARD,191333,False
1005270,HKEX-CARD,191340,False
1005270,HKEX-CARD,191332,False
1005270,HKEX-CARD,191334,False
1005270,HKEX-CARD,191335,False
1005270,HKEX-CARD,191336,False
1005270,HKEX-CARD,191338,False
1005270,HKEX-DLKV,147043,False
1005270,HKEX-DLKV,147041,False
1005270,HKEX-DLKV,147038,False
1005270,HKEX-DLKV,147037,False
1005270,HKEX-DLKV,147036,False
1005270,HKEX-DLKV,147039,False
1005270,HKEX-DLKV,147040,False
1005270,HKEX-DLKV,147044,False
1005270,HKEX-DLKV,147045,False
1005270,HKEX-DLKV,147042,False
1005271,HKEX-FSR,144276,False
1005271,HKEX-FSR,144275,False
1005271,HKEX-FSR,144272,False
1005271,HKEX-FSR,144278,False
1005271,HKEX-FSR,144274,False
1005271,HKEX-FSR,144277,False
1005271,HKEX-FSR,144273,False
1005271,HKEX-FSR,144271,False
1005271,HKEX-FSR,144269,False
1005271,HKEX-FSR,144270,False
1005271,HKEX-INA,148358,False
1005271,HKEX-INA,148357,False
1005271,HKEX-INA,148355,False
1005271,HKEX-INA,148351,False
1005271,HKEX-INA,148349,False
1005271,HKEX-INA,148356,False
1005271,HKEX-INA,148354,False
1005271,HKEX-INA,148353,False
1005271,HKEX-INA,148350,False
1005271,HKEX-INA,148352,False
1005271,HKEX-JNAF,142489,False
1005271,HKEX-JNAF,142488,False
1005271,HKEX-JNAF,142487,False
1005271,HKEX-JNAF,142486,False
1005271,HKEX-JNAF,142485,False
1005271,HKEX-JNAF,142484,False
1005271,HKEX-JNAF,142483,False
1005271,HKEX-JNAF,142482,False
1005271,HKEX-JNAF,142481,False
1005271,HKEX-KOTD,152879,False
1005271,HKEX-KOTD,152876,False
1005271,HKEX-KOTD,152875,False
1005271,HKEX-KOTD,152874,False
1005271,HKEX-KOTD,152877,False
1005271,HKEX-KOTD,152883,False
1005271,HKEX-KOTD,152881,False
1005271,HKEX-KOTD,152880,False
1005271,HKEX-KOTD,152878,False
1005271,HKEX-KOTD,152882,False
1005272,HKEX-MDKA,148551,False
1005272,HKEX-MDKA,148549,False
1005272,HKEX-MDKA,148548,False
1005272,HKEX-MDKA,148546,False
1005272,HKEX-MDKA,148545,False
1005272,HKEX-MDKA,148544,False
1005272,HKEX-MDKA,148543,False
1005272,HKEX-MDKA,148542,False
1005272,HKEX-MDKA,148547,False
1005272,HKEX-MDKA,148550,False
1005272,HKEX-OIT,134535,False
1005272,HKEX-OIT,134532,False
1005272,HKEX-OIT,134528,False
1005272,HKEX-OIT,134530,False
1005272,HKEX-OIT,134534,False
1005272,HKEX-OIT,134531,False
1005272,HKEX-OIT,134536,False
1005272,HKEX-OIT,134529,False
1005272,HKEX-OIT,134527,False
1005272,HKEX-OIT,134533,False
1005273,HKEX-SIMP,157831,False
1005273,HKEX-SIMP,157830,False
1005273,HKEX-SIMP,157828,False
1005273,HKEX-SIMP,157826,False
1005273,HKEX-SIMP,157825,False
1005273,HKEX-SIMP,157824,False
1005273,HKEX-SIMP,157823,False
1005273,HKEX-SIMP,157822,False
1005273,HKEX-SIMP,157827,False
1005273,HKEX-SIMP,157829,False
1005273,HKEX-XFR,134448,False
1005273,HKEX-XFR,134446,False
1005273,HKEX-XFR,134445,False
1005273,HKEX-XFR,134443,False
1005273,HKEX-XFR,134442,False
1005273,HKEX-XFR,134441,False
1005273,HKEX-XFR,134440,False
1005273,HKEX-XFR,134439,False
1005273,HKEX-XFR,134444,False
1005274,HKEX-XFR,134447,False
1005274,HKEX-CARD,191354,False
1005281,HKEX-ETFB,143844,False
1005290,HKEX-JNAF,142506,False
1005298,HKEX-MDKA,148570,False
1005303,HKEX-JNAF,142507,False
1005314,HKEX-MDKA,148571,False
1005324,HKEX-DLKV,147060,False
1005341,HKEX-KOTD,152901,False
1005348,HKEX-MDKA,148572,False
1005349,HKEX-JNAF,142509,False
1005350,HKEX-DLKV,147062,False
1005364,HKEX-ETFB3,148836,False
1005364,HKEX-ETFB3,148834,False
1005364,HKEX-ETFB3,148832,False
1005364,HKEX-ETFB3,148829,False
1005364,HKEX-ETFB3,148827,False
1005365,HKEX-ETFB3,148830,False
1005365,HKEX-ETFB3,148828,False
1005365,HKEX-ETFB3,148831,False
1005365,HKEX-ETFB3,148835,False
1005365,HKEX-ETFB3,148833,False
1005365,HKEX-ETFB,143843,False
1005365,HKEX-ETFB,143842,False
1005365,HKEX-ETFB,143840,False
1005365,HKEX-ETFB,143838,False
1005365,HKEX-ETFB,143836,False
1005365,HKEX-ETFB,143835,False
1005365,HKEX-ETFB,143834,False
1005366,HKEX-ETFB,143839,False
1005366,HKEX-ETFB,143837,False
1005366,HKEX-ETFB,143841,False
1005367,HKEX-ETFA,138235,False
1005367,HKEX-ETFA,138232,False
1005367,HKEX-ETFA,138230,False
1005367,HKEX-ETFA,138228,False
1005367,HKEX-ETFA,138226,False
1005367,HKEX-ETFA,138234,False
1005368,HKEX-ETFA,138233,False
1005368,HKEX-ETFA,138227,False
1005368,HKEX-ETFA,138229,False
1005368,HKEX-ETFA,138231,False
1005370,HKEX-CARD,191353,False
1005370,HKEX-CARD,191349,False
1005370,HKEX-CARD,191347,False
1005370,HKEX-CARD,191345,False
1005370,HKEX-CARD,191351,False
1005370,HKEX-CARD,191344,False
1005370,HKEX-CARD,191346,False
1005370,HKEX-CARD,191352,False
1005370,HKEX-CARD,191350,False
1005370,HKEX-CARD,191348,False
1005371,HKEX-DLKV,147058,False
1005371,HKEX-DLKV,147057,False
1005371,HKEX-DLKV,147052,False
1005371,HKEX-DLKV,147051,False
1005371,HKEX-DLKV,147049,False
1005371,HKEX-DLKV,147050,False
1005371,HKEX-DLKV,147053,False
1005371,HKEX-DLKV,147055,False
1005371,HKEX-DLKV,147056,False
1005371,HKEX-DLKV,147054,False
1005371,HKEX-FSR,144294,False
1005371,HKEX-FSR,144292,False
1005371,HKEX-FSR,144291,False
1005371,HKEX-FSR,144290,False
1005371,HKEX-FSR,144289,False
1005371,HKEX-FSR,144288,False
1005371,HKEX-FSR,144287,False
1005371,HKEX-FSR,144286,False
1005371,HKEX-FSR,144293,False
1005371,HKEX-FSR,144295,False
1005371,HKEX-INA,148369,False
1005371,HKEX-INA,148368,False
1005371,HKEX-INA,148367,False
1005371,HKEX-INA,148364,False
1005371,HKEX-INA,148362,False
1005371,HKEX-INA,148361,False
1005371,HKEX-INA,148360,False
1005371,HKEX-INA,148363,False
1005371,HKEX-INA,148366,False
1005371,HKEX-INA,148365,False
1005372,HKEX-JNAF,142504,False
1005372,HKEX-JNAF,142503,False
1005372,HKEX-JNAF,142502,False
1005372,HKEX-JNAF,142500,False
1005372,HKEX-JNAF,142496,False
1005372,HKEX-JNAF,142497,False
1005372,HKEX-JNAF,142498,False
1005372,HKEX-JNAF,142501,False
1005372,HKEX-JNAF,142499,False
1005372,HKEX-JNAF,142505,False
1005372,HKEX-KOTD,152895,False
1005372,HKEX-KOTD,152894,False
1005372,HKEX-KOTD,152892,False
1005372,HKEX-KOTD,152891,False
1005372,HKEX-KOTD,152888,False
1005372,HKEX-KOTD,152897,False
1005372,HKEX-KOTD,152893,False
1005372,HKEX-KOTD,152896,False
1005372,HKEX-KOTD,152890,False
1005372,HKEX-MDKA,148569,False
1005372,HKEX-MDKA,148568,False
1005372,HKEX-MDKA,148567,False
1005372,HKEX-MDKA,148566,False
1005372,HKEX-MDKA,148565,False
1005372,HKEX-MDKA,148564,False
1005372,HKEX-MDKA,148562,False
1005372,HKEX-MDKA,148561,False
1005372,HKEX-MDKA,148560,False
1005372,HKEX-MDKA,148563,False
1005372,HKEX-OIT,134548,False
1005372,HKEX-OIT,134547,False
1005372,HKEX-OIT,134546,False
1005372,HKEX-OIT,134545,False
1005372,HKEX-OIT,134543,False
1005372,HKEX-OIT,134541,False
1005373,HKEX-OIT,134544,False
1005373,HKEX-OIT,134540,False
1005373,HKEX-OIT,134539,False
1005373,HKEX-OIT,134542,False
1005374,HKEX-SIMP,157844,False
1005374,HKEX-SIMP,157840,False
1005374,HKEX-SIMP,157845,False
1005374,HKEX-SIMP,157842,False
1005374,HKEX-SIMP,157839,False
1005374,HKEX-SIMP,157837,False
1005374,HKEX-SIMP,157841,False
1005374,HKEX-SIMP,157843,False
1005374,HKEX-XFR,134461,False
1005374,HKEX-XFR,134460,False
1005374,HKEX-XFR,134459,False
1005374,HKEX-XFR,134458,False
1005374,HKEX-XFR,134457,False
1005374,HKEX-XFR,134456,False
1005374,HKEX-XFR,134455,False
1005374,HKEX-XFR,134454,False
1005374,HKEX-XFR,134452,False
1005375,HKEX-XFR,134453,False
1005376,HKEX-CARD,191372,False
1005379,HKEX-SIMP,157860,False
1005380,HKEX-SIMP,157861,False
1005392,HKEX-FSR,144309,False
1005399,HKEX-DLKV,147074,False
1005399,HKEX-ETFA,138251,False
1005403,HKEX-INA,148382,False
1005403,HKEX-SIMP,157862,False
1005412,HKEX-CARD,191373,False
1005421,HKEX-SIMP,157863,False
1005428,HKEX-FSR,144310,False
1005432,HKEX-MDKA,148585,False
1005432,HKEX-SIMP,157864,False
1005442,HKEX-INA,148384,False
1005447,HKEX-SIMP,157866,False
1005449,HKEX-INA,148386,False
1005463,HKEX-ETFB3,148852,False
1005463,HKEX-INA,148389,False
1005463,HKEX-DLKV,147077,False
1005463,HKEX-OIT,134560,False
1005463,HKEX-ETFA,138255,False
1005464,HKEX-ETFB3,148848,False
1005464,HKEX-ETFB3,148847,False
1005464,HKEX-ETFB3,148845,False
1005464,HKEX-ETFB3,148842,False
1005464,HKEX-ETFB3,148841,False
1005464,HKEX-ETFB3,148839,False
1005464,HKEX-ETFB3,148846,False
1005464,HKEX-ETFB3,148843,False
1005464,HKEX-ETFB3,148844,False
1005465,HKEX-ETFB3,148840,False
1005465,HKEX-ETFB,143857,False
1005465,HKEX-ETFB,143856,False
1005465,HKEX-ETFB,143852,False
1005465,HKEX-ETFB,143850,False
1005465,HKEX-ETFB,143849,False
1005465,HKEX-ETFB,143851,False
1005465,HKEX-ETFB,143855,False
1005465,HKEX-ETFB,143854,False
1005465,HKEX-ETFB,143853,False
1005466,HKEX-ETFB,143848,False
1005466,HKEX-ETFA,138249,False
1005466,HKEX-ETFA,138246,False
1005467,HKEX-ETFA,138247,False
1005467,HKEX-ETFA,138248,False
1005467,HKEX-ETFA,138250,False
1005467,HKEX-ETFA,138244,False
1005467,HKEX-ETFA,138242,False
1005467,HKEX-ETFA,138243,False
1005467,HKEX-ETFA,138245,False
1005468,HKEX-ETFA,138241,False
1005469,HKEX-CARD,191367,False
1005469,HKEX-CARD,191364,False
1005469,HKEX-CARD,191362,False
1005469,HKEX-CARD,191369,False
1005469,HKEX-CARD,191365,False
1005469,HKEX-CARD,191371,False
1005470,HKEX-CARD,191368,False
1005470,HKEX-CARD,191363,False
1005470,HKEX-CARD,191366,False
1005470,HKEX-CARD,191370,False
1005470,HKEX-DLKV,147072,False
1005470,HKEX-DLKV,147071,False
1005470,HKEX-DLKV,147070,False
1005470,HKEX-DLKV,147068,False
1005470,HKEX-DLKV,147067,False
1005470,HKEX-DLKV,147066,False
1005470,HKEX-DLKV,147064,False
1005470,HKEX-DLKV,147063,False
1005470,HKEX-DLKV,147069,False
1005470,HKEX-DLKV,147065,False
1005470,HKEX-FSR,144308,False
1005470,HKEX-FSR,144307,False
1005470,HKEX-FSR,144306,False
1005470,HKEX-FSR,144304,False
1005470,HKEX-FSR,144302,False
1005470,HKEX-FSR,144305,False
1005470,HKEX-FSR,144301,False
1005470,HKEX-FSR,144299,False
1005470,HKEX-FSR,144300,False
1005470,HKEX-FSR,144303,False
1005471,HKEX-INA,148381,False
1005471,HKEX-INA,148379,False
1005471,HKEX-INA,148376,False
1005471,HKEX-INA,148375,False
1005471,HKEX-INA,148374,False
1005471,HKEX-INA,148372,False
1005471,HKEX-INA,148380,False
1005471,HKEX-INA,148377,False
1005471,HKEX-INA,148378,False
1005471,HKEX-JNAF,142522,False
1005471,HKEX-JNAF,142521,False
1005471,HKEX-JNAF,142520,False
1005471,HKEX-JNAF,142519,False
1005471,HKEX-JNAF,142518,False
1005471,HKEX-JNAF,142517,False
1005471,HKEX-JNAF,142516,False
1005471,HKEX-JNAF,142515,False
1005471,HKEX-JNAF,142523,False
1005471,HKEX-JNAF,142514,False
1005471,HKEX-KOTD,152912,False
1005471,HKEX-KOTD,152910,False
1005471,HKEX-KOTD,152908,False
1005471,HKEX-KOTD,152907,False
1005471,HKEX-KOTD,152906,False
1005471,HKEX-KOTD,152905,False
1005471,HKEX-KOTD,152903,False
1005471,HKEX-KOTD,152909,False
1005471,HKEX-KOTD,152911,False
1005471,HKEX-KOTD,152904,False
1005471,HKEX-MDKA,148583,False
1005471,HKEX-MDKA,148582,False
1005471,HKEX-MDKA,148581,False
1005471,HKEX-MDKA,148579,False
1005471,HKEX-MDKA,148577,False
1005471,HKEX-MDKA,148575,False
1005471,HKEX-MDKA,148574,False
1005471,HKEX-MDKA,148580,False
1005471,HKEX-MDKA,148578,False
1005471,HKEX-MDKA,148576,False
1005472,HKEX-OIT,134558,False
1005472,HKEX-OIT,134556,False
1005472,HKEX-OIT,134555,False
1005472,HKEX-OIT,134554,False
1005472,HKEX-OIT,134552,False
1005472,HKEX-OIT,134550,False
1005472,HKEX-OIT,134557,False
1005472,HKEX-OIT,134551,False
1005472,HKEX-OIT,134553,False
1005472,HKEX-OIT,134549,False
1005473,HKEX-SIMP,157859,False
1005473,HKEX-SIMP,157857,False
1005473,HKEX-SIMP,157856,False
1005473,HKEX-SIMP,157855,False
1005473,HKEX-SIMP,157854,False
1005473,HKEX-SIMP,157853,False
1005473,HKEX-SIMP,157852,False
1005473,HKEX-SIMP,157851,False
1005473,HKEX-SIMP,157858,False
1005473,HKEX-XFR,134470,False
1005473,HKEX-XFR,134468,False
1005473,HKEX-XFR,134467,False
1005473,HKEX-XFR,134466,False
1005473,HKEX-XFR,134465,False
1005473,HKEX-XFR,134462,False
1005473,HKEX-XFR,134463,False
1005473,HKEX-XFR,134471,False
1005473,HKEX-XFR,134469,False
1005473,HKEX-XFR,134464,False
1005475,HKEX-DLKV,147088,False
1005478,HKEX-CARD,191070,False
1005480,HKEX-SIMP,157881,False
1005506,HKEX-MDKA,148598,False
1005515,HKEX-MDKA,148599,False
1005524,HKEX-ETFA,138269,False
1005538,HKEX-SIMP,157882,False
1005565,HKEX-ETFB3,148861,False
1005565,HKEX-ETFB3,148860,False
1005565,HKEX-ETFB3,148859,False
1005565,HKEX-ETFB3,148858,False
1005565,HKEX-ETFB3,148855,False
1005565,HKEX-ETFB3,148856,False
1005566,HKEX-ETFB3,148863,False
1005566,HKEX-ETFB3,148857,False
1005566,HKEX-ETFB3,148854,False
1005566,HKEX-ETFB3,148862,False
1005566,HKEX-ETFB,143870,False
1005566,HKEX-ETFB,143869,False
1005566,HKEX-ETFB,143868,False
1005566,HKEX-ETFB,143867,False
1005566,HKEX-ETFB,143865,False
1005566,HKEX-ETFB,143872,False
1005566,HKEX-ETFB,143871,False
1005567,HKEX-ETFB,143864,False
1005567,HKEX-ETFB,143863,False
1005567,HKEX-ETFB,143866,False
1005567,HKEX-ETFA,138263,False
1005567,HKEX-ETFA,138258,False
1005567,HKEX-ETFA,138256,False
1005568,HKEX-ETFA,138264,False
1005568,HKEX-ETFA,138261,False
1005568,HKEX-ETFA,138259,False
1005568,HKEX-ETFA,138262,False
1005568,HKEX-ETFA,138265,False
1005569,HKEX-ETFA,138257,False
1005569,HKEX-ETFA,138260,False
1005570,HKEX-CARD,191384,False
1005570,HKEX-CARD,191381,False
1005570,HKEX-CARD,191378,False
1005570,HKEX-CARD,191376,False
1005571,HKEX-CARD,191375,False
1005571,HKEX-CARD,191379,False
1005571,HKEX-CARD,191377,False
1005571,HKEX-CARD,191382,False
1005571,HKEX-CARD,191383,False
1005571,HKEX-CARD,191380,False
1005571,HKEX-DLKV,147086,False
1005571,HKEX-DLKV,147085,False
1005571,HKEX-DLKV,147084,False
1005571,HKEX-DLKV,147083,False
1005571,HKEX-DLKV,147081,False
1005571,HKEX-DLKV,147080,False
1005571,HKEX-DLKV,147078,False
1005571,HKEX-DLKV,147079,False
1005571,HKEX-DLKV,147082,False
1005571,HKEX-DLKV,147087,False
1005571,HKEX-FSR,144325,False
1005571,HKEX-FSR,144323,False
1005571,HKEX-FSR,144321,False
1005571,HKEX-FSR,144316,False
1005571,HKEX-FSR,144320,False
1005571,HKEX-FSR,144318,False
1005571,HKEX-FSR,144324,False
1005572,HKEX-FSR,144317,False
1005572,HKEX-FSR,144319,False
1005572,HKEX-FSR,144322,False
1005572,HKEX-INA,148401,False
1005572,HKEX-INA,148400,False
1005572,HKEX-INA,148399,False
1005572,HKEX-INA,148398,False
1005572,HKEX-INA,148396,False
1005572,HKEX-INA,148394,False
1005572,HKEX-INA,148392,False
1005572,HKEX-INA,148395,False
1005572,HKEX-INA,148397,False
1005572,HKEX-INA,148393,False
1005572,HKEX-JNAF,142537,False
1005572,HKEX-JNAF,142535,False
1005572,HKEX-JNAF,142534,False
1005572,HKEX-JNAF,142533,False
1005572,HKEX-JNAF,142532,False
1005572,HKEX-JNAF,142530,False
1005572,HKEX-JNAF,142536,False
1005572,HKEX-JNAF,142529,False
1005572,HKEX-JNAF,142528,False
1005572,HKEX-JNAF,142531,False
1005572,HKEX-KOTD,152924,False
1005572,HKEX-KOTD,152923,False
1005572,HKEX-KOTD,152922,False
1005572,HKEX-KOTD,152921,False
1005572,HKEX-KOTD,152920,False
1005572,HKEX-KOTD,152919,False
1005572,HKEX-KOTD,152918,False
1005572,HKEX-KOTD,152917,False
1005572,HKEX-KOTD,152916,False
1005572,HKEX-KOTD,152925,False
1005573,HKEX-MDKA,148596,False
1005573,HKEX-MDKA,148594,False
1005573,HKEX-MDKA,148592,False
1005573,HKEX-MDKA,148591,False
1005573,HKEX-MDKA,148590,False
1005573,HKEX-MDKA,148589,False
1005573,HKEX-MDKA,148588,False
1005573,HKEX-MDKA,148593,False
1005573,HKEX-MDKA,148595,False
1005573,HKEX-MDKA,148597,False
1005573,HKEX-OIT,134570,False
1005573,HKEX-OIT,134569,False
1005573,HKEX-OIT,134568,False
1005573,HKEX-OIT,134567,False
1005573,HKEX-OIT,134566,False
1005573,HKEX-OIT,134565,False
1005573,HKEX-OIT,134564,False
1005573,HKEX-OIT,134563,False
1005573,HKEX-OIT,134562,False
1005573,HKEX-OIT,134561,False
1005574,HKEX-SIMP,157879,False
1005574,HKEX-SIMP,157878,False
1005574,HKEX-SIMP,157876,False
1005574,HKEX-SIMP,157874,False
1005574,HKEX-SIMP,157873,False
1005574,HKEX-SIMP,157871,False
1005574,HKEX-SIMP,157877,False
1005574,HKEX-SIMP,157875,False
1005574,HKEX-XFR,134483,False
1005574,HKEX-XFR,134480,False
1005574,HKEX-XFR,134478,False
1005574,HKEX-XFR,134477,False
1005574,HKEX-XFR,134476,False
1005574,HKEX-XFR,134475,False
1005574,HKEX-XFR,134481,False
1005574,HKEX-XFR,134482,False
1005575,HKEX-XFR,134479,False
1005575,HKEX-XFR,134474,False
1005577,HKEX-KOTD,152939,False
1005577,HKEX-ETFB,143890,False
1005583,HKEX-FSR,144339,False
1005588,HKEX-INA,148414,False
1005594,HKEX-FSR,144340,False
1005595,HKEX-CARD,191401,False
1005602,HKEX-JNAF,142551,False
1005607,HKEX-SIMP,157894,False
1005620,HKEX-INA,148415,False
1005625,HKEX-INA,148416,False
1005643,HKEX-SIMP,157896,False
1005657,HKEX-ETFA,138285,False
1005658,HKEX-ETFA,138288,False
1005661,HKEX-ETFB3,148875,False
1005661,HKEX-ETFB3,148874,False
1005661,HKEX-ETFB3,148873,False
1005661,HKEX-ETFB3,148868,False
1005661,HKEX-ETFB3,148872,False
1005661,HKEX-ETFB3,148870,False
1005661,HKEX-ETFB3,148871,False
1005661,HKEX-ETFB3,148867,False
1005661,HKEX-ETFB3,148876,False
1005661,HKEX-ETFB3,148869,False
1005661,HKEX-ETFB,143886,False
1005661,HKEX-ETFB,143884,False
1005661,HKEX-ETFB,143883,False
1005661,HKEX-ETFB,143882,False
1005661,HKEX-ETFB,143881,False
1005662,HKEX-ETFB,143888,False
1005662,HKEX-ETFB,143885,False
1005662,HKEX-ETFB,143887,False
1005662,HKEX-ETFB,143880,False
1005662,HKEX-ETFA,138280,False
1005662,HKEX-ETFA,138276,False
1005662,HKEX-ETFA,138274,False
1005662,HKEX-ETFA,138281,False
1005663,HKEX-ETFA,138282,False
1005663,HKEX-ETFA,138273,False
1005663,HKEX-ETFA,138279,False
1005663,HKEX-ETFA,138277,False
1005663,HKEX-ETFA,138275,False
1005663,HKEX-ETFA,138278,False
1005664,HKEX-CARD,191398,False
1005664,HKEX-CARD,191396,False
1005664,HKEX-CARD,191391,False
1005664,HKEX-CARD,191395,False
1005664,HKEX-CARD,191393,False
1005664,HKEX-CARD,191390,False
1005664,HKEX-CARD,191392,False
1005665,HKEX-CARD,191397,False
1005665,HKEX-CARD,191399,False
1005665,HKEX-CARD,191394,False
1005665,HKEX-DLKV,147100,False
1005665,HKEX-DLKV,147098,False
1005665,HKEX-DLKV,147095,False
1005665,HKEX-DLKV,147092,False
1005665,HKEX-DLKV,147096,False
1005665,HKEX-DLKV,147094,False
1005665,HKEX-DLKV,147093,False
1005665,HKEX-DLKV,147101,False
1005665,HKEX-DLKV,147097,False
1005665,HKEX-DLKV,147099,False
1005665,HKEX-FSR,144337,False
1005665,HKEX-FSR,144335,False
1005665,HKEX-FSR,144334,False
1005665,HKEX-FSR,144333,False
1005665,HKEX-FSR,144332,False
1005665,HKEX-FSR,144331,False
1005665,HKEX-FSR,144330,False
1005665,HKEX-FSR,144329,False
1005665,HKEX-FSR,144336,False
1005665,HKEX-FSR,144338,False
1005665,HKEX-INA,148413,False
1005665,HKEX-INA,148412,False
1005665,HKEX-INA,148411,False
1005665,HKEX-INA,148409,False
1005665,HKEX-INA,148408,False
1005665,HKEX-INA,148406,False
1005665,HKEX-INA,148404,False
1005665,HKEX-INA,148407,False
1005665,HKEX-INA,148405,False
1005665,HKEX-INA,148410,False
1005665,HKEX-JNAF,142549,False
1005665,HKEX-JNAF,142545,False
1005665,HKEX-JNAF,142542,False
1005665,HKEX-JNAF,142540,False
1005665,HKEX-JNAF,142548,False
1005666,HKEX-JNAF,142543,False
1005666,HKEX-JNAF,142541,False
1005666,HKEX-JNAF,142544,False
1005666,HKEX-JNAF,142547,False
1005666,HKEX-JNAF,142546,False
1005666,HKEX-KOTD,152935,False
1005666,HKEX-KOTD,152934,False
1005666,HKEX-KOTD,152930,False
1005666,HKEX-KOTD,152938,False
1005666,HKEX-KOTD,152936,False
1005666,HKEX-KOTD,152931,False
1005666,HKEX-KOTD,152929,False
1005666,HKEX-KOTD,152932,False
1005666,HKEX-KOTD,152933,False
1005666,HKEX-KOTD,152937,False
1005666,HKEX-MDKA,148610,False
1005666,HKEX-MDKA,148609,False
1005666,HKEX-MDKA,148608,False
1005666,HKEX-MDKA,148607,False
1005666,HKEX-MDKA,148606,False
1005666,HKEX-MDKA,148604,False
1005666,HKEX-MDKA,148601,False
1005666,HKEX-MDKA,148605,False
1005666,HKEX-MDKA,148603,False
1005666,HKEX-OIT,134580,False
1005666,HKEX-OIT,134579,False
1005666,HKEX-OIT,134578,False
1005666,HKEX-OIT,134577,False
1005666,HKEX-OIT,134576,False
1005666,HKEX-OIT,134575,False
1005666,HKEX-OIT,134573,False
1005666,HKEX-OIT,134572,False
1005666,HKEX-OIT,134571,False
1005666,HKEX-OIT,134574,False
1005667,HKEX-SIMP,157893,False
1005667,HKEX-SIMP,157892,False
1005667,HKEX-SIMP,157890,False
1005667,HKEX-SIMP,157889,False
1005667,HKEX-SIMP,157888,False
1005667,HKEX-SIMP,157886,False
1005667,HKEX-SIMP,157884,False
1005667,HKEX-SIMP,157891,False
1005667,HKEX-SIMP,157887,False
1005667,HKEX-XFR,134494,False
1005667,HKEX-XFR,134492,False
1005667,HKEX-XFR,134491,False
1005667,HKEX-XFR,134489,False
1005667,HKEX-XFR,134488,False
1005667,HKEX-XFR,134487,False
1005667,HKEX-XFR,134486,False
1005667,HKEX-XFR,134485,False
1005667,HKEX-XFR,134490,False
1005667,HKEX-XFR,134493,False
1005679,HKEX-INA,148428,False
1005683,HKEX-XFR,134506,False
1005683,HKEX-FSR,144353,False
1005695,HKEX-FSR,144354,False
1005702,HKEX-ETFA,138301,False
1005709,HKEX-ETFA,138303,False
1005709,HKEX-JNAF,142565,False
1005713,HKEX-MDKA,148628,False
1005722,HKEX-INA,148429,False
1005736,HKEX-CARD,191413,False
1005765,HKEX-ETFB3,148891,False
1005765,HKEX-ETFB3,148889,False
1005765,HKEX-ETFB3,148888,False
1005765,HKEX-ETFB3,148887,False
1005765,HKEX-ETFB3,148885,False
1005765,HKEX-ETFB3,148884,False
1005766,HKEX-ETFB3,148886,False
1005766,HKEX-ETFB3,148882,False
1005766,HKEX-ETFB3,148883,False
1005766,HKEX-ETFB3,148890,False
1005767,HKEX-ETFB,143901,False
1005767,HKEX-ETFB,143896,False
1005767,HKEX-ETFB,143895,False
1005767,HKEX-ETFB,143903,False
1005767,HKEX-ETFB,143898,False
1005768,HKEX-ETFB,143897,False
1005768,HKEX-ETFB,143899,False
1005768,HKEX-ETFB,143900,False
1005768,HKEX-ETFB,143902,False
1005768,HKEX-ETFB,143894,False
1005769,HKEX-ETFA,138299,False
1005769,HKEX-ETFA,138298,False
1005769,HKEX-ETFA,138296,False
1005769,HKEX-ETFA,138293,False
1005769,HKEX-ETFA,138291,False
1005770,HKEX-ETFA,138294,False
1005770,HKEX-ETFA,138295,False
1005770,HKEX-ETFA,138297,False
1005770,HKEX-ETFA,138290,False
1005771,HKEX-ETFA,138292,False
1005772,HKEX-CARD,191409,False
1005772,HKEX-CARD,191407,False
1005772,HKEX-CARD,191405,False
1005772,HKEX-CARD,191403,False
1005772,HKEX-CARD,191402,False
1005773,HKEX-CARD,191410,False
1005773,HKEX-CARD,191406,False
1005773,HKEX-CARD,191408,False
1005773,HKEX-CARD,191404,False
1005773,HKEX-CARD,191411,False
1005774,HKEX-DLKV,147111,False
1005774,HKEX-DLKV,147109,False
1005774,HKEX-DLKV,147107,False
1005774,HKEX-DLKV,147106,False
1005774,HKEX-DLKV,147104,False
1005774,HKEX-DLKV,147103,False
1005774,HKEX-DLKV,147105,False
1005774,HKEX-DLKV,147110,False
1005774,HKEX-DLKV,147112,False
1005774,HKEX-DLKV,147108,False
1005774,HKEX-FSR,144352,False
1005774,HKEX-FSR,144350,False
1005774,HKEX-FSR,144349,False
1005774,HKEX-FSR,144348,False
1005774,HKEX-FSR,144347,False
1005774,HKEX-FSR,144346,False
1005774,HKEX-FSR,144351,False
1005774,HKEX-FSR,144344,False
1005774,HKEX-FSR,144345,False
1005774,HKEX-FSR,144343,False
1005775,HKEX-INA,148427,False
1005775,HKEX-INA,148426,False
1005775,HKEX-INA,148424,False
1005775,HKEX-INA,148423,False
1005775,HKEX-INA,148422,False
1005775,HKEX-INA,148420,False
1005775,HKEX-INA,148419,False
1005775,HKEX-INA,148418,False
1005775,HKEX-INA,148425,False
1005775,HKEX-INA,148421,False
1005775,HKEX-JNAF,142563,False
1005775,HKEX-JNAF,142561,False
1005775,HKEX-JNAF,142559,False
1005775,HKEX-JNAF,142558,False
1005775,HKEX-JNAF,142556,False
1005775,HKEX-JNAF,142554,False
1005775,HKEX-JNAF,142555,False
1005775,HKEX-JNAF,142560,False
1005775,HKEX-JNAF,142557,False
1005775,HKEX-JNAF,142562,False
1005775,HKEX-KOTD,152955,False
1005775,HKEX-KOTD,152954,False
1005775,HKEX-KOTD,152951,False
1005775,HKEX-KOTD,152949,False
1005775,HKEX-KOTD,152946,False
1005775,HKEX-KOTD,152952,False
1005775,HKEX-KOTD,152950,False
1005775,HKEX-KOTD,152947,False
1005775,HKEX-KOTD,152953,False
1005775,HKEX-KOTD,152948,False
1005775,HKEX-MDKA,148625,False
1005775,HKEX-MDKA,148621,False
1005775,HKEX-MDKA,148619,False
1005775,HKEX-MDKA,148618,False
1005775,HKEX-MDKA,148622,False
1005775,HKEX-MDKA,148627,False
1005775,HKEX-MDKA,148626,False
1005775,HKEX-MDKA,148624,False
1005775,HKEX-MDKA,148620,False
1005775,HKEX-MDKA,148623,False
1005776,HKEX-OIT,134592,False
1005776,HKEX-OIT,134591,False
1005776,HKEX-OIT,134590,False
1005776,HKEX-OIT,134587,False
1005776,HKEX-OIT,134586,False
1005776,HKEX-OIT,134585,False
1005776,HKEX-OIT,134584,False
1005776,HKEX-OIT,134583,False
1005776,HKEX-OIT,134589,False
1005777,HKEX-OIT,134588,False
1005777,HKEX-SIMP,157911,False
1005777,HKEX-SIMP,157910,False
1005777,HKEX-SIMP,157908,False
1005777,HKEX-SIMP,157906,False
1005777,HKEX-SIMP,157904,False
1005777,HKEX-SIMP,157903,False
1005777,HKEX-SIMP,157902,False
1005777,HKEX-SIMP,157907,False
1005777,HKEX-SIMP,157909,False
1005777,HKEX-SIMP,157905,False
1005778,HKEX-XFR,134505,False
1005778,HKEX-XFR,134504,False
1005778,HKEX-XFR,134500,False
1005778,HKEX-XFR,134498,False
1005778,HKEX-XFR,134496,False
1005778,HKEX-XFR,134501,False
1005779,HKEX-XFR,134497,False
1005779,HKEX-XFR,134502,False
1005779,HKEX-XFR,134499,False
1005779,HKEX-XFR,134503,False
1005780,HKEX-ETFB,143916,False
1005780,HKEX-DLKV,147127,False
1005780,HKEX-CARD,191426,False
1005781,HKEX-SIMP,157924,False
1005781,HKEX-INA,148442,False
1005781,HKEX-ETFA,138316,False
1005794,HKEX-ETFA,138317,False
1005800,HKEX-DLKV,147129,False
1005800,HKEX-MDKA,148640,False
1005800,HKEX-KOTD,152972,False
1005801,HKEX-KOTD,152973,False
1005811,HKEX-ETFB,143918,False
1005813,HKEX-DLKV,147131,False
1005814,HKEX-MDKA,148641,False
1005820,HKEX-DLKV,147132,False
1005824,HKEX-DLKV,147133,False
1005845,HKEX-MDKA,148642,False
1005849,HKEX-DLKV,147134,False
1005863,HKEX-MDKA,148643,False
1005863,HKEX-SIMP,157927,False
1005864,HKEX-INA,148444,False
1005867,HKEX-ETFB3,148901,False
1005867,HKEX-ETFB3,148899,False
1005867,HKEX-ETFB3,148898,False
1005867,HKEX-ETFB3,148896,False
1005867,HKEX-ETFB3,148894,False
1005867,HKEX-ETFB3,148903,False
1005867,HKEX-ETFB3,148897,False
1005867,HKEX-ETFB3,148895,False
1005868,HKEX-ETFB3,148900,False
1005868,HKEX-ETFB3,148902,False
1005868,HKEX-ETFB,143915,False
1005868,HKEX-ETFB,143912,False
1005868,HKEX-ETFB,143910,False
1005868,HKEX-ETFB,143908,False
1005868,HKEX-ETFB,143906,False
1005868,HKEX-ETFB,143914,False
1005869,HKEX-ETFB,143911,False
1005869,HKEX-ETFB,143913,False
1005869,HKEX-ETFB,143907,False
1005869,HKEX-ETFB,143909,False
1005870,HKEX-ETFA,138314,False
1005870,HKEX-ETFA,138313,False
1005870,HKEX-ETFA,138311,False
1005870,HKEX-ETFA,138309,False
1005870,HKEX-ETFA,138305,False
1005870,HKEX-ETFA,138312,False
1005871,HKEX-ETFA,138308,False
1005871,HKEX-ETFA,138307,False
1005872,HKEX-ETFA,138310,False
1005872,HKEX-ETFA,138306,False
1005874,HKEX-CARD,191423,False
1005874,HKEX-CARD,191421,False
1005874,HKEX-CARD,191419,False
1005874,HKEX-CARD,191417,False
1005874,HKEX-CARD,191416,False
1005874,HKEX-CARD,191420,False
1005874,HKEX-CARD,191418,False
1005874,HKEX-CARD,191425,False
1005875,HKEX-CARD,191424,False
1005875,HKEX-CARD,191422,False
1005875,HKEX-DLKV,147125,False
1005875,HKEX-DLKV,147122,False
1005875,HKEX-DLKV,147121,False
1005875,HKEX-DLKV,147120,False
1005875,HKEX-DLKV,147119,False
1005875,HKEX-DLKV,147118,False
1005875,HKEX-DLKV,147117,False
1005875,HKEX-DLKV,147123,False
1005875,HKEX-DLKV,147124,False
1005875,HKEX-DLKV,147126,False
1005875,HKEX-FSR,144366,False
1005875,HKEX-FSR,144364,False
1005875,HKEX-FSR,144363,False
1005875,HKEX-FSR,144362,False
1005875,HKEX-FSR,144360,False
1005875,HKEX-FSR,144365,False
1005876,HKEX-FSR,144358,False
1005876,HKEX-FSR,144361,False
1005876,HKEX-FSR,144357,False
1005876,HKEX-FSR,144359,False
1005876,HKEX-INA,148441,False
1005876,HKEX-INA,148440,False
1005876,HKEX-INA,148438,False
1005876,HKEX-INA,148437,False
1005876,HKEX-INA,148436,False
1005876,HKEX-INA,148435,False
1005876,HKEX-INA,148432,False
1005876,HKEX-INA,148434,False
1005876,HKEX-INA,148439,False
1005876,HKEX-INA,148433,False
1005876,HKEX-JNAF,142579,False
1005876,HKEX-JNAF,142577,False
1005876,HKEX-JNAF,142575,False
1005876,HKEX-JNAF,142574,False
1005876,HKEX-JNAF,142573,False
1005876,HKEX-JNAF,142570,False
1005876,HKEX-JNAF,142572,False
1005876,HKEX-JNAF,142571,False
1005876,HKEX-JNAF,142578,False
1005876,HKEX-JNAF,142576,False
1005876,HKEX-KOTD,152970,False
1005876,HKEX-KOTD,152969,False
1005876,HKEX-KOTD,152968,False
1005876,HKEX-KOTD,152967,False
1005876,HKEX-KOTD,152966,False
1005876,HKEX-KOTD,152965,False
1005876,HKEX-KOTD,152963,False
1005877,HKEX-KOTD,152961,False
1005877,HKEX-KOTD,152964,False
1005877,HKEX-MDKA,148639,False
1005877,HKEX-MDKA,148637,False
1005877,HKEX-MDKA,148636,False
1005877,HKEX-MDKA,148635,False
1005877,HKEX-MDKA,148633,False
1005877,HKEX-MDKA,148632,False
1005877,HKEX-MDKA,148631,False
1005877,HKEX-MDKA,148634,False
1005877,HKEX-MDKA,148630,False
1005877,HKEX-MDKA,148638,False
1005877,HKEX-OIT,134602,False
1005877,HKEX-OIT,134600,False
1005877,HKEX-OIT,134599,False
1005877,HKEX-OIT,134598,False
1005877,HKEX-OIT,134597,False
1005877,HKEX-OIT,134596,False
1005877,HKEX-OIT,134595,False
1005877,HKEX-OIT,134594,False
1005877,HKEX-OIT,134593,False
1005878,HKEX-OIT,134601,False
1005879,HKEX-SIMP,157923,False
1005879,HKEX-SIMP,157921,False
1005879,HKEX-SIMP,157919,False
1005879,HKEX-SIMP,157918,False
1005879,HKEX-SIMP,157917,False
1005879,HKEX-SIMP,157915,False
1005879,HKEX-SIMP,157920,False
1005879,HKEX-SIMP,157922,False
1005879,HKEX-XFR,134517,False
1005879,HKEX-XFR,134516,False
1005879,HKEX-XFR,134514,False
1005879,HKEX-XFR,134512,False
1005879,HKEX-XFR,134511,False
1005879,HKEX-XFR,134510,False
1005879,HKEX-XFR,134508,False
1005879,HKEX-XFR,134513,False
1005880,HKEX-XFR,134515,False
1005880,HKEX-XFR,134509,False
1005886,HKEX-DLKV,147146,False
1005893,HKEX-DLKV,147147,False
1005896,HKEX-FSR,144381,False
1005908,HKEX-ETFB,143933,False
1005918,HKEX-MDKA,148656,False
1005927,HKEX-DLKV,147149,False
1005931,HKEX-SIMP,157942,False
1005938,HKEX-ETFB,143936,False
1005966,HKEX-ETFB3,148916,False
1005966,HKEX-ETFB3,148913,False
1005966,HKEX-ETFB3,148912,False
1005966,HKEX-ETFB3,148911,False
1005966,HKEX-ETFB3,148910,False
1005966,HKEX-ETFB3,148909,False
1005966,HKEX-ETFB3,148908,False
1005966,HKEX-ETFB3,148914,False
1005966,HKEX-ETFB3,148915,False
1005967,HKEX-ETFB3,148917,False
1005967,HKEX-ETFB,143930,False
1005967,HKEX-ETFB,143924,False
1005967,HKEX-ETFB,143923,False
1005967,HKEX-ETFB,143922,False
1005967,HKEX-ETFB,143921,False
1005967,HKEX-ETFB,143925,False
1005968,HKEX-ETFB,143926,False
1005968,HKEX-ETFB,143927,False
1005968,HKEX-ETFB,143929,False
1005968,HKEX-ETFB,143928,False
1005969,HKEX-ETFA,138329,False
1005969,HKEX-ETFA,138328,False
1005969,HKEX-ETFA,138326,False
1005969,HKEX-ETFA,138324,False
1005969,HKEX-ETFA,138321,False
1005970,HKEX-ETFA,138327,False
1005970,HKEX-ETFA,138322,False
1005970,HKEX-ETFA,138323,False
1005971,HKEX-ETFA,138325,False
1005971,HKEX-ETFA,138320,False
1005973,HKEX-CARD,191436,False
1005973,HKEX-CARD,191434,False
1005973,HKEX-CARD,191432,False
1005973,HKEX-CARD,191437,False
1005973,HKEX-CARD,191435,False
1005973,HKEX-CARD,191433,False
1005973,HKEX-CARD,191428,False
1005973,HKEX-CARD,191429,False
1005973,HKEX-CARD,191431,False
1005974,HKEX-CARD,191430,False
1005974,HKEX-DLKV,147143,False
1005974,HKEX-DLKV,147142,False
1005974,HKEX-DLKV,147141,False
1005974,HKEX-DLKV,147140,False
1005974,HKEX-DLKV,147139,False
1005974,HKEX-DLKV,147137,False
1005974,HKEX-DLKV,147135,False
1005974,HKEX-DLKV,147144,False
1005974,HKEX-DLKV,147136,False
1005974,HKEX-DLKV,147138,False
1005974,HKEX-FSR,144375,False
1005974,HKEX-FSR,144370,False
1005975,HKEX-FSR,144368,False
1005975,HKEX-FSR,144372,False
1005975,HKEX-FSR,144373,False
1005975,HKEX-FSR,144371,False
1005975,HKEX-FSR,144377,False
1005975,HKEX-FSR,144369,False
1005975,HKEX-FSR,144376,False
1005975,HKEX-FSR,144374,False
1005975,HKEX-INA,148453,False
1005975,HKEX-INA,148452,False
1005975,HKEX-INA,148451,False
1005975,HKEX-INA,148450,False
1005975,HKEX-INA,148446,False
1005975,HKEX-INA,148445,False
1005975,HKEX-INA,148454,False
1005975,HKEX-INA,148449,False
1005975,HKEX-INA,148448,False
1005975,HKEX-INA,148447,False
1005975,HKEX-JNAF,142590,False
1005975,HKEX-JNAF,142589,False
1005975,HKEX-JNAF,142587,False
1005975,HKEX-JNAF,142585,False
1005975,HKEX-JNAF,142583,False
1005975,HKEX-JNAF,142581,False
1005975,HKEX-JNAF,142586,False
1005975,HKEX-JNAF,142582,False
1005975,HKEX-JNAF,142584,False
1005975,HKEX-JNAF,142588,False
1005976,HKEX-KOTD,152986,False
1005976,HKEX-KOTD,152985,False
1005976,HKEX-KOTD,152984,False
1005976,HKEX-KOTD,152983,False
1005976,HKEX-KOTD,152982,False
1005976,HKEX-KOTD,152980,False
1005976,HKEX-KOTD,152978,False
1005976,HKEX-KOTD,152981,False
1005976,HKEX-KOTD,152977,False
1005976,HKEX-KOTD,152979,False
1005976,HKEX-MDKA,148653,False
1005976,HKEX-MDKA,148652,False
1005976,HKEX-MDKA,148648,False
1005976,HKEX-MDKA,148646,False
1005976,HKEX-MDKA,148645,False
1005976,HKEX-MDKA,148644,False
1005976,HKEX-MDKA,148647,False
1005976,HKEX-MDKA,148649,False
1005976,HKEX-MDKA,148650,False
1005976,HKEX-MDKA,148651,False
1005976,HKEX-OIT,134612,False
1005976,HKEX-OIT,134610,False
1005976,HKEX-OIT,134607,False
1005976,HKEX-OIT,134606,False
1005976,HKEX-OIT,134605,False
1005976,HKEX-OIT,134604,False
1005976,HKEX-OIT,134609,False
1005976,HKEX-OIT,134608,False
1005977,HKEX-OIT,134603,False
1005978,HKEX-OIT,134611,False
1005978,HKEX-SIMP,157939,False
1005978,HKEX-SIMP,157937,False
1005978,HKEX-SIMP,157936,False
1005978,HKEX-SIMP,157935,False
1005978,HKEX-SIMP,157932,False
1005978,HKEX-SIMP,157931,False
1005978,HKEX-SIMP,157930,False
1005978,HKEX-SIMP,157933,False
1005978,HKEX-SIMP,157934,False
1005978,HKEX-SIMP,157938,False
1005978,HKEX-XFR,134528,False
1005978,HKEX-XFR,134526,False
1005978,HKEX-XFR,134524,False
1005978,HKEX-XFR,134530,False
1005978,HKEX-XFR,134521,False
1005979,HKEX-XFR,134525,False
1005979,HKEX-XFR,134529,False
1005979,HKEX-XFR,134523,False
1005979,HKEX-XFR,134527,False
1005979,HKEX-XFR,134522,False
1005981,HKEX-CARD,191174,False
1005981,HKEX-SIMP,157734,False
1005983,HKEX-CARD,191451,False
1006009,HKEX-DLKV,147161,False
1006012,HKEX-ETFB,143952,False
1006021,HKEX-ETFA,138345,False
1006026,HKEX-OIT,134625,False
1006047,HKEX-MDKA,148670,False
1006050,HKEX-CARD,191454,False
1006065,HKEX-ETFB,143955,False
1006067,HKEX-ETFB3,148929,False
1006067,HKEX-ETFB3,148927,False
1006067,HKEX-ETFB3,148925,False
1006067,HKEX-ETFB3,148923,False
1006067,HKEX-ETFB3,148922,False
1006067,HKEX-ETFB3,148921,False
1006067,HKEX-ETFB3,148926,False
1006067,HKEX-ETFB3,148924,False
1006067,HKEX-ETFB3,148928,False
1006068,HKEX-ETFB,143947,False
1006068,HKEX-ETFB,143945,False
1006068,HKEX-ETFB,143944,False
1006069,HKEX-ETFB,143942,False
1006069,HKEX-ETFB,143941,False
1006069,HKEX-ETFB,143948,False
1006069,HKEX-ETFB,143946,False
1006070,HKEX-ETFB,143943,False
1006070,HKEX-ETFA,138344,False
1006070,HKEX-ETFA,138343,False
1006070,HKEX-ETFA,138342,False
1006070,HKEX-ETFA,138341,False
1006070,HKEX-ETFA,138336,False
1006070,HKEX-ETFA,138335,False
1006071,HKEX-ETFA,138340,False
1006071,HKEX-ETFA,138338,False
1006072,HKEX-ETFA,138339,False
1006072,HKEX-ETFA,138337,False
1006074,HKEX-CARD,191448,False
1006074,HKEX-CARD,191446,False
1006074,HKEX-CARD,191450,False
1006075,HKEX-CARD,191441,False
1006075,HKEX-CARD,191447,False
1006075,HKEX-CARD,191442,False
1006075,HKEX-CARD,191445,False
1006075,HKEX-CARD,191449,False
1006075,HKEX-CARD,191444,False
1006075,HKEX-CARD,191443,False
1006075,HKEX-DLKV,147159,False
1006075,HKEX-DLKV,147156,False
1006075,HKEX-DLKV,147154,False
1006075,HKEX-DLKV,147153,False
1006075,HKEX-DLKV,147151,False
1006075,HKEX-DLKV,147152,False
1006075,HKEX-DLKV,147157,False
1006075,HKEX-DLKV,147155,False
1006075,HKEX-DLKV,147158,False
1006075,HKEX-DLKV,147160,False
1006076,HKEX-FSR,144388,False
1006076,HKEX-FSR,144386,False
1006076,HKEX-FSR,144384,False
1006076,HKEX-FSR,144382,False
1006076,HKEX-FSR,144391,False
1006076,HKEX-FSR,144389,False
1006076,HKEX-FSR,144387,False
1006076,HKEX-FSR,144385,False
1006076,HKEX-FSR,144390,False
1006076,HKEX-INA,148466,False
1006076,HKEX-INA,148465,False
1006076,HKEX-INA,148464,False
1006076,HKEX-INA,148462,False
1006076,HKEX-INA,148460,False
1006076,HKEX-INA,148457,False
1006076,HKEX-INA,148461,False
1006076,HKEX-INA,148459,False
1006076,HKEX-INA,148458,False
1006076,HKEX-INA,148463,False
1006076,HKEX-JNAF,142602,False
1006076,HKEX-JNAF,142601,False
1006076,HKEX-JNAF,142600,False
1006076,HKEX-JNAF,142599,False
1006076,HKEX-JNAF,142597,False
1006076,HKEX-JNAF,142595,False
1006076,HKEX-JNAF,142593,False
1006076,HKEX-JNAF,142594,False
1006076,HKEX-JNAF,142598,False
1006076,HKEX-JNAF,142596,False
1006077,HKEX-KOTD,152999,False
1006077,HKEX-KOTD,152998,False
1006077,HKEX-KOTD,152997,False
1006077,HKEX-KOTD,152996,False
1006077,HKEX-KOTD,152995,False
1006077,HKEX-KOTD,152993,False
1006077,HKEX-KOTD,152991,False
1006077,HKEX-KOTD,152994,False
1006077,HKEX-MDKA,148666,False
1006077,HKEX-MDKA,148664,False
1006077,HKEX-MDKA,148663,False
1006077,HKEX-MDKA,148662,False
1006077,HKEX-MDKA,148660,False
1006077,HKEX-MDKA,148658,False
1006077,HKEX-MDKA,148661,False
1006077,HKEX-MDKA,148667,False
1006077,HKEX-MDKA,148665,False
1006077,HKEX-MDKA,148659,False
1006077,HKEX-OIT,134622,False
1006077,HKEX-OIT,134620,False
1006077,HKEX-OIT,134618,False
1006077,HKEX-OIT,134616,False
1006077,HKEX-OIT,134615,False
1006077,HKEX-OIT,134624,False
1006078,HKEX-OIT,134623,False
1006078,HKEX-OIT,134617,False
1006078,HKEX-OIT,134619,False
1006078,HKEX-OIT,134621,False
1006079,HKEX-SIMP,157953,False
1006079,HKEX-SIMP,157951,False
1006079,HKEX-SIMP,157949,False
1006079,HKEX-SIMP,157948,False
1006079,HKEX-SIMP,157947,False
1006079,HKEX-SIMP,157946,False
1006079,HKEX-SIMP,157945,False
1006079,HKEX-SIMP,157944,False
1006079,HKEX-SIMP,157952,False
1006079,HKEX-SIMP,157950,False
1006079,HKEX-XFR,134537,False
1006079,HKEX-XFR,134535,False
1006079,HKEX-XFR,134532,False
1006079,HKEX-XFR,134534,False
1006080,HKEX-XFR,134536,False
1006080,HKEX-XFR,134538,False
1006080,HKEX-XFR,134540,False
1006080,HKEX-XFR,134533,False
1006080,HKEX-XFR,134539,False
1006090,HKEX-ETFB,143966,False
1006099,HKEX-MDKA,148681,False
1006100,HKEX-FSR,144406,False
1006101,HKEX-FSR,144407,False
1006102,HKEX-CARD,191468,False
1006107,HKEX-KOTD,153013,False
1006115,HKEX-CARD,191469,False
1006119,HKEX-ETFB3,148947,False
1006129,HKEX-OIT,134638,False
1006129,HKEX-KOTD,153014,False
1006131,HKEX-ETFA,138365,False
1006132,HKEX-INA,148478,False
1006144,HKEX-CARD,191470,False
1006147,HKEX-JNAF,142617,False
1006163,HKEX-ETFA,138366,False
1006165,HKEX-DLKV,147177,False
1006167,HKEX-ETFB3,148943,False
1006167,HKEX-ETFB3,148939,False
1006167,HKEX-ETFB3,148937,False
1006167,HKEX-ETFB3,148936,False
1006167,HKEX-ETFB3,148934,False
1006167,HKEX-ETFB3,148938,False
1006167,HKEX-ETFB3,148942,False
1006167,HKEX-ETFB3,148941,False
1006167,HKEX-ETFB3,148940,False
1006167,HKEX-ETFB3,148935,False
1006168,HKEX-ETFB,143965,False
1006168,HKEX-ETFB,143957,False
1006168,HKEX-ETFB,143962,False
1006168,HKEX-ETFB,143958,False
1006168,HKEX-ETFB,143956,False
1006168,HKEX-ETFB,143959,False
1006168,HKEX-ETFB,143964,False
1006168,HKEX-ETFB,143961,False
1006168,HKEX-ETFB,143963,False
1006169,HKEX-ETFB,143960,False
1006169,HKEX-ETFA,138356,False
1006169,HKEX-ETFA,138354,False
1006169,HKEX-ETFA,138350,False
1006170,HKEX-ETFA,138353,False
1006170,HKEX-ETFA,138358,False
1006170,HKEX-ETFA,138352,False
1006170,HKEX-ETFA,138355,False
1006170,HKEX-ETFA,138351,False
1006170,HKEX-ETFA,138357,False
1006172,HKEX-CARD,191464,False
1006172,HKEX-CARD,191462,False
1006172,HKEX-CARD,191459,False
1006172,HKEX-CARD,191457,False
1006172,HKEX-CARD,191460,False
1006172,HKEX-CARD,191455,False
1006172,HKEX-CARD,191461,False
1006172,HKEX-CARD,191463,False
1006172,HKEX-CARD,191458,False
1006172,HKEX-CARD,191456,False
1006173,HKEX-DLKV,147172,False
1006173,HKEX-DLKV,147171,False
1006173,HKEX-DLKV,147169,False
1006173,HKEX-DLKV,147167,False
1006173,HKEX-DLKV,147165,False
1006173,HKEX-DLKV,147164,False
1006173,HKEX-DLKV,147170,False
1006173,HKEX-DLKV,147166,False
1006173,HKEX-DLKV,147168,False
1006173,HKEX-FSR,144401,False
1006173,HKEX-FSR,144399,False
1006173,HKEX-FSR,144396,False
1006173,HKEX-FSR,144402,False
1006173,HKEX-FSR,144400,False
1006173,HKEX-FSR,144398,False
1006173,HKEX-FSR,144404,False
1006173,HKEX-FSR,144403,False
1006173,HKEX-FSR,144397,False
1006174,HKEX-INA,148477,False
1006174,HKEX-INA,148476,False
1006174,HKEX-INA,148475,False
1006174,HKEX-INA,148474,False
1006174,HKEX-INA,148473,False
1006174,HKEX-INA,148472,False
1006174,HKEX-INA,148471,False
1006174,HKEX-INA,148468,False
1006174,HKEX-INA,148469,False
1006174,HKEX-INA,148470,False
1006174,HKEX-JNAF,142615,False
1006174,HKEX-JNAF,142614,False
1006174,HKEX-JNAF,142613,False
1006174,HKEX-JNAF,142612,False
1006174,HKEX-JNAF,142606,False
1006174,HKEX-JNAF,142610,False
1006174,HKEX-JNAF,142608,False
1006174,HKEX-JNAF,142611,False
1006174,HKEX-JNAF,142607,False
1006174,HKEX-JNAF,142609,False
1006174,HKEX-KOTD,153010,False
1006174,HKEX-KOTD,153009,False
1006174,HKEX-KOTD,153008,False
1006174,HKEX-KOTD,153004,False
1006174,HKEX-KOTD,153012,False
1006174,HKEX-KOTD,153007,False
1006174,HKEX-KOTD,153006,False
1006174,HKEX-KOTD,153011,False
1006174,HKEX-KOTD,153005,False
1006174,HKEX-KOTD,153003,False
1006175,HKEX-MDKA,148679,False
1006175,HKEX-MDKA,148678,False
1006175,HKEX-MDKA,148677,False
1006175,HKEX-MDKA,148676,False
1006175,HKEX-MDKA,148675,False
1006175,HKEX-MDKA,148673,False
1006175,HKEX-MDKA,148680,False
1006175,HKEX-MDKA,148674,False
1006175,HKEX-MDKA,148672,False
1006175,HKEX-OIT,134634,False
1006175,HKEX-OIT,134632,False
1006175,HKEX-OIT,134631,False
1006175,HKEX-OIT,134630,False
1006175,HKEX-OIT,134629,False
1006175,HKEX-OIT,134628,False
1006175,HKEX-OIT,134626,False
1006175,HKEX-OIT,134627,False
1006175,HKEX-OIT,134635,False
1006175,HKEX-OIT,134633,False
1006176,HKEX-SIMP,157968,False
1006176,HKEX-SIMP,157966,False
1006176,HKEX-SIMP,157965,False
1006176,HKEX-SIMP,157964,False
1006176,HKEX-SIMP,157963,False
1006176,HKEX-SIMP,157962,False
1006176,HKEX-SIMP,157967,False
1006176,HKEX-SIMP,157960,False
1006176,HKEX-XFR,134550,False
1006176,HKEX-XFR,134548,False
1006176,HKEX-XFR,134547,False
1006176,HKEX-XFR,134546,False
1006176,HKEX-XFR,134545,False
1006176,HKEX-XFR,134543,False
1006176,HKEX-XFR,134551,False
1006176,HKEX-XFR,134544,False
1006177,HKEX-XFR,134542,False
1006177,HKEX-XFR,134549,False
1006185,HKEX-ETFB3,148960,False
1006185,HKEX-CARD,191485,False
1006194,HKEX-KOTD,153027,False
1006199,HKEX-FSR,144418,False
1006201,HKEX-SIMP,157983,False
1006207,HKEX-SIMP,157984,False
1006216,HKEX-ETFB,143985,False
1006226,HKEX-SIMP,157986,False
1006240,HKEX-SIMP,157987,False
1058864,HKEX-ETFB3,156327,False
1058864,HKEX-ETFB3,156325,False
1058864,HKEX-ETFB3,156323,False
1058864,HKEX-ETFB3,156322,False
1058864,HKEX-ETFB3,156328,False
1058864,HKEX-ETFB3,156321,False
1058865,HKEX-ETFB3,156324,False
1058865,HKEX-ETFB3,156320,False
1058865,HKEX-ETFB3,156319,False
1058865,HKEX-ETFB3,156326,False
1058866,HKEX-ETFB,151075,False
1058866,HKEX-ETFB,151074,False
1058866,HKEX-ETFB,151073,False
1058866,HKEX-ETFB,151071,False
1058866,HKEX-ETFB,151070,False
1058866,HKEX-ETFB,151076,False
1058866,HKEX-ETFB,151069,False
1058866,HKEX-ETFB,151077,False
1058866,HKEX-ETFB,151078,False
1058866,HKEX-ETFB,151072,False
1058867,HKEX-ETFA,145089,False
1058867,HKEX-ETFA,145088,False
1058867,HKEX-ETFA,145086,False
1058867,HKEX-ETFA,145085,False
1058867,HKEX-ETFA,145084,False
1058867,HKEX-ETFA,145081,False
1058867,HKEX-ETFA,145080,False
1058867,HKEX-ETFA,145087,False
1058868,HKEX-ETFA,145083,False
1058869,HKEX-ETFA,145082,False
1058870,HKEX-CARD,200538,False
1058870,HKEX-CARD,200537,False
1058870,HKEX-CARD,200536,False
1058870,HKEX-CARD,200535,False
1058870,HKEX-CARD,200533,False
1058870,HKEX-CARD,200532,False
1058870,HKEX-CARD,200531,False
1058870,HKEX-CARD,200530,False
1058870,HKEX-CARD,200534,False
1058870,HKEX-CARD,200529,False
1058871,HKEX-DLKV,154504,False
1058871,HKEX-DLKV,154502,False
1058871,HKEX-DLKV,154501,False
1058871,HKEX-DLKV,154500,False
1058871,HKEX-DLKV,154496,False
1058871,HKEX-DLKV,154498,False
1058871,HKEX-DLKV,154499,False
1058871,HKEX-DLKV,154495,False
1058871,HKEX-DLKV,154503,False
1058871,HKEX-DLKV,154497,False
1058871,HKEX-FSR,151267,False
1058871,HKEX-FSR,151263,False
1058871,HKEX-FSR,151266,False
1058871,HKEX-FSR,151264,False
1058871,HKEX-FSR,151259,False
1058871,HKEX-FSR,151265,False
1058871,HKEX-FSR,151261,False
1058871,HKEX-FSR,151260,False
1058871,HKEX-FSR,151262,False
1058871,HKEX-FSR,151258,False
1058871,HKEX-INA,155747,False
1058871,HKEX-INA,155745,False
1058871,HKEX-INA,155743,False
1058871,HKEX-INA,155741,False
1058871,HKEX-INA,155739,False
1058871,HKEX-INA,155746,False
1058871,HKEX-INA,155742,False
1058871,HKEX-INA,155740,False
1058871,HKEX-INA,155744,False
1058871,HKEX-JNAF,149782,False
1058871,HKEX-JNAF,149780,False
1058871,HKEX-JNAF,149778,False
1058871,HKEX-JNAF,149776,False
1058871,HKEX-JNAF,149777,False
1058871,HKEX-JNAF,149779,False
1058871,HKEX-JNAF,149781,False
1058871,HKEX-JNAF,149775,False
1058871,HKEX-JNAF,149783,False
1058871,HKEX-JNAF,149784,False
1058872,HKEX-KOTD,160396,False
1058872,HKEX-KOTD,160394,False
1058872,HKEX-KOTD,160392,False
1058872,HKEX-KOTD,160391,False
1058872,HKEX-KOTD,160388,False
1058872,HKEX-KOTD,160390,False
1058872,HKEX-KOTD,160387,False
1058872,HKEX-KOTD,160389,False
1058872,HKEX-KOTD,160393,False
1058872,HKEX-KOTD,160395,False
1058872,HKEX-MDKA,156367,False
1058872,HKEX-MDKA,156365,False
1058872,HKEX-MDKA,156363,False
1058872,HKEX-MDKA,156360,False
1058872,HKEX-MDKA,156359,False
1058872,HKEX-MDKA,156361,False
1058872,HKEX-MDKA,156358,False
1058872,HKEX-MDKA,156366,False
1058872,HKEX-MDKA,156362,False
1058872,HKEX-MDKA,156364,False
1058872,HKEX-OIT,141386,False
1058872,HKEX-OIT,141381,False
1058872,HKEX-OIT,141380,False
1058872,HKEX-OIT,141379,False
1058872,HKEX-OIT,141378,False
1058872,HKEX-OIT,141384,False
1058872,HKEX-OIT,141387,False
1058872,HKEX-OIT,141383,False
1058872,HKEX-OIT,141385,False
1058873,HKEX-OIT,141382,False
1058873,HKEX-SIMP,165102,False
1058873,HKEX-SIMP,165101,False
1058873,HKEX-SIMP,165100,False
1058873,HKEX-SIMP,165099,False
1058873,HKEX-SIMP,165097,False
1058873,HKEX-SIMP,165094,False
1058873,HKEX-SIMP,165093,False
1058873,HKEX-SIMP,165096,False
1058873,HKEX-SIMP,165098,False
1058873,HKEX-SIMP,165095,False
1058873,HKEX-XFR,140958,False
1058873,HKEX-XFR,140957,False
1058873,HKEX-XFR,140956,False
1058873,HKEX-XFR,140955,False
1058873,HKEX-XFR,140954,False
1058873,HKEX-XFR,140953,False
1058873,HKEX-XFR,140951,False
1058873,HKEX-XFR,140949,False
1058874,HKEX-XFR,140950,False
1058874,HKEX-XFR,140952,False
1058876,HKEX-SIMP,165117,False
1058892,HKEX-ETFA,145101,False
1058892,HKEX-ETFA,145102,False
1058895,HKEX-XFR,140973,False
1058899,HKEX-ETFB3,156344,False
1058900,HKEX-XFR,140974,False
1058915,HKEX-DLKV,154523,False
1058931,HKEX-MDKA,156385,False
1058943,HKEX-KOTD,160412,False
1058943,HKEX-DLKV,154524,False
1058945,HKEX-SIMP,165119,False
1058948,HKEX-SIMP,165120,False
1058967,HKEX-ETFB3,156340,False
1058967,HKEX-ETFB3,156337,False
1058967,HKEX-ETFB3,156336,False
1058967,HKEX-ETFB3,156333,False
1058967,HKEX-ETFB3,156332,False
1058967,HKEX-ETFB3,156339,False
1058967,HKEX-ETFB3,156334,False
1058967,HKEX-ETFB3,156335,False
1058968,HKEX-ETFB3,156338,False
1058969,HKEX-ETFB,151091,False
1058969,HKEX-ETFB,151090,False
1058969,HKEX-ETFB,151089,False
1058969,HKEX-ETFB,151084,False
1058969,HKEX-ETFB,151083,False
1058969,HKEX-ETFB,151088,False
1058969,HKEX-ETFB,151082,False
1058969,HKEX-ETFB,151085,False
1058969,HKEX-ETFB,151086,False
1058970,HKEX-ETFB,151087,False
1058970,HKEX-ETFA,145100,False
1058970,HKEX-ETFA,145091,False
1058971,HKEX-ETFA,145095,False
1058971,HKEX-ETFA,145092,False
1058971,HKEX-ETFA,145099,False
1058971,HKEX-ETFA,145093,False
1058972,HKEX-ETFA,145098,False
1058972,HKEX-ETFA,145094,False
1058973,HKEX-ETFA,145096,False
1058973,HKEX-ETFA,145097,False
1058974,HKEX-CARD,200549,False
1058974,HKEX-CARD,200548,False
1058974,HKEX-CARD,200546,False
1058974,HKEX-CARD,200544,False
1058974,HKEX-CARD,200542,False
1058974,HKEX-CARD,200540,False
1058974,HKEX-CARD,200547,False
1058974,HKEX-CARD,200545,False
1058975,HKEX-CARD,200543,False
1058975,HKEX-CARD,200541,False
1058976,HKEX-DLKV,154519,False
1058976,HKEX-DLKV,154518,False
1058976,HKEX-DLKV,154516,False
1058976,HKEX-DLKV,154512,False
1058976,HKEX-DLKV,154511,False
1058976,HKEX-DLKV,154510,False
1058976,HKEX-DLKV,154514,False
1058976,HKEX-DLKV,154515,False
1058976,HKEX-DLKV,154517,False
1058976,HKEX-DLKV,154513,False
1058976,HKEX-FSR,151278,False
1058976,HKEX-FSR,151277,False
1058976,HKEX-FSR,151275,False
1058976,HKEX-FSR,151274,False
1058976,HKEX-FSR,151272,False
1058976,HKEX-FSR,151270,False
1058976,HKEX-FSR,151276,False
1058976,HKEX-FSR,151269,False
1058976,HKEX-FSR,151273,False
1058976,HKEX-FSR,151271,False
1058976,HKEX-INA,155765,False
1058976,HKEX-INA,155764,False
1058976,HKEX-INA,155763,False
1058976,HKEX-INA,155762,False
1058976,HKEX-INA,155761,False
1058976,HKEX-INA,155757,False
1058976,HKEX-INA,155760,False
1058976,HKEX-INA,155759,False
1058976,HKEX-INA,155756,False
1058976,HKEX-INA,155758,False
1058977,HKEX-JNAF,149796,False
1058977,HKEX-JNAF,149794,False
1058977,HKEX-JNAF,149789,False
1058977,HKEX-JNAF,149790,False
1058977,HKEX-JNAF,149788,False
1058977,HKEX-JNAF,149793,False
1058977,HKEX-JNAF,149795,False
1058977,HKEX-JNAF,149792,False
1058977,HKEX-JNAF,149791,False
1058977,HKEX-JNAF,149797,False
1058977,HKEX-KOTD,160408,False
1058977,HKEX-KOTD,160406,False
1058977,HKEX-KOTD,160402,False
1058977,HKEX-KOTD,160404,False
1058977,HKEX-KOTD,160410,False
1058977,HKEX-KOTD,160401,False
1058977,HKEX-KOTD,160403,False
1058977,HKEX-KOTD,160407,False
1058977,HKEX-KOTD,160409,False
1058977,HKEX-KOTD,160405,False
1058977,HKEX-MDKA,156384,False
1058977,HKEX-MDKA,156381,False
1058977,HKEX-MDKA,156378,False
1058977,HKEX-MDKA,156377,False
1058977,HKEX-MDKA,156376,False
1058977,HKEX-MDKA,156379,False
1058977,HKEX-MDKA,156382,False
1058977,HKEX-MDKA,156380,False
1058977,HKEX-MDKA,156375,False
1058977,HKEX-MDKA,156383,False
1058977,HKEX-OIT,141396,False
1058977,HKEX-OIT,141394,False
1058977,HKEX-OIT,141392,False
1058977,HKEX-OIT,141391,False
1058977,HKEX-OIT,141389,False
1058977,HKEX-OIT,141388,False
1058978,HKEX-OIT,141397,False
1058978,HKEX-OIT,141393,False
1058978,HKEX-OIT,141395,False
1058978,HKEX-OIT,141390,False
1058979,HKEX-SIMP,165116,False
1058979,HKEX-SIMP,165115,False
1058979,HKEX-SIMP,165114,False
1058979,HKEX-SIMP,165113,False
1058979,HKEX-SIMP,165112,False
1058979,HKEX-SIMP,165110,False
1058979,HKEX-SIMP,165109,False
1058979,HKEX-SIMP,165108,False
1058979,HKEX-SIMP,165111,False
1058979,HKEX-SIMP,165107,False
1058979,HKEX-XFR,140971,False
1058979,HKEX-XFR,140970,False
1058979,HKEX-XFR,140969,False
1058979,HKEX-XFR,140968,False
1058979,HKEX-XFR,140967,False
1058979,HKEX-XFR,140965,False
1058979,HKEX-XFR,140964,False
1058980,HKEX-XFR,140963,False
1058980,HKEX-XFR,140966,False
1058980,HKEX-XFR,140962,False
1058982,HKEX-ETFB,151104,False
1058982,HKEX-ETFB3,156357,False
1058982,HKEX-SIMP,165134,False
1058987,HKEX-DLKV,154535,False
1058993,HKEX-DLKV,154536,False
1058995,HKEX-MDKA,156396,False
1059010,HKEX-XFR,140986,False
1059010,HKEX-ETFA,145113,False
1059012,HKEX-KOTD,160425,False
1059012,HKEX-FSR,151290,False
1059026,HKEX-MDKA,156398,False
1059031,HKEX-SIMP,165135,False
1059034,HKEX-SIMP,165136,False
1059043,HKEX-ETFB3,156360,False
1059045,HKEX-INA,155780,False
1059064,HKEX-ETFB3,156354,False
1059064,HKEX-ETFB3,156352,False
1059064,HKEX-ETFB3,156350,False
1059064,HKEX-ETFB3,156349,False
1059064,HKEX-ETFB3,156347,False
1059064,HKEX-ETFB3,156356,False
1059064,HKEX-ETFB3,156351,False
1059064,HKEX-ETFB3,156353,False
1059064,HKEX-ETFB3,156348,False
1059064,HKEX-ETFB3,156355,False
1059065,HKEX-ETFB,151103,False
1059065,HKEX-ETFB,151102,False
1059065,HKEX-ETFB,151101,False
1059065,HKEX-ETFB,151097,False
1059065,HKEX-ETFB,151095,False
1059066,HKEX-ETFB,151098,False
1059066,HKEX-ETFB,151096,False
1059066,HKEX-ETFB,151094,False
1059066,HKEX-ETFB,151100,False
1059066,HKEX-ETFB,151099,False
1059067,HKEX-ETFA,145112,False
1059067,HKEX-ETFA,145110,False
1059067,HKEX-ETFA,145107,False
1059067,HKEX-ETFA,145111,False
1059067,HKEX-ETFA,145104,False
1059068,HKEX-ETFA,145103,False
1059068,HKEX-ETFA,145109,False
1059069,HKEX-ETFA,145106,False
1059069,HKEX-ETFA,145108,False
1059069,HKEX-ETFA,145105,False
1059071,HKEX-CARD,200562,False
1059071,HKEX-CARD,200561,False
1059071,HKEX-CARD,200559,False
1059071,HKEX-CARD,200558,False
1059071,HKEX-CARD,200557,False
1059071,HKEX-CARD,200556,False
1059071,HKEX-CARD,200555,False
1059071,HKEX-CARD,200560,False
1059072,HKEX-CARD,200554,False
1059072,HKEX-CARD,200563,False
1059072,HKEX-DLKV,154533,False
1059072,HKEX-DLKV,154531,False
1059072,HKEX-DLKV,154528,False
1059072,HKEX-DLKV,154526,False
1059072,HKEX-DLKV,154525,False
1059072,HKEX-DLKV,154530,False
1059072,HKEX-DLKV,154534,False
1059072,HKEX-DLKV,154529,False
1059072,HKEX-DLKV,154527,False
1059072,HKEX-DLKV,154532,False
1059072,HKEX-FSR,151289,False
1059072,HKEX-FSR,151287,False
1059072,HKEX-FSR,151282,False
1059072,HKEX-FSR,151281,False
1059072,HKEX-FSR,151280,False
1059073,HKEX-FSR,151285,False
1059073,HKEX-FSR,151283,False
1059073,HKEX-FSR,151284,False
1059073,HKEX-FSR,151288,False
1059073,HKEX-FSR,151286,False
1059073,HKEX-INA,155776,False
1059073,HKEX-INA,155775,False
1059073,HKEX-INA,155773,False
1059073,HKEX-INA,155772,False
1059073,HKEX-INA,155770,False
1059073,HKEX-INA,155771,False
1059073,HKEX-INA,155779,False
1059073,HKEX-INA,155778,False
1059073,HKEX-INA,155774,False
1059073,HKEX-INA,155777,False
1059073,HKEX-JNAF,149810,False
1059073,HKEX-JNAF,149808,False
1059073,HKEX-JNAF,149806,False
1059073,HKEX-JNAF,149804,False
1059073,HKEX-JNAF,149802,False
1059073,HKEX-JNAF,149803,False
1059073,HKEX-JNAF,149809,False
1059073,HKEX-JNAF,149807,False
1059073,HKEX-JNAF,149805,False
1059073,HKEX-JNAF,149811,False
1059073,HKEX-KOTD,160423,False
1059073,HKEX-KOTD,160421,False
1059073,HKEX-KOTD,160416,False
1059073,HKEX-KOTD,160415,False
1059073,HKEX-KOTD,160414,False
1059074,HKEX-KOTD,160422,False
1059074,HKEX-KOTD,160420,False
1059074,HKEX-KOTD,160418,False
1059074,HKEX-KOTD,160417,False
1059074,HKEX-KOTD,160419,False
1059074,HKEX-MDKA,156395,False
1059074,HKEX-MDKA,156394,False
1059074,HKEX-MDKA,156392,False
1059074,HKEX-MDKA,156390,False
1059074,HKEX-MDKA,156389,False
1059074,HKEX-MDKA,156388,False
1059074,HKEX-MDKA,156386,False
1059074,HKEX-MDKA,156387,False
1059074,HKEX-MDKA,156393,False
1059074,HKEX-MDKA,156391,False
1059074,HKEX-OIT,141409,False
1059074,HKEX-OIT,141408,False
1059074,HKEX-OIT,141407,False
1059074,HKEX-OIT,141406,False
1059074,HKEX-OIT,141405,False
1059074,HKEX-OIT,141403,False
1059074,HKEX-OIT,141402,False
1059074,HKEX-OIT,141401,False
1059074,HKEX-OIT,141400,False
1059074,HKEX-OIT,141404,False
1059076,HKEX-SIMP,165133,False
1059076,HKEX-SIMP,165132,False
1059076,HKEX-SIMP,165131,False
1059076,HKEX-SIMP,165129,False
1059076,HKEX-SIMP,165128,False
1059076,HKEX-SIMP,165126,False
1059076,HKEX-SIMP,165130,False
1059076,HKEX-SIMP,165127,False
1059076,HKEX-SIMP,165125,False
1059076,HKEX-XFR,140983,False
1059076,HKEX-XFR,140982,False
1059076,HKEX-XFR,140980,False
1059076,HKEX-XFR,140979,False
1059076,HKEX-XFR,140978,False
1059076,HKEX-XFR,140977,False
1059076,HKEX-XFR,140976,False
1059076,HKEX-XFR,140984,False
1059076,HKEX-XFR,140981,False
1059077,HKEX-XFR,140985,False
1059078,HKEX-SIMP,165148,False
1059104,HKEX-ETFB3,156373,False
1059104,HKEX-INA,155796,False
1059104,HKEX-SIMP,165149,False
1059104,HKEX-XFR,140999,False
1059107,HKEX-ETFB,151120,False
1059143,HKEX-ETFA,145125,False
1059143,HKEX-DLKV,154550,False
1059144,HKEX-INA,155798,False
1059144,HKEX-XFR,141001,False
1059149,HKEX-SIMP,165150,False
1059164,HKEX-ETFB3,156371,False
1059164,HKEX-ETFB3,156370,False
1059164,HKEX-ETFB3,156368,False
1059164,HKEX-ETFB3,156365,False
1059164,HKEX-ETFB3,156364,False
1059164,HKEX-ETFB3,156363,False
1059164,HKEX-ETFB3,156366,False
1059164,HKEX-ETFB3,156369,False
1059164,HKEX-ETFB3,156367,False
1059165,HKEX-ETFB,151112,False
1059165,HKEX-ETFB,151111,False
1059165,HKEX-ETFB,151110,False
1059165,HKEX-ETFB,151109,False
1059165,HKEX-ETFB,151115,False
1059165,HKEX-ETFB,151117,False
1059165,HKEX-ETFB,151113,False
1059165,HKEX-ETFB,151114,False
1059165,HKEX-ETFB,151116,False
1059166,HKEX-ETFB,151108,False
1059166,HKEX-ETFA,145124,False
1059166,HKEX-ETFA,145123,False
1059166,HKEX-ETFA,145122,False
1059166,HKEX-ETFA,145121,False
1059166,HKEX-ETFA,145118,False
1059166,HKEX-ETFA,145117,False
1059166,HKEX-ETFA,145116,False
1059167,HKEX-ETFA,145119,False
1059167,HKEX-ETFA,145115,False
1059168,HKEX-ETFA,145120,False
1059169,HKEX-CARD,200575,False
1059169,HKEX-CARD,200574,False
1059169,HKEX-CARD,200573,False
1059169,HKEX-CARD,200572,False
1059169,HKEX-CARD,200571,False
1059169,HKEX-CARD,200570,False
1059169,HKEX-CARD,200569,False
1059169,HKEX-CARD,200566,False
1059169,HKEX-CARD,200567,False
1059169,HKEX-CARD,200568,False
1059170,HKEX-DLKV,154548,False
1059170,HKEX-DLKV,154547,False
1059170,HKEX-DLKV,154545,False
1059170,HKEX-DLKV,154541,False
1059170,HKEX-DLKV,154546,False
1059170,HKEX-DLKV,154544,False
1059170,HKEX-DLKV,154539,False
1059170,HKEX-DLKV,154542,False
1059170,HKEX-DLKV,154543,False
1059170,HKEX-DLKV,154540,False
1059170,HKEX-FSR,151299,False
1059170,HKEX-FSR,151297,False
1059170,HKEX-FSR,151296,False
1059170,HKEX-FSR,151294,False
1059170,HKEX-FSR,151293,False
1059170,HKEX-FSR,151292,False
1059170,HKEX-FSR,151291,False
1059170,HKEX-FSR,151295,False
1059170,HKEX-FSR,151298,False
1059170,HKEX-FSR,151300,False
1059170,HKEX-INA,155793,False
1059170,HKEX-INA,155792,False
1059170,HKEX-INA,155791,False
1059170,HKEX-INA,155790,False
1059170,HKEX-INA,155788,False
1059170,HKEX-INA,155787,False
1059170,HKEX-INA,155784,False
1059170,HKEX-INA,155785,False
1059170,HKEX-INA,155786,False
1059170,HKEX-INA,155789,False
1059170,HKEX-JNAF,149820,False
1059170,HKEX-JNAF,149818,False
1059170,HKEX-JNAF,149817,False
1059170,HKEX-JNAF,149816,False
1059170,HKEX-JNAF,149815,False
1059171,HKEX-JNAF,149814,False
1059171,HKEX-JNAF,149813,False
1059171,HKEX-JNAF,149812,False
1059171,HKEX-JNAF,149819,False
1059171,HKEX-JNAF,149821,False
1059171,HKEX-KOTD,160437,False
1059171,HKEX-KOTD,160435,False
1059171,HKEX-KOTD,160434,False
1059171,HKEX-KOTD,160431,False
1059171,HKEX-KOTD,160429,False
1059171,HKEX-KOTD,160436,False
1059171,HKEX-KOTD,160433,False
1059171,HKEX-KOTD,160432,False
1059171,HKEX-KOTD,160428,False
1059171,HKEX-KOTD,160430,False
1059171,HKEX-MDKA,156406,False
1059171,HKEX-MDKA,156405,False
1059171,HKEX-MDKA,156403,False
1059171,HKEX-MDKA,156402,False
1059171,HKEX-MDKA,156401,False
1059171,HKEX-MDKA,156400,False
1059171,HKEX-MDKA,156399,False
1059171,HKEX-MDKA,156404,False
1059171,HKEX-MDKA,156408,False
1059171,HKEX-MDKA,156407,False
1059171,HKEX-OIT,141419,False
1059171,HKEX-OIT,141415,False
1059171,HKEX-OIT,141414,False
1059171,HKEX-OIT,141412,False
1059171,HKEX-OIT,141410,False
1059171,HKEX-OIT,141417,False
1059171,HKEX-OIT,141416,False
1059171,HKEX-OIT,141418,False
1059172,HKEX-OIT,141413,False
1059172,HKEX-OIT,141411,False
1059172,HKEX-SIMP,165147,False
1059172,HKEX-SIMP,165142,False
1059172,HKEX-SIMP,165138,False
1059172,HKEX-SIMP,165146,False
1059172,HKEX-SIMP,165144,False
1059172,HKEX-SIMP,165140,False
1059172,HKEX-SIMP,165141,False
1059172,HKEX-SIMP,165143,False
1059172,HKEX-SIMP,165139,False
1059172,HKEX-SIMP,165145,False
1059173,HKEX-XFR,140997,False
1059173,HKEX-XFR,140995,False
1059173,HKEX-XFR,140994,False
1059173,HKEX-XFR,140990,False
1059173,HKEX-XFR,140993,False
1059173,HKEX-XFR,140991,False
1059173,HKEX-XFR,140992,False
1059173,HKEX-XFR,140988,False
1059173,HKEX-XFR,140996,False
1059173,HKEX-XFR,140989,False
1059180,HKEX-CARD,200588,False
1059205,HKEX-CARD,200589,False
1059211,HKEX-ETFB,151133,False
1059211,HKEX-ETFA,145136,False
1059211,HKEX-INA,155810,False
1059211,HKEX-CARD,200590,False
1059240,HKEX-CARD,200591,False
1059267,HKEX-ETFB3,156387,False
1059267,HKEX-ETFB3,156385,False
1059267,HKEX-ETFB3,156384,False
1059267,HKEX-ETFB3,156383,False
1059267,HKEX-ETFB3,156382,False
1059267,HKEX-ETFB3,156380,False
1059268,HKEX-ETFB3,156388,False
1059268,HKEX-ETFB3,156381,False
1059268,HKEX-ETFB3,156386,False
1059268,HKEX-ETFB3,156389,False
1059268,HKEX-ETFB,151130,False
1059268,HKEX-ETFB,151129,False
1059268,HKEX-ETFB,151128,False
1059268,HKEX-ETFB,151127,False
1059268,HKEX-ETFB,151126,False
1059268,HKEX-ETFB,151125,False
1059268,HKEX-ETFB,151123,False
1059269,HKEX-ETFB,151122,False
1059269,HKEX-ETFB,151121,False
1059269,HKEX-ETFB,151124,False
1059270,HKEX-ETFA,145131,False
1059270,HKEX-ETFA,145126,False
1059270,HKEX-ETFA,145134,False
1059271,HKEX-ETFA,145135,False
1059271,HKEX-ETFA,145129,False
1059271,HKEX-ETFA,145127,False
1059272,HKEX-ETFA,145132,False
1059272,HKEX-ETFA,145128,False
1059272,HKEX-ETFA,145130,False
1059272,HKEX-ETFA,145133,False
1059274,HKEX-CARD,200587,False
1059274,HKEX-CARD,200582,False
1059274,HKEX-CARD,200586,False
1059274,HKEX-CARD,200584,False
1059274,HKEX-CARD,200579,False
1059274,HKEX-CARD,200578,False
1059274,HKEX-CARD,200580,False
1059275,HKEX-CARD,200581,False
1059275,HKEX-CARD,200583,False
1059275,HKEX-CARD,200585,False
1059275,HKEX-DLKV,154560,False
1059275,HKEX-DLKV,154558,False
1059275,HKEX-DLKV,154557,False
1059275,HKEX-DLKV,154556,False
1059275,HKEX-DLKV,154554,False
1059275,HKEX-DLKV,154552,False
1059275,HKEX-DLKV,154553,False
1059275,HKEX-DLKV,154551,False
1059275,HKEX-DLKV,154559,False
1059275,HKEX-DLKV,154555,False
1059275,HKEX-FSR,151311,False
1059275,HKEX-FSR,151309,False
1059275,HKEX-FSR,151307,False
1059275,HKEX-FSR,151304,False
1059275,HKEX-FSR,151302,False
1059275,HKEX-FSR,151305,False
1059275,HKEX-FSR,151308,False
1059275,HKEX-FSR,151303,False
1059275,HKEX-FSR,151306,False
1059275,HKEX-FSR,151310,False
1059276,HKEX-INA,155808,False
1059276,HKEX-INA,155807,False
1059276,HKEX-INA,155806,False
1059276,HKEX-INA,155805,False
1059276,HKEX-INA,155804,False
1059276,HKEX-INA,155802,False
1059276,HKEX-INA,155800,False
1059276,HKEX-INA,155803,False
1059276,HKEX-INA,155801,False
1059276,HKEX-INA,155809,False
1059276,HKEX-JNAF,149836,False
1059276,HKEX-JNAF,149832,False
1059276,HKEX-JNAF,149830,False
1059276,HKEX-JNAF,149829,False
1059276,HKEX-JNAF,149828,False
1059276,HKEX-JNAF,149834,False
1059276,HKEX-JNAF,149833,False
1059276,HKEX-JNAF,149835,False
1059276,HKEX-JNAF,149831,False
1059276,HKEX-JNAF,149837,False
1059276,HKEX-KOTD,160448,False
1059276,HKEX-KOTD,160446,False
1059276,HKEX-KOTD,160445,False
1059276,HKEX-KOTD,160443,False
1059276,HKEX-KOTD,160441,False
1059276,HKEX-KOTD,160444,False
1059276,HKEX-KOTD,160447,False
1059276,HKEX-KOTD,160449,False
1059276,HKEX-KOTD,160442,False
1059276,HKEX-MDKA,156423,False
1059277,HKEX-MDKA,156422,False
1059277,HKEX-MDKA,156421,False
1059277,HKEX-MDKA,156418,False
1059277,HKEX-MDKA,156416,False
1059277,HKEX-MDKA,156415,False
1059277,HKEX-MDKA,156414,False
1059277,HKEX-MDKA,156420,False
1059277,HKEX-MDKA,156419,False
1059277,HKEX-MDKA,156417,False
1059277,HKEX-OIT,141431,False
1059277,HKEX-OIT,141430,False
1059277,HKEX-OIT,141429,False
1059277,HKEX-OIT,141427,False
1059277,HKEX-OIT,141426,False
1059277,HKEX-OIT,141425,False
1059277,HKEX-OIT,141424,False
1059277,HKEX-OIT,141423,False
1059277,HKEX-OIT,141422,False
1059277,HKEX-OIT,141428,False
1059278,HKEX-SIMP,165161,False
1059278,HKEX-SIMP,165160,False
1059278,HKEX-SIMP,165159,False
1059278,HKEX-SIMP,165158,False
1059278,HKEX-SIMP,165157,False
1059278,HKEX-SIMP,165156,False
1059278,HKEX-SIMP,165153,False
1059279,HKEX-SIMP,165155,False
1059279,HKEX-XFR,141014,False
1059279,HKEX-XFR,141012,False
1059279,HKEX-XFR,141009,False
1059279,HKEX-XFR,141008,False
1059279,HKEX-XFR,141007,False
1059279,HKEX-XFR,141010,False
1059279,HKEX-XFR,141011,False
1059279,HKEX-XFR,141006,False
1059280,HKEX-XFR,141015,False
1059280,HKEX-XFR,141013,False
1059283,HKEX-ETFB,151146,False
1059286,HKEX-KOTD,160463,False
1059286,HKEX-MDKA,156437,False
1059287,HKEX-ETFB3,156406,False
1059287,HKEX-FSR,151323,False
1059292,HKEX-ETFA,145148,False
1059313,HKEX-XFR,141026,False
1059317,HKEX-ETFB3,156407,False
1059337,HKEX-FSR,151324,False
1059342,HKEX-ETFB3,156408,False
1059343,HKEX-INA,155825,False
1059369,HKEX-ETFB3,156405,False
1059369,HKEX-ETFB3,156404,False
1059369,HKEX-ETFB3,156401,False
1059369,HKEX-ETFB3,156400,False
1059369,HKEX-ETFB3,156399,False
1059369,HKEX-ETFB3,156398,False
1059369,HKEX-ETFB3,156403,False
1059369,HKEX-ETFB3,156397,False
1059370,HKEX-ETFB3,156402,False
1059370,HKEX-ETFB3,156396,False
1059370,HKEX-ETFB,151145,False
1059370,HKEX-ETFB,151144,False
1059370,HKEX-ETFB,151142,False
1059370,HKEX-ETFB,151138,False
1059370,HKEX-ETFB,151137,False
1059370,HKEX-ETFB,151136,False
1059370,HKEX-ETFB,151143,False
1059370,HKEX-ETFB,151140,False
1059371,HKEX-ETFB,151141,False
1059371,HKEX-ETFB,151139,False
1059372,HKEX-ETFA,145139,False
1059372,HKEX-ETFA,145138,False
1059372,HKEX-ETFA,145147,False
1059372,HKEX-ETFA,145146,False
1059372,HKEX-ETFA,145144,False
1059372,HKEX-ETFA,145140,False
1059373,HKEX-ETFA,145145,False
1059374,HKEX-ETFA,145141,False
1059374,HKEX-ETFA,145143,False
1059374,HKEX-ETFA,145142,False
1059376,HKEX-CARD,200603,False
1059376,HKEX-CARD,200602,False
1059376,HKEX-CARD,200600,False
1059376,HKEX-CARD,200598,False
1059376,HKEX-CARD,200597,False
1059376,HKEX-CARD,200596,False
1059376,HKEX-CARD,200595,False
1059377,HKEX-CARD,200599,False
1059377,HKEX-CARD,200601,False
1059377,HKEX-DLKV,154569,False
1059377,HKEX-DLKV,154564,False
1059377,HKEX-DLKV,154563,False
1059377,HKEX-DLKV,154565,False
1059377,HKEX-DLKV,154567,False
1059377,HKEX-DLKV,154570,False
1059377,HKEX-DLKV,154572,False
1059377,HKEX-DLKV,154566,False
1059377,HKEX-DLKV,154568,False
1059377,HKEX-DLKV,154571,False
1059377,HKEX-FSR,151321,False
1059377,HKEX-FSR,151320,False
1059377,HKEX-FSR,151319,False
1059377,HKEX-FSR,151318,False
1059377,HKEX-FSR,151317,False
1059377,HKEX-FSR,151322,False
1059377,HKEX-FSR,151316,False
1059378,HKEX-FSR,151314,False
1059378,HKEX-FSR,151313,False
1059378,HKEX-FSR,151315,False
1059378,HKEX-INA,155823,False
1059378,HKEX-INA,155822,False
1059378,HKEX-INA,155820,False
1059378,HKEX-INA,155818,False
1059378,HKEX-INA,155817,False
1059378,HKEX-INA,155816,False
1059378,HKEX-INA,155815,False
1059378,HKEX-INA,155819,False
1059378,HKEX-INA,155814,False
1059378,HKEX-INA,155821,False
1059378,HKEX-JNAF,149846,False
1059378,HKEX-JNAF,149845,False
1059378,HKEX-JNAF,149844,False
1059378,HKEX-JNAF,149842,False
1059378,HKEX-JNAF,149847,False
1059378,HKEX-JNAF,149849,False
1059378,HKEX-JNAF,149841,False
1059378,HKEX-JNAF,149843,False
1059378,HKEX-JNAF,149848,False
1059378,HKEX-JNAF,149850,False
1059378,HKEX-KOTD,160462,False
1059378,HKEX-KOTD,160460,False
1059378,HKEX-KOTD,160458,False
1059378,HKEX-KOTD,160456,False
1059378,HKEX-KOTD,160455,False
1059379,HKEX-KOTD,160453,False
1059379,HKEX-KOTD,160459,False
1059379,HKEX-KOTD,160461,False
1059379,HKEX-KOTD,160454,False
1059379,HKEX-KOTD,160457,False
1059379,HKEX-MDKA,156436,False
1059379,HKEX-MDKA,156435,False
1059379,HKEX-MDKA,156433,False
1059379,HKEX-MDKA,156432,False
1059379,HKEX-MDKA,156429,False
1059379,HKEX-MDKA,156428,False
1059379,HKEX-MDKA,156427,False
1059379,HKEX-MDKA,156431,False
1059379,HKEX-MDKA,156430,False
1059379,HKEX-MDKA,156434,False
1059379,HKEX-OIT,141442,False
1059379,HKEX-OIT,141441,False
1059379,HKEX-OIT,141439,False
1059379,HKEX-OIT,141437,False
1059379,HKEX-OIT,141436,False
1059379,HKEX-OIT,141434,False
1059379,HKEX-OIT,141433,False
1059379,HKEX-OIT,141435,False
1059380,HKEX-OIT,141440,False
1059380,HKEX-OIT,141438,False
1059381,HKEX-SIMP,165179,False
1059381,HKEX-SIMP,165177,False
1059381,HKEX-SIMP,165176,False
1059381,HKEX-SIMP,165175,False
1059381,HKEX-SIMP,165174,False
1059381,HKEX-SIMP,165173,False
1059381,HKEX-SIMP,165172,False
1059381,HKEX-SIMP,165171,False
1059381,HKEX-SIMP,165178,False
1059381,HKEX-XFR,141024,False
1059381,HKEX-XFR,141023,False
1059381,HKEX-XFR,141021,False
1059381,HKEX-XFR,141020,False
1059381,HKEX-XFR,141019,False
1059381,HKEX-XFR,141018,False
1059381,HKEX-XFR,141016,False
1059382,HKEX-XFR,141017,False
1059382,HKEX-XFR,141022,False
1059383,HKEX-XFR,141025,False
1059385,HKEX-CARD,200617,False
1059385,HKEX-MDKA,156452,False
1059400,HKEX-MDKA,156453,False
1059400,HKEX-OIT,141455,False
1059400,HKEX-SIMP,165196,False
1059400,HKEX-SIMP,165197,False
1059400,HKEX-SIMP,165198,False
1059429,HKEX-SIMP,165199,False
1059446,HKEX-ETFB3,156420,False
1059467,HKEX-ETFB3,156417,False
1059467,HKEX-ETFB3,156416,False
1059467,HKEX-ETFB3,156415,False
1059467,HKEX-ETFB3,156414,False
1059467,HKEX-ETFB3,156413,False
1059467,HKEX-ETFB3,156409,False
1059468,HKEX-ETFB3,156412,False
1059468,HKEX-ETFB3,156411,False
1059468,HKEX-ETFB3,156418,False
1059468,HKEX-ETFB3,156410,False
1059469,HKEX-ETFB,151156,False
1059469,HKEX-ETFB,151155,False
1059469,HKEX-ETFB,151154,False
1059469,HKEX-ETFB,151149,False
1059469,HKEX-ETFB,151148,False
1059469,HKEX-ETFB,151152,False
1059469,HKEX-ETFB,151147,False
1059469,HKEX-ETFB,151153,False
1059470,HKEX-ETFB,151151,False
1059470,HKEX-ETFB,151150,False
1059472,HKEX-ETFA,145157,False
1059472,HKEX-ETFA,145156,False
1059472,HKEX-ETFA,145151,False
1059472,HKEX-ETFA,145153,False
1059472,HKEX-ETFA,145149,False
1059472,HKEX-ETFA,145158,False
1059473,HKEX-ETFA,145155,False
1059473,HKEX-ETFA,145154,False
1059473,HKEX-ETFA,145152,False
1059473,HKEX-ETFA,145150,False
1059474,HKEX-CARD,200614,False
1059474,HKEX-CARD,200613,False
1059474,HKEX-CARD,200612,False
1059474,HKEX-CARD,200611,False
1059474,HKEX-CARD,200610,False
1059474,HKEX-CARD,200608,False
1059474,HKEX-CARD,200609,False
1059475,HKEX-CARD,200607,False
1059475,HKEX-CARD,200615,False
1059475,HKEX-DLKV,154583,False
1059475,HKEX-DLKV,154582,False
1059475,HKEX-DLKV,154581,False
1059475,HKEX-DLKV,154580,False
1059475,HKEX-DLKV,154579,False
1059475,HKEX-DLKV,154577,False
1059475,HKEX-DLKV,154575,False
1059475,HKEX-DLKV,154578,False
1059475,HKEX-DLKV,154574,False
1059475,HKEX-DLKV,154576,False
1059475,HKEX-FSR,151335,False
1059475,HKEX-FSR,151333,False
1059475,HKEX-FSR,151331,False
1059475,HKEX-FSR,151329,False
1059475,HKEX-FSR,151334,False
1059475,HKEX-FSR,151330,False
1059476,HKEX-FSR,151327,False
1059476,HKEX-FSR,151332,False
1059476,HKEX-FSR,151326,False
1059476,HKEX-FSR,151328,False
1059476,HKEX-INA,155839,False
1059476,HKEX-INA,155837,False
1059476,HKEX-INA,155835,False
1059476,HKEX-INA,155834,False
1059476,HKEX-INA,155833,False
1059476,HKEX-INA,155832,False
1059476,HKEX-INA,155831,False
1059476,HKEX-INA,155838,False
1059476,HKEX-INA,155840,False
1059476,HKEX-INA,155836,False
1059476,HKEX-JNAF,149861,False
1059476,HKEX-JNAF,149859,False
1059476,HKEX-JNAF,149858,False
1059476,HKEX-JNAF,149863,False
1059476,HKEX-JNAF,149865,False
1059476,HKEX-JNAF,149857,False
1059476,HKEX-JNAF,149856,False
1059476,HKEX-JNAF,149860,False
1059476,HKEX-JNAF,149862,False
1059476,HKEX-JNAF,149864,False
1059476,HKEX-KOTD,160476,False
1059476,HKEX-KOTD,160474,False
1059476,HKEX-KOTD,160473,False
1059476,HKEX-KOTD,160471,False
1059476,HKEX-KOTD,160469,False
1059476,HKEX-KOTD,160467,False
1059476,HKEX-KOTD,160475,False
1059476,HKEX-KOTD,160468,False
1059476,HKEX-KOTD,160470,False
1059476,HKEX-KOTD,160472,False
1059476,HKEX-MDKA,156450,False
1059476,HKEX-MDKA,156448,False
1059476,HKEX-MDKA,156447,False
1059476,HKEX-MDKA,156446,False
1059476,HKEX-MDKA,156445,False
1059476,HKEX-MDKA,156443,False
1059476,HKEX-MDKA,156442,False
1059476,HKEX-MDKA,156444,False
1059476,HKEX-MDKA,156451,False
1059476,HKEX-MDKA,156449,False
1059477,HKEX-OIT,141454,False
1059477,HKEX-OIT,141453,False
1059477,HKEX-OIT,141452,False
1059477,HKEX-OIT,141450,False
1059477,HKEX-OIT,141447,False
1059477,HKEX-OIT,141445,False
1059477,HKEX-OIT,141446,False
1059477,HKEX-OIT,141451,False
1059478,HKEX-OIT,141448,False
1059478,HKEX-OIT,141449,False
1059478,HKEX-SIMP,165195,False
1059478,HKEX-SIMP,165193,False
1059478,HKEX-SIMP,165191,False
1059478,HKEX-SIMP,165190,False
1059478,HKEX-SIMP,165188,False
1059478,HKEX-SIMP,165186,False
1059478,HKEX-SIMP,165194,False
1059478,HKEX-SIMP,165192,False
1059478,HKEX-SIMP,165187,False
1059478,HKEX-SIMP,165189,False
1059478,HKEX-XFR,141038,False
1059478,HKEX-XFR,141036,False
1059478,HKEX-XFR,141034,False
1059478,HKEX-XFR,141031,False
1059479,HKEX-XFR,141032,False
1059479,HKEX-XFR,141035,False
1059479,HKEX-XFR,141030,False
1059479,HKEX-XFR,141033,False
1059479,HKEX-XFR,141037,False
1059479,HKEX-XFR,141039,False
1059482,HKEX-MDKA,156467,False
1059482,HKEX-XFR,141052,False
1059489,HKEX-CARD,200633,False
1059489,HKEX-ETFB3,156433,False
1059489,HKEX-JNAF,149879,False
1059489,HKEX-XFR,141053,False
1059509,HKEX-CARD,200637,False
1059509,HKEX-OIT,141467,False
1059512,HKEX-MDKA,156468,False
1059515,HKEX-SIMP,165214,False
1059520,HKEX-JNAF,149881,False
1059560,HKEX-INA,155854,False
1059560,HKEX-SIMP,165216,False
1059560,HKEX-INA,155856,False
1059560,HKEX-SIMP,165217,False
1059563,HKEX-ETFB3,156432,False
1059563,HKEX-ETFB3,156431,False
1059563,HKEX-ETFB3,156430,False
1059563,HKEX-ETFB3,156428,False
1059563,HKEX-ETFB3,156427,False
1059563,HKEX-ETFB3,156426,False
1059563,HKEX-ETFB3,156423,False
1059563,HKEX-ETFB3,156424,False
1059563,HKEX-ETFB3,156429,False
1059563,HKEX-ETFB3,156425,False
1059564,HKEX-ETFB,151166,False
1059564,HKEX-ETFB,151165,False
1059564,HKEX-ETFB,151161,False
1059564,HKEX-ETFB,151160,False
1059564,HKEX-ETFB,151159,False
1059564,HKEX-ETFB,151163,False
1059564,HKEX-ETFB,151167,False
1059565,HKEX-ETFB,151162,False
1059565,HKEX-ETFB,151168,False
1059565,HKEX-ETFB,151164,False
1059566,HKEX-ETFA,145166,False
1059566,HKEX-ETFA,145165,False
1059566,HKEX-ETFA,145159,False
1059566,HKEX-ETFA,145168,False
1059566,HKEX-ETFA,145161,False
1059566,HKEX-ETFA,145167,False
1059566,HKEX-ETFA,145163,False
1059566,HKEX-ETFA,145160,False
1059567,HKEX-ETFA,145162,False
1059567,HKEX-ETFA,145164,False
1059568,HKEX-CARD,200632,False
1059568,HKEX-CARD,200630,False
1059568,HKEX-CARD,200628,False
1059568,HKEX-CARD,200625,False
1059568,HKEX-CARD,200624,False
1059569,HKEX-CARD,200631,False
1059569,HKEX-CARD,200627,False
1059569,HKEX-CARD,200629,False
1059569,HKEX-CARD,200626,False
1059569,HKEX-DLKV,154594,False
1059569,HKEX-DLKV,154592,False
1059569,HKEX-DLKV,154588,False
1059569,HKEX-DLKV,154586,False
1059569,HKEX-DLKV,154589,False
1059569,HKEX-DLKV,154587,False
1059569,HKEX-DLKV,154593,False
1059569,HKEX-DLKV,154591,False
1059569,HKEX-DLKV,154590,False
1059569,HKEX-DLKV,154595,False
1059569,HKEX-FSR,151346,False
1059569,HKEX-FSR,151345,False
1059569,HKEX-FSR,151343,False
1059569,HKEX-FSR,151339,False
1059570,HKEX-FSR,151341,False
1059570,HKEX-FSR,151344,False
1059570,HKEX-FSR,151340,False
1059570,HKEX-FSR,151342,False
1059570,HKEX-FSR,151337,False
1059570,HKEX-INA,155853,False
1059570,HKEX-INA,155852,False
1059570,HKEX-INA,155851,False
1059570,HKEX-INA,155848,False
1059570,HKEX-INA,155847,False
1059570,HKEX-INA,155846,False
1059570,HKEX-INA,155845,False
1059570,HKEX-INA,155844,False
1059570,HKEX-INA,155850,False
1059570,HKEX-INA,155849,False
1059570,HKEX-JNAF,149878,False
1059570,HKEX-JNAF,149874,False
1059570,HKEX-JNAF,149872,False
1059570,HKEX-JNAF,149871,False
1059570,HKEX-JNAF,149870,False
1059570,HKEX-JNAF,149869,False
1059570,HKEX-JNAF,149875,False
1059570,HKEX-JNAF,149877,False
1059570,HKEX-JNAF,149876,False
1059570,HKEX-JNAF,149873,False
1059570,HKEX-KOTD,160486,False
1059570,HKEX-KOTD,160483,False
1059570,HKEX-KOTD,160482,False
1059570,HKEX-KOTD,160481,False
1059570,HKEX-KOTD,160478,False
1059570,HKEX-KOTD,160487,False
1059570,HKEX-KOTD,160479,False
1059570,HKEX-KOTD,160484,False
1059570,HKEX-KOTD,160480,False
1059570,HKEX-KOTD,160485,False
1059570,HKEX-MDKA,156466,False
1059570,HKEX-MDKA,156465,False
1059570,HKEX-MDKA,156464,False
1059570,HKEX-MDKA,156463,False
1059570,HKEX-MDKA,156462,False
1059570,HKEX-MDKA,156461,False
1059570,HKEX-MDKA,156460,False
1059570,HKEX-MDKA,156459,False
1059570,HKEX-MDKA,156458,False
1059571,HKEX-MDKA,156457,False
1059571,HKEX-OIT,141464,False
1059571,HKEX-OIT,141463,False
1059571,HKEX-OIT,141462,False
1059571,HKEX-OIT,141461,False
1059571,HKEX-OIT,141460,False
1059571,HKEX-OIT,141459,False
1059571,HKEX-OIT,141458,False
1059571,HKEX-OIT,141457,False
1059571,HKEX-OIT,141465,False
1059571,HKEX-OIT,141456,False
1059572,HKEX-SIMP,165211,False
1059572,HKEX-SIMP,165209,False
1059572,HKEX-SIMP,165208,False
1059572,HKEX-SIMP,165206,False
1059572,HKEX-SIMP,165205,False
1059572,HKEX-SIMP,165204,False
1059572,HKEX-SIMP,165203,False
1059572,HKEX-SIMP,165202,False
1059572,HKEX-SIMP,165207,False
1059572,HKEX-SIMP,165210,False
1059572,HKEX-XFR,141051,False
1059572,HKEX-XFR,141050,False
1059572,HKEX-XFR,141048,False
1059572,HKEX-XFR,141047,False
1059572,HKEX-XFR,141046,False
1059572,HKEX-XFR,141045,False
1059572,HKEX-XFR,141044,False
1059572,HKEX-XFR,141049,False
1059572,HKEX-XFR,141043,False
1059573,HKEX-XFR,141042,False
1059601,HKEX-KOTD,160499,False
1059608,HKEX-MDKA,156479,False
1059623,HKEX-CARD,200656,False
1059662,HKEX-SIMP,165229,False
1059666,HKEX-ETFB3,156442,False
1059666,HKEX-ETFB3,156439,False
1059666,HKEX-ETFB3,156441,False
1059666,HKEX-ETFB3,156437,False
1059666,HKEX-ETFB3,156438,False
1059666,HKEX-ETFB3,156436,False
1059666,HKEX-ETFB3,156443,False
1059666,HKEX-ETFB3,156434,False
1059666,HKEX-ETFB3,156440,False
1059666,HKEX-ETFB3,156435,False
1059667,HKEX-ETFB,151179,False
1059667,HKEX-ETFB,151176,False
1059667,HKEX-ETFB,151172,False
1059667,HKEX-ETFB,151170,False
1059667,HKEX-ETFB,151174,False
1059667,HKEX-ETFB,151171,False
1059667,HKEX-ETFB,151178,False
1059667,HKEX-ETFB,151175,False
1059667,HKEX-ETFB,151173,False
1059667,HKEX-ETFB,151177,False
1059668,HKEX-ETFA,145177,False
1059668,HKEX-ETFA,145176,False
1059668,HKEX-ETFA,145174,False
1059668,HKEX-ETFA,145173,False
1059668,HKEX-ETFA,145172,False
1059668,HKEX-ETFA,145169,False
1059668,HKEX-ETFA,145175,False
1059669,HKEX-ETFA,145178,False
1059669,HKEX-ETFA,145170,False
1059669,HKEX-ETFA,145171,False
1059670,HKEX-CARD,200655,False
1059670,HKEX-CARD,200654,False
1059670,HKEX-CARD,200653,False
1059670,HKEX-CARD,200652,False
1059670,HKEX-CARD,200651,False
1059670,HKEX-CARD,200650,False
1059670,HKEX-CARD,200648,False
1059670,HKEX-CARD,200647,False
1059670,HKEX-CARD,200646,False
1059670,HKEX-CARD,200649,False
1059671,HKEX-DLKV,154606,False
1059671,HKEX-DLKV,154605,False
1059671,HKEX-DLKV,154604,False
1059671,HKEX-DLKV,154603,False
1059671,HKEX-DLKV,154602,False
1059671,HKEX-DLKV,154601,False
1059671,HKEX-DLKV,154600,False
1059671,HKEX-DLKV,154599,False
1059671,HKEX-DLKV,154598,False
1059671,HKEX-DLKV,154597,False
1059671,HKEX-FSR,151358,False
1059671,HKEX-FSR,151354,False
1059671,HKEX-FSR,151352,False
1059671,HKEX-FSR,151350,False
1059671,HKEX-FSR,151356,False
1059672,HKEX-FSR,151353,False
1059672,HKEX-FSR,151351,False
1059672,HKEX-FSR,151355,False
1059672,HKEX-FSR,151357,False
1059672,HKEX-FSR,151349,False
1059672,HKEX-INA,155867,False
1059672,HKEX-INA,155866,False
1059672,HKEX-INA,155865,False
1059672,HKEX-INA,155863,False
1059672,HKEX-INA,155862,False
1059672,HKEX-INA,155860,False
1059672,HKEX-INA,155859,False
1059672,HKEX-INA,155861,False
1059672,HKEX-INA,155858,False
1059672,HKEX-INA,155864,False
1059672,HKEX-JNAF,149891,False
1059672,HKEX-JNAF,149889,False
1059672,HKEX-JNAF,149886,False
1059672,HKEX-JNAF,149884,False
1059672,HKEX-JNAF,149883,False
1059672,HKEX-JNAF,149887,False
1059672,HKEX-JNAF,149892,False
1059672,HKEX-JNAF,149890,False
1059672,HKEX-JNAF,149888,False
1059672,HKEX-JNAF,149885,False
1059672,HKEX-KOTD,160497,False
1059672,HKEX-KOTD,160496,False
1059672,HKEX-KOTD,160495,False
1059672,HKEX-KOTD,160494,False
1059672,HKEX-KOTD,160492,False
1059672,HKEX-KOTD,160491,False
1059672,HKEX-KOTD,160489,False
1059672,HKEX-KOTD,160488,False
1059672,HKEX-KOTD,160490,False
1059672,HKEX-KOTD,160493,False
1059673,HKEX-MDKA,156478,False
1059673,HKEX-MDKA,156473,False
1059673,HKEX-MDKA,156472,False
1059673,HKEX-MDKA,156471,False
1059673,HKEX-MDKA,156470,False
1059673,HKEX-MDKA,156469,False
1059673,HKEX-MDKA,156474,False
1059673,HKEX-MDKA,156476,False
1059673,HKEX-MDKA,156475,False
1059673,HKEX-MDKA,156477,False
1059673,HKEX-OIT,141477,False
1059673,HKEX-OIT,141476,False
1059673,HKEX-OIT,141475,False
1059673,HKEX-OIT,141474,False
1059673,HKEX-OIT,141472,False
1059673,HKEX-OIT,141471,False
1059673,HKEX-OIT,141470,False
1059673,HKEX-OIT,141469,False
1059673,HKEX-OIT,141473,False
1059673,HKEX-OIT,141468,False
1059674,HKEX-SIMP,165226,False
1059674,HKEX-SIMP,165224,False
1059674,HKEX-SIMP,165223,False
1059674,HKEX-SIMP,165221,False
1059674,HKEX-SIMP,165225,False
1059674,HKEX-SIMP,165227,False
1059674,HKEX-SIMP,165219,False
1059674,HKEX-SIMP,165222,False
1059674,HKEX-XFR,141062,False
1059674,HKEX-XFR,141060,False
1059674,HKEX-XFR,141058,False
1059674,HKEX-XFR,141056,False
1059674,HKEX-XFR,141061,False
1059674,HKEX-XFR,141057,False
1059674,HKEX-XFR,141063,False
1059675,HKEX-XFR,141059,False
1059675,HKEX-XFR,141055,False
1059675,HKEX-XFR,141064,False
1059676,HKEX-SIMP,165240,False
1059681,HKEX-CARD,200671,False
1059683,HKEX-INA,155882,False
1059695,HKEX-ETFB3,156460,False
1059695,HKEX-CARD,200672,False
1059695,HKEX-INA,155883,False
1059707,HKEX-JNAF,149907,False
1059708,HKEX-MDKA,156493,False
1059708,HKEX-OIT,141489,False
1059709,HKEX-MDKA,156494,False
1059709,HKEX-OIT,141490,False
1059715,HKEX-INA,155884,False
1059717,HKEX-MDKA,156495,False
1059743,HKEX-SIMP,165244,False
1059751,HKEX-XFR,141078,False
1059767,HKEX-ETFB3,156457,False
1059767,HKEX-ETFB3,156456,False
1059767,HKEX-ETFB3,156450,False
1059767,HKEX-ETFB3,156454,False
1059767,HKEX-ETFB3,156451,False
1059767,HKEX-ETFB3,156449,False
1059768,HKEX-ETFB3,156458,False
1059768,HKEX-ETFB3,156452,False
1059768,HKEX-ETFB3,156455,False
1059768,HKEX-ETFB3,156453,False
1059768,HKEX-ETFB,151192,False
1059768,HKEX-ETFB,151190,False
1059768,HKEX-ETFB,151189,False
1059768,HKEX-ETFB,151188,False
1059768,HKEX-ETFB,151186,False
1059768,HKEX-ETFB,151185,False
1059768,HKEX-ETFB,151187,False
1059768,HKEX-ETFB,151191,False
1059769,HKEX-ETFB,151184,False
1059769,HKEX-ETFB,151183,False
1059770,HKEX-ETFA,145190,False
1059770,HKEX-ETFA,145188,False
1059770,HKEX-ETFA,145187,False
1059770,HKEX-ETFA,145186,False
1059770,HKEX-ETFA,145185,False
1059770,HKEX-ETFA,145182,False
1059770,HKEX-ETFA,145181,False
1059770,HKEX-ETFA,145184,False
1059771,HKEX-ETFA,145183,False
1059772,HKEX-ETFA,145189,False
1059774,HKEX-CARD,200667,False
1059774,HKEX-CARD,200664,False
1059774,HKEX-CARD,200663,False
1059774,HKEX-CARD,200661,False
1059774,HKEX-CARD,200659,False
1059774,HKEX-CARD,200658,False
1059774,HKEX-CARD,200666,False
1059775,HKEX-CARD,200665,False
1059775,HKEX-CARD,200660,False
1059775,HKEX-CARD,200662,False
1059775,HKEX-DLKV,154612,False
1059775,HKEX-DLKV,154610,False
1059775,HKEX-DLKV,154608,False
1059775,HKEX-DLKV,154615,False
1059775,HKEX-DLKV,154617,False
1059775,HKEX-DLKV,154616,False
1059775,HKEX-DLKV,154609,False
1059775,HKEX-DLKV,154611,False
1059775,HKEX-DLKV,154613,False
1059775,HKEX-DLKV,154614,False
1059776,HKEX-FSR,151367,False
1059776,HKEX-FSR,151366,False
1059776,HKEX-FSR,151365,False
1059776,HKEX-FSR,151364,False
1059776,HKEX-FSR,151362,False
1059776,HKEX-FSR,151360,False
1059776,HKEX-FSR,151361,False
1059776,HKEX-FSR,151368,False
1059776,HKEX-FSR,151359,False
1059776,HKEX-FSR,151363,False
1059776,HKEX-INA,155879,False
1059776,HKEX-INA,155878,False
1059776,HKEX-INA,155877,False
1059776,HKEX-INA,155876,False
1059776,HKEX-INA,155874,False
1059776,HKEX-INA,155873,False
1059776,HKEX-INA,155871,False
1059776,HKEX-INA,155870,False
1059776,HKEX-INA,155875,False
1059776,HKEX-INA,155872,False
1059776,HKEX-JNAF,149901,False
1059776,HKEX-JNAF,149900,False
1059776,HKEX-JNAF,149899,False
1059776,HKEX-JNAF,149898,False
1059776,HKEX-JNAF,149896,False
1059776,HKEX-JNAF,149903,False
1059776,HKEX-JNAF,149894,False
1059777,HKEX-JNAF,149895,False
1059777,HKEX-JNAF,149902,False
1059777,HKEX-JNAF,149897,False
1059777,HKEX-KOTD,160508,False
1059777,HKEX-KOTD,160506,False
1059777,HKEX-KOTD,160504,False
1059777,HKEX-KOTD,160503,False
1059777,HKEX-KOTD,160502,False
1059777,HKEX-KOTD,160505,False
1059777,HKEX-KOTD,160501,False
1059777,HKEX-KOTD,160500,False
1059777,HKEX-KOTD,160507,False
1059777,HKEX-KOTD,160509,False
1059777,HKEX-MDKA,156488,False
1059777,HKEX-MDKA,156487,False
1059777,HKEX-MDKA,156486,False
1059777,HKEX-MDKA,156483,False
1059777,HKEX-MDKA,156485,False
1059777,HKEX-MDKA,156489,False
1059777,HKEX-MDKA,156480,False
1059777,HKEX-MDKA,156481,False
1059777,HKEX-MDKA,156484,False
1059777,HKEX-MDKA,156482,False
1059777,HKEX-OIT,141488,False
1059777,HKEX-OIT,141487,False
1059777,HKEX-OIT,141485,False
1059777,HKEX-OIT,141484,False
1059777,HKEX-OIT,141483,False
1059777,HKEX-OIT,141482,False
1059777,HKEX-OIT,141481,False
1059777,HKEX-OIT,141479,False
1059778,HKEX-OIT,141486,False
1059778,HKEX-OIT,141480,False
1059779,HKEX-SIMP,165239,False
1059779,HKEX-SIMP,165238,False
1059779,HKEX-SIMP,165237,False
1059779,HKEX-SIMP,165234,False
1059779,HKEX-SIMP,165232,False
1059779,HKEX-SIMP,165230,False
1059779,HKEX-SIMP,165236,False
1059779,HKEX-SIMP,165235,False
1059779,HKEX-SIMP,165231,False
1059779,HKEX-SIMP,165233,False
1059779,HKEX-XFR,141075,False
1059779,HKEX-XFR,141073,False
1059779,HKEX-XFR,141072,False
1059780,HKEX-XFR,141070,False
1059780,HKEX-XFR,141066,False
1059780,HKEX-XFR,141068,False
1059780,HKEX-XFR,141071,False
1059780,HKEX-XFR,141067,False
1059780,HKEX-XFR,141069,False
1059781,HKEX-XFR,141074,False
1059782,HKEX-INA,155897,False
1059782,HKEX-XFR,141089,False
1059790,HKEX-FSR,151381,False
1059797,HKEX-KOTD,160521,False
1059844,HKEX-INA,155898,False
1059844,HKEX-DLKV,154628,False
1059864,HKEX-ETFB3,156474,False
1059869,HKEX-ETFB3,156469,False
1059869,HKEX-ETFB3,156468,False
1059869,HKEX-ETFB3,156467,False
1059869,HKEX-ETFB3,156466,False
1059869,HKEX-ETFB3,156465,False
1059869,HKEX-ETFB3,156463,False
1059869,HKEX-ETFB3,156462,False
1059869,HKEX-ETFB3,156470,False
1059869,HKEX-ETFB3,156464,False
1059870,HKEX-ETFB,151197,False
1059870,HKEX-ETFB,151196,False
1059870,HKEX-ETFB,151204,False
1059870,HKEX-ETFB,151198,False
1059870,HKEX-ETFB,151199,False
1059870,HKEX-ETFB,151203,False
1059870,HKEX-ETFB,151200,False
1059871,HKEX-ETFB,151202,False
1059871,HKEX-ETFB,151201,False
1059871,HKEX-ETFB,151205,False
1059872,HKEX-ETFA,145202,False
1059872,HKEX-ETFA,145200,False
1059872,HKEX-ETFA,145194,False
1059872,HKEX-ETFA,145201,False
1059872,HKEX-ETFA,145199,False
1059872,HKEX-ETFA,145196,False
1059874,HKEX-ETFA,145198,False
1059874,HKEX-ETFA,145193,False
1059874,HKEX-ETFA,145195,False
1059874,HKEX-ETFA,145197,False
1059875,HKEX-CARD,200684,False
1059875,HKEX-CARD,200682,False
1059875,HKEX-CARD,200681,False
1059875,HKEX-CARD,200680,False
1059875,HKEX-CARD,200679,False
1059876,HKEX-CARD,200686,False
1059876,HKEX-CARD,200687,False
1059876,HKEX-CARD,200685,False
1059876,HKEX-CARD,200683,False
1059877,HKEX-DLKV,154625,False
1059877,HKEX-DLKV,154623,False
1059877,HKEX-DLKV,154622,False
1059877,HKEX-DLKV,154621,False
1059877,HKEX-DLKV,154620,False
1059877,HKEX-DLKV,154619,False
1059877,HKEX-DLKV,154627,False
1059877,HKEX-DLKV,154624,False
1059877,HKEX-DLKV,154618,False
1059877,HKEX-DLKV,154626,False
1059877,HKEX-FSR,151380,False
1059877,HKEX-FSR,151378,False
1059877,HKEX-FSR,151376,False
1059877,HKEX-FSR,151375,False
1059877,HKEX-FSR,151374,False
1059877,HKEX-FSR,151373,False
1059877,HKEX-FSR,151377,False
1059877,HKEX-FSR,151371,False
1059877,HKEX-FSR,151379,False
1059877,HKEX-INA,155896,False
1059878,HKEX-INA,155895,False
1059878,HKEX-INA,155894,False
1059878,HKEX-INA,155893,False
1059878,HKEX-INA,155892,False
1059878,HKEX-INA,155891,False
1059878,HKEX-INA,155890,False
1059878,HKEX-INA,155889,False
1059878,HKEX-INA,155887,False
1059878,HKEX-INA,155888,False
1059878,HKEX-JNAF,149918,False
1059878,HKEX-JNAF,149917,False
1059878,HKEX-JNAF,149916,False
1059878,HKEX-JNAF,149914,False
1059878,HKEX-JNAF,149911,False
1059878,HKEX-JNAF,149910,False
1059878,HKEX-JNAF,149909,False
1059878,HKEX-JNAF,149913,False
1059878,HKEX-JNAF,149912,False
1059878,HKEX-JNAF,149915,False
1059878,HKEX-KOTD,160520,False
1059878,HKEX-KOTD,160518,False
1059878,HKEX-KOTD,160514,False
1059878,HKEX-KOTD,160513,False
1059878,HKEX-KOTD,160515,False
1059878,HKEX-KOTD,160516,False
1059878,HKEX-KOTD,160517,False
1059878,HKEX-KOTD,160519,False
1059878,HKEX-KOTD,160511,False
1059879,HKEX-MDKA,156504,False
1059879,HKEX-MDKA,156502,False
1059879,HKEX-MDKA,156500,False
1059879,HKEX-MDKA,156499,False
1059879,HKEX-MDKA,156498,False
1059879,HKEX-MDKA,156497,False
1059879,HKEX-MDKA,156496,False
1059879,HKEX-MDKA,156501,False
1059879,HKEX-MDKA,156503,False
1059879,HKEX-MDKA,156505,False
1059879,HKEX-OIT,141499,False
1059879,HKEX-OIT,141491,False
1059879,HKEX-OIT,141497,False
1059879,HKEX-OIT,141495,False
1059879,HKEX-OIT,141493,False
1059879,HKEX-OIT,141496,False
1059879,HKEX-OIT,141494,False
1059879,HKEX-OIT,141492,False
1059880,HKEX-OIT,141500,False
1059880,HKEX-OIT,141498,False
1059880,HKEX-SIMP,165256,False
1059880,HKEX-SIMP,165253,False
1059880,HKEX-SIMP,165251,False
1059880,HKEX-SIMP,165249,False
1059880,HKEX-SIMP,165247,False
1059881,HKEX-SIMP,165250,False
1059881,HKEX-SIMP,165254,False
1059881,HKEX-SIMP,165252,False
1059881,HKEX-SIMP,165248,False
1059881,HKEX-SIMP,165255,False
1059881,HKEX-XFR,141087,False
1059881,HKEX-XFR,141085,False
1059881,HKEX-XFR,141081,False
1059881,HKEX-XFR,141079,False
1059881,HKEX-XFR,141088,False
1059881,HKEX-XFR,141083,False
1059881,HKEX-XFR,141086,False
1059881,HKEX-XFR,141080,False
1059882,HKEX-XFR,141082,False
1059882,HKEX-XFR,141084,False
1059884,HKEX-OIT,141515,False
1059884,HKEX-JNAF,149932,False
1059884,HKEX-OIT,141516,False
1059911,HKEX-FSR,151393,False
1059912,HKEX-FSR,151394,False
1059912,HKEX-FSR,151395,False
1059912,HKEX-FSR,151396,False
1059912,HKEX-FSR,151397,False
1059912,HKEX-FSR,151398,False
1059912,HKEX-FSR,151399,False
1059912,HKEX-FSR,151400,False
1059912,HKEX-FSR,151401,False
1059912,HKEX-FSR,151402,False
1059912,HKEX-FSR,151403,False
1059912,HKEX-FSR,151404,False
1059912,HKEX-FSR,151405,False
1059912,HKEX-FSR,151406,False
1059913,HKEX-FSR,151407,False
1059913,HKEX-FSR,151408,False
1059913,HKEX-FSR,151409,False
1059913,HKEX-FSR,151410,False
1059913,HKEX-FSR,151411,False
1059913,HKEX-FSR,151412,False
1059913,HKEX-FSR,151413,False
1059913,HKEX-FSR,151414,False
1059913,HKEX-FSR,151415,False
1059913,HKEX-FSR,151416,False
1059913,HKEX-FSR,151417,False
1059913,HKEX-FSR,151418,False
1059913,HKEX-FSR,151419,False
1059914,HKEX-FSR,151420,False
1059914,HKEX-FSR,151421,False
1059914,HKEX-FSR,151422,False
1059933,HKEX-SIMP,165272,False
1059938,HKEX-SIMP,165273,False
1059943,HKEX-INA,155912,False
1059971,HKEX-ETFB3,156485,False
1059971,HKEX-ETFB3,156483,False
1059971,HKEX-ETFB3,156482,False
1059971,HKEX-ETFB3,156479,False
1059971,HKEX-ETFB3,156478,False
1059971,HKEX-ETFB3,156481,False
1059971,HKEX-ETFB3,156480,False
1059972,HKEX-ETFB3,156477,False
1059972,HKEX-ETFB3,156484,False
1059972,HKEX-ETFB,151211,False
1059972,HKEX-ETFB,151216,False
1059972,HKEX-ETFB,151215,False
1059972,HKEX-ETFB,151217,False
1059973,HKEX-ETFB,151214,False
1059973,HKEX-ETFB,151212,False
1059973,HKEX-ETFB,151220,False
1059973,HKEX-ETFB,151213,False
1059974,HKEX-ETFB,151218,False
1059974,HKEX-ETFB,151219,False
1059974,HKEX-ETFA,145212,False
1059974,HKEX-ETFA,145210,False
1059974,HKEX-ETFA,145208,False
1059974,HKEX-ETFA,145206,False
1059974,HKEX-ETFA,145205,False
1059975,HKEX-ETFA,145213,False
1059975,HKEX-ETFA,145211,False
1059975,HKEX-ETFA,145204,False
1059976,HKEX-ETFA,145209,False
1059976,HKEX-ETFA,145207,False
1059978,HKEX-CARD,200697,False
1059978,HKEX-CARD,200696,False
1059978,HKEX-CARD,200695,False
1059978,HKEX-CARD,200694,False
1059978,HKEX-CARD,200693,False
1059978,HKEX-CARD,200692,False
1059978,HKEX-CARD,200690,False
1059978,HKEX-CARD,200689,False
1059978,HKEX-CARD,200691,False
1059979,HKEX-DLKV,154639,False
1059979,HKEX-DLKV,154637,False
1059979,HKEX-DLKV,154636,False
1059979,HKEX-DLKV,154635,False
1059979,HKEX-DLKV,154633,False
1059979,HKEX-DLKV,154638,False
1059979,HKEX-DLKV,154631,False
1059979,HKEX-DLKV,154640,False
1059979,HKEX-DLKV,154634,False
1059979,HKEX-DLKV,154632,False
1059979,HKEX-FSR,151392,False
1059979,HKEX-FSR,151390,False
1059979,HKEX-FSR,151388,False
1059979,HKEX-FSR,151386,False
1059979,HKEX-FSR,151383,False
1059979,HKEX-FSR,151389,False
1059979,HKEX-FSR,151387,False
1059980,HKEX-FSR,151385,False
1059980,HKEX-FSR,151391,False
1059980,HKEX-FSR,151384,False
1059980,HKEX-INA,155911,False
1059980,HKEX-INA,155910,False
1059980,HKEX-INA,155909,False
1059980,HKEX-INA,155908,False
1059980,HKEX-INA,155907,False
1059980,HKEX-INA,155905,False
1059980,HKEX-INA,155904,False
1059980,HKEX-INA,155903,False
1059980,HKEX-INA,155902,False
1059980,HKEX-INA,155906,False
1059980,HKEX-JNAF,149931,False
1059980,HKEX-JNAF,149928,False
1059980,HKEX-JNAF,149926,False
1059980,HKEX-JNAF,149924,False
1059980,HKEX-JNAF,149922,False
1059980,HKEX-JNAF,149930,False
1059980,HKEX-JNAF,149925,False
1059980,HKEX-JNAF,149923,False
1059980,HKEX-JNAF,149927,False
1059980,HKEX-JNAF,149929,False
1059980,HKEX-KOTD,160536,False
1059980,HKEX-KOTD,160534,False
1059980,HKEX-KOTD,160530,False
1059980,HKEX-KOTD,160528,False
1059980,HKEX-KOTD,160532,False
1059980,HKEX-KOTD,160527,False
1059980,HKEX-KOTD,160533,False
1059980,HKEX-KOTD,160535,False
1059980,HKEX-KOTD,160531,False
1059980,HKEX-KOTD,160529,False
1059980,HKEX-MDKA,156521,False
1059981,HKEX-MDKA,156519,False
1059981,HKEX-MDKA,156518,False
1059981,HKEX-MDKA,156517,False
1059981,HKEX-MDKA,156515,False
1059981,HKEX-MDKA,156513,False
1059981,HKEX-MDKA,156512,False
1059981,HKEX-MDKA,156520,False
1059981,HKEX-MDKA,156516,False
1059981,HKEX-MDKA,156514,False
1059981,HKEX-OIT,141513,False
1059981,HKEX-OIT,141511,False
1059981,HKEX-OIT,141510,False
1059981,HKEX-OIT,141509,False
1059981,HKEX-OIT,141508,False
1059981,HKEX-OIT,141507,False
1059981,HKEX-OIT,141506,False
1059981,HKEX-OIT,141505,False
1059981,HKEX-OIT,141512,False
1059981,HKEX-OIT,141514,False
1059982,HKEX-SIMP,165269,False
1059982,HKEX-SIMP,165267,False
1059982,HKEX-SIMP,165265,False
1059982,HKEX-SIMP,165264,False
1059982,HKEX-SIMP,165262,False
1059982,HKEX-SIMP,165263,False
1059982,HKEX-SIMP,165271,False
1059982,HKEX-SIMP,165266,False
1059982,HKEX-SIMP,165270,False
1059982,HKEX-SIMP,165268,False
1059982,HKEX-XFR,141101,False
1059982,HKEX-XFR,141100,False
1059982,HKEX-XFR,141097,False
1059983,HKEX-XFR,141096,False
1059983,HKEX-XFR,141094,False
1059983,HKEX-XFR,141093,False
1059983,HKEX-XFR,141092,False
1059983,HKEX-XFR,141095,False
1059983,HKEX-XFR,141099,False
1059983,HKEX-XFR,141098,False
1059997,HKEX-KOTD,160548,False
1060005,HKEX-KOTD,160549,False
1060007,HKEX-ETFB3,156501,False
1060007,HKEX-ETFB3,156502,False
1060042,HKEX-ETFB3,156503,False
1060042,HKEX-KOTD,160551,False
1060042,HKEX-INA,155926,False
1060047,HKEX-ETFA,145225,False
1060064,HKEX-SIMP,165287,False
1060066,HKEX-ETFB3,156500,False
1060066,HKEX-ETFB3,156494,False
1060066,HKEX-ETFB3,156493,False
1060066,HKEX-ETFB3,156491,False
1060066,HKEX-ETFB3,156492,False
1060066,HKEX-ETFB3,156498,False
1060066,HKEX-ETFB3,156499,False
1060066,HKEX-ETFB3,156495,False
1060066,HKEX-ETFB3,156496,False
1060067,HKEX-ETFB3,156497,False
1060067,HKEX-ETFB,151231,False
1060067,HKEX-ETFB,151224,False
1060067,HKEX-ETFB,151225,False
1060067,HKEX-ETFB,151229,False
1060068,HKEX-ETFB,151230,False
1060068,HKEX-ETFB,151226,False
1060068,HKEX-ETFB,151228,False
1060068,HKEX-ETFB,151227,False
1060068,HKEX-ETFB,151233,False
1060068,HKEX-ETFB,151232,False
1060069,HKEX-ETFA,145223,False
1060069,HKEX-ETFA,145222,False
1060069,HKEX-ETFA,145218,False
1060069,HKEX-ETFA,145216,False
1060070,HKEX-ETFA,145221,False
1060070,HKEX-ETFA,145220,False
1060071,HKEX-ETFA,145215,False
1060071,HKEX-ETFA,145219,False
1060071,HKEX-ETFA,145214,False
1060071,HKEX-ETFA,145217,False
1060073,HKEX-CARD,200714,False
1060073,HKEX-CARD,200712,False
1060073,HKEX-CARD,200710,False
1060073,HKEX-CARD,200709,False
1060073,HKEX-CARD,200707,False
1060074,HKEX-CARD,200713,False
1060074,HKEX-CARD,200715,False
1060074,HKEX-CARD,200711,False
1060074,HKEX-CARD,200708,False
1060074,HKEX-CARD,200706,False
1060075,HKEX-DLKV,154653,False
1060075,HKEX-DLKV,154651,False
1060075,HKEX-DLKV,154648,False
1060075,HKEX-DLKV,154647,False
1060075,HKEX-DLKV,154652,False
1060075,HKEX-DLKV,154645,False
1060075,HKEX-DLKV,154646,False
1060075,HKEX-DLKV,154644,False
1060075,HKEX-DLKV,154650,False
1060075,HKEX-DLKV,154649,False
1060075,HKEX-FSR,151431,False
1060075,HKEX-FSR,151429,False
1060075,HKEX-FSR,151428,False
1060075,HKEX-FSR,151432,False
1060075,HKEX-FSR,151424,False
1060075,HKEX-FSR,151426,False
1060075,HKEX-FSR,151423,False
1060075,HKEX-FSR,151425,False
1060075,HKEX-FSR,151427,False
1060075,HKEX-FSR,151430,False
1060075,HKEX-INA,155923,False
1060075,HKEX-INA,155921,False
1060075,HKEX-INA,155920,False
1060075,HKEX-INA,155919,False
1060075,HKEX-INA,155917,False
1060075,HKEX-INA,155915,False
1060075,HKEX-INA,155916,False
1060075,HKEX-INA,155914,False
1060075,HKEX-INA,155922,False
1060075,HKEX-INA,155918,False
1060075,HKEX-JNAF,149944,False
1060075,HKEX-JNAF,149941,False
1060075,HKEX-JNAF,149940,False
1060075,HKEX-JNAF,149939,False
1060075,HKEX-JNAF,149937,False
1060075,HKEX-JNAF,149935,False
1060076,HKEX-JNAF,149942,False
1060076,HKEX-JNAF,149936,False
1060076,HKEX-JNAF,149938,False
1060076,HKEX-JNAF,149943,False
1060076,HKEX-KOTD,160545,False
1060076,HKEX-KOTD,160543,False
1060076,HKEX-KOTD,160541,False
1060076,HKEX-KOTD,160540,False
1060076,HKEX-KOTD,160538,False
1060076,HKEX-KOTD,160546,False
1060076,HKEX-KOTD,160539,False
1060076,HKEX-KOTD,160542,False
1060076,HKEX-KOTD,160544,False
1060076,HKEX-KOTD,160547,False
1060076,HKEX-MDKA,156533,False
1060076,HKEX-MDKA,156532,False
1060076,HKEX-MDKA,156531,False
1060076,HKEX-MDKA,156525,False
1060076,HKEX-MDKA,156527,False
1060076,HKEX-MDKA,156529,False
1060076,HKEX-MDKA,156534,False
1060076,HKEX-MDKA,156530,False
1060076,HKEX-MDKA,156526,False
1060076,HKEX-MDKA,156528,False
1060076,HKEX-OIT,141526,False
1060076,HKEX-OIT,141524,False
1060076,HKEX-OIT,141523,False
1060076,HKEX-OIT,141521,False
1060076,HKEX-OIT,141520,False
1060076,HKEX-OIT,141518,False
1060076,HKEX-OIT,141517,False
1060076,HKEX-OIT,141525,False
1060076,HKEX-OIT,141519,False
1060077,HKEX-OIT,141522,False
1060078,HKEX-SIMP,165284,False
1060078,HKEX-SIMP,165279,False
1060078,HKEX-SIMP,165277,False
1060078,HKEX-SIMP,165275,False
1060078,HKEX-SIMP,165280,False
1060078,HKEX-SIMP,165278,False
1060078,HKEX-SIMP,165281,False
1060078,HKEX-SIMP,165276,False
1060078,HKEX-SIMP,165282,False
1060078,HKEX-SIMP,165283,False
1060078,HKEX-XFR,141115,False
1060078,HKEX-XFR,141113,False
1060078,HKEX-XFR,141109,False
1060078,HKEX-XFR,141107,False
1060078,HKEX-XFR,141110,False
1060078,HKEX-XFR,141108,False
1060079,HKEX-XFR,141114,False
1060079,HKEX-XFR,141112,False
1060079,HKEX-XFR,141106,False
1060079,HKEX-XFR,141111,False
1060081,HKEX-INA,155938,False
1060081,HKEX-ETFB3,156516,False
1060082,HKEX-ETFB3,156517,False
1060088,HKEX-MDKA,156548,False
1060089,HKEX-ETFB3,156518,False
1060091,HKEX-FSR,151443,False
1060116,HKEX-ETFB,151248,False
1060130,HKEX-CARD,200733,False
1060131,HKEX-ETFB3,156519,False
1060145,HKEX-ETFB3,156520,False
1060145,HKEX-KOTD,160562,False
1060145,HKEX-INA,155940,False
1060166,HKEX-MDKA,156553,False
1060168,HKEX-ETFB3,156512,False
1060168,HKEX-ETFB3,156511,False
1060168,HKEX-ETFB3,156510,False
1060168,HKEX-ETFB3,156507,False
1060168,HKEX-ETFB3,156505,False
1060168,HKEX-ETFB3,156508,False
1060168,HKEX-ETFB3,156504,False
1060168,HKEX-ETFB3,156513,False
1060168,HKEX-ETFB3,156506,False
1060168,HKEX-ETFB3,156509,False
1060169,HKEX-ETFB,151245,False
1060169,HKEX-ETFB,151240,False
1060169,HKEX-ETFB,151238,False
1060169,HKEX-ETFB,151236,False
1060169,HKEX-ETFB,151243,False
1060169,HKEX-ETFB,151241,False
1060169,HKEX-ETFB,151237,False
1060170,HKEX-ETFB,151244,False
1060170,HKEX-ETFB,151239,False
1060170,HKEX-ETFB,151242,False
1060170,HKEX-ETFA,145232,False
1060170,HKEX-ETFA,145226,False
1060170,HKEX-ETFA,145227,False
1060171,HKEX-ETFA,145230,False
1060171,HKEX-ETFA,145228,False
1060171,HKEX-ETFA,145231,False
1060171,HKEX-ETFA,145235,False
1060171,HKEX-ETFA,145233,False
1060171,HKEX-ETFA,145229,False
1060172,HKEX-ETFA,145234,False
1060173,HKEX-CARD,200729,False
1060173,HKEX-CARD,200728,False
1060173,HKEX-CARD,200727,False
1060173,HKEX-CARD,200725,False
1060173,HKEX-CARD,200723,False
1060173,HKEX-CARD,200726,False
1060173,HKEX-CARD,200730,False
1060173,HKEX-CARD,200724,False
1060173,HKEX-CARD,200721,False
1060173,HKEX-CARD,200722,False
1060174,HKEX-DLKV,154661,False
1060174,HKEX-DLKV,154664,False
1060174,HKEX-DLKV,154662,False
1060174,HKEX-DLKV,154659,False
1060174,HKEX-DLKV,154657,False
1060174,HKEX-DLKV,154660,False
1060174,HKEX-DLKV,154658,False
1060174,HKEX-DLKV,154656,False
1060174,HKEX-DLKV,154665,False
1060174,HKEX-DLKV,154663,False
1060174,HKEX-FSR,151441,False
1060174,HKEX-FSR,151440,False
1060174,HKEX-FSR,151435,False
1060174,HKEX-FSR,151437,False
1060174,HKEX-FSR,151442,False
1060174,HKEX-FSR,151433,False
1060174,HKEX-FSR,151436,False
1060174,HKEX-FSR,151434,False
1060174,HKEX-FSR,151438,False
1060174,HKEX-FSR,151439,False
1060174,HKEX-INA,155937,False
1060174,HKEX-INA,155935,False
1060174,HKEX-INA,155933,False
1060174,HKEX-INA,155931,False
1060174,HKEX-INA,155930,False
1060174,HKEX-INA,155929,False
1060174,HKEX-INA,155928,False
1060174,HKEX-INA,155936,False
1060174,HKEX-INA,155932,False
1060174,HKEX-INA,155934,False
1060175,HKEX-JNAF,149955,False
1060175,HKEX-JNAF,149954,False
1060175,HKEX-JNAF,149953,False
1060175,HKEX-JNAF,149952,False
1060175,HKEX-JNAF,149951,False
1060175,HKEX-JNAF,149949,False
1060175,HKEX-JNAF,149947,False
1060175,HKEX-JNAF,149950,False
1060175,HKEX-JNAF,149948,False
1060175,HKEX-JNAF,149946,False
1060175,HKEX-KOTD,160555,False
1060175,HKEX-KOTD,160559,False
1060175,HKEX-KOTD,160557,False
1060175,HKEX-KOTD,160553,False
1060175,HKEX-KOTD,160556,False
1060175,HKEX-KOTD,160560,False
1060175,HKEX-KOTD,160552,False
1060175,HKEX-KOTD,160558,False
1060175,HKEX-KOTD,160554,False
1060175,HKEX-KOTD,160561,False
1060175,HKEX-MDKA,156546,False
1060175,HKEX-MDKA,156544,False
1060175,HKEX-MDKA,156542,False
1060175,HKEX-MDKA,156541,False
1060175,HKEX-MDKA,156539,False
1060175,HKEX-MDKA,156537,False
1060175,HKEX-MDKA,156540,False
1060175,HKEX-MDKA,156543,False
1060175,HKEX-MDKA,156545,False
1060175,HKEX-OIT,141536,False
1060175,HKEX-OIT,141534,False
1060175,HKEX-OIT,141532,False
1060175,HKEX-OIT,141530,False
1060175,HKEX-OIT,141529,False
1060175,HKEX-OIT,141528,False
1060175,HKEX-OIT,141527,False
1060175,HKEX-OIT,141533,False
1060175,HKEX-OIT,141531,False
1060176,HKEX-OIT,141535,False
1060176,HKEX-SIMP,165297,False
1060177,HKEX-SIMP,165296,False
1060177,HKEX-SIMP,165295,False
1060177,HKEX-SIMP,165294,False
1060177,HKEX-SIMP,165292,False
1060177,HKEX-SIMP,165290,False
1060177,HKEX-SIMP,165298,False
1060177,HKEX-SIMP,165291,False
1060177,HKEX-SIMP,165293,False
1060177,HKEX-XFR,141122,False
1060177,HKEX-XFR,141121,False
1060177,HKEX-XFR,141120,False
1060177,HKEX-XFR,141119,False
1060177,HKEX-XFR,141117,False
1060177,HKEX-XFR,141116,False
1060177,HKEX-XFR,141123,False
1060177,HKEX-XFR,141125,False
1060178,HKEX-XFR,141118,False
1060178,HKEX-XFR,141124,False
1060185,HKEX-ETFB3,156532,False
1060263,HKEX-ETFB3,156524,False
1060263,HKEX-ETFB3,156523,False
1060263,HKEX-ETFB3,156522,False
1060263,HKEX-ETFB3,156529,False
1060263,HKEX-ETFB3,156527,False
1060264,HKEX-ETFB3,156525,False
1060264,HKEX-ETFB3,156528,False
1060264,HKEX-ETFB3,156530,False
1060264,HKEX-ETFB3,156521,False
1060264,HKEX-ETFB3,156526,False
1060264,HKEX-ETFB,151258,False
1060264,HKEX-ETFB,151255,False
1060264,HKEX-ETFB,151254,False
1060264,HKEX-ETFB,151253,False
1060264,HKEX-ETFB,151250,False
1060264,HKEX-ETFB,151249,False
1060264,HKEX-ETFB,151252,False
1060264,HKEX-ETFB,151257,False
1060265,HKEX-ETFB,151251,False
1060265,HKEX-ETFB,151256,False
1060266,HKEX-ETFA,145243,False
1060266,HKEX-ETFA,145238,False
1060266,HKEX-ETFA,145236,False
1060266,HKEX-ETFA,145242,False
1060266,HKEX-ETFA,145244,False
1060266,HKEX-ETFA,145241,False
1060267,HKEX-ETFA,145245,False
1060267,HKEX-ETFA,145239,False
1060267,HKEX-ETFA,145237,False
1060267,HKEX-ETFA,145240,False
1060268,HKEX-CARD,200742,False
1060268,HKEX-CARD,200741,False
1060268,HKEX-CARD,200740,False
1060268,HKEX-CARD,200737,False
1060268,HKEX-CARD,200743,False
1060269,HKEX-CARD,200738,False
1060269,HKEX-CARD,200736,False
1060269,HKEX-CARD,200739,False
1060269,HKEX-CARD,200734,False
1060269,HKEX-DLKV,154674,False
1060269,HKEX-DLKV,154672,False
1060269,HKEX-DLKV,154668,False
1060269,HKEX-DLKV,154669,False
1060269,HKEX-DLKV,154675,False
1060269,HKEX-DLKV,154673,False
1060269,HKEX-DLKV,154671,False
1060269,HKEX-DLKV,154677,False
1060269,HKEX-DLKV,154676,False
1060269,HKEX-DLKV,154670,False
1060269,HKEX-FSR,151452,False
1060269,HKEX-FSR,151450,False
1060269,HKEX-FSR,151448,False
1060269,HKEX-FSR,151447,False
1060269,HKEX-FSR,151445,False
1060269,HKEX-FSR,151449,False
1060269,HKEX-FSR,151444,False
1060269,HKEX-FSR,151446,False
1060269,HKEX-FSR,151451,False
1060269,HKEX-FSR,151453,False
1060270,HKEX-INA,155953,False
1060270,HKEX-INA,155950,False
1060270,HKEX-INA,155948,False
1060270,HKEX-INA,155947,False
1060270,HKEX-INA,155945,False
1060270,HKEX-INA,155946,False
1060270,HKEX-INA,155949,False
1060270,HKEX-INA,155954,False
1060270,HKEX-INA,155952,False
1060270,HKEX-INA,155951,False
1060270,HKEX-JNAF,149962,False
1060270,HKEX-JNAF,149961,False
1060270,HKEX-JNAF,149960,False
1060270,HKEX-JNAF,149958,False
1060270,HKEX-JNAF,149957,False
1060270,HKEX-JNAF,149956,False
1060270,HKEX-JNAF,149959,False
1060270,HKEX-JNAF,149963,False
1060270,HKEX-JNAF,149965,False
1060270,HKEX-JNAF,149964,False
1060270,HKEX-KOTD,160572,False
1060270,HKEX-KOTD,160569,False
1060270,HKEX-KOTD,160567,False
1060270,HKEX-KOTD,160565,False
1060270,HKEX-KOTD,160571,False
1060270,HKEX-KOTD,160566,False
1060270,HKEX-KOTD,160568,False
1060270,HKEX-KOTD,160570,False
1060270,HKEX-KOTD,160563,False
1060270,HKEX-KOTD,160564,False
1060270,HKEX-MDKA,156564,False
1060270,HKEX-MDKA,156562,False
1060270,HKEX-MDKA,156561,False
1060270,HKEX-MDKA,156559,False
1060270,HKEX-MDKA,156558,False
1060270,HKEX-MDKA,156557,False
1060270,HKEX-MDKA,156555,False
1060270,HKEX-MDKA,156563,False
1060270,HKEX-MDKA,156560,False
1060270,HKEX-MDKA,156556,False
1060271,HKEX-OIT,141547,False
1060271,HKEX-OIT,141546,False
1060271,HKEX-OIT,141545,False
1060271,HKEX-OIT,141544,False
1060271,HKEX-OIT,141543,False
1060271,HKEX-OIT,141542,False
1060271,HKEX-OIT,141541,False
1060271,HKEX-OIT,141540,False
1060271,HKEX-OIT,141539,False
1060271,HKEX-OIT,141538,False
1060272,HKEX-SIMP,165315,False
1060272,HKEX-SIMP,165313,False
1060272,HKEX-SIMP,165311,False
1060272,HKEX-SIMP,165310,False
1060272,HKEX-SIMP,165308,False
1060272,HKEX-SIMP,165307,False
1060272,HKEX-SIMP,165309,False
1060272,HKEX-SIMP,165312,False
1060272,HKEX-SIMP,165316,False
1060272,HKEX-SIMP,165314,False
1060272,HKEX-XFR,141127,False
1060272,HKEX-XFR,141129,False
1060272,HKEX-XFR,141131,False
1060272,HKEX-XFR,141135,False
1060272,HKEX-XFR,141130,False
1060273,HKEX-XFR,141128,False
1060273,HKEX-XFR,141132,False
1060273,HKEX-XFR,141133,False
1060273,HKEX-XFR,141134,False
1060273,HKEX-XFR,141136,False
1060286,HKEX-SIMP,165331,False
1060298,HKEX-ETFB3,156550,False
1060298,HKEX-ETFB3,156551,False
1060318,HKEX-INA,155971,False
1060342,HKEX-SIMP,165332,False
1060363,HKEX-SIMP,165333,False
1060363,HKEX-SIMP,165334,False
1060364,HKEX-ETFB3,156544,False
1060364,HKEX-ETFB3,156543,False
1060364,HKEX-ETFB3,156541,False
1060364,HKEX-ETFB3,156540,False
1060364,HKEX-ETFB3,156538,False
1060364,HKEX-ETFB3,156546,False
1060364,HKEX-ETFB3,156542,False
1060364,HKEX-ETFB3,156545,False
1060364,HKEX-ETFB3,156539,False
1060365,HKEX-ETFB3,156537,False
1060365,HKEX-ETFB,151271,False
1060365,HKEX-ETFB,151267,False
1060365,HKEX-ETFB,151265,False
1060365,HKEX-ETFB,151263,False
1060365,HKEX-ETFB,151262,False
1060366,HKEX-ETFB,151269,False
1060366,HKEX-ETFB,151264,False
1060366,HKEX-ETFB,151266,False
1060366,HKEX-ETFB,151268,False
1060367,HKEX-ETFB,151270,False
1060367,HKEX-ETFA,145252,False
1060367,HKEX-ETFA,145250,False
1060367,HKEX-ETFA,145249,False
1060367,HKEX-ETFA,145248,False
1060367,HKEX-ETFA,145255,False
1060367,HKEX-ETFA,145253,False
1060368,HKEX-ETFA,145254,False
1060368,HKEX-ETFA,145251,False
1060368,HKEX-ETFA,145256,False
1060369,HKEX-ETFA,145247,False
1060370,HKEX-CARD,200756,False
1060370,HKEX-CARD,200754,False
1060370,HKEX-CARD,200753,False
1060370,HKEX-CARD,200752,False
1060370,HKEX-CARD,200751,False
1060370,HKEX-CARD,200757,False
1060370,HKEX-CARD,200748,False
1060370,HKEX-CARD,200750,False
1060370,HKEX-CARD,200755,False
1060371,HKEX-DLKV,154688,False
1060371,HKEX-DLKV,154686,False
1060371,HKEX-DLKV,154684,False
1060371,HKEX-DLKV,154682,False
1060371,HKEX-DLKV,154680,False
1060371,HKEX-DLKV,154685,False
1060371,HKEX-DLKV,154687,False
1060371,HKEX-DLKV,154681,False
1060371,HKEX-DLKV,154679,False
1060371,HKEX-DLKV,154683,False
1060371,HKEX-FSR,151465,False
1060371,HKEX-FSR,151464,False
1060371,HKEX-FSR,151463,False
1060371,HKEX-FSR,151462,False
1060371,HKEX-FSR,151461,False
1060371,HKEX-FSR,151460,False
1060371,HKEX-FSR,151459,False
1060371,HKEX-FSR,151457,False
1060371,HKEX-FSR,151456,False
1060371,HKEX-FSR,151458,False
1060371,HKEX-INA,155969,False
1060371,HKEX-INA,155967,False
1060371,HKEX-INA,155965,False
1060371,HKEX-INA,155964,False
1060371,HKEX-INA,155963,False
1060371,HKEX-INA,155962,False
1060371,HKEX-INA,155960,False
1060371,HKEX-INA,155961,False
1060371,HKEX-INA,155966,False
1060371,HKEX-INA,155968,False
1060371,HKEX-JNAF,149978,False
1060371,HKEX-JNAF,149974,False
1060371,HKEX-JNAF,149969,False
1060371,HKEX-JNAF,149972,False
1060371,HKEX-JNAF,149970,False
1060371,HKEX-JNAF,149973,False
1060371,HKEX-JNAF,149971,False
1060372,HKEX-JNAF,149975,False
1060372,HKEX-JNAF,149977,False
1060372,HKEX-JNAF,149976,False
1060372,HKEX-KOTD,160584,False
1060372,HKEX-KOTD,160583,False
1060372,HKEX-KOTD,160581,False
1060372,HKEX-KOTD,160579,False
1060372,HKEX-KOTD,160577,False
1060372,HKEX-KOTD,160576,False
1060372,HKEX-KOTD,160578,False
1060372,HKEX-KOTD,160582,False
1060372,HKEX-KOTD,160585,False
1060372,HKEX-KOTD,160580,False
1060372,HKEX-MDKA,156576,False
1060372,HKEX-MDKA,156579,False
1060372,HKEX-MDKA,156571,False
1060372,HKEX-MDKA,156575,False
1060372,HKEX-MDKA,156572,False
1060372,HKEX-MDKA,156570,False
1060372,HKEX-MDKA,156578,False
1060372,HKEX-MDKA,156573,False
1060372,HKEX-MDKA,156574,False
1060372,HKEX-MDKA,156577,False
1060372,HKEX-OIT,141557,False
1060372,HKEX-OIT,141553,False
1060372,HKEX-OIT,141552,False
1060372,HKEX-OIT,141551,False
1060372,HKEX-OIT,141550,False
1060372,HKEX-OIT,141549,False
1060372,HKEX-OIT,141548,False
1060372,HKEX-OIT,141555,False
1060372,HKEX-OIT,141554,False
1060372,HKEX-OIT,141556,False
1060373,HKEX-SIMP,165329,False
1060373,HKEX-SIMP,165327,False
1060373,HKEX-SIMP,165324,False
1060373,HKEX-SIMP,165323,False
1060373,HKEX-SIMP,165330,False
1060373,HKEX-SIMP,165325,False
1060373,HKEX-SIMP,165326,False
1060373,HKEX-SIMP,165321,False
1060373,HKEX-SIMP,165322,False
1060373,HKEX-SIMP,165328,False
1060374,HKEX-XFR,141149,False
1060374,HKEX-XFR,141147,False
1060374,HKEX-XFR,141143,False
1060374,HKEX-XFR,141142,False
1060374,HKEX-XFR,141145,False
1060374,HKEX-XFR,141140,False
1060374,HKEX-XFR,141141,False
1060374,HKEX-XFR,141144,False
1060374,HKEX-XFR,141146,False
1060374,HKEX-XFR,141148,False
1060375,HKEX-MDKA,156595,False
1060397,HKEX-INA,155985,False
1060397,HKEX-KOTD,160596,False
1060398,HKEX-INA,155986,False
1060398,HKEX-KOTD,160597,False
1060406,HKEX-MDKA,156596,False
1060406,HKEX-OIT,141568,False
1060463,HKEX-ETFB3,156560,False
1060463,HKEX-ETFB3,156557,False
1060463,HKEX-ETFB3,156556,False
1060463,HKEX-ETFB3,156555,False
1060463,HKEX-ETFB3,156554,False
1060463,HKEX-ETFB3,156553,False
1060464,HKEX-ETFB3,156562,False
1060464,HKEX-ETFB3,156559,False
1060464,HKEX-ETFB3,156561,False
1060464,HKEX-ETFB3,156558,False
1060465,HKEX-ETFB,151284,False
1060465,HKEX-ETFB,151283,False
1060465,HKEX-ETFB,151281,False
1060465,HKEX-ETFB,151278,False
1060465,HKEX-ETFB,151277,False
1060465,HKEX-ETFB,151279,False
1060465,HKEX-ETFB,151286,False
1060465,HKEX-ETFB,151282,False
1060465,HKEX-ETFB,151280,False
1060466,HKEX-ETFB,151285,False
1060466,HKEX-ETFA,145263,False
1060466,HKEX-ETFA,145259,False
1060466,HKEX-ETFA,145257,False
1060466,HKEX-ETFA,145266,False
1060466,HKEX-ETFA,145265,False
1060467,HKEX-ETFA,145262,False
1060467,HKEX-ETFA,145258,False
1060468,HKEX-ETFA,145264,False
1060468,HKEX-ETFA,145260,False
1060468,HKEX-ETFA,145261,False
1060468,HKEX-CARD,200771,False
1060469,HKEX-CARD,200769,False
1060469,HKEX-CARD,200767,False
1060469,HKEX-CARD,200766,False
1060469,HKEX-CARD,200764,False
1060469,HKEX-CARD,200770,False
1060469,HKEX-CARD,200772,False
1060469,HKEX-CARD,200763,False
1060469,HKEX-CARD,200765,False
1060469,HKEX-CARD,200768,False
1060470,HKEX-DLKV,154700,False
1060470,HKEX-DLKV,154698,False
1060470,HKEX-DLKV,154695,False
1060470,HKEX-DLKV,154694,False
1060470,HKEX-DLKV,154692,False
1060470,HKEX-DLKV,154693,False
1060470,HKEX-DLKV,154696,False
1060470,HKEX-DLKV,154697,False
1060470,HKEX-DLKV,154699,False
1060470,HKEX-DLKV,154701,False
1060470,HKEX-FSR,151475,False
1060470,HKEX-FSR,151474,False
1060470,HKEX-FSR,151473,False
1060470,HKEX-FSR,151471,False
1060470,HKEX-FSR,151470,False
1060470,HKEX-FSR,151469,False
1060470,HKEX-FSR,151468,False
1060470,HKEX-FSR,151467,False
1060470,HKEX-FSR,151466,False
1060470,HKEX-FSR,151472,False
1060470,HKEX-INA,155980,False
1060470,HKEX-INA,155979,False
1060470,HKEX-INA,155978,False
1060470,HKEX-INA,155976,False
1060470,HKEX-INA,155982,False
1060470,HKEX-INA,155981,False
1060470,HKEX-INA,155977,False
1060470,HKEX-INA,155975,False
1060470,HKEX-INA,155983,False
1060470,HKEX-JNAF,149985,False
1060470,HKEX-JNAF,149984,False
1060470,HKEX-JNAF,149983,False
1060470,HKEX-JNAF,149982,False
1060471,HKEX-JNAF,149981,False
1060471,HKEX-JNAF,149980,False
1060471,HKEX-JNAF,149979,False
1060471,HKEX-JNAF,149987,False
1060471,HKEX-JNAF,149988,False
1060471,HKEX-JNAF,149986,False
1060471,HKEX-KOTD,160594,False
1060471,HKEX-KOTD,160590,False
1060471,HKEX-KOTD,160588,False
1060471,HKEX-KOTD,160586,False
1060471,HKEX-KOTD,160591,False
1060471,HKEX-KOTD,160587,False
1060471,HKEX-KOTD,160595,False
1060471,HKEX-KOTD,160589,False
1060471,HKEX-KOTD,160593,False
1060471,HKEX-KOTD,160592,False
1060471,HKEX-MDKA,156593,False
1060471,HKEX-MDKA,156591,False
1060471,HKEX-MDKA,156587,False
1060471,HKEX-MDKA,156585,False
1060471,HKEX-MDKA,156586,False
1060471,HKEX-MDKA,156589,False
1060471,HKEX-MDKA,156588,False
1060471,HKEX-MDKA,156590,False
1060471,HKEX-MDKA,156592,False
1060471,HKEX-MDKA,156594,False
1060471,HKEX-OIT,141566,False
1060471,HKEX-OIT,141564,False
1060471,HKEX-OIT,141563,False
1060471,HKEX-OIT,141562,False
1060471,HKEX-OIT,141561,False
1060471,HKEX-OIT,141560,False
1060471,HKEX-OIT,141559,False
1060471,HKEX-OIT,141558,False
1060471,HKEX-OIT,141567,False
1060472,HKEX-OIT,141565,False
1060472,HKEX-SIMP,165336,False
1060472,HKEX-SIMP,165343,False
1060472,HKEX-SIMP,165340,False
1060472,HKEX-SIMP,165339,False
1060472,HKEX-SIMP,165344,False
1060472,HKEX-SIMP,165338,False
1060472,HKEX-SIMP,165342,False
1060472,HKEX-SIMP,165337,False
1060472,HKEX-SIMP,165341,False
1060473,HKEX-XFR,141162,False
1060473,HKEX-XFR,141158,False
1060473,HKEX-XFR,141156,False
1060473,HKEX-XFR,141155,False
1060473,HKEX-XFR,141159,False
1060473,HKEX-XFR,141160,False
1060473,HKEX-XFR,141153,False
1060473,HKEX-XFR,141161,False
1060473,HKEX-XFR,141154,False
1060473,HKEX-XFR,141157,False
1060475,HKEX-INA,156002,False
1060480,HKEX-ETFA,145277,False
1060480,HKEX-INA,156003,False
1060489,HKEX-XFR,141178,False
1060510,HKEX-DLKV,154713,False
1060537,HKEX-CARD,200793,False
1060539,HKEX-MDKA,156610,False
1060543,HKEX-KOTD,160611,False
1060543,HKEX-DLKV,154714,False
1060546,HKEX-SIMP,165360,False
1060563,HKEX-SIMP,165362,False
1060563,HKEX-MDKA,156612,False
1060564,HKEX-ETFB3,156575,False
1060564,HKEX-ETFB3,156574,False
1060564,HKEX-ETFB3,156573,False
1060564,HKEX-ETFB3,156569,False
1060564,HKEX-ETFB3,156568,False
1060564,HKEX-ETFB3,156572,False
1060564,HKEX-ETFB3,156571,False
1060564,HKEX-ETFB3,156570,False
1060565,HKEX-ETFB3,156567,False
1060565,HKEX-ETFB,151296,False
1060565,HKEX-ETFB,151295,False
1060565,HKEX-ETFB,151293,False
1060565,HKEX-ETFB,151291,False
1060565,HKEX-ETFB,151289,False
1060566,HKEX-ETFB,151294,False
1060566,HKEX-ETFB,151292,False
1060566,HKEX-ETFB,151288,False
1060566,HKEX-ETFB,151290,False
1060566,HKEX-ETFB,151287,False
1060567,HKEX-ETFA,145275,False
1060567,HKEX-ETFA,145273,False
1060567,HKEX-ETFA,145272,False
1060567,HKEX-ETFA,145271,False
1060567,HKEX-ETFA,145270,False
1060567,HKEX-ETFA,145268,False
1060567,HKEX-ETFA,145274,False
1060567,HKEX-ETFA,145276,False
1060567,HKEX-ETFA,145269,False
1060568,HKEX-ETFA,145267,False
1060569,HKEX-CARD,200786,False
1060569,HKEX-CARD,200785,False
1060569,HKEX-CARD,200784,False
1060569,HKEX-CARD,200782,False
1060569,HKEX-CARD,200781,False
1060569,HKEX-CARD,200780,False
1060569,HKEX-CARD,200779,False
1060569,HKEX-CARD,200778,False
1060570,HKEX-CARD,200783,False
1060570,HKEX-CARD,200777,False
1060570,HKEX-DLKV,154712,False
1060570,HKEX-DLKV,154710,False
1060570,HKEX-DLKV,154709,False
1060570,HKEX-DLKV,154708,False
1060570,HKEX-DLKV,154707,False
1060570,HKEX-DLKV,154706,False
1060570,HKEX-DLKV,154704,False
1060570,HKEX-DLKV,154703,False
1060570,HKEX-DLKV,154705,False
1060571,HKEX-DLKV,154711,False
1060571,HKEX-FSR,151486,False
1060571,HKEX-FSR,151485,False
1060571,HKEX-FSR,151484,False
1060571,HKEX-FSR,151482,False
1060571,HKEX-FSR,151481,False
1060571,HKEX-FSR,151480,False
1060571,HKEX-FSR,151479,False
1060571,HKEX-FSR,151477,False
1060571,HKEX-FSR,151483,False
1060571,HKEX-FSR,151478,False
1060571,HKEX-INA,156001,False
1060571,HKEX-INA,156000,False
1060571,HKEX-INA,155999,False
1060571,HKEX-INA,155998,False
1060571,HKEX-INA,155995,False
1060571,HKEX-INA,155993,False
1060571,HKEX-INA,155997,False
1060571,HKEX-INA,155992,False
1060571,HKEX-INA,155996,False
1060571,HKEX-INA,155994,False
1060571,HKEX-JNAF,150000,False
1060571,HKEX-JNAF,149999,False
1060571,HKEX-JNAF,149997,False
1060571,HKEX-JNAF,149995,False
1060571,HKEX-JNAF,149993,False
1060571,HKEX-JNAF,149991,False
1060571,HKEX-JNAF,149996,False
1060571,HKEX-JNAF,149992,False
1060571,HKEX-JNAF,149994,False
1060571,HKEX-JNAF,149998,False
1060572,HKEX-KOTD,160607,False
1060572,HKEX-KOTD,160604,False
1060572,HKEX-KOTD,160602,False
1060572,HKEX-KOTD,160600,False
1060572,HKEX-KOTD,160601,False
1060572,HKEX-KOTD,160609,False
1060572,HKEX-KOTD,160606,False
1060572,HKEX-KOTD,160608,False
1060572,HKEX-KOTD,160605,False
1060572,HKEX-KOTD,160603,False
1060572,HKEX-MDKA,156606,False
1060572,HKEX-MDKA,156604,False
1060572,HKEX-MDKA,156602,False
1060572,HKEX-MDKA,156600,False
1060572,HKEX-MDKA,156605,False
1060572,HKEX-MDKA,156607,False
1060572,HKEX-MDKA,156608,False
1060572,HKEX-MDKA,156601,False
1060572,HKEX-MDKA,156603,False
1060572,HKEX-MDKA,156609,False
1060572,HKEX-OIT,141578,False
1060572,HKEX-OIT,141576,False
1060572,HKEX-OIT,141575,False
1060572,HKEX-OIT,141574,False
1060572,HKEX-OIT,141572,False
1060572,HKEX-OIT,141570,False
1060572,HKEX-OIT,141579,False
1060572,HKEX-OIT,141573,False
1060572,HKEX-OIT,141571,False
1060573,HKEX-OIT,141577,False
1060573,HKEX-SIMP,165356,False
1060573,HKEX-SIMP,165354,False
1060573,HKEX-SIMP,165351,False
1060573,HKEX-SIMP,165349,False
1060573,HKEX-SIMP,165353,False
1060573,HKEX-SIMP,165350,False
1060573,HKEX-SIMP,165355,False
1060573,HKEX-SIMP,165357,False
1060573,HKEX-SIMP,165352,False
1060573,HKEX-SIMP,165358,False
1060574,HKEX-XFR,141177,False
1060574,HKEX-XFR,141175,False
1060574,HKEX-XFR,141174,False
1060574,HKEX-XFR,141172,False
1060574,HKEX-XFR,141170,False
1060574,HKEX-XFR,141168,False
1060574,HKEX-XFR,141176,False
1060574,HKEX-XFR,141171,False
1060574,HKEX-XFR,141169,False
1060574,HKEX-XFR,141173,False
1060582,HKEX-INA,156017,False
1060582,HKEX-SIMP,165375,False
1060585,HKEX-KOTD,160623,False
1060585,HKEX-KOTD,160624,False
1060612,HKEX-MDKA,156623,False
1060612,HKEX-OIT,141591,False
1060619,HKEX-OIT,141592,False
1060622,HKEX-ETFA,145288,False
1060624,HKEX-KOTD,160625,False
1060646,HKEX-XFR,141192,False
1060647,HKEX-MDKA,156624,False
1060647,HKEX-ETFA,145291,False
1060647,HKEX-CARD,200804,False
1060663,HKEX-SIMP,165376,False
1060666,HKEX-SIMP,165378,False
1060667,HKEX-ETFB3,156589,False
1060667,HKEX-ETFB3,156587,False
1060667,HKEX-ETFB3,156585,False
1060667,HKEX-ETFB3,156586,False
1060667,HKEX-ETFB3,156583,False
1060667,HKEX-ETFB3,156584,False
1060667,HKEX-ETFB3,156588,False
1060667,HKEX-ETFB3,156581,False
1060667,HKEX-ETFB3,156582,False
1060667,HKEX-ETFB3,156580,False
1060668,HKEX-ETFB,151304,False
1060668,HKEX-ETFB,151303,False
1060668,HKEX-ETFB,151308,False
1060668,HKEX-ETFB,151305,False
1060668,HKEX-ETFB,151301,False
1060668,HKEX-ETFB,151307,False
1060668,HKEX-ETFB,151310,False
1060669,HKEX-ETFB,151306,False
1060669,HKEX-ETFB,151302,False
1060669,HKEX-ETFB,151309,False
1060669,HKEX-ETFA,145287,False
1060669,HKEX-ETFA,145285,False
1060669,HKEX-ETFA,145284,False
1060669,HKEX-ETFA,145282,False
1060669,HKEX-ETFA,145280,False
1060669,HKEX-ETFA,145278,False
1060669,HKEX-ETFA,145286,False
1060670,HKEX-ETFA,145279,False
1060671,HKEX-ETFA,145281,False
1060671,HKEX-ETFA,145283,False
1060672,HKEX-CARD,200802,False
1060672,HKEX-CARD,200801,False
1060672,HKEX-CARD,200800,False
1060672,HKEX-CARD,200799,False
1060672,HKEX-CARD,200795,False
1060672,HKEX-CARD,200803,False
1060672,HKEX-CARD,200797,False
1060672,HKEX-CARD,200794,False
1060672,HKEX-CARD,200798,False
1060672,HKEX-CARD,200796,False
1060673,HKEX-DLKV,154724,False
1060673,HKEX-DLKV,154722,False
1060673,HKEX-DLKV,154721,False
1060673,HKEX-DLKV,154720,False
1060673,HKEX-DLKV,154719,False
1060673,HKEX-DLKV,154718,False
1060673,HKEX-DLKV,154717,False
1060673,HKEX-DLKV,154716,False
1060673,HKEX-DLKV,154723,False
1060673,HKEX-DLKV,154715,False
1060673,HKEX-FSR,151492,False
1060673,HKEX-FSR,151490,False
1060673,HKEX-FSR,151491,False
1060673,HKEX-FSR,151494,False
1060673,HKEX-FSR,151496,False
1060673,HKEX-FSR,151493,False
1060673,HKEX-FSR,151488,False
1060673,HKEX-FSR,151495,False
1060673,HKEX-FSR,151487,False
1060673,HKEX-FSR,151489,False
1060673,HKEX-INA,156016,False
1060673,HKEX-INA,156015,False
1060673,HKEX-INA,156014,False
1060673,HKEX-INA,156012,False
1060673,HKEX-INA,156011,False
1060673,HKEX-INA,156008,False
1060674,HKEX-INA,156009,False
1060674,HKEX-INA,156010,False
1060674,HKEX-INA,156007,False
1060674,HKEX-INA,156013,False
1060674,HKEX-JNAF,150006,False
1060674,HKEX-JNAF,150003,False
1060674,HKEX-JNAF,150002,False
1060674,HKEX-JNAF,150001,False
1060674,HKEX-JNAF,150007,False
1060674,HKEX-JNAF,150009,False
1060674,HKEX-JNAF,150005,False
1060674,HKEX-JNAF,150010,False
1060674,HKEX-JNAF,150008,False
1060674,HKEX-JNAF,150004,False
1060674,HKEX-KOTD,160619,False
1060674,HKEX-KOTD,160617,False
1060674,HKEX-KOTD,160615,False
1060674,HKEX-KOTD,160613,False
1060674,HKEX-KOTD,160618,False
1060674,HKEX-KOTD,160621,False
1060674,HKEX-KOTD,160616,False
1060674,HKEX-KOTD,160614,False
1060674,HKEX-KOTD,160622,False
1060674,HKEX-KOTD,160620,False
1060674,HKEX-MDKA,156622,False
1060674,HKEX-MDKA,156617,False
1060674,HKEX-MDKA,156616,False
1060674,HKEX-MDKA,156615,False
1060674,HKEX-MDKA,156614,False
1060674,HKEX-MDKA,156613,False
1060674,HKEX-MDKA,156619,False
1060674,HKEX-MDKA,156620,False
1060674,HKEX-MDKA,156621,False
1060674,HKEX-MDKA,156618,False
1060675,HKEX-OIT,141589,False
1060675,HKEX-OIT,141587,False
1060675,HKEX-OIT,141586,False
1060675,HKEX-OIT,141585,False
1060675,HKEX-OIT,141583,False
1060675,HKEX-OIT,141582,False
1060675,HKEX-OIT,141581,False
1060675,HKEX-OIT,141588,False
1060675,HKEX-OIT,141584,False
1060675,HKEX-OIT,141590,False
1060676,HKEX-SIMP,165374,False
1060676,HKEX-SIMP,165373,False
1060676,HKEX-SIMP,165371,False
1060676,HKEX-SIMP,165369,False
1060676,HKEX-SIMP,165367,False
1060676,HKEX-SIMP,165366,False
1060676,HKEX-SIMP,165365,False
1060676,HKEX-SIMP,165370,False
1060676,HKEX-SIMP,165372,False
1060676,HKEX-SIMP,165368,False
1060676,HKEX-XFR,141190,False
1060676,HKEX-XFR,141189,False
1060676,HKEX-XFR,141188,False
1060676,HKEX-XFR,141187,False
1060676,HKEX-XFR,141186,False
1060676,HKEX-XFR,141184,False
1060676,HKEX-XFR,141182,False
1060676,HKEX-XFR,141181,False
1060676,HKEX-XFR,141183,False
1060676,HKEX-XFR,141185,False
1060679,HKEX-ETFB,151323,False
1060679,HKEX-INA,156030,False
1060709,HKEX-JNAF,150021,False
1060709,HKEX-KOTD,160636,False
1060714,HKEX-MDKA,156638,False
1060714,HKEX-OIT,141603,False
1060722,HKEX-KOTD,160637,False
1060728,HKEX-SIMP,165389,False
1060742,HKEX-INA,156032,False
1060742,HKEX-DLKV,154737,False
1060748,HKEX-INA,156034,False
