time,instrument,price,quantity,passive_order_id,active_order_id
777367,HKEX-CARD,9584,1,151784,151799
777367,HKEX-CARD,9587,1,151787,151800
777367,HKEX-ETFA,9000,8,106830,106844
777367,HKEX-CARD,9587,8,151787,151801
777367,HKEX-INA,8680,8,114903,114913
777369,HKEX-ETFB3,9362,10,115500,115697
777380,HKEX-CARD,9576,10,151803,151812
777380,HKEX-DLKV,8602,10,114827,114837
777380,HKEX-ETFB3,9362,10,115697,115706
777393,HKEX-SIMP,9981,2,123110,123119
777401,HKEX-MDKA,8608,7,114722,114732
777401,HKEX-ETFA,9004,10,106846,106856
777401,HKEX-ETFA,9000,10,106845,106857
777401,HKEX-CARD,9576,10,151803,151814
777402,HKEX-ETFB,9281,10,111966,111975
777402,HKEX-ETFB3,9362,10,115697,115707
777403,HKEX-DLKV,8602,10,114827,114838
777403,HKEX-CARD,9576,15,151803,151816
777403,HKEX-ETFA,9004,10,106846,106858
777403,HKEX-ETFB,9281,10,111966,111976
777403,HKEX-ETFB3,9362,10,115697,115708
777403,HKEX-FSR,9046,10,111531,111542
777404,HKEX-INA,8705,10,114914,114926
777405,HKEX-OIT,9216,10,105276,105286
777420,HKEX-FSR,9046,25,111531,111543
777426,HKEX-CARD,9576,15,151803,151817
777426,HKEX-CARD,9577,85,151805,151817
777429,HKEX-FSR,9046,15,111531,111544
777429,HKEX-FSR,9044,35,111533,111544
777429,HKEX-FSR,9044,8,111533,111545
777430,HKEX-ETFA,9004,30,106846,106859
777430,HKEX-ETFA,9006,20,106848,106859
777430,HKEX-CARD,9577,15,151805,151819
777430,HKEX-CARD,9578,85,151807,151819
777431,HKEX-ETFB3,9362,10,115697,115710
777431,HKEX-ETFB3,9363,15,115699,115710
777432,HKEX-CARD,9578,65,151807,151820
777432,HKEX-CARD,9578,5,151813,151820
777432,HKEX-CARD,9579,30,151809,151820
777435,HKEX-ETFA,9006,50,106848,106861
777437,HKEX-DLKV,8604,8,114828,114839
777438,HKEX-OIT,9216,8,105276,105287
777470,HKEX-XFR,9183,8,105340,105351
777470,HKEX-ETFB3,9363,8,115699,115711
777470,HKEX-JNAF,9418,8,111122,111132
777470,HKEX-FSR,9044,8,111533,111546
777470,HKEX-FSR,9044,8,111533,111547
777470,HKEX-ETFB,9281,10,111966,111977
777473,HKEX-ETFB,9274,10,111556,111980
777475,HKEX-MDKA,8608,7,114722,114733
777475,HKEX-XFR,9183,10,105340,105352
777475,HKEX-INA,8705,1,114914,114927
777478,HKEX-JNAF,9433,4,110842,111133
777481,HKEX-JNAF,9433,5,111133,111143
777483,HKEX-CARD,9571,4,151822,151832
777483,HKEX-CARD,9571,4,151822,151833
777483,HKEX-CARD,9571,4,151822,151834
777483,HKEX-CARD,9571,4,151822,151835
777483,HKEX-XFR,9162,5,105354,105363
777485,HKEX-ETFB3,9362,10,115713,115723
777486,HKEX-CARD,9571,15,151822,151836
777486,HKEX-CARD,9571,10,151822,151837
777499,HKEX-JNAF,9433,10,111133,111144
777507,HKEX-ETFA,8993,5,106864,106875
777509,HKEX-CARD,9571,9,151822,151838
777509,HKEX-CARD,9572,91,151824,151838
777516,HKEX-MDKA,8608,25,114734,114744
777523,HKEX-CARD,9572,9,151824,151839
777523,HKEX-CARD,9573,11,151826,151839
777546,HKEX-SIMP,9992,50,123125,123137
777546,HKEX-SIMP,9991,50,123127,123137
777550,HKEX-DLKV,8590,10,114841,114852
777550,HKEX-JNAF,9433,8,111133,111145
777563,HKEX-OIT,9233,7,105288,105300
777567,HKEX-XFR,9186,5,105140,105364
777568,HKEX-ETFB3,9364,25,115725,115734
777568,HKEX-OIT,9223,8,105301,105311
777568,HKEX-SIMP,9982,8,123138,123148
777568,HKEX-MDKA,8560,3,114745,114755
777568,HKEX-ETFA,8989,8,106876,106886
777568,HKEX-ETFB,9265,8,111990,111999
777568,HKEX-CARD,9559,8,151842,151851
777568,HKEX-INA,8693,8,114940,114950
777568,HKEX-ETFB,9265,5,111990,112000
777602,HKEX-FSR,9026,8,111560,111570
777604,HKEX-JNAF,9437,5,111146,111156
777604,HKEX-KOTD,10845,5,117525,117535
777604,HKEX-ETFA,8993,10,106877,106887
777604,HKEX-DLKV,8587,10,114854,114863
777604,HKEX-ETFA,8989,10,106876,106888
777605,HKEX-ETFB,9265,10,111990,112001
777605,HKEX-ETFB,9265,10,111990,112002
777613,HKEX-CARD,9559,42,151842,151852
777613,HKEX-CARD,9560,58,151844,151852
777620,HKEX-ETFB,9265,8,111990,112003
777637,HKEX-ETFB3,9364,2,115725,115738
777640,HKEX-MDKA,8560,2,114745,114758
777640,HKEX-OIT,9223,8,105301,105312
777642,HKEX-CARD,9560,1,151844,151853
777671,HKEX-FSR,9026,2,111560,111575
777673,HKEX-MDKA,8594,5,114757,114759
777674,HKEX-SIMP,9983,5,123149,123150
777674,HKEX-SIMP,9997,8,123092,123150
777676,HKEX-ETFB3,9364,8,115741,115750
777683,HKEX-XFR,9176,8,105374,105384
777692,HKEX-INA,8701,10,114955,114964
777694,HKEX-CARD,9560,15,151855,151864
777695,HKEX-ETFB3,9364,10,115741,115752
777695,HKEX-JNAF,9446,5,111157,111167
777707,HKEX-FSR,9012,8,111576,111587
777707,HKEX-CARD,9560,4,151855,151865
777708,HKEX-JNAF,9446,8,111157,111168
777711,HKEX-SIMP,10004,37,123150,123160
777711,HKEX-SIMP,10003,100,123152,123160
777711,HKEX-SIMP,10002,63,123154,123160
777713,HKEX-CARD,9560,31,151855,151866
777713,HKEX-CARD,9561,69,151857,151866
777721,HKEX-ETFA,8993,10,106891,106900
777721,HKEX-ETFB,9265,10,112005,112014
777721,HKEX-JNAF,9446,10,111157,111169
777721,HKEX-OIT,9240,8,105313,105324
777725,HKEX-JNAF,9446,10,111157,111170
777748,HKEX-JNAF,9446,8,111157,111171
777762,HKEX-CARD,9561,10,151857,151867
777762,HKEX-ETFA,8989,5,106890,106901
777762,HKEX-CARD,9561,10,151857,151868
777768,HKEX-JNAF,9450,8,111158,111172
777768,HKEX-SIMP,10002,3,123154,123161
777770,HKEX-CARD,9579,5,151831,151869
777771,HKEX-INA,8704,5,114951,114965
777773,HKEX-XFR,9185,5,105385,105386
777775,HKEX-ETFB,9263,4,111719,112025
777776,HKEX-ETFB,9265,10,112016,112026
777777,HKEX-ETFA,8989,8,106902,106912
777777,HKEX-CARD,9583,8,151870,151879
777777,HKEX-SIMP,9991,8,123162,123172
777778,HKEX-CARD,9583,4,151870,151880
777779,HKEX-CARD,9581,8,151869,151881
777779,HKEX-CARD,9581,8,151869,151883
777796,HKEX-INA,8708,5,114965,114975
777796,HKEX-JNAF,9456,5,111173,111184
777796,HKEX-MDKA,8644,5,114769,114779
777796,HKEX-SIMP,9991,5,123162,123180
777796,HKEX-ETFA,8989,10,106902,106913
777796,HKEX-FSR,9011,10,111590,111600
777797,HKEX-FSR,9011,10,111590,111601
777804,HKEX-MDKA,8644,1,114769,114780
777805,HKEX-CARD,9583,8,151870,151886
777809,HKEX-ETFA,8989,10,106902,106914
777830,HKEX-ETFB,9265,10,112016,112027
777830,HKEX-ETFA,8989,10,106902,106916
777830,HKEX-ETFB,9263,6,111719,112029
777830,HKEX-ETFB,9263,4,112015,112029
777832,HKEX-FSR,9011,10,111590,111602
777832,HKEX-ETFA,8989,12,106902,106917
777839,HKEX-OIT,9257,8,105325,105335
777839,HKEX-DLKV,8566,8,114880,114889
777868,HKEX-ETFB,9265,10,112016,112030
777868,HKEX-ETFB3,9364,10,115757,115768
777868,HKEX-FSR,9011,5,111590,111604
777868,HKEX-INA,8712,5,114966,114977
777868,HKEX-INA,8712,5,114966,114978
777868,HKEX-INA,8708,1,114965,114979
777868,HKEX-OIT,9257,10,105325,105336
777868,HKEX-XFR,9199,5,105387,105396
777868,HKEX-XFR,9195,8,105386,105397
777868,HKEX-ETFB3,9364,8,115757,115769
777868,HKEX-DLKV,8566,8,114880,114890
777868,HKEX-OIT,9257,8,105325,105337
777868,HKEX-FSR,9007,8,111589,111605
777869,HKEX-ETFB3,9364,5,115757,115770
777875,HKEX-FSR,9011,8,111590,111606
777881,HKEX-CARD,9571,50,151888,151897
777881,HKEX-CARD,9572,50,151890,151897
777881,HKEX-ETFA,8989,50,106918,106928
777882,HKEX-ETFB3,9364,3,115772,115781
777882,HKEX-JNAF,9477,5,111185,111195
777883,HKEX-ETFB,9265,5,112032,112041
777883,HKEX-CARD,9572,10,151890,151904
777883,HKEX-ETFB3,9364,5,115772,115782
777898,HKEX-JNAF,9477,8,111185,111196
777898,HKEX-FSR,9005,8,111607,111619
777901,HKEX-JNAF,9477,10,111185,111197
777970,HKEX-CARD,9572,5,151890,151905
777970,HKEX-JNAF,9477,8,111185,111198
777970,HKEX-CARD,9572,3,151890,151906
777970,HKEX-OIT,9249,8,105338,105349
777970,HKEX-ETFA,8987,8,106920,106931
777970,HKEX-CARD,9572,1,151890,151907
777970,HKEX-SIMP,9971,8,123181,123191
777971,HKEX-ETFB,9263,2,112031,112042
777971,HKEX-CARD,9569,8,151887,151908
777972,HKEX-JNAF,9477,10,111185,111199
777972,HKEX-CARD,9569,5,151887,151909
777972,HKEX-JNAF,9477,9,111185,111200
777974,HKEX-ETFB3,9362,5,115735,115784
777974,HKEX-ETFB3,9362,5,115753,115784
777974,HKEX-ETFB3,9362,5,115755,115784
777974,HKEX-ETFB3,9350,10,115766,115784
777974,HKEX-ETFB3,9349,25,113708,115784
777974,HKEX-ETFB3,9349,55,113708,115786
777978,HKEX-XFR,9180,2,105398,105408
777978,HKEX-CARD,9569,1,151887,151910
777978,HKEX-INA,8683,1,114980,114990
777978,HKEX-KOTD,10839,5,117558,117569
777981,HKEX-JNAF,9491,5,110784,111201
777982,HKEX-KOTD,10870,5,117221,117570
777984,HKEX-CARD,9572,10,151912,151921
777985,HKEX-CARD,9572,4,151912,151922
778015,HKEX-ETFA,8984,50,106933,106942
778016,HKEX-CARD,9572,36,151912,151924
778016,HKEX-CARD,9573,64,151914,151924
778024,HKEX-CARD,9573,36,151914,151925
778024,HKEX-CARD,9574,64,151916,151925
778037,HKEX-OIT,9254,8,105350,105360
778037,HKEX-DLKV,8588,8,114902,114911
778038,HKEX-ETFA,8986,10,106935,106945
778038,HKEX-ETFB,9265,10,112044,112053
778038,HKEX-ETFB3,9344,10,115786,115793
778038,HKEX-JNAF,9507,10,111201,111211
778039,HKEX-INA,8674,10,114992,115001
778071,HKEX-ETFB,9265,10,112044,112054
778071,HKEX-ETFB,9265,10,112044,112055
778071,HKEX-ETFB3,9344,10,115786,115794
778071,HKEX-ETFB3,9344,10,115786,115795
778071,HKEX-DLKV,8586,10,114901,114912
778071,HKEX-ETFB3,9344,10,115786,115796
778077,HKEX-DLKV,8586,2,114901,114913
778077,HKEX-XFR,9171,6,105409,105419
778078,HKEX-ETFA,8980,7,106946,106956
778079,HKEX-CARD,9584,20,151926,151927
778081,HKEX-MDKA,8785,5,114566,114801
778083,HKEX-XFR,9179,8,105420,105430
778083,HKEX-FSR,9010,8,111632,111642
778083,HKEX-DLKV,8597,8,114915,114924
778104,HKEX-JNAF,9496,8,111213,111223
778136,HKEX-INA,8682,10,115003,115012
778139,HKEX-KOTD,10893,5,117580,117590
778139,HKEX-ETFB,9265,9,112057,112066
778139,HKEX-FSR,9014,10,111633,111644
778139,HKEX-INA,8682,10,115003,115013
778139,HKEX-JNAF,9496,10,111213,111225
778139,HKEX-XFR,9183,5,105421,105432
778139,HKEX-XFR,9183,5,105421,105433
778158,HKEX-JNAF,9496,8,111213,111226
778158,HKEX-FSR,9010,8,111632,111645
778158,HKEX-ETFA,8980,8,106946,106957
778158,HKEX-CARD,9584,8,151927,151937
778158,HKEX-OIT,9249,8,105361,105372
778158,HKEX-ETFB,9263,1,112056,112067
778158,HKEX-CARD,9585,1,151885,151938
778158,HKEX-ETFA,8984,5,106947,106958
778158,HKEX-ETFB3,9343,5,115798,115807
778165,HKEX-FSR,9014,4,111633,111646
778165,HKEX-ETFB3,9346,8,115808,115818
778165,HKEX-CARD,9585,5,151885,151939
778165,HKEX-INA,8678,8,115002,115014
778167,HKEX-CARD,9585,2,151885,151940
778167,HKEX-CARD,9587,20,151840,151940
778169,HKEX-MDKA,8878,5,114504,114811
778169,HKEX-MDKA,8888,5,114661,114811
778174,HKEX-INA,8722,8,115016,115025
778200,HKEX-SIMP,9965,8,123216,123225
778210,HKEX-FSR,9002,10,111648,111660
778213,HKEX-CARD,9594,5,151940,151950
778214,HKEX-OIT,9252,10,105374,105385
778215,HKEX-INA,8718,5,115015,115026
778215,HKEX-JNAF,9506,5,111227,111239
778215,HKEX-KOTD,10903,5,117591,117601
778215,HKEX-MDKA,8906,5,114811,114821
778215,HKEX-JNAF,9506,10,111227,111240
778215,HKEX-KOTD,10903,10,117591,117602
778222,HKEX-JNAF,9506,12,111227,111241
778222,HKEX-ETFA,8984,8,106960,106970
778241,HKEX-DLKV,8589,8,114926,114935
778242,HKEX-OIT,9250,8,105373,105386
778248,HKEX-ETFA,8984,5,106960,106971
778268,HKEX-XFR,9147,8,9484,105446
778268,HKEX-INA,8718,8,115015,115027
778268,HKEX-DLKV,8587,8,114925,114936
778268,HKEX-CARD,9594,8,151940,151952
778276,HKEX-CARD,9642,10,151794,151953
778277,HKEX-MDKA,9013,5,114430,114822
778277,HKEX-MDKA,9015,5,114413,114822
778280,HKEX-ETFA,8980,50,106972,106982
778300,HKEX-JNAF,9498,8,111242,111252
778304,HKEX-KOTD,10909,2,117603,117613
778304,HKEX-INA,8678,2,115028,115038
778304,HKEX-DLKV,8594,2,114937,114948
778304,HKEX-KOTD,10909,23,117603,117614
778329,HKEX-ETFA,8984,50,106973,106984
778332,HKEX-ETFA,8981,1,106983,106985
778334,HKEX-ETFB3,9348,10,115822,115832
778334,HKEX-ETFB,9256,10,112079,112088
778334,HKEX-ETFB,9256,10,112079,112089
778334,HKEX-ETFB3,9348,10,115822,115833
778334,HKEX-JNAF,9502,10,111243,111253
778340,HKEX-ETFB3,9348,10,115822,115834
778347,HKEX-JNAF,9498,6,111242,111255
778347,HKEX-ETFA,8978,8,106974,106989
778367,HKEX-CARD,9714,8,151953,151964
778367,HKEX-OIT,9280,8,105387,105397
778367,HKEX-ETFA,8978,8,106974,106991
778367,HKEX-FSR,8996,8,111662,111675
778367,HKEX-ETFB,9254,1,112078,112092
778367,HKEX-MDKA,9026,40,114822,114832
778377,HKEX-SIMP,9962,8,123173,123240
778378,HKEX-ETFB3,9346,8,115837,115847
778378,HKEX-ETFB3,9348,10,115838,115848
778379,HKEX-ETFA,8980,8,106993,107002
778381,HKEX-JNAF,9494,12,111256,111266
778381,HKEX-XFR,9174,5,105445,105467
778381,HKEX-XFR,9175,7,105458,105467
778381,HKEX-ETFB,9251,10,112094,112103
778381,HKEX-ETFB3,9348,10,115838,115850
778382,HKEX-JNAF,9494,9,111256,111268
778385,HKEX-ETFB,9251,5,112094,112104
778413,HKEX-FSR,8998,10,111676,111687
778414,HKEX-MDKA,9087,1,114833,114843
778414,HKEX-OIT,9282,10,105399,105408
778437,HKEX-OIT,9280,8,105398,105409
778443,HKEX-SIMP,9954,42,123240,123249
778443,HKEX-SIMP,9955,58,123242,123249
778445,HKEX-SIMP,9955,42,123242,123250
778445,HKEX-SIMP,9956,150,123244,123250
778445,HKEX-SIMP,9957,58,123246,123250
778446,HKEX-FSR,8998,3,111676,111688
778447,HKEX-ETFB,9251,10,112094,112105
778448,HKEX-FSR,8998,37,111676,111689
778451,HKEX-FSR,9002,50,111677,111691
778466,HKEX-CARD,9701,8,151965,151979
778466,HKEX-XFR,9171,8,105457,105468
778466,HKEX-DLKV,8596,8,114949,114960
778466,HKEX-CARD,9701,6,151965,151980
778466,HKEX-ETFB3,9346,8,115837,115852
778466,HKEX-SIMP,9952,5,123175,123251
778466,HKEX-ETFA,8980,10,106993,107004
778466,HKEX-ETFB3,9348,10,115838,115853
778466,HKEX-ETFA,8980,10,106993,107005
778466,HKEX-JNAF,9494,10,111256,111269
778466,HKEX-KOTD,10905,5,117615,117626
778472,HKEX-ETFA,8957,10,106987,107007
778472,HKEX-INA,8692,9,115040,115051
778472,HKEX-MDKA,9087,7,114833,114844
778476,HKEX-FSR,9005,5,111661,111692
778477,HKEX-KOTD,10923,5,116934,117627
778481,HKEX-ETFB3,9348,8,115855,115864
778481,HKEX-ETFA,8944,8,107007,107016
778482,HKEX-XFR,9168,5,105470,105479
778482,HKEX-INA,8701,10,115053,115062
778482,HKEX-JNAF,9515,9,111270,111280
778482,HKEX-INA,8701,10,115053,115063
778482,HKEX-XFR,9168,5,105470,105480
778482,HKEX-ETFA,8944,5,107007,107017
778482,HKEX-ETFB3,9348,5,115855,115865
778503,HKEX-SIMP,9969,8,123253,123262
778503,HKEX-FSR,9006,8,111692,111703
778511,HKEX-ETFB3,9348,5,115855,115866
778518,HKEX-INA,8697,5,115052,115064
778518,HKEX-JNAF,9515,5,111270,111282
778518,HKEX-KOTD,10937,5,117627,117638
778518,HKEX-MDKA,9087,5,114845,114855
778518,HKEX-KOTD,10937,1,117627,117639
778537,HKEX-MDKA,9087,40,114845,114856
778544,HKEX-ETFB3,9348,6,115855,115867
778544,HKEX-KOTD,10937,2,117627,117640
778544,HKEX-INA,8697,2,115052,115067
778544,HKEX-DLKV,8603,2,114961,114971
778547,HKEX-FSR,9006,37,111692,111704
778547,HKEX-FSR,9004,13,111694,111704
778547,HKEX-FSR,9004,50,111694,111705
778562,HKEX-JNAF,9515,3,111270,111283
778562,HKEX-JNAF,9515,2,111270,111284
778562,HKEX-ETFA,8940,8,107006,107019
778567,HKEX-INA,8697,7,115052,115068
778574,HKEX-XFR,9180,30,105444,105481
778574,HKEX-JNAF,9508,10,111285,111295
778574,HKEX-ETFB,9251,3,112117,112126
778574,HKEX-ETFB3,9348,10,115869,115878
778574,HKEX-KOTD,10934,10,117641,117651
778574,HKEX-FSR,9019,8,111707,111717
778574,HKEX-CARD,9693,3,151997,152008
778580,HKEX-ETFA,8944,10,107021,107031
778580,HKEX-ETFB3,9348,10,115869,115879
778581,HKEX-CARD,9693,10,151997,152013
778581,HKEX-ETFA,8944,5,107021,107032
778581,HKEX-ETFB,9251,3,112117,112127
778583,HKEX-ETFB,9251,10,112117,112128
778583,HKEX-JNAF,9508,10,111285,111297
778586,HKEX-FSR,9019,5,111707,111718
778586,HKEX-XFR,9181,5,105481,105491
778586,HKEX-ETFB,9251,10,112117,112129
778587,HKEX-JNAF,9508,10,111285,111299
778587,HKEX-FSR,9019,10,111707,111719
778590,HKEX-CARD,9693,10,151997,152016
778594,HKEX-ETFB,9251,5,112117,112130
778594,HKEX-ETFA,8944,5,107021,107034
778595,HKEX-ETFB3,9348,5,115869,115882
778595,HKEX-CARD,9693,10,151997,152018
778599,HKEX-ETFA,8940,8,107020,107035
778599,HKEX-OIT,9270,8,105421,105431
778632,HKEX-ETFA,8944,10,107021,107036
778632,HKEX-KOTD,10934,1,117641,117653
778637,HKEX-CARD,9693,8,151997,152020
778638,HKEX-JNAF,9508,10,111285,111300
778643,HKEX-OIT,9270,8,105421,105434
778645,HKEX-CARD,9693,1,151997,152021
778645,HKEX-FSR,9019,8,111707,111720
778661,HKEX-SIMP,9953,8,123263,123274
778662,HKEX-ETFA,8944,10,107021,107038
778662,HKEX-ETFB3,9348,10,115869,115884
778662,HKEX-CARD,9695,10,151998,152028
778662,HKEX-FSR,9019,10,111707,111721
778662,HKEX-MDKA,9072,1,114857,114867
778662,HKEX-OIT,9272,10,105422,105435
778662,HKEX-CARD,9693,1,151997,152029
778662,HKEX-XFR,9181,8,105481,105494
778662,HKEX-DLKV,8583,8,114972,114982
778662,HKEX-ETFB3,9346,8,115868,115885
778663,HKEX-ETFB,9251,5,112117,112131
778668,HKEX-DLKV,8583,5,114972,114983
778668,HKEX-DLKV,8583,3,114972,114984
778668,HKEX-OIT,9272,4,105422,105436
778668,HKEX-KOTD,10938,1,117642,117654
778670,HKEX-CARD,9700,8,152023,152030
778671,HKEX-JNAF,9520,5,110591,111301
778672,HKEX-KOTD,10940,5,116890,117655
778674,HKEX-XFR,9147,2,9484,105496
778678,HKEX-ETFB,9251,5,112133,112142
778678,HKEX-KOTD,10945,10,117655,117665
778703,HKEX-JNAF,9522,1,111301,111311
778704,HKEX-CARD,9701,42,152030,152046
778704,HKEX-JNAF,9522,12,111301,111312
778705,HKEX-XFR,9141,12,105496,105505
778705,HKEX-CARD,9700,44,152032,152049
778707,HKEX-CARD,9700,10,152032,152050
778707,HKEX-ETFA,8941,10,107040,107049
778710,HKEX-ETFB3,9347,10,115887,115896
778710,HKEX-ETFB,9251,10,112133,112143
778710,HKEX-ETFB,9251,10,112133,112144
778710,HKEX-ETFB3,9347,10,115887,115897
778710,HKEX-JNAF,9522,10,111301,111314
778710,HKEX-KOTD,10945,10,117655,117666
778711,HKEX-ETFA,8941,10,107040,107050
778711,HKEX-ETFB3,9347,10,115887,115898
778712,HKEX-SIMP,9956,5,123278,123288
778712,HKEX-ETFA,8941,10,107040,107051
778712,HKEX-ETFB,9251,10,112133,112145
778743,HKEX-ETFB3,9347,10,115887,115899
778750,HKEX-ETFA,8937,8,107039,107052
778750,HKEX-INA,8679,7,115082,115093
778761,HKEX-CARD,9700,15,152032,152053
778762,HKEX-SIMP,9956,8,123278,123290
778762,HKEX-ETFA,8941,15,107040,107053
778763,HKEX-CARD,9700,5,152032,152060
778763,HKEX-FSR,9012,5,111722,111732
778763,HKEX-INA,8679,5,115082,115094
778763,HKEX-JNAF,9526,5,111302,111315
778763,HKEX-KOTD,10945,5,117655,117668
778763,HKEX-MDKA,8993,5,114868,114879
778763,HKEX-XFR,9137,5,105495,105506
778763,HKEX-ETFA,8941,5,107040,107054
778763,HKEX-ETFB3,9347,10,115887,115900
778763,HKEX-ETFA,8937,10,107039,107055
778763,HKEX-JNAF,9526,10,111302,111317
778763,HKEX-JNAF,9522,10,111301,111318
778763,HKEX-KOTD,10949,10,117656,117669
778763,HKEX-FSR,9012,8,111722,111733
778763,HKEX-ETFA,8937,8,107039,107056
778763,HKEX-INA,8683,8,115083,115095
778765,HKEX-ETFB3,9347,5,115901,115903
778769,HKEX-ETFA,8941,5,107057,107059
778769,HKEX-ETFB3,9347,4,115903,115912
778769,HKEX-SIMP,9956,1,123278,123295
778769,HKEX-OIT,9278,7,105437,105447
778775,HKEX-KOTD,10979,8,117670,117680
778775,HKEX-ETFA,8941,10,107059,107068
778798,HKEX-KOTD,10979,10,117670,117681
778815,HKEX-SIMP,9952,8,123297,123306
778826,HKEX-MDKA,9057,25,114880,114890
778828,HKEX-KOTD,10979,10,117670,117682
778837,HKEX-OIT,9287,8,105448,105458
778847,HKEX-MDKA,9057,25,114880,114892
778847,HKEX-MDKA,9055,24,114882,114892
778847,HKEX-SIMP,9952,42,123297,123307
778847,HKEX-SIMP,9953,58,123299,123307
778849,HKEX-MDKA,9061,5,114881,114893
778865,HKEX-SIMP,9953,42,123299,123308
778865,HKEX-SIMP,9954,150,123301,123308
778865,HKEX-SIMP,9955,58,123303,123308
778867,HKEX-ETFA,8941,35,107059,107069
778867,HKEX-ETFA,8943,15,107061,107069
778867,HKEX-FSR,9011,50,111734,111745
778867,HKEX-ETFA,8943,50,107061,107072
778867,HKEX-FSR,9009,21,111736,111747
778867,HKEX-ETFA,8943,35,107061,107073
778867,HKEX-FSR,9009,8,111736,111748
778867,HKEX-DLKV,8622,8,114995,115005
778867,HKEX-XFR,9142,8,105507,105517
778867,HKEX-ETFB3,9345,8,115902,115913
778867,HKEX-SIMP,9950,8,123296,123310
778867,HKEX-CARD,9701,15,152062,152079
778868,HKEX-CARD,9699,10,152061,152080
778868,HKEX-ETFB3,9347,10,115903,115914
778868,HKEX-CARD,9699,10,152061,152081
778868,HKEX-MDKA,9055,10,114882,114894
778868,HKEX-OIT,9289,8,105449,105459
778868,HKEX-XFR,9146,5,105508,105518
778872,HKEX-INA,8696,1,115097,115106
778872,HKEX-JNAF,9510,2,111320,111329
778874,HKEX-FSR,9023,5,111586,111749
778874,HKEX-FSR,9023,5,111643,111749
778880,HKEX-CARD,9700,20,152083,152092
778880,HKEX-CARD,9698,25,152082,152095
778880,HKEX-FSR,9025,25,111749,111759
778887,HKEX-MDKA,9096,5,114895,114905
778890,HKEX-MDKA,9096,1,114895,114906
778891,HKEX-KOTD,10973,6,117683,117693
778891,HKEX-ETFA,8941,10,107078,107088
778892,HKEX-ETFB3,9347,10,115916,115925
778892,HKEX-ETFA,8941,10,107078,107089
778892,HKEX-FSR,9025,10,111749,111760
778916,HKEX-KOTD,10973,10,117683,117694
778919,HKEX-CARD,9698,25,152082,152097
778919,HKEX-FSR,9025,5,111749,111761
778919,HKEX-FSR,9023,20,111751,111761
778919,HKEX-ETFA,8941,8,107078,107090
778925,HKEX-ETFA,8941,5,107078,107091
778925,HKEX-ETFB3,9347,5,115916,115926
778944,HKEX-ETFB3,9347,8,115916,115927
778945,HKEX-CARD,9697,25,152084,152100
778945,HKEX-FSR,9023,25,111751,111762
778947,HKEX-CARD,9697,3,152084,152101
778947,HKEX-JNAF,9500,10,111331,111342
778949,HKEX-CARD,9697,10,152084,152102
778949,HKEX-FSR,9023,5,111751,111763
778949,HKEX-JNAF,9500,5,111331,111343
778949,HKEX-KOTD,10973,5,117683,117695
778949,HKEX-MDKA,9096,5,114895,114907
778949,HKEX-ETFA,8941,10,107078,107093
778950,HKEX-ETFB3,9347,10,115916,115928
778950,HKEX-ETFA,8941,7,107078,107095
778950,HKEX-ETFA,8943,3,107080,107095
778950,HKEX-ETFB3,9347,10,115916,115929
778950,HKEX-KOTD,10973,10,117683,117696
778950,HKEX-MDKA,9096,6,114895,114908
778964,HKEX-KOTD,10973,5,117683,117697
778965,HKEX-CARD,9697,5,152084,152103
778965,HKEX-ETFB3,9347,7,115916,115930
778965,HKEX-CARD,9700,3,152083,152104
778965,HKEX-FSR,9023,2,111751,111764
778965,HKEX-ETFA,8943,10,107080,107098
778965,HKEX-ETFB,9256,10,112157,112173
778967,HKEX-INA,8687,4,115108,115118
778967,HKEX-ETFA,8937,8,107077,107099
778967,HKEX-FSR,9023,8,111751,111765
778967,HKEX-ETFA,8937,8,107077,107100
778967,HKEX-CARD,9700,15,152083,152105
778967,HKEX-ETFA,8943,10,107080,107101
778967,HKEX-ETFA,8937,10,107077,107102
778967,HKEX-FSR,9023,10,111751,111766
778967,HKEX-JNAF,9500,10,111331,111346
778967,HKEX-JNAF,9496,10,111330,111347
778967,HKEX-KOTD,10973,10,117683,117700
778967,HKEX-OIT,9309,10,105460,105473
778967,HKEX-ETFB,9256,5,112157,112174
778970,HKEX-FSR,9029,7,111750,111767
778970,HKEX-CARD,9700,2,152083,152106
778973,HKEX-ETFB3,9347,5,115935,115944
778977,HKEX-CARD,9693,25,152107,152117
778980,HKEX-KOTD,10981,10,117701,117711
778983,HKEX-FSR,8988,10,111769,111778
778983,HKEX-MDKA,9112,10,114909,114919
778983,HKEX-KOTD,10981,10,117701,117712
778987,HKEX-INA,8697,5,115117,115129
778987,HKEX-INA,8698,20,115120,115129
779002,HKEX-CARD,9695,10,152108,152119
779008,HKEX-MDKA,9112,3,114909,114921
779009,HKEX-SIMP,9932,4,123327,123336
779018,HKEX-ETFA,8941,8,107104,107113
779041,HKEX-OIT,9303,8,105474,105485
779046,HKEX-CARD,9695,10,152108,152120
779047,HKEX-ETFB3,9347,8,115935,115945
779047,HKEX-JNAF,9494,10,111349,111358
779062,HKEX-SIMP,9930,8,123326,123338
779062,HKEX-SIMP,9932,8,123327,123343
779071,HKEX-FSR,8984,8,111768,111782
779071,HKEX-DLKV,8630,8,115016,115026
779071,HKEX-SIMP,9932,1,123327,123344
779071,HKEX-ETFB3,9345,6,115934,115946
779071,HKEX-INA,8698,8,115120,115130
779071,HKEX-ETFA,8941,10,107104,107114
779071,HKEX-ETFB3,9347,8,115935,115947
779071,HKEX-FSR,8988,10,111769,111783
779071,HKEX-KOTD,10981,10,117701,117714
779075,HKEX-ETFA,8941,5,107104,107115
779075,HKEX-ETFB3,9347,5,115935,115948
779078,HKEX-ETFB,9262,10,112091,112186
779080,HKEX-ETFB,9265,9,112186,112196
779080,HKEX-FSR,8984,4,111768,111784
779080,HKEX-FSR,8988,7,111769,111785
779080,HKEX-CARD,9693,9,152107,152127
779082,HKEX-JNAF,9492,5,111238,111360
779110,HKEX-FSR,9015,10,111786,111796
779113,HKEX-MDKA,9131,10,114922,114932
779119,HKEX-ETFA,8947,10,107117,107126
779119,HKEX-ETFB,9267,10,112187,112198
779119,HKEX-ETFB3,9347,10,115950,115959
779125,HKEX-ETFB3,9347,10,115950,115961
779159,HKEX-MDKA,9131,1,114922,114934
779159,HKEX-FSR,9015,8,111786,111798
779159,HKEX-ETFA,8943,8,107116,107129
779159,HKEX-INA,8717,2,115132,115141
779160,HKEX-CARD,9689,7,152129,152141
779160,HKEX-ETFA,8943,42,107116,107131
779160,HKEX-ETFA,8941,8,107118,107131
779163,HKEX-ETFB3,9347,30,115950,115962
779163,HKEX-ETFA,8941,50,107118,107134
779167,HKEX-FSR,9019,9,111787,111800
779167,HKEX-DLKV,8631,5,115027,115037
779167,HKEX-ETFB3,9347,7,115965,115974
779171,HKEX-SIMP,9939,8,123340,123355
779171,HKEX-ETFB3,9347,43,115965,115975
779171,HKEX-ETFA,8943,50,107135,107147
779172,HKEX-CARD,9688,10,152142,152152
779173,HKEX-MDKA,9131,50,114935,114945
779175,HKEX-CARD,9690,8,152143,152153
779175,HKEX-ETFA,8947,10,107136,107150
779176,HKEX-CARD,9688,5,152142,152156
779176,HKEX-FSR,9037,10,111801,111811
779176,HKEX-JNAF,9462,10,111370,111380
779177,HKEX-ETFB3,9348,6,115967,115977
779177,HKEX-KOTD,10964,2,117725,117737
779177,HKEX-DLKV,8636,2,115038,115049
779182,HKEX-ETFA,8941,50,107137,107152
779190,HKEX-MDKA,9129,50,114937,114946
779192,HKEX-ETFA,8947,5,107136,107153
779194,HKEX-INA,8702,2,115142,115153
779194,HKEX-FSR,9037,12,111801,111812
779194,HKEX-XFR,9135,12,105552,105561
779196,HKEX-ETFA,8947,10,107136,107154
779196,HKEX-ETFB,9261,3,112203,112215
779196,HKEX-MDKA,9129,50,114937,114947
779196,HKEX-MDKA,9127,26,114939,114947
779196,HKEX-CARD,9688,10,152142,152157
779197,HKEX-CARD,9688,5,152142,152158
779197,HKEX-FSR,9037,7,111801,111813
779197,HKEX-DLKV,8636,2,115038,115051
779197,HKEX-MDKA,9127,33,114939,114949
779205,HKEX-MDKA,9127,1,114939,114950
779214,HKEX-FSR,9037,21,111801,111814
779214,HKEX-FSR,9035,4,111803,111814
779214,HKEX-SIMP,9947,25,123356,123365
779214,HKEX-FSR,9035,19,111803,111815
779219,HKEX-ETFB3,9347,2,115980,115983
779237,HKEX-DLKV,8638,8,115039,115053
779238,HKEX-OIT,9292,8,105496,105510
779239,HKEX-MDKA,9127,37,114939,114951
779243,HKEX-FSR,9035,25,111803,111816
779243,HKEX-OIT,9292,25,105496,105511
779244,HKEX-FSR,9035,25,111803,111817
779249,HKEX-XFR,9135,8,105552,105562
779250,HKEX-JNAF,9462,10,111370,111383
779265,HKEX-ETFA,8941,50,107137,107159
779268,HKEX-FSR,9035,12,111803,111819
779268,HKEX-FSR,9035,12,111803,111820
779268,HKEX-JNAF,9462,8,111370,111384
779268,HKEX-OIT,9292,8,105496,105513
779268,HKEX-SIMP,9947,1,123356,123369
779269,HKEX-SIMP,9945,8,123355,123370
779269,HKEX-ETFB3,9347,3,115980,115986
779269,HKEX-CARD,9690,8,152143,152163
779269,HKEX-ETFB,9261,5,112203,112219
779273,HKEX-OIT,9294,2,105497,105514
779274,HKEX-CARD,9693,10,152139,152164
779274,HKEX-CARD,9700,10,152098,152164
779274,HKEX-CARD,9700,8,152122,152164
779274,HKEX-CARD,9704,20,152093,152164
779274,HKEX-CARD,9710,2,152124,152164
779274,HKEX-CARD,9710,6,152124,152166
779274,HKEX-CARD,9714,10,151978,152166
779274,HKEX-CARD,9714,10,152017,152166
779274,HKEX-CARD,9714,10,152096,152166
779274,HKEX-CARD,9720,8,152126,152166
779279,HKEX-INA,8705,5,115154,115164
779279,HKEX-JNAF,9468,5,111385,111396
779279,HKEX-KOTD,10967,5,117741,117752
779279,HKEX-XFR,9134,5,105563,105573
779279,HKEX-ETFA,8946,10,107161,107170
779279,HKEX-KOTD,10967,10,117741,117754
779281,HKEX-OIT,9279,25,105516,105525
779290,HKEX-MDKA,9123,5,114962,114963
779290,HKEX-MDKA,9125,20,114953,114963
779298,HKEX-CARD,9745,4,152166,152174
779299,HKEX-ETFA,8946,10,107161,107171
779299,HKEX-ETFB3,9347,10,115988,115997
779301,HKEX-CARD,9745,10,152166,152176
779306,HKEX-ETFB3,9347,8,115988,115998
779317,HKEX-FSR,9026,12,111821,111832
779317,HKEX-XFR,9138,12,105564,105574
779317,HKEX-CARD,9745,18,152166,152177
779317,HKEX-ETFB3,9345,11,115987,115999
779320,HKEX-CARD,9745,2,152166,152178
779334,HKEX-ETFB,9261,5,112221,112231
779336,HKEX-ETFB3,9345,14,115987,116000
779338,HKEX-CARD,9745,1,152166,152179
779344,HKEX-CARD,9745,1,152166,152180
779344,HKEX-FSR,9026,8,111821,111833
779363,HKEX-SIMP,9932,8,123371,123385
779363,HKEX-ETFA,8946,15,107161,107174
779363,HKEX-ETFB3,9347,15,115988,116001
779363,HKEX-CARD,9745,8,152166,152187
779363,HKEX-CARD,9745,12,152166,152188
779363,HKEX-ETFA,8942,8,107160,107175
779364,HKEX-FSR,9026,8,111821,111834
779364,HKEX-DLKV,8612,8,115055,115066
779364,HKEX-INA,8709,8,115155,115166
779365,HKEX-ETFA,8946,5,107161,107176
779365,HKEX-ETFB3,9347,5,115988,116002
779370,HKEX-OIT,9279,1,105516,105527
779370,HKEX-CARD,9744,1,152168,152189
779370,HKEX-JNAF,9472,4,111386,111399
779370,HKEX-ETFA,8946,2,107178,107187
779370,HKEX-MDKA,9121,6,114952,114964
779372,HKEX-MDKA,9160,5,113568,114965
779375,HKEX-SIMP,9916,1,123391,123400
779376,HKEX-SIMP,9916,25,123391,123401
779378,HKEX-ETFA,8946,10,107178,107188
779379,HKEX-FSR,9023,10,111836,111845
779379,HKEX-JNAF,9463,10,111401,111410
779384,HKEX-SIMP,9916,24,123391,123402
779384,HKEX-SIMP,9917,1,123393,123402
779389,HKEX-DLKV,8628,25,115068,115077
779390,HKEX-ETFB3,9361,4,116003,116014
779406,HKEX-ETFA,8946,8,107178,107190
779406,HKEX-SIMP,9917,5,123393,123404
779406,HKEX-CARD,9728,20,152190,152204
779407,HKEX-SIMP,9917,94,123393,123405
779407,HKEX-SIMP,9918,6,123395,123405
779408,HKEX-SIMP,9918,144,123395,123406
779408,HKEX-SIMP,9919,106,123397,123406
779408,HKEX-ETFA,8946,30,107178,107191
779408,HKEX-ETFB,9261,50,112233,112243
779409,HKEX-SIMP,9919,94,123397,123407
779409,HKEX-SIMP,9920,6,123399,123407
779409,HKEX-SIMP,9920,100,123399,123408
779411,HKEX-SIMP,9920,100,123399,123409
779422,HKEX-DLKV,8628,25,115068,115078
779422,HKEX-MDKA,9162,2,114965,114975
779425,HKEX-JNAF,9462,4,111395,111411
779426,HKEX-XFR,9144,30,105577,105587
779436,HKEX-JNAF,9462,1,111395,111412
779436,HKEX-JNAF,9459,6,111400,111412
779437,HKEX-DLKV,8629,8,115070,115079
779437,HKEX-FSR,9023,10,111836,111846
779437,HKEX-MDKA,9162,3,114965,114976
779442,HKEX-SIMP,9920,44,123399,123410
779442,HKEX-SIMP,9941,6,123387,123410
779442,HKEX-ETFB3,9361,3,116003,116018
779446,HKEX-ETFB3,9361,43,116003,116020
779446,HKEX-ETFB3,9360,7,116005,116020
779466,HKEX-DLKV,8626,5,115067,115080
779466,HKEX-ETFA,8948,10,107180,107197
779466,HKEX-JNAF,9459,5,111400,111414
779466,HKEX-OIT,9305,10,105528,105541
779470,HKEX-SIMP,9932,5,123411,123412
779474,HKEX-CARD,9728,15,152190,152205
779474,HKEX-CARD,9728,10,152190,152206
779485,HKEX-ETFA,8935,25,107199,107208
779486,HKEX-CARD,9739,10,152208,152217
779486,HKEX-MDKA,9148,6,114977,114987
779486,HKEX-ETFB3,9361,4,116021,116032
779486,HKEX-ETFB3,9361,4,116021,116033
779486,HKEX-ETFB3,9361,2,116021,116034
779486,HKEX-XFR,9158,8,105588,105598
779486,HKEX-OIT,9294,8,105542,105552
779486,HKEX-ETFA,8935,1,107199,107209
779486,HKEX-JNAF,9488,2,111415,111425
779486,HKEX-KOTD,10970,2,117768,117778
779486,HKEX-INA,8710,2,115179,115190
779486,HKEX-ETFA,8935,1,107199,107210
779486,HKEX-ETFA,8935,5,107199,107211
779486,HKEX-ETFB3,9363,5,116022,116036
779487,HKEX-DLKV,8619,25,115082,115094
779488,HKEX-ETFB3,9361,3,116021,116037
779488,HKEX-ETFB,9261,8,112246,112255
779507,HKEX-KOTD,10970,10,117768,117779
779507,HKEX-SIMP,9932,5,123414,123423
779507,HKEX-MDKA,9152,25,114978,114990
779508,HKEX-DLKV,8619,5,115082,115096
779511,HKEX-CARD,9737,15,152207,152220
779512,HKEX-ETFA,8935,6,107199,107212
779514,HKEX-KOTD,10970,10,117768,117780
779524,HKEX-SIMP,9932,25,123414,123424
779524,HKEX-ETFB3,9361,25,116021,116038
779524,HKEX-ETFA,8935,8,107199,107213
779524,HKEX-DLKV,8619,2,115082,115097
779525,HKEX-ETFA,8935,4,107199,107214
779525,HKEX-ETFA,8937,46,107201,107214
779525,HKEX-ETFB,9261,42,112246,112256
779525,HKEX-SIMP,9932,1,123414,123425
779533,HKEX-OIT,9294,8,105542,105554
779545,HKEX-CARD,9739,5,152208,152222
779546,HKEX-INA,8714,1,115180,115191
779549,HKEX-SIMP,9932,19,123414,123427
779549,HKEX-SIMP,9933,6,123416,123427
779549,HKEX-DLKV,8619,18,115082,115098
779549,HKEX-DLKV,8620,32,115084,115098
779549,HKEX-MDKA,9148,1,114977,114992
779549,HKEX-SIMP,9933,50,123416,123428
779568,HKEX-ETFB,9262,10,112248,112257
779568,HKEX-ETFB3,9363,10,116022,116040
779568,HKEX-FSR,9018,5,111847,111860
779568,HKEX-DLKV,8620,8,115084,115100
779568,HKEX-ETFA,8931,8,107198,107216
779568,HKEX-ETFB,9262,5,112248,112259
779568,HKEX-CARD,9739,15,152208,152225
779568,HKEX-SIMP,9933,15,123416,123430
779572,HKEX-JNAF,9488,7,111415,111426
779572,HKEX-INA,8714,6,115180,115192
779572,HKEX-XFR,9162,5,105589,105599
779572,HKEX-KOTD,10970,4,117768,117782
779578,HKEX-ETFB,9261,5,112261,112270
779578,HKEX-ETFA,8935,10,107218,107227
779579,HKEX-XFR,9152,5,105601,105610
779579,HKEX-FSR,9027,10,111861,111871
779579,HKEX-KOTD,10971,1,117784,117793
779579,HKEX-ETFA,8935,8,107218,107228
779587,HKEX-FSR,9027,15,111861,111872
779587,HKEX-SIMP,9926,5,123432,123441
779588,HKEX-ETFB3,9361,9,116041,116054
779588,HKEX-ETFB,9261,8,112261,112272
779589,HKEX-SIMP,9926,30,123432,123442
779598,HKEX-FSR,9027,3,111861,111873
779603,HKEX-FSR,9027,5,111861,111874
779603,HKEX-INA,8712,5,115193,115204
779604,HKEX-JNAF,9498,5,111427,111438
779604,HKEX-KOTD,10967,5,117783,117795
779604,HKEX-XFR,9148,5,105600,105612
779604,HKEX-ETFA,8935,10,107218,107229
779604,HKEX-ETFB3,9363,10,116042,116055
779611,HKEX-FSR,9027,1,111861,111875
779628,HKEX-FSR,9027,16,111861,111876
779628,HKEX-SIMP,9926,5,123432,123444
779628,HKEX-ETFA,8935,8,107218,107230
779663,HKEX-ETFA,8935,10,107218,107231
779664,HKEX-SIMP,9924,8,123431,123446
779664,HKEX-ETFA,8935,4,107218,107232
779664,HKEX-ETFB3,9363,15,116042,116056
779669,HKEX-XFR,9152,2,105601,105613
779671,HKEX-FSR,9033,5,111831,111877
779672,HKEX-KOTD,10965,5,117751,117797
779672,HKEX-KOTD,10965,5,117794,117797
779676,HKEX-DLKV,8615,25,115115,115124
779676,HKEX-ETFB3,9361,9,116057,116068
779676,HKEX-INA,8707,6,115206,115215
779676,HKEX-ETFA,8930,10,107234,107243
779676,HKEX-FSR,9036,5,111877,111887
779676,HKEX-ETFB3,9363,5,116058,116069
779677,HKEX-ETFA,8930,40,107234,107244
779677,HKEX-ETFA,8932,10,107236,107244
779677,HKEX-ETFB3,9361,23,116057,116070
779677,HKEX-ETFB,9260,50,112273,112283
779677,HKEX-ETFA,8932,5,107236,107245
779677,HKEX-ETFB3,9363,5,116058,116071
779678,HKEX-JNAF,9477,1,111441,111452
779678,HKEX-DLKV,8615,8,115115,115125
779678,HKEX-SIMP,9925,2,123452,123461
779678,HKEX-FSR,9036,1,111877,111888
779678,HKEX-ETFB3,9361,1,116057,116072
779678,HKEX-XFR,9159,8,105614,105624
779678,HKEX-MDKA,9152,8,115006,115016
779685,HKEX-ETFB,9262,8,112274,112284
779701,HKEX-DLKV,8615,17,115115,115126
779701,HKEX-DLKV,8616,75,115117,115126
779701,HKEX-KOTD,10947,1,117797,117807
779722,HKEX-CARD,9710,5,152250,152263
779735,HKEX-FSR,9036,12,111877,111889
779735,HKEX-ETFA,8932,8,107236,107246
779735,HKEX-ETFA,8932,8,107236,107247
779737,HKEX-OIT,9280,8,105567,105580
779740,HKEX-SIMP,9925,2,123452,123462
779748,HKEX-JNAF,9477,1,111441,111453
779750,HKEX-INA,8707,4,115206,115216
779764,HKEX-SIMP,9925,2,123452,123463
779765,HKEX-SIMP,9923,8,123451,123465
779765,HKEX-ETFA,8932,15,107236,107248
779765,HKEX-ETFB3,9363,15,116058,116075
779772,HKEX-OIT,9280,10,105567,105582
779775,HKEX-JNAF,9514,5,111344,111454
779776,HKEX-SIMP,9931,5,123443,123470
779776,HKEX-SIMP,9932,8,123467,123470
779778,HKEX-ETFA,8930,10,107250,107259
779778,HKEX-SIMP,9934,2,123471,123480
779778,HKEX-JNAF,9515,6,111454,111464
779778,HKEX-SIMP,9934,2,123471,123481
779786,HKEX-INA,8719,8,115218,115227
779786,HKEX-DLKV,8605,8,115130,115139
779786,HKEX-CARD,9715,1,152267,152282
779786,HKEX-CARD,9714,1,152272,152283
779796,HKEX-KOTD,10969,10,117810,117821
779796,HKEX-SIMP,9934,2,123471,123482
779803,HKEX-SIMP,9932,8,123470,123483
779808,HKEX-SIMP,9934,2,123471,123484
779810,HKEX-CARD,9715,7,152267,152285
779810,HKEX-CARD,9716,3,152273,152285
779810,HKEX-MDKA,9096,10,115019,115030
779811,HKEX-OIT,9262,10,105584,105593
779812,HKEX-OIT,9262,10,105584,105594
779814,HKEX-ETFA,8930,5,107250,107260
779814,HKEX-ETFB3,9363,5,116077,116086
779814,HKEX-INA,8715,10,115217,115228
779815,HKEX-CARD,9716,10,152273,152287
779823,HKEX-SIMP,9934,2,123471,123487
779823,HKEX-SIMP,9934,2,123471,123488
779827,HKEX-ETFA,8930,35,107250,107261
779827,HKEX-ETFA,8932,15,107252,107261
779828,HKEX-ETFB,9262,50,112287,112296
779828,HKEX-ETFB,9260,50,112286,112297
779834,HKEX-DLKV,8605,42,115130,115140
779834,HKEX-DLKV,8606,26,115132,115140
779837,HKEX-ETFA,8932,50,107252,107262
779837,HKEX-DLKV,8606,8,115132,115141
779837,HKEX-ETFB3,9363,6,116077,116087
779837,HKEX-INA,8715,2,115217,115229
779864,HKEX-ETFA,8932,10,107252,107263
779864,HKEX-FSR,9018,5,111891,111902
779864,HKEX-INA,8715,5,115217,115230
779864,HKEX-JNAF,9519,5,111455,111466
779864,HKEX-MDKA,9092,5,115018,115033
779864,HKEX-XFR,9164,5,105627,105638
779864,HKEX-FSR,9022,10,111892,111903
779864,HKEX-INA,8715,1,115217,115231
779865,HKEX-INA,8719,1,115218,115232
779865,HKEX-KOTD,10972,5,117824,117826
779865,HKEX-KOTD,10969,5,117810,117826
779865,HKEX-MDKA,9096,10,115019,115034
779865,HKEX-MDKA,9096,8,115019,115035
779865,HKEX-XFR,9164,8,105627,105639
779865,HKEX-ETFB,9263,5,112289,112298
779865,HKEX-DLKV,8606,12,115132,115143
779869,HKEX-SIMP,9934,7,123471,123489
779869,HKEX-SIMP,9934,3,123471,123490
779869,HKEX-KOTD,10969,3,117810,117827
779869,HKEX-DLKV,8603,3,115129,115144
779872,HKEX-KOTD,10974,5,117825,117828
779873,HKEX-SIMP,9942,8,123469,123491
779874,HKEX-OIT,9311,10,105595,105605
779874,HKEX-INA,8724,50,115234,115244
779875,HKEX-ETFA,8930,10,107265,107274
779875,HKEX-FSR,9006,10,111905,111914
779875,HKEX-JNAF,9517,10,111469,111478
779875,HKEX-KOTD,11011,10,117828,117838
779875,HKEX-SIMP,9945,8,123491,123503
779875,HKEX-SIMP,9945,8,123491,123505
779875,HKEX-ETFA,8930,15,107265,107275
779875,HKEX-ETFB3,9359,15,116089,116098
779875,HKEX-KOTD,11011,10,117828,117839
779876,HKEX-MDKA,9083,5,115036,115046
779879,HKEX-MDKA,9083,5,115036,115047
779889,HKEX-ETFA,8930,1,107265,107276
779891,HKEX-OIT,9311,10,105595,105606
779904,HKEX-INA,8722,4,115236,115245
779910,HKEX-DLKV,8585,48,115146,115155
779911,HKEX-ETFA,8930,14,107265,107278
779911,HKEX-ETFB3,9359,5,116089,116101
779912,HKEX-CARD,9713,20,152296,152311
779921,HKEX-ETFB,9276,42,112300,112311
779938,HKEX-DLKV,8585,2,115146,115156
779938,HKEX-DLKV,8586,23,115148,115156
832856,HKEX-CARD,10170,1,162483,162492
832856,HKEX-ETFB,9276,5,119041,119051
832857,HKEX-ETFB3,9522,5,123099,123109
832857,HKEX-SIMP,9953,4,131954,131963
832857,HKEX-ETFB3,9522,8,123099,123110
832858,HKEX-ETFB3,9522,10,123099,123111
832858,HKEX-FSR,8873,10,119452,119464
832859,HKEX-FSR,8873,10,119452,119465
832859,HKEX-ETFB,9276,5,119041,119052
832859,HKEX-ETFB3,9522,5,123099,123112
832863,HKEX-ETFB,9281,10,118667,119053
832868,HKEX-INA,8821,10,122209,122212
832868,HKEX-MDKA,9903,10,122643,122645
832871,HKEX-ETFB3,9522,10,123113,123123
832890,HKEX-INA,8812,2,122212,122221
832894,HKEX-ETFA,8984,1,114750,114759
832907,HKEX-DLKV,8591,8,122022,122032
832909,HKEX-CARD,10173,20,162494,162503
832910,HKEX-ETFB3,9522,5,123113,123124
832914,HKEX-KOTD,11090,1,125576,125585
832920,HKEX-ETFB,9285,10,119053,119063
832920,HKEX-ETFB3,9522,10,123113,123125
832936,HKEX-KOTD,11090,10,125576,125586
832944,HKEX-ETFB3,9522,6,123113,123126
832944,HKEX-KOTD,11090,2,125576,125587
832944,HKEX-DLKV,8593,2,122023,122033
832946,HKEX-JNAF,9200,1,118540,118551
886766,HKEX-MDKA,9925,20,130781,130795
886766,HKEX-KOTD,11328,2,133729,133741
886768,HKEX-MDKA,9925,10,130781,130796
886768,HKEX-INA,8510,1,129841,129853
886772,HKEX-MDKA,9925,9,130781,130797
886772,HKEX-SIMP,10050,4,141289,141303
886772,HKEX-ETFB,9125,7,127048,127057
886772,HKEX-INA,8516,1,129844,129854
886772,HKEX-KOTD,11332,1,133730,133742
886775,HKEX-INA,8526,2,129852,129855
886776,HKEX-SIMP,10064,10,140389,141304
886776,HKEX-SIMP,10065,5,140352,141304
886779,HKEX-ETFB3,9446,3,131280,131291
886779,HKEX-ETFB3,9448,5,131281,131292
886782,HKEX-ETFB3,9446,3,131280,131293
886790,HKEX-ETFB3,9446,3,131280,131294
886796,HKEX-SIMP,10072,8,141304,141315
886796,HKEX-ETFB3,9446,3,131280,131295
886799,HKEX-ETFB,9123,20,127047,127059
886799,HKEX-ETFB3,9446,3,131280,131296
886801,HKEX-ETFB3,9446,3,131280,131297
886801,HKEX-ETFB3,9446,8,131280,131298
886801,HKEX-DLKV,8628,8,129829,129838
886801,HKEX-SIMP,10074,8,141305,141317
886803,HKEX-CARD,9444,5,172723,172732
886803,HKEX-DLKV,8626,6,129828,129839
886803,HKEX-KOTD,11317,2,133743,133754
886804,HKEX-CARD,9442,8,172722,172733
886804,HKEX-MDKA,9927,10,130799,130808
886804,HKEX-CARD,9444,5,172723,172734
886805,HKEX-FSR,8990,5,127599,127610
886805,HKEX-JNAF,8304,5,126170,126180
886807,HKEX-KOTD,11321,10,133744,133756
886809,HKEX-MDKA,9926,5,130810,130811
886809,HKEX-MDKA,9927,15,130799,130811
886812,HKEX-KOTD,11317,8,133743,133757
886816,HKEX-ETFB3,9446,3,131280,131299
886818,HKEX-ETFA,8958,50,122452,122462
886818,HKEX-CARD,9444,40,172723,172739
886818,HKEX-CARD,9445,10,172725,172739
886818,HKEX-CARD,9445,50,172725,172740
886818,HKEX-CARD,9445,40,172725,172741
886818,HKEX-CARD,9446,10,172727,172741
886818,HKEX-CARD,9446,50,172727,172742
886819,HKEX-ETFB3,9446,3,131280,131301
886827,HKEX-KOTD,11321,10,133744,133758
886828,HKEX-CARD,9442,5,172722,172745
886828,HKEX-FSR,8990,5,127599,127611
886828,HKEX-JNAF,8304,5,126170,126182
886828,HKEX-KOTD,11321,5,133744,133759
886829,HKEX-XFR,9194,5,119731,119742
886829,HKEX-DLKV,8628,10,129829,129840
886838,HKEX-SIMP,10072,10,141304,141322
886838,HKEX-ETFB3,9446,3,131280,131303
886847,HKEX-MDKA,9927,20,130799,130815
886850,HKEX-XFR,9198,5,119732,119743
886850,HKEX-SIMP,10072,10,141304,141324
886869,HKEX-JNAF,8300,5,126169,126183
886869,HKEX-JNAF,8300,2,126169,126184
886869,HKEX-FSR,8986,1,127598,127612
886869,HKEX-ETFB,9123,8,127047,127060
886869,HKEX-CARD,9442,8,172722,172746
886869,HKEX-CARD,9446,8,172727,172747
886869,HKEX-SIMP,10072,7,141304,141325
886869,HKEX-SIMP,10071,1,141306,141325
886869,HKEX-KOTD,11318,1,133760,133761
886869,HKEX-KOTD,11317,7,133743,133761
886871,HKEX-INA,8534,1,129855,129866
886871,HKEX-INA,8534,10,129855,129867
886871,HKEX-JNAF,8300,4,126169,126185
886871,HKEX-OIT,8836,10,119397,119406
886872,HKEX-XFR,9194,5,119731,119745
886872,HKEX-DLKV,8628,10,129829,129843
886872,HKEX-FSR,8990,10,127599,127613
886872,HKEX-MDKA,9927,5,130799,130816
886872,HKEX-OIT,8836,10,119397,119407
886878,HKEX-JNAF,8300,1,126169,126187
886878,HKEX-INA,8538,7,129856,129868
886878,HKEX-CARD,9446,4,172727,172748
886880,HKEX-CARD,9439,10,172738,172750
886880,HKEX-CARD,9434,10,172693,172750
886881,HKEX-FSR,9001,3,127597,127614
886882,HKEX-MDKA,9928,5,130813,130817
886884,HKEX-INA,8555,2,129869,129879
886884,HKEX-ETFA,8958,5,122465,122474
886884,HKEX-ETFB3,9448,5,131306,131316
886895,HKEX-ETFA,8958,5,122465,122475
886905,HKEX-MDKA,9994,2,130818,130829
886915,HKEX-JNAF,8309,8,126188,126198
886924,HKEX-XFR,9195,20,119747,119757
886928,HKEX-ETFA,8958,40,122465,122476
886928,HKEX-ETFB3,9448,45,131306,131318
886928,HKEX-CARD,9426,30,172750,172761
886928,HKEX-CARD,9427,20,172752,172761
886928,HKEX-CARD,9427,50,172752,172762
886928,HKEX-CARD,9427,30,172752,172763
886928,HKEX-CARD,9428,20,172754,172763
886933,HKEX-SIMP,10047,5,141337,141350
886935,HKEX-CARD,9424,8,172749,172766
886944,HKEX-INA,8555,2,129869,129880
886947,HKEX-ETFB3,9446,8,131305,131320
886969,HKEX-DLKV,8610,10,129845,129856
886969,HKEX-DLKV,8610,10,129845,129857
886969,HKEX-FSR,9009,10,127614,127626
886969,HKEX-JNAF,8309,5,126188,126200
886969,HKEX-KOTD,11299,10,133766,133778
886969,HKEX-SIMP,10047,10,141337,141351
886969,HKEX-SIMP,10047,10,141337,141352
886969,HKEX-CARD,9424,10,172749,172767
886969,HKEX-XFR,9192,10,119729,119758
886969,HKEX-FSR,9009,10,127614,127627
886970,HKEX-INA,8559,5,129870,129881
886970,HKEX-DLKV,8610,10,129845,129858
886970,HKEX-DLKV,8610,10,129845,129859
886970,HKEX-KOTD,11299,10,133766,133779
886970,HKEX-SIMP,10047,10,141337,141353
886970,HKEX-FSR,9009,10,127614,127628
886970,HKEX-DLKV,8610,6,129845,129860
886970,HKEX-CARD,9428,8,172754,172768
886970,HKEX-KOTD,11299,8,133766,133780
886970,HKEX-SIMP,10045,8,141336,141354
886970,HKEX-ETFB3,9446,8,131305,131321
886970,HKEX-SIMP,10045,8,141336,141355
886971,HKEX-ETFB3,9465,3,130722,131322
886971,HKEX-ETFB3,9465,3,130740,131322
886971,HKEX-ETFB3,9465,5,130754,131322
886976,HKEX-CARD,9439,20,172760,172769
886978,HKEX-MDKA,9993,10,130827,130838
886979,HKEX-SIMP,10038,10,141348,141357
886979,HKEX-SIMP,10035,7,141234,141357
886980,HKEX-ETFA,8958,8,122479,122489
886980,HKEX-ETFB,9132,2,127073,127083
886980,HKEX-INA,8555,1,129869,129892
886981,HKEX-CARD,9441,4,172769,172780
886981,HKEX-ETFB,9132,4,127073,127085
886983,HKEX-ETFA,8958,5,122479,122490
886990,HKEX-ETFB,9132,20,127073,127086
887008,HKEX-KOTD,11304,8,133782,133794
887008,HKEX-ETFB,9132,5,127073,127087
887008,HKEX-INA,8555,8,129869,129893
887012,HKEX-INA,8555,8,129869,129894
887014,HKEX-ETFA,8958,37,122479,122491
887014,HKEX-ETFA,8959,10,122173,122491
887015,HKEX-CARD,9443,10,172759,172783
887015,HKEX-CARD,9443,40,172770,172783
887015,HKEX-MDKA,9943,10,130838,130848
887032,HKEX-ETFB,9132,8,127073,127088
887032,HKEX-MDKA,9943,10,130838,130850
887032,HKEX-SIMP,10035,9,141357,141369
887038,HKEX-SIMP,10035,10,141357,141370
887047,HKEX-FSR,9023,3,127629,127640
887047,HKEX-DLKV,8595,10,129862,129872
887049,HKEX-SIMP,10035,10,141357,141372
887050,HKEX-XFR,9193,10,119760,119771
887058,HKEX-KOTD,11308,5,133783,133798
887058,HKEX-MDKA,9943,10,130838,130851
887058,HKEX-SIMP,10035,4,141357,141373
887058,HKEX-CARD,9441,10,172769,172789
887058,HKEX-DLKV,8595,10,129862,129873
887059,HKEX-ETFB,9132,8,127073,127089
887059,HKEX-CARD,9441,8,172769,172790
887059,HKEX-JNAF,8296,1,126201,126214
887059,HKEX-SIMP,10036,8,141359,141374
887059,HKEX-DLKV,8595,8,129862,129874
887059,HKEX-KOTD,11308,5,133783,133799
887060,HKEX-CARD,9441,8,172769,172791
887060,HKEX-INA,8555,1,129869,129896
887064,HKEX-ETFB3,9467,5,130701,131349
887064,HKEX-ETFB,9132,3,127090,127100
887066,HKEX-CARD,9441,2,172791,172792
887066,HKEX-DLKV,8594,1,129360,129877
887067,HKEX-INA,8555,28,129869,129898
887067,HKEX-INA,8554,22,129882,129898
887067,HKEX-INA,8554,28,129882,129900
887067,HKEX-INA,8552,72,129884,129900
887067,HKEX-INA,8552,28,129884,129902
887067,HKEX-MDKA,9922,5,130812,130853
887067,HKEX-MDKA,9920,5,130809,130853
887069,HKEX-CARD,9441,10,172792,172802
887070,HKEX-DLKV,8594,5,129877,129886
887085,HKEX-MDKA,9910,5,130853,130862
887085,HKEX-CARD,9441,8,172792,172803
887089,HKEX-JNAF,8290,1,126215,126226
887093,HKEX-XFR,9184,20,119773,119782
887102,HKEX-ETFA,8955,2,122432,122502
887102,HKEX-KOTD,11271,12,133802,133814
887102,HKEX-DLKV,8594,16,129877,129887
887102,HKEX-ETFB3,9467,5,131350,131351
887102,HKEX-ETFB3,9466,2,131339,131351
887102,HKEX-CARD,9443,30,172793,172804
887102,HKEX-OIT,8834,25,119429,119438
887102,HKEX-ETFB3,9466,15,131339,131352
887104,HKEX-MDKA,9910,1,130853,130863
887108,HKEX-ETFA,8958,5,122493,122503
887113,HKEX-ETFA,8958,45,122493,122504
887113,HKEX-ETFB3,9466,17,131339,131354
887113,HKEX-CARD,9443,5,172793,172806
887113,HKEX-DLKV,8594,10,129877,129888
887114,HKEX-CARD,9441,30,172792,172807
887114,HKEX-CARD,9440,20,172794,172807
887114,HKEX-CARD,9440,50,172794,172808
887114,HKEX-CARD,9440,30,172794,172809
887114,HKEX-CARD,9439,20,172796,172809
887114,HKEX-MDKA,9910,10,130853,130864
887117,HKEX-MDKA,9910,10,130853,130865
887125,HKEX-FSR,9022,20,127641,127652
887130,HKEX-MDKA,9910,14,130853,130866
887130,HKEX-MDKA,9912,73,130855,130866
887134,HKEX-SIMP,10045,1,141376,141388
887136,HKEX-ETFB,9132,5,127090,127102
887147,HKEX-DLKV,8594,18,129877,129889
887147,HKEX-DLKV,8595,22,129879,129889
887150,HKEX-ETFA,8960,10,122495,122505
887150,HKEX-ETFB,9132,10,127090,127104
887154,HKEX-MDKA,9912,10,130855,130867
887155,HKEX-DLKV,8595,5,129879,129890
887157,HKEX-MDKA,9912,10,130855,130868
887157,HKEX-CARD,9439,5,172796,172813
887157,HKEX-ETFA,8960,5,122495,122507
887158,HKEX-ETFB3,9468,3,130708,131359
887158,HKEX-ETFB3,9468,2,131340,131359
887158,HKEX-CARD,9439,8,172796,172814
887158,HKEX-FSR,9026,10,127642,127653
887158,HKEX-KOTD,11271,1,133802,133818
887158,HKEX-MDKA,9912,5,130855,130869
887158,HKEX-DLKV,8595,5,129879,129892
887159,HKEX-ETFA,8960,5,122495,122508
887164,HKEX-FSR,9022,9,127641,127654
887164,HKEX-CARD,9443,3,172793,172815
887164,HKEX-ETFB,9134,5,127106,127115
887167,HKEX-INA,8550,50,129902,129911
887167,HKEX-INA,8550,72,129902,129913
887167,HKEX-INA,8555,1,129909,129913
887167,HKEX-INA,8558,27,129883,129913
887167,HKEX-INA,8558,23,129883,129915
887167,HKEX-INA,8559,45,129870,129915
887169,HKEX-DLKV,8577,10,129894,129903
887169,HKEX-DLKV,8577,10,129894,129904
887169,HKEX-SIMP,10025,7,141390,141399
887170,HKEX-ETFB,9132,4,127105,127116
887170,HKEX-KOTD,11288,4,133820,133831
887170,HKEX-CARD,9456,8,172816,172826
887170,HKEX-DLKV,8577,1,129894,129905
887170,HKEX-SIMP,10025,2,141390,141400
887170,HKEX-ETFA,8963,8,122510,122519
887170,HKEX-ETFB3,9461,4,131356,131370
887170,HKEX-MDKA,9885,8,130871,130880
887170,HKEX-MDKA,9885,8,130871,130881
887170,HKEX-DLKV,8577,29,129894,129906
887170,HKEX-DLKV,8578,11,129896,129906
887170,HKEX-DLKV,8578,40,129896,129907
887170,HKEX-DLKV,8578,10,129896,129908
887173,HKEX-DLKV,8578,39,129896,129909
887173,HKEX-DLKV,8579,1,129898,129909
887177,HKEX-XFR,9171,35,119785,119794
887180,HKEX-DLKV,8579,40,129898,129910
887182,HKEX-DLKV,8579,40,129898,129911
887186,HKEX-CARD,9456,2,172816,172827
887186,HKEX-DLKV,8579,40,129898,129912
887187,HKEX-DLKV,8579,29,129898,129913
887187,HKEX-DLKV,8580,11,129900,129913
887195,HKEX-CARD,9456,10,172816,172828
887200,HKEX-KOTD,11288,10,133820,133832
887200,HKEX-CARD,9456,10,172816,172829
887200,HKEX-MDKA,9885,10,130871,130882
887200,HKEX-KOTD,11288,8,133820,133833
887206,HKEX-INA,8559,9,129915,129921
887206,HKEX-DLKV,8580,40,129900,129914
887206,HKEX-ETFB3,9461,4,131356,131371
887206,HKEX-CARD,9456,20,172816,172830
887206,HKEX-CARD,9455,5,172818,172830
887209,HKEX-SIMP,10025,10,141390,141401
887209,HKEX-SIMP,10025,10,141390,141402
887212,HKEX-DLKV,8580,8,129900,129915
887215,HKEX-CARD,9455,50,172818,172832
887215,HKEX-CARD,9455,45,172818,172833
887215,HKEX-CARD,9454,5,172820,172833
887215,HKEX-CARD,9454,50,172820,172834
887218,HKEX-MDKA,9885,10,130871,130883
887220,HKEX-DLKV,8580,20,129900,129916
887238,HKEX-DLKV,8580,15,129900,129917
887239,HKEX-DLKV,8580,10,129900,129918
887243,HKEX-SIMP,10025,10,141390,141403
887243,HKEX-DLKV,8580,40,129900,129919
887251,HKEX-DLKV,8580,40,129900,129920
887254,HKEX-SIMP,10025,10,141390,141404
887255,HKEX-DLKV,8580,10,129900,129921
887255,HKEX-DLKV,8580,6,129900,129922
887255,HKEX-DLKV,8581,34,129902,129922
887256,HKEX-FSR,9011,10,127656,127669
887256,HKEX-MDKA,9885,10,130871,130884
887257,HKEX-CARD,9454,8,172820,172836
887258,HKEX-ETFB,9132,8,127105,127117
887258,HKEX-DLKV,8581,8,129902,129923
887259,HKEX-CARD,9454,10,172820,172837
887259,HKEX-FSR,9011,8,127656,127670
887259,HKEX-SIMP,10025,1,141390,141405
887259,HKEX-SIMP,10026,5,141392,141405
887259,HKEX-CARD,9454,10,172820,172838
887259,HKEX-CARD,9454,5,172820,172839
887259,HKEX-FSR,9011,10,127656,127671
887259,HKEX-FSR,9011,10,127656,127672
887260,HKEX-INA,8559,8,129915,129922
887260,HKEX-KOTD,11288,10,133820,133835
887264,HKEX-KOTD,11288,1,133820,133836
887264,HKEX-ETFA,8959,9,122523,122533
887266,HKEX-DLKV,8569,10,129155,129925
887267,HKEX-INA,8560,50,129885,129923
887267,HKEX-INA,8560,50,129885,129925
887267,HKEX-INA,8561,48,129822,129925
887269,HKEX-MDKA,9944,50,130886,130895
887269,HKEX-MDKA,9946,98,130888,130895
887270,HKEX-FSR,8989,4,127673,127683
887270,HKEX-DLKV,8561,1,129925,129934
887270,HKEX-KOTD,11266,1,133466,133847
887270,HKEX-KOTD,11263,7,133837,133847
887270,HKEX-DLKV,8561,3,129925,129935
887270,HKEX-DLKV,8561,36,129925,129936
887270,HKEX-DLKV,8562,4,129927,129936
887270,HKEX-INA,8573,2,129925,129933
887270,HKEX-INA,8571,6,129927,129933
887270,HKEX-CARD,9551,8,172840,172850
887271,HKEX-MDKA,9946,2,130888,130896
887271,HKEX-MDKA,9948,3,130890,130896
887272,HKEX-DLKV,8562,10,129927,129937
887272,HKEX-DLKV,8562,40,129927,129938
887277,HKEX-DLKV,8562,1,129927,129939
887277,HKEX-CARD,9551,26,172840,172851
887277,HKEX-DLKV,8562,40,129927,129940
887277,HKEX-CARD,9551,16,172840,172852
887277,HKEX-CARD,9550,10,172842,172852
887278,HKEX-DLKV,8562,5,129927,129941
887278,HKEX-DLKV,8563,35,129929,129941
887283,HKEX-CARD,9550,26,172842,172853
887285,HKEX-ETFB,9132,8,127118,127128
887285,HKEX-CARD,9550,6,172842,172854
887287,HKEX-CARD,9550,26,172842,172855
887287,HKEX-CARD,9550,26,172842,172856
887293,HKEX-XFR,9174,20,119796,119805
887294,HKEX-DLKV,8563,20,129929,129942
887296,HKEX-CARD,9550,6,172842,172857
887296,HKEX-CARD,9549,20,172844,172857
887299,HKEX-DLKV,8563,2,129929,129943
887307,HKEX-DLKV,8563,10,129929,129944
887307,HKEX-KOTD,11267,10,133838,133849
887314,HKEX-CARD,9549,50,172844,172858
887314,HKEX-CARD,9549,50,172844,172859
887314,HKEX-CARD,9549,30,172844,172860
887314,HKEX-CARD,9548,20,172846,172860
887316,HKEX-CARD,9548,50,172846,172861
887322,HKEX-DLKV,8563,20,129929,129945
887342,HKEX-CARD,9548,26,172846,172862
887348,HKEX-XFR,9174,10,119796,119806
887349,HKEX-KOTD,11267,38,133838,133850
887349,HKEX-DLKV,8563,38,129929,129946
887349,HKEX-CARD,9548,13,172846,172863
887368,HKEX-JNAF,8293,20,126243,126254
887368,HKEX-DLKV,8563,10,129929,129947
887368,HKEX-SIMP,10028,4,141407,141417
887368,HKEX-XFR,9174,10,119796,119807
887368,HKEX-DLKV,8563,2,129929,129948
887368,HKEX-DLKV,8563,2,129929,129949
887368,HKEX-CARD,9548,5,172846,172864
887368,HKEX-FSR,8993,5,127674,127686
887368,HKEX-JNAF,8297,5,126244,126255
887368,HKEX-KOTD,11267,2,133838,133851
887368,HKEX-XFR,9170,5,119795,119808
887368,HKEX-CARD,9548,5,172846,172865
887368,HKEX-CARD,9548,10,172846,172866
887368,HKEX-FSR,8993,10,127674,127687
887368,HKEX-MDKA,9940,10,130885,130902
887368,HKEX-MDKA,9940,10,130885,130903
887368,HKEX-OIT,8827,10,119453,119463
887369,HKEX-CARD,9548,3,172846,172867
887369,HKEX-KOTD,11269,8,133840,133853
887369,HKEX-SIMP,10028,4,141407,141418
887369,HKEX-MDKA,9940,8,130885,130904
887369,HKEX-SIMP,10026,8,141406,141419
887375,HKEX-DLKV,8563,11,129929,129950
887375,HKEX-DLKV,8564,39,129931,129950
887375,HKEX-DLKV,8564,100,129931,129952
887375,HKEX-DLKV,8564,61,129931,129954
887376,HKEX-MDKA,9946,5,130901,130905
887378,HKEX-INA,8558,5,129936,129945
887378,HKEX-MDKA,10019,5,130905,130916
887378,HKEX-XFR,9184,5,119809,119819
887378,HKEX-CARD,9555,7,172868,172878
887378,HKEX-MDKA,10019,10,130905,130917
887378,HKEX-MDKA,10019,10,130905,130918
887378,HKEX-SIMP,10019,10,141421,141430
887378,HKEX-SIMP,10019,10,141421,141431
887379,HKEX-DLKV,8577,40,129951,129963
887379,HKEX-DLKV,8577,10,129951,129964
887379,HKEX-DLKV,8578,30,129953,129964
887379,HKEX-DLKV,8578,40,129953,129965
887379,HKEX-FSR,9003,5,127698,127699
887379,HKEX-FSR,9001,5,127688,127699
887379,HKEX-ETFB3,9462,5,131389,131398
887384,HKEX-DLKV,8578,30,129953,129967
887384,HKEX-DLKV,8579,10,129955,129967
887388,HKEX-DLKV,8579,2,129955,129968
887388,HKEX-DLKV,8579,40,129955,129969
887390,HKEX-DLKV,8579,40,129955,129970
887391,HKEX-DLKV,8579,20,129955,129971
887393,HKEX-JNAF,8306,26,126256,126267
887405,HKEX-ETFB3,9462,5,131389,131399
887407,HKEX-DLKV,8579,38,129955,129972
887407,HKEX-DLKV,8580,2,129957,129972
887409,HKEX-JNAF,8306,20,126256,126268
887421,HKEX-MDKA,10019,10,130905,130923
887421,HKEX-MDKA,10019,10,130905,130924
887421,HKEX-MDKA,10017,10,130907,130925
887421,HKEX-MDKA,10017,10,130907,130926
887421,HKEX-MDKA,10017,10,130907,130927
887421,HKEX-MDKA,10017,10,130907,130928
887422,HKEX-JNAF,8306,4,126256,126269
887422,HKEX-JNAF,8305,4,126266,126269
887423,HKEX-JNAF,8305,1,126266,126270
887423,HKEX-JNAF,8304,7,126258,126270
887436,HKEX-CARD,9555,10,172868,172879
887436,HKEX-JNAF,8304,5,126258,126271
887437,HKEX-ETFB3,9462,6,131389,131400
887441,HKEX-DLKV,8580,16,129957,129974
887446,HKEX-DLKV,8580,40,129957,129975
887446,HKEX-DLKV,8580,16,129957,129976
887448,HKEX-DLKV,8580,16,129957,129977
887464,HKEX-CARD,9555,10,172868,172880
887464,HKEX-FSR,9001,10,127688,127700
887465,HKEX-FSR,9001,10,127688,127701
887465,HKEX-FSR,9005,10,127689,127702
887465,HKEX-KOTD,11269,5,133852,133869
887465,HKEX-INA,8558,7,129936,129947
887465,HKEX-DLKV,8580,16,129957,129978
887465,HKEX-DLKV,8580,16,129957,129979
887465,HKEX-DLKV,8580,10,129957,129980
887465,HKEX-FSR,9005,10,127689,127703
887465,HKEX-FSR,9001,10,127688,127704
887467,HKEX-CARD,9555,2,172868,172881
887467,HKEX-ETFB,9132,8,127129,127139
887467,HKEX-FSR,9005,8,127689,127705
887467,HKEX-MDKA,10017,8,130907,130931
887467,HKEX-SIMP,10019,8,141421,141432
887467,HKEX-DLKV,8580,8,129957,129981
887467,HKEX-FSR,9001,6,127688,127706
887468,HKEX-CARD,9555,10,172868,172882
887468,HKEX-ETFA,8971,5,122538,122548
887468,HKEX-ETFB3,9462,5,131389,131401
887471,HKEX-ETFB3,9466,50,131385,131402
887471,HKEX-ETFB3,9466,64,131385,131404
887471,HKEX-ETFB3,9473,10,131055,131404
887471,HKEX-ETFB3,9483,3,128441,131404
887471,HKEX-ETFB3,9483,5,128443,131404
887471,HKEX-ETFB3,9483,3,128458,131404
887471,HKEX-ETFB3,9487,3,128475,131404
887471,HKEX-ETFB3,9488,10,131165,131404
887471,HKEX-ETFB3,9491,2,131357,131404
887471,HKEX-ETFB3,9491,8,131357,131406
887471,HKEX-ETFB3,9493,10,131274,131406
887471,HKEX-ETFB3,9495,6,128377,131406
887471,HKEX-ETFB3,9495,5,128394,131406
887471,HKEX-ETFB3,9495,6,128397,131406
887475,HKEX-ETFB3,9499,9,131406,131412
887483,HKEX-XFR,9166,10,119477,119826
887483,HKEX-XFR,9157,15,119826,119835
887483,HKEX-CARD,9555,10,172893,172894
887483,HKEX-CARD,9556,20,172884,172894
887483,HKEX-CARD,9556,30,172884,172895
887483,HKEX-INA,8553,7,129949,129958
887484,HKEX-CARD,9554,1,172883,172896
887484,HKEX-XFR,9157,8,119826,119836
887486,HKEX-CARD,9557,30,172886,172897
887488,HKEX-XFR,9157,2,119826,119837
887499,HKEX-SIMP,10014,8,141434,141443
887500,HKEX-XFR,9157,15,119826,119838
887507,HKEX-MDKA,10011,25,130932,130942
887520,HKEX-ETFB,9130,5,127140,127150
887521,HKEX-DLKV,8593,1,129983,130002
887522,HKEX-CARD,9554,20,172883,172899
887530,HKEX-SIMP,10014,1,141434,141445
887531,HKEX-FSR,8997,3,127707,127717
887536,HKEX-XFR,9159,20,119828,119839
887538,HKEX-MDKA,10011,4,130932,130943
887540,HKEX-CARD,9557,10,172886,172902
887558,HKEX-KOTD,11288,5,133871,133880
887558,HKEX-CARD,9554,2,172883,172903
887558,HKEX-FSR,9001,10,127708,127718
887560,HKEX-ETFB3,9499,24,131406,131414
887560,HKEX-KOTD,11288,8,133871,133881
887560,HKEX-INA,8553,8,129949,129960
887560,HKEX-DLKV,8593,8,129983,130007
887560,HKEX-ETFB3,9499,24,131406,131415
887560,HKEX-KOTD,11288,8,133871,133882
887567,HKEX-DLKV,8591,8,129982,130008
887570,HKEX-CARD,9548,20,172898,172905
887571,HKEX-INA,8550,38,129934,129962
887571,HKEX-INA,8542,12,129897,129962
887571,HKEX-INA,8542,38,129897,129964
887571,HKEX-INA,8540,62,129899,129964
887572,HKEX-MDKA,9940,5,130900,130945
887572,HKEX-MDKA,9938,5,130915,130945
887575,HKEX-ETFB3,9501,2,131416,131426
887575,HKEX-SIMP,10047,1,141447,141456
887575,HKEX-KOTD,11273,8,133884,133893
887575,HKEX-KOTD,11273,8,133884,133894
887575,HKEX-DLKV,8585,8,130009,130019
887575,HKEX-INA,8542,8,129966,129971
887575,HKEX-DLKV,8587,8,130010,130020
887584,HKEX-XFR,9160,20,119841,119850
887588,HKEX-CARD,9547,10,172905,172914
887601,HKEX-ETFB3,9501,2,131416,131427
887606,HKEX-ETFB3,9501,2,131416,131428
887607,HKEX-ETFB3,9501,2,131416,131429
887609,HKEX-KOTD,11273,10,133884,133895
887647,HKEX-JNAF,8283,5,126286,126297
887664,HKEX-INA,8542,5,129966,129972
887664,HKEX-KOTD,11273,10,133884,133897
887664,HKEX-KOTD,11273,10,133884,133898
887666,HKEX-ETFB,9130,2,127152,127162
887666,HKEX-FSR,9002,8,127720,127731
887666,HKEX-ETFA,8969,8,122562,122572
887666,HKEX-FSR,8998,2,127719,127732
887666,HKEX-SIMP,10045,8,141446,141468
887672,HKEX-INA,8542,8,129966,129973
887672,HKEX-ETFA,8969,1,122574,122583
887672,HKEX-MDKA,9930,1,130945,130959
887672,HKEX-SIMP,10047,1,141447,141469
887675,HKEX-CARD,9548,10,172916,172917
887675,HKEX-DLKV,8563,10,130021,130037
887675,HKEX-DLKV,8559,40,129924,130037
887675,HKEX-DLKV,8559,10,129924,130039
887675,HKEX-DLKV,8558,90,129926,130039
887676,HKEX-INA,8540,38,129899,129975
887676,HKEX-INA,8538,12,129901,129975
887676,HKEX-INA,8538,100,129901,129977
887676,HKEX-INA,8538,38,129901,129979
887679,HKEX-DLKV,8559,10,130041,130046
887679,HKEX-FSR,8998,10,127733,127743
887680,HKEX-DLKV,8559,40,130041,130047
887680,HKEX-DLKV,8559,40,130041,130048
887680,HKEX-DLKV,8559,40,130041,130049
887683,HKEX-SIMP,10048,25,141470,141481
887683,HKEX-DLKV,8559,20,130041,130050
887683,HKEX-DLKV,8560,10,130043,130050
887683,HKEX-ETFB,9132,25,127164,127173
887683,HKEX-INA,8529,22,129979,129985
887683,HKEX-ETFB3,9501,1,131430,131440
887683,HKEX-FSR,9002,25,127734,127744
887683,HKEX-CARD,9551,25,172918,172927
887683,HKEX-OIT,8824,25,119497,119506
887684,HKEX-CARD,9549,10,172917,172928
887684,HKEX-ETFB3,9501,5,131430,131441
887685,HKEX-DLKV,8560,40,130043,130051
887685,HKEX-DLKV,8560,10,130043,130052
887685,HKEX-DLKV,8560,10,130043,130053
887685,HKEX-FSR,9002,10,127734,127745
887686,HKEX-SIMP,10048,10,141470,141482
887686,HKEX-SIMP,10048,10,141470,141483
887692,HKEX-DLKV,8560,11,130043,130054
887692,HKEX-DLKV,8560,40,130043,130055
887694,HKEX-ETFB3,9501,2,131430,131442
887695,HKEX-DLKV,8560,7,130043,130056
887695,HKEX-DLKV,8560,40,130043,130057
887696,HKEX-JNAF,8291,5,126298,126310
887704,HKEX-FSR,8998,10,127733,127746
887706,HKEX-ETFB3,9501,5,131430,131443
887711,HKEX-JNAF,8291,8,126298,126311
887713,HKEX-MDKA,9981,2,130960,130971
887714,HKEX-DLKV,8560,4,130043,130058
887730,HKEX-ETFB3,9501,8,131430,131444
887738,HKEX-ETFB3,9501,6,131430,131445
887738,HKEX-KOTD,11285,2,133901,133916
887738,HKEX-INA,8529,2,129979,129986
887738,HKEX-DLKV,8560,2,130043,130059
887739,HKEX-DLKV,8560,8,130043,130060
887739,HKEX-DLKV,8560,10,130043,130061
887739,HKEX-DLKV,8560,8,130043,130062
887740,HKEX-DLKV,8561,20,130045,130063
887745,HKEX-OIT,8824,10,119497,119507
887771,HKEX-DLKV,8561,5,130045,130064
887771,HKEX-CARD,9551,10,172918,172933
887771,HKEX-INA,8529,10,129979,129988
887771,HKEX-INA,8529,10,129979,129989
887771,HKEX-SIMP,10050,10,141471,141492
887771,HKEX-SIMP,10050,10,141471,141493
887771,HKEX-ETFB3,9501,1,131430,131446
887771,HKEX-DLKV,8561,8,130045,130065
887771,HKEX-ETFB,9130,1,127163,127174
887771,HKEX-SIMP,10050,4,141471,141494
887771,HKEX-SIMP,10050,1,141471,141495
887771,HKEX-SIMP,10050,4,141471,141496
887771,HKEX-INA,8529,8,129979,129990
887771,HKEX-SIMP,10048,5,141470,141497
887771,HKEX-SIMP,10047,3,141472,141497
887771,HKEX-INA,8529,8,129979,129991
887772,HKEX-JNAF,8291,20,126298,126313
887780,HKEX-XFR,9176,8,119854,119868
887780,HKEX-FSR,8998,6,127733,127747
887780,HKEX-INA,8523,5,129865,129992
887780,HKEX-INA,8521,1,129974,129992
887782,HKEX-CARD,9558,10,172608,172934
887782,HKEX-CARD,9558,40,172640,172934
887814,HKEX-CARD,9558,40,172640,172936
887814,HKEX-CARD,9558,10,172642,172936
887816,HKEX-KOTD,11267,3,133851,133918
887816,HKEX-KOTD,11267,2,133899,133918
887820,HKEX-CARD,9559,10,172936,172944
887820,HKEX-ETFA,8969,5,122587,122596
887820,HKEX-ETFB3,9501,5,131447,131457
887824,HKEX-CARD,9559,5,172936,172945
887824,HKEX-CARD,9559,10,172936,172946
887824,HKEX-KOTD,11252,10,133918,133927
887824,HKEX-KOTD,11252,8,133918,133928
887824,HKEX-FSR,8996,5,127748,127758
887824,HKEX-SIMP,10014,20,141499,141508
887824,HKEX-JNAF,8288,20,126314,126324
887824,HKEX-SIMP,10014,20,141499,141509
887824,HKEX-CARD,9559,20,172936,172947
887824,HKEX-ETFB,9128,10,127175,127186
887824,HKEX-ETFB3,9501,10,131447,131459
887826,HKEX-SIMP,10014,10,141499,141510
887826,HKEX-DLKV,8566,40,130067,130076
887826,HKEX-DLKV,8566,10,130067,130077
887826,HKEX-DLKV,8567,30,130069,130077
887826,HKEX-CARD,9559,5,172936,172950
887826,HKEX-CARD,9558,45,172938,172950
887826,HKEX-CARD,9558,50,172938,172951
887826,HKEX-CARD,9558,50,172938,172952
887826,HKEX-FSR,8996,29,127748,127761
887838,HKEX-DLKV,8567,43,130069,130078
887838,HKEX-ETFB3,9501,35,131447,131460
887838,HKEX-ETFB3,9500,9,131449,131460
887838,HKEX-DLKV,8567,27,130069,130079
887838,HKEX-DLKV,8568,13,130071,130079
887845,HKEX-DLKV,8568,40,130071,130080
887847,HKEX-MDKA,9926,1,130973,130987
887849,HKEX-DLKV,8568,40,130071,130081
887856,HKEX-KOTD,11252,1,133918,133929
887856,HKEX-INA,8528,1,129994,130003
887856,HKEX-DLKV,8568,1,130071,130082
887858,HKEX-ETFB,9128,1,127175,127190
887858,HKEX-DLKV,8568,4,130071,130083
887858,HKEX-FSR,8996,2,127748,127762
887858,HKEX-KOTD,11252,8,133918,133930
887858,HKEX-SIMP,10015,8,141501,141518
887860,HKEX-CARD,9558,5,172938,172954
887860,HKEX-FSR,9000,5,127749,127763
887860,HKEX-INA,8528,5,129994,130004
887860,HKEX-JNAF,8292,5,126315,126326
887860,HKEX-XFR,9179,5,119869,119882
887860,HKEX-ETFB3,9500,10,131449,131462
887860,HKEX-INA,8528,10,129994,130005
887861,HKEX-JNAF,8288,10,126314,126327
887861,HKEX-MDKA,9928,5,130989,130990
887861,HKEX-MDKA,9930,5,130974,130990
887861,HKEX-MDKA,9930,10,130974,130991
887861,HKEX-XFR,9183,5,119870,119883
887863,HKEX-ETFB3,9501,3,131461,131463
887866,HKEX-CARD,9557,9,172940,172956
887866,HKEX-INA,8528,3,129994,130006
887869,HKEX-CARD,9556,5,172953,172958
887869,HKEX-DLKV,8558,10,129926,130085
887869,HKEX-DLKV,8557,40,129928,130085
887869,HKEX-DLKV,8557,100,129928,130087
887873,HKEX-XFR,9159,50,119881,119885
887874,HKEX-CARD,9554,1,172957,172967
887874,HKEX-DLKV,8558,10,130089,130094
887874,HKEX-DLKV,8558,10,130089,130095
887874,HKEX-OIT,8817,10,119520,119530
887875,HKEX-DLKV,8558,3,130089,130096
887875,HKEX-DLKV,8558,40,130089,130097
887901,HKEX-ETFB3,9501,42,131463,131473
887902,HKEX-ETFB3,9501,5,131463,131474
887902,HKEX-ETFB3,9500,7,131465,131474
887902,HKEX-ETFA,8969,8,122600,122609
887912,HKEX-ETFB3,9500,24,131465,131477
887912,HKEX-INA,8510,8,130008,130017
887912,HKEX-DLKV,8558,8,130089,130098
887924,HKEX-DLKV,8558,10,130089,130099
887927,HKEX-XFR,9161,20,119887,119898
887927,HKEX-DLKV,8558,11,130089,130100
887927,HKEX-MDKA,9942,8,130993,131003
887929,HKEX-DLKV,8558,6,130089,130101
887941,HKEX-DLKV,8558,10,130089,130102
887969,HKEX-ETFB3,9500,10,131465,131479
887969,HKEX-DLKV,8558,10,130089,130103
887969,HKEX-FSR,8963,10,127764,127779
887969,HKEX-FSR,8967,10,127765,127780
887969,HKEX-FSR,8967,10,127765,127781
887969,HKEX-OIT,8817,10,119520,119531
887969,HKEX-XFR,9161,5,119887,119899
887969,HKEX-INA,8510,10,130008,130018
887971,HKEX-ETFB3,9500,1,131465,131480
887971,HKEX-DLKV,8558,8,130089,130104
887971,HKEX-INA,8510,8,130008,130019
887971,HKEX-ETFA,8969,8,122600,122610
887971,HKEX-KOTD,11283,1,133932,133943
887971,HKEX-INA,8510,1,130008,130020
887971,HKEX-DLKV,8558,1,130089,130105
887972,HKEX-ETFB3,9501,5,131478,131482
887972,HKEX-ETFB3,9501,3,131481,131482
887975,HKEX-SIMP,10019,9,141520,141532
887975,HKEX-FSR,8963,1,127764,127782
887978,HKEX-INA,8497,5,129643,130022
887978,HKEX-MDKA,9926,5,130988,131005
887978,HKEX-MDKA,9867,10,129894,131005
887984,HKEX-XFR,9176,20,119901,119910
887987,HKEX-INA,8494,40,130022,130031
887987,HKEX-INA,8494,5,130022,130032
887987,HKEX-INA,8496,35,130024,130032
887987,HKEX-DLKV,8558,10,130107,130116
887987,HKEX-ETFA,8965,10,122597,122621
887987,HKEX-ETFB3,9501,10,131482,131492
887988,HKEX-DLKV,8558,20,130107,130117
887988,HKEX-MDKA,9866,10,131005,131014
887990,HKEX-CARD,9549,10,172969,172981
887991,HKEX-MDKA,9866,10,131005,131015
887991,HKEX-INA,8496,40,130024,130033
887991,HKEX-INA,8496,25,130024,130034
887991,HKEX-INA,8498,15,130026,130034
887995,HKEX-INA,8498,40,130026,130035
887998,HKEX-ETFB3,9501,5,131482,131493
888001,HKEX-INA,8498,40,130026,130036
888009,HKEX-INA,8498,40,130026,130037
888010,HKEX-INA,8498,8,130026,130038
888011,HKEX-FSR,8997,4,127784,127796
888017,HKEX-FSR,8997,5,127784,127797
888017,HKEX-JNAF,8237,5,126342,126357
888018,HKEX-KOTD,11265,5,133945,133955
888018,HKEX-MDKA,9866,5,131005,131016
888018,HKEX-XFR,9172,5,119900,119913
888018,HKEX-ETFB3,9501,10,131482,131494
888018,HKEX-CARD,9549,10,172969,172983
888018,HKEX-DLKV,8558,10,130107,130120
888018,HKEX-INA,8498,7,130026,130039
888018,HKEX-INA,8500,3,130028,130039
888018,HKEX-KOTD,11265,10,133945,133957
888018,HKEX-KOTD,11265,10,133945,133958
888018,HKEX-CARD,9551,5,172970,172984
888019,HKEX-KOTD,11265,10,133945,133959
888022,HKEX-MDKA,9866,10,131005,131019
888022,HKEX-MDKA,9868,10,131007,131019
888022,HKEX-XFR,9176,20,119901,119914
888033,HKEX-DLKV,8558,10,130107,130121
888033,HKEX-DLKV,8558,5,130119,130121
888033,HKEX-DLKV,8559,35,130109,130121
888037,HKEX-ETFB3,9501,8,131482,131495
888038,HKEX-ETFB3,9501,6,131482,131496
888039,HKEX-INA,8500,2,130028,130040
888039,HKEX-DLKV,8559,2,130109,130122
888041,HKEX-MDKA,9868,25,131007,131020
888043,HKEX-CARD,9549,10,172969,172985
888045,HKEX-CARD,9549,10,172969,172986
888045,HKEX-INA,8500,10,130028,130041
888046,HKEX-INA,8500,8,130028,130042
888047,HKEX-CARD,9549,3,172969,172987
888047,HKEX-INA,8500,10,130028,130043
888048,HKEX-ETFB3,9501,3,131482,131497
888048,HKEX-CARD,9549,7,172969,172988
888048,HKEX-INA,8500,1,130028,130044
888048,HKEX-DLKV,8559,1,130109,130124
888048,HKEX-DLKV,8559,10,130109,130125
888048,HKEX-ETFA,8966,1,122622,122623
888048,HKEX-ETFA,8965,9,122611,122623
888049,HKEX-INA,8500,30,130028,130046
888049,HKEX-ETFB3,9500,10,131484,131499
888049,HKEX-DLKV,8559,10,130109,130126
888049,HKEX-DLKV,8559,10,130109,130127
888050,HKEX-MDKA,9868,10,131007,131022
888050,HKEX-MDKA,9868,10,131007,131023
888050,HKEX-OIT,8812,10,119533,119544
888050,HKEX-DLKV,8559,20,130109,130128
888066,HKEX-KOTD,11265,5,133945,133964
888066,HKEX-ETFB3,9500,10,131484,131500
888067,HKEX-FSR,8993,10,127783,127802
888067,HKEX-INA,8500,10,130028,130047
888067,HKEX-JNAF,8237,10,126342,126360
888067,HKEX-JNAF,8237,10,126342,126361
888067,HKEX-JNAF,8237,10,126342,126362
888067,HKEX-SIMP,10027,10,141533,141547
888067,HKEX-KOTD,11265,10,133945,133966
888069,HKEX-MDKA,9868,1,131007,131024
888069,HKEX-FSR,8993,3,127783,127803
888069,HKEX-INA,8500,8,130028,130048
888069,HKEX-DLKV,8559,1,130109,130129
888069,HKEX-KOTD,11267,8,133947,133967
888069,HKEX-KOTD,11267,8,133947,133968
888069,HKEX-ETFA,8969,8,122612,122624
888069,HKEX-JNAF,8237,8,126342,126363
888069,HKEX-CARD,9548,10,172971,172992
888069,HKEX-ETFB3,9500,5,131484,131501
888074,HKEX-KOTD,11267,5,133947,133969
888074,HKEX-KOTD,11261,1,133944,133970
888074,HKEX-OIT,8812,3,119533,119545
888074,HKEX-KOTD,11261,3,133944,133971
888076,HKEX-DLKV,8557,10,129928,130131
888076,HKEX-DLKV,8557,5,130118,130131
888076,HKEX-DLKV,8556,35,129930,130131
888076,HKEX-DLKV,8556,100,129930,130133
888076,HKEX-DLKV,8556,65,129930,130135
888076,HKEX-DLKV,8555,85,129932,130135
888076,HKEX-DLKV,8555,165,129932,130137
888076,HKEX-INA,8493,44,129555,130050
888076,HKEX-INA,8491,6,129526,130050
888076,HKEX-INA,8491,13,129526,130052
888076,HKEX-INA,8491,87,129557,130052
888076,HKEX-INA,8491,63,129557,130054
888076,HKEX-INA,8489,87,129507,130054
888076,HKEX-INA,8489,11,129507,130056
888076,HKEX-INA,8489,100,129528,130056
888076,HKEX-INA,8489,89,129559,130056
888080,HKEX-INA,8491,10,130058,130059
888080,HKEX-MDKA,9808,20,131026,131035
888080,HKEX-XFR,9183,20,119918,119927
888085,HKEX-ETFA,8969,12,122626,122635
888088,HKEX-DLKV,8545,20,130137,130140
888099,HKEX-ETFB3,9501,10,131502,131512
888099,HKEX-CARD,9552,5,172994,173004
888099,HKEX-FSR,8964,10,127805,127814
888099,HKEX-FSR,8964,10,127805,127815
888099,HKEX-MDKA,9808,10,131026,131036
888104,HKEX-INA,8491,5,130058,130060
888104,HKEX-ETFB3,9501,10,131502,131513
888104,HKEX-CARD,9550,10,172993,173005
888104,HKEX-DLKV,8545,2,130137,130141
888104,HKEX-INA,8491,10,130058,130061
888104,HKEX-INA,8491,10,130058,130062
888104,HKEX-JNAF,8245,5,126365,126376
888104,HKEX-KOTD,11258,10,133973,133982
888104,HKEX-KOTD,11258,10,133973,133983
888110,HKEX-DLKV,8545,2,130137,130142
888111,HKEX-MDKA,9808,10,131026,131037
888114,HKEX-INA,8491,10,130058,130063
888114,HKEX-DLKV,8545,11,130137,130143
888114,HKEX-DLKV,8546,9,130139,130143
888115,HKEX-DLKV,8546,46,130139,130144
888115,HKEX-ETFB3,9501,19,131502,131514
888115,HKEX-FSR,8964,30,127805,127816
888115,HKEX-FSR,8966,20,127807,127816
888116,HKEX-MDKA,9808,10,131026,131038
888116,HKEX-MDKA,9810,10,131028,131038
888128,HKEX-CARD,9552,20,172994,173006
888133,HKEX-ETFB,9127,8,127213,127223
888140,HKEX-MDKA,9810,7,131028,131039
888140,HKEX-DLKV,8546,4,130139,130145
888150,HKEX-MDKA,9810,10,131028,131040
888151,HKEX-DLKV,8546,20,130139,130146
888174,HKEX-ETFB3,9501,3,131502,131515
888174,HKEX-KOTD,11258,1,133973,133985
888174,HKEX-INA,8491,1,130058,130064
888174,HKEX-DLKV,8546,1,130139,130147
888175,HKEX-ETFB3,9501,8,131502,131516
888175,HKEX-CARD,9550,10,172993,173008
888175,HKEX-CARD,9550,8,172993,173009
888175,HKEX-INA,8491,10,130058,130065
888175,HKEX-DLKV,8546,8,130139,130148
888175,HKEX-JNAF,8245,4,126365,126382
888175,HKEX-SIMP,10039,8,141549,141567
888175,HKEX-ETFA,8969,8,122626,122637
888175,HKEX-INA,8491,8,130058,130066
888175,HKEX-DLKV,8546,10,130139,130149
888175,HKEX-DLKV,8546,10,130139,130150
888175,HKEX-DLKV,8546,10,130139,130151
888175,HKEX-FSR,8966,10,127807,127817
888175,HKEX-FSR,8966,10,127807,127818
888175,HKEX-KOTD,11258,10,133973,133986
888175,HKEX-MDKA,9810,10,131028,131041
888175,HKEX-OIT,8805,10,119547,119556
888175,HKEX-SIMP,10041,4,141550,141568
888175,HKEX-INA,8491,10,130058,130067
888179,HKEX-KOTD,11254,8,133972,133987
888179,HKEX-ETFA,8965,1,122638,122648
888181,HKEX-DLKV,8543,10,128711,130153
888182,HKEX-INA,8489,50,129559,130069
888182,HKEX-INA,8489,61,129559,130071
888182,HKEX-INA,8488,5,129523,130071
888182,HKEX-INA,8487,34,129509,130071
888182,HKEX-INA,8487,116,129509,130073
888182,HKEX-INA,8487,34,129530,130073
888182,HKEX-INA,8487,116,129530,130075
888182,HKEX-KOTD,11252,1,133961,133989
888182,HKEX-KOTD,11239,1,133293,133989
888185,HKEX-FSR,8962,30,127820,127829
888191,HKEX-DLKV,8543,20,130153,130162
888212,HKEX-ETFB3,9501,5,131518,131528
888212,HKEX-DLKV,8543,20,130153,130163
888217,HKEX-ETFB,9127,5,127224,127234
888217,HKEX-ETFB3,9501,45,131518,131529
888217,HKEX-ETFB3,9500,5,131520,131529
888218,HKEX-MDKA,9761,5,131043,131052
888220,HKEX-DLKV,8544,2,130155,130164
888221,HKEX-MDKA,9761,10,131043,131053
888224,HKEX-CARD,9544,10,173011,173021
888225,HKEX-KOTD,11239,10,133989,133998
888227,HKEX-MDKA,9761,20,131043,131054
888229,HKEX-CARD,9544,10,173011,173022
888236,HKEX-INA,8486,8,130075,130078
888241,HKEX-FSR,8962,10,127820,127831
888241,HKEX-FSR,8962,10,127820,127832
888241,HKEX-FSR,8964,10,127822,127833
888241,HKEX-FSR,8964,10,127822,127834
888241,HKEX-FSR,8964,10,127822,127835
888241,HKEX-MDKA,9761,10,131043,131055
888241,HKEX-MDKA,9761,5,131043,131056
888241,HKEX-MDKA,9763,5,131045,131056
888241,HKEX-MDKA,9763,10,131045,131057
888241,HKEX-FSR,8964,10,127822,127836
888247,HKEX-INA,8486,10,130075,130079
888270,HKEX-DLKV,8544,1,130155,130165
888270,HKEX-DLKV,8544,1,130155,130166
888275,HKEX-ETFB3,9500,10,131520,131530
888275,HKEX-CARD,9544,10,173011,173024
888275,HKEX-CARD,9544,10,173011,173025
888275,HKEX-FSR,8964,10,127822,127837
888276,HKEX-FSR,8964,10,127822,127838
888276,HKEX-INA,8486,10,130075,130080
888276,HKEX-KOTD,11239,10,133989,133999
888276,HKEX-XFR,9180,10,119933,119945
888276,HKEX-XFR,9180,10,119933,119946
888276,HKEX-ETFB3,9500,10,131520,131531
888276,HKEX-CARD,9544,10,173011,173026
888276,HKEX-FSR,8958,10,127819,127839
888276,HKEX-INA,8486,10,130075,130081
888276,HKEX-JNAF,8254,10,126384,126395
888276,HKEX-KOTD,11239,10,133989,134000
888276,HKEX-MDKA,9763,10,131045,131058
888276,HKEX-ETFB3,9500,6,131520,131532
888276,HKEX-KOTD,11239,2,133989,134001
888276,HKEX-INA,8486,2,130075,130082
888276,HKEX-DLKV,8544,2,130155,130167
888276,HKEX-MDKA,9763,2,131045,131059
888276,HKEX-KOTD,11239,8,133989,134002
888276,HKEX-FSR,8964,5,127822,127840
888276,HKEX-INA,8486,8,130075,130083
888276,HKEX-ETFA,8969,4,122639,122649
888278,HKEX-ETFB,9123,4,127084,127236
888278,HKEX-ETFB,9113,10,126276,127236
888278,HKEX-ETFB,9111,4,126291,127236
888280,HKEX-ETFA,8974,10,120258,122650
888280,HKEX-ETFA,8976,40,120221,122650
888280,HKEX-ETFA,8976,40,120221,122652
888280,HKEX-ETFA,8981,10,122277,122652
888280,HKEX-JNAF,8250,10,126383,126396
888280,HKEX-CARD,9545,4,173013,173027
888280,HKEX-DLKV,8541,1,130152,130168
888280,HKEX-JNAF,8250,1,126383,126397
888280,HKEX-JNAF,8254,7,126384,126398
888282,HKEX-CARD,9550,10,173020,173028
888282,HKEX-CARD,9554,10,172982,173028
888282,HKEX-CARD,9554,5,172989,173028
888282,HKEX-CARD,9557,20,173007,173028
888282,HKEX-CARD,9561,5,172639,173028
888282,HKEX-CARD,9561,15,172639,173030
888282,HKEX-CARD,9574,10,172519,173030
888284,HKEX-MDKA,9750,5,129646,131061
888284,HKEX-MDKA,9735,10,128741,131061
888285,HKEX-SIMP,10014,10,141514,141580
888285,HKEX-SIMP,10012,10,141102,141580
888286,HKEX-CARD,9681,10,173030,173038
888286,HKEX-KOTD,11223,8,134004,134013
888286,HKEX-DLKV,8513,8,130170,130179
888286,HKEX-KOTD,11223,15,134004,134014
888296,HKEX-SIMP,10012,20,141580,141589
888297,HKEX-MDKA,9720,20,131061,131070
888297,HKEX-DLKV,8513,8,130170,130180
888298,HKEX-DLKV,8513,12,130170,130181
888299,HKEX-MDKA,9720,2,131061,131071
888299,HKEX-DLKV,8513,1,130170,130182
888305,HKEX-KOTD,11223,10,134004,134015
888306,HKEX-MDKA,9720,13,131061,131072
888306,HKEX-MDKA,9722,12,131063,131072
888315,HKEX-DLKV,8513,21,130170,130183
888315,HKEX-DLKV,8514,59,130172,130183
888319,HKEX-CARD,9681,10,173030,173040
888319,HKEX-FSR,8943,50,127842,127851
888330,HKEX-MDKA,9722,20,131063,131073
888330,HKEX-MDKA,9722,20,131063,131074
888332,HKEX-DLKV,8514,18,130172,130184
888332,HKEX-INA,8487,20,130085,130097
888333,HKEX-MDKA,9722,10,131063,131075
888340,HKEX-CARD,9681,2,173030,173041
888346,HKEX-KOTD,11223,2,134004,134016
888346,HKEX-INA,8487,2,130085,130098
888346,HKEX-DLKV,8514,2,130172,130185
943167,HKEX-ETFB3,9773,50,139725,139737
943167,HKEX-ETFB3,9772,100,139727,139737
943167,HKEX-KOTD,11597,50,142985,142996
943167,HKEX-INA,8726,1,138612,138624
943167,HKEX-INA,8728,49,138614,138624
943167,HKEX-DLKV,8959,50,138341,138361
943167,HKEX-OIT,8171,5,126547,126564
943167,HKEX-DLKV,8955,10,138344,138364
943175,HKEX-FSR,9054,8,135752,135762
943179,HKEX-MDKA,10415,5,138903,139460
943182,HKEX-XFR,9197,5,126869,127114
943182,HKEX-XFR,9198,8,127114,127124
943182,HKEX-ETFB,9269,8,135092,135102
943182,HKEX-OIT,8187,8,126566,126575
943182,HKEX-DLKV,8956,5,138366,138375
943183,HKEX-FSR,9057,10,135763,135773
943183,HKEX-CARD,10076,10,181915,181925
943183,HKEX-ETFB,9271,5,135093,135103
943192,HKEX-INA,8721,1,138627,138636
943206,HKEX-ETFB,9271,8,135093,135104
943206,HKEX-OIT,8185,6,126565,126577
943222,HKEX-XFR,9198,5,127114,127125
943232,HKEX-FSR,9057,10,135763,135774
943232,HKEX-FSR,9057,10,135763,135775
943232,HKEX-FSR,9057,10,135763,135776
943232,HKEX-FSR,9057,10,135763,135777
943232,HKEX-FSR,9055,10,135765,135778
943232,HKEX-KOTD,11604,10,142998,143010
943234,HKEX-DLKV,8954,3,138365,138377
943238,HKEX-OIT,8187,31,126566,126578
943238,HKEX-INA,8721,40,138627,138637
943242,HKEX-CARD,10076,10,181915,181926
943243,HKEX-SIMP,9964,10,149523,149534
943243,HKEX-SIMP,9964,9,149523,149535
943243,HKEX-FSR,9055,5,135765,135779
943244,HKEX-KOTD,11608,5,142999,143012
943244,HKEX-MDKA,10402,10,139460,139469
943244,HKEX-OIT,8185,5,126565,126579
943244,HKEX-DLKV,8956,10,138366,138380
943244,HKEX-XFR,9198,1,127114,127126
943244,HKEX-OIT,8187,6,126566,126580
943244,HKEX-ETFA,8996,25,130051,130064
943247,HKEX-XFR,9198,1,127114,127127
943269,HKEX-FSR,9055,5,135765,135780
943269,HKEX-INA,8717,5,138626,138639
943269,HKEX-JNAF,8438,5,133950,133960
943269,HKEX-MDKA,10398,5,139459,139470
943269,HKEX-ETFB,9269,10,135092,135107
943269,HKEX-ETFB3,9770,1,139740,139750
943269,HKEX-KOTD,11604,10,142998,143013
943269,HKEX-DLKV,8956,10,138366,138382
943269,HKEX-INA,8717,5,138626,138640
943269,HKEX-MDKA,10402,10,139460,139471
943269,HKEX-ETFB3,9770,8,139740,139751
943269,HKEX-ETFB3,9770,8,139740,139752
943270,HKEX-XFR,9199,5,127128,127130
943270,HKEX-XFR,9198,3,127114,127130
943270,HKEX-MDKA,10402,8,139460,139472
943274,HKEX-ETFB,9264,10,135066,135109
943276,HKEX-CARD,10078,3,181916,181927
943283,HKEX-SIMP,9948,10,149532,149539
943284,HKEX-CARD,9792,5,181929,181938
943296,HKEX-OIT,8160,1,126582,126591
943302,HKEX-FSR,9080,10,135781,135793
943307,HKEX-ETFB,9253,5,135109,135118
943314,HKEX-DLKV,8947,10,138384,138394
943334,HKEX-OIT,8160,8,126582,126592
943338,HKEX-FSR,9080,10,135781,135796
943345,HKEX-ETFA,9000,10,130066,130075
943345,HKEX-ETFB,9253,10,135109,135119
943345,HKEX-ETFB3,9768,10,139753,139764
943345,HKEX-FSR,9080,8,135781,135797
943368,HKEX-KOTD,11583,5,143015,143026
943368,HKEX-FSR,9080,10,135781,135798
943368,HKEX-FSR,9080,5,135781,135799
943368,HKEX-CARD,9792,8,181929,181942
943368,HKEX-CARD,9792,8,181929,181943
943368,HKEX-CARD,9792,8,181929,181944
943368,HKEX-DLKV,8947,3,138384,138395
943368,HKEX-FSR,9080,7,135781,135800
943368,HKEX-FSR,9078,1,135783,135800
943368,HKEX-ETFB3,9770,2,139754,139765
943375,HKEX-ETFB3,9770,7,139767,139776
943401,HKEX-DLKV,8924,10,138397,138406
943404,HKEX-DLKV,8924,10,138397,138407
943405,HKEX-OIT,8172,7,126593,126603
943405,HKEX-ETFB,9263,8,135122,135132
943408,HKEX-MDKA,10421,8,139485,139494
943434,HKEX-DLKV,8922,3,138396,138408
943434,HKEX-MDKA,10421,10,139485,139495
943443,HKEX-ETFB3,9768,6,139766,139777
943444,HKEX-KOTD,11576,2,143028,143039
943444,HKEX-DLKV,8924,2,138397,138409
943464,HKEX-JNAF,8418,5,133971,133981
943464,HKEX-MDKA,10417,5,139484,139496
943464,HKEX-XFR,9193,5,127141,127153
943464,HKEX-ETFB,9261,10,135121,135133
943464,HKEX-FSR,9074,10,135802,135813
943464,HKEX-XFR,9193,10,127141,127154
943464,HKEX-FSR,9074,10,135802,135814
943464,HKEX-DLKV,8924,10,138397,138410
943464,HKEX-KOTD,11572,10,143027,143040
943465,HKEX-CARD,9812,10,181946,181955
943466,HKEX-ETFA,9004,5,130079,130089
943466,HKEX-ETFB,9263,5,135122,135134
943472,HKEX-ETFA,9013,3,130091,130100
943480,HKEX-XFR,9191,5,127152,127156
943481,HKEX-DLKV,8917,17,138412,138421
943507,HKEX-MDKA,10419,5,139498,139507
943515,HKEX-CARD,9800,8,181957,181969
943515,HKEX-XFR,9171,5,127065,127166
943515,HKEX-XFR,9169,3,127155,127166
943515,HKEX-MDKA,10419,6,139498,139508
943515,HKEX-ETFB,9254,8,135135,135147
943519,HKEX-CARD,9798,8,181956,181970
943520,HKEX-ETFB,9256,15,135136,135148
943520,HKEX-ETFB3,9770,12,139779,139788
943530,HKEX-ETFB3,9768,24,139778,139789
943530,HKEX-INA,8713,8,138665,138674
943530,HKEX-DLKV,8917,8,138412,138422
943534,HKEX-OIT,8178,8,126605,126614
943535,HKEX-MDKA,10419,10,139498,139509
943535,HKEX-KOTD,11582,10,143041,143052
943542,HKEX-ETFB3,9770,20,139779,139790
943546,HKEX-CARD,9800,8,181957,181971
943548,HKEX-CARD,9800,8,181957,181972
943561,HKEX-ETFB3,9770,8,139779,139791
943563,HKEX-DLKV,8917,10,138412,138424
943563,HKEX-SIMP,9947,10,149567,149577
943563,HKEX-CARD,9800,8,181957,181973
943563,HKEX-CARD,9800,8,181957,181974
943563,HKEX-ETFB3,9768,5,139778,139792
943578,HKEX-INA,8722,1,138676,138685
943578,HKEX-OIT,8166,5,126616,126625
943578,HKEX-JNAF,8414,25,133993,134003
943584,HKEX-FSR,9055,10,135826,135836
943601,HKEX-ETFB,9256,10,135150,135160
943602,HKEX-FSR,9055,5,135826,135837
943602,HKEX-OIT,8164,8,126615,126626
943602,HKEX-FSR,9051,8,135825,135838
943605,HKEX-ETFB,9256,10,135150,135161
943629,HKEX-ETFB3,9773,44,139793,139805
943634,HKEX-CARD,9806,20,181976,181986
943636,HKEX-INA,8722,1,138676,138688
943638,HKEX-CARD,9804,8,181975,181988
943640,HKEX-DLKV,8922,2,138425,138437
943645,HKEX-ETFB,9256,8,135150,135162
943646,HKEX-ETFB3,9773,1,139793,139806
943646,HKEX-KOTD,11577,1,143054,143064
943646,HKEX-INA,8722,1,138676,138689
943647,HKEX-DLKV,8924,1,138426,138438
943648,HKEX-ETFB3,9773,5,139793,139807
943648,HKEX-ETFB3,9772,35,139795,139807
943649,HKEX-KOTD,11577,40,143054,143065
943649,HKEX-DLKV,8924,40,138426,138439
943666,HKEX-ETFB3,9772,10,139795,139808
943666,HKEX-INA,8722,5,138676,138691
943666,HKEX-KOTD,11573,2,143053,143066
943667,HKEX-ETFB3,9772,10,139795,139809
943667,HKEX-XFR,9161,8,127167,127177
943667,HKEX-DLKV,8922,1,138425,138440
943667,HKEX-MDKA,10466,3,139511,139521
943667,HKEX-CARD,9806,10,181976,181989
943676,HKEX-CARD,9813,20,181987,181990
943678,HKEX-KOTD,11560,5,142513,143068
943682,HKEX-FSR,9046,8,135839,135851
943693,HKEX-ETFB,9240,15,135164,135173
943700,HKEX-MDKA,10467,10,139522,139533
943703,HKEX-ETFB3,9773,28,139810,139821
943704,HKEX-KOTD,11559,28,143068,143077
943704,HKEX-INA,8723,28,138693,138702
943704,HKEX-DLKV,8914,28,138442,138451
943710,HKEX-JNAF,8426,8,134004,134014
943712,HKEX-DLKV,8912,1,138441,138452
943712,HKEX-ETFB3,9773,5,139810,139822
943712,HKEX-CARD,9823,8,181990,182000
943734,HKEX-OIT,8190,8,126628,126637
943742,HKEX-ETFB3,9773,17,139810,139823
943742,HKEX-ETFB3,9772,8,139812,139823
943742,HKEX-ETFB,9240,12,135164,135174
943742,HKEX-KOTD,11559,17,143068,143078
943742,HKEX-KOTD,11561,8,143070,143078
943742,HKEX-DLKV,8914,22,138442,138454
943742,HKEX-DLKV,8915,3,138444,138454
943748,HKEX-ETFB3,9772,3,139812,139824
943749,HKEX-KOTD,11561,1,143070,143079
943749,HKEX-DLKV,8915,1,138444,138455
943764,HKEX-DLKV,8915,5,138444,138456
943764,HKEX-FSR,9046,5,135839,135853
943765,HKEX-KOTD,11561,5,143070,143080
943765,HKEX-ETFB,9240,10,135164,135175
943765,HKEX-ETFB3,9772,10,139812,139825
943765,HKEX-CARD,9823,4,181990,182002
943765,HKEX-KOTD,11561,10,143070,143081
943765,HKEX-XFR,9162,10,127178,127188
943765,HKEX-DLKV,8915,10,138444,138458
943765,HKEX-DLKV,8915,5,138444,138459
943765,HKEX-ETFB3,9772,10,139812,139826
943765,HKEX-DLKV,8915,10,138444,138461
943765,HKEX-KOTD,11561,10,143070,143082
943765,HKEX-CARD,9825,8,181991,182003
943765,HKEX-ETFB,9240,8,135164,135176
943765,HKEX-ETFA,9013,5,130115,130124
943765,HKEX-ETFB,9240,5,135164,135177
943775,HKEX-DLKV,8919,5,138457,138462
943775,HKEX-DLKV,8920,5,138460,138462
943781,HKEX-ETFB3,9773,6,139827,139837
943781,HKEX-KOTD,11579,2,143084,143093
943808,HKEX-OIT,8163,20,126639,126648
943817,HKEX-ETFB,9240,10,135179,135188
943817,HKEX-ETFB3,9773,10,139827,139839
943834,HKEX-CARD,9793,8,182004,182015
943841,HKEX-ETFB3,9773,9,139827,139840
943842,HKEX-ETFB3,9773,5,139827,139841
943846,HKEX-CARD,9793,8,182004,182016
943850,HKEX-ETFA,9009,25,130125,130137
943850,HKEX-INA,8737,25,138707,138720
943850,HKEX-ETFB3,9773,20,139827,139842
943850,HKEX-ETFB3,9772,10,139829,139842
943857,HKEX-ETFB3,9772,3,139829,139843
943857,HKEX-XFR,9175,5,127189,127199
943857,HKEX-FSR,9038,5,135854,135864
943857,HKEX-INA,8737,5,138707,138722
943857,HKEX-ETFB,9240,16,135179,135191
943859,HKEX-INA,8737,5,138707,138723
943859,HKEX-ETFB,9240,1,135179,135192
943859,HKEX-ETFB,9240,1,135179,135193
943859,HKEX-ETFB,9240,1,135179,135194
943859,HKEX-FSR,9042,5,135855,135865
943859,HKEX-JNAF,8419,5,134015,134025
943859,HKEX-KOTD,11579,5,143084,143097
943859,HKEX-XFR,9175,8,127189,127200
943859,HKEX-ETFB3,9772,5,139829,139844
943859,HKEX-FSR,9042,5,135855,135866
943859,HKEX-FSR,9042,5,135855,135867
943859,HKEX-MDKA,10410,5,139534,139546
943860,HKEX-FSR,9042,10,135855,135868
943860,HKEX-FSR,9042,10,135855,135869
943860,HKEX-FSR,9042,10,135855,135870
943860,HKEX-KOTD,11577,1,143096,143098
943860,HKEX-KOTD,11575,9,143083,143098
943860,HKEX-KOTD,11575,10,143083,143099
943867,HKEX-OIT,8161,1,126638,126649
943867,HKEX-XFR,9175,5,127189,127203
943867,HKEX-OIT,8163,1,126639,126650
943869,HKEX-DLKV,8924,1,138474,138476
943870,HKEX-INA,8722,1,138721,138725
943870,HKEX-INA,8713,1,138706,138725
943870,HKEX-KOTD,11574,1,143094,143101
943870,HKEX-KOTD,11522,5,142384,143101
943873,HKEX-XFR,9175,5,127201,127205
943877,HKEX-ETFB,9240,25,135196,135205
943880,HKEX-FSR,9042,2,135872,135881
943884,HKEX-INA,8703,1,138725,138734
943888,HKEX-ETFB3,9773,24,139845,139855
943888,HKEX-KOTD,11516,8,143101,143110
943888,HKEX-INA,8703,8,138725,138735
943888,HKEX-DLKV,8923,8,138476,138485
943899,HKEX-ETFB,9240,8,135196,135206
943900,HKEX-INA,8703,5,138725,138736
943904,HKEX-JNAF,8411,8,134026,134036
943904,HKEX-ETFB,9240,8,135196,135207
943905,HKEX-MDKA,10331,8,139547,139557
943909,HKEX-INA,8703,2,138725,138737
943915,HKEX-ETFB,9240,5,135196,135208
943916,HKEX-INA,8703,32,138725,138738
943916,HKEX-INA,8705,10,138727,138738
943935,HKEX-OIT,8172,8,126652,126661
943938,HKEX-MDKA,10335,10,139548,139558
943940,HKEX-ETFB3,9773,8,139845,139856
943942,HKEX-ETFB3,9773,18,139845,139857
943942,HKEX-ETFB3,9772,4,139847,139857
943942,HKEX-KOTD,11516,22,143101,143114
943942,HKEX-INA,8705,22,138727,138739
943946,HKEX-ETFB,9240,4,135196,135209
943951,HKEX-ETFB3,9772,3,139847,139858
943956,HKEX-KOTD,11516,1,143101,143115
943956,HKEX-INA,8705,1,138727,138740
943958,HKEX-ETFB3,9772,10,139847,139859
943958,HKEX-ETFB3,9772,10,139847,139860
943958,HKEX-CARD,9807,10,182017,182027
943959,HKEX-CARD,9809,8,182018,182028
943959,HKEX-ETFB,9241,8,135198,135210
943959,HKEX-FSR,9038,8,135871,135882
943959,HKEX-OIT,8170,8,126651,126662
943960,HKEX-CARD,9807,8,182017,182029
943962,HKEX-ETFB3,9774,2,88972,139861
943962,HKEX-ETFB3,9775,10,119792,139861
943962,HKEX-ETFB3,9779,10,139536,139861
943962,HKEX-ETFB3,9781,10,119919,139861
943962,HKEX-ETFB3,9784,10,139438,139861
943966,HKEX-ETFA,9007,10,130135,130149
943966,HKEX-ETFA,8992,5,130061,130149
943966,HKEX-DLKV,8923,5,138476,138489
943969,HKEX-DLKV,8915,1,138488,138491
943971,HKEX-MDKA,10318,5,135825,139560
943974,HKEX-DLKV,8915,10,138491,138500
943975,HKEX-DLKV,8915,10,138491,138501
943975,HKEX-ETFB3,9785,8,139861,139871
943975,HKEX-ETFB3,9784,42,139863,139871
943991,HKEX-ETFB3,9784,5,139863,139872
944004,HKEX-CARD,9819,8,182030,182040
944019,HKEX-XFR,9169,10,127214,127224
944024,HKEX-XFR,9173,25,127215,127225
944034,HKEX-CARD,9819,4,182030,182041
944039,HKEX-MDKA,10289,10,139560,139569
944040,HKEX-ETFB3,9784,6,139863,139874
944042,HKEX-KOTD,11557,2,143117,143128
944042,HKEX-INA,8731,2,138742,138753
944042,HKEX-DLKV,8915,2,138491,138502
944043,HKEX-ETFB3,9784,47,139863,139875
944043,HKEX-ETFB3,9783,1,139865,139875
944043,HKEX-KOTD,11557,48,143117,143129
944043,HKEX-INA,8731,48,138742,138754
944043,HKEX-DLKV,8915,27,138491,138503
944043,HKEX-DLKV,8916,21,138493,138503
944050,HKEX-CARD,9819,2,182030,182042
944059,HKEX-JNAF,8401,5,134037,134047
944060,HKEX-MDKA,10285,5,139559,139570
944060,HKEX-XFR,9173,5,127215,127227
944060,HKEX-ETFB3,9783,10,139865,139876
944060,HKEX-XFR,9169,8,127214,127229
944060,HKEX-ETFA,8991,8,130149,130159
944060,HKEX-ETFA,8991,5,130149,130160
944060,HKEX-ETFB,9240,5,135212,135221
944060,HKEX-SIMP,9984,10,149621,149631
944060,HKEX-ETFB3,9783,10,139865,139877
944060,HKEX-INA,8733,10,138744,138755
944061,HKEX-ETFA,8991,8,130149,130161
944064,HKEX-ETFA,8989,1,130088,130172
944064,HKEX-ETFA,8987,3,130162,130172
944064,HKEX-ETFB,9240,4,135223,135232
944071,HKEX-INA,8720,10,138757,138766
944075,HKEX-INA,8720,10,138757,138767
944080,HKEX-DLKV,8899,25,138507,138519
944099,HKEX-ETFB3,9785,6,139878,139888
944099,HKEX-ETFB,9240,12,135223,135233
944100,HKEX-MDKA,10322,20,139572,139581
944100,HKEX-ETFB,9240,2,135223,135234
944101,HKEX-MDKA,10322,5,139572,139582
944102,HKEX-ETFB,9240,8,135223,135235
944110,HKEX-ETFB3,9785,5,139878,139889
944134,HKEX-OIT,8177,8,126677,126690
944149,HKEX-ETFB3,9785,6,139878,139890
944149,HKEX-DLKV,8899,2,138507,138525
944167,HKEX-ETFB,9240,8,135223,135236
944167,HKEX-FSR,9009,8,135894,135903
944167,HKEX-KOTD,11561,8,143130,143141
944169,HKEX-ETFB3,9785,14,139878,139891
944169,HKEX-DLKV,8899,14,138507,138526
944169,HKEX-ETFB3,9785,10,139878,139892
944173,HKEX-CARD,9807,3,182044,182054
944193,HKEX-MDKA,10325,20,139585,139594
944202,HKEX-CARD,9817,1,182055,182065
944203,HKEX-JNAF,8404,4,134059,134069
944203,HKEX-OIT,8163,8,126694,126703
944215,HKEX-OIT,8163,20,126694,126704
944232,HKEX-ETFB,9240,8,135238,135247
944239,HKEX-CARD,9817,1,182055,182067
944239,HKEX-ETFB3,9762,8,139893,139904
944239,HKEX-CARD,9817,10,182055,182068
944240,HKEX-KOTD,11533,8,143144,143155
944240,HKEX-INA,8709,8,138771,138780
944240,HKEX-JNAF,8404,4,134059,134070
944242,HKEX-SIMP,9969,11,149643,149653
944243,HKEX-OIT,8163,22,126694,126705
944243,HKEX-OIT,8164,3,126696,126705
944249,HKEX-KOTD,11533,42,143144,143156
944249,HKEX-KOTD,11535,37,143146,143156
944249,HKEX-INA,8709,42,138771,138781
944249,HKEX-INA,8711,37,138773,138781
944250,HKEX-KOTD,11535,1,143146,143157
944250,HKEX-INA,8711,1,138773,138782
944250,HKEX-OIT,8164,20,126696,126706
944268,HKEX-INA,8711,8,138773,138783
944268,HKEX-OIT,8161,5,126693,126707
944268,HKEX-DLKV,8925,10,138527,138542
944268,HKEX-KOTD,11535,10,143146,143158
944274,HKEX-SIMP,9969,2,149643,149654
944274,HKEX-ETFB3,9762,7,139911,139921
944274,HKEX-ETFA,8997,5,130188,130197
944274,HKEX-FSR,9009,1,135904,135914
944276,HKEX-DLKV,8916,1,138541,138544
944276,HKEX-INA,8705,2,138768,138785
944289,HKEX-FSR,9030,8,135916,135925
944297,HKEX-OIT,8160,20,126709,126718
944320,HKEX-CARD,10072,20,182069,182080
944321,HKEX-INA,8698,5,138785,138794
944343,HKEX-ETFA,8997,8,130188,130200
944344,HKEX-KOTD,11526,23,143160,143170
944344,HKEX-INA,8698,23,138785,138795
944369,HKEX-INA,8698,5,138785,138796
944369,HKEX-JNAF,8396,1,134072,134081
944369,HKEX-ETFB3,9762,10,139911,139925
944369,HKEX-INA,8698,5,138785,138797
944369,HKEX-INA,8698,5,138785,138798
944369,HKEX-JNAF,8396,1,134072,134082
944369,HKEX-XFR,9164,8,127251,127261
944369,HKEX-JNAF,8392,8,134071,134083
944370,HKEX-KOTD,11526,2,143160,143172
944370,HKEX-INA,8698,2,138785,138799
944371,HKEX-ETFB3,9783,3,139909,139927
944371,HKEX-ETFB3,9785,5,139907,139927
944371,HKEX-ETFB3,9785,6,139926,139927
944373,HKEX-ETFB,9271,10,135189,135258
944375,HKEX-KOTD,11522,3,143159,143173
944375,HKEX-ETFB3,9791,3,139927,139937
944375,HKEX-CARD,10072,6,182069,182082
944375,HKEX-DLKV,8911,10,138543,138556
944380,HKEX-XFR,9176,5,127228,127262
944381,HKEX-MDKA,10324,3,139610,139619
944381,HKEX-OIT,8155,8,126720,126729
944381,HKEX-ETFB,9279,8,135259,135268
944381,HKEX-FSR,9018,8,135927,135937
944381,HKEX-FSR,9018,5,135927,135938
944381,HKEX-INA,8712,5,138800,138810
944382,HKEX-ETFA,8997,5,130202,130211
944386,HKEX-ETFB3,9791,5,139927,139938
944389,HKEX-ETFB3,9791,6,139927,139939
944389,HKEX-KOTD,11557,2,143175,143188
944389,HKEX-INA,8716,2,138801,138811
944405,HKEX-SIMP,9974,8,149666,149675
944407,HKEX-OIT,8154,5,126730,126731
944407,HKEX-OIT,8155,15,126720,126731
944418,HKEX-ETFB,9277,10,135258,135270
944418,HKEX-ETFB3,9791,10,139927,139941
944426,HKEX-OIT,8155,8,126720,126732
944426,HKEX-SIMP,9972,4,149665,149676
944438,HKEX-ETFA,8997,20,130202,130215
944467,HKEX-ETFB3,9791,3,139927,139942
944467,HKEX-DLKV,8901,1,138558,138571
944467,HKEX-OIT,8155,19,126720,126733
944467,HKEX-OIT,8156,1,126722,126733
944467,HKEX-FSR,9018,5,135927,135940
944467,HKEX-INA,8712,5,138800,138813
944467,HKEX-JNAF,8387,5,134084,134094
944468,HKEX-KOTD,11557,5,143175,143190
944468,HKEX-MDKA,10320,5,139609,139621
944468,HKEX-ETFB3,9791,9,139927,139943
944468,HKEX-DLKV,8901,10,138558,138573
944472,HKEX-CARD,10065,9,182083,182094
944472,HKEX-DLKV,8899,2,138555,138574
944472,HKEX-DLKV,8899,3,138557,138574
944476,HKEX-KOTD,11549,5,143186,143192
944479,HKEX-CARD,10055,25,182095,182105
944481,HKEX-ETFA,8997,20,130218,130227
944481,HKEX-ETFA,8994,10,130213,130228
944481,HKEX-ETFA,8994,1,130216,130228
944481,HKEX-ETFA,8993,14,130217,130228
944481,HKEX-ETFB,9277,25,135272,135282
944481,HKEX-INA,8735,26,138814,138825
944481,HKEX-ETFB3,9791,21,139945,139956
944485,HKEX-ETFB3,9791,29,139945,139957
944485,HKEX-ETFB3,9790,13,139947,139957
944485,HKEX-DLKV,8906,42,138576,138589
944506,HKEX-SIMP,9974,2,149678,149688
944506,HKEX-FSR,9006,8,135941,135951
944511,HKEX-OIT,8156,20,126735,126746
944512,HKEX-ETFB3,9790,5,139947,139958
944514,HKEX-ETFA,8997,20,130218,130229
944539,HKEX-ETFB,9277,5,135272,135284
944539,HKEX-OIT,8156,8,126735,126747
944540,HKEX-XFR,9165,8,127272,127282
944540,HKEX-ETFB,9279,4,135273,135285
944540,HKEX-SIMP,9974,1,149678,149689
944540,HKEX-MDKA,10360,8,139622,139632
944565,HKEX-ETFB3,9790,3,139947,139962
944565,HKEX-DLKV,8906,1,138576,138595
944565,HKEX-JNAF,8399,5,134095,134105
944565,HKEX-MDKA,10360,5,139622,139633
944565,HKEX-XFR,9169,5,127273,127284
944565,HKEX-ETFB3,9790,10,139947,139963
944565,HKEX-XFR,9169,5,127273,127286
944565,HKEX-ETFB3,9790,4,139947,139964
944565,HKEX-JNAF,8403,4,134096,134106
944566,HKEX-MDKA,10360,10,139622,139634
944568,HKEX-JNAF,8399,8,134095,134107
944568,HKEX-MDKA,10360,7,139622,139635
944568,HKEX-ETFB3,9790,8,139947,139965
944570,HKEX-ETFB3,9791,5,139959,139966
944573,HKEX-KOTD,11545,8,143192,143204
944573,HKEX-KOTD,11541,5,143191,143205
944573,HKEX-INA,8735,2,138814,138833
944573,HKEX-KOTD,11541,3,143191,143206
944573,HKEX-KOTD,11541,5,143191,143207
944573,HKEX-OIT,8156,4,126735,126748
944579,HKEX-XFR,9172,5,127285,127288
944579,HKEX-XFR,9172,5,127287,127288
944579,HKEX-XFR,9177,5,127202,127288
944581,HKEX-ETFA,8997,37,130231,130240
944581,HKEX-ETFA,8997,5,130231,130241
944582,HKEX-ETFB3,9791,20,139966,139976
944604,HKEX-SIMP,9974,1,149690,149700
944605,HKEX-ETFB,9277,10,135286,135296
944608,HKEX-DLKV,8921,20,138596,138607
944608,HKEX-ETFB,9277,5,135286,135297
944611,HKEX-INA,8718,8,138834,138845
944626,HKEX-CARD,10067,8,182107,182118
944626,HKEX-ETFB3,9791,24,139966,139977
944627,HKEX-INA,8722,8,138835,138846
944634,HKEX-ETFA,8997,8,130231,130242
944634,HKEX-ETFB,9277,30,135286,135298
944635,HKEX-ETFB3,9791,1,139966,139978
944642,HKEX-KOTD,11546,12,143209,143221
944665,HKEX-DLKV,8921,20,138596,138610
944665,HKEX-KOTD,11546,2,143209,143222
944667,HKEX-FSR,9029,10,135953,135963
944669,HKEX-ETFB3,9791,6,139981,139982
944672,HKEX-ETFA,9005,9,130243,130253
944672,HKEX-FSR,9033,1,135954,135964
944677,HKEX-SIMP,9956,10,149677,149702
944679,HKEX-ETFB3,9791,6,139982,139992
944680,HKEX-ETFB,9277,8,135299,135309
944719,HKEX-DLKV,8928,20,138612,138624
944723,HKEX-XFR,9168,8,127299,127309
944734,HKEX-OIT,8161,8,126760,126770
944741,HKEX-DLKV,8928,20,138612,138625
944741,HKEX-ETFB,9277,5,135299,135310
944745,HKEX-ETFB3,9791,8,139982,139993
944764,HKEX-ETFB3,9791,6,139982,139994
944766,HKEX-MDKA,10491,3,139646,139656
944766,HKEX-JNAF,8429,8,134119,134129
944766,HKEX-ETFA,9005,4,130243,130258
944766,HKEX-OIT,8161,8,126760,126772
944766,HKEX-DLKV,8928,10,138612,138628
944766,HKEX-ETFB3,9791,10,139982,139995
944766,HKEX-JNAF,8429,10,134119,134130
944766,HKEX-KOTD,11578,10,143223,143236
944766,HKEX-MDKA,10491,10,139646,139657
944771,HKEX-MDKA,10495,6,139647,139658
944778,HKEX-ETFB,9274,2,135312,135321
944778,HKEX-ETFB3,9791,8,139996,140006
944778,HKEX-ETFB3,9791,12,139996,140007
944781,HKEX-FSR,9007,8,135975,135985
944781,HKEX-ETFB3,9791,10,139996,140008
944781,HKEX-ETFB,9274,7,135312,135322
944781,HKEX-ETFB3,9791,10,139996,140009
944781,HKEX-DLKV,8936,10,138629,138639
944781,HKEX-ETFB3,9791,10,139996,140010
944781,HKEX-INA,8742,5,138863,138873
944781,HKEX-INA,8742,5,138863,138874
944781,HKEX-ETFB3,9790,5,139998,140011
944796,HKEX-JNAF,8439,25,134131,134141
944809,HKEX-MDKA,10489,25,139659,139669
944810,HKEX-DLKV,8936,20,138629,138640
944814,HKEX-DLKV,8936,18,138629,138641
944815,HKEX-DLKV,8936,2,138629,138642
944815,HKEX-DLKV,8935,6,138631,138642
944839,HKEX-DLKV,8935,4,138631,138643
944849,HKEX-KOTD,11554,50,143237,143250
944850,HKEX-JNAF,8439,25,134131,134143
944850,HKEX-JNAF,8437,25,134133,134143
944850,HKEX-DLKV,8935,30,138631,138644
944865,HKEX-ETFB3,9790,6,139998,140013
944868,HKEX-JNAF,8437,8,134133,134144
944868,HKEX-XFR,9165,8,127310,127322
944868,HKEX-JNAF,8437,20,134133,134145
944868,HKEX-DLKV,8935,18,138631,138646
944868,HKEX-DLKV,8938,5,138630,138647
944868,HKEX-SIMP,9961,3,149712,149722
944868,HKEX-KOTD,11558,10,143238,143252
944869,HKEX-DLKV,8938,5,138630,138649
944869,HKEX-ETFB3,9790,10,139998,140014
944869,HKEX-ETFB,9272,5,135311,135325
944869,HKEX-ETFB3,9790,5,139998,140015
944874,HKEX-ETFB3,9785,10,140017,140026
944876,HKEX-CARD,10067,10,182130,182141
944877,HKEX-INA,8739,2,138861,138878
944880,HKEX-JNAF,8454,12,134146,134156
944899,HKEX-CARD,10069,6,182141,182151
944901,HKEX-CARD,10069,1,182141,182152
944901,HKEX-FSR,9039,8,135988,135998
944902,HKEX-CARD,10069,8,182141,182153
944905,HKEX-CARD,10069,25,182141,182154
944905,HKEX-CARD,10068,17,182143,182154
944908,HKEX-MDKA,10523,20,139678,139689
944908,HKEX-OIT,8150,20,126787,126796
944912,HKEX-CARD,10068,10,182143,182155
944913,HKEX-MDKA,10523,12,139678,139690
944920,HKEX-ETFB,9272,10,135326,135337
944929,HKEX-ETFB3,9783,10,140016,140031
944933,HKEX-OIT,8150,8,126787,126797
944947,HKEX-MDKA,10523,10,139678,139691
944950,HKEX-KOTD,11547,1,143254,143265
944950,HKEX-INA,8732,1,138878,138888
944950,HKEX-DLKV,8924,1,138652,138665
944965,HKEX-KOTD,11547,30,143254,143266
944965,HKEX-INA,8732,30,138878,138889
944965,HKEX-DLKV,8924,30,138652,138666
944965,HKEX-CARD,10068,5,182143,182157
944965,HKEX-FSR,9039,5,135988,135999
944965,HKEX-INA,8728,5,138877,138890
944965,HKEX-ETFB3,9783,10,140016,140034
944965,HKEX-ETFB,9274,1,135327,135338
944965,HKEX-FSR,9039,10,135988,136000
944966,HKEX-CARD,10068,5,182143,182158
944966,HKEX-KOTD,11546,2,143251,143267
944967,HKEX-MDKA,10523,2,139678,139692
944967,HKEX-ETFB3,9783,8,140016,140035
944967,HKEX-FSR,9039,8,135988,136001
944967,HKEX-FSR,9043,4,135989,136002
944967,HKEX-ETFA,9005,2,130270,130282
944967,HKEX-CARD,10068,10,182143,182159
944973,HKEX-OIT,8148,5,126786,126798
944973,HKEX-FSR,9039,1,135988,136003
944976,HKEX-DLKV,8923,2,138645,138668
944984,HKEX-ETFB3,9783,24,140036,140047
944984,HKEX-KOTD,11546,8,143269,143278
944984,HKEX-DLKV,8922,8,138668,138678
944984,HKEX-ETFB3,9783,24,140036,140048
944984,HKEX-KOTD,11546,8,143269,143279
944984,HKEX-DLKV,8922,8,138668,138679
944984,HKEX-ETFB,9274,8,135340,135351
945001,HKEX-XFR,9175,10,127333,127344
945004,HKEX-JNAF,8445,8,134158,134170
945005,HKEX-INA,8735,4,138892,138903
945009,HKEX-ETFB,9274,20,135340,135352
945016,HKEX-KOTD,11546,25,143269,143281
945016,HKEX-OIT,8152,20,126800,126809
945017,HKEX-DLKV,8922,10,138668,138682
945017,HKEX-FSR,9035,10,136005,136015
945018,HKEX-KOTD,11546,9,143269,143282
945039,HKEX-OIT,8152,12,126800,126811
945039,HKEX-ETFA,9009,8,130284,130294
945042,HKEX-KOTD,11548,40,143271,143284
945042,HKEX-INA,8735,40,138892,138905
945042,HKEX-DLKV,8922,22,138668,138683
945042,HKEX-DLKV,8923,18,138670,138683
945047,HKEX-MDKA,10547,8,139693,139703
945067,HKEX-KOTD,11548,1,143271,143285
945067,HKEX-INA,8735,1,138892,138906
945067,HKEX-DLKV,8923,1,138670,138685
945067,HKEX-KOTD,11548,5,143271,143286
945067,HKEX-ETFB3,9783,2,140036,140053
945067,HKEX-DLKV,8920,4,138667,138686
945067,HKEX-FSR,9031,5,136004,136017
945067,HKEX-INA,8731,5,138891,138907
945067,HKEX-JNAF,8445,5,134158,134172
945067,HKEX-KOTD,11548,5,143271,143287
945067,HKEX-MDKA,10547,5,139693,139704
945067,HKEX-XFR,9179,5,127334,127345
945067,HKEX-DLKV,8920,10,138667,138687
945067,HKEX-FSR,9031,10,136004,136018
945067,HKEX-KOTD,11548,10,143271,143288
945067,HKEX-XFR,9175,8,127333,127347
945068,HKEX-ETFA,9009,5,130284,130295
945068,HKEX-OIT,8152,18,126800,126812
945068,HKEX-OIT,8153,2,126802,126812
945076,HKEX-ETFB3,9783,4,140056,140066
945076,HKEX-KOTD,11545,1,143235,143289
945076,HKEX-ETFA,9009,2,130297,130306
945079,HKEX-INA,8722,2,138876,138909
945080,HKEX-KOTD,11545,1,143235,143291
945080,HKEX-KOTD,11543,1,143248,143291
945080,HKEX-KOTD,11535,1,143189,143291
945080,HKEX-KOTD,11530,1,143220,143291
945080,HKEX-KOTD,11526,1,143203,143291
945080,HKEX-KOTD,11516,2,143140,143291
945082,HKEX-SIMP,9974,10,149711,149746
945083,HKEX-XFR,9182,5,127346,127348
945083,HKEX-XFR,9198,45,127343,127348
945084,HKEX-JNAF,8451,12,134173,134183
945084,HKEX-ETFA,9005,25,130296,130307
945084,HKEX-ETFB,9272,25,135354,135364
945084,HKEX-CARD,10062,25,182171,182180
945084,HKEX-OIT,8169,25,126813,126823
945084,HKEX-ETFB,9274,24,135355,135365
945084,HKEX-DLKV,8928,10,138689,138699
945086,HKEX-DLKV,8928,8,138689,138700
945088,HKEX-INA,8719,1,138909,138919
945101,HKEX-FSR,9013,8,136019,136029
945107,HKEX-MDKA,10536,25,139705,139715
945108,HKEX-DLKV,8928,2,138689,138701
945114,HKEX-ETFB,9272,5,135354,135366
945116,HKEX-MDKA,10536,8,139705,139716
945131,HKEX-DLKV,8928,2,138689,138702
945134,HKEX-OIT,8171,8,126814,126826
945141,HKEX-DLKV,8928,2,138689,138703
945142,HKEX-ETFB3,9783,40,140056,140068
945142,HKEX-KOTD,11506,40,143291,143300
945142,HKEX-INA,8719,40,138909,138920
945144,HKEX-JNAF,8455,1,134174,134186
945148,HKEX-DLKV,8928,2,138689,138705
945167,HKEX-ETFB3,9783,3,140056,140069
945167,HKEX-KOTD,11506,1,143291,143301
945167,HKEX-INA,8719,1,138909,138921
945168,HKEX-CARD,10060,10,182170,182182
945168,HKEX-ETFB,9272,5,135354,135367
945168,HKEX-ETFB3,9783,3,140056,140070
945168,HKEX-SIMP,9980,10,149746,149756
945168,HKEX-JNAF,8451,2,134173,134188
945168,HKEX-OIT,8169,8,126813,126827
945168,HKEX-ETFB3,9782,8,140058,140071
945168,HKEX-JNAF,8451,5,134173,134189
945168,HKEX-MDKA,10536,5,139705,139717
945169,HKEX-JNAF,8455,1,134174,134190
945169,HKEX-MDKA,10536,10,139705,139718
945169,HKEX-SIMP,9980,3,149746,149757
945171,HKEX-ETFB3,9783,2,140070,140073
945177,HKEX-DLKV,8924,1,138706,138708
945178,HKEX-INA,8716,2,138848,138923
945181,HKEX-XFR,9198,35,127343,127358
945181,HKEX-XFR,9201,5,127129,127358
945182,HKEX-MDKA,10527,8,139719,139729
945182,HKEX-ETFB3,9783,5,140073,140083
945182,HKEX-XFR,9201,8,127358,127368
945190,HKEX-ETFA,9009,12,130309,130318
945190,HKEX-ETFB,9272,8,135368,135378
945203,HKEX-JNAF,8443,8,134192,134202
945206,HKEX-CARD,10065,25,182184,182193
945208,HKEX-CARD,10063,10,182183,182194
945208,HKEX-ETFB3,9785,10,140074,140084
945211,HKEX-XFR,9201,2,127358,127369
945211,HKEX-XFR,9199,8,127360,127369
945213,HKEX-OIT,8147,18,126829,126838
945231,HKEX-ETFB,9274,8,135369,135379
945243,HKEX-FSR,9032,36,136031,136041
945244,HKEX-FSR,9032,8,136031,136042
945245,HKEX-ETFB3,9783,2,140073,140085
945245,HKEX-KOTD,11520,2,143303,143312
945245,HKEX-INA,8712,2,138923,138932
945246,HKEX-DLKV,8916,2,138708,138726
1004167,HKEX-ETFA,9101,10,138045,138055
1004167,HKEX-CARD,10085,10,191123,191136
1004167,HKEX-CARD,10085,10,191123,191137
1004167,HKEX-CARD,10083,9,191122,191138
1004167,HKEX-ETFB,9179,10,143678,143688
1004167,HKEX-JNAF,8242,10,142334,142343
1004167,HKEX-KOTD,11580,10,152717,152730
1004167,HKEX-MDKA,11012,10,148380,148390
1004167,HKEX-MDKA,11012,10,148380,148391
1004171,HKEX-ETFB,9180,10,143664,143689
1004171,HKEX-ETFB,9187,10,143606,143689
1004174,HKEX-ETFA,9107,9,138057,138066
1004174,HKEX-CARD,10085,7,191123,191139
1004174,HKEX-DLKV,8804,2,146893,146906
1004176,HKEX-CARD,10097,3,191120,191140
1004182,HKEX-CARD,10102,8,191140,191150
1004182,HKEX-KOTD,11589,8,152732,152742
1004182,HKEX-CARD,10102,8,191140,191151
1004182,HKEX-KOTD,11589,8,152732,152743
1004182,HKEX-FSR,8931,8,144107,144116
1004182,HKEX-KOTD,11589,1,152732,152744
1004182,HKEX-CARD,10104,8,191141,191152
1004182,HKEX-SIMP,9949,5,157701,157711
1004182,HKEX-ETFA,9103,10,138056,138067
1004182,HKEX-JNAF,8240,10,142345,142354
1004182,HKEX-ETFB3,9791,5,148685,148695
1004182,HKEX-SIMP,9951,10,157702,157712
1004182,HKEX-ETFB3,9791,24,148685,148696
1004183,HKEX-DLKV,8791,8,146908,146917
1004212,HKEX-ETFB3,9791,8,148685,148697
1004212,HKEX-ETFB3,9791,8,148685,148698
1004212,HKEX-CARD,10102,10,191140,191154
1004217,HKEX-MDKA,11038,8,148393,148405
1004220,HKEX-OIT,8203,21,134416,134426
1004223,HKEX-INA,8822,5,148219,148230
1004229,HKEX-JNAF,8236,1,142344,142356
1004234,HKEX-ETFA,9103,5,138056,138068
1004235,HKEX-OIT,8203,8,134416,134427
1004238,HKEX-CARD,10102,8,191140,191158
1004246,HKEX-INA,8822,8,148219,148231
1004262,HKEX-ETFA,9103,10,138056,138069
1004262,HKEX-DLKV,8791,10,146908,146920
1004262,HKEX-DLKV,8791,10,146908,146921
1004262,HKEX-JNAF,8236,2,142344,142357
1004262,HKEX-MDKA,11034,7,148392,148407
1004262,HKEX-ETFA,9103,10,138056,138070
1004262,HKEX-CARD,10104,10,191141,191159
1004262,HKEX-INA,8822,7,148219,148232
1004262,HKEX-KOTD,11589,10,152732,152748
1004262,HKEX-OIT,8203,8,134416,134428
1004262,HKEX-MDKA,11034,8,148392,148408
1004272,HKEX-CARD,10082,5,191090,191161
1004272,HKEX-CARD,10081,5,191074,191161
1004276,HKEX-SIMP,9940,10,157685,157714
1004306,HKEX-CARD,9934,25,191161,191170
1004312,HKEX-CARD,9934,15,191161,191171
1004312,HKEX-CARD,9935,5,191163,191171
1004316,HKEX-KOTD,11578,20,152750,152759
1004329,HKEX-KOTD,11578,30,152750,152760
1004329,HKEX-KOTD,11580,50,152752,152760
1004330,HKEX-KOTD,11580,30,152752,152761
1004330,HKEX-ETFB3,9793,22,148700,148709
1004332,HKEX-ETFA,9103,5,138071,138082
1004332,HKEX-KOTD,11580,20,152752,152762
1004333,HKEX-ETFB,9189,5,143699,143709
1004346,HKEX-MDKA,11053,25,148409,148421
1004363,HKEX-INA,8843,5,148233,148244
1004363,HKEX-MDKA,11053,5,148409,148423
1004363,HKEX-ETFA,9103,10,138071,138083
1004364,HKEX-CARD,9935,10,191163,191176
1004364,HKEX-CARD,9935,10,191163,191177
1004364,HKEX-CARD,9935,10,191163,191178
1004364,HKEX-CARD,9935,10,191163,191179
1004364,HKEX-FSR,8914,4,144122,144131
1004364,HKEX-FSR,8914,4,144122,144132
1004364,HKEX-FSR,8914,4,144122,144133
1004364,HKEX-MDKA,11053,10,148409,148424
1004368,HKEX-ETFB,9190,10,143439,143710
1004371,HKEX-CARD,9932,7,191160,191180
1004371,HKEX-OIT,8192,6,134429,134439
1004371,HKEX-ETFB3,9793,1,148711,148720
1004371,HKEX-ETFA,9103,7,138084,138094
1004371,HKEX-ETFB,9199,5,143519,143720
1004371,HKEX-JNAF,8249,3,142368,142370
1004375,HKEX-JNAF,8249,2,142368,142372
1004380,HKEX-ETFA,9103,5,138084,138095
1004380,HKEX-CARD,9952,8,191181,191191
1004380,HKEX-ETFB3,9791,8,148710,148721
1004380,HKEX-CARD,9952,5,191181,191195
1004380,HKEX-ETFA,9103,10,138084,138096
1004380,HKEX-FSR,8897,5,144135,144144
1004381,HKEX-FSR,8897,5,144135,144145
1004381,HKEX-FSR,8897,5,144135,144146
1004381,HKEX-JNAF,8245,10,142372,142381
1004381,HKEX-CARD,9954,8,191182,191201
1004381,HKEX-CARD,9954,8,191182,191202
1004381,HKEX-MDKA,11080,10,148425,148435
1004381,HKEX-INA,8832,8,148245,148255
1004382,HKEX-KOTD,11620,4,152764,152775
1004382,HKEX-MDKA,11080,10,148425,148436
1004382,HKEX-DLKV,8780,2,146933,146943
1004382,HKEX-SIMP,9976,8,157724,157735
1004383,HKEX-SIMP,9976,8,157724,157736
1004383,HKEX-KOTD,11616,8,152763,152776
1004397,HKEX-DLKV,8780,1,146933,146944
1004436,HKEX-MDKA,11080,10,148425,148437
1004442,HKEX-ETFB,9198,30,143710,143721
1004442,HKEX-ETFA,9103,28,138084,138097
1004446,HKEX-INA,8832,8,148245,148256
1004447,HKEX-SIMP,9976,3,157724,157737
1004468,HKEX-ETFA,9101,10,138086,138098
1004468,HKEX-ETFB,9198,10,143710,143722
1004468,HKEX-INA,8836,10,148246,148257
1004468,HKEX-JNAF,8245,10,142372,142383
1004468,HKEX-JNAF,8241,2,142371,142384
1004468,HKEX-ETFA,9101,10,138086,138099
1004468,HKEX-CARD,9954,10,191182,191203
1004469,HKEX-CARD,9954,10,191182,191204
1004469,HKEX-MDKA,11084,10,148426,148438
1004469,HKEX-CARD,9954,8,191182,191205
1004469,HKEX-JNAF,8241,1,142371,142385
1004469,HKEX-FSR,8897,5,144135,144155
1004469,HKEX-OIT,8188,8,134440,134450
1004469,HKEX-ETFB3,9791,5,148710,148722
1004473,HKEX-ETFB3,9793,3,148724,148733
1004473,HKEX-FSR,8893,2,144134,144156
1004473,HKEX-FSR,8893,3,144134,144157
1004480,HKEX-MDKA,11106,10,148439,148449
1004481,HKEX-DLKV,8784,8,146947,146956
1004481,HKEX-DLKV,8784,8,146947,146957
1004481,HKEX-ETFB3,9791,3,148723,148734
1004481,HKEX-INA,8806,1,148259,148268
1004481,HKEX-DLKV,8784,1,146947,146958
1004485,HKEX-ETFA,9103,5,138100,138110
1004485,HKEX-MDKA,11106,10,148439,148450
1004485,HKEX-MDKA,11106,10,148439,148451
1004495,HKEX-FSR,8937,25,144158,144168
1004498,HKEX-ETFB,9198,8,143723,143733
1004498,HKEX-ETFB3,9791,5,148723,148735
1004498,HKEX-ETFB3,9791,5,148723,148736
1004499,HKEX-ETFB3,9791,5,148723,148737
1004514,HKEX-MDKA,11106,8,148439,148452
1004514,HKEX-MDKA,11106,12,148439,148453
1004514,HKEX-MDKA,11104,8,148441,148453
1004527,HKEX-ETFA,9103,10,138100,138112
1004527,HKEX-ETFB,9198,10,143723,143735
1004528,HKEX-ETFB3,9791,10,148723,148739
1004533,HKEX-CARD,9943,8,191207,191216
1004534,HKEX-OIT,8213,1,134452,134461
1004541,HKEX-CARD,9941,8,191206,191218
1004545,HKEX-MDKA,11104,8,148441,148454
1004547,HKEX-MDKA,11104,10,148441,148455
1004550,HKEX-FSR,8941,3,144159,144170
1004561,HKEX-CARD,9943,8,191207,191219
1004561,HKEX-ETFB,9198,32,143723,143736
1004561,HKEX-ETFB,9197,13,143725,143736
1004564,HKEX-FSR,8937,5,144158,144172
1004565,HKEX-KOTD,11607,5,152778,152789
1004565,HKEX-XFR,9141,5,134361,134370
1004565,HKEX-ETFA,9103,10,138100,138113
1004565,HKEX-MDKA,11104,10,148441,148456
1004565,HKEX-CARD,9943,10,191207,191220
1004565,HKEX-ETFB3,9791,10,148723,148740
1004565,HKEX-JNAF,8242,10,142386,142396
1004565,HKEX-KOTD,11611,10,152779,152790
1004565,HKEX-MDKA,11104,10,148441,148457
1004565,HKEX-INA,8806,10,148259,148269
1004570,HKEX-CARD,9941,9,191206,191221
1004570,HKEX-KOTD,11611,4,152779,152791
1004576,HKEX-XFR,9138,5,129106,134373
1004576,HKEX-XFR,9138,5,130165,134373
1004577,HKEX-ETFB3,9791,8,148741,148751
1004577,HKEX-KOTD,11618,8,152792,152802
1004577,HKEX-FSR,8960,4,144174,144183
1004577,HKEX-CARD,9942,8,191223,191232
1004577,HKEX-CARD,9942,8,191223,191233
1004577,HKEX-DLKV,8775,1,146959,146969
1004577,HKEX-SIMP,9961,8,157750,157760
1004577,HKEX-KOTD,11618,8,152792,152803
1004577,HKEX-FSR,8956,8,144173,144184
1004578,HKEX-FSR,8956,5,144173,144185
1004578,HKEX-INA,8833,5,148270,148280
1004578,HKEX-JNAF,8249,5,142397,142408
1004578,HKEX-KOTD,11618,5,152792,152804
1004578,HKEX-XFR,9130,5,134373,134382
1004578,HKEX-ETFA,9103,10,138114,138124
1004578,HKEX-ETFB,9198,10,143738,143748
1004579,HKEX-CARD,9942,10,191223,191234
1004581,HKEX-CARD,9942,3,191223,191235
1004585,HKEX-MDKA,11056,25,148458,148469
1004599,HKEX-CARD,9942,10,191223,191236
1004599,HKEX-FSR,8956,10,144173,144186
1004601,HKEX-ETFA,9107,10,138115,138125
1004603,HKEX-KOTD,11622,1,152793,152806
1004608,HKEX-JNAF,8249,45,142397,142409
1004608,HKEX-JNAF,8247,5,142399,142409
1004613,HKEX-FSR,8956,10,144173,144188
1004613,HKEX-CARD,9942,9,191223,191237
1004628,HKEX-MDKA,11056,12,148458,148471
1004628,HKEX-ETFA,9103,5,138114,138126
1004628,HKEX-CARD,9942,2,191223,191238
1004628,HKEX-CARD,9943,8,191225,191238
1004642,HKEX-ETFB,9198,8,143738,143749
1004646,HKEX-ETFB3,9791,8,148741,148752
1004663,HKEX-ETFA,9103,10,138114,138127
1004663,HKEX-ETFB,9198,10,143738,143750
1004663,HKEX-CARD,9943,4,191225,191239
1004664,HKEX-CARD,9943,4,191225,191240
1004664,HKEX-DLKV,8775,2,146959,146970
1004664,HKEX-FSR,8956,10,144173,144189
1004664,HKEX-JNAF,8247,2,142399,142411
1004664,HKEX-CARD,9940,5,191222,191241
1004664,HKEX-ETFA,9103,10,138114,138128
1004664,HKEX-INA,8837,10,148271,148282
1004664,HKEX-CARD,9943,8,191225,191242
1004664,HKEX-FSR,8956,7,144173,144190
1004664,HKEX-FSR,8954,1,144175,144190
1004664,HKEX-OIT,8203,8,134463,134473
1004664,HKEX-SIMP,9961,8,157750,157762
1004664,HKEX-ETFA,9103,5,138114,138129
1004664,HKEX-ETFB,9198,5,143738,143751
1004666,HKEX-ETFB3,9807,10,148508,148753
1004670,HKEX-ETFA,9108,3,137765,138140
1004670,HKEX-FSR,8954,10,144175,144191
1004676,HKEX-INA,8807,8,148283,148293
1004707,HKEX-ETFB3,9818,24,148753,148763
1004707,HKEX-KOTD,11615,8,152809,152818
1004707,HKEX-INA,8811,8,148284,148294
1004707,HKEX-DLKV,8776,8,146972,146981
1004716,HKEX-ETFB,9193,2,143753,143763
1004733,HKEX-ETFA,9104,5,138130,138141
1004736,HKEX-ETFB3,9818,8,148753,148764
1004736,HKEX-CARD,9977,8,191243,191254
1004736,HKEX-SIMP,9958,4,157763,157773
1004744,HKEX-MDKA,11065,8,148473,148484
1004750,HKEX-MDKA,11065,10,148473,148485
1004759,HKEX-ETFA,9104,10,138130,138142
1004759,HKEX-FSR,8932,7,144193,144203
1004762,HKEX-ETFB3,9818,5,148753,148765
1004766,HKEX-ETFA,9090,3,137023,138153
1004770,HKEX-DLKV,8753,2,146984,146993
1004770,HKEX-DLKV,8753,2,146984,146994
1004770,HKEX-MDKA,11022,10,148487,148496
1004770,HKEX-KOTD,11614,10,152820,152829
1004777,HKEX-ETFB,9191,10,143764,143774
1004778,HKEX-CARD,9972,1,191256,191265
1004778,HKEX-CARD,9972,8,191256,191266
1004778,HKEX-CARD,9970,8,191255,191267
1004778,HKEX-SIMP,9966,2,157774,157784
1004778,HKEX-FSR,8945,1,144205,144216
1004778,HKEX-CARD,9970,8,191255,191268
1004788,HKEX-SIMP,9968,5,157775,157785
1004798,HKEX-CARD,9970,8,191255,191269
1004799,HKEX-CARD,9970,8,191255,191270
1004799,HKEX-CARD,9970,8,191255,191271
1004811,HKEX-CARD,9970,10,191255,191272
1004811,HKEX-CARD,9969,10,191257,191272
1004822,HKEX-CARD,9969,8,191257,191273
1004822,HKEX-CARD,9969,8,191257,191274
1004823,HKEX-CARD,9969,8,191257,191275
1004823,HKEX-CARD,9969,8,191257,191276
1004826,HKEX-CARD,9969,10,191257,191277
1004834,HKEX-OIT,8205,25,134484,134494
1004837,HKEX-ETFB3,9791,12,148766,148776
1004844,HKEX-JNAF,8249,10,142425,142435
1004850,HKEX-JNAF,8249,10,142425,142436
1004863,HKEX-INA,8811,5,148296,148310
1004863,HKEX-MDKA,11018,5,148486,148500
1004863,HKEX-ETFA,9090,7,137023,138156
1004863,HKEX-ETFA,9090,3,137590,138156
1004863,HKEX-ETFA,9091,10,138144,138157
1004863,HKEX-ETFA,9091,10,138144,138158
1004863,HKEX-FSR,8941,10,144204,144220
1004863,HKEX-JNAF,8245,1,142424,142439
1004863,HKEX-FSR,8941,10,144204,144221
1004863,HKEX-JNAF,8245,7,142424,142440
1004863,HKEX-MDKA,11022,5,148487,148501
1004863,HKEX-MDKA,11022,5,148487,148502
1004864,HKEX-CARD,9972,1,191256,191280
1004864,HKEX-OIT,8205,8,134484,134495
1004864,HKEX-SIMP,9968,1,157775,157786
1004864,HKEX-SIMP,9968,1,157775,157787
1004864,HKEX-CARD,9972,10,191256,191281
1004864,HKEX-ETFA,9091,8,138144,138159
1004869,HKEX-KOTD,11614,4,152820,152830
1004872,HKEX-JNAF,8246,5,142438,142441
1004872,HKEX-JNAF,8251,5,142369,142441
1004890,HKEX-ETFA,9099,20,138161,138171
1004924,HKEX-CARD,9948,8,191282,191294
1004924,HKEX-ETFB,9197,8,143778,143789
1004924,HKEX-DLKV,8769,8,146996,147005
1004933,HKEX-CARD,9948,8,191282,191295
1004933,HKEX-DLKV,8767,4,146995,147006
1004945,HKEX-ETFB3,9793,25,148778,148787
1004948,HKEX-MDKA,11054,8,148504,148513
1004948,HKEX-INA,8824,8,148312,148322
1004952,HKEX-FSR,8936,8,144222,144233
1004963,HKEX-CARD,9948,8,191282,191297
1004963,HKEX-KOTD,11572,4,152832,152842
1004963,HKEX-MDKA,11054,8,148504,148514
1004963,HKEX-CARD,9950,2,191283,191298
1004963,HKEX-SIMP,9968,2,157788,157799
1004963,HKEX-FSR,8936,8,144222,144234
1004963,HKEX-ETFA,9095,10,138160,138172
1004963,HKEX-FSR,8940,10,144223,144235
1004963,HKEX-ETFA,9095,10,138160,138173
1004963,HKEX-FSR,8940,10,144223,144236
1004963,HKEX-FSR,8940,10,144223,144237
1004963,HKEX-JNAF,8255,10,142441,142451
1004964,HKEX-ETFA,9095,5,138160,138174
1004964,HKEX-ETFB,9195,5,143777,143790
1004969,HKEX-ETFA,9099,1,138176,138185
1004969,HKEX-INA,8824,9,148312,148323
1004969,HKEX-FSR,8940,2,144223,144238
1004972,HKEX-JNAF,8244,5,142407,142453
1004972,HKEX-JNAF,8244,5,142437,142453
1004975,HKEX-KOTD,11574,1,152843,152853
1004975,HKEX-KOTD,11574,1,152843,152854
1004981,HKEX-ETFB3,9791,8,148788,148798
1004985,HKEX-ETFA,9099,1,138176,138186
1004985,HKEX-ETFB,9195,10,143791,143801
1004986,HKEX-XFR,9151,10,134414,134424
1005017,HKEX-CARD,9970,10,191299,191309
1005018,HKEX-INA,8822,10,148325,148335
1005032,HKEX-ETFA,9095,10,138175,138190
1005032,HKEX-ETFB,9195,10,143791,143803
1005032,HKEX-ETFB3,9791,10,148788,148800
1005044,HKEX-ETFA,9095,40,138175,138191
1005044,HKEX-ETFA,9093,100,138177,138191
1005044,HKEX-ETFA,9091,100,138179,138191
1005044,HKEX-ETFB,9195,30,143791,143804
1005044,HKEX-ETFB,9194,17,143793,143804
1005044,HKEX-ETFB3,9791,32,148788,148801
1005044,HKEX-FSR,8952,50,144239,144249
1005044,HKEX-FSR,8950,20,144241,144249
1005045,HKEX-INA,8822,2,148325,148336
1005045,HKEX-MDKA,11089,50,148515,148526
1005045,HKEX-MDKA,11087,50,148517,148526
1005045,HKEX-XFR,9151,40,134414,134425
1005045,HKEX-XFR,9149,64,134416,134425
1005050,HKEX-XFR,9149,5,134416,134426
1005065,HKEX-FSR,8950,8,144241,144250
1005065,HKEX-ETFA,9091,10,138179,138192
1005065,HKEX-ETFB,9194,10,143793,143805
1005065,HKEX-CARD,9970,10,191299,191310
1005065,HKEX-CARD,9970,10,191299,191311
1005065,HKEX-FSR,8950,10,144241,144251
1005065,HKEX-FSR,8950,10,144241,144252
1005065,HKEX-JNAF,8226,10,142453,142465
1005065,HKEX-JNAF,8222,7,142452,142466
1005065,HKEX-MDKA,11087,10,148517,148527
1005065,HKEX-ETFA,9091,10,138179,138193
1005065,HKEX-CARD,9970,10,191299,191312
1005065,HKEX-CARD,9970,10,191299,191313
1005065,HKEX-ETFA,9099,10,138176,138194
1005066,HKEX-FSR,8950,10,144241,144253
1005066,HKEX-JNAF,8226,10,142453,142467
1005066,HKEX-JNAF,8222,1,142452,142468
1005066,HKEX-MDKA,11087,10,148517,148528
1005066,HKEX-SIMP,9987,10,157800,157810
1005068,HKEX-ETFB3,9791,38,148801,148802
1005073,HKEX-SIMP,9989,2,157801,157811
1005073,HKEX-DLKV,8763,8,147007,147021
1005073,HKEX-ETFB,9197,4,143807,143816
1005077,HKEX-KOTD,11571,5,152712,152862
1005077,HKEX-KOTD,11555,5,152692,152862
1005077,HKEX-KOTD,11548,5,143874,152862
1005083,HKEX-ETFB3,9791,12,148802,148812
1005083,HKEX-ETFB3,9790,12,148804,148812
1005083,HKEX-KOTD,11548,8,152862,152871
1005083,HKEX-INA,8820,8,148338,148347
1005083,HKEX-DLKV,8764,8,147023,147032
1005088,HKEX-MDKA,11080,5,148530,148539
1005100,HKEX-CARD,9962,10,191315,191326
1005100,HKEX-ETFB,9197,10,143807,143817
1005111,HKEX-KOTD,11548,8,152862,152872
1005113,HKEX-CARD,9960,8,191314,191327
1005113,HKEX-OIT,8224,8,134516,134526
1005115,HKEX-CARD,9962,6,191315,191328
1005123,HKEX-ETFA,9095,5,138195,138206
1005125,HKEX-ETFA,9095,45,138195,138207
1005129,HKEX-CARD,9962,6,191315,191329
1005153,HKEX-CARD,9960,8,191314,191330
1005153,HKEX-DLKV,8762,2,147022,147034
1005153,HKEX-CARD,9960,8,191314,191331
1005154,HKEX-ETFB,9195,5,143806,143818
1005164,HKEX-FSR,8923,5,144255,144265
1005164,HKEX-ETFB3,9790,8,148804,148813
1005164,HKEX-FSR,8919,5,144254,144266
1005164,HKEX-KOTD,11544,5,152861,152873
1005164,HKEX-XFR,9162,5,134428,134438
1005164,HKEX-ETFA,9093,10,138197,138208
1005164,HKEX-FSR,8923,5,144255,144267
1005164,HKEX-FSR,8923,10,144255,144268
1005164,HKEX-INA,8820,7,148338,148348
1005170,HKEX-MDKA,11080,8,148530,148541
1005172,HKEX-JNAF,8245,50,142464,142480
1005172,HKEX-JNAF,8245,10,142464,142482
1005176,HKEX-MDKA,11075,8,148542,148553
1005180,HKEX-ETFB3,9791,25,148814,148824
1005188,HKEX-CARD,9960,6,191333,191342
1005188,HKEX-ETFA,9091,10,138210,138219
1005189,HKEX-JNAF,8246,10,142482,142490
1005189,HKEX-KOTD,11563,1,152875,152884
1005189,HKEX-XFR,9150,10,134439,134449
1005192,HKEX-ETFA,9091,10,138210,138220
1005196,HKEX-ETFB,9180,10,143820,143829
1005196,HKEX-SIMP,10003,1,157822,157832
1005200,HKEX-KOTD,11563,1,152875,152885
1005201,HKEX-MDKA,11075,8,148542,148554
1005201,HKEX-ETFB3,9791,4,148814,148825
1005201,HKEX-FSR,8934,7,144270,144279
1005201,HKEX-OIT,8218,8,134527,134537
1005201,HKEX-KOTD,11563,8,152875,152886
1005201,HKEX-ETFB,9178,4,143819,143830
1005201,HKEX-FSR,8934,8,144270,144280
1005201,HKEX-FSR,8930,5,144269,144282
1005201,HKEX-KOTD,11559,5,152874,152887
1005201,HKEX-MDKA,11075,5,148542,148555
1005201,HKEX-XFR,9154,5,134440,134450
1005248,HKEX-MDKA,11079,2,148543,148557
1005261,HKEX-JNAF,8246,8,142482,142493
1005261,HKEX-ETFA,9090,7,137590,138223
1005261,HKEX-DLKV,8743,10,147036,147048
1005261,HKEX-SIMP,10003,10,157822,157833
1005261,HKEX-XFR,9150,5,134439,134451
1005261,HKEX-ETFB,9180,10,143820,143832
1005261,HKEX-MDKA,11079,5,148543,148558
1005262,HKEX-SIMP,10003,10,157822,157834
1005263,HKEX-ETFB,9178,5,143819,143833
1005263,HKEX-SIMP,10003,10,157822,157835
1005268,HKEX-ETFB3,9793,2,148828,148837
1005268,HKEX-ETFB3,9793,5,148828,148838
1005268,HKEX-OIT,8220,10,134528,134538
1005268,HKEX-MDKA,11079,8,148543,148559
1005270,HKEX-CARD,9931,5,191194,191345
1005270,HKEX-CARD,9900,5,191292,191345
1005271,HKEX-FSR,8915,5,144281,144287
1005271,HKEX-JNAF,8251,5,142494,142497
1005275,HKEX-CARD,9867,8,191344,191355
1005275,HKEX-KOTD,11535,8,152889,152898
1005275,HKEX-DLKV,8739,1,147049,147059
1005275,HKEX-INA,8776,8,148360,148370
1005280,HKEX-CARD,9867,8,191344,191356
1005293,HKEX-KOTD,11535,8,152889,152899
1005298,HKEX-ETFA,9090,5,138225,138236
1005298,HKEX-ETFA,9091,3,138227,138236
1005300,HKEX-ETFA,9091,8,138227,138237
1005302,HKEX-ETFA,9091,10,138227,138238
1005303,HKEX-ETFB,9180,8,143835,143845
1005304,HKEX-CARD,9867,8,191344,191357
1005311,HKEX-KOTD,11535,19,152889,152900
1005320,HKEX-CARD,9869,20,191345,191358
1005324,HKEX-SIMP,9991,50,157836,157846
1005324,HKEX-SIMP,9990,100,157838,157846
1005324,HKEX-SIMP,9989,50,157840,157846
1005330,HKEX-FSR,8909,8,144287,144296
1005333,HKEX-DLKV,8739,1,147049,147061
1005333,HKEX-CARD,9867,8,191344,191360
1005347,HKEX-ETFB,9180,18,143835,143846
1005348,HKEX-ETFA,9091,10,138227,138239
1005348,HKEX-JNAF,8230,5,142497,142508
1005348,HKEX-FSR,8909,14,144287,144297
1005349,HKEX-KOTD,11535,15,152889,152902
1005349,HKEX-KOTD,11537,4,152891,152902
1005350,HKEX-JNAF,8230,5,142497,142510
1005363,HKEX-SIMP,9989,5,157840,157847
1005363,HKEX-ETFB,9180,10,143835,143847
1005363,HKEX-INA,8776,5,148360,148371
1005363,HKEX-JNAF,8226,5,142496,142512
1005363,HKEX-MDKA,11036,5,148560,148573
1005363,HKEX-SIMP,9989,5,157840,157848
1005363,HKEX-ETFA,9088,10,137647,138240
1005363,HKEX-JNAF,8230,10,142497,142513
1005363,HKEX-FSR,8909,4,144287,144298
1005363,HKEX-CARD,9869,10,191345,191361
1005369,HKEX-ETFB3,9780,4,148840,148849
1005369,HKEX-SIMP,9993,8,157837,157849
1005372,HKEX-JNAF,8224,5,142511,142515
1005372,HKEX-KOTD,11510,1,143887,152904
1005374,HKEX-SIMP,10010,5,156729,157850
1005374,HKEX-SIMP,10010,5,157290,157850
1005374,HKEX-SIMP,10010,5,157798,157850
1005374,HKEX-SIMP,10020,35,156517,157850
1005376,HKEX-ETFB3,9780,10,148840,148850
1005376,HKEX-JNAF,8221,10,142515,142524
1005390,HKEX-XFR,9151,10,134462,134472
1005399,HKEX-KOTD,11510,19,152904,152913
1005399,HKEX-JNAF,8221,8,142515,142525
1005401,HKEX-OIT,8194,8,134549,134559
1005401,HKEX-DLKV,8748,8,147064,147075
1005408,HKEX-INA,8785,20,148373,148383
1005409,HKEX-ETFB,9180,20,143849,143858
1005414,HKEX-MDKA,11039,5,148575,148584
1005420,HKEX-JNAF,8221,10,142515,142526
1005428,HKEX-ETFB,9180,10,143849,143859
1005429,HKEX-ETFB,9178,5,143848,143860
1005441,HKEX-ETFA,9091,10,138242,138252
1005441,HKEX-ETFB3,9780,10,148840,148851
1005442,HKEX-JNAF,8221,10,142515,142527
1005444,HKEX-SIMP,10019,10,157852,157865
1005445,HKEX-XFR,9151,10,134462,134473
1005446,HKEX-INA,8785,2,148373,148385
1005446,HKEX-MDKA,11039,8,148575,148586
1005449,HKEX-INA,8785,20,148373,148387
1005462,HKEX-ETFA,9087,10,138241,138253
1005462,HKEX-INA,8785,5,148373,148388
1005463,HKEX-ETFA,9087,10,138241,138254
1005463,HKEX-ETFB,9178,10,143848,143861
1005463,HKEX-DLKV,8746,10,147063,147076
1005463,HKEX-FSR,8922,10,144300,144311
1005463,HKEX-FSR,8922,10,144300,144312
1005463,HKEX-FSR,8922,10,144300,144313
1005463,HKEX-SIMP,10019,10,157852,157867
1005463,HKEX-SIMP,10019,10,157852,157868
1005463,HKEX-KOTD,11510,8,152904,152914
1005463,HKEX-SIMP,10019,8,157852,157869
1005463,HKEX-KOTD,11510,7,152904,152915
1005463,HKEX-CARD,9892,1,191363,191374
1005463,HKEX-FSR,8922,8,144300,144314
1005463,HKEX-ETFB3,9778,2,148839,148853
1005463,HKEX-MDKA,11039,8,148575,148587
1005463,HKEX-ETFB,9180,8,143849,143862
1005463,HKEX-INA,8785,3,148373,148390
1005463,HKEX-INA,8787,22,148375,148390
1005468,HKEX-INA,8787,4,148375,148391
1005468,HKEX-FSR,8918,1,144299,144315
1005475,HKEX-CARD,9889,8,191375,191385
1005476,HKEX-ETFB,9180,10,143864,143873
1005477,HKEX-KOTD,11508,8,152917,152926
1005478,HKEX-INA,8776,8,148393,148402
1005479,HKEX-CARD,9891,1,191376,191386
1005480,HKEX-SIMP,10017,50,157870,157880
1005480,HKEX-SIMP,10016,100,157872,157880
1005480,HKEX-SIMP,10015,50,157874,157880
1005492,HKEX-INA,8776,20,148393,148403
1005492,HKEX-FSR,8919,10,144317,144326
1005501,HKEX-CARD,9889,8,191375,191387
1005514,HKEX-ETFA,9086,10,136660,138267
1005514,HKEX-ETFB,9178,10,143863,143875
1005514,HKEX-ETFB3,9764,10,148854,148865
1005515,HKEX-KOTD,11508,20,152917,152927
1005515,HKEX-ETFA,9088,15,138257,138268
1005528,HKEX-DLKV,8733,8,147079,147089
1005533,HKEX-DLKV,8731,4,147078,147090
1005533,HKEX-CARD,9891,8,191376,191388
1005544,HKEX-KOTD,11508,8,152917,152928
1005548,HKEX-XFR,9151,10,134474,134484
1005561,HKEX-JNAF,8215,7,142529,142538
1005561,HKEX-ETFA,9085,10,137301,138270
1005561,HKEX-ETFB,9178,10,143863,143876
1005564,HKEX-ETFA,9085,10,137385,138271
1005564,HKEX-JNAF,8215,10,142529,142539
1005564,HKEX-MDKA,11058,10,148588,148600
1005564,HKEX-FSR,8919,1,144317,144327
1005564,HKEX-DLKV,8733,2,147079,147091
1005564,HKEX-ETFB,9178,5,143863,143877
1005564,HKEX-ETFA,9085,5,137455,138272
1005564,HKEX-ETFB,9178,5,143863,143878
1005564,HKEX-ETFB3,9766,5,148855,148866
1005564,HKEX-SIMP,10015,10,157874,157883
1005569,HKEX-FSR,8919,3,144317,144328
1005569,HKEX-ETFB,9178,9,143879,143889
1005569,HKEX-CARD,9891,6,191376,191389
1005569,HKEX-ETFB3,9766,3,148868,148877
1005572,HKEX-KOTD,11502,2,143515,152930
1005572,HKEX-KOTD,11501,1,143511,152930
1005577,HKEX-ETFB3,9766,21,148868,148878
1005577,HKEX-CARD,9871,9,191390,191400
1005577,HKEX-ETFB,9178,41,143879,143890
1005586,HKEX-KOTD,11498,1,152930,152940
1005588,HKEX-KOTD,11498,1,152930,152941
1005593,HKEX-KOTD,11498,1,152930,152942
1005595,HKEX-KOTD,11498,10,152930,152943
1005597,HKEX-OIT,8227,8,134571,134581
1005598,HKEX-ETFB,9180,10,143880,143891
1005601,HKEX-JNAF,8233,8,142541,142550
1005602,HKEX-ETFA,9086,10,138274,138283
1005609,HKEX-ETFA,9086,10,138274,138284
1005618,HKEX-ETFB3,9766,10,148868,148879
1005629,HKEX-SIMP,9998,30,157884,157895
1005644,HKEX-MDKA,11039,2,148602,148611
1005645,HKEX-INA,8784,1,148405,148417
1005646,HKEX-MDKA,11039,10,148602,148612
1005657,HKEX-ETFA,9085,5,137455,138286
1005657,HKEX-ETFB,9177,10,143881,143892
1005657,HKEX-ETFA,9086,1,138274,138287
1005657,HKEX-JNAF,8229,10,142540,142552
1005657,HKEX-MDKA,11039,8,148602,148613
1005658,HKEX-ETFB,9177,10,143881,143893
1005658,HKEX-ETFA,9086,10,138274,138289
1005658,HKEX-ETFB3,9766,10,148868,148880
1005658,HKEX-KOTD,11498,2,152930,152944
1005658,HKEX-KOTD,11498,8,152930,152945
1005658,HKEX-FSR,8925,6,144330,144341
1005658,HKEX-MDKA,11039,10,148602,148614
1005658,HKEX-MDKA,11039,10,148602,148615
1005658,HKEX-MDKA,11039,10,148602,148616
1005658,HKEX-OIT,8227,8,134571,134582
1005658,HKEX-SIMP,10000,10,157885,157897
1005658,HKEX-SIMP,10000,10,157885,157898
1005659,HKEX-SIMP,10000,10,157885,157899
1005659,HKEX-SIMP,10000,10,157885,157900
1005659,HKEX-DLKV,8743,8,147093,147102
1005659,HKEX-ETFB3,9764,1,148867,148881
1005659,HKEX-SIMP,10000,10,157885,157901
1005663,HKEX-FSR,8925,3,144330,144342
1005663,HKEX-XFR,9148,7,134485,134495
1005663,HKEX-JNAF,8229,5,142540,142553
1005663,HKEX-MDKA,11035,4,148601,148617
1005663,HKEX-ETFA,9086,3,138291,138300
1005663,HKEX-ETFB3,9764,7,148882,148892
1005666,HKEX-KOTD,11485,1,142275,152947
1005666,HKEX-KOTD,11484,1,142291,152947
1005668,HKEX-DLKV,8746,4,147103,147113
1005679,HKEX-JNAF,8209,10,142555,142564
1005683,HKEX-KOTD,11477,8,152947,152956
1005691,HKEX-KOTD,11477,8,152947,152957
1005695,HKEX-ETFB,9178,5,143894,143904
1005697,HKEX-KOTD,11477,10,152947,152958
1005704,HKEX-CARD,9834,8,191402,191412
1005705,HKEX-ETFA,9082,8,137143,138302
1005736,HKEX-FSR,8931,25,144343,144355
1005739,HKEX-ETFB3,9764,21,148882,148893
1005747,HKEX-CARD,9834,8,191402,191414
1005747,HKEX-DLKV,8746,7,147103,147114
1005762,HKEX-JNAF,8209,9,142555,142566
1005762,HKEX-FSR,8931,5,144343,144356
1005762,HKEX-INA,8802,5,148418,148430
1005762,HKEX-JNAF,8205,5,142554,142567
1005762,HKEX-KOTD,11473,5,152946,152959
1005762,HKEX-MDKA,11066,5,148618,148629
1005762,HKEX-XFR,9169,5,134497,134507
1005762,HKEX-ETFA,9082,2,137143,138304
1005762,HKEX-ETFA,9082,8,137908,138304
1005762,HKEX-ETFB,9178,10,143894,143905
1005762,HKEX-JNAF,8209,9,142555,142568
1005762,HKEX-JNAF,8209,9,142555,142569
1005764,HKEX-CARD,9834,8,191402,191415
1005764,HKEX-INA,8802,8,148418,148431
1005764,HKEX-SIMP,10005,10,157902,157912
1005771,HKEX-KOTD,11473,7,152946,152960
1005771,HKEX-DLKV,8746,7,147103,147115
1005771,HKEX-SIMP,10005,1,157902,157913
1005771,HKEX-DLKV,8748,6,147104,147116
1005780,HKEX-KOTD,11474,5,152961,152971
1005780,HKEX-XFR,9171,5,134509,134518
1005780,HKEX-ETFA,9082,2,137908,138315
1005780,HKEX-ETFA,9082,8,138305,138315
1005780,HKEX-JNAF,8199,10,142571,142580
1005780,HKEX-XFR,9167,10,134508,134519
1005785,HKEX-DLKV,8738,4,147117,147128
1005800,HKEX-ETFB,9175,10,143907,143917
1005800,HKEX-ETFB3,9764,21,148894,148904
1005800,HKEX-INA,8779,7,148433,148443
1005800,HKEX-DLKV,8740,7,147118,147130
1005808,HKEX-KOTD,11478,20,152962,152974
1005813,HKEX-KOTD,11478,16,152962,152975
1005820,HKEX-ETFB3,9766,10,148895,148905
1005832,HKEX-SIMP,10004,50,157914,157925
1005832,HKEX-SIMP,10003,100,157916,157925
1005832,HKEX-SIMP,10002,50,157918,157925
1005839,HKEX-SIMP,10002,30,157918,157926
1005840,HKEX-ETFB3,9766,20,148895,148906
1005849,HKEX-KOTD,11478,14,152962,152976
1005849,HKEX-KOTD,11480,20,152964,152976
1005864,HKEX-SIMP,10002,5,157918,157928
1005864,HKEX-ETFA,9082,9,138305,138318
1005864,HKEX-ETFB,9173,10,143906,143919
1005864,HKEX-ETFA,9082,10,138305,138319
1005864,HKEX-ETFB,9173,10,143906,143920
1005864,HKEX-ETFB3,9766,10,148895,148907
1005872,HKEX-SIMP,10006,8,157915,157929
1005872,HKEX-CARD,9883,8,191416,191427
1005872,HKEX-XFR,9167,5,134508,134520
1005881,HKEX-SIMP,9994,10,157931,157940
1005881,HKEX-ETFA,9082,5,138320,138330
1005881,HKEX-ETFB,9173,5,143921,143931
1005881,HKEX-ETFB3,9764,5,148908,148918
1005881,HKEX-MDKA,11057,8,148644,148654
1005881,HKEX-ETFB3,9764,1,148908,148919
1005881,HKEX-FSR,8894,3,144369,144378
1005881,HKEX-CARD,9898,8,191428,191438
1005881,HKEX-OIT,8163,3,134604,134613
1005881,HKEX-OIT,8163,8,134604,134614
1005882,HKEX-FSR,8894,8,144369,144379
1005882,HKEX-FSR,8894,8,144369,144380
1005893,HKEX-ETFB,9175,10,143922,143932
1005897,HKEX-KOTD,11463,10,152978,152987
1005907,HKEX-JNAF,8208,21,142582,142591
1005907,HKEX-KOTD,11463,16,152978,152988
1005907,HKEX-ETFA,9082,5,138320,138331
1005908,HKEX-MDKA,11057,8,148644,148655
1005909,HKEX-DLKV,8724,2,147135,147148
1005909,HKEX-ETFB,9175,8,143922,143934
1005916,HKEX-ETFA,9082,10,138320,138332
1005918,HKEX-KOTD,11463,20,152978,152989
1005918,HKEX-ETFB,9175,10,143922,143935
1005930,HKEX-SIMP,9994,10,157931,157941
1005936,HKEX-CARD,9898,10,191428,191439
1005947,HKEX-CARD,9898,8,191428,191440
1005948,HKEX-DLKV,8724,1,147135,147150
1005949,HKEX-INA,8765,8,148445,148455
1005963,HKEX-ETFB,9173,10,143921,143937
1005963,HKEX-SIMP,9994,3,157931,157943
1005964,HKEX-INA,8765,5,148445,148456
1005964,HKEX-JNAF,8204,5,142581,142592
1005964,HKEX-MDKA,11057,5,148644,148657
1005964,HKEX-ETFA,9082,10,138320,138333
1005964,HKEX-ETFB,9173,10,143921,143938
1005964,HKEX-ETFA,9082,10,138320,138334
1005972,HKEX-ETFB3,9764,2,148920,148930
1005980,HKEX-ETFB,9175,25,143940,143949
1005983,HKEX-ETFB,9175,10,143940,143950
1005989,HKEX-CARD,9877,8,191441,191452
1005989,HKEX-KOTD,11489,8,152991,153000
1005990,HKEX-SIMP,10007,1,157945,157954
1005998,HKEX-FSR,8879,10,144383,144392
1006000,HKEX-ETFB,9175,10,143940,143951
1006003,HKEX-SIMP,10005,1,157944,157955
1006003,HKEX-SIMP,10005,1,157944,157956
1006003,HKEX-INA,8757,5,148458,148467
1006003,HKEX-CARD,9877,8,191441,191453
1006003,HKEX-JNAF,8192,5,142594,142603
1006012,HKEX-ETFB,9175,5,143940,143952
1006013,HKEX-JNAF,8192,8,142594,142604
1006017,HKEX-FSR,8879,40,144383,144393
1006017,HKEX-FSR,8881,10,144385,144393
1006018,HKEX-MDKA,11047,5,148659,148668
1006029,HKEX-ETFA,9082,5,138335,138346
1006038,HKEX-ETFB3,9766,10,148921,148931
1006044,HKEX-ETFB,9173,47,143939,143953
1006044,HKEX-ETFB3,9764,48,148920,148932
1006045,HKEX-KOTD,11485,50,152990,153001
1006045,HKEX-KOTD,11483,100,152992,153001
1006045,HKEX-KOTD,11481,30,152994,153001
1006046,HKEX-XFR,9187,50,134531,134541
1006046,HKEX-XFR,9185,54,134533,134541
1006046,HKEX-ETFA,9082,10,138335,138347
1006063,HKEX-ETFA,9082,10,138335,138348
1006063,HKEX-ETFB,9173,3,143939,143954
1006063,HKEX-SIMP,10005,10,157944,157957
1006065,HKEX-KOTD,11489,8,152991,153002
1006065,HKEX-ETFB3,9763,3,148922,148933
1006065,HKEX-SIMP,10005,10,157944,157958
1006068,HKEX-ETFB3,9764,22,148932,148934
1006073,HKEX-DLKV,8711,5,147151,147162
1006073,HKEX-ETFB3,9766,5,148935,148944
1006075,HKEX-DLKV,8741,10,147145,147163
1006076,HKEX-FSR,8885,50,144394,144395
1006076,HKEX-FSR,8885,20,144394,144397
1006077,HKEX-MDKA,11047,50,148669,148671
1006077,HKEX-MDKA,11047,50,148669,148673
1006081,HKEX-CARD,9880,8,191455,191465
1006081,HKEX-FSR,8901,2,144396,144405
1006081,HKEX-ETFA,9082,8,138349,138359
1006082,HKEX-OIT,8206,25,134626,134636
1006082,HKEX-ETFA,9082,10,138349,138360
1006089,HKEX-SIMP,10006,3,157960,157969
1006092,HKEX-CARD,9880,8,191455,191466
1006094,HKEX-CARD,9880,10,191455,191467
1006099,HKEX-ETFA,9082,10,138349,138362
1006099,HKEX-ETFB,9163,10,143956,143968
1006099,HKEX-ETFB3,9764,10,148934,148946
1006100,HKEX-OIT,8206,8,134626,134637
1006111,HKEX-SIMP,10004,50,157959,157970
1006111,HKEX-SIMP,10003,100,157961,157970
1006111,HKEX-SIMP,10002,50,157963,157970
1006113,HKEX-MDKA,11069,20,148673,148682
1006115,HKEX-ETFB,9165,3,143957,143969
1006119,HKEX-ETFB,9165,3,143957,143970
1006125,HKEX-ETFA,9082,10,138349,138363
1006129,HKEX-ETFA,9086,25,138350,138364
1006131,HKEX-ETFA,9082,12,138349,138365
1006144,HKEX-JNAF,8189,5,142606,142616
1006165,HKEX-SIMP,10002,5,157963,157971
1006165,HKEX-ETFA,9081,10,137850,138367
1006165,HKEX-ETFB,9163,10,143956,143971
1006165,HKEX-DLKV,8748,10,147163,147173
1006165,HKEX-DLKV,8748,10,147163,147174
1006165,HKEX-DLKV,8748,10,147163,147175
1006165,HKEX-JNAF,8193,5,142607,142618
1006165,HKEX-MDKA,11069,10,148673,148683
1006165,HKEX-ETFB,9163,10,143956,143972
1006165,HKEX-CARD,9880,10,191455,191471
1006165,HKEX-DLKV,8748,10,147163,147176
1006165,HKEX-MDKA,11069,10,148673,148684
1006166,HKEX-CARD,9880,10,191455,191472
1006166,HKEX-ETFB,9165,5,143957,143973
1006171,HKEX-ETFA,9081,5,138368,138369
1006171,HKEX-INA,8763,9,148468,148479
1006171,HKEX-ETFB3,9770,4,148949,148958
1006176,HKEX-SIMP,10020,43,156517,157972
1006177,HKEX-ETFB3,9768,18,148948,148959
1006177,HKEX-KOTD,11487,6,153016,153025
1006177,HKEX-INA,8757,6,148481,148490
1006177,HKEX-DLKV,8735,6,147179,147188
1006178,HKEX-CARD,9882,8,191473,191483
1006178,HKEX-OIT,8194,1,134640,134649
1006178,HKEX-MDKA,11061,3,148686,148695
1006178,HKEX-ETFA,9082,8,138369,138379
1006178,HKEX-CARD,9882,8,191473,191484
1006178,HKEX-ETFB,9176,8,143975,143984
1006178,HKEX-MDKA,11057,8,148685,148696
1006181,HKEX-SIMP,10025,7,157972,157982
1006181,HKEX-SIMP,10024,3,157974,157982
1006185,HKEX-KOTD,11483,25,153015,153026
1006201,HKEX-ETFA,9082,10,138369,138380
1006206,HKEX-JNAF,8193,8,142620,142629
1006207,HKEX-KOTD,11483,8,153015,153028
1006215,HKEX-CARD,9882,10,191473,191486
1006216,HKEX-SIMP,10024,97,157974,157985
1006216,HKEX-SIMP,10023,103,157976,157985
1006218,HKEX-ETFB,9174,3,143974,143986
1006233,HKEX-CARD,9882,24,191473,191487
1006233,HKEX-CARD,9881,1,191475,191487
1006242,HKEX-INA,8753,25,148480,148491
1006242,HKEX-ETFB,9174,3,143974,143987
1058863,HKEX-SIMP,9997,10,165094,165104
1058863,HKEX-FSR,9183,5,151259,151268
1058863,HKEX-INA,9135,5,155738,155753
1058863,HKEX-JNAF,8214,5,149775,149787
1058863,HKEX-KOTD,11395,5,160388,160400
1058863,HKEX-XFR,9156,5,140949,140961
1058863,HKEX-INA,9135,5,155738,155754
1058863,HKEX-SIMP,9997,10,165094,165105
1058863,HKEX-INA,9135,2,155738,155755
1058863,HKEX-SIMP,9997,10,165094,165106
1058863,HKEX-MDKA,11529,1,156358,156374
1058863,HKEX-CARD,10147,4,200530,200539
1058863,HKEX-DLKV,8692,8,154496,154508
1058863,HKEX-ETFB3,9748,5,156319,156330
1058869,HKEX-ETFB,9203,6,151083,151092
1058869,HKEX-DLKV,8692,5,154496,154509
1058872,HKEX-MDKA,11529,5,156372,156376
1058875,HKEX-ETFB3,9748,30,156331,156341
1058876,HKEX-DLKV,8700,12,154511,154520
1058876,HKEX-ETFB3,9748,12,156331,156342
1058876,HKEX-ETFB3,9748,8,156331,156343
1058876,HKEX-INA,9116,12,155756,155766
1058876,HKEX-CARD,10113,18,200541,200550
1058876,HKEX-DLKV,8700,12,154511,154521
1058879,HKEX-OIT,8447,6,141388,141398
1058883,HKEX-XFR,9163,8,140963,140972
1058899,HKEX-ETFB,9201,10,151082,151093
1058899,HKEX-SIMP,10027,10,165107,165118
1058900,HKEX-JNAF,8225,8,149788,149798
1058901,HKEX-OIT,8447,3,141388,141399
1058901,HKEX-DLKV,8700,8,154511,154522
1058911,HKEX-CARD,10113,20,200541,200551
1058916,HKEX-ETFB3,9747,5,156333,156345
1058940,HKEX-KOTD,11391,10,160401,160411
1058943,HKEX-ETFB3,9747,22,156333,156346
1058943,HKEX-INA,9120,22,155757,155767
1058945,HKEX-JNAF,8225,10,149788,149799
1058947,HKEX-KOTD,11391,10,160401,160413
1058948,HKEX-JNAF,8225,10,149788,149800
1058950,HKEX-CARD,10111,8,200540,200553
1058964,HKEX-SIMP,10027,10,165107,165121
1058964,HKEX-INA,9120,10,155757,155768
1058964,HKEX-SIMP,10027,10,165107,165122
1058964,HKEX-XFR,9163,5,140963,140975
1058965,HKEX-JNAF,8225,8,149788,149801
1058965,HKEX-INA,9116,8,155756,155769
1058973,HKEX-SIMP,10027,9,165107,165123
1058973,HKEX-FSR,9179,7,151270,151279
1058982,HKEX-KOTD,11378,10,160415,160424
1059002,HKEX-MDKA,11516,1,156386,156397
1059005,HKEX-DLKV,8706,8,154526,154537
1059005,HKEX-ETFB,9199,8,151094,151105
1059026,HKEX-KOTD,11378,10,160415,160426
1059032,HKEX-ETFB3,9737,10,156347,156359
1059041,HKEX-SIMP,10019,50,165124,165137
1059046,HKEX-INA,9128,8,155770,155781
1059060,HKEX-ETFB,9201,10,151095,151107
1059060,HKEX-ETFB3,9739,10,156348,156361
1059060,HKEX-INA,9128,10,155770,155782
1059060,HKEX-XFR,9163,10,140976,140987
1059062,HKEX-CARD,10139,8,200555,200564
1059062,HKEX-CARD,10139,6,200555,200565
1059062,HKEX-INA,9132,1,155771,155783
1059062,HKEX-DLKV,8706,8,154526,154538
1059065,HKEX-ETFB3,9750,10,156157,156362
1059065,HKEX-ETFB3,9751,10,156233,156362
1059070,HKEX-KOTD,11378,5,160415,160427
1059074,HKEX-MDKA,11531,5,156373,156399
1059078,HKEX-ETFB,9199,5,151108,151118
1059078,HKEX-MDKA,11547,10,156399,156409
1059082,HKEX-ETFB,9201,10,151109,151119
1059089,HKEX-MDKA,11547,1,156399,156410
1059103,HKEX-FSR,9180,5,151292,151301
1059103,HKEX-INA,9118,5,155785,155794
1059103,HKEX-JNAF,8243,5,149812,149823
1059103,HKEX-KOTD,11384,5,160429,160438
1059103,HKEX-MDKA,11547,5,156399,156412
1059104,HKEX-ETFB3,9753,10,156362,156372
1059104,HKEX-XFR,9158,5,140998,141000
1059104,HKEX-XFR,9161,5,140989,141000
1059104,HKEX-DLKV,8728,7,154540,154549
1059107,HKEX-MDKA,11547,10,156399,156413
1059118,HKEX-JNAF,8243,8,149812,149824
1059118,HKEX-OIT,8442,2,141410,141420
1059142,HKEX-ETFB3,9753,18,156362,156374
1059143,HKEX-KOTD,11384,18,160429,160439
1059143,HKEX-INA,9118,18,155785,155797
1059144,HKEX-ETFB3,9753,2,156362,156375
1059144,HKEX-ETFB3,9752,10,156364,156375
1059144,HKEX-ETFB3,9752,8,156364,156376
1059144,HKEX-CARD,10127,18,200567,200576
1059144,HKEX-ETFB3,9752,12,156364,156377
1059162,HKEX-ETFB3,9752,10,156364,156378
1059162,HKEX-JNAF,8243,10,149812,149825
1059162,HKEX-ETFB3,9752,10,156364,156379
1059162,HKEX-JNAF,8243,10,149812,149826
1059162,HKEX-SIMP,10012,10,165138,165151
1059162,HKEX-XFR,9161,5,140989,141002
1059162,HKEX-XFR,9161,5,140989,141003
1059163,HKEX-JNAF,8243,8,149812,149827
1059163,HKEX-CARD,10127,2,200567,200577
1059163,HKEX-INA,9114,8,155784,155799
1059163,HKEX-XFR,9161,8,140989,141004
1059168,HKEX-XFR,9157,2,140988,141005
1059168,HKEX-OIT,8442,11,141410,141421
1059170,HKEX-INA,9126,5,155795,155800
1059175,HKEX-ETFB3,9753,5,156380,156390
1059180,HKEX-MDKA,11580,16,156414,156424
1059180,HKEX-ETFB3,9753,5,156380,156391
1059184,HKEX-KOTD,11410,20,160440,160450
1059187,HKEX-KOTD,11410,20,160440,160451
1059202,HKEX-SIMP,10038,50,165152,165162
1059202,HKEX-SIMP,10037,87,165154,165162
1059203,HKEX-ETFB,9201,10,151122,151131
1059204,HKEX-ETFB,9201,10,151122,151132
1059211,HKEX-JNAF,8225,12,149828,149838
1059211,HKEX-ETFB3,9753,8,156380,156392
1059211,HKEX-OIT,8471,12,141422,141432
1059215,HKEX-INA,9130,5,155800,155811
1059217,HKEX-MDKA,11580,3,156414,156425
1059234,HKEX-SIMP,10037,8,165154,165163
1059234,HKEX-SIMP,10037,5,165154,165164
1059234,HKEX-SIMP,10036,3,165156,165164
1059241,HKEX-ETFA,9276,1,145127,145137
1059247,HKEX-INA,9130,4,155800,155812
1059263,HKEX-SIMP,10036,10,165156,165165
1059263,HKEX-SIMP,10036,5,165156,165167
1059263,HKEX-ETFB3,9753,10,156380,156393
1059263,HKEX-ETFB,9201,10,151122,151134
1059263,HKEX-ETFB3,9753,10,156380,156394
1059263,HKEX-FSR,9159,10,151303,151312
1059263,HKEX-INA,9130,10,155800,155813
1059263,HKEX-KOTD,11410,10,160440,160452
1059263,HKEX-MDKA,11580,10,156414,156426
1059263,HKEX-SIMP,10036,10,165156,165168
1059263,HKEX-SIMP,10036,10,165156,165169
1059264,HKEX-CARD,10131,8,200579,200592
1059264,HKEX-ETFB,9201,1,151122,151135
1059264,HKEX-DLKV,8708,8,154551,154561
1059264,HKEX-ETFB3,9753,8,156380,156395
1059264,HKEX-DLKV,8710,8,154552,154562
1059272,HKEX-JNAF,8229,9,149829,149839
1059272,HKEX-CARD,10129,2,200578,200593
1059272,HKEX-JNAF,8225,8,149828,149840
1059275,HKEX-CARD,10149,20,200552,200594
1059275,HKEX-CARD,10174,20,200483,200594
1059279,HKEX-SIMP,10032,5,165166,165171
1059283,HKEX-SIMP,10018,30,165170,165180
1059283,HKEX-SIMP,10018,10,165170,165181
1059286,HKEX-SIMP,10020,5,165171,165182
1059287,HKEX-INA,9131,10,155814,155824
1059292,HKEX-MDKA,11540,6,156427,156438
1059326,HKEX-JNAF,8221,12,149841,149851
1059326,HKEX-XFR,9163,12,141017,141027
1059327,HKEX-OIT,8489,1,141433,141443
1059330,HKEX-JNAF,8221,8,149841,149852
1059343,HKEX-KOTD,11370,27,160454,160464
1059343,HKEX-DLKV,8716,27,154564,154573
1059345,HKEX-SIMP,10018,10,165170,165184
1059345,HKEX-SIMP,10017,40,165172,165184
1059366,HKEX-INA,9131,10,155814,155826
1059366,HKEX-FSR,9166,5,151314,151325
1059366,HKEX-INA,9131,5,155814,155828
1059366,HKEX-JNAF,8221,5,149841,149854
1059366,HKEX-KOTD,11370,5,160454,160465
1059366,HKEX-XFR,9159,5,141016,141028
1059366,HKEX-CARD,10323,10,200594,200604
1059366,HKEX-KOTD,11370,10,160454,160466
1059366,HKEX-MDKA,11543,5,156440,156441
1059366,HKEX-MDKA,11544,5,156428,156441
1059367,HKEX-OIT,8489,10,141433,141444
1059367,HKEX-SIMP,10017,1,165172,165185
1059367,HKEX-CARD,10322,8,200596,200605
1059367,HKEX-XFR,9163,8,141017,141029
1059367,HKEX-INA,9131,2,155814,155829
1059367,HKEX-JNAF,8221,8,149841,149855
1059375,HKEX-INA,9131,6,155814,155830
1059375,HKEX-ETFB3,9742,6,156410,156419
1059377,HKEX-CARD,10367,20,200340,200606
1059378,HKEX-JNAF,8218,5,149853,149857
1059378,HKEX-JNAF,8217,5,149822,149857
1059383,HKEX-CARD,10368,10,200606,200616
1059383,HKEX-ETFB,9201,5,151147,151157
1059385,HKEX-XFR,9151,5,141031,141040
1059385,HKEX-CARD,10368,20,200606,200618
1059385,HKEX-CARD,10367,30,200608,200618
1059386,HKEX-INA,9141,7,155831,155841
1059396,HKEX-XFR,9151,20,141031,141041
1059400,HKEX-CARD,10367,10,200608,200619
1059400,HKEX-FSR,9166,2,151326,151336
1059400,HKEX-KOTD,11379,2,160467,160477
1059408,HKEX-MDKA,11562,10,156442,156454
1059416,HKEX-MDKA,11562,16,156442,156455
1059432,HKEX-JNAF,8211,10,149857,149866
1059448,HKEX-INA,9141,1,155831,155842
1059464,HKEX-CARD,10367,5,200608,200620
1059464,HKEX-SIMP,10011,10,165186,165200
1059464,HKEX-ETFB,9203,10,151148,151158
1059464,HKEX-CARD,10367,5,200608,200621
1059464,HKEX-JNAF,8211,10,149857,149867
1059465,HKEX-JNAF,8211,10,149857,149868
1059465,HKEX-SIMP,10011,10,165186,165201
1059465,HKEX-ETFB3,9740,5,156409,156421
1059465,HKEX-CARD,10367,8,200608,200622
1059465,HKEX-DLKV,8702,1,154575,154584
1059465,HKEX-DLKV,8702,8,154575,154585
1059465,HKEX-ETFB3,9740,8,156409,156422
1059465,HKEX-INA,9141,1,155831,155843
1059473,HKEX-MDKA,11562,6,156442,156456
1059476,HKEX-FSR,9152,50,150803,151338
1059476,HKEX-KOTD,11359,5,160365,160479
1059476,HKEX-MDKA,11541,5,156439,156458
1059487,HKEX-FSR,9154,20,151340,151347
1059489,HKEX-OIT,8458,12,141456,141466
1059501,HKEX-CARD,10357,10,200623,200634
1059502,HKEX-CARD,10357,10,200623,200635
1059502,HKEX-JNAF,8237,8,149869,149880
1059504,HKEX-SIMP,10016,10,165202,165212
1059506,HKEX-CARD,10357,8,200623,200636
1059510,HKEX-SIMP,10016,6,165202,165213
1059511,HKEX-CARD,10357,20,200623,200639
1059520,HKEX-SIMP,10016,10,165202,165215
1059521,HKEX-XFR,9159,8,141043,141054
1059533,HKEX-CARD,10359,8,200624,200640
1059540,HKEX-CARD,10357,2,200623,200641
1059540,HKEX-CARD,10356,8,200625,200641
1059544,HKEX-CARD,10356,8,200625,200642
1059560,HKEX-ETFB,9203,10,151160,151169
1059560,HKEX-INA,9137,10,155845,155855
1059560,HKEX-CARD,10359,8,200624,200643
1059560,HKEX-INA,9137,10,155845,155857
1059560,HKEX-JNAF,8237,10,149869,149882
1059562,HKEX-CARD,10356,8,200625,200644
1059562,HKEX-DLKV,8722,8,154586,154596
1059562,HKEX-CARD,10356,8,200625,200645
1059565,HKEX-ETFB,9208,10,150988,151170
1059565,HKEX-ETFB,9209,10,150824,151170
1059567,HKEX-ETFA,9262,1,145068,145170
1059567,HKEX-FSR,9152,8,150803,151348
1059570,HKEX-INA,9127,5,155827,155859
1059573,HKEX-OIT,8499,10,141468,141478
1059581,HKEX-KOTD,11347,20,160489,160498
1059584,HKEX-ETFB3,9742,30,156435,156446
1059585,HKEX-XFR,9137,8,141056,141065
1059612,HKEX-SIMP,10011,50,165218,165228
1059612,HKEX-SIMP,10010,100,165220,165228
1059612,HKEX-SIMP,10009,50,165222,165228
1059641,HKEX-ETFA,9262,1,145170,145180
1059642,HKEX-ETFB3,9740,5,156434,156447
1059662,HKEX-ETFB,9211,10,151170,151181
1059662,HKEX-INA,9108,10,155859,155868
1059665,HKEX-DLKV,8715,8,154598,154607
1059665,HKEX-INA,9108,8,155859,155869
1059665,HKEX-ETFB,9211,8,151170,151182
1059665,HKEX-JNAF,8226,8,149883,149893
1059665,HKEX-ETFB3,9740,8,156434,156448
1059665,HKEX-CARD,10344,8,200646,200657
1059669,HKEX-ETFA,9258,1,145181,145191
1059669,HKEX-ETFB3,9742,7,156450,156459
1059672,HKEX-KOTD,11340,1,160036,160501
1059675,HKEX-ETFB,9211,5,151183,151193
1059676,HKEX-ETFA,9262,30,145182,145192
1059676,HKEX-ETFB,9211,30,151183,151194
1059676,HKEX-CARD,10343,8,200658,200670
1059682,HKEX-FSR,9174,5,151360,151369
1059682,HKEX-INA,9106,5,155870,155881
1059682,HKEX-KOTD,11337,5,160501,160510
1059682,HKEX-MDKA,11563,5,156480,156491
1059682,HKEX-XFR,9153,5,141066,141076
1059683,HKEX-ETFB,9211,10,151183,151195
1059683,HKEX-SIMP,10010,10,165230,165241
1059690,HKEX-MDKA,11563,9,156480,156492
1059695,HKEX-XFR,9157,12,141067,141077
1059704,HKEX-JNAF,8222,8,149894,149906
1059726,HKEX-JNAF,8224,5,149905,149908
1059726,HKEX-JNAF,8226,5,149895,149908
1059726,HKEX-SIMP,10010,10,165230,165242
1059728,HKEX-SIMP,10010,10,165230,165243
1059735,HKEX-CARD,10344,7,200668,200673
1059747,HKEX-CARD,10343,8,200658,200674
1059747,HKEX-INA,9106,4,155870,155885
1059764,HKEX-CARD,10343,8,200658,200675
1059764,HKEX-CARD,10343,8,200658,200676
1059765,HKEX-INA,9110,10,155871,155886
1059765,HKEX-SIMP,10010,1,165230,165245
1059768,HKEX-ETFB3,9744,10,156445,156461
1059773,HKEX-SIMP,10012,9,165231,165246
1059773,HKEX-FSR,9174,7,151360,151370
1059773,HKEX-ETFB,9213,5,151197,151206
1059773,HKEX-ETFA,9262,2,145194,145203
1059773,HKEX-CARD,10343,6,200658,200677
1059775,HKEX-CARD,10344,3,200668,200678
1059775,HKEX-CARD,10344,47,200669,200678
1059775,HKEX-CARD,10344,3,200669,200680
1059776,HKEX-FSR,9152,50,150803,151372
1059776,HKEX-FSR,9152,32,150803,151374
1059777,HKEX-JNAF,8222,5,149904,149910
1059777,HKEX-JNAF,8207,5,149753,149910
1059777,HKEX-KOTD,11331,5,160030,160512
1059777,HKEX-MDKA,11558,5,156490,156497
1059782,HKEX-ETFB3,9758,5,156461,156471
1059791,HKEX-SIMP,10021,10,165247,165257
1059796,HKEX-XFR,9158,8,141080,141090
1059811,HKEX-KOTD,11329,10,160512,160522
1059819,HKEX-ETFB,9211,1,151196,151207
1059827,HKEX-SIMP,10021,10,165247,165258
1059843,HKEX-ETFB3,9758,30,156461,156472
1059844,HKEX-KOTD,11329,30,160512,160523
1059844,HKEX-OIT,8475,5,141491,141501
1059845,HKEX-OIT,8475,5,141491,141502
1059863,HKEX-KOTD,11329,5,160512,160524
1059863,HKEX-KOTD,11331,5,160514,160524
1059864,HKEX-SIMP,10021,10,165247,165259
1059864,HKEX-ETFB3,9758,5,156461,156473
1059864,HKEX-INA,9110,10,155887,155899
1059864,HKEX-MDKA,11540,10,156497,156506
1059864,HKEX-MDKA,11536,10,156496,156507
1059864,HKEX-OIT,8477,3,141492,141503
1059864,HKEX-SIMP,10021,5,165247,165260
1059864,HKEX-KOTD,11331,10,160514,160525
1059864,HKEX-SIMP,10021,10,165247,165261
1059864,HKEX-FSR,9144,5,151374,151382
1059864,HKEX-INA,9110,5,155887,155900
1059864,HKEX-JNAF,8200,5,149909,149919
1059864,HKEX-KOTD,11331,5,160514,160526
1059864,HKEX-XFR,9154,5,141079,141091
1059864,HKEX-ETFB,9211,10,151196,151208
1059864,HKEX-INA,9114,5,155888,155901
1059864,HKEX-JNAF,8204,10,149910,149920
1059864,HKEX-MDKA,11538,5,156509,156510
1059864,HKEX-MDKA,11540,5,156497,156510
1059864,HKEX-OIT,8477,3,141492,141504
1059867,HKEX-DLKV,8720,4,154619,154629
1059867,HKEX-ETFB3,9757,8,156463,156475
1059867,HKEX-MDKA,11540,8,156497,156511
1059867,HKEX-JNAF,8204,3,149910,149921
1059867,HKEX-ETFB,9211,8,151196,151209
1059867,HKEX-DLKV,8720,8,154619,154630
1059867,HKEX-ETFB,9211,8,151196,151210
1059874,HKEX-ETFB3,9760,1,156477,156486
1059879,HKEX-MDKA,11536,5,156508,156513
1059879,HKEX-MDKA,11521,5,156411,156513
1059883,HKEX-CARD,10371,8,200688,200698
1059883,HKEX-CARD,10371,42,200688,200699
1059883,HKEX-CARD,10370,8,200690,200699
1059883,HKEX-ETFB3,9758,30,156476,156487
1059884,HKEX-XFR,9157,12,141093,141102
1059884,HKEX-CARD,10370,18,200690,200700
1059908,HKEX-MDKA,11518,10,156513,156522
1059913,HKEX-ETFB,9211,5,151211,151221
1059937,HKEX-JNAF,8175,9,149923,149933
1059938,HKEX-XFR,9157,5,141093,141103
1059939,HKEX-DLKV,8715,8,154631,154641
1059943,HKEX-ETFB3,9758,20,156476,156488
1059943,HKEX-ETFB3,9757,24,156478,156488
1059943,HKEX-KOTD,11312,44,160528,160537
1059943,HKEX-DLKV,8717,44,154632,154642
1059949,HKEX-MDKA,11514,4,156512,156523
1059949,HKEX-INA,9113,2,155902,155913
1059964,HKEX-ETFB,9211,10,151211,151222
1059965,HKEX-XFR,9157,5,141093,141104
1059965,HKEX-XFR,9157,5,141093,141105
1059965,HKEX-CARD,10370,5,200690,200701
1059965,HKEX-ETFB3,9757,10,156478,156489
1059965,HKEX-MDKA,11518,10,156513,156524
1059968,HKEX-CARD,10370,5,200690,200702
1059968,HKEX-ETFB3,9757,10,156478,156490
1059969,HKEX-CARD,10370,8,200690,200703
1059969,HKEX-CARD,10373,1,200689,200704
1059969,HKEX-JNAF,8175,8,149923,149934
1059969,HKEX-SIMP,10012,13,165262,165274
1059969,HKEX-CARD,10370,10,200690,200705
1059969,HKEX-ETFB,9211,5,151211,151223
1059976,HKEX-DLKV,8715,9,154631,154643
1059985,HKEX-SIMP,10015,10,165275,165285
1059985,HKEX-ETFA,9277,30,145214,145224
1059985,HKEX-MDKA,11503,25,156526,156535
1059996,HKEX-CARD,10350,5,200707,200716
1059996,HKEX-INA,9115,5,155915,155924
1060005,HKEX-CARD,10350,5,200707,200717
1060005,HKEX-INA,9115,10,155915,155925
1060010,HKEX-CARD,10350,20,200707,200718
1060021,HKEX-KOTD,11341,1,160539,160550
1060042,HKEX-DLKV,8714,5,154645,154654
1060063,HKEX-CARD,10348,8,200706,200720
1060063,HKEX-JNAF,8170,1,149936,149945
1060063,HKEX-MDKA,11503,2,156526,156536
1060063,HKEX-DLKV,8714,1,154645,154655
1060063,HKEX-INA,9115,8,155915,155927
1060064,HKEX-ETFB,9203,10,151225,151235
1060064,HKEX-SIMP,10015,10,165275,165286
1060072,HKEX-ETFB3,9727,4,156505,156514
1060072,HKEX-SIMP,10015,5,165275,165288
1060081,HKEX-XFR,9150,12,141117,141126
1060081,HKEX-CARD,10331,18,200722,200731
1060082,HKEX-OIT,8479,12,141527,141537
1060088,HKEX-ETFB,9203,10,151237,151246
1060088,HKEX-INA,9121,5,155928,155939
1060088,HKEX-MDKA,11482,2,156538,156547
1060088,HKEX-SIMP,10018,10,165289,165299
1060088,HKEX-SIMP,10018,10,165289,165300
1060096,HKEX-CARD,10329,8,200721,200732
1060103,HKEX-ETFB,9201,8,151236,151247
1060109,HKEX-SIMP,10018,20,165289,165301
1060110,HKEX-MDKA,11482,20,156538,156549
1060117,HKEX-MDKA,11482,20,156538,156550
1060140,HKEX-DLKV,8690,8,154656,154666
1060144,HKEX-SIMP,10018,10,165289,165302
1060144,HKEX-SIMP,10017,2,165291,165302
1060145,HKEX-DLKV,8692,6,154657,154667
1060148,HKEX-MDKA,11478,3,156537,156551
1060148,HKEX-SIMP,10017,50,165291,165303
1060148,HKEX-INA,9121,5,155928,155941
1060166,HKEX-SIMP,10020,5,165290,165304
1060166,HKEX-INA,9121,10,155928,155942
1060166,HKEX-MDKA,11482,8,156538,156552
1060166,HKEX-SIMP,10017,10,165291,165306
1060167,HKEX-INA,9121,10,155928,155943
1060172,HKEX-MDKA,11478,8,156537,156554
1060172,HKEX-INA,9125,7,155929,155944
1060177,HKEX-SIMP,10025,5,165305,165307
1060179,HKEX-ETFB,9203,2,151250,151259
1060180,HKEX-ETFB3,9725,8,156521,156531
1060180,HKEX-XFR,9139,8,141128,141137
1060180,HKEX-DLKV,8691,3,154669,154678
1060180,HKEX-CARD,10328,8,200735,200744
1060180,HKEX-INA,9125,3,155945,155955
1060184,HKEX-SIMP,10025,10,165307,165317
1060186,HKEX-SIMP,10025,3,165307,165318
1060195,HKEX-CARD,10328,42,200735,200745
1060195,HKEX-CARD,10329,8,200737,200745
1060196,HKEX-INA,9125,5,155945,155957
1060196,HKEX-JNAF,8174,5,149956,149966
1060197,HKEX-KOTD,11356,5,160564,160573
1060197,HKEX-MDKA,11482,5,156556,156565
1060197,HKEX-SIMP,10027,5,165308,165319
1060197,HKEX-INA,9125,10,155945,155958
1060197,HKEX-INA,9125,10,155945,155959
1060198,HKEX-MDKA,11482,8,156556,156567
1060204,HKEX-MDKA,11482,8,156556,156568
1060207,HKEX-XFR,9139,10,141128,141139
1060242,HKEX-FSR,9163,20,151444,151455
1060249,HKEX-SIMP,10025,12,165307,165320
1060260,HKEX-ETFB3,9727,10,156522,156535
1060261,HKEX-ETFB3,9725,10,156521,156536
1060262,HKEX-CARD,10329,8,200737,200746
1060262,HKEX-MDKA,11482,1,156556,156569
1060262,HKEX-CARD,10329,4,200737,200747
1060262,HKEX-JNAF,8174,8,149956,149967
1060262,HKEX-ETFB,9201,5,151249,151261
1060267,HKEX-JNAF,8178,6,149957,149968
1060269,HKEX-CARD,10322,20,200638,200749
1060269,HKEX-CARD,10071,20,199849,200749
1060270,HKEX-INA,9119,5,155956,155961
1060273,HKEX-ETFB3,9727,30,156538,156547
1060273,HKEX-ETFB3,9727,10,156538,156548
1060273,HKEX-ETFB3,9725,5,156537,156549
1060279,HKEX-CARD,10057,8,200748,200758
1060279,HKEX-MDKA,11434,10,156571,156580
1060290,HKEX-MDKA,11434,20,156571,156581
1060298,HKEX-XFR,9136,12,141141,141150
1060298,HKEX-CARD,10059,10,200749,200759
1060298,HKEX-CARD,10060,8,200751,200759
1060303,HKEX-ETFB,9201,8,151262,151272
1060305,HKEX-CARD,10060,25,200751,200760
1060308,HKEX-ETFB,9201,5,151262,151273
1060309,HKEX-XFR,9136,8,141141,141151
1060312,HKEX-MDKA,11434,8,156571,156582
1060312,HKEX-DLKV,8681,20,154680,154689
1060313,HKEX-XFR,9136,10,141141,141152
1060345,HKEX-INA,9108,1,155960,155972
1060345,HKEX-MDKA,11430,6,156570,156583
1060363,HKEX-ETFB,9203,10,151263,151274
1060363,HKEX-ETFB,9203,10,151263,151275
1060363,HKEX-MDKA,11434,8,156571,156584
1060363,HKEX-DLKV,8681,1,154680,154690
1060363,HKEX-INA,9108,1,155960,155973
1060363,HKEX-ETFB,9203,1,151263,151276
1060363,HKEX-ETFB3,9725,5,156537,156552
1060369,HKEX-DLKV,8681,4,154680,154691
1060369,HKEX-CARD,10057,9,200748,200761
1060369,HKEX-CARD,10060,5,200751,200762
1060371,HKEX-INA,9111,50,155970,155974
1060371,HKEX-INA,9111,30,155970,155976
1060394,HKEX-INA,9121,5,155976,155984
1060400,HKEX-INA,9127,2,155975,155987
1060421,HKEX-SIMP,10026,50,165335,165345
1060431,HKEX-SIMP,10025,10,165337,165346
1060433,HKEX-XFR,9141,5,141138,141164
1060433,HKEX-XFR,9144,3,141154,141164
1060442,HKEX-OIT,8484,12,141558,141569
1060442,HKEX-XFR,9144,12,141154,141165
1060444,HKEX-SIMP,10025,2,165337,165347
1060445,HKEX-CARD,10081,6,200764,200773
1060461,HKEX-FSR,9168,5,151467,151476
1060461,HKEX-JNAF,8187,5,149979,149989
1060461,HKEX-MDKA,11447,5,156585,156597
1060461,HKEX-XFR,9140,5,141153,141166
1060461,HKEX-ETFB3,9727,10,156554,156563
1060461,HKEX-INA,9122,5,155988,155990
1060461,HKEX-INA,9121,5,155976,155990
1060461,HKEX-SIMP,10025,7,165337,165348
1060461,HKEX-ETFB3,9727,10,156554,156564
1060461,HKEX-INA,9121,10,155976,155991
1060461,HKEX-MDKA,11451,10,156586,156598
1060462,HKEX-CARD,10081,1,200764,200775
1060462,HKEX-CARD,10081,2,200764,200776
1060462,HKEX-MDKA,11451,8,156586,156599
1060462,HKEX-DLKV,8696,8,154692,154702
1060462,HKEX-JNAF,8187,6,149979,149990
1060462,HKEX-ETFB3,9727,8,156554,156565
1060464,HKEX-ETFB3,9729,10,156534,156566
1060464,HKEX-ETFB3,9730,5,156515,156566
1060468,HKEX-XFR,9144,1,141154,141167
1060470,HKEX-FSR,9161,5,151454,151478
1060470,HKEX-INA,9101,5,155880,155993
1060471,HKEX-KOTD,11361,5,160599,160600
1060471,HKEX-KOTD,11364,5,160574,160600
1060474,HKEX-ETFB,9206,30,151287,151297
1060480,HKEX-OIT,8506,12,141570,141580
1060488,HKEX-CARD,10088,8,200778,200788
1060501,HKEX-ETFB,9206,8,151287,151298
1060511,HKEX-CARD,10086,20,200777,200792
1060514,HKEX-KOTD,11367,11,160600,160610
1060514,HKEX-ETFB3,9741,5,156566,156576
1060514,HKEX-ETFB,9206,5,151287,151299
1060542,HKEX-ETFB3,9741,30,156566,156577
1060543,HKEX-INA,9096,30,155993,156004
1060544,HKEX-KOTD,11367,20,160600,160612
1060546,HKEX-XFR,9164,4,141169,141179
1060547,HKEX-INA,9092,1,155992,156005
1060547,HKEX-MDKA,11449,8,156600,156611
1060561,HKEX-ETFB3,9740,10,156568,156578
1060561,HKEX-INA,9096,10,155993,156006
1060561,HKEX-SIMP,10001,10,165350,165361
1060563,HKEX-ETFB3,9740,10,156568,156579
1060563,HKEX-ETFB,9206,5,151287,151300
1060568,HKEX-XFR,9160,10,141168,141180
1060568,HKEX-SIMP,10001,7,165350,165363
1060568,HKEX-SIMP,10001,1,165350,165364
1060572,HKEX-KOTD,11359,5,160598,160614
1060586,HKEX-XFR,9181,8,141182,141191
1060599,HKEX-INA,9109,10,156007,156018
1060619,HKEX-INA,9109,10,156007,156019
1060630,HKEX-ETFB3,9740,10,156580,156591
1060630,HKEX-FSR,9176,20,151487,151497
1060642,HKEX-ETFA,9276,1,145279,145290
1060646,HKEX-ETFB,9206,8,151301,151312
1060646,HKEX-ETFB3,9740,8,156580,156592
1060651,HKEX-CARD,10099,1,200795,200805
1060663,HKEX-MDKA,11485,5,156566,156625
1060663,HKEX-SIMP,10011,7,165365,165377
1060665,HKEX-CARD,10099,5,200795,200806
1060665,HKEX-CARD,10099,5,200795,200807
1060665,HKEX-MDKA,11486,8,156614,156626
1060665,HKEX-CARD,10097,8,200794,200808
1060671,HKEX-DLKV,8710,10,154716,154725
1060671,HKEX-ETFB3,9742,3,156594,156603
1060671,HKEX-ETFB3,9742,2,156594,156604
1060674,HKEX-KOTD,11338,1,160575,160627
1060676,HKEX-SIMP,10015,10,165359,165379
1060677,HKEX-CARD,10093,50,200810,200819
1060677,HKEX-ETFB3,9740,30,156593,156605
1060678,HKEX-MDKA,11446,2,156628,156637
1060704,HKEX-ETFB,9192,8,151313,151324
1060709,HKEX-ETFB3,9740,5,156593,156606
1060727,HKEX-INA,9100,3,156020,156031
1060732,HKEX-ETFA,9272,5,145292,145302
1060739,HKEX-DLKV,8707,8,154726,154736
1060742,HKEX-ETFB3,9740,15,156593,156607
1060742,HKEX-KOTD,11329,15,160627,160638
1060746,HKEX-MDKA,11442,8,156627,156639
1060746,HKEX-INA,9100,1,156020,156033
1060747,HKEX-XFR,9200,2,141194,141203
1060748,HKEX-MDKA,11446,10,156628,156640
1060748,HKEX-FSR,9184,5,151499,151508
1060749,HKEX-INA,9104,5,156021,156035
1060749,HKEX-KOTD,11329,5,160627,160639
1060749,HKEX-MDKA,11446,5,156628,156641
1060750,HKEX-XFR,9196,5,141193,141204
