time,instrument,order_id,expired
1173129,JPX-CARD,137581,False
1173129,JPX-KTST,133036,False
1173129,JPX-HT,134707,False
1173131,JPX-ETFSH,126878,False
1173131,JPX-ETFSH,126876,False
1173131,JPX-ETFSH,126873,False
1173131,JPX-ETFSH,126872,False
1173131,JPX-ETFSH,126871,False
1173131,JPX-ETFSH,126869,False
1173131,JPX-ETFSH,126875,False
1173132,JPX-ETFSH,126870,False
1173132,JPX-ETFSH,126874,False
1173133,JPX-ETFSH,126877,False
1173134,JPX-CARD,137577,False
1173134,JPX-CARD,137575,False
1173134,JPX-CARD,137573,False
1173134,JPX-CARD,137571,False
1173134,JPX-CARD,137569,False
1173134,JPX-CARD,137576,False
1173134,JPX-CARD,137578,False
1173134,JPX-CARD,137570,False
1173134,JPX-CARD,137572,False
1173134,JPX-CARD,137574,False
1173134,JPX-GOLD,138539,False
1173134,JPX-GOLD,138537,False
1173134,JPX-GOLD,138535,False
1173134,JPX-GOLD,138533,False
1173134,JPX-GOLD,138532,False
1173134,JPX-GOLD,138530,False
1173134,JPX-GOLD,138531,False
1173134,JPX-GOLD,138538,False
1173134,JPX-GOLD,138534,False
1173134,JPX-GOLD,138536,False
1173134,JPX-HT,134700,False
1173134,JPX-HT,134699,False
1173134,JPX-HT,134698,False
1173134,JPX-HT,134697,False
1173134,JPX-HT,134696,False
1173134,JPX-HT,134695,False
1173134,JPX-HT,134694,False
1173134,JPX-HT,134703,False
1173134,JPX-HT,134701,False
1173134,JPX-HT,134702,False
1173135,JPX-JNAF,134196,False
1173135,JPX-JNAF,134195,False
1173135,JPX-JNAF,134194,False
1173135,JPX-JNAF,134193,False
1173135,JPX-JNAF,134192,False
1173135,JPX-JNAF,134191,False
1173135,JPX-JNAF,134190,False
1173135,JPX-JNAF,134189,False
1173135,JPX-JNAF,134188,False
1173135,JPX-JNAF,134187,False
1173135,JPX-KTST,133029,False
1173136,JPX-KTST,133028,False
1173136,JPX-KTST,133030,False
1173136,JPX-KTST,133032,False
1173136,JPX-KTST,133034,False
1173136,JPX-KTST,133026,False
1173136,JPX-KTST,133031,False
1173136,JPX-KTST,133025,False
1173136,JPX-KTST,133027,False
1173136,JPX-KTST,133033,False
1173136,JPX-SIMP,133666,False
1173136,JPX-SIMP,133664,False
1173136,JPX-SIMP,133668,False
1173136,JPX-SIMP,133660,False
1173136,JPX-SIMP,133662,False
1173136,JPX-SIMP,133661,False
1173136,JPX-SIMP,133663,False
1173136,JPX-SIMP,133665,False
1173136,JPX-SIMP,133667,False
1173136,JPX-SIMP,133659,False
1173137,JPX-XAG,134492,False
1173137,JPX-XAG,134490,False
1173137,JPX-XAG,134487,False
1173137,JPX-XAG,134485,False
1173137,JPX-XAG,134483,False
1173137,JPX-XAG,134484,False
1173137,JPX-XAG,134489,False
1173137,JPX-XAG,134491,False
1173137,JPX-XAG,134486,False
1173137,JPX-XAG,134488,False
1173165,JPX-JNAF,134207,False
1173231,JPX-ETFSH,126887,False
1173231,JPX-ETFSH,126882,False
1173231,JPX-ETFSH,126881,False
1173231,JPX-ETFSH,126883,False
1173231,JPX-ETFSH,126888,False
1173231,JPX-ETFSH,126880,False
1173232,JPX-ETFSH,126886,False
1173232,JPX-ETFSH,126879,False
1173233,JPX-ETFSH,126885,False
1173233,JPX-ETFSH,126884,False
1173234,JPX-CARD,137590,False
1173234,JPX-CARD,137588,False
1173234,JPX-CARD,137587,False
1173234,JPX-CARD,137586,False
1173234,JPX-CARD,137585,False
1173234,JPX-CARD,137584,False
1173234,JPX-CARD,137583,False
1173234,JPX-CARD,137589,False
1173234,JPX-CARD,137582,False
1173234,JPX-CARD,137591,False
1173234,JPX-GOLD,138551,False
1173234,JPX-GOLD,138550,False
1173234,JPX-GOLD,138549,False
1173234,JPX-GOLD,138548,False
1173234,JPX-GOLD,138547,False
1173234,JPX-GOLD,138546,False
1173234,JPX-GOLD,138545,False
1173234,JPX-GOLD,138554,False
1173234,JPX-GOLD,138552,False
1173234,JPX-GOLD,138553,False
1173234,JPX-HT,134717,False
1173234,JPX-HT,134712,False
1173234,JPX-HT,134709,False
1173234,JPX-HT,134715,False
1173234,JPX-HT,134713,False
1173234,JPX-HT,134711,False
1173234,JPX-HT,134716,False
1173234,JPX-HT,134714,False
1173234,JPX-HT,134708,False
1173234,JPX-HT,134710,False
1173234,JPX-JNAF,134205,False
1173234,JPX-JNAF,134203,False
1173234,JPX-JNAF,134201,False
1173234,JPX-JNAF,134199,False
1173234,JPX-JNAF,134197,False
1173235,JPX-JNAF,134206,False
1173235,JPX-JNAF,134198,False
1173235,JPX-JNAF,134200,False
1173235,JPX-JNAF,134202,False
1173235,JPX-JNAF,134204,False
1173235,JPX-KTST,133044,False
1173236,JPX-KTST,133041,False
1173236,JPX-KTST,133038,False
1173236,JPX-KTST,133039,False
1173236,JPX-KTST,133043,False
1173236,JPX-KTST,133046,False
1173236,JPX-KTST,133040,False
1173236,JPX-KTST,133045,False
1173236,JPX-KTST,133037,False
1173236,JPX-KTST,133042,False
1173236,JPX-SIMP,133678,False
1173236,JPX-SIMP,133677,False
1173236,JPX-SIMP,133676,False
1173236,JPX-SIMP,133675,False
1173236,JPX-SIMP,133674,False
1173236,JPX-SIMP,133673,False
1173236,JPX-SIMP,133672,False
1173236,JPX-SIMP,133670,False
1173236,JPX-SIMP,133671,False
1173236,JPX-SIMP,133669,False
1173236,JPX-XAG,134501,False
1173236,JPX-XAG,134499,False
1173236,JPX-XAG,134497,False
1173236,JPX-XAG,134503,False
1173236,JPX-XAG,134496,False
1173236,JPX-XAG,134498,False
1173236,JPX-XAG,134500,False
1173236,JPX-XAG,134502,False
1173236,JPX-XAG,134504,False
1173236,JPX-XAG,134495,False
1173236,JPX-XAG,134515,False
1173250,JPX-GOLD,138566,False
1173250,JPX-HT,134728,False
1173250,JPX-CARD,137602,False
1173250,JPX-GOLD,138567,False
1173331,JPX-ETFSH,126896,False
1173331,JPX-ETFSH,126895,False
1173331,JPX-ETFSH,126894,False
1173332,JPX-ETFSH,126891,False
1173332,JPX-ETFSH,126893,False
1173333,JPX-ETFSH,126892,False
1173333,JPX-ETFSH,126898,False
1173333,JPX-ETFSH,126889,False
1173333,JPX-ETFSH,126897,False
1173334,JPX-ETFSH,126890,False
1173335,JPX-CARD,137601,False
1173335,JPX-CARD,137599,False
1173335,JPX-CARD,137595,False
1173335,JPX-CARD,137592,False
1173335,JPX-CARD,137597,False
1173335,JPX-CARD,137594,False
1173335,JPX-CARD,137598,False
1173335,JPX-CARD,137596,False
1173335,JPX-CARD,137600,False
1173335,JPX-CARD,137593,False
1173335,JPX-GOLD,138557,False
1173335,JPX-GOLD,138556,False
1173335,JPX-GOLD,138564,False
1173335,JPX-GOLD,138562,False
1173335,JPX-GOLD,138558,False
1173335,JPX-GOLD,138560,False
1173335,JPX-GOLD,138559,False
1173335,JPX-GOLD,138561,False
1173335,JPX-GOLD,138563,False
1173335,JPX-GOLD,138565,False
1173335,JPX-HT,134726,False
1173335,JPX-HT,134723,False
1173335,JPX-HT,134721,False
1173335,JPX-HT,134719,False
1173335,JPX-HT,134720,False
1173335,JPX-HT,134718,False
1173335,JPX-HT,134722,False
1173335,JPX-HT,134724,False
1173335,JPX-HT,134727,False
1173335,JPX-HT,134725,False
1173336,JPX-JNAF,134217,False
1173336,JPX-JNAF,134215,False
1173336,JPX-JNAF,134213,False
1173336,JPX-JNAF,134212,False
1173336,JPX-JNAF,134211,False
1173336,JPX-JNAF,134210,False
1173336,JPX-JNAF,134208,False
1173336,JPX-JNAF,134209,False
1173336,JPX-JNAF,134216,False
1173336,JPX-JNAF,134214,False
1173337,JPX-KTST,133057,False
1173337,JPX-KTST,133055,False
1173337,JPX-KTST,133053,False
1173337,JPX-KTST,133052,False
1173337,JPX-KTST,133051,False
1173337,JPX-KTST,133050,False
1173337,JPX-KTST,133049,False
1173337,JPX-KTST,133054,False
1173337,JPX-KTST,133058,False
1173337,JPX-KTST,133056,False
1173337,JPX-SIMP,133688,False
1173337,JPX-SIMP,133687,False
1173337,JPX-SIMP,133686,False
1173337,JPX-SIMP,133685,False
1173337,JPX-SIMP,133684,False
1173337,JPX-SIMP,133683,False
1173337,JPX-SIMP,133681,False
1173337,JPX-SIMP,133680,False
1173337,JPX-SIMP,133679,False
1173338,JPX-SIMP,133682,False
1173338,JPX-XAG,134513,False
1173338,JPX-XAG,134511,False
1173338,JPX-XAG,134509,False
1173338,JPX-XAG,134510,False
1173338,JPX-XAG,134508,False
1173338,JPX-XAG,134506,False
1173338,JPX-XAG,134512,False
1173338,JPX-XAG,134514,False
1173338,JPX-XAG,134505,False
1173338,JPX-XAG,134507,False
1173346,JPX-GOLD,138578,False
1173346,JPX-HT,134740,False
1173346,JPX-CARD,137613,False
1173346,JPX-GOLD,138579,False
1173379,JPX-XAG,134528,False
1173428,JPX-JNAF,134230,False
1173431,JPX-ETFSH,126909,False
1173431,JPX-ETFSH,126908,False
1173431,JPX-ETFSH,126907,False
1173431,JPX-ETFSH,126905,False
1173431,JPX-ETFSH,126903,False
1173431,JPX-ETFSH,126902,False
1173432,JPX-ETFSH,126904,False
1173432,JPX-ETFSH,126901,False
1173433,JPX-ETFSH,126906,False
1173434,JPX-CARD,137610,False
1173434,JPX-CARD,137609,False
1173434,JPX-CARD,137608,False
1173434,JPX-CARD,137606,False
1173434,JPX-CARD,137605,False
1173434,JPX-CARD,137604,False
1173434,JPX-CARD,137611,False
1173434,JPX-CARD,137603,False
1173434,JPX-CARD,137612,False
1173434,JPX-CARD,137607,False
1173434,JPX-GOLD,138577,False
1173434,JPX-GOLD,138576,False
1173434,JPX-GOLD,138574,False
1173434,JPX-GOLD,138568,False
1173434,JPX-GOLD,138572,False
1173434,JPX-GOLD,138575,False
1173434,JPX-GOLD,138569,False
1173434,JPX-GOLD,138573,False
1173434,JPX-GOLD,138571,False
1173434,JPX-GOLD,138570,False
1173434,JPX-HT,134738,False
1173434,JPX-HT,134736,False
1173434,JPX-HT,134733,False
1173434,JPX-HT,134731,False
1173434,JPX-HT,134730,False
1173434,JPX-HT,134739,False
1173434,JPX-HT,134737,False
1173434,JPX-HT,134735,False
1173434,JPX-HT,134734,False
1173434,JPX-HT,134732,False
1173434,JPX-JNAF,134228,False
1173434,JPX-JNAF,134226,False
1173434,JPX-JNAF,134224,False
1173434,JPX-JNAF,134222,False
1173434,JPX-JNAF,134221,False
1173434,JPX-JNAF,134220,False
1173434,JPX-JNAF,134219,False
1173435,JPX-JNAF,134225,False
1173435,JPX-JNAF,134227,False
1173435,JPX-JNAF,134223,False
1173435,JPX-KTST,133060,False
1173435,JPX-KTST,133066,False
1173435,JPX-KTST,133061,False
1173436,JPX-KTST,133068,False
1173436,JPX-KTST,133062,False
1173436,JPX-KTST,133064,False
1173436,JPX-KTST,133063,False
1173436,JPX-KTST,133065,False
1173436,JPX-KTST,133067,False
1173436,JPX-KTST,133069,False
1173436,JPX-SIMP,133698,False
1173436,JPX-SIMP,133697,False
1173436,JPX-SIMP,133695,False
1173436,JPX-SIMP,133694,False
1173436,JPX-SIMP,133692,False
1173436,JPX-SIMP,133690,False
1173436,JPX-SIMP,133696,False
1173436,JPX-SIMP,133693,False
1173436,JPX-SIMP,133691,False
1173436,JPX-SIMP,133689,False
1173436,JPX-XAG,134525,False
1173436,JPX-XAG,134523,False
1173436,JPX-XAG,134521,False
1173436,JPX-XAG,134519,False
1173436,JPX-XAG,134517,False
1173436,JPX-XAG,134520,False
1173436,JPX-XAG,134518,False
1173436,JPX-XAG,134516,False
1173436,JPX-XAG,134522,False
1173436,JPX-XAG,134524,False
1173445,JPX-XAG,134540,False
1173445,JPX-GOLD,138591,False
1173445,JPX-HT,134752,False
1173445,JPX-CARD,137624,False
1173445,JPX-KTST,133081,False
1173462,JPX-GOLD,138592,False
1173519,JPX-JNAF,134241,False
1173531,JPX-ETFSH,126920,False
1173531,JPX-ETFSH,126919,False
1173531,JPX-ETFSH,126918,False
1173531,JPX-ETFSH,126917,False
1173531,JPX-ETFSH,126916,False
1173531,JPX-ETFSH,126915,False
1173531,JPX-ETFSH,126914,False
1173531,JPX-ETFSH,126912,False
1173531,JPX-ETFSH,126911,False
1173532,JPX-ETFSH,126913,False
1173533,JPX-CARD,137621,False
1173533,JPX-CARD,137620,False
1173533,JPX-CARD,137619,False
1173533,JPX-CARD,137618,False
1173533,JPX-CARD,137617,False
1173533,JPX-CARD,137616,False
1173533,JPX-CARD,137614,False
1173533,JPX-CARD,137615,False
1173533,JPX-CARD,137623,False
1173533,JPX-CARD,137622,False
1173534,JPX-GOLD,138587,False
1173534,JPX-GOLD,138585,False
1173534,JPX-GOLD,138583,False
1173534,JPX-GOLD,138581,False
1173534,JPX-GOLD,138589,False
1173534,JPX-GOLD,138588,False
1173534,JPX-GOLD,138586,False
1173534,JPX-GOLD,138582,False
1173534,JPX-GOLD,138584,False
1173534,JPX-GOLD,138590,False
1173534,JPX-HT,134750,False
1173534,JPX-HT,134749,False
1173534,JPX-HT,134746,False
1173534,JPX-HT,134743,False
1173534,JPX-HT,134745,False
1173534,JPX-HT,134751,False
1173534,JPX-HT,134747,False
1173534,JPX-HT,134744,False
1173534,JPX-HT,134742,False
1173534,JPX-HT,134748,False
1173534,JPX-JNAF,134240,False
1173534,JPX-JNAF,134239,False
1173534,JPX-JNAF,134238,False
1173534,JPX-JNAF,134237,False
1173534,JPX-JNAF,134236,False
1173534,JPX-JNAF,134235,False
1173534,JPX-JNAF,134234,False
1173534,JPX-JNAF,134232,False
1173535,JPX-JNAF,134233,False
1173535,JPX-JNAF,134231,False
1173535,JPX-KTST,133075,False
1173535,JPX-KTST,133077,False
1173535,JPX-KTST,133078,False
1173535,JPX-KTST,133080,False
1173535,JPX-KTST,133074,False
1173535,JPX-KTST,133076,False
1173535,JPX-KTST,133072,False
1173535,JPX-KTST,133071,False
1173536,JPX-KTST,133073,False
1173536,JPX-KTST,133079,False
1173536,JPX-SIMP,133708,False
1173536,JPX-SIMP,133707,False
1173536,JPX-SIMP,133706,False
1173536,JPX-SIMP,133705,False
1173536,JPX-SIMP,133704,False
1173536,JPX-SIMP,133703,False
1173536,JPX-SIMP,133702,False
1173536,JPX-SIMP,133701,False
1173536,JPX-SIMP,133700,False
1173536,JPX-SIMP,133699,False
1173536,JPX-XAG,134539,False
1173536,JPX-XAG,134537,False
1173536,JPX-XAG,134535,False
1173536,JPX-XAG,134534,False
1173536,JPX-XAG,134532,False
1173536,JPX-XAG,134530,False
1173536,JPX-XAG,134533,False
1173536,JPX-XAG,134531,False
1173536,JPX-XAG,134536,False
1173536,JPX-XAG,134538,False
1173536,JPX-XAG,134551,False
1173536,JPX-HT,134764,False
1173536,JPX-CARD,137636,False
1173536,JPX-GOLD,138603,False
1173602,JPX-JNAF,134252,False
1173631,JPX-ETFSH,126929,False
1173631,JPX-ETFSH,126925,False
1173631,JPX-ETFSH,126923,False
1173631,JPX-ETFSH,126922,False
1173631,JPX-ETFSH,126921,False
1173632,JPX-ETFSH,126930,False
1173632,JPX-ETFSH,126926,False
1173633,JPX-ETFSH,126927,False
1173633,JPX-ETFSH,126928,False
1173633,JPX-ETFSH,126924,False
1173633,JPX-CARD,137635,False
1173633,JPX-CARD,137633,False
1173634,JPX-CARD,137632,False
1173634,JPX-CARD,137631,False
1173634,JPX-CARD,137630,False
1173634,JPX-CARD,137629,False
1173634,JPX-CARD,137628,False
1173634,JPX-CARD,137627,False
1173634,JPX-CARD,137634,False
1173634,JPX-CARD,137626,False
1173634,JPX-GOLD,138600,False
1173634,JPX-GOLD,138599,False
1173634,JPX-GOLD,138598,False
1173634,JPX-GOLD,138597,False
1173634,JPX-GOLD,138595,False
1173634,JPX-GOLD,138593,False
1173634,JPX-GOLD,138596,False
1173634,JPX-GOLD,138594,False
1173634,JPX-GOLD,138601,False
1173634,JPX-GOLD,138602,False
1173634,JPX-HT,134761,False
1173634,JPX-HT,134760,False
1173634,JPX-HT,134759,False
1173634,JPX-HT,134758,False
1173634,JPX-HT,134757,False
1173634,JPX-HT,134756,False
1173634,JPX-HT,134754,False
1173634,JPX-HT,134762,False
1173634,JPX-HT,134755,False
1173634,JPX-HT,134763,False
1173634,JPX-JNAF,134251,False
1173634,JPX-JNAF,134249,False
1173634,JPX-JNAF,134247,False
1173634,JPX-JNAF,134246,False
1173634,JPX-JNAF,134244,False
1173634,JPX-JNAF,134243,False
1173634,JPX-JNAF,134242,False
1173634,JPX-JNAF,134245,False
1173635,JPX-JNAF,134248,False
1173635,JPX-JNAF,134250,False
1173635,JPX-KTST,133091,False
1173635,JPX-KTST,133088,False
1173635,JPX-KTST,133085,False
1173635,JPX-KTST,133087,False
1173635,JPX-KTST,133090,False
1173635,JPX-KTST,133082,False
1173635,JPX-KTST,133084,False
1173635,JPX-KTST,133086,False
1173636,JPX-KTST,133083,False
1173636,JPX-KTST,133089,False
1173636,JPX-SIMP,133718,False
1173636,JPX-SIMP,133717,False
1173636,JPX-SIMP,133716,False
1173636,JPX-SIMP,133715,False
1173636,JPX-SIMP,133714,False
1173636,JPX-SIMP,133712,False
1173636,JPX-SIMP,133710,False
1173636,JPX-SIMP,133709,False
1173636,JPX-SIMP,133711,False
1173636,JPX-SIMP,133713,False
1173636,JPX-XAG,134550,False
1173636,JPX-XAG,134549,False
1173636,JPX-XAG,134547,False
1173636,JPX-XAG,134545,False
1173636,JPX-XAG,134543,False
1173636,JPX-XAG,134541,False
1173636,JPX-XAG,134544,False
1173636,JPX-XAG,134542,False
1173636,JPX-XAG,134546,False
1173636,JPX-XAG,134548,False
1173637,JPX-XAG,134562,False
1173637,JPX-CARD,137647,False
1173637,JPX-KTST,133103,False
1173637,JPX-HT,134777,False
1173731,JPX-ETFSH,126937,False
1173731,JPX-ETFSH,126936,False
1173731,JPX-ETFSH,126934,False
1173731,JPX-ETFSH,126931,False
1173731,JPX-ETFSH,126935,False
1173731,JPX-ETFSH,126933,False
1173732,JPX-ETFSH,126940,False
1173732,JPX-ETFSH,126939,False
1173732,JPX-ETFSH,126938,False
1173733,JPX-ETFSH,126932,False
1173733,JPX-CARD,137646,False
1173733,JPX-CARD,137643,False
1173733,JPX-CARD,137641,False
1173733,JPX-CARD,137639,False
1173733,JPX-CARD,137637,False
1173733,JPX-CARD,137645,False
1173733,JPX-CARD,137644,False
1173733,JPX-CARD,137642,False
1173733,JPX-CARD,137638,False
1173733,JPX-CARD,137640,False
1173734,JPX-GOLD,138610,False
1173734,JPX-GOLD,138609,False
1173734,JPX-GOLD,138608,False
1173734,JPX-GOLD,138605,False
1173734,JPX-GOLD,138607,False
1173734,JPX-GOLD,138613,False
1173734,JPX-GOLD,138606,False
1173734,JPX-GOLD,138612,False
1173734,JPX-GOLD,138604,False
1173734,JPX-GOLD,138611,False
1173734,JPX-HT,134775,False
1173734,JPX-HT,134774,False
1173734,JPX-HT,134773,False
1173734,JPX-HT,134772,False
1173734,JPX-HT,134771,False
1173734,JPX-HT,134769,False
1173734,JPX-HT,134767,False
1173734,JPX-HT,134770,False
1173734,JPX-HT,134768,False
1173734,JPX-HT,134766,False
1173734,JPX-JNAF,134262,False
1173734,JPX-JNAF,134260,False
1173734,JPX-JNAF,134258,False
1173734,JPX-JNAF,134253,False
1173734,JPX-JNAF,134255,False
1173734,JPX-JNAF,134257,False
1173734,JPX-JNAF,134256,False
1173735,JPX-JNAF,134254,False
1173735,JPX-JNAF,134259,False
1173735,JPX-JNAF,134261,False
1173735,JPX-KTST,133101,False
1173735,JPX-KTST,133099,False
1173735,JPX-KTST,133096,False
1173735,JPX-KTST,133095,False
1173735,JPX-KTST,133094,False
1173735,JPX-KTST,133097,False
1173735,JPX-KTST,133093,False
1173735,JPX-KTST,133098,False
1173735,JPX-KTST,133102,False
1173735,JPX-KTST,133100,False
1173736,JPX-SIMP,133728,False
1173736,JPX-SIMP,133727,False
1173736,JPX-SIMP,133726,False
1173736,JPX-SIMP,133725,False
1173736,JPX-SIMP,133724,False
1173736,JPX-SIMP,133723,False
1173736,JPX-SIMP,133722,False
1173736,JPX-SIMP,133721,False
1173736,JPX-SIMP,133720,False
1173736,JPX-SIMP,133719,False
1173736,JPX-XAG,134561,False
1173736,JPX-XAG,134558,False
1173736,JPX-XAG,134556,False
1173736,JPX-XAG,134555,False
1173736,JPX-XAG,134554,False
1173736,JPX-XAG,134553,False
1173736,JPX-XAG,134552,False
1173736,JPX-XAG,134560,False
1173736,JPX-XAG,134559,False
1173736,JPX-XAG,134557,False
1173753,JPX-XAG,134573,False
1173753,JPX-CARD,137661,False
1173754,JPX-HT,134789,False
1173754,JPX-GOLD,138626,False
1173831,JPX-ETFSH,126949,False
1173831,JPX-ETFSH,126945,False
1173831,JPX-ETFSH,126944,False
1173831,JPX-ETFSH,126941,False
1173831,JPX-ETFSH,126947,False
1173832,JPX-ETFSH,126943,False
1173832,JPX-ETFSH,126948,False
1173832,JPX-ETFSH,126950,False
1173833,JPX-ETFSH,126942,False
1173833,JPX-ETFSH,126946,False
1173834,JPX-CARD,137658,False
1173834,JPX-CARD,137655,False
1173834,JPX-CARD,137652,False
1173834,JPX-CARD,137659,False
1173834,JPX-CARD,137657,False
1173834,JPX-CARD,137656,False
1173834,JPX-CARD,137654,False
1173834,JPX-CARD,137651,False
1173834,JPX-CARD,137653,False
1173834,JPX-CARD,137660,False
1173834,JPX-GOLD,138625,False
1173834,JPX-GOLD,138622,False
1173834,JPX-GOLD,138620,False
1173834,JPX-GOLD,138618,False
1173834,JPX-GOLD,138616,False
1173834,JPX-GOLD,138623,False
1173834,JPX-GOLD,138624,False
1173834,JPX-GOLD,138617,False
1173834,JPX-GOLD,138619,False
1173834,JPX-GOLD,138621,False
1173834,JPX-HT,134786,False
1173834,JPX-HT,134784,False
1173834,JPX-HT,134782,False
1173834,JPX-HT,134781,False
1173834,JPX-HT,134780,False
1173834,JPX-HT,134779,False
1173834,JPX-HT,134783,False
1173834,JPX-HT,134778,False
1173834,JPX-HT,134787,False
1173834,JPX-HT,134785,False
1173834,JPX-JNAF,134275,False
1173834,JPX-JNAF,134274,False
1173834,JPX-JNAF,134273,False
1173834,JPX-JNAF,134271,False
1173834,JPX-JNAF,134270,False
1173834,JPX-JNAF,134269,False
1173834,JPX-JNAF,134268,False
1173834,JPX-JNAF,134266,False
1173835,JPX-JNAF,134272,False
1173835,JPX-JNAF,134267,False
1173835,JPX-KTST,133111,False
1173835,JPX-KTST,133108,False
1173835,JPX-KTST,133106,False
1173835,JPX-KTST,133104,False
1173836,JPX-KTST,133105,False
1173836,JPX-KTST,133107,False
1173836,JPX-KTST,133109,False
1173836,JPX-KTST,133113,False
1173836,JPX-KTST,133112,False
1173836,JPX-KTST,133110,False
1173836,JPX-SIMP,133738,False
1173836,JPX-SIMP,133737,False
1173836,JPX-SIMP,133736,False
1173836,JPX-SIMP,133734,False
1173836,JPX-SIMP,133732,False
1173836,JPX-SIMP,133730,False
1173836,JPX-SIMP,133731,False
1173836,JPX-SIMP,133729,False
1173836,JPX-SIMP,133733,False
1173836,JPX-SIMP,133735,False
1173836,JPX-XAG,134571,False
1173836,JPX-XAG,134565,False
1173836,JPX-XAG,134563,False
1173836,JPX-XAG,134572,False
1173836,JPX-XAG,134570,False
1173836,JPX-XAG,134568,False
1173836,JPX-XAG,134566,False
1173836,JPX-XAG,134564,False
1173836,JPX-XAG,134567,False
1173836,JPX-XAG,134569,False
1173836,JPX-GOLD,138637,False
1173836,JPX-CARD,137673,False
1173836,JPX-HT,134802,False
1173836,JPX-GOLD,138638,False
1173897,JPX-ETFSH,126961,False
1173897,JPX-XAG,134585,False
1173913,JPX-JNAF,134287,False
1173931,JPX-ETFSH,126958,False
1173931,JPX-ETFSH,126956,False
1173931,JPX-ETFSH,126955,False
1173931,JPX-ETFSH,126951,False
1173932,JPX-ETFSH,126952,False
1173933,JPX-ETFSH,126959,False
1173933,JPX-ETFSH,126960,False
1173933,JPX-ETFSH,126954,False
1173933,JPX-ETFSH,126953,False
1173934,JPX-ETFSH,126957,False
1173935,JPX-CARD,137671,False
1173935,JPX-CARD,137669,False
1173935,JPX-CARD,137667,False
1173935,JPX-CARD,137666,False
1173935,JPX-CARD,137664,False
1173935,JPX-CARD,137670,False
1173935,JPX-CARD,137668,False
1173935,JPX-CARD,137672,False
1173935,JPX-CARD,137665,False
1173935,JPX-CARD,137663,False
1173935,JPX-GOLD,138635,False
1173935,JPX-GOLD,138632,False
1173935,JPX-GOLD,138630,False
1173935,JPX-GOLD,138629,False
1173935,JPX-GOLD,138627,False
1173935,JPX-GOLD,138628,False
1173935,JPX-GOLD,138633,False
1173935,JPX-GOLD,138631,False
1173935,JPX-GOLD,138634,False
1173935,JPX-GOLD,138636,False
1173936,JPX-HT,134800,False
1173936,JPX-HT,134798,False
1173936,JPX-HT,134795,False
1173936,JPX-HT,134793,False
1173936,JPX-HT,134792,False
1173936,JPX-HT,134797,False
1173936,JPX-HT,134791,False
1173936,JPX-HT,134799,False
1173936,JPX-HT,134794,False
1173936,JPX-HT,134796,False
1173936,JPX-JNAF,134286,False
1173936,JPX-JNAF,134284,False
1173936,JPX-JNAF,134282,False
1173936,JPX-JNAF,134280,False
1173936,JPX-JNAF,134278,False
1173936,JPX-JNAF,134283,False
1173936,JPX-JNAF,134279,False
1173936,JPX-JNAF,134277,False
1173937,JPX-JNAF,134281,False
1173937,JPX-JNAF,134285,False
1173937,JPX-KTST,133123,False
1173937,JPX-KTST,133121,False
1173937,JPX-KTST,133119,False
1173937,JPX-KTST,133117,False
1173938,JPX-KTST,133122,False
1173938,JPX-KTST,133116,False
1173938,JPX-KTST,133120,False
1173938,JPX-KTST,133124,False
1173938,JPX-KTST,133115,False
1173938,JPX-KTST,133118,False
1173938,JPX-SIMP,133750,False
1173938,JPX-SIMP,133748,False
1173938,JPX-SIMP,133747,False
1173938,JPX-SIMP,133745,False
1173938,JPX-SIMP,133744,False
1173938,JPX-SIMP,133742,False
1173938,JPX-SIMP,133746,False
1173938,JPX-SIMP,133749,False
1173938,JPX-SIMP,133743,False
1173938,JPX-SIMP,133741,False
1173938,JPX-XAG,134583,False
1173938,JPX-XAG,134581,False
1173938,JPX-XAG,134579,False
1173938,JPX-XAG,134577,False
1173938,JPX-XAG,134575,False
1173938,JPX-XAG,134574,False
1173938,JPX-XAG,134582,False
1173938,JPX-XAG,134580,False
1173938,JPX-XAG,134576,False
1173938,JPX-XAG,134578,False
1173946,JPX-HT,134813,False
1173946,JPX-CARD,137686,False
1173946,JPX-KTST,133136,False
1174026,JPX-JNAF,134299,False
1174031,JPX-ETFSH,126971,False
1174031,JPX-ETFSH,126968,False
1174031,JPX-ETFSH,126966,False
1174031,JPX-ETFSH,126965,False
1174031,JPX-ETFSH,126962,False
1174031,JPX-ETFSH,126970,False
1174031,JPX-ETFSH,126969,False
1174032,JPX-ETFSH,126967,False
1174032,JPX-ETFSH,126963,False
1174033,JPX-ETFSH,126964,False
1174034,JPX-CARD,137684,False
1174034,JPX-CARD,137683,False
1174034,JPX-CARD,137681,False
1174034,JPX-CARD,137679,False
1174034,JPX-CARD,137676,False
1174034,JPX-CARD,137680,False
1174034,JPX-CARD,137682,False
1174034,JPX-CARD,137675,False
1174034,JPX-CARD,137677,False
1174034,JPX-CARD,137678,False
1174034,JPX-GOLD,138648,False
1174034,JPX-GOLD,138646,False
1174034,JPX-GOLD,138643,False
1174034,JPX-GOLD,138644,False
1174034,JPX-GOLD,138641,False
1174034,JPX-GOLD,138642,False
1174034,JPX-GOLD,138645,False
1174034,JPX-GOLD,138647,False
1174034,JPX-GOLD,138649,False
1174034,JPX-GOLD,138640,False
1174034,JPX-HT,134812,False
1174034,JPX-HT,134810,False
1174034,JPX-HT,134808,False
1174034,JPX-HT,134806,False
1174034,JPX-HT,134804,False
1174034,JPX-HT,134807,False
1174034,JPX-HT,134805,False
1174034,JPX-HT,134803,False
1174034,JPX-HT,134809,False
1174034,JPX-HT,134811,False
1174035,JPX-JNAF,134298,False
1174035,JPX-JNAF,134296,False
1174035,JPX-JNAF,134294,False
1174035,JPX-JNAF,134293,False
1174035,JPX-JNAF,134292,False
1174035,JPX-JNAF,134289,False
1174035,JPX-JNAF,134297,False
1174035,JPX-JNAF,134295,False
1174035,JPX-JNAF,134290,False
1174035,JPX-JNAF,134291,False
1174035,JPX-KTST,133135,False
1174035,JPX-KTST,133134,False
1174035,JPX-KTST,133132,False
1174035,JPX-KTST,133129,False
1174035,JPX-KTST,133127,False
1174036,JPX-KTST,133130,False
1174036,JPX-KTST,133128,False
1174036,JPX-KTST,133126,False
1174036,JPX-KTST,133131,False
1174036,JPX-KTST,133133,False
1174036,JPX-SIMP,133760,False
1174036,JPX-SIMP,133759,False
1174036,JPX-SIMP,133758,False
1174036,JPX-SIMP,133757,False
1174036,JPX-SIMP,133756,False
1174036,JPX-SIMP,133754,False
1174036,JPX-SIMP,133752,False
1174036,JPX-SIMP,133755,False
1174036,JPX-SIMP,133753,False
1174036,JPX-SIMP,133751,False
1174036,JPX-XAG,134595,False
1174036,JPX-XAG,134593,False
1174036,JPX-XAG,134591,False
1174036,JPX-XAG,134589,False
1174036,JPX-XAG,134587,False
1174036,JPX-XAG,134594,False
1174036,JPX-XAG,134590,False
1174036,JPX-XAG,134588,False
1174036,JPX-XAG,134586,False
1174036,JPX-XAG,134592,False
1174059,JPX-GOLD,138661,False
1174059,JPX-HT,134826,False
1174060,JPX-CARD,137697,False
1174060,JPX-KTST,133147,False
1174060,JPX-GOLD,138662,False
1174131,JPX-ETFSH,126982,False
1174131,JPX-ETFSH,126977,False
1174131,JPX-ETFSH,126976,False
1174131,JPX-ETFSH,126974,False
1174131,JPX-ETFSH,126973,False
1174131,JPX-ETFSH,126978,False
1174132,JPX-ETFSH,126981,False
1174132,JPX-ETFSH,126979,False
1174133,JPX-ETFSH,126980,False
1174133,JPX-ETFSH,126975,False
1174134,JPX-CARD,137695,False
1174134,JPX-CARD,137693,False
1174134,JPX-CARD,137691,False
1174134,JPX-CARD,137689,False
1174134,JPX-CARD,137690,False
1174134,JPX-CARD,137692,False
1174134,JPX-CARD,137696,False
1174134,JPX-CARD,137694,False
1174134,JPX-CARD,137688,False
1174134,JPX-CARD,137687,False
1174134,JPX-GOLD,138659,False
1174134,JPX-GOLD,138657,False
1174134,JPX-GOLD,138655,False
1174134,JPX-GOLD,138653,False
1174134,JPX-GOLD,138651,False
1174134,JPX-GOLD,138656,False
1174134,JPX-GOLD,138654,False
1174134,JPX-GOLD,138658,False
1174134,JPX-GOLD,138660,False
1174134,JPX-GOLD,138652,False
1174134,JPX-HT,134824,False
1174134,JPX-HT,134822,False
1174134,JPX-HT,134820,False
1174134,JPX-HT,134816,False
1174134,JPX-HT,134817,False
1174134,JPX-HT,134823,False
1174134,JPX-HT,134825,False
1174134,JPX-HT,134821,False
1174134,JPX-HT,134819,False
1174134,JPX-HT,134818,False
1174134,JPX-JNAF,134309,False
1174134,JPX-JNAF,134308,False
1174134,JPX-JNAF,134307,False
1174134,JPX-JNAF,134305,False
1174134,JPX-JNAF,134303,False
1174134,JPX-JNAF,134301,False
1174134,JPX-JNAF,134300,False
1174135,JPX-JNAF,134302,False
1174135,JPX-JNAF,134306,False
1174135,JPX-JNAF,134304,False
1174135,JPX-KTST,133141,False
1174135,JPX-KTST,133137,False
1174135,JPX-KTST,133143,False
1174135,JPX-KTST,133146,False
1174135,JPX-KTST,133144,False
1174135,JPX-KTST,133142,False
1174135,JPX-KTST,133139,False
1174136,JPX-KTST,133138,False
1174136,JPX-KTST,133140,False
1174136,JPX-KTST,133145,False
1174136,JPX-SIMP,133770,False
1174136,JPX-SIMP,133769,False
1174136,JPX-SIMP,133768,False
1174136,JPX-SIMP,133767,False
1174136,JPX-SIMP,133766,False
1174136,JPX-SIMP,133765,False
1174136,JPX-SIMP,133764,False
1174136,JPX-SIMP,133763,False
1174136,JPX-SIMP,133762,False
1174136,JPX-SIMP,133761,False
1174136,JPX-XAG,134605,False
1174136,JPX-XAG,134603,False
1174136,JPX-XAG,134601,False
1174136,JPX-XAG,134600,False
1174136,JPX-XAG,134599,False
1174136,JPX-XAG,134597,False
1174136,JPX-XAG,134606,False
1174136,JPX-XAG,134604,False
1174136,JPX-XAG,134598,False
1174136,JPX-XAG,134602,False
1174139,JPX-CARD,137709,False
1174139,JPX-KTST,133158,False
1174139,JPX-HT,134839,False
1174220,JPX-ETFSH,126994,False
1174231,JPX-ETFSH,126985,False
1174231,JPX-ETFSH,126984,False
1174232,JPX-ETFSH,126983,False
1174232,JPX-ETFSH,126991,False
1174232,JPX-ETFSH,126989,False
1174232,JPX-ETFSH,126986,False
1174232,JPX-ETFSH,126988,False
1174232,JPX-ETFSH,126987,False
1174232,JPX-ETFSH,126990,False
1174233,JPX-ETFSH,126992,False
1174234,JPX-CARD,137707,False
1174234,JPX-CARD,137705,False
1174234,JPX-CARD,137703,False
1174234,JPX-CARD,137701,False
1174234,JPX-CARD,137704,False
1174234,JPX-CARD,137702,False
1174234,JPX-CARD,137699,False
1174234,JPX-CARD,137708,False
1174234,JPX-CARD,137700,False
1174234,JPX-CARD,137706,False
1174234,JPX-GOLD,138670,False
1174234,JPX-GOLD,138668,False
1174234,JPX-GOLD,138672,False
1174234,JPX-GOLD,138671,False
1174234,JPX-GOLD,138665,False
1174234,JPX-GOLD,138663,False
1174234,JPX-GOLD,138666,False
1174234,JPX-GOLD,138669,False
1174234,JPX-GOLD,138667,False
1174234,JPX-GOLD,138664,False
1174234,JPX-HT,134836,False
1174234,JPX-HT,134834,False
1174234,JPX-HT,134833,False
1174234,JPX-HT,134832,False
1174234,JPX-HT,134831,False
1174234,JPX-HT,134830,False
1174234,JPX-HT,134829,False
1174234,JPX-HT,134835,False
1174234,JPX-HT,134837,False
1174234,JPX-HT,134828,False
1174235,JPX-JNAF,134319,False
1174235,JPX-JNAF,134317,False
1174235,JPX-JNAF,134313,False
1174235,JPX-JNAF,134312,False
1174235,JPX-JNAF,134310,False
1174235,JPX-JNAF,134314,False
1174235,JPX-JNAF,134316,False
1174235,JPX-JNAF,134318,False
1174235,JPX-JNAF,134315,False
1174235,JPX-KTST,133153,False
1174235,JPX-KTST,133151,False
1174235,JPX-KTST,133149,False
1174236,JPX-KTST,133156,False
1174236,JPX-KTST,133154,False
1174236,JPX-KTST,133150,False
1174236,JPX-KTST,133148,False
1174236,JPX-KTST,133152,False
1174236,JPX-KTST,133157,False
1174236,JPX-KTST,133155,False
1174236,JPX-SIMP,133780,False
1174236,JPX-SIMP,133778,False
1174236,JPX-SIMP,133776,False
1174236,JPX-SIMP,133775,False
1174236,JPX-SIMP,133774,False
1174236,JPX-SIMP,133773,False
1174236,JPX-SIMP,133772,False
1174236,JPX-SIMP,133771,False
1174236,JPX-SIMP,133779,False
1174236,JPX-SIMP,133777,False
1174236,JPX-XAG,134617,False
1174236,JPX-XAG,134615,False
1174236,JPX-XAG,134613,False
1174236,JPX-XAG,134608,False
1174237,JPX-XAG,134616,False
1174237,JPX-XAG,134611,False
1174237,JPX-XAG,134609,False
1174237,JPX-XAG,134614,False
1174237,JPX-XAG,134612,False
1174237,JPX-XAG,134610,False
1174237,JPX-JNAF,134334,False
1174237,JPX-GOLD,138685,False
1174237,JPX-CARD,137721,False
1174237,JPX-KTST,133169,False
1174237,JPX-HT,134851,False
1174237,JPX-JNAF,134335,False
1174237,JPX-XAG,134630,False
1174331,JPX-ETFSH,127004,False
1174331,JPX-ETFSH,127003,False
1174331,JPX-ETFSH,126996,False
1174331,JPX-ETFSH,126995,False
1174331,JPX-ETFSH,127002,False
1174331,JPX-ETFSH,126997,False
1174331,JPX-ETFSH,127000,False
1174332,JPX-ETFSH,127001,False
1174332,JPX-ETFSH,126998,False
1174332,JPX-ETFSH,126999,False
1174333,JPX-CARD,137720,False
1174333,JPX-CARD,137718,False
1174333,JPX-CARD,137716,False
1174333,JPX-CARD,137714,False
1174333,JPX-CARD,137712,False
1174333,JPX-CARD,137715,False
1174333,JPX-CARD,137717,False
1174333,JPX-CARD,137711,False
1174333,JPX-CARD,137719,False
1174333,JPX-CARD,137713,False
1174333,JPX-GOLD,138684,False
1174333,JPX-GOLD,138682,False
1174333,JPX-GOLD,138680,False
1174333,JPX-GOLD,138678,False
1174333,JPX-GOLD,138676,False
1174333,JPX-GOLD,138679,False
1174333,JPX-GOLD,138675,False
1174333,JPX-GOLD,138677,False
1174333,JPX-GOLD,138683,False
1174333,JPX-GOLD,138681,False
1174333,JPX-HT,134849,False
1174333,JPX-HT,134847,False
1174333,JPX-HT,134845,False
1174333,JPX-HT,134844,False
1174333,JPX-HT,134843,False
1174333,JPX-HT,134842,False
1174333,JPX-HT,134841,False
1174333,JPX-HT,134840,False
1174333,JPX-HT,134846,False
1174333,JPX-HT,134848,False
1174334,JPX-JNAF,134332,False
1174334,JPX-JNAF,134331,False
1174334,JPX-JNAF,134329,False
1174334,JPX-JNAF,134326,False
1174334,JPX-JNAF,134323,False
1174335,JPX-JNAF,134327,False
1174335,JPX-JNAF,134330,False
1174335,JPX-JNAF,134324,False
1174335,JPX-JNAF,134325,False
1174335,JPX-JNAF,134328,False
1174336,JPX-KTST,133168,False
1174336,JPX-KTST,133165,False
1174336,JPX-KTST,133159,False
1174336,JPX-KTST,133166,False
1174336,JPX-KTST,133167,False
1174336,JPX-KTST,133160,False
1174336,JPX-KTST,133162,False
1174336,JPX-KTST,133164,False
1174336,JPX-KTST,133161,False
1174336,JPX-KTST,133163,False
1174337,JPX-SIMP,133790,False
1174337,JPX-SIMP,133789,False
1174337,JPX-SIMP,133788,False
1174337,JPX-SIMP,133787,False
1174337,JPX-SIMP,133786,False
1174337,JPX-SIMP,133785,False
1174337,JPX-SIMP,133783,False
1174337,JPX-SIMP,133781,False
1174337,JPX-SIMP,133784,False
1174337,JPX-SIMP,133782,False
1174337,JPX-XAG,134627,False
1174337,JPX-XAG,134625,False
1174337,JPX-XAG,134623,False
1174337,JPX-XAG,134621,False
1174337,JPX-XAG,134619,False
1174337,JPX-XAG,134622,False
1174337,JPX-XAG,134620,False
1174337,JPX-XAG,134628,False
1174337,JPX-XAG,134624,False
1174337,JPX-XAG,134626,False
1174345,JPX-JNAF,134349,False
1174345,JPX-GOLD,138701,False
1174345,JPX-HT,134862,False
1174345,JPX-CARD,137733,False
1174345,JPX-KTST,133184,False
1174345,JPX-JNAF,134350,False
1174345,JPX-GOLD,138702,False
1174345,JPX-XAG,134644,False
1174378,JPX-GOLD,138703,False
1174378,JPX-ETFSH,127016,False
1174433,JPX-ETFSH,127014,False
1174433,JPX-ETFSH,127013,False
1174433,JPX-ETFSH,127009,False
1174433,JPX-ETFSH,127007,False
1174433,JPX-ETFSH,127005,False
1174433,JPX-ETFSH,127011,False
1174433,JPX-ETFSH,127010,False
1174434,JPX-ETFSH,127012,False
1174434,JPX-ETFSH,127008,False
1174436,JPX-CARD,137732,False
1174436,JPX-CARD,137731,False
1174436,JPX-CARD,137730,False
1174436,JPX-CARD,137728,False
1174436,JPX-CARD,137726,False
1174436,JPX-CARD,137727,False
1174436,JPX-CARD,137725,False
1174436,JPX-CARD,137729,False
1174436,JPX-CARD,137723,False
1174436,JPX-CARD,137724,False
1174437,JPX-GOLD,138694,False
1174437,JPX-GOLD,138692,False
1174437,JPX-GOLD,138691,False
1174437,JPX-GOLD,138698,False
1174437,JPX-GOLD,138696,False
1174437,JPX-GOLD,138690,False
1174437,JPX-GOLD,138699,False
1174437,JPX-GOLD,138697,False
1174437,JPX-GOLD,138693,False
1174437,JPX-GOLD,138695,False
1174437,JPX-HT,134861,False
1174437,JPX-HT,134859,False
1174437,JPX-HT,134857,False
1174437,JPX-HT,134855,False
1174437,JPX-HT,134853,False
1174437,JPX-HT,134856,False
1174437,JPX-HT,134858,False
1174437,JPX-HT,134860,False
1174437,JPX-HT,134854,False
1174437,JPX-HT,134852,False
1174437,JPX-JNAF,134346,False
1174437,JPX-JNAF,134344,False
1174437,JPX-JNAF,134343,False
1174437,JPX-JNAF,134342,False
1174437,JPX-JNAF,134341,False
1174438,JPX-JNAF,134340,False
1174438,JPX-JNAF,134338,False
1174438,JPX-JNAF,134345,False
1174438,JPX-JNAF,134347,False
1174438,JPX-KTST,133179,False
1174438,JPX-KTST,133176,False
1174438,JPX-KTST,133174,False
1174438,JPX-KTST,133182,False
1174438,JPX-KTST,133178,False
1174438,JPX-KTST,133181,False
1174439,JPX-KTST,133180,False
1174439,JPX-KTST,133173,False
1174439,JPX-KTST,133175,False
1174439,JPX-KTST,133177,False
1174439,JPX-SIMP,133799,False
1174439,JPX-SIMP,133797,False
1174439,JPX-SIMP,133795,False
1174439,JPX-SIMP,133793,False
1174439,JPX-SIMP,133791,False
1174439,JPX-SIMP,133796,False
1174439,JPX-SIMP,133798,False
1174439,JPX-SIMP,133800,False
1174439,JPX-SIMP,133792,False
1174439,JPX-SIMP,133794,False
1174439,JPX-XAG,134641,False
1174439,JPX-XAG,134639,False
1174439,JPX-XAG,134638,False
1174439,JPX-XAG,134636,False
1174439,JPX-XAG,134634,False
1174439,JPX-XAG,134642,False
1174439,JPX-XAG,134640,False
1174439,JPX-XAG,134635,False
1174439,JPX-XAG,134637,False
1174439,JPX-XAG,134633,False
1174440,JPX-JNAF,134363,False
1174456,JPX-CARD,137744,False
1174456,JPX-KTST,133196,False
1174456,JPX-HT,134875,False
1174456,JPX-GOLD,138716,False
1174456,JPX-XAG,134657,False
1174531,JPX-ETFSH,127025,False
1174531,JPX-ETFSH,127024,False
1174531,JPX-ETFSH,127022,False
1174531,JPX-ETFSH,127018,False
1174532,JPX-ETFSH,127026,False
1174532,JPX-ETFSH,127020,False
1174532,JPX-ETFSH,127023,False
1174532,JPX-ETFSH,127019,False
1174532,JPX-ETFSH,127027,False
1174533,JPX-ETFSH,127021,False
1174534,JPX-CARD,137742,False
1174534,JPX-CARD,137740,False
1174534,JPX-CARD,137738,False
1174534,JPX-CARD,137736,False
1174534,JPX-CARD,137735,False
1174534,JPX-CARD,137734,False
1174534,JPX-CARD,137743,False
1174534,JPX-CARD,137741,False
1174534,JPX-CARD,137739,False
1174534,JPX-CARD,137737,False
1174534,JPX-GOLD,138713,False
1174534,JPX-GOLD,138711,False
1174534,JPX-GOLD,138709,False
1174534,JPX-GOLD,138707,False
1174534,JPX-GOLD,138705,False
1174534,JPX-GOLD,138706,False
1174534,JPX-GOLD,138708,False
1174534,JPX-GOLD,138710,False
1174534,JPX-GOLD,138714,False
1174534,JPX-GOLD,138712,False
1174534,JPX-HT,134873,False
1174534,JPX-HT,134872,False
1174534,JPX-HT,134871,False
1174534,JPX-HT,134870,False
1174534,JPX-HT,134869,False
1174534,JPX-HT,134868,False
1174534,JPX-HT,134867,False
1174534,JPX-HT,134866,False
1174534,JPX-HT,134864,False
1174534,JPX-HT,134865,False
1174535,JPX-JNAF,134360,False
1174535,JPX-JNAF,134358,False
1174535,JPX-JNAF,134355,False
1174535,JPX-JNAF,134354,False
1174535,JPX-JNAF,134353,False
1174535,JPX-JNAF,134362,False
1174535,JPX-JNAF,134361,False
1174535,JPX-JNAF,134357,False
1174535,JPX-JNAF,134356,False
1174535,JPX-JNAF,134359,False
1174535,JPX-KTST,133190,False
1174535,JPX-KTST,133189,False
1174535,JPX-KTST,133188,False
1174535,JPX-KTST,133187,False
1174535,JPX-KTST,133185,False
1174536,JPX-KTST,133191,False
1174536,JPX-KTST,133193,False
1174536,JPX-KTST,133186,False
1174536,JPX-KTST,133194,False
1174536,JPX-KTST,133192,False
1174536,JPX-SIMP,133810,False
1174536,JPX-SIMP,133809,False
1174536,JPX-SIMP,133808,False
1174536,JPX-SIMP,133807,False
1174536,JPX-SIMP,133805,False
1174536,JPX-SIMP,133803,False
1174536,JPX-SIMP,133802,False
1174536,JPX-SIMP,133804,False
1174536,JPX-SIMP,133806,False
1174536,JPX-SIMP,133801,False
1174536,JPX-XAG,134655,False
1174536,JPX-XAG,134654,False
1174536,JPX-XAG,134653,False
1174536,JPX-XAG,134652,False
1174536,JPX-XAG,134647,False
1174536,JPX-XAG,134651,False
1174536,JPX-XAG,134649,False
1174536,JPX-XAG,134646,False
1174536,JPX-XAG,134648,False
1174536,JPX-XAG,134650,False
1174537,JPX-ETFSH,127038,False
1174554,JPX-GOLD,138727,False
1174554,JPX-HT,134887,False
1174554,JPX-KTST,133207,False
1174554,JPX-HT,134888,False
1174554,JPX-JNAF,134377,False
1174554,JPX-XAG,134670,False
1174628,JPX-JNAF,134378,False
1174629,JPX-XAG,134671,False
1174629,JPX-GOLD,138731,False
1174629,JPX-HT,134889,False
1174629,JPX-KTST,133210,False
1174629,JPX-JNAF,134379,False
1174629,JPX-GOLD,138732,False
1174632,JPX-ETFSH,127034,False
1174632,JPX-ETFSH,127032,False
1174632,JPX-ETFSH,127029,False
1174632,JPX-ETFSH,127028,False
1174632,JPX-ETFSH,127035,False
1174632,JPX-ETFSH,127033,False
1174632,JPX-ETFSH,127031,False
1174633,JPX-ETFSH,127037,False
1174634,JPX-ETFSH,127036,False
1174634,JPX-ETFSH,127030,False
1174635,JPX-CARD,137754,False
1174635,JPX-CARD,137752,False
1174635,JPX-CARD,137749,False
1174635,JPX-CARD,137747,False
1174635,JPX-CARD,137746,False
1174635,JPX-CARD,137748,False
1174635,JPX-CARD,137750,False
1174635,JPX-CARD,137751,False
1174635,JPX-CARD,137755,False
1174635,JPX-CARD,137753,False
1174635,JPX-GOLD,138725,False
1174635,JPX-GOLD,138723,False
1174635,JPX-GOLD,138722,False
1174635,JPX-GOLD,138721,False
1174635,JPX-GOLD,138720,False
1174635,JPX-GOLD,138719,False
1174635,JPX-GOLD,138717,False
1174635,JPX-GOLD,138724,False
1174635,JPX-GOLD,138726,False
1174635,JPX-GOLD,138718,False
1174635,JPX-HT,134885,False
1174635,JPX-HT,134884,False
1174635,JPX-HT,134883,False
1174635,JPX-HT,134882,False
1174635,JPX-HT,134881,False
1174635,JPX-HT,134880,False
1174635,JPX-HT,134879,False
1174635,JPX-HT,134878,False
1174635,JPX-HT,134877,False
1174635,JPX-HT,134876,False
1174636,JPX-JNAF,134375,False
1174636,JPX-JNAF,134374,False
1174636,JPX-JNAF,134373,False
1174636,JPX-JNAF,134372,False
1174636,JPX-JNAF,134371,False
1174636,JPX-JNAF,134369,False
1174636,JPX-JNAF,134368,False
1174636,JPX-JNAF,134366,False
1174636,JPX-JNAF,134370,False
1174636,JPX-JNAF,134367,False
1174637,JPX-KTST,133201,False
1174637,JPX-KTST,133206,False
1174637,JPX-KTST,133204,False
1174637,JPX-KTST,133202,False
1174637,JPX-KTST,133200,False
1174637,JPX-KTST,133198,False
1174637,JPX-KTST,133205,False
1174637,JPX-KTST,133203,False
1174637,JPX-KTST,133197,False
1174637,JPX-KTST,133199,False
1174638,JPX-SIMP,133813,False
1174638,JPX-SIMP,133811,False
1174638,JPX-SIMP,133820,False
1174638,JPX-SIMP,133818,False
1174638,JPX-SIMP,133816,False
1174638,JPX-SIMP,133814,False
1174638,JPX-SIMP,133819,False
1174638,JPX-SIMP,133815,False
1174638,JPX-SIMP,133812,False
1174638,JPX-SIMP,133817,False
1174638,JPX-XAG,134668,False
1174638,JPX-XAG,134667,False
1174638,JPX-XAG,134664,False
1174638,JPX-XAG,134662,False
1174638,JPX-XAG,134661,False
1174638,JPX-XAG,134659,False
1174638,JPX-XAG,134666,False
1174638,JPX-XAG,134660,False
1174638,JPX-XAG,134665,False
1174638,JPX-XAG,134663,False
1174732,JPX-ETFSH,127049,False
1174732,JPX-ETFSH,127048,False
1174732,JPX-ETFSH,127042,False
1174732,JPX-ETFSH,127044,False
1174732,JPX-ETFSH,127045,False
1174733,JPX-ETFSH,127046,False
1174733,JPX-ETFSH,127040,False
1174733,JPX-ETFSH,127041,False
1174734,JPX-ETFSH,127043,False
1174734,JPX-ETFSH,127047,False
1174735,JPX-CARD,137763,False
1174735,JPX-CARD,137758,False
1174735,JPX-CARD,137767,False
1174735,JPX-CARD,137765,False
1174735,JPX-CARD,137760,False
1174735,JPX-CARD,137766,False
1174735,JPX-CARD,137761,False
1174735,JPX-CARD,137759,False
1174735,JPX-CARD,137764,False
1174735,JPX-CARD,137762,False
1174735,JPX-GOLD,138742,False
1174735,JPX-GOLD,138741,False
1174735,JPX-GOLD,138740,False
1174735,JPX-GOLD,138739,False
1174735,JPX-GOLD,138738,False
1174735,JPX-GOLD,138737,False
1174735,JPX-GOLD,138736,False
1174735,JPX-GOLD,138735,False
1174735,JPX-GOLD,138734,False
1174735,JPX-GOLD,138733,False
1174735,JPX-HT,134900,False
1174735,JPX-HT,134898,False
1174735,JPX-HT,134896,False
1174735,JPX-HT,134894,False
1174735,JPX-HT,134892,False
1174735,JPX-HT,134899,False
1174735,JPX-HT,134897,False
1174735,JPX-HT,134895,False
1174735,JPX-HT,134893,False
1174735,JPX-HT,134891,False
1174736,JPX-JNAF,134389,False
1174736,JPX-JNAF,134387,False
1174736,JPX-JNAF,134385,False
1174736,JPX-JNAF,134383,False
1174736,JPX-JNAF,134386,False
1174736,JPX-JNAF,134390,False
1174736,JPX-JNAF,134388,False
1174736,JPX-JNAF,134382,False
1174736,JPX-JNAF,134381,False
1174737,JPX-JNAF,134384,False
1174737,JPX-KTST,133220,False
1174737,JPX-KTST,133219,False
1174737,JPX-KTST,133215,False
1174737,JPX-KTST,133218,False
1174737,JPX-KTST,133212,False
1174737,JPX-KTST,133217,False
1174737,JPX-KTST,133216,False
1174737,JPX-KTST,133214,False
1174737,JPX-KTST,133211,False
1174737,JPX-KTST,133213,False
1174738,JPX-SIMP,133831,False
1174738,JPX-SIMP,133830,False
1174738,JPX-SIMP,133829,False
1174738,JPX-SIMP,133827,False
1174738,JPX-SIMP,133825,False
1174738,JPX-SIMP,133824,False
1174738,JPX-SIMP,133823,False
1174738,JPX-SIMP,133822,False
1174738,JPX-SIMP,133828,False
1174738,JPX-SIMP,133826,False
1174738,JPX-XAG,134682,False
1174738,JPX-XAG,134679,False
1174738,JPX-XAG,134677,False
1174738,JPX-XAG,134675,False
1174738,JPX-XAG,134673,False
1174738,JPX-XAG,134680,False
1174738,JPX-XAG,134676,False
1174738,JPX-XAG,134674,False
1174738,JPX-XAG,134678,False
1174738,JPX-XAG,134681,False
1174757,JPX-JNAF,134401,False
1174757,JPX-XAG,134693,False
1174757,JPX-GOLD,138753,False
1174757,JPX-HT,134911,False
1174757,JPX-CARD,137778,False
1174757,JPX-KTST,133232,False
1174757,JPX-GOLD,138754,False
1174831,JPX-ETFSH,127060,False
1174831,JPX-ETFSH,127058,False
1174831,JPX-ETFSH,127057,False
1174832,JPX-ETFSH,127055,False
1174832,JPX-ETFSH,127053,False
1174832,JPX-ETFSH,127054,False
1174832,JPX-ETFSH,127061,False
1174832,JPX-ETFSH,127059,False
1174832,JPX-ETFSH,127056,False
1174832,JPX-ETFSH,127062,False
1174834,JPX-CARD,137770,False
1174834,JPX-CARD,137777,False
1174834,JPX-CARD,137775,False
1174834,JPX-CARD,137773,False
1174834,JPX-CARD,137768,False
1174834,JPX-CARD,137771,False
1174834,JPX-CARD,137769,False
1174834,JPX-CARD,137774,False
1174834,JPX-CARD,137772,False
1174834,JPX-CARD,137776,False
1174834,JPX-GOLD,138743,False
1174834,JPX-GOLD,138751,False
1174834,JPX-GOLD,138745,False
1174834,JPX-GOLD,138747,False
1174834,JPX-GOLD,138749,False
1174834,JPX-GOLD,138748,False
1174834,JPX-GOLD,138750,False
1174834,JPX-GOLD,138752,False
1174834,JPX-GOLD,138744,False
1174834,JPX-GOLD,138746,False
1174834,JPX-HT,134910,False
1174834,JPX-HT,134908,False
1174834,JPX-HT,134906,False
1174834,JPX-HT,134904,False
1174834,JPX-HT,134902,False
1174834,JPX-HT,134901,False
1174834,JPX-HT,134905,False
1174834,JPX-HT,134903,False
1174834,JPX-HT,134907,False
1174834,JPX-HT,134909,False
1174834,JPX-JNAF,134399,False
1174834,JPX-JNAF,134397,False
1174834,JPX-JNAF,134395,False
1174834,JPX-JNAF,134393,False
1174834,JPX-JNAF,134391,False
1174835,JPX-JNAF,134392,False
1174835,JPX-JNAF,134396,False
1174835,JPX-JNAF,134398,False
1174835,JPX-JNAF,134400,False
1174835,JPX-JNAF,134394,False
1174835,JPX-KTST,133230,False
1174835,JPX-KTST,133228,False
1174835,JPX-KTST,133226,False
1174835,JPX-KTST,133225,False
1174835,JPX-KTST,133224,False
1174835,JPX-KTST,133223,False
1174835,JPX-KTST,133222,False
1174835,JPX-KTST,133221,False
1174835,JPX-KTST,133227,False
1174836,JPX-KTST,133229,False
1174836,JPX-SIMP,133841,False
1174836,JPX-SIMP,133839,False
1174836,JPX-SIMP,133837,False
1174836,JPX-SIMP,133835,False
1174836,JPX-SIMP,133833,False
1174836,JPX-SIMP,133840,False
1174836,JPX-SIMP,133838,False
1174836,JPX-SIMP,133836,False
1174836,JPX-SIMP,133834,False
1174836,JPX-SIMP,133832,False
1174836,JPX-XAG,134692,False
1174836,JPX-XAG,134688,False
1174836,JPX-XAG,134686,False
1174836,JPX-XAG,134684,False
1174836,JPX-XAG,134690,False
1174836,JPX-XAG,134687,False
1174836,JPX-XAG,134683,False
1174836,JPX-XAG,134685,False
1174836,JPX-XAG,134689,False
1174836,JPX-XAG,134691,False
1174858,JPX-JNAF,134415,False
1174858,JPX-XAG,134705,False
1174858,JPX-GOLD,138765,False
1174858,JPX-HT,134923,False
1174858,JPX-KTST,133243,False
1174900,JPX-ETFSH,127074,False
1174931,JPX-ETFSH,127073,False
1174931,JPX-ETFSH,127071,False
1174931,JPX-ETFSH,127070,False
1174931,JPX-ETFSH,127067,False
1174931,JPX-ETFSH,127065,False
1174931,JPX-ETFSH,127064,False
1174932,JPX-ETFSH,127066,False
1174933,JPX-ETFSH,127072,False
1174933,JPX-ETFSH,127069,False
1174934,JPX-ETFSH,127068,False
1174934,JPX-CARD,137789,False
1174934,JPX-CARD,137788,False
1174934,JPX-CARD,137787,False
1174934,JPX-CARD,137786,False
1174934,JPX-CARD,137784,False
1174935,JPX-CARD,137783,False
1174935,JPX-CARD,137782,False
1174935,JPX-CARD,137781,False
1174935,JPX-CARD,137780,False
1174935,JPX-CARD,137785,False
1174935,JPX-GOLD,138764,False
1174935,JPX-GOLD,138763,False
1174935,JPX-GOLD,138762,False
1174935,JPX-GOLD,138761,False
1174935,JPX-GOLD,138760,False
1174935,JPX-GOLD,138759,False
1174935,JPX-GOLD,138757,False
1174935,JPX-GOLD,138758,False
1174935,JPX-GOLD,138755,False
1174935,JPX-GOLD,138756,False
1174935,JPX-HT,134922,False
1174935,JPX-HT,134921,False
1174935,JPX-HT,134920,False
1174935,JPX-HT,134919,False
1174935,JPX-HT,134918,False
1174935,JPX-HT,134916,False
1174935,JPX-HT,134914,False
1174935,JPX-HT,134917,False
1174935,JPX-HT,134915,False
1174935,JPX-HT,134913,False
1174935,JPX-JNAF,134413,False
1174935,JPX-JNAF,134411,False
1174935,JPX-JNAF,134410,False
1174935,JPX-JNAF,134408,False
1174935,JPX-JNAF,134405,False
1174936,JPX-JNAF,134407,False
1174936,JPX-JNAF,134406,False
1174936,JPX-JNAF,134409,False
1174936,JPX-JNAF,134412,False
1174936,JPX-JNAF,134414,False
1174936,JPX-KTST,133240,False
1174936,JPX-KTST,133238,False
1174936,JPX-KTST,133237,False
1174936,JPX-KTST,133236,False
1174936,JPX-KTST,133235,False
1174936,JPX-KTST,133233,False
1174936,JPX-KTST,133234,False
1174937,JPX-KTST,133239,False
1174937,JPX-KTST,133241,False
1174937,JPX-KTST,133242,False
1174937,JPX-SIMP,133850,False
1174937,JPX-SIMP,133848,False
1174937,JPX-SIMP,133846,False
1174937,JPX-SIMP,133844,False
1174937,JPX-SIMP,133842,False
1174937,JPX-SIMP,133851,False
1174937,JPX-SIMP,133849,False
1174937,JPX-SIMP,133847,False
1174937,JPX-SIMP,133845,False
1174937,JPX-SIMP,133843,False
1174937,JPX-XAG,134700,False
1174937,JPX-XAG,134699,False
1174937,JPX-XAG,134698,False
1174937,JPX-XAG,134697,False
1174937,JPX-XAG,134696,False
1174937,JPX-XAG,134695,False
1174937,JPX-XAG,134703,False
1174937,JPX-XAG,134701,False
1174937,JPX-XAG,134704,False
1174937,JPX-XAG,134702,False
1174938,JPX-HT,134935,False
1174938,JPX-CARD,137802,False
1174938,JPX-KTST,133256,False
1174938,JPX-GOLD,138778,False
1174938,JPX-XAG,134718,False
1175031,JPX-ETFSH,127083,False
1175031,JPX-ETFSH,127081,False
1175031,JPX-ETFSH,127079,False
1175031,JPX-ETFSH,127078,False
1175031,JPX-ETFSH,127076,False
1175031,JPX-ETFSH,127080,False
1175032,JPX-ETFSH,127077,False
1175033,JPX-ETFSH,127075,False
1175034,JPX-ETFSH,127082,False
1175034,JPX-ETFSH,127084,False
1175034,JPX-CARD,137800,False
1175034,JPX-CARD,137799,False
1175034,JPX-CARD,137797,False
1175034,JPX-CARD,137795,False
1175034,JPX-CARD,137793,False
1175034,JPX-CARD,137792,False
1175034,JPX-CARD,137798,False
1175034,JPX-CARD,137796,False
1175035,JPX-CARD,137794,False
1175035,JPX-CARD,137801,False
1175035,JPX-GOLD,138775,False
1175035,JPX-GOLD,138774,False
1175035,JPX-GOLD,138773,False
1175035,JPX-GOLD,138772,False
1175035,JPX-GOLD,138771,False
1175035,JPX-GOLD,138770,False
1175035,JPX-GOLD,138768,False
1175035,JPX-GOLD,138767,False
1175035,JPX-GOLD,138769,False
1175035,JPX-GOLD,138776,False
1175035,JPX-HT,134934,False
1175035,JPX-HT,134933,False
1175035,JPX-HT,134932,False
1175035,JPX-HT,134931,False
1175035,JPX-HT,134930,False
1175035,JPX-HT,134928,False
1175035,JPX-HT,134927,False
1175035,JPX-HT,134926,False
1175035,JPX-HT,134925,False
1175035,JPX-HT,134929,False
1175035,JPX-JNAF,134425,False
1175035,JPX-JNAF,134423,False
1175035,JPX-JNAF,134422,False
1175035,JPX-JNAF,134420,False
1175035,JPX-JNAF,134418,False
1175035,JPX-JNAF,134421,False
1175036,JPX-JNAF,134424,False
1175036,JPX-JNAF,134417,False
1175036,JPX-JNAF,134419,False
1175036,JPX-JNAF,134426,False
1175036,JPX-KTST,133255,False
1175036,JPX-KTST,133254,False
1175036,JPX-KTST,133252,False
1175036,JPX-KTST,133251,False
1175037,JPX-KTST,133246,False
1175037,JPX-KTST,133247,False
1175037,JPX-KTST,133253,False
1175037,JPX-KTST,133249,False
1175037,JPX-KTST,133248,False
1175037,JPX-KTST,133250,False
1175037,JPX-SIMP,133861,False
1175037,JPX-SIMP,133859,False
1175037,JPX-SIMP,133858,False
1175037,JPX-SIMP,133856,False
1175037,JPX-SIMP,133854,False
1175037,JPX-SIMP,133852,False
1175037,JPX-SIMP,133855,False
1175037,JPX-SIMP,133853,False
1175037,JPX-SIMP,133857,False
1175037,JPX-SIMP,133860,False
1175037,JPX-XAG,134715,False
1175037,JPX-XAG,134713,False
1175037,JPX-XAG,134712,False
1175037,JPX-XAG,134709,False
1175037,JPX-XAG,134707,False
1175038,JPX-XAG,134711,False
1175038,JPX-XAG,134716,False
1175038,JPX-XAG,134714,False
1175038,JPX-XAG,134708,False
1175038,JPX-XAG,134710,False
1175056,JPX-JNAF,134439,False
1175056,JPX-KTST,133269,False
1175056,JPX-HT,134949,False
1175056,JPX-JNAF,134440,False
1175056,JPX-GOLD,138790,False
1175056,JPX-XAG,134730,False
1175072,JPX-ETFSH,127096,False
1175072,JPX-XAG,134731,False
1175102,JPX-JNAF,134441,False
1175132,JPX-ETFSH,127093,False
1175132,JPX-ETFSH,127088,False
1175132,JPX-ETFSH,127086,False
1175132,JPX-ETFSH,127087,False
1175133,JPX-ETFSH,127095,False
1175133,JPX-ETFSH,127092,False
1175133,JPX-ETFSH,127094,False
1175133,JPX-ETFSH,127091,False
1175134,JPX-ETFSH,127090,False
1175134,JPX-ETFSH,127089,False
1175135,JPX-CARD,137813,False
1175135,JPX-CARD,137811,False
1175135,JPX-CARD,137809,False
1175135,JPX-CARD,137807,False
1175135,JPX-CARD,137805,False
1175135,JPX-CARD,137810,False
1175135,JPX-CARD,137808,False
1175135,JPX-CARD,137806,False
1175135,JPX-CARD,137812,False
1175135,JPX-CARD,137804,False
1175135,JPX-GOLD,138788,False
1175135,JPX-GOLD,138787,False
1175135,JPX-GOLD,138786,False
1175135,JPX-GOLD,138785,False
1175135,JPX-GOLD,138784,False
1175135,JPX-GOLD,138782,False
1175135,JPX-GOLD,138781,False
1175135,JPX-GOLD,138779,False
1175135,JPX-GOLD,138783,False
1175135,JPX-GOLD,138780,False
1175135,JPX-HT,134947,False
1175135,JPX-HT,134946,False
1175135,JPX-HT,134945,False
1175135,JPX-HT,134943,False
1175135,JPX-HT,134942,False
1175135,JPX-HT,134941,False
1175135,JPX-HT,134940,False
1175135,JPX-HT,134939,False
1175135,JPX-HT,134938,False
1175135,JPX-HT,134944,False
1175136,JPX-JNAF,134435,False
1175136,JPX-JNAF,134433,False
1175136,JPX-JNAF,134431,False
1175136,JPX-JNAF,134429,False
1175136,JPX-JNAF,134430,False
1175136,JPX-JNAF,134437,False
1175137,JPX-JNAF,134436,False
1175137,JPX-JNAF,134428,False
1175137,JPX-JNAF,134432,False
1175137,JPX-JNAF,134434,False
1175137,JPX-KTST,133266,False
1175137,JPX-KTST,133265,False
1175137,JPX-KTST,133263,False
1175137,JPX-KTST,133262,False
1175137,JPX-KTST,133260,False
1175137,JPX-KTST,133258,False
1175137,JPX-KTST,133261,False
1175137,JPX-KTST,133259,False
1175137,JPX-KTST,133264,False
1175138,JPX-KTST,133267,False
1175138,JPX-SIMP,133870,False
1175138,JPX-SIMP,133868,False
1175138,JPX-SIMP,133866,False
1175138,JPX-SIMP,133864,False
1175138,JPX-SIMP,133863,False
1175138,JPX-SIMP,133862,False
1175138,JPX-SIMP,133865,False
1175138,JPX-SIMP,133871,False
1175138,JPX-SIMP,133869,False
1175138,JPX-SIMP,133867,False
1175138,JPX-XAG,134728,False
1175138,JPX-XAG,134726,False
1175138,JPX-XAG,134723,False
1175138,JPX-XAG,134721,False
1175138,JPX-XAG,134719,False
1175138,JPX-XAG,134720,False
1175138,JPX-XAG,134722,False
1175138,JPX-XAG,134724,False
1175138,JPX-XAG,134727,False
1175138,JPX-XAG,134725,False
1175152,JPX-JNAF,134452,False
1175152,JPX-XAG,134743,False
1175152,JPX-GOLD,138802,False
1175152,JPX-HT,134960,False
1175153,JPX-KTST,133282,False
1175153,JPX-JNAF,134453,False
1175197,JPX-GOLD,138804,False
1175231,JPX-ETFSH,127104,False
1175231,JPX-ETFSH,127103,False
1175231,JPX-ETFSH,127101,False
1175231,JPX-ETFSH,127100,False
1175231,JPX-ETFSH,127099,False
1175231,JPX-ETFSH,127098,False
1175231,JPX-ETFSH,127097,False
1175231,JPX-ETFSH,127105,False
1175232,JPX-ETFSH,127106,False
1175233,JPX-ETFSH,127102,False
1175234,JPX-CARD,137824,False
1175234,JPX-CARD,137823,False
1175234,JPX-CARD,137822,False
1175234,JPX-CARD,137821,False
1175234,JPX-CARD,137820,False
1175234,JPX-CARD,137819,False
1175234,JPX-CARD,137817,False
1175234,JPX-CARD,137816,False
1175234,JPX-CARD,137818,False
1175234,JPX-CARD,137815,False
1175234,JPX-GOLD,138801,False
1175234,JPX-GOLD,138799,False
1175234,JPX-GOLD,138797,False
1175234,JPX-GOLD,138795,False
1175234,JPX-GOLD,138794,False
1175234,JPX-GOLD,138793,False
1175234,JPX-GOLD,138792,False
1175234,JPX-GOLD,138796,False
1175234,JPX-GOLD,138798,False
1175234,JPX-GOLD,138800,False
1175235,JPX-HT,134959,False
1175235,JPX-HT,134958,False
1175235,JPX-HT,134957,False
1175235,JPX-HT,134956,False
1175235,JPX-HT,134954,False
1175235,JPX-HT,134955,False
1175235,JPX-HT,134950,False
1175235,JPX-HT,134952,False
1175235,JPX-HT,134951,False
1175235,JPX-HT,134953,False
1175235,JPX-JNAF,134447,False
1175235,JPX-JNAF,134442,False
1175235,JPX-JNAF,134449,False
1175236,JPX-JNAF,134444,False
1175236,JPX-JNAF,134446,False
1175236,JPX-JNAF,134448,False
1175236,JPX-JNAF,134450,False
1175236,JPX-JNAF,134451,False
1175236,JPX-JNAF,134445,False
1175236,JPX-JNAF,134443,False
1175236,JPX-KTST,133279,False
1175236,JPX-KTST,133277,False
1175236,JPX-KTST,133276,False
1175236,JPX-KTST,133275,False
1175236,JPX-KTST,133273,False
1175236,JPX-KTST,133271,False
1175236,JPX-KTST,133274,False
1175236,JPX-KTST,133280,False
1175236,JPX-KTST,133278,False
1175237,JPX-KTST,133272,False
1175237,JPX-SIMP,133881,False
1175237,JPX-SIMP,133880,False
1175237,JPX-SIMP,133879,False
1175237,JPX-SIMP,133877,False
1175237,JPX-SIMP,133875,False
1175237,JPX-SIMP,133874,False
1175237,JPX-SIMP,133873,False
1175237,JPX-SIMP,133872,False
1175237,JPX-SIMP,133878,False
1175237,JPX-SIMP,133876,False
1175237,JPX-XAG,134741,False
1175237,JPX-XAG,134740,False
1175237,JPX-XAG,134738,False
1175237,JPX-XAG,134736,False
1175237,JPX-XAG,134733,False
1175237,JPX-XAG,134742,False
1175237,JPX-XAG,134739,False
1175237,JPX-XAG,134737,False
1175237,JPX-XAG,134735,False
1175246,JPX-XAG,134756,False
1175246,JPX-GOLD,138816,False
1175246,JPX-HT,134973,False
1175246,JPX-KTST,133295,False
1175246,JPX-GOLD,138817,False
1175331,JPX-ETFSH,127115,False
1175331,JPX-ETFSH,127114,False
1175331,JPX-ETFSH,127113,False
1175331,JPX-ETFSH,127111,False
1175331,JPX-ETFSH,127109,False
1175331,JPX-ETFSH,127107,False
1175332,JPX-ETFSH,127108,False
1175332,JPX-ETFSH,127112,False
1175332,JPX-ETFSH,127116,False
1175334,JPX-ETFSH,127110,False
1175335,JPX-CARD,137835,False
1175335,JPX-CARD,137833,False
1175335,JPX-CARD,137831,False
1175335,JPX-CARD,137830,False
1175335,JPX-CARD,137828,False
1175335,JPX-CARD,137834,False
1175335,JPX-CARD,137832,False
1175335,JPX-CARD,137827,False
1175335,JPX-CARD,137826,False
1175335,JPX-CARD,137829,False
1175335,JPX-GOLD,138814,False
1175335,JPX-GOLD,138813,False
1175335,JPX-GOLD,138812,False
1175335,JPX-GOLD,138811,False
1175335,JPX-GOLD,138810,False
1175335,JPX-GOLD,138809,False
1175335,JPX-GOLD,138808,False
1175335,JPX-GOLD,138807,False
1175335,JPX-GOLD,138806,False
1175335,JPX-GOLD,138805,False
1175335,JPX-HT,134972,False
1175335,JPX-HT,134971,False
1175335,JPX-HT,134969,False
1175335,JPX-HT,134967,False
1175335,JPX-HT,134965,False
1175335,JPX-HT,134963,False
1175335,JPX-HT,134970,False
1175335,JPX-HT,134968,False
1175335,JPX-HT,134964,False
1175335,JPX-HT,134966,False
1175335,JPX-JNAF,134462,False
1175335,JPX-JNAF,134459,False
1175336,JPX-JNAF,134454,False
1175336,JPX-JNAF,134455,False
1175336,JPX-JNAF,134457,False
1175336,JPX-JNAF,134460,False
1175336,JPX-JNAF,134461,False
1175336,JPX-JNAF,134463,False
1175336,JPX-JNAF,134456,False
1175336,JPX-JNAF,134458,False
1175336,JPX-KTST,133289,False
1175337,JPX-KTST,133287,False
1175337,JPX-KTST,133285,False
1175337,JPX-KTST,133291,False
1175337,JPX-KTST,133293,False
1175337,JPX-KTST,133290,False
1175337,JPX-KTST,133292,False
1175337,JPX-KTST,133288,False
1175337,JPX-KTST,133284,False
1175337,JPX-KTST,133286,False
1175337,JPX-SIMP,133890,False
1175337,JPX-SIMP,133886,False
1175337,JPX-SIMP,133885,False
1175337,JPX-SIMP,133884,False
1175337,JPX-SIMP,133883,False
1175337,JPX-SIMP,133882,False
1175337,JPX-SIMP,133888,False
1175337,JPX-SIMP,133891,False
1175337,JPX-SIMP,133887,False
1175337,JPX-SIMP,133889,False
1175337,JPX-XAG,134754,False
1175338,JPX-XAG,134752,False
1175338,JPX-XAG,134750,False
1175338,JPX-XAG,134749,False
1175338,JPX-XAG,134746,False
1175338,JPX-XAG,134753,False
1175338,JPX-XAG,134751,False
1175338,JPX-XAG,134747,False
1175338,JPX-XAG,134748,False
1175338,JPX-XAG,134755,False
1175354,JPX-JNAF,134476,False
1175354,JPX-XAG,134769,False
1175354,JPX-GOLD,138829,False
1175354,JPX-HT,134986,False
1175354,JPX-KTST,133306,False
1175354,JPX-GOLD,138830,False
1175431,JPX-ETFSH,127126,False
1175431,JPX-ETFSH,127125,False
1175431,JPX-ETFSH,127124,False
1175431,JPX-ETFSH,127120,False
1175431,JPX-ETFSH,127119,False
1175431,JPX-ETFSH,127118,False
1175431,JPX-ETFSH,127117,False
1175431,JPX-ETFSH,127123,False
1175431,JPX-ETFSH,127121,False
1175432,JPX-ETFSH,127122,False
1175433,JPX-CARD,137846,False
1175433,JPX-CARD,137845,False
1175433,JPX-CARD,137843,False
1175433,JPX-CARD,137841,False
1175433,JPX-CARD,137837,False
1175433,JPX-CARD,137844,False
1175433,JPX-CARD,137842,False
1175433,JPX-CARD,137840,False
1175433,JPX-CARD,137839,False
1175433,JPX-CARD,137838,False
1175433,JPX-GOLD,138827,False
1175433,JPX-GOLD,138826,False
1175433,JPX-GOLD,138825,False
1175433,JPX-GOLD,138824,False
1175433,JPX-GOLD,138823,False
1175433,JPX-GOLD,138821,False
1175433,JPX-GOLD,138819,False
1175433,JPX-GOLD,138818,False
1175433,JPX-GOLD,138820,False
1175433,JPX-GOLD,138822,False
1175433,JPX-HT,134976,False
1175433,JPX-HT,134978,False
1175433,JPX-HT,134982,False
1175433,JPX-HT,134980,False
1175433,JPX-HT,134984,False
1175433,JPX-HT,134981,False
1175433,JPX-HT,134983,False
1175433,JPX-HT,134985,False
1175433,JPX-HT,134979,False
1175433,JPX-HT,134977,False
1175433,JPX-JNAF,134475,False
1175433,JPX-JNAF,134473,False
1175433,JPX-JNAF,134468,False
1175433,JPX-JNAF,134466,False
1175433,JPX-JNAF,134471,False
1175433,JPX-JNAF,134470,False
1175433,JPX-JNAF,134472,False
1175433,JPX-JNAF,134474,False
1175433,JPX-JNAF,134469,False
1175434,JPX-JNAF,134467,False
1175434,JPX-KTST,133304,False
1175434,JPX-KTST,133299,False
1175434,JPX-KTST,133298,False
1175434,JPX-KTST,133305,False
1175434,JPX-KTST,133303,False
1175434,JPX-KTST,133302,False
1175434,JPX-KTST,133296,False
1175435,JPX-KTST,133300,False
1175435,JPX-KTST,133297,False
1175435,JPX-KTST,133301,False
1175435,JPX-SIMP,133901,False
1175435,JPX-SIMP,133900,False
1175435,JPX-SIMP,133899,False
1175435,JPX-SIMP,133898,False
1175435,JPX-SIMP,133897,False
1175435,JPX-SIMP,133896,False
1175435,JPX-SIMP,133894,False
1175435,JPX-SIMP,133892,False
1175435,JPX-SIMP,133893,False
1175435,JPX-SIMP,133895,False
1175436,JPX-XAG,134767,False
1175436,JPX-XAG,134765,False
1175436,JPX-XAG,134764,False
1175436,JPX-XAG,134761,False
1175436,JPX-XAG,134760,False
1175436,JPX-XAG,134759,False
1175436,JPX-XAG,134768,False
1175436,JPX-XAG,134766,False
1175436,JPX-XAG,134762,False
1175436,JPX-XAG,134763,False
1175450,JPX-XAG,134781,False
1175450,JPX-HT,134999,False
1175450,JPX-CARD,137859,False
1175450,JPX-KTST,133318,False
1175450,JPX-JNAF,134489,False
1175450,JPX-GOLD,138842,False
1175531,JPX-ETFSH,127136,False
1175531,JPX-ETFSH,127134,False
1175531,JPX-ETFSH,127133,False
1175531,JPX-ETFSH,127132,False
1175531,JPX-ETFSH,127131,False
1175531,JPX-ETFSH,127127,False
1175532,JPX-ETFSH,127135,False
1175532,JPX-ETFSH,127128,False
1175532,JPX-ETFSH,127129,False
1175533,JPX-ETFSH,127130,False
1175533,JPX-CARD,137856,False
1175533,JPX-CARD,137853,False
1175533,JPX-CARD,137850,False
1175533,JPX-CARD,137849,False
1175533,JPX-CARD,137852,False
1175533,JPX-CARD,137854,False
1175533,JPX-CARD,137858,False
1175533,JPX-CARD,137851,False
1175533,JPX-CARD,137855,False
1175533,JPX-CARD,137857,False
1175534,JPX-GOLD,138839,False
1175534,JPX-GOLD,138837,False
1175534,JPX-GOLD,138835,False
1175534,JPX-GOLD,138834,False
1175534,JPX-GOLD,138832,False
1175534,JPX-GOLD,138831,False
1175534,JPX-GOLD,138833,False
1175534,JPX-GOLD,138840,False
1175534,JPX-GOLD,138836,False
1175534,JPX-GOLD,138838,False
1175534,JPX-HT,134997,False
1175534,JPX-HT,134995,False
1175534,JPX-HT,134993,False
1175534,JPX-HT,134991,False
1175534,JPX-HT,134994,False
1175534,JPX-HT,134990,False
1175534,JPX-HT,134992,False
1175534,JPX-HT,134996,False
1175534,JPX-HT,134998,False
1175534,JPX-HT,134989,False
1175534,JPX-JNAF,134487,False
1175534,JPX-JNAF,134485,False
1175534,JPX-JNAF,134483,False
1175534,JPX-JNAF,134482,False
1175534,JPX-JNAF,134480,False
1175534,JPX-JNAF,134479,False
1175534,JPX-JNAF,134484,False
1175535,JPX-JNAF,134486,False
1175535,JPX-JNAF,134478,False
1175535,JPX-JNAF,134481,False
1175535,JPX-KTST,133317,False
1175535,JPX-KTST,133315,False
1175535,JPX-KTST,133313,False
1175535,JPX-KTST,133312,False
1175535,JPX-KTST,133311,False
1175535,JPX-KTST,133308,False
1175535,JPX-KTST,133316,False
1175535,JPX-KTST,133314,False
1175535,JPX-KTST,133310,False
1175535,JPX-KTST,133309,False
1175536,JPX-SIMP,133911,False
1175536,JPX-SIMP,133909,False
1175536,JPX-SIMP,133907,False
1175536,JPX-SIMP,133905,False
1175536,JPX-SIMP,133904,False
1175536,JPX-SIMP,133903,False
1175536,JPX-SIMP,133902,False
1175536,JPX-SIMP,133910,False
1175536,JPX-SIMP,133908,False
1175536,JPX-SIMP,133906,False
1175536,JPX-XAG,134780,False
1175536,JPX-XAG,134779,False
1175536,JPX-XAG,134777,False
1175536,JPX-XAG,134775,False
1175536,JPX-XAG,134774,False
1175536,JPX-XAG,134773,False
1175536,JPX-XAG,134772,False
1175536,JPX-XAG,134771,False
1175536,JPX-XAG,134778,False
1175536,JPX-XAG,134776,False
1175544,JPX-JNAF,134500,False
1175544,JPX-GOLD,138853,False
1175544,JPX-HT,135013,False
1175544,JPX-KTST,133330,False
1175576,JPX-GOLD,138855,False
1175621,JPX-JNAF,134502,False
1175621,JPX-XAG,134796,False
1175621,JPX-GOLD,138856,False
1175621,JPX-CARD,137871,False
1175631,JPX-ETFSH,127144,False
1175631,JPX-ETFSH,127143,False
1175631,JPX-ETFSH,127142,False
1175631,JPX-ETFSH,127141,False
1175631,JPX-ETFSH,127138,False
1175631,JPX-ETFSH,127145,False
1175632,JPX-ETFSH,127140,False
1175633,JPX-ETFSH,127139,False
1175634,JPX-ETFSH,127146,False
1175635,JPX-CARD,137868,False
1175635,JPX-CARD,137866,False
1175635,JPX-CARD,137864,False
1175635,JPX-CARD,137860,False
1175635,JPX-CARD,137865,False
1175635,JPX-CARD,137867,False
1175635,JPX-CARD,137869,False
1175635,JPX-CARD,137862,False
1175635,JPX-CARD,137861,False
1175635,JPX-CARD,137863,False
1175635,JPX-GOLD,138852,False
1175635,JPX-GOLD,138851,False
1175635,JPX-GOLD,138850,False
1175635,JPX-GOLD,138849,False
1175635,JPX-GOLD,138848,False
1175635,JPX-GOLD,138847,False
1175635,JPX-GOLD,138846,False
1175635,JPX-GOLD,138845,False
1175635,JPX-GOLD,138844,False
1175635,JPX-GOLD,138843,False
1175635,JPX-HT,135012,False
1175635,JPX-HT,135010,False
1175635,JPX-HT,135008,False
1175635,JPX-HT,135006,False
1175635,JPX-HT,135004,False
1175635,JPX-HT,135003,False
1175635,JPX-HT,135005,False
1175635,JPX-HT,135007,False
1175635,JPX-HT,135009,False
1175635,JPX-HT,135011,False
1175635,JPX-JNAF,134499,False
1175635,JPX-JNAF,134497,False
1175635,JPX-JNAF,134494,False
1175635,JPX-JNAF,134492,False
1175635,JPX-JNAF,134490,False
1175636,JPX-JNAF,134491,False
1175636,JPX-JNAF,134496,False
1175636,JPX-JNAF,134498,False
1175636,JPX-JNAF,134493,False
1175636,JPX-JNAF,134495,False
1175636,JPX-KTST,133329,False
1175636,JPX-KTST,133327,False
1175636,JPX-KTST,133325,False
1175636,JPX-KTST,133320,False
1175636,JPX-KTST,133322,False
1175637,JPX-KTST,133323,False
1175637,JPX-KTST,133328,False
1175637,JPX-KTST,133324,False
1175637,JPX-KTST,133326,False
1175637,JPX-KTST,133321,False
1175637,JPX-SIMP,133918,False
1175637,JPX-SIMP,133917,False
1175637,JPX-SIMP,133916,False
1175637,JPX-SIMP,133915,False
1175637,JPX-SIMP,133914,False
1175637,JPX-SIMP,133913,False
1175637,JPX-SIMP,133920,False
1175637,JPX-SIMP,133912,False
1175637,JPX-SIMP,133919,False
1175637,JPX-SIMP,133921,False
1175637,JPX-XAG,134793,False
1175637,JPX-XAG,134792,False
1175637,JPX-XAG,134790,False
1175637,JPX-XAG,134788,False
1175637,JPX-XAG,134786,False
1175637,JPX-XAG,134784,False
1175637,JPX-XAG,134791,False
1175637,JPX-XAG,134789,False
1175637,JPX-XAG,134787,False
1175637,JPX-XAG,134785,False
1175638,JPX-KTST,133342,False
1175638,JPX-XAG,134808,False
1175731,JPX-ETFSH,127156,False
1175731,JPX-ETFSH,127155,False
1175731,JPX-ETFSH,127154,False
1175731,JPX-ETFSH,127151,False
1175731,JPX-ETFSH,127148,False
1175731,JPX-ETFSH,127157,False
1175732,JPX-ETFSH,127150,False
1175732,JPX-ETFSH,127149,False
1175733,JPX-ETFSH,127152,False
1175733,JPX-ETFSH,127153,False
1175734,JPX-CARD,137881,False
1175734,JPX-CARD,137877,False
1175734,JPX-CARD,137874,False
1175734,JPX-CARD,137876,False
1175734,JPX-CARD,137879,False
1175734,JPX-CARD,137878,False
1175734,JPX-CARD,137873,False
1175734,JPX-CARD,137875,False
1175734,JPX-CARD,137872,False
1175734,JPX-CARD,137880,False
1175734,JPX-GOLD,138867,False
1175734,JPX-GOLD,138865,False
1175734,JPX-GOLD,138863,False
1175734,JPX-GOLD,138862,False
1175734,JPX-GOLD,138861,False
1175734,JPX-GOLD,138860,False
1175734,JPX-GOLD,138859,False
1175734,JPX-GOLD,138858,False
1175734,JPX-GOLD,138866,False
1175734,JPX-GOLD,138864,False
1175734,JPX-HT,135023,False
1175734,JPX-HT,135021,False
1175734,JPX-HT,135019,False
1175734,JPX-HT,135017,False
1175734,JPX-HT,135016,False
1175734,JPX-HT,135022,False
1175734,JPX-HT,135024,False
1175734,JPX-HT,135020,False
1175734,JPX-HT,135018,False
1175734,JPX-HT,135015,False
1175734,JPX-JNAF,134511,False
1175734,JPX-JNAF,134509,False
1175735,JPX-JNAF,134503,False
1175735,JPX-JNAF,134510,False
1175735,JPX-JNAF,134504,False
1175735,JPX-JNAF,134508,False
1175735,JPX-JNAF,134506,False
1175735,JPX-JNAF,134512,False
1175735,JPX-JNAF,134505,False
1175735,JPX-JNAF,134507,False
1175735,JPX-KTST,133335,False
1175735,JPX-KTST,133333,False
1175735,JPX-KTST,133340,False
1175735,JPX-KTST,133336,False
1175735,JPX-KTST,133332,False
1175735,JPX-KTST,133334,False
1175736,JPX-KTST,133337,False
1175736,JPX-KTST,133339,False
1175736,JPX-KTST,133341,False
1175736,JPX-KTST,133338,False
1175736,JPX-SIMP,133931,False
1175736,JPX-SIMP,133929,False
1175736,JPX-SIMP,133928,False
1175736,JPX-SIMP,133927,False
1175736,JPX-SIMP,133926,False
1175736,JPX-SIMP,133925,False
1175736,JPX-SIMP,133924,False
1175736,JPX-SIMP,133923,False
1175736,JPX-SIMP,133922,False
1175736,JPX-SIMP,133930,False
1175736,JPX-XAG,134806,False
1175736,JPX-XAG,134804,False
1175736,JPX-XAG,134802,False
1175736,JPX-XAG,134800,False
1175736,JPX-XAG,134798,False
1175736,JPX-XAG,134807,False
1175736,JPX-XAG,134805,False
1175736,JPX-XAG,134801,False
1175736,JPX-XAG,134799,False
1175736,JPX-XAG,134803,False
1175761,JPX-GOLD,138880,False
1175761,JPX-HT,135036,False
1175761,JPX-KTST,133356,False
1175761,JPX-HT,135037,False
1175761,JPX-XAG,134820,False
1175831,JPX-ETFSH,127167,False
1175831,JPX-ETFSH,127165,False
1175831,JPX-ETFSH,127164,False
1175831,JPX-ETFSH,127163,False
1175831,JPX-ETFSH,127161,False
1175831,JPX-ETFSH,127160,False
1175831,JPX-ETFSH,127159,False
1175832,JPX-ETFSH,127166,False
1175832,JPX-ETFSH,127162,False
1175833,JPX-ETFSH,127158,False
1175834,JPX-CARD,137889,False
1175834,JPX-CARD,137887,False
1175834,JPX-CARD,137886,False
1175834,JPX-CARD,137885,False
1175834,JPX-CARD,137884,False
1175834,JPX-CARD,137883,False
1175834,JPX-CARD,137891,False
1175834,JPX-CARD,137882,False
1175834,JPX-CARD,137888,False
1175834,JPX-CARD,137890,False
1175834,JPX-GOLD,138877,False
1175834,JPX-GOLD,138876,False
1175834,JPX-GOLD,138875,False
1175834,JPX-GOLD,138874,False
1175834,JPX-GOLD,138873,False
1175834,JPX-GOLD,138872,False
1175834,JPX-GOLD,138870,False
1175834,JPX-GOLD,138871,False
1175834,JPX-GOLD,138878,False
1175834,JPX-GOLD,138879,False
1175834,JPX-HT,135035,False
1175834,JPX-HT,135034,False
1175834,JPX-HT,135033,False
1175834,JPX-HT,135032,False
1175834,JPX-HT,135031,False
1175834,JPX-HT,135030,False
1175834,JPX-HT,135028,False
1175834,JPX-HT,135027,False
1175834,JPX-HT,135026,False
1175834,JPX-HT,135029,False
1175834,JPX-JNAF,134523,False
1175834,JPX-JNAF,134521,False
1175834,JPX-JNAF,134519,False
1175834,JPX-JNAF,134517,False
1175834,JPX-JNAF,134515,False
1175835,JPX-JNAF,134520,False
1175835,JPX-JNAF,134518,False
1175835,JPX-JNAF,134514,False
1175835,JPX-JNAF,134516,False
1175835,JPX-JNAF,134522,False
1175835,JPX-KTST,133354,False
1175835,JPX-KTST,133352,False
1175835,JPX-KTST,133347,False
1175835,JPX-KTST,133345,False
1175835,JPX-KTST,133353,False
1175835,JPX-KTST,133348,False
1175835,JPX-KTST,133346,False
1175836,JPX-KTST,133349,False
1175836,JPX-KTST,133351,False
1175836,JPX-KTST,133350,False
1175836,JPX-SIMP,133941,False
1175836,JPX-SIMP,133939,False
1175836,JPX-SIMP,133936,False
1175836,JPX-SIMP,133935,False
1175836,JPX-SIMP,133933,False
1175836,JPX-SIMP,133937,False
1175836,JPX-SIMP,133940,False
1175836,JPX-SIMP,133938,False
1175836,JPX-SIMP,133934,False
1175836,JPX-SIMP,133932,False
1175836,JPX-XAG,134816,False
1175836,JPX-XAG,134812,False
1175836,JPX-XAG,134810,False
1175836,JPX-XAG,134814,False
1175836,JPX-XAG,134817,False
1175836,JPX-XAG,134815,False
1175836,JPX-XAG,134809,False
1175836,JPX-XAG,134811,False
1175836,JPX-XAG,134813,False
1175836,JPX-XAG,134818,False
1175836,JPX-JNAF,134535,False
1175836,JPX-GOLD,138892,False
1175836,JPX-KTST,133369,False
1175836,JPX-HT,135049,False
1175836,JPX-JNAF,134536,False
1175836,JPX-XAG,134834,False
1175888,JPX-JNAF,134537,False
1175931,JPX-ETFSH,127177,False
1175931,JPX-ETFSH,127174,False
1175931,JPX-ETFSH,127173,False
1175931,JPX-ETFSH,127171,False
1175931,JPX-ETFSH,127169,False
1175931,JPX-ETFSH,127168,False
1175933,JPX-ETFSH,127170,False
1175933,JPX-ETFSH,127172,False
1175934,JPX-ETFSH,127175,False
1175934,JPX-ETFSH,127176,False
1175934,JPX-CARD,137902,False
1175934,JPX-CARD,137895,False
1175934,JPX-CARD,137900,False
1175934,JPX-CARD,137893,False
1175934,JPX-CARD,137897,False
1175934,JPX-CARD,137899,False
1175934,JPX-CARD,137894,False
1175934,JPX-CARD,137901,False
1175934,JPX-CARD,137898,False
1175934,JPX-CARD,137896,False
1175935,JPX-GOLD,138890,False
1175935,JPX-GOLD,138889,False
1175935,JPX-GOLD,138886,False
1175935,JPX-GOLD,138884,False
1175935,JPX-GOLD,138882,False
1175935,JPX-GOLD,138891,False
1175935,JPX-GOLD,138888,False
1175935,JPX-GOLD,138883,False
1175935,JPX-GOLD,138885,False
1175935,JPX-GOLD,138887,False
1175935,JPX-HT,135048,False
1175935,JPX-HT,135047,False
1175935,JPX-HT,135046,False
1175935,JPX-HT,135045,False
1175935,JPX-HT,135044,False
1175935,JPX-HT,135042,False
1175935,JPX-HT,135041,False
1175935,JPX-HT,135040,False
1175935,JPX-HT,135039,False
1175935,JPX-HT,135043,False
1175935,JPX-JNAF,134534,False
1175935,JPX-JNAF,134532,False
1175935,JPX-JNAF,134530,False
1175935,JPX-JNAF,134529,False
1175935,JPX-JNAF,134527,False
1175935,JPX-JNAF,134525,False
1175935,JPX-JNAF,134533,False
1175936,JPX-JNAF,134531,False
1175936,JPX-JNAF,134528,False
1175936,JPX-JNAF,134526,False
1175936,JPX-KTST,133367,False
1175936,JPX-KTST,133363,False
1175936,JPX-KTST,133361,False
1175936,JPX-KTST,133359,False
1175936,JPX-KTST,133365,False
1175936,JPX-KTST,133364,False
1175937,JPX-KTST,133366,False
1175937,JPX-KTST,133360,False
1175937,JPX-KTST,133358,False
1175937,JPX-KTST,133362,False
1175937,JPX-SIMP,133952,False
1175937,JPX-SIMP,133950,False
1175937,JPX-SIMP,133949,False
1175937,JPX-SIMP,133947,False
1175937,JPX-SIMP,133945,False
1175937,JPX-SIMP,133943,False
1175937,JPX-SIMP,133948,False
1175937,JPX-SIMP,133946,False
1175937,JPX-SIMP,133944,False
1175937,JPX-SIMP,133951,False
1175937,JPX-XAG,134832,False
1175937,JPX-XAG,134831,False
1175937,JPX-XAG,134830,False
1175937,JPX-XAG,134829,False
1175937,JPX-XAG,134824,False
1175937,JPX-XAG,134827,False
1175937,JPX-XAG,134826,False
1175937,JPX-XAG,134823,False
1175937,JPX-XAG,134828,False
1175937,JPX-XAG,134825,False
1175937,JPX-JNAF,134548,False
1175937,JPX-XAG,134846,False
1175937,JPX-GOLD,138905,False
1175937,JPX-CARD,137914,False
1175937,JPX-KTST,133382,False
1175937,JPX-HT,135061,False
1175937,JPX-JNAF,134549,False
1176031,JPX-ETFSH,127188,False
1176031,JPX-ETFSH,127187,False
1176031,JPX-ETFSH,127186,False
1176031,JPX-ETFSH,127185,False
1176031,JPX-ETFSH,127184,False
1176031,JPX-ETFSH,127183,False
1176031,JPX-ETFSH,127181,False
1176031,JPX-ETFSH,127182,False
1176032,JPX-ETFSH,127180,False
1176032,JPX-ETFSH,127189,False
1176032,JPX-CARD,137910,False
1176032,JPX-CARD,137908,False
1176032,JPX-CARD,137906,False
1176032,JPX-CARD,137904,False
1176032,JPX-CARD,137909,False
1176032,JPX-CARD,137907,False
1176032,JPX-CARD,137905,False
1176032,JPX-CARD,137913,False
1176032,JPX-CARD,137911,False
1176032,JPX-CARD,137912,False
1176033,JPX-GOLD,138900,False
1176033,JPX-GOLD,138898,False
1176033,JPX-GOLD,138897,False
1176033,JPX-GOLD,138896,False
1176033,JPX-GOLD,138895,False
1176033,JPX-GOLD,138903,False
1176033,JPX-GOLD,138901,False
1176033,JPX-GOLD,138902,False
1176033,JPX-GOLD,138899,False
1176033,JPX-GOLD,138904,False
1176033,JPX-HT,135059,False
1176033,JPX-HT,135058,False
1176033,JPX-HT,135057,False
1176033,JPX-HT,135056,False
1176033,JPX-HT,135055,False
1176033,JPX-HT,135054,False
1176033,JPX-HT,135053,False
1176033,JPX-HT,135052,False
1176033,JPX-HT,135051,False
1176033,JPX-HT,135050,False
1176033,JPX-JNAF,134547,False
1176033,JPX-JNAF,134545,False
1176033,JPX-JNAF,134543,False
1176033,JPX-JNAF,134541,False
1176033,JPX-JNAF,134539,False
1176033,JPX-JNAF,134544,False
1176033,JPX-JNAF,134538,False
1176033,JPX-JNAF,134540,False
1176033,JPX-JNAF,134542,False
1176033,JPX-JNAF,134546,False
1176034,JPX-KTST,133380,False
1176034,JPX-KTST,133378,False
1176034,JPX-KTST,133376,False
1176034,JPX-KTST,133374,False
1176034,JPX-KTST,133373,False
1176034,JPX-KTST,133372,False
1176034,JPX-KTST,133371,False
1176034,JPX-KTST,133375,False
1176035,JPX-KTST,133377,False
1176035,JPX-KTST,133379,False
1176035,JPX-SIMP,133962,False
1176035,JPX-SIMP,133961,False
1176035,JPX-SIMP,133960,False
1176035,JPX-SIMP,133958,False
1176035,JPX-SIMP,133956,False
1176035,JPX-SIMP,133954,False
1176035,JPX-SIMP,133959,False
1176035,JPX-SIMP,133957,False
1176035,JPX-SIMP,133955,False
1176035,JPX-SIMP,133953,False
1176035,JPX-XAG,134845,False
1176035,JPX-XAG,134844,False
1176035,JPX-XAG,134843,False
1176035,JPX-XAG,134842,False
1176035,JPX-XAG,134841,False
1176035,JPX-XAG,134838,False
1176035,JPX-XAG,134836,False
1176035,JPX-XAG,134840,False
1176035,JPX-XAG,134839,False
1176035,JPX-XAG,134837,False
1176055,JPX-XAG,134858,False
1176055,JPX-HT,135074,False
1176055,JPX-KTST,133393,False
1176055,JPX-JNAF,134562,False
1176055,JPX-GOLD,138918,False
1176087,JPX-XAG,134860,False
1176131,JPX-ETFSH,127199,False
1176131,JPX-ETFSH,127195,False
1176131,JPX-ETFSH,127194,False
1176131,JPX-ETFSH,127191,False
1176132,JPX-ETFSH,127190,False
1176132,JPX-ETFSH,127192,False
1176132,JPX-ETFSH,127193,False
1176133,JPX-ETFSH,127197,False
1176134,JPX-ETFSH,127198,False
1176134,JPX-ETFSH,127196,False
1176134,JPX-CARD,137924,False
1176134,JPX-CARD,137922,False
1176134,JPX-CARD,137920,False
1176134,JPX-CARD,137918,False
1176134,JPX-CARD,137916,False
1176134,JPX-CARD,137919,False
1176134,JPX-CARD,137917,False
1176134,JPX-CARD,137915,False
1176134,JPX-CARD,137923,False
1176134,JPX-CARD,137921,False
1176134,JPX-GOLD,138917,False
1176134,JPX-GOLD,138916,False
1176134,JPX-GOLD,138914,False
1176134,JPX-GOLD,138912,False
1176134,JPX-GOLD,138911,False
1176134,JPX-GOLD,138910,False
1176134,JPX-GOLD,138909,False
1176135,JPX-GOLD,138915,False
1176135,JPX-GOLD,138913,False
1176135,JPX-GOLD,138908,False
1176135,JPX-HT,135073,False
1176135,JPX-HT,135072,False
1176135,JPX-HT,135070,False
1176135,JPX-HT,135069,False
1176135,JPX-HT,135068,False
1176135,JPX-HT,135067,False
1176135,JPX-HT,135065,False
1176135,JPX-HT,135066,False
1176135,JPX-HT,135071,False
1176135,JPX-HT,135064,False
1176135,JPX-JNAF,134561,False
1176135,JPX-JNAF,134558,False
1176135,JPX-JNAF,134556,False
1176135,JPX-JNAF,134555,False
1176135,JPX-JNAF,134554,False
1176135,JPX-JNAF,134553,False
1176135,JPX-JNAF,134552,False
1176135,JPX-JNAF,134560,False
1176135,JPX-JNAF,134559,False
1176135,JPX-JNAF,134557,False
1176136,JPX-KTST,133392,False
1176136,JPX-KTST,133390,False
1176136,JPX-KTST,133388,False
1176136,JPX-KTST,133386,False
1176136,JPX-KTST,133384,False
1176136,JPX-KTST,133383,False
1176137,JPX-KTST,133385,False
1176137,JPX-KTST,133387,False
1176137,JPX-KTST,133389,False
1176137,JPX-KTST,133391,False
1176137,JPX-SIMP,133972,False
1176137,JPX-SIMP,133971,False
1176137,JPX-SIMP,133970,False
1176137,JPX-SIMP,133969,False
1176137,JPX-SIMP,133968,False
1176137,JPX-SIMP,133965,False
1176137,JPX-SIMP,133967,False
1176137,JPX-SIMP,133966,False
1176137,JPX-SIMP,133964,False
1176137,JPX-SIMP,133973,False
1176137,JPX-XAG,134857,False
1176137,JPX-XAG,134855,False
1176137,JPX-XAG,134853,False
1176137,JPX-XAG,134851,False
1176137,JPX-XAG,134849,False
1176137,JPX-XAG,134856,False
1176137,JPX-XAG,134854,False
1176137,JPX-XAG,134852,False
1176137,JPX-XAG,134848,False
1176137,JPX-XAG,134850,False
1176150,JPX-XAG,134871,False
1176150,JPX-HT,135086,False
1176150,JPX-CARD,137937,False
1176150,JPX-KTST,133405,False
1176150,JPX-JNAF,134574,False
1176150,JPX-GOLD,138931,False
1176150,JPX-XAG,134873,False
1176231,JPX-ETFSH,127208,False
1176231,JPX-ETFSH,127207,False
1176231,JPX-ETFSH,127206,False
1176231,JPX-ETFSH,127205,False
1176231,JPX-ETFSH,127202,False
1176231,JPX-ETFSH,127204,False
1176231,JPX-ETFSH,127210,False
1176231,JPX-ETFSH,127209,False
1176232,JPX-ETFSH,127203,False
1176233,JPX-CARD,137934,False
1176233,JPX-CARD,137932,False
1176233,JPX-CARD,137930,False
1176233,JPX-CARD,137928,False
1176233,JPX-CARD,137931,False
1176233,JPX-CARD,137936,False
1176233,JPX-CARD,137927,False
1176233,JPX-CARD,137935,False
1176233,JPX-CARD,137929,False
1176233,JPX-CARD,137933,False
1176233,JPX-GOLD,138928,False
1176233,JPX-GOLD,138926,False
1176233,JPX-GOLD,138924,False
1176233,JPX-GOLD,138922,False
1176233,JPX-GOLD,138920,False
1176233,JPX-GOLD,138927,False
1176233,JPX-GOLD,138925,False
1176233,JPX-GOLD,138923,False
1176233,JPX-GOLD,138921,False
1176233,JPX-GOLD,138919,False
1176233,JPX-HT,135085,False
1176233,JPX-HT,135084,False
1176233,JPX-HT,135082,False
1176233,JPX-HT,135081,False
1176233,JPX-HT,135080,False
1176233,JPX-HT,135079,False
1176233,JPX-HT,135078,False
1176233,JPX-HT,135077,False
1176233,JPX-HT,135083,False
1176233,JPX-HT,135076,False
1176233,JPX-JNAF,134571,False
1176233,JPX-JNAF,134565,False
1176233,JPX-JNAF,134563,False
1176233,JPX-JNAF,134572,False
1176233,JPX-JNAF,134570,False
1176233,JPX-JNAF,134568,False
1176233,JPX-JNAF,134566,False
1176233,JPX-JNAF,134564,False
1176234,JPX-JNAF,134567,False
1176234,JPX-JNAF,134569,False
1176234,JPX-KTST,133404,False
1176234,JPX-KTST,133403,False
1176234,JPX-KTST,133402,False
1176234,JPX-KTST,133400,False
1176234,JPX-KTST,133398,False
1176234,JPX-KTST,133397,False
1176234,JPX-KTST,133395,False
1176235,JPX-KTST,133401,False
1176235,JPX-KTST,133399,False
1176235,JPX-KTST,133396,False
1176235,JPX-SIMP,133982,False
1176235,JPX-SIMP,133980,False
1176235,JPX-SIMP,133978,False
1176235,JPX-SIMP,133976,False
1176235,JPX-SIMP,133974,False
1176235,JPX-SIMP,133983,False
1176235,JPX-SIMP,133981,False
1176235,JPX-SIMP,133979,False
1176235,JPX-SIMP,133977,False
1176235,JPX-SIMP,133975,False
1176235,JPX-XAG,134870,False
1176235,JPX-XAG,134869,False
1176235,JPX-XAG,134868,False
1176235,JPX-XAG,134867,False
1176235,JPX-XAG,134866,False
1176235,JPX-XAG,134863,False
1176235,JPX-XAG,134861,False
1176235,JPX-XAG,134864,False
1176235,JPX-XAG,134862,False
1176235,JPX-XAG,134865,False
1176247,JPX-CARD,137948,False
1176247,JPX-KTST,133417,False
1176247,JPX-JNAF,134586,False
1176247,JPX-GOLD,138945,False
1176247,JPX-XAG,134885,False
1176331,JPX-ETFSH,127220,False
1176331,JPX-ETFSH,127219,False
1176331,JPX-ETFSH,127218,False
1176331,JPX-ETFSH,127217,False
1176331,JPX-ETFSH,127216,False
1176331,JPX-ETFSH,127215,False
1176331,JPX-ETFSH,127212,False
1176332,JPX-ETFSH,127214,False
1176332,JPX-ETFSH,127221,False
1176333,JPX-ETFSH,127213,False
1176333,JPX-CARD,137944,False
1176333,JPX-CARD,137942,False
1176333,JPX-CARD,137939,False
1176333,JPX-CARD,137945,False
1176333,JPX-CARD,137940,False
1176333,JPX-CARD,137938,False
1176333,JPX-CARD,137941,False
1176333,JPX-CARD,137946,False
1176333,JPX-CARD,137943,False
1176333,JPX-CARD,137947,False
1176333,JPX-GOLD,138943,False
1176334,JPX-GOLD,138941,False
1176334,JPX-GOLD,138939,False
1176334,JPX-GOLD,138937,False
1176334,JPX-GOLD,138935,False
1176334,JPX-GOLD,138942,False
1176334,JPX-GOLD,138940,False
1176334,JPX-GOLD,138938,False
1176334,JPX-GOLD,138936,False
1176334,JPX-GOLD,138944,False
1176334,JPX-HT,135097,False
1176334,JPX-HT,135096,False
1176334,JPX-HT,135095,False
1176334,JPX-HT,135093,False
1176334,JPX-HT,135092,False
1176334,JPX-HT,135091,False
1176334,JPX-HT,135090,False
1176334,JPX-HT,135089,False
1176334,JPX-HT,135088,False
1176334,JPX-HT,135094,False
1176334,JPX-JNAF,134583,False
1176334,JPX-JNAF,134581,False
1176334,JPX-JNAF,134579,False
1176334,JPX-JNAF,134577,False
1176334,JPX-JNAF,134575,False
1176334,JPX-JNAF,134584,False
1176334,JPX-JNAF,134582,False
1176334,JPX-JNAF,134580,False
1176334,JPX-JNAF,134576,False
1176334,JPX-JNAF,134578,False
1176335,JPX-KTST,133416,False
1176335,JPX-KTST,133414,False
1176335,JPX-KTST,133410,False
1176335,JPX-KTST,133409,False
1176335,JPX-KTST,133408,False
1176335,JPX-KTST,133407,False
1176335,JPX-KTST,133413,False
1176335,JPX-KTST,133412,False
1176335,JPX-KTST,133411,False
1176335,JPX-KTST,133415,False
1176336,JPX-SIMP,133990,False
1176336,JPX-SIMP,133988,False
1176336,JPX-SIMP,133986,False
1176336,JPX-SIMP,133984,False
1176336,JPX-SIMP,133993,False
1176336,JPX-SIMP,133989,False
1176336,JPX-SIMP,133987,False
1176336,JPX-SIMP,133985,False
1176336,JPX-SIMP,133991,False
1176336,JPX-SIMP,133992,False
1176336,JPX-XAG,134883,False
1176336,JPX-XAG,134882,False
1176336,JPX-XAG,134881,False
1176336,JPX-XAG,134880,False
1176336,JPX-XAG,134879,False
1176336,JPX-XAG,134878,False
1176336,JPX-XAG,134877,False
1176336,JPX-XAG,134874,False
1176336,JPX-XAG,134876,False
1176336,JPX-XAG,134875,False
1176343,JPX-JNAF,134597,False
1176343,JPX-XAG,134896,False
1176343,JPX-HT,135109,False
1176360,JPX-KTST,133429,False
1176360,JPX-GOLD,138957,False
1176431,JPX-ETFSH,127228,False
1176431,JPX-ETFSH,127227,False
1176431,JPX-ETFSH,127226,False
1176431,JPX-ETFSH,127224,False
1176431,JPX-ETFSH,127223,False
1176431,JPX-ETFSH,127222,False
1176431,JPX-ETFSH,127229,False
1176432,JPX-ETFSH,127225,False
1176432,JPX-ETFSH,127230,False
1176432,JPX-ETFSH,127231,False
1176433,JPX-CARD,137957,False
1176433,JPX-CARD,137954,False
1176433,JPX-CARD,137952,False
1176433,JPX-CARD,137949,False
1176433,JPX-CARD,137950,False
1176433,JPX-CARD,137951,False
1176433,JPX-CARD,137955,False
1176433,JPX-CARD,137956,False
1176433,JPX-CARD,137958,False
1176433,JPX-CARD,137953,False
1176433,JPX-GOLD,138955,False
1176433,JPX-GOLD,138953,False
1176433,JPX-GOLD,138951,False
1176433,JPX-GOLD,138950,False
1176433,JPX-GOLD,138949,False
1176433,JPX-GOLD,138948,False
1176433,JPX-GOLD,138946,False
1176433,JPX-GOLD,138952,False
1176433,JPX-GOLD,138954,False
1176433,JPX-GOLD,138947,False
1176433,JPX-HT,135108,False
1176433,JPX-HT,135107,False
1176433,JPX-HT,135106,False
1176433,JPX-HT,135105,False
1176433,JPX-HT,135104,False
1176433,JPX-HT,135103,False
1176433,JPX-HT,135102,False
1176433,JPX-HT,135101,False
1176433,JPX-HT,135100,False
1176433,JPX-HT,135099,False
1176433,JPX-JNAF,134595,False
1176433,JPX-JNAF,134593,False
1176433,JPX-JNAF,134591,False
1176433,JPX-JNAF,134589,False
1176433,JPX-JNAF,134587,False
1176433,JPX-JNAF,134596,False
1176433,JPX-JNAF,134594,False
1176433,JPX-JNAF,134590,False
1176433,JPX-JNAF,134588,False
1176433,JPX-JNAF,134592,False
1176434,JPX-KTST,133426,False
1176434,JPX-KTST,133424,False
1176434,JPX-KTST,133422,False
1176434,JPX-KTST,133420,False
1176434,JPX-KTST,133428,False
1176434,JPX-KTST,133425,False
1176434,JPX-KTST,133423,False
1176434,JPX-KTST,133421,False
1176434,JPX-KTST,133419,False
1176434,JPX-KTST,133427,False
1176434,JPX-SIMP,134002,False
1176434,JPX-SIMP,134000,False
1176434,JPX-SIMP,133998,False
1176434,JPX-SIMP,133996,False
1176434,JPX-SIMP,133994,False
1176434,JPX-SIMP,134001,False
1176434,JPX-SIMP,133997,False
1176434,JPX-SIMP,133995,False
1176435,JPX-SIMP,134003,False
1176435,JPX-SIMP,133999,False
1176435,JPX-XAG,134894,False
1176435,JPX-XAG,134892,False
1176435,JPX-XAG,134890,False
1176435,JPX-XAG,134888,False
1176435,JPX-XAG,134887,False
1176435,JPX-XAG,134886,False
1176435,JPX-XAG,134889,False
1176435,JPX-XAG,134895,False
1176435,JPX-XAG,134893,False
1176435,JPX-XAG,134891,False
1176439,JPX-JNAF,134610,False
1176439,JPX-XAG,134908,False
1176439,JPX-CARD,137971,False
1176439,JPX-KTST,133441,False
1176439,JPX-GOLD,138970,False
1176529,JPX-JNAF,134612,False
1176529,JPX-CARD,137972,False
1176529,JPX-KTST,133443,False
1176529,JPX-GOLD,138972,False
1176529,JPX-XAG,134911,False
1176531,JPX-ETFSH,127239,False
1176531,JPX-ETFSH,127238,False
1176531,JPX-ETFSH,127236,False
1176531,JPX-ETFSH,127233,False
1176532,JPX-ETFSH,127237,False
1176532,JPX-ETFSH,127235,False
1176532,JPX-ETFSH,127240,False
1176532,JPX-ETFSH,127234,False
1176532,JPX-ETFSH,127232,False
1176533,JPX-ETFSH,127241,False
1176533,JPX-CARD,137970,False
1176533,JPX-CARD,137969,False
1176533,JPX-CARD,137967,False
1176533,JPX-CARD,137961,False
1176533,JPX-CARD,137962,False
1176533,JPX-CARD,137964,False
1176533,JPX-CARD,137966,False
1176533,JPX-CARD,137968,False
1176533,JPX-CARD,137965,False
1176533,JPX-CARD,137963,False
1176533,JPX-GOLD,138968,False
1176533,JPX-GOLD,138967,False
1176533,JPX-GOLD,138966,False
1176533,JPX-GOLD,138964,False
1176533,JPX-GOLD,138962,False
1176533,JPX-GOLD,138961,False
1176533,JPX-GOLD,138960,False
1176533,JPX-GOLD,138959,False
1176533,JPX-GOLD,138965,False
1176533,JPX-GOLD,138963,False
1176533,JPX-HT,135119,False
1176533,JPX-HT,135118,False
1176533,JPX-HT,135117,False
1176533,JPX-HT,135116,False
1176533,JPX-HT,135114,False
1176533,JPX-HT,135113,False
1176533,JPX-HT,135112,False
1176533,JPX-HT,135111,False
1176533,JPX-HT,135120,False
1176534,JPX-HT,135115,False
1176534,JPX-JNAF,134608,False
1176534,JPX-JNAF,134607,False
1176534,JPX-JNAF,134605,False
1176534,JPX-JNAF,134603,False
1176534,JPX-JNAF,134601,False
1176534,JPX-JNAF,134600,False
1176534,JPX-JNAF,134609,False
1176534,JPX-JNAF,134606,False
1176534,JPX-JNAF,134604,False
1176534,JPX-JNAF,134602,False
1176535,JPX-KTST,133437,False
1176535,JPX-KTST,133433,False
1176535,JPX-KTST,133435,False
1176535,JPX-KTST,133439,False
1176535,JPX-KTST,133440,False
1176535,JPX-KTST,133434,False
1176535,JPX-KTST,133432,False
1176535,JPX-KTST,133431,False
1176535,JPX-KTST,133436,False
1176535,JPX-KTST,133438,False
1176535,JPX-SIMP,134013,False
1176535,JPX-SIMP,134012,False
1176535,JPX-SIMP,134010,False
1176535,JPX-SIMP,134008,False
1176535,JPX-SIMP,134006,False
1176535,JPX-SIMP,134004,False
1176535,JPX-SIMP,134007,False
1176535,JPX-SIMP,134005,False
1176535,JPX-SIMP,134011,False
1176535,JPX-SIMP,134009,False
1176535,JPX-XAG,134906,False
1176535,JPX-XAG,134904,False
1176535,JPX-XAG,134902,False
1176535,JPX-XAG,134900,False
1176535,JPX-XAG,134898,False
1176535,JPX-XAG,134901,False
1176535,JPX-XAG,134899,False
1176535,JPX-XAG,134905,False
1176535,JPX-XAG,134903,False
1176535,JPX-XAG,134907,False
1176619,JPX-JNAF,134624,False
1176619,JPX-HT,135135,False
1176619,JPX-KTST,133455,False
1176619,JPX-HT,135136,False
1176619,JPX-GOLD,138984,False
1176619,JPX-XAG,134923,False
1176631,JPX-ETFSH,127251,False
1176631,JPX-ETFSH,127250,False
1176631,JPX-ETFSH,127248,False
1176631,JPX-ETFSH,127247,False
1176631,JPX-ETFSH,127246,False
1176631,JPX-ETFSH,127245,False
1176631,JPX-ETFSH,127243,False
1176631,JPX-ETFSH,127244,False
1176632,JPX-ETFSH,127242,False
1176633,JPX-ETFSH,127249,False
1176634,JPX-CARD,137981,False
1176634,JPX-CARD,137980,False
1176634,JPX-CARD,137976,False
1176634,JPX-CARD,137975,False
1176634,JPX-CARD,137978,False
1176634,JPX-CARD,137983,False
1176634,JPX-CARD,137982,False
1176634,JPX-CARD,137974,False
1176634,JPX-CARD,137977,False
1176634,JPX-CARD,137979,False
1176634,JPX-GOLD,138981,False
1176634,JPX-GOLD,138979,False
1176634,JPX-GOLD,138977,False
1176634,JPX-GOLD,138975,False
1176634,JPX-GOLD,138973,False
1176634,JPX-GOLD,138980,False
1176634,JPX-GOLD,138982,False
1176634,JPX-GOLD,138978,False
1176634,JPX-GOLD,138974,False
1176634,JPX-GOLD,138976,False
1176634,JPX-HT,135134,False
1176634,JPX-HT,135133,False
1176634,JPX-HT,135132,False
1176634,JPX-HT,135130,False
1176634,JPX-HT,135129,False
1176634,JPX-HT,135127,False
1176634,JPX-HT,135125,False
1176634,JPX-HT,135128,False
1176634,JPX-HT,135126,False
1176634,JPX-HT,135131,False
1176635,JPX-JNAF,134623,False
1176635,JPX-JNAF,134621,False
1176635,JPX-JNAF,134619,False
1176635,JPX-JNAF,134617,False
1176635,JPX-JNAF,134615,False
1176635,JPX-JNAF,134618,False
1176635,JPX-JNAF,134616,False
1176635,JPX-JNAF,134622,False
1176635,JPX-JNAF,134614,False
1176635,JPX-JNAF,134620,False
1176636,JPX-KTST,133454,False
1176636,JPX-KTST,133452,False
1176636,JPX-KTST,133450,False
1176636,JPX-KTST,133448,False
1176636,JPX-KTST,133446,False
1176636,JPX-KTST,133445,False
1176636,JPX-KTST,133453,False
1176637,JPX-KTST,133451,False
1176637,JPX-KTST,133447,False
1176637,JPX-KTST,133449,False
1176637,JPX-SIMP,134023,False
1176637,JPX-SIMP,134021,False
1176637,JPX-SIMP,134020,False
1176637,JPX-SIMP,134018,False
1176637,JPX-SIMP,134017,False
1176637,JPX-SIMP,134015,False
1176637,JPX-SIMP,134014,False
1176637,JPX-SIMP,134016,False
1176637,JPX-SIMP,134022,False
1176637,JPX-SIMP,134019,False
1176637,JPX-XAG,134921,False
1176637,JPX-XAG,134920,False
1176637,JPX-XAG,134919,False
1176637,JPX-XAG,134918,False
1176637,JPX-XAG,134916,False
1176637,JPX-XAG,134914,False
1176637,JPX-XAG,134912,False
1176637,JPX-XAG,134917,False
1176637,JPX-XAG,134915,False
1176637,JPX-XAG,134913,False
1176650,JPX-XAG,134934,False
1176731,JPX-ETFSH,127259,False
1176731,JPX-ETFSH,127258,False
1176731,JPX-ETFSH,127256,False
1176731,JPX-ETFSH,127255,False
1176731,JPX-ETFSH,127254,False
1176731,JPX-ETFSH,127253,False
1176731,JPX-ETFSH,127257,False
1176732,JPX-ETFSH,127261,False
1176732,JPX-ETFSH,127260,False
1176733,JPX-CARD,137991,False
1176733,JPX-CARD,137988,False
1176733,JPX-CARD,137990,False
1176733,JPX-CARD,137995,False
1176733,JPX-CARD,137993,False
1176733,JPX-CARD,137989,False
1176733,JPX-CARD,137987,False
1176733,JPX-CARD,137992,False
1176733,JPX-CARD,137994,False
1176733,JPX-CARD,137996,False
1176733,JPX-GOLD,138994,False
1176733,JPX-GOLD,138992,False
1176733,JPX-GOLD,138991,False
1176733,JPX-GOLD,138990,False
1176733,JPX-GOLD,138989,False
1176733,JPX-GOLD,138988,False
1176733,JPX-GOLD,138987,False
1176733,JPX-GOLD,138986,False
1176733,JPX-GOLD,138985,False
1176733,JPX-GOLD,138993,False
1176733,JPX-HT,135146,False
1176733,JPX-HT,135145,False
1176733,JPX-HT,135144,False
1176733,JPX-HT,135142,False
1176733,JPX-HT,135141,False
1176733,JPX-HT,135140,False
1176733,JPX-HT,135139,False
1176733,JPX-HT,135137,False
1176733,JPX-HT,135138,False
1176733,JPX-HT,135143,False
1176734,JPX-JNAF,134634,False
1176734,JPX-JNAF,134632,False
1176734,JPX-JNAF,134630,False
1176734,JPX-JNAF,134627,False
1176734,JPX-JNAF,134635,False
1176734,JPX-JNAF,134631,False
1176734,JPX-JNAF,134629,False
1176734,JPX-JNAF,134628,False
1176734,JPX-JNAF,134626,False
1176734,JPX-JNAF,134633,False
1176734,JPX-KTST,133464,False
1176734,JPX-KTST,133463,False
1176734,JPX-KTST,133462,False
1176734,JPX-KTST,133461,False
1176734,JPX-KTST,133460,False
1176734,JPX-KTST,133459,False
1176734,JPX-KTST,133458,False
1176734,JPX-KTST,133465,False
1176735,JPX-KTST,133466,False
1176735,JPX-KTST,133457,False
1176735,JPX-SIMP,134033,False
1176735,JPX-SIMP,134032,False
1176735,JPX-SIMP,134031,False
1176735,JPX-SIMP,134030,False
1176735,JPX-SIMP,134029,False
1176735,JPX-SIMP,134028,False
1176735,JPX-SIMP,134027,False
1176735,JPX-SIMP,134026,False
1176735,JPX-SIMP,134025,False
1176735,JPX-SIMP,134024,False
1176735,JPX-XAG,134933,False
1176735,JPX-XAG,134932,False
1176735,JPX-XAG,134931,False
1176735,JPX-XAG,134930,False
1176735,JPX-XAG,134928,False
1176735,JPX-XAG,134927,False
1176735,JPX-XAG,134926,False
1176735,JPX-XAG,134925,False
1176735,JPX-XAG,134924,False
1176735,JPX-XAG,134929,False
1176741,JPX-JNAF,134647,False
1176741,JPX-XAG,134945,False
1176741,JPX-GOLD,139006,False
1176741,JPX-KTST,133477,False
1176826,JPX-JNAF,134650,False
1176826,JPX-GOLD,139008,False
1176827,JPX-HT,135158,False
1176827,JPX-KTST,133479,False
1176827,JPX-XAG,134948,False
1176831,JPX-ETFSH,127271,False
1176831,JPX-ETFSH,127268,False
1176831,JPX-ETFSH,127267,False
1176831,JPX-ETFSH,127264,False
1176831,JPX-ETFSH,127270,False
1176831,JPX-ETFSH,127269,False
1176831,JPX-ETFSH,127272,False
1176831,JPX-ETFSH,127263,False
1176832,JPX-ETFSH,127266,False
1176832,JPX-ETFSH,127265,False
1176833,JPX-CARD,138006,False
1176833,JPX-CARD,138004,False
1176833,JPX-CARD,138002,False
1176833,JPX-CARD,138001,False
1176833,JPX-CARD,138000,False
1176833,JPX-CARD,137999,False
1176833,JPX-CARD,137998,False
1176833,JPX-CARD,137997,False
1176833,JPX-CARD,138005,False
1176833,JPX-CARD,138003,False
1176833,JPX-GOLD,139005,False
1176833,JPX-GOLD,139004,False
1176833,JPX-GOLD,139003,False
1176833,JPX-GOLD,139002,False
1176833,JPX-GOLD,139001,False
1176833,JPX-GOLD,139000,False
1176833,JPX-GOLD,138998,False
1176833,JPX-GOLD,138996,False
1176833,JPX-GOLD,138999,False
1176833,JPX-GOLD,138997,False
1176833,JPX-HT,135155,False
1176833,JPX-HT,135154,False
1176833,JPX-HT,135153,False
1176833,JPX-HT,135152,False
1176833,JPX-HT,135151,False
1176833,JPX-HT,135150,False
1176833,JPX-HT,135149,False
1176833,JPX-HT,135148,False
1176833,JPX-HT,135147,False
1176833,JPX-HT,135156,False
1176834,JPX-JNAF,134645,False
1176834,JPX-JNAF,134641,False
1176834,JPX-JNAF,134639,False
1176834,JPX-JNAF,134638,False
1176834,JPX-JNAF,134642,False
1176834,JPX-JNAF,134640,False
1176834,JPX-JNAF,134637,False
1176834,JPX-JNAF,134643,False
1176834,JPX-JNAF,134644,False
1176834,JPX-JNAF,134646,False
1176834,JPX-KTST,133470,False
1176834,JPX-KTST,133469,False
1176834,JPX-KTST,133468,False
1176834,JPX-KTST,133467,False
1176835,JPX-KTST,133475,False
1176835,JPX-KTST,133471,False
1176835,JPX-KTST,133473,False
1176835,JPX-KTST,133472,False
1176835,JPX-KTST,133474,False
1176835,JPX-KTST,133476,False
1176835,JPX-SIMP,134043,False
1176835,JPX-SIMP,134042,False
1176835,JPX-SIMP,134041,False
1176835,JPX-SIMP,134040,False
1176835,JPX-SIMP,134039,False
1176835,JPX-SIMP,134038,False
1176835,JPX-SIMP,134037,False
1176835,JPX-SIMP,134036,False
1176835,JPX-SIMP,134035,False
1176835,JPX-SIMP,134034,False
1176835,JPX-XAG,134943,False
1176835,JPX-XAG,134942,False
1176835,JPX-XAG,134941,False
1176835,JPX-XAG,134940,False
1176835,JPX-XAG,134939,False
1176835,JPX-XAG,134938,False
1176835,JPX-XAG,134937,False
1176835,JPX-XAG,134936,False
1176835,JPX-XAG,134935,False
1176835,JPX-XAG,134944,False
1176888,JPX-ETFSH,127283,False
1176930,JPX-JNAF,134663,False
1176930,JPX-XAG,134959,False
1176930,JPX-GOLD,139020,False
1176930,JPX-HT,135171,False
1176930,JPX-CARD,138019,False
1176930,JPX-KTST,133493,False
1176930,JPX-HT,135172,False
1176930,JPX-JNAF,134664,False
1176931,JPX-ETFSH,127280,False
1176931,JPX-ETFSH,127279,False
1176931,JPX-ETFSH,127278,False
1176931,JPX-ETFSH,127276,False
1176931,JPX-ETFSH,127275,False
1176932,JPX-ETFSH,127281,False
1176932,JPX-ETFSH,127282,False
1176932,JPX-ETFSH,127274,False
1176933,JPX-ETFSH,127277,False
1176933,JPX-ETFSH,127273,False
1176934,JPX-CARD,138018,False
1176934,JPX-CARD,138016,False
1176934,JPX-CARD,138014,False
1176934,JPX-CARD,138012,False
1176934,JPX-CARD,138011,False
1176934,JPX-CARD,138010,False
1176934,JPX-CARD,138017,False
1176934,JPX-CARD,138009,False
1176934,JPX-CARD,138013,False
1176934,JPX-CARD,138015,False
1176934,JPX-GOLD,139018,False
1176934,JPX-GOLD,139016,False
1176934,JPX-GOLD,139015,False
1176934,JPX-GOLD,139014,False
1176934,JPX-GOLD,139013,False
1176934,JPX-GOLD,139012,False
1176934,JPX-GOLD,139011,False
1176934,JPX-GOLD,139010,False
1176934,JPX-GOLD,139019,False
1176934,JPX-GOLD,139017,False
1176934,JPX-HT,135170,False
1176934,JPX-HT,135169,False
1176934,JPX-HT,135168,False
1176934,JPX-HT,135167,False
1176934,JPX-HT,135166,False
1176934,JPX-HT,135165,False
1176934,JPX-HT,135164,False
1176934,JPX-HT,135163,False
1176934,JPX-HT,135162,False
1176934,JPX-HT,135161,False
1176935,JPX-JNAF,134659,False
1176935,JPX-JNAF,134658,False
1176935,JPX-JNAF,134657,False
1176935,JPX-JNAF,134656,False
1176935,JPX-JNAF,134655,False
1176935,JPX-JNAF,134654,False
1176935,JPX-JNAF,134653,False
1176935,JPX-JNAF,134652,False
1176935,JPX-JNAF,134660,False
1176935,JPX-JNAF,134651,False
1176936,JPX-KTST,133491,False
1176936,JPX-KTST,133490,False
1176936,JPX-KTST,133489,False
1176936,JPX-KTST,133487,False
1176936,JPX-KTST,133485,False
1176936,JPX-KTST,133488,False
1176936,JPX-KTST,133482,False
1176936,JPX-KTST,133486,False
1176936,JPX-KTST,133484,False
1176936,JPX-KTST,133483,False
1176937,JPX-SIMP,134054,False
1176937,JPX-SIMP,134053,False
1176937,JPX-SIMP,134052,False
1176937,JPX-SIMP,134051,False
1176937,JPX-SIMP,134050,False
1176937,JPX-SIMP,134049,False
1176937,JPX-SIMP,134048,False
1176937,JPX-SIMP,134047,False
1176937,JPX-SIMP,134046,False
1176937,JPX-SIMP,134045,False
1176937,JPX-XAG,134958,False
1176937,JPX-XAG,134957,False
1176937,JPX-XAG,134956,False
1176937,JPX-XAG,134954,False
1176937,JPX-XAG,134949,False
1176937,JPX-XAG,134955,False
1176937,JPX-XAG,134950,False
1176937,JPX-XAG,134952,False
1176937,JPX-XAG,134951,False
1176937,JPX-XAG,134953,False
1177031,JPX-ETFSH,127293,False
1177031,JPX-ETFSH,127292,False
1177031,JPX-ETFSH,127291,False
1177031,JPX-ETFSH,127288,False
1177031,JPX-ETFSH,127287,False
1177031,JPX-ETFSH,127290,False
1177032,JPX-ETFSH,127284,False
1177033,JPX-ETFSH,127289,False
1177033,JPX-ETFSH,127285,False
1177033,JPX-ETFSH,127286,False
1177034,JPX-CARD,138028,False
1177034,JPX-CARD,138027,False
1177034,JPX-CARD,138026,False
1177034,JPX-CARD,138025,False
1177034,JPX-CARD,138024,False
1177034,JPX-CARD,138023,False
1177034,JPX-CARD,138022,False
1177034,JPX-CARD,138020,False
1177034,JPX-CARD,138029,False
1177034,JPX-CARD,138021,False
1177034,JPX-GOLD,139028,False
1177034,JPX-GOLD,139026,False
1177034,JPX-GOLD,139024,False
1177034,JPX-GOLD,139032,False
1177034,JPX-GOLD,139030,False
1177034,JPX-GOLD,139033,False
1177034,JPX-GOLD,139031,False
1177034,JPX-GOLD,139029,False
1177034,JPX-GOLD,139027,False
1177034,JPX-GOLD,139025,False
1177035,JPX-HT,135182,False
1177035,JPX-HT,135181,False
1177035,JPX-HT,135180,False
1177035,JPX-HT,135179,False
1177035,JPX-HT,135178,False
1177035,JPX-HT,135177,False
1177035,JPX-HT,135175,False
1177035,JPX-HT,135174,False
1177035,JPX-HT,135173,False
1177035,JPX-HT,135176,False
1177035,JPX-JNAF,134675,False
1177035,JPX-JNAF,134673,False
1177035,JPX-JNAF,134672,False
1177035,JPX-JNAF,134671,False
1177035,JPX-JNAF,134669,False
1177035,JPX-JNAF,134668,False
1177035,JPX-JNAF,134667,False
1177035,JPX-JNAF,134666,False
1177035,JPX-JNAF,134674,False
1177035,JPX-JNAF,134670,False
1177036,JPX-KTST,133500,False
1177036,JPX-KTST,133498,False
1177036,JPX-KTST,133496,False
1177036,JPX-KTST,133494,False
1177036,JPX-KTST,133502,False
1177036,JPX-KTST,133501,False
1177036,JPX-KTST,133499,False
1177036,JPX-KTST,133495,False
1177036,JPX-KTST,133497,False
1177036,JPX-KTST,133503,False
1177036,JPX-SIMP,134064,False
1177036,JPX-SIMP,134063,False
1177036,JPX-SIMP,134062,False
1177036,JPX-SIMP,134061,False
1177036,JPX-SIMP,134060,False
1177036,JPX-SIMP,134059,False
1177036,JPX-SIMP,134058,False
1177036,JPX-SIMP,134057,False
1177036,JPX-SIMP,134056,False
1177036,JPX-SIMP,134055,False
1177036,JPX-XAG,134969,False
1177036,JPX-XAG,134967,False
1177036,JPX-XAG,134965,False
1177036,JPX-XAG,134963,False
1177036,JPX-XAG,134961,False
1177036,JPX-XAG,134970,False
1177036,JPX-XAG,134968,False
1177036,JPX-XAG,134962,False
1177036,JPX-XAG,134964,False
1177036,JPX-XAG,134966,False
1177037,JPX-JNAF,134687,False
1177037,JPX-XAG,134981,False
1177037,JPX-HT,135193,False
1177037,JPX-KTST,133514,False
1177037,JPX-JNAF,134688,False
1177037,JPX-GOLD,139045,False
1177131,JPX-ETFSH,127299,False
1177131,JPX-ETFSH,127298,False
1177131,JPX-ETFSH,127296,False
1177131,JPX-ETFSH,127303,False
1177132,JPX-ETFSH,127297,False
1177132,JPX-ETFSH,127301,False
1177132,JPX-ETFSH,127294,False
1177132,JPX-ETFSH,127300,False
1177133,JPX-ETFSH,127295,False
1177133,JPX-ETFSH,127302,False
1177134,JPX-CARD,138039,False
1177134,JPX-CARD,138038,False
1177134,JPX-CARD,138037,False
1177134,JPX-CARD,138035,False
1177134,JPX-CARD,138033,False
1177134,JPX-CARD,138032,False
1177134,JPX-CARD,138030,False
1177134,JPX-CARD,138036,False
1177134,JPX-CARD,138034,False
1177134,JPX-CARD,138031,False
1177134,JPX-GOLD,139043,False
1177134,JPX-GOLD,139041,False
1177134,JPX-GOLD,139039,False
1177134,JPX-GOLD,139037,False
1177134,JPX-GOLD,139036,False
1177134,JPX-GOLD,139034,False
1177134,JPX-GOLD,139042,False
1177134,JPX-GOLD,139035,False
1177134,JPX-GOLD,139040,False
1177134,JPX-GOLD,139038,False
1177134,JPX-HT,135191,False
1177134,JPX-HT,135187,False
1177134,JPX-HT,135186,False
1177134,JPX-HT,135184,False
1177134,JPX-HT,135183,False
1177134,JPX-HT,135185,False
1177134,JPX-HT,135192,False
1177134,JPX-HT,135190,False
1177134,JPX-HT,135188,False
1177134,JPX-HT,135189,False
1177135,JPX-JNAF,134684,False
1177135,JPX-JNAF,134682,False
1177135,JPX-JNAF,134679,False
1177135,JPX-JNAF,134677,False
1177135,JPX-JNAF,134683,False
1177135,JPX-JNAF,134680,False
1177135,JPX-JNAF,134676,False
1177135,JPX-JNAF,134685,False
1177135,JPX-JNAF,134678,False
1177135,JPX-JNAF,134681,False
1177136,JPX-KTST,133513,False
1177136,JPX-KTST,133512,False
1177136,JPX-KTST,133511,False
1177136,JPX-KTST,133510,False
1177136,JPX-KTST,133508,False
1177136,JPX-KTST,133506,False
1177136,JPX-KTST,133505,False
1177136,JPX-KTST,133504,False
1177136,JPX-KTST,133509,False
1177136,JPX-KTST,133507,False
1177136,JPX-SIMP,134074,False
1177136,JPX-SIMP,134073,False
1177136,JPX-SIMP,134072,False
1177136,JPX-SIMP,134071,False
1177136,JPX-SIMP,134070,False
1177136,JPX-SIMP,134069,False
1177136,JPX-SIMP,134068,False
1177136,JPX-SIMP,134067,False
1177136,JPX-SIMP,134066,False
1177136,JPX-SIMP,134065,False
1177136,JPX-XAG,134976,False
1177136,JPX-XAG,134974,False
1177136,JPX-XAG,134972,False
1177136,JPX-XAG,134971,False
1177136,JPX-XAG,134978,False
1177136,JPX-XAG,134980,False
1177136,JPX-XAG,134979,False
1177136,JPX-XAG,134973,False
1177136,JPX-XAG,134975,False
1177136,JPX-XAG,134977,False
1177137,JPX-JNAF,134702,False
1177137,JPX-CARD,138051,False
1177137,JPX-KTST,133526,False
1177137,JPX-GOLD,139057,False
1177137,JPX-XAG,134993,False
1177155,JPX-ETFSH,127316,False
1177155,JPX-XAG,134994,False
1177217,JPX-JNAF,134705,False
1177231,JPX-ETFSH,127312,False
1177231,JPX-ETFSH,127311,False
1177231,JPX-ETFSH,127310,False
1177231,JPX-ETFSH,127309,False
1177231,JPX-ETFSH,127307,False
1177231,JPX-ETFSH,127306,False
1177231,JPX-ETFSH,127305,False
1177231,JPX-ETFSH,127304,False
1177232,JPX-ETFSH,127313,False
1177234,JPX-ETFSH,127308,False
1177235,JPX-CARD,138050,False
1177235,JPX-CARD,138047,False
1177235,JPX-CARD,138045,False
1177235,JPX-CARD,138043,False
1177235,JPX-CARD,138042,False
1177235,JPX-CARD,138041,False
1177235,JPX-CARD,138049,False
1177235,JPX-CARD,138044,False
1177235,JPX-CARD,138046,False
1177235,JPX-CARD,138048,False
1177235,JPX-GOLD,139055,False
1177235,JPX-GOLD,139052,False
1177235,JPX-GOLD,139050,False
1177235,JPX-GOLD,139049,False
1177235,JPX-GOLD,139048,False
1177235,JPX-GOLD,139047,False
1177235,JPX-GOLD,139046,False
1177235,JPX-GOLD,139054,False
1177235,JPX-GOLD,139053,False
1177235,JPX-GOLD,139051,False
1177235,JPX-HT,135203,False
1177235,JPX-HT,135201,False
1177235,JPX-HT,135199,False
1177235,JPX-HT,135197,False
1177235,JPX-HT,135195,False
1177235,JPX-HT,135200,False
1177235,JPX-HT,135198,False
1177235,JPX-HT,135196,False
1177235,JPX-HT,135202,False
1177235,JPX-HT,135204,False
1177235,JPX-JNAF,134700,False
1177235,JPX-JNAF,134699,False
1177235,JPX-JNAF,134698,False
1177235,JPX-JNAF,134697,False
1177235,JPX-JNAF,134696,False
1177235,JPX-JNAF,134695,False
1177235,JPX-JNAF,134694,False
1177235,JPX-JNAF,134692,False
1177235,JPX-JNAF,134701,False
1177236,JPX-JNAF,134693,False
1177236,JPX-KTST,133523,False
1177236,JPX-KTST,133522,False
1177236,JPX-KTST,133521,False
1177236,JPX-KTST,133518,False
1177236,JPX-KTST,133516,False
1177236,JPX-KTST,133520,False
1177237,JPX-KTST,133519,False
1177237,JPX-KTST,133525,False
1177237,JPX-KTST,133517,False
1177237,JPX-KTST,133524,False
1177237,JPX-SIMP,134084,False
1177237,JPX-SIMP,134083,False
1177237,JPX-SIMP,134082,False
1177237,JPX-SIMP,134081,False
1177237,JPX-SIMP,134079,False
1177237,JPX-SIMP,134077,False
1177237,JPX-SIMP,134076,False
1177237,JPX-SIMP,134075,False
1177237,JPX-SIMP,134080,False
1177237,JPX-SIMP,134078,False
1177237,JPX-XAG,134991,False
1177237,JPX-XAG,134986,False
1177237,JPX-XAG,134984,False
1177237,JPX-XAG,134990,False
1177237,JPX-XAG,134983,False
1177237,JPX-XAG,134992,False
1177237,JPX-XAG,134988,False
1177237,JPX-XAG,134985,False
1177237,JPX-XAG,134987,False
1177237,JPX-XAG,134989,False
1177249,JPX-JNAF,134716,False
1177249,JPX-XAG,135006,False
1177249,JPX-HT,135216,False
1177249,JPX-CARD,138062,False
1177249,JPX-KTST,133541,False
1177249,JPX-GOLD,139070,False
1177331,JPX-ETFSH,127324,False
1177331,JPX-ETFSH,127323,False
1177331,JPX-ETFSH,127322,False
1177331,JPX-ETFSH,127320,False
1177331,JPX-ETFSH,127318,False
1177331,JPX-ETFSH,127319,False
1177332,JPX-ETFSH,127326,False
1177332,JPX-ETFSH,127321,False
1177332,JPX-ETFSH,127325,False
1177332,JPX-ETFSH,127317,False
1177333,JPX-CARD,138061,False
1177333,JPX-CARD,138059,False
1177333,JPX-CARD,138055,False
1177333,JPX-CARD,138053,False
1177333,JPX-CARD,138052,False
1177333,JPX-CARD,138057,False
1177333,JPX-CARD,138054,False
1177333,JPX-CARD,138056,False
1177333,JPX-CARD,138058,False
1177333,JPX-CARD,138060,False
1177333,JPX-GOLD,139067,False
1177333,JPX-GOLD,139065,False
1177333,JPX-GOLD,139063,False
1177333,JPX-GOLD,139061,False
1177333,JPX-GOLD,139059,False
1177333,JPX-GOLD,139068,False
1177333,JPX-GOLD,139066,False
1177333,JPX-GOLD,139064,False
1177333,JPX-GOLD,139062,False
1177333,JPX-GOLD,139060,False
1177333,JPX-HT,135215,False
1177333,JPX-HT,135214,False
1177333,JPX-HT,135213,False
1177333,JPX-HT,135211,False
1177333,JPX-HT,135209,False
1177333,JPX-HT,135207,False
1177333,JPX-HT,135212,False
1177333,JPX-HT,135210,False
1177333,JPX-HT,135208,False
1177333,JPX-HT,135206,False
1177334,JPX-JNAF,134715,False
1177334,JPX-JNAF,134713,False
1177334,JPX-JNAF,134712,False
1177334,JPX-JNAF,134709,False
1177334,JPX-JNAF,134707,False
1177334,JPX-JNAF,134711,False
1177334,JPX-JNAF,134714,False
1177334,JPX-JNAF,134708,False
1177334,JPX-JNAF,134706,False
1177334,JPX-JNAF,134710,False
1177335,JPX-KTST,133538,False
1177335,JPX-KTST,133535,False
1177335,JPX-KTST,133533,False
1177335,JPX-KTST,133531,False
1177335,JPX-KTST,133536,False
1177335,JPX-KTST,133539,False
1177335,JPX-KTST,133537,False
1177335,JPX-KTST,133530,False
1177335,JPX-KTST,133532,False
1177335,JPX-KTST,133534,False
1177335,JPX-SIMP,134095,False
1177335,JPX-SIMP,134094,False
1177335,JPX-SIMP,134092,False
1177335,JPX-SIMP,134091,False
1177335,JPX-SIMP,134090,False
1177335,JPX-SIMP,134089,False
1177335,JPX-SIMP,134087,False
1177335,JPX-SIMP,134086,False
1177335,JPX-SIMP,134093,False
1177335,JPX-SIMP,134088,False
1177335,JPX-XAG,135004,False
1177335,JPX-XAG,135003,False
1177335,JPX-XAG,135001,False
1177335,JPX-XAG,134999,False
1177335,JPX-XAG,134997,False
1177335,JPX-XAG,135002,False
1177335,JPX-XAG,134996,False
1177336,JPX-XAG,135000,False
1177336,JPX-XAG,134998,False
1177336,JPX-XAG,135005,False
1177341,JPX-XAG,135018,False
1177341,JPX-GOLD,139081,False
1177341,JPX-KTST,133552,False
1177358,JPX-GOLD,139083,False
1177417,JPX-JNAF,134729,False
1177431,JPX-ETFSH,127336,False
1177431,JPX-ETFSH,127334,False
1177431,JPX-ETFSH,127330,False
1177431,JPX-ETFSH,127327,False
1177431,JPX-ETFSH,127333,False
1177431,JPX-ETFSH,127332,False
1177431,JPX-ETFSH,127335,False
1177432,JPX-ETFSH,127329,False
1177432,JPX-ETFSH,127331,False
1177432,JPX-ETFSH,127328,False
1177434,JPX-CARD,138072,False
1177434,JPX-CARD,138071,False
1177434,JPX-CARD,138069,False
1177434,JPX-CARD,138067,False
1177434,JPX-CARD,138065,False
1177434,JPX-CARD,138063,False
1177434,JPX-CARD,138068,False
1177434,JPX-CARD,138066,False
1177434,JPX-CARD,138064,False
1177434,JPX-CARD,138070,False
1177434,JPX-GOLD,139077,False
1177434,JPX-GOLD,139075,False
1177434,JPX-GOLD,139073,False
1177434,JPX-GOLD,139071,False
1177434,JPX-GOLD,139080,False
1177434,JPX-GOLD,139076,False
1177434,JPX-GOLD,139074,False
1177434,JPX-GOLD,139072,False
1177434,JPX-GOLD,139078,False
1177434,JPX-GOLD,139079,False
1177434,JPX-HT,135227,False
1177434,JPX-HT,135226,False
1177434,JPX-HT,135225,False
1177434,JPX-HT,135224,False
1177434,JPX-HT,135223,False
1177434,JPX-HT,135222,False
1177434,JPX-HT,135220,False
1177434,JPX-HT,135219,False
1177434,JPX-HT,135221,False
1177434,JPX-HT,135218,False
1177434,JPX-JNAF,134728,False
1177434,JPX-JNAF,134726,False
1177434,JPX-JNAF,134723,False
1177434,JPX-JNAF,134721,False
1177434,JPX-JNAF,134719,False
1177434,JPX-JNAF,134720,False
1177434,JPX-JNAF,134722,False
1177434,JPX-JNAF,134724,False
1177435,JPX-JNAF,134727,False
1177435,JPX-JNAF,134725,False
1177435,JPX-KTST,133548,False
1177435,JPX-KTST,133545,False
1177435,JPX-KTST,133543,False
1177435,JPX-KTST,133542,False
1177435,JPX-KTST,133546,False
1177435,JPX-KTST,133544,False
1177435,JPX-KTST,133547,False
1177435,JPX-KTST,133549,False
1177435,JPX-KTST,133550,False
1177435,JPX-KTST,133551,False
1177436,JPX-SIMP,134105,False
1177436,JPX-SIMP,134104,False
1177436,JPX-SIMP,134103,False
1177436,JPX-SIMP,134102,False
1177436,JPX-SIMP,134101,False
1177436,JPX-SIMP,134100,False
1177436,JPX-SIMP,134099,False
1177436,JPX-SIMP,134098,False
1177436,JPX-SIMP,134097,False
1177436,JPX-SIMP,134096,False
1177436,JPX-XAG,135017,False
1177436,JPX-XAG,135016,False
1177436,JPX-XAG,135014,False
1177436,JPX-XAG,135012,False
1177436,JPX-XAG,135010,False
1177436,JPX-XAG,135008,False
1177436,JPX-XAG,135015,False
1177436,JPX-XAG,135009,False
1177436,JPX-XAG,135011,False
1177436,JPX-XAG,135013,False
1177436,JPX-XAG,135030,False
1177436,JPX-GOLD,139094,False
1177450,JPX-KTST,133565,False
1177450,JPX-KTST,133566,False
1177520,JPX-GOLD,139096,False
1177520,JPX-CARD,138085,False
1177520,JPX-KTST,133567,False
1177520,JPX-KTST,133568,False
1177520,JPX-XAG,135033,False
1177531,JPX-ETFSH,127348,False
1177531,JPX-ETFSH,127343,False
1177531,JPX-ETFSH,127341,False
1177531,JPX-ETFSH,127340,False
1177532,JPX-ETFSH,127345,False
1177532,JPX-ETFSH,127342,False
1177532,JPX-ETFSH,127347,False
1177532,JPX-ETFSH,127339,False
1177532,JPX-ETFSH,127344,False
1177533,JPX-ETFSH,127346,False
1177534,JPX-CARD,138083,False
1177534,JPX-CARD,138081,False
1177534,JPX-CARD,138079,False
1177534,JPX-CARD,138078,False
1177534,JPX-CARD,138077,False
1177534,JPX-CARD,138075,False
1177534,JPX-CARD,138080,False
1177534,JPX-CARD,138076,False
1177534,JPX-CARD,138074,False
1177534,JPX-CARD,138082,False
1177534,JPX-GOLD,139093,False
1177534,JPX-GOLD,139091,False
1177534,JPX-GOLD,139089,False
1177534,JPX-GOLD,139087,False
1177534,JPX-GOLD,139085,False
1177534,JPX-GOLD,139092,False
1177534,JPX-GOLD,139088,False
1177534,JPX-GOLD,139084,False
1177534,JPX-GOLD,139090,False
1177534,JPX-GOLD,139086,False
1177534,JPX-HT,135238,False
1177534,JPX-HT,135236,False
1177534,JPX-HT,135231,False
1177534,JPX-HT,135229,False
1177534,JPX-HT,135233,False
1177534,JPX-HT,135234,False
1177534,JPX-HT,135230,False
1177534,JPX-HT,135232,False
1177534,JPX-HT,135235,False
1177534,JPX-HT,135237,False
1177534,JPX-JNAF,134738,False
1177534,JPX-JNAF,134736,False
1177534,JPX-JNAF,134733,False
1177534,JPX-JNAF,134731,False
1177534,JPX-JNAF,134730,False
1177535,JPX-JNAF,134739,False
1177535,JPX-JNAF,134737,False
1177535,JPX-JNAF,134735,False
1177535,JPX-JNAF,134734,False
1177535,JPX-JNAF,134732,False
1177536,JPX-KTST,133563,False
1177536,JPX-KTST,133561,False
1177536,JPX-KTST,133559,False
1177536,JPX-KTST,133556,False
1177536,JPX-KTST,133557,False
1177537,JPX-KTST,133554,False
1177537,JPX-KTST,133555,False
1177537,JPX-KTST,133558,False
1177537,JPX-KTST,133560,False
1177537,JPX-KTST,133562,False
1177537,JPX-SIMP,134115,False
1177537,JPX-SIMP,134114,False
1177537,JPX-SIMP,134113,False
1177537,JPX-SIMP,134112,False
1177537,JPX-SIMP,134111,False
1177537,JPX-SIMP,134110,False
1177537,JPX-SIMP,134109,False
1177537,JPX-SIMP,134108,False
1177537,JPX-SIMP,134107,False
1177537,JPX-SIMP,134106,False
1177537,JPX-XAG,135028,False
1177537,JPX-XAG,135027,False
1177537,JPX-XAG,135025,False
1177537,JPX-XAG,135023,False
1177537,JPX-XAG,135021,False
1177537,JPX-XAG,135026,False
1177537,JPX-XAG,135022,False
1177537,JPX-XAG,135024,False
1177537,JPX-XAG,135020,False
1177537,JPX-XAG,135029,False
1177608,JPX-JNAF,134751,False
1177631,JPX-ETFSH,127358,False
1177631,JPX-ETFSH,127357,False
1177631,JPX-ETFSH,127356,False
1177631,JPX-ETFSH,127355,False
1177631,JPX-ETFSH,127354,False
1177632,JPX-ETFSH,127350,False
1177632,JPX-ETFSH,127353,False
1177632,JPX-ETFSH,127352,False
1177633,JPX-ETFSH,127349,False
1177633,JPX-ETFSH,127351,False
1177633,JPX-CARD,138091,False
1177633,JPX-CARD,138089,False
1177633,JPX-CARD,138087,False
1177633,JPX-CARD,138090,False
1177633,JPX-CARD,138088,False
1177633,JPX-CARD,138092,False
1177633,JPX-CARD,138086,False
1177633,JPX-CARD,138093,False
1177633,JPX-CARD,138095,False
1177633,JPX-CARD,138094,False
1177633,JPX-GOLD,139107,False
1177633,JPX-GOLD,139105,False
1177633,JPX-GOLD,139104,False
1177633,JPX-GOLD,139102,False
1177633,JPX-GOLD,139101,False
1177633,JPX-GOLD,139100,False
1177634,JPX-GOLD,139099,False
1177634,JPX-GOLD,139098,False
1177634,JPX-GOLD,139103,False
1177634,JPX-GOLD,139106,False
1177634,JPX-HT,135248,False
1177634,JPX-HT,135247,False
1177634,JPX-HT,135246,False
1177634,JPX-HT,135244,False
1177634,JPX-HT,135243,False
1177634,JPX-HT,135242,False
1177634,JPX-HT,135240,False
1177634,JPX-HT,135239,False
1177634,JPX-HT,135241,False
1177634,JPX-HT,135245,False
1177634,JPX-JNAF,134750,False
1177634,JPX-JNAF,134749,False
1177634,JPX-JNAF,134746,False
1177634,JPX-JNAF,134743,False
1177634,JPX-JNAF,134741,False
1177634,JPX-JNAF,134745,False
1177634,JPX-JNAF,134747,False
1177634,JPX-JNAF,134744,False
1177634,JPX-JNAF,134742,False
1177634,JPX-JNAF,134748,False
1177635,JPX-KTST,133574,False
1177635,JPX-KTST,133572,False
1177635,JPX-KTST,133570,False
1177635,JPX-KTST,133578,False
1177635,JPX-KTST,133576,False
1177635,JPX-KTST,133569,False
1177635,JPX-KTST,133575,False
1177635,JPX-KTST,133571,False
1177635,JPX-KTST,133573,False
1177635,JPX-KTST,133577,False
1177636,JPX-SIMP,134125,False
1177636,JPX-SIMP,134124,False
1177636,JPX-SIMP,134121,False
1177636,JPX-SIMP,134120,False
1177636,JPX-SIMP,134119,False
1177636,JPX-SIMP,134117,False
1177636,JPX-SIMP,134116,False
1177636,JPX-SIMP,134118,False
1177636,JPX-SIMP,134123,False
1177636,JPX-SIMP,134122,False
1177636,JPX-XAG,135042,False
1177636,JPX-XAG,135041,False
1177636,JPX-XAG,135040,False
1177636,JPX-XAG,135039,False
1177636,JPX-XAG,135038,False
1177636,JPX-XAG,135037,False
1177636,JPX-XAG,135036,False
1177636,JPX-XAG,135035,False
1177636,JPX-XAG,135034,False
1177636,JPX-XAG,135043,False
1177641,JPX-CARD,138106,False
1177657,JPX-KTST,133593,False
1177657,JPX-XAG,135060,False
1177672,JPX-GOLD,139122,False
1177672,JPX-XAG,135061,False
1177705,JPX-XAG,135062,False
1177722,JPX-XAG,135063,False
1177722,JPX-XAG,135064,False
1177722,JPX-GOLD,139125,False
1177722,JPX-HT,135263,False
1177722,JPX-CARD,138107,False
1177722,JPX-JNAF,134765,False
1177731,JPX-ETFSH,127367,False
1177731,JPX-ETFSH,127365,False
1177731,JPX-ETFSH,127364,False
1177731,JPX-ETFSH,127363,False
1177732,JPX-ETFSH,127361,False
1177733,JPX-ETFSH,127369,False
1177733,JPX-ETFSH,127366,False
1177733,JPX-ETFSH,127368,False
1177733,JPX-ETFSH,127362,False
1177734,JPX-CARD,138105,False
1177734,JPX-CARD,138104,False
1177734,JPX-CARD,138103,False
1177734,JPX-CARD,138101,False
1177734,JPX-CARD,138099,False
1177734,JPX-CARD,138097,False
1177734,JPX-CARD,138098,False
1177734,JPX-CARD,138096,False
1177734,JPX-CARD,138100,False
1177734,JPX-CARD,138102,False
1177734,JPX-GOLD,139120,False
1177734,JPX-GOLD,139119,False
1177734,JPX-GOLD,139118,False
1177734,JPX-GOLD,139117,False
1177734,JPX-GOLD,139116,False
1177734,JPX-GOLD,139115,False
1177734,JPX-GOLD,139114,False
1177734,JPX-GOLD,139113,False
1177734,JPX-GOLD,139112,False
1177734,JPX-GOLD,139111,False
1177734,JPX-HT,135260,False
1177734,JPX-HT,135259,False
1177734,JPX-HT,135258,False
1177734,JPX-HT,135257,False
1177734,JPX-HT,135256,False
1177734,JPX-HT,135255,False
1177734,JPX-HT,135254,False
1177734,JPX-HT,135253,False
1177734,JPX-HT,135252,False
1177734,JPX-HT,135251,False
1177734,JPX-JNAF,134761,False
1177734,JPX-JNAF,134760,False
1177734,JPX-JNAF,134759,False
1177734,JPX-JNAF,134758,False
1177734,JPX-JNAF,134757,False
1177734,JPX-JNAF,134756,False
1177734,JPX-JNAF,134754,False
1177735,JPX-JNAF,134762,False
1177735,JPX-JNAF,134755,False
1177735,JPX-JNAF,134763,False
1177735,JPX-KTST,133591,False
1177735,JPX-KTST,133589,False
1177735,JPX-KTST,133587,False
1177735,JPX-KTST,133583,False
1177735,JPX-KTST,133585,False
1177735,JPX-KTST,133584,False
1177736,JPX-KTST,133588,False
1177736,JPX-KTST,133590,False
1177736,JPX-KTST,133582,False
1177736,JPX-KTST,133586,False
1177736,JPX-SIMP,134133,False
1177736,JPX-SIMP,134131,False
1177736,JPX-SIMP,134129,False
1177736,JPX-SIMP,134128,False
1177736,JPX-SIMP,134126,False
1177736,JPX-SIMP,134130,False
1177736,JPX-SIMP,134134,False
1177736,JPX-SIMP,134127,False
1177736,JPX-SIMP,134135,False
1177736,JPX-SIMP,134132,False
1177736,JPX-XAG,135058,False
1177736,JPX-XAG,135057,False
1177736,JPX-XAG,135056,False
1177736,JPX-XAG,135055,False
1177736,JPX-XAG,135054,False
1177736,JPX-XAG,135053,False
1177736,JPX-XAG,135052,False
1177736,JPX-XAG,135051,False
1177736,JPX-XAG,135050,False
1177736,JPX-XAG,135049,False
1177738,JPX-HT,135274,False
1177831,JPX-ETFSH,127378,False
1177831,JPX-ETFSH,127376,False
1177831,JPX-ETFSH,127373,False
1177831,JPX-ETFSH,127372,False
1177831,JPX-ETFSH,127381,False
1177831,JPX-ETFSH,127374,False
1177831,JPX-ETFSH,127379,False
1177831,JPX-ETFSH,127380,False
1177832,JPX-ETFSH,127375,False
1177833,JPX-ETFSH,127377,False
1177833,JPX-CARD,138116,False
1177833,JPX-CARD,138109,False
1177833,JPX-CARD,138111,False
1177833,JPX-CARD,138115,False
1177833,JPX-CARD,138117,False
1177833,JPX-CARD,138113,False
1177833,JPX-CARD,138108,False
1177833,JPX-CARD,138110,False
1177833,JPX-CARD,138112,False
1177833,JPX-CARD,138114,False
1177833,JPX-GOLD,139135,False
1177833,JPX-GOLD,139134,False
1177833,JPX-GOLD,139133,False
1177833,JPX-GOLD,139132,False
1177833,JPX-GOLD,139131,False
1177833,JPX-GOLD,139130,False
1177833,JPX-GOLD,139129,False
1177833,JPX-GOLD,139128,False
1177833,JPX-GOLD,139127,False
1177833,JPX-GOLD,139126,False
1177833,JPX-HT,135273,False
1177833,JPX-HT,135272,False
1177833,JPX-HT,135271,False
1177833,JPX-HT,135270,False
1177833,JPX-HT,135269,False
1177833,JPX-HT,135268,False
1177833,JPX-HT,135266,False
1177833,JPX-HT,135264,False
1177833,JPX-HT,135265,False
1177833,JPX-HT,135267,False
1177834,JPX-JNAF,134775,False
1177834,JPX-JNAF,134774,False
1177834,JPX-JNAF,134773,False
1177834,JPX-JNAF,134772,False
1177834,JPX-JNAF,134771,False
1177834,JPX-JNAF,134769,False
1177834,JPX-JNAF,134767,False
1177834,JPX-JNAF,134770,False
1177834,JPX-JNAF,134768,False
1177834,JPX-JNAF,134766,False
1177835,JPX-KTST,133605,False
1177835,JPX-KTST,133604,False
1177835,JPX-KTST,133597,False
1177835,JPX-KTST,133603,False
1177835,JPX-KTST,133601,False
1177835,JPX-KTST,133599,False
1177835,JPX-KTST,133600,False
1177835,JPX-KTST,133596,False
1177835,JPX-KTST,133598,False
1177835,JPX-KTST,133602,False
1177835,JPX-SIMP,134144,False
1177835,JPX-SIMP,134142,False
1177835,JPX-SIMP,134141,False
1177835,JPX-SIMP,134140,False
1177835,JPX-SIMP,134139,False
1177835,JPX-SIMP,134138,False
1177835,JPX-SIMP,134137,False
1177835,JPX-SIMP,134136,False
1177835,JPX-SIMP,134143,False
1177835,JPX-SIMP,134145,False
1177835,JPX-XAG,135074,False
1177835,JPX-XAG,135073,False
1177835,JPX-XAG,135072,False
1177835,JPX-XAG,135070,False
1177835,JPX-XAG,135069,False
1177835,JPX-XAG,135068,False
1177835,JPX-XAG,135067,False
1177835,JPX-XAG,135065,False
1177835,JPX-XAG,135066,False
1177835,JPX-XAG,135071,False
1177840,JPX-JNAF,134787,False
1177856,JPX-XAG,135086,False
1177856,JPX-KTST,133618,False
1177856,JPX-HT,135286,False
1177856,JPX-GOLD,139147,False
1177917,JPX-ETFSH,127393,False
1177931,JPX-ETFSH,127390,False
1177931,JPX-ETFSH,127388,False
1177931,JPX-ETFSH,127386,False
1177931,JPX-ETFSH,127389,False
1177931,JPX-ETFSH,127387,False
1177931,JPX-ETFSH,127385,False
1177932,JPX-ETFSH,127382,False
1177932,JPX-ETFSH,127391,False
1177932,JPX-ETFSH,127384,False
1177932,JPX-ETFSH,127383,False
1177933,JPX-CARD,138122,False
1177933,JPX-CARD,138125,False
1177933,JPX-CARD,138126,False
1177933,JPX-CARD,138119,False
1177933,JPX-CARD,138121,False
1177933,JPX-CARD,138127,False
1177933,JPX-CARD,138123,False
1177933,JPX-CARD,138118,False
1177933,JPX-CARD,138124,False
1177933,JPX-CARD,138120,False
1177933,JPX-GOLD,139146,False
1177933,JPX-GOLD,139145,False
1177933,JPX-GOLD,139144,False
1177933,JPX-GOLD,139143,False
1177933,JPX-GOLD,139142,False
1177933,JPX-GOLD,139141,False
1177933,JPX-GOLD,139140,False
1177933,JPX-GOLD,139139,False
1177933,JPX-GOLD,139138,False
1177933,JPX-GOLD,139137,False
1177933,JPX-HT,135284,False
1177933,JPX-HT,135283,False
1177933,JPX-HT,135281,False
1177933,JPX-HT,135280,False
1177933,JPX-HT,135279,False
1177933,JPX-HT,135278,False
1177933,JPX-HT,135277,False
1177933,JPX-HT,135276,False
1177933,JPX-HT,135275,False
1177933,JPX-HT,135282,False
1177934,JPX-JNAF,134786,False
1177934,JPX-JNAF,134784,False
1177934,JPX-JNAF,134782,False
1177934,JPX-JNAF,134781,False
1177934,JPX-JNAF,134780,False
1177934,JPX-JNAF,134779,False
1177934,JPX-JNAF,134777,False
1177934,JPX-JNAF,134783,False
1177934,JPX-JNAF,134778,False
1177934,JPX-JNAF,134785,False
1177934,JPX-KTST,133614,False
1177934,JPX-KTST,133615,False
1177934,JPX-KTST,133613,False
1177934,JPX-KTST,133611,False
1177934,JPX-KTST,133609,False
1177935,JPX-KTST,133612,False
1177935,JPX-KTST,133610,False
1177935,JPX-KTST,133617,False
1177935,JPX-KTST,133616,False
1177935,JPX-KTST,133608,False
1177935,JPX-SIMP,134155,False
1177935,JPX-SIMP,134153,False
1177935,JPX-SIMP,134152,False
1177935,JPX-SIMP,134151,False
1177935,JPX-SIMP,134150,False
1177935,JPX-SIMP,134149,False
1177935,JPX-SIMP,134148,False
1177935,JPX-SIMP,134146,False
1177935,JPX-SIMP,134147,False
1177935,JPX-SIMP,134154,False
1177935,JPX-XAG,135085,False
1177935,JPX-XAG,135084,False
1177935,JPX-XAG,135082,False
1177935,JPX-XAG,135081,False
1177935,JPX-XAG,135080,False
1177935,JPX-XAG,135079,False
1177935,JPX-XAG,135078,False
1177935,JPX-XAG,135077,False
1177935,JPX-XAG,135083,False
1177935,JPX-XAG,135076,False
1177935,JPX-XAG,135098,False
1177935,JPX-HT,135298,False
1177935,JPX-KTST,133631,False
1177935,JPX-GOLD,139158,False
1178001,JPX-ETFSH,127404,False
1178016,JPX-XAG,135100,False
1178016,JPX-HT,135300,False
1178016,JPX-CARD,138140,False
1178016,JPX-KTST,133632,False
1178016,JPX-GOLD,139160,False
1178031,JPX-ETFSH,127400,False
1178031,JPX-ETFSH,127399,False
1178031,JPX-ETFSH,127397,False
1178031,JPX-ETFSH,127395,False
1178031,JPX-ETFSH,127394,False
1178031,JPX-ETFSH,127401,False
1178031,JPX-ETFSH,127402,False
1178032,JPX-ETFSH,127398,False
1178032,JPX-ETFSH,127403,False
1178033,JPX-ETFSH,127396,False
1178034,JPX-CARD,138138,False
1178034,JPX-CARD,138137,False
1178034,JPX-CARD,138136,False
1178034,JPX-CARD,138134,False
1178034,JPX-CARD,138131,False
1178034,JPX-CARD,138135,False
1178034,JPX-CARD,138130,False
1178034,JPX-CARD,138133,False
1178034,JPX-CARD,138132,False
1178034,JPX-CARD,138129,False
1178034,JPX-GOLD,139157,False
1178034,JPX-GOLD,139156,False
1178034,JPX-GOLD,139155,False
1178034,JPX-GOLD,139154,False
1178034,JPX-GOLD,139153,False
1178034,JPX-GOLD,139152,False
1178034,JPX-GOLD,139151,False
1178034,JPX-GOLD,139150,False
1178034,JPX-GOLD,139149,False
1178034,JPX-GOLD,139148,False
1178034,JPX-HT,135296,False
1178034,JPX-HT,135294,False
1178034,JPX-HT,135293,False
1178034,JPX-HT,135292,False
1178034,JPX-HT,135291,False
1178034,JPX-HT,135290,False
1178034,JPX-HT,135289,False
1178034,JPX-HT,135288,False
1178034,JPX-HT,135295,False
1178034,JPX-HT,135297,False
1178034,JPX-JNAF,134795,False
1178034,JPX-JNAF,134793,False
1178034,JPX-JNAF,134792,False
1178034,JPX-JNAF,134790,False
1178034,JPX-JNAF,134788,False
1178034,JPX-JNAF,134797,False
1178034,JPX-JNAF,134791,False
1178034,JPX-JNAF,134789,False
1178035,JPX-JNAF,134794,False
1178035,JPX-JNAF,134796,False
1178035,JPX-KTST,133628,False
1178035,JPX-KTST,133626,False
1178035,JPX-KTST,133624,False
1178035,JPX-KTST,133622,False
1178035,JPX-KTST,133620,False
1178035,JPX-KTST,133621,False
1178036,JPX-KTST,133623,False
1178036,JPX-KTST,133627,False
1178036,JPX-KTST,133629,False
1178036,JPX-KTST,133625,False
1178036,JPX-SIMP,134166,False
1178036,JPX-SIMP,134165,False
1178036,JPX-SIMP,134164,False
1178036,JPX-SIMP,134163,False
1178036,JPX-SIMP,134159,False
1178036,JPX-SIMP,134158,False
1178036,JPX-SIMP,134157,False
1178036,JPX-SIMP,134161,False
1178036,JPX-SIMP,134160,False
1178036,JPX-SIMP,134162,False
1178036,JPX-XAG,135097,False
1178036,JPX-XAG,135096,False
1178036,JPX-XAG,135095,False
1178036,JPX-XAG,135093,False
1178036,JPX-XAG,135092,False
1178036,JPX-XAG,135091,False
1178036,JPX-XAG,135090,False
1178036,JPX-XAG,135089,False
1178036,JPX-XAG,135088,False
1178036,JPX-XAG,135094,False
1178131,JPX-ETFSH,127409,False
1178131,JPX-ETFSH,127405,False
1178131,JPX-ETFSH,127407,False
1178132,JPX-ETFSH,127408,False
1178132,JPX-ETFSH,127410,False
1178132,JPX-ETFSH,127406,False
1178132,JPX-ETFSH,127412,False
1178132,JPX-ETFSH,127411,False
1178132,JPX-ETFSH,127413,False
1178132,JPX-ETFSH,127414,False
1178133,JPX-CARD,138144,False
1178133,JPX-CARD,138142,False
1178133,JPX-CARD,138147,False
1178133,JPX-CARD,138148,False
1178133,JPX-CARD,138146,False
1178133,JPX-CARD,138141,False
1178133,JPX-CARD,138149,False
1178133,JPX-CARD,138150,False
1178133,JPX-CARD,138145,False
1178133,JPX-CARD,138143,False
1178133,JPX-GOLD,139170,False
1178133,JPX-GOLD,139169,False
1178133,JPX-GOLD,139168,False
1178133,JPX-GOLD,139166,False
1178133,JPX-GOLD,139164,False
1178133,JPX-GOLD,139163,False
1178133,JPX-GOLD,139162,False
1178133,JPX-GOLD,139161,False
1178133,JPX-GOLD,139167,False
1178133,JPX-GOLD,139165,False
1178133,JPX-HT,135311,False
1178133,JPX-HT,135310,False
1178133,JPX-HT,135309,False
1178133,JPX-HT,135308,False
1178133,JPX-HT,135307,False
1178133,JPX-HT,135306,False
1178133,JPX-HT,135305,False
1178133,JPX-HT,135304,False
1178133,JPX-HT,135303,False
1178133,JPX-HT,135302,False
1178133,JPX-JNAF,134808,False
1178133,JPX-JNAF,134806,False
1178133,JPX-JNAF,134804,False
1178133,JPX-JNAF,134802,False
1178133,JPX-JNAF,134800,False
1178134,JPX-JNAF,134807,False
1178134,JPX-JNAF,134805,False
1178134,JPX-JNAF,134801,False
1178134,JPX-JNAF,134799,False
1178134,JPX-JNAF,134803,False
1178134,JPX-KTST,133643,False
1178134,JPX-KTST,133641,False
1178134,JPX-KTST,133640,False
1178134,JPX-KTST,133638,False
1178134,JPX-KTST,133636,False
1178134,JPX-KTST,133635,False
1178134,JPX-KTST,133634,False
1178134,JPX-KTST,133642,False
1178135,JPX-KTST,133637,False
1178135,JPX-KTST,133639,False
1178135,JPX-SIMP,134176,False
1178135,JPX-SIMP,134175,False
1178135,JPX-SIMP,134173,False
1178135,JPX-SIMP,134170,False
1178135,JPX-SIMP,134169,False
1178135,JPX-SIMP,134168,False
1178135,JPX-SIMP,134167,False
1178135,JPX-SIMP,134171,False
1178135,JPX-SIMP,134172,False
1178135,JPX-SIMP,134174,False
1178135,JPX-XAG,135111,False
1178135,JPX-XAG,135110,False
1178135,JPX-XAG,135109,False
1178135,JPX-XAG,135108,False
1178135,JPX-XAG,135107,False
1178135,JPX-XAG,135106,False
1178135,JPX-XAG,135105,False
1178135,JPX-XAG,135104,False
1178135,JPX-XAG,135103,False
1178135,JPX-XAG,135102,False
1178135,JPX-JNAF,134819,False
1178135,JPX-HT,135322,False
1178135,JPX-KTST,133655,False
1178135,JPX-GOLD,139182,False
1178180,JPX-ETFSH,127428,False
1178193,JPX-XAG,135125,False
1178231,JPX-ETFSH,127425,False
1178231,JPX-ETFSH,127424,False
1178231,JPX-ETFSH,127418,False
1178231,JPX-ETFSH,127417,False
1178231,JPX-ETFSH,127421,False
1178232,JPX-ETFSH,127419,False
1178232,JPX-ETFSH,127420,False
1178232,JPX-ETFSH,127422,False
1178232,JPX-ETFSH,127423,False
1178233,JPX-ETFSH,127416,False
1178234,JPX-CARD,138153,False
1178234,JPX-CARD,138155,False
1178234,JPX-CARD,138151,False
1178234,JPX-CARD,138157,False
1178234,JPX-CARD,138159,False
1178234,JPX-CARD,138158,False
1178234,JPX-CARD,138152,False
1178234,JPX-CARD,138154,False
1178234,JPX-CARD,138160,False
1178234,JPX-CARD,138156,False
1178234,JPX-GOLD,139179,False
1178234,JPX-GOLD,139178,False
1178234,JPX-GOLD,139177,False
1178234,JPX-GOLD,139176,False
1178234,JPX-GOLD,139174,False
1178234,JPX-GOLD,139173,False
1178234,JPX-GOLD,139172,False
1178234,JPX-GOLD,139171,False
1178234,JPX-GOLD,139180,False
1178234,JPX-GOLD,139175,False
1178234,JPX-HT,135321,False
1178234,JPX-HT,135320,False
1178234,JPX-HT,135319,False
1178234,JPX-HT,135318,False
1178234,JPX-HT,135317,False
1178234,JPX-HT,135316,False
1178234,JPX-HT,135315,False
1178234,JPX-HT,135314,False
1178234,JPX-HT,135313,False
1178234,JPX-HT,135312,False
1178234,JPX-JNAF,134816,False
1178234,JPX-JNAF,134812,False
1178234,JPX-JNAF,134810,False
1178234,JPX-JNAF,134814,False
1178234,JPX-JNAF,134817,False
1178234,JPX-JNAF,134815,False
1178235,JPX-JNAF,134809,False
1178235,JPX-JNAF,134811,False
1178235,JPX-JNAF,134813,False
1178235,JPX-JNAF,134818,False
1178235,JPX-KTST,133653,False
1178235,JPX-KTST,133652,False
1178235,JPX-KTST,133651,False
1178235,JPX-KTST,133650,False
1178235,JPX-KTST,133649,False
1178235,JPX-KTST,133648,False
1178235,JPX-KTST,133647,False
1178235,JPX-KTST,133646,False
1178235,JPX-KTST,133645,False
1178235,JPX-KTST,133644,False
1178236,JPX-SIMP,134186,False
1178236,JPX-SIMP,134184,False
1178236,JPX-SIMP,134182,False
1178236,JPX-SIMP,134180,False
1178236,JPX-SIMP,134178,False
1178236,JPX-SIMP,134185,False
1178236,JPX-SIMP,134183,False
1178236,JPX-SIMP,134181,False
1178236,JPX-SIMP,134177,False
1178236,JPX-SIMP,134179,False
1178236,JPX-XAG,135122,False
1178236,JPX-XAG,135121,False
1178236,JPX-XAG,135119,False
1178236,JPX-XAG,135118,False
1178236,JPX-XAG,135117,False
1178236,JPX-XAG,135116,False
1178236,JPX-XAG,135114,False
1178236,JPX-XAG,135113,False
1178236,JPX-XAG,135120,False
1178236,JPX-XAG,135115,False
1178236,JPX-GOLD,139194,False
1178264,JPX-ETFSH,127439,False
1178279,JPX-JNAF,134832,False
1178279,JPX-GOLD,139195,False
1178279,JPX-HT,135333,False
1178279,JPX-KTST,133667,False
1178279,JPX-JNAF,134833,False
1178279,JPX-XAG,135136,False
1178306,JPX-XAG,135137,False
1178331,JPX-ETFSH,127438,False
1178331,JPX-ETFSH,127436,False
1178331,JPX-ETFSH,127433,False
1178331,JPX-ETFSH,127437,False
1178331,JPX-ETFSH,127435,False
1178331,JPX-ETFSH,127429,False
1178331,JPX-ETFSH,127434,False
1178332,JPX-ETFSH,127432,False
1178332,JPX-ETFSH,127431,False
1178332,JPX-ETFSH,127430,False
1178333,JPX-CARD,138162,False
1178333,JPX-CARD,138164,False
1178333,JPX-CARD,138165,False
1178333,JPX-CARD,138167,False
1178333,JPX-CARD,138163,False
1178333,JPX-CARD,138169,False
1178333,JPX-CARD,138171,False
1178333,JPX-CARD,138170,False
1178333,JPX-CARD,138166,False
1178333,JPX-CARD,138168,False
1178333,JPX-GOLD,139193,False
1178333,JPX-GOLD,139192,False
1178333,JPX-GOLD,139191,False
1178333,JPX-GOLD,139190,False
1178333,JPX-GOLD,139189,False
1178333,JPX-GOLD,139188,False
1178333,JPX-GOLD,139187,False
1178333,JPX-GOLD,139186,False
1178333,JPX-GOLD,139185,False
1178333,JPX-GOLD,139184,False
1178333,JPX-HT,135332,False
1178333,JPX-HT,135331,False
1178333,JPX-HT,135330,False
1178333,JPX-HT,135329,False
1178333,JPX-HT,135328,False
1178333,JPX-HT,135327,False
1178333,JPX-HT,135326,False
1178333,JPX-HT,135324,False
1178333,JPX-HT,135323,False
1178333,JPX-HT,135325,False
1178333,JPX-JNAF,134830,False
1178333,JPX-JNAF,134829,False
1178333,JPX-JNAF,134824,False
1178333,JPX-JNAF,134822,False
1178334,JPX-JNAF,134827,False
1178334,JPX-JNAF,134826,False
1178334,JPX-JNAF,134823,False
1178334,JPX-JNAF,134828,False
1178334,JPX-JNAF,134825,False
1178334,JPX-JNAF,134821,False
1178334,JPX-KTST,133656,False
1178334,JPX-KTST,133664,False
1178334,JPX-KTST,133658,False
1178335,JPX-KTST,133660,False
1178335,JPX-KTST,133662,False
1178335,JPX-KTST,133661,False
1178335,JPX-KTST,133663,False
1178335,JPX-KTST,133665,False
1178335,JPX-KTST,133657,False
1178335,JPX-KTST,133659,False
1178335,JPX-SIMP,134196,False
1178335,JPX-SIMP,134195,False
1178335,JPX-SIMP,134194,False
1178335,JPX-SIMP,134193,False
1178335,JPX-SIMP,134192,False
1178335,JPX-SIMP,134191,False
1178335,JPX-SIMP,134190,False
1178335,JPX-SIMP,134189,False
1178335,JPX-SIMP,134188,False
1178335,JPX-SIMP,134187,False
1178335,JPX-XAG,135135,False
1178335,JPX-XAG,135134,False
1178335,JPX-XAG,135133,False
1178335,JPX-XAG,135132,False
1178335,JPX-XAG,135130,False
1178335,JPX-XAG,135129,False
1178335,JPX-XAG,135127,False
1178335,JPX-XAG,135128,False
1178335,JPX-XAG,135126,False
1178335,JPX-XAG,135131,False
1178416,JPX-ETFSH,127450,False
1178416,JPX-GOLD,139208,False
1178416,JPX-CARD,138183,False
1178416,JPX-KTST,133679,False
1178431,JPX-ETFSH,127448,False
1178431,JPX-ETFSH,127446,False
1178431,JPX-ETFSH,127445,False
1178431,JPX-ETFSH,127444,False
1178431,JPX-ETFSH,127440,False
1178431,JPX-ETFSH,127443,False
1178431,JPX-ETFSH,127442,False
1178432,JPX-ETFSH,127441,False
1178432,JPX-ETFSH,127449,False
1178432,JPX-ETFSH,127447,False
1178433,JPX-CARD,138178,False
1178433,JPX-CARD,138175,False
1178433,JPX-CARD,138182,False
1178433,JPX-CARD,138174,False
1178433,JPX-CARD,138181,False
1178433,JPX-CARD,138179,False
1178433,JPX-CARD,138180,False
1178433,JPX-CARD,138177,False
1178433,JPX-CARD,138173,False
1178433,JPX-CARD,138176,False
1178433,JPX-GOLD,139206,False
1178433,JPX-GOLD,139204,False
1178433,JPX-GOLD,139203,False
1178433,JPX-GOLD,139202,False
1178433,JPX-GOLD,139201,False
1178433,JPX-GOLD,139200,False
1178433,JPX-GOLD,139199,False
1178433,JPX-GOLD,139198,False
1178433,JPX-GOLD,139197,False
1178433,JPX-GOLD,139205,False
1178433,JPX-HT,135343,False
1178433,JPX-HT,135342,False
1178433,JPX-HT,135341,False
1178433,JPX-HT,135340,False
1178433,JPX-HT,135339,False
1178433,JPX-HT,135338,False
1178433,JPX-HT,135336,False
1178433,JPX-HT,135335,False
1178433,JPX-HT,135334,False
1178433,JPX-HT,135337,False
1178433,JPX-JNAF,134843,False
1178433,JPX-JNAF,134842,False
1178433,JPX-JNAF,134841,False
1178433,JPX-JNAF,134838,False
1178433,JPX-JNAF,134836,False
1178433,JPX-JNAF,134834,False
1178434,JPX-JNAF,134840,False
1178434,JPX-JNAF,134835,False
1178434,JPX-JNAF,134839,False
1178434,JPX-JNAF,134837,False
1178434,JPX-KTST,133677,False
1178434,JPX-KTST,133676,False
1178434,JPX-KTST,133675,False
1178434,JPX-KTST,133674,False
1178434,JPX-KTST,133673,False
1178434,JPX-KTST,133672,False
1178434,JPX-KTST,133670,False
1178434,JPX-KTST,133671,False
1178434,JPX-KTST,133668,False
1178435,JPX-KTST,133669,False
1178435,JPX-SIMP,134205,False
1178435,JPX-SIMP,134203,False
1178435,JPX-SIMP,134201,False
1178435,JPX-SIMP,134199,False
1178435,JPX-SIMP,134197,False
1178435,JPX-SIMP,134206,False
1178435,JPX-SIMP,134198,False
1178435,JPX-SIMP,134200,False
1178435,JPX-SIMP,134202,False
1178435,JPX-SIMP,134204,False
1178435,JPX-XAG,135147,False
1178435,JPX-XAG,135146,False
1178435,JPX-XAG,135145,False
1178435,JPX-XAG,135144,False
1178435,JPX-XAG,135142,False
1178435,JPX-XAG,135141,False
1178435,JPX-XAG,135140,False
1178435,JPX-XAG,135139,False
1178435,JPX-XAG,135138,False
1178435,JPX-XAG,135143,False
1178435,JPX-XAG,135159,False
1178435,JPX-JNAF,134859,False
1178435,JPX-GOLD,139220,False
1178435,JPX-KTST,133690,False
1178435,JPX-XAG,135161,False
1178490,JPX-JNAF,134860,False
1178514,JPX-JNAF,134861,False
1178514,JPX-KTST,133692,False
1178514,JPX-GOLD,139223,False
1178514,JPX-XAG,135163,False
1178531,JPX-ETFSH,127456,False
1178531,JPX-ETFSH,127455,False
1178531,JPX-ETFSH,127453,False
1178531,JPX-ETFSH,127459,False
1178531,JPX-ETFSH,127460,False
1178531,JPX-ETFSH,127458,False
1178532,JPX-ETFSH,127457,False
1178532,JPX-ETFSH,127451,False
1178532,JPX-ETFSH,127452,False
1178532,JPX-ETFSH,127454,False
1178533,JPX-CARD,138190,False
1178533,JPX-CARD,138188,False
1178533,JPX-CARD,138186,False
1178533,JPX-CARD,138193,False
1178533,JPX-CARD,138191,False
1178533,JPX-CARD,138184,False
1178533,JPX-CARD,138185,False
1178533,JPX-CARD,138189,False
1178533,JPX-CARD,138187,False
1178533,JPX-CARD,138192,False
1178533,JPX-GOLD,139218,False
1178533,JPX-GOLD,139216,False
1178533,JPX-GOLD,139215,False
1178533,JPX-GOLD,139213,False
1178533,JPX-GOLD,139212,False
1178533,JPX-GOLD,139211,False
1178533,JPX-GOLD,139217,False
1178533,JPX-GOLD,139214,False
1178533,JPX-GOLD,139210,False
1178533,JPX-GOLD,139209,False
1178534,JPX-HT,135353,False
1178534,JPX-HT,135352,False
1178534,JPX-HT,135351,False
1178534,JPX-HT,135350,False
1178534,JPX-HT,135349,False
1178534,JPX-HT,135347,False
1178534,JPX-HT,135346,False
1178534,JPX-HT,135345,False
1178534,JPX-HT,135344,False
1178534,JPX-HT,135348,False
1178534,JPX-JNAF,134857,False
1178534,JPX-JNAF,134855,False
1178534,JPX-JNAF,134853,False
1178534,JPX-JNAF,134851,False
1178534,JPX-JNAF,134849,False
1178534,JPX-JNAF,134856,False
1178534,JPX-JNAF,134854,False
1178534,JPX-JNAF,134852,False
1178534,JPX-JNAF,134848,False
1178534,JPX-JNAF,134850,False
1178535,JPX-KTST,133688,False
1178535,JPX-KTST,133687,False
1178535,JPX-KTST,133686,False
1178535,JPX-KTST,133685,False
1178535,JPX-KTST,133684,False
1178535,JPX-KTST,133683,False
1178535,JPX-KTST,133681,False
1178535,JPX-KTST,133680,False
1178535,JPX-KTST,133682,False
1178535,JPX-KTST,133689,False
1178536,JPX-SIMP,134215,False
1178536,JPX-SIMP,134213,False
1178536,JPX-SIMP,134212,False
1178536,JPX-SIMP,134211,False
1178536,JPX-SIMP,134210,False
1178536,JPX-SIMP,134208,False
1178536,JPX-SIMP,134207,False
1178536,JPX-SIMP,134209,False
1178536,JPX-SIMP,134216,False
1178536,JPX-SIMP,134214,False
1178536,JPX-XAG,135158,False
1178536,JPX-XAG,135157,False
1178536,JPX-XAG,135155,False
1178536,JPX-XAG,135154,False
1178536,JPX-XAG,135153,False
1178536,JPX-XAG,135152,False
1178536,JPX-XAG,135151,False
1178536,JPX-XAG,135150,False
1178536,JPX-XAG,135149,False
1178536,JPX-XAG,135156,False
1178536,JPX-CARD,138206,False
1178619,JPX-XAG,135174,False
1178619,JPX-GOLD,139234,False
1178631,JPX-ETFSH,127470,False
1178631,JPX-ETFSH,127469,False
1178631,JPX-ETFSH,127467,False
1178631,JPX-ETFSH,127463,False
1178631,JPX-ETFSH,127468,False
1178631,JPX-ETFSH,127462,False
1178632,JPX-ETFSH,127471,False
1178632,JPX-ETFSH,127464,False
1178632,JPX-ETFSH,127466,False
1178632,JPX-ETFSH,127465,False
1178633,JPX-CARD,138204,False
1178633,JPX-CARD,138198,False
1178633,JPX-CARD,138203,False
1178633,JPX-CARD,138196,False
1178633,JPX-CARD,138200,False
1178633,JPX-CARD,138202,False
1178633,JPX-CARD,138205,False
1178633,JPX-CARD,138199,False
1178633,JPX-CARD,138201,False
1178633,JPX-CARD,138197,False
1178633,JPX-GOLD,139233,False
1178633,JPX-GOLD,139231,False
1178633,JPX-GOLD,139229,False
1178633,JPX-GOLD,139228,False
1178633,JPX-GOLD,139227,False
1178633,JPX-GOLD,139226,False
1178633,JPX-GOLD,139225,False
1178633,JPX-GOLD,139224,False
1178633,JPX-GOLD,139230,False
1178633,JPX-GOLD,139232,False
1178633,JPX-HT,135363,False
1178633,JPX-HT,135362,False
1178633,JPX-HT,135361,False
1178633,JPX-HT,135360,False
1178633,JPX-HT,135359,False
1178633,JPX-HT,135358,False
1178633,JPX-HT,135357,False
1178633,JPX-HT,135356,False
1178633,JPX-HT,135355,False
1178633,JPX-HT,135354,False
1178633,JPX-JNAF,134871,False
1178633,JPX-JNAF,134870,False
1178633,JPX-JNAF,134869,False
1178633,JPX-JNAF,134868,False
1178633,JPX-JNAF,134867,False
1178633,JPX-JNAF,134866,False
1178633,JPX-JNAF,134863,False
1178633,JPX-JNAF,134864,False
1178633,JPX-JNAF,134865,False
1178634,JPX-KTST,133703,False
1178634,JPX-KTST,133702,False
1178634,JPX-KTST,133701,False
1178634,JPX-KTST,133700,False
1178634,JPX-KTST,133699,False
1178634,JPX-KTST,133698,False
1178634,JPX-KTST,133697,False
1178634,JPX-KTST,133695,False
1178634,JPX-KTST,133694,False
1178634,JPX-KTST,133696,False
1178635,JPX-SIMP,134226,False
1178635,JPX-SIMP,134224,False
1178635,JPX-SIMP,134222,False
1178635,JPX-SIMP,134221,False
1178635,JPX-SIMP,134220,False
1178635,JPX-SIMP,134219,False
1178635,JPX-SIMP,134218,False
1178635,JPX-SIMP,134217,False
1178635,JPX-SIMP,134225,False
1178635,JPX-SIMP,134223,False
1178635,JPX-XAG,135173,False
1178635,JPX-XAG,135172,False
1178635,JPX-XAG,135171,False
1178635,JPX-XAG,135170,False
1178635,JPX-XAG,135169,False
1178635,JPX-XAG,135168,False
1178635,JPX-XAG,135167,False
1178635,JPX-XAG,135166,False
1178635,JPX-XAG,135165,False
1178635,JPX-XAG,135164,False
1178635,JPX-KTST,133715,False
1178646,JPX-XAG,135186,False
1178688,JPX-GOLD,139246,False
1178716,JPX-XAG,135188,False
1178716,JPX-GOLD,139247,False
1178716,JPX-HT,135374,False
1178716,JPX-KTST,133716,False
1178731,JPX-ETFSH,127480,False
1178731,JPX-ETFSH,127478,False
1178731,JPX-ETFSH,127475,False
1178731,JPX-ETFSH,127474,False
1178731,JPX-ETFSH,127477,False
1178731,JPX-ETFSH,127473,False
1178732,JPX-ETFSH,127479,False
1178732,JPX-ETFSH,127481,False
1178732,JPX-ETFSH,127476,False
1178733,JPX-CARD,138216,False
1178733,JPX-CARD,138214,False
1178733,JPX-CARD,138212,False
1178733,JPX-CARD,138210,False
1178733,JPX-CARD,138208,False
1178733,JPX-CARD,138215,False
1178733,JPX-CARD,138213,False
1178733,JPX-CARD,138209,False
1178733,JPX-CARD,138207,False
1178734,JPX-CARD,138211,False
1178734,JPX-GOLD,139244,False
1178734,JPX-GOLD,139243,False
1178734,JPX-GOLD,139242,False
1178734,JPX-GOLD,139240,False
1178734,JPX-GOLD,139239,False
1178734,JPX-GOLD,139238,False
1178734,JPX-GOLD,139237,False
1178734,JPX-GOLD,139236,False
1178734,JPX-GOLD,139235,False
1178734,JPX-GOLD,139241,False
1178734,JPX-HT,135372,False
1178734,JPX-HT,135371,False
1178734,JPX-HT,135370,False
1178734,JPX-HT,135369,False
1178734,JPX-HT,135368,False
1178734,JPX-HT,135367,False
1178734,JPX-HT,135366,False
1178734,JPX-HT,135365,False
1178734,JPX-HT,135364,False
1178734,JPX-HT,135373,False
1178734,JPX-JNAF,134883,False
1178734,JPX-JNAF,134882,False
1178734,JPX-JNAF,134881,False
1178734,JPX-JNAF,134880,False
1178734,JPX-JNAF,134879,False
1178734,JPX-JNAF,134878,False
1178734,JPX-JNAF,134877,False
1178734,JPX-JNAF,134874,False
1178734,JPX-JNAF,134876,False
1178734,JPX-JNAF,134875,False
1178735,JPX-KTST,133712,False
1178735,JPX-KTST,133710,False
1178735,JPX-KTST,133708,False
1178735,JPX-KTST,133707,False
1178735,JPX-KTST,133706,False
1178735,JPX-KTST,133705,False
1178735,JPX-KTST,133704,False
1178735,JPX-KTST,133709,False
1178736,JPX-KTST,133711,False
1178736,JPX-KTST,133713,False
1178736,JPX-SIMP,134237,False
1178736,JPX-SIMP,134236,False
1178736,JPX-SIMP,134235,False
1178736,JPX-SIMP,134234,False
1178736,JPX-SIMP,134230,False
1178736,JPX-SIMP,134228,False
1178736,JPX-SIMP,134232,False
1178736,JPX-SIMP,134233,False
1178736,JPX-SIMP,134229,False
1178736,JPX-SIMP,134231,False
1178736,JPX-XAG,135184,False
1178736,JPX-XAG,135183,False
1178736,JPX-XAG,135182,False
1178736,JPX-XAG,135181,False
1178736,JPX-XAG,135180,False
1178736,JPX-XAG,135179,False
1178736,JPX-XAG,135178,False
1178736,JPX-XAG,135177,False
1178736,JPX-XAG,135175,False
1178736,JPX-XAG,135176,False
1178823,JPX-GOLD,139259,False
1178823,JPX-CARD,138228,False
1178823,JPX-KTST,133729,False
1178823,JPX-XAG,135201,False
1178831,JPX-ETFSH,127493,False
1178831,JPX-ETFSH,127492,False
1178831,JPX-ETFSH,127490,False
1178831,JPX-ETFSH,127488,False
1178831,JPX-ETFSH,127487,False
1178831,JPX-ETFSH,127484,False
1178831,JPX-ETFSH,127489,False
1178832,JPX-ETFSH,127491,False
1178832,JPX-ETFSH,127485,False
1178832,JPX-ETFSH,127486,False
1178833,JPX-CARD,138224,False
1178833,JPX-CARD,138222,False
1178833,JPX-CARD,138221,False
1178833,JPX-CARD,138219,False
1178833,JPX-CARD,138226,False
1178833,JPX-CARD,138223,False
1178833,JPX-CARD,138218,False
1178833,JPX-CARD,138225,False
1178833,JPX-CARD,138227,False
1178833,JPX-CARD,138220,False
1178833,JPX-GOLD,139257,False
1178833,JPX-GOLD,139256,False
1178833,JPX-GOLD,139255,False
1178833,JPX-GOLD,139254,False
1178833,JPX-GOLD,139253,False
1178833,JPX-GOLD,139252,False
1178833,JPX-GOLD,139251,False
1178833,JPX-GOLD,139250,False
1178833,JPX-GOLD,139258,False
1178833,JPX-GOLD,139249,False
1178833,JPX-HT,135385,False
1178833,JPX-HT,135384,False
1178833,JPX-HT,135382,False
1178833,JPX-HT,135381,False
1178833,JPX-HT,135380,False
1178833,JPX-HT,135379,False
1178833,JPX-HT,135378,False
1178833,JPX-HT,135377,False
1178833,JPX-HT,135376,False
1178833,JPX-HT,135383,False
1178833,JPX-JNAF,134892,False
1178833,JPX-JNAF,134890,False
1178833,JPX-JNAF,134888,False
1178833,JPX-JNAF,134887,False
1178833,JPX-JNAF,134885,False
1178833,JPX-JNAF,134884,False
1178834,JPX-JNAF,134886,False
1178834,JPX-JNAF,134889,False
1178834,JPX-JNAF,134893,False
1178834,JPX-JNAF,134891,False
1178834,JPX-KTST,133727,False
1178834,JPX-KTST,133726,False
1178834,JPX-KTST,133725,False
1178834,JPX-KTST,133724,False
1178834,JPX-KTST,133723,False
1178834,JPX-KTST,133722,False
1178834,JPX-KTST,133721,False
1178834,JPX-KTST,133720,False
1178834,JPX-KTST,133719,False
1178834,JPX-KTST,133718,False
1178835,JPX-SIMP,134247,False
1178835,JPX-SIMP,134246,False
1178835,JPX-SIMP,134244,False
1178835,JPX-SIMP,134243,False
1178835,JPX-SIMP,134242,False
1178835,JPX-SIMP,134241,False
1178835,JPX-SIMP,134240,False
1178835,JPX-SIMP,134239,False
1178835,JPX-SIMP,134238,False
1178835,JPX-SIMP,134245,False
1178835,JPX-XAG,135199,False
1178835,JPX-XAG,135197,False
1178835,JPX-XAG,135195,False
1178835,JPX-XAG,135193,False
1178835,JPX-XAG,135191,False
1178835,JPX-XAG,135194,False
1178835,JPX-XAG,135192,False
1178835,JPX-XAG,135190,False
1178835,JPX-XAG,135198,False
1178835,JPX-XAG,135196,False
1178912,JPX-GOLD,139272,False
1178912,JPX-HT,135396,False
1178912,JPX-KTST,133741,False
1178912,JPX-XAG,135213,False
1178931,JPX-ETFSH,127501,False
1178931,JPX-ETFSH,127500,False
1178931,JPX-ETFSH,127497,False
1178931,JPX-ETFSH,127496,False
1178931,JPX-ETFSH,127495,False
1178931,JPX-ETFSH,127494,False
1178931,JPX-ETFSH,127499,False
1178931,JPX-ETFSH,127503,False
1178932,JPX-ETFSH,127498,False
1178932,JPX-ETFSH,127502,False
1178934,JPX-CARD,138238,False
1178934,JPX-CARD,138236,False
1178934,JPX-CARD,138234,False
1178934,JPX-CARD,138230,False
1178934,JPX-CARD,138233,False
1178934,JPX-CARD,138237,False
1178934,JPX-CARD,138235,False
1178934,JPX-CARD,138231,False
1178934,JPX-CARD,138239,False
1178934,JPX-CARD,138232,False
1178934,JPX-GOLD,139271,False
1178934,JPX-GOLD,139269,False
1178934,JPX-GOLD,139267,False
1178934,JPX-GOLD,139263,False
1178934,JPX-GOLD,139262,False
1178934,JPX-GOLD,139265,False
1178934,JPX-GOLD,139270,False
1178934,JPX-GOLD,139268,False
1178934,JPX-GOLD,139264,False
1178934,JPX-GOLD,139266,False
1178934,JPX-HT,135394,False
1178934,JPX-HT,135393,False
1178934,JPX-HT,135392,False
1178934,JPX-HT,135391,False
1178934,JPX-HT,135390,False
1178934,JPX-HT,135388,False
1178934,JPX-HT,135387,False
1178934,JPX-HT,135386,False
1178934,JPX-HT,135395,False
1178934,JPX-HT,135389,False
1178934,JPX-JNAF,134904,False
1178934,JPX-JNAF,134902,False
1178934,JPX-JNAF,134900,False
1178934,JPX-JNAF,134898,False
1178934,JPX-JNAF,134896,False
1178934,JPX-JNAF,134901,False
1178934,JPX-JNAF,134899,False
1178935,JPX-JNAF,134897,False
1178935,JPX-JNAF,134895,False
1178935,JPX-JNAF,134903,False
1178935,JPX-KTST,133739,False
1178935,JPX-KTST,133738,False
1178935,JPX-KTST,133737,False
1178935,JPX-KTST,133736,False
1178935,JPX-KTST,133734,False
1178935,JPX-KTST,133732,False
1178935,JPX-KTST,133730,False
1178935,JPX-KTST,133731,False
1178935,JPX-KTST,133733,False
1178936,JPX-KTST,133735,False
1178936,JPX-SIMP,134253,False
1178936,JPX-SIMP,134251,False
1178936,JPX-SIMP,134249,False
1178936,JPX-SIMP,134255,False
1178936,JPX-SIMP,134257,False
1178936,JPX-SIMP,134256,False
1178936,JPX-SIMP,134248,False
1178936,JPX-SIMP,134250,False
1178936,JPX-SIMP,134254,False
1178936,JPX-SIMP,134252,False
1178936,JPX-XAG,135211,False
1178936,JPX-XAG,135209,False
1178936,JPX-XAG,135207,False
1178936,JPX-XAG,135205,False
1178936,JPX-XAG,135203,False
1178936,JPX-XAG,135210,False
1178936,JPX-XAG,135208,False
1178936,JPX-XAG,135206,False
1178936,JPX-XAG,135202,False
1178936,JPX-XAG,135204,False
1179031,JPX-ETFSH,127515,False
1179031,JPX-ETFSH,127513,False
1179031,JPX-ETFSH,127511,False
1179031,JPX-ETFSH,127510,False
1179031,JPX-ETFSH,127509,False
1179031,JPX-ETFSH,127507,False
1179031,JPX-ETFSH,127506,False
1179031,JPX-ETFSH,127514,False
1179032,JPX-ETFSH,127508,False
1179032,JPX-ETFSH,127512,False
1179033,JPX-CARD,138246,False
1179033,JPX-CARD,138243,False
1179033,JPX-CARD,138241,False
1179033,JPX-CARD,138247,False
1179033,JPX-CARD,138249,False
1179033,JPX-CARD,138245,False
1179033,JPX-CARD,138244,False
1179033,JPX-CARD,138248,False
1179033,JPX-CARD,138250,False
1179033,JPX-CARD,138242,False
1179033,JPX-GOLD,139284,False
1179033,JPX-GOLD,139283,False
1179033,JPX-GOLD,139282,False
1179033,JPX-GOLD,139281,False
1179033,JPX-GOLD,139280,False
1179033,JPX-GOLD,139279,False
1179033,JPX-GOLD,139278,False
1179033,JPX-GOLD,139277,False
1179033,JPX-GOLD,139276,False
1179033,JPX-GOLD,139275,False
1179033,JPX-HT,135406,False
1179033,JPX-HT,135405,False
1179033,JPX-HT,135404,False
1179033,JPX-HT,135403,False
1179033,JPX-HT,135402,False
1179033,JPX-HT,135401,False
1179033,JPX-HT,135399,False
1179033,JPX-HT,135397,False
1179033,JPX-HT,135400,False
1179033,JPX-HT,135398,False
1179034,JPX-JNAF,134914,False
1179034,JPX-JNAF,134912,False
1179034,JPX-JNAF,134910,False
1179034,JPX-JNAF,134908,False
1179034,JPX-JNAF,134906,False
1179034,JPX-JNAF,134913,False
1179034,JPX-JNAF,134911,False
1179034,JPX-JNAF,134905,False
1179034,JPX-JNAF,134907,False
1179034,JPX-JNAF,134909,False
1179034,JPX-KTST,133750,False
1179034,JPX-KTST,133748,False
1179034,JPX-KTST,133747,False
1179034,JPX-KTST,133745,False
1179034,JPX-KTST,133744,False
1179034,JPX-KTST,133742,False
1179034,JPX-KTST,133746,False
1179034,JPX-KTST,133749,False
1179035,JPX-KTST,133743,False
1179035,JPX-KTST,133751,False
1179035,JPX-SIMP,134266,False
1179035,JPX-SIMP,134264,False
1179035,JPX-SIMP,134262,False
1179035,JPX-SIMP,134260,False
1179035,JPX-SIMP,134258,False
1179035,JPX-SIMP,134259,False
1179035,JPX-SIMP,134261,False
1179035,JPX-SIMP,134263,False
1179035,JPX-SIMP,134265,False
1179035,JPX-SIMP,134267,False
1179035,JPX-XAG,135223,False
1179035,JPX-XAG,135222,False
1179035,JPX-XAG,135220,False
1179035,JPX-XAG,135219,False
1179035,JPX-XAG,135217,False
1179035,JPX-XAG,135215,False
1179035,JPX-XAG,135214,False
1179035,JPX-XAG,135221,False
1179035,JPX-XAG,135218,False
1179035,JPX-XAG,135216,False
1179035,JPX-JNAF,134926,False
1179035,JPX-GOLD,139295,False
1179035,JPX-HT,135418,False
1179035,JPX-CARD,138261,False
1179035,JPX-KTST,133763,False
1179035,JPX-HT,135419,False
1179035,JPX-JNAF,134927,False
1179035,JPX-XAG,135235,False
1179113,JPX-JNAF,134930,False
1179113,JPX-XAG,135236,False
1179113,JPX-GOLD,139298,False
1179113,JPX-HT,135421,False
1179113,JPX-CARD,138262,False
1179113,JPX-KTST,133765,False
1179113,JPX-HT,135422,False
1179113,JPX-JNAF,134931,False
1179131,JPX-ETFSH,127524,False
1179131,JPX-ETFSH,127522,False
1179131,JPX-ETFSH,127520,False
1179131,JPX-ETFSH,127517,False
1179131,JPX-ETFSH,127523,False
1179131,JPX-ETFSH,127525,False
1179131,JPX-ETFSH,127526,False
1179132,JPX-ETFSH,127521,False
1179132,JPX-ETFSH,127518,False
1179132,JPX-ETFSH,127519,False
1179134,JPX-CARD,138257,False
1179134,JPX-CARD,138255,False
1179134,JPX-CARD,138259,False
1179134,JPX-CARD,138252,False
1179134,JPX-CARD,138253,False
1179134,JPX-CARD,138254,False
1179134,JPX-CARD,138251,False
1179134,JPX-CARD,138256,False
1179134,JPX-CARD,138258,False
1179134,JPX-CARD,138260,False
1179134,JPX-GOLD,139294,False
1179134,JPX-GOLD,139292,False
1179134,JPX-GOLD,139290,False
1179134,JPX-GOLD,139288,False
1179134,JPX-GOLD,139286,False
1179134,JPX-GOLD,139293,False
1179134,JPX-GOLD,139285,False
1179134,JPX-GOLD,139287,False
1179134,JPX-GOLD,139289,False
1179134,JPX-GOLD,139291,False
1179134,JPX-HT,135414,False
1179134,JPX-HT,135412,False
1179134,JPX-HT,135411,False
1179134,JPX-HT,135410,False
1179134,JPX-HT,135409,False
1179134,JPX-HT,135408,False
1179134,JPX-HT,135407,False
1179134,JPX-HT,135413,False
1179134,JPX-HT,135415,False
1179134,JPX-HT,135416,False
1179134,JPX-JNAF,134924,False
1179134,JPX-JNAF,134923,False
1179134,JPX-JNAF,134922,False
1179134,JPX-JNAF,134921,False
1179134,JPX-JNAF,134920,False
1179134,JPX-JNAF,134919,False
1179134,JPX-JNAF,134918,False
1179134,JPX-JNAF,134917,False
1179135,JPX-JNAF,134915,False
1179135,JPX-KTST,133761,False
1179135,JPX-KTST,133760,False
1179135,JPX-KTST,133759,False
1179135,JPX-KTST,133758,False
1179135,JPX-KTST,133757,False
1179135,JPX-KTST,133756,False
1179135,JPX-KTST,133755,False
1179135,JPX-KTST,133754,False
1179135,JPX-KTST,133752,False
1179135,JPX-KTST,133753,False
1179136,JPX-SIMP,134276,False
1179136,JPX-SIMP,134275,False
1179136,JPX-SIMP,134274,False
1179136,JPX-SIMP,134273,False
1179136,JPX-SIMP,134271,False
1179136,JPX-SIMP,134270,False
1179136,JPX-SIMP,134269,False
1179136,JPX-SIMP,134268,False
1179136,JPX-SIMP,134277,False
1179136,JPX-SIMP,134272,False
1179136,JPX-XAG,135231,False
1179136,JPX-XAG,135229,False
1179136,JPX-XAG,135228,False
1179136,JPX-XAG,135227,False
1179136,JPX-XAG,135226,False
1179136,JPX-XAG,135225,False
1179136,JPX-XAG,135224,False
1179136,JPX-XAG,135233,False
1179136,JPX-XAG,135230,False
1179136,JPX-XAG,135232,False
1179160,JPX-XAG,135252,False
1179231,JPX-ETFSH,127536,False
1179231,JPX-ETFSH,127534,False
1179231,JPX-ETFSH,127533,False
1179231,JPX-ETFSH,127530,False
1179231,JPX-ETFSH,127528,False
1179231,JPX-ETFSH,127535,False
1179232,JPX-ETFSH,127532,False
1179232,JPX-ETFSH,127527,False
1179232,JPX-ETFSH,127529,False
1179232,JPX-ETFSH,127531,False
1179233,JPX-CARD,138272,False
1179233,JPX-CARD,138266,False
1179233,JPX-CARD,138263,False
1179233,JPX-CARD,138270,False
1179233,JPX-CARD,138271,False
1179233,JPX-CARD,138269,False
1179233,JPX-CARD,138265,False
1179233,JPX-CARD,138268,False
1179233,JPX-CARD,138267,False
1179233,JPX-CARD,138264,False
1179233,JPX-GOLD,139309,False
1179233,JPX-GOLD,139308,False
1179233,JPX-GOLD,139307,False
1179233,JPX-GOLD,139306,False
1179233,JPX-GOLD,139305,False
1179233,JPX-GOLD,139304,False
1179233,JPX-GOLD,139302,False
1179233,JPX-GOLD,139300,False
1179233,JPX-GOLD,139303,False
1179233,JPX-GOLD,139301,False
1179233,JPX-HT,135432,False
1179233,JPX-HT,135431,False
1179233,JPX-HT,135429,False
1179233,JPX-HT,135427,False
1179233,JPX-HT,135426,False
1179233,JPX-HT,135425,False
1179233,JPX-HT,135424,False
1179233,JPX-HT,135423,False
1179234,JPX-HT,135428,False
1179234,JPX-HT,135430,False
1179234,JPX-JNAF,134943,False
1179234,JPX-JNAF,134942,False
1179234,JPX-JNAF,134941,False
1179234,JPX-JNAF,134940,False
1179234,JPX-JNAF,134939,False
1179234,JPX-JNAF,134938,False
1179234,JPX-JNAF,134937,False
1179234,JPX-JNAF,134936,False
1179234,JPX-JNAF,134935,False
1179234,JPX-JNAF,134934,False
1179234,JPX-KTST,133775,False
1179234,JPX-KTST,133774,False
1179234,JPX-KTST,133773,False
1179234,JPX-KTST,133772,False
1179234,JPX-KTST,133771,False
1179234,JPX-KTST,133770,False
1179234,JPX-KTST,133769,False
1179234,JPX-KTST,133768,False
1179234,JPX-KTST,133767,False
1179234,JPX-KTST,133766,False
1179235,JPX-SIMP,134287,False
1179235,JPX-SIMP,134286,False
1179235,JPX-SIMP,134284,False
1179235,JPX-SIMP,134282,False
1179235,JPX-SIMP,134280,False
1179235,JPX-SIMP,134278,False
1179235,JPX-SIMP,134283,False
1179235,JPX-SIMP,134279,False
1179235,JPX-SIMP,134281,False
1179235,JPX-SIMP,134285,False
1179235,JPX-XAG,135247,False
1179235,JPX-XAG,135246,False
1179235,JPX-XAG,135244,False
1179235,JPX-XAG,135243,False
1179235,JPX-XAG,135242,False
1179235,JPX-XAG,135240,False
1179235,JPX-XAG,135239,False
1179235,JPX-XAG,135238,False
1179235,JPX-XAG,135241,False
1179235,JPX-XAG,135245,False
1179242,JPX-HT,135447,False
1179242,JPX-CARD,138283,False
1179242,JPX-KTST,133792,False
1179242,JPX-GOLD,139324,False
1179270,JPX-JNAF,134958,False
1179303,JPX-JNAF,134959,False
1179303,JPX-HT,135448,False
1179303,JPX-KTST,133794,False
1179303,JPX-GOLD,139326,False
1179331,JPX-ETFSH,127546,False
1179331,JPX-ETFSH,127545,False
1179331,JPX-ETFSH,127540,False
1179331,JPX-ETFSH,127539,False
1179331,JPX-ETFSH,127541,False
1179331,JPX-ETFSH,127543,False
1179331,JPX-ETFSH,127537,False
1179331,JPX-ETFSH,127544,False
1179332,JPX-ETFSH,127538,False
1179332,JPX-ETFSH,127542,False
1179333,JPX-CARD,138277,False
1179333,JPX-CARD,138276,False
1179333,JPX-CARD,138275,False
1179333,JPX-CARD,138274,False
1179333,JPX-CARD,138282,False
1179333,JPX-CARD,138278,False
1179333,JPX-CARD,138280,False
1179333,JPX-CARD,138273,False
1179333,JPX-CARD,138281,False
1179333,JPX-CARD,138279,False
1179333,JPX-GOLD,139322,False
1179333,JPX-GOLD,139321,False
1179333,JPX-GOLD,139317,False
1179333,JPX-GOLD,139315,False
1179333,JPX-GOLD,139313,False
1179333,JPX-GOLD,139319,False
1179333,JPX-GOLD,139320,False
1179333,JPX-GOLD,139314,False
1179333,JPX-GOLD,139316,False
1179333,JPX-GOLD,139318,False
1179333,JPX-HT,135444,False
1179333,JPX-HT,135443,False
1179333,JPX-HT,135442,False
1179333,JPX-HT,135441,False
1179333,JPX-HT,135440,False
1179333,JPX-HT,135439,False
1179333,JPX-HT,135438,False
1179333,JPX-HT,135437,False
1179333,JPX-HT,135445,False
1179333,JPX-HT,135446,False
1179333,JPX-JNAF,134957,False
1179333,JPX-JNAF,134956,False
1179333,JPX-JNAF,134954,False
1179333,JPX-JNAF,134949,False
1179333,JPX-JNAF,134948,False
1179333,JPX-JNAF,134955,False
1179333,JPX-JNAF,134950,False
1179333,JPX-JNAF,134952,False
1179334,JPX-JNAF,134951,False
1179334,JPX-JNAF,134953,False
1179334,JPX-KTST,133790,False
1179334,JPX-KTST,133789,False
1179334,JPX-KTST,133788,False
1179334,JPX-KTST,133787,False
1179334,JPX-KTST,133786,False
1179334,JPX-KTST,133785,False
1179334,JPX-KTST,133783,False
1179334,JPX-KTST,133781,False
1179334,JPX-KTST,133784,False
1179335,JPX-KTST,133782,False
1179335,JPX-SIMP,134298,False
1179335,JPX-SIMP,134296,False
1179335,JPX-SIMP,134294,False
1179335,JPX-SIMP,134293,False
1179335,JPX-SIMP,134292,False
1179335,JPX-SIMP,134289,False
1179335,JPX-SIMP,134297,False
1179335,JPX-SIMP,134295,False
1179335,JPX-SIMP,134290,False
1179335,JPX-SIMP,134291,False
1179335,JPX-XAG,135262,False
1179335,JPX-XAG,135261,False
1179335,JPX-XAG,135260,False
1179335,JPX-XAG,135259,False
1179335,JPX-XAG,135258,False
1179335,JPX-XAG,135257,False
1179335,JPX-XAG,135256,False
1179335,JPX-XAG,135255,False
1179335,JPX-XAG,135254,False
1179335,JPX-XAG,135263,False
1179405,JPX-GOLD,139337,False
1179405,JPX-XAG,135276,False
1179431,JPX-ETFSH,127557,False
1179431,JPX-ETFSH,127554,False
1179431,JPX-ETFSH,127548,False
1179431,JPX-ETFSH,127556,False
1179432,JPX-ETFSH,127550,False
1179432,JPX-ETFSH,127551,False
1179432,JPX-ETFSH,127552,False
1179432,JPX-ETFSH,127553,False
1179433,JPX-ETFSH,127555,False
1179433,JPX-CARD,138288,False
1179433,JPX-CARD,138295,False
1179433,JPX-CARD,138293,False
1179433,JPX-CARD,138291,False
1179433,JPX-CARD,138289,False
1179433,JPX-CARD,138287,False
1179433,JPX-CARD,138292,False
1179433,JPX-CARD,138290,False
1179433,JPX-CARD,138286,False
1179433,JPX-CARD,138294,False
1179433,JPX-GOLD,139336,False
1179433,JPX-GOLD,139334,False
1179433,JPX-GOLD,139333,False
1179433,JPX-GOLD,139331,False
1179433,JPX-GOLD,139330,False
1179433,JPX-GOLD,139329,False
1179433,JPX-GOLD,139328,False
1179433,JPX-GOLD,139327,False
1179433,JPX-GOLD,139332,False
1179433,JPX-GOLD,139335,False
1179433,JPX-HT,135458,False
1179433,JPX-HT,135457,False
1179433,JPX-HT,135456,False
1179433,JPX-HT,135455,False
1179433,JPX-HT,135454,False
1179433,JPX-HT,135453,False
1179433,JPX-HT,135452,False
1179433,JPX-HT,135451,False
1179433,JPX-HT,135450,False
1179433,JPX-HT,135449,False
1179434,JPX-JNAF,134969,False
1179434,JPX-JNAF,134967,False
1179434,JPX-JNAF,134965,False
1179434,JPX-JNAF,134963,False
1179434,JPX-JNAF,134961,False
1179434,JPX-JNAF,134960,False
1179434,JPX-JNAF,134968,False
1179434,JPX-JNAF,134962,False
1179434,JPX-JNAF,134964,False
1179434,JPX-JNAF,134966,False
1179435,JPX-KTST,133803,False
1179435,JPX-KTST,133802,False
1179435,JPX-KTST,133799,False
1179435,JPX-KTST,133797,False
1179435,JPX-KTST,133795,False
1179435,JPX-KTST,133804,False
1179435,JPX-KTST,133801,False
1179435,JPX-KTST,133796,False
1179435,JPX-KTST,133798,False
1179435,JPX-KTST,133800,False
1179435,JPX-SIMP,134309,False
1179435,JPX-SIMP,134308,False
1179435,JPX-SIMP,134307,False
1179435,JPX-SIMP,134305,False
1179435,JPX-SIMP,134303,False
1179435,JPX-SIMP,134301,False
1179435,JPX-SIMP,134300,False
1179435,JPX-SIMP,134302,False
1179435,JPX-SIMP,134306,False
1179435,JPX-SIMP,134304,False
1179435,JPX-XAG,135275,False
1179435,JPX-XAG,135274,False
1179435,JPX-XAG,135273,False
1179435,JPX-XAG,135272,False
1179435,JPX-XAG,135271,False
1179435,JPX-XAG,135270,False
1179435,JPX-XAG,135269,False
1179435,JPX-XAG,135268,False
1179435,JPX-XAG,135266,False
1179436,JPX-XAG,135267,False
1179436,JPX-XAG,135287,False
1179436,JPX-GOLD,139348,False
1179436,JPX-HT,135469,False
1179436,JPX-CARD,138306,False
1179436,JPX-KTST,133815,False
1179501,JPX-GOLD,139350,False
1179514,JPX-XAG,135288,False
1179514,JPX-GOLD,139351,False
1179514,JPX-HT,135470,False
1179514,JPX-CARD,138307,False
1179514,JPX-KTST,133817,False
1179531,JPX-ETFSH,127567,False
1179531,JPX-ETFSH,127565,False
1179531,JPX-ETFSH,127564,False
1179531,JPX-ETFSH,127563,False
1179531,JPX-ETFSH,127562,False
1179532,JPX-ETFSH,127560,False
1179533,JPX-ETFSH,127568,False
1179533,JPX-ETFSH,127559,False
1179533,JPX-ETFSH,127561,False
1179533,JPX-ETFSH,127566,False
1179534,JPX-CARD,138302,False
1179534,JPX-CARD,138305,False
1179534,JPX-CARD,138299,False
1179534,JPX-CARD,138297,False
1179534,JPX-CARD,138304,False
1179534,JPX-CARD,138303,False
1179534,JPX-CARD,138301,False
1179534,JPX-CARD,138296,False
1179534,JPX-CARD,138298,False
1179534,JPX-CARD,138300,False
1179534,JPX-GOLD,139347,False
1179534,JPX-GOLD,139345,False
1179534,JPX-GOLD,139340,False
1179534,JPX-GOLD,139338,False
1179534,JPX-GOLD,139342,False
1179534,JPX-GOLD,139344,False
1179534,JPX-GOLD,139343,False
1179534,JPX-GOLD,139341,False
1179534,JPX-GOLD,139339,False
1179534,JPX-GOLD,139346,False
1179534,JPX-HT,135468,False
1179534,JPX-HT,135467,False
1179534,JPX-HT,135466,False
1179534,JPX-HT,135465,False
1179534,JPX-HT,135464,False
1179534,JPX-HT,135463,False
1179534,JPX-HT,135462,False
1179534,JPX-HT,135461,False
1179534,JPX-HT,135460,False
1179534,JPX-HT,135459,False
1179535,JPX-JNAF,134976,False
1179535,JPX-JNAF,134974,False
1179535,JPX-JNAF,134972,False
1179535,JPX-JNAF,134971,False
1179535,JPX-JNAF,134978,False
1179535,JPX-JNAF,134970,False
1179535,JPX-JNAF,134979,False
1179536,JPX-JNAF,134973,False
1179536,JPX-JNAF,134975,False
1179536,JPX-JNAF,134977,False
1179536,JPX-KTST,133813,False
1179536,JPX-KTST,133811,False
1179536,JPX-KTST,133810,False
1179536,JPX-KTST,133809,False
1179536,JPX-KTST,133808,False
1179536,JPX-KTST,133807,False
1179536,JPX-KTST,133805,False
1179536,JPX-KTST,133814,False
1179536,JPX-KTST,133812,False
1179536,JPX-KTST,133806,False
1179537,JPX-SIMP,134319,False
1179537,JPX-SIMP,134317,False
1179537,JPX-SIMP,134313,False
1179537,JPX-SIMP,134312,False
1179537,JPX-SIMP,134310,False
1179537,JPX-SIMP,134311,False
1179537,JPX-SIMP,134314,False
1179537,JPX-SIMP,134316,False
1179537,JPX-SIMP,134318,False
1179537,JPX-SIMP,134315,False
1179537,JPX-XAG,135286,False
1179537,JPX-XAG,135285,False
1179537,JPX-XAG,135284,False
1179537,JPX-XAG,135283,False
1179537,JPX-XAG,135281,False
1179537,JPX-XAG,135280,False
1179537,JPX-XAG,135279,False
1179537,JPX-XAG,135278,False
1179537,JPX-XAG,135277,False
1179537,JPX-XAG,135282,False
1179609,JPX-GOLD,139363,False
1179631,JPX-ETFSH,127579,False
1179631,JPX-ETFSH,127577,False
1179631,JPX-ETFSH,127575,False
1179631,JPX-ETFSH,127574,False
1179631,JPX-ETFSH,127570,False
1179631,JPX-ETFSH,127573,False
1179631,JPX-ETFSH,127571,False
1179632,JPX-ETFSH,127576,False
1179632,JPX-ETFSH,127572,False
1179633,JPX-ETFSH,127578,False
1179633,JPX-CARD,138318,False
1179633,JPX-CARD,138317,False
1179633,JPX-CARD,138315,False
1179633,JPX-CARD,138313,False
1179633,JPX-CARD,138312,False
1179633,JPX-CARD,138311,False
1179633,JPX-CARD,138310,False
1179633,JPX-CARD,138309,False
1179633,JPX-CARD,138314,False
1179633,JPX-CARD,138316,False
1179633,JPX-GOLD,139362,False
1179633,JPX-GOLD,139361,False
1179633,JPX-GOLD,139360,False
1179633,JPX-GOLD,139358,False
1179633,JPX-GOLD,139357,False
1179633,JPX-GOLD,139356,False
1179633,JPX-GOLD,139355,False
1179633,JPX-GOLD,139353,False
1179633,JPX-GOLD,139359,False
1179633,JPX-GOLD,139354,False
1179634,JPX-HT,135480,False
1179634,JPX-HT,135479,False
1179634,JPX-HT,135478,False
1179634,JPX-HT,135477,False
1179634,JPX-HT,135476,False
1179634,JPX-HT,135475,False
1179634,JPX-HT,135472,False
1179634,JPX-HT,135474,False
1179634,JPX-HT,135473,False
1179634,JPX-HT,135471,False
1179634,JPX-JNAF,134986,False
1179634,JPX-JNAF,134982,False
1179634,JPX-JNAF,134984,False
1179634,JPX-JNAF,134981,False
1179634,JPX-JNAF,134990,False
1179634,JPX-JNAF,134983,False
1179634,JPX-JNAF,134988,False
1179634,JPX-JNAF,134985,False
1179635,JPX-JNAF,134987,False
1179635,JPX-JNAF,134989,False
1179635,JPX-KTST,133827,False
1179635,JPX-KTST,133825,False
1179635,JPX-KTST,133824,False
1179635,JPX-KTST,133823,False
1179635,JPX-KTST,133822,False
1179635,JPX-KTST,133828,False
1179635,JPX-KTST,133826,False
1179635,JPX-KTST,133820,False
1179635,JPX-KTST,133821,False
1179635,JPX-KTST,133819,False
1179636,JPX-SIMP,134329,False
1179636,JPX-SIMP,134326,False
1179636,JPX-SIMP,134323,False
1179636,JPX-SIMP,134321,False
1179636,JPX-SIMP,134322,False
1179636,JPX-SIMP,134327,False
1179636,JPX-SIMP,134324,False
1179636,JPX-SIMP,134320,False
1179636,JPX-SIMP,134325,False
1179636,JPX-SIMP,134328,False
1179636,JPX-XAG,135299,False
1179636,JPX-XAG,135298,False
1179636,JPX-XAG,135296,False
1179636,JPX-XAG,135294,False
1179636,JPX-XAG,135293,False
1179636,JPX-XAG,135292,False
1179636,JPX-XAG,135291,False
1179636,JPX-XAG,135290,False
1179636,JPX-XAG,135295,False
1179636,JPX-XAG,135297,False
1179636,JPX-GOLD,139375,False
1179636,JPX-CARD,138329,False
1179636,JPX-KTST,133840,False
1179701,JPX-JNAF,135003,False
1179712,JPX-GOLD,139377,False
1179726,JPX-CARD,138332,False
1179726,JPX-KTST,133842,False
1179731,JPX-ETFSH,127588,False
1179731,JPX-ETFSH,127586,False
1179731,JPX-ETFSH,127582,False
1179731,JPX-ETFSH,127589,False
1179732,JPX-ETFSH,127585,False
1179732,JPX-ETFSH,127581,False
1179732,JPX-ETFSH,127587,False
1179732,JPX-ETFSH,127583,False
1179733,JPX-ETFSH,127584,False
1179733,JPX-ETFSH,127580,False
1179734,JPX-CARD,138327,False
1179734,JPX-CARD,138325,False
1179734,JPX-CARD,138324,False
1179734,JPX-CARD,138323,False
1179734,JPX-CARD,138322,False
1179734,JPX-CARD,138320,False
1179734,JPX-CARD,138319,False
1179734,JPX-CARD,138321,False
1179734,JPX-CARD,138326,False
1179734,JPX-CARD,138328,False
1179734,JPX-GOLD,139374,False
1179734,JPX-GOLD,139373,False
1179734,JPX-GOLD,139371,False
1179734,JPX-GOLD,139369,False
1179734,JPX-GOLD,139367,False
1179734,JPX-GOLD,139365,False
1179734,JPX-GOLD,139370,False
1179734,JPX-GOLD,139366,False
1179734,JPX-GOLD,139368,False
1179734,JPX-GOLD,139372,False
1179734,JPX-HT,135489,False
1179734,JPX-HT,135488,False
1179734,JPX-HT,135487,False
1179734,JPX-HT,135486,False
1179734,JPX-HT,135485,False
1179734,JPX-HT,135484,False
1179734,JPX-HT,135483,False
1179734,JPX-HT,135482,False
1179734,JPX-HT,135481,False
1179735,JPX-HT,135490,False
1179735,JPX-JNAF,135001,False
1179735,JPX-JNAF,134999,False
1179735,JPX-JNAF,134997,False
1179735,JPX-JNAF,134995,False
1179735,JPX-JNAF,134994,False
1179735,JPX-JNAF,134992,False
1179735,JPX-JNAF,134996,False
1179735,JPX-JNAF,135000,False
1179735,JPX-JNAF,134998,False
1179736,JPX-KTST,133839,False
1179736,JPX-KTST,133837,False
1179736,JPX-KTST,133835,False
1179736,JPX-KTST,133833,False
1179736,JPX-KTST,133831,False
1179736,JPX-KTST,133830,False
1179736,JPX-KTST,133838,False
1179736,JPX-KTST,133836,False
1179736,JPX-KTST,133834,False
1179736,JPX-KTST,133832,False
1179737,JPX-SIMP,134336,False
1179737,JPX-SIMP,134334,False
1179737,JPX-SIMP,134333,False
1179737,JPX-SIMP,134332,False
1179737,JPX-SIMP,134331,False
1179737,JPX-SIMP,134330,False
1179737,JPX-SIMP,134337,False
1179737,JPX-SIMP,134338,False
1179737,JPX-SIMP,134335,False
1179737,JPX-SIMP,134339,False
1179737,JPX-XAG,135309,False
1179737,JPX-XAG,135308,False
1179737,JPX-XAG,135307,False
1179737,JPX-XAG,135306,False
1179737,JPX-XAG,135305,False
1179737,JPX-XAG,135304,False
1179737,JPX-XAG,135303,False
1179737,JPX-XAG,135302,False
1179737,JPX-XAG,135301,False
1179822,JPX-KTST,133854,False
1179822,JPX-GOLD,139392,False
1179831,JPX-ETFSH,127601,False
1179831,JPX-ETFSH,127599,False
1179831,JPX-ETFSH,127597,False
1179831,JPX-ETFSH,127595,False
1179831,JPX-ETFSH,127592,False
1179831,JPX-ETFSH,127594,False
1179832,JPX-ETFSH,127600,False
1179832,JPX-ETFSH,127596,False
1179833,JPX-ETFSH,127598,False
1179834,JPX-CARD,138342,False
1179834,JPX-CARD,138341,False
1179834,JPX-CARD,138339,False
1179834,JPX-CARD,138338,False
1179834,JPX-CARD,138333,False
1179834,JPX-CARD,138334,False
1179834,JPX-CARD,138340,False
1179834,JPX-CARD,138336,False
1179834,JPX-CARD,138335,False
1179834,JPX-CARD,138337,False
1179834,JPX-GOLD,139390,False
1179834,JPX-GOLD,139388,False
1179834,JPX-GOLD,139387,False
1179834,JPX-GOLD,139386,False
1179834,JPX-GOLD,139385,False
1179834,JPX-GOLD,139383,False
1179834,JPX-GOLD,139384,False
1179834,JPX-GOLD,139382,False
1179834,JPX-GOLD,139389,False
1179834,JPX-GOLD,139391,False
1179834,JPX-HT,135500,False
1179834,JPX-HT,135499,False
1179834,JPX-HT,135498,False
1179834,JPX-HT,135497,False
1179834,JPX-HT,135495,False
1179834,JPX-HT,135494,False
1179834,JPX-HT,135493,False
1179834,JPX-HT,135492,False
1179834,JPX-HT,135491,False
1179834,JPX-HT,135496,False
1179835,JPX-JNAF,135014,False
1179835,JPX-JNAF,135012,False
1179835,JPX-JNAF,135010,False
1179835,JPX-JNAF,135008,False
1179835,JPX-JNAF,135006,False
1179835,JPX-JNAF,135005,False
1179835,JPX-JNAF,135007,False
1179835,JPX-JNAF,135009,False
1179835,JPX-JNAF,135011,False
1179835,JPX-JNAF,135013,False
1179836,JPX-KTST,133852,False
1179836,JPX-KTST,133850,False
1179836,JPX-KTST,133848,False
1179836,JPX-KTST,133846,False
1179836,JPX-KTST,133844,False
1179836,JPX-KTST,133853,False
1179836,JPX-KTST,133851,False
1179836,JPX-KTST,133849,False
1179836,JPX-KTST,133847,False
1179836,JPX-KTST,133845,False
1179836,JPX-SIMP,134350,False
1179836,JPX-SIMP,134348,False
1179836,JPX-SIMP,134346,False
1179836,JPX-SIMP,134344,False
1179836,JPX-SIMP,134343,False
1179836,JPX-SIMP,134342,False
1179836,JPX-SIMP,134341,False
1179837,JPX-SIMP,134345,False
1179837,JPX-SIMP,134347,False
1179837,JPX-SIMP,134349,False
1179837,JPX-XAG,135322,False
1179837,JPX-XAG,135321,False
1179837,JPX-XAG,135320,False
1179837,JPX-XAG,135319,False
1179837,JPX-XAG,135318,False
1179837,JPX-XAG,135317,False
1179837,JPX-XAG,135316,False
1179837,JPX-XAG,135315,False
1179837,JPX-XAG,135314,False
1179837,JPX-XAG,135313,False
1179837,JPX-GOLD,139403,False
1179837,JPX-CARD,138353,False
1179837,JPX-KTST,133866,False
1179837,JPX-KTST,133867,False
1179926,JPX-JNAF,135025,False
1179926,JPX-ETFSH,127616,False
1179931,JPX-ETFSH,127613,False
1179931,JPX-ETFSH,127604,False
1179931,JPX-ETFSH,127611,False
1179931,JPX-ETFSH,127610,False
1179932,JPX-ETFSH,127606,False
1179932,JPX-ETFSH,127609,False
1179932,JPX-ETFSH,127612,False
1179932,JPX-ETFSH,127607,False
1179932,JPX-ETFSH,127608,False
1179933,JPX-CARD,138352,False
1179933,JPX-CARD,138350,False
1179933,JPX-CARD,138349,False
1179933,JPX-CARD,138347,False
1179933,JPX-CARD,138345,False
1179933,JPX-CARD,138343,False
1179933,JPX-CARD,138348,False
1179933,JPX-CARD,138346,False
1179933,JPX-CARD,138344,False
1179933,JPX-CARD,138351,False
1179933,JPX-GOLD,139400,False
1179933,JPX-GOLD,139399,False
1179933,JPX-GOLD,139398,False
1179933,JPX-GOLD,139397,False
1179933,JPX-GOLD,139396,False
1179933,JPX-GOLD,139395,False
1179933,JPX-GOLD,139394,False
1179933,JPX-GOLD,139401,False
1179933,JPX-GOLD,139393,False
1179933,JPX-GOLD,139402,False
1179933,JPX-HT,135510,False
1179933,JPX-HT,135509,False
1179933,JPX-HT,135508,False
1179933,JPX-HT,135506,False
1179933,JPX-HT,135505,False
1179933,JPX-HT,135504,False
1179933,JPX-HT,135503,False
1179933,JPX-HT,135501,False
1179933,JPX-HT,135507,False
1179934,JPX-HT,135502,False
1179934,JPX-JNAF,135023,False
1179934,JPX-JNAF,135021,False
1179934,JPX-JNAF,135019,False
1179934,JPX-JNAF,135017,False
1179934,JPX-JNAF,135016,False
1179934,JPX-JNAF,135022,False
1179934,JPX-JNAF,135024,False
1179934,JPX-JNAF,135020,False
1179934,JPX-JNAF,135018,False
1179934,JPX-JNAF,135015,False
1179935,JPX-KTST,133864,False
1179935,JPX-KTST,133863,False
1179935,JPX-KTST,133862,False
1179935,JPX-KTST,133861,False
1179935,JPX-KTST,133859,False
1179935,JPX-KTST,133858,False
1179935,JPX-KTST,133856,False
1179935,JPX-KTST,133855,False
1179935,JPX-KTST,133857,False
1179935,JPX-KTST,133860,False
1179935,JPX-SIMP,134360,False
1179935,JPX-SIMP,134358,False
1179935,JPX-SIMP,134355,False
1179935,JPX-SIMP,134354,False
1179935,JPX-SIMP,134353,False
1179935,JPX-SIMP,134352,False
1179935,JPX-SIMP,134351,False
1179935,JPX-SIMP,134357,False
1179935,JPX-SIMP,134356,False
1179935,JPX-SIMP,134359,False
1179935,JPX-XAG,135335,False
1179935,JPX-XAG,135334,False
1179935,JPX-XAG,135333,False
1179935,JPX-XAG,135332,False
1179935,JPX-XAG,135331,False
1179935,JPX-XAG,135330,False
1179935,JPX-XAG,135329,False
1179935,JPX-XAG,135328,False
1179935,JPX-XAG,135327,False
1179935,JPX-XAG,135326,False
1179939,JPX-GOLD,139417,False
1179939,JPX-CARD,138366,False
1179939,JPX-KTST,133879,False
1180013,JPX-XAG,135348,False
1180013,JPX-GOLD,139420,False
1180013,JPX-CARD,138367,False
1180013,JPX-KTST,133881,False
1180013,JPX-GOLD,139421,False
1180031,JPX-ETFSH,127626,False
1180031,JPX-ETFSH,127623,False
1180031,JPX-ETFSH,127622,False
1180031,JPX-ETFSH,127621,False
1180031,JPX-ETFSH,127619,False
1180031,JPX-ETFSH,127618,False
1180032,JPX-ETFSH,127625,False
1180033,JPX-ETFSH,127624,False
1180033,JPX-ETFSH,127617,False
1180033,JPX-ETFSH,127620,False
1180034,JPX-CARD,138364,False
1180034,JPX-CARD,138363,False
1180034,JPX-CARD,138362,False
1180034,JPX-CARD,138360,False
1180034,JPX-CARD,138358,False
1180034,JPX-CARD,138356,False
1180034,JPX-CARD,138355,False
1180034,JPX-CARD,138361,False
1180034,JPX-CARD,138357,False
1180034,JPX-CARD,138359,False
1180034,JPX-GOLD,139416,False
1180034,JPX-GOLD,139413,False
1180034,JPX-GOLD,139410,False
1180034,JPX-GOLD,139408,False
1180034,JPX-GOLD,139409,False
1180034,JPX-GOLD,139414,False
1180034,JPX-GOLD,139411,False
1180034,JPX-GOLD,139407,False
1180034,JPX-GOLD,139412,False
1180034,JPX-GOLD,139415,False
1180034,JPX-HT,135522,False
1180034,JPX-HT,135521,False
1180034,JPX-HT,135520,False
1180034,JPX-HT,135518,False
1180034,JPX-HT,135517,False
1180034,JPX-HT,135516,False
1180034,JPX-HT,135515,False
1180034,JPX-HT,135513,False
1180034,JPX-HT,135519,False
1180034,JPX-HT,135514,False
1180035,JPX-JNAF,135036,False
1180035,JPX-JNAF,135035,False
1180035,JPX-JNAF,135034,False
1180035,JPX-JNAF,135033,False
1180035,JPX-JNAF,135032,False
1180035,JPX-JNAF,135031,False
1180035,JPX-JNAF,135030,False
1180035,JPX-JNAF,135028,False
1180035,JPX-JNAF,135027,False
1180035,JPX-JNAF,135029,False
1180036,JPX-KTST,133877,False
1180036,JPX-KTST,133875,False
1180036,JPX-KTST,133874,False
1180036,JPX-KTST,133873,False
1180036,JPX-KTST,133872,False
1180036,JPX-KTST,133870,False
1180036,JPX-KTST,133878,False
1180036,JPX-KTST,133876,False
1180036,JPX-KTST,133871,False
1180036,JPX-KTST,133869,False
1180037,JPX-SIMP,134365,False
1180037,JPX-SIMP,134363,False
1180037,JPX-SIMP,134364,False
1180037,JPX-SIMP,134362,False
1180037,JPX-SIMP,134361,False
1180037,JPX-SIMP,134369,False
1180037,JPX-SIMP,134368,False
1180037,JPX-SIMP,134366,False
1180037,JPX-SIMP,134370,False
1180037,JPX-SIMP,134367,False
1180037,JPX-XAG,135346,False
1180037,JPX-XAG,135345,False
1180037,JPX-XAG,135344,False
1180037,JPX-XAG,135343,False
1180037,JPX-XAG,135342,False
1180037,JPX-XAG,135341,False
1180037,JPX-XAG,135340,False
1180037,JPX-XAG,135339,False
1180037,JPX-XAG,135338,False
1180037,JPX-XAG,135337,False
1180119,JPX-JNAF,135048,False
1180119,JPX-ETFSH,127637,False
1180131,JPX-ETFSH,127634,False
1180131,JPX-ETFSH,127632,False
1180131,JPX-ETFSH,127631,False
1180131,JPX-ETFSH,127628,False
1180131,JPX-ETFSH,127630,False
1180131,JPX-ETFSH,127627,False
1180131,JPX-ETFSH,127636,False
1180131,JPX-ETFSH,127633,False
1180132,JPX-ETFSH,127635,False
1180132,JPX-ETFSH,127629,False
1180133,JPX-CARD,138376,False
1180133,JPX-CARD,138374,False
1180133,JPX-CARD,138372,False
1180133,JPX-CARD,138370,False
1180133,JPX-CARD,138368,False
1180133,JPX-CARD,138377,False
1180133,JPX-CARD,138375,False
1180133,JPX-CARD,138371,False
1180133,JPX-CARD,138373,False
1180133,JPX-CARD,138369,False
1180133,JPX-GOLD,139431,False
1180133,JPX-GOLD,139430,False
1180133,JPX-GOLD,139429,False
1180133,JPX-GOLD,139428,False
1180133,JPX-GOLD,139423,False
1180133,JPX-GOLD,139424,False
1180133,JPX-GOLD,139427,False
1180133,JPX-GOLD,139425,False
1180133,JPX-GOLD,139422,False
1180133,JPX-GOLD,139426,False
1180133,JPX-HT,135532,False
1180133,JPX-HT,135530,False
1180133,JPX-HT,135529,False
1180133,JPX-HT,135528,False
1180133,JPX-HT,135526,False
1180133,JPX-HT,135525,False
1180133,JPX-HT,135524,False
1180133,JPX-HT,135523,False
1180133,JPX-HT,135531,False
1180133,JPX-HT,135527,False
1180134,JPX-JNAF,135047,False
1180134,JPX-JNAF,135046,False
1180134,JPX-JNAF,135045,False
1180134,JPX-JNAF,135044,False
1180134,JPX-JNAF,135042,False
1180134,JPX-JNAF,135041,False
1180134,JPX-JNAF,135040,False
1180134,JPX-JNAF,135039,False
1180134,JPX-JNAF,135038,False
1180134,JPX-JNAF,135043,False
1180135,JPX-KTST,133892,False
1180135,JPX-KTST,133890,False
1180135,JPX-KTST,133888,False
1180135,JPX-KTST,133886,False
1180135,JPX-KTST,133885,False
1180135,JPX-KTST,133884,False
1180135,JPX-KTST,133883,False
1180135,JPX-KTST,133891,False
1180135,JPX-KTST,133887,False
1180135,JPX-KTST,133889,False
1180135,JPX-SIMP,134379,False
1180135,JPX-SIMP,134377,False
1180135,JPX-SIMP,134376,False
1180135,JPX-SIMP,134375,False
1180135,JPX-SIMP,134374,False
1180135,JPX-SIMP,134373,False
1180135,JPX-SIMP,134372,False
1180135,JPX-SIMP,134371,False
1180135,JPX-SIMP,134380,False
1180135,JPX-SIMP,134378,False
1180135,JPX-XAG,135359,False
1180135,JPX-XAG,135358,False
1180135,JPX-XAG,135357,False
1180135,JPX-XAG,135356,False
1180135,JPX-XAG,135355,False
1180135,JPX-XAG,135354,False
1180136,JPX-XAG,135353,False
1180136,JPX-XAG,135352,False
1180136,JPX-XAG,135351,False
1180136,JPX-XAG,135350,False
1180136,JPX-XAG,135372,False
1180136,JPX-CARD,138388,False
1180136,JPX-KTST,133903,False
1180136,JPX-KTST,133904,False
1180136,JPX-GOLD,139443,False
1180205,JPX-JNAF,135060,False
1180218,JPX-XAG,135373,False
1180218,JPX-GOLD,139444,False
1180218,JPX-CARD,138389,False
1180218,JPX-KTST,133906,False
1180231,JPX-GOLD,139446,False
1180231,JPX-ETFSH,127647,False
1180231,JPX-ETFSH,127642,False
1180231,JPX-ETFSH,127641,False
1180231,JPX-ETFSH,127644,False
1180232,JPX-ETFSH,127640,False
1180233,JPX-ETFSH,127648,False
1180233,JPX-ETFSH,127646,False
1180233,JPX-ETFSH,127639,False
1180233,JPX-ETFSH,127643,False
1180233,JPX-ETFSH,127645,False
1180234,JPX-CARD,138386,False
1180234,JPX-CARD,138385,False
1180234,JPX-CARD,138381,False
1180234,JPX-CARD,138383,False
1180234,JPX-CARD,138378,False
1180234,JPX-CARD,138380,False
1180234,JPX-CARD,138379,False
1180234,JPX-CARD,138387,False
1180234,JPX-CARD,138382,False
1180234,JPX-CARD,138384,False
1180234,JPX-GOLD,139441,False
1180234,JPX-GOLD,139440,False
1180234,JPX-GOLD,139439,False
1180234,JPX-GOLD,139438,False
1180234,JPX-GOLD,139437,False
1180234,JPX-GOLD,139435,False
1180234,JPX-GOLD,139433,False
1180234,JPX-GOLD,139432,False
1180234,JPX-GOLD,139434,False
1180234,JPX-GOLD,139436,False
1180234,JPX-HT,135542,False
1180234,JPX-HT,135541,False
1180234,JPX-HT,135539,False
1180234,JPX-HT,135538,False
1180234,JPX-HT,135537,False
1180234,JPX-HT,135536,False
1180234,JPX-HT,135535,False
1180234,JPX-HT,135534,False
1180234,JPX-HT,135533,False
1180235,JPX-HT,135540,False
1180235,JPX-JNAF,135059,False
1180235,JPX-JNAF,135058,False
1180235,JPX-JNAF,135057,False
1180235,JPX-JNAF,135056,False
1180235,JPX-JNAF,135055,False
1180235,JPX-JNAF,135054,False
1180235,JPX-JNAF,135053,False
1180235,JPX-JNAF,135052,False
1180235,JPX-JNAF,135051,False
1180235,JPX-JNAF,135050,False
1180236,JPX-KTST,133902,False
1180236,JPX-KTST,133901,False
1180236,JPX-KTST,133900,False
1180236,JPX-KTST,133899,False
1180236,JPX-KTST,133898,False
1180236,JPX-KTST,133897,False
1180236,JPX-KTST,133896,False
1180236,JPX-KTST,133894,False
1180236,JPX-KTST,133893,False
1180236,JPX-KTST,133895,False
1180237,JPX-SIMP,134389,False
1180237,JPX-SIMP,134387,False
1180237,JPX-SIMP,134385,False
1180237,JPX-SIMP,134383,False
1180237,JPX-SIMP,134386,False
1180237,JPX-SIMP,134390,False
1180237,JPX-SIMP,134388,False
1180237,JPX-SIMP,134382,False
1180237,JPX-SIMP,134381,False
1180237,JPX-SIMP,134384,False
1180237,JPX-XAG,135371,False
1180237,JPX-XAG,135370,False
1180237,JPX-XAG,135369,False
1180237,JPX-XAG,135368,False
1180237,JPX-XAG,135367,False
1180237,JPX-XAG,135366,False
1180237,JPX-XAG,135365,False
1180237,JPX-XAG,135364,False
1180237,JPX-XAG,135363,False
1180237,JPX-XAG,135362,False
1180309,JPX-JNAF,135072,False
1180331,JPX-ETFSH,127658,False
1180331,JPX-ETFSH,127655,False
1180331,JPX-ETFSH,127654,False
1180331,JPX-ETFSH,127652,False
1180331,JPX-ETFSH,127650,False
1180331,JPX-ETFSH,127656,False
1180332,JPX-ETFSH,127651,False
1180332,JPX-ETFSH,127657,False
1180332,JPX-ETFSH,127653,False
1180333,JPX-ETFSH,127649,False
1180333,JPX-CARD,138399,False
1180333,JPX-CARD,138398,False
1180333,JPX-CARD,138395,False
1180333,JPX-CARD,138391,False
1180333,JPX-CARD,138392,False
1180333,JPX-CARD,138390,False
1180333,JPX-CARD,138397,False
1180333,JPX-CARD,138393,False
1180333,JPX-CARD,138396,False
1180333,JPX-CARD,138394,False
1180333,JPX-GOLD,139452,False
1180333,JPX-GOLD,139450,False
1180333,JPX-GOLD,139451,False
1180333,JPX-GOLD,139449,False
1180333,JPX-GOLD,139448,False
1180333,JPX-GOLD,139456,False
1180333,JPX-GOLD,139455,False
1180333,JPX-GOLD,139453,False
1180333,JPX-GOLD,139457,False
1180333,JPX-GOLD,139454,False
1180333,JPX-HT,135551,False
1180333,JPX-HT,135550,False
1180333,JPX-HT,135549,False
1180333,JPX-HT,135548,False
1180333,JPX-HT,135547,False
1180333,JPX-HT,135546,False
1180333,JPX-HT,135545,False
1180333,JPX-HT,135544,False
1180333,JPX-HT,135543,False
1180334,JPX-HT,135552,False
1180334,JPX-JNAF,135070,False
1180334,JPX-JNAF,135069,False
1180334,JPX-JNAF,135068,False
1180334,JPX-JNAF,135067,False
1180334,JPX-JNAF,135065,False
1180334,JPX-JNAF,135063,False
1180334,JPX-JNAF,135062,False
1180334,JPX-JNAF,135061,False
1180334,JPX-JNAF,135066,False
1180334,JPX-JNAF,135064,False
1180335,JPX-KTST,133916,False
1180335,JPX-KTST,133915,False
1180335,JPX-KTST,133914,False
1180335,JPX-KTST,133913,False
1180335,JPX-KTST,133911,False
1180335,JPX-KTST,133909,False
1180335,JPX-KTST,133907,False
1180335,JPX-KTST,133912,False
1180335,JPX-KTST,133910,False
1180335,JPX-KTST,133908,False
1180335,JPX-SIMP,134399,False
1180335,JPX-SIMP,134397,False
1180335,JPX-SIMP,134395,False
1180335,JPX-SIMP,134393,False
1180335,JPX-SIMP,134391,False
1180335,JPX-SIMP,134392,False
1180335,JPX-SIMP,134396,False
1180335,JPX-SIMP,134398,False
1180335,JPX-SIMP,134400,False
1180335,JPX-SIMP,134394,False
1180335,JPX-XAG,135382,False
1180335,JPX-XAG,135381,False
1180335,JPX-XAG,135380,False
1180335,JPX-XAG,135379,False
1180335,JPX-XAG,135378,False
1180335,JPX-XAG,135377,False
1180335,JPX-XAG,135376,False
1180336,JPX-XAG,135375,False
1180336,JPX-XAG,135383,False
1180336,JPX-XAG,135374,False
1180336,JPX-XAG,135394,False
1180336,JPX-GOLD,139468,False
1180336,JPX-CARD,138411,False
1180336,JPX-KTST,133927,False
1180374,JPX-CARD,138413,False
1180374,JPX-JNAF,135083,False
1180412,JPX-XAG,135395,False
1180412,JPX-GOLD,139470,False
1180412,JPX-KTST,133929,False
1180426,JPX-XAG,135396,False
1180431,JPX-ETFSH,127669,False
1180431,JPX-ETFSH,127667,False
1180431,JPX-ETFSH,127660,False
1180431,JPX-ETFSH,127662,False
1180432,JPX-ETFSH,127664,False
1180432,JPX-ETFSH,127665,False
1180432,JPX-ETFSH,127663,False
1180433,JPX-ETFSH,127666,False
1180433,JPX-ETFSH,127668,False
1180434,JPX-CARD,138407,False
1180434,JPX-CARD,138406,False
1180434,JPX-CARD,138405,False
1180434,JPX-CARD,138404,False
1180434,JPX-CARD,138402,False
1180434,JPX-CARD,138409,False
1180434,JPX-CARD,138403,False
1180434,JPX-CARD,138401,False
1180434,JPX-CARD,138410,False
1180434,JPX-CARD,138408,False
1180434,JPX-GOLD,139466,False
1180434,JPX-GOLD,139464,False
1180434,JPX-GOLD,139463,False
1180434,JPX-GOLD,139462,False
1180434,JPX-GOLD,139461,False
1180434,JPX-GOLD,139460,False
1180434,JPX-GOLD,139459,False
1180434,JPX-GOLD,139458,False
1180434,JPX-GOLD,139467,False
1180434,JPX-GOLD,139465,False
1180434,JPX-HT,135562,False
1180434,JPX-HT,135561,False
1180434,JPX-HT,135559,False
1180434,JPX-HT,135558,False
1180434,JPX-HT,135557,False
1180434,JPX-HT,135556,False
1180434,JPX-HT,135555,False
1180434,JPX-HT,135553,False
1180434,JPX-HT,135560,False
1180434,JPX-HT,135554,False
1180435,JPX-JNAF,135082,False
1180435,JPX-JNAF,135081,False
1180435,JPX-JNAF,135080,False
1180435,JPX-JNAF,135079,False
1180435,JPX-JNAF,135078,False
1180435,JPX-JNAF,135077,False
1180435,JPX-JNAF,135075,False
1180435,JPX-JNAF,135074,False
1180435,JPX-JNAF,135073,False
1180435,JPX-JNAF,135076,False
1180436,JPX-KTST,133926,False
1180436,JPX-KTST,133925,False
1180436,JPX-KTST,133924,False
1180436,JPX-KTST,133923,False
1180436,JPX-KTST,133922,False
1180436,JPX-KTST,133920,False
1180436,JPX-KTST,133918,False
1180436,JPX-KTST,133917,False
1180436,JPX-KTST,133919,False
1180436,JPX-KTST,133921,False
1180436,JPX-SIMP,134410,False
1180436,JPX-SIMP,134408,False
1180436,JPX-SIMP,134405,False
1180436,JPX-SIMP,134403,False
1180436,JPX-SIMP,134401,False
1180436,JPX-SIMP,134407,False
1180436,JPX-SIMP,134402,False
1180436,JPX-SIMP,134404,False
1180436,JPX-SIMP,134406,False
1180436,JPX-SIMP,134409,False
1180437,JPX-XAG,135393,False
1180437,JPX-XAG,135392,False
1180437,JPX-XAG,135391,False
1180437,JPX-XAG,135390,False
1180437,JPX-XAG,135388,False
1180437,JPX-XAG,135387,False
1180437,JPX-XAG,135386,False
1180437,JPX-XAG,135385,False
1180437,JPX-XAG,135384,False
1180437,JPX-XAG,135389,False
1180521,JPX-JNAF,135095,False
1180521,JPX-GOLD,139483,False
1180521,JPX-CARD,138425,False
1180531,JPX-ETFSH,127680,False
1180531,JPX-ETFSH,127679,False
1180531,JPX-ETFSH,127678,False
1180531,JPX-ETFSH,127677,False
1180531,JPX-ETFSH,127676,False
1180531,JPX-ETFSH,127675,False
1180531,JPX-ETFSH,127672,False
1180531,JPX-ETFSH,127671,False
1180532,JPX-ETFSH,127673,False
1180532,JPX-ETFSH,127674,False
1180533,JPX-CARD,138422,False
1180533,JPX-CARD,138420,False
1180533,JPX-CARD,138418,False
1180533,JPX-CARD,138416,False
1180533,JPX-CARD,138423,False
1180533,JPX-CARD,138415,False
1180533,JPX-CARD,138419,False
1180533,JPX-CARD,138417,False
1180533,JPX-CARD,138421,False
1180533,JPX-CARD,138424,False
1180533,JPX-GOLD,139482,False
1180533,JPX-GOLD,139480,False
1180533,JPX-GOLD,139478,False
1180533,JPX-GOLD,139476,False
1180533,JPX-GOLD,139474,False
1180533,JPX-GOLD,139473,False
1180533,JPX-GOLD,139477,False
1180533,JPX-GOLD,139475,False
1180533,JPX-GOLD,139479,False
1180533,JPX-GOLD,139481,False
1180533,JPX-HT,135572,False
1180533,JPX-HT,135571,False
1180533,JPX-HT,135570,False
1180533,JPX-HT,135569,False
1180533,JPX-HT,135568,False
1180533,JPX-HT,135564,False
1180533,JPX-HT,135563,False
1180533,JPX-HT,135566,False
1180534,JPX-HT,135565,False
1180534,JPX-HT,135567,False
1180534,JPX-JNAF,135093,False
1180534,JPX-JNAF,135092,False
1180534,JPX-JNAF,135091,False
1180534,JPX-JNAF,135090,False
1180534,JPX-JNAF,135089,False
1180534,JPX-JNAF,135088,False
1180534,JPX-JNAF,135087,False
1180534,JPX-JNAF,135086,False
1180534,JPX-JNAF,135085,False
1180534,JPX-JNAF,135084,False
1180535,JPX-KTST,133941,False
1180535,JPX-KTST,133939,False
1180535,JPX-KTST,133936,False
1180535,JPX-KTST,133935,False
1180535,JPX-KTST,133933,False
1180535,JPX-KTST,133937,False
1180535,JPX-KTST,133940,False
1180535,JPX-KTST,133938,False
1180535,JPX-KTST,133934,False
1180535,JPX-KTST,133932,False
1180535,JPX-SIMP,134420,False
1180535,JPX-SIMP,134418,False
1180535,JPX-SIMP,134415,False
1180535,JPX-SIMP,134413,False
1180535,JPX-SIMP,134421,False
1180535,JPX-SIMP,134417,False
1180535,JPX-SIMP,134419,False
1180535,JPX-SIMP,134412,False
1180535,JPX-SIMP,134414,False
1180535,JPX-SIMP,134416,False
1180535,JPX-XAG,135406,False
1180535,JPX-XAG,135405,False
1180535,JPX-XAG,135404,False
1180535,JPX-XAG,135403,False
1180535,JPX-XAG,135402,False
1180535,JPX-XAG,135401,False
1180535,JPX-XAG,135399,False
1180535,JPX-XAG,135397,False
1180535,JPX-XAG,135400,False
1180535,JPX-XAG,135398,False
1180617,JPX-XAG,135418,False
1180617,JPX-KTST,133954,False
1180617,JPX-GOLD,139496,False
1180631,JPX-ETFSH,127689,False
1180631,JPX-ETFSH,127687,False
1180631,JPX-ETFSH,127686,False
1180631,JPX-ETFSH,127685,False
1180631,JPX-ETFSH,127682,False
1180632,JPX-ETFSH,127684,False
1180632,JPX-ETFSH,127688,False
1180632,JPX-ETFSH,127683,False
1180632,JPX-ETFSH,127691,False
1180633,JPX-ETFSH,127690,False
1180633,JPX-CARD,138434,False
1180633,JPX-CARD,138432,False
1180633,JPX-CARD,138431,False
1180633,JPX-CARD,138429,False
1180633,JPX-CARD,138427,False
1180633,JPX-CARD,138435,False
1180633,JPX-CARD,138430,False
1180633,JPX-CARD,138433,False
1180633,JPX-CARD,138436,False
1180633,JPX-CARD,138428,False
1180633,JPX-GOLD,139492,False
1180633,JPX-GOLD,139490,False
1180633,JPX-GOLD,139488,False
1180633,JPX-GOLD,139486,False
1180633,JPX-GOLD,139494,False
1180633,JPX-GOLD,139485,False
1180633,JPX-GOLD,139487,False
1180633,JPX-GOLD,139489,False
1180633,JPX-GOLD,139491,False
1180633,JPX-GOLD,139493,False
1180633,JPX-HT,135582,False
1180633,JPX-HT,135581,False
1180633,JPX-HT,135580,False
1180633,JPX-HT,135579,False
1180633,JPX-HT,135577,False
1180633,JPX-HT,135576,False
1180633,JPX-HT,135575,False
1180633,JPX-HT,135574,False
1180633,JPX-HT,135573,False
1180634,JPX-HT,135578,False
1180634,JPX-JNAF,135105,False
1180634,JPX-JNAF,135104,False
1180634,JPX-JNAF,135103,False
1180634,JPX-JNAF,135102,False
1180634,JPX-JNAF,135101,False
1180634,JPX-JNAF,135100,False
1180634,JPX-JNAF,135099,False
1180634,JPX-JNAF,135097,False
1180634,JPX-JNAF,135096,False
1180634,JPX-JNAF,135098,False
1180634,JPX-KTST,133952,False
1180634,JPX-KTST,133950,False
1180634,JPX-KTST,133949,False
1180634,JPX-KTST,133947,False
1180635,JPX-KTST,133945,False
1180635,JPX-KTST,133948,False
1180635,JPX-KTST,133946,False
1180635,JPX-KTST,133944,False
1180635,JPX-KTST,133953,False
1180635,JPX-KTST,133951,False
1180635,JPX-SIMP,134431,False
1180635,JPX-SIMP,134425,False
1180635,JPX-SIMP,134423,False
1180635,JPX-SIMP,134422,False
1180635,JPX-SIMP,134424,False
1180635,JPX-SIMP,134429,False
1180635,JPX-SIMP,134426,False
1180635,JPX-SIMP,134427,False
1180635,JPX-SIMP,134430,False
1180635,JPX-SIMP,134428,False
1180635,JPX-XAG,135417,False
1180635,JPX-XAG,135414,False
1180635,JPX-XAG,135412,False
1180635,JPX-XAG,135411,False
1180635,JPX-XAG,135410,False
1180635,JPX-XAG,135409,False
1180635,JPX-XAG,135408,False
1180635,JPX-XAG,135413,False
1180635,JPX-XAG,135415,False
1180635,JPX-XAG,135416,False
1180711,JPX-ETFSH,127702,False
1180712,JPX-GOLD,139508,False
1180712,JPX-CARD,138447,False
1180712,JPX-KTST,133966,False
1180731,JPX-ETFSH,127699,False
1180731,JPX-ETFSH,127697,False
1180731,JPX-ETFSH,127696,False
1180731,JPX-ETFSH,127694,False
1180731,JPX-ETFSH,127693,False
1180731,JPX-ETFSH,127692,False
1180731,JPX-ETFSH,127695,False
1180732,JPX-ETFSH,127700,False
1180733,JPX-ETFSH,127701,False
1180733,JPX-ETFSH,127698,False
1180733,JPX-CARD,138446,False
1180733,JPX-CARD,138443,False
1180733,JPX-CARD,138441,False
1180733,JPX-CARD,138439,False
1180733,JPX-CARD,138440,False
1180733,JPX-CARD,138444,False
1180733,JPX-CARD,138445,False
1180733,JPX-CARD,138438,False
1180733,JPX-CARD,138437,False
1180733,JPX-CARD,138442,False
1180733,JPX-GOLD,139507,False
1180733,JPX-GOLD,139505,False
1180733,JPX-GOLD,139502,False
1180733,JPX-GOLD,139500,False
1180733,JPX-GOLD,139498,False
1180733,JPX-GOLD,139504,False
1180733,JPX-GOLD,139506,False
1180733,JPX-GOLD,139499,False
1180733,JPX-GOLD,139501,False
1180733,JPX-GOLD,139503,False
1180733,JPX-HT,135593,False
1180733,JPX-HT,135592,False
1180733,JPX-HT,135591,False
1180733,JPX-HT,135590,False
1180733,JPX-HT,135589,False
1180733,JPX-HT,135588,False
1180733,JPX-HT,135587,False
1180733,JPX-HT,135586,False
1180733,JPX-HT,135585,False
1180733,JPX-HT,135584,False
1180734,JPX-JNAF,135116,False
1180734,JPX-JNAF,135114,False
1180734,JPX-JNAF,135113,False
1180734,JPX-JNAF,135112,False
1180734,JPX-JNAF,135111,False
1180734,JPX-JNAF,135110,False
1180734,JPX-JNAF,135109,False
1180734,JPX-JNAF,135108,False
1180734,JPX-JNAF,135107,False
1180734,JPX-JNAF,135115,False
1180735,JPX-KTST,133963,False
1180735,JPX-KTST,133962,False
1180735,JPX-KTST,133961,False
1180735,JPX-KTST,133960,False
1180735,JPX-KTST,133959,False
1180735,JPX-KTST,133958,False
1180735,JPX-KTST,133956,False
1180735,JPX-KTST,133964,False
1180735,JPX-KTST,133957,False
1180735,JPX-KTST,133955,False
1180735,JPX-SIMP,134440,False
1180735,JPX-SIMP,134438,False
1180735,JPX-SIMP,134435,False
1180735,JPX-SIMP,134433,False
1180735,JPX-SIMP,134437,False
1180735,JPX-SIMP,134439,False
1180735,JPX-SIMP,134436,False
1180735,JPX-SIMP,134432,False
1180735,JPX-SIMP,134434,False
1180735,JPX-SIMP,134441,False
1180736,JPX-XAG,135427,False
1180736,JPX-XAG,135426,False
1180736,JPX-XAG,135425,False
1180736,JPX-XAG,135424,False
1180736,JPX-XAG,135423,False
1180736,JPX-XAG,135422,False
1180736,JPX-XAG,135421,False
1180736,JPX-XAG,135420,False
1180736,JPX-XAG,135419,False
1180736,JPX-XAG,135428,False
1180797,JPX-ETFSH,127713,False
1180809,JPX-XAG,135440,False
1180809,JPX-CARD,138459,False
1180809,JPX-KTST,133977,False
1180809,JPX-GOLD,139521,False
1180831,JPX-ETFSH,127712,False
1180831,JPX-ETFSH,127708,False
1180831,JPX-ETFSH,127706,False
1180831,JPX-ETFSH,127703,False
1180831,JPX-ETFSH,127709,False
1180831,JPX-ETFSH,127705,False
1180831,JPX-ETFSH,127710,False
1180832,JPX-ETFSH,127711,False
1180832,JPX-ETFSH,127707,False
1180833,JPX-ETFSH,127704,False
1180833,JPX-CARD,138458,False
1180833,JPX-CARD,138457,False
1180833,JPX-CARD,138454,False
1180833,JPX-CARD,138450,False
1180833,JPX-CARD,138452,False
1180833,JPX-CARD,138451,False
1180833,JPX-CARD,138453,False
1180833,JPX-CARD,138455,False
1180833,JPX-CARD,138456,False
1180833,JPX-CARD,138449,False
1180833,JPX-GOLD,139518,False
1180833,JPX-GOLD,139512,False
1180833,JPX-GOLD,139510,False
1180833,JPX-GOLD,139511,False
1180833,JPX-GOLD,139516,False
1180833,JPX-GOLD,139513,False
1180833,JPX-GOLD,139514,False
1180833,JPX-GOLD,139517,False
1180833,JPX-GOLD,139515,False
1180833,JPX-GOLD,139519,False
1180833,JPX-HT,135603,False
1180833,JPX-HT,135602,False
1180833,JPX-HT,135601,False
1180833,JPX-HT,135600,False
1180833,JPX-HT,135599,False
1180833,JPX-HT,135597,False
1180833,JPX-HT,135596,False
1180833,JPX-HT,135595,False
1180833,JPX-HT,135598,False
1180834,JPX-HT,135594,False
1180834,JPX-JNAF,135127,False
1180834,JPX-JNAF,135125,False
1180834,JPX-JNAF,135123,False
1180834,JPX-JNAF,135122,False
1180834,JPX-JNAF,135121,False
1180834,JPX-JNAF,135119,False
1180834,JPX-JNAF,135118,False
1180834,JPX-JNAF,135124,False
1180834,JPX-JNAF,135126,False
1180834,JPX-JNAF,135120,False
1180834,JPX-KTST,133976,False
1180834,JPX-KTST,133974,False
1180834,JPX-KTST,133972,False
1180834,JPX-KTST,133971,False
1180834,JPX-KTST,133970,False
1180834,JPX-KTST,133969,False
1180834,JPX-KTST,133968,False
1180834,JPX-KTST,133967,False
1180835,JPX-KTST,133975,False
1180835,JPX-KTST,133973,False
1180835,JPX-SIMP,134447,False
1180835,JPX-SIMP,134442,False
1180835,JPX-SIMP,134449,False
1180835,JPX-SIMP,134444,False
1180835,JPX-SIMP,134446,False
1180835,JPX-SIMP,134448,False
1180835,JPX-SIMP,134450,False
1180835,JPX-SIMP,134451,False
1180835,JPX-SIMP,134445,False
1180835,JPX-SIMP,134443,False
1180835,JPX-XAG,135439,False
1180835,JPX-XAG,135438,False
1180835,JPX-XAG,135437,False
1180835,JPX-XAG,135436,False
1180835,JPX-XAG,135435,False
1180835,JPX-XAG,135434,False
1180835,JPX-XAG,135433,False
1180835,JPX-XAG,135432,False
1180835,JPX-XAG,135431,False
1180835,JPX-XAG,135430,False
1180902,JPX-JNAF,135140,False
1180915,JPX-XAG,135451,False
1180915,JPX-GOLD,139534,False
1180931,JPX-ETFSH,127721,False
1180931,JPX-ETFSH,127720,False
1180931,JPX-ETFSH,127719,False
1180931,JPX-ETFSH,127717,False
1180931,JPX-ETFSH,127715,False
1180931,JPX-ETFSH,127722,False
1180932,JPX-ETFSH,127716,False
1180932,JPX-ETFSH,127714,False
1180932,JPX-ETFSH,127718,False
1180932,JPX-ETFSH,127723,False
1180933,JPX-CARD,138469,False
1180933,JPX-CARD,138467,False
1180933,JPX-CARD,138465,False
1180933,JPX-CARD,138463,False
1180933,JPX-CARD,138461,False
1180933,JPX-CARD,138460,False
1180933,JPX-CARD,138468,False
1180933,JPX-CARD,138462,False
1180933,JPX-CARD,138464,False
1180933,JPX-CARD,138466,False
1180933,JPX-GOLD,139527,False
1180933,JPX-GOLD,139525,False
1180933,JPX-GOLD,139522,False
1180933,JPX-GOLD,139529,False
1180933,JPX-GOLD,139531,False
1180933,JPX-GOLD,139524,False
1180933,JPX-GOLD,139526,False
1180933,JPX-GOLD,139528,False
1180933,JPX-GOLD,139530,False
1180933,JPX-HT,135613,False
1180933,JPX-HT,135612,False
1180933,JPX-HT,135611,False
1180933,JPX-HT,135610,False
1180933,JPX-HT,135607,False
1180933,JPX-HT,135605,False
1180933,JPX-HT,135604,False
1180933,JPX-HT,135609,False
1180933,JPX-HT,135608,False
1180934,JPX-HT,135606,False
1180934,JPX-JNAF,135139,False
1180934,JPX-JNAF,135137,False
1180934,JPX-JNAF,135135,False
1180934,JPX-JNAF,135134,False
1180934,JPX-JNAF,135133,False
1180934,JPX-JNAF,135132,False
1180934,JPX-JNAF,135130,False
1180934,JPX-JNAF,135138,False
1180934,JPX-JNAF,135136,False
1180934,JPX-JNAF,135131,False
1180934,JPX-KTST,133988,False
1180934,JPX-KTST,133986,False
1180934,JPX-KTST,133984,False
1180934,JPX-KTST,133982,False
1180934,JPX-KTST,133980,False
1180935,JPX-KTST,133987,False
1180935,JPX-KTST,133985,False
1180935,JPX-KTST,133983,False
1180935,JPX-KTST,133981,False
1180935,JPX-KTST,133979,False
1180935,JPX-SIMP,134459,False
1180935,JPX-SIMP,134452,False
1180935,JPX-SIMP,134454,False
1180935,JPX-SIMP,134453,False
1180935,JPX-SIMP,134455,False
1180935,JPX-SIMP,134457,False
1180935,JPX-SIMP,134460,False
1180935,JPX-SIMP,134461,False
1180935,JPX-SIMP,134456,False
1180935,JPX-SIMP,134458,False
1180935,JPX-XAG,135450,False
1180935,JPX-XAG,135449,False
1180935,JPX-XAG,135448,False
1180935,JPX-XAG,135447,False
1180935,JPX-XAG,135444,False
1180935,JPX-XAG,135443,False
1180935,JPX-XAG,135442,False
1180935,JPX-XAG,135441,False
1180935,JPX-XAG,135445,False
1180935,JPX-XAG,135446,False
1180943,JPX-XAG,135462,False
1181000,JPX-ETFSH,127737,False
1181000,JPX-JNAF,135151,False
1181011,JPX-XAG,135463,False
1181011,JPX-GOLD,139546,False
1181011,JPX-CARD,138481,False
1181031,JPX-ETFSH,127729,False
1181031,JPX-ETFSH,127728,False
1181031,JPX-ETFSH,127727,False
1181031,JPX-ETFSH,127733,False
1181032,JPX-ETFSH,127726,False
1181032,JPX-ETFSH,127731,False
1181033,JPX-ETFSH,127732,False
1181033,JPX-ETFSH,127730,False
1181034,JPX-CARD,138479,False
1181034,JPX-CARD,138477,False
1181034,JPX-CARD,138475,False
1181034,JPX-CARD,138473,False
1181034,JPX-CARD,138471,False
1181034,JPX-CARD,138472,False
1181034,JPX-CARD,138474,False
1181034,JPX-CARD,138476,False
1181034,JPX-CARD,138478,False
1181034,JPX-CARD,138480,False
1181034,JPX-GOLD,139536,False
1181034,JPX-GOLD,139535,False
1181034,JPX-GOLD,139537,False
1181034,JPX-GOLD,139539,False
1181034,JPX-GOLD,139541,False
1181034,JPX-GOLD,139538,False
1181034,JPX-GOLD,139540,False
1181034,JPX-GOLD,139542,False
1181034,JPX-GOLD,139544,False
1181034,JPX-GOLD,139543,False
1181034,JPX-HT,135623,False
1181034,JPX-HT,135621,False
1181034,JPX-HT,135619,False
1181034,JPX-HT,135618,False
1181034,JPX-HT,135617,False
1181034,JPX-HT,135616,False
1181034,JPX-HT,135615,False
1181034,JPX-HT,135614,False
1181034,JPX-HT,135620,False
1181034,JPX-HT,135622,False
1181034,JPX-JNAF,135150,False
1181034,JPX-JNAF,135149,False
1181034,JPX-JNAF,135148,False
1181034,JPX-JNAF,135147,False
1181034,JPX-JNAF,135146,False
1181034,JPX-JNAF,135145,False
1181034,JPX-JNAF,135144,False
1181034,JPX-JNAF,135142,False
1181034,JPX-JNAF,135141,False
1181035,JPX-JNAF,135143,False
1181035,JPX-KTST,134000,False
1181035,JPX-KTST,133998,False
1181035,JPX-KTST,133996,False
1181035,JPX-KTST,133994,False
1181035,JPX-KTST,133997,False
1181035,JPX-KTST,133995,False
1181035,JPX-KTST,133993,False
1181035,JPX-KTST,133991,False
1181036,JPX-KTST,133992,False
1181036,JPX-KTST,133999,False
1181036,JPX-SIMP,134468,False
1181036,JPX-SIMP,134466,False
1181036,JPX-SIMP,134464,False
1181036,JPX-SIMP,134462,False
1181036,JPX-SIMP,134465,False
1181036,JPX-SIMP,134471,False
1181036,JPX-SIMP,134470,False
1181036,JPX-SIMP,134469,False
1181036,JPX-SIMP,134467,False
1181036,JPX-SIMP,134463,False
1181036,JPX-XAG,135461,False
1181036,JPX-XAG,135460,False
1181036,JPX-XAG,135459,False
1181036,JPX-XAG,135458,False
1181036,JPX-XAG,135457,False
1181036,JPX-XAG,135456,False
1181036,JPX-XAG,135455,False
1181036,JPX-XAG,135454,False
1181036,JPX-XAG,135453,False
1181036,JPX-XAG,135452,False
1181038,JPX-GOLD,139560,False
1181098,JPX-JNAF,135163,False
1181111,JPX-KTST,134013,False
1181127,JPX-GOLD,139562,False
1181127,JPX-CARD,138493,False
1181127,JPX-KTST,134014,False
1181127,JPX-KTST,134015,False
1181127,JPX-GOLD,139563,False
1181131,JPX-ETFSH,127747,False
1181131,JPX-ETFSH,127744,False
1181131,JPX-ETFSH,127743,False
1181131,JPX-ETFSH,127741,False
1181131,JPX-ETFSH,127739,False
1181131,JPX-ETFSH,127738,False
1181132,JPX-ETFSH,127740,False
1181132,JPX-ETFSH,127746,False
1181132,JPX-ETFSH,127745,False
1181132,JPX-ETFSH,127742,False
1181133,JPX-CARD,138492,False
1181133,JPX-CARD,138491,False
1181133,JPX-CARD,138490,False
1181133,JPX-CARD,138489,False
1181133,JPX-CARD,138487,False
1181133,JPX-CARD,138485,False
1181133,JPX-CARD,138484,False
1181133,JPX-CARD,138488,False
1181133,JPX-CARD,138486,False
1181133,JPX-CARD,138483,False
1181133,JPX-GOLD,139555,False
1181133,JPX-GOLD,139553,False
1181133,JPX-GOLD,139551,False
1181133,JPX-GOLD,139552,False
1181133,JPX-GOLD,139558,False
1181133,JPX-GOLD,139557,False
1181133,JPX-GOLD,139559,False
1181133,JPX-GOLD,139556,False
1181133,JPX-GOLD,139554,False
1181133,JPX-GOLD,139550,False
1181133,JPX-HT,135633,False
1181133,JPX-HT,135631,False
1181133,JPX-HT,135630,False
1181133,JPX-HT,135629,False
1181133,JPX-HT,135628,False
1181133,JPX-HT,135627,False
1181133,JPX-HT,135626,False
1181133,JPX-HT,135625,False
1181133,JPX-HT,135624,False
1181134,JPX-HT,135632,False
1181134,JPX-JNAF,135162,False
1181134,JPX-JNAF,135161,False
1181134,JPX-JNAF,135160,False
1181134,JPX-JNAF,135159,False
1181134,JPX-JNAF,135158,False
1181134,JPX-JNAF,135157,False
1181134,JPX-JNAF,135155,False
1181134,JPX-JNAF,135154,False
1181134,JPX-JNAF,135153,False
1181134,JPX-JNAF,135156,False
1181135,JPX-KTST,134012,False
1181135,JPX-KTST,134010,False
1181135,JPX-KTST,134008,False
1181135,JPX-KTST,134006,False
1181135,JPX-KTST,134004,False
1181135,JPX-KTST,134007,False
1181135,JPX-KTST,134005,False
1181135,JPX-KTST,134011,False
1181135,JPX-KTST,134009,False
1181135,JPX-KTST,134003,False
1181135,JPX-SIMP,134480,False
1181135,JPX-SIMP,134479,False
1181135,JPX-SIMP,134477,False
1181135,JPX-SIMP,134475,False
1181135,JPX-SIMP,134473,False
1181135,JPX-SIMP,134472,False
1181135,JPX-SIMP,134474,False
1181135,JPX-SIMP,134476,False
1181136,JPX-SIMP,134478,False
1181136,JPX-SIMP,134481,False
1181136,JPX-XAG,135472,False
1181136,JPX-XAG,135470,False
1181136,JPX-XAG,135469,False
1181136,JPX-XAG,135468,False
1181136,JPX-XAG,135467,False
1181136,JPX-XAG,135466,False
1181136,JPX-XAG,135465,False
1181136,JPX-XAG,135474,False
1181136,JPX-XAG,135473,False
1181136,JPX-XAG,135471,False
1181229,JPX-XAG,135486,False
1181230,JPX-GOLD,139574,False
1181230,JPX-CARD,138506,False
1181230,JPX-KTST,134027,False
1181231,JPX-ETFSH,127757,False
1181231,JPX-ETFSH,127754,False
1181231,JPX-ETFSH,127750,False
1181231,JPX-ETFSH,127749,False
1181231,JPX-ETFSH,127753,False
1181232,JPX-ETFSH,127755,False
1181232,JPX-ETFSH,127756,False
1181232,JPX-ETFSH,127758,False
1181233,JPX-ETFSH,127751,False
1181233,JPX-ETFSH,127752,False
1181233,JPX-CARD,138505,False
1181233,JPX-CARD,138503,False
1181233,JPX-CARD,138501,False
1181233,JPX-CARD,138497,False
1181233,JPX-CARD,138496,False
1181233,JPX-CARD,138500,False
1181233,JPX-CARD,138499,False
1181233,JPX-CARD,138498,False
1181233,JPX-CARD,138502,False
1181233,JPX-CARD,138504,False
1181233,JPX-GOLD,139572,False
1181233,JPX-GOLD,139570,False
1181233,JPX-GOLD,139569,False
1181233,JPX-GOLD,139567,False
1181233,JPX-GOLD,139566,False
1181233,JPX-GOLD,139564,False
1181233,JPX-GOLD,139571,False
1181233,JPX-GOLD,139573,False
1181233,JPX-GOLD,139565,False
1181233,JPX-GOLD,139568,False
1181234,JPX-HT,135643,False
1181234,JPX-HT,135642,False
1181234,JPX-HT,135641,False
1181234,JPX-HT,135640,False
1181234,JPX-HT,135639,False
1181234,JPX-HT,135638,False
1181234,JPX-HT,135637,False
1181234,JPX-HT,135636,False
1181234,JPX-HT,135635,False
1181234,JPX-HT,135634,False
1181234,JPX-JNAF,135173,False
1181234,JPX-JNAF,135172,False
1181234,JPX-JNAF,135171,False
1181234,JPX-JNAF,135170,False
1181234,JPX-JNAF,135169,False
1181234,JPX-JNAF,135168,False
1181234,JPX-JNAF,135167,False
1181234,JPX-JNAF,135166,False
1181234,JPX-JNAF,135165,False
1181234,JPX-JNAF,135164,False
1181235,JPX-KTST,134025,False
1181235,JPX-KTST,134024,False
1181235,JPX-KTST,134023,False
1181235,JPX-KTST,134021,False
1181235,JPX-KTST,134020,False
1181235,JPX-KTST,134018,False
1181235,JPX-KTST,134017,False
1181235,JPX-KTST,134016,False
1181235,JPX-KTST,134022,False
1181235,JPX-KTST,134019,False
1181235,JPX-SIMP,134490,False
1181235,JPX-SIMP,134487,False
1181235,JPX-SIMP,134485,False
1181235,JPX-SIMP,134483,False
1181235,JPX-SIMP,134482,False
1181235,JPX-SIMP,134484,False
1181235,JPX-SIMP,134489,False
1181235,JPX-SIMP,134491,False
1181235,JPX-SIMP,134486,False
1181235,JPX-SIMP,134488,False
1181236,JPX-XAG,135485,False
1181236,JPX-XAG,135484,False
1181236,JPX-XAG,135483,False
1181236,JPX-XAG,135482,False
1181236,JPX-XAG,135481,False
1181236,JPX-XAG,135480,False
1181236,JPX-XAG,135479,False
1181236,JPX-XAG,135478,False
1181236,JPX-XAG,135477,False
1181236,JPX-XAG,135476,False
1181321,JPX-GOLD,139587,False
1181321,JPX-KTST,134042,False
1181321,JPX-GOLD,139588,False
1181331,JPX-ETFSH,127764,False
1181331,JPX-ETFSH,127761,False
1181331,JPX-ETFSH,127760,False
1181331,JPX-ETFSH,127759,False
1181331,JPX-ETFSH,127765,False
1181331,JPX-ETFSH,127766,False
1181332,JPX-ETFSH,127763,False
1181332,JPX-ETFSH,127768,False
1181332,JPX-ETFSH,127767,False
1181333,JPX-ETFSH,127762,False
1181334,JPX-CARD,138517,False
1181334,JPX-CARD,138513,False
1181334,JPX-CARD,138511,False
1181334,JPX-CARD,138509,False
1181334,JPX-CARD,138515,False
1181334,JPX-CARD,138512,False
1181334,JPX-CARD,138510,False
1181334,JPX-CARD,138514,False
1181334,JPX-CARD,138516,False
1181334,JPX-CARD,138518,False
1181334,JPX-GOLD,139584,False
1181334,JPX-GOLD,139581,False
1181334,JPX-GOLD,139579,False
1181334,JPX-GOLD,139577,False
1181334,JPX-GOLD,139576,False
1181334,JPX-GOLD,139578,False
1181334,JPX-GOLD,139583,False
1181334,JPX-GOLD,139585,False
1181334,JPX-GOLD,139580,False
1181334,JPX-GOLD,139582,False
1181334,JPX-HT,135654,False
1181334,JPX-HT,135653,False
1181334,JPX-HT,135652,False
1181334,JPX-HT,135651,False
1181334,JPX-HT,135650,False
1181334,JPX-HT,135649,False
1181334,JPX-HT,135648,False
1181334,JPX-HT,135647,False
1181334,JPX-HT,135646,False
1181334,JPX-HT,135645,False
1181335,JPX-JNAF,135184,False
1181335,JPX-JNAF,135183,False
1181335,JPX-JNAF,135182,False
1181335,JPX-JNAF,135181,False
1181335,JPX-JNAF,135180,False
1181335,JPX-JNAF,135179,False
1181335,JPX-JNAF,135178,False
1181335,JPX-JNAF,135177,False
1181335,JPX-JNAF,135185,False
1181336,JPX-KTST,134037,False
1181336,JPX-KTST,134036,False
1181336,JPX-KTST,134035,False
1181336,JPX-KTST,134034,False
1181336,JPX-KTST,134033,False
1181336,JPX-KTST,134032,False
1181336,JPX-KTST,134031,False
1181336,JPX-KTST,134030,False
1181336,JPX-KTST,134028,False
1181336,JPX-SIMP,134501,False
1181336,JPX-SIMP,134499,False
1181336,JPX-SIMP,134497,False
1181336,JPX-SIMP,134494,False
1181336,JPX-SIMP,134492,False
1181336,JPX-SIMP,134496,False
1181336,JPX-SIMP,134498,False
1181336,JPX-SIMP,134500,False
1181336,JPX-SIMP,134493,False
1181336,JPX-SIMP,134495,False
1181336,JPX-XAG,135497,False
1181336,JPX-XAG,135495,False
1181336,JPX-XAG,135494,False
1181337,JPX-XAG,135493,False
1181337,JPX-XAG,135492,False
1181337,JPX-XAG,135491,False
1181337,JPX-XAG,135489,False
1181337,JPX-XAG,135488,False
1181337,JPX-XAG,135496,False
1181337,JPX-XAG,135490,False
1181431,JPX-ETFSH,127777,False
1181431,JPX-ETFSH,127774,False
1181431,JPX-ETFSH,127773,False
1181431,JPX-ETFSH,127771,False
1181431,JPX-ETFSH,127770,False
1181431,JPX-ETFSH,127778,False
1181432,JPX-ETFSH,127776,False
1181433,JPX-ETFSH,127769,False
1181433,JPX-ETFSH,127772,False
1181433,JPX-ETFSH,127775,False
1181433,JPX-CARD,138528,False
1181433,JPX-CARD,138524,False
1181433,JPX-CARD,138520,False
1181433,JPX-CARD,138522,False
1181433,JPX-CARD,138529,False
1181433,JPX-CARD,138526,False
1181433,JPX-CARD,138527,False
1181433,JPX-CARD,138521,False
1181433,JPX-CARD,138523,False
1181433,JPX-CARD,138525,False
1181433,JPX-GOLD,139598,False
1181433,JPX-GOLD,139596,False
1181433,JPX-GOLD,139590,False
1181433,JPX-GOLD,139597,False
1181433,JPX-GOLD,139589,False
1181433,JPX-GOLD,139591,False
1181433,JPX-GOLD,139595,False
1181433,JPX-GOLD,139593,False
1181433,JPX-GOLD,139592,False
1181433,JPX-GOLD,139594,False
1181433,JPX-HT,135664,False
1181433,JPX-HT,135663,False
1181433,JPX-HT,135662,False
1181433,JPX-HT,135661,False
1181433,JPX-HT,135660,False
1181433,JPX-HT,135659,False
1181433,JPX-HT,135658,False
1181433,JPX-HT,135657,False
1181433,JPX-HT,135656,False
1181433,JPX-HT,135655,False
1181434,JPX-JNAF,135197,False
1181434,JPX-JNAF,135195,False
1181434,JPX-JNAF,135193,False
1181434,JPX-JNAF,135191,False
1181434,JPX-JNAF,135194,False
1181434,JPX-JNAF,135192,False
1181434,JPX-JNAF,135190,False
1181434,JPX-JNAF,135188,False
1181434,JPX-JNAF,135196,False
1181435,JPX-JNAF,135189,False
1181435,JPX-KTST,134052,False
1181435,JPX-KTST,134051,False
1181435,JPX-KTST,134050,False
1181435,JPX-KTST,134049,False
1181435,JPX-KTST,134048,False
1181435,JPX-KTST,134047,False
1181435,JPX-KTST,134046,False
1181435,JPX-KTST,134045,False
1181435,JPX-KTST,134044,False
1181435,JPX-KTST,134043,False
1181436,JPX-SIMP,134511,False
1181436,JPX-SIMP,134509,False
1181436,JPX-SIMP,134503,False
1181436,JPX-SIMP,134510,False
1181436,JPX-SIMP,134502,False
1181436,JPX-SIMP,134504,False
1181436,JPX-SIMP,134508,False
1181436,JPX-SIMP,134506,False
1181436,JPX-SIMP,134505,False
1181436,JPX-SIMP,134507,False
1181436,JPX-XAG,135508,False
1181436,JPX-XAG,135506,False
1181436,JPX-XAG,135505,False
1181436,JPX-XAG,135504,False
1181436,JPX-XAG,135503,False
1181436,JPX-XAG,135501,False
1181436,JPX-XAG,135500,False
1181436,JPX-XAG,135499,False
1181436,JPX-XAG,135507,False
1181436,JPX-XAG,135502,False
1181445,JPX-XAG,135519,False
1181445,JPX-GOLD,139610,False
1181445,JPX-CARD,138540,False
1181445,JPX-GOLD,139611,False
1181498,JPX-CARD,138542,False
1181531,JPX-ETFSH,127789,False
1181531,JPX-ETFSH,127788,False
1181531,JPX-ETFSH,127786,False
1181531,JPX-ETFSH,127785,False
1181531,JPX-ETFSH,127784,False
1181531,JPX-ETFSH,127783,False
1181531,JPX-ETFSH,127787,False
1181532,JPX-ETFSH,127782,False
1181532,JPX-ETFSH,127781,False
1181532,JPX-ETFSH,127780,False
1181533,JPX-CARD,138539,False
1181533,JPX-CARD,138537,False
1181533,JPX-CARD,138535,False
1181533,JPX-CARD,138533,False
1181533,JPX-CARD,138532,False
1181533,JPX-CARD,138530,False
1181533,JPX-CARD,138531,False
1181533,JPX-CARD,138538,False
1181533,JPX-CARD,138534,False
1181533,JPX-CARD,138536,False
1181533,JPX-GOLD,139608,False
1181533,JPX-GOLD,139606,False
1181533,JPX-GOLD,139604,False
1181533,JPX-GOLD,139602,False
1181533,JPX-GOLD,139600,False
1181533,JPX-GOLD,139607,False
1181533,JPX-GOLD,139605,False
1181533,JPX-GOLD,139599,False
1181533,JPX-GOLD,139601,False
1181533,JPX-GOLD,139603,False
1181533,JPX-HT,135674,False
1181533,JPX-HT,135673,False
1181533,JPX-HT,135672,False
1181533,JPX-HT,135671,False
1181533,JPX-HT,135670,False
1181533,JPX-HT,135669,False
1181533,JPX-HT,135668,False
1181533,JPX-HT,135667,False
1181533,JPX-HT,135666,False
1181533,JPX-HT,135665,False
1181534,JPX-JNAF,135207,False
1181534,JPX-JNAF,135205,False
1181534,JPX-JNAF,135203,False
1181534,JPX-JNAF,135201,False
1181534,JPX-JNAF,135199,False
1181534,JPX-JNAF,135208,False
1181534,JPX-JNAF,135206,False
1181534,JPX-JNAF,135200,False
1181534,JPX-JNAF,135202,False
1181534,JPX-JNAF,135204,False
1181535,JPX-KTST,134062,False
1181535,JPX-KTST,134061,False
1181535,JPX-KTST,134060,False
1181535,JPX-KTST,134059,False
1181535,JPX-KTST,134058,False
1181535,JPX-KTST,134057,False
1181535,JPX-KTST,134056,False
1181535,JPX-KTST,134055,False
1181535,JPX-KTST,134054,False
1181535,JPX-KTST,134053,False
1181535,JPX-SIMP,134521,False
1181535,JPX-SIMP,134519,False
1181535,JPX-SIMP,134517,False
1181535,JPX-SIMP,134515,False
1181535,JPX-SIMP,134513,False
1181535,JPX-SIMP,134520,False
1181535,JPX-SIMP,134518,False
1181535,JPX-SIMP,134512,False
1181535,JPX-SIMP,134514,False
1181535,JPX-SIMP,134516,False
1181536,JPX-XAG,135518,False
1181536,JPX-XAG,135517,False
1181536,JPX-XAG,135516,False
1181536,JPX-XAG,135515,False
1181536,JPX-XAG,135513,False
1181536,JPX-XAG,135512,False
1181536,JPX-XAG,135511,False
1181536,JPX-XAG,135510,False
1181536,JPX-XAG,135509,False
1181536,JPX-XAG,135514,False
1181536,JPX-XAG,135530,False
1181536,JPX-KTST,134076,False
1181536,JPX-GOLD,139623,False
1181576,JPX-ETFSH,127802,False
1181628,JPX-XAG,135531,False
1181629,JPX-KTST,134078,False
1181629,JPX-GOLD,139625,False
1181631,JPX-ETFSH,127801,False
1181631,JPX-ETFSH,127800,False
1181631,JPX-ETFSH,127798,False
1181631,JPX-ETFSH,127793,False
1181631,JPX-ETFSH,127794,False
1181632,JPX-ETFSH,127799,False
1181632,JPX-ETFSH,127797,False
1181632,JPX-ETFSH,127792,False
1181632,JPX-ETFSH,127795,False
1181633,JPX-ETFSH,127796,False
1181633,JPX-CARD,138551,False
1181633,JPX-CARD,138550,False
1181633,JPX-CARD,138549,False
1181633,JPX-CARD,138548,False
1181633,JPX-CARD,138547,False
1181633,JPX-CARD,138546,False
1181633,JPX-CARD,138545,False
1181633,JPX-CARD,138543,False
1181633,JPX-CARD,138552,False
1181633,JPX-CARD,138544,False
1181633,JPX-GOLD,139621,False
1181633,JPX-GOLD,139619,False
1181633,JPX-GOLD,139617,False
1181633,JPX-GOLD,139616,False
1181633,JPX-GOLD,139614,False
1181633,JPX-GOLD,139612,False
1181633,JPX-GOLD,139620,False
1181633,JPX-GOLD,139618,False
1181633,JPX-GOLD,139615,False
1181633,JPX-GOLD,139613,False
1181633,JPX-HT,135683,False
1181633,JPX-HT,135682,False
1181633,JPX-HT,135681,False
1181633,JPX-HT,135680,False
1181633,JPX-HT,135679,False
1181633,JPX-HT,135678,False
1181633,JPX-HT,135677,False
1181633,JPX-HT,135676,False
1181633,JPX-HT,135675,False
1181633,JPX-HT,135684,False
1181634,JPX-JNAF,135219,False
1181634,JPX-JNAF,135217,False
1181634,JPX-JNAF,135215,False
1181634,JPX-JNAF,135214,False
1181634,JPX-JNAF,135213,False
1181634,JPX-JNAF,135211,False
1181634,JPX-JNAF,135212,False
1181634,JPX-JNAF,135210,False
1181634,JPX-JNAF,135218,False
1181634,JPX-JNAF,135216,False
1181635,JPX-KTST,134075,False
1181635,JPX-KTST,134074,False
1181635,JPX-KTST,134073,False
1181635,JPX-KTST,134072,False
1181635,JPX-KTST,134071,False
1181635,JPX-KTST,134070,False
1181635,JPX-KTST,134069,False
1181635,JPX-KTST,134068,False
1181635,JPX-KTST,134067,False
1181635,JPX-KTST,134066,False
1181635,JPX-SIMP,134523,False
1181635,JPX-SIMP,134530,False
1181635,JPX-SIMP,134529,False
1181635,JPX-SIMP,134527,False
1181635,JPX-SIMP,134525,False
1181635,JPX-SIMP,134531,False
1181635,JPX-SIMP,134528,False
1181635,JPX-SIMP,134522,False
1181635,JPX-SIMP,134524,False
1181635,JPX-SIMP,134526,False
1181636,JPX-XAG,135529,False
1181636,JPX-XAG,135528,False
1181636,JPX-XAG,135526,False
1181636,JPX-XAG,135525,False
1181636,JPX-XAG,135524,False
1181636,JPX-XAG,135523,False
1181636,JPX-XAG,135522,False
1181636,JPX-XAG,135521,False
1181636,JPX-XAG,135520,False
1181636,JPX-XAG,135527,False
1181726,JPX-XAG,135542,False
1181727,JPX-CARD,138566,False
1181727,JPX-KTST,134090,False
1181727,JPX-GOLD,139637,False
1181731,JPX-ETFSH,127812,False
1181731,JPX-ETFSH,127808,False
1181731,JPX-ETFSH,127805,False
1181731,JPX-ETFSH,127811,False
1181731,JPX-ETFSH,127810,False
1181731,JPX-ETFSH,127809,False
1181731,JPX-ETFSH,127807,False
1181732,JPX-ETFSH,127803,False
1181732,JPX-ETFSH,127806,False
1181732,JPX-ETFSH,127804,False
1181733,JPX-CARD,138557,False
1181733,JPX-CARD,138556,False
1181733,JPX-CARD,138564,False
1181733,JPX-CARD,138562,False
1181733,JPX-CARD,138558,False
1181733,JPX-CARD,138560,False
1181733,JPX-CARD,138559,False
1181733,JPX-CARD,138561,False
1181733,JPX-CARD,138563,False
1181733,JPX-CARD,138565,False
1181733,JPX-GOLD,139634,False
1181733,JPX-GOLD,139632,False
1181733,JPX-GOLD,139630,False
1181733,JPX-GOLD,139628,False
1181733,JPX-GOLD,139626,False
1181733,JPX-GOLD,139631,False
1181733,JPX-GOLD,139627,False
1181733,JPX-GOLD,139629,False
1181733,JPX-GOLD,139633,False
1181733,JPX-GOLD,139635,False
1181733,JPX-HT,135694,False
1181733,JPX-HT,135693,False
1181733,JPX-HT,135692,False
1181733,JPX-HT,135691,False
1181733,JPX-HT,135690,False
1181733,JPX-HT,135689,False
1181733,JPX-HT,135688,False
1181733,JPX-HT,135687,False
1181733,JPX-HT,135686,False
1181733,JPX-HT,135685,False
1181734,JPX-JNAF,135229,False
1181734,JPX-JNAF,135228,False
1181734,JPX-JNAF,135227,False
1181734,JPX-JNAF,135226,False
1181734,JPX-JNAF,135225,False
1181734,JPX-JNAF,135224,False
1181734,JPX-JNAF,135223,False
1181734,JPX-JNAF,135222,False
1181734,JPX-JNAF,135220,False
1181734,JPX-JNAF,135221,False
1181735,JPX-KTST,134089,False
1181735,JPX-KTST,134087,False
1181735,JPX-KTST,134086,False
1181735,JPX-KTST,134085,False
1181735,JPX-KTST,134084,False
1181735,JPX-KTST,134083,False
1181735,JPX-KTST,134082,False
1181735,JPX-KTST,134081,False
1181735,JPX-KTST,134088,False
1181735,JPX-KTST,134080,False
1181735,JPX-SIMP,134537,False
1181735,JPX-SIMP,134535,False
1181735,JPX-SIMP,134534,False
1181735,JPX-SIMP,134541,False
1181735,JPX-SIMP,134539,False
1181735,JPX-SIMP,134533,False
1181735,JPX-SIMP,134536,False
1181735,JPX-SIMP,134538,False
1181735,JPX-SIMP,134540,False
1181735,JPX-SIMP,134542,False
1181735,JPX-XAG,135541,False
1181736,JPX-XAG,135539,False
1181736,JPX-XAG,135538,False
1181736,JPX-XAG,135537,False
1181736,JPX-XAG,135536,False
1181736,JPX-XAG,135535,False
1181736,JPX-XAG,135534,False
1181736,JPX-XAG,135533,False
1181736,JPX-XAG,135532,False
1181736,JPX-XAG,135540,False
1181826,JPX-CARD,138578,False
1181831,JPX-ETFSH,127823,False
1181831,JPX-ETFSH,127822,False
1181831,JPX-ETFSH,127821,False
1181831,JPX-ETFSH,127816,False
1181831,JPX-ETFSH,127815,False
1181831,JPX-ETFSH,127814,False
1181831,JPX-ETFSH,127818,False
1181832,JPX-ETFSH,127819,False
1181832,JPX-ETFSH,127820,False
1181832,JPX-ETFSH,127817,False
1181833,JPX-CARD,138576,False
1181833,JPX-CARD,138574,False
1181833,JPX-CARD,138568,False
1181833,JPX-CARD,138572,False
1181833,JPX-CARD,138575,False
1181833,JPX-CARD,138569,False
1181833,JPX-CARD,138573,False
1181833,JPX-CARD,138571,False
1181833,JPX-CARD,138570,False
1181833,JPX-CARD,138567,False
1181833,JPX-GOLD,139648,False
1181833,JPX-GOLD,139645,False
1181833,JPX-GOLD,139643,False
1181833,JPX-GOLD,139642,False
1181833,JPX-GOLD,139641,False
1181833,JPX-GOLD,139640,False
1181833,JPX-GOLD,139639,False
1181833,JPX-GOLD,139647,False
1181833,JPX-GOLD,139646,False
1181833,JPX-GOLD,139644,False
1181833,JPX-HT,135704,False
1181833,JPX-HT,135703,False
1181833,JPX-HT,135702,False
1181833,JPX-HT,135700,False
1181833,JPX-HT,135699,False
1181833,JPX-HT,135698,False
1181833,JPX-HT,135697,False
1181833,JPX-HT,135696,False
1181833,JPX-HT,135695,False
1181833,JPX-HT,135701,False
1181833,JPX-JNAF,135239,False
1181833,JPX-JNAF,135238,False
1181833,JPX-JNAF,135236,False
1181833,JPX-JNAF,135231,False
1181833,JPX-JNAF,135233,False
1181833,JPX-JNAF,135234,False
1181834,JPX-JNAF,135230,False
1181834,JPX-JNAF,135232,False
1181834,JPX-JNAF,135235,False
1181834,JPX-JNAF,135237,False
1181834,JPX-KTST,134101,False
1181834,JPX-KTST,134100,False
1181834,JPX-KTST,134099,False
1181834,JPX-KTST,134098,False
1181834,JPX-KTST,134097,False
1181834,JPX-KTST,134096,False
1181834,JPX-KTST,134095,False
1181834,JPX-KTST,134094,False
1181834,JPX-KTST,134092,False
1181834,JPX-KTST,134093,False
1181835,JPX-SIMP,134551,False
1181835,JPX-SIMP,134550,False
1181835,JPX-SIMP,134549,False
1181835,JPX-SIMP,134547,False
1181835,JPX-SIMP,134545,False
1181835,JPX-SIMP,134543,False
1181835,JPX-SIMP,134552,False
1181835,JPX-SIMP,134544,False
1181835,JPX-SIMP,134546,False
1181835,JPX-SIMP,134548,False
1181835,JPX-XAG,135551,False
1181835,JPX-XAG,135550,False
1181835,JPX-XAG,135549,False
1181835,JPX-XAG,135548,False
1181835,JPX-XAG,135547,False
1181835,JPX-XAG,135546,False
1181835,JPX-XAG,135545,False
1181835,JPX-XAG,135544,False
1181835,JPX-XAG,135543,False
1181835,JPX-XAG,135552,False
1181860,JPX-GOLD,139664,False
1181860,JPX-GOLD,139665,False
1181931,JPX-ETFSH,127832,False
1181931,JPX-ETFSH,127831,False
1181931,JPX-ETFSH,127829,False
1181932,JPX-ETFSH,127833,False
1181932,JPX-ETFSH,127827,False
1181932,JPX-ETFSH,127830,False
1181932,JPX-ETFSH,127835,False
1181932,JPX-ETFSH,127828,False
1181933,JPX-ETFSH,127834,False
1181933,JPX-CARD,138587,False
1181933,JPX-CARD,138585,False
1181933,JPX-CARD,138583,False
1181933,JPX-CARD,138581,False
1181933,JPX-CARD,138580,False
1181933,JPX-CARD,138589,False
1181933,JPX-CARD,138588,False
1181933,JPX-CARD,138586,False
1181933,JPX-CARD,138582,False
1181933,JPX-CARD,138584,False
1181933,JPX-GOLD,139662,False
1181933,JPX-GOLD,139660,False
1181933,JPX-GOLD,139658,False
1181933,JPX-GOLD,139661,False
1181933,JPX-GOLD,139663,False
1181933,JPX-GOLD,139659,False
1181933,JPX-GOLD,139657,False
1181933,JPX-GOLD,139655,False
1181933,JPX-GOLD,139654,False
1181933,JPX-GOLD,139656,False
1181933,JPX-HT,135716,False
1181933,JPX-HT,135715,False
1181933,JPX-HT,135714,False
1181933,JPX-HT,135713,False
1181933,JPX-HT,135712,False
1181933,JPX-HT,135711,False
1181933,JPX-HT,135710,False
1181933,JPX-HT,135709,False
1181933,JPX-HT,135708,False
1181934,JPX-HT,135717,False
1181934,JPX-JNAF,135250,False
1181934,JPX-JNAF,135248,False
1181934,JPX-JNAF,135247,False
1181934,JPX-JNAF,135246,False
1181934,JPX-JNAF,135244,False
1181934,JPX-JNAF,135243,False
1181934,JPX-JNAF,135242,False
1181934,JPX-JNAF,135249,False
1181934,JPX-JNAF,135245,False
1181935,JPX-JNAF,135251,False
1181935,JPX-KTST,134114,False
1181935,JPX-KTST,134113,False
1181935,JPX-KTST,134112,False
1181935,JPX-KTST,134111,False
1181935,JPX-KTST,134110,False
1181935,JPX-KTST,134109,False
1181935,JPX-KTST,134108,False
1181935,JPX-KTST,134107,False
1181935,JPX-KTST,134106,False
1181935,JPX-KTST,134105,False
1181935,JPX-SIMP,134561,False
1181935,JPX-SIMP,134558,False
1181935,JPX-SIMP,134556,False
1181935,JPX-SIMP,134555,False
1181936,JPX-SIMP,134554,False
1181936,JPX-SIMP,134553,False
1181936,JPX-SIMP,134562,False
1181936,JPX-SIMP,134560,False
1181936,JPX-SIMP,134559,False
1181936,JPX-SIMP,134557,False
1181936,JPX-XAG,135563,False
1181936,JPX-XAG,135562,False
1181936,JPX-XAG,135561,False
1181936,JPX-XAG,135559,False
1181936,JPX-XAG,135558,False
1181936,JPX-XAG,135557,False
1181936,JPX-XAG,135556,False
1181936,JPX-XAG,135555,False
1181936,JPX-XAG,135560,False
1181936,JPX-XAG,135554,False
1181956,JPX-XAG,135575,False
1181956,JPX-GOLD,139676,False
1181956,JPX-CARD,138601,False
1181956,JPX-KTST,134125,False
1182031,JPX-ETFSH,127846,False
1182031,JPX-ETFSH,127845,False
1182031,JPX-ETFSH,127844,False
1182031,JPX-ETFSH,127840,False
1182031,JPX-ETFSH,127839,False
1182031,JPX-ETFSH,127838,False
1182032,JPX-ETFSH,127842,False
1182032,JPX-ETFSH,127843,False
1182033,JPX-ETFSH,127841,False
1182033,JPX-ETFSH,127847,False
1182034,JPX-CARD,138599,False
1182034,JPX-CARD,138598,False
1182034,JPX-CARD,138597,False
1182034,JPX-CARD,138595,False
1182034,JPX-CARD,138593,False
1182034,JPX-CARD,138592,False
1182034,JPX-CARD,138591,False
1182034,JPX-CARD,138596,False
1182034,JPX-CARD,138594,False
1182034,JPX-CARD,138590,False
1182034,JPX-GOLD,139674,False
1182034,JPX-GOLD,139672,False
1182034,JPX-GOLD,139670,False
1182034,JPX-GOLD,139668,False
1182034,JPX-GOLD,139666,False
1182034,JPX-GOLD,139675,False
1182034,JPX-GOLD,139673,False
1182034,JPX-GOLD,139671,False
1182034,JPX-GOLD,139669,False
1182034,JPX-GOLD,139667,False
1182034,JPX-HT,135728,False
1182034,JPX-HT,135727,False
1182034,JPX-HT,135726,False
1182034,JPX-HT,135725,False
1182034,JPX-HT,135724,False
1182034,JPX-HT,135723,False
1182034,JPX-HT,135722,False
1182034,JPX-HT,135720,False
1182034,JPX-HT,135719,False
1182034,JPX-HT,135721,False
1182035,JPX-JNAF,135261,False
1182035,JPX-JNAF,135260,False
1182035,JPX-JNAF,135259,False
1182035,JPX-JNAF,135258,False
1182035,JPX-JNAF,135257,False
1182035,JPX-JNAF,135256,False
1182035,JPX-JNAF,135255,False
1182035,JPX-JNAF,135254,False
1182035,JPX-JNAF,135253,False
1182035,JPX-JNAF,135252,False
1182036,JPX-KTST,134124,False
1182036,JPX-KTST,134121,False
1182036,JPX-KTST,134120,False
1182036,JPX-KTST,134119,False
1182036,JPX-KTST,134117,False
1182036,JPX-KTST,134116,False
1182036,JPX-KTST,134115,False
1182036,JPX-KTST,134118,False
1182036,JPX-KTST,134123,False
1182036,JPX-KTST,134122,False
1182037,JPX-SIMP,134571,False
1182037,JPX-SIMP,134565,False
1182037,JPX-SIMP,134563,False
1182037,JPX-SIMP,134572,False
1182037,JPX-SIMP,134570,False
1182037,JPX-SIMP,134568,False
1182037,JPX-SIMP,134566,False
1182037,JPX-SIMP,134564,False
1182037,JPX-SIMP,134567,False
1182037,JPX-SIMP,134569,False
1182037,JPX-XAG,135574,False
1182037,JPX-XAG,135573,False
1182037,JPX-XAG,135572,False
1182037,JPX-XAG,135571,False
1182037,JPX-XAG,135570,False
1182037,JPX-XAG,135569,False
1182037,JPX-XAG,135568,False
1182037,JPX-XAG,135566,False
1182037,JPX-XAG,135565,False
1182037,JPX-XAG,135567,False
1182037,JPX-GOLD,139690,False
1182037,JPX-CARD,138613,False
1182037,JPX-KTST,134138,False
1182073,JPX-GOLD,139692,False
1182126,JPX-XAG,135586,False
1182131,JPX-ETFSH,127859,False
1182131,JPX-ETFSH,127858,False
1182131,JPX-ETFSH,127857,False
1182131,JPX-ETFSH,127855,False
1182131,JPX-ETFSH,127853,False
1182131,JPX-ETFSH,127851,False
1182131,JPX-ETFSH,127852,False
1182132,JPX-ETFSH,127850,False
1182132,JPX-ETFSH,127856,False
1182132,JPX-ETFSH,127854,False
1182133,JPX-CARD,138610,False
1182133,JPX-CARD,138609,False
1182133,JPX-CARD,138608,False
1182133,JPX-CARD,138605,False
1182133,JPX-CARD,138603,False
1182133,JPX-CARD,138607,False
1182133,JPX-CARD,138606,False
1182133,JPX-CARD,138602,False
1182133,JPX-CARD,138604,False
1182133,JPX-CARD,138611,False
1182133,JPX-GOLD,139688,False
1182133,JPX-GOLD,139687,False
1182133,JPX-GOLD,139686,False
1182133,JPX-GOLD,139684,False
1182133,JPX-GOLD,139682,False
1182133,JPX-GOLD,139680,False
1182133,JPX-GOLD,139685,False
1182133,JPX-GOLD,139683,False
1182133,JPX-GOLD,139681,False
1182133,JPX-GOLD,139689,False
1182133,JPX-HT,135738,False
1182133,JPX-HT,135737,False
1182133,JPX-HT,135736,False
1182133,JPX-HT,135735,False
1182133,JPX-HT,135734,False
1182133,JPX-HT,135733,False
1182133,JPX-HT,135732,False
1182133,JPX-HT,135731,False
1182133,JPX-HT,135730,False
1182133,JPX-HT,135729,False
1182134,JPX-JNAF,135272,False
1182134,JPX-JNAF,135271,False
1182134,JPX-JNAF,135270,False
1182134,JPX-JNAF,135269,False
1182134,JPX-JNAF,135268,False
1182134,JPX-JNAF,135266,False
1182134,JPX-JNAF,135264,False
1182134,JPX-JNAF,135263,False
1182134,JPX-JNAF,135265,False
1182134,JPX-JNAF,135267,False
1182135,JPX-KTST,134137,False
1182135,JPX-KTST,134136,False
1182135,JPX-KTST,134133,False
1182135,JPX-KTST,134131,False
1182135,JPX-KTST,134129,False
1182135,JPX-KTST,134128,False
1182135,JPX-KTST,134130,False
1182135,JPX-KTST,134134,False
1182135,JPX-KTST,134135,False
1182135,JPX-KTST,134132,False
1182135,JPX-SIMP,134581,False
1182135,JPX-SIMP,134579,False
1182135,JPX-SIMP,134577,False
1182135,JPX-SIMP,134575,False
1182135,JPX-SIMP,134573,False
1182135,JPX-SIMP,134574,False
1182135,JPX-SIMP,134582,False
1182135,JPX-SIMP,134580,False
1182135,JPX-SIMP,134576,False
1182135,JPX-SIMP,134578,False
1182136,JPX-XAG,135585,False
1182136,JPX-XAG,135584,False
1182136,JPX-XAG,135583,False
1182136,JPX-XAG,135582,False
1182136,JPX-XAG,135581,False
1182136,JPX-XAG,135580,False
1182136,JPX-XAG,135579,False
1182136,JPX-XAG,135577,False
1182136,JPX-XAG,135576,False
1182136,JPX-XAG,135578,False
1182159,JPX-GOLD,139703,False
1182160,JPX-CARD,138624,False
1182160,JPX-KTST,134150,False
1182231,JPX-ETFSH,127868,False
1182231,JPX-ETFSH,127867,False
1182231,JPX-ETFSH,127865,False
1182231,JPX-ETFSH,127864,False
1182231,JPX-ETFSH,127863,False
1182231,JPX-ETFSH,127861,False
1182231,JPX-ETFSH,127860,False
1182232,JPX-ETFSH,127869,False
1182232,JPX-ETFSH,127862,False
1182232,JPX-ETFSH,127866,False
1182233,JPX-CARD,138622,False
1182233,JPX-CARD,138620,False
1182233,JPX-CARD,138618,False
1182233,JPX-CARD,138616,False
1182233,JPX-CARD,138623,False
1182233,JPX-CARD,138617,False
1182233,JPX-CARD,138615,False
1182233,JPX-CARD,138619,False
1182233,JPX-CARD,138621,False
1182233,JPX-CARD,138614,False
1182233,JPX-GOLD,139702,False
1182233,JPX-GOLD,139700,False
1182233,JPX-GOLD,139695,False
1182233,JPX-GOLD,139694,False
1182233,JPX-GOLD,139698,False
1182233,JPX-GOLD,139696,False
1182233,JPX-GOLD,139701,False
1182233,JPX-GOLD,139693,False
1182233,JPX-GOLD,139699,False
1182233,JPX-GOLD,139697,False
1182233,JPX-HT,135748,False
1182233,JPX-HT,135747,False
1182233,JPX-HT,135746,False
1182233,JPX-HT,135745,False
1182233,JPX-HT,135744,False
1182233,JPX-HT,135743,False
1182233,JPX-HT,135742,False
1182233,JPX-HT,135741,False
1182233,JPX-HT,135740,False
1182233,JPX-HT,135739,False
1182234,JPX-JNAF,135283,False
1182234,JPX-JNAF,135281,False
1182234,JPX-JNAF,135280,False
1182234,JPX-JNAF,135279,False
1182234,JPX-JNAF,135278,False
1182234,JPX-JNAF,135277,False
1182234,JPX-JNAF,135276,False
1182234,JPX-JNAF,135275,False
1182234,JPX-JNAF,135274,False
1182234,JPX-JNAF,135282,False
1182235,JPX-KTST,134149,False
1182235,JPX-KTST,134148,False
1182235,JPX-KTST,134146,False
1182235,JPX-KTST,134144,False
1182235,JPX-KTST,134142,False
1182235,JPX-KTST,134141,False
1182235,JPX-KTST,134140,False
1182235,JPX-KTST,134147,False
1182235,JPX-KTST,134143,False
1182235,JPX-KTST,134145,False
1182235,JPX-SIMP,134591,False
1182235,JPX-SIMP,134589,False
1182235,JPX-SIMP,134587,False
1182235,JPX-SIMP,134585,False
1182235,JPX-SIMP,134583,False
1182235,JPX-SIMP,134590,False
1182235,JPX-SIMP,134588,False
1182235,JPX-SIMP,134586,False
1182235,JPX-SIMP,134584,False
1182235,JPX-SIMP,134592,False
1182235,JPX-XAG,135596,False
1182235,JPX-XAG,135595,False
1182235,JPX-XAG,135593,False
1182235,JPX-XAG,135592,False
1182235,JPX-XAG,135591,False
1182235,JPX-XAG,135590,False
1182235,JPX-XAG,135589,False
1182235,JPX-XAG,135588,False
1182235,JPX-XAG,135587,False
1182236,JPX-XAG,135594,False
1182236,JPX-XAG,135607,False
1182236,JPX-GOLD,139716,False
1182236,JPX-CARD,138636,False
1182236,JPX-KTST,134161,False
1182331,JPX-ETFSH,127878,False
1182331,JPX-ETFSH,127877,False
1182331,JPX-ETFSH,127875,False
1182331,JPX-ETFSH,127873,False
1182331,JPX-ETFSH,127871,False
1182331,JPX-ETFSH,127870,False
1182332,JPX-ETFSH,127872,False
1182332,JPX-ETFSH,127876,False
1182332,JPX-ETFSH,127874,False
1182333,JPX-ETFSH,127879,False
1182333,JPX-CARD,138635,False
1182333,JPX-CARD,138632,False
1182333,JPX-CARD,138630,False
1182333,JPX-CARD,138629,False
1182333,JPX-CARD,138627,False
1182333,JPX-CARD,138628,False
1182333,JPX-CARD,138626,False
1182333,JPX-CARD,138633,False
1182333,JPX-CARD,138631,False
1182333,JPX-CARD,138634,False
1182333,JPX-GOLD,139714,False
1182333,JPX-GOLD,139712,False
1182333,JPX-GOLD,139710,False
1182333,JPX-GOLD,139708,False
1182333,JPX-GOLD,139706,False
1182333,JPX-GOLD,139709,False
1182333,JPX-GOLD,139707,False
1182333,JPX-GOLD,139715,False
1182333,JPX-GOLD,139711,False
1182333,JPX-GOLD,139713,False
1182333,JPX-HT,135758,False
1182333,JPX-HT,135757,False
1182333,JPX-HT,135756,False
1182333,JPX-HT,135755,False
1182333,JPX-HT,135754,False
1182333,JPX-HT,135753,False
1182333,JPX-HT,135751,False
1182333,JPX-HT,135750,False
1182333,JPX-HT,135749,False
1182334,JPX-HT,135752,False
1182334,JPX-JNAF,135293,False
1182334,JPX-JNAF,135292,False
1182334,JPX-JNAF,135291,False
1182334,JPX-JNAF,135290,False
1182334,JPX-JNAF,135289,False
1182334,JPX-JNAF,135288,False
1182334,JPX-JNAF,135287,False
1182334,JPX-JNAF,135286,False
1182334,JPX-JNAF,135285,False
1182334,JPX-JNAF,135284,False
1182335,JPX-KTST,134159,False
1182335,JPX-KTST,134158,False
1182335,JPX-KTST,134157,False
1182335,JPX-KTST,134156,False
1182335,JPX-KTST,134155,False
1182335,JPX-KTST,134153,False
1182335,JPX-KTST,134152,False
1182335,JPX-KTST,134151,False
1182335,JPX-KTST,134160,False
1182335,JPX-KTST,134154,False
1182335,JPX-SIMP,134601,False
1182335,JPX-SIMP,134600,False
1182335,JPX-SIMP,134599,False
1182335,JPX-SIMP,134597,False
1182335,JPX-SIMP,134595,False
1182335,JPX-SIMP,134593,False
1182335,JPX-SIMP,134598,False
1182335,JPX-SIMP,134596,False
1182335,JPX-SIMP,134594,False
1182335,JPX-SIMP,134602,False
1182335,JPX-XAG,135605,False
1182335,JPX-XAG,135604,False
1182335,JPX-XAG,135603,False
1182335,JPX-XAG,135602,False
1182335,JPX-XAG,135601,False
1182335,JPX-XAG,135600,False
1182335,JPX-XAG,135599,False
1182335,JPX-XAG,135597,False
1182336,JPX-XAG,135598,False
1182336,JPX-XAG,135606,False
1182337,JPX-XAG,135618,False
1182337,JPX-GOLD,139729,False
1182337,JPX-HT,135770,False
1182337,JPX-KTST,134173,False
1182337,JPX-GOLD,139730,False
1182420,JPX-ETFSH,127891,False
1182420,JPX-XAG,135619,False
1182431,JPX-ETFSH,127888,False
1182431,JPX-ETFSH,127887,False
1182431,JPX-ETFSH,127883,False
1182431,JPX-ETFSH,127885,False
1182432,JPX-ETFSH,127889,False
1182432,JPX-ETFSH,127882,False
1182432,JPX-ETFSH,127886,False
1182432,JPX-ETFSH,127881,False
1182432,JPX-ETFSH,127884,False
1182433,JPX-CARD,138646,False
1182433,JPX-CARD,138639,False
1182433,JPX-CARD,138643,False
1182433,JPX-CARD,138644,False
1182433,JPX-CARD,138637,False
1182433,JPX-CARD,138641,False
1182433,JPX-CARD,138642,False
1182433,JPX-CARD,138638,False
1182433,JPX-CARD,138645,False
1182433,JPX-CARD,138640,False
1182433,JPX-GOLD,139728,False
1182433,JPX-GOLD,139726,False
1182433,JPX-GOLD,139725,False
1182433,JPX-GOLD,139723,False
1182433,JPX-GOLD,139721,False
1182433,JPX-GOLD,139719,False
1182433,JPX-GOLD,139727,False
1182433,JPX-GOLD,139722,False
1182433,JPX-GOLD,139724,False
1182433,JPX-GOLD,139720,False
1182433,JPX-HT,135769,False
1182433,JPX-HT,135768,False
1182433,JPX-HT,135767,False
1182433,JPX-HT,135766,False
1182433,JPX-HT,135765,False
1182433,JPX-HT,135764,False
1182433,JPX-HT,135763,False
1182433,JPX-HT,135762,False
1182433,JPX-HT,135760,False
1182433,JPX-HT,135761,False
1182434,JPX-JNAF,135303,False
1182434,JPX-JNAF,135302,False
1182434,JPX-JNAF,135301,False
1182434,JPX-JNAF,135299,False
1182434,JPX-JNAF,135298,False
1182434,JPX-JNAF,135296,False
1182434,JPX-JNAF,135294,False
1182434,JPX-JNAF,135300,False
1182434,JPX-JNAF,135295,False
1182434,JPX-JNAF,135297,False
1182435,JPX-KTST,134170,False
1182435,JPX-KTST,134169,False
1182435,JPX-KTST,134168,False
1182435,JPX-KTST,134167,False
1182435,JPX-KTST,134166,False
1182435,JPX-KTST,134165,False
1182435,JPX-KTST,134164,False
1182435,JPX-KTST,134163,False
1182435,JPX-KTST,134171,False
1182435,JPX-KTST,134162,False
1182435,JPX-SIMP,134613,False
1182435,JPX-SIMP,134608,False
1182435,JPX-SIMP,134607,False
1182435,JPX-SIMP,134605,False
1182435,JPX-SIMP,134611,False
1182435,JPX-SIMP,134609,False
1182435,JPX-SIMP,134606,False
1182435,JPX-SIMP,134604,False
1182435,JPX-SIMP,134612,False
1182435,JPX-SIMP,134610,False
1182435,JPX-XAG,135617,False
1182435,JPX-XAG,135616,False
1182435,JPX-XAG,135615,False
1182435,JPX-XAG,135614,False
1182435,JPX-XAG,135613,False
1182435,JPX-XAG,135612,False
1182435,JPX-XAG,135611,False
1182435,JPX-XAG,135610,False
1182435,JPX-XAG,135609,False
1182435,JPX-XAG,135608,False
1182436,JPX-KTST,134185,False
1182436,JPX-GOLD,139743,False
1182531,JPX-ETFSH,127901,False
1182531,JPX-ETFSH,127900,False
1182531,JPX-ETFSH,127895,False
1182531,JPX-ETFSH,127893,False
1182531,JPX-ETFSH,127896,False
1182531,JPX-ETFSH,127899,False
1182532,JPX-ETFSH,127892,False
1182532,JPX-ETFSH,127897,False
1182532,JPX-ETFSH,127894,False
1182532,JPX-ETFSH,127898,False
1182533,JPX-CARD,138657,False
1182533,JPX-CARD,138655,False
1182533,JPX-CARD,138650,False
1182533,JPX-CARD,138648,False
1182533,JPX-CARD,138653,False
1182533,JPX-CARD,138651,False
1182533,JPX-CARD,138656,False
1182533,JPX-CARD,138649,False
1182533,JPX-CARD,138654,False
1182533,JPX-CARD,138652,False
1182533,JPX-GOLD,139741,False
1182533,JPX-GOLD,139740,False
1182533,JPX-GOLD,139739,False
1182533,JPX-GOLD,139734,False
1182533,JPX-GOLD,139732,False
1182533,JPX-GOLD,139738,False
1182533,JPX-GOLD,139736,False
1182533,JPX-GOLD,139733,False
1182533,JPX-GOLD,139735,False
1182533,JPX-GOLD,139737,False
1182533,JPX-HT,135780,False
1182533,JPX-HT,135779,False
1182533,JPX-HT,135778,False
1182533,JPX-HT,135777,False
1182533,JPX-HT,135776,False
1182533,JPX-HT,135775,False
1182533,JPX-HT,135774,False
1182533,JPX-HT,135773,False
1182533,JPX-HT,135772,False
1182533,JPX-HT,135771,False
1182534,JPX-JNAF,135313,False
1182534,JPX-JNAF,135311,False
1182534,JPX-JNAF,135310,False
1182534,JPX-JNAF,135309,False
1182534,JPX-JNAF,135308,False
1182534,JPX-JNAF,135307,False
1182534,JPX-JNAF,135306,False
1182534,JPX-JNAF,135305,False
1182534,JPX-JNAF,135304,False
1182534,JPX-JNAF,135312,False
1182535,JPX-KTST,134182,False
1182535,JPX-KTST,134180,False
1182535,JPX-KTST,134176,False
1182535,JPX-KTST,134175,False
1182535,JPX-KTST,134178,False
1182535,JPX-KTST,134183,False
1182535,JPX-KTST,134181,False
1182535,JPX-KTST,134174,False
1182535,JPX-KTST,134177,False
1182535,JPX-KTST,134179,False
1182535,JPX-SIMP,134623,False
1182535,JPX-SIMP,134621,False
1182535,JPX-SIMP,134619,False
1182535,JPX-SIMP,134617,False
1182535,JPX-SIMP,134615,False
1182535,JPX-SIMP,134618,False
1182535,JPX-SIMP,134616,False
1182535,JPX-SIMP,134622,False
1182535,JPX-SIMP,134620,False
1182535,JPX-SIMP,134624,False
1182535,JPX-XAG,135629,False
1182535,JPX-XAG,135628,False
1182535,JPX-XAG,135627,False
1182535,JPX-XAG,135626,False
1182535,JPX-XAG,135625,False
1182535,JPX-XAG,135624,False
1182535,JPX-XAG,135623,False
1182535,JPX-XAG,135621,False
1182535,JPX-XAG,135620,False
1182535,JPX-XAG,135622,False
1182555,JPX-CARD,138670,False
1182555,JPX-KTST,134198,False
1182555,JPX-GOLD,139755,False
1182631,JPX-ETFSH,127912,False
1182631,JPX-ETFSH,127911,False
1182631,JPX-ETFSH,127910,False
1182631,JPX-ETFSH,127909,False
1182631,JPX-ETFSH,127908,False
1182631,JPX-ETFSH,127906,False
1182632,JPX-ETFSH,127904,False
1182632,JPX-ETFSH,127905,False
1182633,JPX-ETFSH,127907,False
1182633,JPX-ETFSH,127913,False
1182634,JPX-CARD,138668,False
1182634,JPX-CARD,138661,False
1182634,JPX-CARD,138659,False
1182634,JPX-CARD,138665,False
1182634,JPX-CARD,138663,False
1182634,JPX-CARD,138666,False
1182634,JPX-CARD,138662,False
1182634,JPX-CARD,138660,False
1182634,JPX-CARD,138667,False
1182634,JPX-CARD,138664,False
1182634,JPX-GOLD,139751,False
1182634,JPX-GOLD,139749,False
1182634,JPX-GOLD,139748,False
1182634,JPX-GOLD,139746,False
1182634,JPX-GOLD,139745,False
1182634,JPX-GOLD,139744,False
1182634,JPX-GOLD,139753,False
1182634,JPX-GOLD,139747,False
1182634,JPX-GOLD,139752,False
1182634,JPX-GOLD,139750,False
1182634,JPX-HT,135790,False
1182634,JPX-HT,135789,False
1182634,JPX-HT,135788,False
1182634,JPX-HT,135787,False
1182634,JPX-HT,135786,False
1182634,JPX-HT,135785,False
1182634,JPX-HT,135784,False
1182634,JPX-HT,135783,False
1182634,JPX-HT,135782,False
1182634,JPX-HT,135781,False
1182634,JPX-JNAF,135326,False
1182634,JPX-JNAF,135324,False
1182634,JPX-JNAF,135323,False
1182634,JPX-JNAF,135322,False
1182634,JPX-JNAF,135321,False
1182634,JPX-JNAF,135320,False
1182634,JPX-JNAF,135319,False
1182634,JPX-JNAF,135318,False
1182634,JPX-JNAF,135317,False
1182635,JPX-JNAF,135325,False
1182636,JPX-KTST,134197,False
1182636,JPX-KTST,134196,False
1182636,JPX-KTST,134195,False
1182636,JPX-KTST,134194,False
1182636,JPX-KTST,134193,False
1182636,JPX-KTST,134192,False
1182636,JPX-KTST,134191,False
1182636,JPX-KTST,134190,False
1182636,JPX-KTST,134189,False
1182636,JPX-KTST,134188,False
1182636,JPX-SIMP,134634,False
1182636,JPX-SIMP,134632,False
1182636,JPX-SIMP,134630,False
1182636,JPX-SIMP,134627,False
1182636,JPX-SIMP,134625,False
1182636,JPX-SIMP,134631,False
1182636,JPX-SIMP,134629,False
1182636,JPX-SIMP,134628,False
1182636,JPX-SIMP,134626,False
1182636,JPX-SIMP,134633,False
1182636,JPX-XAG,135642,False
1182636,JPX-XAG,135641,False
1182636,JPX-XAG,135640,False
1182636,JPX-XAG,135639,False
1182636,JPX-XAG,135638,False
1182636,JPX-XAG,135637,False
1182636,JPX-XAG,135636,False
1182637,JPX-XAG,135635,False
1182637,JPX-XAG,135633,False
1182637,JPX-XAG,135634,False
1182637,JPX-GOLD,139767,False
1182637,JPX-CARD,138681,False
1182637,JPX-KTST,134211,False
1182731,JPX-ETFSH,127923,False
1182731,JPX-ETFSH,127922,False
1182731,JPX-ETFSH,127920,False
1182731,JPX-ETFSH,127919,False
1182731,JPX-ETFSH,127918,False
1182731,JPX-ETFSH,127916,False
1182731,JPX-ETFSH,127915,False
1182731,JPX-ETFSH,127914,False
1182732,JPX-ETFSH,127921,False
1182732,JPX-ETFSH,127917,False
1182733,JPX-CARD,138680,False
1182733,JPX-CARD,138678,False
1182733,JPX-CARD,138676,False
1182733,JPX-CARD,138674,False
1182733,JPX-CARD,138672,False
1182733,JPX-CARD,138679,False
1182733,JPX-CARD,138671,False
1182733,JPX-CARD,138675,False
1182733,JPX-CARD,138677,False
1182733,JPX-CARD,138673,False
1182733,JPX-GOLD,139766,False
1182733,JPX-GOLD,139764,False
1182733,JPX-GOLD,139762,False
1182733,JPX-GOLD,139760,False
1182733,JPX-GOLD,139759,False
1182733,JPX-GOLD,139758,False
1182733,JPX-GOLD,139763,False
1182733,JPX-GOLD,139761,False
1182733,JPX-GOLD,139757,False
1182733,JPX-GOLD,139765,False
1182733,JPX-HT,135802,False
1182733,JPX-HT,135800,False
1182733,JPX-HT,135799,False
1182733,JPX-HT,135798,False
1182733,JPX-HT,135797,False
1182733,JPX-HT,135796,False
1182733,JPX-HT,135795,False
1182733,JPX-HT,135794,False
1182733,JPX-HT,135801,False
1182734,JPX-JNAF,135336,False
1182734,JPX-JNAF,135335,False
1182734,JPX-JNAF,135334,False
1182734,JPX-JNAF,135333,False
1182734,JPX-JNAF,135332,False
1182734,JPX-JNAF,135331,False
1182734,JPX-JNAF,135330,False
1182734,JPX-JNAF,135329,False
1182734,JPX-JNAF,135328,False
1182734,JPX-JNAF,135327,False
1182734,JPX-KTST,134208,False
1182734,JPX-KTST,134207,False
1182734,JPX-KTST,134205,False
1182734,JPX-KTST,134203,False
1182734,JPX-KTST,134201,False
1182735,JPX-KTST,134206,False
1182735,JPX-KTST,134200,False
1182735,JPX-KTST,134202,False
1182735,JPX-KTST,134204,False
1182735,JPX-KTST,134209,False
1182735,JPX-SIMP,134641,False
1182735,JPX-SIMP,134639,False
1182735,JPX-SIMP,134638,False
1182735,JPX-SIMP,134636,False
1182735,JPX-SIMP,134642,False
1182735,JPX-SIMP,134640,False
1182735,JPX-SIMP,134635,False
1182735,JPX-SIMP,134637,False
1182735,JPX-SIMP,134643,False
1182735,JPX-SIMP,134644,False
1182735,JPX-XAG,135653,False
1182735,JPX-XAG,135652,False
1182735,JPX-XAG,135651,False
1182735,JPX-XAG,135650,False
1182735,JPX-XAG,135649,False
1182735,JPX-XAG,135648,False
1182735,JPX-XAG,135647,False
1182735,JPX-XAG,135646,False
1182735,JPX-XAG,135645,False
1182735,JPX-XAG,135644,False
1182753,JPX-XAG,135665,False
1182753,JPX-CARD,138693,False
1182753,JPX-KTST,134225,False
1182753,JPX-GOLD,139780,False
1182827,JPX-XAG,135666,False
1182827,JPX-CARD,138695,False
1182827,JPX-KTST,134226,False
1182827,JPX-GOLD,139782,False
1182831,JPX-ETFSH,127932,False
1182831,JPX-ETFSH,127924,False
1182831,JPX-ETFSH,127925,False
1182831,JPX-ETFSH,127927,False
1182831,JPX-ETFSH,127933,False
1182832,JPX-ETFSH,127931,False
1182832,JPX-ETFSH,127930,False
1182833,JPX-ETFSH,127928,False
1182833,JPX-ETFSH,127926,False
1182833,JPX-ETFSH,127929,False
1182834,JPX-CARD,138692,False
1182834,JPX-CARD,138691,False
1182834,JPX-CARD,138684,False
1182834,JPX-CARD,138690,False
1182834,JPX-CARD,138688,False
1182834,JPX-CARD,138686,False
1182834,JPX-CARD,138687,False
1182834,JPX-CARD,138683,False
1182834,JPX-CARD,138685,False
1182834,JPX-CARD,138689,False
1182834,JPX-GOLD,139775,False
1182834,JPX-GOLD,139773,False
1182834,JPX-GOLD,139771,False
1182834,JPX-GOLD,139769,False
1182834,JPX-GOLD,139777,False
1182834,JPX-GOLD,139774,False
1182834,JPX-GOLD,139770,False
1182834,JPX-GOLD,139772,False
1182834,JPX-GOLD,139776,False
1182834,JPX-GOLD,139778,False
1182834,JPX-HT,135814,False
1182834,JPX-HT,135813,False
1182834,JPX-HT,135812,False
1182834,JPX-HT,135811,False
1182834,JPX-HT,135810,False
1182834,JPX-HT,135809,False
1182834,JPX-HT,135808,False
1182834,JPX-HT,135807,False
1182834,JPX-HT,135806,False
1182835,JPX-JNAF,135346,False
1182835,JPX-JNAF,135345,False
1182835,JPX-JNAF,135344,False
1182835,JPX-JNAF,135343,False
1182835,JPX-JNAF,135342,False
1182835,JPX-JNAF,135341,False
1182835,JPX-JNAF,135340,False
1182835,JPX-JNAF,135339,False
1182835,JPX-JNAF,135338,False
1182835,JPX-JNAF,135337,False
1182836,JPX-KTST,134222,False
1182836,JPX-KTST,134221,False
1182836,JPX-KTST,134220,False
1182836,JPX-KTST,134219,False
1182836,JPX-KTST,134218,False
1182836,JPX-KTST,134217,False
1182836,JPX-KTST,134215,False
1182836,JPX-KTST,134216,False
1182836,JPX-KTST,134214,False
1182836,JPX-KTST,134223,False
1182836,JPX-SIMP,134654,False
1182836,JPX-SIMP,134653,False
1182836,JPX-SIMP,134652,False
1182836,JPX-SIMP,134647,False
1182836,JPX-SIMP,134645,False
1182836,JPX-SIMP,134651,False
1182836,JPX-SIMP,134649,False
1182836,JPX-SIMP,134646,False
1182836,JPX-SIMP,134648,False
1182836,JPX-SIMP,134650,False
1182836,JPX-XAG,135664,False
1182836,JPX-XAG,135663,False
1182836,JPX-XAG,135662,False
1182836,JPX-XAG,135661,False
1182836,JPX-XAG,135660,False
1182836,JPX-XAG,135659,False
1182836,JPX-XAG,135658,False
1182836,JPX-XAG,135657,False
1182836,JPX-XAG,135656,False
1182836,JPX-XAG,135655,False
1182931,JPX-ETFSH,127940,False
1182931,JPX-ETFSH,127939,False
1182932,JPX-ETFSH,127938,False
1182932,JPX-ETFSH,127943,False
1182932,JPX-ETFSH,127937,False
1182932,JPX-ETFSH,127936,False
1182933,JPX-ETFSH,127942,False
1182933,JPX-ETFSH,127935,False
1182933,JPX-ETFSH,127941,False
1182933,JPX-CARD,138705,False
1182933,JPX-CARD,138701,False
1182933,JPX-CARD,138702,False
1182933,JPX-CARD,138700,False
1182933,JPX-CARD,138698,False
1182933,JPX-CARD,138696,False
1182933,JPX-CARD,138699,False
1182933,JPX-CARD,138697,False
1182933,JPX-CARD,138704,False
1182933,JPX-CARD,138703,False
1182933,JPX-GOLD,139792,False
1182933,JPX-GOLD,139787,False
1182933,JPX-GOLD,139786,False
1182933,JPX-GOLD,139785,False
1182933,JPX-GOLD,139784,False
1182933,JPX-GOLD,139790,False
1182933,JPX-GOLD,139788,False
1182933,JPX-GOLD,139793,False
1182933,JPX-GOLD,139791,False
1182933,JPX-GOLD,139789,False
1182934,JPX-HT,135827,False
1182934,JPX-HT,135826,False
1182934,JPX-HT,135825,False
1182934,JPX-HT,135824,False
1182934,JPX-HT,135823,False
1182934,JPX-HT,135822,False
1182934,JPX-HT,135821,False
1182934,JPX-HT,135820,False
1182934,JPX-HT,135819,False
1182934,JPX-HT,135818,False
1182934,JPX-JNAF,135356,False
1182934,JPX-JNAF,135355,False
1182934,JPX-JNAF,135354,False
1182934,JPX-JNAF,135353,False
1182934,JPX-JNAF,135352,False
1182934,JPX-JNAF,135351,False
1182934,JPX-JNAF,135350,False
1182934,JPX-JNAF,135349,False
1182934,JPX-JNAF,135347,False
1182935,JPX-JNAF,135348,False
1182935,JPX-KTST,134237,False
1182935,JPX-KTST,134236,False
1182935,JPX-KTST,134235,False
1182935,JPX-KTST,134234,False
1182935,JPX-KTST,134230,False
1182935,JPX-KTST,134228,False
1182935,JPX-KTST,134232,False
1182935,JPX-KTST,134233,False
1182935,JPX-KTST,134229,False
1182935,JPX-KTST,134231,False
1182935,JPX-SIMP,134664,False
1182935,JPX-SIMP,134662,False
1182935,JPX-SIMP,134661,False
1182935,JPX-SIMP,134659,False
1182935,JPX-SIMP,134658,False
1182935,JPX-SIMP,134657,False
1182935,JPX-SIMP,134656,False
1182935,JPX-SIMP,134655,False
1182936,JPX-SIMP,134660,False
1182936,JPX-SIMP,134663,False
1182936,JPX-XAG,135677,False
1182936,JPX-XAG,135676,False
1182936,JPX-XAG,135675,False
1182936,JPX-XAG,135674,False
1182936,JPX-XAG,135673,False
1182936,JPX-XAG,135672,False
1182936,JPX-XAG,135671,False
1182936,JPX-XAG,135670,False
1182936,JPX-XAG,135669,False
1182936,JPX-XAG,135668,False
1182936,JPX-GOLD,139804,False
1182936,JPX-XAG,135689,False
1182936,JPX-XAG,135690,False
1182936,JPX-GOLD,139805,False
1182936,JPX-HT,135839,False
1182936,JPX-CARD,138716,False
1182936,JPX-KTST,134249,False
1183031,JPX-ETFSH,127948,False
1183031,JPX-ETFSH,127954,False
1183032,JPX-ETFSH,127952,False
1183032,JPX-ETFSH,127950,False
1183032,JPX-ETFSH,127946,False
1183032,JPX-ETFSH,127945,False
1183032,JPX-ETFSH,127953,False
1183033,JPX-ETFSH,127951,False
1183033,JPX-ETFSH,127949,False
1183034,JPX-ETFSH,127947,False
1183034,JPX-CARD,138715,False
1183034,JPX-CARD,138713,False
1183034,JPX-CARD,138711,False
1183034,JPX-CARD,138709,False
1183034,JPX-CARD,138707,False
1183034,JPX-CARD,138706,False
1183034,JPX-CARD,138708,False
1183034,JPX-CARD,138710,False
1183034,JPX-CARD,138714,False
1183034,JPX-CARD,138712,False
1183034,JPX-GOLD,139802,False
1183034,JPX-GOLD,139800,False
1183034,JPX-GOLD,139799,False
1183034,JPX-GOLD,139796,False
1183034,JPX-GOLD,139794,False
1183034,JPX-GOLD,139798,False
1183034,JPX-GOLD,139803,False
1183034,JPX-GOLD,139801,False
1183034,JPX-GOLD,139795,False
1183034,JPX-GOLD,139797,False
1183034,JPX-HT,135838,False
1183034,JPX-HT,135837,False
1183034,JPX-HT,135836,False
1183034,JPX-HT,135835,False
1183034,JPX-HT,135834,False
1183034,JPX-HT,135833,False
1183034,JPX-HT,135832,False
1183034,JPX-HT,135831,False
1183034,JPX-HT,135830,False
1183034,JPX-HT,135829,False
1183035,JPX-JNAF,135366,False
1183035,JPX-JNAF,135365,False
1183035,JPX-JNAF,135364,False
1183035,JPX-JNAF,135363,False
1183035,JPX-JNAF,135362,False
1183035,JPX-JNAF,135361,False
1183035,JPX-JNAF,135360,False
1183035,JPX-JNAF,135359,False
1183035,JPX-JNAF,135358,False
1183035,JPX-JNAF,135357,False
1183036,JPX-KTST,134247,False
1183036,JPX-KTST,134246,False
1183036,JPX-KTST,134244,False
1183036,JPX-KTST,134243,False
1183036,JPX-KTST,134242,False
1183036,JPX-KTST,134241,False
1183036,JPX-KTST,134240,False
1183036,JPX-KTST,134239,False
1183036,JPX-KTST,134238,False
1183036,JPX-KTST,134245,False
1183037,JPX-SIMP,134673,False
1183037,JPX-SIMP,134672,False
1183037,JPX-SIMP,134671,False
1183037,JPX-SIMP,134669,False
1183037,JPX-SIMP,134668,False
1183037,JPX-SIMP,134667,False
1183037,JPX-SIMP,134666,False
1183037,JPX-SIMP,134674,False
1183037,JPX-SIMP,134670,False
1183037,JPX-SIMP,134665,False
1183037,JPX-XAG,135688,False
1183037,JPX-XAG,135687,False
1183037,JPX-XAG,135686,False
1183037,JPX-XAG,135685,False
1183037,JPX-XAG,135683,False
1183037,JPX-XAG,135682,False
1183037,JPX-XAG,135681,False
1183037,JPX-XAG,135680,False
1183037,JPX-XAG,135679,False
1183037,JPX-XAG,135684,False
1183068,JPX-CARD,138728,False
1183068,JPX-KTST,134262,False
1183068,JPX-KTST,134263,False
1183068,JPX-GOLD,139819,False
1183131,JPX-ETFSH,127963,False
1183131,JPX-ETFSH,127962,False
1183131,JPX-ETFSH,127961,False
1183131,JPX-ETFSH,127960,False
1183131,JPX-ETFSH,127956,False
1183131,JPX-ETFSH,127964,False
1183132,JPX-ETFSH,127957,False
1183132,JPX-ETFSH,127958,False
1183132,JPX-ETFSH,127959,False
1183132,JPX-ETFSH,127955,False
1183133,JPX-CARD,138727,False
1183133,JPX-CARD,138725,False
1183133,JPX-CARD,138723,False
1183133,JPX-CARD,138722,False
1183133,JPX-CARD,138721,False
1183133,JPX-CARD,138720,False
1183133,JPX-CARD,138719,False
1183133,JPX-CARD,138724,False
1183133,JPX-CARD,138726,False
1183133,JPX-CARD,138718,False
1183133,JPX-GOLD,139815,False
1183133,JPX-GOLD,139813,False
1183133,JPX-GOLD,139810,False
1183133,JPX-GOLD,139808,False
1183133,JPX-GOLD,139807,False
1183133,JPX-GOLD,139809,False
1183133,JPX-GOLD,139811,False
1183133,JPX-GOLD,139814,False
1183133,JPX-GOLD,139816,False
1183133,JPX-GOLD,139812,False
1183133,JPX-HT,135850,False
1183133,JPX-HT,135849,False
1183133,JPX-HT,135848,False
1183133,JPX-HT,135847,False
1183133,JPX-HT,135846,False
1183133,JPX-HT,135845,False
1183133,JPX-HT,135844,False
1183133,JPX-HT,135843,False
1183133,JPX-HT,135842,False
1183133,JPX-HT,135841,False
1183134,JPX-JNAF,135377,False
1183134,JPX-JNAF,135376,False
1183134,JPX-JNAF,135372,False
1183134,JPX-JNAF,135371,False
1183134,JPX-JNAF,135370,False
1183134,JPX-JNAF,135369,False
1183134,JPX-JNAF,135368,False
1183134,JPX-JNAF,135373,False
1183134,JPX-JNAF,135375,False
1183134,JPX-JNAF,135374,False
1183135,JPX-KTST,134260,False
1183135,JPX-KTST,134258,False
1183135,JPX-KTST,134253,False
1183135,JPX-KTST,134251,False
1183135,JPX-KTST,134255,False
1183135,JPX-KTST,134257,False
1183135,JPX-KTST,134256,False
1183135,JPX-KTST,134254,False
1183135,JPX-KTST,134252,False
1183135,JPX-KTST,134259,False
1183135,JPX-SIMP,134684,False
1183135,JPX-SIMP,134682,False
1183135,JPX-SIMP,134679,False
1183135,JPX-SIMP,134677,False
1183135,JPX-SIMP,134675,False
1183135,JPX-SIMP,134683,False
1183135,JPX-SIMP,134680,False
1183135,JPX-SIMP,134676,False
1183135,JPX-SIMP,134678,False
1183135,JPX-SIMP,134681,False
1183135,JPX-XAG,135702,False
1183135,JPX-XAG,135701,False
1183135,JPX-XAG,135700,False
1183135,JPX-XAG,135699,False
1183135,JPX-XAG,135698,False
1183135,JPX-XAG,135697,False
1183135,JPX-XAG,135696,False
1183135,JPX-XAG,135695,False
1183135,JPX-XAG,135694,False
1183135,JPX-XAG,135693,False
1183179,JPX-GOLD,139830,False
1183179,JPX-KTST,134275,False
1183232,JPX-ETFSH,127975,False
1183232,JPX-ETFSH,127973,False
1183232,JPX-ETFSH,127972,False
1183232,JPX-ETFSH,127971,False
1183232,JPX-ETFSH,127966,False
1183232,JPX-ETFSH,127967,False
1183233,JPX-ETFSH,127970,False
1183233,JPX-ETFSH,127968,False
1183233,JPX-ETFSH,127974,False
1183234,JPX-ETFSH,127969,False
1183235,JPX-CARD,138738,False
1183235,JPX-CARD,138737,False
1183235,JPX-CARD,138736,False
1183235,JPX-CARD,138735,False
1183235,JPX-CARD,138734,False
1183235,JPX-CARD,138733,False
1183235,JPX-CARD,138732,False
1183235,JPX-CARD,138731,False
1183235,JPX-CARD,138730,False
1183235,JPX-CARD,138729,False
1183235,JPX-GOLD,139828,False
1183235,JPX-GOLD,139827,False
1183235,JPX-GOLD,139825,False
1183235,JPX-GOLD,139823,False
1183235,JPX-GOLD,139820,False
1183235,JPX-GOLD,139829,False
1183235,JPX-GOLD,139826,False
1183235,JPX-GOLD,139824,False
1183235,JPX-GOLD,139822,False
1183235,JPX-GOLD,139821,False
1183235,JPX-HT,135860,False
1183235,JPX-HT,135858,False
1183235,JPX-HT,135857,False
1183235,JPX-HT,135853,False
1183235,JPX-HT,135852,False
1183235,JPX-HT,135855,False
1183235,JPX-HT,135859,False
1183235,JPX-HT,135861,False
1183235,JPX-HT,135856,False
1183235,JPX-HT,135854,False
1183236,JPX-JNAF,135390,False
1183236,JPX-JNAF,135388,False
1183236,JPX-JNAF,135387,False
1183236,JPX-JNAF,135386,False
1183236,JPX-JNAF,135385,False
1183236,JPX-JNAF,135384,False
1183236,JPX-JNAF,135382,False
1183236,JPX-JNAF,135381,False
1183236,JPX-JNAF,135383,False
1183236,JPX-JNAF,135389,False
1183236,JPX-KTST,134273,False
1183236,JPX-KTST,134271,False
1183236,JPX-KTST,134270,False
1183236,JPX-KTST,134269,False
1183236,JPX-KTST,134268,False
1183236,JPX-KTST,134266,False
1183236,JPX-KTST,134264,False
1183237,JPX-KTST,134272,False
1183237,JPX-KTST,134267,False
1183237,JPX-SIMP,134694,False
1183237,JPX-SIMP,134692,False
1183237,JPX-SIMP,134688,False
1183237,JPX-SIMP,134686,False
1183237,JPX-SIMP,134690,False
1183237,JPX-SIMP,134687,False
1183237,JPX-SIMP,134685,False
1183237,JPX-SIMP,134689,False
1183237,JPX-SIMP,134691,False
1183237,JPX-SIMP,134693,False
1183237,JPX-XAG,135713,False
1183237,JPX-XAG,135712,False
1183237,JPX-XAG,135711,False
1183237,JPX-XAG,135710,False
1183237,JPX-XAG,135709,False
1183237,JPX-XAG,135708,False
1183237,JPX-XAG,135707,False
1183237,JPX-XAG,135706,False
1183237,JPX-XAG,135705,False
1183237,JPX-XAG,135704,False
1183253,JPX-GOLD,139843,False
1183268,JPX-KTST,134288,False
1183268,JPX-GOLD,139844,False
1183331,JPX-ETFSH,127986,False
1183331,JPX-ETFSH,127984,False
1183331,JPX-ETFSH,127983,False
1183331,JPX-ETFSH,127982,False
1183331,JPX-ETFSH,127979,False
1183331,JPX-ETFSH,127978,False
1183331,JPX-ETFSH,127977,False
1183332,JPX-ETFSH,127985,False
1183332,JPX-ETFSH,127980,False
1183332,JPX-ETFSH,127981,False
1183333,JPX-CARD,138743,False
1183333,JPX-CARD,138742,False
1183333,JPX-CARD,138741,False
1183333,JPX-CARD,138740,False
1183333,JPX-CARD,138745,False
1183333,JPX-CARD,138747,False
1183333,JPX-CARD,138749,False
1183333,JPX-CARD,138748,False
1183333,JPX-CARD,138744,False
1183333,JPX-CARD,138746,False
1183333,JPX-GOLD,139841,False
1183333,JPX-GOLD,139839,False
1183333,JPX-GOLD,139837,False
1183333,JPX-GOLD,139836,False
1183333,JPX-GOLD,139833,False
1183333,JPX-GOLD,139832,False
1183333,JPX-GOLD,139840,False
1183333,JPX-GOLD,139838,False
1183333,JPX-GOLD,139834,False
1183333,JPX-GOLD,139835,False
1183333,JPX-HT,135871,False
1183333,JPX-HT,135870,False
1183333,JPX-HT,135869,False
1183333,JPX-HT,135868,False
1183333,JPX-HT,135867,False
1183333,JPX-HT,135865,False
1183333,JPX-HT,135864,False
1183333,JPX-HT,135863,False
1183333,JPX-HT,135862,False
1183333,JPX-HT,135866,False
1183334,JPX-JNAF,135399,False
1183334,JPX-JNAF,135397,False
1183334,JPX-JNAF,135396,False
1183334,JPX-JNAF,135394,False
1183334,JPX-JNAF,135393,False
1183334,JPX-JNAF,135392,False
1183334,JPX-JNAF,135391,False
1183334,JPX-JNAF,135395,False
1183334,JPX-JNAF,135400,False
1183334,JPX-JNAF,135398,False
1183334,JPX-KTST,134286,False
1183334,JPX-KTST,134284,False
1183334,JPX-KTST,134282,False
1183334,JPX-KTST,134280,False
1183334,JPX-KTST,134278,False
1183335,JPX-KTST,134283,False
1183335,JPX-KTST,134279,False
1183335,JPX-KTST,134277,False
1183335,JPX-KTST,134281,False
1183335,JPX-KTST,134285,False
1183335,JPX-SIMP,134700,False
1183335,JPX-SIMP,134699,False
1183335,JPX-SIMP,134698,False
1183335,JPX-SIMP,134697,False
1183335,JPX-SIMP,134696,False
1183335,JPX-SIMP,134695,False
1183335,JPX-SIMP,134703,False
1183335,JPX-SIMP,134701,False
1183335,JPX-SIMP,134704,False
1183335,JPX-SIMP,134702,False
1183335,JPX-XAG,135723,False
1183335,JPX-XAG,135722,False
1183335,JPX-XAG,135720,False
1183335,JPX-XAG,135719,False
1183335,JPX-XAG,135718,False
1183335,JPX-XAG,135716,False
1183335,JPX-XAG,135715,False
1183335,JPX-XAG,135714,False
1183335,JPX-XAG,135721,False
1183335,JPX-XAG,135717,False
1183336,JPX-KTST,134299,False
1183336,JPX-GOLD,139856,False
1183431,JPX-ETFSH,127996,False
1183431,JPX-ETFSH,127990,False
1183431,JPX-ETFSH,127987,False
1183431,JPX-ETFSH,127989,False
1183431,JPX-ETFSH,127988,False
1183431,JPX-ETFSH,127991,False
1183432,JPX-ETFSH,127995,False
1183432,JPX-ETFSH,127992,False
1183432,JPX-ETFSH,127993,False
1183432,JPX-ETFSH,127994,False
1183433,JPX-CARD,138753,False
1183433,JPX-CARD,138751,False
1183433,JPX-CARD,138760,False
1183433,JPX-CARD,138759,False
1183433,JPX-CARD,138757,False
1183433,JPX-CARD,138758,False
1183433,JPX-CARD,138755,False
1183433,JPX-CARD,138752,False
1183433,JPX-CARD,138754,False
1183433,JPX-CARD,138756,False
1183433,JPX-GOLD,139854,False
1183433,JPX-GOLD,139852,False
1183433,JPX-GOLD,139851,False
1183433,JPX-GOLD,139848,False
1183433,JPX-GOLD,139847,False
1183433,JPX-GOLD,139846,False
1183433,JPX-GOLD,139845,False
1183433,JPX-GOLD,139853,False
1183433,JPX-GOLD,139849,False
1183433,JPX-GOLD,139850,False
1183433,JPX-HT,135881,False
1183433,JPX-HT,135880,False
1183433,JPX-HT,135879,False
1183433,JPX-HT,135878,False
1183433,JPX-HT,135876,False
1183433,JPX-HT,135875,False
1183433,JPX-HT,135874,False
1183433,JPX-HT,135873,False
1183433,JPX-HT,135872,False
1183433,JPX-HT,135877,False
1183433,JPX-JNAF,135411,False
1183433,JPX-JNAF,135410,False
1183433,JPX-JNAF,135409,False
1183433,JPX-JNAF,135408,False
1183433,JPX-JNAF,135407,False
1183434,JPX-JNAF,135406,False
1183434,JPX-JNAF,135405,False
1183434,JPX-JNAF,135404,False
1183434,JPX-JNAF,135403,False
1183434,JPX-JNAF,135402,False
1183434,JPX-KTST,134298,False
1183434,JPX-KTST,134296,False
1183434,JPX-KTST,134294,False
1183434,JPX-KTST,134293,False
1183434,JPX-KTST,134292,False
1183434,JPX-KTST,134289,False
1183435,JPX-KTST,134297,False
1183435,JPX-KTST,134295,False
1183435,JPX-KTST,134290,False
1183435,JPX-KTST,134291,False
1183435,JPX-SIMP,134713,False
1183435,JPX-SIMP,134712,False
1183435,JPX-SIMP,134709,False
1183435,JPX-SIMP,134707,False
1183435,JPX-SIMP,134705,False
1183435,JPX-SIMP,134711,False
1183435,JPX-SIMP,134714,False
1183435,JPX-SIMP,134708,False
1183435,JPX-SIMP,134706,False
1183435,JPX-SIMP,134710,False
1183435,JPX-XAG,135734,False
1183435,JPX-XAG,135733,False
1183435,JPX-XAG,135732,False
1183435,JPX-XAG,135731,False
1183435,JPX-XAG,135730,False
1183435,JPX-XAG,135729,False
1183435,JPX-XAG,135728,False
1183435,JPX-XAG,135727,False
1183435,JPX-XAG,135726,False
1183435,JPX-XAG,135725,False
1183449,JPX-GOLD,139869,False
1183449,JPX-XAG,135747,False
1183449,JPX-GOLD,139870,False
1183449,JPX-KTST,134312,False
1183529,JPX-ETFSH,128009,False
1183531,JPX-ETFSH,127999,False
1183531,JPX-ETFSH,128002,False
1183531,JPX-ETFSH,128005,False
1183532,JPX-ETFSH,128007,False
1183532,JPX-ETFSH,128006,False
1183532,JPX-ETFSH,128000,False
1183532,JPX-ETFSH,128001,False
1183532,JPX-ETFSH,128003,False
1183532,JPX-ETFSH,128004,False
1183533,JPX-CARD,138770,False
1183533,JPX-CARD,138768,False
1183533,JPX-CARD,138767,False
1183533,JPX-CARD,138766,False
1183533,JPX-CARD,138765,False
1183533,JPX-CARD,138764,False
1183533,JPX-CARD,138763,False
1183533,JPX-CARD,138762,False
1183533,JPX-CARD,138761,False
1183533,JPX-CARD,138769,False
1183533,JPX-GOLD,139868,False
1183533,JPX-GOLD,139867,False
1183533,JPX-GOLD,139866,False
1183533,JPX-GOLD,139864,False
1183533,JPX-GOLD,139862,False
1183533,JPX-GOLD,139861,False
1183533,JPX-GOLD,139860,False
1183533,JPX-GOLD,139859,False
1183533,JPX-GOLD,139865,False
1183533,JPX-GOLD,139863,False
1183533,JPX-HT,135893,False
1183533,JPX-HT,135892,False
1183533,JPX-HT,135891,False
1183533,JPX-HT,135890,False
1183533,JPX-HT,135889,False
1183533,JPX-HT,135888,False
1183533,JPX-HT,135887,False
1183533,JPX-HT,135886,False
1183533,JPX-HT,135885,False
1183533,JPX-HT,135884,False
1183533,JPX-JNAF,135422,False
1183533,JPX-JNAF,135421,False
1183533,JPX-JNAF,135420,False
1183533,JPX-JNAF,135419,False
1183533,JPX-JNAF,135418,False
1183533,JPX-JNAF,135417,False
1183533,JPX-JNAF,135414,False
1183534,JPX-JNAF,135413,False
1183534,JPX-JNAF,135415,False
1183534,JPX-JNAF,135416,False
1183534,JPX-KTST,134310,False
1183534,JPX-KTST,134309,False
1183534,JPX-KTST,134308,False
1183534,JPX-KTST,134307,False
1183534,JPX-KTST,134305,False
1183534,JPX-KTST,134303,False
1183534,JPX-KTST,134301,False
1183535,JPX-KTST,134302,False
1183535,JPX-KTST,134306,False
1183535,JPX-KTST,134304,False
1183535,JPX-SIMP,134723,False
1183535,JPX-SIMP,134721,False
1183535,JPX-SIMP,134719,False
1183535,JPX-SIMP,134717,False
1183535,JPX-SIMP,134715,False
1183535,JPX-SIMP,134720,False
1183535,JPX-SIMP,134718,False
1183535,JPX-SIMP,134716,False
1183535,JPX-SIMP,134722,False
1183535,JPX-SIMP,134724,False
1183535,JPX-XAG,135745,False
1183535,JPX-XAG,135744,False
1183535,JPX-XAG,135743,False
1183535,JPX-XAG,135742,False
1183535,JPX-XAG,135741,False
1183535,JPX-XAG,135740,False
1183535,JPX-XAG,135738,False
1183535,JPX-XAG,135737,False
1183535,JPX-XAG,135736,False
1183535,JPX-XAG,135739,False
1183548,JPX-GOLD,139883,False
1183548,JPX-CARD,138781,False
1183566,JPX-KTST,134326,False
1183631,JPX-ETFSH,128018,False
1183631,JPX-ETFSH,128017,False
1183631,JPX-ETFSH,128013,False
1183631,JPX-ETFSH,128010,False
1183631,JPX-ETFSH,128011,False
1183631,JPX-ETFSH,128019,False
1183632,JPX-ETFSH,128014,False
1183632,JPX-ETFSH,128015,False
1183632,JPX-ETFSH,128016,False
1183633,JPX-ETFSH,128012,False
1183633,JPX-CARD,138779,False
1183633,JPX-CARD,138777,False
1183633,JPX-CARD,138775,False
1183633,JPX-CARD,138774,False
1183633,JPX-CARD,138773,False
1183633,JPX-CARD,138772,False
1183633,JPX-CARD,138771,False
1183633,JPX-CARD,138780,False
1183633,JPX-CARD,138778,False
1183633,JPX-CARD,138776,False
1183633,JPX-GOLD,139882,False
1183633,JPX-GOLD,139880,False
1183633,JPX-GOLD,139879,False
1183633,JPX-GOLD,139877,False
1183633,JPX-GOLD,139875,False
1183633,JPX-GOLD,139873,False
1183633,JPX-GOLD,139878,False
1183633,JPX-GOLD,139876,False
1183633,JPX-GOLD,139874,False
1183633,JPX-GOLD,139881,False
1183633,JPX-HT,135903,False
1183633,JPX-HT,135902,False
1183633,JPX-HT,135901,False
1183633,JPX-HT,135900,False
1183633,JPX-HT,135899,False
1183633,JPX-HT,135898,False
1183633,JPX-HT,135897,False
1183633,JPX-HT,135896,False
1183633,JPX-HT,135895,False
1183633,JPX-HT,135894,False
1183634,JPX-JNAF,135433,False
1183634,JPX-JNAF,135432,False
1183634,JPX-JNAF,135431,False
1183634,JPX-JNAF,135429,False
1183634,JPX-JNAF,135427,False
1183634,JPX-JNAF,135426,False
1183634,JPX-JNAF,135425,False
1183634,JPX-JNAF,135424,False
1183634,JPX-JNAF,135428,False
1183634,JPX-JNAF,135430,False
1183634,JPX-KTST,134323,False
1183634,JPX-KTST,134321,False
1183634,JPX-KTST,134319,False
1183634,JPX-KTST,134317,False
1183634,JPX-KTST,134322,False
1183635,JPX-KTST,134324,False
1183635,JPX-KTST,134316,False
1183635,JPX-KTST,134318,False
1183635,JPX-KTST,134320,False
1183635,JPX-KTST,134315,False
1183635,JPX-SIMP,134733,False
1183635,JPX-SIMP,134731,False
1183635,JPX-SIMP,134730,False
1183635,JPX-SIMP,134728,False
1183635,JPX-SIMP,134726,False
1183635,JPX-SIMP,134734,False
1183635,JPX-SIMP,134732,False
1183635,JPX-SIMP,134727,False
1183635,JPX-SIMP,134729,False
1183635,JPX-SIMP,134725,False
1183635,JPX-XAG,135758,False
1183635,JPX-XAG,135757,False
1183635,JPX-XAG,135756,False
1183635,JPX-XAG,135755,False
1183635,JPX-XAG,135754,False
1183635,JPX-XAG,135753,False
1183635,JPX-XAG,135751,False
1183635,JPX-XAG,135750,False
1183635,JPX-XAG,135749,False
1183635,JPX-XAG,135752,False
1183636,JPX-CARD,138793,False
1183636,JPX-KTST,134337,False
1183728,JPX-CARD,138795,False
1183728,JPX-KTST,134339,False
1183729,JPX-GOLD,139898,False
1183731,JPX-ETFSH,128030,False
1183731,JPX-ETFSH,128029,False
1183731,JPX-ETFSH,128028,False
1183731,JPX-ETFSH,128027,False
1183731,JPX-ETFSH,128024,False
1183731,JPX-ETFSH,128022,False
1183731,JPX-ETFSH,128026,False
1183731,JPX-ETFSH,128025,False
1183731,JPX-ETFSH,128021,False
1183732,JPX-ETFSH,128023,False
1183733,JPX-CARD,138792,False
1183733,JPX-CARD,138791,False
1183733,JPX-CARD,138790,False
1183733,JPX-CARD,138789,False
1183733,JPX-CARD,138788,False
1183733,JPX-CARD,138787,False
1183733,JPX-CARD,138786,False
1183733,JPX-CARD,138785,False
1183733,JPX-CARD,138784,False
1183733,JPX-CARD,138783,False
1183733,JPX-GOLD,139893,False
1183733,JPX-GOLD,139891,False
1183733,JPX-GOLD,139889,False
1183733,JPX-GOLD,139887,False
1183733,JPX-GOLD,139885,False
1183733,JPX-GOLD,139894,False
1183733,JPX-GOLD,139892,False
1183733,JPX-GOLD,139888,False
1183733,JPX-GOLD,139886,False
1183733,JPX-GOLD,139890,False
1183733,JPX-HT,135913,False
1183733,JPX-HT,135912,False
1183733,JPX-HT,135911,False
1183733,JPX-HT,135910,False
1183733,JPX-HT,135909,False
1183733,JPX-HT,135908,False
1183733,JPX-HT,135907,False
1183733,JPX-HT,135906,False
1183733,JPX-HT,135905,False
1183733,JPX-HT,135904,False
1183734,JPX-JNAF,135443,False
1183734,JPX-JNAF,135442,False
1183734,JPX-JNAF,135441,False
1183734,JPX-JNAF,135440,False
1183734,JPX-JNAF,135439,False
1183734,JPX-JNAF,135438,False
1183734,JPX-JNAF,135437,False
1183734,JPX-JNAF,135436,False
1183734,JPX-JNAF,135435,False
1183734,JPX-JNAF,135434,False
1183734,JPX-KTST,134336,False
1183734,JPX-KTST,134334,False
1183734,JPX-KTST,134333,False
1183734,JPX-KTST,134332,False
1183734,JPX-KTST,134331,False
1183734,JPX-KTST,134329,False
1183735,JPX-KTST,134327,False
1183735,JPX-KTST,134330,False
1183735,JPX-KTST,134328,False
1183735,JPX-KTST,134335,False
1183735,JPX-SIMP,134743,False
1183735,JPX-SIMP,134741,False
1183735,JPX-SIMP,134740,False
1183735,JPX-SIMP,134738,False
1183735,JPX-SIMP,134736,False
1183735,JPX-SIMP,134745,False
1183735,JPX-SIMP,134744,False
1183735,JPX-SIMP,134742,False
1183735,JPX-SIMP,134739,False
1183735,JPX-SIMP,134737,False
1183735,JPX-XAG,135768,False
1183735,JPX-XAG,135767,False
1183735,JPX-XAG,135766,False
1183735,JPX-XAG,135765,False
1183735,JPX-XAG,135764,False
1183735,JPX-XAG,135763,False
1183735,JPX-XAG,135762,False
1183735,JPX-XAG,135760,False
1183735,JPX-XAG,135759,False
1183735,JPX-XAG,135761,False
1183826,JPX-ETFSH,128044,False
1183827,JPX-XAG,135781,False
1183827,JPX-GOLD,139910,False
1183827,JPX-CARD,138807,False
1183827,JPX-KTST,134352,False
1183827,JPX-GOLD,139911,False
1183831,JPX-ETFSH,128039,False
1183831,JPX-ETFSH,128034,False
1183831,JPX-ETFSH,128033,False
1183831,JPX-ETFSH,128035,False
1183831,JPX-ETFSH,128031,False
1183832,JPX-ETFSH,128036,False
1183832,JPX-ETFSH,128037,False
1183832,JPX-ETFSH,128040,False
1183833,JPX-ETFSH,128038,False
1183833,JPX-CARD,138806,False
1183833,JPX-CARD,138805,False
1183833,JPX-CARD,138804,False
1183833,JPX-CARD,138803,False
1183833,JPX-CARD,138802,False
1183833,JPX-CARD,138801,False
1183833,JPX-CARD,138799,False
1183833,JPX-CARD,138797,False
1183833,JPX-CARD,138798,False
1183833,JPX-CARD,138800,False
1183833,JPX-GOLD,139907,False
1183833,JPX-GOLD,139903,False
1183833,JPX-GOLD,139899,False
1183833,JPX-GOLD,139901,False
1183833,JPX-GOLD,139904,False
1183833,JPX-GOLD,139902,False
1183833,JPX-GOLD,139908,False
1183833,JPX-GOLD,139906,False
1183833,JPX-GOLD,139900,False
1183833,JPX-GOLD,139905,False
1183833,JPX-HT,135923,False
1183833,JPX-HT,135922,False
1183833,JPX-HT,135921,False
1183833,JPX-HT,135920,False
1183833,JPX-HT,135919,False
1183833,JPX-HT,135918,False
1183833,JPX-HT,135917,False
1183833,JPX-HT,135916,False
1183833,JPX-HT,135915,False
1183833,JPX-HT,135914,False
1183834,JPX-JNAF,135453,False
1183834,JPX-JNAF,135452,False
1183834,JPX-JNAF,135451,False
1183834,JPX-JNAF,135450,False
1183834,JPX-JNAF,135449,False
1183834,JPX-JNAF,135448,False
1183834,JPX-JNAF,135447,False
1183834,JPX-JNAF,135444,False
1183834,JPX-JNAF,135445,False
1183834,JPX-JNAF,135446,False
1183834,JPX-KTST,134350,False
1183834,JPX-KTST,134348,False
1183834,JPX-KTST,134346,False
1183834,JPX-KTST,134344,False
1183834,JPX-KTST,134343,False
1183834,JPX-KTST,134342,False
1183834,JPX-KTST,134341,False
1183835,JPX-KTST,134345,False
1183835,JPX-KTST,134347,False
1183835,JPX-KTST,134349,False
1183835,JPX-SIMP,134754,False
1183835,JPX-SIMP,134752,False
1183835,JPX-SIMP,134750,False
1183835,JPX-SIMP,134749,False
1183835,JPX-SIMP,134746,False
1183835,JPX-SIMP,134753,False
1183835,JPX-SIMP,134751,False
1183835,JPX-SIMP,134747,False
1183835,JPX-SIMP,134748,False
1183835,JPX-SIMP,134755,False
1183835,JPX-XAG,135780,False
1183835,JPX-XAG,135779,False
1183835,JPX-XAG,135778,False
1183835,JPX-XAG,135777,False
1183835,JPX-XAG,135776,False
1183835,JPX-XAG,135775,False
1183835,JPX-XAG,135774,False
1183835,JPX-XAG,135773,False
1183835,JPX-XAG,135772,False
1183835,JPX-XAG,135771,False
1183858,JPX-ETFSH,128055,False
1183858,JPX-XAG,135793,False
1183930,JPX-XAG,135794,False
1183930,JPX-KTST,134364,False
1183931,JPX-ETFSH,128050,False
1183931,JPX-ETFSH,128046,False
1183931,JPX-ETFSH,128049,False
1183931,JPX-ETFSH,128051,False
1183931,JPX-ETFSH,128045,False
1183932,JPX-ETFSH,128047,False
1183932,JPX-ETFSH,128053,False
1183932,JPX-ETFSH,128054,False
1183932,JPX-ETFSH,128048,False
1183932,JPX-ETFSH,128052,False
1183933,JPX-CARD,138817,False
1183933,JPX-CARD,138815,False
1183933,JPX-CARD,138814,False
1183933,JPX-CARD,138813,False
1183933,JPX-CARD,138812,False
1183933,JPX-CARD,138811,False
1183933,JPX-CARD,138810,False
1183933,JPX-CARD,138809,False
1183933,JPX-CARD,138808,False
1183933,JPX-CARD,138816,False
1183933,JPX-GOLD,139921,False
1183933,JPX-GOLD,139920,False
1183933,JPX-GOLD,139919,False
1183933,JPX-GOLD,139918,False
1183933,JPX-GOLD,139917,False
1183933,JPX-GOLD,139916,False
1183933,JPX-GOLD,139914,False
1183933,JPX-GOLD,139913,False
1183933,JPX-GOLD,139915,False
1183933,JPX-GOLD,139912,False
1183933,JPX-HT,135932,False
1183933,JPX-HT,135931,False
1183933,JPX-HT,135930,False
1183933,JPX-HT,135929,False
1183933,JPX-HT,135928,False
1183933,JPX-HT,135927,False
1183933,JPX-HT,135926,False
1183933,JPX-HT,135925,False
1183933,JPX-HT,135924,False
1183933,JPX-HT,135933,False
1183933,JPX-JNAF,135463,False
1183933,JPX-JNAF,135462,False
1183933,JPX-JNAF,135461,False
1183933,JPX-JNAF,135460,False
1183933,JPX-JNAF,135459,False
1183933,JPX-JNAF,135458,False
1183933,JPX-JNAF,135457,False
1183933,JPX-JNAF,135456,False
1183933,JPX-JNAF,135455,False
1183933,JPX-JNAF,135454,False
1183934,JPX-KTST,134360,False
1183934,JPX-KTST,134358,False
1183934,JPX-KTST,134355,False
1183934,JPX-KTST,134354,False
1183934,JPX-KTST,134353,False
1183934,JPX-KTST,134362,False
1183934,JPX-KTST,134361,False
1183934,JPX-KTST,134357,False
1183934,JPX-KTST,134356,False
1183935,JPX-KTST,134359,False
1183935,JPX-SIMP,134765,False
1183935,JPX-SIMP,134764,False
1183935,JPX-SIMP,134761,False
1183935,JPX-SIMP,134760,False
1183935,JPX-SIMP,134759,False
1183935,JPX-SIMP,134758,False
1183935,JPX-SIMP,134757,False
1183935,JPX-SIMP,134756,False
1183935,JPX-SIMP,134762,False
1183935,JPX-SIMP,134763,False
1183935,JPX-XAG,135792,False
1183935,JPX-XAG,135791,False
1183935,JPX-XAG,135790,False
1183935,JPX-XAG,135789,False
1183935,JPX-XAG,135788,False
1183935,JPX-XAG,135787,False
1183935,JPX-XAG,135786,False
1183935,JPX-XAG,135785,False
1183935,JPX-XAG,135784,False
1183935,JPX-XAG,135783,False
1184019,JPX-XAG,135805,False
1184019,JPX-GOLD,139934,False
1184019,JPX-CARD,138829,False
1184019,JPX-KTST,134375,False
1184019,JPX-GOLD,139935,False
1184031,JPX-ETFSH,128059,False
1184031,JPX-ETFSH,128058,False
1184031,JPX-ETFSH,128056,False
1184032,JPX-ETFSH,128064,False
1184032,JPX-ETFSH,128061,False
1184032,JPX-ETFSH,128060,False
1184032,JPX-ETFSH,128062,False
1184032,JPX-ETFSH,128065,False
1184032,JPX-ETFSH,128063,False
1184033,JPX-CARD,138827,False
1184033,JPX-CARD,138826,False
1184033,JPX-CARD,138825,False
1184033,JPX-CARD,138824,False
1184033,JPX-CARD,138823,False
1184033,JPX-CARD,138821,False
1184033,JPX-CARD,138819,False
1184033,JPX-CARD,138820,False
1184033,JPX-CARD,138828,False
1184033,JPX-CARD,138822,False
1184033,JPX-GOLD,139932,False
1184034,JPX-GOLD,139931,False
1184034,JPX-GOLD,139930,False
1184034,JPX-GOLD,139929,False
1184034,JPX-GOLD,139928,False
1184034,JPX-GOLD,139925,False
1184034,JPX-GOLD,139927,False
1184034,JPX-GOLD,139926,False
1184034,JPX-GOLD,139924,False
1184034,JPX-GOLD,139933,False
1184034,JPX-HT,135943,False
1184034,JPX-HT,135942,False
1184034,JPX-HT,135941,False
1184034,JPX-HT,135940,False
1184034,JPX-HT,135939,False
1184034,JPX-HT,135937,False
1184034,JPX-HT,135936,False
1184034,JPX-HT,135935,False
1184034,JPX-HT,135934,False
1184034,JPX-HT,135938,False
1184034,JPX-JNAF,135472,False
1184034,JPX-JNAF,135470,False
1184034,JPX-JNAF,135469,False
1184034,JPX-JNAF,135468,False
1184034,JPX-JNAF,135467,False
1184034,JPX-JNAF,135466,False
1184034,JPX-JNAF,135465,False
1184034,JPX-JNAF,135464,False
1184034,JPX-JNAF,135473,False
1184035,JPX-JNAF,135471,False
1184035,JPX-KTST,134374,False
1184035,JPX-KTST,134373,False
1184035,JPX-KTST,134372,False
1184035,JPX-KTST,134371,False
1184035,JPX-KTST,134365,False
1184035,JPX-KTST,134369,False
1184035,JPX-KTST,134368,False
1184035,JPX-KTST,134366,False
1184035,JPX-KTST,134370,False
1184035,JPX-KTST,134367,False
1184036,JPX-SIMP,134775,False
1184036,JPX-SIMP,134774,False
1184036,JPX-SIMP,134773,False
1184036,JPX-SIMP,134772,False
1184036,JPX-SIMP,134771,False
1184036,JPX-SIMP,134769,False
1184036,JPX-SIMP,134767,False
1184036,JPX-SIMP,134770,False
1184036,JPX-SIMP,134768,False
1184036,JPX-SIMP,134766,False
1184036,JPX-XAG,135804,False
1184036,JPX-XAG,135803,False
1184036,JPX-XAG,135802,False
1184036,JPX-XAG,135801,False
1184036,JPX-XAG,135800,False
1184036,JPX-XAG,135799,False
1184036,JPX-XAG,135798,False
1184036,JPX-XAG,135797,False
1184036,JPX-XAG,135796,False
1184036,JPX-XAG,135795,False
1184131,JPX-ETFSH,128074,False
1184131,JPX-ETFSH,128071,False
1184131,JPX-ETFSH,128069,False
1184131,JPX-ETFSH,128068,False
1184131,JPX-ETFSH,128077,False
1184131,JPX-ETFSH,128072,False
1184131,JPX-ETFSH,128075,False
1184132,JPX-ETFSH,128076,False
1184132,JPX-ETFSH,128070,False
1184132,JPX-ETFSH,128073,False
1184132,JPX-CARD,138839,False
1184132,JPX-CARD,138837,False
1184132,JPX-CARD,138835,False
1184132,JPX-CARD,138834,False
1184132,JPX-CARD,138832,False
1184132,JPX-CARD,138831,False
1184132,JPX-CARD,138833,False
1184132,JPX-CARD,138836,False
1184132,JPX-CARD,138830,False
1184132,JPX-CARD,138838,False
1184132,JPX-GOLD,139944,False
1184132,JPX-GOLD,139942,False
1184132,JPX-GOLD,139940,False
1184132,JPX-GOLD,139938,False
1184132,JPX-GOLD,139936,False
1184132,JPX-GOLD,139943,False
1184132,JPX-GOLD,139945,False
1184132,JPX-GOLD,139941,False
1184132,JPX-GOLD,139939,False
1184132,JPX-GOLD,139937,False
1184132,JPX-HT,135953,False
1184132,JPX-HT,135952,False
1184132,JPX-HT,135951,False
1184132,JPX-HT,135950,False
1184132,JPX-HT,135949,False
1184132,JPX-HT,135948,False
1184132,JPX-HT,135947,False
1184132,JPX-HT,135946,False
1184132,JPX-HT,135945,False
1184133,JPX-HT,135944,False
1184133,JPX-JNAF,135485,False
1184133,JPX-JNAF,135484,False
1184133,JPX-JNAF,135483,False
1184133,JPX-JNAF,135482,False
1184133,JPX-JNAF,135481,False
1184133,JPX-JNAF,135480,False
1184133,JPX-JNAF,135479,False
1184133,JPX-JNAF,135478,False
1184133,JPX-JNAF,135477,False
1184133,JPX-JNAF,135476,False
1184133,JPX-KTST,134385,False
1184133,JPX-KTST,134383,False
1184133,JPX-KTST,134379,False
1184133,JPX-KTST,134377,False
1184133,JPX-KTST,134380,False
1184133,JPX-KTST,134386,False
1184133,JPX-KTST,134378,False
1184134,JPX-KTST,134382,False
1184134,JPX-KTST,134381,False
1184134,JPX-KTST,134384,False
1184134,JPX-SIMP,134784,False
1184134,JPX-SIMP,134782,False
1184134,JPX-SIMP,134781,False
1184134,JPX-SIMP,134780,False
1184134,JPX-SIMP,134779,False
1184134,JPX-SIMP,134777,False
1184134,JPX-SIMP,134783,False
1184134,JPX-SIMP,134778,False
1184134,JPX-SIMP,134776,False
1184134,JPX-SIMP,134785,False
1184134,JPX-XAG,135815,False
1184134,JPX-XAG,135814,False
1184134,JPX-XAG,135813,False
1184134,JPX-XAG,135812,False
1184134,JPX-XAG,135811,False
1184134,JPX-XAG,135810,False
1184134,JPX-XAG,135809,False
1184134,JPX-XAG,135808,False
1184134,JPX-XAG,135807,False
1184134,JPX-XAG,135806,False
1184140,JPX-KTST,134399,False
1184140,JPX-GOLD,139956,False
1184231,JPX-ETFSH,128088,False
1184231,JPX-ETFSH,128085,False
1184231,JPX-ETFSH,128082,False
1184231,JPX-ETFSH,128081,False
1184231,JPX-ETFSH,128079,False
1184231,JPX-ETFSH,128084,False
1184231,JPX-ETFSH,128086,False
1184232,JPX-ETFSH,128083,False
1184232,JPX-ETFSH,128087,False
1184233,JPX-CARD,138850,False
1184233,JPX-CARD,138849,False
1184233,JPX-CARD,138848,False
1184233,JPX-CARD,138847,False
1184233,JPX-CARD,138846,False
1184233,JPX-CARD,138845,False
1184233,JPX-CARD,138844,False
1184233,JPX-CARD,138843,False
1184233,JPX-CARD,138842,False
1184233,JPX-CARD,138841,False
1184233,JPX-GOLD,139955,False
1184233,JPX-GOLD,139954,False
1184233,JPX-GOLD,139953,False
1184233,JPX-GOLD,139950,False
1184233,JPX-GOLD,139948,False
1184233,JPX-GOLD,139946,False
1184233,JPX-GOLD,139951,False
1184233,JPX-GOLD,139949,False
1184233,JPX-GOLD,139947,False
1184233,JPX-GOLD,139952,False
1184233,JPX-HT,135963,False
1184233,JPX-HT,135962,False
1184233,JPX-HT,135960,False
1184233,JPX-HT,135959,False
1184233,JPX-HT,135958,False
1184233,JPX-HT,135957,False
1184233,JPX-HT,135956,False
1184233,JPX-HT,135955,False
1184233,JPX-HT,135954,False
1184233,JPX-HT,135961,False
1184234,JPX-JNAF,135495,False
1184234,JPX-JNAF,135494,False
1184234,JPX-JNAF,135493,False
1184234,JPX-JNAF,135492,False
1184234,JPX-JNAF,135491,False
1184234,JPX-JNAF,135489,False
1184234,JPX-JNAF,135488,False
1184234,JPX-JNAF,135487,False
1184234,JPX-JNAF,135496,False
1184234,JPX-JNAF,135490,False
1184234,JPX-KTST,134397,False
1184234,JPX-KTST,134395,False
1184234,JPX-KTST,134393,False
1184234,JPX-KTST,134391,False
1184234,JPX-KTST,134389,False
1184235,JPX-KTST,134390,False
1184235,JPX-KTST,134388,False
1184235,JPX-KTST,134392,False
1184235,JPX-KTST,134396,False
1184235,JPX-KTST,134394,False
1184235,JPX-SIMP,134795,False
1184235,JPX-SIMP,134793,False
1184235,JPX-SIMP,134792,False
1184235,JPX-SIMP,134790,False
1184235,JPX-SIMP,134788,False
1184235,JPX-SIMP,134786,False
1184235,JPX-SIMP,134791,False
1184235,JPX-SIMP,134789,False
1184235,JPX-SIMP,134787,False
1184235,JPX-SIMP,134794,False
1184235,JPX-XAG,135825,False
1184235,JPX-XAG,135824,False
1184235,JPX-XAG,135823,False
1184235,JPX-XAG,135822,False
1184235,JPX-XAG,135821,False
1184235,JPX-XAG,135820,False
1184235,JPX-XAG,135819,False
1184235,JPX-XAG,135818,False
1184235,JPX-XAG,135817,False
1184235,JPX-XAG,135816,False
1184235,JPX-GOLD,139967,False
1184235,JPX-KTST,134410,False
1184235,JPX-XAG,135838,False
1184320,JPX-GOLD,139969,False
1184320,JPX-CARD,138863,False
1184331,JPX-ETFSH,128099,False
1184331,JPX-ETFSH,128097,False
1184331,JPX-ETFSH,128094,False
1184331,JPX-ETFSH,128093,False
1184331,JPX-ETFSH,128092,False
1184331,JPX-ETFSH,128091,False
1184331,JPX-ETFSH,128095,False
1184331,JPX-ETFSH,128100,False
1184332,JPX-ETFSH,128096,False
1184332,JPX-ETFSH,128098,False
1184333,JPX-CARD,138861,False
1184333,JPX-CARD,138860,False
1184333,JPX-CARD,138859,False
1184333,JPX-CARD,138858,False
1184333,JPX-CARD,138857,False
1184333,JPX-CARD,138856,False
1184333,JPX-CARD,138855,False
1184333,JPX-CARD,138854,False
1184333,JPX-CARD,138853,False
1184333,JPX-CARD,138852,False
1184333,JPX-GOLD,139966,False
1184333,JPX-GOLD,139965,False
1184333,JPX-GOLD,139964,False
1184333,JPX-GOLD,139961,False
1184333,JPX-GOLD,139960,False
1184333,JPX-GOLD,139959,False
1184333,JPX-GOLD,139958,False
1184333,JPX-GOLD,139957,False
1184333,JPX-GOLD,139963,False
1184333,JPX-GOLD,139962,False
1184333,JPX-HT,135974,False
1184333,JPX-HT,135973,False
1184333,JPX-HT,135972,False
1184333,JPX-HT,135971,False
1184333,JPX-HT,135970,False
1184333,JPX-HT,135969,False
1184333,JPX-HT,135968,False
1184333,JPX-HT,135966,False
1184333,JPX-HT,135965,False
1184333,JPX-HT,135967,False
1184334,JPX-JNAF,135506,False
1184334,JPX-JNAF,135505,False
1184334,JPX-JNAF,135504,False
1184334,JPX-JNAF,135503,False
1184334,JPX-JNAF,135501,False
1184334,JPX-JNAF,135500,False
1184334,JPX-JNAF,135499,False
1184334,JPX-JNAF,135498,False
1184334,JPX-JNAF,135497,False
1184334,JPX-JNAF,135502,False
1184334,JPX-KTST,134408,False
1184334,JPX-KTST,134405,False
1184334,JPX-KTST,134403,False
1184334,JPX-KTST,134401,False
1184334,JPX-KTST,134407,False
1184335,JPX-KTST,134400,False
1184335,JPX-KTST,134402,False
1184335,JPX-KTST,134404,False
1184335,JPX-KTST,134406,False
1184335,JPX-KTST,134409,False
1184335,JPX-SIMP,134804,False
1184335,JPX-SIMP,134802,False
1184335,JPX-SIMP,134800,False
1184335,JPX-SIMP,134798,False
1184335,JPX-SIMP,134805,False
1184335,JPX-SIMP,134797,False
1184335,JPX-SIMP,134801,False
1184335,JPX-SIMP,134799,False
1184335,JPX-SIMP,134803,False
1184335,JPX-SIMP,134796,False
1184335,JPX-XAG,135837,False
1184335,JPX-XAG,135836,False
1184335,JPX-XAG,135835,False
1184335,JPX-XAG,135834,False
1184335,JPX-XAG,135833,False
1184335,JPX-XAG,135832,False
1184335,JPX-XAG,135831,False
1184335,JPX-XAG,135830,False
1184335,JPX-XAG,135829,False
1184335,JPX-XAG,135828,False
1184337,JPX-KTST,134422,False
1184354,JPX-ETFSH,128112,False
1184354,JPX-XAG,135851,False
1184395,JPX-ETFSH,128113,False
1184431,JPX-ETFSH,128110,False
1184431,JPX-ETFSH,128108,False
1184431,JPX-ETFSH,128104,False
1184431,JPX-ETFSH,128101,False
1184431,JPX-ETFSH,128106,False
1184431,JPX-ETFSH,128109,False
1184432,JPX-ETFSH,128103,False
1184432,JPX-ETFSH,128102,False
1184432,JPX-ETFSH,128107,False
1184432,JPX-ETFSH,128105,False
1184433,JPX-CARD,138873,False
1184433,JPX-CARD,138872,False
1184433,JPX-CARD,138870,False
1184433,JPX-CARD,138868,False
1184433,JPX-CARD,138867,False
1184433,JPX-CARD,138865,False
1184433,JPX-CARD,138866,False
1184433,JPX-CARD,138871,False
1184433,JPX-CARD,138864,False
1184433,JPX-CARD,138869,False
1184433,JPX-GOLD,139979,False
1184433,JPX-GOLD,139977,False
1184433,JPX-GOLD,139975,False
1184433,JPX-GOLD,139974,False
1184433,JPX-GOLD,139972,False
1184433,JPX-GOLD,139971,False
1184433,JPX-GOLD,139973,False
1184433,JPX-GOLD,139976,False
1184433,JPX-GOLD,139980,False
1184433,JPX-GOLD,139978,False
1184433,JPX-HT,135984,False
1184433,JPX-HT,135982,False
1184433,JPX-HT,135980,False
1184433,JPX-HT,135978,False
1184433,JPX-HT,135977,False
1184433,JPX-HT,135976,False
1184433,JPX-HT,135975,False
1184433,JPX-HT,135979,False
1184433,JPX-HT,135983,False
1184433,JPX-HT,135981,False
1184434,JPX-JNAF,135516,False
1184434,JPX-JNAF,135515,False
1184434,JPX-JNAF,135513,False
1184434,JPX-JNAF,135512,False
1184434,JPX-JNAF,135511,False
1184434,JPX-JNAF,135510,False
1184434,JPX-JNAF,135509,False
1184434,JPX-JNAF,135508,False
1184434,JPX-JNAF,135507,False
1184434,JPX-JNAF,135514,False
1184434,JPX-KTST,134420,False
1184434,JPX-KTST,134418,False
1184434,JPX-KTST,134415,False
1184434,JPX-KTST,134413,False
1184434,JPX-KTST,134421,False
1184435,JPX-KTST,134417,False
1184435,JPX-KTST,134419,False
1184435,JPX-KTST,134412,False
1184435,JPX-KTST,134414,False
1184435,JPX-KTST,134416,False
1184435,JPX-SIMP,134812,False
1184435,JPX-SIMP,134810,False
1184435,JPX-SIMP,134808,False
1184435,JPX-SIMP,134806,False
1184435,JPX-SIMP,134814,False
1184435,JPX-SIMP,134815,False
1184435,JPX-SIMP,134807,False
1184435,JPX-SIMP,134809,False
1184435,JPX-SIMP,134811,False
1184435,JPX-SIMP,134813,False
1184435,JPX-XAG,135849,False
1184435,JPX-XAG,135848,False
1184435,JPX-XAG,135847,False
1184435,JPX-XAG,135846,False
1184435,JPX-XAG,135845,False
1184435,JPX-XAG,135844,False
1184435,JPX-XAG,135843,False
1184435,JPX-XAG,135842,False
1184435,JPX-XAG,135841,False
1184435,JPX-XAG,135840,False
1184451,JPX-XAG,135862,False
1184451,JPX-GOLD,139994,False
1184451,JPX-HT,135995,False
1184451,JPX-CARD,138884,False
1184451,JPX-KTST,134434,False
1184451,JPX-GOLD,139995,False
1184452,JPX-CARD,138885,False
1184531,JPX-ETFSH,128123,False
1184531,JPX-ETFSH,128122,False
1184531,JPX-ETFSH,128119,False
1184531,JPX-ETFSH,128118,False
1184531,JPX-ETFSH,128117,False
1184531,JPX-ETFSH,128114,False
1184531,JPX-ETFSH,128121,False
1184532,JPX-ETFSH,128115,False
1184532,JPX-ETFSH,128116,False
1184532,JPX-ETFSH,128120,False
1184532,JPX-CARD,138882,False
1184532,JPX-CARD,138877,False
1184532,JPX-CARD,138876,False
1184532,JPX-CARD,138875,False
1184532,JPX-CARD,138874,False
1184532,JPX-CARD,138880,False
1184532,JPX-CARD,138878,False
1184532,JPX-CARD,138883,False
1184532,JPX-CARD,138879,False
1184532,JPX-CARD,138881,False
1184532,JPX-GOLD,139993,False
1184532,JPX-GOLD,139991,False
1184532,JPX-GOLD,139989,False
1184532,JPX-GOLD,139987,False
1184532,JPX-GOLD,139985,False
1184532,JPX-GOLD,139988,False
1184532,JPX-GOLD,139986,False
1184532,JPX-GOLD,139984,False
1184532,JPX-GOLD,139992,False
1184532,JPX-GOLD,139990,False
1184533,JPX-HT,135992,False
1184533,JPX-HT,135990,False
1184533,JPX-HT,135988,False
1184533,JPX-HT,135986,False
1184533,JPX-HT,135985,False
1184533,JPX-HT,135994,False
1184533,JPX-HT,135991,False
1184533,JPX-HT,135989,False
1184533,JPX-HT,135993,False
1184533,JPX-HT,135987,False
1184533,JPX-JNAF,135526,False
1184533,JPX-JNAF,135525,False
1184533,JPX-JNAF,135524,False
1184533,JPX-JNAF,135523,False
1184533,JPX-JNAF,135522,False
1184533,JPX-JNAF,135521,False
1184533,JPX-JNAF,135520,False
1184533,JPX-JNAF,135518,False
1184533,JPX-JNAF,135517,False
1184533,JPX-JNAF,135519,False
1184533,JPX-KTST,134433,False
1184533,JPX-KTST,134431,False
1184533,JPX-KTST,134425,False
1184534,JPX-KTST,134424,False
1184534,JPX-KTST,134429,False
1184534,JPX-KTST,134426,False
1184534,JPX-KTST,134427,False
1184534,JPX-KTST,134430,False
1184534,JPX-KTST,134428,False
1184534,JPX-KTST,134432,False
1184534,JPX-SIMP,134824,False
1184534,JPX-SIMP,134822,False
1184534,JPX-SIMP,134820,False
1184534,JPX-SIMP,134816,False
1184534,JPX-SIMP,134817,False
1184534,JPX-SIMP,134823,False
1184534,JPX-SIMP,134825,False
1184534,JPX-SIMP,134821,False
1184534,JPX-SIMP,134819,False
1184534,JPX-SIMP,134818,False
1184534,JPX-XAG,135860,False
1184534,JPX-XAG,135858,False
1184534,JPX-XAG,135857,False
1184534,JPX-XAG,135853,False
1184534,JPX-XAG,135852,False
1184534,JPX-XAG,135855,False
1184534,JPX-XAG,135859,False
1184534,JPX-XAG,135861,False
1184534,JPX-XAG,135856,False
1184534,JPX-XAG,135854,False
1184542,JPX-GOLD,140006,False
1184542,JPX-CARD,138896,False
1184542,JPX-KTST,134447,False
1184542,JPX-GOLD,140007,False
1184542,JPX-XAG,135874,False
1184631,JPX-ETFSH,128131,False
1184631,JPX-ETFSH,128129,False
1184631,JPX-ETFSH,128127,False
1184631,JPX-ETFSH,128125,False
1184631,JPX-ETFSH,128130,False
1184632,JPX-ETFSH,128134,False
1184632,JPX-ETFSH,128128,False
1184632,JPX-ETFSH,128132,False
1184633,JPX-ETFSH,128126,False
1184633,JPX-ETFSH,128133,False
1184633,JPX-CARD,138895,False
1184633,JPX-CARD,138894,False
1184633,JPX-CARD,138892,False
1184633,JPX-CARD,138890,False
1184633,JPX-CARD,138889,False
1184633,JPX-CARD,138886,False
1184633,JPX-CARD,138891,False
1184633,JPX-CARD,138893,False
1184633,JPX-CARD,138888,False
1184633,JPX-CARD,138887,False
1184633,JPX-GOLD,140005,False
1184633,JPX-GOLD,140001,False
1184633,JPX-GOLD,139999,False
1184633,JPX-GOLD,139997,False
1184633,JPX-GOLD,140003,False
1184633,JPX-GOLD,140004,False
1184633,JPX-GOLD,140002,False
1184633,JPX-GOLD,140000,False
1184633,JPX-GOLD,139998,False
1184633,JPX-GOLD,139996,False
1184633,JPX-HT,136004,False
1184633,JPX-HT,136002,False
1184633,JPX-HT,136000,False
1184633,JPX-HT,135998,False
1184633,JPX-HT,135996,False
1184634,JPX-HT,135997,False
1184634,JPX-HT,136005,False
1184634,JPX-HT,136003,False
1184634,JPX-HT,135999,False
1184634,JPX-HT,136001,False
1184634,JPX-JNAF,135537,False
1184634,JPX-JNAF,135536,False
1184634,JPX-JNAF,135535,False
1184634,JPX-JNAF,135534,False
1184634,JPX-JNAF,135533,False
1184634,JPX-JNAF,135532,False
1184634,JPX-JNAF,135530,False
1184634,JPX-JNAF,135529,False
1184634,JPX-JNAF,135528,False
1184634,JPX-JNAF,135531,False
1184635,JPX-KTST,134442,False
1184635,JPX-KTST,134440,False
1184635,JPX-KTST,134438,False
1184635,JPX-KTST,134444,False
1184635,JPX-KTST,134446,False
1184635,JPX-KTST,134437,False
1184635,JPX-KTST,134439,False
1184635,JPX-KTST,134445,False
1184635,JPX-KTST,134441,False
1184635,JPX-KTST,134443,False
1184635,JPX-SIMP,134834,False
1184635,JPX-SIMP,134833,False
1184635,JPX-SIMP,134832,False
1184635,JPX-SIMP,134831,False
1184635,JPX-SIMP,134830,False
1184635,JPX-SIMP,134829,False
1184635,JPX-SIMP,134827,False
1184635,JPX-SIMP,134826,False
1184635,JPX-SIMP,134835,False
1184635,JPX-SIMP,134828,False
1184636,JPX-XAG,135873,False
1184636,JPX-XAG,135872,False
1184636,JPX-XAG,135871,False
1184636,JPX-XAG,135870,False
1184636,JPX-XAG,135869,False
1184636,JPX-XAG,135868,False
1184636,JPX-XAG,135867,False
1184636,JPX-XAG,135865,False
1184636,JPX-XAG,135864,False
1184636,JPX-XAG,135866,False
1184652,JPX-CARD,138909,False
1184652,JPX-KTST,134461,False
1184652,JPX-GOLD,140019,False
1184652,JPX-XAG,135886,False
1184726,JPX-CARD,138910,False
1184726,JPX-KTST,134462,False
1184726,JPX-GOLD,140021,False
1184726,JPX-XAG,135888,False
1184731,JPX-ETFSH,128144,False
1184731,JPX-ETFSH,128143,False
1184731,JPX-ETFSH,128142,False
1184731,JPX-ETFSH,128138,False
1184731,JPX-ETFSH,128137,False
1184731,JPX-ETFSH,128139,False
1184732,JPX-ETFSH,128136,False
1184732,JPX-ETFSH,128145,False
1184732,JPX-ETFSH,128140,False
1184733,JPX-ETFSH,128141,False
1184733,JPX-CARD,138900,False
1184733,JPX-CARD,138907,False
1184733,JPX-CARD,138905,False
1184733,JPX-CARD,138903,False
1184733,JPX-CARD,138901,False
1184733,JPX-CARD,138908,False
1184733,JPX-CARD,138906,False
1184733,JPX-CARD,138902,False
1184733,JPX-CARD,138899,False
1184733,JPX-CARD,138904,False
1184733,JPX-GOLD,140017,False
1184733,JPX-GOLD,140015,False
1184733,JPX-GOLD,140014,False
1184733,JPX-GOLD,140013,False
1184733,JPX-GOLD,140012,False
1184733,JPX-GOLD,140011,False
1184733,JPX-GOLD,140010,False
1184733,JPX-GOLD,140009,False
1184733,JPX-GOLD,140008,False
1184733,JPX-GOLD,140016,False
1184733,JPX-HT,136015,False
1184733,JPX-HT,136013,False
1184733,JPX-HT,136011,False
1184733,JPX-HT,136010,False
1184733,JPX-HT,136009,False
1184733,JPX-HT,136008,False
1184733,JPX-HT,136007,False
1184733,JPX-HT,136006,False
1184734,JPX-HT,136014,False
1184734,JPX-HT,136012,False
1184734,JPX-JNAF,135548,False
1184734,JPX-JNAF,135547,False
1184734,JPX-JNAF,135546,False
1184734,JPX-JNAF,135545,False
1184734,JPX-JNAF,135544,False
1184734,JPX-JNAF,135543,False
1184734,JPX-JNAF,135542,False
1184734,JPX-JNAF,135541,False
1184734,JPX-JNAF,135539,False
1184735,JPX-JNAF,135540,False
1184735,JPX-KTST,134459,False
1184735,JPX-KTST,134450,False
1184735,JPX-KTST,134452,False
1184735,JPX-KTST,134454,False
1184735,JPX-KTST,134451,False
1184735,JPX-KTST,134453,False
1184735,JPX-KTST,134455,False
1184735,JPX-KTST,134457,False
1184735,JPX-KTST,134456,False
1184735,JPX-KTST,134458,False
1184735,JPX-SIMP,134847,False
1184735,JPX-SIMP,134845,False
1184735,JPX-SIMP,134844,False
1184735,JPX-SIMP,134843,False
1184735,JPX-SIMP,134842,False
1184735,JPX-SIMP,134841,False
1184736,JPX-SIMP,134840,False
1184736,JPX-SIMP,134839,False
1184736,JPX-SIMP,134846,False
1184736,JPX-SIMP,134848,False
1184736,JPX-XAG,135884,False
1184736,JPX-XAG,135883,False
1184736,JPX-XAG,135882,False
1184736,JPX-XAG,135881,False
1184736,JPX-XAG,135880,False
1184736,JPX-XAG,135879,False
1184736,JPX-XAG,135878,False
1184736,JPX-XAG,135876,False
1184736,JPX-XAG,135875,False
1184736,JPX-XAG,135877,False
1184760,JPX-CARD,138921,False
1184818,JPX-GOLD,140033,False
1184831,JPX-ETFSH,128151,False
1184831,JPX-ETFSH,128148,False
1184831,JPX-ETFSH,128146,False
1184831,JPX-ETFSH,128155,False
1184831,JPX-ETFSH,128153,False
1184831,JPX-ETFSH,128152,False
1184832,JPX-ETFSH,128149,False
1184832,JPX-ETFSH,128154,False
1184832,JPX-ETFSH,128147,False
1184832,JPX-ETFSH,128150,False
1184833,JPX-CARD,138920,False
1184833,JPX-CARD,138918,False
1184833,JPX-CARD,138917,False
1184833,JPX-CARD,138916,False
1184833,JPX-CARD,138914,False
1184833,JPX-CARD,138912,False
1184833,JPX-CARD,138911,False
1184833,JPX-CARD,138915,False
1184833,JPX-CARD,138913,False
1184833,JPX-CARD,138919,False
1184833,JPX-GOLD,140032,False
1184833,JPX-GOLD,140030,False
1184833,JPX-GOLD,140029,False
1184833,JPX-GOLD,140028,False
1184833,JPX-GOLD,140027,False
1184833,JPX-GOLD,140026,False
1184833,JPX-GOLD,140025,False
1184833,JPX-GOLD,140024,False
1184833,JPX-GOLD,140023,False
1184833,JPX-GOLD,140031,False
1184833,JPX-HT,136026,False
1184833,JPX-HT,136025,False
1184833,JPX-HT,136024,False
1184833,JPX-HT,136022,False
1184833,JPX-HT,136021,False
1184833,JPX-HT,136019,False
1184833,JPX-HT,136017,False
1184834,JPX-HT,136023,False
1184834,JPX-HT,136018,False
1184834,JPX-HT,136020,False
1184834,JPX-JNAF,135558,False
1184834,JPX-JNAF,135557,False
1184834,JPX-JNAF,135556,False
1184834,JPX-JNAF,135555,False
1184834,JPX-JNAF,135553,False
1184834,JPX-JNAF,135551,False
1184834,JPX-JNAF,135550,False
1184834,JPX-JNAF,135549,False
1184835,JPX-JNAF,135552,False
1184835,JPX-JNAF,135554,False
1184835,JPX-KTST,134473,False
1184835,JPX-KTST,134468,False
1184835,JPX-KTST,134466,False
1184835,JPX-KTST,134464,False
1184835,JPX-KTST,134465,False
1184835,JPX-KTST,134471,False
1184835,JPX-KTST,134470,False
1184835,JPX-KTST,134472,False
1184835,JPX-KTST,134469,False
1184835,JPX-KTST,134467,False
1184835,JPX-SIMP,134857,False
1184835,JPX-SIMP,134855,False
1184835,JPX-SIMP,134853,False
1184835,JPX-SIMP,134851,False
1184835,JPX-SIMP,134849,False
1184835,JPX-SIMP,134856,False
1184835,JPX-SIMP,134858,False
1184835,JPX-SIMP,134854,False
1184835,JPX-SIMP,134852,False
1184835,JPX-SIMP,134850,False
1184836,JPX-XAG,135898,False
1184836,JPX-XAG,135897,False
1184836,JPX-XAG,135896,False
1184836,JPX-XAG,135895,False
1184836,JPX-XAG,135894,False
1184836,JPX-XAG,135893,False
1184836,JPX-XAG,135892,False
1184836,JPX-XAG,135891,False
1184836,JPX-XAG,135890,False
1184836,JPX-XAG,135889,False
1184836,JPX-HT,136037,False
1184836,JPX-CARD,138932,False
1184836,JPX-KTST,134485,False
1184836,JPX-GOLD,140045,False
1184836,JPX-XAG,135910,False
1184931,JPX-ETFSH,128165,False
1184931,JPX-ETFSH,128163,False
1184931,JPX-ETFSH,128162,False
1184931,JPX-ETFSH,128161,False
1184931,JPX-ETFSH,128160,False
1184931,JPX-ETFSH,128157,False
1184931,JPX-ETFSH,128158,False
1184932,JPX-ETFSH,128156,False
1184932,JPX-ETFSH,128159,False
1184932,JPX-ETFSH,128164,False
1184933,JPX-CARD,138931,False
1184933,JPX-CARD,138929,False
1184933,JPX-CARD,138928,False
1184933,JPX-CARD,138926,False
1184933,JPX-CARD,138924,False
1184933,JPX-CARD,138922,False
1184933,JPX-CARD,138930,False
1184933,JPX-CARD,138927,False
1184933,JPX-CARD,138925,False
1184933,JPX-CARD,138923,False
1184933,JPX-GOLD,140043,False
1184933,JPX-GOLD,140041,False
1184933,JPX-GOLD,140036,False
1184934,JPX-GOLD,140035,False
1184934,JPX-GOLD,140034,False
1184934,JPX-GOLD,140042,False
1184934,JPX-GOLD,140037,False
1184934,JPX-GOLD,140039,False
1184934,JPX-GOLD,140038,False
1184934,JPX-GOLD,140040,False
1184934,JPX-HT,136036,False
1184934,JPX-HT,136035,False
1184934,JPX-HT,136034,False
1184934,JPX-HT,136033,False
1184934,JPX-HT,136032,False
1184934,JPX-HT,136031,False
1184934,JPX-HT,136030,False
1184934,JPX-HT,136029,False
1184934,JPX-HT,136028,False
1184934,JPX-HT,136027,False
1184934,JPX-JNAF,135568,False
1184934,JPX-JNAF,135564,False
1184934,JPX-JNAF,135563,False
1184934,JPX-JNAF,135562,False
1184934,JPX-JNAF,135561,False
1184934,JPX-JNAF,135559,False
1184934,JPX-JNAF,135566,False
1184934,JPX-JNAF,135560,False
1184935,JPX-JNAF,135565,False
1184935,JPX-JNAF,135567,False
1184935,JPX-KTST,134483,False
1184935,JPX-KTST,134482,False
1184935,JPX-KTST,134480,False
1184935,JPX-KTST,134479,False
1184935,JPX-KTST,134477,False
1184935,JPX-KTST,134475,False
1184935,JPX-KTST,134474,False
1184935,JPX-KTST,134476,False
1184935,JPX-KTST,134478,False
1184935,JPX-KTST,134481,False
1184935,JPX-SIMP,134868,False
1184936,JPX-SIMP,134867,False
1184936,JPX-SIMP,134866,False
1184936,JPX-SIMP,134863,False
1184936,JPX-SIMP,134861,False
1184936,JPX-SIMP,134859,False
1184936,JPX-SIMP,134864,False
1184936,JPX-SIMP,134862,False
1184936,JPX-SIMP,134860,False
1184936,JPX-SIMP,134865,False
1184936,JPX-XAG,135908,False
1184936,JPX-XAG,135907,False
1184936,JPX-XAG,135906,False
1184936,JPX-XAG,135905,False
1184936,JPX-XAG,135904,False
1184936,JPX-XAG,135903,False
1184936,JPX-XAG,135902,False
1184936,JPX-XAG,135901,False
1184936,JPX-XAG,135900,False
1184936,JPX-XAG,135899,False
1184938,JPX-XAG,135921,False
1184938,JPX-CARD,138945,False
1184938,JPX-KTST,134496,False
1184938,JPX-GOLD,140057,False
1185031,JPX-ETFSH,128175,False
1185031,JPX-ETFSH,128173,False
1185031,JPX-ETFSH,128172,False
1185031,JPX-ETFSH,128171,False
1185031,JPX-ETFSH,128170,False
1185031,JPX-ETFSH,128169,False
1185031,JPX-ETFSH,128168,False
1185031,JPX-ETFSH,128167,False
1185031,JPX-ETFSH,128166,False
1185031,JPX-ETFSH,128174,False
1185033,JPX-CARD,138943,False
1185033,JPX-CARD,138941,False
1185033,JPX-CARD,138939,False
1185033,JPX-CARD,138937,False
1185033,JPX-CARD,138935,False
1185033,JPX-CARD,138942,False
1185033,JPX-CARD,138940,False
1185033,JPX-CARD,138938,False
1185033,JPX-CARD,138936,False
1185033,JPX-CARD,138934,False
1185033,JPX-GOLD,140054,False
1185033,JPX-GOLD,140052,False
1185033,JPX-GOLD,140050,False
1185033,JPX-GOLD,140048,False
1185033,JPX-GOLD,140046,False
1185033,JPX-GOLD,140047,False
1185033,JPX-GOLD,140055,False
1185033,JPX-GOLD,140049,False
1185033,JPX-GOLD,140051,False
1185033,JPX-GOLD,140053,False
1185033,JPX-HT,136046,False
1185033,JPX-HT,136044,False
1185033,JPX-HT,136042,False
1185033,JPX-HT,136041,False
1185033,JPX-HT,136040,False
1185033,JPX-HT,136039,False
1185033,JPX-HT,136038,False
1185033,JPX-HT,136045,False
1185033,JPX-HT,136047,False
1185033,JPX-HT,136043,False
1185033,JPX-JNAF,135577,False
1185033,JPX-JNAF,135576,False
1185033,JPX-JNAF,135575,False
1185033,JPX-JNAF,135574,False
1185033,JPX-JNAF,135573,False
1185033,JPX-JNAF,135572,False
1185033,JPX-JNAF,135571,False
1185033,JPX-JNAF,135570,False
1185033,JPX-JNAF,135569,False
1185033,JPX-JNAF,135578,False
1185034,JPX-KTST,134494,False
1185034,JPX-KTST,134492,False
1185034,JPX-KTST,134490,False
1185034,JPX-KTST,134487,False
1185034,JPX-KTST,134489,False
1185034,JPX-KTST,134491,False
1185034,JPX-KTST,134486,False
1185034,JPX-KTST,134488,False
1185034,JPX-KTST,134493,False
1185034,JPX-KTST,134495,False
1185035,JPX-SIMP,134879,False
1185035,JPX-SIMP,134878,False
1185035,JPX-SIMP,134877,False
1185035,JPX-SIMP,134874,False
1185035,JPX-SIMP,134873,False
1185035,JPX-SIMP,134872,False
1185035,JPX-SIMP,134871,False
1185035,JPX-SIMP,134870,False
1185035,JPX-SIMP,134876,False
1185035,JPX-SIMP,134875,False
1185035,JPX-XAG,135920,False
1185035,JPX-XAG,135919,False
1185035,JPX-XAG,135918,False
1185035,JPX-XAG,135917,False
1185035,JPX-XAG,135916,False
1185035,JPX-XAG,135915,False
1185035,JPX-XAG,135914,False
1185035,JPX-XAG,135913,False
1185035,JPX-XAG,135912,False
1185035,JPX-XAG,135911,False
1185035,JPX-XAG,135934,False
1185035,JPX-CARD,138958,False
1185035,JPX-KTST,134508,False
1185035,JPX-GOLD,140069,False
1185131,JPX-ETFSH,128182,False
1185131,JPX-ETFSH,128180,False
1185131,JPX-ETFSH,128179,False
1185131,JPX-ETFSH,128176,False
1185131,JPX-ETFSH,128178,False
1185131,JPX-ETFSH,128185,False
1185131,JPX-ETFSH,128183,False
1185132,JPX-ETFSH,128184,False
1185133,JPX-ETFSH,128177,False
1185133,JPX-ETFSH,128181,False
1185133,JPX-CARD,138955,False
1185133,JPX-CARD,138953,False
1185133,JPX-CARD,138951,False
1185133,JPX-CARD,138950,False
1185133,JPX-CARD,138949,False
1185133,JPX-CARD,138948,False
1185133,JPX-CARD,138952,False
1185133,JPX-CARD,138956,False
1185133,JPX-CARD,138954,False
1185133,JPX-CARD,138947,False
1185134,JPX-GOLD,140063,False
1185134,JPX-GOLD,140061,False
1185134,JPX-GOLD,140059,False
1185134,JPX-GOLD,140058,False
1185134,JPX-GOLD,140065,False
1185134,JPX-GOLD,140067,False
1185134,JPX-GOLD,140066,False
1185134,JPX-GOLD,140060,False
1185134,JPX-GOLD,140062,False
1185134,JPX-GOLD,140064,False
1185134,JPX-HT,136057,False
1185134,JPX-HT,136056,False
1185134,JPX-HT,136055,False
1185134,JPX-HT,136054,False
1185134,JPX-HT,136051,False
1185134,JPX-HT,136049,False
1185134,JPX-HT,136053,False
1185134,JPX-HT,136048,False
1185134,JPX-HT,136052,False
1185134,JPX-HT,136050,False
1185134,JPX-JNAF,135588,False
1185134,JPX-JNAF,135587,False
1185134,JPX-JNAF,135586,False
1185134,JPX-JNAF,135585,False
1185134,JPX-JNAF,135584,False
1185134,JPX-JNAF,135583,False
1185134,JPX-JNAF,135582,False
1185134,JPX-JNAF,135581,False
1185134,JPX-JNAF,135580,False
1185134,JPX-JNAF,135579,False
1185135,JPX-KTST,134501,False
1185135,JPX-KTST,134499,False
1185135,JPX-KTST,134503,False
1185135,JPX-KTST,134498,False
1185135,JPX-KTST,134500,False
1185135,JPX-KTST,134502,False
1185135,JPX-KTST,134504,False
1185135,JPX-KTST,134506,False
1185135,JPX-KTST,134505,False
1185135,JPX-KTST,134507,False
1185136,JPX-SIMP,134888,False
1185136,JPX-SIMP,134887,False
1185136,JPX-SIMP,134885,False
1185136,JPX-SIMP,134884,False
1185136,JPX-SIMP,134883,False
1185136,JPX-SIMP,134882,False
1185136,JPX-SIMP,134881,False
1185136,JPX-SIMP,134880,False
1185136,JPX-SIMP,134886,False
1185136,JPX-SIMP,134889,False
1185136,JPX-XAG,135932,False
1185136,JPX-XAG,135931,False
1185136,JPX-XAG,135930,False
1185136,JPX-XAG,135929,False
1185136,JPX-XAG,135928,False
1185136,JPX-XAG,135927,False
1185136,JPX-XAG,135926,False
1185136,JPX-XAG,135925,False
1185136,JPX-XAG,135924,False
1185136,JPX-XAG,135933,False
1185146,JPX-XAG,135946,False
1185146,JPX-CARD,138969,False
1185146,JPX-KTST,134521,False
1185146,JPX-GOLD,140082,False
1185231,JPX-ETFSH,128192,False
1185231,JPX-ETFSH,128190,False
1185231,JPX-ETFSH,128186,False
1185231,JPX-ETFSH,128193,False
1185232,JPX-ETFSH,128188,False
1185232,JPX-ETFSH,128194,False
1185232,JPX-ETFSH,128187,False
1185232,JPX-ETFSH,128191,False
1185232,JPX-ETFSH,128189,False
1185233,JPX-ETFSH,128195,False
1185233,JPX-CARD,138968,False
1185233,JPX-CARD,138967,False
1185233,JPX-CARD,138966,False
1185233,JPX-CARD,138964,False
1185233,JPX-CARD,138962,False
1185233,JPX-CARD,138961,False
1185233,JPX-CARD,138960,False
1185233,JPX-CARD,138959,False
1185233,JPX-CARD,138965,False
1185233,JPX-CARD,138963,False
1185233,JPX-GOLD,140078,False
1185233,JPX-GOLD,140080,False
1185233,JPX-GOLD,140073,False
1185233,JPX-GOLD,140071,False
1185233,JPX-GOLD,140077,False
1185233,JPX-GOLD,140079,False
1185233,JPX-GOLD,140075,False
1185233,JPX-GOLD,140072,False
1185233,JPX-GOLD,140074,False
1185233,JPX-GOLD,140076,False
1185233,JPX-HT,136067,False
1185233,JPX-HT,136065,False
1185233,JPX-HT,136064,False
1185233,JPX-HT,136062,False
1185233,JPX-HT,136060,False
1185233,JPX-HT,136058,False
1185233,JPX-HT,136061,False
1185233,JPX-HT,136066,False
1185233,JPX-HT,136063,False
1185233,JPX-HT,136059,False
1185234,JPX-JNAF,135599,False
1185234,JPX-JNAF,135597,False
1185234,JPX-JNAF,135596,False
1185234,JPX-JNAF,135595,False
1185234,JPX-JNAF,135593,False
1185234,JPX-JNAF,135592,False
1185234,JPX-JNAF,135591,False
1185234,JPX-JNAF,135590,False
1185234,JPX-JNAF,135598,False
1185234,JPX-JNAF,135594,False
1185235,JPX-KTST,134519,False
1185235,JPX-KTST,134517,False
1185235,JPX-KTST,134515,False
1185235,JPX-KTST,134513,False
1185235,JPX-KTST,134511,False
1185235,JPX-KTST,134520,False
1185235,JPX-KTST,134518,False
1185235,JPX-KTST,134512,False
1185235,JPX-KTST,134514,False
1185235,JPX-KTST,134516,False
1185235,JPX-SIMP,134900,False
1185235,JPX-SIMP,134898,False
1185235,JPX-SIMP,134896,False
1185235,JPX-SIMP,134894,False
1185235,JPX-SIMP,134892,False
1185235,JPX-SIMP,134899,False
1185235,JPX-SIMP,134897,False
1185235,JPX-SIMP,134895,False
1185235,JPX-SIMP,134893,False
1185235,JPX-SIMP,134891,False
1185235,JPX-XAG,135945,False
1185235,JPX-XAG,135943,False
1185235,JPX-XAG,135942,False
1185235,JPX-XAG,135941,False
1185235,JPX-XAG,135940,False
1185235,JPX-XAG,135939,False
1185236,JPX-XAG,135937,False
1185236,JPX-XAG,135936,False
1185236,JPX-XAG,135944,False
1185236,JPX-XAG,135938,False
1185251,JPX-CARD,138981,False
1185251,JPX-KTST,134532,False
1185251,JPX-GOLD,140094,False
1185251,JPX-XAG,135959,False
1185267,JPX-XAG,135960,False
1185326,JPX-GOLD,140095,False
1185326,JPX-XAG,135961,False
1185331,JPX-ETFSH,128206,False
1185331,JPX-ETFSH,128202,False
1185331,JPX-ETFSH,128204,False
1185331,JPX-ETFSH,128201,False
1185332,JPX-ETFSH,128203,False
1185332,JPX-ETFSH,128205,False
1185332,JPX-ETFSH,128198,False
1185332,JPX-ETFSH,128200,False
1185332,JPX-ETFSH,128199,False
1185333,JPX-CARD,138979,False
1185333,JPX-CARD,138977,False
1185333,JPX-CARD,138975,False
1185333,JPX-CARD,138973,False
1185333,JPX-CARD,138972,False
1185333,JPX-CARD,138971,False
1185333,JPX-CARD,138980,False
1185333,JPX-CARD,138978,False
1185333,JPX-CARD,138974,False
1185333,JPX-CARD,138976,False
1185333,JPX-GOLD,140091,False
1185333,JPX-GOLD,140090,False
1185333,JPX-GOLD,140088,False
1185333,JPX-GOLD,140086,False
1185333,JPX-GOLD,140084,False
1185333,JPX-GOLD,140089,False
1185333,JPX-GOLD,140083,False
1185333,JPX-GOLD,140087,False
1185333,JPX-GOLD,140085,False
1185333,JPX-GOLD,140092,False
1185333,JPX-HT,136076,False
1185333,JPX-HT,136075,False
1185333,JPX-HT,136073,False
1185333,JPX-HT,136071,False
1185333,JPX-HT,136069,False
1185333,JPX-HT,136077,False
1185333,JPX-HT,136068,False
1185333,JPX-HT,136070,False
1185333,JPX-HT,136072,False
1185333,JPX-HT,136074,False
1185333,JPX-JNAF,135607,False
1185333,JPX-JNAF,135605,False
1185333,JPX-JNAF,135604,False
1185334,JPX-JNAF,135603,False
1185334,JPX-JNAF,135602,False
1185334,JPX-JNAF,135601,False
1185334,JPX-JNAF,135600,False
1185334,JPX-JNAF,135609,False
1185334,JPX-JNAF,135608,False
1185334,JPX-JNAF,135606,False
1185334,JPX-KTST,134530,False
1185334,JPX-KTST,134529,False
1185334,JPX-KTST,134527,False
1185334,JPX-KTST,134525,False
1185334,JPX-KTST,134523,False
1185335,JPX-KTST,134531,False
1185335,JPX-KTST,134528,False
1185335,JPX-KTST,134522,False
1185335,JPX-KTST,134524,False
1185335,JPX-KTST,134526,False
1185335,JPX-SIMP,134910,False
1185335,JPX-SIMP,134908,False
1185335,JPX-SIMP,134906,False
1185335,JPX-SIMP,134904,False
1185335,JPX-SIMP,134902,False
1185335,JPX-SIMP,134901,False
1185335,JPX-SIMP,134905,False
1185335,JPX-SIMP,134903,False
1185335,JPX-SIMP,134907,False
1185335,JPX-SIMP,134909,False
1185335,JPX-XAG,135957,False
1185335,JPX-XAG,135956,False
1185335,JPX-XAG,135955,False
1185335,JPX-XAG,135954,False
1185335,JPX-XAG,135953,False
1185335,JPX-XAG,135952,False
1185335,JPX-XAG,135951,False
1185335,JPX-XAG,135950,False
1185335,JPX-XAG,135949,False
1185335,JPX-XAG,135948,False
1185342,JPX-GOLD,140106,False
1185342,JPX-CARD,138994,False
1185342,JPX-KTST,134545,False
1185431,JPX-ETFSH,128210,False
1185431,JPX-ETFSH,128209,False
1185431,JPX-ETFSH,128208,False
1185431,JPX-ETFSH,128217,False
1185431,JPX-ETFSH,128215,False
1185431,JPX-ETFSH,128216,False
1185432,JPX-ETFSH,128214,False
1185432,JPX-ETFSH,128211,False
1185432,JPX-ETFSH,128213,False
1185432,JPX-ETFSH,128212,False
1185433,JPX-CARD,138992,False
1185433,JPX-CARD,138991,False
1185433,JPX-CARD,138990,False
1185433,JPX-CARD,138989,False
1185433,JPX-CARD,138988,False
1185433,JPX-CARD,138987,False
1185433,JPX-CARD,138986,False
1185433,JPX-CARD,138985,False
1185433,JPX-CARD,138984,False
1185433,JPX-CARD,138993,False
1185433,JPX-GOLD,140104,False
1185433,JPX-GOLD,140103,False
1185433,JPX-GOLD,140101,False
1185433,JPX-GOLD,140099,False
1185433,JPX-GOLD,140097,False
1185433,JPX-GOLD,140105,False
1185433,JPX-GOLD,140102,False
1185433,JPX-GOLD,140096,False
1185433,JPX-GOLD,140098,False
1185433,JPX-GOLD,140100,False
1185433,JPX-HT,136086,False
1185433,JPX-HT,136085,False
1185433,JPX-HT,136083,False
1185433,JPX-HT,136080,False
1185433,JPX-HT,136078,False
1185433,JPX-HT,136084,False
1185433,JPX-HT,136087,False
1185433,JPX-HT,136082,False
1185433,JPX-HT,136079,False
1185433,JPX-HT,136081,False
1185433,JPX-JNAF,135619,False
1185433,JPX-JNAF,135618,False
1185433,JPX-JNAF,135617,False
1185433,JPX-JNAF,135616,False
1185433,JPX-JNAF,135615,False
1185433,JPX-JNAF,135614,False
1185433,JPX-JNAF,135613,False
1185433,JPX-JNAF,135612,False
1185433,JPX-JNAF,135611,False
1185434,JPX-JNAF,135620,False
1185434,JPX-KTST,134543,False
1185434,JPX-KTST,134541,False
1185434,JPX-KTST,134539,False
1185434,JPX-KTST,134537,False
1185434,JPX-KTST,134535,False
1185434,JPX-KTST,134534,False
1185434,JPX-KTST,134536,False
1185435,JPX-KTST,134538,False
1185435,JPX-KTST,134540,False
1185435,JPX-KTST,134542,False
1185435,JPX-SIMP,134920,False
1185435,JPX-SIMP,134919,False
1185435,JPX-SIMP,134918,False
1185435,JPX-SIMP,134914,False
1185435,JPX-SIMP,134912,False
1185435,JPX-SIMP,134916,False
1185435,JPX-SIMP,134917,False
1185435,JPX-SIMP,134915,False
1185435,JPX-SIMP,134913,False
1185435,JPX-SIMP,134911,False
1185435,JPX-XAG,135972,False
1185435,JPX-XAG,135971,False
1185435,JPX-XAG,135970,False
1185435,JPX-XAG,135969,False
1185435,JPX-XAG,135968,False
1185435,JPX-XAG,135966,False
1185435,JPX-XAG,135965,False
1185435,JPX-XAG,135964,False
1185435,JPX-XAG,135963,False
1185435,JPX-XAG,135967,False
1185435,JPX-CARD,139006,False
1185435,JPX-KTST,134557,False
1185435,JPX-GOLD,140119,False
1185531,JPX-ETFSH,128226,False
1185531,JPX-ETFSH,128224,False
1185531,JPX-ETFSH,128223,False
1185531,JPX-ETFSH,128222,False
1185531,JPX-ETFSH,128221,False
1185531,JPX-ETFSH,128219,False
1185531,JPX-ETFSH,128218,False
1185531,JPX-ETFSH,128220,False
1185531,JPX-ETFSH,128225,False
1185532,JPX-ETFSH,128227,False
1185533,JPX-CARD,139005,False
1185533,JPX-CARD,139004,False
1185533,JPX-CARD,139003,False
1185533,JPX-CARD,139002,False
1185533,JPX-CARD,139001,False
1185533,JPX-CARD,139000,False
1185533,JPX-CARD,138998,False
1185533,JPX-CARD,138996,False
1185533,JPX-CARD,138999,False
1185533,JPX-CARD,138997,False
1185533,JPX-GOLD,140117,False
1185533,JPX-GOLD,140115,False
1185533,JPX-GOLD,140114,False
1185533,JPX-GOLD,140112,False
1185533,JPX-GOLD,140110,False
1185533,JPX-GOLD,140108,False
1185533,JPX-GOLD,140113,False
1185533,JPX-GOLD,140109,False
1185533,JPX-GOLD,140111,False
1185533,JPX-GOLD,140116,False
1185533,JPX-HT,136096,False
1185533,JPX-HT,136094,False
1185533,JPX-HT,136093,False
1185533,JPX-HT,136092,False
1185533,JPX-HT,136090,False
1185533,JPX-HT,136088,False
1185533,JPX-HT,136095,False
1185533,JPX-HT,136089,False
1185533,JPX-HT,136091,False
1185533,JPX-HT,136097,False
1185533,JPX-JNAF,135630,False
1185533,JPX-JNAF,135629,False
1185533,JPX-JNAF,135628,False
1185533,JPX-JNAF,135627,False
1185533,JPX-JNAF,135626,False
1185533,JPX-JNAF,135625,False
1185533,JPX-JNAF,135624,False
1185533,JPX-JNAF,135623,False
1185533,JPX-JNAF,135621,False
1185534,JPX-JNAF,135622,False
1185534,JPX-KTST,134555,False
1185534,JPX-KTST,134554,False
1185534,JPX-KTST,134553,False
1185534,JPX-KTST,134552,False
1185534,JPX-KTST,134551,False
1185534,JPX-KTST,134550,False
1185534,JPX-KTST,134549,False
1185534,JPX-KTST,134547,False
1185535,JPX-KTST,134546,False
1185535,JPX-KTST,134548,False
1185535,JPX-SIMP,134930,False
1185535,JPX-SIMP,134928,False
1185535,JPX-SIMP,134927,False
1185535,JPX-SIMP,134926,False
1185535,JPX-SIMP,134925,False
1185535,JPX-SIMP,134924,False
1185535,JPX-SIMP,134923,False
1185535,JPX-SIMP,134922,False
1185535,JPX-SIMP,134921,False
1185535,JPX-SIMP,134929,False
1185535,JPX-XAG,135984,False
1185535,JPX-XAG,135982,False
1185535,JPX-XAG,135980,False
1185535,JPX-XAG,135978,False
1185535,JPX-XAG,135977,False
1185535,JPX-XAG,135976,False
1185535,JPX-XAG,135975,False
1185535,JPX-XAG,135979,False
1185535,JPX-XAG,135983,False
1185535,JPX-XAG,135981,False
1185541,JPX-GOLD,140130,False
1185541,JPX-HT,136109,False
1185541,JPX-CARD,139017,False
1185541,JPX-KTST,134570,False
1185541,JPX-XAG,135997,False
1185631,JPX-ETFSH,128235,False
1185631,JPX-ETFSH,128233,False
1185631,JPX-ETFSH,128232,False
1185631,JPX-ETFSH,128231,False
1185631,JPX-ETFSH,128228,False
1185631,JPX-ETFSH,128236,False
1185631,JPX-ETFSH,128234,False
1185631,JPX-ETFSH,128229,False
1185632,JPX-ETFSH,128230,False
1185632,JPX-ETFSH,128237,False
1185633,JPX-CARD,139016,False
1185633,JPX-CARD,139015,False
1185633,JPX-CARD,139014,False
1185633,JPX-CARD,139013,False
1185633,JPX-CARD,139012,False
1185633,JPX-CARD,139011,False
1185633,JPX-CARD,139010,False
1185633,JPX-CARD,139009,False
1185633,JPX-CARD,139007,False
1185633,JPX-CARD,139008,False
1185633,JPX-GOLD,140129,False
1185633,JPX-GOLD,140128,False
1185633,JPX-GOLD,140127,False
1185633,JPX-GOLD,140126,False
1185633,JPX-GOLD,140125,False
1185633,JPX-GOLD,140124,False
1185633,JPX-GOLD,140123,False
1185633,JPX-GOLD,140122,False
1185633,JPX-GOLD,140121,False
1185633,JPX-GOLD,140120,False
1185633,JPX-HT,136107,False
1185633,JPX-HT,136106,False
1185633,JPX-HT,136104,False
1185633,JPX-HT,136102,False
1185633,JPX-HT,136100,False
1185633,JPX-HT,136103,False
1185633,JPX-HT,136099,False
1185633,JPX-HT,136108,False
1185633,JPX-HT,136101,False
1185633,JPX-HT,136105,False
1185633,JPX-JNAF,135640,False
1185633,JPX-JNAF,135639,False
1185633,JPX-JNAF,135638,False
1185633,JPX-JNAF,135637,False
1185633,JPX-JNAF,135636,False
1185633,JPX-JNAF,135635,False
1185633,JPX-JNAF,135633,False
1185633,JPX-JNAF,135631,False
1185634,JPX-JNAF,135634,False
1185634,JPX-JNAF,135632,False
1185634,JPX-KTST,134565,False
1185634,JPX-KTST,134563,False
1185634,JPX-KTST,134561,False
1185634,JPX-KTST,134568,False
1185634,JPX-KTST,134566,False
1185634,JPX-KTST,134564,False
1185634,JPX-KTST,134562,False
1185634,JPX-KTST,134560,False
1185634,JPX-KTST,134559,False
1185635,JPX-KTST,134567,False
1185635,JPX-SIMP,134940,False
1185635,JPX-SIMP,134939,False
1185635,JPX-SIMP,134938,False
1185635,JPX-SIMP,134937,False
1185635,JPX-SIMP,134936,False
1185635,JPX-SIMP,134935,False
1185635,JPX-SIMP,134934,False
1185635,JPX-SIMP,134933,False
1185635,JPX-SIMP,134932,False
1185635,JPX-SIMP,134931,False
1185635,JPX-XAG,135996,False
1185635,JPX-XAG,135992,False
1185635,JPX-XAG,135990,False
1185635,JPX-XAG,135988,False
1185635,JPX-XAG,135994,False
1185635,JPX-XAG,135991,False
1185635,JPX-XAG,135989,False
1185635,JPX-XAG,135993,False
1185635,JPX-XAG,135995,False
1185635,JPX-XAG,135987,False
1185635,JPX-GOLD,140142,False
1185635,JPX-HT,136120,False
1185635,JPX-CARD,139029,False
1185635,JPX-KTST,134583,False
1185635,JPX-XAG,136008,False
1185731,JPX-ETFSH,128246,False
1185731,JPX-ETFSH,128245,False
1185731,JPX-ETFSH,128239,False
1185731,JPX-ETFSH,128242,False
1185732,JPX-ETFSH,128238,False
1185732,JPX-ETFSH,128241,False
1185732,JPX-ETFSH,128243,False
1185732,JPX-ETFSH,128244,False
1185732,JPX-ETFSH,128240,False
1185732,JPX-ETFSH,128247,False
1185732,JPX-CARD,139028,False
1185732,JPX-CARD,139026,False
1185732,JPX-CARD,139023,False
1185732,JPX-CARD,139022,False
1185732,JPX-CARD,139020,False
1185732,JPX-CARD,139024,False
1185732,JPX-CARD,139027,False
1185732,JPX-CARD,139025,False
1185732,JPX-CARD,139021,False
1185732,JPX-CARD,139019,False
1185732,JPX-GOLD,140141,False
1185732,JPX-GOLD,140140,False
1185732,JPX-GOLD,140139,False
1185732,JPX-GOLD,140138,False
1185732,JPX-GOLD,140137,False
1185732,JPX-GOLD,140136,False
1185732,JPX-GOLD,140135,False
1185732,JPX-GOLD,140134,False
1185732,JPX-GOLD,140133,False
1185732,JPX-GOLD,140132,False
1185733,JPX-HT,136119,False
1185733,JPX-HT,136118,False
1185733,JPX-HT,136116,False
1185733,JPX-HT,136114,False
1185733,JPX-HT,136111,False
1185733,JPX-HT,136113,False
1185733,JPX-HT,136110,False
1185733,JPX-HT,136112,False
1185733,JPX-HT,136115,False
1185733,JPX-HT,136117,False
1185733,JPX-JNAF,135651,False
1185733,JPX-JNAF,135650,False
1185733,JPX-JNAF,135649,False
1185733,JPX-JNAF,135648,False
1185733,JPX-JNAF,135647,False
1185733,JPX-JNAF,135646,False
1185733,JPX-JNAF,135645,False
1185733,JPX-JNAF,135644,False
1185733,JPX-JNAF,135643,False
1185733,JPX-JNAF,135642,False
1185734,JPX-KTST,134581,False
1185734,JPX-KTST,134579,False
1185734,JPX-KTST,134577,False
1185734,JPX-KTST,134575,False
1185734,JPX-KTST,134573,False
1185734,JPX-KTST,134574,False
1185734,JPX-KTST,134580,False
1185734,JPX-KTST,134576,False
1185734,JPX-KTST,134572,False
1185734,JPX-KTST,134578,False
1185734,JPX-SIMP,134949,False
1185734,JPX-SIMP,134948,False
1185734,JPX-SIMP,134947,False
1185734,JPX-SIMP,134946,False
1185734,JPX-SIMP,134945,False
1185734,JPX-SIMP,134943,False
1185734,JPX-SIMP,134942,False
1185734,JPX-SIMP,134944,False
1185734,JPX-SIMP,134950,False
1185734,JPX-SIMP,134951,False
1185734,JPX-XAG,136007,False
1185734,JPX-XAG,136006,False
1185734,JPX-XAG,136004,False
1185734,JPX-XAG,136002,False
1185734,JPX-XAG,136000,False
1185734,JPX-XAG,135998,False
1185735,JPX-XAG,136005,False
1185735,JPX-XAG,136003,False
1185735,JPX-XAG,135999,False
1185735,JPX-XAG,136001,False
1185735,JPX-HT,136131,False
1185735,JPX-CARD,139041,False
1185735,JPX-KTST,134594,False
1185735,JPX-GOLD,140154,False
1185735,JPX-XAG,136020,False
1185829,JPX-GOLD,140155,False
1185829,JPX-KTST,134596,False
1185829,JPX-XAG,136022,False
1185830,JPX-GOLD,140157,False
1185830,JPX-XAG,136023,False
1185831,JPX-ETFSH,128252,False
1185831,JPX-ETFSH,128251,False
1185831,JPX-ETFSH,128250,False
1185831,JPX-ETFSH,128254,False
1185831,JPX-ETFSH,128257,False
1185832,JPX-ETFSH,128249,False
1185832,JPX-ETFSH,128253,False
1185832,JPX-ETFSH,128255,False
1185832,JPX-ETFSH,128256,False
1185833,JPX-CARD,139039,False
1185833,JPX-CARD,139037,False
1185833,JPX-CARD,139036,False
1185833,JPX-CARD,139034,False
1185833,JPX-CARD,139032,False
1185833,JPX-CARD,139035,False
1185833,JPX-CARD,139033,False
1185833,JPX-CARD,139031,False
1185833,JPX-CARD,139040,False
1185833,JPX-CARD,139038,False
1185833,JPX-GOLD,140152,False
1185833,JPX-GOLD,140150,False
1185833,JPX-GOLD,140149,False
1185833,JPX-GOLD,140148,False
1185833,JPX-GOLD,140147,False
1185833,JPX-GOLD,140146,False
1185833,JPX-GOLD,140145,False
1185833,JPX-GOLD,140144,False
1185833,JPX-GOLD,140153,False
1185833,JPX-GOLD,140151,False
1185833,JPX-HT,136129,False
1185833,JPX-HT,136127,False
1185833,JPX-HT,136125,False
1185833,JPX-HT,136123,False
1185833,JPX-HT,136121,False
1185833,JPX-HT,136122,False
1185833,JPX-HT,136124,False
1185833,JPX-HT,136126,False
1185833,JPX-HT,136128,False
1185833,JPX-HT,136130,False
1185834,JPX-JNAF,135661,False
1185834,JPX-JNAF,135660,False
1185834,JPX-JNAF,135659,False
1185834,JPX-JNAF,135658,False
1185834,JPX-JNAF,135657,False
1185834,JPX-JNAF,135656,False
1185834,JPX-JNAF,135655,False
1185834,JPX-JNAF,135654,False
1185834,JPX-JNAF,135653,False
1185834,JPX-JNAF,135652,False
1185834,JPX-KTST,134593,False
1185834,JPX-KTST,134591,False
1185834,JPX-KTST,134589,False
1185834,JPX-KTST,134587,False
1185834,JPX-KTST,134585,False
1185834,JPX-KTST,134590,False
1185835,JPX-KTST,134588,False
1185835,JPX-KTST,134586,False
1185835,JPX-KTST,134584,False
1185835,JPX-KTST,134592,False
1185835,JPX-SIMP,134961,False
1185835,JPX-SIMP,134959,False
1185835,JPX-SIMP,134958,False
1185835,JPX-SIMP,134957,False
1185835,JPX-SIMP,134956,False
1185835,JPX-SIMP,134954,False
1185835,JPX-SIMP,134955,False
1185835,JPX-SIMP,134960,False
1185835,JPX-SIMP,134952,False
1185835,JPX-SIMP,134953,False
1185835,JPX-XAG,136019,False
1185835,JPX-XAG,136017,False
1185835,JPX-XAG,136015,False
1185835,JPX-XAG,136013,False
1185835,JPX-XAG,136011,False
1185835,JPX-XAG,136010,False
1185835,JPX-XAG,136016,False
1185835,JPX-XAG,136014,False
1185835,JPX-XAG,136018,False
1185835,JPX-XAG,136012,False
1185931,JPX-ETFSH,128264,False
1185931,JPX-ETFSH,128263,False
1185931,JPX-ETFSH,128259,False
1185932,JPX-ETFSH,128265,False
1185932,JPX-ETFSH,128260,False
1185932,JPX-ETFSH,128268,False
1185932,JPX-ETFSH,128267,False
1185932,JPX-ETFSH,128261,False
1185933,JPX-ETFSH,128262,False
1185933,JPX-ETFSH,128266,False
1185934,JPX-CARD,139052,False
1185934,JPX-CARD,139050,False
1185934,JPX-CARD,139049,False
1185934,JPX-CARD,139048,False
1185934,JPX-CARD,139047,False
1185934,JPX-CARD,139046,False
1185934,JPX-CARD,139045,False
1185934,JPX-CARD,139054,False
1185934,JPX-CARD,139053,False
1185934,JPX-CARD,139051,False
1185934,JPX-GOLD,140167,False
1185934,JPX-GOLD,140166,False
1185934,JPX-GOLD,140165,False
1185934,JPX-GOLD,140164,False
1185934,JPX-GOLD,140162,False
1185934,JPX-GOLD,140161,False
1185934,JPX-GOLD,140160,False
1185934,JPX-GOLD,140159,False
1185934,JPX-GOLD,140163,False
1185934,JPX-GOLD,140158,False
1185934,JPX-HT,136141,False
1185934,JPX-HT,136139,False
1185934,JPX-HT,136138,False
1185934,JPX-HT,136136,False
1185934,JPX-HT,136134,False
1185934,JPX-HT,136137,False
1185934,JPX-HT,136135,False
1185934,JPX-HT,136142,False
1185934,JPX-HT,136140,False
1185934,JPX-HT,136143,False
1185934,JPX-JNAF,135671,False
1185934,JPX-JNAF,135670,False
1185934,JPX-JNAF,135669,False
1185934,JPX-JNAF,135668,False
1185934,JPX-JNAF,135667,False
1185934,JPX-JNAF,135666,False
1185934,JPX-JNAF,135665,False
1185934,JPX-JNAF,135664,False
1185934,JPX-JNAF,135663,False
1185934,JPX-JNAF,135662,False
1185935,JPX-KTST,134608,False
1185935,JPX-KTST,134607,False
1185935,JPX-KTST,134605,False
1185935,JPX-KTST,134603,False
1185935,JPX-KTST,134601,False
1185935,JPX-KTST,134600,False
1185935,JPX-KTST,134599,False
1185936,JPX-KTST,134606,False
1185936,JPX-KTST,134604,False
1185936,JPX-KTST,134602,False
1185936,JPX-SIMP,134971,False
1185936,JPX-SIMP,134969,False
1185936,JPX-SIMP,134967,False
1185936,JPX-SIMP,134965,False
1185936,JPX-SIMP,134963,False
1185936,JPX-SIMP,134970,False
1185936,JPX-SIMP,134968,False
1185936,JPX-SIMP,134962,False
1185936,JPX-SIMP,134964,False
1185936,JPX-SIMP,134966,False
1185936,JPX-XAG,136033,False
1185936,JPX-XAG,136032,False
1185936,JPX-XAG,136031,False
1185936,JPX-XAG,136030,False
1185936,JPX-XAG,136029,False
1185936,JPX-XAG,136028,False
1185936,JPX-XAG,136027,False
1185936,JPX-XAG,136026,False
1185936,JPX-XAG,136025,False
1185936,JPX-XAG,136024,False
1185936,JPX-GOLD,140179,False
1185936,JPX-KTST,134621,False
1185936,JPX-XAG,136045,False
1186031,JPX-ETFSH,128278,False
1186031,JPX-ETFSH,128277,False
1186031,JPX-ETFSH,128274,False
1186031,JPX-ETFSH,128273,False
1186031,JPX-ETFSH,128270,False
1186031,JPX-ETFSH,128271,False
1186031,JPX-ETFSH,128279,False
1186031,JPX-ETFSH,128275,False
1186031,JPX-ETFSH,128276,False
1186032,JPX-ETFSH,128272,False
1186032,JPX-CARD,139065,False
1186032,JPX-CARD,139063,False
1186032,JPX-CARD,139061,False
1186032,JPX-CARD,139059,False
1186032,JPX-CARD,139058,False
1186032,JPX-CARD,139057,False
1186032,JPX-CARD,139056,False
1186032,JPX-CARD,139064,False
1186032,JPX-CARD,139062,False
1186032,JPX-CARD,139060,False
1186033,JPX-GOLD,140178,False
1186033,JPX-GOLD,140177,False
1186033,JPX-GOLD,140176,False
1186033,JPX-GOLD,140175,False
1186033,JPX-GOLD,140174,False
1186033,JPX-GOLD,140173,False
1186033,JPX-GOLD,140172,False
1186033,JPX-GOLD,140171,False
1186033,JPX-GOLD,140169,False
1186033,JPX-GOLD,140170,False
1186033,JPX-HT,136153,False
1186033,JPX-HT,136151,False
1186033,JPX-HT,136149,False
1186033,JPX-HT,136148,False
1186033,JPX-HT,136146,False
1186033,JPX-HT,136144,False
1186033,JPX-HT,136152,False
1186033,JPX-HT,136150,False
1186033,JPX-HT,136147,False
1186033,JPX-HT,136145,False
1186033,JPX-JNAF,135681,False
1186033,JPX-JNAF,135680,False
1186033,JPX-JNAF,135679,False
1186033,JPX-JNAF,135678,False
1186033,JPX-JNAF,135677,False
1186033,JPX-JNAF,135676,False
1186033,JPX-JNAF,135675,False
1186033,JPX-JNAF,135674,False
1186033,JPX-JNAF,135673,False
1186033,JPX-JNAF,135672,False
1186034,JPX-KTST,134619,False
1186034,JPX-KTST,134617,False
1186034,JPX-KTST,134615,False
1186034,JPX-KTST,134613,False
1186034,JPX-KTST,134618,False
1186034,JPX-KTST,134616,False
1186034,JPX-KTST,134611,False
1186034,JPX-KTST,134614,False
1186034,JPX-KTST,134612,False
1186034,JPX-KTST,134610,False
1186035,JPX-SIMP,134976,False
1186035,JPX-SIMP,134974,False
1186035,JPX-SIMP,134972,False
1186035,JPX-SIMP,134978,False
1186035,JPX-SIMP,134980,False
1186035,JPX-SIMP,134981,False
1186035,JPX-SIMP,134979,False
1186035,JPX-SIMP,134973,False
1186035,JPX-SIMP,134975,False
1186035,JPX-SIMP,134977,False
1186035,JPX-XAG,136042,False
1186035,JPX-XAG,136041,False
1186035,JPX-XAG,136040,False
1186035,JPX-XAG,136039,False
1186035,JPX-XAG,136038,False
1186035,JPX-XAG,136037,False
1186035,JPX-XAG,136036,False
1186035,JPX-XAG,136035,False
1186035,JPX-XAG,136034,False
1186035,JPX-XAG,136043,False
1186046,JPX-KTST,134633,False
1186046,JPX-GOLD,140194,False
1186131,JPX-ETFSH,128289,False
1186131,JPX-ETFSH,128287,False
1186131,JPX-ETFSH,128282,False
1186131,JPX-ETFSH,128281,False
1186131,JPX-ETFSH,128288,False
1186131,JPX-ETFSH,128286,False
1186131,JPX-ETFSH,128284,False
1186132,JPX-ETFSH,128280,False
1186132,JPX-ETFSH,128283,False
1186133,JPX-ETFSH,128285,False
1186134,JPX-CARD,139075,False
1186134,JPX-CARD,139073,False
1186134,JPX-CARD,139071,False
1186134,JPX-CARD,139069,False
1186134,JPX-CARD,139067,False
1186134,JPX-CARD,139076,False
1186134,JPX-CARD,139074,False
1186134,JPX-CARD,139072,False
1186134,JPX-CARD,139070,False
1186134,JPX-CARD,139068,False
1186134,JPX-GOLD,140192,False
1186134,JPX-GOLD,140191,False
1186134,JPX-GOLD,140190,False
1186134,JPX-GOLD,140189,False
1186134,JPX-GOLD,140188,False
1186134,JPX-GOLD,140187,False
1186134,JPX-GOLD,140186,False
1186134,JPX-GOLD,140184,False
1186134,JPX-GOLD,140183,False
1186134,JPX-GOLD,140185,False
1186134,JPX-HT,136164,False
1186134,JPX-HT,136160,False
1186134,JPX-HT,136159,False
1186134,JPX-HT,136158,False
1186134,JPX-HT,136157,False
1186134,JPX-HT,136155,False
1186134,JPX-HT,136162,False
1186134,JPX-HT,136161,False
1186134,JPX-HT,136156,False
1186134,JPX-HT,136163,False
1186134,JPX-JNAF,135692,False
1186134,JPX-JNAF,135691,False
1186134,JPX-JNAF,135690,False
1186134,JPX-JNAF,135689,False
1186134,JPX-JNAF,135688,False
1186134,JPX-JNAF,135687,False
1186134,JPX-JNAF,135686,False
1186134,JPX-JNAF,135685,False
1186134,JPX-JNAF,135683,False
1186135,JPX-JNAF,135684,False
1186135,JPX-KTST,134632,False
1186135,JPX-KTST,134630,False
1186135,JPX-KTST,134627,False
1186135,JPX-KTST,134625,False
1186135,JPX-KTST,134623,False
1186135,JPX-KTST,134631,False
1186135,JPX-KTST,134629,False
1186136,JPX-KTST,134628,False
1186136,JPX-KTST,134624,False
1186136,JPX-KTST,134626,False
1186136,JPX-SIMP,134991,False
1186136,JPX-SIMP,134986,False
1186136,JPX-SIMP,134984,False
1186136,JPX-SIMP,134990,False
1186136,JPX-SIMP,134983,False
1186136,JPX-SIMP,134992,False
1186136,JPX-SIMP,134988,False
1186136,JPX-SIMP,134985,False
1186136,JPX-SIMP,134987,False
1186136,JPX-SIMP,134989,False
1186136,JPX-XAG,136055,False
1186136,JPX-XAG,136054,False
1186136,JPX-XAG,136051,False
1186136,JPX-XAG,136049,False
1186136,JPX-XAG,136046,False
1186136,JPX-XAG,136053,False
1186136,JPX-XAG,136048,False
1186136,JPX-XAG,136052,False
1186136,JPX-XAG,136050,False
1186136,JPX-XAG,136047,False
1186142,JPX-XAG,136068,False
1186142,JPX-KTST,134645,False
1186142,JPX-GOLD,140205,False
1186231,JPX-ETFSH,128298,False
1186231,JPX-ETFSH,128297,False
1186231,JPX-ETFSH,128295,False
1186231,JPX-ETFSH,128293,False
1186231,JPX-ETFSH,128291,False
1186231,JPX-ETFSH,128290,False
1186231,JPX-ETFSH,128299,False
1186231,JPX-ETFSH,128292,False
1186232,JPX-ETFSH,128294,False
1186233,JPX-ETFSH,128296,False
1186233,JPX-CARD,139087,False
1186233,JPX-CARD,139085,False
1186233,JPX-CARD,139083,False
1186233,JPX-CARD,139081,False
1186233,JPX-CARD,139084,False
1186233,JPX-CARD,139082,False
1186233,JPX-CARD,139080,False
1186233,JPX-CARD,139078,False
1186233,JPX-CARD,139079,False
1186233,JPX-CARD,139086,False
1186233,JPX-GOLD,140204,False
1186233,JPX-GOLD,140203,False
1186233,JPX-GOLD,140201,False
1186233,JPX-GOLD,140200,False
1186233,JPX-GOLD,140199,False
1186233,JPX-GOLD,140198,False
1186233,JPX-GOLD,140197,False
1186233,JPX-GOLD,140196,False
1186233,JPX-GOLD,140195,False
1186233,JPX-GOLD,140202,False
1186233,JPX-HT,136173,False
1186233,JPX-HT,136172,False
1186233,JPX-HT,136171,False
1186233,JPX-HT,136169,False
1186233,JPX-HT,136167,False
1186233,JPX-HT,136165,False
1186233,JPX-HT,136174,False
1186233,JPX-HT,136166,False
1186233,JPX-HT,136168,False
1186233,JPX-HT,136170,False
1186234,JPX-JNAF,135703,False
1186234,JPX-JNAF,135702,False
1186234,JPX-JNAF,135701,False
1186234,JPX-JNAF,135700,False
1186234,JPX-JNAF,135699,False
1186234,JPX-JNAF,135698,False
1186234,JPX-JNAF,135697,False
1186234,JPX-JNAF,135696,False
1186234,JPX-JNAF,135695,False
1186234,JPX-JNAF,135694,False
1186234,JPX-KTST,134641,False
1186234,JPX-KTST,134639,False
1186234,JPX-KTST,134638,False
1186234,JPX-KTST,134636,False
1186234,JPX-KTST,134642,False
1186234,JPX-KTST,134640,False
1186235,JPX-KTST,134635,False
1186235,JPX-KTST,134637,False
1186235,JPX-KTST,134643,False
1186235,JPX-KTST,134644,False
1186235,JPX-SIMP,135001,False
1186235,JPX-SIMP,134999,False
1186235,JPX-SIMP,134997,False
1186235,JPX-SIMP,134995,False
1186235,JPX-SIMP,134993,False
1186235,JPX-SIMP,134994,False
1186235,JPX-SIMP,135002,False
1186235,JPX-SIMP,134996,False
1186235,JPX-SIMP,135000,False
1186235,JPX-SIMP,134998,False
1186235,JPX-XAG,136067,False
1186235,JPX-XAG,136065,False
1186235,JPX-XAG,136064,False
1186235,JPX-XAG,136062,False
1186235,JPX-XAG,136060,False
1186235,JPX-XAG,136058,False
1186235,JPX-XAG,136061,False
1186235,JPX-XAG,136066,False
1186235,JPX-XAG,136063,False
1186235,JPX-XAG,136059,False
1186252,JPX-XAG,136081,False
1186252,JPX-GOLD,140216,False
1186252,JPX-KTST,134658,False
1186331,JPX-ETFSH,128308,False
1186331,JPX-ETFSH,128306,False
1186331,JPX-ETFSH,128304,False
1186331,JPX-ETFSH,128301,False
1186331,JPX-ETFSH,128310,False
1186332,JPX-ETFSH,128309,False
1186332,JPX-ETFSH,128302,False
1186332,JPX-ETFSH,128307,False
1186333,JPX-ETFSH,128303,False
1186333,JPX-ETFSH,128305,False
1186333,JPX-CARD,139097,False
1186333,JPX-CARD,139095,False
1186333,JPX-CARD,139093,False
1186333,JPX-CARD,139091,False
1186333,JPX-CARD,139089,False
1186333,JPX-CARD,139094,False
1186333,JPX-CARD,139092,False
1186333,JPX-CARD,139096,False
1186333,JPX-CARD,139088,False
1186333,JPX-CARD,139090,False
1186333,JPX-GOLD,140214,False
1186333,JPX-GOLD,140212,False
1186333,JPX-GOLD,140210,False
1186333,JPX-GOLD,140209,False
1186333,JPX-GOLD,140208,False
1186333,JPX-GOLD,140206,False
1186333,JPX-GOLD,140211,False
1186333,JPX-GOLD,140215,False
1186333,JPX-GOLD,140213,False
1186333,JPX-GOLD,140207,False
1186333,JPX-HT,136184,False
1186333,JPX-HT,136183,False
1186333,JPX-HT,136182,False
1186333,JPX-HT,136181,False
1186333,JPX-HT,136180,False
1186333,JPX-HT,136179,False
1186333,JPX-HT,136178,False
1186333,JPX-HT,136177,False
1186333,JPX-HT,136175,False
1186333,JPX-HT,136176,False
1186334,JPX-JNAF,135714,False
1186334,JPX-JNAF,135713,False
1186334,JPX-JNAF,135712,False
1186334,JPX-JNAF,135711,False
1186334,JPX-JNAF,135710,False
1186334,JPX-JNAF,135709,False
1186334,JPX-JNAF,135708,False
1186334,JPX-JNAF,135707,False
1186334,JPX-JNAF,135706,False
1186334,JPX-JNAF,135705,False
1186334,JPX-KTST,134656,False
1186334,JPX-KTST,134655,False
1186334,JPX-KTST,134654,False
1186334,JPX-KTST,134653,False
1186334,JPX-KTST,134652,False
1186334,JPX-KTST,134647,False
1186335,JPX-KTST,134651,False
1186335,JPX-KTST,134649,False
1186335,JPX-KTST,134648,False
1186335,JPX-KTST,134650,False
1186335,JPX-SIMP,135012,False
1186335,JPX-SIMP,135010,False
1186335,JPX-SIMP,135008,False
1186335,JPX-SIMP,135006,False
1186335,JPX-SIMP,135004,False
1186335,JPX-SIMP,135005,False
1186335,JPX-SIMP,135007,False
1186335,JPX-SIMP,135009,False
1186335,JPX-SIMP,135011,False
1186335,JPX-SIMP,135013,False
1186335,JPX-XAG,136080,False
1186335,JPX-XAG,136078,False
1186335,JPX-XAG,136076,False
1186335,JPX-XAG,136075,False
1186335,JPX-XAG,136073,False
1186335,JPX-XAG,136071,False
1186335,JPX-XAG,136077,False
1186335,JPX-XAG,136072,False
1186335,JPX-XAG,136074,False
1186335,JPX-XAG,136079,False
1186354,JPX-GOLD,140229,False
1186431,JPX-ETFSH,128320,False
1186431,JPX-ETFSH,128319,False
1186431,JPX-ETFSH,128318,False
1186431,JPX-ETFSH,128317,False
1186431,JPX-ETFSH,128316,False
1186431,JPX-ETFSH,128314,False
1186431,JPX-ETFSH,128312,False
1186432,JPX-ETFSH,128315,False
1186432,JPX-ETFSH,128311,False
1186432,JPX-ETFSH,128313,False
1186433,JPX-CARD,139107,False
1186433,JPX-CARD,139105,False
1186433,JPX-CARD,139104,False
1186433,JPX-CARD,139102,False
1186433,JPX-CARD,139101,False
1186433,JPX-CARD,139100,False
1186433,JPX-CARD,139099,False
1186433,JPX-CARD,139098,False
1186433,JPX-CARD,139103,False
1186433,JPX-CARD,139106,False
1186433,JPX-GOLD,140227,False
1186433,JPX-GOLD,140226,False
1186433,JPX-GOLD,140224,False
1186433,JPX-GOLD,140222,False
1186433,JPX-GOLD,140221,False
1186433,JPX-GOLD,140220,False
1186433,JPX-GOLD,140219,False
1186433,JPX-GOLD,140225,False
1186433,JPX-GOLD,140223,False
1186433,JPX-GOLD,140218,False
1186433,JPX-HT,136194,False
1186433,JPX-HT,136193,False
1186433,JPX-HT,136192,False
1186433,JPX-HT,136191,False
1186433,JPX-HT,136190,False
1186433,JPX-HT,136188,False
1186433,JPX-HT,136187,False
1186433,JPX-HT,136185,False
1186434,JPX-HT,136186,False
1186434,JPX-HT,136189,False
1186434,JPX-JNAF,135724,False
1186434,JPX-JNAF,135723,False
1186434,JPX-JNAF,135722,False
1186434,JPX-JNAF,135720,False
1186434,JPX-JNAF,135719,False
1186434,JPX-JNAF,135718,False
1186434,JPX-JNAF,135716,False
1186434,JPX-JNAF,135715,False
1186434,JPX-JNAF,135721,False
1186434,JPX-JNAF,135717,False
1186435,JPX-KTST,134668,False
1186435,JPX-KTST,134667,False
1186435,JPX-KTST,134664,False
1186435,JPX-KTST,134662,False
1186435,JPX-KTST,134661,False
1186435,JPX-KTST,134659,False
1186435,JPX-KTST,134666,False
1186435,JPX-KTST,134660,False
1186435,JPX-KTST,134665,False
1186435,JPX-KTST,134663,False
1186435,JPX-SIMP,135023,False
1186435,JPX-SIMP,135021,False
1186435,JPX-SIMP,135019,False
1186435,JPX-SIMP,135017,False
1186435,JPX-SIMP,135016,False
1186435,JPX-SIMP,135014,False
1186435,JPX-SIMP,135022,False
1186435,JPX-SIMP,135020,False
1186435,JPX-SIMP,135018,False
1186435,JPX-SIMP,135015,False
1186436,JPX-XAG,136092,False
1186436,JPX-XAG,136090,False
1186436,JPX-XAG,136088,False
1186436,JPX-XAG,136086,False
1186436,JPX-XAG,136085,False
1186436,JPX-XAG,136083,False
1186436,JPX-XAG,136084,False
1186436,JPX-XAG,136089,False
1186436,JPX-XAG,136087,False
1186436,JPX-XAG,136091,False
1186452,JPX-XAG,136106,False
1186452,JPX-GOLD,140240,False
1186452,JPX-KTST,134680,False
1186527,JPX-XAG,136108,False
1186528,JPX-KTST,134681,False
1186531,JPX-ETFSH,128331,False
1186531,JPX-ETFSH,128329,False
1186531,JPX-ETFSH,128328,False
1186531,JPX-ETFSH,128326,False
1186531,JPX-ETFSH,128324,False
1186531,JPX-ETFSH,128323,False
1186531,JPX-ETFSH,128330,False
1186532,JPX-ETFSH,128327,False
1186532,JPX-ETFSH,128325,False
1186532,JPX-ETFSH,128322,False
1186533,JPX-CARD,139117,False
1186533,JPX-CARD,139115,False
1186533,JPX-CARD,139114,False
1186533,JPX-CARD,139113,False
1186533,JPX-CARD,139112,False
1186533,JPX-CARD,139111,False
1186533,JPX-CARD,139110,False
1186533,JPX-CARD,139108,False
1186533,JPX-CARD,139116,False
1186533,JPX-CARD,139109,False
1186534,JPX-GOLD,140239,False
1186534,JPX-GOLD,140238,False
1186534,JPX-GOLD,140237,False
1186534,JPX-GOLD,140236,False
1186534,JPX-GOLD,140235,False
1186534,JPX-GOLD,140234,False
1186534,JPX-GOLD,140233,False
1186534,JPX-GOLD,140232,False
1186534,JPX-GOLD,140231,False
1186534,JPX-GOLD,140230,False
1186534,JPX-HT,136204,False
1186534,JPX-HT,136202,False
1186534,JPX-HT,136200,False
1186534,JPX-HT,136197,False
1186534,JPX-HT,136196,False
1186534,JPX-HT,136195,False
1186534,JPX-HT,136201,False
1186534,JPX-HT,136199,False
1186534,JPX-HT,136198,False
1186534,JPX-HT,136203,False
1186534,JPX-JNAF,135734,False
1186534,JPX-JNAF,135733,False
1186534,JPX-JNAF,135732,False
1186534,JPX-JNAF,135731,False
1186534,JPX-JNAF,135730,False
1186534,JPX-JNAF,135729,False
1186534,JPX-JNAF,135728,False
1186534,JPX-JNAF,135727,False
1186534,JPX-JNAF,135726,False
1186534,JPX-JNAF,135725,False
1186535,JPX-KTST,134679,False
1186535,JPX-KTST,134677,False
1186535,JPX-KTST,134675,False
1186535,JPX-KTST,134673,False
1186535,JPX-KTST,134672,False
1186535,JPX-KTST,134671,False
1186535,JPX-KTST,134676,False
1186535,JPX-KTST,134674,False
1186535,JPX-KTST,134670,False
1186535,JPX-KTST,134678,False
1186536,JPX-SIMP,135033,False
1186536,JPX-SIMP,135032,False
1186536,JPX-SIMP,135031,False
1186536,JPX-SIMP,135030,False
1186536,JPX-SIMP,135028,False
1186536,JPX-SIMP,135027,False
1186536,JPX-SIMP,135025,False
1186536,JPX-SIMP,135026,False
1186536,JPX-SIMP,135024,False
1186536,JPX-SIMP,135029,False
1186536,JPX-XAG,136104,False
1186536,JPX-XAG,136102,False
1186536,JPX-XAG,136100,False
1186536,JPX-XAG,136098,False
1186536,JPX-XAG,136096,False
1186536,JPX-XAG,136103,False
1186536,JPX-XAG,136099,False
1186536,JPX-XAG,136101,False
1186536,JPX-XAG,136097,False
1186536,JPX-XAG,136105,False
1186606,JPX-KTST,134692,False
1186631,JPX-ETFSH,128338,False
1186631,JPX-ETFSH,128335,False
1186631,JPX-ETFSH,128334,False
1186631,JPX-ETFSH,128332,False
1186631,JPX-ETFSH,128341,False
1186632,JPX-ETFSH,128337,False
1186632,JPX-ETFSH,128339,False
1186632,JPX-ETFSH,128336,False
1186632,JPX-ETFSH,128340,False
1186633,JPX-ETFSH,128333,False
1186633,JPX-CARD,139128,False
1186633,JPX-CARD,139127,False
1186633,JPX-CARD,139126,False
1186633,JPX-CARD,139125,False
1186633,JPX-CARD,139124,False
1186633,JPX-CARD,139123,False
1186633,JPX-CARD,139122,False
1186633,JPX-CARD,139121,False
1186633,JPX-CARD,139120,False
1186633,JPX-CARD,139119,False
1186633,JPX-GOLD,140253,False
1186633,JPX-GOLD,140252,False
1186633,JPX-GOLD,140251,False
1186633,JPX-GOLD,140250,False
1186633,JPX-GOLD,140249,False
1186633,JPX-GOLD,140248,False
1186633,JPX-GOLD,140247,False
1186633,JPX-GOLD,140246,False
1186633,JPX-GOLD,140245,False
1186633,JPX-GOLD,140244,False
1186633,JPX-HT,136215,False
1186633,JPX-HT,136213,False
1186633,JPX-HT,136211,False
1186633,JPX-HT,136208,False
1186633,JPX-HT,136207,False
1186633,JPX-HT,136206,False
1186633,JPX-HT,136212,False
1186633,JPX-HT,136210,False
1186633,JPX-HT,136214,False
1186633,JPX-HT,136209,False
1186634,JPX-JNAF,135744,False
1186634,JPX-JNAF,135743,False
1186634,JPX-JNAF,135742,False
1186634,JPX-JNAF,135741,False
1186634,JPX-JNAF,135740,False
1186634,JPX-JNAF,135738,False
1186634,JPX-JNAF,135737,False
1186634,JPX-JNAF,135736,False
1186634,JPX-JNAF,135735,False
1186634,JPX-JNAF,135739,False
1186634,JPX-KTST,134688,False
1186634,JPX-KTST,134686,False
1186634,JPX-KTST,134684,False
1186634,JPX-KTST,134682,False
1186634,JPX-KTST,134690,False
1186635,JPX-KTST,134687,False
1186635,JPX-KTST,134683,False
1186635,JPX-KTST,134685,False
1186635,JPX-KTST,134689,False
1186635,JPX-KTST,134691,False
1186635,JPX-SIMP,135044,False
1186635,JPX-SIMP,135042,False
1186635,JPX-SIMP,135041,False
1186635,JPX-SIMP,135040,False
1186635,JPX-SIMP,135039,False
1186635,JPX-SIMP,135038,False
1186635,JPX-SIMP,135037,False
1186635,JPX-SIMP,135036,False
1186635,JPX-SIMP,135035,False
1186635,JPX-SIMP,135043,False
1186635,JPX-XAG,136119,False
1186635,JPX-XAG,136118,False
1186635,JPX-XAG,136116,False
1186635,JPX-XAG,136114,False
1186635,JPX-XAG,136111,False
1186635,JPX-XAG,136113,False
1186635,JPX-XAG,136120,False
1186635,JPX-XAG,136112,False
1186635,JPX-XAG,136115,False
1186635,JPX-XAG,136117,False
1186636,JPX-XAG,136133,False
1186636,JPX-GOLD,140264,False
1186636,JPX-CARD,139139,False
1186636,JPX-KTST,134705,False
1186731,JPX-ETFSH,128351,False
1186731,JPX-ETFSH,128350,False
1186731,JPX-ETFSH,128344,False
1186731,JPX-ETFSH,128346,False
1186732,JPX-ETFSH,128345,False
1186732,JPX-ETFSH,128343,False
1186732,JPX-ETFSH,128347,False
1186732,JPX-ETFSH,128349,False
1186732,JPX-ETFSH,128342,False
1186732,JPX-ETFSH,128348,False
1186734,JPX-CARD,139138,False
1186734,JPX-CARD,139137,False
1186734,JPX-CARD,139136,False
1186734,JPX-CARD,139135,False
1186734,JPX-CARD,139134,False
1186734,JPX-CARD,139133,False
1186734,JPX-CARD,139132,False
1186734,JPX-CARD,139131,False
1186734,JPX-CARD,139130,False
1186734,JPX-CARD,139129,False
1186734,JPX-GOLD,140262,False
1186734,JPX-GOLD,140261,False
1186734,JPX-GOLD,140260,False
1186734,JPX-GOLD,140259,False
1186734,JPX-GOLD,140258,False
1186734,JPX-GOLD,140257,False
1186734,JPX-GOLD,140256,False
1186734,JPX-GOLD,140255,False
1186734,JPX-GOLD,140254,False
1186734,JPX-GOLD,140263,False
1186734,JPX-HT,136225,False
1186734,JPX-HT,136223,False
1186734,JPX-HT,136221,False
1186734,JPX-HT,136219,False
1186734,JPX-HT,136217,False
1186734,JPX-HT,136218,False
1186734,JPX-HT,136224,False
1186734,JPX-HT,136220,False
1186734,JPX-HT,136222,False
1186734,JPX-HT,136226,False
1186734,JPX-JNAF,135756,False
1186734,JPX-JNAF,135755,False
1186734,JPX-JNAF,135754,False
1186734,JPX-JNAF,135753,False
1186734,JPX-JNAF,135751,False
1186734,JPX-JNAF,135750,False
1186734,JPX-JNAF,135749,False
1186735,JPX-JNAF,135748,False
1186735,JPX-JNAF,135747,False
1186735,JPX-JNAF,135752,False
1186735,JPX-KTST,134700,False
1186735,JPX-KTST,134699,False
1186735,JPX-KTST,134698,False
1186735,JPX-KTST,134697,False
1186735,JPX-KTST,134696,False
1186735,JPX-KTST,134695,False
1186735,JPX-KTST,134703,False
1186735,JPX-KTST,134701,False
1186736,JPX-KTST,134704,False
1186736,JPX-KTST,134702,False
1186736,JPX-SIMP,135055,False
1186736,JPX-SIMP,135054,False
1186736,JPX-SIMP,135053,False
1186736,JPX-SIMP,135052,False
1186736,JPX-SIMP,135051,False
1186736,JPX-SIMP,135050,False
1186736,JPX-SIMP,135049,False
1186736,JPX-SIMP,135048,False
1186736,JPX-SIMP,135047,False
1186736,JPX-SIMP,135046,False
1186736,JPX-XAG,136131,False
1186736,JPX-XAG,136129,False
1186736,JPX-XAG,136127,False
1186736,JPX-XAG,136125,False
1186736,JPX-XAG,136123,False
1186736,JPX-XAG,136122,False
1186736,JPX-XAG,136124,False
1186736,JPX-XAG,136126,False
1186736,JPX-XAG,136128,False
1186736,JPX-XAG,136130,False
1186745,JPX-XAG,136146,False
1186745,JPX-CARD,139151,False
1186745,JPX-KTST,134717,False
1186831,JPX-ETFSH,128362,False
1186831,JPX-ETFSH,128360,False
1186831,JPX-ETFSH,128358,False
1186831,JPX-ETFSH,128356,False
1186831,JPX-ETFSH,128355,False
1186831,JPX-ETFSH,128354,False
1186831,JPX-ETFSH,128353,False
1186832,JPX-ETFSH,128361,False
1186832,JPX-ETFSH,128357,False
1186832,JPX-ETFSH,128359,False
1186833,JPX-CARD,139150,False
1186833,JPX-CARD,139149,False
1186833,JPX-CARD,139148,False
1186833,JPX-CARD,139147,False
1186833,JPX-CARD,139146,False
1186833,JPX-CARD,139145,False
1186833,JPX-CARD,139144,False
1186833,JPX-CARD,139143,False
1186833,JPX-CARD,139142,False
1186833,JPX-CARD,139141,False
1186833,JPX-GOLD,140274,False
1186833,JPX-GOLD,140273,False
1186833,JPX-GOLD,140271,False
1186833,JPX-GOLD,140270,False
1186833,JPX-GOLD,140269,False
1186833,JPX-GOLD,140268,False
1186833,JPX-GOLD,140272,False
1186833,JPX-GOLD,140277,False
1186833,JPX-GOLD,140275,False
1186833,JPX-GOLD,140276,False
1186833,JPX-HT,136237,False
1186833,JPX-HT,136236,False
1186833,JPX-HT,136232,False
1186833,JPX-HT,136230,False
1186833,JPX-HT,136229,False
1186833,JPX-HT,136228,False
1186833,JPX-HT,136234,False
1186833,JPX-HT,136235,False
1186833,JPX-HT,136233,False
1186833,JPX-HT,136231,False
1186834,JPX-JNAF,135766,False
1186834,JPX-JNAF,135765,False
1186834,JPX-JNAF,135764,False
1186834,JPX-JNAF,135763,False
1186834,JPX-JNAF,135762,False
1186834,JPX-JNAF,135760,False
1186834,JPX-JNAF,135759,False
1186834,JPX-JNAF,135758,False
1186834,JPX-JNAF,135757,False
1186834,JPX-JNAF,135761,False
1186834,JPX-KTST,134715,False
1186834,JPX-KTST,134713,False
1186834,JPX-KTST,134712,False
1186834,JPX-KTST,134709,False
1186834,JPX-KTST,134707,False
1186834,JPX-KTST,134711,False
1186835,JPX-KTST,134716,False
1186835,JPX-KTST,134714,False
1186835,JPX-KTST,134708,False
1186835,JPX-KTST,134710,False
1186835,JPX-SIMP,135065,False
1186835,JPX-SIMP,135063,False
1186835,JPX-SIMP,135062,False
1186835,JPX-SIMP,135061,False
1186835,JPX-SIMP,135060,False
1186835,JPX-SIMP,135059,False
1186835,JPX-SIMP,135058,False
1186835,JPX-SIMP,135057,False
1186835,JPX-SIMP,135056,False
1186835,JPX-SIMP,135064,False
1186835,JPX-XAG,136144,False
1186835,JPX-XAG,136141,False
1186835,JPX-XAG,136139,False
1186835,JPX-XAG,136138,False
1186835,JPX-XAG,136136,False
1186835,JPX-XAG,136137,False
1186835,JPX-XAG,136135,False
1186835,JPX-XAG,136142,False
1186835,JPX-XAG,136140,False
1186835,JPX-XAG,136143,False
1186838,JPX-XAG,136160,False
1186838,JPX-GOLD,140290,False
1186838,JPX-KTST,134729,False
1186838,JPX-GOLD,140291,False
1186855,JPX-CARD,139162,False
1186932,JPX-ETFSH,128371,False
1186932,JPX-ETFSH,128369,False
1186932,JPX-ETFSH,128368,False
1186932,JPX-ETFSH,128367,False
1186932,JPX-ETFSH,128366,False
1186932,JPX-ETFSH,128364,False
1186932,JPX-ETFSH,128373,False
1186932,JPX-ETFSH,128372,False
1186933,JPX-ETFSH,128370,False
1186933,JPX-ETFSH,128365,False
1186933,JPX-CARD,139161,False
1186933,JPX-CARD,139160,False
1186933,JPX-CARD,139159,False
1186933,JPX-CARD,139158,False
1186933,JPX-CARD,139157,False
1186933,JPX-CARD,139156,False
1186933,JPX-CARD,139155,False
1186933,JPX-CARD,139154,False
1186933,JPX-CARD,139153,False
1186933,JPX-CARD,139152,False
1186934,JPX-GOLD,140288,False
1186934,JPX-GOLD,140286,False
1186934,JPX-GOLD,140284,False
1186934,JPX-GOLD,140282,False
1186934,JPX-GOLD,140280,False
1186934,JPX-GOLD,140287,False
1186934,JPX-GOLD,140281,False
1186934,JPX-GOLD,140285,False
1186934,JPX-GOLD,140283,False
1186934,JPX-GOLD,140289,False
1186934,JPX-HT,136248,False
1186934,JPX-HT,136247,False
1186934,JPX-HT,136244,False
1186934,JPX-HT,136243,False
1186934,JPX-HT,136241,False
1186934,JPX-HT,136240,False
1186934,JPX-HT,136239,False
1186934,JPX-HT,136246,False
1186934,JPX-HT,136245,False
1186934,JPX-HT,136242,False
1186934,JPX-JNAF,135776,False
1186934,JPX-JNAF,135775,False
1186934,JPX-JNAF,135774,False
1186934,JPX-JNAF,135773,False
1186934,JPX-JNAF,135772,False
1186934,JPX-JNAF,135771,False
1186934,JPX-JNAF,135770,False
1186934,JPX-JNAF,135769,False
1186934,JPX-JNAF,135768,False
1186934,JPX-JNAF,135767,False
1186935,JPX-KTST,134726,False
1186935,JPX-KTST,134723,False
1186935,JPX-KTST,134721,False
1186935,JPX-KTST,134719,False
1186935,JPX-KTST,134720,False
1186935,JPX-KTST,134718,False
1186935,JPX-KTST,134722,False
1186935,JPX-KTST,134724,False
1186935,JPX-KTST,134727,False
1186935,JPX-KTST,134725,False
1186936,JPX-SIMP,135075,False
1186936,JPX-SIMP,135074,False
1186936,JPX-SIMP,135073,False
1186936,JPX-SIMP,135072,False
1186936,JPX-SIMP,135070,False
1186936,JPX-SIMP,135069,False
1186936,JPX-SIMP,135068,False
1186936,JPX-SIMP,135067,False
1186936,JPX-SIMP,135066,False
1186936,JPX-SIMP,135071,False
1186936,JPX-XAG,136158,False
1186936,JPX-XAG,136157,False
1186936,JPX-XAG,136155,False
1186936,JPX-XAG,136153,False
1186936,JPX-XAG,136151,False
1186936,JPX-XAG,136149,False
1186936,JPX-XAG,136152,False
1186936,JPX-XAG,136150,False
1186936,JPX-XAG,136154,False
1186936,JPX-XAG,136156,False
1186936,JPX-XAG,136173,False
1186936,JPX-KTST,134740,False
1186936,JPX-GOLD,140302,False
1187028,JPX-XAG,136175,False
1187031,JPX-ETFSH,128382,False
1187031,JPX-ETFSH,128377,False
1187031,JPX-ETFSH,128375,False
1187031,JPX-ETFSH,128381,False
1187032,JPX-ETFSH,128380,False
1187032,JPX-ETFSH,128379,False
1187032,JPX-ETFSH,128374,False
1187032,JPX-ETFSH,128378,False
1187032,JPX-ETFSH,128383,False
1187033,JPX-ETFSH,128376,False
1187033,JPX-CARD,139172,False
1187033,JPX-CARD,139171,False
1187033,JPX-CARD,139170,False
1187033,JPX-CARD,139169,False
1187033,JPX-CARD,139168,False
1187033,JPX-CARD,139166,False
1187033,JPX-CARD,139164,False
1187033,JPX-CARD,139163,False
1187033,JPX-CARD,139167,False
1187033,JPX-CARD,139165,False
1187033,JPX-GOLD,140301,False
1187033,JPX-GOLD,140300,False
1187033,JPX-GOLD,140298,False
1187033,JPX-GOLD,140296,False
1187033,JPX-GOLD,140294,False
1187033,JPX-GOLD,140292,False
1187033,JPX-GOLD,140299,False
1187033,JPX-GOLD,140297,False
1187033,JPX-GOLD,140295,False
1187033,JPX-GOLD,140293,False
1187033,JPX-HT,136258,False
1187033,JPX-HT,136256,False
1187033,JPX-HT,136254,False
1187033,JPX-HT,136252,False
1187033,JPX-HT,136251,False
1187033,JPX-HT,136250,False
1187033,JPX-HT,136249,False
1187033,JPX-HT,136253,False
1187033,JPX-HT,136257,False
1187033,JPX-HT,136255,False
1187034,JPX-JNAF,135786,False
1187034,JPX-JNAF,135785,False
1187034,JPX-JNAF,135784,False
1187034,JPX-JNAF,135783,False
1187034,JPX-JNAF,135782,False
1187034,JPX-JNAF,135781,False
1187034,JPX-JNAF,135780,False
1187034,JPX-JNAF,135779,False
1187034,JPX-JNAF,135778,False
1187034,JPX-JNAF,135777,False
1187034,JPX-KTST,134738,False
1187034,JPX-KTST,134736,False
1187034,JPX-KTST,134733,False
1187034,JPX-KTST,134731,False
1187034,JPX-KTST,134730,False
1187035,JPX-KTST,134739,False
1187035,JPX-KTST,134737,False
1187035,JPX-KTST,134735,False
1187035,JPX-KTST,134734,False
1187035,JPX-KTST,134732,False
1187035,JPX-SIMP,135085,False
1187035,JPX-SIMP,135084,False
1187035,JPX-SIMP,135082,False
1187035,JPX-SIMP,135081,False
1187035,JPX-SIMP,135080,False
1187035,JPX-SIMP,135079,False
1187035,JPX-SIMP,135078,False
1187035,JPX-SIMP,135077,False
1187035,JPX-SIMP,135083,False
1187035,JPX-SIMP,135076,False
1187035,JPX-XAG,136171,False
1187035,JPX-XAG,136169,False
1187035,JPX-XAG,136167,False
1187035,JPX-XAG,136165,False
1187035,JPX-XAG,136164,False
1187035,JPX-XAG,136162,False
1187035,JPX-XAG,136163,False
1187035,JPX-XAG,136166,False
1187035,JPX-XAG,136168,False
1187035,JPX-XAG,136170,False
1187043,JPX-KTST,134752,False
1187044,JPX-GOLD,140315,False
1187131,JPX-ETFSH,128393,False
1187131,JPX-ETFSH,128392,False
1187131,JPX-ETFSH,128391,False
1187131,JPX-ETFSH,128388,False
1187131,JPX-ETFSH,128384,False
1187131,JPX-ETFSH,128387,False
1187131,JPX-ETFSH,128390,False
1187132,JPX-ETFSH,128385,False
1187132,JPX-ETFSH,128386,False
1187132,JPX-ETFSH,128389,False
1187132,JPX-CARD,139182,False
1187132,JPX-CARD,139181,False
1187132,JPX-CARD,139179,False
1187132,JPX-CARD,139178,False
1187132,JPX-CARD,139177,False
1187132,JPX-CARD,139176,False
1187132,JPX-CARD,139174,False
1187132,JPX-CARD,139173,False
1187132,JPX-CARD,139180,False
1187132,JPX-CARD,139175,False
1187132,JPX-GOLD,140314,False
1187132,JPX-GOLD,140313,False
1187132,JPX-GOLD,140312,False
1187132,JPX-GOLD,140311,False
1187132,JPX-GOLD,140310,False
1187132,JPX-GOLD,140309,False
1187132,JPX-GOLD,140307,False
1187132,JPX-GOLD,140306,False
1187132,JPX-GOLD,140308,False
1187132,JPX-GOLD,140305,False
1187133,JPX-HT,136268,False
1187133,JPX-HT,136266,False
1187133,JPX-HT,136262,False
1187133,JPX-HT,136260,False
1187133,JPX-HT,136269,False
1187133,JPX-HT,136264,False
1187133,JPX-HT,136263,False
1187133,JPX-HT,136265,False
1187133,JPX-HT,136267,False
1187133,JPX-HT,136261,False
1187133,JPX-JNAF,135796,False
1187133,JPX-JNAF,135795,False
1187133,JPX-JNAF,135794,False
1187133,JPX-JNAF,135792,False
1187133,JPX-JNAF,135791,False
1187133,JPX-JNAF,135790,False
1187133,JPX-JNAF,135789,False
1187133,JPX-JNAF,135788,False
1187133,JPX-JNAF,135787,False
1187133,JPX-JNAF,135793,False
1187133,JPX-KTST,134750,False
1187133,JPX-KTST,134749,False
1187133,JPX-KTST,134746,False
1187133,JPX-KTST,134743,False
1187134,JPX-KTST,134745,False
1187134,JPX-KTST,134751,False
1187134,JPX-KTST,134747,False
1187134,JPX-KTST,134744,False
1187134,JPX-KTST,134742,False
1187134,JPX-KTST,134748,False
1187134,JPX-SIMP,135096,False
1187134,JPX-SIMP,135095,False
1187134,JPX-SIMP,135093,False
1187134,JPX-SIMP,135092,False
1187134,JPX-SIMP,135091,False
1187134,JPX-SIMP,135090,False
1187134,JPX-SIMP,135089,False
1187134,JPX-SIMP,135088,False
1187134,JPX-SIMP,135087,False
1187134,JPX-SIMP,135094,False
1187134,JPX-XAG,136184,False
1187134,JPX-XAG,136183,False
1187134,JPX-XAG,136182,False
1187134,JPX-XAG,136181,False
1187134,JPX-XAG,136180,False
1187134,JPX-XAG,136179,False
1187134,JPX-XAG,136178,False
1187134,JPX-XAG,136177,False
1187134,JPX-XAG,136185,False
1187134,JPX-XAG,136176,False
1187136,JPX-XAG,136198,False
1187136,JPX-KTST,134766,False
1187136,JPX-GOLD,140328,False
1187219,JPX-XAG,136200,False
1187231,JPX-ETFSH,128399,False
1187231,JPX-ETFSH,128395,False
1187231,JPX-ETFSH,128397,False
1187232,JPX-ETFSH,128398,False
1187232,JPX-ETFSH,128400,False
1187232,JPX-ETFSH,128402,False
1187232,JPX-ETFSH,128396,False
1187232,JPX-ETFSH,128394,False
1187232,JPX-ETFSH,128401,False
1187232,JPX-ETFSH,128403,False
1187233,JPX-CARD,139193,False
1187233,JPX-CARD,139192,False
1187233,JPX-CARD,139191,False
1187233,JPX-CARD,139190,False
1187233,JPX-CARD,139189,False
1187233,JPX-CARD,139188,False
1187233,JPX-CARD,139187,False
1187233,JPX-CARD,139186,False
1187233,JPX-CARD,139185,False
1187233,JPX-CARD,139184,False
1187233,JPX-GOLD,140326,False
1187233,JPX-GOLD,140325,False
1187233,JPX-GOLD,140323,False
1187233,JPX-GOLD,140318,False
1187233,JPX-GOLD,140320,False
1187233,JPX-GOLD,140321,False
1187233,JPX-GOLD,140317,False
1187233,JPX-GOLD,140319,False
1187233,JPX-GOLD,140322,False
1187233,JPX-GOLD,140324,False
1187233,JPX-HT,136279,False
1187233,JPX-HT,136278,False
1187233,JPX-HT,136277,False
1187233,JPX-HT,136275,False
1187233,JPX-HT,136273,False
1187233,JPX-HT,136272,False
1187233,JPX-HT,136270,False
1187233,JPX-HT,136276,False
1187233,JPX-HT,136274,False
1187233,JPX-HT,136271,False
1187234,JPX-JNAF,135808,False
1187234,JPX-JNAF,135807,False
1187234,JPX-JNAF,135806,False
1187234,JPX-JNAF,135804,False
1187234,JPX-JNAF,135803,False
1187234,JPX-JNAF,135802,False
1187234,JPX-JNAF,135801,False
1187234,JPX-JNAF,135800,False
1187234,JPX-JNAF,135799,False
1187234,JPX-JNAF,135805,False
1187234,JPX-KTST,134765,False
1187234,JPX-KTST,134764,False
1187234,JPX-KTST,134761,False
1187234,JPX-KTST,134760,False
1187234,JPX-KTST,134759,False
1187234,JPX-KTST,134758,False
1187234,JPX-KTST,134757,False
1187234,JPX-KTST,134756,False
1187234,JPX-KTST,134762,False
1187235,JPX-KTST,134763,False
1187235,JPX-SIMP,135107,False
1187235,JPX-SIMP,135106,False
1187235,JPX-SIMP,135105,False
1187235,JPX-SIMP,135104,False
1187235,JPX-SIMP,135103,False
1187235,JPX-SIMP,135102,False
1187235,JPX-SIMP,135101,False
1187235,JPX-SIMP,135100,False
1187235,JPX-SIMP,135099,False
1187235,JPX-SIMP,135098,False
1187235,JPX-XAG,136196,False
1187235,JPX-XAG,136195,False
1187235,JPX-XAG,136194,False
1187235,JPX-XAG,136193,False
1187235,JPX-XAG,136192,False
1187235,JPX-XAG,136191,False
1187235,JPX-XAG,136190,False
1187235,JPX-XAG,136188,False
1187235,JPX-XAG,136187,False
1187235,JPX-XAG,136189,False
1187258,JPX-XAG,136211,False
1187258,JPX-KTST,134780,False
1187258,JPX-KTST,134781,False
1187258,JPX-GOLD,140341,False
1187258,JPX-XAG,136212,False
1187331,JPX-ETFSH,128413,False
1187331,JPX-ETFSH,128412,False
1187331,JPX-ETFSH,128410,False
1187331,JPX-ETFSH,128407,False
1187331,JPX-ETFSH,128409,False
1187331,JPX-ETFSH,128414,False
1187332,JPX-ETFSH,128411,False
1187332,JPX-ETFSH,128406,False
1187332,JPX-ETFSH,128405,False
1187332,JPX-ETFSH,128408,False
1187333,JPX-CARD,139203,False
1187333,JPX-CARD,139202,False
1187333,JPX-CARD,139201,False
1187333,JPX-CARD,139200,False
1187333,JPX-CARD,139199,False
1187333,JPX-CARD,139198,False
1187333,JPX-CARD,139197,False
1187333,JPX-CARD,139196,False
1187333,JPX-CARD,139195,False
1187333,JPX-CARD,139194,False
1187333,JPX-GOLD,140337,False
1187333,JPX-GOLD,140335,False
1187333,JPX-GOLD,140334,False
1187333,JPX-GOLD,140333,False
1187333,JPX-GOLD,140330,False
1187333,JPX-GOLD,140336,False
1187333,JPX-GOLD,140339,False
1187333,JPX-GOLD,140332,False
1187333,JPX-GOLD,140338,False
1187333,JPX-HT,136289,False
1187333,JPX-HT,136288,False
1187333,JPX-HT,136286,False
1187333,JPX-HT,136283,False
1187333,JPX-HT,136282,False
1187333,JPX-HT,136281,False
1187333,JPX-HT,136280,False
1187333,JPX-HT,136287,False
1187333,JPX-HT,136284,False
1187334,JPX-HT,136285,False
1187334,JPX-JNAF,135818,False
1187334,JPX-JNAF,135817,False
1187334,JPX-JNAF,135816,False
1187334,JPX-JNAF,135815,False
1187334,JPX-JNAF,135814,False
1187334,JPX-JNAF,135813,False
1187334,JPX-JNAF,135812,False
1187334,JPX-JNAF,135811,False
1187334,JPX-JNAF,135810,False
1187334,JPX-JNAF,135809,False
1187335,JPX-KTST,134779,False
1187335,JPX-KTST,134777,False
1187335,JPX-KTST,134775,False
1187335,JPX-KTST,134774,False
1187335,JPX-KTST,134773,False
1187335,JPX-KTST,134772,False
1187335,JPX-KTST,134771,False
1187335,JPX-KTST,134770,False
1187335,JPX-KTST,134778,False
1187335,JPX-KTST,134776,False
1187335,JPX-SIMP,135117,False
1187335,JPX-SIMP,135116,False
1187335,JPX-SIMP,135114,False
1187335,JPX-SIMP,135113,False
1187335,JPX-SIMP,135112,False
1187335,JPX-SIMP,135111,False
1187335,JPX-SIMP,135110,False
1187335,JPX-SIMP,135109,False
1187335,JPX-SIMP,135108,False
1187335,JPX-SIMP,135115,False
1187335,JPX-XAG,136208,False
1187335,JPX-XAG,136207,False
1187335,JPX-XAG,136206,False
1187335,JPX-XAG,136204,False
1187335,JPX-XAG,136202,False
1187335,JPX-XAG,136201,False
1187335,JPX-XAG,136210,False
1187335,JPX-XAG,136205,False
1187335,JPX-XAG,136203,False
1187336,JPX-XAG,136209,False
1187339,JPX-XAG,136223,False
1187339,JPX-GOLD,140354,False
1187339,JPX-KTST,134793,False
1187339,JPX-XAG,136225,False
1187430,JPX-GOLD,140356,False
1187430,JPX-KTST,134794,False
1187430,JPX-XAG,136227,False
1187431,JPX-ETFSH,128422,False
1187431,JPX-ETFSH,128420,False
1187431,JPX-ETFSH,128417,False
1187431,JPX-ETFSH,128416,False
1187431,JPX-ETFSH,128419,False
1187431,JPX-ETFSH,128421,False
1187432,JPX-ETFSH,128424,False
1187432,JPX-ETFSH,128418,False
1187433,JPX-ETFSH,128425,False
1187433,JPX-ETFSH,128423,False
1187433,JPX-CARD,139213,False
1187433,JPX-CARD,139212,False
1187433,JPX-CARD,139211,False
1187433,JPX-CARD,139208,False
1187433,JPX-CARD,139207,False
1187433,JPX-CARD,139206,False
1187433,JPX-CARD,139205,False
1187433,JPX-CARD,139210,False
1187433,JPX-CARD,139209,False
1187433,JPX-GOLD,140353,False
1187433,JPX-GOLD,140351,False
1187433,JPX-GOLD,140349,False
1187433,JPX-GOLD,140348,False
1187433,JPX-GOLD,140347,False
1187433,JPX-GOLD,140346,False
1187433,JPX-GOLD,140345,False
1187433,JPX-GOLD,140344,False
1187433,JPX-GOLD,140350,False
1187433,JPX-GOLD,140352,False
1187433,JPX-HT,136300,False
1187433,JPX-HT,136299,False
1187433,JPX-HT,136298,False
1187433,JPX-HT,136297,False
1187433,JPX-HT,136296,False
1187433,JPX-HT,136295,False
1187433,JPX-HT,136293,False
1187433,JPX-HT,136292,False
1187433,JPX-HT,136291,False
1187433,JPX-HT,136294,False
1187434,JPX-JNAF,135828,False
1187434,JPX-JNAF,135827,False
1187434,JPX-JNAF,135826,False
1187434,JPX-JNAF,135825,False
1187434,JPX-JNAF,135824,False
1187434,JPX-JNAF,135823,False
1187434,JPX-JNAF,135822,False
1187434,JPX-JNAF,135821,False
1187434,JPX-JNAF,135820,False
1187434,JPX-JNAF,135819,False
1187434,JPX-KTST,134792,False
1187434,JPX-KTST,134790,False
1187434,JPX-KTST,134788,False
1187434,JPX-KTST,134786,False
1187434,JPX-KTST,134784,False
1187434,JPX-KTST,134783,False
1187434,JPX-KTST,134791,False
1187434,JPX-KTST,134789,False
1187435,JPX-KTST,134787,False
1187435,JPX-KTST,134785,False
1187435,JPX-SIMP,135127,False
1187435,JPX-SIMP,135125,False
1187435,JPX-SIMP,135123,False
1187435,JPX-SIMP,135122,False
1187435,JPX-SIMP,135121,False
1187435,JPX-SIMP,135119,False
1187435,JPX-SIMP,135124,False
1187435,JPX-SIMP,135128,False
1187435,JPX-SIMP,135126,False
1187435,JPX-SIMP,135120,False
1187435,JPX-XAG,136221,False
1187435,JPX-XAG,136219,False
1187435,JPX-XAG,136217,False
1187435,JPX-XAG,136215,False
1187435,JPX-XAG,136213,False
1187435,JPX-XAG,136218,False
1187435,JPX-XAG,136220,False
1187435,JPX-XAG,136222,False
1187435,JPX-XAG,136216,False
1187435,JPX-XAG,136214,False
1187527,JPX-GOLD,140368,False
1187527,JPX-XAG,136238,False
1187528,JPX-ETFSH,128437,False
1187528,JPX-ETFSH,128438,False
1187528,JPX-XAG,136239,False
1187531,JPX-ETFSH,128435,False
1187531,JPX-ETFSH,128433,False
1187531,JPX-ETFSH,128431,False
1187531,JPX-ETFSH,128426,False
1187531,JPX-ETFSH,128428,False
1187531,JPX-ETFSH,128429,False
1187532,JPX-ETFSH,128434,False
1187532,JPX-ETFSH,128430,False
1187532,JPX-ETFSH,128432,False
1187533,JPX-CARD,139224,False
1187533,JPX-CARD,139223,False
1187533,JPX-CARD,139220,False
1187533,JPX-CARD,139218,False
1187533,JPX-CARD,139216,False
1187533,JPX-CARD,139215,False
1187533,JPX-CARD,139217,False
1187533,JPX-CARD,139221,False
1187533,JPX-CARD,139222,False
1187533,JPX-CARD,139219,False
1187533,JPX-GOLD,140367,False
1187533,JPX-GOLD,140366,False
1187533,JPX-GOLD,140365,False
1187533,JPX-GOLD,140364,False
1187533,JPX-GOLD,140363,False
1187533,JPX-GOLD,140362,False
1187533,JPX-GOLD,140361,False
1187533,JPX-GOLD,140360,False
1187533,JPX-GOLD,140359,False
1187533,JPX-GOLD,140358,False
1187533,JPX-HT,136310,False
1187533,JPX-HT,136309,False
1187533,JPX-HT,136308,False
1187533,JPX-HT,136307,False
1187533,JPX-HT,136306,False
1187533,JPX-HT,136304,False
1187533,JPX-HT,136303,False
1187533,JPX-HT,136302,False
1187533,JPX-HT,136301,False
1187533,JPX-HT,136305,False
1187534,JPX-JNAF,135838,False
1187534,JPX-JNAF,135837,False
1187534,JPX-JNAF,135836,False
1187534,JPX-JNAF,135835,False
1187534,JPX-JNAF,135834,False
1187534,JPX-JNAF,135833,False
1187534,JPX-JNAF,135832,False
1187534,JPX-JNAF,135831,False
1187534,JPX-JNAF,135830,False
1187534,JPX-JNAF,135829,False
1187534,JPX-KTST,134804,False
1187534,JPX-KTST,134802,False
1187534,JPX-KTST,134800,False
1187534,JPX-KTST,134798,False
1187534,JPX-KTST,134805,False
1187534,JPX-KTST,134797,False
1187535,JPX-KTST,134801,False
1187535,JPX-KTST,134799,False
1187535,JPX-KTST,134803,False
1187535,JPX-KTST,134796,False
1187535,JPX-SIMP,135139,False
1187535,JPX-SIMP,135137,False
1187535,JPX-SIMP,135135,False
1187535,JPX-SIMP,135134,False
1187535,JPX-SIMP,135133,False
1187535,JPX-SIMP,135132,False
1187535,JPX-SIMP,135130,False
1187535,JPX-SIMP,135138,False
1187535,JPX-SIMP,135136,False
1187535,JPX-SIMP,135131,False
1187535,JPX-XAG,136237,False
1187535,JPX-XAG,136236,False
1187535,JPX-XAG,136232,False
1187535,JPX-XAG,136230,False
1187535,JPX-XAG,136229,False
1187535,JPX-XAG,136228,False
1187535,JPX-XAG,136234,False
1187535,JPX-XAG,136235,False
1187535,JPX-XAG,136233,False
1187535,JPX-XAG,136231,False
1187545,JPX-KTST,134817,False
1187545,JPX-GOLD,140380,False
1187628,JPX-XAG,136251,False
1187628,JPX-GOLD,140381,False
1187628,JPX-CARD,139236,False
1187628,JPX-KTST,134818,False
1187628,JPX-XAG,136252,False
1187631,JPX-ETFSH,128448,False
1187631,JPX-ETFSH,128447,False
1187631,JPX-ETFSH,128445,False
1187631,JPX-ETFSH,128441,False
1187631,JPX-ETFSH,128439,False
1187632,JPX-ETFSH,128443,False
1187632,JPX-ETFSH,128442,False
1187632,JPX-ETFSH,128446,False
1187632,JPX-ETFSH,128444,False
1187632,JPX-ETFSH,128440,False
1187633,JPX-CARD,139233,False
1187633,JPX-CARD,139231,False
1187633,JPX-CARD,139229,False
1187633,JPX-CARD,139228,False
1187633,JPX-CARD,139227,False
1187633,JPX-CARD,139226,False
1187633,JPX-CARD,139225,False
1187633,JPX-CARD,139234,False
1187633,JPX-CARD,139230,False
1187633,JPX-CARD,139232,False
1187633,JPX-GOLD,140379,False
1187633,JPX-GOLD,140378,False
1187633,JPX-GOLD,140377,False
1187633,JPX-GOLD,140376,False
1187633,JPX-GOLD,140375,False
1187633,JPX-GOLD,140374,False
1187633,JPX-GOLD,140373,False
1187633,JPX-GOLD,140372,False
1187633,JPX-GOLD,140371,False
1187633,JPX-GOLD,140370,False
1187633,JPX-HT,136319,False
1187633,JPX-HT,136317,False
1187633,JPX-HT,136314,False
1187633,JPX-HT,136313,False
1187633,JPX-HT,136312,False
1187633,JPX-HT,136311,False
1187633,JPX-HT,136318,False
1187633,JPX-HT,136316,False
1187633,JPX-HT,136320,False
1187633,JPX-HT,136315,False
1187634,JPX-JNAF,135848,False
1187634,JPX-JNAF,135847,False
1187634,JPX-JNAF,135846,False
1187634,JPX-JNAF,135845,False
1187634,JPX-JNAF,135844,False
1187634,JPX-JNAF,135843,False
1187634,JPX-JNAF,135842,False
1187634,JPX-JNAF,135841,False
1187634,JPX-JNAF,135840,False
1187634,JPX-JNAF,135839,False
1187635,JPX-KTST,134812,False
1187635,JPX-KTST,134810,False
1187635,JPX-KTST,134808,False
1187635,JPX-KTST,134806,False
1187635,JPX-KTST,134814,False
1187635,JPX-KTST,134815,False
1187635,JPX-KTST,134807,False
1187635,JPX-KTST,134809,False
1187635,JPX-KTST,134811,False
1187635,JPX-KTST,134813,False
1187635,JPX-SIMP,135149,False
1187635,JPX-SIMP,135148,False
1187635,JPX-SIMP,135147,False
1187635,JPX-SIMP,135146,False
1187635,JPX-SIMP,135145,False
1187635,JPX-SIMP,135144,False
1187635,JPX-SIMP,135142,False
1187635,JPX-SIMP,135141,False
1187635,JPX-SIMP,135140,False
1187635,JPX-SIMP,135143,False
1187635,JPX-XAG,136249,False
1187635,JPX-XAG,136248,False
1187635,JPX-XAG,136247,False
1187635,JPX-XAG,136244,False
1187635,JPX-XAG,136243,False
1187635,JPX-XAG,136241,False
1187635,JPX-XAG,136240,False
1187635,JPX-XAG,136246,False
1187635,JPX-XAG,136245,False
1187635,JPX-XAG,136242,False
1187729,JPX-ETFSH,128461,False
1187731,JPX-ETFSH,128458,False
1187731,JPX-ETFSH,128456,False
1187731,JPX-ETFSH,128453,False
1187731,JPX-ETFSH,128451,False
1187731,JPX-ETFSH,128449,False
1187732,JPX-ETFSH,128452,False
1187732,JPX-ETFSH,128457,False
1187733,JPX-ETFSH,128454,False
1187733,JPX-ETFSH,128455,False
1187734,JPX-CARD,139246,False
1187734,JPX-CARD,139245,False
1187734,JPX-CARD,139244,False
1187734,JPX-CARD,139243,False
1187734,JPX-CARD,139242,False
1187734,JPX-CARD,139240,False
1187734,JPX-CARD,139239,False
1187734,JPX-CARD,139238,False
1187734,JPX-CARD,139237,False
1187734,JPX-CARD,139241,False
1187734,JPX-GOLD,140394,False
1187734,JPX-GOLD,140393,False
1187734,JPX-GOLD,140392,False
1187734,JPX-GOLD,140391,False
1187734,JPX-GOLD,140390,False
1187734,JPX-GOLD,140389,False
1187734,JPX-GOLD,140388,False
1187734,JPX-GOLD,140387,False
1187734,JPX-GOLD,140386,False
1187734,JPX-GOLD,140385,False
1187734,JPX-HT,136329,False
1187734,JPX-HT,136327,False
1187734,JPX-HT,136324,False
1187734,JPX-HT,136323,False
1187734,JPX-HT,136322,False
1187734,JPX-HT,136321,False
1187734,JPX-HT,136325,False
1187734,JPX-HT,136330,False
1187734,JPX-HT,136326,False
1187734,JPX-HT,136328,False
1187734,JPX-JNAF,135858,False
1187734,JPX-JNAF,135857,False
1187734,JPX-JNAF,135853,False
1187734,JPX-JNAF,135852,False
1187734,JPX-JNAF,135851,False
1187734,JPX-JNAF,135850,False
1187734,JPX-JNAF,135849,False
1187735,JPX-JNAF,135855,False
1187735,JPX-JNAF,135856,False
1187735,JPX-JNAF,135854,False
1187735,JPX-KTST,134824,False
1187735,JPX-KTST,134822,False
1187735,JPX-KTST,134820,False
1187736,JPX-KTST,134827,False
1187736,JPX-KTST,134826,False
1187736,JPX-KTST,134823,False
1187736,JPX-KTST,134828,False
1187736,JPX-KTST,134825,False
1187736,JPX-KTST,134821,False
1187736,JPX-KTST,134819,False
1187736,JPX-SIMP,135161,False
1187736,JPX-SIMP,135160,False
1187736,JPX-SIMP,135159,False
1187736,JPX-SIMP,135158,False
1187736,JPX-SIMP,135157,False
1187736,JPX-SIMP,135155,False
1187736,JPX-SIMP,135154,False
1187736,JPX-SIMP,135153,False
1187736,JPX-SIMP,135152,False
1187736,JPX-SIMP,135156,False
1187736,JPX-XAG,136262,False
1187736,JPX-XAG,136260,False
1187736,JPX-XAG,136258,False
1187736,JPX-XAG,136256,False
1187736,JPX-XAG,136264,False
1187736,JPX-XAG,136259,False
1187736,JPX-XAG,136263,False
1187736,JPX-XAG,136261,False
1187736,JPX-XAG,136257,False
1187736,JPX-XAG,136255,False
1187746,JPX-XAG,136276,False
1187746,JPX-CARD,139257,False
1187746,JPX-KTST,134840,False
1187746,JPX-GOLD,140406,False
1187816,JPX-KTST,134842,False
1187831,JPX-ETFSH,128471,False
1187831,JPX-ETFSH,128470,False
1187831,JPX-ETFSH,128469,False
1187831,JPX-ETFSH,128467,False
1187831,JPX-ETFSH,128466,False
1187831,JPX-ETFSH,128465,False
1187831,JPX-ETFSH,128464,False
1187831,JPX-ETFSH,128462,False
1187831,JPX-ETFSH,128463,False
1187831,JPX-ETFSH,128468,False
1187834,JPX-CARD,139256,False
1187834,JPX-CARD,139255,False
1187834,JPX-CARD,139254,False
1187834,JPX-CARD,139253,False
1187834,JPX-CARD,139252,False
1187834,JPX-CARD,139251,False
1187834,JPX-CARD,139250,False
1187834,JPX-CARD,139248,False
1187834,JPX-CARD,139247,False
1187834,JPX-CARD,139249,False
1187834,JPX-GOLD,140404,False
1187834,JPX-GOLD,140403,False
1187834,JPX-GOLD,140402,False
1187834,JPX-GOLD,140401,False
1187834,JPX-GOLD,140400,False
1187834,JPX-GOLD,140398,False
1187834,JPX-GOLD,140397,False
1187834,JPX-GOLD,140396,False
1187834,JPX-GOLD,140395,False
1187834,JPX-GOLD,140399,False
1187834,JPX-HT,136339,False
1187834,JPX-HT,136337,False
1187834,JPX-HT,136335,False
1187834,JPX-HT,136334,False
1187834,JPX-HT,136333,False
1187834,JPX-HT,136332,False
1187834,JPX-HT,136331,False
1187834,JPX-HT,136340,False
1187834,JPX-HT,136336,False
1187834,JPX-HT,136338,False
1187834,JPX-JNAF,135868,False
1187834,JPX-JNAF,135867,False
1187834,JPX-JNAF,135865,False
1187834,JPX-JNAF,135864,False
1187834,JPX-JNAF,135863,False
1187834,JPX-JNAF,135862,False
1187834,JPX-JNAF,135860,False
1187834,JPX-JNAF,135866,False
1187835,JPX-JNAF,135859,False
1187835,JPX-JNAF,135861,False
1187835,JPX-KTST,134838,False
1187835,JPX-KTST,134836,False
1187835,JPX-KTST,134834,False
1187835,JPX-KTST,134833,False
1187835,JPX-KTST,134832,False
1187835,JPX-KTST,134831,False
1187835,JPX-KTST,134830,False
1187835,JPX-KTST,134835,False
1187835,JPX-KTST,134839,False
1187835,JPX-KTST,134837,False
1187836,JPX-SIMP,135171,False
1187836,JPX-SIMP,135170,False
1187836,JPX-SIMP,135169,False
1187836,JPX-SIMP,135168,False
1187836,JPX-SIMP,135167,False
1187836,JPX-SIMP,135166,False
1187836,JPX-SIMP,135165,False
1187836,JPX-SIMP,135164,False
1187836,JPX-SIMP,135163,False
1187836,JPX-SIMP,135162,False
1187836,JPX-XAG,136273,False
1187836,JPX-XAG,136272,False
1187836,JPX-XAG,136270,False
1187836,JPX-XAG,136268,False
1187836,JPX-XAG,136266,False
1187836,JPX-XAG,136274,False
1187836,JPX-XAG,136269,False
1187836,JPX-XAG,136265,False
1187836,JPX-XAG,136267,False
1187836,JPX-XAG,136271,False
1187873,JPX-XAG,136288,False
1187873,JPX-KTST,134853,False
1187873,JPX-KTST,134854,False
1187873,JPX-GOLD,140419,False
1187873,JPX-XAG,136289,False
1187873,JPX-KTST,134855,False
1187931,JPX-ETFSH,128481,False
1187931,JPX-ETFSH,128480,False
1187931,JPX-ETFSH,128479,False
1187931,JPX-ETFSH,128474,False
1187931,JPX-ETFSH,128477,False
1187931,JPX-ETFSH,128473,False
1187931,JPX-ETFSH,128475,False
1187931,JPX-ETFSH,128482,False
1187932,JPX-ETFSH,128478,False
1187933,JPX-ETFSH,128476,False
1187933,JPX-CARD,139267,False
1187933,JPX-CARD,139263,False
1187933,JPX-CARD,139262,False
1187933,JPX-CARD,139260,False
1187933,JPX-CARD,139265,False
1187933,JPX-CARD,139268,False
1187933,JPX-CARD,139259,False
1187933,JPX-CARD,139261,False
1187933,JPX-CARD,139264,False
1187933,JPX-CARD,139266,False
1187933,JPX-GOLD,140417,False
1187933,JPX-GOLD,140416,False
1187933,JPX-GOLD,140415,False
1187933,JPX-GOLD,140414,False
1187933,JPX-GOLD,140413,False
1187933,JPX-GOLD,140411,False
1187933,JPX-GOLD,140410,False
1187933,JPX-GOLD,140409,False
1187933,JPX-GOLD,140408,False
1187934,JPX-GOLD,140412,False
1187934,JPX-HT,136351,False
1187934,JPX-HT,136350,False
1187934,JPX-HT,136349,False
1187934,JPX-HT,136348,False
1187934,JPX-HT,136346,False
1187934,JPX-HT,136345,False
1187934,JPX-HT,136344,False
1187934,JPX-HT,136343,False
1187934,JPX-HT,136342,False
1187934,JPX-HT,136347,False
1187934,JPX-JNAF,135878,False
1187934,JPX-JNAF,135876,False
1187934,JPX-JNAF,135875,False
1187934,JPX-JNAF,135874,False
1187934,JPX-JNAF,135873,False
1187934,JPX-JNAF,135872,False
1187934,JPX-JNAF,135871,False
1187934,JPX-JNAF,135870,False
1187934,JPX-JNAF,135869,False
1187934,JPX-JNAF,135877,False
1187935,JPX-KTST,134851,False
1187935,JPX-KTST,134849,False
1187935,JPX-KTST,134847,False
1187935,JPX-KTST,134845,False
1187935,JPX-KTST,134844,False
1187935,JPX-KTST,134843,False
1187935,JPX-KTST,134846,False
1187935,JPX-KTST,134852,False
1187935,JPX-KTST,134848,False
1187935,JPX-KTST,134850,False
1187936,JPX-SIMP,135181,False
1187936,JPX-SIMP,135180,False
1187936,JPX-SIMP,135179,False
1187936,JPX-SIMP,135178,False
1187936,JPX-SIMP,135177,False
1187936,JPX-SIMP,135175,False
1187936,JPX-SIMP,135174,False
1187936,JPX-SIMP,135173,False
1187936,JPX-SIMP,135172,False
1187936,JPX-SIMP,135176,False
1187936,JPX-XAG,136286,False
1187936,JPX-XAG,136283,False
1187936,JPX-XAG,136282,False
1187936,JPX-XAG,136281,False
1187936,JPX-XAG,136280,False
1187936,JPX-XAG,136279,False
1187936,JPX-XAG,136278,False
1187936,JPX-XAG,136287,False
1187936,JPX-XAG,136284,False
1187936,JPX-XAG,136285,False
1187950,JPX-XAG,136300,False
1187950,JPX-GOLD,140430,False
1187950,JPX-XAG,136301,False
1187950,JPX-XAG,136302,False
1188031,JPX-ETFSH,128493,False
1188031,JPX-ETFSH,128491,False
1188031,JPX-ETFSH,128488,False
1188031,JPX-ETFSH,128486,False
1188031,JPX-ETFSH,128485,False
1188031,JPX-ETFSH,128484,False
1188031,JPX-ETFSH,128487,False
1188031,JPX-ETFSH,128489,False
1188031,JPX-ETFSH,128492,False
1188032,JPX-ETFSH,128490,False
1188032,JPX-CARD,139278,False
1188032,JPX-CARD,139277,False
1188032,JPX-CARD,139276,False
1188032,JPX-CARD,139275,False
1188032,JPX-CARD,139273,False
1188032,JPX-CARD,139271,False
1188032,JPX-CARD,139269,False
1188032,JPX-CARD,139274,False
1188032,JPX-CARD,139272,False
1188032,JPX-CARD,139270,False
1188033,JPX-GOLD,140429,False
1188033,JPX-GOLD,140428,False
1188033,JPX-GOLD,140427,False
1188033,JPX-GOLD,140426,False
1188033,JPX-GOLD,140425,False
1188033,JPX-GOLD,140423,False
1188033,JPX-GOLD,140422,False
1188033,JPX-GOLD,140421,False
1188033,JPX-GOLD,140420,False
1188033,JPX-GOLD,140424,False
1188033,JPX-HT,136361,False
1188033,JPX-HT,136360,False
1188033,JPX-HT,136359,False
1188033,JPX-HT,136358,False
1188033,JPX-HT,136357,False
1188033,JPX-HT,136356,False
1188033,JPX-HT,136355,False
1188033,JPX-HT,136354,False
1188033,JPX-HT,136353,False
1188033,JPX-HT,136352,False
1188033,JPX-JNAF,135888,False
1188033,JPX-JNAF,135887,False
1188033,JPX-JNAF,135886,False
1188033,JPX-JNAF,135885,False
1188033,JPX-JNAF,135884,False
1188033,JPX-JNAF,135883,False
1188033,JPX-JNAF,135882,False
1188033,JPX-JNAF,135881,False
1188033,JPX-JNAF,135880,False
1188033,JPX-JNAF,135879,False
1188034,JPX-KTST,134863,False
1188034,JPX-KTST,134861,False
1188034,JPX-KTST,134859,False
1188034,JPX-KTST,134857,False
1188034,JPX-KTST,134864,False
1188034,JPX-KTST,134856,False
1188034,JPX-KTST,134862,False
1188034,JPX-KTST,134858,False
1188034,JPX-KTST,134860,False
1188035,JPX-KTST,134865,False
1188035,JPX-SIMP,135191,False
1188035,JPX-SIMP,135187,False
1188035,JPX-SIMP,135186,False
1188035,JPX-SIMP,135184,False
1188035,JPX-SIMP,135183,False
1188035,JPX-SIMP,135185,False
1188035,JPX-SIMP,135192,False
1188035,JPX-SIMP,135190,False
1188035,JPX-SIMP,135188,False
1188035,JPX-SIMP,135189,False
1188035,JPX-XAG,136299,False
1188035,JPX-XAG,136298,False
1188035,JPX-XAG,136297,False
1188035,JPX-XAG,136296,False
1188035,JPX-XAG,136295,False
1188035,JPX-XAG,136293,False
1188035,JPX-XAG,136292,False
1188035,JPX-XAG,136291,False
1188035,JPX-XAG,136290,False
1188035,JPX-XAG,136294,False
1188056,JPX-XAG,136314,False
1188056,JPX-GOLD,140443,False
1188056,JPX-XAG,136315,False
1188101,JPX-XAG,136316,False
1188131,JPX-ETFSH,128504,False
1188131,JPX-ETFSH,128501,False
1188131,JPX-ETFSH,128500,False
1188131,JPX-ETFSH,128498,False
1188131,JPX-ETFSH,128497,False
1188131,JPX-ETFSH,128496,False
1188131,JPX-ETFSH,128499,False
1188132,JPX-ETFSH,128495,False
1188132,JPX-ETFSH,128503,False
1188133,JPX-ETFSH,128502,False
1188133,JPX-CARD,139288,False
1188133,JPX-CARD,139286,False
1188133,JPX-CARD,139284,False
1188133,JPX-CARD,139283,False
1188133,JPX-CARD,139282,False
1188133,JPX-CARD,139281,False
1188133,JPX-CARD,139280,False
1188133,JPX-CARD,139285,False
1188133,JPX-CARD,139287,False
1188133,JPX-CARD,139289,False
1188133,JPX-GOLD,140441,False
1188133,JPX-GOLD,140440,False
1188133,JPX-GOLD,140439,False
1188133,JPX-GOLD,140438,False
1188133,JPX-GOLD,140437,False
1188133,JPX-GOLD,140436,False
1188133,JPX-GOLD,140434,False
1188133,JPX-GOLD,140433,False
1188133,JPX-GOLD,140432,False
1188133,JPX-GOLD,140435,False
1188133,JPX-HT,136371,False
1188133,JPX-HT,136370,False
1188133,JPX-HT,136369,False
1188133,JPX-HT,136368,False
1188133,JPX-HT,136367,False
1188133,JPX-HT,136366,False
1188133,JPX-HT,136365,False
1188133,JPX-HT,136364,False
1188133,JPX-HT,136363,False
1188133,JPX-HT,136362,False
1188134,JPX-JNAF,135899,False
1188134,JPX-JNAF,135898,False
1188134,JPX-JNAF,135897,False
1188134,JPX-JNAF,135896,False
1188134,JPX-JNAF,135895,False
1188134,JPX-JNAF,135894,False
1188134,JPX-JNAF,135893,False
1188134,JPX-JNAF,135892,False
1188134,JPX-JNAF,135891,False
1188134,JPX-JNAF,135890,False
1188134,JPX-KTST,134878,False
1188134,JPX-KTST,134877,False
1188134,JPX-KTST,134874,False
1188134,JPX-KTST,134873,False
1188134,JPX-KTST,134872,False
1188134,JPX-KTST,134871,False
1188134,JPX-KTST,134870,False
1188134,JPX-KTST,134869,False
1188135,JPX-KTST,134876,False
1188135,JPX-KTST,134875,False
1188135,JPX-SIMP,135201,False
1188135,JPX-SIMP,135199,False
1188135,JPX-SIMP,135197,False
1188135,JPX-SIMP,135195,False
1188135,JPX-SIMP,135193,False
1188135,JPX-SIMP,135200,False
1188135,JPX-SIMP,135194,False
1188135,JPX-SIMP,135198,False
1188135,JPX-SIMP,135196,False
1188135,JPX-SIMP,135202,False
1188135,JPX-XAG,136313,False
1188135,JPX-XAG,136312,False
1188135,JPX-XAG,136311,False
1188135,JPX-XAG,136310,False
1188135,JPX-XAG,136309,False
1188135,JPX-XAG,136308,False
1188135,JPX-XAG,136307,False
1188135,JPX-XAG,136306,False
1188135,JPX-XAG,136304,False
1188135,JPX-XAG,136305,False
1188144,JPX-KTST,134890,False
1188144,JPX-GOLD,140456,False
1188196,JPX-KTST,134891,False
1188223,JPX-GOLD,140457,False
1188223,JPX-KTST,134892,False
1188223,JPX-KTST,134893,False
1188231,JPX-ETFSH,128514,False
1188231,JPX-ETFSH,128513,False
1188231,JPX-ETFSH,128509,False
1188231,JPX-ETFSH,128506,False
1188231,JPX-ETFSH,128511,False
1188231,JPX-ETFSH,128512,False
1188231,JPX-ETFSH,128508,False
1188231,JPX-ETFSH,128515,False
1188231,JPX-ETFSH,128507,False
1188232,JPX-ETFSH,128510,False
1188232,JPX-CARD,139300,False
1188232,JPX-CARD,139299,False
1188232,JPX-CARD,139298,False
1188232,JPX-CARD,139297,False
1188232,JPX-CARD,139295,False
1188232,JPX-CARD,139294,False
1188232,JPX-CARD,139292,False
1188232,JPX-CARD,139293,False
1188232,JPX-CARD,139291,False
1188232,JPX-CARD,139296,False
1188232,JPX-GOLD,140453,False
1188232,JPX-GOLD,140452,False
1188232,JPX-GOLD,140451,False
1188232,JPX-GOLD,140450,False
1188232,JPX-GOLD,140449,False
1188232,JPX-GOLD,140448,False
1188232,JPX-GOLD,140447,False
1188232,JPX-GOLD,140446,False
1188232,JPX-GOLD,140445,False
1188232,JPX-GOLD,140444,False
1188233,JPX-HT,136381,False
1188233,JPX-HT,136380,False
1188233,JPX-HT,136379,False
1188233,JPX-HT,136378,False
1188233,JPX-HT,136377,False
1188233,JPX-HT,136376,False
1188233,JPX-HT,136375,False
1188233,JPX-HT,136374,False
1188233,JPX-HT,136373,False
1188233,JPX-HT,136372,False
1188233,JPX-JNAF,135910,False
1188233,JPX-JNAF,135909,False
1188233,JPX-JNAF,135908,False
1188233,JPX-JNAF,135907,False
1188233,JPX-JNAF,135906,False
1188233,JPX-JNAF,135905,False
1188233,JPX-JNAF,135904,False
1188233,JPX-JNAF,135903,False
1188233,JPX-JNAF,135902,False
1188233,JPX-JNAF,135901,False
1188233,JPX-KTST,134888,False
1188233,JPX-KTST,134887,False
1188233,JPX-KTST,134885,False
1188233,JPX-KTST,134884,False
1188233,JPX-KTST,134883,False
1188233,JPX-KTST,134882,False
1188233,JPX-KTST,134881,False
1188233,JPX-KTST,134880,False
1188234,JPX-KTST,134886,False
1188234,JPX-KTST,134889,False
1188235,JPX-SIMP,135211,False
1188235,JPX-SIMP,135209,False
1188235,JPX-SIMP,135207,False
1188235,JPX-SIMP,135205,False
1188235,JPX-SIMP,135203,False
1188235,JPX-SIMP,135212,False
1188235,JPX-SIMP,135210,False
1188235,JPX-SIMP,135208,False
1188235,JPX-SIMP,135206,False
1188235,JPX-SIMP,135204,False
1188235,JPX-XAG,136324,False
1188235,JPX-XAG,136323,False
1188235,JPX-XAG,136322,False
1188235,JPX-XAG,136321,False
1188235,JPX-XAG,136319,False
1188235,JPX-XAG,136317,False
1188235,JPX-XAG,136318,False
1188235,JPX-XAG,136320,False
1188235,JPX-XAG,136325,False
1188235,JPX-XAG,136326,False
1188331,JPX-KTST,134908,False
1188331,JPX-GOLD,140470,False
1188331,JPX-ETFSH,128523,False
1188331,JPX-ETFSH,128520,False
1188331,JPX-ETFSH,128519,False
1188331,JPX-ETFSH,128518,False
1188331,JPX-ETFSH,128521,False
1188331,JPX-ETFSH,128526,False
1188332,JPX-ETFSH,128522,False
1188332,JPX-ETFSH,128524,False
1188333,JPX-ETFSH,128517,False
1188333,JPX-ETFSH,128525,False
1188333,JPX-CARD,139309,False
1188333,JPX-CARD,139308,False
1188333,JPX-CARD,139307,False
1188333,JPX-CARD,139306,False
1188333,JPX-CARD,139305,False
1188333,JPX-CARD,139304,False
1188333,JPX-CARD,139302,False
1188333,JPX-CARD,139303,False
1188333,JPX-CARD,139301,False
1188333,JPX-CARD,139310,False
1188333,JPX-GOLD,140468,False
1188333,JPX-GOLD,140467,False
1188333,JPX-GOLD,140466,False
1188333,JPX-GOLD,140465,False
1188333,JPX-GOLD,140464,False
1188333,JPX-GOLD,140463,False
1188333,JPX-GOLD,140459,False
1188333,JPX-GOLD,140460,False
1188333,JPX-GOLD,140462,False
1188333,JPX-GOLD,140461,False
1188333,JPX-HT,136391,False
1188333,JPX-HT,136390,False
1188333,JPX-HT,136389,False
1188333,JPX-HT,136388,False
1188333,JPX-HT,136386,False
1188333,JPX-HT,136385,False
1188333,JPX-HT,136384,False
1188333,JPX-HT,136383,False
1188333,JPX-HT,136382,False
1188333,JPX-HT,136387,False
1188334,JPX-JNAF,135920,False
1188334,JPX-JNAF,135919,False
1188334,JPX-JNAF,135918,False
1188334,JPX-JNAF,135917,False
1188334,JPX-JNAF,135916,False
1188334,JPX-JNAF,135915,False
1188334,JPX-JNAF,135914,False
1188334,JPX-JNAF,135913,False
1188334,JPX-JNAF,135912,False
1188334,JPX-JNAF,135911,False
1188335,JPX-KTST,134904,False
1188335,JPX-KTST,134902,False
1188335,JPX-KTST,134900,False
1188335,JPX-KTST,134898,False
1188335,JPX-KTST,134901,False
1188335,JPX-KTST,134899,False
1188335,JPX-KTST,134897,False
1188335,JPX-KTST,134895,False
1188335,JPX-KTST,134903,False
1188335,JPX-SIMP,135224,False
1188335,JPX-SIMP,135223,False
1188335,JPX-SIMP,135222,False
1188335,JPX-SIMP,135220,False
1188335,JPX-SIMP,135219,False
1188335,JPX-SIMP,135217,False
1188335,JPX-SIMP,135215,False
1188335,JPX-SIMP,135221,False
1188335,JPX-SIMP,135218,False
1188335,JPX-SIMP,135216,False
1188336,JPX-XAG,136341,False
1188336,JPX-XAG,136339,False
1188336,JPX-XAG,136337,False
1188336,JPX-XAG,136335,False
1188336,JPX-XAG,136334,False
1188336,JPX-XAG,136332,False
1188336,JPX-XAG,136340,False
1188336,JPX-XAG,136336,False
1188336,JPX-XAG,136338,False
1188431,JPX-HT,136402,False
1188431,JPX-KTST,134920,False
1188431,JPX-GOLD,140483,False
1188432,JPX-ETFSH,128536,False
1188432,JPX-ETFSH,128535,False
1188432,JPX-ETFSH,128534,False
1188432,JPX-ETFSH,128532,False
1188432,JPX-ETFSH,128528,False
1188432,JPX-ETFSH,128530,False
1188432,JPX-ETFSH,128531,False
1188432,JPX-ETFSH,128537,False
1188433,JPX-ETFSH,128529,False
1188433,JPX-ETFSH,128533,False
1188433,JPX-CARD,139317,False
1188433,JPX-CARD,139315,False
1188433,JPX-CARD,139313,False
1188433,JPX-CARD,139311,False
1188433,JPX-CARD,139319,False
1188433,JPX-CARD,139312,False
1188433,JPX-CARD,139320,False
1188433,JPX-CARD,139314,False
1188433,JPX-CARD,139316,False
1188433,JPX-CARD,139318,False
1188433,JPX-GOLD,140481,False
1188433,JPX-GOLD,140480,False
1188433,JPX-GOLD,140479,False
1188433,JPX-GOLD,140478,False
1188433,JPX-GOLD,140477,False
1188433,JPX-GOLD,140475,False
1188433,JPX-GOLD,140474,False
1188433,JPX-GOLD,140473,False
1188433,JPX-GOLD,140472,False
1188433,JPX-GOLD,140476,False
1188434,JPX-HT,136401,False
1188434,JPX-HT,136400,False
1188434,JPX-HT,136399,False
1188434,JPX-HT,136398,False
1188434,JPX-HT,136397,False
1188434,JPX-HT,136396,False
1188434,JPX-HT,136395,False
1188434,JPX-HT,136394,False
1188434,JPX-HT,136393,False
1188434,JPX-HT,136392,False
1188434,JPX-JNAF,135930,False
1188434,JPX-JNAF,135929,False
1188434,JPX-JNAF,135928,False
1188434,JPX-JNAF,135927,False
1188434,JPX-JNAF,135926,False
1188434,JPX-JNAF,135925,False
1188434,JPX-JNAF,135924,False
1188434,JPX-JNAF,135923,False
1188434,JPX-JNAF,135922,False
1188434,JPX-JNAF,135921,False
1188435,JPX-KTST,134918,False
1188435,JPX-KTST,134916,False
1188435,JPX-KTST,134914,False
1188435,JPX-KTST,134912,False
1188435,JPX-KTST,134910,False
1188435,JPX-KTST,134917,False
1188435,JPX-KTST,134915,False
1188435,JPX-KTST,134913,False
1188435,JPX-KTST,134911,False
1188435,JPX-KTST,134909,False
1188436,JPX-SIMP,135231,False
1188436,JPX-SIMP,135229,False
1188436,JPX-SIMP,135228,False
1188436,JPX-SIMP,135227,False
1188436,JPX-SIMP,135226,False
1188436,JPX-SIMP,135225,False
1188436,JPX-SIMP,135233,False
1188436,JPX-SIMP,135234,False
1188436,JPX-SIMP,135230,False
1188436,JPX-SIMP,135232,False
1188436,JPX-XAG,136354,False
1188436,JPX-XAG,136353,False
1188436,JPX-XAG,136352,False
1188436,JPX-XAG,136351,False
1188436,JPX-XAG,136350,False
1188436,JPX-XAG,136349,False
1188436,JPX-XAG,136348,False
1188436,JPX-XAG,136346,False
1188436,JPX-XAG,136345,False
1188436,JPX-XAG,136347,False
1188532,JPX-XAG,136369,False
1188532,JPX-ETFSH,128545,False
1188532,JPX-ETFSH,128543,False
1188532,JPX-ETFSH,128542,False
1188532,JPX-ETFSH,128541,False
1188532,JPX-ETFSH,128539,False
1188532,JPX-ETFSH,128540,False
1188532,JPX-ETFSH,128538,False
1188532,JPX-ETFSH,128544,False
1188533,JPX-ETFSH,128547,False
1188533,JPX-ETFSH,128546,False
1188534,JPX-CARD,139330,False
1188534,JPX-CARD,139329,False
1188534,JPX-CARD,139328,False
1188534,JPX-CARD,139327,False
1188534,JPX-CARD,139326,False
1188534,JPX-CARD,139325,False
1188534,JPX-CARD,139324,False
1188534,JPX-CARD,139323,False
1188534,JPX-CARD,139322,False
1188534,JPX-CARD,139321,False
1188534,JPX-GOLD,140493,False
1188534,JPX-GOLD,140492,False
1188534,JPX-GOLD,140491,False
1188534,JPX-GOLD,140490,False
1188534,JPX-GOLD,140489,False
1188534,JPX-GOLD,140488,False
1188534,JPX-GOLD,140486,False
1188534,JPX-GOLD,140484,False
1188534,JPX-GOLD,140487,False
1188534,JPX-GOLD,140485,False
1188534,JPX-HT,136412,False
1188534,JPX-HT,136411,False
1188534,JPX-HT,136410,False
1188534,JPX-HT,136409,False
1188534,JPX-HT,136408,False
1188534,JPX-HT,136407,False
1188534,JPX-HT,136406,False
1188534,JPX-HT,136405,False
1188534,JPX-HT,136404,False
1188534,JPX-HT,136403,False
1188535,JPX-JNAF,135940,False
1188535,JPX-JNAF,135939,False
1188535,JPX-JNAF,135937,False
1188535,JPX-JNAF,135936,False
1188535,JPX-JNAF,135935,False
1188535,JPX-JNAF,135934,False
1188535,JPX-JNAF,135932,False
1188535,JPX-JNAF,135931,False
1188535,JPX-JNAF,135933,False
1188535,JPX-JNAF,135938,False
1188535,JPX-KTST,134930,False
1188536,JPX-KTST,134928,False
1188536,JPX-KTST,134927,False
1188536,JPX-KTST,134926,False
1188536,JPX-KTST,134925,False
1188536,JPX-KTST,134924,False
1188536,JPX-KTST,134923,False
1188536,JPX-KTST,134922,False
1188536,JPX-KTST,134921,False
1188536,JPX-KTST,134929,False
1188536,JPX-SIMP,135243,False
1188536,JPX-SIMP,135242,False
1188536,JPX-SIMP,135240,False
1188536,JPX-SIMP,135239,False
1188536,JPX-SIMP,135238,False
1188536,JPX-SIMP,135236,False
1188536,JPX-SIMP,135244,False
1188536,JPX-SIMP,135241,False
1188536,JPX-SIMP,135245,False
1188536,JPX-SIMP,135237,False
1188536,JPX-XAG,136368,False
1188536,JPX-XAG,136367,False
1188536,JPX-XAG,136366,False
1188536,JPX-XAG,136365,False
1188536,JPX-XAG,136364,False
1188536,JPX-XAG,136363,False
1188536,JPX-XAG,136362,False
1188536,JPX-XAG,136361,False
1188536,JPX-XAG,136360,False
1188536,JPX-XAG,136359,False
1188631,JPX-ETFSH,128557,False
1188631,JPX-ETFSH,128556,False
1188631,JPX-ETFSH,128555,False
1188631,JPX-ETFSH,128554,False
1188631,JPX-ETFSH,128551,False
1188631,JPX-ETFSH,128549,False
1188632,JPX-ETFSH,128553,False
1188632,JPX-ETFSH,128552,False
1188632,JPX-ETFSH,128558,False
1188633,JPX-ETFSH,128550,False
1188633,JPX-CARD,139340,False
1188633,JPX-CARD,139338,False
1188633,JPX-CARD,139336,False
1188633,JPX-CARD,139334,False
1188633,JPX-CARD,139333,False
1188633,JPX-CARD,139331,False
1188633,JPX-CARD,139332,False
1188633,JPX-CARD,139335,False
1188633,JPX-CARD,139337,False
1188633,JPX-CARD,139339,False
1188633,JPX-GOLD,140501,False
1188633,JPX-GOLD,140499,False
1188633,JPX-GOLD,140498,False
1188633,JPX-GOLD,140497,False
1188633,JPX-GOLD,140496,False
1188633,JPX-GOLD,140495,False
1188633,JPX-GOLD,140494,False
1188633,JPX-GOLD,140500,False
1188633,JPX-GOLD,140502,False
1188633,JPX-GOLD,140503,False
1188633,JPX-HT,136422,False
1188633,JPX-HT,136420,False
1188633,JPX-HT,136418,False
1188633,JPX-HT,136417,False
1188633,JPX-HT,136416,False
1188633,JPX-HT,136415,False
1188633,JPX-HT,136414,False
1188633,JPX-HT,136423,False
1188633,JPX-HT,136421,False
1188633,JPX-HT,136419,False
1188634,JPX-JNAF,135950,False
1188634,JPX-JNAF,135949,False
1188634,JPX-JNAF,135948,False
1188634,JPX-JNAF,135947,False
1188634,JPX-JNAF,135946,False
1188634,JPX-JNAF,135945,False
1188634,JPX-JNAF,135943,False
1188634,JPX-JNAF,135942,False
1188634,JPX-JNAF,135941,False
1188634,JPX-JNAF,135944,False
1188635,JPX-KTST,134941,False
1188635,JPX-KTST,134940,False
1188635,JPX-KTST,134939,False
1188635,JPX-KTST,134938,False
1188635,JPX-KTST,134937,False
1188635,JPX-KTST,134936,False
1188635,JPX-KTST,134935,False
1188635,JPX-KTST,134934,False
1188635,JPX-KTST,134933,False
1188635,JPX-KTST,134932,False
1188635,JPX-SIMP,135255,False
1188635,JPX-SIMP,135254,False
1188635,JPX-SIMP,135253,False
1188635,JPX-SIMP,135250,False
1188635,JPX-SIMP,135248,False
1188635,JPX-SIMP,135247,False
1188635,JPX-SIMP,135246,False
1188635,JPX-SIMP,135249,False
1188635,JPX-SIMP,135252,False
1188635,JPX-SIMP,135251,False
1188636,JPX-XAG,136379,False
1188636,JPX-XAG,136378,False
1188636,JPX-XAG,136377,False
1188636,JPX-XAG,136376,False
1188636,JPX-XAG,136375,False
1188636,JPX-XAG,136374,False
1188636,JPX-XAG,136373,False
1188636,JPX-XAG,136372,False
1188636,JPX-XAG,136371,False
1188636,JPX-XAG,136370,False
1188642,JPX-XAG,136391,False
1188642,JPX-GOLD,140515,False
1188642,JPX-KTST,134952,False
1188642,JPX-XAG,136392,False
1188695,JPX-ETFSH,128570,False
1188731,JPX-ETFSH,128566,False
1188731,JPX-ETFSH,128565,False
1188731,JPX-ETFSH,128563,False
1188731,JPX-ETFSH,128564,False
1188732,JPX-ETFSH,128567,False
1188732,JPX-ETFSH,128560,False
1188732,JPX-ETFSH,128562,False
1188732,JPX-ETFSH,128568,False
1188733,JPX-ETFSH,128559,False
1188733,JPX-ETFSH,128561,False
1188734,JPX-CARD,139351,False
1188734,JPX-CARD,139349,False
1188734,JPX-CARD,139347,False
1188734,JPX-CARD,139345,False
1188734,JPX-CARD,139342,False
1188734,JPX-CARD,139344,False
1188734,JPX-CARD,139343,False
1188734,JPX-CARD,139346,False
1188734,JPX-CARD,139348,False
1188734,JPX-CARD,139350,False
1188734,JPX-GOLD,140513,False
1188734,JPX-GOLD,140512,False
1188734,JPX-GOLD,140511,False
1188734,JPX-GOLD,140510,False
1188734,JPX-GOLD,140509,False
1188734,JPX-GOLD,140508,False
1188734,JPX-GOLD,140507,False
1188734,JPX-GOLD,140506,False
1188734,JPX-GOLD,140505,False
1188734,JPX-GOLD,140504,False
1188734,JPX-HT,136434,False
1188734,JPX-HT,136432,False
1188734,JPX-HT,136430,False
1188734,JPX-HT,136429,False
1188734,JPX-HT,136428,False
1188734,JPX-HT,136427,False
1188734,JPX-HT,136426,False
1188734,JPX-HT,136425,False
1188734,JPX-HT,136431,False
1188734,JPX-HT,136433,False
1188734,JPX-JNAF,135960,False
1188734,JPX-JNAF,135959,False
1188734,JPX-JNAF,135958,False
1188734,JPX-JNAF,135957,False
1188734,JPX-JNAF,135956,False
1188734,JPX-JNAF,135955,False
1188734,JPX-JNAF,135954,False
1188734,JPX-JNAF,135953,False
1188734,JPX-JNAF,135952,False
1188734,JPX-JNAF,135951,False
1188735,JPX-KTST,134949,False
1188735,JPX-KTST,134948,False
1188735,JPX-KTST,134947,False
1188735,JPX-KTST,134946,False
1188735,JPX-KTST,134945,False
1188735,JPX-KTST,134943,False
1188735,JPX-KTST,134942,False
1188735,JPX-KTST,134944,False
1188736,JPX-KTST,134950,False
1188736,JPX-KTST,134951,False
1188736,JPX-SIMP,135266,False
1188736,JPX-SIMP,135264,False
1188736,JPX-SIMP,135262,False
1188736,JPX-SIMP,135261,False
1188736,JPX-SIMP,135260,False
1188736,JPX-SIMP,135259,False
1188736,JPX-SIMP,135258,False
1188736,JPX-SIMP,135257,False
1188736,JPX-SIMP,135263,False
1188736,JPX-SIMP,135265,False
1188736,JPX-XAG,136390,False
1188736,JPX-XAG,136389,False
1188736,JPX-XAG,136388,False
1188736,JPX-XAG,136386,False
1188736,JPX-XAG,136385,False
1188736,JPX-XAG,136384,False
1188736,JPX-XAG,136383,False
1188736,JPX-XAG,136382,False
1188736,JPX-XAG,136381,False
1188736,JPX-XAG,136387,False
1188749,JPX-XAG,136405,False
1188749,JPX-GOLD,140529,False
1188749,JPX-XAG,136406,False
1188749,JPX-XAG,136407,False
1188749,JPX-KTST,134965,False
1188749,JPX-GOLD,140531,False
1188749,JPX-XAG,136408,False
1188822,JPX-KTST,134966,False
1188822,JPX-KTST,134967,False
1188831,JPX-ETFSH,128580,False
1188831,JPX-ETFSH,128579,False
1188831,JPX-ETFSH,128578,False
1188831,JPX-ETFSH,128576,False
1188831,JPX-ETFSH,128574,False
1188831,JPX-ETFSH,128573,False
1188831,JPX-ETFSH,128575,False
1188832,JPX-ETFSH,128577,False
1188833,JPX-ETFSH,128571,False
1188833,JPX-ETFSH,128572,False
1188834,JPX-CARD,139361,False
1188834,JPX-CARD,139360,False
1188834,JPX-CARD,139358,False
1188834,JPX-CARD,139357,False
1188834,JPX-CARD,139356,False
1188834,JPX-CARD,139355,False
1188834,JPX-CARD,139353,False
1188834,JPX-CARD,139359,False
1188834,JPX-CARD,139352,False
1188834,JPX-CARD,139354,False
1188834,JPX-GOLD,140527,False
1188834,JPX-GOLD,140526,False
1188834,JPX-GOLD,140525,False
1188834,JPX-GOLD,140524,False
1188834,JPX-GOLD,140523,False
1188834,JPX-GOLD,140522,False
1188834,JPX-GOLD,140521,False
1188834,JPX-GOLD,140520,False
1188834,JPX-GOLD,140519,False
1188834,JPX-GOLD,140518,False
1188834,JPX-HT,136445,False
1188834,JPX-HT,136443,False
1188834,JPX-HT,136441,False
1188834,JPX-HT,136440,False
1188834,JPX-HT,136438,False
1188834,JPX-HT,136436,False
1188834,JPX-HT,136444,False
1188834,JPX-HT,136442,False
1188834,JPX-HT,136437,False
1188834,JPX-HT,136439,False
1188834,JPX-JNAF,135970,False
1188834,JPX-JNAF,135969,False
1188834,JPX-JNAF,135968,False
1188834,JPX-JNAF,135966,False
1188834,JPX-JNAF,135965,False
1188834,JPX-JNAF,135964,False
1188834,JPX-JNAF,135963,False
1188834,JPX-JNAF,135962,False
1188835,JPX-JNAF,135961,False
1188835,JPX-JNAF,135967,False
1188835,JPX-KTST,134963,False
1188835,JPX-KTST,134961,False
1188835,JPX-KTST,134959,False
1188835,JPX-KTST,134958,False
1188835,JPX-KTST,134957,False
1188835,JPX-KTST,134956,False
1188835,JPX-KTST,134954,False
1188835,JPX-KTST,134955,False
1188835,JPX-KTST,134960,False
1188836,JPX-KTST,134962,False
1188836,JPX-SIMP,135276,False
1188836,JPX-SIMP,135275,False
1188836,JPX-SIMP,135274,False
1188836,JPX-SIMP,135273,False
1188836,JPX-SIMP,135272,False
1188836,JPX-SIMP,135271,False
1188836,JPX-SIMP,135270,False
1188836,JPX-SIMP,135269,False
1188836,JPX-SIMP,135268,False
1188836,JPX-SIMP,135267,False
1188836,JPX-XAG,136404,False
1188836,JPX-XAG,136403,False
1188836,JPX-XAG,136402,False
1188836,JPX-XAG,136401,False
1188836,JPX-XAG,136400,False
1188836,JPX-XAG,136399,False
1188836,JPX-XAG,136398,False
1188836,JPX-XAG,136397,False
1188836,JPX-XAG,136396,False
1188836,JPX-XAG,136395,False
1188836,JPX-XAG,136419,False
1188836,JPX-KTST,134978,False
1188836,JPX-KTST,134979,False
1188836,JPX-XAG,136420,False
1188913,JPX-XAG,136421,False
1188913,JPX-XAG,136422,False
1188929,JPX-XAG,136424,False
1188929,JPX-GOLD,140544,False
1188931,JPX-ETFSH,128588,False
1188931,JPX-ETFSH,128585,False
1188931,JPX-ETFSH,128584,False
1188931,JPX-ETFSH,128587,False
1188931,JPX-ETFSH,128589,False
1188932,JPX-ETFSH,128583,False
1188932,JPX-ETFSH,128582,False
1188932,JPX-ETFSH,128586,False
1188932,JPX-ETFSH,128590,False
1188932,JPX-ETFSH,128581,False
1188933,JPX-CARD,139371,False
1188933,JPX-CARD,139369,False
1188933,JPX-CARD,139367,False
1188933,JPX-CARD,139365,False
1188933,JPX-CARD,139363,False
1188933,JPX-CARD,139362,False
1188933,JPX-CARD,139370,False
1188933,JPX-CARD,139366,False
1188933,JPX-CARD,139364,False
1188933,JPX-CARD,139368,False
1188933,JPX-GOLD,140541,False
1188933,JPX-GOLD,140540,False
1188933,JPX-GOLD,140539,False
1188933,JPX-GOLD,140538,False
1188933,JPX-GOLD,140537,False
1188933,JPX-GOLD,140536,False
1188933,JPX-GOLD,140535,False
1188933,JPX-GOLD,140534,False
1188933,JPX-GOLD,140532,False
1188933,JPX-GOLD,140533,False
1188933,JPX-HT,136456,False
1188933,JPX-HT,136454,False
1188933,JPX-HT,136451,False
1188933,JPX-HT,136449,False
1188933,JPX-HT,136450,False
1188933,JPX-HT,136448,False
1188933,JPX-HT,136452,False
1188933,JPX-HT,136457,False
1188933,JPX-HT,136453,False
1188933,JPX-HT,136455,False
1188933,JPX-JNAF,135980,False
1188933,JPX-JNAF,135978,False
1188933,JPX-JNAF,135977,False
1188933,JPX-JNAF,135976,False
1188933,JPX-JNAF,135975,False
1188933,JPX-JNAF,135974,False
1188933,JPX-JNAF,135973,False
1188933,JPX-JNAF,135972,False
1188933,JPX-JNAF,135979,False
1188934,JPX-JNAF,135981,False
1188934,JPX-KTST,134976,False
1188934,JPX-KTST,134974,False
1188934,JPX-KTST,134972,False
1188934,JPX-KTST,134971,False
1188934,JPX-KTST,134969,False
1188934,JPX-KTST,134970,False
1188935,JPX-KTST,134968,False
1188935,JPX-KTST,134973,False
1188935,JPX-KTST,134975,False
1188935,JPX-KTST,134977,False
1188935,JPX-SIMP,135287,False
1188935,JPX-SIMP,135286,False
1188935,JPX-SIMP,135285,False
1188935,JPX-SIMP,135284,False
1188935,JPX-SIMP,135283,False
1188935,JPX-SIMP,135281,False
1188935,JPX-SIMP,135280,False
1188935,JPX-SIMP,135279,False
1188935,JPX-SIMP,135278,False
1188935,JPX-SIMP,135282,False
1188935,JPX-XAG,136418,False
1188935,JPX-XAG,136417,False
1188935,JPX-XAG,136416,False
1188935,JPX-XAG,136415,False
1188935,JPX-XAG,136414,False
1188935,JPX-XAG,136412,False
1188935,JPX-XAG,136411,False
1188935,JPX-XAG,136410,False
1188935,JPX-XAG,136409,False
1188935,JPX-XAG,136413,False
1188948,JPX-KTST,134990,False
1188948,JPX-KTST,134991,False
1188948,JPX-GOLD,140555,False
1189026,JPX-XAG,136436,False
1189026,JPX-KTST,134993,False
1189026,JPX-GOLD,140557,False
1189026,JPX-XAG,136437,False
1189031,JPX-ETFSH,128600,False
1189031,JPX-ETFSH,128599,False
1189031,JPX-ETFSH,128597,False
1189031,JPX-ETFSH,128596,False
1189031,JPX-ETFSH,128592,False
1189031,JPX-ETFSH,128601,False
1189031,JPX-ETFSH,128595,False
1189031,JPX-ETFSH,128594,False
1189031,JPX-ETFSH,128598,False
1189032,JPX-ETFSH,128593,False
1189034,JPX-CARD,139381,False
1189034,JPX-CARD,139380,False
1189034,JPX-CARD,139379,False
1189034,JPX-CARD,139376,False
1189034,JPX-CARD,139374,False
1189034,JPX-CARD,139373,False
1189034,JPX-CARD,139372,False
1189034,JPX-CARD,139375,False
1189034,JPX-CARD,139377,False
1189034,JPX-CARD,139378,False
1189034,JPX-GOLD,140554,False
1189034,JPX-GOLD,140553,False
1189034,JPX-GOLD,140552,False
1189034,JPX-GOLD,140551,False
1189034,JPX-GOLD,140550,False
1189034,JPX-GOLD,140549,False
1189034,JPX-GOLD,140548,False
1189034,JPX-GOLD,140547,False
1189034,JPX-GOLD,140546,False
1189034,JPX-GOLD,140545,False
1189034,JPX-HT,136468,False
1189034,JPX-HT,136466,False
1189034,JPX-HT,136463,False
1189034,JPX-HT,136460,False
1189034,JPX-HT,136461,False
1189034,JPX-HT,136464,False
1189034,JPX-HT,136462,False
1189034,JPX-HT,136467,False
1189034,JPX-HT,136469,False
1189034,JPX-HT,136465,False
1189034,JPX-JNAF,135990,False
1189034,JPX-JNAF,135988,False
1189034,JPX-JNAF,135986,False
1189034,JPX-JNAF,135985,False
1189034,JPX-JNAF,135984,False
1189034,JPX-JNAF,135982,False
1189034,JPX-JNAF,135983,False
1189034,JPX-JNAF,135991,False
1189034,JPX-JNAF,135989,False
1189035,JPX-JNAF,135987,False
1189035,JPX-KTST,134986,False
1189035,JPX-KTST,134982,False
1189035,JPX-KTST,134980,False
1189035,JPX-KTST,134984,False
1189035,JPX-KTST,134981,False
1189035,JPX-KTST,134983,False
1189035,JPX-KTST,134988,False
1189035,JPX-KTST,134985,False
1189036,JPX-KTST,134987,False
1189036,JPX-KTST,134989,False
1189036,JPX-SIMP,135298,False
1189036,JPX-SIMP,135296,False
1189036,JPX-SIMP,135294,False
1189036,JPX-SIMP,135293,False
1189036,JPX-SIMP,135292,False
1189036,JPX-SIMP,135291,False
1189036,JPX-SIMP,135290,False
1189036,JPX-SIMP,135289,False
1189036,JPX-SIMP,135295,False
1189036,JPX-SIMP,135297,False
1189036,JPX-XAG,136434,False
1189036,JPX-XAG,136432,False
1189036,JPX-XAG,136430,False
1189036,JPX-XAG,136429,False
1189036,JPX-XAG,136428,False
1189036,JPX-XAG,136427,False
1189036,JPX-XAG,136426,False
1189036,JPX-XAG,136425,False
1189036,JPX-XAG,136431,False
1189036,JPX-XAG,136433,False
1189086,JPX-ETFSH,128613,False
1189129,JPX-GOLD,140568,False
1189129,JPX-HT,136481,False
1189131,JPX-ETFSH,128612,False
1189131,JPX-ETFSH,128609,False
1189131,JPX-ETFSH,128607,False
1189131,JPX-ETFSH,128606,False
1189131,JPX-ETFSH,128605,False
1189131,JPX-ETFSH,128603,False
1189131,JPX-ETFSH,128610,False
1189131,JPX-ETFSH,128608,False
1189131,JPX-ETFSH,128604,False
1189132,JPX-ETFSH,128611,False
1189133,JPX-CARD,139390,False
1189133,JPX-CARD,139388,False
1189133,JPX-CARD,139387,False
1189133,JPX-CARD,139386,False
1189133,JPX-CARD,139385,False
1189133,JPX-CARD,139383,False
1189133,JPX-CARD,139384,False
1189133,JPX-CARD,139382,False
1189133,JPX-CARD,139389,False
1189133,JPX-CARD,139391,False
1189133,JPX-GOLD,140567,False
1189133,JPX-GOLD,140566,False
1189133,JPX-GOLD,140565,False
1189133,JPX-GOLD,140564,False
1189133,JPX-GOLD,140563,False
1189133,JPX-GOLD,140562,False
1189133,JPX-GOLD,140559,False
1189133,JPX-GOLD,140561,False
1189133,JPX-GOLD,140560,False
1189133,JPX-GOLD,140558,False
1189133,JPX-HT,136480,False
1189133,JPX-HT,136476,False
1189133,JPX-HT,136474,False
1189133,JPX-HT,136472,False
1189133,JPX-HT,136478,False
1189133,JPX-HT,136479,False
1189133,JPX-HT,136477,False
1189133,JPX-HT,136471,False
1189133,JPX-HT,136473,False
1189133,JPX-HT,136475,False
1189133,JPX-JNAF,136000,False
1189133,JPX-JNAF,135998,False
1189134,JPX-JNAF,135996,False
1189134,JPX-JNAF,135992,False
1189134,JPX-JNAF,135994,False
1189134,JPX-JNAF,135993,False
1189134,JPX-JNAF,135997,False
1189134,JPX-JNAF,135995,False
1189134,JPX-JNAF,135999,False
1189134,JPX-JNAF,136001,False
1189134,JPX-KTST,135004,False
1189134,JPX-KTST,135003,False
1189134,JPX-KTST,135001,False
1189134,JPX-KTST,134999,False
1189134,JPX-KTST,134997,False
1189134,JPX-KTST,134995,False
1189134,JPX-KTST,135002,False
1189135,JPX-KTST,134996,False
1189135,JPX-KTST,135000,False
1189135,JPX-KTST,134998,False
1189135,JPX-SIMP,135308,False
1189135,JPX-SIMP,135307,False
1189135,JPX-SIMP,135306,False
1189135,JPX-SIMP,135305,False
1189135,JPX-SIMP,135304,False
1189135,JPX-SIMP,135303,False
1189135,JPX-SIMP,135302,False
1189135,JPX-SIMP,135301,False
1189135,JPX-SIMP,135300,False
1189135,JPX-SIMP,135299,False
1189135,JPX-XAG,136447,False
1189135,JPX-XAG,136445,False
1189135,JPX-XAG,136443,False
1189135,JPX-XAG,136441,False
1189135,JPX-XAG,136440,False
1189135,JPX-XAG,136448,False
1189135,JPX-XAG,136446,False
1189135,JPX-XAG,136444,False
1189135,JPX-XAG,136442,False
1189135,JPX-XAG,136439,False
1189146,JPX-GOLD,140579,False
1189146,JPX-KTST,135017,False
1189231,JPX-ETFSH,128622,False
1189231,JPX-ETFSH,128619,False
1189231,JPX-ETFSH,128618,False
1189231,JPX-ETFSH,128617,False
1189231,JPX-ETFSH,128616,False
1189231,JPX-ETFSH,128620,False
1189232,JPX-ETFSH,128615,False
1189232,JPX-ETFSH,128623,False
1189232,JPX-ETFSH,128614,False
1189232,JPX-ETFSH,128621,False
1189233,JPX-CARD,139400,False
1189233,JPX-CARD,139399,False
1189233,JPX-CARD,139398,False
1189233,JPX-CARD,139397,False
1189233,JPX-CARD,139396,False
1189233,JPX-CARD,139395,False
1189233,JPX-CARD,139394,False
1189233,JPX-CARD,139401,False
1189233,JPX-CARD,139403,False
1189233,JPX-CARD,139402,False
1189233,JPX-GOLD,140578,False
1189233,JPX-GOLD,140576,False
1189233,JPX-GOLD,140575,False
1189233,JPX-GOLD,140574,False
1189233,JPX-GOLD,140573,False
1189233,JPX-GOLD,140572,False
1189233,JPX-GOLD,140571,False
1189233,JPX-GOLD,140570,False
1189233,JPX-GOLD,140569,False
1189233,JPX-GOLD,140577,False
1189233,JPX-HT,136490,False
1189233,JPX-HT,136488,False
1189233,JPX-HT,136484,False
1189233,JPX-HT,136485,False
1189233,JPX-HT,136487,False
1189233,JPX-HT,136486,False
1189233,JPX-HT,136483,False
1189233,JPX-HT,136489,False
1189233,JPX-HT,136491,False
1189233,JPX-HT,136482,False
1189234,JPX-JNAF,136011,False
1189234,JPX-JNAF,136010,False
1189234,JPX-JNAF,136009,False
1189234,JPX-JNAF,136008,False
1189234,JPX-JNAF,136007,False
1189234,JPX-JNAF,136006,False
1189234,JPX-JNAF,136004,False
1189234,JPX-JNAF,136002,False
1189234,JPX-JNAF,136005,False
1189234,JPX-JNAF,136003,False
1189234,JPX-KTST,135014,False
1189234,JPX-KTST,135012,False
1189234,JPX-KTST,135010,False
1189234,JPX-KTST,135008,False
1189234,JPX-KTST,135006,False
1189235,JPX-KTST,135015,False
1189235,JPX-KTST,135007,False
1189235,JPX-KTST,135009,False
1189235,JPX-KTST,135011,False
1189235,JPX-KTST,135013,False
1189235,JPX-SIMP,135318,False
1189235,JPX-SIMP,135317,False
1189235,JPX-SIMP,135316,False
1189235,JPX-SIMP,135315,False
1189235,JPX-SIMP,135314,False
1189235,JPX-SIMP,135313,False
1189235,JPX-SIMP,135311,False
1189235,JPX-SIMP,135310,False
1189235,JPX-SIMP,135309,False
1189235,JPX-SIMP,135312,False
1189235,JPX-XAG,136458,False
1189235,JPX-XAG,136456,False
1189235,JPX-XAG,136454,False
1189235,JPX-XAG,136451,False
1189235,JPX-XAG,136450,False
1189235,JPX-XAG,136459,False
1189235,JPX-XAG,136452,False
1189235,JPX-XAG,136457,False
1189235,JPX-XAG,136453,False
1189235,JPX-XAG,136455,False
1189237,JPX-GOLD,140591,False
1189237,JPX-HT,136503,False
1189300,JPX-ETFSH,128636,False
1189331,JPX-ETFSH,128635,False
1189331,JPX-ETFSH,128632,False
1189331,JPX-ETFSH,128630,False
1189331,JPX-ETFSH,128629,False
1189331,JPX-ETFSH,128626,False
1189331,JPX-ETFSH,128628,False
1189331,JPX-ETFSH,128627,False
1189332,JPX-ETFSH,128633,False
1189332,JPX-ETFSH,128631,False
1189332,JPX-ETFSH,128634,False
1189333,JPX-CARD,139413,False
1189333,JPX-CARD,139410,False
1189333,JPX-CARD,139408,False
1189333,JPX-CARD,139406,False
1189333,JPX-CARD,139404,False
1189333,JPX-CARD,139409,False
1189333,JPX-CARD,139411,False
1189333,JPX-CARD,139405,False
1189333,JPX-CARD,139407,False
1189333,JPX-CARD,139412,False
1189333,JPX-GOLD,140590,False
1189333,JPX-GOLD,140588,False
1189333,JPX-GOLD,140587,False
1189333,JPX-GOLD,140586,False
1189333,JPX-GOLD,140585,False
1189333,JPX-GOLD,140584,False
1189333,JPX-GOLD,140582,False
1189333,JPX-GOLD,140581,False
1189333,JPX-GOLD,140583,False
1189333,JPX-GOLD,140589,False
1189333,JPX-HT,136501,False
1189333,JPX-HT,136499,False
1189333,JPX-HT,136497,False
1189333,JPX-HT,136495,False
1189333,JPX-HT,136493,False
1189333,JPX-HT,136492,False
1189333,JPX-HT,136496,False
1189333,JPX-HT,136498,False
1189333,JPX-HT,136500,False
1189333,JPX-HT,136494,False
1189333,JPX-JNAF,136021,False
1189333,JPX-JNAF,136019,False
1189333,JPX-JNAF,136017,False
1189333,JPX-JNAF,136015,False
1189333,JPX-JNAF,136013,False
1189334,JPX-JNAF,136016,False
1189334,JPX-JNAF,136014,False
1189334,JPX-JNAF,136018,False
1189334,JPX-JNAF,136020,False
1189334,JPX-JNAF,136012,False
1189334,JPX-KTST,135027,False
1189334,JPX-KTST,135025,False
1189334,JPX-KTST,135023,False
1189334,JPX-KTST,135021,False
1189334,JPX-KTST,135019,False
1189334,JPX-KTST,135026,False
1189334,JPX-KTST,135022,False
1189334,JPX-KTST,135024,False
1189335,JPX-KTST,135020,False
1189335,JPX-KTST,135018,False
1189335,JPX-SIMP,135328,False
1189335,JPX-SIMP,135327,False
1189335,JPX-SIMP,135326,False
1189335,JPX-SIMP,135324,False
1189335,JPX-SIMP,135323,False
1189335,JPX-SIMP,135322,False
1189335,JPX-SIMP,135321,False
1189335,JPX-SIMP,135320,False
1189335,JPX-SIMP,135319,False
1189335,JPX-SIMP,135325,False
1189335,JPX-XAG,136470,False
1189335,JPX-XAG,136468,False
1189335,JPX-XAG,136466,False
1189335,JPX-XAG,136463,False
1189335,JPX-XAG,136461,False
1189335,JPX-XAG,136464,False
1189335,JPX-XAG,136462,False
1189335,JPX-XAG,136467,False
1189335,JPX-XAG,136469,False
1189335,JPX-XAG,136465,False
1189335,JPX-GOLD,140603,False
1189335,JPX-HT,136514,False
1189335,JPX-KTST,135040,False
1189414,JPX-KTST,135041,False
1189414,JPX-KTST,135042,False
1189427,JPX-GOLD,140605,False
1189427,JPX-HT,136516,False
1189427,JPX-KTST,135043,False
1189427,JPX-KTST,135044,False
1189431,JPX-ETFSH,128645,False
1189431,JPX-ETFSH,128644,False
1189431,JPX-ETFSH,128640,False
1189431,JPX-ETFSH,128639,False
1189431,JPX-ETFSH,128638,False
1189431,JPX-ETFSH,128637,False
1189431,JPX-ETFSH,128641,False
1189432,JPX-ETFSH,128642,False
1189432,JPX-ETFSH,128643,False
1189432,JPX-ETFSH,128646,False
1189433,JPX-CARD,139423,False
1189433,JPX-CARD,139421,False
1189433,JPX-CARD,139420,False
1189433,JPX-CARD,139419,False
1189433,JPX-CARD,139418,False
1189433,JPX-CARD,139416,False
1189433,JPX-CARD,139417,False
1189433,JPX-CARD,139424,False
1189433,JPX-CARD,139415,False
1189433,JPX-CARD,139422,False
1189433,JPX-GOLD,140602,False
1189433,JPX-GOLD,140600,False
1189433,JPX-GOLD,140599,False
1189433,JPX-GOLD,140598,False
1189433,JPX-GOLD,140597,False
1189433,JPX-GOLD,140596,False
1189433,JPX-GOLD,140595,False
1189433,JPX-GOLD,140593,False
1189433,JPX-GOLD,140594,False
1189433,JPX-GOLD,140601,False
1189433,JPX-HT,136504,False
1189433,JPX-HT,136508,False
1189433,JPX-HT,136510,False
1189433,JPX-HT,136512,False
1189433,JPX-HT,136506,False
1189433,JPX-HT,136513,False
1189433,JPX-HT,136509,False
1189433,JPX-HT,136511,False
1189433,JPX-HT,136505,False
1189433,JPX-HT,136507,False
1189433,JPX-JNAF,136031,False
1189433,JPX-JNAF,136030,False
1189433,JPX-JNAF,136029,False
1189433,JPX-JNAF,136028,False
1189433,JPX-JNAF,136027,False
1189433,JPX-JNAF,136026,False
1189433,JPX-JNAF,136025,False
1189433,JPX-JNAF,136024,False
1189433,JPX-JNAF,136022,False
1189434,JPX-JNAF,136023,False
1189434,JPX-KTST,135039,False
1189434,JPX-KTST,135038,False
1189434,JPX-KTST,135037,False
1189434,JPX-KTST,135036,False
1189434,JPX-KTST,135035,False
1189434,JPX-KTST,135034,False
1189434,JPX-KTST,135033,False
1189434,JPX-KTST,135032,False
1189434,JPX-KTST,135031,False
1189434,JPX-KTST,135030,False
1189435,JPX-SIMP,135338,False
1189435,JPX-SIMP,135336,False
1189435,JPX-SIMP,135335,False
1189435,JPX-SIMP,135334,False
1189435,JPX-SIMP,135333,False
1189435,JPX-SIMP,135332,False
1189435,JPX-SIMP,135331,False
1189435,JPX-SIMP,135330,False
1189435,JPX-SIMP,135329,False
1189435,JPX-SIMP,135337,False
1189435,JPX-XAG,136480,False
1189435,JPX-XAG,136476,False
1189435,JPX-XAG,136474,False
1189435,JPX-XAG,136478,False
1189435,JPX-XAG,136479,False
1189435,JPX-XAG,136477,False
1189435,JPX-XAG,136473,False
1189435,JPX-XAG,136481,False
1189435,JPX-XAG,136475,False
1189435,JPX-XAG,136482,False
1189528,JPX-HT,136529,False
1189528,JPX-HT,136530,False
1189528,JPX-GOLD,140618,False
1189531,JPX-ETFSH,128656,False
1189531,JPX-ETFSH,128653,False
1189531,JPX-ETFSH,128651,False
1189531,JPX-ETFSH,128650,False
1189531,JPX-ETFSH,128648,False
1189531,JPX-ETFSH,128654,False
1189531,JPX-ETFSH,128652,False
1189531,JPX-ETFSH,128655,False
1189532,JPX-ETFSH,128647,False
1189532,JPX-ETFSH,128649,False
1189533,JPX-CARD,139433,False
1189533,JPX-CARD,139431,False
1189533,JPX-CARD,139430,False
1189533,JPX-CARD,139429,False
1189533,JPX-CARD,139428,False
1189533,JPX-CARD,139427,False
1189533,JPX-CARD,139425,False
1189533,JPX-CARD,139432,False
1189533,JPX-CARD,139434,False
1189533,JPX-CARD,139426,False
1189533,JPX-GOLD,140616,False
1189533,JPX-GOLD,140615,False
1189533,JPX-GOLD,140613,False
1189533,JPX-GOLD,140612,False
1189533,JPX-GOLD,140611,False
1189533,JPX-GOLD,140610,False
1189533,JPX-GOLD,140609,False
1189533,JPX-GOLD,140608,False
1189533,JPX-GOLD,140607,False
1189533,JPX-GOLD,140614,False
1189533,JPX-HT,136527,False
1189533,JPX-HT,136526,False
1189533,JPX-HT,136525,False
1189533,JPX-HT,136524,False
1189533,JPX-HT,136522,False
1189533,JPX-HT,136518,False
1189533,JPX-HT,136520,False
1189533,JPX-HT,136521,False
1189533,JPX-HT,136523,False
1189533,JPX-HT,136519,False
1189534,JPX-JNAF,136041,False
1189534,JPX-JNAF,136040,False
1189534,JPX-JNAF,136039,False
1189534,JPX-JNAF,136038,False
1189534,JPX-JNAF,136037,False
1189534,JPX-JNAF,136036,False
1189534,JPX-JNAF,136035,False
1189534,JPX-JNAF,136034,False
1189534,JPX-JNAF,136033,False
1189534,JPX-JNAF,136032,False
1189534,JPX-KTST,135055,False
1189534,JPX-KTST,135054,False
1189534,JPX-KTST,135053,False
1189534,JPX-KTST,135052,False
1189534,JPX-KTST,135051,False
1189534,JPX-KTST,135050,False
1189534,JPX-KTST,135049,False
1189534,JPX-KTST,135048,False
1189534,JPX-KTST,135047,False
1189534,JPX-KTST,135046,False
1189535,JPX-SIMP,135347,False
1189535,JPX-SIMP,135346,False
1189535,JPX-SIMP,135345,False
1189535,JPX-SIMP,135344,False
1189535,JPX-SIMP,135343,False
1189535,JPX-SIMP,135342,False
1189535,JPX-SIMP,135341,False
1189535,JPX-SIMP,135340,False
1189535,JPX-SIMP,135339,False
1189535,JPX-SIMP,135348,False
1189535,JPX-XAG,136492,False
1189535,JPX-XAG,136490,False
1189535,JPX-XAG,136488,False
1189535,JPX-XAG,136484,False
1189535,JPX-XAG,136485,False
1189535,JPX-XAG,136487,False
1189535,JPX-XAG,136486,False
1189535,JPX-XAG,136483,False
1189535,JPX-XAG,136489,False
1189535,JPX-XAG,136491,False
1189630,JPX-HT,136541,False
1189630,JPX-GOLD,140630,False
1189631,JPX-ETFSH,128666,False
1189631,JPX-ETFSH,128664,False
1189631,JPX-ETFSH,128663,False
1189631,JPX-ETFSH,128662,False
1189631,JPX-ETFSH,128659,False
1189631,JPX-ETFSH,128658,False
1189631,JPX-ETFSH,128665,False
1189631,JPX-ETFSH,128660,False
1189632,JPX-ETFSH,128657,False
1189632,JPX-ETFSH,128661,False
1189633,JPX-CARD,139442,False
1189633,JPX-CARD,139441,False
1189633,JPX-CARD,139440,False
1189633,JPX-CARD,139439,False
1189633,JPX-CARD,139438,False
1189633,JPX-CARD,139437,False
1189633,JPX-CARD,139435,False
1189633,JPX-CARD,139444,False
1189633,JPX-CARD,139436,False
1189633,JPX-CARD,139443,False
1189633,JPX-GOLD,140628,False
1189633,JPX-GOLD,140626,False
1189633,JPX-GOLD,140625,False
1189633,JPX-GOLD,140624,False
1189633,JPX-GOLD,140623,False
1189633,JPX-GOLD,140622,False
1189633,JPX-GOLD,140621,False
1189633,JPX-GOLD,140620,False
1189633,JPX-GOLD,140619,False
1189633,JPX-GOLD,140627,False
1189633,JPX-HT,136540,False
1189633,JPX-HT,136539,False
1189633,JPX-HT,136538,False
1189633,JPX-HT,136537,False
1189633,JPX-HT,136536,False
1189633,JPX-HT,136535,False
1189633,JPX-HT,136534,False
1189633,JPX-HT,136533,False
1189633,JPX-HT,136532,False
1189633,JPX-HT,136531,False
1189634,JPX-JNAF,136051,False
1189634,JPX-JNAF,136049,False
1189634,JPX-JNAF,136046,False
1189634,JPX-JNAF,136044,False
1189634,JPX-JNAF,136042,False
1189634,JPX-JNAF,136045,False
1189634,JPX-JNAF,136048,False
1189634,JPX-JNAF,136050,False
1189634,JPX-JNAF,136047,False
1189634,JPX-JNAF,136043,False
1189634,JPX-KTST,135065,False
1189634,JPX-KTST,135063,False
1189634,JPX-KTST,135062,False
1189634,JPX-KTST,135061,False
1189634,JPX-KTST,135060,False
1189634,JPX-KTST,135059,False
1189634,JPX-KTST,135058,False
1189634,JPX-KTST,135066,False
1189635,JPX-KTST,135064,False
1189635,JPX-SIMP,135358,False
1189635,JPX-SIMP,135357,False
1189635,JPX-SIMP,135356,False
1189635,JPX-SIMP,135355,False
1189635,JPX-SIMP,135354,False
1189635,JPX-SIMP,135353,False
1189635,JPX-SIMP,135352,False
1189635,JPX-SIMP,135351,False
1189635,JPX-SIMP,135350,False
1189635,JPX-SIMP,135349,False
1189635,JPX-XAG,136503,False
1189635,JPX-XAG,136501,False
1189635,JPX-XAG,136499,False
1189635,JPX-XAG,136497,False
1189635,JPX-XAG,136495,False
1189635,JPX-XAG,136502,False
1189635,JPX-XAG,136496,False
1189635,JPX-XAG,136498,False
1189635,JPX-XAG,136500,False
1189635,JPX-XAG,136494,False
1189731,JPX-ETFSH,128676,False
1189731,JPX-ETFSH,128674,False
1189731,JPX-ETFSH,128672,False
1189731,JPX-ETFSH,128673,False
1189732,JPX-ETFSH,128671,False
1189732,JPX-ETFSH,128670,False
1189732,JPX-ETFSH,128675,False
1189732,JPX-ETFSH,128669,False
1189732,JPX-ETFSH,128677,False
1189732,JPX-ETFSH,128668,False
1189733,JPX-CARD,139452,False
1189733,JPX-CARD,139450,False
1189733,JPX-CARD,139447,False
1189733,JPX-CARD,139451,False
1189733,JPX-CARD,139449,False
1189733,JPX-CARD,139448,False
1189733,JPX-CARD,139455,False
1189733,JPX-CARD,139453,False
1189733,JPX-CARD,139454,False
1189733,JPX-CARD,139446,False
1189733,JPX-GOLD,140640,False
1189733,JPX-GOLD,140638,False
1189733,JPX-GOLD,140637,False
1189733,JPX-GOLD,140636,False
1189733,JPX-GOLD,140635,False
1189733,JPX-GOLD,140634,False
1189733,JPX-GOLD,140633,False
1189733,JPX-GOLD,140632,False
1189733,JPX-GOLD,140631,False
1189733,JPX-GOLD,140639,False
1189733,JPX-HT,136553,False
1189733,JPX-HT,136551,False
1189733,JPX-HT,136550,False
1189733,JPX-HT,136549,False
1189733,JPX-HT,136545,False
1189733,JPX-HT,136544,False
1189733,JPX-HT,136552,False
1189733,JPX-HT,136547,False
1189733,JPX-HT,136548,False
1189733,JPX-HT,136546,False
1189733,JPX-JNAF,136060,False
1189733,JPX-JNAF,136058,False
1189733,JPX-JNAF,136057,False
1189733,JPX-JNAF,136056,False
1189733,JPX-JNAF,136055,False
1189733,JPX-JNAF,136054,False
1189734,JPX-JNAF,136053,False
1189734,JPX-JNAF,136061,False
1189734,JPX-JNAF,136059,False
1189734,JPX-JNAF,136052,False
1189734,JPX-KTST,135080,False
1189734,JPX-KTST,135079,False
1189734,JPX-KTST,135078,False
1189734,JPX-KTST,135077,False
1189734,JPX-KTST,135075,False
1189734,JPX-KTST,135074,False
1189734,JPX-KTST,135073,False
1189734,JPX-KTST,135072,False
1189735,JPX-KTST,135076,False
1189735,JPX-KTST,135071,False
1189735,JPX-SIMP,135369,False
1189735,JPX-SIMP,135368,False
1189735,JPX-SIMP,135367,False
1189735,JPX-SIMP,135366,False
1189735,JPX-SIMP,135365,False
1189735,JPX-SIMP,135364,False
1189735,JPX-SIMP,135363,False
1189735,JPX-SIMP,135362,False
1189735,JPX-SIMP,135361,False
1189735,JPX-SIMP,135360,False
1189735,JPX-XAG,136514,False
1189735,JPX-XAG,136508,False
1189735,JPX-XAG,136510,False
1189735,JPX-XAG,136512,False
1189735,JPX-XAG,136506,False
1189735,JPX-XAG,136513,False
1189735,JPX-XAG,136509,False
1189735,JPX-XAG,136511,False
1189735,JPX-XAG,136505,False
1189735,JPX-XAG,136507,False
1189735,JPX-GOLD,140651,False
1189735,JPX-KTST,135092,False
1189735,JPX-KTST,135093,False
1189748,JPX-GOLD,140653,False
1189765,JPX-KTST,135094,False
1189819,JPX-GOLD,140654,False
1189819,JPX-CARD,139466,False
1189819,JPX-KTST,135095,False
1189819,JPX-KTST,135096,False
1189831,JPX-ETFSH,128683,False
1189831,JPX-ETFSH,128682,False
1189831,JPX-ETFSH,128681,False
1189831,JPX-ETFSH,128680,False
1189832,JPX-ETFSH,128679,False
1189832,JPX-ETFSH,128678,False
1189832,JPX-ETFSH,128684,False
1189832,JPX-ETFSH,128686,False
1189833,JPX-ETFSH,128685,False
1189833,JPX-ETFSH,128687,False
1189834,JPX-CARD,139464,False
1189834,JPX-CARD,139463,False
1189834,JPX-CARD,139462,False
1189834,JPX-CARD,139461,False
1189834,JPX-CARD,139460,False
1189834,JPX-CARD,139459,False
1189834,JPX-CARD,139458,False
1189834,JPX-CARD,139456,False
1189834,JPX-CARD,139465,False
1189834,JPX-CARD,139457,False
1189834,JPX-GOLD,140650,False
1189834,JPX-GOLD,140649,False
1189834,JPX-GOLD,140648,False
1189834,JPX-GOLD,140646,False
1189834,JPX-GOLD,140645,False
1189834,JPX-GOLD,140644,False
1189834,JPX-GOLD,140643,False
1189834,JPX-GOLD,140642,False
1189834,JPX-GOLD,140647,False
1189834,JPX-GOLD,140641,False
1189834,JPX-HT,136563,False
1189834,JPX-HT,136561,False
1189834,JPX-HT,136556,False
1189834,JPX-HT,136554,False
1189834,JPX-HT,136558,False
1189834,JPX-HT,136555,False
1189834,JPX-HT,136557,False
1189834,JPX-HT,136559,False
1189834,JPX-HT,136560,False
1189834,JPX-HT,136562,False
1189834,JPX-JNAF,136071,False
1189834,JPX-JNAF,136069,False
1189834,JPX-JNAF,136067,False
1189834,JPX-JNAF,136065,False
1189834,JPX-JNAF,136064,False
1189834,JPX-JNAF,136062,False
1189835,JPX-JNAF,136066,False
1189835,JPX-JNAF,136063,False
1189835,JPX-JNAF,136068,False
1189835,JPX-JNAF,136070,False
1189835,JPX-KTST,135091,False
1189835,JPX-KTST,135090,False
1189835,JPX-KTST,135089,False
1189835,JPX-KTST,135088,False
1189835,JPX-KTST,135087,False
1189835,JPX-KTST,135086,False
1189835,JPX-KTST,135085,False
1189835,JPX-KTST,135084,False
1189835,JPX-KTST,135082,False
1189836,JPX-KTST,135083,False
1189836,JPX-SIMP,135379,False
1189836,JPX-SIMP,135378,False
1189836,JPX-SIMP,135377,False
1189836,JPX-SIMP,135376,False
1189836,JPX-SIMP,135372,False
1189836,JPX-SIMP,135371,False
1189836,JPX-SIMP,135370,False
1189836,JPX-SIMP,135373,False
1189836,JPX-SIMP,135375,False
1189836,JPX-SIMP,135374,False
1189836,JPX-XAG,136525,False
1189836,JPX-XAG,136524,False
1189836,JPX-XAG,136522,False
1189836,JPX-XAG,136518,False
1189836,JPX-XAG,136516,False
1189836,JPX-XAG,136517,False
1189836,JPX-XAG,136520,False
1189836,JPX-XAG,136521,False
1189836,JPX-XAG,136523,False
1189836,JPX-XAG,136519,False
1189931,JPX-ETFSH,128694,False
1189931,JPX-ETFSH,128691,False
1189931,JPX-ETFSH,128690,False
1189931,JPX-ETFSH,128688,False
1189931,JPX-ETFSH,128695,False
1189931,JPX-ETFSH,128689,False
1189932,JPX-ETFSH,128696,False
1189932,JPX-ETFSH,128692,False
1189932,JPX-ETFSH,128697,False
1189932,JPX-ETFSH,128693,False
1189933,JPX-CARD,139476,False
1189933,JPX-CARD,139474,False
1189933,JPX-CARD,139472,False
1189933,JPX-CARD,139470,False
1189933,JPX-CARD,139473,False
1189933,JPX-CARD,139477,False
1189933,JPX-CARD,139475,False
1189933,JPX-CARD,139469,False
1189933,JPX-CARD,139468,False
1189933,JPX-CARD,139471,False
1189933,JPX-GOLD,140664,False
1189933,JPX-GOLD,140663,False
1189933,JPX-GOLD,140662,False
1189933,JPX-GOLD,140661,False
1189933,JPX-GOLD,140660,False
1189933,JPX-GOLD,140659,False
1189933,JPX-GOLD,140658,False
1189933,JPX-GOLD,140657,False
1189933,JPX-GOLD,140656,False
1189933,JPX-GOLD,140665,False
1189933,JPX-HT,136578,False
1189933,JPX-HT,136576,False
1189933,JPX-HT,136574,False
1189933,JPX-HT,136572,False
1189933,JPX-HT,136570,False
1189933,JPX-HT,136577,False
1189933,JPX-HT,136573,False
1189934,JPX-HT,136575,False
1189934,JPX-HT,136569,False
1189934,JPX-HT,136571,False
1189934,JPX-JNAF,136080,False
1189934,JPX-JNAF,136078,False
1189934,JPX-JNAF,136076,False
1189934,JPX-JNAF,136075,False
1189934,JPX-JNAF,136073,False
1189934,JPX-JNAF,136077,False
1189934,JPX-JNAF,136072,False
1189934,JPX-JNAF,136074,False
1189934,JPX-JNAF,136079,False
1189934,JPX-JNAF,136081,False
1189934,JPX-KTST,135106,False
1189934,JPX-KTST,135105,False
1189934,JPX-KTST,135104,False
1189934,JPX-KTST,135103,False
1189934,JPX-KTST,135102,False
1189934,JPX-KTST,135101,False
1189935,JPX-KTST,135100,False
1189935,JPX-KTST,135099,False
1189935,JPX-KTST,135097,False
1189935,JPX-KTST,135098,False
1189935,JPX-SIMP,135388,False
1189935,JPX-SIMP,135387,False
1189935,JPX-SIMP,135386,False
1189935,JPX-SIMP,135385,False
1189935,JPX-SIMP,135384,False
1189935,JPX-SIMP,135382,False
1189935,JPX-SIMP,135381,False
1189935,JPX-SIMP,135380,False
1189935,JPX-SIMP,135383,False
1189935,JPX-SIMP,135389,False
1189935,JPX-XAG,136536,False
1189935,JPX-XAG,136535,False
1189935,JPX-XAG,136534,False
1189935,JPX-XAG,136533,False
1189935,JPX-XAG,136532,False
1189935,JPX-XAG,136531,False
1189935,JPX-XAG,136530,False
1189935,JPX-XAG,136529,False
1189935,JPX-XAG,136528,False
1189935,JPX-XAG,136527,False
1189946,JPX-GOLD,140676,False
1189946,JPX-CARD,139488,False
1189946,JPX-KTST,135119,False
1190031,JPX-ETFSH,128705,False
1190031,JPX-ETFSH,128701,False
1190032,JPX-ETFSH,128704,False
1190032,JPX-ETFSH,128699,False
1190032,JPX-ETFSH,128703,False
1190032,JPX-ETFSH,128698,False
1190032,JPX-ETFSH,128700,False
1190032,JPX-ETFSH,128707,False
1190032,JPX-ETFSH,128702,False
1190033,JPX-ETFSH,128706,False
1190034,JPX-CARD,139486,False
1190034,JPX-CARD,139484,False
1190034,JPX-CARD,139482,False
1190034,JPX-CARD,139480,False
1190034,JPX-CARD,139478,False
1190034,JPX-CARD,139479,False
1190034,JPX-CARD,139483,False
1190034,JPX-CARD,139485,False
1190034,JPX-CARD,139487,False
1190034,JPX-CARD,139481,False
1190034,JPX-GOLD,140675,False
1190034,JPX-GOLD,140674,False
1190034,JPX-GOLD,140673,False
1190034,JPX-GOLD,140672,False
1190034,JPX-GOLD,140671,False
1190034,JPX-GOLD,140670,False
1190034,JPX-GOLD,140669,False
1190034,JPX-GOLD,140668,False
1190034,JPX-GOLD,140667,False
1190034,JPX-GOLD,140666,False
1190034,JPX-HT,136588,False
1190034,JPX-HT,136587,False
1190034,JPX-HT,136586,False
1190034,JPX-HT,136583,False
1190034,JPX-HT,136582,False
1190034,JPX-HT,136581,False
1190034,JPX-HT,136579,False
1190034,JPX-HT,136580,False
1190034,JPX-HT,136585,False
1190034,JPX-HT,136584,False
1190034,JPX-JNAF,136090,False
1190034,JPX-JNAF,136088,False
1190034,JPX-JNAF,136086,False
1190034,JPX-JNAF,136085,False
1190034,JPX-JNAF,136083,False
1190035,JPX-JNAF,136084,False
1190035,JPX-JNAF,136089,False
1190035,JPX-JNAF,136087,False
1190035,JPX-JNAF,136082,False
1190035,JPX-JNAF,136091,False
1190035,JPX-KTST,135116,False
1190035,JPX-KTST,135114,False
1190035,JPX-KTST,135113,False
1190035,JPX-KTST,135112,False
1190035,JPX-KTST,135111,False
1190035,JPX-KTST,135110,False
1190035,JPX-KTST,135109,False
1190035,JPX-KTST,135108,False
1190036,JPX-KTST,135115,False
1190036,JPX-SIMP,135399,False
1190036,JPX-SIMP,135397,False
1190036,JPX-SIMP,135396,False
1190036,JPX-SIMP,135394,False
1190036,JPX-SIMP,135393,False
1190036,JPX-SIMP,135392,False
1190036,JPX-SIMP,135391,False
1190036,JPX-SIMP,135390,False
1190036,JPX-SIMP,135395,False
1190036,JPX-SIMP,135398,False
1190036,JPX-XAG,136545,False
1190036,JPX-XAG,136544,False
1190036,JPX-XAG,136543,False
1190036,JPX-XAG,136542,False
1190036,JPX-XAG,136541,False
1190036,JPX-XAG,136540,False
1190036,JPX-XAG,136539,False
1190036,JPX-XAG,136538,False
1190036,JPX-XAG,136547,False
1190036,JPX-XAG,136546,False
1190036,JPX-KTST,135130,False
1190036,JPX-KTST,135131,False
1190036,JPX-GOLD,140689,False
1190076,JPX-XAG,136560,False
1190109,JPX-KTST,135132,False
1190131,JPX-ETFSH,128717,False
1190131,JPX-ETFSH,128715,False
1190131,JPX-ETFSH,128714,False
1190131,JPX-ETFSH,128713,False
1190131,JPX-ETFSH,128712,False
1190131,JPX-ETFSH,128711,False
1190131,JPX-ETFSH,128709,False
1190131,JPX-ETFSH,128710,False
1190132,JPX-ETFSH,128708,False
1190132,JPX-ETFSH,128716,False
1190133,JPX-CARD,139498,False
1190133,JPX-CARD,139497,False
1190133,JPX-CARD,139495,False
1190133,JPX-CARD,139492,False
1190133,JPX-CARD,139490,False
1190133,JPX-CARD,139494,False
1190133,JPX-CARD,139489,False
1190133,JPX-CARD,139491,False
1190133,JPX-CARD,139493,False
1190133,JPX-CARD,139496,False
1190133,JPX-GOLD,140687,False
1190133,JPX-GOLD,140686,False
1190133,JPX-GOLD,140684,False
1190133,JPX-GOLD,140683,False
1190133,JPX-GOLD,140682,False
1190133,JPX-GOLD,140680,False
1190133,JPX-GOLD,140679,False
1190133,JPX-GOLD,140678,False
1190133,JPX-GOLD,140685,False
1190133,JPX-GOLD,140681,False
1190133,JPX-HT,136599,False
1190133,JPX-HT,136597,False
1190133,JPX-HT,136591,False
1190133,JPX-HT,136600,False
1190133,JPX-HT,136592,False
1190133,JPX-HT,136594,False
1190133,JPX-HT,136593,False
1190133,JPX-HT,136595,False
1190133,JPX-HT,136596,False
1190133,JPX-HT,136598,False
1190133,JPX-JNAF,136102,False
1190133,JPX-JNAF,136100,False
1190133,JPX-JNAF,136098,False
1190133,JPX-JNAF,136096,False
1190133,JPX-JNAF,136094,False
1190133,JPX-JNAF,136093,False
1190134,JPX-JNAF,136095,False
1190134,JPX-JNAF,136099,False
1190134,JPX-JNAF,136101,False
1190134,JPX-JNAF,136097,False
1190134,JPX-KTST,135129,False
1190134,JPX-KTST,135127,False
1190134,JPX-KTST,135125,False
1190134,JPX-KTST,135123,False
1190134,JPX-KTST,135122,False
1190134,JPX-KTST,135121,False
1190134,JPX-KTST,135124,False
1190134,JPX-KTST,135128,False
1190134,JPX-KTST,135126,False
1190134,JPX-KTST,135120,False
1190135,JPX-SIMP,135409,False
1190135,JPX-SIMP,135408,False
1190135,JPX-SIMP,135407,False
1190135,JPX-SIMP,135406,False
1190135,JPX-SIMP,135405,False
1190135,JPX-SIMP,135404,False
1190135,JPX-SIMP,135403,False
1190135,JPX-SIMP,135402,False
1190135,JPX-SIMP,135401,False
1190135,JPX-SIMP,135400,False
1190135,JPX-XAG,136556,False
1190135,JPX-XAG,136554,False
1190135,JPX-XAG,136553,False
1190135,JPX-XAG,136551,False
1190135,JPX-XAG,136550,False
1190135,JPX-XAG,136552,False
1190135,JPX-XAG,136558,False
1190135,JPX-XAG,136555,False
1190135,JPX-XAG,136557,False
1190135,JPX-XAG,136559,False
1190157,JPX-CARD,139511,False
1190157,JPX-KTST,135143,False
1190231,JPX-ETFSH,128727,False
1190231,JPX-ETFSH,128726,False
1190231,JPX-ETFSH,128725,False
1190231,JPX-ETFSH,128722,False
1190231,JPX-ETFSH,128721,False
1190231,JPX-ETFSH,128718,False
1190231,JPX-ETFSH,128724,False
1190232,JPX-ETFSH,128723,False
1190232,JPX-ETFSH,128720,False
1190233,JPX-CARD,139510,False
1190233,JPX-CARD,139509,False
1190233,JPX-CARD,139507,False
1190233,JPX-CARD,139505,False
1190233,JPX-CARD,139502,False
1190233,JPX-CARD,139508,False
1190233,JPX-CARD,139504,False
1190233,JPX-CARD,139506,False
1190233,JPX-CARD,139501,False
1190233,JPX-CARD,139503,False
1190233,JPX-GOLD,140701,False
1190233,JPX-GOLD,140700,False
1190233,JPX-GOLD,140699,False
1190233,JPX-GOLD,140698,False
1190233,JPX-GOLD,140697,False
1190233,JPX-GOLD,140694,False
1190233,JPX-GOLD,140692,False
1190233,JPX-GOLD,140696,False
1190233,JPX-GOLD,140695,False
1190233,JPX-GOLD,140693,False
1190233,JPX-HT,136605,False
1190233,JPX-HT,136603,False
1190233,JPX-HT,136610,False
1190233,JPX-HT,136609,False
1190233,JPX-HT,136611,False
1190233,JPX-HT,136607,False
1190233,JPX-HT,136612,False
1190233,JPX-HT,136604,False
1190233,JPX-HT,136606,False
1190233,JPX-HT,136608,False
1190233,JPX-JNAF,136111,False
1190233,JPX-JNAF,136109,False
1190233,JPX-JNAF,136107,False
1190233,JPX-JNAF,136106,False
1190233,JPX-JNAF,136104,False
1190234,JPX-JNAF,136103,False
1190234,JPX-JNAF,136108,False
1190234,JPX-JNAF,136110,False
1190234,JPX-JNAF,136112,False
1190234,JPX-JNAF,136105,False
1190234,JPX-KTST,135142,False
1190234,JPX-KTST,135141,False
1190234,JPX-KTST,135140,False
1190234,JPX-KTST,135139,False
1190234,JPX-KTST,135137,False
1190234,JPX-KTST,135135,False
1190234,JPX-KTST,135134,False
1190234,JPX-KTST,135133,False
1190234,JPX-KTST,135138,False
1190234,JPX-KTST,135136,False
1190235,JPX-SIMP,135419,False
1190235,JPX-SIMP,135418,False
1190235,JPX-SIMP,135417,False
1190235,JPX-SIMP,135414,False
1190235,JPX-SIMP,135412,False
1190235,JPX-SIMP,135411,False
1190235,JPX-SIMP,135410,False
1190235,JPX-SIMP,135413,False
1190235,JPX-SIMP,135415,False
1190235,JPX-SIMP,135416,False
1190235,JPX-XAG,136570,False
1190235,JPX-XAG,136568,False
1190235,JPX-XAG,136563,False
1190235,JPX-XAG,136566,False
1190235,JPX-XAG,136565,False
1190235,JPX-XAG,136564,False
1190235,JPX-XAG,136562,False
1190235,JPX-XAG,136567,False
1190235,JPX-XAG,136569,False
1190235,JPX-XAG,136571,False
1190237,JPX-GOLD,140714,False
1190237,JPX-CARD,139522,False
1190237,JPX-KTST,135154,False
1190326,JPX-ETFSH,128741,False
1190326,JPX-GOLD,140716,False
1190326,JPX-XAG,136583,False
1190331,JPX-ETFSH,128739,False
1190331,JPX-ETFSH,128737,False
1190331,JPX-ETFSH,128734,False
1190331,JPX-ETFSH,128731,False
1190331,JPX-ETFSH,128738,False
1190331,JPX-ETFSH,128736,False
1190332,JPX-ETFSH,128733,False
1190332,JPX-ETFSH,128735,False
1190332,JPX-ETFSH,128732,False
1190332,JPX-ETFSH,128740,False
1190333,JPX-CARD,139520,False
1190333,JPX-CARD,139518,False
1190333,JPX-CARD,139512,False
1190333,JPX-CARD,139516,False
1190333,JPX-CARD,139513,False
1190333,JPX-CARD,139514,False
1190333,JPX-CARD,139517,False
1190333,JPX-CARD,139515,False
1190333,JPX-CARD,139519,False
1190333,JPX-CARD,139521,False
1190333,JPX-GOLD,140713,False
1190333,JPX-GOLD,140712,False
1190333,JPX-GOLD,140711,False
1190333,JPX-GOLD,140710,False
1190333,JPX-GOLD,140708,False
1190333,JPX-GOLD,140706,False
1190333,JPX-GOLD,140705,False
1190333,JPX-GOLD,140704,False
1190333,JPX-GOLD,140707,False
1190333,JPX-GOLD,140709,False
1190333,JPX-HT,136621,False
1190333,JPX-HT,136620,False
1190333,JPX-HT,136619,False
1190333,JPX-HT,136617,False
1190333,JPX-HT,136615,False
1190333,JPX-HT,136618,False
1190333,JPX-HT,136613,False
1190333,JPX-HT,136614,False
1190333,JPX-HT,136616,False
1190333,JPX-HT,136622,False
1190333,JPX-JNAF,136121,False
1190333,JPX-JNAF,136119,False
1190333,JPX-JNAF,136118,False
1190333,JPX-JNAF,136116,False
1190333,JPX-JNAF,136114,False
1190334,JPX-JNAF,136113,False
1190334,JPX-JNAF,136120,False
1190334,JPX-JNAF,136115,False
1190334,JPX-JNAF,136117,False
1190334,JPX-JNAF,136122,False
1190334,JPX-KTST,135153,False
1190334,JPX-KTST,135152,False
1190334,JPX-KTST,135151,False
1190334,JPX-KTST,135150,False
1190334,JPX-KTST,135149,False
1190334,JPX-KTST,135148,False
1190334,JPX-KTST,135147,False
1190334,JPX-KTST,135146,False
1190334,JPX-KTST,135145,False
1190334,JPX-KTST,135144,False
1190335,JPX-SIMP,135429,False
1190335,JPX-SIMP,135427,False
1190335,JPX-SIMP,135426,False
1190335,JPX-SIMP,135425,False
1190335,JPX-SIMP,135424,False
1190335,JPX-SIMP,135423,False
1190335,JPX-SIMP,135422,False
1190335,JPX-SIMP,135421,False
1190335,JPX-SIMP,135428,False
1190335,JPX-SIMP,135430,False
1190335,JPX-XAG,136582,False
1190335,JPX-XAG,136581,False
1190335,JPX-XAG,136578,False
1190335,JPX-XAG,136576,False
1190335,JPX-XAG,136574,False
1190335,JPX-XAG,136577,False
1190335,JPX-XAG,136579,False
1190335,JPX-XAG,136580,False
1190335,JPX-XAG,136573,False
1190335,JPX-XAG,136575,False
1190340,JPX-GOLD,140727,False
1190340,JPX-KTST,135166,False
1190392,JPX-ETFSH,128753,False
1190420,JPX-ETFSH,128754,False
1190421,JPX-GOLD,140729,False
1190421,JPX-KTST,135168,False
1190431,JPX-ETFSH,128751,False
1190431,JPX-ETFSH,128749,False
1190431,JPX-ETFSH,128745,False
1190431,JPX-ETFSH,128743,False
1190431,JPX-ETFSH,128742,False
1190431,JPX-ETFSH,128750,False
1190431,JPX-ETFSH,128747,False
1190431,JPX-ETFSH,128746,False
1190431,JPX-ETFSH,128748,False
1190432,JPX-ETFSH,128744,False
1190433,JPX-CARD,139529,False
1190433,JPX-CARD,139527,False
1190433,JPX-CARD,139525,False
1190433,JPX-CARD,139531,False
1190433,JPX-CARD,139524,False
1190433,JPX-CARD,139526,False
1190433,JPX-CARD,139532,False
1190433,JPX-CARD,139523,False
1190433,JPX-CARD,139528,False
1190433,JPX-CARD,139530,False
1190433,JPX-GOLD,140726,False
1190433,JPX-GOLD,140725,False
1190433,JPX-GOLD,140724,False
1190433,JPX-GOLD,140723,False
1190433,JPX-GOLD,140722,False
1190433,JPX-GOLD,140720,False
1190433,JPX-GOLD,140718,False
1190433,JPX-GOLD,140717,False
1190433,JPX-GOLD,140721,False
1190433,JPX-GOLD,140719,False
1190433,JPX-HT,136632,False
1190433,JPX-HT,136631,False
1190433,JPX-HT,136630,False
1190433,JPX-HT,136629,False
1190433,JPX-HT,136628,False
1190433,JPX-HT,136627,False
1190433,JPX-HT,136623,False
1190433,JPX-HT,136625,False
1190433,JPX-HT,136626,False
1190433,JPX-HT,136624,False
1190433,JPX-JNAF,136131,False
1190433,JPX-JNAF,136129,False
1190433,JPX-JNAF,136127,False
1190433,JPX-JNAF,136125,False
1190433,JPX-JNAF,136123,False
1190434,JPX-JNAF,136132,False
1190434,JPX-JNAF,136124,False
1190434,JPX-JNAF,136126,False
1190434,JPX-JNAF,136128,False
1190434,JPX-JNAF,136130,False
1190434,JPX-KTST,135165,False
1190434,JPX-KTST,135164,False
1190434,JPX-KTST,135163,False
1190434,JPX-KTST,135162,False
1190434,JPX-KTST,135161,False
1190434,JPX-KTST,135160,False
1190434,JPX-KTST,135159,False
1190434,JPX-KTST,135158,False
1190434,JPX-KTST,135157,False
1190434,JPX-KTST,135156,False
1190435,JPX-SIMP,135440,False
1190435,JPX-SIMP,135439,False
1190435,JPX-SIMP,135438,False
1190435,JPX-SIMP,135437,False
1190435,JPX-SIMP,135436,False
1190435,JPX-SIMP,135435,False
1190435,JPX-SIMP,135434,False
1190435,JPX-SIMP,135433,False
1190435,JPX-SIMP,135432,False
1190435,JPX-SIMP,135431,False
1190435,JPX-XAG,136591,False
1190435,JPX-XAG,136589,False
1190435,JPX-XAG,136588,False
1190435,JPX-XAG,136587,False
1190435,JPX-XAG,136586,False
1190435,JPX-XAG,136590,False
1190435,JPX-XAG,136592,False
1190435,JPX-XAG,136593,False
1190435,JPX-XAG,136585,False
1190435,JPX-XAG,136584,False
1190529,JPX-GOLD,140743,False
1190531,JPX-ETFSH,128763,False
1190531,JPX-ETFSH,128762,False
1190531,JPX-ETFSH,128761,False
1190531,JPX-ETFSH,128760,False
1190531,JPX-ETFSH,128756,False
1190531,JPX-ETFSH,128755,False
1190532,JPX-ETFSH,128758,False
1190532,JPX-ETFSH,128759,False
1190532,JPX-ETFSH,128764,False
1190532,JPX-ETFSH,128757,False
1190533,JPX-CARD,139534,False
1190533,JPX-CARD,139536,False
1190533,JPX-CARD,139535,False
1190533,JPX-CARD,139537,False
1190533,JPX-CARD,139539,False
1190533,JPX-CARD,139541,False
1190533,JPX-CARD,139538,False
1190533,JPX-CARD,139540,False
1190533,JPX-CARD,139542,False
1190533,JPX-CARD,139543,False
1190533,JPX-GOLD,140740,False
1190533,JPX-GOLD,140739,False
1190533,JPX-GOLD,140738,False
1190533,JPX-GOLD,140737,False
1190533,JPX-GOLD,140736,False
1190533,JPX-GOLD,140735,False
1190533,JPX-GOLD,140734,False
1190533,JPX-GOLD,140733,False
1190533,JPX-GOLD,140732,False
1190533,JPX-GOLD,140731,False
1190533,JPX-HT,136643,False
1190533,JPX-HT,136641,False
1190533,JPX-HT,136639,False
1190533,JPX-HT,136637,False
1190533,JPX-HT,136635,False
1190533,JPX-HT,136634,False
1190533,JPX-HT,136636,False
1190533,JPX-HT,136638,False
1190533,JPX-HT,136640,False
1190533,JPX-HT,136642,False
1190533,JPX-JNAF,136141,False
1190533,JPX-JNAF,136139,False
1190533,JPX-JNAF,136138,False
1190533,JPX-JNAF,136136,False
1190533,JPX-JNAF,136134,False
1190533,JPX-JNAF,136133,False
1190534,JPX-JNAF,136137,False
1190534,JPX-JNAF,136135,False
1190534,JPX-JNAF,136142,False
1190534,JPX-JNAF,136140,False
1190534,JPX-KTST,135178,False
1190534,JPX-KTST,135177,False
1190534,JPX-KTST,135175,False
1190534,JPX-KTST,135174,False
1190534,JPX-KTST,135173,False
1190534,JPX-KTST,135172,False
1190534,JPX-KTST,135171,False
1190534,JPX-KTST,135170,False
1190535,JPX-KTST,135176,False
1190535,JPX-SIMP,135450,False
1190535,JPX-SIMP,135449,False
1190535,JPX-SIMP,135448,False
1190535,JPX-SIMP,135447,False
1190535,JPX-SIMP,135444,False
1190535,JPX-SIMP,135443,False
1190535,JPX-SIMP,135442,False
1190535,JPX-SIMP,135441,False
1190535,JPX-SIMP,135445,False
1190535,JPX-SIMP,135446,False
1190535,JPX-XAG,136603,False
1190535,JPX-XAG,136601,False
1190535,JPX-XAG,136599,False
1190535,JPX-XAG,136597,False
1190535,JPX-XAG,136600,False
1190535,JPX-XAG,136595,False
1190535,JPX-XAG,136596,False
1190535,JPX-XAG,136598,False
1190535,JPX-XAG,136602,False
1190535,JPX-XAG,136604,False
1190631,JPX-ETFSH,128774,False
1190631,JPX-ETFSH,128772,False
1190631,JPX-ETFSH,128771,False
1190631,JPX-ETFSH,128770,False
1190631,JPX-ETFSH,128769,False
1190631,JPX-ETFSH,128765,False
1190632,JPX-ETFSH,128773,False
1190632,JPX-ETFSH,128767,False
1190632,JPX-ETFSH,128768,False
1190633,JPX-CARD,139553,False
1190633,JPX-CARD,139551,False
1190633,JPX-CARD,139549,False
1190633,JPX-CARD,139546,False
1190633,JPX-CARD,139552,False
1190633,JPX-CARD,139544,False
1190633,JPX-CARD,139547,False
1190633,JPX-CARD,139548,False
1190633,JPX-CARD,139550,False
1190633,JPX-CARD,139545,False
1190633,JPX-GOLD,140753,False
1190633,JPX-GOLD,140752,False
1190633,JPX-GOLD,140751,False
1190633,JPX-GOLD,140750,False
1190633,JPX-GOLD,140749,False
1190633,JPX-GOLD,140748,False
1190633,JPX-GOLD,140747,False
1190633,JPX-GOLD,140746,False
1190633,JPX-GOLD,140745,False
1190633,JPX-GOLD,140744,False
1190633,JPX-HT,136645,False
1190633,JPX-HT,136644,False
1190633,JPX-HT,136653,False
1190633,JPX-HT,136647,False
1190633,JPX-HT,136646,False
1190633,JPX-HT,136649,False
1190633,JPX-HT,136651,False
1190633,JPX-HT,136650,False
1190633,JPX-HT,136648,False
1190633,JPX-HT,136652,False
1190633,JPX-JNAF,136151,False
1190633,JPX-JNAF,136149,False
1190633,JPX-JNAF,136148,False
1190633,JPX-JNAF,136146,False
1190633,JPX-JNAF,136144,False
1190634,JPX-JNAF,136152,False
1190634,JPX-JNAF,136150,False
1190634,JPX-JNAF,136147,False
1190634,JPX-JNAF,136143,False
1190634,JPX-JNAF,136145,False
1190634,JPX-KTST,135191,False
1190634,JPX-KTST,135187,False
1190634,JPX-KTST,135186,False
1190634,JPX-KTST,135184,False
1190634,JPX-KTST,135183,False
1190634,JPX-KTST,135185,False
1190634,JPX-KTST,135192,False
1190634,JPX-KTST,135190,False
1190634,JPX-KTST,135188,False
1190635,JPX-KTST,135189,False
1190635,JPX-SIMP,135461,False
1190635,JPX-SIMP,135460,False
1190635,JPX-SIMP,135459,False
1190635,JPX-SIMP,135458,False
1190635,JPX-SIMP,135457,False
1190635,JPX-SIMP,135456,False
1190635,JPX-SIMP,135455,False
1190635,JPX-SIMP,135454,False
1190635,JPX-SIMP,135453,False
1190635,JPX-SIMP,135452,False
1190635,JPX-XAG,136615,False
1190635,JPX-XAG,136610,False
1190635,JPX-XAG,136609,False
1190635,JPX-XAG,136611,False
1190635,JPX-XAG,136613,False
1190635,JPX-XAG,136607,False
1190635,JPX-XAG,136612,False
1190635,JPX-XAG,136614,False
1190635,JPX-XAG,136606,False
1190635,JPX-XAG,136608,False
1190635,JPX-CARD,139564,False
1190635,JPX-GOLD,140765,False
1190731,JPX-ETFSH,128786,False
1190731,JPX-ETFSH,128784,False
1190731,JPX-ETFSH,128782,False
1190731,JPX-ETFSH,128780,False
1190731,JPX-ETFSH,128778,False
1190731,JPX-ETFSH,128779,False
1190731,JPX-ETFSH,128781,False
1190732,JPX-ETFSH,128783,False
1190732,JPX-ETFSH,128777,False
1190732,JPX-ETFSH,128785,False
1190733,JPX-CARD,139562,False
1190733,JPX-CARD,139560,False
1190733,JPX-CARD,139555,False
1190733,JPX-CARD,139558,False
1190733,JPX-CARD,139557,False
1190733,JPX-CARD,139559,False
1190733,JPX-CARD,139561,False
1190733,JPX-CARD,139563,False
1190733,JPX-CARD,139556,False
1190733,JPX-CARD,139554,False
1190733,JPX-GOLD,140763,False
1190733,JPX-GOLD,140762,False
1190733,JPX-GOLD,140761,False
1190733,JPX-GOLD,140760,False
1190733,JPX-GOLD,140759,False
1190733,JPX-GOLD,140758,False
1190733,JPX-GOLD,140757,False
1190733,JPX-GOLD,140756,False
1190733,JPX-GOLD,140755,False
1190733,JPX-GOLD,140754,False
1190733,JPX-HT,136663,False
1190733,JPX-HT,136655,False
1190733,JPX-HT,136661,False
1190733,JPX-HT,136657,False
1190733,JPX-HT,136659,False
1190733,JPX-HT,136660,False
1190733,JPX-HT,136654,False
1190733,JPX-HT,136658,False
1190733,JPX-HT,136662,False
1190733,JPX-HT,136656,False
1190734,JPX-JNAF,136160,False
1190734,JPX-JNAF,136159,False
1190734,JPX-JNAF,136158,False
1190734,JPX-JNAF,136157,False
1190734,JPX-JNAF,136155,False
1190734,JPX-JNAF,136153,False
1190734,JPX-JNAF,136162,False
1190734,JPX-JNAF,136161,False
1190734,JPX-JNAF,136154,False
1190734,JPX-JNAF,136156,False
1190734,JPX-KTST,135201,False
1190734,JPX-KTST,135199,False
1190734,JPX-KTST,135197,False
1190734,JPX-KTST,135195,False
1190734,JPX-KTST,135200,False
1190734,JPX-KTST,135194,False
1190735,JPX-KTST,135198,False
1190735,JPX-KTST,135196,False
1190735,JPX-KTST,135202,False
1190735,JPX-SIMP,135470,False
1190735,JPX-SIMP,135469,False
1190735,JPX-SIMP,135468,False
1190735,JPX-SIMP,135467,False
1190735,JPX-SIMP,135466,False
1190735,JPX-SIMP,135465,False
1190735,JPX-SIMP,135464,False
1190735,JPX-SIMP,135463,False
1190735,JPX-SIMP,135462,False
1190735,JPX-SIMP,135471,False
1190735,JPX-XAG,136621,False
1190735,JPX-XAG,136620,False
1190735,JPX-XAG,136619,False
1190735,JPX-XAG,136617,False
1190735,JPX-XAG,136623,False
1190735,JPX-XAG,136625,False
1190735,JPX-XAG,136618,False
1190735,JPX-XAG,136626,False
1190735,JPX-XAG,136622,False
1190735,JPX-XAG,136624,False
1190737,JPX-GOLD,140776,False
1190737,JPX-CARD,139575,False
1190816,JPX-JNAF,136173,False
1190831,JPX-ETFSH,128796,False
1190831,JPX-ETFSH,128791,False
1190831,JPX-ETFSH,128790,False
1190831,JPX-ETFSH,128797,False
1190831,JPX-ETFSH,128789,False
1190831,JPX-ETFSH,128795,False
1190831,JPX-ETFSH,128794,False
1190832,JPX-ETFSH,128788,False
1190832,JPX-ETFSH,128792,False
1190832,JPX-ETFSH,128793,False
1190833,JPX-CARD,139574,False
1190833,JPX-CARD,139572,False
1190833,JPX-CARD,139570,False
1190833,JPX-CARD,139569,False
1190833,JPX-CARD,139567,False
1190833,JPX-CARD,139566,False
1190833,JPX-CARD,139571,False
1190833,JPX-CARD,139573,False
1190833,JPX-CARD,139565,False
1190833,JPX-CARD,139568,False
1190833,JPX-GOLD,140775,False
1190833,JPX-GOLD,140774,False
1190833,JPX-GOLD,140773,False
1190833,JPX-GOLD,140772,False
1190833,JPX-GOLD,140770,False
1190833,JPX-GOLD,140769,False
1190833,JPX-GOLD,140768,False
1190833,JPX-GOLD,140767,False
1190833,JPX-GOLD,140766,False
1190833,JPX-GOLD,140771,False
1190833,JPX-HT,136672,False
1190833,JPX-HT,136671,False
1190833,JPX-HT,136669,False
1190833,JPX-HT,136667,False
1190833,JPX-HT,136665,False
1190833,JPX-HT,136673,False
1190833,JPX-HT,136668,False
1190833,JPX-HT,136670,False
1190833,JPX-HT,136664,False
1190833,JPX-HT,136666,False
1190833,JPX-JNAF,136172,False
1190833,JPX-JNAF,136171,False
1190833,JPX-JNAF,136169,False
1190833,JPX-JNAF,136167,False
1190833,JPX-JNAF,136165,False
1190833,JPX-JNAF,136164,False
1190834,JPX-JNAF,136163,False
1190834,JPX-JNAF,136166,False
1190834,JPX-JNAF,136168,False
1190834,JPX-JNAF,136170,False
1190834,JPX-KTST,135215,False
1190834,JPX-KTST,135214,False
1190834,JPX-KTST,135213,False
1190834,JPX-KTST,135211,False
1190834,JPX-KTST,135209,False
1190834,JPX-KTST,135207,False
1190834,JPX-KTST,135212,False
1190834,JPX-KTST,135210,False
1190834,JPX-KTST,135208,False
1190834,JPX-KTST,135206,False
1190835,JPX-SIMP,135481,False
1190835,JPX-SIMP,135480,False
1190835,JPX-SIMP,135479,False
1190835,JPX-SIMP,135478,False
1190835,JPX-SIMP,135477,False
1190835,JPX-SIMP,135476,False
1190835,JPX-SIMP,135475,False
1190835,JPX-SIMP,135472,False
1190835,JPX-SIMP,135474,False
1190835,JPX-SIMP,135473,False
1190835,JPX-XAG,136635,False
1190835,JPX-XAG,136633,False
1190835,JPX-XAG,136632,False
1190835,JPX-XAG,136631,False
1190835,JPX-XAG,136630,False
1190835,JPX-XAG,136629,False
1190835,JPX-XAG,136628,False
1190835,JPX-XAG,136627,False
1190835,JPX-XAG,136634,False
1190835,JPX-XAG,136636,False
1190835,JPX-GOLD,140790,False
1190835,JPX-ETFSH,128809,False
1190835,JPX-GOLD,140791,False
1190835,JPX-XAG,136648,False
1190899,JPX-JNAF,136184,False
1190928,JPX-GOLD,140793,False
1190931,JPX-ETFSH,128806,False
1190931,JPX-ETFSH,128805,False
1190931,JPX-ETFSH,128804,False
1190931,JPX-ETFSH,128803,False
1190931,JPX-ETFSH,128802,False
1190931,JPX-ETFSH,128801,False
1190931,JPX-ETFSH,128800,False
1190931,JPX-ETFSH,128799,False
1190931,JPX-ETFSH,128798,False
1190931,JPX-ETFSH,128807,False
1190933,JPX-CARD,139586,False
1190933,JPX-CARD,139584,False
1190933,JPX-CARD,139581,False
1190933,JPX-CARD,139579,False
1190933,JPX-CARD,139577,False
1190933,JPX-CARD,139578,False
1190933,JPX-CARD,139583,False
1190933,JPX-CARD,139585,False
1190933,JPX-CARD,139580,False
1190933,JPX-CARD,139582,False
1190933,JPX-GOLD,140788,False
1190933,JPX-GOLD,140787,False
1190933,JPX-GOLD,140786,False
1190933,JPX-GOLD,140785,False
1190933,JPX-GOLD,140784,False
1190933,JPX-GOLD,140783,False
1190933,JPX-GOLD,140782,False
1190933,JPX-GOLD,140781,False
1190933,JPX-GOLD,140780,False
1190933,JPX-GOLD,140779,False
1190933,JPX-HT,136682,False
1190933,JPX-HT,136680,False
1190933,JPX-HT,136678,False
1190933,JPX-HT,136676,False
1190933,JPX-HT,136674,False
1190933,JPX-HT,136683,False
1190933,JPX-HT,136679,False
1190933,JPX-HT,136681,False
1190933,JPX-HT,136675,False
1190933,JPX-HT,136677,False
1190933,JPX-JNAF,136183,False
1190933,JPX-JNAF,136182,False
1190933,JPX-JNAF,136181,False
1190933,JPX-JNAF,136180,False
1190933,JPX-JNAF,136179,False
1190933,JPX-JNAF,136178,False
1190933,JPX-JNAF,136177,False
1190933,JPX-JNAF,136175,False
1190934,JPX-JNAF,136176,False
1190934,JPX-JNAF,136174,False
1190934,JPX-KTST,135225,False
1190934,JPX-KTST,135224,False
1190934,JPX-KTST,135223,False
1190934,JPX-KTST,135222,False
1190934,JPX-KTST,135220,False
1190934,JPX-KTST,135219,False
1190934,JPX-KTST,135217,False
1190934,JPX-KTST,135221,False
1190934,JPX-KTST,135218,False
1190935,JPX-KTST,135216,False
1190935,JPX-SIMP,135491,False
1190935,JPX-SIMP,135489,False
1190935,JPX-SIMP,135488,False
1190935,JPX-SIMP,135487,False
1190935,JPX-SIMP,135486,False
1190935,JPX-SIMP,135485,False
1190935,JPX-SIMP,135484,False
1190935,JPX-SIMP,135483,False
1190935,JPX-SIMP,135482,False
1190935,JPX-SIMP,135490,False
1190935,JPX-XAG,136645,False
1190935,JPX-XAG,136643,False
1190935,JPX-XAG,136641,False
1190935,JPX-XAG,136639,False
1190935,JPX-XAG,136644,False
1190935,JPX-XAG,136647,False
1190935,JPX-XAG,136638,False
1190935,JPX-XAG,136640,False
1190935,JPX-XAG,136642,False
1190935,JPX-XAG,136646,False
1191031,JPX-ETFSH,128818,False
1191031,JPX-ETFSH,128814,False
1191031,JPX-ETFSH,128813,False
1191031,JPX-ETFSH,128812,False
1191031,JPX-ETFSH,128811,False
1191031,JPX-ETFSH,128810,False
1191031,JPX-ETFSH,128819,False
1191031,JPX-ETFSH,128816,False
1191032,JPX-ETFSH,128817,False
1191032,JPX-ETFSH,128815,False
1191033,JPX-CARD,139596,False
1191033,JPX-CARD,139588,False
1191033,JPX-CARD,139590,False
1191033,JPX-CARD,139587,False
1191033,JPX-CARD,139589,False
1191033,JPX-CARD,139591,False
1191033,JPX-CARD,139595,False
1191033,JPX-CARD,139593,False
1191033,JPX-CARD,139592,False
1191033,JPX-CARD,139594,False
1191033,JPX-GOLD,140803,False
1191033,JPX-GOLD,140802,False
1191033,JPX-GOLD,140801,False
1191033,JPX-GOLD,140800,False
1191033,JPX-GOLD,140799,False
1191033,JPX-GOLD,140798,False
1191033,JPX-GOLD,140797,False
1191033,JPX-GOLD,140796,False
1191033,JPX-GOLD,140795,False
1191033,JPX-GOLD,140794,False
1191033,JPX-HT,136692,False
1191033,JPX-HT,136690,False
1191033,JPX-HT,136684,False
1191033,JPX-HT,136689,False
1191033,JPX-HT,136687,False
1191033,JPX-HT,136685,False
1191033,JPX-HT,136686,False
1191033,JPX-HT,136688,False
1191034,JPX-HT,136691,False
1191034,JPX-HT,136693,False
1191034,JPX-JNAF,136194,False
1191034,JPX-JNAF,136193,False
1191034,JPX-JNAF,136192,False
1191034,JPX-JNAF,136191,False
1191034,JPX-JNAF,136190,False
1191034,JPX-JNAF,136188,False
1191034,JPX-JNAF,136187,False
1191034,JPX-JNAF,136185,False
1191034,JPX-JNAF,136186,False
1191034,JPX-JNAF,136189,False
1191034,JPX-KTST,135236,False
1191034,JPX-KTST,135231,False
1191035,JPX-KTST,135229,False
1191035,JPX-KTST,135228,False
1191035,JPX-KTST,135233,False
1191035,JPX-KTST,135234,False
1191035,JPX-KTST,135230,False
1191035,JPX-KTST,135232,False
1191035,JPX-KTST,135235,False
1191035,JPX-KTST,135237,False
1191035,JPX-SIMP,135501,False
1191035,JPX-SIMP,135500,False
1191035,JPX-SIMP,135499,False
1191035,JPX-SIMP,135498,False
1191035,JPX-SIMP,135497,False
1191035,JPX-SIMP,135495,False
1191035,JPX-SIMP,135494,False
1191035,JPX-SIMP,135493,False
1191035,JPX-SIMP,135496,False
1191035,JPX-SIMP,135502,False
1191035,JPX-XAG,136655,False
1191035,JPX-XAG,136657,False
1191035,JPX-XAG,136653,False
1191035,JPX-XAG,136649,False
1191035,JPX-XAG,136651,False
1191035,JPX-XAG,136650,False
1191035,JPX-XAG,136652,False
1191035,JPX-XAG,136654,False
1191035,JPX-XAG,136658,False
1191035,JPX-XAG,136656,False
1191036,JPX-GOLD,140815,False
1191036,JPX-SIMP,135513,False
1191036,JPX-GOLD,140816,False
1191119,JPX-KTST,135248,False
1191131,JPX-ETFSH,128831,False
1191131,JPX-ETFSH,128829,False
1191131,JPX-ETFSH,128827,False
1191131,JPX-ETFSH,128825,False
1191131,JPX-ETFSH,128824,False
1191131,JPX-ETFSH,128828,False
1191132,JPX-ETFSH,128826,False
1191132,JPX-ETFSH,128823,False
1191132,JPX-ETFSH,128822,False
1191133,JPX-ETFSH,128830,False
1191133,JPX-CARD,139606,False
1191133,JPX-CARD,139604,False
1191133,JPX-CARD,139602,False
1191133,JPX-CARD,139600,False
1191133,JPX-CARD,139598,False
1191133,JPX-CARD,139597,False
1191133,JPX-CARD,139605,False
1191133,JPX-CARD,139599,False
1191133,JPX-CARD,139601,False
1191133,JPX-CARD,139603,False
1191133,JPX-GOLD,140814,False
1191133,JPX-GOLD,140813,False
1191133,JPX-GOLD,140812,False
1191133,JPX-GOLD,140811,False
1191133,JPX-GOLD,140810,False
1191133,JPX-GOLD,140809,False
1191133,JPX-GOLD,140807,False
1191133,JPX-GOLD,140806,False
1191133,JPX-GOLD,140805,False
1191133,JPX-GOLD,140808,False
1191133,JPX-HT,136702,False
1191133,JPX-HT,136699,False
1191133,JPX-HT,136701,False
1191133,JPX-HT,136704,False
1191133,JPX-HT,136700,False
1191133,JPX-HT,136695,False
1191133,JPX-HT,136697,False
1191133,JPX-HT,136696,False
1191133,JPX-HT,136698,False
1191133,JPX-HT,136703,False
1191134,JPX-JNAF,136204,False
1191134,JPX-JNAF,136202,False
1191134,JPX-JNAF,136200,False
1191134,JPX-JNAF,136197,False
1191134,JPX-JNAF,136196,False
1191134,JPX-JNAF,136195,False
1191134,JPX-JNAF,136201,False
1191134,JPX-JNAF,136199,False
1191134,JPX-JNAF,136198,False
1191134,JPX-JNAF,136203,False
1191134,JPX-KTST,135247,False
1191134,JPX-KTST,135246,False
1191134,JPX-KTST,135243,False
1191134,JPX-KTST,135242,False
1191134,JPX-KTST,135240,False
1191134,JPX-KTST,135239,False
1191134,JPX-KTST,135238,False
1191134,JPX-KTST,135244,False
1191135,JPX-KTST,135241,False
1191135,JPX-KTST,135245,False
1191135,JPX-SIMP,135512,False
1191135,JPX-SIMP,135511,False
1191135,JPX-SIMP,135510,False
1191135,JPX-SIMP,135509,False
1191135,JPX-SIMP,135508,False
1191135,JPX-SIMP,135506,False
1191135,JPX-SIMP,135505,False
1191135,JPX-SIMP,135504,False
1191135,JPX-SIMP,135503,False
1191135,JPX-SIMP,135507,False
1191135,JPX-XAG,136669,False
1191135,JPX-XAG,136667,False
1191135,JPX-XAG,136663,False
1191135,JPX-XAG,136661,False
1191135,JPX-XAG,136665,False
1191135,JPX-XAG,136668,False
1191135,JPX-XAG,136660,False
1191135,JPX-XAG,136662,False
1191135,JPX-XAG,136664,False
1191135,JPX-XAG,136666,False
1191136,JPX-SIMP,135524,False
1191136,JPX-GOLD,140829,False
1191231,JPX-ETFSH,128838,False
1191231,JPX-ETFSH,128837,False
1191231,JPX-ETFSH,128836,False
1191231,JPX-ETFSH,128835,False
1191231,JPX-ETFSH,128834,False
1191231,JPX-ETFSH,128832,False
1191231,JPX-ETFSH,128840,False
1191232,JPX-ETFSH,128841,False
1191232,JPX-ETFSH,128833,False
1191232,JPX-ETFSH,128839,False
1191233,JPX-CARD,139616,False
1191233,JPX-CARD,139614,False
1191233,JPX-CARD,139612,False
1191233,JPX-CARD,139610,False
1191233,JPX-CARD,139608,False
1191233,JPX-CARD,139607,False
1191233,JPX-CARD,139615,False
1191233,JPX-CARD,139609,False
1191233,JPX-CARD,139611,False
1191233,JPX-CARD,139613,False
1191233,JPX-GOLD,140827,False
1191233,JPX-GOLD,140825,False
1191233,JPX-GOLD,140824,False
1191233,JPX-GOLD,140823,False
1191233,JPX-GOLD,140822,False
1191233,JPX-GOLD,140821,False
1191233,JPX-GOLD,140820,False
1191233,JPX-GOLD,140819,False
1191233,JPX-GOLD,140818,False
1191233,JPX-GOLD,140826,False
1191233,JPX-HT,136714,False
1191233,JPX-HT,136712,False
1191233,JPX-HT,136710,False
1191233,JPX-HT,136708,False
1191233,JPX-HT,136709,False
1191233,JPX-HT,136706,False
1191233,JPX-HT,136707,False
1191233,JPX-HT,136705,False
1191233,JPX-HT,136713,False
1191234,JPX-HT,136711,False
1191234,JPX-JNAF,136213,False
1191234,JPX-JNAF,136211,False
1191234,JPX-JNAF,136208,False
1191234,JPX-JNAF,136207,False
1191234,JPX-JNAF,136206,False
1191234,JPX-JNAF,136212,False
1191234,JPX-JNAF,136210,False
1191234,JPX-JNAF,136214,False
1191234,JPX-JNAF,136205,False
1191234,JPX-JNAF,136209,False
1191234,JPX-KTST,135258,False
1191234,JPX-KTST,135257,False
1191234,JPX-KTST,135256,False
1191234,JPX-KTST,135255,False
1191234,JPX-KTST,135254,False
1191234,JPX-KTST,135253,False
1191234,JPX-KTST,135250,False
1191235,JPX-KTST,135249,False
1191235,JPX-KTST,135252,False
1191235,JPX-KTST,135251,False
1191235,JPX-SIMP,135523,False
1191235,JPX-SIMP,135522,False
1191235,JPX-SIMP,135521,False
1191235,JPX-SIMP,135520,False
1191235,JPX-SIMP,135518,False
1191235,JPX-SIMP,135517,False
1191235,JPX-SIMP,135516,False
1191235,JPX-SIMP,135515,False
1191235,JPX-SIMP,135519,False
1191235,JPX-SIMP,135514,False
1191235,JPX-XAG,136678,False
1191235,JPX-XAG,136676,False
1191235,JPX-XAG,136674,False
1191235,JPX-XAG,136672,False
1191235,JPX-XAG,136671,False
1191235,JPX-XAG,136673,False
1191235,JPX-XAG,136670,False
1191235,JPX-XAG,136679,False
1191235,JPX-XAG,136675,False
1191235,JPX-XAG,136677,False
1191254,JPX-GOLD,140841,False
1191301,JPX-GOLD,140843,False
1191301,JPX-CARD,139627,False
1191331,JPX-ETFSH,128851,False
1191331,JPX-ETFSH,128845,False
1191331,JPX-ETFSH,128842,False
1191331,JPX-ETFSH,128846,False
1191331,JPX-ETFSH,128843,False
1191331,JPX-ETFSH,128847,False
1191332,JPX-ETFSH,128848,False
1191332,JPX-ETFSH,128844,False
1191332,JPX-ETFSH,128850,False
1191332,JPX-ETFSH,128849,False
1191333,JPX-CARD,139626,False
1191333,JPX-CARD,139624,False
1191333,JPX-CARD,139622,False
1191333,JPX-CARD,139621,False
1191333,JPX-CARD,139619,False
1191333,JPX-CARD,139617,False
1191333,JPX-CARD,139620,False
1191333,JPX-CARD,139618,False
1191333,JPX-CARD,139623,False
1191333,JPX-CARD,139625,False
1191333,JPX-GOLD,140840,False
1191333,JPX-GOLD,140838,False
1191333,JPX-GOLD,140837,False
1191333,JPX-GOLD,140836,False
1191333,JPX-GOLD,140835,False
1191333,JPX-GOLD,140834,False
1191333,JPX-GOLD,140833,False
1191333,JPX-GOLD,140832,False
1191333,JPX-GOLD,140831,False
1191333,JPX-GOLD,140839,False
1191333,JPX-HT,136724,False
1191333,JPX-HT,136722,False
1191333,JPX-HT,136720,False
1191333,JPX-HT,136718,False
1191333,JPX-HT,136716,False
1191333,JPX-HT,136719,False
1191333,JPX-HT,136725,False
1191333,JPX-HT,136717,False
1191333,JPX-HT,136721,False
1191334,JPX-HT,136723,False
1191334,JPX-JNAF,136223,False
1191334,JPX-JNAF,136221,False
1191334,JPX-JNAF,136219,False
1191334,JPX-JNAF,136217,False
1191334,JPX-JNAF,136215,False
1191334,JPX-JNAF,136218,False
1191334,JPX-JNAF,136224,False
1191334,JPX-JNAF,136220,False
1191334,JPX-JNAF,136222,False
1191334,JPX-JNAF,136216,False
1191334,JPX-KTST,135268,False
1191334,JPX-KTST,135266,False
1191334,JPX-KTST,135264,False
1191334,JPX-KTST,135262,False
1191334,JPX-KTST,135261,False
1191334,JPX-KTST,135260,False
1191334,JPX-KTST,135259,False
1191335,JPX-KTST,135263,False
1191335,JPX-KTST,135265,False
1191335,JPX-KTST,135267,False
1191335,JPX-SIMP,135536,False
1191335,JPX-SIMP,135535,False
1191335,JPX-SIMP,135534,False
1191335,JPX-SIMP,135533,False
1191335,JPX-SIMP,135532,False
1191335,JPX-SIMP,135530,False
1191335,JPX-SIMP,135529,False
1191335,JPX-SIMP,135528,False
1191335,JPX-SIMP,135531,False
1191335,JPX-SIMP,135527,False
1191335,JPX-XAG,136684,False
1191335,JPX-XAG,136682,False
1191335,JPX-XAG,136680,False
1191335,JPX-XAG,136689,False
1191335,JPX-XAG,136687,False
1191335,JPX-XAG,136685,False
1191335,JPX-XAG,136683,False
1191335,JPX-XAG,136686,False
1191335,JPX-XAG,136688,False
1191335,JPX-XAG,136681,False
1191431,JPX-ETFSH,128861,False
1191431,JPX-ETFSH,128860,False
1191431,JPX-ETFSH,128857,False
1191431,JPX-ETFSH,128852,False
1191431,JPX-ETFSH,128858,False
1191431,JPX-ETFSH,128855,False
1191432,JPX-ETFSH,128856,False
1191432,JPX-ETFSH,128854,False
1191432,JPX-ETFSH,128859,False
1191432,JPX-ETFSH,128853,False
1191433,JPX-CARD,139637,False
1191433,JPX-CARD,139636,False
1191433,JPX-CARD,139634,False
1191433,JPX-CARD,139632,False
1191433,JPX-CARD,139630,False
1191433,JPX-CARD,139628,False
1191433,JPX-CARD,139631,False
1191433,JPX-CARD,139629,False
1191433,JPX-CARD,139633,False
1191433,JPX-CARD,139635,False
1191433,JPX-GOLD,140854,False
1191433,JPX-GOLD,140853,False
1191433,JPX-GOLD,140852,False
1191433,JPX-GOLD,140851,False
1191433,JPX-GOLD,140850,False
1191433,JPX-GOLD,140849,False
1191433,JPX-GOLD,140847,False
1191433,JPX-GOLD,140846,False
1191433,JPX-GOLD,140845,False
1191433,JPX-GOLD,140848,False
1191433,JPX-HT,136731,False
1191433,JPX-HT,136729,False
1191433,JPX-HT,136727,False
1191433,JPX-HT,136732,False
1191433,JPX-HT,136734,False
1191433,JPX-HT,136728,False
1191433,JPX-HT,136730,False
1191433,JPX-HT,136736,False
1191433,JPX-HT,136733,False
1191433,JPX-HT,136735,False
1191434,JPX-JNAF,136232,False
1191434,JPX-JNAF,136230,False
1191434,JPX-JNAF,136229,False
1191434,JPX-JNAF,136228,False
1191434,JPX-JNAF,136227,False
1191434,JPX-JNAF,136225,False
1191434,JPX-JNAF,136234,False
1191434,JPX-JNAF,136233,False
1191434,JPX-JNAF,136231,False
1191434,JPX-JNAF,136226,False
1191434,JPX-KTST,135280,False
1191434,JPX-KTST,135279,False
1191434,JPX-KTST,135278,False
1191434,JPX-KTST,135277,False
1191434,JPX-KTST,135276,False
1191434,JPX-KTST,135275,False
1191434,JPX-KTST,135274,False
1191434,JPX-KTST,135273,False
1191434,JPX-KTST,135272,False
1191434,JPX-KTST,135271,False
1191435,JPX-SIMP,135546,False
1191435,JPX-SIMP,135545,False
1191435,JPX-SIMP,135544,False
1191435,JPX-SIMP,135543,False
1191435,JPX-SIMP,135542,False
1191435,JPX-SIMP,135541,False
1191435,JPX-SIMP,135539,False
1191435,JPX-SIMP,135538,False
1191435,JPX-SIMP,135537,False
1191435,JPX-SIMP,135540,False
1191435,JPX-XAG,136692,False
1191435,JPX-XAG,136690,False
1191435,JPX-XAG,136699,False
1191435,JPX-XAG,136691,False
1191435,JPX-XAG,136693,False
1191435,JPX-XAG,136695,False
1191435,JPX-XAG,136697,False
1191435,JPX-XAG,136696,False
1191435,JPX-XAG,136694,False
1191435,JPX-XAG,136698,False
1191435,JPX-GOLD,140867,False
1191526,JPX-GOLD,140869,False
1191531,JPX-ETFSH,128871,False
1191531,JPX-ETFSH,128870,False
1191531,JPX-ETFSH,128868,False
1191531,JPX-ETFSH,128864,False
1191531,JPX-ETFSH,128863,False
1191532,JPX-ETFSH,128867,False
1191532,JPX-ETFSH,128866,False
1191532,JPX-ETFSH,128865,False
1191532,JPX-ETFSH,128862,False
1191533,JPX-ETFSH,128869,False
1191533,JPX-CARD,139648,False
1191533,JPX-CARD,139645,False
1191533,JPX-CARD,139643,False
1191533,JPX-CARD,139642,False
1191533,JPX-CARD,139641,False
1191533,JPX-CARD,139640,False
1191533,JPX-CARD,139649,False
1191533,JPX-CARD,139647,False
1191533,JPX-CARD,139646,False
1191533,JPX-CARD,139644,False
1191533,JPX-GOLD,140865,False
1191533,JPX-GOLD,140864,False
1191533,JPX-GOLD,140863,False
1191533,JPX-GOLD,140862,False
1191533,JPX-GOLD,140861,False
1191533,JPX-GOLD,140860,False
1191533,JPX-GOLD,140859,False
1191533,JPX-GOLD,140858,False
1191533,JPX-GOLD,140857,False
1191533,JPX-GOLD,140856,False
1191533,JPX-HT,136744,False
1191533,JPX-HT,136742,False
1191533,JPX-HT,136741,False
1191533,JPX-HT,136739,False
1191533,JPX-HT,136737,False
1191533,JPX-HT,136745,False
1191533,JPX-HT,136743,False
1191533,JPX-HT,136738,False
1191533,JPX-HT,136740,False
1191533,JPX-HT,136746,False
1191534,JPX-JNAF,136244,False
1191534,JPX-JNAF,136243,False
1191534,JPX-JNAF,136241,False
1191534,JPX-JNAF,136240,False
1191534,JPX-JNAF,136239,False
1191534,JPX-JNAF,136238,False
1191534,JPX-JNAF,136237,False
1191534,JPX-JNAF,136236,False
1191534,JPX-JNAF,136235,False
1191534,JPX-JNAF,136242,False
1191534,JPX-KTST,135290,False
1191534,JPX-KTST,135289,False
1191534,JPX-KTST,135288,False
1191534,JPX-KTST,135287,False
1191534,JPX-KTST,135286,False
1191534,JPX-KTST,135285,False
1191534,JPX-KTST,135284,False
1191534,JPX-KTST,135283,False
1191534,JPX-KTST,135281,False
1191535,JPX-KTST,135282,False
1191535,JPX-SIMP,135557,False
1191535,JPX-SIMP,135556,False
1191535,JPX-SIMP,135555,False
1191535,JPX-SIMP,135553,False
1191535,JPX-SIMP,135551,False
1191535,JPX-SIMP,135550,False
1191535,JPX-SIMP,135549,False
1191535,JPX-SIMP,135548,False
1191535,JPX-SIMP,135552,False
1191535,JPX-SIMP,135554,False
1191535,JPX-XAG,136708,False
1191535,JPX-XAG,136702,False
1191535,JPX-XAG,136709,False
1191535,JPX-XAG,136706,False
1191535,JPX-XAG,136707,False
1191535,JPX-XAG,136705,False
1191535,JPX-XAG,136701,False
1191535,JPX-XAG,136704,False
1191535,JPX-XAG,136700,False
1191535,JPX-XAG,136703,False
1191631,JPX-ETFSH,128879,False
1191631,JPX-ETFSH,128878,False
1191631,JPX-ETFSH,128877,False
1191631,JPX-ETFSH,128875,False
1191631,JPX-ETFSH,128873,False
1191631,JPX-ETFSH,128872,False
1191632,JPX-ETFSH,128880,False
1191632,JPX-ETFSH,128876,False
1191632,JPX-ETFSH,128881,False
1191632,JPX-ETFSH,128874,False
1191633,JPX-CARD,139658,False
1191633,JPX-CARD,139652,False
1191633,JPX-CARD,139650,False
1191633,JPX-CARD,139659,False
1191633,JPX-CARD,139657,False
1191633,JPX-CARD,139655,False
1191633,JPX-CARD,139653,False
1191633,JPX-CARD,139651,False
1191633,JPX-CARD,139654,False
1191633,JPX-CARD,139656,False
1191633,JPX-GOLD,140879,False
1191633,JPX-GOLD,140878,False
1191633,JPX-GOLD,140877,False
1191633,JPX-GOLD,140876,False
1191633,JPX-GOLD,140875,False
1191633,JPX-GOLD,140874,False
1191633,JPX-GOLD,140873,False
1191633,JPX-GOLD,140872,False
1191633,JPX-GOLD,140871,False
1191633,JPX-GOLD,140880,False
1191633,JPX-HT,136756,False
1191633,JPX-HT,136754,False
1191633,JPX-HT,136752,False
1191633,JPX-HT,136751,False
1191633,JPX-HT,136749,False
1191633,JPX-HT,136753,False
1191633,JPX-HT,136748,False
1191633,JPX-HT,136750,False
1191633,JPX-HT,136757,False
1191634,JPX-HT,136755,False
1191634,JPX-JNAF,136254,False
1191634,JPX-JNAF,136252,False
1191634,JPX-JNAF,136251,False
1191634,JPX-JNAF,136250,False
1191634,JPX-JNAF,136249,False
1191634,JPX-JNAF,136248,False
1191634,JPX-JNAF,136247,False
1191634,JPX-JNAF,136246,False
1191634,JPX-JNAF,136253,False
1191634,JPX-JNAF,136245,False
1191634,JPX-KTST,135302,False
1191634,JPX-KTST,135301,False
1191634,JPX-KTST,135300,False
1191634,JPX-KTST,135299,False
1191634,JPX-KTST,135298,False
1191634,JPX-KTST,135296,False
1191634,JPX-KTST,135294,False
1191634,JPX-KTST,135293,False
1191635,JPX-KTST,135295,False
1191635,JPX-KTST,135297,False
1191635,JPX-SIMP,135564,False
1191635,JPX-SIMP,135563,False
1191635,JPX-SIMP,135562,False
1191635,JPX-SIMP,135561,False
1191635,JPX-SIMP,135559,False
1191635,JPX-SIMP,135558,False
1191635,JPX-SIMP,135566,False
1191635,JPX-SIMP,135560,False
1191635,JPX-SIMP,135565,False
1191635,JPX-SIMP,135567,False
1191635,JPX-XAG,136718,False
1191635,JPX-XAG,136716,False
1191635,JPX-XAG,136714,False
1191635,JPX-XAG,136712,False
1191635,JPX-XAG,136710,False
1191635,JPX-XAG,136719,False
1191635,JPX-XAG,136717,False
1191635,JPX-XAG,136715,False
1191635,JPX-XAG,136713,False
1191635,JPX-XAG,136711,False
1191641,JPX-GOLD,140891,False
1191641,JPX-CARD,139670,False
1191731,JPX-ETFSH,128889,False
1191731,JPX-ETFSH,128886,False
1191731,JPX-ETFSH,128885,False
1191731,JPX-ETFSH,128884,False
1191731,JPX-ETFSH,128891,False
1191731,JPX-ETFSH,128888,False
1191732,JPX-ETFSH,128890,False
1191732,JPX-ETFSH,128887,False
1191732,JPX-ETFSH,128883,False
1191733,JPX-ETFSH,128882,False
1191733,JPX-CARD,139668,False
1191733,JPX-CARD,139666,False
1191733,JPX-CARD,139664,False
1191733,JPX-CARD,139662,False
1191733,JPX-CARD,139660,False
1191733,JPX-CARD,139661,False
1191733,JPX-CARD,139669,False
1191733,JPX-CARD,139667,False
1191733,JPX-CARD,139663,False
1191733,JPX-CARD,139665,False
1191733,JPX-GOLD,140890,False
1191733,JPX-GOLD,140889,False
1191733,JPX-GOLD,140888,False
1191733,JPX-GOLD,140887,False
1191733,JPX-GOLD,140886,False
1191733,JPX-GOLD,140885,False
1191733,JPX-GOLD,140884,False
1191733,JPX-GOLD,140883,False
1191733,JPX-GOLD,140882,False
1191733,JPX-GOLD,140881,False
1191733,JPX-HT,136767,False
1191733,JPX-HT,136764,False
1191733,JPX-HT,136763,False
1191733,JPX-HT,136762,False
1191733,JPX-HT,136761,False
1191733,JPX-HT,136759,False
1191733,JPX-HT,136766,False
1191733,JPX-HT,136768,False
1191734,JPX-HT,136760,False
1191734,JPX-HT,136765,False
1191734,JPX-JNAF,136262,False
1191734,JPX-JNAF,136260,False
1191734,JPX-JNAF,136258,False
1191734,JPX-JNAF,136256,False
1191734,JPX-JNAF,136264,False
1191734,JPX-JNAF,136259,False
1191734,JPX-JNAF,136263,False
1191734,JPX-JNAF,136261,False
1191734,JPX-JNAF,136257,False
1191734,JPX-JNAF,136255,False
1191734,JPX-KTST,135314,False
1191735,JPX-KTST,135313,False
1191735,JPX-KTST,135311,False
1191735,JPX-KTST,135310,False
1191735,JPX-KTST,135309,False
1191735,JPX-KTST,135308,False
1191735,JPX-KTST,135307,False
1191735,JPX-KTST,135306,False
1191735,JPX-KTST,135305,False
1191735,JPX-KTST,135312,False
1191735,JPX-SIMP,135577,False
1191735,JPX-SIMP,135576,False
1191735,JPX-SIMP,135575,False
1191735,JPX-SIMP,135574,False
1191735,JPX-SIMP,135573,False
1191735,JPX-SIMP,135572,False
1191735,JPX-SIMP,135571,False
1191735,JPX-SIMP,135570,False
1191735,JPX-SIMP,135569,False
1191735,JPX-SIMP,135578,False
1191735,JPX-XAG,136729,False
1191735,JPX-XAG,136727,False
1191735,JPX-XAG,136726,False
1191735,JPX-XAG,136724,False
1191735,JPX-XAG,136722,False
1191735,JPX-XAG,136720,False
1191735,JPX-XAG,136725,False
1191735,JPX-XAG,136721,False
1191735,JPX-XAG,136728,False
1191735,JPX-XAG,136723,False
1191736,JPX-CARD,139681,False
1191736,JPX-GOLD,140904,False
1191736,JPX-ETFSH,128902,False
1191820,JPX-GOLD,140907,False
1191831,JPX-ETFSH,128897,False
1191831,JPX-ETFSH,128896,False
1191831,JPX-ETFSH,128895,False
1191831,JPX-ETFSH,128893,False
1191831,JPX-ETFSH,128900,False
1191832,JPX-ETFSH,128899,False
1191832,JPX-ETFSH,128894,False
1191832,JPX-ETFSH,128898,False
1191833,JPX-ETFSH,128892,False
1191833,JPX-ETFSH,128901,False
1191833,JPX-CARD,139680,False
1191833,JPX-CARD,139678,False
1191833,JPX-CARD,139676,False
1191833,JPX-CARD,139674,False
1191833,JPX-CARD,139672,False
1191833,JPX-CARD,139677,False
1191833,JPX-CARD,139675,False
1191833,JPX-CARD,139673,False
1191833,JPX-CARD,139671,False
1191833,JPX-CARD,139679,False
1191833,JPX-GOLD,140902,False
1191833,JPX-GOLD,140901,False
1191833,JPX-GOLD,140900,False
1191833,JPX-GOLD,140899,False
1191833,JPX-GOLD,140898,False
1191833,JPX-GOLD,140897,False
1191833,JPX-GOLD,140896,False
1191833,JPX-GOLD,140895,False
1191833,JPX-GOLD,140894,False
1191833,JPX-GOLD,140893,False
1191833,JPX-HT,136777,False
1191833,JPX-HT,136776,False
1191833,JPX-HT,136775,False
1191833,JPX-HT,136773,False
1191833,JPX-HT,136771,False
1191833,JPX-HT,136772,False
1191834,JPX-HT,136769,False
1191834,JPX-HT,136770,False
1191834,JPX-HT,136774,False
1191834,JPX-HT,136778,False
1191834,JPX-JNAF,136273,False
1191834,JPX-JNAF,136272,False
1191834,JPX-JNAF,136270,False
1191834,JPX-JNAF,136268,False
1191834,JPX-JNAF,136266,False
1191834,JPX-JNAF,136274,False
1191834,JPX-JNAF,136269,False
1191834,JPX-JNAF,136265,False
1191834,JPX-JNAF,136267,False
1191834,JPX-JNAF,136271,False
1191834,JPX-KTST,135324,False
1191834,JPX-KTST,135323,False
1191834,JPX-KTST,135322,False
1191834,JPX-KTST,135321,False
1191834,JPX-KTST,135320,False
1191834,JPX-KTST,135319,False
1191834,JPX-KTST,135318,False
1191834,JPX-KTST,135317,False
1191834,JPX-KTST,135316,False
1191835,JPX-KTST,135325,False
1191835,JPX-SIMP,135588,False
1191835,JPX-SIMP,135587,False
1191835,JPX-SIMP,135586,False
1191835,JPX-SIMP,135585,False
1191835,JPX-SIMP,135584,False
1191835,JPX-SIMP,135583,False
1191835,JPX-SIMP,135582,False
1191835,JPX-SIMP,135581,False
1191835,JPX-SIMP,135580,False
1191835,JPX-SIMP,135579,False
1191835,JPX-XAG,136739,False
1191835,JPX-XAG,136737,False
1191835,JPX-XAG,136731,False
1191835,JPX-XAG,136732,False
1191835,JPX-XAG,136734,False
1191835,JPX-XAG,136738,False
1191835,JPX-XAG,136730,False
1191835,JPX-XAG,136736,False
1191835,JPX-XAG,136733,False
1191835,JPX-XAG,136735,False
1191916,JPX-GOLD,140918,False
1191931,JPX-ETFSH,128911,False
1191931,JPX-ETFSH,128909,False
1191931,JPX-ETFSH,128905,False
1191931,JPX-ETFSH,128904,False
1191931,JPX-ETFSH,128906,False
1191931,JPX-ETFSH,128908,False
1191932,JPX-ETFSH,128907,False
1191932,JPX-ETFSH,128913,False
1191932,JPX-ETFSH,128910,False
1191932,JPX-ETFSH,128912,False
1191933,JPX-CARD,139690,False
1191933,JPX-CARD,139688,False
1191933,JPX-CARD,139687,False
1191933,JPX-CARD,139686,False
1191933,JPX-CARD,139684,False
1191933,JPX-CARD,139682,False
1191933,JPX-CARD,139691,False
1191933,JPX-CARD,139685,False
1191933,JPX-CARD,139683,False
1191933,JPX-CARD,139689,False
1191933,JPX-GOLD,140917,False
1191933,JPX-GOLD,140916,False
1191933,JPX-GOLD,140915,False
1191933,JPX-GOLD,140914,False
1191933,JPX-GOLD,140913,False
1191933,JPX-GOLD,140912,False
1191933,JPX-GOLD,140911,False
1191933,JPX-GOLD,140910,False
1191933,JPX-GOLD,140909,False
1191933,JPX-GOLD,140908,False
1191933,JPX-HT,136784,False
1191933,JPX-HT,136787,False
1191934,JPX-HT,136779,False
1191934,JPX-HT,136781,False
1191934,JPX-HT,136783,False
1191934,JPX-HT,136788,False
1191934,JPX-HT,136786,False
1191934,JPX-HT,136780,False
1191934,JPX-HT,136785,False
1191934,JPX-HT,136782,False
1191934,JPX-JNAF,136283,False
1191934,JPX-JNAF,136282,False
1191934,JPX-JNAF,136281,False
1191934,JPX-JNAF,136280,False
1191934,JPX-JNAF,136279,False
1191934,JPX-JNAF,136278,False
1191934,JPX-JNAF,136277,False
1191934,JPX-JNAF,136275,False
1191934,JPX-JNAF,136276,False
1191934,JPX-JNAF,136284,False
1191934,JPX-KTST,135336,False
1191934,JPX-KTST,135335,False
1191934,JPX-KTST,135334,False
1191934,JPX-KTST,135333,False
1191935,JPX-KTST,135332,False
1191935,JPX-KTST,135331,False
1191935,JPX-KTST,135330,False
1191935,JPX-KTST,135329,False
1191935,JPX-KTST,135328,False
1191935,JPX-KTST,135337,False
1191935,JPX-SIMP,135597,False
1191935,JPX-SIMP,135596,False
1191935,JPX-SIMP,135595,False
1191935,JPX-SIMP,135593,False
1191935,JPX-SIMP,135592,False
1191935,JPX-SIMP,135591,False
1191935,JPX-SIMP,135590,False
1191935,JPX-SIMP,135589,False
1191935,JPX-SIMP,135598,False
1191935,JPX-SIMP,135594,False
1191935,JPX-XAG,136749,False
1191935,JPX-XAG,136744,False
1191935,JPX-XAG,136742,False
1191935,JPX-XAG,136741,False
1191935,JPX-XAG,136745,False
1191935,JPX-XAG,136743,False
1191935,JPX-XAG,136748,False
1191935,JPX-XAG,136750,False
1191935,JPX-XAG,136746,False
1191935,JPX-XAG,136747,False
1191944,JPX-GOLD,140930,False
1192018,JPX-GOLD,140931,False
1192018,JPX-CARD,139703,False
1192031,JPX-ETFSH,128914,False
1192031,JPX-ETFSH,128918,False
1192032,JPX-ETFSH,128919,False
1192032,JPX-ETFSH,128915,False
1192032,JPX-ETFSH,128917,False
1192032,JPX-ETFSH,128923,False
1192032,JPX-ETFSH,128921,False
1192032,JPX-ETFSH,128916,False
1192032,JPX-ETFSH,128922,False
1192033,JPX-ETFSH,128920,False
1192033,JPX-CARD,139702,False
1192033,JPX-CARD,139700,False
1192033,JPX-CARD,139695,False
1192033,JPX-CARD,139694,False
1192033,JPX-CARD,139698,False
1192033,JPX-CARD,139696,False
1192033,JPX-CARD,139701,False
1192033,JPX-CARD,139693,False
1192033,JPX-CARD,139699,False
1192033,JPX-CARD,139697,False
1192033,JPX-GOLD,140929,False
1192033,JPX-GOLD,140928,False
1192033,JPX-GOLD,140927,False
1192033,JPX-GOLD,140926,False
1192033,JPX-GOLD,140925,False
1192033,JPX-GOLD,140924,False
1192033,JPX-GOLD,140923,False
1192033,JPX-GOLD,140922,False
1192033,JPX-GOLD,140921,False
1192033,JPX-GOLD,140920,False
1192033,JPX-HT,136798,False
1192033,JPX-HT,136796,False
1192033,JPX-HT,136794,False
1192033,JPX-HT,136793,False
1192033,JPX-HT,136791,False
1192033,JPX-HT,136789,False
1192033,JPX-HT,136790,False
1192033,JPX-HT,136792,False
1192034,JPX-HT,136795,False
1192034,JPX-HT,136797,False
1192034,JPX-JNAF,136293,False
1192034,JPX-JNAF,136292,False
1192034,JPX-JNAF,136291,False
1192034,JPX-JNAF,136290,False
1192034,JPX-JNAF,136289,False
1192034,JPX-JNAF,136288,False
1192034,JPX-JNAF,136286,False
1192034,JPX-JNAF,136287,False
1192034,JPX-JNAF,136294,False
1192034,JPX-JNAF,136285,False
1192034,JPX-KTST,135347,False
1192034,JPX-KTST,135346,False
1192034,JPX-KTST,135345,False
1192034,JPX-KTST,135344,False
1192034,JPX-KTST,135343,False
1192034,JPX-KTST,135342,False
1192034,JPX-KTST,135341,False
1192034,JPX-KTST,135340,False
1192034,JPX-KTST,135339,False
1192034,JPX-KTST,135338,False
1192035,JPX-SIMP,135607,False
1192035,JPX-SIMP,135605,False
1192035,JPX-SIMP,135604,False
1192035,JPX-SIMP,135603,False
1192035,JPX-SIMP,135602,False
1192035,JPX-SIMP,135601,False
1192035,JPX-SIMP,135600,False
1192035,JPX-SIMP,135599,False
1192035,JPX-SIMP,135608,False
1192035,JPX-SIMP,135606,False
1192035,JPX-XAG,136762,False
1192035,JPX-XAG,136761,False
1192035,JPX-XAG,136759,False
1192035,JPX-XAG,136756,False
1192035,JPX-XAG,136754,False
1192035,JPX-XAG,136753,False
1192035,JPX-XAG,136757,False
1192035,JPX-XAG,136758,False
1192035,JPX-XAG,136755,False
1192035,JPX-XAG,136760,False
1192118,JPX-GOLD,140944,False
1192131,JPX-ETFSH,128932,False
1192131,JPX-ETFSH,128931,False
1192131,JPX-ETFSH,128929,False
1192131,JPX-ETFSH,128927,False
1192131,JPX-ETFSH,128925,False
1192131,JPX-ETFSH,128924,False
1192131,JPX-ETFSH,128930,False
1192131,JPX-ETFSH,128926,False
1192131,JPX-ETFSH,128928,False
1192132,JPX-ETFSH,128933,False
1192133,JPX-CARD,139714,False
1192133,JPX-CARD,139712,False
1192133,JPX-CARD,139710,False
1192133,JPX-CARD,139708,False
1192133,JPX-CARD,139706,False
1192133,JPX-CARD,139705,False
1192133,JPX-CARD,139709,False
1192133,JPX-CARD,139707,False
1192133,JPX-CARD,139711,False
1192133,JPX-CARD,139713,False
1192133,JPX-GOLD,140940,False
1192133,JPX-GOLD,140939,False
1192133,JPX-GOLD,140938,False
1192133,JPX-GOLD,140937,False
1192133,JPX-GOLD,140936,False
1192133,JPX-GOLD,140935,False
1192133,JPX-GOLD,140934,False
1192133,JPX-GOLD,140933,False
1192133,JPX-GOLD,140942,False
1192133,JPX-GOLD,140941,False
1192133,JPX-HT,136807,False
1192133,JPX-HT,136804,False
1192133,JPX-HT,136803,False
1192133,JPX-HT,136802,False
1192133,JPX-HT,136801,False
1192133,JPX-HT,136800,False
1192133,JPX-HT,136799,False
1192133,JPX-HT,136808,False
1192133,JPX-HT,136805,False
1192133,JPX-HT,136806,False
1192134,JPX-JNAF,136304,False
1192134,JPX-JNAF,136303,False
1192134,JPX-JNAF,136302,False
1192134,JPX-JNAF,136301,False
1192134,JPX-JNAF,136300,False
1192134,JPX-JNAF,136299,False
1192134,JPX-JNAF,136298,False
1192134,JPX-JNAF,136297,False
1192134,JPX-JNAF,136296,False
1192134,JPX-JNAF,136295,False
1192134,JPX-KTST,135357,False
1192134,JPX-KTST,135356,False
1192134,JPX-KTST,135355,False
1192134,JPX-KTST,135354,False
1192134,JPX-KTST,135353,False
1192134,JPX-KTST,135352,False
1192134,JPX-KTST,135351,False
1192134,JPX-KTST,135350,False
1192134,JPX-KTST,135349,False
1192135,JPX-KTST,135348,False
1192135,JPX-SIMP,135618,False
1192135,JPX-SIMP,135617,False
1192135,JPX-SIMP,135616,False
1192135,JPX-SIMP,135615,False
1192135,JPX-SIMP,135614,False
1192135,JPX-SIMP,135613,False
1192135,JPX-SIMP,135612,False
1192135,JPX-SIMP,135611,False
1192135,JPX-SIMP,135610,False
1192135,JPX-SIMP,135609,False
1192135,JPX-XAG,136771,False
1192135,JPX-XAG,136767,False
1192135,JPX-XAG,136764,False
1192135,JPX-XAG,136763,False
1192135,JPX-XAG,136772,False
1192135,JPX-XAG,136766,False
1192135,JPX-XAG,136768,False
1192135,JPX-XAG,136769,False
1192135,JPX-XAG,136770,False
1192135,JPX-XAG,136765,False
1192228,JPX-GOLD,140956,False
1192231,JPX-ETFSH,128942,False
1192231,JPX-ETFSH,128941,False
1192231,JPX-ETFSH,128938,False
1192231,JPX-ETFSH,128937,False
1192231,JPX-ETFSH,128934,False
1192231,JPX-ETFSH,128943,False
1192232,JPX-ETFSH,128939,False
1192232,JPX-ETFSH,128935,False
1192232,JPX-ETFSH,128936,False
1192232,JPX-ETFSH,128940,False
1192233,JPX-CARD,139725,False
1192233,JPX-CARD,139723,False
1192233,JPX-CARD,139721,False
1192233,JPX-CARD,139719,False
1192233,JPX-CARD,139717,False
1192233,JPX-CARD,139722,False
1192233,JPX-CARD,139718,False
1192233,JPX-CARD,139716,False
1192233,JPX-CARD,139724,False
1192233,JPX-CARD,139720,False
1192233,JPX-GOLD,140954,False
1192233,JPX-GOLD,140952,False
1192233,JPX-GOLD,140951,False
1192233,JPX-GOLD,140950,False
1192233,JPX-GOLD,140949,False
1192233,JPX-GOLD,140947,False
1192233,JPX-GOLD,140945,False
1192233,JPX-GOLD,140953,False
1192233,JPX-GOLD,140946,False
1192233,JPX-GOLD,140948,False
1192233,JPX-HT,136812,False
1192233,JPX-HT,136810,False
1192233,JPX-HT,136811,False
1192233,JPX-HT,136814,False
1192233,JPX-HT,136817,False
1192233,JPX-HT,136809,False
1192233,JPX-HT,136816,False
1192234,JPX-HT,136818,False
1192234,JPX-HT,136813,False
1192234,JPX-HT,136815,False
1192234,JPX-JNAF,136314,False
1192234,JPX-JNAF,136313,False
1192234,JPX-JNAF,136312,False
1192234,JPX-JNAF,136311,False
1192234,JPX-JNAF,136310,False
1192234,JPX-JNAF,136309,False
1192234,JPX-JNAF,136308,False
1192234,JPX-JNAF,136307,False
1192234,JPX-JNAF,136306,False
1192234,JPX-JNAF,136305,False
1192234,JPX-KTST,135367,False
1192234,JPX-KTST,135366,False
1192234,JPX-KTST,135365,False
1192234,JPX-KTST,135364,False
1192234,JPX-KTST,135363,False
1192234,JPX-KTST,135362,False
1192234,JPX-KTST,135361,False
1192234,JPX-KTST,135360,False
1192234,JPX-KTST,135359,False
1192234,JPX-KTST,135358,False
1192235,JPX-SIMP,135628,False
1192235,JPX-SIMP,135627,False
1192235,JPX-SIMP,135626,False
1192235,JPX-SIMP,135625,False
1192235,JPX-SIMP,135624,False
1192235,JPX-SIMP,135623,False
1192235,JPX-SIMP,135621,False
1192235,JPX-SIMP,135619,False
1192235,JPX-SIMP,135620,False
1192235,JPX-SIMP,135622,False
1192235,JPX-XAG,136777,False
1192235,JPX-XAG,136776,False
1192235,JPX-XAG,136775,False
1192235,JPX-XAG,136779,False
1192235,JPX-XAG,136781,False
1192235,JPX-XAG,136783,False
1192235,JPX-XAG,136774,False
1192235,JPX-XAG,136780,False
1192235,JPX-XAG,136778,False
1192235,JPX-XAG,136782,False
1192259,JPX-GOLD,140968,False
1192259,JPX-XAG,136794,False
1192331,JPX-ETFSH,128952,False
1192331,JPX-ETFSH,128951,False
1192331,JPX-ETFSH,128945,False
1192331,JPX-ETFSH,128944,False
1192331,JPX-ETFSH,128949,False
1192332,JPX-ETFSH,128948,False
1192332,JPX-ETFSH,128950,False
1192332,JPX-ETFSH,128946,False
1192332,JPX-ETFSH,128947,False
1192333,JPX-ETFSH,128953,False
1192333,JPX-CARD,139734,False
1192333,JPX-CARD,139732,False
1192333,JPX-CARD,139728,False
1192333,JPX-CARD,139726,False
1192333,JPX-CARD,139729,False
1192333,JPX-CARD,139727,False
1192333,JPX-CARD,139730,False
1192333,JPX-CARD,139731,False
1192333,JPX-CARD,139733,False
1192333,JPX-CARD,139735,False
1192333,JPX-GOLD,140967,False
1192333,JPX-GOLD,140966,False
1192333,JPX-GOLD,140965,False
1192333,JPX-GOLD,140963,False
1192333,JPX-GOLD,140962,False
1192333,JPX-GOLD,140961,False
1192333,JPX-GOLD,140960,False
1192333,JPX-GOLD,140959,False
1192333,JPX-GOLD,140958,False
1192333,JPX-GOLD,140964,False
1192333,JPX-HT,136821,False
1192333,JPX-HT,136824,False
1192333,JPX-HT,136823,False
1192333,JPX-HT,136822,False
1192333,JPX-HT,136825,False
1192333,JPX-HT,136827,False
1192333,JPX-HT,136819,False
1192333,JPX-HT,136826,False
1192334,JPX-HT,136828,False
1192334,JPX-HT,136820,False
1192334,JPX-JNAF,136324,False
1192334,JPX-JNAF,136323,False
1192334,JPX-JNAF,136322,False
1192334,JPX-JNAF,136321,False
1192334,JPX-JNAF,136319,False
1192334,JPX-JNAF,136317,False
1192334,JPX-JNAF,136318,False
1192334,JPX-JNAF,136316,False
1192334,JPX-JNAF,136320,False
1192334,JPX-JNAF,136315,False
1192334,JPX-KTST,135378,False
1192334,JPX-KTST,135377,False
1192334,JPX-KTST,135376,False
1192334,JPX-KTST,135372,False
1192334,JPX-KTST,135371,False
1192334,JPX-KTST,135370,False
1192334,JPX-KTST,135369,False
1192335,JPX-KTST,135373,False
1192335,JPX-KTST,135375,False
1192335,JPX-KTST,135374,False
1192335,JPX-SIMP,135638,False
1192335,JPX-SIMP,135637,False
1192335,JPX-SIMP,135636,False
1192335,JPX-SIMP,135635,False
1192335,JPX-SIMP,135633,False
1192335,JPX-SIMP,135631,False
1192335,JPX-SIMP,135630,False
1192335,JPX-SIMP,135629,False
1192335,JPX-SIMP,135634,False
1192335,JPX-SIMP,135632,False
1192335,JPX-XAG,136793,False
1192335,JPX-XAG,136791,False
1192335,JPX-XAG,136789,False
1192335,JPX-XAG,136784,False
1192335,JPX-XAG,136787,False
1192335,JPX-XAG,136788,False
1192335,JPX-XAG,136790,False
1192335,JPX-XAG,136792,False
1192335,JPX-XAG,136786,False
1192335,JPX-XAG,136785,False
1192336,JPX-GOLD,140981,False
1192431,JPX-ETFSH,128963,False
1192431,JPX-ETFSH,128955,False
1192431,JPX-ETFSH,128957,False
1192431,JPX-ETFSH,128956,False
1192432,JPX-ETFSH,128964,False
1192432,JPX-ETFSH,128959,False
1192432,JPX-ETFSH,128962,False
1192432,JPX-ETFSH,128960,False
1192432,JPX-ETFSH,128961,False
1192433,JPX-ETFSH,128958,False
1192433,JPX-CARD,139745,False
1192433,JPX-CARD,139744,False
1192433,JPX-CARD,139743,False
1192433,JPX-CARD,139742,False
1192433,JPX-CARD,139741,False
1192433,JPX-CARD,139740,False
1192433,JPX-CARD,139739,False
1192433,JPX-CARD,139738,False
1192433,JPX-CARD,139736,False
1192433,JPX-CARD,139737,False
1192433,JPX-GOLD,140979,False
1192433,JPX-GOLD,140978,False
1192433,JPX-GOLD,140977,False
1192433,JPX-GOLD,140976,False
1192433,JPX-GOLD,140975,False
1192433,JPX-GOLD,140974,False
1192433,JPX-GOLD,140973,False
1192433,JPX-GOLD,140972,False
1192433,JPX-GOLD,140971,False
1192433,JPX-GOLD,140970,False
1192433,JPX-HT,136836,False
1192433,JPX-HT,136834,False
1192433,JPX-HT,136831,False
1192433,JPX-HT,136829,False
1192433,JPX-HT,136838,False
1192433,JPX-HT,136833,False
1192433,JPX-HT,136830,False
1192433,JPX-HT,136832,False
1192433,JPX-HT,136835,False
1192434,JPX-HT,136837,False
1192434,JPX-JNAF,136334,False
1192434,JPX-JNAF,136332,False
1192434,JPX-JNAF,136331,False
1192434,JPX-JNAF,136329,False
1192434,JPX-JNAF,136327,False
1192434,JPX-JNAF,136333,False
1192434,JPX-JNAF,136325,False
1192434,JPX-JNAF,136330,False
1192434,JPX-JNAF,136326,False
1192434,JPX-JNAF,136328,False
1192435,JPX-KTST,135388,False
1192435,JPX-KTST,135387,False
1192435,JPX-KTST,135386,False
1192435,JPX-KTST,135385,False
1192435,JPX-KTST,135384,False
1192435,JPX-KTST,135382,False
1192435,JPX-KTST,135381,False
1192435,JPX-KTST,135380,False
1192435,JPX-KTST,135383,False
1192435,JPX-KTST,135389,False
1192435,JPX-SIMP,135648,False
1192435,JPX-SIMP,135647,False
1192435,JPX-SIMP,135646,False
1192435,JPX-SIMP,135645,False
1192435,JPX-SIMP,135644,False
1192435,JPX-SIMP,135643,False
1192435,JPX-SIMP,135642,False
1192435,JPX-SIMP,135641,False
1192435,JPX-SIMP,135640,False
1192435,JPX-SIMP,135639,False
1192435,JPX-XAG,136804,False
1192435,JPX-XAG,136803,False
1192435,JPX-XAG,136802,False
1192435,JPX-XAG,136801,False
1192435,JPX-XAG,136800,False
1192435,JPX-XAG,136799,False
1192435,JPX-XAG,136798,False
1192435,JPX-XAG,136796,False
1192436,JPX-XAG,136795,False
1192436,JPX-XAG,136797,False
1192436,JPX-GOLD,140992,False
1192445,JPX-GOLD,140994,False
1192514,JPX-GOLD,140995,False
1192531,JPX-ETFSH,128974,False
1192531,JPX-ETFSH,128972,False
1192531,JPX-ETFSH,128970,False
1192531,JPX-ETFSH,128969,False
1192531,JPX-ETFSH,128966,False
1192531,JPX-ETFSH,128971,False
1192531,JPX-ETFSH,128965,False
1192532,JPX-ETFSH,128968,False
1192532,JPX-ETFSH,128967,False
1192532,JPX-ETFSH,128973,False
1192533,JPX-CARD,139755,False
1192533,JPX-CARD,139754,False
1192533,JPX-CARD,139751,False
1192533,JPX-CARD,139749,False
1192533,JPX-CARD,139748,False
1192533,JPX-CARD,139746,False
1192533,JPX-CARD,139753,False
1192533,JPX-CARD,139747,False
1192533,JPX-CARD,139752,False
1192533,JPX-CARD,139750,False
1192533,JPX-GOLD,140991,False
1192533,JPX-GOLD,140990,False
1192533,JPX-GOLD,140989,False
1192533,JPX-GOLD,140988,False
1192533,JPX-GOLD,140987,False
1192533,JPX-GOLD,140986,False
1192533,JPX-GOLD,140985,False
1192533,JPX-GOLD,140984,False
1192533,JPX-GOLD,140983,False
1192533,JPX-GOLD,140982,False
1192533,JPX-HT,136849,False
1192533,JPX-HT,136846,False
1192533,JPX-HT,136841,False
1192533,JPX-HT,136848,False
1192533,JPX-HT,136847,False
1192533,JPX-HT,136840,False
1192533,JPX-HT,136842,False
1192533,JPX-HT,136844,False
1192533,JPX-HT,136845,False
1192533,JPX-HT,136843,False
1192534,JPX-JNAF,136344,False
1192534,JPX-JNAF,136343,False
1192534,JPX-JNAF,136342,False
1192534,JPX-JNAF,136341,False
1192534,JPX-JNAF,136339,False
1192534,JPX-JNAF,136337,False
1192534,JPX-JNAF,136335,False
1192534,JPX-JNAF,136340,False
1192534,JPX-JNAF,136336,False
1192534,JPX-JNAF,136338,False
1192534,JPX-KTST,135399,False
1192534,JPX-KTST,135397,False
1192534,JPX-KTST,135396,False
1192534,JPX-KTST,135394,False
1192534,JPX-KTST,135393,False
1192534,JPX-KTST,135392,False
1192534,JPX-KTST,135391,False
1192534,JPX-KTST,135390,False
1192534,JPX-KTST,135395,False
1192535,JPX-KTST,135398,False
1192535,JPX-SIMP,135658,False
1192535,JPX-SIMP,135657,False
1192535,JPX-SIMP,135656,False
1192535,JPX-SIMP,135655,False
1192535,JPX-SIMP,135654,False
1192535,JPX-SIMP,135653,False
1192535,JPX-SIMP,135652,False
1192535,JPX-SIMP,135651,False
1192535,JPX-SIMP,135650,False
1192535,JPX-SIMP,135649,False
1192535,JPX-XAG,136812,False
1192535,JPX-XAG,136810,False
1192535,JPX-XAG,136807,False
1192535,JPX-XAG,136811,False
1192535,JPX-XAG,136808,False
1192535,JPX-XAG,136814,False
1192535,JPX-XAG,136805,False
1192535,JPX-XAG,136809,False
1192535,JPX-XAG,136806,False
1192535,JPX-XAG,136813,False
1192627,JPX-GOLD,141007,False
1192631,JPX-ETFSH,128980,False
1192631,JPX-ETFSH,128978,False
1192631,JPX-ETFSH,128977,False
1192631,JPX-ETFSH,128975,False
1192631,JPX-ETFSH,128981,False
1192631,JPX-ETFSH,128982,False
1192631,JPX-ETFSH,128983,False
1192632,JPX-ETFSH,128984,False
1192632,JPX-ETFSH,128979,False
1192632,JPX-ETFSH,128976,False
1192633,JPX-CARD,139764,False
1192633,JPX-CARD,139762,False
1192633,JPX-CARD,139760,False
1192633,JPX-CARD,139759,False
1192633,JPX-CARD,139758,False
1192633,JPX-CARD,139756,False
1192633,JPX-CARD,139763,False
1192633,JPX-CARD,139761,False
1192633,JPX-CARD,139757,False
1192633,JPX-CARD,139765,False
1192633,JPX-GOLD,141006,False
1192633,JPX-GOLD,141005,False
1192633,JPX-GOLD,141004,False
1192633,JPX-GOLD,141003,False
1192633,JPX-GOLD,141002,False
1192633,JPX-GOLD,141001,False
1192633,JPX-GOLD,141000,False
1192633,JPX-GOLD,140999,False
1192633,JPX-GOLD,140998,False
1192633,JPX-GOLD,140997,False
1192633,JPX-HT,136857,False
1192633,JPX-HT,136855,False
1192633,JPX-HT,136853,False
1192633,JPX-HT,136851,False
1192633,JPX-HT,136860,False
1192633,JPX-HT,136852,False
1192633,JPX-HT,136854,False
1192633,JPX-HT,136856,False
1192633,JPX-HT,136858,False
1192633,JPX-HT,136859,False
1192634,JPX-JNAF,136354,False
1192634,JPX-JNAF,136353,False
1192634,JPX-JNAF,136352,False
1192634,JPX-JNAF,136351,False
1192634,JPX-JNAF,136350,False
1192634,JPX-JNAF,136349,False
1192634,JPX-JNAF,136348,False
1192634,JPX-JNAF,136346,False
1192634,JPX-JNAF,136345,False
1192634,JPX-JNAF,136347,False
1192634,JPX-KTST,135409,False
1192634,JPX-KTST,135408,False
1192634,JPX-KTST,135407,False
1192634,JPX-KTST,135406,False
1192634,JPX-KTST,135405,False
1192634,JPX-KTST,135404,False
1192634,JPX-KTST,135403,False
1192634,JPX-KTST,135402,False
1192634,JPX-KTST,135401,False
1192635,JPX-KTST,135400,False
1192635,JPX-SIMP,135668,False
1192635,JPX-SIMP,135667,False
1192635,JPX-SIMP,135666,False
1192635,JPX-SIMP,135665,False
1192635,JPX-SIMP,135664,False
1192635,JPX-SIMP,135663,False
1192635,JPX-SIMP,135662,False
1192635,JPX-SIMP,135661,False
1192635,JPX-SIMP,135660,False
1192635,JPX-SIMP,135659,False
1192635,JPX-XAG,136821,False
1192635,JPX-XAG,136824,False
1192635,JPX-XAG,136823,False
1192635,JPX-XAG,136822,False
1192635,JPX-XAG,136817,False
1192635,JPX-XAG,136816,False
1192635,JPX-XAG,136819,False
1192635,JPX-XAG,136818,False
1192635,JPX-XAG,136820,False
1192635,JPX-XAG,136815,False
1192711,JPX-XAG,136835,False
1192726,JPX-SIMP,135680,False
1192726,JPX-GOLD,141019,False
1192726,JPX-CARD,139777,False
1192731,JPX-ETFSH,128988,False
1192731,JPX-ETFSH,128991,False
1192731,JPX-ETFSH,128994,False
1192731,JPX-ETFSH,128987,False
1192732,JPX-ETFSH,128990,False
1192732,JPX-ETFSH,128992,False
1192732,JPX-ETFSH,128989,False
1192732,JPX-ETFSH,128985,False
1192732,JPX-ETFSH,128993,False
1192733,JPX-ETFSH,128986,False
1192733,JPX-CARD,139775,False
1192733,JPX-CARD,139773,False
1192733,JPX-CARD,139771,False
1192733,JPX-CARD,139769,False
1192733,JPX-CARD,139774,False
1192733,JPX-CARD,139770,False
1192733,JPX-CARD,139767,False
1192733,JPX-CARD,139772,False
1192733,JPX-CARD,139768,False
1192733,JPX-CARD,139776,False
1192733,JPX-GOLD,141018,False
1192733,JPX-GOLD,141017,False
1192733,JPX-GOLD,141016,False
1192733,JPX-GOLD,141015,False
1192733,JPX-GOLD,141014,False
1192733,JPX-GOLD,141013,False
1192733,JPX-GOLD,141012,False
1192733,JPX-GOLD,141011,False
1192733,JPX-GOLD,141010,False
1192733,JPX-GOLD,141009,False
1192733,JPX-HT,136870,False
1192733,JPX-HT,136868,False
1192733,JPX-HT,136866,False
1192733,JPX-HT,136865,False
1192733,JPX-HT,136863,False
1192733,JPX-HT,136871,False
1192733,JPX-HT,136862,False
1192733,JPX-HT,136864,False
1192733,JPX-HT,136867,False
1192733,JPX-HT,136869,False
1192734,JPX-JNAF,136364,False
1192734,JPX-JNAF,136363,False
1192734,JPX-JNAF,136362,False
1192734,JPX-JNAF,136361,False
1192734,JPX-JNAF,136360,False
1192734,JPX-JNAF,136359,False
1192734,JPX-JNAF,136358,False
1192734,JPX-JNAF,136357,False
1192734,JPX-JNAF,136356,False
1192734,JPX-JNAF,136355,False
1192734,JPX-KTST,135419,False
1192734,JPX-KTST,135418,False
1192734,JPX-KTST,135417,False
1192734,JPX-KTST,135414,False
1192734,JPX-KTST,135412,False
1192734,JPX-KTST,135411,False
1192734,JPX-KTST,135410,False
1192735,JPX-KTST,135413,False
1192735,JPX-KTST,135415,False
1192735,JPX-KTST,135416,False
1192735,JPX-SIMP,135679,False
1192735,JPX-SIMP,135678,False
1192735,JPX-SIMP,135677,False
1192735,JPX-SIMP,135676,False
1192735,JPX-SIMP,135675,False
1192735,JPX-SIMP,135674,False
1192735,JPX-SIMP,135673,False
1192735,JPX-SIMP,135672,False
1192735,JPX-SIMP,135671,False
1192735,JPX-SIMP,135670,False
1192735,JPX-XAG,136834,False
1192735,JPX-XAG,136831,False
1192735,JPX-XAG,136829,False
1192735,JPX-XAG,136833,False
1192735,JPX-XAG,136825,False
1192735,JPX-XAG,136830,False
1192735,JPX-XAG,136832,False
1192735,JPX-XAG,136827,False
1192735,JPX-XAG,136826,False
1192735,JPX-XAG,136828,False
1192818,JPX-GOLD,141032,False
1192831,JPX-ETFSH,129006,False
1192831,JPX-ETFSH,129004,False
1192831,JPX-ETFSH,128999,False
1192831,JPX-ETFSH,128998,False
1192831,JPX-ETFSH,129003,False
1192831,JPX-ETFSH,129005,False
1192831,JPX-ETFSH,128997,False
1192831,JPX-ETFSH,129000,False
1192832,JPX-ETFSH,129002,False
1192832,JPX-ETFSH,129001,False
1192833,JPX-CARD,139787,False
1192833,JPX-CARD,139786,False
1192833,JPX-CARD,139785,False
1192833,JPX-CARD,139784,False
1192833,JPX-CARD,139783,False
1192833,JPX-CARD,139782,False
1192833,JPX-CARD,139781,False
1192833,JPX-CARD,139779,False
1192833,JPX-CARD,139778,False
1192833,JPX-CARD,139780,False
1192833,JPX-GOLD,141030,False
1192833,JPX-GOLD,141029,False
1192833,JPX-GOLD,141028,False
1192833,JPX-GOLD,141027,False
1192833,JPX-GOLD,141026,False
1192833,JPX-GOLD,141024,False
1192833,JPX-GOLD,141023,False
1192833,JPX-GOLD,141022,False
1192833,JPX-GOLD,141021,False
1192833,JPX-GOLD,141025,False
1192833,JPX-HT,136883,False
1192833,JPX-HT,136882,False
1192833,JPX-HT,136881,False
1192833,JPX-HT,136880,False
1192833,JPX-HT,136879,False
1192833,JPX-HT,136877,False
1192833,JPX-HT,136875,False
1192833,JPX-HT,136874,False
1192833,JPX-HT,136878,False
1192834,JPX-HT,136876,False
1192834,JPX-JNAF,136374,False
1192834,JPX-JNAF,136373,False
1192834,JPX-JNAF,136372,False
1192834,JPX-JNAF,136371,False
1192834,JPX-JNAF,136370,False
1192834,JPX-JNAF,136369,False
1192834,JPX-JNAF,136368,False
1192834,JPX-JNAF,136367,False
1192834,JPX-JNAF,136366,False
1192834,JPX-JNAF,136365,False
1192834,JPX-KTST,135429,False
1192834,JPX-KTST,135427,False
1192834,JPX-KTST,135426,False
1192834,JPX-KTST,135425,False
1192834,JPX-KTST,135424,False
1192834,JPX-KTST,135423,False
1192834,JPX-KTST,135422,False
1192834,JPX-KTST,135421,False
1192834,JPX-KTST,135420,False
1192835,JPX-KTST,135428,False
1192835,JPX-SIMP,135690,False
1192835,JPX-SIMP,135689,False
1192835,JPX-SIMP,135688,False
1192835,JPX-SIMP,135687,False
1192835,JPX-SIMP,135686,False
1192835,JPX-SIMP,135685,False
1192835,JPX-SIMP,135683,False
1192835,JPX-SIMP,135682,False
1192835,JPX-SIMP,135681,False
1192835,JPX-SIMP,135684,False
1192835,JPX-XAG,136841,False
1192835,JPX-XAG,136836,False
1192835,JPX-XAG,136838,False
1192835,JPX-XAG,136837,False
1192835,JPX-XAG,136839,False
1192835,JPX-XAG,136840,False
1192835,JPX-XAG,136842,False
1192835,JPX-XAG,136844,False
1192835,JPX-XAG,136845,False
1192835,JPX-XAG,136843,False
1192922,JPX-SIMP,135701,False
1192922,JPX-GOLD,141043,False
1192931,JPX-ETFSH,129014,False
1192931,JPX-ETFSH,129013,False
1192931,JPX-ETFSH,129007,False
1192931,JPX-ETFSH,129008,False
1192931,JPX-ETFSH,129011,False
1192932,JPX-ETFSH,129010,False
1192932,JPX-ETFSH,129016,False
1192932,JPX-ETFSH,129015,False
1192932,JPX-ETFSH,129012,False
1192932,JPX-ETFSH,129009,False
1192933,JPX-CARD,139796,False
1192933,JPX-CARD,139794,False
1192933,JPX-CARD,139792,False
1192933,JPX-CARD,139790,False
1192933,JPX-CARD,139788,False
1192933,JPX-CARD,139795,False
1192933,JPX-CARD,139793,False
1192933,JPX-CARD,139791,False
1192933,JPX-CARD,139789,False
1192933,JPX-CARD,139797,False
1192933,JPX-GOLD,141042,False
1192933,JPX-GOLD,141041,False
1192933,JPX-GOLD,141040,False
1192933,JPX-GOLD,141039,False
1192933,JPX-GOLD,141038,False
1192933,JPX-GOLD,141037,False
1192933,JPX-GOLD,141036,False
1192933,JPX-GOLD,141035,False
1192933,JPX-GOLD,141034,False
1192933,JPX-GOLD,141033,False
1192933,JPX-HT,136891,False
1192933,JPX-HT,136888,False
1192933,JPX-HT,136887,False
1192933,JPX-HT,136885,False
1192933,JPX-HT,136884,False
1192933,JPX-HT,136886,False
1192933,JPX-HT,136893,False
1192933,JPX-HT,136889,False
1192933,JPX-HT,136890,False
1192933,JPX-HT,136892,False
1192934,JPX-JNAF,136385,False
1192934,JPX-JNAF,136384,False
1192934,JPX-JNAF,136383,False
1192934,JPX-JNAF,136382,False
1192934,JPX-JNAF,136381,False
1192934,JPX-JNAF,136380,False
1192934,JPX-JNAF,136379,False
1192934,JPX-JNAF,136378,False
1192934,JPX-JNAF,136377,False
1192934,JPX-JNAF,136376,False
1192934,JPX-KTST,135439,False
1192934,JPX-KTST,135438,False
1192934,JPX-KTST,135437,False
1192934,JPX-KTST,135436,False
1192934,JPX-KTST,135435,False
1192934,JPX-KTST,135434,False
1192935,JPX-KTST,135433,False
1192935,JPX-KTST,135432,False
1192935,JPX-KTST,135431,False
1192935,JPX-KTST,135430,False
1192935,JPX-SIMP,135700,False
1192935,JPX-SIMP,135699,False
1192935,JPX-SIMP,135698,False
1192935,JPX-SIMP,135697,False
1192935,JPX-SIMP,135696,False
1192935,JPX-SIMP,135695,False
1192935,JPX-SIMP,135694,False
1192935,JPX-SIMP,135693,False
1192935,JPX-SIMP,135692,False
1192935,JPX-SIMP,135691,False
1192935,JPX-XAG,136855,False
1192935,JPX-XAG,136853,False
1192935,JPX-XAG,136851,False
1192935,JPX-XAG,136849,False
1192935,JPX-XAG,136846,False
1192935,JPX-XAG,136848,False
1192935,JPX-XAG,136847,False
1192935,JPX-XAG,136850,False
1192935,JPX-XAG,136852,False
1192935,JPX-XAG,136854,False
1193021,JPX-XAG,136867,False
1193031,JPX-ETFSH,129026,False
1193031,JPX-ETFSH,129025,False
1193031,JPX-ETFSH,129021,False
1193031,JPX-ETFSH,129020,False
1193031,JPX-ETFSH,129019,False
1193033,JPX-ETFSH,129024,False
1193033,JPX-ETFSH,129023,False
1193033,JPX-ETFSH,129022,False
1193033,JPX-ETFSH,129017,False
1193034,JPX-CARD,139806,False
1193034,JPX-CARD,139804,False
1193034,JPX-CARD,139802,False
1193034,JPX-CARD,139800,False
1193034,JPX-CARD,139799,False
1193034,JPX-CARD,139798,False
1193034,JPX-CARD,139807,False
1193034,JPX-CARD,139805,False
1193034,JPX-CARD,139803,False
1193034,JPX-CARD,139801,False
1193034,JPX-GOLD,141053,False
1193034,JPX-GOLD,141052,False
1193034,JPX-GOLD,141051,False
1193034,JPX-GOLD,141050,False
1193034,JPX-GOLD,141049,False
1193034,JPX-GOLD,141047,False
1193034,JPX-GOLD,141046,False
1193034,JPX-GOLD,141045,False
1193034,JPX-GOLD,141048,False
1193034,JPX-GOLD,141054,False
1193034,JPX-HT,136897,False
1193034,JPX-HT,136895,False
1193034,JPX-HT,136901,False
1193034,JPX-HT,136899,False
1193034,JPX-HT,136903,False
1193034,JPX-HT,136896,False
1193034,JPX-HT,136898,False
1193034,JPX-HT,136900,False
1193034,JPX-HT,136902,False
1193034,JPX-HT,136904,False
1193035,JPX-JNAF,136395,False
1193035,JPX-JNAF,136394,False
1193035,JPX-JNAF,136393,False
1193035,JPX-JNAF,136392,False
1193035,JPX-JNAF,136391,False
1193035,JPX-JNAF,136390,False
1193035,JPX-JNAF,136389,False
1193035,JPX-JNAF,136388,False
1193035,JPX-JNAF,136386,False
1193035,JPX-JNAF,136387,False
1193036,JPX-KTST,135449,False
1193036,JPX-KTST,135448,False
1193036,JPX-KTST,135447,False
1193036,JPX-KTST,135444,False
1193036,JPX-KTST,135443,False
1193036,JPX-KTST,135442,False
1193036,JPX-KTST,135441,False
1193036,JPX-KTST,135440,False
1193036,JPX-KTST,135445,False
1193036,JPX-KTST,135446,False
1193036,JPX-SIMP,135712,False
1193036,JPX-SIMP,135711,False
1193036,JPX-SIMP,135710,False
1193036,JPX-SIMP,135709,False
1193036,JPX-SIMP,135708,False
1193036,JPX-SIMP,135707,False
1193036,JPX-SIMP,135706,False
1193036,JPX-SIMP,135705,False
1193036,JPX-SIMP,135704,False
1193036,JPX-SIMP,135703,False
1193036,JPX-XAG,136866,False
1193036,JPX-XAG,136865,False
1193036,JPX-XAG,136863,False
1193036,JPX-XAG,136857,False
1193036,JPX-XAG,136860,False
1193037,JPX-XAG,136862,False
1193037,JPX-XAG,136864,False
1193037,JPX-XAG,136858,False
1193037,JPX-XAG,136859,False
1193037,JPX-XAG,136861,False
1193037,JPX-KTST,135461,False
1193037,JPX-KTST,135462,False
1193131,JPX-ETFSH,129037,False
1193131,JPX-ETFSH,129036,False
1193131,JPX-ETFSH,129035,False
1193131,JPX-ETFSH,129033,False
1193131,JPX-ETFSH,129032,False
1193132,JPX-ETFSH,129030,False
1193132,JPX-ETFSH,129029,False
1193133,JPX-ETFSH,129028,False
1193133,JPX-ETFSH,129034,False
1193133,JPX-ETFSH,129031,False
1193133,JPX-CARD,139818,False
1193133,JPX-CARD,139817,False
1193133,JPX-CARD,139815,False
1193133,JPX-CARD,139813,False
1193133,JPX-CARD,139810,False
1193133,JPX-CARD,139809,False
1193133,JPX-CARD,139811,False
1193133,JPX-CARD,139814,False
1193133,JPX-CARD,139816,False
1193133,JPX-CARD,139812,False
1193133,JPX-GOLD,141065,False
1193133,JPX-GOLD,141064,False
1193133,JPX-GOLD,141063,False
1193133,JPX-GOLD,141062,False
1193133,JPX-GOLD,141061,False
1193133,JPX-GOLD,141060,False
1193133,JPX-GOLD,141059,False
1193133,JPX-GOLD,141058,False
1193133,JPX-GOLD,141057,False
1193133,JPX-GOLD,141066,False
1193133,JPX-HT,136910,False
1193133,JPX-HT,136907,False
1193133,JPX-HT,136911,False
1193133,JPX-HT,136913,False
1193133,JPX-HT,136905,False
1193134,JPX-HT,136906,False
1193134,JPX-HT,136908,False
1193134,JPX-HT,136912,False
1193134,JPX-HT,136914,False
1193134,JPX-HT,136909,False
1193134,JPX-JNAF,136406,False
1193134,JPX-JNAF,136405,False
1193134,JPX-JNAF,136404,False
1193134,JPX-JNAF,136403,False
1193134,JPX-JNAF,136402,False
1193134,JPX-JNAF,136401,False
1193134,JPX-JNAF,136400,False
1193134,JPX-JNAF,136399,False
1193134,JPX-JNAF,136398,False
1193134,JPX-JNAF,136397,False
1193135,JPX-KTST,135460,False
1193135,JPX-KTST,135459,False
1193135,JPX-KTST,135458,False
1193135,JPX-KTST,135457,False
1193135,JPX-KTST,135456,False
1193135,JPX-KTST,135455,False
1193135,JPX-KTST,135454,False
1193135,JPX-KTST,135453,False
1193135,JPX-KTST,135452,False
1193135,JPX-KTST,135451,False
1193135,JPX-SIMP,135723,False
1193135,JPX-SIMP,135722,False
1193135,JPX-SIMP,135720,False
1193135,JPX-SIMP,135719,False
1193135,JPX-SIMP,135718,False
1193135,JPX-SIMP,135716,False
1193135,JPX-SIMP,135715,False
1193135,JPX-SIMP,135714,False
1193135,JPX-SIMP,135721,False
1193135,JPX-SIMP,135717,False
1193135,JPX-XAG,136877,False
1193135,JPX-XAG,136875,False
1193135,JPX-XAG,136874,False
1193135,JPX-XAG,136873,False
1193135,JPX-XAG,136872,False
1193135,JPX-XAG,136870,False
1193135,JPX-XAG,136868,False
1193135,JPX-XAG,136871,False
1193135,JPX-XAG,136869,False
1193135,JPX-XAG,136876,False
1193136,JPX-GOLD,141078,False
1193209,JPX-XAG,136889,False
1193226,JPX-SIMP,135734,False
1193226,JPX-XAG,136890,False
1193226,JPX-GOLD,141080,False
1193231,JPX-ETFSH,129046,False
1193231,JPX-ETFSH,129045,False
1193231,JPX-ETFSH,129041,False
1193231,JPX-ETFSH,129038,False
1193231,JPX-ETFSH,129044,False
1193231,JPX-ETFSH,129040,False
1193232,JPX-ETFSH,129043,False
1193232,JPX-ETFSH,129039,False
1193233,JPX-ETFSH,129047,False
1193233,JPX-ETFSH,129042,False
1193233,JPX-CARD,139828,False
1193233,JPX-CARD,139827,False
1193233,JPX-CARD,139825,False
1193233,JPX-CARD,139823,False
1193233,JPX-CARD,139820,False
1193233,JPX-CARD,139829,False
1193233,JPX-CARD,139826,False
1193233,JPX-CARD,139824,False
1193233,JPX-CARD,139822,False
1193233,JPX-CARD,139821,False
1193233,JPX-GOLD,141077,False
1193233,JPX-GOLD,141075,False
1193233,JPX-GOLD,141073,False
1193233,JPX-GOLD,141072,False
1193233,JPX-GOLD,141071,False
1193233,JPX-GOLD,141069,False
1193233,JPX-GOLD,141070,False
1193233,JPX-GOLD,141076,False
1193233,JPX-GOLD,141074,False
1193233,JPX-GOLD,141068,False
1193234,JPX-HT,136917,False
1193234,JPX-HT,136919,False
1193234,JPX-HT,136923,False
1193234,JPX-HT,136921,False
1193234,JPX-HT,136915,False
1193234,JPX-HT,136924,False
1193234,JPX-HT,136916,False
1193234,JPX-HT,136918,False
1193234,JPX-HT,136920,False
1193234,JPX-HT,136922,False
1193234,JPX-JNAF,136416,False
1193234,JPX-JNAF,136415,False
1193234,JPX-JNAF,136414,False
1193234,JPX-JNAF,136412,False
1193234,JPX-JNAF,136411,False
1193234,JPX-JNAF,136410,False
1193234,JPX-JNAF,136409,False
1193234,JPX-JNAF,136408,False
1193234,JPX-JNAF,136407,False
1193234,JPX-JNAF,136413,False
1193235,JPX-KTST,135472,False
1193235,JPX-KTST,135470,False
1193235,JPX-KTST,135469,False
1193235,JPX-KTST,135468,False
1193235,JPX-KTST,135467,False
1193235,JPX-KTST,135466,False
1193235,JPX-KTST,135465,False
1193235,JPX-KTST,135464,False
1193235,JPX-KTST,135463,False
1193235,JPX-KTST,135471,False
1193235,JPX-SIMP,135733,False
1193235,JPX-SIMP,135732,False
1193235,JPX-SIMP,135731,False
1193235,JPX-SIMP,135730,False
1193235,JPX-SIMP,135729,False
1193235,JPX-SIMP,135728,False
1193235,JPX-SIMP,135727,False
1193235,JPX-SIMP,135726,False
1193235,JPX-SIMP,135725,False
1193235,JPX-SIMP,135724,False
1193235,JPX-XAG,136888,False
1193236,JPX-XAG,136887,False
1193236,JPX-XAG,136885,False
1193236,JPX-XAG,136884,False
1193236,JPX-XAG,136883,False
1193236,JPX-XAG,136882,False
1193236,JPX-XAG,136881,False
1193236,JPX-XAG,136880,False
1193236,JPX-XAG,136879,False
1193236,JPX-XAG,136886,False
1193322,JPX-GOLD,141092,False
1193331,JPX-ETFSH,129049,False
1193331,JPX-ETFSH,129053,False
1193332,JPX-ETFSH,129048,False
1193333,JPX-ETFSH,129051,False
1193333,JPX-ETFSH,129054,False
1193333,JPX-ETFSH,129057,False
1193333,JPX-ETFSH,129050,False
1193333,JPX-ETFSH,129056,False
1193333,JPX-ETFSH,129055,False
1193333,JPX-ETFSH,129052,False
1193334,JPX-CARD,139841,False
1193334,JPX-CARD,139839,False
1193334,JPX-CARD,139837,False
1193334,JPX-CARD,139836,False
1193334,JPX-CARD,139833,False
1193334,JPX-CARD,139832,False
1193334,JPX-CARD,139840,False
1193334,JPX-CARD,139838,False
1193334,JPX-CARD,139834,False
1193334,JPX-CARD,139835,False
1193334,JPX-GOLD,141091,False
1193334,JPX-GOLD,141089,False
1193334,JPX-GOLD,141087,False
1193334,JPX-GOLD,141085,False
1193334,JPX-GOLD,141083,False
1193334,JPX-GOLD,141084,False
1193334,JPX-GOLD,141082,False
1193334,JPX-GOLD,141090,False
1193334,JPX-GOLD,141086,False
1193334,JPX-GOLD,141088,False
1193334,JPX-HT,136935,False
1193334,JPX-HT,136933,False
1193334,JPX-HT,136931,False
1193334,JPX-HT,136929,False
1193334,JPX-HT,136928,False
1193334,JPX-HT,136930,False
1193334,JPX-HT,136926,False
1193334,JPX-HT,136932,False
1193334,JPX-HT,136934,False
1193334,JPX-HT,136927,False
1193335,JPX-JNAF,136427,False
1193335,JPX-JNAF,136426,False
1193335,JPX-JNAF,136425,False
1193335,JPX-JNAF,136424,False
1193335,JPX-JNAF,136422,False
1193335,JPX-JNAF,136420,False
1193335,JPX-JNAF,136418,False
1193335,JPX-JNAF,136423,False
1193335,JPX-JNAF,136421,False
1193335,JPX-JNAF,136419,False
1193336,JPX-KTST,135485,False
1193336,JPX-KTST,135484,False
1193336,JPX-KTST,135483,False
1193336,JPX-KTST,135482,False
1193336,JPX-KTST,135481,False
1193336,JPX-KTST,135480,False
1193336,JPX-KTST,135479,False
1193336,JPX-KTST,135478,False
1193336,JPX-KTST,135477,False
1193336,JPX-KTST,135476,False
1193336,JPX-SIMP,135744,False
1193336,JPX-SIMP,135743,False
1193336,JPX-SIMP,135742,False
1193336,JPX-SIMP,135741,False
1193336,JPX-SIMP,135740,False
1193336,JPX-SIMP,135738,False
1193336,JPX-SIMP,135737,False
1193336,JPX-SIMP,135736,False
1193336,JPX-SIMP,135735,False
1193336,JPX-SIMP,135739,False
1193337,JPX-XAG,136897,False
1193337,JPX-XAG,136895,False
1193337,JPX-XAG,136893,False
1193337,JPX-XAG,136901,False
1193337,JPX-XAG,136899,False
1193337,JPX-XAG,136892,False
1193337,JPX-XAG,136894,False
1193337,JPX-XAG,136896,False
1193337,JPX-XAG,136898,False
1193337,JPX-XAG,136900,False
1193431,JPX-ETFSH,129068,False
1193431,JPX-ETFSH,129067,False
1193431,JPX-ETFSH,129066,False
1193431,JPX-ETFSH,129064,False
1193431,JPX-ETFSH,129063,False
1193431,JPX-ETFSH,129062,False
1193431,JPX-ETFSH,129060,False
1193432,JPX-ETFSH,129059,False
1193432,JPX-ETFSH,129061,False
1193433,JPX-ETFSH,129065,False
1193433,JPX-CARD,139851,False
1193433,JPX-CARD,139848,False
1193433,JPX-CARD,139847,False
1193433,JPX-CARD,139846,False
1193433,JPX-CARD,139845,False
1193433,JPX-CARD,139844,False
1193433,JPX-CARD,139843,False
1193433,JPX-CARD,139849,False
1193433,JPX-CARD,139842,False
1193433,JPX-CARD,139850,False
1193433,JPX-GOLD,141104,False
1193433,JPX-GOLD,141102,False
1193433,JPX-GOLD,141100,False
1193433,JPX-GOLD,141098,False
1193433,JPX-GOLD,141097,False
1193433,JPX-GOLD,141096,False
1193433,JPX-GOLD,141095,False
1193433,JPX-GOLD,141103,False
1193433,JPX-GOLD,141101,False
1193433,JPX-GOLD,141099,False
1193433,JPX-HT,136945,False
1193433,JPX-HT,136943,False
1193433,JPX-HT,136941,False
1193433,JPX-HT,136940,False
1193433,JPX-HT,136938,False
1193433,JPX-HT,136937,False
1193433,JPX-HT,136939,False
1193433,JPX-HT,136936,False
1193433,JPX-HT,136942,False
1193433,JPX-HT,136944,False
1193434,JPX-JNAF,136436,False
1193434,JPX-JNAF,136434,False
1193434,JPX-JNAF,136432,False
1193434,JPX-JNAF,136430,False
1193434,JPX-JNAF,136429,False
1193434,JPX-JNAF,136428,False
1193434,JPX-JNAF,136431,False
1193434,JPX-JNAF,136435,False
1193434,JPX-JNAF,136433,False
1193434,JPX-JNAF,136437,False
1193434,JPX-KTST,135495,False
1193434,JPX-KTST,135494,False
1193434,JPX-KTST,135493,False
1193434,JPX-KTST,135492,False
1193434,JPX-KTST,135491,False
1193434,JPX-KTST,135489,False
1193434,JPX-KTST,135488,False
1193434,JPX-KTST,135487,False
1193434,JPX-KTST,135486,False
1193435,JPX-KTST,135490,False
1193435,JPX-SIMP,135755,False
1193435,JPX-SIMP,135754,False
1193435,JPX-SIMP,135753,False
1193435,JPX-SIMP,135751,False
1193435,JPX-SIMP,135750,False
1193435,JPX-SIMP,135749,False
1193435,JPX-SIMP,135748,False
1193435,JPX-SIMP,135747,False
1193435,JPX-SIMP,135746,False
1193435,JPX-SIMP,135752,False
1193435,JPX-XAG,136910,False
1193435,JPX-XAG,136907,False
1193435,JPX-XAG,136911,False
1193435,JPX-XAG,136903,False
1193435,JPX-XAG,136905,False
1193435,JPX-XAG,136906,False
1193435,JPX-XAG,136908,False
1193435,JPX-XAG,136902,False
1193435,JPX-XAG,136904,False
1193435,JPX-XAG,136909,False
1193439,JPX-SIMP,135766,False
1193440,JPX-GOLD,141115,False
1193440,JPX-GOLD,141116,False
1193531,JPX-ETFSH,129078,False
1193531,JPX-ETFSH,129076,False
1193531,JPX-ETFSH,129073,False
1193531,JPX-ETFSH,129070,False
1193531,JPX-ETFSH,129069,False
1193531,JPX-ETFSH,129071,False
1193531,JPX-ETFSH,129074,False
1193531,JPX-ETFSH,129077,False
1193532,JPX-ETFSH,129075,False
1193532,JPX-ETFSH,129072,False
1193533,JPX-CARD,139862,False
1193533,JPX-CARD,139861,False
1193533,JPX-CARD,139860,False
1193533,JPX-CARD,139859,False
1193533,JPX-CARD,139858,False
1193533,JPX-CARD,139856,False
1193533,JPX-CARD,139854,False
1193533,JPX-CARD,139857,False
1193533,JPX-CARD,139855,False
1193533,JPX-CARD,139863,False
1193533,JPX-GOLD,141114,False
1193533,JPX-GOLD,141113,False
1193533,JPX-GOLD,141112,False
1193533,JPX-GOLD,141111,False
1193533,JPX-GOLD,141109,False
1193533,JPX-GOLD,141108,False
1193533,JPX-GOLD,141106,False
1193533,JPX-GOLD,141110,False
1193533,JPX-GOLD,141105,False
1193533,JPX-GOLD,141107,False
1193533,JPX-HT,136955,False
1193533,JPX-HT,136953,False
1193533,JPX-HT,136951,False
1193533,JPX-HT,136950,False
1193533,JPX-HT,136948,False
1193533,JPX-HT,136947,False
1193533,JPX-HT,136952,False
1193534,JPX-HT,136949,False
1193534,JPX-HT,136954,False
1193534,JPX-HT,136956,False
1193534,JPX-JNAF,136447,False
1193534,JPX-JNAF,136445,False
1193534,JPX-JNAF,136443,False
1193534,JPX-JNAF,136441,False
1193534,JPX-JNAF,136440,False
1193534,JPX-JNAF,136438,False
1193534,JPX-JNAF,136446,False
1193534,JPX-JNAF,136444,False
1193534,JPX-JNAF,136442,False
1193534,JPX-JNAF,136439,False
1193535,JPX-KTST,135505,False
1193535,JPX-KTST,135504,False
1193535,JPX-KTST,135503,False
1193535,JPX-KTST,135501,False
1193535,JPX-KTST,135500,False
1193535,JPX-KTST,135499,False
1193535,JPX-KTST,135498,False
1193535,JPX-KTST,135497,False
1193535,JPX-KTST,135496,False
1193535,JPX-KTST,135502,False
1193535,JPX-SIMP,135765,False
1193535,JPX-SIMP,135764,False
1193535,JPX-SIMP,135763,False
1193535,JPX-SIMP,135762,False
1193535,JPX-SIMP,135760,False
1193535,JPX-SIMP,135759,False
1193535,JPX-SIMP,135758,False
1193535,JPX-SIMP,135757,False
1193535,JPX-SIMP,135756,False
1193536,JPX-SIMP,135761,False
1193536,JPX-XAG,136913,False
1193536,JPX-XAG,136917,False
1193536,JPX-XAG,136919,False
1193536,JPX-XAG,136921,False
1193536,JPX-XAG,136915,False
1193536,JPX-XAG,136912,False
1193536,JPX-XAG,136914,False
1193536,JPX-XAG,136916,False
1193536,JPX-XAG,136918,False
1193536,JPX-XAG,136920,False
1193541,JPX-GOLD,141128,False
1193631,JPX-ETFSH,129086,False
1193631,JPX-ETFSH,129085,False
1193631,JPX-ETFSH,129084,False
1193631,JPX-ETFSH,129081,False
1193631,JPX-ETFSH,129079,False
1193631,JPX-ETFSH,129088,False
1193631,JPX-ETFSH,129082,False
1193631,JPX-ETFSH,129080,False
1193632,JPX-ETFSH,129087,False
1193632,JPX-ETFSH,129083,False
1193633,JPX-CARD,139873,False
1193633,JPX-CARD,139871,False
1193633,JPX-CARD,139869,False
1193633,JPX-CARD,139868,False
1193633,JPX-CARD,139867,False
1193633,JPX-CARD,139866,False
1193633,JPX-CARD,139864,False
1193633,JPX-CARD,139870,False
1193633,JPX-CARD,139865,False
1193633,JPX-CARD,139872,False
1193633,JPX-GOLD,141126,False
1193633,JPX-GOLD,141125,False
1193633,JPX-GOLD,141124,False
1193633,JPX-GOLD,141123,False
1193633,JPX-GOLD,141122,False
1193633,JPX-GOLD,141121,False
1193633,JPX-GOLD,141120,False
1193633,JPX-GOLD,141119,False
1193633,JPX-GOLD,141118,False
1193633,JPX-GOLD,141117,False
1193633,JPX-HT,136967,False
1193633,JPX-HT,136962,False
1193633,JPX-HT,136965,False
1193633,JPX-HT,136961,False
1193633,JPX-HT,136963,False
1193633,JPX-HT,136964,False
1193634,JPX-HT,136959,False
1193634,JPX-HT,136966,False
1193634,JPX-HT,136958,False
1193634,JPX-HT,136960,False
1193634,JPX-JNAF,136458,False
1193634,JPX-JNAF,136456,False
1193634,JPX-JNAF,136454,False
1193634,JPX-JNAF,136451,False
1193634,JPX-JNAF,136449,False
1193634,JPX-JNAF,136450,False
1193634,JPX-JNAF,136452,False
1193634,JPX-JNAF,136457,False
1193634,JPX-JNAF,136453,False
1193634,JPX-JNAF,136455,False
1193634,JPX-KTST,135515,False
1193634,JPX-KTST,135513,False
1193634,JPX-KTST,135512,False
1193635,JPX-KTST,135511,False
1193635,JPX-KTST,135510,False
1193635,JPX-KTST,135509,False
1193635,JPX-KTST,135508,False
1193635,JPX-KTST,135506,False
1193635,JPX-KTST,135507,False
1193635,JPX-KTST,135514,False
1193635,JPX-SIMP,135776,False
1193635,JPX-SIMP,135775,False
1193635,JPX-SIMP,135774,False
1193635,JPX-SIMP,135773,False
1193635,JPX-SIMP,135772,False
1193635,JPX-SIMP,135771,False
1193635,JPX-SIMP,135770,False
1193635,JPX-SIMP,135769,False
1193635,JPX-SIMP,135768,False
1193635,JPX-SIMP,135767,False
1193635,JPX-XAG,136931,False
1193635,JPX-XAG,136929,False
1193635,JPX-XAG,136928,False
1193635,JPX-XAG,136923,False
1193635,JPX-XAG,136924,False
1193635,JPX-XAG,136922,False
1193635,JPX-XAG,136930,False
1193636,JPX-XAG,136926,False
1193636,JPX-XAG,136925,False
1193636,JPX-XAG,136927,False
1193636,JPX-GOLD,141140,False
1193731,JPX-ETFSH,129100,False
1193731,JPX-ETFSH,129099,False
1193731,JPX-ETFSH,129097,False
1193731,JPX-ETFSH,129096,False
1193731,JPX-ETFSH,129094,False
1193731,JPX-ETFSH,129092,False
1193731,JPX-ETFSH,129098,False
1193731,JPX-ETFSH,129095,False
1193732,JPX-ETFSH,129093,False
1193732,JPX-ETFSH,129091,False
1193733,JPX-CARD,139882,False
1193733,JPX-CARD,139880,False
1193733,JPX-CARD,139879,False
1193733,JPX-CARD,139877,False
1193733,JPX-CARD,139875,False
1193733,JPX-CARD,139878,False
1193733,JPX-CARD,139876,False
1193733,JPX-CARD,139874,False
1193733,JPX-CARD,139881,False
1193733,JPX-CARD,139883,False
1193733,JPX-GOLD,141138,False
1193733,JPX-GOLD,141136,False
1193733,JPX-GOLD,141133,False
1193733,JPX-GOLD,141131,False
1193733,JPX-GOLD,141132,False
1193733,JPX-GOLD,141135,False
1193733,JPX-GOLD,141139,False
1193733,JPX-GOLD,141137,False
1193733,JPX-GOLD,141134,False
1193733,JPX-GOLD,141130,False
1193733,JPX-HT,136971,False
1193733,JPX-HT,136968,False
1193734,JPX-HT,136973,False
1193734,JPX-HT,136975,False
1193734,JPX-HT,136977,False
1193734,JPX-HT,136970,False
1193734,JPX-HT,136969,False
1193734,JPX-HT,136972,False
1193734,JPX-HT,136974,False
1193734,JPX-HT,136976,False
1193734,JPX-JNAF,136468,False
1193734,JPX-JNAF,136466,False
1193734,JPX-JNAF,136463,False
1193734,JPX-JNAF,136460,False
1193734,JPX-JNAF,136461,False
1193734,JPX-JNAF,136464,False
1193734,JPX-JNAF,136462,False
1193734,JPX-JNAF,136467,False
1193734,JPX-JNAF,136469,False
1193734,JPX-JNAF,136465,False
1193735,JPX-KTST,135525,False
1193735,JPX-KTST,135524,False
1193735,JPX-KTST,135523,False
1193735,JPX-KTST,135522,False
1193735,JPX-KTST,135521,False
1193735,JPX-KTST,135520,False
1193735,JPX-KTST,135518,False
1193735,JPX-KTST,135517,False
1193735,JPX-KTST,135516,False
1193735,JPX-KTST,135519,False
1193735,JPX-SIMP,135786,False
1193735,JPX-SIMP,135785,False
1193735,JPX-SIMP,135784,False
1193735,JPX-SIMP,135783,False
1193735,JPX-SIMP,135782,False
1193735,JPX-SIMP,135781,False
1193735,JPX-SIMP,135780,False
1193735,JPX-SIMP,135779,False
1193735,JPX-SIMP,135778,False
1193735,JPX-SIMP,135777,False
1193736,JPX-XAG,136941,False
1193736,JPX-XAG,136940,False
1193736,JPX-XAG,136938,False
1193736,JPX-XAG,136937,False
1193736,JPX-XAG,136935,False
1193736,JPX-XAG,136933,False
1193736,JPX-XAG,136939,False
1193736,JPX-XAG,136936,False
1193736,JPX-XAG,136942,False
1193736,JPX-XAG,136934,False
1193736,JPX-ETFSH,129112,False
1193736,JPX-XAG,136953,False
1193736,JPX-GOLD,141153,False
1193736,JPX-SIMP,135798,False
1193736,JPX-GOLD,141154,False
1193831,JPX-ETFSH,129108,False
1193831,JPX-ETFSH,129106,False
1193831,JPX-ETFSH,129103,False
1193831,JPX-ETFSH,129111,False
1193831,JPX-ETFSH,129110,False
1193832,JPX-ETFSH,129102,False
1193832,JPX-ETFSH,129104,False
1193832,JPX-ETFSH,129105,False
1193832,JPX-ETFSH,129107,False
1193832,JPX-ETFSH,129109,False
1193833,JPX-CARD,139893,False
1193833,JPX-CARD,139891,False
1193833,JPX-CARD,139889,False
1193833,JPX-CARD,139887,False
1193833,JPX-CARD,139885,False
1193833,JPX-CARD,139894,False
1193833,JPX-CARD,139892,False
1193833,JPX-CARD,139888,False
1193833,JPX-CARD,139886,False
1193833,JPX-CARD,139890,False
1193833,JPX-GOLD,141151,False
1193833,JPX-GOLD,141149,False
1193833,JPX-GOLD,141147,False
1193833,JPX-GOLD,141145,False
1193833,JPX-GOLD,141144,False
1193833,JPX-GOLD,141143,False
1193833,JPX-GOLD,141142,False
1193833,JPX-GOLD,141148,False
1193833,JPX-GOLD,141150,False
1193833,JPX-GOLD,141146,False
1193833,JPX-HT,136986,False
1193833,JPX-HT,136984,False
1193833,JPX-HT,136978,False
1193833,JPX-HT,136987,False
1193833,JPX-HT,136979,False
1193833,JPX-HT,136981,False
1193833,JPX-HT,136985,False
1193834,JPX-HT,136983,False
1193834,JPX-HT,136980,False
1193834,JPX-HT,136982,False
1193834,JPX-JNAF,136480,False
1193834,JPX-JNAF,136476,False
1193834,JPX-JNAF,136474,False
1193834,JPX-JNAF,136472,False
1193834,JPX-JNAF,136478,False
1193834,JPX-JNAF,136479,False
1193834,JPX-JNAF,136477,False
1193834,JPX-JNAF,136471,False
1193834,JPX-JNAF,136473,False
1193834,JPX-JNAF,136475,False
1193834,JPX-KTST,135536,False
1193834,JPX-KTST,135535,False
1193834,JPX-KTST,135534,False
1193834,JPX-KTST,135533,False
1193834,JPX-KTST,135532,False
1193835,JPX-KTST,135530,False
1193835,JPX-KTST,135529,False
1193835,JPX-KTST,135528,False
1193835,JPX-KTST,135531,False
1193835,JPX-KTST,135527,False
1193835,JPX-SIMP,135797,False
1193835,JPX-SIMP,135796,False
1193835,JPX-SIMP,135795,False
1193835,JPX-SIMP,135794,False
1193835,JPX-SIMP,135792,False
1193835,JPX-SIMP,135791,False
1193835,JPX-SIMP,135790,False
1193835,JPX-SIMP,135789,False
1193835,JPX-SIMP,135788,False
1193835,JPX-SIMP,135793,False
1193835,JPX-XAG,136951,False
1193835,JPX-XAG,136950,False
1193835,JPX-XAG,136948,False
1193835,JPX-XAG,136947,False
1193835,JPX-XAG,136945,False
1193835,JPX-XAG,136943,False
1193835,JPX-XAG,136952,False
1193835,JPX-XAG,136944,False
1193835,JPX-XAG,136946,False
1193835,JPX-XAG,136949,False
1193842,JPX-GOLD,141167,False
1193917,JPX-GOLD,141168,False
1193917,JPX-HT,136998,False
1193931,JPX-ETFSH,129120,False
1193931,JPX-ETFSH,129118,False
1193931,JPX-ETFSH,129115,False
1193931,JPX-ETFSH,129121,False
1193931,JPX-ETFSH,129116,False
1193931,JPX-ETFSH,129123,False
1193931,JPX-ETFSH,129114,False
1193932,JPX-ETFSH,129119,False
1193932,JPX-ETFSH,129122,False
1193933,JPX-ETFSH,129117,False
1193933,JPX-CARD,139903,False
1193933,JPX-CARD,139899,False
1193933,JPX-CARD,139897,False
1193933,JPX-CARD,139901,False
1193933,JPX-CARD,139904,False
1193933,JPX-CARD,139902,False
1193933,JPX-CARD,139896,False
1193933,JPX-CARD,139898,False
1193933,JPX-CARD,139900,False
1193933,JPX-CARD,139905,False
1193933,JPX-GOLD,141165,False
1193933,JPX-GOLD,141163,False
1193933,JPX-GOLD,141162,False
1193933,JPX-GOLD,141160,False
1193933,JPX-GOLD,141158,False
1193933,JPX-GOLD,141156,False
1193933,JPX-GOLD,141164,False
1193933,JPX-GOLD,141157,False
1193933,JPX-GOLD,141159,False
1193933,JPX-GOLD,141161,False
1193933,JPX-HT,136992,False
1193933,JPX-HT,136990,False
1193933,JPX-HT,136988,False
1193933,JPX-HT,136996,False
1193933,JPX-HT,136994,False
1193933,JPX-HT,136989,False
1193933,JPX-HT,136991,False
1193933,JPX-HT,136993,False
1193933,JPX-HT,136995,False
1193933,JPX-HT,136997,False
1193934,JPX-JNAF,136490,False
1193934,JPX-JNAF,136488,False
1193934,JPX-JNAF,136484,False
1193934,JPX-JNAF,136485,False
1193934,JPX-JNAF,136487,False
1193934,JPX-JNAF,136486,False
1193934,JPX-JNAF,136481,False
1193934,JPX-JNAF,136483,False
1193934,JPX-JNAF,136489,False
1193934,JPX-JNAF,136482,False
1193934,JPX-KTST,135547,False
1193934,JPX-KTST,135546,False
1193934,JPX-KTST,135545,False
1193934,JPX-KTST,135544,False
1193934,JPX-KTST,135543,False
1193934,JPX-KTST,135542,False
1193934,JPX-KTST,135541,False
1193934,JPX-KTST,135539,False
1193934,JPX-KTST,135538,False
1193935,JPX-KTST,135540,False
1193935,JPX-SIMP,135808,False
1193935,JPX-SIMP,135807,False
1193935,JPX-SIMP,135806,False
1193935,JPX-SIMP,135804,False
1193935,JPX-SIMP,135803,False
1193935,JPX-SIMP,135802,False
1193935,JPX-SIMP,135801,False
1193935,JPX-SIMP,135800,False
1193935,JPX-SIMP,135799,False
1193935,JPX-SIMP,135805,False
1193935,JPX-XAG,136955,False
1193935,JPX-XAG,136957,False
1193935,JPX-XAG,136962,False
1193935,JPX-XAG,136961,False
1193935,JPX-XAG,136963,False
1193935,JPX-XAG,136954,False
1193935,JPX-XAG,136956,False
1193935,JPX-XAG,136959,False
1193935,JPX-XAG,136958,False
1193935,JPX-XAG,136960,False
1194026,JPX-SIMP,135819,False
1194031,JPX-ETFSH,129129,False
1194031,JPX-ETFSH,129124,False
1194031,JPX-ETFSH,129127,False
1194031,JPX-ETFSH,129131,False
1194031,JPX-ETFSH,129128,False
1194031,JPX-ETFSH,129133,False
1194031,JPX-ETFSH,129125,False
1194031,JPX-ETFSH,129132,False
1194032,JPX-ETFSH,129126,False
1194033,JPX-ETFSH,129130,False
1194033,JPX-CARD,139918,False
1194033,JPX-CARD,139917,False
1194033,JPX-CARD,139916,False
1194033,JPX-CARD,139911,False
1194033,JPX-CARD,139909,False
1194033,JPX-CARD,139914,False
1194033,JPX-CARD,139913,False
1194033,JPX-CARD,139910,False
1194033,JPX-CARD,139915,False
1194033,JPX-CARD,139912,False
1194033,JPX-GOLD,141181,False
1194033,JPX-GOLD,141180,False
1194033,JPX-GOLD,141179,False
1194033,JPX-GOLD,141177,False
1194033,JPX-GOLD,141175,False
1194033,JPX-GOLD,141173,False
1194033,JPX-GOLD,141172,False
1194033,JPX-GOLD,141176,False
1194033,JPX-GOLD,141174,False
1194033,JPX-GOLD,141178,False
1194033,JPX-HT,137010,False
1194033,JPX-HT,137008,False
1194033,JPX-HT,137004,False
1194033,JPX-HT,137003,False
1194033,JPX-HT,137002,False
1194033,JPX-HT,137007,False
1194033,JPX-HT,137009,False
1194033,JPX-HT,137001,False
1194033,JPX-HT,137005,False
1194033,JPX-HT,137006,False
1194034,JPX-JNAF,136499,False
1194034,JPX-JNAF,136497,False
1194034,JPX-JNAF,136495,False
1194034,JPX-JNAF,136493,False
1194034,JPX-JNAF,136492,False
1194034,JPX-JNAF,136491,False
1194034,JPX-JNAF,136496,False
1194034,JPX-JNAF,136498,False
1194034,JPX-JNAF,136500,False
1194034,JPX-JNAF,136494,False
1194034,JPX-KTST,135557,False
1194034,JPX-KTST,135556,False
1194034,JPX-KTST,135555,False
1194034,JPX-KTST,135553,False
1194034,JPX-KTST,135551,False
1194034,JPX-KTST,135550,False
1194034,JPX-KTST,135549,False
1194034,JPX-KTST,135548,False
1194035,JPX-KTST,135552,False
1194035,JPX-KTST,135554,False
1194035,JPX-SIMP,135818,False
1194035,JPX-SIMP,135817,False
1194035,JPX-SIMP,135816,False
1194035,JPX-SIMP,135815,False
1194035,JPX-SIMP,135814,False
1194035,JPX-SIMP,135813,False
1194035,JPX-SIMP,135812,False
1194035,JPX-SIMP,135811,False
1194035,JPX-SIMP,135810,False
1194035,JPX-SIMP,135809,False
1194035,JPX-XAG,136971,False
1194035,JPX-XAG,136967,False
1194035,JPX-XAG,136968,False
1194035,JPX-XAG,136965,False
1194035,JPX-XAG,136973,False
1194035,JPX-XAG,136964,False
1194035,JPX-XAG,136970,False
1194035,JPX-XAG,136966,False
1194035,JPX-XAG,136969,False
1194035,JPX-XAG,136972,False
1194040,JPX-GOLD,141193,False
1194116,JPX-GOLD,141194,False
1194116,JPX-HT,137021,False
1194116,JPX-CARD,139930,False
