time,instrument,bid1_price,bid1_qty,bid2_price,bid2_qty,bid3_price,bid3_qty,ask1_price,ask1_qty,ask2_price,ask2_qty,ask3_price,ask3_qty
1545726,NASDAQ-CARD,10248,100,10247,150,10246,200,10252,100,10253,150,10254,200
1545726,NASDAQ-DLKV,10179,117,10177,200,10175,250,10186,20,10187,50,10189,100
1545726,NASDAQ-ETFB,11446,50,11444,200,11442,250,11460,108,11462,250,11496,10
1545726,NASDAQ-ETFB3,9626,153,9625,250,9520,25,9631,105,9632,100,9633,150
1545726,NASDAQ-FSR,9440,50,9438,100,9436,150,9450,130,9452,250,9598,50
1545726,NASDAQ-GOLD,9727,50,9726,100,9725,150,9730,100,9731,150,9732,200
1545726,NASDAQ-HT,10885,50,10883,100,10881,150,10889,50,10891,100,10893,150
1545726,NASDAQ-INA,10590,50,10588,100,10586,150,10596,100,10598,150,10600,200
1545726,NASDAQ-KOTD,8258,50,8256,100,8254,150,8262,50,8264,100,8266,150
1545726,NASDAQ-NGUP,7554,100,7552,50,7550,100,7556,50,7558,100,7560,150
1545726,NASDAQ-SIMP,9963,21,9962,200,9961,250,9971,52,10004,144,10005,72
1545726,NASDAQ-ZITO,8040,90,8039,150,8038,200,8043,50,8044,100,8045,150
1545991,NASDAQ-CARD,10034,50,10033,100,10032,150,10039,30,10040,250,10254,30
1545991,NASDAQ-DLKV,10179,50,10177,100,10175,150,10183,50,10185,100,10186,16
1545991,NASDAQ-ETFB,11472,76,11470,250,11396,55,11482,50,11484,100,11486,150
1545991,NASDAQ-ETFB3,9624,150,9623,200,9622,250,9631,95,9632,250,9639,10
1545991,NASDAQ-FSR,9450,250,9447,50,9445,100,9451,40,9453,100,9455,150
1545991,NASDAQ-GOLD,9716,50,9715,100,9714,150,9718,50,9719,100,9720,150
1545991,NASDAQ-HT,10882,50,10880,100,10878,150,10886,50,10888,100,10890,150
1545991,NASDAQ-INA,10600,50,10598,100,10596,150,10604,50,10606,100,10608,150
1545991,NASDAQ-KOTD,8261,100,8259,150,8257,200,8269,44,8271,150,8273,200
1545991,NASDAQ-NGUP,7556,112,7554,150,7552,200,7562,50,7564,100,7566,160
1545991,NASDAQ-SIMP,9974,149,9973,250,9964,36,9981,93,9982,200,9983,250
1545991,NASDAQ-ZITO,8039,50,8038,100,8037,150,8043,39,8044,200,8045,250
1546306,NASDAQ-CARD,10015,50,10014,100,10013,150,10019,32,10020,200,10021,250
1546306,NASDAQ-DLKV,10153,50,10151,100,10149,150,10157,50,10159,100,10161,150
1546306,NASDAQ-ETFB,11469,100,11467,150,11465,200,11479,138,11481,200,11483,250
1546306,NASDAQ-ETFB3,9646,50,9645,100,9644,150,9648,50,9649,100,9650,150
1546306,NASDAQ-FSR,9435,50,9433,100,9431,150,9445,100,9447,250,9598,50
1546306,NASDAQ-GOLD,9734,50,9733,100,9732,150,9736,50,9737,100,9738,150
1546306,NASDAQ-HT,10861,50,10859,100,10857,150,10865,50,10867,100,10869,150
1546306,NASDAQ-INA,10608,50,10606,100,10604,150,10612,50,10614,100,10616,150
1546306,NASDAQ-KOTD,8256,50,8254,100,8252,150,8260,50,8262,100,8264,150
1546306,NASDAQ-NGUP,7545,50,7543,100,7541,150,7549,50,7551,100,7553,150
1546306,NASDAQ-SIMP,9988,38,9987,250,9964,36,9993,50,9994,100,9995,150
1546306,NASDAQ-ZITO,8037,50,8036,100,8035,150,8041,89,8042,200,8043,250
1546566,NASDAQ-CARD,10007,50,10006,100,10005,150,10012,166,10013,250,10254,30
1546566,NASDAQ-DLKV,10127,50,10125,100,10123,150,10131,50,10133,100,10135,150
1546566,NASDAQ-ETFB,11467,75,11465,200,11463,250,11479,68,11481,200,11483,250
1546566,NASDAQ-ETFB3,9654,22,9653,200,9652,250,9658,50,9659,100,9660,150
1546566,NASDAQ-FSR,9431,50,9429,100,9427,150,9439,150,9441,200,9443,250
1546566,NASDAQ-GOLD,9699,50,9698,100,9697,150,9701,50,9702,100,9703,150
1546566,NASDAQ-HT,10874,50,10872,100,10870,150,10878,50,10880,100,10882,150
1546566,NASDAQ-INA,10627,80,10625,150,10623,200,10633,50,10635,100,10637,150
1546566,NASDAQ-KOTD,8287,100,8285,150,8283,200,8288,94,8293,50,8295,100
1546566,NASDAQ-NGUP,7554,83,7552,150,7550,200,7560,50,7562,100,7564,150
1546566,NASDAQ-SIMP,9970,84,9969,200,9968,250,9977,72,9978,250,9992,36
1546566,NASDAQ-ZITO,8065,50,8064,100,8063,150,8067,50,8068,100,8069,150
1546700,NASDAQ-CARD,10047,50,10046,100,10045,150,10049,50,10050,100,10051,150
1546700,NASDAQ-DLKV,10109,50,10107,100,10105,150,10113,38,10115,100,10117,150
1546700,NASDAQ-ETFB,11471,50,11469,100,11467,150,11475,50,11477,100,11479,150
1546700,NASDAQ-ETFB3,9648,17,9647,50,9646,100,9649,50,9650,100,9651,150
1546700,NASDAQ-FSR,9485,50,9483,100,9481,150,9489,50,9491,100,9493,150
1546700,NASDAQ-GOLD,9720,50,9719,100,9718,150,9722,50,9723,100,9724,150
1546700,NASDAQ-HT,10873,50,10871,100,10869,150,10877,50,10879,100,10881,150
1546700,NASDAQ-INA,10617,50,10615,100,10613,150,10621,9,10623,100,10625,150
1546700,NASDAQ-KOTD,8281,50,8279,100,8277,150,8285,50,8287,100,8288,94
1546700,NASDAQ-NGUP,7557,50,7555,100,7553,150,7561,50,7563,100,7565,150
1546700,NASDAQ-SIMP,9969,50,9968,100,9967,150,9972,78,9973,150,9974,200
1546700,NASDAQ-ZITO,8050,50,8049,100,8048,150,8052,50,8053,100,8054,150
1546962,NASDAQ-CARD,9831,50,9830,100,9829,150,9834,60,9835,150,9836,200
1546962,NASDAQ-DLKV,10089,20,10087,50,10085,100,10091,50,10093,100,10095,150
1546962,NASDAQ-ETFB,11486,50,11484,100,11482,150,11490,50,11492,100,11494,150
1546962,NASDAQ-ETFB3,9647,50,9646,100,9645,150,9649,50,9650,100,9651,150
1546962,NASDAQ-FSR,9456,50,9454,100,9452,150,9460,50,9462,100,9464,150
1546962,NASDAQ-GOLD,9716,50,9715,100,9714,150,9719,75,9720,150,9721,200
1546962,NASDAQ-HT,10885,100,10883,150,10881,200,10891,50,10893,100,10895,150
1546962,NASDAQ-INA,10615,100,10613,150,10611,200,10623,34,10625,150,10627,200
1546962,NASDAQ-KOTD,8287,97,8183,20,8166,20,8299,50,8301,100,8303,150
1546962,NASDAQ-NGUP,7566,20,7564,100,7562,150,7570,55,7571,1,7572,217
1546962,NASDAQ-SIMP,9968,50,9967,100,9966,150,9973,200,9974,250,9992,36
1546962,NASDAQ-ZITO,8043,50,8042,100,8041,150,8047,55,8048,200,8049,250
1547208,NASDAQ-CARD,9854,30,9853,100,9852,150,9856,50,9857,100,9858,150
1547208,NASDAQ-DLKV,10073,50,10071,100,10069,150,10077,20,10079,100,10081,150
1547208,NASDAQ-ETFB,11486,50,11484,100,11482,150,11490,50,11492,100,11494,150
1547208,NASDAQ-ETFB3,9667,70,9666,150,9665,200,9670,50,9671,100,9672,150
1547208,NASDAQ-FSR,9460,50,9457,50,9455,100,9461,40,9463,100,9465,150
1547208,NASDAQ-GOLD,9691,50,9690,100,9689,150,9693,30,9694,100,9695,150
1547208,NASDAQ-HT,10895,50,10893,100,10891,150,10899,50,10901,100,10903,150
1547208,NASDAQ-INA,10590,70,10588,100,10586,150,10596,98,10598,150,10600,200
1547208,NASDAQ-KOTD,8302,53,8300,150,8298,200,8308,50,8310,100,8312,150
1547208,NASDAQ-NGUP,7566,50,7564,100,7562,150,7570,50,7572,100,7574,150
1547208,NASDAQ-SIMP,9964,86,9963,100,9962,150,9967,4,9968,150,9969,200
1547208,NASDAQ-ZITO,8044,50,8043,100,8042,150,8046,50,8047,100,8048,150
1547472,NASDAQ-CARD,9836,50,9835,100,9834,150,9838,50,9839,100,9840,150
1547472,NASDAQ-DLKV,10086,50,10084,100,10082,150,10090,50,10092,100,10094,150
1547472,NASDAQ-ETFB,11494,150,11492,200,11490,250,11502,50,11504,100,11506,150
1547472,NASDAQ-ETFB3,9662,200,9661,250,9520,25,9670,200,9671,250,9675,25
1547472,NASDAQ-FSR,9467,50,9465,100,9463,150,9471,50,9473,100,9475,150
1547472,NASDAQ-GOLD,9730,50,9729,100,9728,150,9732,50,9733,100,9734,150
1547472,NASDAQ-HT,10868,50,10866,100,10864,150,10872,50,10874,100,10876,150
1547472,NASDAQ-INA,10625,50,10623,100,10621,150,10629,50,10631,100,10633,150
1547472,NASDAQ-KOTD,8304,33,8302,100,8300,150,8308,50,8310,100,8312,150
1547472,NASDAQ-NGUP,7596,27,7594,150,7592,200,7599,3,7600,3,7602,50
1547472,NASDAQ-SIMP,9954,50,9953,100,9952,150,9956,50,9957,100,9958,150
1547472,NASDAQ-ZITO,8043,50,8042,100,8041,150,8045,50,8046,100,8047,150
1547746,NASDAQ-CARD,9850,100,9849,150,9848,200,9853,50,9854,100,9855,205
1547746,NASDAQ-DLKV,10100,50,10098,100,10096,150,10104,50,10106,100,10108,150
1547746,NASDAQ-ETFB,11498,15,11496,150,11494,200,11504,50,11506,100,11508,150
1547746,NASDAQ-ETFB3,9665,50,9664,100,9663,150,9669,143,9670,200,9671,250
1547746,NASDAQ-FSR,9498,50,9496,100,9494,150,9502,50,9504,100,9506,150
1547746,NASDAQ-GOLD,9715,50,9714,100,9713,150,9717,50,9718,100,9719,150
1547746,NASDAQ-HT,10867,50,10865,100,10863,150,10873,100,10875,150,10877,200
1547746,NASDAQ-INA,10636,50,10634,100,10632,150,10640,50,10642,100,10644,150
1547746,NASDAQ-KOTD,8296,150,8294,200,8292,250,8304,50,8306,100,8308,150
1547746,NASDAQ-NGUP,7587,50,7585,100,7583,150,7591,50,7593,100,7595,150
1547746,NASDAQ-SIMP,9950,50,9949,100,9948,150,9953,28,9954,150,9955,200
1547746,NASDAQ-ZITO,8046,50,8045,100,8044,150,8048,50,8049,100,8050,150
1548008,NASDAQ-CARD,9878,50,9877,150,9876,200,9881,50,9882,100,9883,150
1548008,NASDAQ-DLKV,10088,50,10086,100,10084,150,10092,50,10094,100,10096,150
1548008,NASDAQ-ETFB,11491,50,11489,100,11487,150,11497,100,11499,150,11501,200
1548008,NASDAQ-ETFB3,9671,150,9670,200,9669,250,9675,75,9676,100,9677,150
1548008,NASDAQ-FSR,9519,50,9517,100,9515,150,9523,50,9525,100,9527,150
1548008,NASDAQ-GOLD,9727,50,9726,100,9725,150,9729,50,9730,100,9731,150
1548008,NASDAQ-HT,10874,50,10872,100,10870,150,10878,50,10880,100,10882,150
1548008,NASDAQ-INA,10657,30,10655,100,10653,150,10661,50,10663,100,10665,160
1548008,NASDAQ-KOTD,8361,50,8359,100,8357,150,8365,50,8367,100,8369,205
1548008,NASDAQ-NGUP,7570,180,7568,50,7566,100,7572,8,7574,100,7576,150
1548008,NASDAQ-SIMP,9938,50,9937,100,9936,150,9940,50,9941,100,9942,150
1548008,NASDAQ-ZITO,8057,50,8056,100,8055,150,8059,50,8060,100,8061,150
1548288,NASDAQ-CARD,9887,92,9886,150,9885,200,9890,50,9891,100,9892,150
1548288,NASDAQ-DLKV,10084,50,10082,100,10080,150,10088,50,10090,100,10092,150
1548288,NASDAQ-ETFB,11489,100,11487,150,11485,200,11495,50,11497,100,11499,150
1548288,NASDAQ-ETFB3,9675,75,9674,200,9673,250,9679,50,9680,100,9681,150
1548288,NASDAQ-FSR,9549,50,9547,100,9545,150,9553,50,9555,100,9557,150
1548288,NASDAQ-GOLD,9731,50,9730,100,9729,150,9733,50,9734,100,9735,150
1548288,NASDAQ-HT,10869,50,10867,100,10865,150,10873,50,10875,100,10877,150
1548288,NASDAQ-INA,10621,50,10619,100,10617,150,10625,30,10627,100,10629,150
1548288,NASDAQ-KOTD,8348,50,8346,100,8344,150,8352,50,8354,100,8356,150
1548288,NASDAQ-NGUP,7593,50,7591,100,7589,150,7597,50,7599,100,7601,150
1548288,NASDAQ-SIMP,9946,140,9945,250,9914,95,9951,10,9952,244,9953,150
1548288,NASDAQ-ZITO,8047,50,8046,100,8045,150,8049,50,8050,100,8051,150
1548531,NASDAQ-CARD,9880,85,9879,100,9878,150,9887,50,10047,180,10048,55
1548531,NASDAQ-DLKV,10070,50,10068,100,10066,150,10074,50,10076,100,10078,150
1548531,NASDAQ-ETFB,11484,50,11482,100,11480,150,11494,148,11496,250,11545,10
1548531,NASDAQ-ETFB3,9673,50,9672,100,9671,150,9677,33,9678,200,9679,250
1548531,NASDAQ-FSR,9520,50,9518,100,9516,150,9524,50,9526,100,9528,150
1548531,NASDAQ-GOLD,9717,50,9716,100,9715,150,9720,100,9721,150,9722,200
1548531,NASDAQ-HT,10890,80,10888,150,10886,200,10896,50,10898,100,10900,150
1548531,NASDAQ-INA,10637,50,10635,100,10633,150,10641,50,10643,100,10645,150
1548531,NASDAQ-KOTD,8340,30,8338,100,8336,150,8346,90,8348,150,8350,200
1548531,NASDAQ-NGUP,7582,50,7580,100,7578,150,7586,10,7588,100,7590,150
1548531,NASDAQ-SIMP,9947,36,9945,140,9944,250,9954,235,9972,36,9992,36
1548531,NASDAQ-ZITO,8055,50,8054,100,8053,150,8057,50,8058,100,8059,150
1548841,NASDAQ-CARD,9860,50,9859,100,9858,150,9866,183,9880,30,9886,18
1548841,NASDAQ-DLKV,10054,50,10052,100,10050,150,10058,50,10060,100,10062,150
1548841,NASDAQ-ETFB,11484,50,11482,100,11480,150,11490,46,11492,150,11494,200
1548841,NASDAQ-ETFB3,9673,37,9672,150,9671,200,9676,50,9677,100,9678,150
1548841,NASDAQ-FSR,9486,50,9484,100,9482,150,9490,10,9492,100,9494,150
1548841,NASDAQ-GOLD,9727,50,9726,100,9725,150,9729,50,9730,100,9731,150
1548841,NASDAQ-HT,10855,50,10853,100,10851,150,10859,50,10861,100,10863,150
1548841,NASDAQ-INA,10626,50,10624,100,10622,150,10636,155,10638,250,10665,10
1548841,NASDAQ-KOTD,8304,1,8286,20,8281,20,8349,50,8351,100,8353,150
1548841,NASDAQ-NGUP,7555,50,7553,100,7551,150,7559,34,7561,100,7563,150
1548841,NASDAQ-SIMP,9977,104,9976,250,9947,35,9986,136,9992,36,10004,144
1548841,NASDAQ-ZITO,8053,50,8052,100,8051,150,8058,188,8059,250,8245,20
1549098,NASDAQ-CARD,9781,50,9780,100,9779,150,9787,185,9854,20,9865,35
1549098,NASDAQ-DLKV,10016,50,10014,100,10012,150,10020,30,10022,100,10024,150
1549098,NASDAQ-ETFB,11475,50,11473,100,11471,150,11485,100,11487,250,11545,10
1549098,NASDAQ-ETFB3,9671,200,9670,250,9520,25,9676,50,9677,100,9678,150
1549098,NASDAQ-FSR,9490,50,9485,50,9483,100,9491,100,9493,150,9495,200
1549098,NASDAQ-GOLD,9726,50,9725,100,9724,150,9729,20,9730,150,9731,200
1549098,NASDAQ-HT,10834,50,10832,100,10830,150,10838,50,10840,100,10842,150
1549098,NASDAQ-INA,10635,50,10633,100,10631,150,10639,50,10641,100,10643,150
1549098,NASDAQ-KOTD,8306,69,8304,151,8302,200,8312,50,8314,100,8316,150
1549098,NASDAQ-NGUP,7492,50,7490,100,7488,150,7496,50,7498,100,7500,150
1549098,NASDAQ-SIMP,9950,140,9949,250,9947,35,9955,50,9956,100,9957,150
1549098,NASDAQ-ZITO,8043,50,8042,100,8041,150,8046,90,8047,150,8048,200
1549349,NASDAQ-CARD,9773,50,9772,100,9771,150,9776,20,9777,150,9778,200
1549349,NASDAQ-DLKV,10038,50,10036,100,10034,150,10042,50,10044,100,10046,150
1549349,NASDAQ-ETFB,11471,150,11469,200,11467,250,11484,55,11485,200,11487,250
1549349,NASDAQ-ETFB3,9520,25,9487,26,9462,10,9689,50,9690,100,9691,150
1549349,NASDAQ-FSR,9471,146,9466,50,9464,100,9476,200,9478,250,9598,50
1549349,NASDAQ-GOLD,9722,50,9721,100,9720,150,9727,140,9728,250,9807,20
1549349,NASDAQ-HT,10847,20,10845,100,10843,150,10851,50,10853,100,10855,150
1549349,NASDAQ-INA,10636,140,10634,250,10570,20,10646,50,10648,100,10650,150
1549349,NASDAQ-KOTD,8304,1,8302,200,8300,250,8312,45,8314,100,8316,150
1549349,NASDAQ-NGUP,7479,50,7477,100,7475,150,7483,50,7485,100,7487,150
1549349,NASDAQ-SIMP,9959,140,9958,250,9951,108,9964,50,9965,100,9966,150
1549349,NASDAQ-ZITO,8045,80,8044,200,8043,250,8049,50,8050,100,8051,150
1549594,NASDAQ-CARD,9765,50,9764,100,9763,150,9770,156,9771,250,9776,35
1549594,NASDAQ-DLKV,10053,50,10051,100,10049,150,10057,50,10059,100,10061,150
1549594,NASDAQ-ETFB,11485,94,11396,55,11368,56,11497,50,11499,100,11501,150
1549594,NASDAQ-ETFB3,9687,50,9686,100,9685,150,9690,100,9691,150,9692,200
1549594,NASDAQ-FSR,9516,50,9514,100,9512,150,9520,50,9522,100,9524,150
1549594,NASDAQ-GOLD,9700,50,9699,100,9698,150,9703,60,9704,150,9705,200
1549594,NASDAQ-HT,10816,50,10814,100,10812,150,10820,50,10822,100,10824,150
1549594,NASDAQ-INA,10640,70,10638,150,10636,200,10646,50,10648,100,10650,150
1549594,NASDAQ-KOTD,8323,50,8321,100,8319,150,8327,50,8329,100,8331,150
1549594,NASDAQ-NGUP,7479,50,7477,100,7475,150,7483,51,7485,100,7487,150
1549594,NASDAQ-SIMP,9985,140,9984,200,9983,250,9989,50,9990,100,9991,150
1549594,NASDAQ-ZITO,8049,130,8048,100,8047,150,8051,50,8052,100,8053,150
1549846,NASDAQ-CARD,9784,90,9783,150,9782,200,9787,30,9788,100,9789,150
1549846,NASDAQ-DLKV,10066,50,10064,100,10062,150,10070,50,10072,100,10074,150
1549846,NASDAQ-ETFB,11485,50,11484,56,11483,100,11489,50,11491,100,11493,150
1549846,NASDAQ-ETFB3,9672,50,9671,100,9670,150,9674,49,9675,100,9676,150
1549846,NASDAQ-FSR,9477,10,9474,50,9472,100,9480,80,9482,150,9484,200
1549846,NASDAQ-GOLD,9726,60,9725,150,9724,200,9729,10,9730,100,9731,150
1549846,NASDAQ-HT,10864,100,10862,150,10860,200,10870,50,10872,100,10874,150
1549846,NASDAQ-INA,10614,50,10612,100,10610,150,10618,20,10620,100,10622,150
1549846,NASDAQ-KOTD,8305,50,8303,100,8301,150,8309,50,8311,100,8313,150
1549846,NASDAQ-NGUP,7488,90,7486,150,7484,200,7494,50,7496,100,7498,150
1549846,NASDAQ-SIMP,9978,50,9977,100,9976,150,9981,78,9982,150,9983,200
1549846,NASDAQ-ZITO,8048,50,8047,100,8046,150,8051,40,8052,150,8053,200
1550082,NASDAQ-CARD,9524,50,9523,100,9522,150,9526,26,9527,100,9528,150
1550082,NASDAQ-DLKV,10043,50,10041,100,10039,150,10047,50,10049,100,10051,150
1550082,NASDAQ-ETFB,11476,50,11474,100,11472,150,11482,19,11484,150,11486,200
1550082,NASDAQ-ETFB3,9688,200,9687,250,9674,142,9693,50,9694,100,9695,150
1550082,NASDAQ-FSR,9483,50,9481,100,9479,150,9487,50,9489,100,9491,150
1550082,NASDAQ-GOLD,9717,50,9716,100,9715,150,9719,50,9720,100,9721,150
1550082,NASDAQ-HT,10849,50,10847,100,10845,150,10853,50,10855,100,10857,150
1550082,NASDAQ-INA,10631,50,10629,100,10627,150,10635,50,10637,100,10639,150
1550082,NASDAQ-KOTD,8350,60,8348,150,8346,200,8356,50,8358,100,8360,160
1550082,NASDAQ-NGUP,7476,50,7474,100,7472,150,7480,50,7482,100,7484,150
1550082,NASDAQ-SIMP,9979,108,9975,100,9974,200,10004,144,10005,72,10006,144
1550082,NASDAQ-ZITO,8065,50,8064,100,8063,150,8067,50,8068,100,8069,150
1550312,NASDAQ-CARD,9531,39,9530,200,9529,250,9535,50,9536,100,9537,150
1550312,NASDAQ-DLKV,10048,50,10046,100,10044,150,10052,50,10054,100,10056,150
1550312,NASDAQ-ETFB,11476,50,11474,100,11472,150,11484,44,11486,200,11488,250
1550312,NASDAQ-ETFB3,9685,41,9684,100,9683,150,9688,100,9689,150,9690,200
1550312,NASDAQ-FSR,9497,50,9495,100,9493,150,9501,50,9503,100,9505,150
1550312,NASDAQ-GOLD,9704,50,9703,100,9702,150,9706,50,9707,100,9708,150
1550312,NASDAQ-HT,10845,5,10843,100,10841,150,10851,100,10853,150,10855,200
1550312,NASDAQ-INA,10632,50,10630,100,10628,150,10642,200,10644,250,10689,55
1550312,NASDAQ-KOTD,8343,50,8341,100,8339,150,8347,40,8349,100,8351,150
1550312,NASDAQ-NGUP,7461,50,7459,100,7457,150,7467,50,7469,150,7471,200
1550312,NASDAQ-SIMP,9958,50,9957,100,9956,150,9963,79,9964,250,10003,108
1550312,NASDAQ-ZITO,8082,83,8081,150,8080,200,8085,50,8086,100,8087,150
1550543,NASDAQ-CARD,9554,134,9449,8,9448,60,9560,50,9561,100,9562,150
1550543,NASDAQ-DLKV,10061,50,10059,150,10057,200,10067,50,10069,100,10071,150
1550543,NASDAQ-ETFB,11487,13,11485,150,11483,210,11490,56,11493,50,11495,100
1550543,NASDAQ-ETFB3,9683,150,9682,200,9681,250,9689,150,9690,200,9691,250
1550543,NASDAQ-FSR,9497,50,9495,150,9493,200,9503,50,9505,100,9507,150
1550543,NASDAQ-GOLD,9672,50,9671,100,9670,150,9674,50,9675,100,9676,150
1550543,NASDAQ-HT,10869,50,10867,100,10865,150,10873,50,10875,100,10877,150
1550543,NASDAQ-INA,10687,50,10685,100,10683,150,10689,55,10691,50,10693,100
1550543,NASDAQ-KOTD,8347,100,8345,150,8343,200,8353,50,8355,100,8357,150
1550543,NASDAQ-NGUP,7482,90,7480,150,7478,200,7488,50,7490,100,7492,151
1550543,NASDAQ-SIMP,9974,140,9959,36,9951,108,9980,50,9981,100,9982,150
1550543,NASDAQ-ZITO,8060,50,8059,100,8058,150,8063,90,8064,150,8065,200
1550772,NASDAQ-CARD,9545,50,9544,100,9543,150,9547,50,9548,100,9549,150
1550772,NASDAQ-DLKV,10085,50,10083,100,10081,150,10089,50,10091,100,10093,150
1550772,NASDAQ-ETFB,11491,39,11490,6,11489,200,11499,50,11501,100,11503,150
1550772,NASDAQ-ETFB3,9675,60,9674,242,9673,150,9678,90,9679,150,9680,200
1550772,NASDAQ-FSR,9510,50,9508,100,9506,150,9514,50,9516,100,9518,150
1550772,NASDAQ-GOLD,9678,100,9677,150,9676,200,9681,50,9682,100,9683,150
1550772,NASDAQ-HT,10841,50,10839,100,10837,150,10845,50,10847,100,10849,150
1550772,NASDAQ-INA,10682,50,10680,100,10678,150,10687,80,10688,70,10689,55
1550772,NASDAQ-KOTD,8335,50,8333,100,8331,150,8339,50,8341,100,8343,150
1550772,NASDAQ-NGUP,7493,48,7491,100,7489,150,7494,1,7497,50,7499,100
1550772,NASDAQ-SIMP,9988,50,9987,150,9986,200,9991,50,9992,100,9993,150
1550772,NASDAQ-ZITO,8053,50,8052,100,8051,150,8055,50,8056,100,8057,150
1551031,NASDAQ-CARD,9736,25,9535,50,9449,8,9742,50,9743,100,9744,150
1551031,NASDAQ-DLKV,10062,50,10060,100,10058,150,10074,239,10107,20,10186,16
1551031,NASDAQ-ETFB,11501,110,11499,250,11490,6,11511,50,11513,100,11515,150
1551031,NASDAQ-ETFB3,9673,150,9672,200,9671,250,9680,200,9681,250,9683,80
1551031,NASDAQ-FSR,9502,20,9500,150,9498,200,9508,50,9510,100,9512,150
1551031,NASDAQ-GOLD,9659,50,9658,100,9657,150,9664,180,9665,250,9673,20
1551031,NASDAQ-HT,10867,80,10865,150,10863,200,10873,50,10875,100,10877,150
1551031,NASDAQ-INA,10714,150,10712,200,10710,250,10722,50,10724,100,10726,150
1551031,NASDAQ-KOTD,8345,90,8343,200,8341,250,8353,50,8355,100,8357,150
1551031,NASDAQ-NGUP,7496,50,7494,100,7492,150,7502,100,7504,150,7506,200
1551031,NASDAQ-SIMP,9992,108,9991,200,9990,250,9996,50,9997,100,9998,150
1551031,NASDAQ-ZITO,8054,50,8053,100,8052,150,8056,37,8057,100,8058,150
1551256,NASDAQ-CARD,9716,50,9715,100,9714,150,9718,26,9719,100,9720,150
1551256,NASDAQ-DLKV,10134,50,10132,100,10130,150,10138,50,10140,100,10142,150
1551256,NASDAQ-ETFB,11465,50,11463,100,11461,150,11475,33,11477,250,11545,10
1551256,NASDAQ-ETFB3,9651,50,9650,100,9649,150,9683,80,9703,10,9721,10
1551256,NASDAQ-FSR,9479,50,9477,100,9475,150,9487,150,9489,200,9491,250
1551256,NASDAQ-GOLD,9652,50,9651,100,9650,150,9654,50,9655,100,9656,150
1551256,NASDAQ-HT,10882,50,10880,100,10878,150,10886,50,10888,100,10890,150
1551256,NASDAQ-INA,10720,70,10718,150,10716,200,10730,150,10732,200,10734,250
1551256,NASDAQ-KOTD,8356,60,8354,150,8352,200,8362,50,8364,100,8366,150
1551256,NASDAQ-NGUP,7518,49,7516,100,7514,150,7522,50,7524,100,7525,1
1551256,NASDAQ-SIMP,10011,22,10010,250,9959,11,10016,50,10017,100,10018,150
1551256,NASDAQ-ZITO,8056,50,8055,100,8054,150,8058,50,8059,100,8060,150
1551492,NASDAQ-CARD,9702,50,9701,100,9700,150,9704,50,9705,100,9706,150
1551492,NASDAQ-DLKV,10126,50,10124,100,10122,150,10130,50,10132,100,10134,150
1551492,NASDAQ-ETFB,11463,100,11461,150,11459,200,11477,172,11545,10,11546,64
1551492,NASDAQ-ETFB3,9662,100,9661,150,9660,200,9665,41,9666,100,9667,150
1551492,NASDAQ-FSR,9510,50,9508,100,9506,150,9514,50,9516,100,9518,150
1551492,NASDAQ-GOLD,9637,50,9636,100,9635,150,9639,50,9640,100,9641,150
1551492,NASDAQ-HT,10874,100,10872,150,10870,200,10882,100,10884,150,10886,200
1551492,NASDAQ-INA,10710,50,10708,100,10706,150,10716,70,10718,150,10720,200
1551492,NASDAQ-KOTD,8348,50,8346,100,8344,150,8354,70,8356,150,8358,200
1551492,NASDAQ-NGUP,7526,49,7524,100,7522,150,7530,50,7532,100,7534,150
1551492,NASDAQ-SIMP,9997,81,9996,150,9995,200,10003,150,10004,250,10015,144
1551492,NASDAQ-ZITO,8070,83,8069,150,8068,200,8073,50,8074,100,8075,150
1551739,NASDAQ-CARD,9709,96,9708,150,9707,200,9712,50,9713,100,9714,150
1551739,NASDAQ-DLKV,10148,50,10146,100,10144,150,10152,50,10154,100,10156,150
1551739,NASDAQ-ETFB,11443,50,11441,100,11439,150,11447,40,11449,100,11451,150
1551739,NASDAQ-ETFB3,9666,83,9665,244,9664,200,9669,50,9670,100,9671,150
1551739,NASDAQ-FSR,9499,50,9497,100,9495,150,9505,80,9507,150,9509,200
1551739,NASDAQ-GOLD,9616,50,9615,100,9614,150,9618,35,9619,100,9620,150
1551739,NASDAQ-HT,10862,50,10860,100,10858,150,10868,20,10870,150,10872,200
1551739,NASDAQ-INA,10731,70,10729,200,10727,250,10739,50,10741,100,10743,150
1551739,NASDAQ-KOTD,8385,75,8383,150,8381,200,8391,50,8393,100,8395,150
1551739,NASDAQ-NGUP,7549,96,7547,150,7545,200,7555,50,7557,100,7559,150
1551739,NASDAQ-SIMP,9996,31,9995,200,9994,250,10002,110,10003,200,10004,250
1551739,NASDAQ-ZITO,8056,30,8055,100,8054,150,8058,50,8059,100,8060,150
1551993,NASDAQ-CARD,9535,50,9449,8,9448,60,9887,12,9983,50,9984,100
1551993,NASDAQ-DLKV,10152,100,10150,150,10148,200,10158,50,10160,100,10162,150
1551993,NASDAQ-ETFB,11449,40,11447,266,11445,150,11455,100,11457,150,11459,200
1551993,NASDAQ-ETFB3,9666,73,9665,244,9664,200,9671,100,9672,200,9673,250
1551993,NASDAQ-FSR,9525,124,9523,200,9521,250,9533,50,9535,100,9537,150
1551993,NASDAQ-GOLD,9642,50,9641,100,9640,150,9644,50,9645,100,9646,150
1551993,NASDAQ-HT,10860,50,10858,100,10856,150,10864,30,10866,100,10868,150
1551993,NASDAQ-INA,10713,50,10711,100,10709,150,10719,79,10721,150,10723,200
1551993,NASDAQ-KOTD,8373,50,8371,100,8369,150,8377,50,8379,100,8381,150
1551993,NASDAQ-NGUP,7539,50,7537,100,7535,150,7543,40,7545,100,7547,150
1551993,NASDAQ-SIMP,9996,14,9995,100,9994,150,10002,22,10027,33,10030,20
1551993,NASDAQ-ZITO,8067,83,8066,150,8065,200,8070,50,8071,100,8072,150
1552251,NASDAQ-CARD,9971,30,9970,100,9969,150,9973,50,9974,100,9975,150
1552251,NASDAQ-DLKV,10145,150,10143,200,10141,250,10155,90,10157,150,10159,200
1552251,NASDAQ-ETFB,11468,40,11466,100,11464,150,11472,50,11474,100,11476,150
1552251,NASDAQ-ETFB3,9662,50,9661,100,9660,150,9668,221,9752,55,9870,31
1552251,NASDAQ-FSR,9506,50,9505,20,9504,100,9510,50,9511,20,9512,100
1552251,NASDAQ-GOLD,9619,50,9618,100,9617,150,9621,40,9622,100,9623,150
1552251,NASDAQ-HT,10868,39,10866,100,10864,150,10872,30,10874,100,10875,20
1552251,NASDAQ-INA,10683,30,10681,100,10679,150,10691,127,10693,200,10695,250
1552251,NASDAQ-KOTD,8360,50,8358,100,8356,150,8366,55,8368,150,8369,20
1552251,NASDAQ-NGUP,7524,50,7522,100,7520,150,7528,20,7530,100,7532,150
1552251,NASDAQ-SIMP,9989,30,9988,100,9987,150,9994,118,9995,250,10001,141
1552251,NASDAQ-ZITO,8045,30,8044,100,8043,150,8047,30,8048,100,8049,150
1552507,NASDAQ-CARD,9994,79,9993,200,9992,250,9998,50,9999,100,10000,150
1552507,NASDAQ-DLKV,10158,140,10156,200,10154,250,10166,50,10168,100,10170,150
1552507,NASDAQ-ETFB,11468,19,11466,100,11464,150,11480,250,11545,10,11546,64
1552507,NASDAQ-ETFB3,9675,83,9674,150,9673,200,9678,45,9679,100,9680,150
1552507,NASDAQ-FSR,9492,50,9490,100,9488,150,9496,30,9498,100,9500,150
1552507,NASDAQ-GOLD,9644,4,9643,100,9642,150,9646,50,9647,100,9648,150
1552507,NASDAQ-HT,10843,50,10841,100,10839,150,10847,40,10849,100,10851,150
1552507,NASDAQ-INA,10660,50,10658,100,10656,150,10664,10,10666,100,10668,150
1552507,NASDAQ-KOTD,8377,150,8375,250,8354,10,8387,50,8389,100,8391,150
1552507,NASDAQ-NGUP,7517,50,7515,100,7513,150,7521,29,7523,100,7525,150
1552507,NASDAQ-SIMP,9986,19,9985,150,9984,200,10001,246,10027,33,10030,20
1552507,NASDAQ-ZITO,8044,83,8043,200,8042,250,8048,50,8049,100,8050,150
1552781,NASDAQ-CARD,9998,126,9997,200,9996,250,10002,50,10003,100,10004,150
1552781,NASDAQ-DLKV,10163,10,10159,70,10157,150,10167,100,10169,150,10171,200
1552781,NASDAQ-ETFB,11498,50,11496,100,11494,150,11508,182,11510,250,11545,10
1552781,NASDAQ-ETFB3,9678,25,9675,23,9674,150,9679,100,9680,150,9681,200
1552781,NASDAQ-FSR,9492,60,9490,150,9488,200,9498,50,9500,100,9502,150
1552781,NASDAQ-GOLD,9615,50,9614,100,9613,150,9617,50,9618,100,9619,150
1552781,NASDAQ-HT,10850,50,10848,150,10846,200,10856,70,10858,100,10860,150
1552781,NASDAQ-INA,10657,30,10655,100,10653,150,10665,150,10667,200,10669,250
1552781,NASDAQ-KOTD,8373,20,8354,10,8339,20,8392,50,8394,100,8396,150
1552781,NASDAQ-NGUP,7535,30,7533,150,7531,200,7541,50,7543,101,7545,150
1552781,NASDAQ-SIMP,10010,60,10009,150,10008,200,10013,50,10014,100,10015,150
1552781,NASDAQ-ZITO,8054,63,8053,150,8052,200,8057,50,8058,100,8059,150
1553033,NASDAQ-CARD,10002,150,9973,98,9972,8,10070,85,10076,200,10087,200
1553033,NASDAQ-DLKV,10174,40,10172,100,10170,150,10178,50,10180,100,10182,150
1553033,NASDAQ-ETFB,11496,9,11494,150,11492,200,11506,66,11508,200,11510,250
1553033,NASDAQ-ETFB3,9709,2,9708,100,9707,150,9711,50,9712,100,9713,150
1553033,NASDAQ-FSR,9526,30,9524,100,9522,150,9530,50,9532,100,9534,150
1553033,NASDAQ-GOLD,9630,35,9629,150,9628,200,9633,50,9634,100,9635,150
1553033,NASDAQ-HT,10893,130,10891,200,10889,250,10901,50,10903,100,10905,150
1553033,NASDAQ-INA,10623,50,10621,100,10619,150,10629,22,10631,150,10633,200
1553033,NASDAQ-KOTD,8409,10,8407,100,8405,150,8413,50,8415,100,8417,150
1553033,NASDAQ-NGUP,7546,149,7544,200,7542,250,7554,50,7555,1,7556,100
1553033,NASDAQ-SIMP,10006,150,10005,200,10004,250,10010,118,10011,100,10012,150
1553033,NASDAQ-ZITO,8052,100,8051,150,8050,200,8057,40,8058,200,8059,250
1553269,NASDAQ-CARD,10232,50,10231,100,10230,150,10234,50,10235,100,10236,150
1553269,NASDAQ-DLKV,10188,20,10186,100,10184,150,10192,50,10194,100,10196,150
1553269,NASDAQ-ETFB,11488,50,11486,100,11484,150,11498,154,11500,250,11545,10
1553269,NASDAQ-ETFB3,9737,1,9736,150,9735,200,9740,50,9741,100,9742,150
1553269,NASDAQ-FSR,9492,50,9490,100,9488,150,9498,80,9500,150,9502,200
1553269,NASDAQ-GOLD,9644,135,9643,250,9623,20,9649,50,9650,100,9651,160
1553269,NASDAQ-HT,10876,50,10874,100,10872,150,10882,70,10884,150,10886,200
1553269,NASDAQ-INA,10603,30,10601,100,10599,150,10615,128,10766,20,10772,20
1553269,NASDAQ-KOTD,8405,15,8401,50,8399,100,8407,100,8409,150,8411,200
1553269,NASDAQ-NGUP,7557,30,7555,250,7541,20,7560,1,7567,50,7569,100
1553269,NASDAQ-SIMP,10030,99,10029,200,10028,250,10034,50,10035,100,10036,150
1553269,NASDAQ-ZITO,8043,30,8042,100,8041,150,8045,50,8046,100,8047,150
1553416,NASDAQ-CARD,10214,50,10213,100,10212,150,10216,50,10217,100,10218,150
1553416,NASDAQ-DLKV,10217,12,10215,100,10213,150,10221,50,10223,100,10225,150
1553416,NASDAQ-ETFB,11498,193,11496,50,11494,100,11500,50,11502,100,11504,150
1553416,NASDAQ-ETFB3,9736,150,9735,200,9734,250,9740,50,9741,100,9742,150
1553416,NASDAQ-FSR,9510,30,9508,100,9506,150,9514,50,9516,100,9518,150
1553416,NASDAQ-GOLD,9617,50,9616,100,9615,150,9620,50,9621,150,9622,200
1553416,NASDAQ-HT,10889,50,10887,100,10885,150,10893,50,10895,100,10897,150
1553416,NASDAQ-INA,10591,50,10589,100,10587,150,10599,137,10601,200,10603,250
1553416,NASDAQ-KOTD,8392,1,8390,50,8388,100,8396,55,8398,150,8400,200
1553416,NASDAQ-NGUP,7565,65,7563,150,7561,200,7571,50,7573,100,7575,150
1553416,NASDAQ-SIMP,10011,36,10010,50,10009,100,10012,50,10013,100,10014,150
1553416,NASDAQ-ZITO,8036,50,8035,100,8034,150,8040,100,8041,200,8042,250
1553691,NASDAQ-CARD,10203,50,10202,100,10201,150,10206,61,10207,150,10208,200
1553691,NASDAQ-DLKV,10198,50,10196,100,10194,150,10202,50,10204,100,10206,150
1553691,NASDAQ-ETFB,11523,50,11521,100,11519,150,11527,50,11529,100,11531,150
1553691,NASDAQ-ETFB3,9728,50,9727,100,9726,150,9730,40,9731,100,9732,150
1553691,NASDAQ-FSR,9477,50,9475,100,9473,150,9481,30,9483,100,9485,150
1553691,NASDAQ-GOLD,9635,50,9634,100,9633,150,9637,50,9638,100,9639,150
1553691,NASDAQ-HT,10893,50,10891,100,10889,150,10897,50,10899,100,10901,150
1553691,NASDAQ-INA,10601,50,10599,100,10597,150,10605,25,10607,100,10609,150
1553691,NASDAQ-KOTD,8388,50,8386,100,8384,150,8392,50,8394,100,8396,150
1553691,NASDAQ-NGUP,7564,150,7562,200,7560,250,7565,51,7570,33,7572,50
1553691,NASDAQ-SIMP,10054,14,10053,100,10052,150,10056,50,10057,100,10058,150
1553691,NASDAQ-ZITO,8018,50,8017,100,8016,150,8021,100,8022,150,8023,200
1553959,NASDAQ-CARD,10071,10,10070,29,10009,20,10289,50,10290,100,10291,150
1553959,NASDAQ-DLKV,10195,50,10193,100,10191,150,10199,20,10201,100,10203,150
1553959,NASDAQ-ETFB,11532,50,11530,100,11528,150,11536,50,11538,100,11540,150
1553959,NASDAQ-ETFB3,9727,100,9726,150,9725,200,9730,40,9731,100,9732,150
1553959,NASDAQ-FSR,9495,21,9493,100,9491,150,9499,50,9501,100,9503,150
1553959,NASDAQ-GOLD,9693,100,9692,150,9691,200,9696,50,9697,100,9698,150
1553959,NASDAQ-HT,10846,50,10844,100,10842,150,10854,113,10856,200,10858,250
1553959,NASDAQ-INA,10580,30,10578,100,10576,150,10592,31,10766,20,10772,20
1553959,NASDAQ-KOTD,8382,20,8380,50,8378,100,8384,70,8386,100,8388,150
1553959,NASDAQ-NGUP,7559,100,7557,150,7555,200,7567,100,7569,150,7570,28
1553959,NASDAQ-SIMP,10006,50,10005,100,10004,150,10011,154,10012,250,10054,100
1553959,NASDAQ-ZITO,8014,30,8013,100,8012,150,8018,76,8019,200,8020,250
1554236,NASDAQ-CARD,10293,50,10292,100,10291,150,10295,50,10296,100,10297,150
1554236,NASDAQ-DLKV,10187,50,10185,100,10183,150,10191,50,10193,100,10195,150
1554236,NASDAQ-ETFB,11563,36,11561,200,11559,250,11571,50,11573,100,11575,150
1554236,NASDAQ-ETFB3,9747,45,9746,200,9745,250,9751,50,9752,155,9753,150
1554236,NASDAQ-FSR,9488,50,9486,100,9484,150,9598,50,9614,20,9713,9
1554236,NASDAQ-GOLD,9709,23,9708,150,9707,200,9712,50,9713,100,9714,150
1554236,NASDAQ-HT,10864,40,10862,100,10860,150,10868,50,10870,100,10872,150
1554236,NASDAQ-INA,10560,20,10557,50,10555,100,10563,1,10565,150,10567,200
1554236,NASDAQ-KOTD,8401,50,8399,100,8397,150,8405,50,8407,100,8409,150
1554236,NASDAQ-NGUP,7554,220,7552,250,7485,13,7560,20,7564,49,7566,100
1554236,NASDAQ-SIMP,10028,233,9990,144,9987,144,10034,50,10035,100,10036,150
1554236,NASDAQ-ZITO,7993,50,7992,100,7991,150,7997,35,7998,200,7999,250
1554518,NASDAQ-CARD,10292,28,10072,8,10071,10,10298,50,10299,100,10300,150
1554518,NASDAQ-DLKV,10190,26,10188,100,10186,150,10191,20,10194,50,10196,100
1554518,NASDAQ-ETFB,11584,50,11582,100,11580,150,11588,50,11590,100,11592,150
1554518,NASDAQ-ETFB3,9735,50,9734,100,9733,150,9737,42,9738,100,9739,150
1554518,NASDAQ-FSR,9489,50,9487,100,9485,150,9493,50,9495,100,9497,150
1554518,NASDAQ-GOLD,9686,50,9685,100,9684,150,9688,50,9689,100,9690,150
1554518,NASDAQ-HT,10861,50,10859,100,10857,150,10865,50,10867,100,10869,150
1554518,NASDAQ-INA,10567,90,10565,150,10563,200,10573,50,10575,100,10577,150
1554518,NASDAQ-KOTD,8409,50,8407,100,8405,150,8413,50,8415,100,8417,150
1554518,NASDAQ-NGUP,7538,50,7536,100,7534,150,7542,6,7544,100,7546,150
1554518,NASDAQ-SIMP,10006,50,10005,100,10004,150,10012,232,10033,180,10054,200
1554518,NASDAQ-ZITO,7997,90,7996,150,7995,200,8000,50,8001,100,8002,150
1554857,NASDAQ-CARD,10296,99,10295,250,10293,8,10301,50,10302,100,10303,170
1554857,NASDAQ-DLKV,10155,50,10153,100,10151,150,10161,52,10163,150,10165,200
1554857,NASDAQ-ETFB,11584,50,11582,100,11580,150,11596,250,11604,10,11605,10
1554857,NASDAQ-ETFB3,9732,155,9731,260,9680,10,9738,100,9739,150,9740,200
1554857,NASDAQ-FSR,9484,50,9482,100,9480,150,9573,20,9598,50,9614,20
1554857,NASDAQ-GOLD,9722,200,9721,250,9637,150,9727,50,9728,100,9729,150
1554857,NASDAQ-HT,10860,100,10858,150,10856,200,10866,50,10868,100,10870,150
1554857,NASDAQ-INA,10599,65,10597,150,10595,200,10605,50,10607,100,10609,150
1554857,NASDAQ-KOTD,8406,50,8404,100,8402,150,8410,16,8412,100,8414,150
1554857,NASDAQ-NGUP,7551,50,7549,150,7547,200,7557,50,7559,100,7561,150
1554857,NASDAQ-SIMP,10007,144,9990,144,9987,144,10025,140,10026,250,10033,180
1554857,NASDAQ-ZITO,7992,50,7991,100,7990,150,8036,160,8245,20,8274,10
1555113,NASDAQ-CARD,10168,50,10167,100,10166,150,10170,42,10171,100,10172,150
1555113,NASDAQ-DLKV,10154,100,10152,170,10150,200,10160,50,10162,100,10164,150
1555113,NASDAQ-ETFB,11650,10,11648,100,11646,150,11654,50,11656,100,11658,150
1555113,NASDAQ-ETFB3,9736,50,9735,100,9734,150,9739,100,9740,150,9741,200
1555113,NASDAQ-FSR,9513,80,9511,150,9509,200,9519,50,9521,100,9523,150
1555113,NASDAQ-GOLD,9708,50,9707,100,9706,150,9711,50,9712,150,9713,200
1555113,NASDAQ-HT,10873,50,10871,100,10869,150,10877,50,10879,100,10881,170
1555113,NASDAQ-INA,10621,50,10619,100,10617,150,10625,50,10627,100,10629,150
1555113,NASDAQ-KOTD,8420,50,8418,100,8416,150,8424,50,8426,100,8428,150
1555113,NASDAQ-NGUP,7551,122,7549,200,7547,250,7559,50,7561,100,7563,150
1555113,NASDAQ-SIMP,10013,68,10012,250,10008,144,10020,140,10021,200,10022,250
1555113,NASDAQ-ZITO,8011,50,8010,100,8009,150,8013,50,8014,100,8015,150
1555367,NASDAQ-CARD,10160,50,10159,100,10158,150,10162,30,10163,100,10164,150
1555367,NASDAQ-DLKV,10189,50,10187,100,10185,150,10191,19,10193,50,10195,100
1555367,NASDAQ-ETFB,11648,30,11646,150,11644,200,11658,67,11660,200,11662,250
1555367,NASDAQ-ETFB3,9734,150,9733,200,9732,250,9738,105,9739,100,9740,150
1555367,NASDAQ-FSR,9489,50,9487,150,9485,200,9548,20,9573,19,9598,50
1555367,NASDAQ-GOLD,9724,30,9723,100,9722,150,9726,50,9727,100,9728,150
1555367,NASDAQ-HT,10861,90,10859,200,10857,250,10871,76,10873,150,10875,200
1555367,NASDAQ-INA,10607,50,10605,100,10603,150,10617,198,10619,250,10766,20
1555367,NASDAQ-KOTD,8388,50,8386,100,8384,150,8392,50,8394,100,8396,150
1555367,NASDAQ-NGUP,7548,20,7546,100,7544,150,7552,25,7554,100,7556,150
1555367,NASDAQ-SIMP,9990,114,9987,144,9978,20,10045,50,10046,100,10047,150
1555367,NASDAQ-ZITO,8027,75,8026,150,8025,200,8030,50,8031,100,8032,150
1555520,NASDAQ-CARD,10145,50,10144,100,10143,150,10148,22,10149,150,10150,200
1555520,NASDAQ-DLKV,10191,31,10189,100,10187,150,10195,50,10197,100,10199,150
1555520,NASDAQ-ETFB,11650,50,11648,100,11646,150,11654,50,11656,100,11658,150
1555520,NASDAQ-ETFB3,9731,60,9730,100,9729,150,9735,137,9736,200,9737,250
1555520,NASDAQ-FSR,9502,50,9500,100,9498,150,9506,50,9508,100,9510,150
1555520,NASDAQ-GOLD,9713,50,9712,100,9711,150,9716,50,9717,150,9718,200
1555520,NASDAQ-HT,10850,50,10848,100,10846,150,10854,50,10856,100,10858,150
1555520,NASDAQ-INA,10628,50,10626,100,10624,150,10632,50,10634,100,10636,150
1555520,NASDAQ-KOTD,8398,50,8396,100,8394,150,8402,50,8404,100,8406,150
1555520,NASDAQ-NGUP,7548,10,7546,100,7544,150,7552,50,7554,100,7556,150
1555520,NASDAQ-SIMP,10025,50,10024,150,10023,200,10028,50,10029,100,10030,150
1555520,NASDAQ-ZITO,8026,50,8025,100,8024,150,8028,25,8029,100,8030,150
1555790,NASDAQ-CARD,10153,98,10152,150,10151,200,10156,50,10157,100,10158,150
1555790,NASDAQ-DLKV,10168,50,10166,100,10164,150,10172,50,10174,100,10176,150
1555790,NASDAQ-ETFB,11647,50,11645,100,11643,150,11653,100,11655,150,11657,200
1555790,NASDAQ-ETFB3,9730,100,9729,150,9728,200,9734,87,9735,150,9736,200
1555790,NASDAQ-FSR,9503,50,9501,100,9499,150,9507,50,9509,100,9511,150
1555790,NASDAQ-GOLD,9721,30,9720,100,9719,150,9723,50,9724,100,9725,150
1555790,NASDAQ-HT,10849,50,10847,100,10845,150,10853,50,10855,100,10857,150
1555790,NASDAQ-INA,10626,100,10624,150,10622,200,10634,100,10636,150,10638,200
1555790,NASDAQ-KOTD,8392,50,8389,50,8387,100,8393,50,8395,100,8397,150
1555790,NASDAQ-NGUP,7565,30,7563,100,7561,150,7567,1,7569,50,7570,28
1555790,NASDAQ-SIMP,9987,88,9978,20,9959,11,10037,50,10038,100,10039,150
1555790,NASDAQ-ZITO,8054,50,8053,100,8052,150,8056,50,8057,100,8058,150
1556104,NASDAQ-CARD,10258,46,10257,100,10256,150,10260,50,10261,100,10262,150
1556104,NASDAQ-DLKV,10167,50,10165,100,10163,150,10171,50,10173,100,10175,150
1556104,NASDAQ-ETFB,11648,50,11646,100,11644,150,11660,250,,,,
1556104,NASDAQ-ETFB3,9729,34,9728,200,9727,250,9731,50,9733,50,9734,100
1556104,NASDAQ-FSR,9512,90,9510,150,9508,200,9518,50,9520,100,9522,150
1556104,NASDAQ-GOLD,9724,50,9723,150,9722,200,9727,50,9728,100,9729,150
1556104,NASDAQ-HT,10901,150,10899,200,10897,250,10906,20,10909,50,10911,100
1556104,NASDAQ-INA,10673,50,10671,100,10669,150,10677,50,10679,100,10681,150
1556104,NASDAQ-KOTD,8398,50,8396,100,8394,150,8402,50,8404,100,8406,150
1556104,NASDAQ-NGUP,7557,30,7555,200,7553,250,7565,50,7567,101,7569,150
1556104,NASDAQ-SIMP,10026,12,10025,150,10024,200,10029,38,10030,100,10031,150
1556104,NASDAQ-ZITO,8013,80,,,,,8056,50,8057,100,8058,150
1556394,NASDAQ-CARD,10244,50,10243,100,10242,150,10246,50,10247,100,10248,150
1556394,NASDAQ-DLKV,10210,40,10208,100,10206,150,10214,50,10216,100,10218,150
1556394,NASDAQ-ETFB,11634,50,11632,100,11630,150,11646,227,,,,
1556394,NASDAQ-ETFB3,9719,50,9718,100,9717,150,9722,5,9723,150,9724,200
1556394,NASDAQ-FSR,9540,50,9538,100,9536,150,9544,50,9546,100,9548,170
1556394,NASDAQ-GOLD,9722,50,9721,120,9720,150,9726,99,9727,200,9728,250
1556394,NASDAQ-HT,10890,50,10888,100,10886,150,10894,30,10896,100,10898,150
1556394,NASDAQ-INA,10684,83,10682,150,10680,200,10690,50,10692,100,10694,150
1556394,NASDAQ-KOTD,8413,100,8411,150,8409,200,8419,50,8421,100,8423,150
1556394,NASDAQ-NGUP,7587,89,7585,150,7583,200,7593,50,7595,100,7597,153
1556394,NASDAQ-SIMP,9988,36,9987,33,9978,20,10029,53,10030,200,10031,250
1556394,NASDAQ-ZITO,8076,50,8075,100,8074,150,8078,50,8079,100,8080,150
1556686,NASDAQ-CARD,10252,143,10251,200,10250,250,10256,50,10257,100,10258,150
1556686,NASDAQ-DLKV,10176,90,10174,150,10172,200,10182,50,10184,100,10186,150
1556686,NASDAQ-ETFB,11641,100,11639,150,11637,200,11653,174,11655,250,,
1556686,NASDAQ-ETFB3,9722,162,9721,200,9720,250,9726,50,9727,100,9728,150
1556686,NASDAQ-FSR,9579,27,9577,100,9575,150,9583,50,9585,100,9587,150
1556686,NASDAQ-GOLD,9720,30,9719,100,9718,150,9724,150,9725,200,9726,250
1556686,NASDAQ-HT,10901,50,10899,100,10897,150,10905,50,10906,20,10907,100
1556686,NASDAQ-INA,10689,25,10687,100,10685,150,10693,50,10695,100,10697,150
1556686,NASDAQ-KOTD,8415,105,8413,200,8411,250,8423,50,8425,100,8427,150
1556686,NASDAQ-NGUP,7602,142,7600,250,7554,20,7612,50,7614,103,7616,150
1556686,NASDAQ-SIMP,10011,100,10010,200,10009,250,10016,100,10017,150,10018,200
1556686,NASDAQ-ZITO,8074,118,8073,250,8056,80,8079,50,8080,100,8081,150
1556983,NASDAQ-CARD,10022,50,10021,100,10020,150,10026,27,10027,200,10028,250
1556983,NASDAQ-DLKV,10222,44,10220,100,10218,150,10226,50,10228,100,10230,150
1556983,NASDAQ-ETFB,11686,50,11684,150,11682,200,11692,50,11694,100,11696,150
1556983,NASDAQ-ETFB3,9723,20,9722,250,9680,10,9731,200,9732,250,9747,200
1556983,NASDAQ-FSR,9561,50,9559,100,9557,150,9565,50,9566,20,9567,100
1556983,NASDAQ-GOLD,9714,50,9713,100,9712,150,9715,20,9716,50,9717,100
1556983,NASDAQ-HT,10904,14,10902,100,10900,150,10908,30,10910,100,10912,150
1556983,NASDAQ-INA,10718,69,10716,200,10714,250,10726,50,10728,100,10730,150
1556983,NASDAQ-KOTD,8439,194,8437,250,8409,20,8449,50,8451,100,8453,150
1556983,NASDAQ-NGUP,7617,201,7600,20,7554,20,7627,1,7629,50,7631,100
1556983,NASDAQ-SIMP,9989,55,9988,34,9987,33,10020,50,10021,100,10022,150
1556983,NASDAQ-ZITO,8077,88,,,,,8083,50,8084,100,8085,150
1557325,NASDAQ-CARD,10027,88,10026,410,10009,20,10032,20,10033,100,10034,150
1557325,NASDAQ-DLKV,10204,50,10202,100,10200,150,10210,90,10212,150,10214,200
1557325,NASDAQ-ETFB,11714,75,11712,150,11710,200,11720,50,11722,100,11724,150
1557325,NASDAQ-ETFB3,9723,73,9722,150,9721,200,9747,200,9752,55,9870,31
1557325,NASDAQ-FSR,9532,50,9530,100,9528,150,9542,20,9544,250,9566,20
1557325,NASDAQ-GOLD,9718,80,9717,150,9716,200,9721,60,9722,100,9723,150
1557325,NASDAQ-HT,10907,200,10905,250,10458,12,10917,50,10919,100,10921,150
1557325,NASDAQ-INA,10713,200,10711,250,10564,10,10725,8,10727,150,10729,200
1557325,NASDAQ-KOTD,8456,40,8454,100,8452,150,8460,50,8462,100,8464,150
1557325,NASDAQ-NGUP,7621,15,7619,200,7617,250,7627,2,7629,50,7631,100
1557325,NASDAQ-SIMP,10021,139,10020,283,9990,36,10026,50,10027,100,10028,150
1557325,NASDAQ-ZITO,8085,123,,,,,8091,50,8092,100,8093,150
1557595,NASDAQ-CARD,10043,62,10042,150,10041,200,10046,50,10047,100,10048,150
1557595,NASDAQ-DLKV,10197,50,10195,100,10193,150,10201,30,10203,100,10205,150
1557595,NASDAQ-ETFB,11787,50,11785,100,11783,150,11791,50,11793,100,11795,150
1557595,NASDAQ-ETFB3,9733,87,9732,200,9731,250,9740,58,9741,250,9747,200
1557595,NASDAQ-FSR,9548,10,9546,150,9544,200,9554,50,9556,100,9558,150
1557595,NASDAQ-GOLD,9690,50,9689,100,9688,150,9694,105,9695,200,9696,250
1557595,NASDAQ-HT,10939,50,10937,100,10935,150,10943,50,10945,100,10947,150
1557595,NASDAQ-INA,10709,200,10707,250,10564,10,10719,18,10721,100,10723,150
1557595,NASDAQ-KOTD,8488,10,8486,100,8484,150,8492,50,8494,100,8496,150
1557595,NASDAQ-NGUP,7607,50,7605,100,7603,150,7613,70,7615,150,7617,200
1557595,NASDAQ-SIMP,10011,29,10010,100,10009,150,10014,100,10015,150,10016,200
1557595,NASDAQ-ZITO,8052,20,,,,,8136,50,8137,100,8138,150
1557891,NASDAQ-CARD,10039,100,10038,150,10037,200,10252,60,10292,30,10294,32
1557891,NASDAQ-DLKV,10167,50,10165,100,10163,150,10177,162,10179,250,10287,24
1557891,NASDAQ-ETFB,11783,137,11781,200,11779,250,11797,164,11799,250,,
1557891,NASDAQ-ETFB3,9723,50,9722,100,9721,150,9729,189,9747,200,9752,55
1557891,NASDAQ-FSR,9578,50,9576,100,9574,150,9582,50,9584,100,9586,150
1557891,NASDAQ-GOLD,9686,50,9685,100,9684,150,9690,50,9691,200,9692,250
1557891,NASDAQ-HT,10970,50,10968,100,10966,150,10974,50,10976,100,10978,150
1557891,NASDAQ-INA,10721,102,10564,10,10560,20,10733,50,10735,100,10737,150
1557891,NASDAQ-KOTD,8473,50,8471,100,8469,150,8479,85,8481,150,8483,200
1557891,NASDAQ-NGUP,7593,50,7591,100,7589,150,7603,200,7605,250,7623,20
1557891,NASDAQ-SIMP,10005,170,10004,250,9987,33,10011,100,10012,150,10013,200
1557891,NASDAQ-ZITO,8106,30,8105,150,8104,200,8109,50,8110,100,8111,150
1558169,NASDAQ-CARD,10009,20,10005,8,10002,380,10254,50,10255,100,10256,150
1558169,NASDAQ-DLKV,10189,50,10187,150,10185,200,10195,50,10197,100,10199,150
1558169,NASDAQ-ETFB,11713,60,11693,10,11654,10,11791,50,11793,100,11795,150
1558169,NASDAQ-ETFB3,9742,73,9741,150,9740,200,9747,296,9748,200,9749,250
1558169,NASDAQ-FSR,9559,50,9557,100,9555,150,9569,17,9571,250,9598,50
1558169,NASDAQ-GOLD,9690,50,9689,100,9688,150,9694,100,9695,200,9696,250
1558169,NASDAQ-HT,10938,18,10936,100,10934,150,10944,100,10946,150,10948,200
1558169,NASDAQ-INA,10719,20,10717,100,10715,150,10727,69,10729,200,10731,250
1558169,NASDAQ-KOTD,8495,138,8493,200,8491,250,8503,50,8505,100,8507,150
1558169,NASDAQ-NGUP,7624,20,7622,150,7620,200,7627,2,7630,50,7632,100
1558169,NASDAQ-SIMP,10013,17,10012,100,10011,150,10017,150,10018,200,10019,250
1558169,NASDAQ-ZITO,8089,150,8088,200,8087,250,8094,70,8095,150,8096,200
1558295,NASDAQ-CARD,10254,50,10253,100,10252,150,10256,50,10257,100,10258,150
1558295,NASDAQ-DLKV,10200,50,10198,100,10196,150,10204,50,10206,100,10208,150
1558295,NASDAQ-ETFB,11808,50,11806,100,11804,150,11812,47,11814,100,11816,150
1558295,NASDAQ-ETFB3,9779,99,9778,200,9777,250,9783,50,9784,100,9785,150
1558295,NASDAQ-FSR,9547,50,9545,100,9543,150,9553,100,9555,150,9557,200
1558295,NASDAQ-GOLD,9672,50,9671,100,9670,150,9676,80,9677,200,9678,250
1558295,NASDAQ-HT,10947,70,10945,150,10943,200,10953,50,10955,100,10957,150
1558295,NASDAQ-INA,10714,50,10712,100,10710,150,10718,50,10720,100,10722,150
1558295,NASDAQ-KOTD,8509,50,8507,100,8505,150,8513,50,8515,100,8517,150
1558295,NASDAQ-NGUP,7628,48,7626,100,7624,150,7632,50,7633,1,7634,100
1558295,NASDAQ-SIMP,10024,50,10023,100,10022,150,10026,50,10027,100,10028,150
1558295,NASDAQ-ZITO,8099,50,8098,150,8097,200,8102,50,8103,100,8104,150
1558536,NASDAQ-CARD,10273,29,10272,250,10009,20,10278,50,10279,100,10280,150
1558536,NASDAQ-DLKV,10174,50,10172,100,10170,150,10178,50,10180,100,10182,150
1558536,NASDAQ-ETFB,11818,70,11713,60,11693,10,11830,50,11832,100,11834,150
1558536,NASDAQ-ETFB3,9777,220,9729,25,9680,10,9783,50,9784,100,9785,150
1558536,NASDAQ-FSR,9522,50,9520,100,9518,150,9530,142,9532,200,9534,250
1558536,NASDAQ-GOLD,9648,50,9647,100,9646,150,9653,70,9654,250,9710,20
1558536,NASDAQ-HT,10942,50,10940,100,10938,150,10948,80,10950,150,10952,200
1558536,NASDAQ-INA,10704,50,10702,100,10700,150,10716,210,10766,20,10772,20
1558536,NASDAQ-KOTD,8514,50,8512,100,8510,150,8518,50,8520,100,8522,150
1558536,NASDAQ-NGUP,7617,50,7615,100,7613,150,7621,50,7623,100,7625,150
1558536,NASDAQ-SIMP,10031,154,10030,250,9987,33,10036,338,10037,100,10038,150
1558536,NASDAQ-ZITO,8090,50,8089,100,8088,150,8092,50,8093,100,8094,150
1558843,NASDAQ-CARD,10287,20,10286,100,10285,150,10289,50,10290,100,10291,150
1558843,NASDAQ-DLKV,10153,50,10152,20,10151,100,10157,50,10159,100,10161,150
1558843,NASDAQ-ETFB,11850,80,11848,150,11846,200,11856,50,11858,100,11860,150
1558843,NASDAQ-ETFB3,9778,164,9777,250,9729,25,9783,50,9784,100,9785,150
1558843,NASDAQ-FSR,9564,50,9562,100,9560,150,9568,50,9570,100,9572,150
1558843,NASDAQ-GOLD,9658,50,9657,150,9656,200,9661,50,9662,100,9663,150
1558843,NASDAQ-HT,10901,50,10899,100,10897,150,10907,50,10909,150,10911,200
1558843,NASDAQ-INA,10708,50,10706,150,10704,200,10716,73,10718,150,10720,200
1558843,NASDAQ-KOTD,8508,50,8506,100,8504,150,8510,20,8512,50,8513,10
1558843,NASDAQ-NGUP,7603,59,7601,100,7599,150,7607,50,7609,100,7611,150
1558843,NASDAQ-SIMP,9985,50,9984,100,9983,150,9987,17,9988,100,9989,150
1558843,NASDAQ-ZITO,8071,50,8070,100,8069,150,8073,50,8074,100,8075,150
1559125,NASDAQ-CARD,10214,50,10213,100,10212,150,10217,100,10218,150,10219,200
1559125,NASDAQ-DLKV,10134,50,10132,100,10130,150,10138,50,10140,100,10142,150
1559125,NASDAQ-ETFB,11844,249,11713,60,11693,10,11856,50,11858,100,11860,150
1559125,NASDAQ-ETFB3,9770,50,9769,100,9768,150,9772,50,9773,100,9774,150
1559125,NASDAQ-FSR,9579,50,9577,100,9575,150,9583,50,9585,100,9587,150
1559125,NASDAQ-GOLD,9610,50,9609,100,9608,150,9613,50,9614,150,9615,200
1559125,NASDAQ-HT,10916,10,10914,100,10912,150,10920,50,10922,100,10924,150
1559125,NASDAQ-INA,10723,70,10721,150,10719,200,10729,50,10731,100,10733,150
1559125,NASDAQ-KOTD,8499,50,8497,100,8495,150,8503,50,8505,100,8507,150
1559125,NASDAQ-NGUP,7599,50,7597,100,7595,150,7603,50,7605,100,7607,150
1559125,NASDAQ-SIMP,10019,200,10018,250,9987,160,10024,50,10025,100,10026,150
1559125,NASDAQ-ZITO,8069,37,8068,150,8067,200,8073,60,8074,150,8075,200
1559392,NASDAQ-CARD,10217,90,10216,150,10215,200,10218,20,10220,50,10221,100
1559392,NASDAQ-DLKV,10118,50,10116,100,10114,150,10122,30,10124,100,10126,150
1559392,NASDAQ-ETFB,11882,90,11880,150,11878,200,11888,50,11890,100,11892,150
1559392,NASDAQ-ETFB3,9797,150,9796,200,9795,250,9801,50,9802,100,9803,150
1559392,NASDAQ-FSR,9594,20,9592,100,9590,150,9598,100,9600,100,9602,150
1559392,NASDAQ-GOLD,9587,50,9586,100,9585,150,9590,1,9591,150,9592,200
1559392,NASDAQ-HT,10981,150,10979,200,10977,250,10989,50,10991,100,10993,150
1559392,NASDAQ-INA,10771,30,10769,150,10767,200,10777,50,10779,100,10781,150
1559392,NASDAQ-KOTD,8534,100,8533,87,8532,150,8539,50,8540,50,8541,100
1559392,NASDAQ-NGUP,7613,6,7611,150,7609,200,7616,10,7619,50,7621,100
1559392,NASDAQ-SIMP,10022,20,10020,288,9987,160,10036,14,10054,200,10058,50
1559392,NASDAQ-ZITO,8100,161,8099,250,8042,20,8105,50,8106,100,8107,150
1559663,NASDAQ-CARD,10228,50,10227,100,10226,150,10230,50,10231,100,10232,150
1559663,NASDAQ-DLKV,10128,50,10126,100,10124,150,10132,50,10133,20,10134,100
1559663,NASDAQ-ETFB,11876,153,11713,60,11693,10,11888,50,11890,100,11892,150
1559663,NASDAQ-ETFB3,9796,200,9795,250,9773,10,9801,50,9802,100,9803,150
1559663,NASDAQ-FSR,9593,50,9591,100,9589,150,9599,100,9601,150,9603,200
1559663,NASDAQ-GOLD,9557,50,9556,100,9555,150,9561,102,9562,200,9563,250
1559663,NASDAQ-HT,10976,50,10974,100,10972,150,10982,40,10984,150,10986,200
1559663,NASDAQ-INA,10718,50,10716,100,10714,150,10724,90,10726,150,10728,200
1559663,NASDAQ-KOTD,8533,140,8532,147,8531,350,8541,50,8543,100,8545,150
1559663,NASDAQ-NGUP,7600,50,7598,100,7596,150,7604,50,7606,100,7608,150
1559663,NASDAQ-SIMP,10022,166,10020,288,9987,160,10031,48,10032,250,10054,200
1559663,NASDAQ-ZITO,8091,50,8090,100,8089,150,8093,50,8094,100,8095,150
1559951,NASDAQ-CARD,10212,50,10211,100,10210,150,10286,10,10287,30,10292,30
1559951,NASDAQ-DLKV,10134,40,10132,100,10130,150,10138,50,10140,100,10142,150
1559951,NASDAQ-ETFB,11713,60,11693,10,11654,10,11890,50,11892,100,11894,150
1559951,NASDAQ-ETFB3,9796,40,9795,100,9794,150,9798,43,9799,100,9800,150
1559951,NASDAQ-FSR,9619,50,9617,100,9615,150,9623,50,9625,100,9627,150
1559951,NASDAQ-GOLD,9555,50,9554,100,9553,150,9561,20,9710,20,9807,20
1559951,NASDAQ-HT,10989,30,10987,100,10985,150,10993,50,10995,100,10997,150
1559951,NASDAQ-INA,10706,50,10704,100,10702,150,10712,45,10714,150,10716,200
1559951,NASDAQ-KOTD,8541,10,8539,150,8537,200,8547,50,8548,200,8549,100
1559951,NASDAQ-NGUP,7595,70,7593,100,7591,150,7599,44,7600,20,7601,100
1559951,NASDAQ-SIMP,10015,50,10014,100,10013,150,10017,50,10018,100,10019,150
1559951,NASDAQ-ZITO,8107,78,8106,250,8093,80,8109,110,8110,50,8111,100
1560194,NASDAQ-CARD,10440,40,10439,100,10438,150,10442,50,10443,100,10444,150
1560194,NASDAQ-DLKV,10128,50,10126,100,10124,170,10132,50,10134,100,10136,150
1560194,NASDAQ-ETFB,11876,47,11874,100,11872,150,11880,50,11882,100,11884,150
1560194,NASDAQ-ETFB3,9800,58,9799,200,9798,250,9804,50,9805,100,9806,150
1560194,NASDAQ-FSR,9624,50,9622,150,9620,200,9630,50,9632,100,9634,150
1560194,NASDAQ-GOLD,9497,50,9496,100,9495,150,9501,40,9502,200,9503,250
1560194,NASDAQ-HT,10958,50,10956,100,10954,150,10964,100,10966,150,10968,200
1560194,NASDAQ-INA,10700,50,10698,100,10696,150,10710,47,10712,250,10776,80
1560194,NASDAQ-KOTD,8552,100,8550,200,8548,250,8560,50,8562,100,8564,150
1560194,NASDAQ-NGUP,7595,126,7593,200,7591,250,7600,20,7603,50,7605,100
1560194,NASDAQ-SIMP,10017,90,10016,250,9987,160,10022,50,10023,100,10024,150
1560194,NASDAQ-ZITO,8125,70,8042,20,,,8131,50,8132,100,8133,150
1560441,NASDAQ-CARD,10438,140,10437,200,10436,250,10440,30,10443,100,10444,150
1560441,NASDAQ-DLKV,10132,30,10130,100,10128,150,10136,50,10138,100,10140,150
1560441,NASDAQ-ETFB,11870,249,11713,60,11712,60,11882,50,11884,100,11886,150
1560441,NASDAQ-ETFB3,9799,127,9798,250,9773,10,9804,50,9805,100,9806,150
1560441,NASDAQ-FSR,9600,10,9597,50,9595,100,9607,102,9609,250,9713,9
1560441,NASDAQ-GOLD,9505,50,9504,100,9503,150,9507,50,9508,100,9509,150
1560441,NASDAQ-HT,10934,50,10933,20,10932,100,10938,50,10940,100,10942,150
1560441,NASDAQ-INA,10694,50,10692,100,10690,150,10776,80,10918,17,10947,20
1560441,NASDAQ-KOTD,8532,197,8531,150,8530,300,8536,30,8538,100,8540,150
1560441,NASDAQ-NGUP,7593,100,7591,150,7589,220,7599,50,7600,20,7601,100
1560441,NASDAQ-SIMP,10015,100,10014,150,10013,200,10021,326,10022,250,10030,308
1560441,NASDAQ-ZITO,8114,50,8113,100,8112,150,8116,50,8117,100,8118,150
1560706,NASDAQ-CARD,10451,6,10450,100,10449,150,10453,50,10454,100,10455,150
1560706,NASDAQ-DLKV,10126,50,10124,100,10122,150,10130,50,10132,100,10134,150
1560706,NASDAQ-ETFB,11713,60,11712,60,11693,10,11883,50,11885,100,11887,150
1560706,NASDAQ-ETFB3,9798,23,9773,10,9772,100,9804,50,9805,100,9806,150
1560706,NASDAQ-FSR,9602,50,9600,110,9598,150,9612,150,9614,250,9713,9
1560706,NASDAQ-GOLD,9541,50,9540,100,9539,150,9543,50,9544,100,9545,150
1560706,NASDAQ-HT,10942,100,10940,150,10938,200,10948,50,10950,100,10952,150
1560706,NASDAQ-INA,10698,50,10696,100,10694,150,10702,50,10704,100,10706,150
1560706,NASDAQ-KOTD,8534,50,8532,247,8531,150,8538,50,8540,100,8542,150
1560706,NASDAQ-NGUP,7592,200,7590,250,7589,20,7600,16,7602,50,7604,100
1560706,NASDAQ-SIMP,10010,12,10009,100,10008,150,10015,140,10016,250,10020,36
1560706,NASDAQ-ZITO,8042,16,,,,,8123,50,8124,100,8125,150
1560977,NASDAQ-CARD,10314,50,10313,100,10312,150,10317,100,10318,150,10319,200
1560977,NASDAQ-DLKV,10144,30,10142,100,10140,150,10148,50,10150,100,10152,150
1560977,NASDAQ-ETFB,11879,50,11877,100,11875,150,11883,50,11885,100,11887,150
1560977,NASDAQ-ETFB3,9798,63,9797,200,9796,250,9802,50,9803,100,9804,150
1560977,NASDAQ-FSR,9593,50,9591,100,9589,150,9601,130,9603,200,9605,250
1560977,NASDAQ-GOLD,9571,50,9570,100,9569,150,9573,50,9574,100,9575,150
1560977,NASDAQ-HT,10911,50,10909,100,10907,150,10917,80,10919,150,10921,200
1560977,NASDAQ-INA,10677,50,10675,100,10673,150,10687,88,10689,250,10776,80
1560977,NASDAQ-KOTD,8528,197,8527,20,8526,20,9169,20,9306,20,9340,20
1560977,NASDAQ-NGUP,7586,10,7581,50,7579,100,7587,100,7589,150,7591,200
1560977,NASDAQ-SIMP,9978,40,9970,20,9959,11,10027,50,10028,100,10029,150
1560977,NASDAQ-ZITO,8136,50,8135,100,8134,150,8138,50,8139,100,8140,150
1561289,NASDAQ-CARD,10286,100,10284,50,10283,100,10287,100,10288,150,10289,200
1561289,NASDAQ-DLKV,10080,50,10078,100,10076,150,10084,50,10086,100,10088,150
1561289,NASDAQ-ETFB,11878,61,11873,109,11871,250,11879,293,11883,50,11885,100
1561289,NASDAQ-ETFB3,9793,50,9792,100,9791,150,9796,59,9797,150,9798,404
1561289,NASDAQ-FSR,9577,50,9575,100,9573,170,9589,42,9713,9,9746,10
1561289,NASDAQ-GOLD,9593,50,9592,100,9591,150,9595,50,9596,100,9597,150
1561289,NASDAQ-HT,10933,107,10931,200,10929,250,10941,50,10943,100,10945,150
1561289,NASDAQ-INA,10653,50,10651,100,10649,150,10665,113,10677,41,10776,80
1561289,NASDAQ-KOTD,8472,50,8470,100,8468,150,8476,30,8478,100,8480,150
1561289,NASDAQ-NGUP,7559,50,7557,100,7555,150,7563,50,7565,100,7567,150
1561289,NASDAQ-SIMP,10011,79,10010,150,10009,200,10017,177,10018,250,10054,200
1561289,NASDAQ-ZITO,8112,50,8111,100,8110,150,8114,50,8115,100,8116,150
1561636,NASDAQ-CARD,10287,85,10286,250,10285,200,10290,50,10291,100,10292,150
1561636,NASDAQ-DLKV,10100,50,10098,100,10096,150,10104,50,10106,100,10108,150
1561636,NASDAQ-ETFB,11875,60,11873,200,11871,250,11879,181,11880,70,11883,50
1561636,NASDAQ-ETFB3,9789,50,9788,100,9787,150,9793,100,9794,200,9795,250
1561636,NASDAQ-FSR,9594,50,9592,100,9590,150,9598,50,9600,100,9602,150
1561636,NASDAQ-GOLD,9548,50,9547,100,9546,150,9553,93,9554,250,9710,20
1561636,NASDAQ-HT,10944,12,10942,150,10940,200,10950,50,10952,100,10954,150
1561636,NASDAQ-INA,10621,50,10619,100,10617,150,10627,28,10629,150,10631,200
1561636,NASDAQ-KOTD,8488,50,8486,100,8484,150,8492,50,8494,100,8496,150
1561636,NASDAQ-NGUP,7537,50,7535,100,7534,20,7541,10,7543,100,7545,150
1561636,NASDAQ-SIMP,10034,36,10033,250,10012,57,10039,50,10040,100,10041,150
1561636,NASDAQ-ZITO,8138,199,8137,250,8114,80,8143,50,8144,100,8145,150
1561935,NASDAQ-CARD,10292,34,10291,100,10290,150,10297,200,10298,250,10324,20
1561935,NASDAQ-DLKV,10065,20,10060,50,10058,100,10068,121,10070,200,10072,250
1561935,NASDAQ-ETFB,11881,106,11879,250,11874,70,11891,50,11893,100,11895,150
1561935,NASDAQ-ETFB3,9773,10,9772,100,9729,25,9798,229,9799,50,9800,100
1561935,NASDAQ-FSR,9546,50,9544,100,9542,150,9552,90,9554,150,9556,200
1561935,NASDAQ-GOLD,9555,50,9554,100,9553,150,9560,200,9561,250,9710,12
1561935,NASDAQ-HT,10921,50,10919,100,10917,150,10927,100,10929,150,10931,200
1561935,NASDAQ-INA,10603,50,10601,100,10599,150,10607,41,10609,100,10611,150
1561935,NASDAQ-KOTD,8452,50,8450,120,8448,150,8458,90,8460,150,8462,200
1561935,NASDAQ-NGUP,7517,50,7515,100,7513,150,7521,20,7523,100,7525,150
1561935,NASDAQ-SIMP,10022,193,10012,201,9979,144,10031,140,10032,250,10034,50
1561935,NASDAQ-ZITO,8137,50,8136,100,8135,150,8139,10,8140,100,8141,150
1562241,NASDAQ-CARD,10519,50,10518,100,10517,150,10521,50,10522,180,10523,150
1562241,NASDAQ-DLKV,10078,30,10076,100,10074,150,10082,50,10084,100,10086,150
1562241,NASDAQ-ETFB,11885,84,11883,150,11881,200,11893,100,11895,150,11897,200
1562241,NASDAQ-ETFB3,9786,54,9785,200,9784,250,9793,169,9794,250,9798,229
1562241,NASDAQ-FSR,9566,50,9564,100,9562,150,9570,50,9572,100,9574,150
1562241,NASDAQ-GOLD,9549,50,9548,100,9547,150,9555,242,9710,12,9807,20
1562241,NASDAQ-HT,10926,50,10924,100,10922,150,10930,30,10932,100,10934,150
1562241,NASDAQ-INA,10615,150,10613,250,10564,10,10625,50,10627,100,10629,150
1562241,NASDAQ-KOTD,8430,50,8428,100,8426,150,8434,26,8436,100,8438,150
1562241,NASDAQ-NGUP,7534,25,7532,100,7530,150,7538,50,7540,100,7542,150
1562241,NASDAQ-SIMP,9991,50,9990,100,9989,150,9997,49,10030,144,10033,10
1562241,NASDAQ-ZITO,8148,62,8147,250,8139,40,8153,50,8154,100,8155,150
1562540,NASDAQ-CARD,10539,118,10538,200,10537,250,10543,50,10544,100,10545,150
1562540,NASDAQ-DLKV,10099,50,10097,100,10095,150,10103,50,10105,100,10107,150
1562540,NASDAQ-ETFB,11856,50,11854,100,11852,150,11862,50,11864,150,11866,200
1562540,NASDAQ-ETFB3,9785,19,9784,250,9773,10,9793,31,9794,250,9798,229
1562540,NASDAQ-FSR,9548,50,9546,100,9544,150,9558,80,9560,250,9713,9
1562540,NASDAQ-GOLD,9551,50,9550,150,9549,200,9556,125,9557,200,9558,250
1562540,NASDAQ-HT,10961,100,10959,150,10957,200,10966,11,10967,50,10969,100
1562540,NASDAQ-INA,10639,150,10637,200,10635,250,10647,50,10649,100,10651,150
1562540,NASDAQ-KOTD,8453,20,8451,100,8449,150,8457,50,8459,100,8461,150
1562540,NASDAQ-NGUP,7501,50,7499,100,7497,150,7507,85,7509,150,7511,200
1562540,NASDAQ-SIMP,9998,63,9979,144,9978,31,10007,177,10008,250,10030,288
1562540,NASDAQ-ZITO,8173,85,8172,150,8171,200,8176,50,8177,100,8178,150
1562865,NASDAQ-CARD,10546,70,10545,200,10544,250,10550,50,10551,100,10552,150
1562865,NASDAQ-DLKV,10127,1,10125,100,10123,150,10131,50,10133,100,10135,150
1562865,NASDAQ-ETFB,11832,50,11830,100,11828,150,11836,50,11838,100,11840,150
1562865,NASDAQ-ETFB3,9783,12,9782,200,9781,250,9870,31,9920,32,10083,25
1562865,NASDAQ-FSR,9593,50,9591,100,9589,150,9597,50,9599,100,9601,150
1562865,NASDAQ-GOLD,9530,50,9529,140,9528,150,9710,12,9807,20,9846,10
1562865,NASDAQ-HT,10954,50,10952,100,10950,150,10958,14,10960,100,10962,150
1562865,NASDAQ-INA,10661,25,10659,250,10564,10,10671,50,10673,100,10675,150
1562865,NASDAQ-KOTD,8459,35,8457,220,8455,200,8465,50,8467,100,8469,150
1562865,NASDAQ-NGUP,7536,50,7534,100,7532,150,7538,1,7540,50,7542,100
1562865,NASDAQ-SIMP,10000,113,9999,250,9992,144,10008,140,10009,250,10030,288
1562865,NASDAQ-ZITO,8177,210,8139,40,8134,20,8183,50,8184,100,8185,150
1563004,NASDAQ-CARD,10540,36,10297,80,10293,72,10699,1,10726,55,10846,50
1563004,NASDAQ-DLKV,10127,50,10125,100,10123,150,10131,46,10133,100,10135,150
1563004,NASDAQ-ETFB,11830,100,11828,150,11826,200,11836,50,11838,100,11840,150
1563004,NASDAQ-ETFB3,9785,43,9784,100,9783,150,9787,50,9788,100,9789,150
1563004,NASDAQ-FSR,9578,50,9576,100,9574,150,9582,50,9584,100,9586,150
1563004,NASDAQ-GOLD,9551,50,9550,100,9549,150,9553,50,9554,100,9555,150
1563004,NASDAQ-HT,10975,59,10973,150,10971,200,10981,50,10983,100,10984,11
1563004,NASDAQ-INA,10681,50,10679,100,10677,150,10685,50,10687,100,10689,150
1563004,NASDAQ-KOTD,8458,50,8457,70,8456,100,8462,46,8464,100,8466,150
1563004,NASDAQ-NGUP,7535,50,7533,100,7531,150,7538,1,7539,50,7541,100
1563004,NASDAQ-SIMP,10015,50,10014,100,10013,150,10017,50,10018,100,10019,150
1563004,NASDAQ-ZITO,8168,50,8167,100,8166,150,8170,50,8171,100,8172,150
1563248,NASDAQ-CARD,10870,92,10869,200,10868,250,10874,50,10875,100,10876,150
1563248,NASDAQ-DLKV,10126,6,10124,100,10122,150,10130,44,10132,100,10134,150
1563248,NASDAQ-ETFB,11830,20,11828,150,11826,200,11836,50,11838,100,11840,150
1563248,NASDAQ-ETFB3,9789,40,9788,100,9787,150,9791,50,9792,100,9793,150
1563248,NASDAQ-FSR,9591,50,9589,100,9587,150,9595,50,9597,100,9599,150
1563248,NASDAQ-GOLD,9521,50,9520,100,9519,150,9524,74,9525,150,9526,200
1563248,NASDAQ-HT,10973,50,10971,100,10969,150,10977,40,10979,100,10981,150
1563248,NASDAQ-INA,10679,100,10677,150,10675,200,10687,100,10689,150,10691,200
1563248,NASDAQ-KOTD,8447,50,8445,100,8443,150,8451,50,8453,100,8455,150
1563248,NASDAQ-NGUP,7541,20,7539,100,7537,150,7545,50,7547,100,7549,150
1563248,NASDAQ-SIMP,9992,194,9991,100,9990,150,9996,48,9997,200,9998,250
1563248,NASDAQ-ZITO,8159,50,8158,100,8157,150,8161,30,8162,100,8163,150
1563509,NASDAQ-CARD,10883,6,10882,120,10881,150,10885,266,10886,100,10887,150
1563509,NASDAQ-DLKV,10128,42,10126,100,10124,150,10132,50,10134,100,10136,150
1563509,NASDAQ-ETFB,11828,120,11826,200,11824,250,11836,50,11838,100,11840,150
1563509,NASDAQ-ETFB3,9738,50,9737,100,9736,150,9741,40,9742,150,9743,200
1563509,NASDAQ-FSR,9589,30,9587,100,9585,150,9597,150,9599,200,9601,250
1563509,NASDAQ-GOLD,9511,50,9510,100,9509,150,9514,51,9515,150,9516,200
1563509,NASDAQ-HT,10977,30,10975,100,10973,150,10981,30,10983,100,10985,150
1563509,NASDAQ-INA,10692,30,10690,100,10688,150,10696,50,10698,100,10700,150
1563509,NASDAQ-KOTD,8439,70,8437,100,8435,150,8441,20,8443,50,8445,100
1563509,NASDAQ-NGUP,7507,50,7504,50,7502,100,7508,30,7510,100,7512,150
1563509,NASDAQ-SIMP,9989,50,9988,100,9987,150,9993,116,9994,200,9995,538
1563509,NASDAQ-ZITO,8148,50,8147,100,8146,150,8150,50,8151,100,8152,150
1563780,NASDAQ-CARD,10849,50,10848,100,10847,150,10851,50,10852,100,10853,150
1563780,NASDAQ-DLKV,10122,50,10120,100,10118,150,10126,50,10128,100,10130,150
1563780,NASDAQ-ETFB,11755,50,11753,100,11751,150,11759,50,11761,100,11763,150
1563780,NASDAQ-ETFB3,9746,7,9745,100,9744,150,9748,50,9749,100,9750,150
1563780,NASDAQ-FSR,9573,50,9571,100,9569,150,9577,32,9579,100,9581,150
1563780,NASDAQ-GOLD,9535,90,9534,150,9533,200,9538,50,9539,100,9540,150
1563780,NASDAQ-HT,10956,50,10954,100,10952,150,10960,50,10962,100,10964,150
1563780,NASDAQ-INA,10686,50,10684,100,10682,150,10692,77,10694,150,10696,200
1563780,NASDAQ-KOTD,8469,82,8467,150,8465,200,8475,50,8477,100,8479,150
1563780,NASDAQ-NGUP,7515,50,7513,100,7511,150,7519,50,7521,100,7523,150
1563780,NASDAQ-SIMP,9979,8,9978,31,9976,50,9980,6,9981,200,9982,250
1563780,NASDAQ-ZITO,8166,80,8165,200,8164,250,8170,50,8171,100,8172,150
1564102,NASDAQ-CARD,10599,50,10598,100,10597,150,10603,40,10604,200,10605,250
1564102,NASDAQ-DLKV,10110,50,10108,100,10106,150,10116,80,10118,150,10120,200
1564102,NASDAQ-ETFB,11738,50,11736,100,11734,150,11748,126,11750,250,,
1564102,NASDAQ-ETFB3,9708,50,9707,100,9706,150,9710,25,9711,100,9712,150
1564102,NASDAQ-FSR,9594,90,9592,150,9590,200,9600,50,9602,100,9604,150
1564102,NASDAQ-GOLD,9550,90,9549,150,9548,200,9553,50,9554,100,9555,150
1564102,NASDAQ-HT,10960,100,10958,150,10956,200,10966,50,10968,100,10970,150
1564102,NASDAQ-INA,10667,50,10665,100,10663,150,10675,52,10677,200,10679,250
1564102,NASDAQ-KOTD,8437,50,8435,100,8433,150,8441,50,8443,100,8445,150
1564102,NASDAQ-NGUP,7530,50,7528,100,7526,150,7534,70,7536,100,7538,150
1564102,NASDAQ-SIMP,9997,34,9970,20,9959,11,10003,50,10004,100,10005,150
1564102,NASDAQ-ZITO,8135,50,8134,120,8133,150,8137,30,8138,100,8139,150
1564338,NASDAQ-CARD,10619,14,10618,100,10617,150,10621,50,10622,100,10623,150
1564338,NASDAQ-DLKV,10110,50,10108,100,10106,150,10114,50,10116,100,10118,150
1564338,NASDAQ-ETFB,11736,100,11734,150,11732,200,,,,,,
1564338,NASDAQ-ETFB3,9708,50,9707,100,9706,150,9789,25,9870,31,9920,32
1564338,NASDAQ-FSR,9618,50,9616,100,9614,150,9622,50,9624,100,9626,150
1564338,NASDAQ-GOLD,9546,50,9545,100,9544,150,9551,64,9552,250,9691,20
1564338,NASDAQ-HT,10979,81,10977,150,10975,200,10985,50,10987,100,10989,150
1564338,NASDAQ-INA,10663,50,10661,100,10659,150,10673,118,10675,250,10918,17
1564338,NASDAQ-KOTD,8445,21,8443,100,8441,150,8449,50,8451,100,8453,150
1564338,NASDAQ-NGUP,7518,50,7516,100,7514,150,7522,50,7524,100,7526,150
1564338,NASDAQ-SIMP,9977,85,9976,150,9975,200,9982,132,9983,200,9984,250
1564338,NASDAQ-ZITO,8155,150,8154,200,8153,250,8159,50,8160,100,8161,150
1564567,NASDAQ-CARD,10612,20,10611,50,10610,100,10615,129,10616,200,10617,250
1564567,NASDAQ-DLKV,10150,50,10148,100,10146,150,10154,50,10156,100,10158,150
1564567,NASDAQ-ETFB,11724,50,11722,100,11720,150,11730,10,11732,150,11734,200
1564567,NASDAQ-ETFB3,9721,26,9720,100,9719,150,9723,50,9724,100,9725,150
1564567,NASDAQ-FSR,9611,50,9609,100,9607,150,9615,18,9617,100,9619,150
1564567,NASDAQ-GOLD,9567,50,9566,100,9565,150,9569,50,9570,100,9571,150
1564567,NASDAQ-HT,10986,50,10984,100,10982,150,10990,50,10992,100,10994,150
1564567,NASDAQ-INA,10673,50,10671,150,10669,200,10679,50,10681,100,10683,150
1564567,NASDAQ-KOTD,8437,20,8436,50,8434,100,8442,70,8444,150,8446,200
1564567,NASDAQ-NGUP,7510,50,7509,20,7508,150,7518,150,7520,200,7522,250
1564567,NASDAQ-SIMP,9997,100,9996,250,9970,20,10002,86,10003,100,10004,150
1564567,NASDAQ-ZITO,8156,50,8155,100,8154,150,8158,50,8159,100,8160,150
1564678,NASDAQ-CARD,10612,53,10611,100,10610,150,10614,35,10615,100,10616,150
1564678,NASDAQ-DLKV,10101,50,10099,100,10098,20,10105,30,10107,100,10109,150
1564678,NASDAQ-ETFB,11734,50,11732,100,11730,150,11738,50,11740,100,11742,150
1564678,NASDAQ-ETFB3,9721,50,9720,100,9719,150,9723,50,9724,100,9725,150
1564678,NASDAQ-FSR,9633,93,9631,150,9629,200,9639,50,9641,100,9643,150
1564678,NASDAQ-GOLD,9577,50,9576,100,9575,150,9579,50,9580,100,9581,150
1564678,NASDAQ-HT,10989,50,10987,100,10985,150,10993,50,10995,119,10997,150
1564678,NASDAQ-INA,10682,25,10680,100,10678,150,10686,50,10688,100,10690,150
1564678,NASDAQ-KOTD,8451,50,8449,100,8447,150,8455,50,8457,100,8459,150
1564678,NASDAQ-NGUP,7504,20,7499,50,7497,100,7505,30,7507,150,7509,200
1564678,NASDAQ-SIMP,10016,95,10015,150,10014,200,10019,50,10020,100,10021,150
1564678,NASDAQ-ZITO,8150,50,8149,100,8148,150,8152,50,8153,100,8154,150
1564929,NASDAQ-CARD,10614,50,10613,208,10612,150,10616,50,10617,100,10618,150
1564929,NASDAQ-DLKV,10126,43,10124,100,10122,150,10130,50,10132,100,10134,150
1564929,NASDAQ-ETFB,11732,100,11730,150,11728,200,11740,100,11742,150,11744,200
1564929,NASDAQ-ETFB3,9735,50,9734,100,9733,150,9737,50,9738,100,9739,150
1564929,NASDAQ-FSR,9618,50,9616,110,9614,150,9622,50,9624,100,9626,150
1564929,NASDAQ-GOLD,9575,50,9574,100,9573,150,9580,200,9581,250,9691,20
1564929,NASDAQ-HT,10963,50,10961,100,10959,150,10967,50,10969,100,10971,150
1564929,NASDAQ-INA,10661,50,10659,100,10657,150,10665,25,10667,100,10669,150
1564929,NASDAQ-KOTD,8442,50,8440,100,8438,150,8446,50,8448,100,8450,150
1564929,NASDAQ-NGUP,7497,50,7495,100,7493,150,7503,58,7505,150,7507,200
1564929,NASDAQ-SIMP,10003,40,10002,100,10001,150,10005,25,10006,100,10007,150
1564929,NASDAQ-ZITO,8122,50,8121,100,8120,150,8125,50,8126,150,8127,200
1565229,NASDAQ-CARD,10670,50,10669,100,10668,150,10672,50,10673,100,10674,150
1565229,NASDAQ-DLKV,10122,80,10120,150,10118,200,10128,50,10130,120,10132,150
1565229,NASDAQ-ETFB,11742,200,11713,60,11712,60,11754,50,11756,100,11758,150
1565229,NASDAQ-ETFB3,9732,190,9731,250,9723,67,9735,50,9738,100,9739,150
1565229,NASDAQ-FSR,9641,150,9639,200,9637,250,9649,50,9651,100,9653,150
1565229,NASDAQ-GOLD,9607,200,9606,250,9543,20,9612,50,9613,100,9614,150
1565229,NASDAQ-HT,10945,50,10943,100,10941,150,10949,50,10951,100,10953,150
1565229,NASDAQ-INA,10649,50,10647,100,10645,150,10659,200,10661,250,10918,17
1565229,NASDAQ-KOTD,8442,100,8440,150,8438,200,8448,50,8450,100,8452,150
1565229,NASDAQ-NGUP,7482,20,7479,50,7477,100,7485,87,7487,150,7489,200
1565229,NASDAQ-SIMP,9990,50,9989,100,9988,150,9996,180,10018,144,10030,288
1565229,NASDAQ-ZITO,8116,50,8115,100,8114,150,8119,70,8120,150,8121,200
1565531,NASDAQ-CARD,10662,50,10661,100,10660,150,10664,50,10665,100,10666,150
1565531,NASDAQ-DLKV,10154,30,10152,100,10150,150,10158,50,10160,100,10162,150
1565531,NASDAQ-ETFB,11758,92,11713,60,11712,60,11770,50,11772,100,11774,150
1565531,NASDAQ-ETFB3,9752,59,9751,250,9723,67,9757,50,9758,100,9759,150
1565531,NASDAQ-FSR,9620,50,9618,100,9616,160,9626,100,9628,150,9630,200
1565531,NASDAQ-GOLD,9576,50,9575,100,9574,150,9578,50,9579,100,9580,150
1565531,NASDAQ-HT,10953,50,10951,100,10949,150,10957,50,10959,100,10961,150
1565531,NASDAQ-INA,10681,50,10679,150,10677,200,10687,50,10689,100,10691,150
1565531,NASDAQ-KOTD,8463,23,8461,100,8459,150,8465,20,8467,50,8469,100
1565531,NASDAQ-NGUP,7488,50,7486,100,7485,50,7492,50,7494,100,7496,150
1565531,NASDAQ-SIMP,10006,100,10005,200,10004,250,10010,50,10011,100,10012,150
1565531,NASDAQ-ZITO,8120,100,8119,230,8118,200,8123,50,8124,100,8125,150
1565817,NASDAQ-CARD,10686,50,10685,150,10684,200,10689,50,10690,100,10691,150
1565817,NASDAQ-DLKV,10163,50,10161,100,10159,150,10167,50,10169,100,10171,150
1565817,NASDAQ-ETFB,11788,50,11786,100,11784,150,11792,50,11794,100,11796,150
1565817,NASDAQ-ETFB3,9752,50,9751,100,9750,150,9754,43,9755,100,9756,150
1565817,NASDAQ-FSR,9616,60,9614,100,9612,150,9622,100,9624,150,9626,200
1565817,NASDAQ-GOLD,9567,50,9566,100,9565,150,9570,50,9571,150,9572,200
1565817,NASDAQ-HT,10968,20,10965,50,10963,100,10969,50,10971,100,10973,150
1565817,NASDAQ-INA,10688,43,10686,100,10684,150,10692,50,10694,100,10696,150
1565817,NASDAQ-KOTD,8447,50,8445,100,8443,150,8451,50,8453,100,8455,150
1565817,NASDAQ-NGUP,7479,50,7477,100,7475,150,7483,25,7485,100,7487,150
1565817,NASDAQ-SIMP,9991,83,9990,50,9989,100,9992,25,9993,100,9994,150
1565817,NASDAQ-ZITO,8131,75,8130,150,8129,200,8134,50,8135,100,8136,150
1566069,NASDAQ-CARD,10408,50,10407,100,10406,150,10412,70,10413,200,10414,250
1566069,NASDAQ-DLKV,10147,50,10145,100,10143,150,10151,30,10153,100,10155,150
1566069,NASDAQ-ETFB,11767,50,11765,100,11763,150,11771,50,11773,100,11775,150
1566069,NASDAQ-ETFB3,9751,50,9750,100,9749,150,9753,50,9754,100,9755,150
1566069,NASDAQ-FSR,9636,50,9634,100,9632,150,9640,43,9642,100,9644,150
1566069,NASDAQ-GOLD,9575,50,9574,100,9573,150,9577,50,9578,100,9579,150
1566069,NASDAQ-HT,10954,50,10952,100,10950,150,10958,30,10960,100,10962,150
1566069,NASDAQ-INA,10690,50,10688,150,10686,200,10696,50,10698,100,10700,150
1566069,NASDAQ-KOTD,8466,30,8464,100,8462,150,8470,50,8472,100,8474,150
1566069,NASDAQ-NGUP,7477,50,7475,100,7473,150,7483,28,7485,150,7487,200
1566069,NASDAQ-SIMP,10016,80,10015,150,10014,200,10018,144,10019,50,10020,100
1566069,NASDAQ-ZITO,8150,44,8149,100,8148,150,8152,50,8153,100,8154,150
1566214,NASDAQ-CARD,10411,34,10410,150,10409,200,10414,50,10415,100,10416,150
1566214,NASDAQ-DLKV,10165,50,10163,100,10161,150,10169,50,10171,100,10173,150
1566214,NASDAQ-ETFB,11767,50,11765,100,11763,150,11771,50,11773,100,11775,150
1566214,NASDAQ-ETFB3,9751,50,9750,100,9749,150,9753,50,9754,100,9755,150
1566214,NASDAQ-FSR,9636,50,9634,100,9632,150,9640,50,9642,100,9644,150
1566214,NASDAQ-GOLD,9593,50,9592,100,9591,150,9595,50,9596,100,9597,150
1566214,NASDAQ-HT,10968,50,10966,100,10964,150,10972,50,10974,100,10976,150
1566214,NASDAQ-INA,10708,50,10706,100,10704,150,10712,50,10714,100,10716,150
1566214,NASDAQ-KOTD,8455,50,8453,100,8451,150,8459,50,8461,100,8463,150
1566214,NASDAQ-NGUP,7463,50,7461,100,7459,150,7467,30,7469,100,7471,150
1566214,NASDAQ-SIMP,9983,50,9982,100,9981,150,9987,117,9988,200,9989,250
1566214,NASDAQ-ZITO,8136,50,8135,100,8134,180,8138,50,8139,100,8140,150
1566500,NASDAQ-CARD,10398,50,10397,100,10396,150,10402,92,10403,200,10404,250
1566500,NASDAQ-DLKV,10196,30,10194,100,10192,150,10200,50,10202,100,10204,150
1566500,NASDAQ-ETFB,11767,50,11765,100,11763,150,11779,4,,,,
1566500,NASDAQ-ETFB3,9742,50,9741,100,9740,150,9744,4,9745,100,9746,150
1566500,NASDAQ-FSR,9649,50,9647,200,9645,250,9657,50,9659,100,9661,150
1566500,NASDAQ-GOLD,9582,50,9581,100,9580,150,9584,40,9585,100,9586,150
1566500,NASDAQ-HT,10954,50,10952,100,10950,150,10960,20,10962,150,10964,200
1566500,NASDAQ-INA,10732,18,10730,150,10728,200,10738,50,10740,100,10742,150
1566500,NASDAQ-KOTD,8451,50,8449,100,8447,150,8457,50,8459,150,8461,200
1566500,NASDAQ-NGUP,7477,90,7475,150,7473,200,7483,50,7485,100,7487,150
1566500,NASDAQ-SIMP,10010,42,10009,150,10008,200,10013,50,10014,100,10015,150
1566500,NASDAQ-ZITO,8133,50,8132,100,8131,150,8135,50,8136,100,8137,150
1566842,NASDAQ-CARD,10409,50,10408,170,10407,200,10412,50,10413,100,10414,150
1566842,NASDAQ-DLKV,10187,50,10185,100,10183,150,10193,100,10195,150,10197,200
1566842,NASDAQ-ETFB,11777,50,11775,100,11773,150,11781,50,11783,100,11785,150
1566842,NASDAQ-ETFB3,9756,22,9755,100,9754,150,9758,50,9759,100,9760,150
1566842,NASDAQ-FSR,9605,20,9589,20,9586,20,9665,50,9667,100,9669,150
1566842,NASDAQ-GOLD,9573,50,9572,100,9571,150,9575,25,9576,100,9577,150
1566842,NASDAQ-HT,10956,100,10954,150,10952,200,10962,50,10964,100,10966,150
1566842,NASDAQ-INA,10722,50,10720,100,10718,150,10728,35,10730,150,10732,200
1566842,NASDAQ-KOTD,8423,100,8420,50,8418,100,8426,70,8428,150,8430,200
1566842,NASDAQ-NGUP,7475,50,7473,100,7471,150,7499,2,7526,3,7534,20
1566842,NASDAQ-SIMP,10002,50,10001,100,10000,150,10006,112,10007,200,10008,250
1566842,NASDAQ-ZITO,8139,150,8138,200,8137,250,8143,50,8144,100,8145,150
1567100,NASDAQ-CARD,10242,50,10241,100,10240,150,10245,100,10246,150,10247,200
1567100,NASDAQ-DLKV,10198,50,10196,100,10194,150,10202,50,10204,100,10206,150
1567100,NASDAQ-ETFB,11773,150,11771,200,11769,250,11789,250,,,,
1567100,NASDAQ-ETFB3,9754,115,9753,200,9752,250,9761,40,9762,250,9789,25
1567100,NASDAQ-FSR,9605,20,9602,50,9600,100,9608,75,9610,150,9612,200
1567100,NASDAQ-GOLD,9561,50,9560,100,9559,150,9564,75,9565,150,9566,200
1567100,NASDAQ-HT,10946,50,10944,100,10942,150,10952,55,10954,150,10956,200
1567100,NASDAQ-INA,10736,82,10734,150,10732,200,10742,50,10744,100,10746,150
1567100,NASDAQ-KOTD,8441,50,8439,100,8437,150,8445,50,8447,100,8449,150
1567100,NASDAQ-NGUP,7483,50,7481,100,7479,150,7487,48,7489,100,7491,150
1567100,NASDAQ-SIMP,10013,85,9987,80,9986,20,10018,144,10019,50,10020,100
1567100,NASDAQ-ZITO,8135,40,8134,100,8133,150,8137,50,8138,100,8139,150
1567398,NASDAQ-CARD,10258,74,10257,150,10256,200,10261,10,10262,100,10263,150
1567398,NASDAQ-DLKV,10221,50,10219,100,10217,150,10225,50,10227,100,10229,150
1567398,NASDAQ-ETFB,11773,63,11771,200,11769,250,11787,159,11789,250,,
1567398,NASDAQ-ETFB3,9757,17,9756,100,9755,150,9762,200,9763,250,9789,25
1567398,NASDAQ-FSR,9634,100,9632,150,9630,200,9640,30,9642,100,9644,150
1567398,NASDAQ-GOLD,9557,30,9556,100,9555,150,9560,75,9561,150,9562,200
1567398,NASDAQ-HT,10979,100,10977,150,10975,200,10985,50,10987,100,10989,150
1567398,NASDAQ-INA,10724,20,10722,100,10720,150,10730,74,10732,150,10734,200
1567398,NASDAQ-KOTD,8440,100,8438,150,8436,200,8446,50,8448,100,8450,150
1567398,NASDAQ-NGUP,7497,20,7495,100,7493,150,7501,50,7503,100,7505,150
1567398,NASDAQ-SIMP,9987,80,9986,20,9970,20,10024,50,10025,100,10026,150
1567398,NASDAQ-ZITO,8140,10,8139,100,8138,150,8142,50,8143,100,8144,150
1567682,NASDAQ-CARD,10223,50,10222,100,10221,150,10228,181,10229,250,10257,10
1567682,NASDAQ-DLKV,10214,50,10212,100,10210,150,10218,25,10220,100,10222,150
1567682,NASDAQ-ETFB,11789,50,11787,100,11785,150,11793,50,11795,100,11797,150
1567682,NASDAQ-ETFB3,9746,50,9745,100,9744,192,9751,199,9752,250,9789,25
1567682,NASDAQ-FSR,9680,100,9678,150,9676,200,9686,50,9688,100,9690,150
1567682,NASDAQ-GOLD,9549,50,9548,100,9547,150,9551,25,9552,100,9553,150
1567682,NASDAQ-HT,10939,50,10937,100,10935,150,10943,50,10945,100,10947,150
1567682,NASDAQ-INA,10694,50,10692,100,10691,20,10700,58,10702,150,10704,200
1567682,NASDAQ-KOTD,8436,50,8434,100,8432,150,8442,75,8444,150,8446,200
1567682,NASDAQ-NGUP,7513,30,7511,100,7509,150,7517,50,7519,100,7521,150
1567682,NASDAQ-SIMP,10050,163,10014,36,9988,36,10054,200,10056,50,10057,100
1567682,NASDAQ-ZITO,8126,50,8125,120,8124,150,8128,50,8129,100,8130,150
1567971,NASDAQ-CARD,10076,92,10075,150,10074,200,10257,10,10258,30,10260,216
1567971,NASDAQ-DLKV,10226,50,10224,150,10222,200,10232,50,10234,100,10236,150
1567971,NASDAQ-ETFB,11781,250,11713,60,11712,60,11799,188,11801,250,,
1567971,NASDAQ-ETFB3,9744,22,9723,25,9680,10,9771,50,9772,100,9773,150
1567971,NASDAQ-FSR,9651,60,9649,100,9647,150,9659,150,9661,200,9663,250
1567971,NASDAQ-GOLD,9566,50,9565,200,9564,250,9570,50,9571,100,9572,150
1567971,NASDAQ-HT,10965,50,10963,150,10961,200,10971,50,10973,100,10975,150
1567971,NASDAQ-INA,10677,50,10675,100,10673,150,10683,5,10685,150,10687,200
1567971,NASDAQ-KOTD,8430,50,8428,120,8426,150,8436,83,8438,150,8440,200
1567971,NASDAQ-NGUP,7476,200,7474,250,7457,20,7486,48,7488,100,7490,150
1567971,NASDAQ-SIMP,10038,110,10037,200,10036,250,10044,110,10045,200,10046,250
1567971,NASDAQ-ZITO,8139,50,8138,100,8137,150,8141,50,8142,100,8143,150
1568282,NASDAQ-CARD,10087,30,10086,150,10085,200,10093,101,10094,250,10223,30
1568282,NASDAQ-DLKV,10153,50,10151,100,10149,170,10161,98,10163,200,10165,250
1568282,NASDAQ-ETFB,11819,50,11817,100,11815,150,11823,50,11825,100,11827,150
1568282,NASDAQ-ETFB3,9769,28,9768,100,9767,150,9772,100,9773,150,9774,200
1568282,NASDAQ-FSR,9644,50,9642,100,9640,150,9656,220,9713,9,9746,10
1568282,NASDAQ-GOLD,9574,30,9573,200,9572,250,9578,50,9579,100,9580,150
1568282,NASDAQ-HT,10956,50,10954,100,10952,150,10960,50,10962,100,10964,150
1568282,NASDAQ-INA,10672,50,10670,100,10668,150,10682,30,10684,250,10918,17
1568282,NASDAQ-KOTD,8423,100,8419,50,8417,100,8425,50,8427,150,8429,200
1568282,NASDAQ-NGUP,7509,4,7507,100,7505,150,7513,50,7515,100,7517,150
1568282,NASDAQ-SIMP,10031,50,10030,100,10029,150,10034,32,10035,150,10036,200
1568282,NASDAQ-ZITO,8125,70,8124,100,8123,150,8128,70,8129,150,8130,200
1568581,NASDAQ-CARD,10058,50,10057,100,10056,150,10063,20,10064,250,10076,30
1568581,NASDAQ-DLKV,10124,30,10122,100,10120,150,10130,20,10132,150,10134,200
1568581,NASDAQ-ETFB,11812,150,11810,200,11808,250,11828,173,,,,
1568581,NASDAQ-ETFB3,9723,25,9680,10,9520,25,9799,50,9800,100,9801,150
1568581,NASDAQ-FSR,9658,30,9656,100,9654,150,9662,50,9664,100,9666,150
1568581,NASDAQ-GOLD,9589,70,9588,200,9587,250,9593,50,9594,100,9595,150
1568581,NASDAQ-HT,10944,50,10942,100,10940,150,10948,30,10950,100,10952,150
1568581,NASDAQ-INA,10679,20,10677,150,10675,200,10685,50,10687,100,10689,150
1568581,NASDAQ-KOTD,8430,10,8428,100,8426,150,8434,50,8436,100,8438,150
1568581,NASDAQ-NGUP,7495,30,7493,100,7492,20,7499,20,7501,100,7503,150
1568581,NASDAQ-SIMP,10059,50,10058,100,10057,150,10061,50,10062,100,10063,150
1568581,NASDAQ-ZITO,8118,30,8117,100,8116,150,8120,30,8121,100,8122,150
1568862,NASDAQ-CARD,10073,26,10063,160,10009,20,10082,150,10083,250,10086,10
1568862,NASDAQ-DLKV,10161,70,10159,150,10157,200,10167,50,10169,100,10171,150
1568862,NASDAQ-ETFB,11813,113,11811,250,11780,61,11823,50,11825,100,11827,150
1568862,NASDAQ-ETFB3,9797,50,9796,100,9795,150,9799,14,9800,100,9801,150
1568862,NASDAQ-FSR,9684,116,9613,20,9589,20,9696,50,9698,100,9700,150
1568862,NASDAQ-GOLD,9547,50,9546,100,9545,150,9551,110,9552,200,9553,250
1568862,NASDAQ-HT,10952,128,10950,200,10948,250,10960,10,10962,100,10964,150
1568862,NASDAQ-INA,10662,20,10661,50,10659,100,10669,92,10671,200,10673,250
1568862,NASDAQ-KOTD,8394,50,8392,120,8390,150,8402,130,8404,200,8406,250
1568862,NASDAQ-NGUP,7501,3,7499,150,7497,200,7507,50,7509,100,7511,151
1568862,NASDAQ-SIMP,10055,40,10054,100,10053,150,10058,40,10059,150,10060,200
1568862,NASDAQ-ZITO,8120,240,8119,250,8111,20,8124,10,8125,50,8126,100
1569138,NASDAQ-CARD,10112,108,10111,250,10080,20,10117,50,10118,100,10119,150
1569138,NASDAQ-DLKV,10122,50,10120,100,10118,150,10126,30,10128,100,10130,150
1569138,NASDAQ-ETFB,11828,18,11826,150,11824,200,11834,50,11836,100,11838,150
1569138,NASDAQ-ETFB3,9795,61,9723,25,9680,10,9801,50,9802,100,9803,150
1569138,NASDAQ-FSR,9682,30,9680,100,9678,150,9688,100,9690,150,9692,200
1569138,NASDAQ-GOLD,9535,50,9534,100,9533,150,9539,131,9540,200,9541,250
1569138,NASDAQ-HT,10933,50,10931,100,10929,150,10937,30,10939,100,10941,150
1569138,NASDAQ-INA,10614,50,10612,100,10610,150,10622,19,10624,200,10626,250
1569138,NASDAQ-KOTD,8378,70,8376,100,8374,150,8384,53,8386,150,8388,200
1569138,NASDAQ-NGUP,7523,27,7521,100,7519,150,7526,4,7527,50,7528,3
1569138,NASDAQ-SIMP,10064,50,10063,150,10062,200,10067,50,10068,100,10069,150
1569138,NASDAQ-ZITO,8111,20,8110,50,8109,100,8113,56,8114,150,8115,200
1569422,NASDAQ-CARD,10111,144,10080,20,10063,160,10120,140,10121,250,10223,30
1569422,NASDAQ-DLKV,10143,90,10141,150,10139,200,10149,50,10151,100,10153,150
1569422,NASDAQ-ETFB,11840,200,11827,61,11780,61,11852,48,11854,100,11856,150
1569422,NASDAQ-ETFB3,9801,14,9800,250,9723,25,9806,45,9807,100,9808,150
1569422,NASDAQ-FSR,9667,50,9665,100,9663,150,9671,50,9673,100,9675,150
1569422,NASDAQ-GOLD,9512,50,9511,100,9510,150,9518,170,9607,100,9691,20
1569422,NASDAQ-HT,10948,50,10946,100,10944,150,10952,50,10954,100,10956,150
1569422,NASDAQ-INA,10594,50,10592,100,10590,150,10604,52,10606,250,10634,20
1569422,NASDAQ-KOTD,8398,50,8396,100,8394,150,8402,50,8404,100,8406,150
1569422,NASDAQ-NGUP,7515,250,7483,20,7457,20,7526,4,7527,50,7528,3
1569422,NASDAQ-SIMP,10086,46,10085,150,10084,200,10089,50,10090,100,10091,150
1569422,NASDAQ-ZITO,8127,50,8126,100,8125,150,8129,50,8130,100,8131,150
1569702,NASDAQ-CARD,10136,50,10135,100,10134,150,10138,50,10139,100,10140,150
1569702,NASDAQ-DLKV,10141,200,10139,250,10098,20,10151,50,10153,100,10155,150
1569702,NASDAQ-ETFB,11856,33,11854,150,11852,200,11862,50,11864,100,11866,150
1569702,NASDAQ-ETFB3,9800,83,9723,25,9680,10,9806,5,9807,100,9808,150
1569702,NASDAQ-FSR,9668,50,9666,150,9664,200,9678,150,9680,200,9682,250
1569702,NASDAQ-GOLD,9530,120,9529,200,9528,250,9534,50,9535,100,9536,150
1569702,NASDAQ-HT,10947,80,10945,150,10943,200,10953,50,10955,100,10957,150
1569702,NASDAQ-INA,10580,50,10578,100,10576,150,10586,48,10588,150,10590,200
1569702,NASDAQ-KOTD,8384,50,8382,100,8380,150,8388,50,8390,100,8392,150
1569702,NASDAQ-NGUP,7542,27,7540,100,7538,150,7545,1,7546,50,7548,100
1569702,NASDAQ-SIMP,10063,50,10062,100,10061,150,10066,28,10067,150,10068,200
1569702,NASDAQ-ZITO,8164,50,8163,100,8162,150,8165,10,8166,50,8167,100
1569979,NASDAQ-CARD,10380,70,10379,250,10080,20,10385,50,10386,100,10387,150
1569979,NASDAQ-DLKV,10182,50,10180,100,10178,150,10186,50,10188,100,10190,150
1569979,NASDAQ-ETFB,11881,18,11879,150,11877,200,11887,50,11889,100,11891,150
1569979,NASDAQ-ETFB3,9780,50,9779,100,9778,150,9782,45,9783,100,9784,150
1569979,NASDAQ-FSR,9662,50,9660,100,9658,150,9666,50,9668,100,9670,150
1569979,NASDAQ-GOLD,9543,20,9542,100,9541,150,9545,50,9546,100,9547,150
1569979,NASDAQ-HT,10933,50,10931,100,10929,150,10939,100,10941,150,10943,200
1569979,NASDAQ-INA,10572,50,10570,100,10568,150,10576,50,10578,100,10580,150
1569979,NASDAQ-KOTD,8382,50,8380,100,8378,150,8386,50,8388,100,8390,150
1569979,NASDAQ-NGUP,7547,49,7545,100,7543,150,7551,50,7553,100,7555,150
1569979,NASDAQ-SIMP,10076,100,10075,150,10074,200,10079,50,10080,100,10081,150
1569979,NASDAQ-ZITO,8155,50,8154,100,8153,150,8158,20,8159,150,8160,200
1570242,NASDAQ-CARD,10361,100,10360,150,10359,200,10366,46,10367,200,10368,250
1570242,NASDAQ-DLKV,10156,50,10154,100,10152,150,10162,90,10164,150,10166,200
1570242,NASDAQ-ETFB,11840,50,11838,100,11836,150,11846,100,11848,150,11850,200
1570242,NASDAQ-ETFB3,9779,200,9778,250,9723,25,9784,50,9785,100,9786,150
1570242,NASDAQ-FSR,9654,50,9652,100,9650,150,9664,108,9666,250,9713,9
1570242,NASDAQ-GOLD,9542,96,9541,250,9480,20,9550,200,9551,250,9607,100
1570242,NASDAQ-HT,10906,50,10904,100,10902,150,10910,50,10912,100,10914,150
1570242,NASDAQ-INA,10600,40,10598,150,10596,200,10606,50,10608,100,10610,150
1570242,NASDAQ-KOTD,8393,50,8391,100,8389,150,8397,10,8399,100,8401,150
1570242,NASDAQ-NGUP,7537,20,7536,50,7534,100,7542,2,7544,150,7546,200
1570242,NASDAQ-SIMP,10083,118,10060,20,10056,72,10088,72,10089,50,10090,100
1570242,NASDAQ-ZITO,8151,50,8150,100,8149,150,8153,50,8154,110,8155,150
1570509,NASDAQ-CARD,10352,50,10351,100,10350,150,10355,68,10356,150,10357,200
1570509,NASDAQ-DLKV,10134,50,10132,100,10130,150,10138,50,10140,100,10142,150
1570509,NASDAQ-ETFB,11845,100,11843,200,11841,250,11853,50,11855,100,11857,150
1570509,NASDAQ-ETFB3,9779,129,9778,250,9723,25,9785,100,9786,150,9787,200
1570509,NASDAQ-FSR,9714,81,9712,150,9710,200,9720,50,9722,100,9724,150
1570509,NASDAQ-GOLD,9534,50,9533,100,9532,150,9536,50,9537,100,9538,150
1570509,NASDAQ-HT,10942,50,10940,100,10938,150,10946,50,10948,100,10950,170
1570509,NASDAQ-INA,10620,10,10618,100,10616,150,10624,50,10626,100,10628,150
1570509,NASDAQ-KOTD,8398,70,8396,150,8394,200,8404,50,8406,100,8408,150
1570509,NASDAQ-NGUP,7573,47,7571,100,7569,150,7577,50,7579,100,7581,150
1570509,NASDAQ-SIMP,10070,78,10069,150,10068,200,10074,42,10075,150,10076,200
1570509,NASDAQ-ZITO,8145,50,8144,100,8143,150,8147,50,8148,100,8149,150
1570803,NASDAQ-CARD,10376,4,10375,100,10374,150,10378,50,10379,100,10380,180
1570803,NASDAQ-DLKV,10155,50,10153,100,10151,150,10163,150,10165,200,10167,250
1570803,NASDAQ-ETFB,11847,100,11845,150,11843,200,11854,66,11855,100,11857,150
1570803,NASDAQ-ETFB3,9782,14,9781,100,9780,150,9870,31,9920,32,10083,25
1570803,NASDAQ-FSR,9706,190,9687,20,9632,20,9720,90,9722,150,9724,200
1570803,NASDAQ-GOLD,9528,150,9480,20,9479,20,9534,50,9535,100,9536,150
1570803,NASDAQ-HT,10917,50,10915,100,10913,150,10923,100,10925,150,10927,200
1570803,NASDAQ-INA,10594,50,10592,100,10590,150,10600,10,10602,150,10604,200
1570803,NASDAQ-KOTD,8388,90,8386,150,8384,200,8394,38,8396,100,8398,150
1570803,NASDAQ-NGUP,7546,150,7544,200,7542,250,7556,31,7558,150,7560,200
1570803,NASDAQ-SIMP,10087,143,10086,200,10085,250,10091,50,10092,100,10093,150
1570803,NASDAQ-ZITO,8153,100,8152,150,8151,200,8156,50,8157,100,8158,150
1571060,NASDAQ-CARD,10593,92,10592,150,10591,200,10596,50,10597,100,10598,150
1571060,NASDAQ-DLKV,10163,50,10161,100,10159,150,10167,50,10169,100,10171,150
1571060,NASDAQ-ETFB,11874,80,11872,150,11870,200,11880,50,11882,100,11884,150
1571060,NASDAQ-ETFB3,9759,50,9758,100,9757,150,9761,19,9762,100,9763,150
1571060,NASDAQ-FSR,9692,50,9690,100,9688,150,9698,90,9700,150,9702,200
1571060,NASDAQ-GOLD,9567,50,9566,100,9565,150,9569,50,9570,100,9571,150
1571060,NASDAQ-HT,10939,50,10937,100,10935,150,10943,50,10945,100,10947,150
1571060,NASDAQ-INA,10634,20,10632,150,10630,200,10640,50,10642,100,10644,150
1571060,NASDAQ-KOTD,8413,50,8411,100,8409,150,8417,50,8419,100,8421,150
1571060,NASDAQ-NGUP,7531,50,7529,100,7527,150,7535,50,7537,100,7539,150
1571060,NASDAQ-SIMP,10058,50,10057,100,10056,222,10064,208,10069,10,10090,252
1571060,NASDAQ-ZITO,8142,50,8141,100,8140,150,8145,40,8146,150,8147,200
1571189,NASDAQ-CARD,10589,50,10588,100,10587,150,10592,28,10593,150,10594,200
1571189,NASDAQ-DLKV,10154,50,10152,100,10150,150,10158,50,10160,100,10162,150
1571189,NASDAQ-ETFB,11874,97,11872,150,11870,200,11882,100,11884,150,11886,200
1571189,NASDAQ-ETFB3,9708,50,9707,100,9706,150,9710,6,9711,100,9712,150
1571189,NASDAQ-FSR,9660,50,9658,100,9656,150,9664,30,9666,100,9668,150
1571189,NASDAQ-GOLD,9555,50,9554,100,9553,150,9558,90,9559,150,9560,200
1571189,NASDAQ-HT,10941,50,10939,100,10937,150,10945,50,10947,100,10949,150
1571189,NASDAQ-INA,10639,30,10637,100,10635,150,10645,40,10647,150,10649,200
1571189,NASDAQ-KOTD,8413,50,8411,100,8409,150,8419,100,8421,150,8423,200
1571189,NASDAQ-NGUP,7523,50,7521,100,7519,150,7529,24,7531,150,7533,200
1571189,NASDAQ-SIMP,10069,85,10068,250,10056,72,10077,195,10078,250,10090,288
1571189,NASDAQ-ZITO,8152,50,8151,150,8150,200,8155,50,8156,100,8157,150
1571412,NASDAQ-CARD,10594,138,10593,250,10590,72,10599,50,10600,100,10601,150
1571412,NASDAQ-DLKV,10133,20,10130,50,10128,100,10134,25,10136,100,10138,150
1571412,NASDAQ-ETFB,11874,50,11872,150,11870,200,11882,50,11884,150,11886,200
1571412,NASDAQ-ETFB3,9710,25,9708,50,9707,100,9713,55,9714,250,9870,31
1571412,NASDAQ-FSR,9657,50,9655,100,9653,150,9665,21,9667,200,9669,250
1571412,NASDAQ-GOLD,9552,73,9551,200,9550,250,9554,10,9556,50,9557,100
1571412,NASDAQ-HT,10912,50,10910,100,10908,150,10920,50,10922,200,10924,250
1571412,NASDAQ-INA,10662,59,10660,150,10658,200,10668,50,10670,100,10672,150
1571412,NASDAQ-KOTD,8408,40,8406,100,8404,150,8416,90,8418,200,8420,250
1571412,NASDAQ-NGUP,7536,90,7534,150,7532,200,7542,50,7544,100,7546,150
1571412,NASDAQ-SIMP,10086,40,10085,100,10084,150,10088,50,10089,100,10090,438
1571412,NASDAQ-ZITO,8131,50,8130,100,8129,150,8133,10,8134,100,8135,150
1571661,NASDAQ-CARD,10598,40,10597,100,10596,150,10601,50,10602,150,10603,200
1571661,NASDAQ-DLKV,10121,50,10119,100,10117,150,10131,175,10133,250,10169,20
1571661,NASDAQ-ETFB,11842,50,11840,100,11838,150,11848,100,11850,150,11852,200
1571661,NASDAQ-ETFB3,9708,50,9707,100,9706,150,9714,47,9870,31,9920,32
1571661,NASDAQ-FSR,9667,20,9665,200,9663,250,9675,50,9677,100,9679,150
1571661,NASDAQ-GOLD,9556,10,9555,100,9554,150,9558,50,9559,100,9560,150
1571661,NASDAQ-HT,10928,90,10926,150,10924,200,10934,50,10936,100,10938,150
1571661,NASDAQ-INA,10654,50,10652,100,10650,150,10660,90,10662,230,10664,200
1571661,NASDAQ-KOTD,8400,70,8398,100,8396,150,8406,103,8408,150,8410,200
1571661,NASDAQ-NGUP,7533,50,7531,100,7529,150,7537,25,7539,100,7541,150
1571661,NASDAQ-SIMP,10086,8,10085,200,10084,250,10090,151,10091,100,10092,150
1571661,NASDAQ-ZITO,8111,70,8110,100,8109,150,8114,70,8115,150,8116,200
1571916,NASDAQ-CARD,10606,20,10605,100,10604,150,10608,70,10609,100,10610,150
1571916,NASDAQ-DLKV,10104,50,10102,100,10100,150,10116,25,10124,20,10169,20
1571916,NASDAQ-ETFB,11790,50,11788,100,11786,150,11794,50,11796,100,11798,150
1571916,NASDAQ-ETFB3,9711,50,9710,100,9709,150,9715,103,9716,200,9717,250
1571916,NASDAQ-FSR,9667,93,9636,20,9632,20,9679,50,9681,100,9683,150
1571916,NASDAQ-GOLD,9545,50,9544,100,9543,150,9551,150,9607,100,9691,20
1571916,NASDAQ-HT,10951,141,10949,250,10458,12,10961,50,10963,100,10965,150
1571916,NASDAQ-INA,10622,20,10564,10,10560,20,10674,50,10676,100,10678,150
1571916,NASDAQ-KOTD,8407,20,8405,100,8403,150,8411,50,8413,100,8415,150
1571916,NASDAQ-NGUP,7525,50,7523,100,7521,170,7537,200,7549,2,7619,4
1571916,NASDAQ-SIMP,10097,50,10096,100,10095,150,10099,50,10100,100,10101,150
1571916,NASDAQ-ZITO,8119,50,8118,100,8117,150,8121,50,8122,100,8123,150
1572180,NASDAQ-CARD,10285,50,10284,100,10283,150,10289,130,10290,200,10291,250
1572180,NASDAQ-DLKV,10098,70,10096,100,10094,150,10104,50,10106,150,10108,200
1572180,NASDAQ-ETFB,11794,80,11788,100,11786,150,11796,100,11798,150,11800,200
1572180,NASDAQ-ETFB3,9715,15,9714,100,9713,150,9717,50,9718,100,9719,150
1572180,NASDAQ-FSR,9648,50,9646,100,9644,150,9652,25,9654,100,9656,150
1572180,NASDAQ-GOLD,9603,115,9602,250,9519,20,9607,100,9608,50,9609,100
1572180,NASDAQ-HT,10957,9,10955,150,10953,200,10963,50,10965,100,10967,150
1572180,NASDAQ-INA,10685,95,10683,200,10681,250,10693,50,10695,100,10697,150
1572180,NASDAQ-KOTD,8386,50,8384,100,8382,150,8392,83,8394,150,8396,200
1572180,NASDAQ-NGUP,7494,50,7492,100,7490,150,7498,50,7500,100,7502,150
1572180,NASDAQ-SIMP,10097,100,10096,150,10095,200,10100,50,10101,100,10102,150
1572180,NASDAQ-ZITO,8089,50,8088,100,8087,150,8093,50,8094,200,8095,250
1572457,NASDAQ-CARD,10287,54,10286,236,10285,250,10288,108,10292,100,10293,150
1572457,NASDAQ-DLKV,10053,50,10051,100,10049,150,10063,200,10065,250,10096,20
1572457,NASDAQ-ETFB,11790,50,11788,100,11786,150,11797,63,11800,120,11802,250
1572457,NASDAQ-ETFB3,9717,25,9712,104,9711,200,9719,150,9720,250,9870,31
1572457,NASDAQ-FSR,9656,68,9654,150,9652,200,9662,50,9664,100,9666,150
1572457,NASDAQ-GOLD,9593,50,9592,100,9591,150,9596,90,9597,150,9598,200
1572457,NASDAQ-HT,10943,50,10941,100,10939,150,10951,120,10953,200,10955,250
1572457,NASDAQ-INA,10658,50,10656,100,10654,150,10664,90,10666,150,10668,200
1572457,NASDAQ-KOTD,8391,30,8389,150,8387,200,8397,50,8399,100,8401,150
1572457,NASDAQ-NGUP,7475,50,7473,100,7471,150,7549,3,7556,1,7619,4
1572457,NASDAQ-SIMP,10090,186,10089,100,10088,150,10093,20,10094,150,10095,200
1572457,NASDAQ-ZITO,8109,50,8108,100,8107,150,8111,50,8112,100,8113,150
1572759,NASDAQ-CARD,10273,50,10272,100,10271,150,10277,89,10278,200,10279,250
1572759,NASDAQ-DLKV,10047,50,10045,100,10043,150,10059,34,10096,20,10169,20
1572759,NASDAQ-ETFB,11770,50,11768,100,11766,150,11774,27,11776,100,11778,150
1572759,NASDAQ-ETFB3,9680,10,9520,25,9487,26,9727,49,9728,100,9729,150
1572759,NASDAQ-FSR,9622,70,9620,100,9618,150,9628,20,9630,150,9632,200
1572759,NASDAQ-GOLD,9611,120,9610,250,9569,20,9616,50,9617,100,9618,150
1572759,NASDAQ-HT,10924,50,10922,100,10920,150,10928,50,10930,100,10932,150
1572759,NASDAQ-INA,10641,50,10639,100,10637,150,10645,25,10647,100,10649,150
1572759,NASDAQ-KOTD,8374,50,8372,140,8370,150,8380,58,8382,150,8384,200
1572759,NASDAQ-NGUP,7476,55,7473,50,7471,100,7477,50,7479,100,7481,150
1572759,NASDAQ-SIMP,10056,22,10054,50,10053,100,10057,100,10058,150,10059,200
1572759,NASDAQ-ZITO,8094,50,8093,100,8092,150,8096,50,8097,100,8098,150
1573073,NASDAQ-CARD,10109,50,10108,100,10107,150,10112,100,10113,150,10114,200
1573073,NASDAQ-DLKV,10045,50,10043,100,10041,150,10051,26,10053,150,10055,200
1573073,NASDAQ-ETFB,11789,97,11787,150,11785,200,11790,21,11795,50,11797,163
1573073,NASDAQ-ETFB3,9731,50,9730,100,9729,150,9733,50,9734,100,9735,150
1573073,NASDAQ-FSR,9652,10,9650,150,9648,200,9658,50,9660,100,9662,150
1573073,NASDAQ-GOLD,9607,50,9606,100,9605,150,9609,50,9610,100,9611,150
1573073,NASDAQ-HT,10909,50,10907,100,10905,150,10913,50,10915,100,10917,150
1573073,NASDAQ-INA,10643,15,10641,150,10639,200,10649,50,10651,100,10653,150
1573073,NASDAQ-KOTD,8372,40,8370,50,8368,100,8374,50,8376,100,8378,150
1573073,NASDAQ-NGUP,7457,70,7455,120,7453,150,7465,50,7467,200,7469,250
1573073,NASDAQ-SIMP,10068,50,10067,100,10066,150,10070,50,10071,100,10072,150
1573073,NASDAQ-ZITO,8071,70,8070,100,8069,150,8073,50,8074,100,8075,150
1573359,NASDAQ-CARD,10110,72,10108,100,10107,150,10113,150,10114,200,10115,250
1573359,NASDAQ-DLKV,10052,104,10050,200,10048,250,10060,50,10062,100,10064,150
1573359,NASDAQ-ETFB,11801,11,11799,100,11797,150,11805,50,11807,100,11809,150
1573359,NASDAQ-ETFB3,9730,100,9729,150,9728,200,9732,55,9733,50,9734,100
1573359,NASDAQ-FSR,9604,50,9602,100,9600,150,9612,110,9614,200,9616,250
1573359,NASDAQ-GOLD,9620,95,9569,19,9519,20,9626,50,9627,100,9628,150
1573359,NASDAQ-HT,10907,50,10905,100,10903,150,10913,80,10915,150,10917,200
1573359,NASDAQ-INA,10601,50,10599,100,10597,150,10605,46,10607,100,10609,150
1573359,NASDAQ-KOTD,8364,20,8362,50,8360,100,8366,46,8368,100,8370,150
1573359,NASDAQ-NGUP,7435,2,7430,50,7428,100,7442,182,7490,1,7549,3
1573359,NASDAQ-SIMP,10071,50,10070,100,10069,150,10073,50,10074,100,10075,150
1573359,NASDAQ-ZITO,8088,20,8087,100,8086,150,8090,50,8091,100,8092,150
1573517,NASDAQ-CARD,10135,50,10134,100,10133,150,10137,50,10138,100,10139,150
1573517,NASDAQ-DLKV,10055,80,10053,200,10051,250,10063,50,10065,100,10067,150
1573517,NASDAQ-ETFB,11801,50,11799,100,11797,150,11807,100,11809,150,11811,200
1573517,NASDAQ-ETFB3,9731,37,9730,100,9729,150,9732,55,9733,50,9734,100
1573517,NASDAQ-FSR,9598,50,9596,100,9594,150,9602,46,9604,100,9606,150
1573517,NASDAQ-GOLD,9592,50,9591,100,9590,150,9594,20,9595,100,9596,150
1573517,NASDAQ-HT,10910,50,10908,100,10906,150,10914,30,10916,100,10918,150
1573517,NASDAQ-INA,10620,30,10618,100,10616,150,10624,50,10626,100,10628,150
1573517,NASDAQ-KOTD,8378,30,8376,100,8374,150,8382,50,8384,100,8386,150
1573517,NASDAQ-NGUP,7430,50,7428,100,7426,150,7440,79,7442,250,7465,1
1573517,NASDAQ-SIMP,10069,50,10068,100,10067,150,10071,50,10072,100,10073,150
1573517,NASDAQ-ZITO,8088,20,8087,100,8086,150,8090,50,8091,100,8092,150
1573754,NASDAQ-CARD,10105,50,10104,100,10103,150,10107,6,10108,100,10109,150
1573754,NASDAQ-DLKV,10007,50,10005,100,10003,150,10011,13,10013,100,10015,150
1573754,NASDAQ-ETFB,11801,50,11800,62,11799,100,11805,50,11807,100,11809,150
1573754,NASDAQ-ETFB3,9737,36,9736,100,9735,150,9739,48,9740,100,9741,150
1573754,NASDAQ-FSR,9558,50,9556,100,9554,150,9562,29,9564,100,9566,150
1573754,NASDAQ-GOLD,9645,25,9644,100,9643,150,9647,50,9648,100,9649,150
1573754,NASDAQ-HT,10945,80,10943,150,10941,200,10951,50,10953,100,10955,150
1573754,NASDAQ-INA,10602,50,10600,100,10598,150,10606,29,10608,100,10610,150
1573754,NASDAQ-KOTD,8372,50,8370,100,8368,150,8376,29,8378,100,8380,150
1573754,NASDAQ-NGUP,7437,50,7435,100,7433,150,7443,100,7445,150,7447,200
1573754,NASDAQ-SIMP,10103,104,10102,250,10057,160,10108,50,10109,100,10110,150
1573754,NASDAQ-ZITO,8064,50,8063,100,8062,150,8066,30,8067,100,8068,150
1573903,NASDAQ-CARD,10121,61,10120,150,10119,200,10124,50,10125,100,10126,150
1573903,NASDAQ-DLKV,9999,50,9998,100,9997,150,10003,60,10004,200,10005,250
1573903,NASDAQ-ETFB,11801,50,11800,62,11799,100,11805,50,11807,100,11809,150
1573903,NASDAQ-ETFB3,9737,31,9736,100,9735,150,9739,50,9740,100,9741,150
1573903,NASDAQ-FSR,9551,50,9549,100,9547,170,9555,40,9557,100,9559,150
1573903,NASDAQ-GOLD,9611,50,9610,100,9609,150,9613,40,9614,100,9615,150
1573903,NASDAQ-HT,10937,50,10935,100,10933,150,10941,50,10943,100,10945,150
1573903,NASDAQ-INA,10617,15,10564,4,10560,20,10629,50,10631,100,10633,150
1573903,NASDAQ-KOTD,8354,50,8352,100,8350,150,8360,78,8362,150,8364,200
1573903,NASDAQ-NGUP,7423,30,7421,100,7419,150,7435,167,7549,3,7556,1
1573903,NASDAQ-SIMP,10096,50,10095,100,10094,150,10098,30,10099,100,10100,150
1573903,NASDAQ-ZITO,8067,50,8066,100,8065,150,8071,150,8072,200,8073,250
1574171,NASDAQ-CARD,10259,50,10258,100,10257,150,10261,50,10262,100,10263,150
1574171,NASDAQ-DLKV,9981,50,9980,100,9979,150,9983,27,9984,100,9985,150
1574171,NASDAQ-ETFB,11799,50,11797,100,11795,150,11803,50,11805,100,11807,150
1574171,NASDAQ-ETFB3,9738,140,9737,200,9736,250,9742,50,9743,100,9744,150
1574171,NASDAQ-FSR,9549,50,9547,100,9545,150,9553,30,9555,100,9557,150
1574171,NASDAQ-GOLD,9596,50,9595,100,9594,150,9599,91,9600,150,9601,200
1574171,NASDAQ-HT,10920,50,10918,100,10916,150,10924,50,10926,100,10928,150
1574171,NASDAQ-INA,10614,50,10612,100,10610,150,10618,37,10620,100,10622,150
1574171,NASDAQ-KOTD,8356,50,8354,100,8352,150,8360,37,8362,100,8364,150
1574171,NASDAQ-NGUP,7421,150,7419,200,7417,250,7437,250,7549,2,7556,1
1574171,NASDAQ-SIMP,10079,50,10078,100,10077,150,10081,50,10082,100,10083,150
1574171,NASDAQ-ZITO,8084,50,8083,100,8082,150,8086,50,8087,110,8088,150
1574483,NASDAQ-CARD,10236,50,10235,100,10234,150,10240,22,10241,200,10242,250
1574483,NASDAQ-DLKV,9978,50,9977,100,9976,150,9984,205,10096,20,10169,20
1574483,NASDAQ-ETFB,11794,20,11792,100,11790,150,11800,50,11802,150,11804,256
1574483,NASDAQ-ETFB3,9720,50,9719,125,9718,150,9723,75,9724,150,9725,200
1574483,NASDAQ-FSR,9542,50,9540,100,9538,150,9552,16,9554,250,9657,55
1574483,NASDAQ-GOLD,9604,80,9603,150,9602,200,9607,50,9608,100,9609,150
1574483,NASDAQ-HT,10948,30,10946,150,10944,200,10954,50,10956,100,10958,150
1574483,NASDAQ-INA,10603,50,10601,100,10599,150,10615,211,10918,17,10947,20
1574483,NASDAQ-KOTD,8356,100,8354,150,8352,200,8359,55,8362,50,8364,100
1574483,NASDAQ-NGUP,7424,40,7422,100,7420,150,7549,2,7556,1,7562,2
1574483,NASDAQ-SIMP,10080,20,10079,100,10078,150,10082,50,10083,100,10084,150
1574483,NASDAQ-ZITO,8068,50,8067,100,8066,198,8118,10,8120,55,8130,10
1574766,NASDAQ-CARD,10262,44,10261,200,10260,250,10265,28,10266,50,10267,100
1574766,NASDAQ-DLKV,10013,40,10011,100,10009,150,10017,50,10019,100,10021,150
1574766,NASDAQ-ETFB,11797,30,11795,100,11793,150,11801,50,11803,100,11804,56
1574766,NASDAQ-ETFB3,9714,50,9713,100,9712,150,9716,50,9717,100,9718,150
1574766,NASDAQ-FSR,9512,50,9510,100,9508,150,9518,90,9520,150,9522,200
1574766,NASDAQ-GOLD,9631,73,9630,250,9576,20,9636,50,9637,100,9638,150
1574766,NASDAQ-HT,10951,60,10949,150,10947,200,10957,50,10959,100,10961,150
1574766,NASDAQ-INA,10575,50,10573,100,10571,150,10581,100,10583,150,10585,200
1574766,NASDAQ-KOTD,8333,50,8331,100,8329,150,8343,200,8345,250,8359,53
1574766,NASDAQ-NGUP,7414,50,7412,100,7410,150,7422,50,7424,200,7426,250
1574766,NASDAQ-SIMP,10077,100,10076,150,10075,200,10081,100,10082,150,10083,200
1574766,NASDAQ-ZITO,8087,50,8086,100,8085,150,8089,50,8090,100,8091,150
1574908,NASDAQ-CARD,10264,50,10263,100,10262,150,10266,50,10267,100,10268,150
1574908,NASDAQ-DLKV,9995,50,9994,100,9993,150,9997,50,9998,100,9999,150
1574908,NASDAQ-ETFB,11797,50,11795,100,11793,150,11801,50,11803,100,11804,56
1574908,NASDAQ-ETFB3,9688,48,9687,100,9686,150,9690,50,9691,100,9692,150
1574908,NASDAQ-FSR,9504,50,9502,100,9500,150,9508,50,9510,100,9512,150
1574908,NASDAQ-GOLD,9641,50,9640,100,9639,150,9643,50,9644,100,9645,150
1574908,NASDAQ-HT,10949,50,10947,100,10945,150,10953,50,10955,100,10957,150
1574908,NASDAQ-INA,10573,50,10571,100,10569,150,10577,50,10579,100,10581,150
1574908,NASDAQ-KOTD,8321,50,8319,134,8317,150,8325,50,8327,100,8329,150
1574908,NASDAQ-NGUP,7360,13,7357,50,7355,100,7361,30,7363,100,7365,150
1574908,NASDAQ-SIMP,10083,50,10082,100,10081,150,10085,50,10086,100,10087,150
1574908,NASDAQ-ZITO,8063,50,8062,100,8061,150,8065,50,8066,100,8067,150
1575130,NASDAQ-CARD,10396,50,10395,100,10394,150,10398,50,10399,100,10400,150
1575130,NASDAQ-DLKV,9969,50,9968,100,9967,150,9971,46,9972,100,9973,150
1575130,NASDAQ-ETFB,11788,10,11783,50,11781,100,11789,100,11791,150,11793,200
1575130,NASDAQ-ETFB3,9686,50,9685,100,9684,150,9689,45,9690,150,9691,200
1575130,NASDAQ-FSR,9505,50,9503,100,9501,150,9509,40,9511,100,9513,150
1575130,NASDAQ-GOLD,9629,50,9628,100,9627,150,9631,50,9632,100,9633,150
1575130,NASDAQ-HT,10967,30,10965,100,10963,150,10971,50,10972,20,10973,120
1575130,NASDAQ-INA,10596,125,10594,200,10592,250,10604,50,10606,100,10608,150
1575130,NASDAQ-KOTD,8358,100,8356,150,8354,200,8359,3,8364,50,8366,100
1575130,NASDAQ-NGUP,7350,50,7348,100,7346,150,7362,250,7513,20,7549,2
1575130,NASDAQ-SIMP,10065,50,10064,100,10063,150,10068,50,10069,150,10070,200
1575130,NASDAQ-ZITO,8068,50,8067,100,8066,150,8070,50,8071,100,8072,150
1575431,NASDAQ-CARD,10390,50,10389,100,10388,150,10393,90,10394,150,10395,210
1575431,NASDAQ-DLKV,9987,200,9986,250,9970,80,9992,50,9993,100,9994,150
1575431,NASDAQ-ETFB,11728,50,11726,100,11724,150,11734,40,11736,150,11738,200
1575431,NASDAQ-ETFB3,9686,19,9685,100,9684,150,9688,30,9689,100,9690,150
1575431,NASDAQ-FSR,9546,50,9544,100,9542,150,9550,50,9552,100,9554,150
1575431,NASDAQ-GOLD,9616,20,9615,50,9614,100,9617,50,9618,100,9619,150
1575431,NASDAQ-HT,10958,50,10956,100,10954,150,10962,50,10964,100,10966,150
1575431,NASDAQ-INA,10592,100,10590,150,10588,200,10598,22,10600,100,10602,150
1575431,NASDAQ-KOTD,8337,50,8335,100,8333,150,8341,44,8343,100,8345,150
1575431,NASDAQ-NGUP,7383,50,7381,100,7379,150,7387,50,7389,100,7391,150
1575431,NASDAQ-SIMP,10067,32,10066,150,10065,200,10070,50,10071,100,10072,150
1575431,NASDAQ-ZITO,8081,50,8080,100,8079,150,8083,50,8084,100,8085,150
1575700,NASDAQ-CARD,10387,100,10386,150,10385,200,10391,88,10392,150,10393,200
1575700,NASDAQ-DLKV,9948,50,9947,100,9946,150,9952,111,9953,200,9954,250
1575700,NASDAQ-ETFB,11735,28,11733,150,11731,200,11741,50,11743,100,11745,150
1575700,NASDAQ-ETFB3,9673,50,9672,100,9671,150,9675,10,9676,100,9677,150
1575700,NASDAQ-FSR,9530,50,9528,100,9526,150,9540,160,9542,250,9657,55
1575700,NASDAQ-GOLD,9616,106,9576,20,9569,19,9622,50,9623,100,9624,150
1575700,NASDAQ-HT,10954,50,10952,150,10950,200,10960,50,10962,100,10964,150
1575700,NASDAQ-INA,10568,50,10566,100,10564,150,10574,84,10576,150,10578,200
1575700,NASDAQ-KOTD,8341,135,8339,200,8337,250,8349,50,8351,100,8353,150
1575700,NASDAQ-NGUP,7377,50,7375,100,7373,150,7389,250,7513,20,7549,2
1575700,NASDAQ-SIMP,10068,50,10067,100,10066,294,10071,100,10072,150,10073,200
1575700,NASDAQ-ZITO,8101,105,8100,200,8099,250,8105,50,8106,100,8107,150
1575970,NASDAQ-CARD,10438,162,10437,250,10388,72,10443,50,10444,100,10445,150
1575970,NASDAQ-DLKV,9986,95,9985,150,9984,200,9989,50,9990,100,9991,150
1575970,NASDAQ-ETFB,11735,11,11733,150,11731,200,11743,100,11745,150,11747,200
1575970,NASDAQ-ETFB3,9672,100,9671,150,9670,200,9676,15,9677,150,9678,200
1575970,NASDAQ-FSR,9571,46,9569,100,9567,150,9575,50,9577,100,9579,150
1575970,NASDAQ-GOLD,9588,50,9587,100,9586,150,9590,50,9591,100,9592,150
1575970,NASDAQ-HT,10963,50,10961,100,10959,150,10967,70,10969,100,10971,150
1575970,NASDAQ-INA,10591,233,10505,10,10328,10,10603,50,10605,100,10607,150
1575970,NASDAQ-KOTD,8352,41,8350,100,8348,150,8356,35,8358,100,8359,3
1575970,NASDAQ-NGUP,7363,50,7361,100,7359,150,7375,12,7513,20,7549,2
1575970,NASDAQ-SIMP,10085,10,10084,100,10083,150,10087,50,10088,100,10089,150
1575970,NASDAQ-ZITO,8088,30,8087,150,8086,200,8093,150,8094,200,8095,250
1576085,NASDAQ-CARD,10434,50,10433,100,10432,150,10436,25,10437,100,10438,150
1576085,NASDAQ-DLKV,9962,50,9961,100,9960,150,9964,50,9965,100,9966,150
1576085,NASDAQ-ETFB,11737,50,11735,100,11733,150,11741,50,11743,100,11745,150
1576085,NASDAQ-ETFB3,9673,50,9672,100,9671,150,9675,50,9676,100,9677,150
1576085,NASDAQ-FSR,9592,37,9590,100,9588,150,9596,50,9598,100,9600,150
1576085,NASDAQ-GOLD,9571,50,9570,100,9569,169,9574,70,9575,150,9576,200
1576085,NASDAQ-HT,10954,50,10952,100,10950,150,10958,50,10960,100,10962,150
1576085,NASDAQ-INA,10567,50,10565,100,10563,150,10571,50,10573,100,10575,150
1576085,NASDAQ-KOTD,8368,38,8366,100,8364,150,8372,50,8374,100,8376,150
1576085,NASDAQ-NGUP,7392,50,7390,100,7388,150,7396,50,7398,100,7400,150
1576085,NASDAQ-SIMP,10080,50,10079,100,10078,150,10082,50,10083,100,10084,150
1576085,NASDAQ-ZITO,8090,50,8089,100,8088,150,8092,50,8093,100,8094,150
1576293,NASDAQ-CARD,10419,50,10418,100,10417,150,10423,115,10424,200,10425,250
1576293,NASDAQ-DLKV,9995,5,9994,100,9993,150,9997,50,9998,100,9999,150
1576293,NASDAQ-ETFB,11737,50,11735,100,11734,57,11741,50,11743,100,11745,150
1576293,NASDAQ-ETFB3,9661,50,9660,100,9659,150,9663,50,9664,100,9665,150
1576293,NASDAQ-FSR,9584,200,9582,250,9497,20,9598,150,9600,200,9602,250
1576293,NASDAQ-GOLD,9563,50,9562,100,9561,150,9607,18,9616,100,9691,20
1576293,NASDAQ-HT,10963,25,10961,100,10959,150,10967,50,10969,100,10971,150
1576293,NASDAQ-INA,10562,50,10560,100,10558,150,10591,19,10918,17,10947,20
1576293,NASDAQ-KOTD,8365,50,8363,100,8361,150,8369,8,8371,100,8373,150
1576293,NASDAQ-NGUP,7400,50,7398,100,7396,150,7404,50,7406,100,7408,150
1576293,NASDAQ-SIMP,10102,65,10101,150,10100,200,10105,50,10106,100,10107,294
1576293,NASDAQ-ZITO,8103,74,8102,250,8092,80,8108,50,8109,100,8110,150
1576573,NASDAQ-CARD,10436,50,10435,100,10434,150,10438,50,10439,100,10440,150
1576573,NASDAQ-DLKV,9964,160,9953,10,9908,50,9994,10,10013,50,10015,100
1576573,NASDAQ-ETFB,11681,50,11679,100,11677,150,11689,71,11691,200,11693,250
1576573,NASDAQ-ETFB3,9651,25,9650,100,9649,150,9654,67,9655,150,9656,200
1576573,NASDAQ-FSR,9561,50,9559,100,9557,150,9567,99,9569,150,9571,200
1576573,NASDAQ-GOLD,9602,75,9601,150,9600,200,9607,14,9608,200,9609,250
1576573,NASDAQ-HT,10947,50,10945,100,10943,150,10953,100,10955,150,10957,200
1576573,NASDAQ-INA,10562,65,10560,200,10558,250,10570,12,10572,100,10574,150
1576573,NASDAQ-KOTD,8339,20,8338,50,8336,100,8342,35,8344,100,8346,150
1576573,NASDAQ-NGUP,7390,50,7388,100,7386,150,7396,25,7398,150,7400,200
1576573,NASDAQ-SIMP,10089,50,10088,100,10087,150,10092,100,10093,150,10094,200
1576573,NASDAQ-ZITO,8078,50,8077,100,8076,150,8081,90,8082,150,8083,200
1576884,NASDAQ-CARD,10432,50,10431,100,10430,150,10436,140,10437,200,10438,250
1576884,NASDAQ-DLKV,9963,100,9962,150,9961,200,9964,48,9966,50,9967,100
1576884,NASDAQ-ETFB,11681,87,11679,200,11677,250,11695,200,11697,250,11790,59
1576884,NASDAQ-ETFB3,9650,83,9649,150,9648,200,9654,33,9655,150,9656,200
1576884,NASDAQ-FSR,9551,50,9549,100,9547,150,9657,55,9746,10,9819,55
1576884,NASDAQ-GOLD,9614,75,9613,150,9612,200,9617,50,9618,100,9619,150
1576884,NASDAQ-HT,10958,100,10956,150,10954,200,10964,50,10966,100,10968,150
1576884,NASDAQ-INA,10553,50,10551,100,10549,150,10563,133,10565,250,10918,17
1576884,NASDAQ-KOTD,8334,10,8332,100,8330,150,8339,43,8340,100,8342,150
1576884,NASDAQ-NGUP,7345,20,7343,50,7341,100,7347,5,7349,100,7351,150
1576884,NASDAQ-SIMP,10097,20,10096,150,10095,200,10100,50,10101,110,10102,150
1576884,NASDAQ-ZITO,8089,140,8088,200,8087,250,8093,50,8094,100,8095,150
1577152,NASDAQ-CARD,10196,50,10195,100,10194,150,10200,90,10201,200,10202,250
1577152,NASDAQ-DLKV,9970,40,9969,150,9968,200,9973,50,9974,100,9975,150
1577152,NASDAQ-ETFB,11694,142,11692,200,11690,250,11702,45,11704,100,11706,150
1577152,NASDAQ-ETFB3,9651,144,9650,200,9649,250,9656,100,9657,150,9658,200
1577152,NASDAQ-FSR,9556,50,9554,100,9552,150,9560,50,9562,100,9564,150
1577152,NASDAQ-GOLD,9608,50,9607,100,9606,150,9613,140,9614,250,9691,20
1577152,NASDAQ-HT,10966,30,10964,100,10962,150,10970,50,10972,100,10974,150
1577152,NASDAQ-INA,10579,30,10577,150,10575,200,10585,50,10587,100,10589,150
1577152,NASDAQ-KOTD,8322,20,8320,50,8319,34,8326,31,8328,150,8330,200
1577152,NASDAQ-NGUP,7363,90,7361,150,7359,200,7369,50,7371,100,7373,150
1577152,NASDAQ-SIMP,10084,50,10083,100,10082,150,10087,90,10088,150,10089,200
1577152,NASDAQ-ZITO,8093,176,8092,250,8075,20,8098,50,8099,100,8100,150
1577438,NASDAQ-CARD,10220,100,10219,150,10218,200,10223,50,10224,100,10225,150
1577438,NASDAQ-DLKV,9998,50,9997,100,9996,150,10000,50,10001,100,10002,150
1577438,NASDAQ-ETFB,11663,50,11661,100,11659,150,11669,98,11671,150,11673,200
1577438,NASDAQ-ETFB3,9630,50,9629,100,9628,150,9632,50,9633,100,9634,150
1577438,NASDAQ-FSR,9536,50,9534,100,9532,150,9544,110,9546,200,9548,250
1577438,NASDAQ-GOLD,9610,3,9609,150,9608,200,9613,50,9614,100,9615,150
1577438,NASDAQ-HT,10943,50,10941,100,10939,150,10949,100,10951,150,10953,200
1577438,NASDAQ-INA,10572,50,10570,100,10568,150,10576,50,10578,100,10580,150
1577438,NASDAQ-KOTD,8325,50,8323,100,8322,20,8329,50,8331,100,8333,150
1577438,NASDAQ-NGUP,7358,50,7356,100,7354,150,7366,74,7368,200,7370,250
1577438,NASDAQ-SIMP,10066,144,10065,50,10064,100,10067,14,10068,100,10069,150
1577438,NASDAQ-ZITO,8101,250,8100,350,8099,150,8103,50,8104,100,8105,150
1577712,NASDAQ-CARD,10199,50,10198,100,10197,222,10203,74,10204,200,10205,250
1577712,NASDAQ-DLKV,10013,50,10011,100,10009,150,10017,50,10019,100,10021,150
1577712,NASDAQ-ETFB,11640,46,11638,100,11636,150,11644,50,11646,100,11648,150
1577712,NASDAQ-ETFB3,9629,100,9628,150,9627,200,9632,50,9633,100,9634,150
1577712,NASDAQ-FSR,9538,50,9536,100,9534,150,9544,90,9546,150,9548,200
1577712,NASDAQ-GOLD,9613,47,9612,100,9611,150,9617,150,9618,200,9619,250
1577712,NASDAQ-HT,10946,50,10944,100,10942,150,10950,50,10952,100,10954,150
1577712,NASDAQ-INA,10552,50,10550,100,10548,150,10556,50,10558,100,10560,150
1577712,NASDAQ-KOTD,8348,16,8346,100,8344,150,8352,50,8353,250,8354,100
1577712,NASDAQ-NGUP,7366,50,7364,100,7362,150,7370,50,7372,100,7374,150
1577712,NASDAQ-SIMP,10051,50,10050,100,10049,150,10055,2,10056,200,10057,250
1577712,NASDAQ-ZITO,8091,50,8090,100,8089,150,8096,37,8097,250,8104,100
1577989,NASDAQ-CARD,10432,66,10431,150,10430,200,10435,338,10436,130,10437,150
1577989,NASDAQ-DLKV,9972,50,9971,100,9970,150,9975,95,9976,150,9977,200
1577989,NASDAQ-ETFB,11638,50,11636,100,11634,150,11648,100,11650,250,11790,59
1577989,NASDAQ-ETFB3,9621,50,9620,100,9619,150,9623,50,9624,100,9625,150
1577989,NASDAQ-FSR,9541,100,9539,150,9537,200,9549,9,9551,150,9553,200
1577989,NASDAQ-GOLD,9612,100,9611,150,9610,200,9618,85,9619,250,9691,20
1577989,NASDAQ-HT,10938,50,10936,100,10934,150,10944,100,10946,150,10948,200
1577989,NASDAQ-INA,10509,50,10507,100,10505,160,10517,52,10519,200,10521,250
1577989,NASDAQ-KOTD,8330,50,8328,100,8326,150,8334,30,8336,100,8338,150
1577989,NASDAQ-NGUP,7361,50,7359,100,7357,150,7369,51,7371,200,7373,250
1577989,NASDAQ-SIMP,10048,50,10047,100,10046,150,10050,32,10051,100,10052,150
1577989,NASDAQ-ZITO,8080,50,8079,100,8078,150,8082,15,8083,100,8084,150
1578360,NASDAQ-CARD,10429,100,10428,150,10427,200,10434,101,10435,488,10436,280
1578360,NASDAQ-DLKV,9965,50,9964,100,9963,150,9971,224,10096,20,10169,20
1578360,NASDAQ-ETFB,11654,46,11652,100,11650,150,11658,44,11660,100,11662,150
1578360,NASDAQ-ETFB3,9617,9,9520,25,9487,26,9623,50,9624,100,9625,150
1578360,NASDAQ-FSR,9530,30,9528,100,9526,150,9542,111,9617,20,9657,55
1578360,NASDAQ-GOLD,9602,30,9601,100,9600,150,9606,21,9607,200,9608,250
1578360,NASDAQ-HT,10982,61,10980,150,10978,200,10988,50,10990,100,10992,150
1578360,NASDAQ-INA,10536,60,10534,150,10532,200,10542,50,10544,100,10546,150
1578360,NASDAQ-KOTD,8343,10,8341,100,8339,150,8347,40,8349,100,8351,150
1578360,NASDAQ-NGUP,7339,50,7337,100,7335,150,7349,98,7351,250,7378,3
1578360,NASDAQ-SIMP,10023,50,10022,100,10021,150,10028,130,10029,250,10049,55
1578360,NASDAQ-ZITO,8072,50,8071,100,8070,150,8075,85,8076,150,8077,200
1578683,NASDAQ-CARD,10437,45,10436,250,10422,20,10440,20,10442,50,10443,100
1578683,NASDAQ-DLKV,9972,70,9971,200,9970,250,9978,150,9979,200,9980,250
1578683,NASDAQ-ETFB,11654,50,11652,100,11650,150,11660,100,11662,150,11664,200
1578683,NASDAQ-ETFB3,9629,50,9628,100,9627,150,9631,50,9632,100,9633,150
1578683,NASDAQ-FSR,9533,50,9531,100,9529,150,9541,89,9543,200,9545,250
1578683,NASDAQ-GOLD,9574,50,9573,100,9572,150,9576,10,9577,100,9578,150
1578683,NASDAQ-HT,10912,50,10910,100,10908,150,10916,30,10918,100,10920,150
1578683,NASDAQ-INA,10524,50,10522,100,10520,150,10528,20,10530,100,10532,150
1578683,NASDAQ-KOTD,8335,20,8334,50,8332,100,8338,40,8340,100,8342,150
1578683,NASDAQ-NGUP,7315,30,7313,100,7311,150,7319,50,7321,100,7323,150
1578683,NASDAQ-SIMP,10031,100,10030,150,10029,200,10034,50,10035,100,10036,150
1578683,NASDAQ-ZITO,8056,30,8055,120,8054,150,8058,30,8059,100,8060,150
1578978,NASDAQ-CARD,10383,50,10382,100,10381,150,10385,30,10386,100,10387,150
1578978,NASDAQ-DLKV,9946,50,9945,100,9944,150,9949,8,9950,150,9951,200
1578978,NASDAQ-ETFB,11661,10,11658,111,11656,250,11668,50,11670,100,11672,150
1578978,NASDAQ-ETFB3,9628,11,9627,150,9626,200,9630,55,9631,50,9632,100
1578978,NASDAQ-FSR,9523,30,9521,100,9519,150,9527,50,9529,100,9531,150
1578978,NASDAQ-GOLD,9614,50,9613,100,9612,150,9616,50,9617,100,9618,150
1578978,NASDAQ-HT,10930,30,10928,100,10926,150,10934,50,10936,100,10938,150
1578978,NASDAQ-INA,10523,100,10521,150,10519,200,10529,46,10531,100,10533,150
1578978,NASDAQ-KOTD,8325,50,8323,100,8322,20,8329,18,8331,100,8333,150
1578978,NASDAQ-NGUP,7302,50,7300,100,7298,150,7312,175,7314,250,7378,3
1578978,NASDAQ-SIMP,10019,50,10018,100,10017,170,10022,18,10023,150,10024,200
1578978,NASDAQ-ZITO,8073,40,8072,150,8071,200,8076,50,8077,100,8078,150
1579267,NASDAQ-CARD,10375,50,10374,100,10373,150,10378,85,10379,150,10380,200
1579267,NASDAQ-DLKV,9967,72,9966,150,9965,200,9970,5,9971,100,9972,307
1579267,NASDAQ-ETFB,11656,4,11654,100,11652,150,11662,100,11664,150,11666,200
1579267,NASDAQ-ETFB3,9627,50,9626,100,9625,150,9628,25,9630,117,9631,150
1579267,NASDAQ-FSR,9513,50,9511,100,9509,150,9540,55,9617,20,9657,55
1579267,NASDAQ-GOLD,9607,50,9606,100,9605,150,9610,90,9611,150,9612,200
1579267,NASDAQ-HT,10929,50,10927,100,10925,170,10933,15,10935,100,10937,150
1579267,NASDAQ-INA,10517,150,10515,250,10328,10,10535,150,10918,17,10947,20
1579267,NASDAQ-KOTD,8330,20,8328,100,8326,150,8334,50,8336,100,8338,150
1579267,NASDAQ-NGUP,7302,80,7300,150,7298,200,7312,84,7314,200,7316,250
1579267,NASDAQ-SIMP,10038,23,10037,100,10036,150,10040,50,10041,100,10042,150
1579267,NASDAQ-ZITO,8067,30,8066,100,8065,150,8069,5,8070,100,8071,150
1579402,NASDAQ-CARD,10392,100,10391,150,10390,200,10395,50,10396,100,10397,150
1579402,NASDAQ-DLKV,10007,143,10005,200,10003,250,10015,50,10017,100,10019,150
1579402,NASDAQ-ETFB,11642,50,11640,100,11638,150,11646,29,11648,100,11650,150
1579402,NASDAQ-ETFB3,9634,28,9633,100,9632,150,9636,50,9637,100,9638,150
1579402,NASDAQ-FSR,9507,30,9505,100,9503,150,9511,40,9513,100,9515,150
1579402,NASDAQ-GOLD,9606,30,9605,100,9604,150,9608,42,9609,100,9610,150
1579402,NASDAQ-HT,10945,40,10943,100,10941,150,10949,50,10951,100,10953,150
1579402,NASDAQ-INA,10494,50,10492,100,10490,150,10498,38,10500,100,10502,150
1579402,NASDAQ-KOTD,8323,50,8322,20,8321,100,8327,40,8329,100,8331,150
1579402,NASDAQ-NGUP,7296,50,7294,100,7292,150,7300,50,7302,100,7304,150
1579402,NASDAQ-SIMP,10017,20,10015,50,10014,136,10019,72,10020,200,10021,250
1579402,NASDAQ-ZITO,8067,40,8066,100,8065,150,8069,50,8070,100,8071,150
1579631,NASDAQ-CARD,10369,50,10368,100,10367,150,10374,175,10375,250,10394,72
1579631,NASDAQ-DLKV,9981,50,9980,100,9979,150,9984,55,9985,150,9986,200
1579631,NASDAQ-ETFB,11638,140,11636,200,11634,250,11646,50,11648,100,11650,150
1579631,NASDAQ-ETFB3,9632,50,9631,100,9630,150,9634,150,9635,100,9636,150
1579631,NASDAQ-FSR,9519,50,9517,100,9515,150,9523,50,9525,100,9527,150
1579631,NASDAQ-GOLD,9595,50,9594,100,9593,150,9600,122,9601,250,9691,20
1579631,NASDAQ-HT,10937,50,10935,100,10933,150,10941,50,10943,100,10945,150
1579631,NASDAQ-INA,10486,50,10484,100,10482,150,10490,42,10492,100,10494,150
1579631,NASDAQ-KOTD,8327,50,8325,100,8323,150,8335,150,8337,200,8339,250
1579631,NASDAQ-NGUP,7308,90,7306,150,7304,200,7312,1,7314,50,7316,100
1579631,NASDAQ-SIMP,10036,50,10035,100,10034,150,10038,50,10039,155,10040,150
1579631,NASDAQ-ZITO,8068,50,8067,100,8066,150,8070,50,8071,100,8072,150
1579919,NASDAQ-CARD,10378,35,10377,200,10376,250,10382,30,10383,100,10384,150
1579919,NASDAQ-DLKV,9996,200,9994,250,9964,20,10006,50,10008,100,10010,150
1579919,NASDAQ-ETFB,11647,50,11645,100,11643,150,11655,150,11657,200,11659,250
1579919,NASDAQ-ETFB3,9625,50,9624,100,9623,150,9628,30,9629,150,9630,200
1579919,NASDAQ-FSR,9526,81,9524,200,9522,250,9534,40,9536,100,9538,150
1579919,NASDAQ-GOLD,9589,200,9588,250,9539,20,9596,80,9597,200,9598,250
1579919,NASDAQ-HT,10951,50,10949,100,10947,150,10955,50,10957,100,10959,150
1579919,NASDAQ-INA,10493,130,10491,200,10489,250,10501,50,10503,100,10505,150
1579919,NASDAQ-KOTD,8329,50,8327,100,8325,150,8337,119,8339,200,8341,250
1579919,NASDAQ-NGUP,7292,50,7290,100,7288,150,7296,9,7298,100,7300,150
1579919,NASDAQ-SIMP,10020,50,10019,100,10018,150,10024,44,10025,200,10026,250
1579919,NASDAQ-ZITO,8077,30,8076,100,8075,150,8079,50,8080,100,8081,150
1580191,NASDAQ-CARD,10605,4,10604,100,10603,150,10606,30,10607,50,10608,120
1580191,NASDAQ-DLKV,10045,50,10043,100,10041,150,10049,50,10051,100,10053,150
1580191,NASDAQ-ETFB,11638,50,11636,100,11634,150,11642,50,11644,100,11646,150
1580191,NASDAQ-ETFB3,9625,50,9624,100,9623,150,9628,50,9629,150,9630,200
1580191,NASDAQ-FSR,9537,50,9535,100,9533,150,9540,55,9541,50,9543,100
1580191,NASDAQ-GOLD,9620,140,9619,200,9618,250,9624,50,9625,100,9626,150
1580191,NASDAQ-HT,10954,9,10952,100,10950,150,10958,50,10960,100,10962,150
1580191,NASDAQ-INA,10515,110,10513,200,10511,250,10523,50,10525,100,10527,150
1580191,NASDAQ-KOTD,8327,50,8325,100,8323,150,8333,46,8335,150,8337,200
1580191,NASDAQ-NGUP,7304,40,7302,150,7300,200,7310,50,7312,102,7314,150
1580191,NASDAQ-SIMP,10035,15,10034,150,10033,200,10037,55,10038,50,10039,155
1580191,NASDAQ-ZITO,8084,50,8083,100,8082,150,8086,50,8087,100,8088,150
1580461,NASDAQ-CARD,10596,50,10595,150,10594,200,10600,20,10601,150,10602,200
1580461,NASDAQ-DLKV,10032,50,10030,100,10029,20,10038,58,10040,150,10042,200
1580461,NASDAQ-ETFB,11632,50,11630,100,11628,150,11644,250,11790,59,11804,56
1580461,NASDAQ-ETFB3,9628,25,9624,100,9623,150,9629,9,9630,200,9631,250
1580461,NASDAQ-FSR,9553,50,9551,100,9549,150,9557,50,9559,100,9561,150
1580461,NASDAQ-GOLD,9618,100,9617,150,9616,200,9621,50,9622,100,9623,150
1580461,NASDAQ-HT,10933,50,10931,100,10929,150,10939,70,10941,150,10943,200
1580461,NASDAQ-INA,10533,134,10531,250,10328,10,10543,50,10545,100,10547,150
1580461,NASDAQ-KOTD,8353,50,8351,150,8349,200,8359,50,8361,100,8363,150
1580461,NASDAQ-NGUP,7278,50,7276,100,7274,170,7288,6,7290,250,7312,2
1580461,NASDAQ-SIMP,10014,36,10010,50,10009,100,10037,54,10039,55,10049,55
1580461,NASDAQ-ZITO,8075,50,8074,100,8073,150,8077,50,8078,100,8079,150
1580738,NASDAQ-CARD,10605,100,10604,150,10603,200,10608,70,10609,100,10610,150
1580738,NASDAQ-DLKV,10056,50,10054,100,10052,150,10060,50,10062,100,10064,150
1580738,NASDAQ-ETFB,11631,50,11629,100,11627,150,11639,143,11641,200,11643,250
1580738,NASDAQ-ETFB3,9605,50,9604,100,9603,150,9609,112,9610,200,9611,250
1580738,NASDAQ-FSR,9567,20,9565,100,9563,150,9571,50,9573,100,9575,150
1580738,NASDAQ-GOLD,9599,50,9598,100,9597,150,9601,50,9602,100,9603,150
1580738,NASDAQ-HT,10915,50,10913,100,10911,150,10921,90,10923,150,10925,200
1580738,NASDAQ-INA,10512,50,10510,100,10508,150,10516,50,10518,100,10520,150
1580738,NASDAQ-KOTD,8362,40,8360,100,8358,150,8366,50,8368,100,8370,150
1580738,NASDAQ-NGUP,7289,30,7287,150,7285,200,7295,40,7297,100,7299,150
1580738,NASDAQ-SIMP,10014,76,10013,100,10012,150,10016,50,10017,100,10018,150
1580738,NASDAQ-ZITO,8103,50,8102,100,8101,150,8104,100,8105,200,8106,300
1581056,NASDAQ-CARD,10670,1,10669,200,10668,250,10674,50,10675,100,10676,150
1581056,NASDAQ-DLKV,10016,50,10014,100,10012,150,10020,50,10022,100,10024,150
1581056,NASDAQ-ETFB,11624,50,11622,100,11620,150,11630,59,11632,150,11634,200
1581056,NASDAQ-ETFB3,9599,50,9598,100,9597,150,9602,42,9603,150,9604,200
1581056,NASDAQ-FSR,9555,50,9553,100,9551,150,9559,50,9561,100,9563,150
1581056,NASDAQ-GOLD,9599,50,9598,100,9597,150,9603,150,9604,200,9605,250
1581056,NASDAQ-HT,10912,50,10910,100,10908,150,10916,50,10918,100,10920,150
1581056,NASDAQ-INA,10507,50,10505,100,10503,150,10513,70,10515,150,10517,200
1581056,NASDAQ-KOTD,8379,49,8377,100,8375,150,8383,50,8385,100,8387,150
1581056,NASDAQ-NGUP,7291,60,7289,150,7287,200,7297,50,7299,100,7301,150
1581056,NASDAQ-SIMP,10002,50,10001,100,10000,150,10005,81,10006,150,10007,200
1581056,NASDAQ-ZITO,8103,50,8102,100,8101,150,8104,100,8105,200,8106,300
1581399,NASDAQ-CARD,10696,11,10695,200,10694,250,10700,70,10701,100,10702,150
1581399,NASDAQ-DLKV,10007,10,10004,50,10002,100,10010,93,10012,150,10014,200
1581399,NASDAQ-ETFB,11625,43,11623,100,11621,150,11631,100,11633,150,11635,200
1581399,NASDAQ-ETFB3,9596,25,9595,100,9594,150,9601,8,9602,250,9650,20
1581399,NASDAQ-FSR,9583,145,9581,200,9579,250,9591,50,9593,100,9595,150
1581399,NASDAQ-GOLD,9598,100,9597,250,9539,20,9604,100,9605,150,9606,200
1581399,NASDAQ-HT,10866,50,10864,100,10862,150,10870,50,10872,100,10874,150
1581399,NASDAQ-INA,10495,50,10493,100,10491,150,10501,70,10503,150,10505,200
1581399,NASDAQ-KOTD,8342,50,8340,100,8338,150,8346,50,8348,100,8350,150
1581399,NASDAQ-NGUP,7285,50,7283,100,7281,150,7293,105,7295,200,7297,250
1581399,NASDAQ-SIMP,10022,14,10021,100,10020,150,10024,50,10025,100,10026,150
1581399,NASDAQ-ZITO,8096,50,8095,100,8094,150,8098,50,8099,100,8100,150
1581731,NASDAQ-CARD,10692,50,10691,100,10690,150,10697,175,10698,250,10699,324
1581731,NASDAQ-DLKV,10000,100,9998,150,9996,200,10012,194,10014,250,10037,20
1581731,NASDAQ-ETFB,11625,50,11623,100,11621,150,11633,150,11635,200,11637,250
1581731,NASDAQ-ETFB3,9608,26,9607,100,9606,150,9610,50,9611,100,9612,150
1581731,NASDAQ-FSR,9577,150,9535,10,9497,20,9590,55,9591,100,9593,150
1581731,NASDAQ-GOLD,9607,30,9606,150,9605,200,9611,100,9612,150,9613,200
1581731,NASDAQ-HT,10858,50,10856,100,10854,150,10862,50,10864,100,10866,150
1581731,NASDAQ-INA,10527,130,10525,200,10523,250,10535,50,10537,100,10539,150
1581731,NASDAQ-KOTD,8347,69,8345,200,8343,250,8355,50,8357,100,8359,150
1581731,NASDAQ-NGUP,7306,130,7304,200,7302,250,7312,2,7314,50,7316,100
1581731,NASDAQ-SIMP,10005,50,10004,100,10003,222,10007,50,10008,100,10009,150
1581731,NASDAQ-ZITO,8083,50,8082,100,8081,150,8085,50,8086,100,8087,150
1582045,NASDAQ-CARD,10533,50,10532,100,10531,150,10537,6,10538,200,10539,250
1582045,NASDAQ-DLKV,9987,50,9986,100,9985,150,9990,90,9991,150,9992,200
1582045,NASDAQ-ETFB,11623,100,11621,150,11619,200,11637,67,11790,59,11804,56
1582045,NASDAQ-ETFB3,9606,50,9605,200,9604,250,9613,100,9614,250,9643,55
1582045,NASDAQ-FSR,9612,83,9610,150,9608,200,9617,20,9618,50,9620,100
1582045,NASDAQ-GOLD,9619,50,9618,100,9617,150,9621,50,9622,100,9623,150
1582045,NASDAQ-HT,10824,50,10822,100,10820,150,10828,50,10830,100,10832,150
1582045,NASDAQ-INA,10512,200,10510,250,10328,10,10522,50,10524,100,10526,150
1582045,NASDAQ-KOTD,8355,45,8353,150,8351,200,8361,50,8363,100,8365,150
1582045,NASDAQ-NGUP,7305,50,7303,100,7301,150,7309,24,7311,100,7312,2
1582045,NASDAQ-SIMP,10017,50,10016,100,10015,150,10019,50,10020,100,10021,150
1582045,NASDAQ-ZITO,8085,50,8084,100,8083,150,8090,200,8091,250,8104,100
1582336,NASDAQ-CARD,10496,50,10495,100,10494,150,10499,18,10500,150,10501,200
1582336,NASDAQ-DLKV,9990,100,9989,150,9988,200,9993,50,9994,100,9995,150
1582336,NASDAQ-ETFB,11645,50,11643,150,11641,200,11651,50,11653,100,11655,150
1582336,NASDAQ-ETFB3,9608,50,9607,100,9606,150,9612,80,9613,200,9614,250
1582336,NASDAQ-FSR,9609,150,9607,200,9605,250,9617,10,9619,100,9621,150
1582336,NASDAQ-GOLD,9602,50,9601,100,9600,150,9605,90,9606,150,9607,200
1582336,NASDAQ-HT,10871,10,10869,100,10867,150,10875,50,10877,100,10879,150
1582336,NASDAQ-INA,10506,150,10504,250,10328,10,10520,150,10522,200,10524,250
1582336,NASDAQ-KOTD,8359,125,8357,250,8322,20,8369,50,8371,100,8373,150
1582336,NASDAQ-NGUP,7308,100,7306,150,7304,200,7312,2,7314,50,7316,100
1582336,NASDAQ-SIMP,10023,50,10022,100,10021,150,10025,50,10026,100,10027,150
1582336,NASDAQ-ZITO,8076,50,8075,100,8074,150,8079,50,8080,150,8081,200
1582651,NASDAQ-CARD,10497,61,10496,150,10495,200,10500,50,10501,100,10502,150
1582651,NASDAQ-DLKV,10023,150,10021,200,10019,250,10031,50,10033,100,10035,150
1582651,NASDAQ-ETFB,11671,80,11669,150,11667,200,11677,50,11679,100,11681,150
1582651,NASDAQ-ETFB3,9626,50,9625,100,9624,150,9628,50,9629,100,9630,150
1582651,NASDAQ-FSR,9604,30,9602,100,9600,150,9608,30,9610,100,9612,150
1582651,NASDAQ-GOLD,9646,170,9645,250,9539,20,9651,50,9652,100,9653,150
1582651,NASDAQ-HT,10886,100,10884,150,10882,200,10892,50,10894,100,10896,150
1582651,NASDAQ-INA,10480,50,10478,100,10476,150,10490,180,10492,250,10918,17
1582651,NASDAQ-KOTD,8332,50,8330,100,8328,150,8336,50,8338,100,8340,150
1582651,NASDAQ-NGUP,7315,30,7313,150,7311,200,7320,1,7321,50,7323,100
1582651,NASDAQ-SIMP,10013,50,10012,100,10011,150,10018,178,10019,250,10024,55
1582651,NASDAQ-ZITO,8068,30,8067,100,8066,150,8070,10,8071,100,8072,150
1582977,NASDAQ-CARD,10484,50,10483,100,10482,150,10486,40,10487,100,10488,150
1582977,NASDAQ-DLKV,9988,50,9987,100,9986,150,9990,40,9991,100,9992,150
1582977,NASDAQ-ETFB,11669,150,11667,200,11665,250,11677,50,11679,100,11681,150
1582977,NASDAQ-ETFB3,9641,50,9640,100,9639,150,9643,105,9644,100,9645,150
1582977,NASDAQ-FSR,9579,50,9577,100,9575,150,9583,40,9585,100,9587,150
1582977,NASDAQ-GOLD,9615,50,9614,100,9613,150,9617,30,9618,100,9619,150
1582977,NASDAQ-HT,10871,50,10869,100,10867,150,10875,20,10877,100,10879,150
1582977,NASDAQ-INA,10507,50,10505,100,10503,150,10511,50,10513,100,10515,150
1582977,NASDAQ-KOTD,8344,50,8342,100,8340,150,8348,50,8350,100,8352,150
1582977,NASDAQ-NGUP,7325,50,7323,100,7321,150,7329,50,7330,3,7331,100
1582977,NASDAQ-SIMP,10015,10,10014,150,10013,200,10017,57,10018,50,10019,100
1582977,NASDAQ-ZITO,8061,50,8060,100,8059,150,8118,10,8120,55,8130,10
1583272,NASDAQ-CARD,10479,50,10478,100,10477,150,10481,50,10482,100,10483,150
1583272,NASDAQ-DLKV,9991,60,9990,100,9989,150,9996,200,9997,250,10023,50
1583272,NASDAQ-ETFB,11669,149,11667,200,11665,250,11677,50,11679,100,11681,150
1583272,NASDAQ-ETFB3,9638,150,9637,250,9629,10,9641,30,9643,105,9644,100
1583272,NASDAQ-FSR,9579,105,9577,200,9575,250,9582,45,9587,50,9589,100
1583272,NASDAQ-GOLD,9609,50,9608,100,9607,150,9614,160,9615,250,9691,20
1583272,NASDAQ-HT,10838,50,10836,100,10834,150,10842,30,10844,100,10846,150
1583272,NASDAQ-INA,10517,20,10515,100,10513,150,10521,50,10523,100,10525,150
1583272,NASDAQ-KOTD,8345,50,8343,100,8341,150,8349,50,8351,100,8353,150
1583272,NASDAQ-NGUP,7323,30,7321,110,7319,150,7327,20,7329,100,7331,150
1583272,NASDAQ-SIMP,10002,50,10001,100,10000,150,10005,94,10006,150,10007,200
1583272,NASDAQ-ZITO,8072,50,8071,100,8070,150,8074,50,8075,100,8076,150
1583567,NASDAQ-CARD,10482,130,10481,200,10480,250,10486,50,10487,100,10488,150
1583567,NASDAQ-DLKV,9987,30,9986,100,9985,150,9990,75,9991,150,9992,200
1583567,NASDAQ-ETFB,11649,50,11647,100,11645,150,11653,50,11655,100,11657,150
1583567,NASDAQ-ETFB3,9618,50,9617,100,9616,150,9620,50,9621,100,9622,150
1583567,NASDAQ-FSR,9596,190,9594,250,9552,20,9606,50,9608,100,9610,150
1583567,NASDAQ-GOLD,9599,30,9598,100,9597,150,9601,20,9602,100,9603,150
1583567,NASDAQ-HT,10871,80,10869,150,10867,200,10877,50,10879,120,10881,150
1583567,NASDAQ-INA,10503,50,10501,100,10499,150,10509,27,10511,150,10513,200
1583567,NASDAQ-KOTD,8344,31,8342,100,8340,150,8350,100,8352,150,8354,200
1583567,NASDAQ-NGUP,7348,50,7346,100,7344,150,7352,52,7354,100,7356,150
1583567,NASDAQ-SIMP,10016,62,10015,200,10014,250,10020,50,10021,100,10022,150
1583567,NASDAQ-ZITO,8071,50,8070,100,8069,150,8074,9,8075,150,8076,200
1583737,NASDAQ-CARD,10491,50,10490,100,10489,150,10493,50,10494,100,10495,150
1583737,NASDAQ-DLKV,9980,50,9979,100,9978,150,9982,50,9983,100,9984,150
1583737,NASDAQ-ETFB,11649,50,11647,100,11645,150,11655,100,11657,150,11659,200
1583737,NASDAQ-ETFB3,9618,50,9617,100,9616,150,9621,100,9622,150,9623,200
1583737,NASDAQ-FSR,9606,50,9604,100,9602,150,9610,50,9612,100,9614,150
1583737,NASDAQ-GOLD,9589,50,9588,100,9587,150,9591,50,9592,100,9593,150
1583737,NASDAQ-HT,10892,30,10890,100,10888,150,10896,50,10898,100,10900,150
1583737,NASDAQ-INA,10496,50,10494,100,10492,150,10500,50,10502,100,10504,150
1583737,NASDAQ-KOTD,8347,50,8345,100,8343,150,8351,50,8353,100,8355,150
1583737,NASDAQ-NGUP,7341,50,7339,100,7337,150,7345,50,7347,100,7349,150
1583737,NASDAQ-SIMP,9988,122,9986,20,9985,50,9989,150,9990,200,9991,250
1583737,NASDAQ-ZITO,8065,50,8064,100,8063,150,8067,50,8068,100,8069,150
1584048,NASDAQ-CARD,10232,50,10231,100,10230,150,10237,170,10238,250,10530,20
1584048,NASDAQ-DLKV,9994,50,9993,100,9992,150,9996,50,9997,100,9998,150
1584048,NASDAQ-ETFB,11648,60,11647,100,11645,150,11657,150,11659,200,11661,250
1584048,NASDAQ-ETFB3,9617,50,9616,100,9615,150,9622,200,9623,250,9638,80
1584048,NASDAQ-FSR,9590,30,9588,100,9586,150,9594,50,9596,100,9598,150
1584048,NASDAQ-GOLD,9580,50,9579,100,9578,150,9585,200,9586,250,9691,20
1584048,NASDAQ-HT,10922,50,10920,150,10918,200,10925,20,10928,50,10930,100
1584048,NASDAQ-INA,10502,199,10500,250,10475,20,10512,50,10514,100,10516,150
1584048,NASDAQ-KOTD,8384,92,8382,150,8380,200,8390,50,8392,100,8394,150
1584048,NASDAQ-NGUP,7341,50,7339,100,7337,150,7347,100,7349,150,7351,200
1584048,NASDAQ-SIMP,10014,50,10013,100,10012,150,10016,50,10017,100,10018,150
1584048,NASDAQ-ZITO,8066,50,8065,100,8064,150,8069,100,8070,150,8071,200
1584432,NASDAQ-CARD,10223,50,10222,100,10221,150,10229,61,10236,360,10258,55
1584432,NASDAQ-DLKV,10019,50,10017,100,10015,150,10023,50,10024,21,10025,100
1584432,NASDAQ-ETFB,11651,50,11649,150,11648,30,11663,200,11665,250,11790,59
1584432,NASDAQ-ETFB3,9622,69,9621,150,9620,200,9625,50,9626,100,9627,150
1584432,NASDAQ-FSR,9566,50,9564,100,9562,150,9570,50,9572,100,9574,150
1584432,NASDAQ-GOLD,9602,90,9601,150,9600,200,9605,50,9606,100,9607,150
1584432,NASDAQ-HT,10894,50,10892,100,10890,150,10900,91,10902,150,10904,200
1584432,NASDAQ-INA,10505,34,10503,200,10501,250,10513,50,10515,100,10517,150
1584432,NASDAQ-KOTD,8368,50,8366,100,8364,150,8372,50,8374,100,8376,150
1584432,NASDAQ-NGUP,7330,50,7328,100,7326,150,7336,76,7338,150,7340,200
1584432,NASDAQ-SIMP,9986,50,9985,100,9984,150,9988,50,9989,100,9990,150
1584432,NASDAQ-ZITO,8038,20,8037,50,8036,100,8042,35,8043,250,8093,20
1584715,NASDAQ-CARD,10259,94,10258,250,10233,36,10264,50,10265,100,10266,150
1584715,NASDAQ-DLKV,10019,30,10017,100,10015,150,10025,8,10027,150,10029,200
1584715,NASDAQ-ETFB,11650,46,11648,130,11646,150,11654,40,11656,100,11658,150
1584715,NASDAQ-ETFB3,9612,76,9611,100,9610,150,9614,11,9615,100,9616,150
1584715,NASDAQ-FSR,9574,30,9572,150,9570,200,9580,50,9582,100,9584,150
1584715,NASDAQ-GOLD,9590,50,9589,100,9588,150,9592,46,9593,100,9594,150
1584715,NASDAQ-HT,10890,50,10888,100,10886,150,10896,18,10898,150,10900,200
1584715,NASDAQ-INA,10546,20,10544,100,10542,150,10550,50,10552,100,10554,150
1584715,NASDAQ-KOTD,8378,27,8376,100,8374,150,8382,50,8384,100,8386,150
1584715,NASDAQ-NGUP,7312,30,7310,100,7308,150,7316,20,7318,100,7320,150
1584715,NASDAQ-SIMP,9975,50,9974,100,9973,150,9979,51,9980,200,9981,250
1584715,NASDAQ-ZITO,8057,25,8056,150,8055,200,8060,50,8061,100,8062,150
1584944,NASDAQ-CARD,10496,131,10495,200,10494,250,10500,50,10501,100,10502,150
1584944,NASDAQ-DLKV,10085,50,10083,100,10081,150,10089,50,10091,100,10093,150
1584944,NASDAQ-ETFB,11674,50,11672,100,11670,150,11678,50,11680,100,11682,150
1584944,NASDAQ-ETFB3,9612,76,9611,100,9610,150,9614,25,9615,100,9616,150
1584944,NASDAQ-FSR,9552,20,9535,4,9497,20,9579,45,9593,5,9598,50
1584944,NASDAQ-GOLD,9614,25,9613,100,9612,150,9616,50,9617,100,9618,150
1584944,NASDAQ-HT,10889,50,10887,100,10885,150,10895,65,10897,150,10899,200
1584944,NASDAQ-INA,10536,50,10534,100,10532,150,10540,25,10542,100,10544,150
1584944,NASDAQ-KOTD,8395,50,8393,100,8391,150,8399,50,8401,100,8403,150
1584944,NASDAQ-NGUP,7309,50,7307,100,7305,150,7317,150,7319,200,7321,250
1584944,NASDAQ-SIMP,9986,69,9985,200,9984,250,9990,50,9991,100,9992,150
1584944,NASDAQ-ZITO,8051,50,8050,100,8049,150,8053,50,8054,100,8055,150
1585169,NASDAQ-CARD,10524,14,10523,150,10522,200,10527,50,10528,100,10529,150
1585169,NASDAQ-DLKV,10076,30,10074,100,10072,150,10080,50,10082,100,10084,150
1585169,NASDAQ-ETFB,11652,50,11650,100,11648,180,11658,100,11660,150,11662,200
1585169,NASDAQ-ETFB3,9614,25,9613,100,9612,176,9618,150,9619,200,9620,250
1585169,NASDAQ-FSR,9583,90,9581,150,9579,200,9589,50,9591,100,9593,155
1585169,NASDAQ-GOLD,9646,50,9645,250,9586,10,9651,50,9652,100,9653,150
1585169,NASDAQ-HT,10883,50,10881,100,10879,150,10889,85,10891,150,10893,200
1585169,NASDAQ-INA,10564,25,10562,100,10560,150,10568,50,10570,100,10572,150
1585169,NASDAQ-KOTD,8415,50,8413,100,8411,150,8419,50,8421,100,8423,150
1585169,NASDAQ-NGUP,7333,25,7331,100,7329,150,7337,50,7339,100,7341,150
1585169,NASDAQ-SIMP,9976,86,9975,100,9974,150,9982,39,9998,55,10019,36
1585169,NASDAQ-ZITO,8065,50,8064,100,8063,150,8067,50,8068,100,8069,150
1585302,NASDAQ-CARD,10524,50,10523,100,10522,150,10526,50,10527,100,10528,150
1585302,NASDAQ-DLKV,10077,50,10075,100,10073,150,10081,50,10083,100,10085,150
1585302,NASDAQ-ETFB,11649,50,11648,30,11647,100,11659,200,11661,250,11790,59
1585302,NASDAQ-ETFB3,9614,50,9613,100,9612,176,9618,57,9619,200,9620,250
1585302,NASDAQ-FSR,9574,50,9572,100,9570,150,9578,50,9580,100,9582,150
1585302,NASDAQ-GOLD,9634,50,9633,100,9632,150,9636,50,9637,100,9638,150
1585302,NASDAQ-HT,10892,59,10890,150,10888,200,10898,50,10900,100,10902,150
1585302,NASDAQ-INA,10599,50,10597,100,10595,150,10603,50,10605,100,10607,150
1585302,NASDAQ-KOTD,8391,50,8389,120,8387,150,8395,50,8397,100,8399,150
1585302,NASDAQ-NGUP,7319,50,7317,100,7315,150,7323,50,7325,100,7327,150
1585302,NASDAQ-SIMP,9991,50,9990,100,9989,150,9993,50,9994,100,9995,150
1585302,NASDAQ-ZITO,8062,50,8061,100,8060,150,8064,50,8065,100,8066,150
1585550,NASDAQ-CARD,10523,50,10522,150,10521,200,10526,50,10527,100,10528,150
1585550,NASDAQ-DLKV,10113,30,10111,100,10109,150,10117,50,10119,100,10121,150
1585550,NASDAQ-ETFB,11649,50,11648,30,11647,100,11661,250,11790,59,11804,56
1585550,NASDAQ-ETFB3,9622,50,9621,100,9620,150,9624,50,9625,100,9626,150
1585550,NASDAQ-FSR,9593,30,9552,20,9535,4,9605,105,9607,100,9609,150
1585550,NASDAQ-GOLD,9629,150,9628,200,9627,250,9633,40,9634,100,9635,150
1585550,NASDAQ-HT,10877,50,10875,100,10873,150,10881,30,10883,100,10885,150
1585550,NASDAQ-INA,10540,23,10475,20,10471,20,10619,50,10621,100,10623,150
1585550,NASDAQ-KOTD,8402,61,8400,200,8398,250,8410,50,8412,100,8414,150
1585550,NASDAQ-NGUP,7316,50,7314,100,7312,150,7322,93,7324,150,7326,200
1585550,NASDAQ-SIMP,9995,87,9994,150,9993,200,9998,105,9999,100,10000,150
1585550,NASDAQ-ZITO,8053,50,8052,100,8051,150,8055,46,8056,100,8057,150
1585836,NASDAQ-CARD,10504,50,10503,100,10502,150,10506,50,10507,100,10508,150
1585836,NASDAQ-DLKV,10128,50,10126,100,10124,150,10132,50,10134,100,10136,150
1585836,NASDAQ-ETFB,11670,50,11668,100,11666,150,11674,50,11676,100,11678,150
1585836,NASDAQ-ETFB3,9618,50,9617,100,9616,150,9620,50,9621,100,9622,150
1585836,NASDAQ-FSR,9614,50,9612,100,9610,150,9618,50,9620,100,9622,150
1585836,NASDAQ-GOLD,9648,50,9647,100,9646,150,9650,105,9651,100,9652,150
1585836,NASDAQ-HT,10913,10,10911,100,10909,150,10917,50,10919,100,10921,150
1585836,NASDAQ-INA,10604,50,10602,100,10600,150,10608,50,10610,100,10612,150
1585836,NASDAQ-KOTD,8411,50,8410,50,8409,100,8415,50,8417,100,8419,150
1585836,NASDAQ-NGUP,7318,50,7316,100,7314,150,7322,49,7324,100,7326,150
1585836,NASDAQ-SIMP,10004,50,10003,100,10002,150,10006,50,10007,100,10008,150
1585836,NASDAQ-ZITO,8076,50,8075,100,8074,150,8078,50,8079,100,8080,150
1586071,NASDAQ-CARD,10416,50,10415,100,10414,150,10419,100,10420,150,10421,200
1586071,NASDAQ-DLKV,10119,50,10117,100,10115,150,10125,100,10127,150,10129,200
1586071,NASDAQ-ETFB,11670,50,11668,100,11666,150,11676,100,11678,150,11680,200
1586071,NASDAQ-ETFB3,9612,76,9611,100,9610,150,9614,25,9615,100,9616,150
1586071,NASDAQ-FSR,9623,83,9621,150,9619,200,9629,50,9631,100,9633,150
1586071,NASDAQ-GOLD,9656,57,9655,150,9654,200,9659,50,9660,100,9661,150
1586071,NASDAQ-HT,10871,50,10869,100,10867,150,10875,46,10877,100,10879,150
1586071,NASDAQ-INA,10649,21,10647,150,10645,200,10655,50,10657,100,10659,150
1586071,NASDAQ-KOTD,8397,50,8395,100,8393,150,8401,50,8403,100,8405,150
1586071,NASDAQ-NGUP,7332,48,7330,100,7328,150,7336,50,7337,1,7338,100
1586071,NASDAQ-SIMP,9996,50,9995,100,9994,150,9998,50,9999,100,10000,150
1586071,NASDAQ-ZITO,8087,50,8086,150,8085,200,8090,50,8091,100,8092,150
1586309,NASDAQ-CARD,10434,5,10433,100,10432,150,10436,50,10437,100,10438,150
1586309,NASDAQ-DLKV,10113,50,10111,100,10109,150,10119,25,10121,150,10123,200
1586309,NASDAQ-ETFB,11670,50,11668,100,11666,150,11680,90,11682,250,11790,59
1586309,NASDAQ-ETFB3,9612,45,9611,100,9610,150,9617,95,9618,250,9643,55
1586309,NASDAQ-FSR,9618,50,9616,100,9614,150,9622,50,9624,100,9626,150
1586309,NASDAQ-GOLD,9664,17,9663,150,9662,200,9667,50,9668,100,9669,150
1586309,NASDAQ-HT,10904,50,10902,100,10900,150,10908,50,10910,100,10912,150
1586309,NASDAQ-INA,10654,108,10652,200,10650,250,10662,50,10664,100,10666,150
1586309,NASDAQ-KOTD,8408,50,8406,100,8404,150,8412,50,8414,100,8416,150
1586309,NASDAQ-NGUP,7341,24,7339,100,7337,150,7345,50,7347,100,7349,150
1586309,NASDAQ-SIMP,10010,25,10009,100,10008,150,10012,50,10013,100,10014,150
1586309,NASDAQ-ZITO,8079,50,8078,100,8077,150,8081,25,8082,100,8083,150
1586562,NASDAQ-CARD,10406,50,10405,100,10404,150,10409,30,10410,150,10411,200
1586562,NASDAQ-DLKV,10123,43,10121,100,10119,150,10127,50,10129,100,10131,150
1586562,NASDAQ-ETFB,11702,50,11700,100,11698,150,11706,44,11708,100,11710,150
1586562,NASDAQ-ETFB3,9632,25,9631,100,9630,150,9637,120,9638,250,9643,55
1586562,NASDAQ-FSR,9586,50,9584,100,9582,150,9590,30,9592,100,9594,150
1586562,NASDAQ-GOLD,9686,45,9685,250,9586,10,9691,70,9692,100,9693,150
1586562,NASDAQ-HT,10887,50,10885,100,10883,170,10893,5,10895,150,10897,200
1586562,NASDAQ-INA,10661,30,10659,200,10657,250,10669,50,10671,100,10673,150
1586562,NASDAQ-KOTD,8416,50,8414,100,8412,150,8420,50,8422,100,8424,150
1586562,NASDAQ-NGUP,7356,17,7354,100,7352,150,7360,50,7361,3,7362,100
1586562,NASDAQ-SIMP,9997,50,9996,100,9995,150,10000,50,10001,150,10002,200
1586562,NASDAQ-ZITO,8094,30,8093,100,8092,150,8096,50,8097,100,8098,150
1586789,NASDAQ-CARD,10415,50,10414,100,10413,150,10417,50,10418,100,10419,150
1586789,NASDAQ-DLKV,10106,50,10104,100,10102,162,10110,50,10112,100,10114,150
1586789,NASDAQ-ETFB,11696,200,11694,250,11677,10,11706,50,11708,100,11710,150
1586789,NASDAQ-ETFB3,9648,50,9647,100,9646,150,9650,70,9651,125,9652,150
1586789,NASDAQ-FSR,9585,50,9583,100,9581,150,9595,200,9597,250,9657,55
1586789,NASDAQ-GOLD,9663,50,9662,100,9661,150,9665,50,9666,100,9667,150
1586789,NASDAQ-HT,10916,50,10914,100,10912,150,10920,50,10922,100,10924,150
1586789,NASDAQ-INA,10633,50,10631,100,10629,150,10918,17,10947,20,11134,20
1586789,NASDAQ-KOTD,8389,20,8387,50,8385,100,8397,200,8399,250,8527,10
1586789,NASDAQ-NGUP,7382,47,7380,150,7378,200,7385,1,7388,50,7390,100
1586789,NASDAQ-SIMP,10019,36,10018,150,10017,200,10022,50,10023,100,10024,150
1586789,NASDAQ-ZITO,8082,50,8081,100,8080,150,8086,150,8087,200,8088,250
1587041,NASDAQ-CARD,10405,50,10404,100,10403,150,10410,134,10411,250,10457,55
1587041,NASDAQ-DLKV,10118,123,10116,200,10114,250,10126,50,10128,100,10130,150
1587041,NASDAQ-ETFB,11698,134,11696,200,11694,250,11708,100,11710,150,11712,200
1587041,NASDAQ-ETFB3,9650,25,9647,100,9646,150,9651,125,9652,150,9653,200
1587041,NASDAQ-FSR,9578,70,9576,100,9574,150,9584,100,9586,150,9588,200
1587041,NASDAQ-GOLD,9690,9,9689,250,9586,10,9695,50,9696,100,9697,150
1587041,NASDAQ-HT,10936,50,10934,100,10932,150,10938,50,10940,50,10941,55
1587041,NASDAQ-INA,10593,50,10591,100,10589,150,10601,107,10603,200,10605,250
1587041,NASDAQ-KOTD,8393,50,8391,200,8389,270,8401,50,8403,100,8405,150
1587041,NASDAQ-NGUP,7340,50,7338,100,7336,150,7346,100,7348,150,7350,200
1587041,NASDAQ-SIMP,10018,150,10017,200,10016,250,10022,50,10023,100,10024,150
1587041,NASDAQ-ZITO,8084,22,8083,200,8082,250,8091,200,8092,250,8095,55
1587266,NASDAQ-CARD,10402,30,10401,150,10400,200,10407,66,10408,200,10409,286
1587266,NASDAQ-DLKV,10120,50,10118,100,10116,150,10124,50,10126,100,10128,150
1587266,NASDAQ-ETFB,11721,95,11719,150,11717,200,11727,50,11729,100,11731,150
1587266,NASDAQ-ETFB3,9669,50,9668,100,9667,150,9671,50,9672,100,9673,175
1587266,NASDAQ-FSR,9580,70,9578,162,9576,200,9586,50,9588,100,9590,150
1587266,NASDAQ-GOLD,9710,140,9709,250,9664,20,9715,50,9716,100,9717,150
1587266,NASDAQ-HT,10920,50,10918,100,10916,150,10926,13,10928,150,10930,200
1587266,NASDAQ-INA,10558,50,10556,100,10554,150,10566,149,10568,200,10570,250
1587266,NASDAQ-KOTD,8383,50,8381,100,8379,150,8387,50,8389,100,8391,150
1587266,NASDAQ-NGUP,7337,50,7335,100,7333,150,7341,50,7343,100,7345,150
1587266,NASDAQ-SIMP,10012,50,10011,100,10010,150,10015,100,10016,150,10017,200
1587266,NASDAQ-ZITO,8095,95,8094,150,8093,200,8098,50,8099,100,8100,150
1587473,NASDAQ-CARD,10401,100,10400,150,10399,200,10404,50,10405,100,10406,150
1587473,NASDAQ-DLKV,10119,150,10117,200,10115,250,10127,50,10129,100,10131,150
1587473,NASDAQ-ETFB,11728,70,11726,150,11724,200,11734,50,11736,100,11738,150
1587473,NASDAQ-ETFB3,9694,50,9693,100,9692,150,9696,50,9697,100,9698,150
1587473,NASDAQ-FSR,9552,20,9550,50,9548,100,9556,98,9558,150,9560,200
1587473,NASDAQ-GOLD,9696,50,9695,100,9694,150,9698,50,9699,100,9700,150
1587473,NASDAQ-HT,10920,50,10918,100,10916,150,10924,50,10926,100,10928,150
1587473,NASDAQ-INA,10564,50,10562,100,10560,150,10568,50,10570,100,10572,150
1587473,NASDAQ-KOTD,8370,50,8368,100,8366,150,8374,50,8376,100,8378,150
1587473,NASDAQ-NGUP,7324,50,7322,100,7320,150,7328,50,7330,100,7332,150
1587473,NASDAQ-SIMP,10019,122,10018,100,10017,150,10021,50,10022,100,10023,150
1587473,NASDAQ-ZITO,8095,50,8094,100,8093,150,8097,50,8098,100,8099,150
1587697,NASDAQ-CARD,10373,50,10372,100,10371,150,10375,50,10376,100,10377,150
1587697,NASDAQ-DLKV,10145,50,10143,100,10141,150,10149,50,10151,100,10153,150
1587697,NASDAQ-ETFB,11728,92,11726,150,11724,200,11734,50,11736,100,11738,150
1587697,NASDAQ-ETFB3,9696,55,9694,50,9693,100,9697,98,9698,150,9699,200
1587697,NASDAQ-FSR,9555,50,9553,100,9551,150,9559,50,9561,100,9563,150
1587697,NASDAQ-GOLD,9686,50,9685,100,9684,150,9688,50,9689,100,9690,150
1587697,NASDAQ-HT,10902,50,10900,100,10898,150,10906,50,10908,100,10910,150
1587697,NASDAQ-INA,10590,50,10588,100,10586,150,10594,50,10596,100,10598,150
1587697,NASDAQ-KOTD,8367,50,8365,100,8363,150,8371,50,8373,100,8375,150
1587697,NASDAQ-NGUP,7306,50,7304,100,7302,150,7310,50,7312,100,7314,150
1587697,NASDAQ-SIMP,9999,50,9998,100,9997,150,10001,30,10002,100,10003,150
1587697,NASDAQ-ZITO,8072,50,8071,100,8070,150,8074,50,8075,100,8076,150
1587967,NASDAQ-CARD,10320,50,10319,100,10318,150,10322,50,10323,100,10324,150
1587967,NASDAQ-DLKV,10142,50,10140,100,10138,150,10146,50,10148,100,10150,150
1587967,NASDAQ-ETFB,11756,70,11754,150,11752,200,11762,50,11764,100,11766,150
1587967,NASDAQ-ETFB3,9713,86,9712,200,9711,250,9717,50,9718,100,9719,150
1587967,NASDAQ-FSR,9530,50,9528,100,9526,150,9657,55,9746,10,9819,55
1587967,NASDAQ-GOLD,9687,150,9686,250,9664,20,9692,50,9693,100,9694,150
1587967,NASDAQ-HT,10891,50,10889,100,10887,150,10903,27,10936,20,10948,55
1587967,NASDAQ-INA,10620,50,10618,100,10616,150,10624,50,10626,100,10628,150
1587967,NASDAQ-KOTD,8390,50,8388,100,8386,150,8394,50,8396,100,8398,150
1587967,NASDAQ-NGUP,7309,50,7307,100,7305,150,7313,32,7315,100,7317,150
1587967,NASDAQ-SIMP,10007,50,10006,100,10005,150,10009,50,10010,100,10011,150
1587967,NASDAQ-ZITO,8086,50,8085,100,8084,150,8088,50,8089,100,8090,150
1588093,NASDAQ-CARD,10328,50,10327,100,10326,150,10330,50,10331,100,10332,150
1588093,NASDAQ-DLKV,10133,50,10131,100,10129,150,10139,40,10141,150,10143,200
1588093,NASDAQ-ETFB,11754,150,11752,200,11750,250,11762,50,11764,100,11766,150
1588093,NASDAQ-ETFB3,9717,45,9715,50,9714,100,9718,96,9719,150,9720,200
1588093,NASDAQ-FSR,9562,50,9560,100,9558,150,9566,50,9568,100,9570,150
1588093,NASDAQ-GOLD,9674,50,9673,100,9672,150,9676,50,9677,100,9678,150
1588093,NASDAQ-HT,10907,50,10905,100,10903,150,10911,50,10913,100,10915,150
1588093,NASDAQ-INA,10598,50,10596,100,10594,150,10602,50,10604,100,10606,150
1588093,NASDAQ-KOTD,8395,100,8393,150,8391,200,8401,50,8403,100,8405,150
1588093,NASDAQ-NGUP,7309,90,7307,150,7305,200,7315,50,7317,100,7319,150
1588093,NASDAQ-SIMP,9993,50,9992,100,9991,150,9996,8,9997,150,9998,200
1588093,NASDAQ-ZITO,8074,50,8073,100,8072,150,8076,50,8077,100,8078,150
1588341,NASDAQ-CARD,10324,50,10323,100,10322,180,10327,75,10328,150,10329,200
1588341,NASDAQ-DLKV,10123,50,10121,100,10119,150,10133,116,10135,250,10169,20
1588341,NASDAQ-ETFB,11752,100,11750,150,11748,200,11758,50,11760,100,11762,150
1588341,NASDAQ-ETFB3,9724,80,9723,250,9697,105,9729,50,9730,100,9731,150
1588341,NASDAQ-FSR,9549,50,9547,100,9545,150,9553,25,9555,100,9557,150
1588341,NASDAQ-GOLD,9643,50,9642,100,9641,150,9645,30,9646,100,9647,150
1588341,NASDAQ-HT,10928,25,10926,100,10924,150,10932,50,10934,100,10936,150
1588341,NASDAQ-INA,10615,20,10613,150,10611,200,10620,80,10621,50,10623,100
1588341,NASDAQ-KOTD,8422,50,8420,100,8418,150,8426,50,8428,100,8430,150
1588341,NASDAQ-NGUP,7269,50,7267,100,7265,150,7273,5,7275,100,7277,150
1588341,NASDAQ-SIMP,9966,50,9965,100,9964,150,9970,76,9971,200,9972,250
1588341,NASDAQ-ZITO,8061,50,8060,100,8059,150,8063,25,8064,100,8065,150
1588628,NASDAQ-CARD,10337,25,10336,100,10335,150,10339,50,10340,100,10341,150
1588628,NASDAQ-DLKV,10155,50,10153,100,10151,150,10159,50,10161,100,10163,150
1588628,NASDAQ-ETFB,11677,10,11662,10,11648,30,11762,50,11764,100,11766,150
1588628,NASDAQ-ETFB3,9723,250,9697,105,9671,25,9724,25,9730,100,9731,150
1588628,NASDAQ-FSR,9562,50,9560,100,9558,150,9566,50,9568,100,9570,150
1588628,NASDAQ-GOLD,9696,50,9695,150,9694,200,9699,50,9700,100,9701,150
1588628,NASDAQ-HT,10922,50,10920,100,10918,150,10932,200,10934,250,10948,55
1588628,NASDAQ-INA,10630,18,10628,150,10626,200,10636,50,10638,100,10640,150
1588628,NASDAQ-KOTD,8426,50,8424,50,8422,100,8428,50,8430,100,8432,150
1588628,NASDAQ-NGUP,7283,90,7281,150,7279,200,7285,1,7289,50,7291,100
1588628,NASDAQ-SIMP,9955,50,9954,100,9953,150,9993,158,9995,108,10014,58
1588628,NASDAQ-ZITO,8086,50,8085,100,8084,150,8088,50,8089,100,8090,150
1588877,NASDAQ-CARD,10315,50,10314,100,10313,150,10321,216,10403,108,10406,36
1588877,NASDAQ-DLKV,10116,50,10114,100,10112,150,10120,50,10122,100,10124,150
1588877,NASDAQ-ETFB,11749,50,11747,100,11745,150,11753,50,11755,100,11757,150
1588877,NASDAQ-ETFB3,9733,45,9732,200,9731,250,9737,50,9738,100,9739,150
1588877,NASDAQ-FSR,9560,50,9558,100,9556,150,9564,50,9566,100,9568,150
1588877,NASDAQ-GOLD,9733,22,9732,200,9731,250,9737,50,9738,100,9739,150
1588877,NASDAQ-HT,10909,50,10907,100,10905,150,10917,111,10919,200,10921,250
1588877,NASDAQ-INA,10566,50,10564,100,10562,150,10570,30,10572,100,10574,150
1588877,NASDAQ-KOTD,8405,50,8403,100,8401,150,8409,50,8411,100,8413,150
1588877,NASDAQ-NGUP,7280,100,7278,150,7276,200,7286,50,7288,100,7290,150
1588877,NASDAQ-SIMP,9972,200,9971,250,9951,108,9978,58,9979,150,9980,200
1588877,NASDAQ-ZITO,8065,50,8064,110,8063,150,8068,40,8069,150,8070,200
1589134,NASDAQ-CARD,10510,11,10509,200,10508,250,10514,50,10515,100,10516,150
1589134,NASDAQ-DLKV,10095,50,10093,100,10091,150,10101,44,10103,150,10105,200
1589134,NASDAQ-ETFB,11743,69,11741,250,11677,10,11753,50,11755,100,11757,150
1589134,NASDAQ-ETFB3,9731,250,9697,105,9671,25,9737,50,9738,100,9739,150
1589134,NASDAQ-FSR,9566,50,9564,100,9562,150,9570,50,9572,100,9574,150
1589134,NASDAQ-GOLD,9731,100,9730,150,9729,200,9735,90,9736,150,9737,200
1589134,NASDAQ-HT,10899,50,10897,100,10895,150,10905,44,10907,150,10909,200
1589134,NASDAQ-INA,10560,50,10558,100,10556,150,10566,17,10568,150,10570,200
1589134,NASDAQ-KOTD,8381,50,8379,100,8377,150,8387,60,8389,150,8391,200
1589134,NASDAQ-NGUP,7295,181,7293,250,7255,20,7305,50,7307,100,7309,150
1589134,NASDAQ-SIMP,9965,50,9964,100,9963,150,9977,8,9993,158,9995,108
1589134,NASDAQ-ZITO,8052,50,8051,100,8050,150,8054,25,8055,100,8056,150
1589417,NASDAQ-CARD,10537,84,10536,150,10535,200,10540,50,10541,100,10542,150
1589417,NASDAQ-DLKV,10109,90,10107,150,10105,200,10115,50,10117,100,10119,150
1589417,NASDAQ-ETFB,11755,138,11753,200,11751,250,11763,49,11765,100,11767,150
1589417,NASDAQ-ETFB3,9704,50,9703,100,9702,150,9706,50,9707,100,9708,150
1589417,NASDAQ-FSR,9542,20,9541,70,9539,100,9545,30,9547,100,9549,150
1589417,NASDAQ-GOLD,9665,50,9664,100,9663,150,9668,70,9669,150,9670,200
1589417,NASDAQ-HT,10899,200,10897,250,10883,20,10913,150,10915,200,10917,250
1589417,NASDAQ-INA,10599,50,10597,100,10595,150,10603,50,10605,100,10607,150
1589417,NASDAQ-KOTD,8443,50,8441,100,8439,150,8447,50,8449,100,8451,150
1589417,NASDAQ-NGUP,7255,20,7218,10,7155,20,7305,1,7308,50,7310,100
1589417,NASDAQ-SIMP,9985,164,9984,250,9966,72,9993,61,9994,250,9995,108
1589417,NASDAQ-ZITO,8031,50,8030,100,8029,150,8037,206,8118,10,8120,55
1589652,NASDAQ-CARD,10528,50,10527,100,10526,150,10531,28,10532,150,10533,200
1589652,NASDAQ-DLKV,10090,50,10089,20,10088,100,10096,47,10098,150,10100,200
1589652,NASDAQ-ETFB,11755,51,11753,200,11751,250,11765,100,11767,150,11769,200
1589652,NASDAQ-ETFB3,9700,20,9699,100,9698,150,9705,156,9706,250,9870,31
1589652,NASDAQ-FSR,9530,50,9528,100,9526,150,9540,137,9542,250,9657,55
1589652,NASDAQ-GOLD,9691,120,9690,200,9689,250,9695,50,9696,100,9697,150
1589652,NASDAQ-HT,10906,70,10904,150,10902,200,10916,68,10918,200,10920,250
1589652,NASDAQ-INA,10560,50,10558,100,10556,150,10564,50,10566,100,10568,150
1589652,NASDAQ-KOTD,8401,50,8399,100,8397,150,8407,100,8409,150,8411,200
1589652,NASDAQ-NGUP,7294,50,7292,100,7290,150,7298,50,7300,100,7302,150
1589652,NASDAQ-SIMP,9979,50,9978,100,9977,150,9995,44,10014,58,10036,193
1589652,NASDAQ-ZITO,8032,90,8031,150,8030,200,8037,69,8038,200,8039,250
1589871,NASDAQ-CARD,10517,50,10516,100,10515,150,10519,50,10520,100,10521,150
1589871,NASDAQ-DLKV,10078,50,10076,100,10074,150,10088,142,10090,250,10137,20
1589871,NASDAQ-ETFB,11738,42,11736,100,11734,150,11744,50,11746,150,11748,200
1589871,NASDAQ-ETFB3,9700,9,9699,150,9698,200,9703,50,9704,155,9705,150
1589871,NASDAQ-FSR,9544,50,9542,100,9540,150,9548,50,9550,100,9552,150
1589871,NASDAQ-GOLD,9682,50,9681,100,9680,150,9684,50,9685,100,9686,150
1589871,NASDAQ-HT,10922,95,10920,150,10918,200,10928,50,10930,100,10932,150
1589871,NASDAQ-INA,10589,50,10587,100,10585,150,10593,50,10595,100,10597,150
1589871,NASDAQ-KOTD,8380,50,8378,100,8376,150,8384,50,8386,100,8388,150
1589871,NASDAQ-NGUP,7302,32,7300,200,7298,250,7307,2,7310,50,7312,100
1589871,NASDAQ-SIMP,9972,50,9971,100,9970,150,9976,117,9977,200,9978,250
1589871,NASDAQ-ZITO,8034,50,8033,100,8032,150,8037,7,8038,150,8039,200
1590103,NASDAQ-CARD,10325,50,10324,100,10323,150,10328,79,10329,150,10330,200
1590103,NASDAQ-DLKV,10082,90,10080,150,10078,200,10090,40,10092,150,10094,200
1590103,NASDAQ-ETFB,11747,76,11745,200,11743,250,11755,50,11757,100,11759,150
1590103,NASDAQ-ETFB3,9716,143,9715,200,9714,250,9720,50,9721,100,9722,150
1590103,NASDAQ-FSR,9534,50,9532,100,9530,150,9540,70,9542,150,9544,200
1590103,NASDAQ-GOLD,9586,10,9539,20,9519,20,9681,10,9687,50,9688,100
1590103,NASDAQ-HT,10938,140,10936,250,10883,20,10948,105,10950,100,10952,150
1590103,NASDAQ-INA,10540,23,10536,20,10535,20,10592,55,10602,50,10604,100
1590103,NASDAQ-KOTD,8367,50,8365,100,8363,150,8371,50,8373,100,8375,150
1590103,NASDAQ-NGUP,7293,200,7291,250,7255,20,7303,50,7305,100,7306,55
1590103,NASDAQ-SIMP,9974,50,9973,286,9951,108,9982,100,9983,270,9994,72
1590103,NASDAQ-ZITO,8038,50,8037,100,8036,150,8043,200,8044,250,8118,10
1590358,NASDAQ-CARD,10336,116,10335,200,10334,250,10340,50,10341,100,10342,150
1590358,NASDAQ-DLKV,10091,50,10089,100,10087,150,10097,100,10099,150,10101,200
1590358,NASDAQ-ETFB,11747,100,11745,200,11743,250,11757,100,11759,150,11761,200
1590358,NASDAQ-ETFB3,9710,50,9709,100,9708,150,9712,45,9713,100,9714,150
1590358,NASDAQ-FSR,9504,50,9502,100,9500,150,9508,50,9510,100,9512,150
1590358,NASDAQ-GOLD,9654,90,9653,150,9652,200,9658,90,9659,150,9660,200
1590358,NASDAQ-HT,10962,50,10960,200,10958,250,10968,20,10970,54,10972,100
1590358,NASDAQ-INA,10630,30,10628,100,10626,150,10634,50,10636,100,10638,150
1590358,NASDAQ-KOTD,8373,70,8371,150,8369,200,8379,50,8381,100,8383,150
1590358,NASDAQ-NGUP,7298,32,7296,150,7294,200,7304,50,7306,155,7308,150
1590358,NASDAQ-SIMP,9936,50,9935,100,9934,150,9983,20,9994,72,9995,44
1590358,NASDAQ-ZITO,8034,50,8033,100,8032,150,8037,50,8038,150,8039,200
1590666,NASDAQ-CARD,10326,36,10324,50,10323,100,10516,10,10517,30,10528,30
1590666,NASDAQ-DLKV,10116,50,10114,100,10112,150,10120,50,10122,100,10124,150
1590666,NASDAQ-ETFB,11753,50,11751,100,11749,150,11757,50,11759,100,11761,150
1590666,NASDAQ-ETFB3,9710,50,9709,100,9708,150,9712,50,9713,100,9714,150
1590666,NASDAQ-FSR,9515,50,9513,100,9511,150,9519,50,9521,100,9523,150
1590666,NASDAQ-GOLD,9648,50,9647,100,9646,150,9650,50,9651,100,9652,150
1590666,NASDAQ-HT,10996,131,10994,200,10992,250,11002,20,11004,50,11006,100
1590666,NASDAQ-INA,10602,50,10600,100,10598,150,10606,47,10608,100,10610,150
1590666,NASDAQ-KOTD,8393,50,8391,100,8389,150,8397,50,8399,100,8401,150
1590666,NASDAQ-NGUP,7255,20,7218,10,7155,20,7336,50,7337,1,7338,100
1590666,NASDAQ-SIMP,9945,50,9944,100,9943,150,9951,110,9983,20,9994,72
1590666,NASDAQ-ZITO,8050,50,8049,150,8048,200,8053,50,8054,100,8055,150
1590794,NASDAQ-CARD,10353,14,10352,100,10351,150,10355,50,10356,100,10357,150
1590794,NASDAQ-DLKV,10086,50,10084,100,10082,150,10092,66,10094,150,10096,200
1590794,NASDAQ-ETFB,11753,50,11751,100,11749,150,11757,50,11759,100,11761,150
1590794,NASDAQ-ETFB3,9709,50,9708,100,9707,150,9711,47,9712,100,9713,150
1590794,NASDAQ-FSR,9533,50,9531,100,9529,150,9537,50,9539,100,9541,150
1590794,NASDAQ-GOLD,9641,50,9640,100,9639,150,9643,50,9644,100,9645,150
1590794,NASDAQ-HT,11020,30,11018,100,11016,150,11024,50,11026,100,11028,150
1590794,NASDAQ-INA,10610,50,10608,100,10606,150,10614,50,10616,100,10618,150
1590794,NASDAQ-KOTD,8362,50,8360,120,8358,150,8366,50,8368,100,8370,150
1590794,NASDAQ-NGUP,7311,50,7309,100,7307,150,7315,50,7317,100,7319,150
1590794,NASDAQ-SIMP,9951,50,9950,100,9949,150,9954,90,9955,150,9956,200
1590794,NASDAQ-ZITO,8041,50,8040,100,8039,150,8044,90,8045,150,8046,200
1591051,NASDAQ-CARD,10278,50,10277,100,10276,150,10284,246,10498,20,10516,10
1591051,NASDAQ-DLKV,10069,20,10068,50,10066,100,10076,4,10078,200,10080,250
1591051,NASDAQ-ETFB,11753,25,11751,100,11749,150,11757,25,11759,100,11761,150
1591051,NASDAQ-ETFB3,9709,50,9708,100,9707,150,9712,75,9713,150,9714,200
1591051,NASDAQ-FSR,9518,50,9516,100,9514,150,9522,50,9524,100,9526,150
1591051,NASDAQ-GOLD,9657,25,9656,100,9655,150,9659,50,9660,100,9661,150
1591051,NASDAQ-HT,11028,100,11026,150,11024,200,11034,50,11036,100,11038,150
1591051,NASDAQ-INA,10647,132,10645,250,10540,17,10657,50,10659,100,10661,150
1591051,NASDAQ-KOTD,8376,25,8374,100,8372,150,8380,50,8382,100,8384,150
1591051,NASDAQ-NGUP,7298,50,7296,100,7294,150,7302,50,7304,100,7306,150
1591051,NASDAQ-SIMP,9951,40,9950,50,9949,100,9953,75,9954,150,9955,200
1591051,NASDAQ-ZITO,8064,191,,,,,8070,50,8071,100,8072,150
1591286,NASDAQ-CARD,10269,50,10268,100,10267,150,10498,20,10516,10,10517,30
1591286,NASDAQ-DLKV,10087,25,10085,100,10083,150,10091,25,10093,100,10095,150
1591286,NASDAQ-ETFB,11747,25,11745,100,11743,150,11755,71,11757,200,11759,250
1591286,NASDAQ-ETFB3,9704,50,9703,100,9702,150,9707,75,9708,150,9709,200
1591286,NASDAQ-FSR,9519,50,9517,100,9515,150,9523,50,9525,100,9527,150
1591286,NASDAQ-GOLD,9636,50,9635,100,9634,150,9641,48,9642,250,9662,55
1591286,NASDAQ-HT,11037,25,11035,100,11033,150,11041,50,11043,100,11045,150
1591286,NASDAQ-INA,10631,20,10540,17,10536,20,10657,50,10659,100,10661,150
1591286,NASDAQ-KOTD,8366,70,8364,100,8362,150,8370,50,8372,100,8374,150
1591286,NASDAQ-NGUP,7300,62,7298,250,7255,20,7310,60,7311,1,7312,100
1591286,NASDAQ-SIMP,9947,100,9946,150,9945,200,9994,72,9995,44,10014,58
1591286,NASDAQ-ZITO,8044,50,8043,100,8042,150,8047,50,8048,150,8049,200
1591520,NASDAQ-CARD,10316,21,10315,150,10314,200,10320,80,10321,150,10322,200
1591520,NASDAQ-DLKV,10100,50,10098,100,10096,150,10104,50,10106,100,10108,150
1591520,NASDAQ-ETFB,11739,100,11737,150,11735,200,11747,79,11749,150,11751,200
1591520,NASDAQ-ETFB3,9704,24,9703,100,9702,150,9707,75,9708,150,9709,200
1591520,NASDAQ-FSR,9501,50,9499,100,9497,170,9509,131,9511,200,9513,250
1591520,NASDAQ-GOLD,9634,50,9633,100,9632,150,9639,102,9640,250,9662,55
1591520,NASDAQ-HT,11037,120,11035,200,11033,250,11045,50,11047,100,11049,150
1591520,NASDAQ-INA,10677,50,10675,150,10673,200,10683,50,10685,100,10687,150
1591520,NASDAQ-KOTD,8376,45,8374,250,8370,25,8386,50,8388,100,8390,150
1591520,NASDAQ-NGUP,7274,20,7255,20,7227,20,7310,1,7314,55,7315,50
1591520,NASDAQ-SIMP,9956,90,9948,144,9937,144,9965,133,9966,270,9994,72
1591520,NASDAQ-ZITO,8041,50,8040,100,8039,150,8047,181,8118,10,8120,55
1591804,NASDAQ-CARD,10300,125,10270,144,10264,60,10309,135,10310,250,10478,20
1591804,NASDAQ-DLKV,10110,50,10108,100,10106,150,10114,50,10116,100,10118,150
1591804,NASDAQ-ETFB,11742,30,11740,100,11738,150,11748,83,11750,150,11752,200
1591804,NASDAQ-ETFB3,9716,123,9715,200,9714,250,9720,46,9721,100,9722,150
1591804,NASDAQ-FSR,9536,40,9534,100,9532,150,9540,50,9542,100,9544,150
1591804,NASDAQ-GOLD,9654,113,9653,200,9652,250,9658,50,9659,100,9660,150
1591804,NASDAQ-HT,11007,50,11005,100,11003,150,11011,5,11013,100,11015,150
1591804,NASDAQ-INA,10672,144,10670,200,10668,250,10682,65,10684,150,10686,200
1591804,NASDAQ-KOTD,8389,5,8387,100,8385,150,8393,50,8395,100,8397,150
1591804,NASDAQ-NGUP,7328,90,7326,150,7324,200,7334,50,7336,100,7337,1
1591804,NASDAQ-SIMP,9949,27,9948,250,9937,144,9964,144,9995,44,10014,58
1591804,NASDAQ-ZITO,8054,50,8053,100,8052,150,8056,50,8057,100,8058,150
1592086,NASDAQ-CARD,10050,50,10049,100,10048,150,10308,288,10478,20,10497,72
1592086,NASDAQ-DLKV,10092,60,10090,100,10088,150,10098,70,10100,150,10102,200
1592086,NASDAQ-ETFB,11740,46,11738,150,11736,200,11748,67,11750,150,11752,200
1592086,NASDAQ-ETFB3,9683,50,9682,100,9681,150,9685,25,9686,100,9687,150
1592086,NASDAQ-FSR,9529,150,9527,200,9525,250,9657,55,9746,10,9819,55
1592086,NASDAQ-GOLD,9648,50,9647,100,9646,150,9651,40,9652,150,9653,200
1592086,NASDAQ-HT,11051,50,11049,100,11047,150,11055,50,11057,100,11059,150
1592086,NASDAQ-INA,10631,20,10540,17,10536,20,10703,50,10705,100,10707,150
1592086,NASDAQ-KOTD,8375,50,8373,100,8371,150,8381,85,8383,150,8385,200
1592086,NASDAQ-NGUP,7321,50,7319,100,7317,150,7327,90,7329,150,7331,200
1592086,NASDAQ-SIMP,9950,68,9949,250,9937,144,9995,44,10014,58,10036,193
1592086,NASDAQ-ZITO,8074,50,8073,100,8072,150,8076,50,8077,100,8078,150
1592356,NASDAQ-CARD,10100,34,10099,150,10098,200,10104,40,10105,150,10106,200
1592356,NASDAQ-DLKV,10069,18,10066,50,10064,100,10072,60,10074,150,10076,200
1592356,NASDAQ-ETFB,11740,51,11738,150,11736,200,11748,83,11750,150,11752,200
1592356,NASDAQ-ETFB3,9685,30,9683,50,9682,100,9688,140,9689,250,9870,31
1592356,NASDAQ-FSR,9527,50,9525,100,9523,150,9531,50,9533,100,9535,150
1592356,NASDAQ-GOLD,9656,130,9655,200,9654,250,9660,50,9661,100,9662,150
1592356,NASDAQ-HT,11039,80,11037,150,11035,200,11047,50,11049,150,11051,200
1592356,NASDAQ-INA,10670,50,10668,100,10666,150,10676,100,10678,150,10680,200
1592356,NASDAQ-KOTD,8380,95,8378,150,8376,200,8388,100,8390,150,8392,200
1592356,NASDAQ-NGUP,7316,92,7305,20,7274,20,7328,50,7330,100,7332,150
1592356,NASDAQ-SIMP,9979,147,9950,36,9937,144,9986,18,9987,150,9988,200
1592356,NASDAQ-ZITO,8076,50,8075,100,8074,150,8078,50,8079,100,8080,150
1592612,NASDAQ-CARD,10097,50,10096,100,10095,150,10100,90,10101,150,10102,200
1592612,NASDAQ-DLKV,10062,50,10060,100,10058,150,10066,40,10068,100,10070,150
1592612,NASDAQ-ETFB,11732,50,11730,100,11728,150,11736,50,11738,100,11740,150
1592612,NASDAQ-ETFB3,9692,50,9691,100,9690,150,9694,50,9695,100,9696,150
1592612,NASDAQ-FSR,9499,70,9497,120,9495,150,9505,55,9507,150,9509,200
1592612,NASDAQ-GOLD,9670,100,9669,150,9668,200,9673,50,9674,100,9675,150
1592612,NASDAQ-HT,11069,50,11067,100,11065,150,11073,50,11075,100,11077,150
1592612,NASDAQ-INA,10644,50,10642,100,10640,150,10648,49,10650,100,10652,150
1592612,NASDAQ-KOTD,8351,50,8349,100,8347,150,8355,5,8357,100,8359,150
1592612,NASDAQ-NGUP,7316,50,7314,150,7312,200,7322,50,7324,100,7326,150
1592612,NASDAQ-SIMP,9953,50,9952,100,9951,150,9956,8,9957,150,9958,200
1592612,NASDAQ-ZITO,8071,50,8070,100,8069,150,8073,30,8074,100,8075,150
1592869,NASDAQ-CARD,10070,50,10069,100,10068,150,10076,80,10300,25,10307,144
1592869,NASDAQ-DLKV,10097,12,10095,100,10093,150,10101,30,10103,100,10105,150
1592869,NASDAQ-ETFB,11718,50,11716,100,11714,150,11724,100,11726,150,11728,200
1592869,NASDAQ-ETFB3,9694,7,9692,50,9691,100,9695,100,9696,150,9697,200
1592869,NASDAQ-FSR,9491,70,9489,100,9487,170,9495,10,9497,100,9499,150
1592869,NASDAQ-GOLD,9685,115,9684,200,9683,250,9689,50,9690,100,9691,150
1592869,NASDAQ-HT,10996,50,10994,100,10992,150,11000,50,11002,100,11004,150
1592869,NASDAQ-INA,10624,50,10622,100,10620,150,10630,72,10632,150,10634,200
1592869,NASDAQ-KOTD,8352,50,8350,100,8348,150,8356,50,8358,100,8360,150
1592869,NASDAQ-NGUP,7313,100,7311,150,7309,200,7319,50,7321,100,7323,150
1592869,NASDAQ-SIMP,9969,190,9968,250,9956,50,9974,50,9975,100,9976,150
1592869,NASDAQ-ZITO,8057,50,8056,100,8055,150,8059,25,8060,100,8061,150
1593028,NASDAQ-CARD,10254,20,10253,100,10252,150,10256,50,10257,100,10258,150
1593028,NASDAQ-DLKV,10074,50,10072,100,10070,150,10080,60,10082,150,10084,200
1593028,NASDAQ-ETFB,11718,50,11716,100,11714,150,11722,50,11724,100,11726,150
1593028,NASDAQ-ETFB3,9699,22,9698,100,9697,150,9701,50,9702,100,9703,150
1593028,NASDAQ-FSR,9488,50,9487,20,9486,100,9496,150,9498,200,9500,250
1593028,NASDAQ-GOLD,9656,50,9655,100,9654,150,9658,25,9659,100,9660,150
1593028,NASDAQ-HT,11005,50,11003,100,11001,150,11009,50,11011,100,11013,150
1593028,NASDAQ-INA,10625,89,10623,150,10621,200,10631,50,10633,100,10635,150
1593028,NASDAQ-KOTD,8384,30,8382,100,8380,150,8388,50,8390,100,8392,150
1593028,NASDAQ-NGUP,7317,59,7315,150,7313,200,7323,50,7325,100,7327,150
1593028,NASDAQ-SIMP,9941,50,9940,100,9939,150,9945,129,9946,200,9947,250
1593028,NASDAQ-ZITO,8079,30,8078,100,8077,150,8081,50,8082,100,8083,150
1593304,NASDAQ-CARD,10256,70,10255,250,10076,30,10261,50,10262,100,10263,150
1593304,NASDAQ-DLKV,10055,50,10053,100,10051,150,10061,92,10063,150,10065,200
1593304,NASDAQ-ETFB,11776,50,11774,100,11772,150,11780,50,11782,100,11784,150
1593304,NASDAQ-ETFB3,9698,50,9697,100,9696,150,9703,112,9704,250,9870,31
1593304,NASDAQ-FSR,9493,100,9491,150,9489,200,9499,50,9501,100,9503,150
1593304,NASDAQ-GOLD,9638,50,9637,100,9636,150,9676,20,9718,20,9730,10
1593304,NASDAQ-HT,11015,50,11013,100,11011,150,11018,10,11019,50,11021,100
1593304,NASDAQ-INA,10636,100,10634,150,10632,200,10642,50,10644,100,10646,150
1593304,NASDAQ-KOTD,8358,50,8356,145,8354,150,8362,50,8364,100,8366,150
1593304,NASDAQ-NGUP,7328,93,7326,150,7324,200,7334,50,7336,100,7338,150
1593304,NASDAQ-SIMP,9954,50,9953,100,9952,150,9956,50,9957,100,9958,150
1593304,NASDAQ-ZITO,8074,250,8060,10,,,8080,25,8081,100,8082,150
1593571,NASDAQ-CARD,10211,150,10210,250,10076,30,10219,55,10220,250,10300,25
1593571,NASDAQ-DLKV,10024,36,10022,100,10020,150,10034,48,10036,250,10074,10
1593571,NASDAQ-ETFB,11769,100,11767,150,11765,200,11777,95,11779,150,11781,200
1593571,NASDAQ-ETFB3,9720,83,9719,150,9718,200,9723,50,9724,100,9725,150
1593571,NASDAQ-FSR,9484,50,9482,100,9480,150,9488,30,9490,100,9492,150
1593571,NASDAQ-GOLD,9643,50,9642,100,9641,150,9647,120,9648,200,9649,250
1593571,NASDAQ-HT,11023,60,11021,150,11019,200,11029,50,11031,100,11033,150
1593571,NASDAQ-INA,10623,50,10621,100,10619,150,10629,88,10631,150,10633,200
1593571,NASDAQ-KOTD,8362,30,8360,69,8358,150,8366,50,8368,100,8370,150
1593571,NASDAQ-NGUP,7274,20,7255,20,7227,20,7351,50,7353,101,7355,150
1593571,NASDAQ-SIMP,9966,50,9965,100,9964,150,9968,30,9969,100,9970,150
1593571,NASDAQ-ZITO,8058,30,8057,100,8056,150,8062,129,8063,200,8064,250
1593803,NASDAQ-CARD,10076,30,10009,20,10005,8,10236,6,10237,200,10238,250
1593803,NASDAQ-DLKV,10012,30,10010,100,10008,150,10024,169,10074,10,10097,160
1593803,NASDAQ-ETFB,11767,150,11765,200,11763,250,11777,55,11779,150,11781,200
1593803,NASDAQ-ETFB3,9724,83,9723,25,9703,25,9730,50,9731,100,9732,150
1593803,NASDAQ-FSR,9482,138,9480,200,9478,250,9490,50,9492,100,9494,150
1593803,NASDAQ-GOLD,9632,30,9631,100,9630,150,9676,20,9718,20,9730,10
1593803,NASDAQ-HT,11014,50,11012,100,11010,150,11018,25,11020,100,11022,150
1593803,NASDAQ-INA,10652,85,10650,250,10540,17,10662,50,10664,120,10666,150
1593803,NASDAQ-KOTD,8387,20,8385,100,8383,150,8391,50,8393,100,8395,150
1593803,NASDAQ-NGUP,7377,26,7375,100,7373,150,7381,50,7383,100,7384,55
1593803,NASDAQ-SIMP,9956,50,9955,50,9954,100,9961,188,9973,36,9995,44
1593803,NASDAQ-ZITO,8072,40,8071,100,8070,150,8074,50,8075,100,8076,150
1594047,NASDAQ-CARD,10299,50,10298,100,10297,150,10300,25,10301,50,10302,100
1594047,NASDAQ-DLKV,10066,50,10064,100,10062,150,10070,50,10072,100,10074,160
1594047,NASDAQ-ETFB,11765,45,11763,150,11761,200,11773,94,11775,150,11777,200
1594047,NASDAQ-ETFB3,9723,128,9722,200,9721,250,9728,74,9729,150,9730,200
1594047,NASDAQ-FSR,9471,146,9469,50,9467,120,9473,50,9475,100,9477,150
1594047,NASDAQ-GOLD,9672,20,9671,100,9670,150,9675,54,9676,170,9677,200
1594047,NASDAQ-HT,11011,50,11009,100,11007,150,11015,25,11017,100,11019,150
1594047,NASDAQ-INA,10640,50,10638,100,10636,150,10644,50,10646,100,10648,150
1594047,NASDAQ-KOTD,8377,50,8375,100,8373,150,8381,50,8383,100,8385,150
1594047,NASDAQ-NGUP,7364,50,7362,100,7360,150,7368,50,7370,100,7372,150
1594047,NASDAQ-SIMP,9945,80,9944,50,9943,100,9995,44,10014,58,10036,193
1594047,NASDAQ-ZITO,8060,50,8059,100,8058,150,8063,100,8064,150,8065,200
1594343,NASDAQ-CARD,10280,50,10279,100,10278,150,10282,25,10283,100,10284,150
1594343,NASDAQ-DLKV,10062,50,10060,100,10058,150,10068,92,10070,150,10072,200
1594343,NASDAQ-ETFB,11761,56,11759,150,11757,200,11769,56,11771,150,11773,200
1594343,NASDAQ-ETFB3,9723,66,9722,200,9721,250,9728,76,9729,150,9730,200
1594343,NASDAQ-FSR,9467,70,9465,120,9463,150,9475,150,9477,200,9479,250
1594343,NASDAQ-GOLD,9662,50,9661,100,9660,150,9667,33,9668,250,9718,20
1594343,NASDAQ-HT,10994,50,10992,100,10990,150,10998,50,11000,100,11002,150
1594343,NASDAQ-INA,10641,63,10540,17,10536,20,10653,50,10655,100,10657,150
1594343,NASDAQ-KOTD,8377,50,8375,150,8373,200,8383,50,8385,100,8387,150
1594343,NASDAQ-NGUP,7274,20,7255,20,7227,20,7381,1,7382,50,7384,155
1594343,NASDAQ-SIMP,9957,192,9945,80,9942,108,9963,6,9964,100,9965,150
1594343,NASDAQ-ZITO,8044,50,8043,100,8042,150,8047,50,8048,150,8049,200
1594734,NASDAQ-CARD,10280,51,10279,200,10278,250,10284,25,10285,100,10286,150
1594734,NASDAQ-DLKV,10030,50,10028,100,10026,150,10036,50,10038,150,10040,200
1594734,NASDAQ-ETFB,11754,50,11752,100,11750,150,11758,50,11760,100,11761,166
1594734,NASDAQ-ETFB3,9686,50,9685,100,9684,150,9689,20,9690,150,9691,200
1594734,NASDAQ-FSR,9474,50,9472,100,9470,150,9478,50,9480,100,9482,150
1594734,NASDAQ-GOLD,9679,50,9678,100,9677,150,9681,50,9682,100,9683,150
1594734,NASDAQ-HT,10999,50,10998,80,10997,100,11005,100,11007,150,11009,200
1594734,NASDAQ-INA,10637,20,10635,50,10633,100,10639,50,10641,100,10643,150
1594734,NASDAQ-KOTD,8358,50,8356,100,8354,150,8364,100,8366,150,8368,200
1594734,NASDAQ-NGUP,7376,80,7374,150,7372,200,7381,1,7382,50,7384,155
1594734,NASDAQ-SIMP,9948,50,9947,100,9946,222,9951,90,9952,150,9953,200
1594734,NASDAQ-ZITO,8023,50,8022,100,8021,150,8029,220,8118,10,8120,55
1595044,NASDAQ-CARD,10076,30,10009,20,10005,8,10338,50,10339,100,10340,150
1595044,NASDAQ-DLKV,10067,50,10065,100,10063,150,10071,50,10073,100,10074,10
1595044,NASDAQ-ETFB,11743,50,11741,100,11739,150,11749,100,11751,150,11753,200
1595044,NASDAQ-ETFB3,9691,25,9690,100,9689,150,9696,200,9697,250,9723,105
1595044,NASDAQ-FSR,9480,50,9478,100,9476,150,9486,100,9488,150,9490,200
1595044,NASDAQ-GOLD,9652,50,9651,100,9650,150,9655,70,9656,150,9657,200
1595044,NASDAQ-HT,11035,70,11033,150,11031,200,11041,50,11043,100,11045,150
1595044,NASDAQ-INA,10640,193,10540,17,10536,20,10652,50,10654,100,10656,150
1595044,NASDAQ-KOTD,8387,100,8385,150,8383,200,8393,50,8395,100,8397,150
1595044,NASDAQ-NGUP,7388,167,7386,250,7274,20,7398,50,7400,100,7402,150
1595044,NASDAQ-SIMP,9972,185,9971,250,9958,108,9977,50,9978,100,9979,150
1595044,NASDAQ-ZITO,8078,50,8077,100,8076,150,8080,50,8081,100,8082,150
1595352,NASDAQ-CARD,10327,50,10326,100,10325,150,10329,50,10330,100,10331,150
1595352,NASDAQ-DLKV,10054,50,10052,100,10050,150,10058,18,10060,100,10062,150
1595352,NASDAQ-ETFB,11743,50,11741,100,11739,150,11747,50,11749,100,11751,150
1595352,NASDAQ-ETFB3,9690,50,9689,100,9688,150,9694,109,9695,200,9696,250
1595352,NASDAQ-FSR,9480,50,9478,100,9476,150,9488,150,9490,200,9492,250
1595352,NASDAQ-GOLD,9642,50,9641,100,9640,150,9644,50,9645,100,9646,150
1595352,NASDAQ-HT,11041,50,11039,100,11037,150,11045,50,11047,100,11049,150
1595352,NASDAQ-INA,10685,50,10683,100,10681,150,10689,50,10691,100,10693,150
1595352,NASDAQ-KOTD,8386,50,8384,100,8382,150,8390,50,8392,100,8394,150
1595352,NASDAQ-NGUP,7423,50,7421,100,7419,150,7425,1,7427,50,7429,102
1595352,NASDAQ-SIMP,9968,50,9967,100,9966,150,9970,50,9971,100,9972,150
1595352,NASDAQ-ZITO,8077,220,,,,,8083,50,8084,100,8085,150
1595610,NASDAQ-CARD,10331,66,10330,200,10329,250,10335,50,10336,100,10337,150
1595610,NASDAQ-DLKV,10076,130,10074,200,10072,250,10084,50,10086,100,10088,150
1595610,NASDAQ-ETFB,11699,50,11697,100,11695,150,11703,50,11705,100,11707,150
1595610,NASDAQ-ETFB3,9676,50,9675,100,9674,150,9678,47,9679,100,9680,150
1595610,NASDAQ-FSR,9466,50,9465,20,9464,100,9472,50,9474,150,9476,200
1595610,NASDAQ-GOLD,9625,50,9624,100,9623,150,9627,30,9628,100,9629,150
1595610,NASDAQ-HT,11062,30,11060,100,11058,150,11066,50,11068,100,11070,150
1595610,NASDAQ-INA,10683,213,10644,20,10540,17,10695,50,10697,100,10699,150
1595610,NASDAQ-KOTD,8398,50,8396,100,8394,150,8402,50,8404,100,8406,150
1595610,NASDAQ-NGUP,7448,42,7446,100,7444,150,7452,50,7454,100,7456,150
1595610,NASDAQ-SIMP,9974,30,9973,136,9972,150,9976,50,9977,100,9978,150
1595610,NASDAQ-ZITO,8060,50,8059,100,8058,150,8062,50,8063,100,8064,150
1595872,NASDAQ-CARD,10327,50,10326,100,10325,150,10333,231,10404,200,10478,20
1595872,NASDAQ-DLKV,10053,50,10051,100,10049,150,10057,48,10059,100,10061,150
1595872,NASDAQ-ETFB,11699,40,11697,100,11695,150,11703,45,11705,100,11707,150
1595872,NASDAQ-ETFB3,9676,50,9675,100,9674,150,9678,50,9679,100,9680,150
1595872,NASDAQ-FSR,9461,20,9460,50,9458,100,9464,20,9466,100,9468,150
1595872,NASDAQ-GOLD,9617,50,9616,100,9615,150,9619,50,9620,100,9621,150
1595872,NASDAQ-HT,11041,50,11039,100,11037,150,11045,50,11047,100,11049,150
1595872,NASDAQ-INA,10693,45,10691,100,10689,170,10697,50,10699,100,10701,150
1595872,NASDAQ-KOTD,8430,50,8428,100,8426,150,8434,50,8436,100,8437,20
1595872,NASDAQ-NGUP,7429,50,7427,100,7425,150,7433,50,7435,100,7437,150
1595872,NASDAQ-SIMP,9973,16,9972,50,9971,100,9974,30,9975,100,9976,150
1595872,NASDAQ-ZITO,8045,50,8044,100,8043,150,8047,30,8048,100,8049,150
1596157,NASDAQ-CARD,10580,81,10579,150,10578,200,10583,50,10584,100,10585,150
1596157,NASDAQ-DLKV,10073,40,10071,150,10069,200,10076,63,10079,50,10081,100
1596157,NASDAQ-ETFB,11703,50,11701,100,11699,150,11707,47,11709,100,11711,150
1596157,NASDAQ-ETFB3,9678,25,9674,100,9673,150,9680,7,9681,250,9690,48
1596157,NASDAQ-FSR,9448,70,9446,100,9444,150,9458,97,9460,250,9657,55
1596157,NASDAQ-GOLD,9590,50,9589,100,9588,150,9593,22,9594,150,9595,200
1596157,NASDAQ-HT,11088,30,11086,100,11084,150,11092,50,11094,100,11096,150
1596157,NASDAQ-INA,10696,107,10694,250,10689,20,10706,50,10708,100,10710,150
1596157,NASDAQ-KOTD,8436,50,8434,100,8432,150,8440,50,8442,100,8444,150
1596157,NASDAQ-NGUP,7466,221,7274,20,7266,20,7478,50,7480,100,7482,150
1596157,NASDAQ-SIMP,9969,50,9968,100,9967,150,9975,13,9994,36,9995,44
1596157,NASDAQ-ZITO,8051,50,8050,100,8049,150,8054,100,8055,150,8056,200
1596411,NASDAQ-CARD,10580,32,10579,150,10578,200,10584,100,10585,150,10586,200
1596411,NASDAQ-DLKV,10082,6,10080,100,10078,150,10086,50,10088,100,10090,150
1596411,NASDAQ-ETFB,11703,44,11701,100,11699,150,11713,50,11715,250,11790,59
1596411,NASDAQ-ETFB3,9692,197,9691,250,9680,312,9697,50,9698,100,9699,150
1596411,NASDAQ-FSR,9451,30,9449,100,9447,150,9461,200,9463,250,9657,55
1596411,NASDAQ-GOLD,9606,30,9605,100,9604,150,9608,50,9609,100,9610,150
1596411,NASDAQ-HT,11056,50,11054,100,11052,150,11060,30,11062,100,11064,150
1596411,NASDAQ-INA,10671,50,10669,100,10667,150,10675,30,10677,100,10679,150
1596411,NASDAQ-KOTD,8441,50,8440,50,8439,100,8445,50,8447,100,8449,150
1596411,NASDAQ-NGUP,7460,79,7458,200,7456,250,7468,50,7470,100,7472,150
1596411,NASDAQ-SIMP,9995,50,9994,150,9993,200,9998,50,9999,100,10000,150
1596411,NASDAQ-ZITO,8045,30,8044,100,8043,150,8047,50,8048,100,8049,150
1596677,NASDAQ-CARD,10589,50,10588,150,10587,200,10592,50,10593,100,10594,150
1596677,NASDAQ-DLKV,10060,50,10058,100,10056,150,10070,91,10072,250,10137,20
1596677,NASDAQ-ETFB,11701,74,11699,150,11698,59,11707,50,11709,100,11711,150
1596677,NASDAQ-ETFB3,9681,104,9680,512,9679,250,9685,50,9686,100,9687,150
1596677,NASDAQ-FSR,9431,20,9430,50,9428,100,9438,20,9440,200,9442,250
1596677,NASDAQ-GOLD,9604,50,9603,100,9602,150,9607,50,9608,150,9609,200
1596677,NASDAQ-HT,11077,29,11075,150,11073,200,11083,50,11085,100,11087,150
1596677,NASDAQ-INA,10681,50,10679,100,10677,150,10685,50,10687,100,10689,150
1596677,NASDAQ-KOTD,8450,50,8448,100,8446,150,8454,50,8456,100,8458,150
1596677,NASDAQ-NGUP,7459,50,7457,100,7455,150,7463,50,7465,100,7467,150
1596677,NASDAQ-SIMP,9959,50,9958,208,9957,150,9961,50,9962,100,9963,150
1596677,NASDAQ-ZITO,8054,50,8053,100,8052,150,8056,50,8057,100,8058,150
1596960,NASDAQ-CARD,10451,50,10450,100,10449,150,10455,142,10456,200,10457,250
1596960,NASDAQ-DLKV,10074,50,10072,100,10070,150,10078,50,10080,100,10082,150
1596960,NASDAQ-ETFB,11709,25,11707,150,11705,200,11715,50,11717,100,11719,150
1596960,NASDAQ-ETFB3,9673,40,9672,100,9671,175,9677,77,9678,200,9679,250
1596960,NASDAQ-FSR,9435,50,9433,100,9431,170,9439,40,9441,100,9443,150
1596960,NASDAQ-GOLD,9571,50,9570,100,9569,150,9574,20,9575,150,9576,200
1596960,NASDAQ-HT,11060,50,11058,100,11056,150,11064,30,11066,100,11068,150
1596960,NASDAQ-INA,10663,50,10661,100,10659,150,10667,50,10669,100,10671,150
1596960,NASDAQ-KOTD,8445,220,8444,20,8440,50,8447,125,8449,250,8455,50
1596960,NASDAQ-NGUP,7482,63,7480,150,7478,200,7488,50,7490,100,7492,150
1596960,NASDAQ-SIMP,9949,180,9947,50,9946,100,9974,36,10014,58,10036,193
1596960,NASDAQ-ZITO,8052,50,8051,100,8050,150,8057,200,8058,250,8118,6
1597222,NASDAQ-CARD,10426,50,10425,100,10424,150,10428,50,10429,100,10430,150
1597222,NASDAQ-DLKV,10062,50,10060,100,10058,150,10068,100,10070,150,10072,200
1597222,NASDAQ-ETFB,11709,50,11708,8,11707,100,11713,50,11715,100,11717,150
1597222,NASDAQ-ETFB3,9702,50,9701,100,9700,150,9704,46,9705,100,9706,150
1597222,NASDAQ-FSR,9454,50,9452,100,9450,150,9458,50,9460,100,9462,150
1597222,NASDAQ-GOLD,9606,50,9605,100,9604,150,9608,50,9609,100,9610,150
1597222,NASDAQ-HT,11049,50,11047,100,11045,150,11053,50,11055,100,11057,150
1597222,NASDAQ-INA,10662,50,10660,100,10658,150,10666,50,10668,100,10670,150
1597222,NASDAQ-KOTD,8445,220,8444,20,8442,50,8447,113,8448,100,8449,250
1597222,NASDAQ-NGUP,7468,50,7466,100,7464,150,7472,50,7474,100,7476,150
1597222,NASDAQ-SIMP,9973,100,9972,150,9971,200,9976,14,9977,100,9978,150
1597222,NASDAQ-ZITO,8032,50,8031,100,8030,150,8058,69,8118,6,8120,55
1597511,NASDAQ-CARD,10434,50,10433,100,10432,150,10436,50,10437,100,10438,150
1597511,NASDAQ-DLKV,10041,50,10039,100,10037,160,10049,62,10051,200,10053,250
1597511,NASDAQ-ETFB,11677,6,11676,50,11674,100,11680,50,11682,100,11684,150
1597511,NASDAQ-ETFB3,9705,121,9704,25,9677,25,9711,50,9712,100,9713,150
1597511,NASDAQ-FSR,9485,50,9483,100,9481,150,9489,50,9491,100,9493,150
1597511,NASDAQ-GOLD,9595,50,9594,100,9593,150,9600,144,9601,250,9718,20
1597511,NASDAQ-HT,11059,70,11057,150,11055,200,11061,55,11065,50,11067,100
1597511,NASDAQ-INA,10644,20,10642,50,10640,100,10646,30,10648,100,10650,150
1597511,NASDAQ-KOTD,8433,150,8431,200,8430,20,8435,182,8437,250,8447,83
1597511,NASDAQ-NGUP,7468,100,7466,150,7464,220,7474,50,7476,100,7478,150
1597511,NASDAQ-SIMP,9969,50,9968,100,9967,150,9971,8,9972,100,9973,150
1597511,NASDAQ-ZITO,8031,76,8030,150,8029,50,8035,75,8067,50,8068,100
1597796,NASDAQ-CARD,10410,50,10409,100,10408,150,10413,50,10414,150,10415,200
1597796,NASDAQ-DLKV,10039,26,10037,100,10035,150,10049,142,10051,250,10074,24
1597796,NASDAQ-ETFB,11700,69,11698,150,11696,200,11706,50,11708,100,11710,150
1597796,NASDAQ-ETFB3,9721,67,9720,200,9719,250,9725,46,9726,100,9727,150
1597796,NASDAQ-FSR,9460,50,9458,100,9456,150,9466,39,9468,150,9470,200
1597796,NASDAQ-GOLD,9601,10,9589,50,9588,100,9718,20,9730,10,9807,20
1597796,NASDAQ-HT,11052,50,11050,100,11048,150,11056,50,11058,100,11060,150
1597796,NASDAQ-INA,10641,50,10639,100,10637,150,10647,100,10649,150,10651,200
1597796,NASDAQ-KOTD,8437,50,8435,180,8433,150,8441,50,8443,100,8445,150
1597796,NASDAQ-NGUP,7464,70,7462,100,7460,150,7467,10,7468,50,7470,100
1597796,NASDAQ-SIMP,10002,200,10001,250,9974,36,10007,50,10008,100,10009,150
1597796,NASDAQ-ZITO,8036,10,8034,50,8033,100,8038,74,8039,200,8040,250
1598064,NASDAQ-CARD,10280,40,10255,50,10254,100,10410,60,10454,72,10589,60
1598064,NASDAQ-DLKV,10047,50,10045,100,10043,150,10055,5,10057,200,10059,250
1598064,NASDAQ-ETFB,11736,84,11734,150,11732,200,11742,50,11744,100,11746,150
1598064,NASDAQ-ETFB3,9718,150,9717,200,9716,250,9722,50,9723,100,9724,150
1598064,NASDAQ-FSR,9447,50,9445,100,9443,150,9455,31,9457,200,9459,250
1598064,NASDAQ-GOLD,9617,50,9616,100,9615,150,9619,50,9620,100,9621,150
1598064,NASDAQ-HT,11044,50,11042,100,11040,150,11050,29,11052,150,11054,200
1598064,NASDAQ-INA,10638,50,10636,100,10634,150,10640,13,10642,50,10644,100
1598064,NASDAQ-KOTD,8429,180,8427,50,8425,100,8431,20,8433,100,8435,150
1598064,NASDAQ-NGUP,7471,30,7469,100,7467,230,7475,50,7477,100,7479,150
1598064,NASDAQ-SIMP,9971,100,9970,100,9969,150,9973,50,9974,100,9975,150
1598064,NASDAQ-ZITO,8035,50,8034,100,8033,150,8040,145,8041,250,8067,50
1598335,NASDAQ-CARD,10259,50,10258,100,10257,150,10261,50,10262,100,10263,150
1598335,NASDAQ-DLKV,10029,50,10027,100,10025,150,10033,31,10035,100,10037,150
1598335,NASDAQ-ETFB,11764,50,11762,100,11760,150,11768,50,11770,100,11772,150
1598335,NASDAQ-ETFB3,9732,50,9731,100,9730,150,9734,50,9735,100,9736,150
1598335,NASDAQ-FSR,9464,50,9462,100,9460,150,9468,50,9470,100,9472,150
1598335,NASDAQ-GOLD,9647,50,9646,100,9645,150,9649,50,9650,100,9651,150
1598335,NASDAQ-HT,11058,50,11056,100,11054,150,11062,50,11064,100,11066,150
1598335,NASDAQ-INA,10625,50,10623,100,10621,150,10629,50,10631,100,10633,150
1598335,NASDAQ-KOTD,8432,50,8430,100,8428,150,8436,50,8438,100,8440,150
1598335,NASDAQ-NGUP,7456,50,7454,100,7452,150,7462,76,7464,150,7466,200
1598335,NASDAQ-SIMP,9980,50,9979,100,9978,150,9982,50,9983,100,9984,150
1598335,NASDAQ-ZITO,8019,50,8018,100,8017,150,8022,50,8023,150,8024,200
1598606,NASDAQ-CARD,10240,50,10239,100,10238,150,10242,20,10243,100,10244,150
1598606,NASDAQ-DLKV,10055,70,10053,150,10051,200,10061,50,10063,100,10065,150
1598606,NASDAQ-ETFB,11764,50,11762,100,11760,150,11768,50,11770,100,11772,150
1598606,NASDAQ-ETFB3,9734,139,9733,200,9732,250,9738,49,9739,100,9740,150
1598606,NASDAQ-FSR,9463,30,9461,100,9459,150,9469,100,9471,150,9473,200
1598606,NASDAQ-GOLD,9690,50,9689,100,9688,150,9692,50,9693,100,9694,150
1598606,NASDAQ-HT,11079,50,11077,100,11075,170,11083,50,11085,100,11087,150
1598606,NASDAQ-INA,10641,20,10639,100,10637,150,10645,50,10647,100,10649,150
1598606,NASDAQ-KOTD,8425,20,8423,50,8421,100,8427,68,8429,100,8431,150
1598606,NASDAQ-NGUP,7454,54,7452,150,7450,220,7462,74,7464,150,7466,200
1598606,NASDAQ-SIMP,10009,56,10008,150,10007,200,10012,50,10013,100,10014,208
1598606,NASDAQ-ZITO,8007,50,8006,100,8005,170,8009,30,8010,100,8011,150
1598889,NASDAQ-CARD,10248,100,10247,150,10246,200,10251,50,10252,100,10253,150
1598889,NASDAQ-DLKV,10051,50,10049,100,10047,150,10059,140,10061,200,10063,250
1598889,NASDAQ-ETFB,11756,50,11754,100,11752,150,11760,50,11762,100,11764,150
1598889,NASDAQ-ETFB3,9735,37,9734,150,9733,200,9738,1,9739,100,9740,150
1598889,NASDAQ-FSR,9431,20,9429,50,9427,100,9433,40,9435,100,9437,150
1598889,NASDAQ-GOLD,9689,50,9688,100,9687,150,9695,100,9718,20,9730,10
1598889,NASDAQ-HT,11066,50,11064,100,11062,150,11070,50,11072,100,11074,150
1598889,NASDAQ-INA,10616,50,10614,100,10612,150,10622,30,10624,150,10626,200
1598889,NASDAQ-KOTD,8430,30,8428,150,8426,200,8436,50,8438,100,8440,150
1598889,NASDAQ-NGUP,7444,50,7442,100,7440,150,7448,30,7450,100,7452,150
1598889,NASDAQ-SIMP,9993,49,9992,100,9991,150,9997,78,9998,200,9999,250
1598889,NASDAQ-ZITO,7986,50,7985,100,7984,150,7991,36,7992,250,8067,50
1599142,NASDAQ-CARD,10488,94,10487,150,10486,200,10491,50,10492,100,10493,150
1599142,NASDAQ-DLKV,9997,10,9964,20,9908,50,10061,50,10063,100,10065,150
1599142,NASDAQ-ETFB,11753,18,11751,100,11749,150,11759,70,11761,150,11763,200
1599142,NASDAQ-ETFB3,9727,50,9726,100,9725,150,9729,50,9730,100,9731,150
1599142,NASDAQ-FSR,9414,50,9412,100,9410,150,9420,32,9422,150,9424,200
1599142,NASDAQ-GOLD,9601,10,9557,20,9539,20,9699,50,9700,100,9701,150
1599142,NASDAQ-HT,11028,50,11026,100,11024,150,11034,70,11036,150,11038,200
1599142,NASDAQ-INA,10627,30,10625,100,10623,150,10631,50,10633,100,10635,150
1599142,NASDAQ-KOTD,8418,50,8416,100,8414,150,8422,50,8424,100,8425,20
1599142,NASDAQ-NGUP,7414,50,7412,100,7410,150,7420,70,7422,150,7424,200
1599142,NASDAQ-SIMP,9995,85,9994,466,9983,10,10001,6,10002,150,10003,200
1599142,NASDAQ-ZITO,,,,,,,7992,50,7993,100,7994,150
1599395,NASDAQ-CARD,10464,50,10463,100,10462,150,10467,34,10468,150,10469,200
1599395,NASDAQ-DLKV,10084,50,10082,100,10080,150,10088,50,10090,100,10092,150
1599395,NASDAQ-ETFB,11751,50,11749,100,11747,150,11757,80,11759,150,11761,200
1599395,NASDAQ-ETFB3,9725,25,9724,100,9723,150,9727,14,9728,100,9729,150
1599395,NASDAQ-FSR,9444,20,9442,150,9440,200,9450,50,9452,100,9454,150
1599395,NASDAQ-GOLD,9706,40,9705,100,9704,150,9708,50,9709,100,9710,150
1599395,NASDAQ-HT,11023,50,11021,100,11019,150,11028,8,11029,100,11031,150
1599395,NASDAQ-INA,10615,50,10613,100,10611,150,10619,40,10621,100,10623,150
1599395,NASDAQ-KOTD,8397,50,8395,100,8393,150,8403,83,8405,150,8407,200
1599395,NASDAQ-NGUP,7430,50,7428,100,7426,150,7434,50,7436,100,7438,150
1599395,NASDAQ-SIMP,10012,24,10011,100,10010,150,10014,57,10015,100,10016,150
1599395,NASDAQ-ZITO,7989,50,7988,100,7987,150,7993,150,7994,200,7995,250
1599667,NASDAQ-CARD,10482,50,10481,100,10480,150,10484,50,10485,100,10486,150
1599667,NASDAQ-DLKV,10057,50,10055,100,10053,150,10063,50,10065,150,10067,200
1599667,NASDAQ-ETFB,11751,37,11749,100,11747,150,11755,50,11757,100,11759,150
1599667,NASDAQ-ETFB3,9722,50,9721,100,9720,150,9725,70,9726,150,9727,200
1599667,NASDAQ-FSR,9430,50,9428,100,9426,150,9436,65,9438,150,9440,200
1599667,NASDAQ-GOLD,9685,50,9684,100,9683,150,9689,74,9690,200,9691,250
1599667,NASDAQ-HT,11002,50,11000,100,10998,150,11006,50,11008,100,11010,150
1599667,NASDAQ-INA,10638,50,10636,100,10634,150,10642,50,10644,100,10646,150
1599667,NASDAQ-KOTD,8426,30,8424,100,8422,150,8430,50,8432,100,8434,150
1599667,NASDAQ-NGUP,7433,93,7431,200,7429,250,7440,20,7441,50,7443,100
1599667,NASDAQ-SIMP,10003,50,10002,100,10001,250,10006,8,10007,150,10008,200
1599667,NASDAQ-ZITO,7988,50,7987,100,7986,150,7992,50,7993,200,7994,250
1599816,NASDAQ-CARD,10476,50,10475,100,10474,150,10478,50,10479,100,10480,150
1599816,NASDAQ-DLKV,10076,50,10074,100,10072,150,10080,50,10082,100,10084,310
1599816,NASDAQ-ETFB,11751,50,11749,100,11747,150,11755,50,11757,100,11759,150
1599816,NASDAQ-ETFB3,9719,50,9718,100,9717,150,9721,44,9722,100,9723,150
1599816,NASDAQ-FSR,9439,50,9437,100,9435,150,9443,50,9445,100,9447,150
1599816,NASDAQ-GOLD,9683,50,9682,100,9681,150,9686,50,9687,150,9688,200
1599816,NASDAQ-HT,10995,50,10993,100,10991,150,10999,50,11001,100,11003,150
1599816,NASDAQ-INA,10646,50,10644,100,10642,150,10650,50,10652,100,10654,150
1599816,NASDAQ-KOTD,8430,100,8428,150,8426,200,8436,50,8438,100,8440,150
1599816,NASDAQ-NGUP,7426,50,7424,100,7422,150,7430,50,7432,100,7434,150
1599816,NASDAQ-SIMP,10018,50,10017,100,10016,150,10020,50,10021,100,10022,150
1599816,NASDAQ-ZITO,7983,50,7982,100,7981,150,7987,100,7988,200,7989,250
1600062,NASDAQ-CARD,10413,50,10412,100,10411,150,10415,50,10416,100,10417,150
1600062,NASDAQ-DLKV,10113,50,10111,100,10109,150,10117,50,10119,100,10121,150
1600062,NASDAQ-ETFB,11751,50,11749,100,11747,150,11757,100,11759,150,11761,200
1600062,NASDAQ-ETFB3,9694,50,9693,100,9692,150,9696,25,9697,100,9698,150
1600062,NASDAQ-FSR,9451,100,9449,150,9447,200,9457,50,9459,100,9461,150
1600062,NASDAQ-GOLD,9670,50,9669,100,9668,150,9675,150,9676,250,9718,20
1600062,NASDAQ-HT,11018,70,11016,150,11014,200,11022,20,11024,50,11026,100
1600062,NASDAQ-INA,10678,50,10676,100,10674,150,10682,50,10684,120,10686,150
1600062,NASDAQ-KOTD,8445,50,8443,100,8441,150,8446,5,8447,83,8449,300
1600062,NASDAQ-NGUP,7447,68,7445,150,7443,200,7453,50,7455,100,7457,150
1600062,NASDAQ-SIMP,10020,50,9994,266,9993,100,10036,193,10037,49,10039,55
1600062,NASDAQ-ZITO,8027,50,8026,100,8025,150,8029,50,8030,100,8031,150
1600379,NASDAQ-CARD,10423,70,10422,150,10421,200,10426,50,10427,100,10428,150
1600379,NASDAQ-DLKV,10098,50,10096,100,10094,150,10102,50,10104,100,10106,150
1600379,NASDAQ-ETFB,11757,29,11744,50,11742,100,11790,59,11804,56,,
1600379,NASDAQ-ETFB3,9694,50,9693,100,9692,150,9696,50,9697,100,9698,150
1600379,NASDAQ-FSR,9452,50,9450,100,9448,150,9458,100,9460,150,9462,200
1600379,NASDAQ-GOLD,9699,50,9698,100,9697,150,9701,50,9702,100,9703,150
1600379,NASDAQ-HT,10985,50,10983,100,10981,150,10989,50,10991,100,10993,150
1600379,NASDAQ-INA,10714,60,10712,150,10710,200,10720,50,10722,100,10724,150
1600379,NASDAQ-KOTD,8403,30,8390,20,8379,20,8457,32,8458,250,8459,150
1600379,NASDAQ-NGUP,7451,52,7449,150,7447,200,7457,50,7459,100,7461,150
1600379,NASDAQ-SIMP,9983,9,9982,50,9981,100,9985,58,9986,150,9987,200
1600379,NASDAQ-ZITO,8004,50,8003,100,8002,150,8006,50,8007,100,8008,150
1600666,NASDAQ-CARD,10400,50,10399,100,10398,150,10403,54,10404,150,10405,200
1600666,NASDAQ-DLKV,10098,50,10096,100,10094,150,10104,100,10106,150,10108,200
1600666,NASDAQ-ETFB,11744,50,11742,100,11740,150,11748,50,11750,100,11752,150
1600666,NASDAQ-ETFB3,9698,50,9697,100,9696,150,9700,45,9701,100,9702,150
1600666,NASDAQ-FSR,9452,100,9450,150,9448,200,9460,100,9462,150,9464,200
1600666,NASDAQ-GOLD,9697,50,9696,100,9695,150,9702,160,9703,250,9718,20
1600666,NASDAQ-HT,10996,15,10994,100,10992,150,11000,50,11002,100,11004,150
1600666,NASDAQ-INA,10718,50,10716,150,10714,200,10719,30,10721,20,10724,50
1600666,NASDAQ-KOTD,8473,18,8471,150,8469,200,8479,50,8481,100,8483,150
1600666,NASDAQ-NGUP,7429,50,7427,100,7425,150,7433,50,7435,100,7437,150
1600666,NASDAQ-SIMP,10001,50,10000,100,9999,150,10003,50,10004,100,10005,150
1600666,NASDAQ-ZITO,8008,50,8007,100,8006,150,8010,50,8011,100,8012,150
1600930,NASDAQ-CARD,10411,50,10410,100,10409,150,10413,80,10414,100,10415,150
1600930,NASDAQ-DLKV,10138,30,10136,100,10134,150,10139,55,10142,50,10144,100
1600930,NASDAQ-ETFB,11761,50,11759,100,11757,150,11765,50,11767,100,11769,150
1600930,NASDAQ-ETFB3,9698,50,9697,100,9696,150,9700,50,9701,100,9702,150
1600930,NASDAQ-FSR,9459,50,9457,100,9455,150,9463,50,9465,100,9467,150
1600930,NASDAQ-GOLD,9718,30,9717,100,9716,150,9720,50,9721,100,9722,150
1600930,NASDAQ-HT,10981,50,10979,100,10977,150,10985,50,10987,100,10989,150
1600930,NASDAQ-INA,10678,50,10676,100,10674,150,10682,50,10684,100,10686,150
1600930,NASDAQ-KOTD,8454,50,8452,100,8450,150,8458,50,8460,100,8462,150
1600930,NASDAQ-NGUP,7418,50,7416,100,7414,150,7422,41,7424,100,7426,150
1600930,NASDAQ-SIMP,9996,49,9995,100,9994,150,9999,49,10000,150,10001,200
1600930,NASDAQ-ZITO,8019,50,8018,100,8017,150,8021,50,8022,100,8023,150
1601171,NASDAQ-CARD,10676,50,10675,100,10674,150,10678,50,10679,100,10680,150
1601171,NASDAQ-DLKV,10110,50,10108,100,10106,150,10114,47,10116,100,10118,150
1601171,NASDAQ-ETFB,11764,46,11762,100,11760,150,11772,150,11774,200,11776,250
1601171,NASDAQ-ETFB3,9707,50,9706,100,9705,150,9709,50,9710,100,9711,150
1601171,NASDAQ-FSR,9478,50,9476,100,9474,150,9482,50,9484,100,9486,150
1601171,NASDAQ-GOLD,9661,50,9660,100,9659,150,9663,50,9664,100,9665,150
1601171,NASDAQ-HT,11001,50,10999,100,10997,150,11003,55,11005,50,11007,100
1601171,NASDAQ-INA,10703,50,10701,100,10699,150,10707,50,10709,100,10711,150
1601171,NASDAQ-KOTD,8492,50,8490,100,8488,150,8496,50,8498,100,8500,150
1601171,NASDAQ-NGUP,7436,90,7434,150,7432,200,7442,50,7444,100,7446,160
1601171,NASDAQ-SIMP,10014,30,10013,100,10012,150,10016,50,10017,100,10018,150
1601171,NASDAQ-ZITO,8000,50,7999,100,7998,150,8003,100,8004,150,8005,200
1601434,NASDAQ-CARD,10662,50,10661,100,10660,150,10665,28,10666,150,10667,200
1601434,NASDAQ-DLKV,10125,8,10123,200,10121,250,10133,50,10135,100,10137,160
1601434,NASDAQ-ETFB,11749,50,11747,100,11745,150,11755,99,11757,150,11759,200
1601434,NASDAQ-ETFB3,9709,25,9706,83,9705,150,9710,73,9711,150,9712,200
1601434,NASDAQ-FSR,9484,50,9482,100,9480,150,9488,50,9490,100,9492,150
1601434,NASDAQ-GOLD,9657,50,9656,100,9655,150,9662,150,9663,250,9730,10
1601434,NASDAQ-HT,11029,30,11027,100,11025,150,11033,50,11035,100,11037,150
1601434,NASDAQ-INA,10717,50,10715,100,10713,150,10721,50,10723,100,10725,150
1601434,NASDAQ-KOTD,8469,50,8467,100,8465,150,8473,50,8475,100,8477,150
1601434,NASDAQ-NGUP,7442,20,7441,150,7439,200,7449,50,7451,100,7453,150
1601434,NASDAQ-SIMP,10018,119,10017,250,9999,17,10023,50,10024,100,10025,150
1601434,NASDAQ-ZITO,8008,9,8007,150,8006,200,8011,50,8012,100,8013,150
1601708,NASDAQ-CARD,10675,126,10674,200,10673,250,10679,50,10680,100,10681,150
1601708,NASDAQ-DLKV,10081,10,9997,10,9964,20,10164,50,10166,100,10168,150
1601708,NASDAQ-ETFB,11749,50,11747,100,11745,150,11753,50,11755,100,11757,150
1601708,NASDAQ-ETFB3,9706,83,9705,150,9704,200,9712,191,9713,250,9762,55
1601708,NASDAQ-FSR,9488,50,9486,100,9484,150,9494,23,9496,150,9498,200
1601708,NASDAQ-GOLD,9618,50,9617,100,9616,150,9624,250,9730,10,9807,20
1601708,NASDAQ-HT,11021,50,11019,100,11017,150,11025,50,11027,100,11029,150
1601708,NASDAQ-INA,10690,50,10688,100,10686,150,10698,100,10700,200,10702,250
1601708,NASDAQ-KOTD,8473,1,8472,50,8470,100,8476,50,8478,100,8480,150
1601708,NASDAQ-NGUP,7456,50,7454,100,7452,150,7460,50,7462,100,7464,150
1601708,NASDAQ-SIMP,10027,50,10026,100,10025,150,10029,50,10030,100,10031,150
1601708,NASDAQ-ZITO,8015,140,8014,200,8013,250,8019,50,8020,100,8021,150
1601963,NASDAQ-CARD,10584,50,10583,100,10582,150,10587,6,10588,150,10589,200
1601963,NASDAQ-DLKV,10123,50,10121,100,10119,150,10127,50,10129,100,10131,150
1601963,NASDAQ-ETFB,11745,50,11743,100,11741,150,11749,50,11751,100,11753,150
1601963,NASDAQ-ETFB3,9707,50,9706,100,9705,150,9710,75,9711,150,9712,200
1601963,NASDAQ-FSR,9470,50,9468,100,9466,150,9474,4,9476,100,9478,150
1601963,NASDAQ-GOLD,9656,100,9655,150,9654,200,9659,40,9660,100,9661,150
1601963,NASDAQ-HT,11026,25,11024,100,11022,150,11030,50,11032,100,11034,150
1601963,NASDAQ-INA,10692,100,10690,150,10688,200,10700,100,10702,150,10704,200
1601963,NASDAQ-KOTD,8464,50,8462,100,8460,150,8468,50,8470,100,8472,150
1601963,NASDAQ-NGUP,7434,50,7432,100,7430,150,7438,36,7440,100,7442,150
1601963,NASDAQ-SIMP,10028,18,10027,100,10026,150,10030,50,10031,100,10032,150
1601963,NASDAQ-ZITO,8017,50,8016,100,8015,150,8020,100,8021,150,8022,200
1602194,NASDAQ-CARD,10616,50,10615,100,10614,150,10618,50,10619,100,10620,150
1602194,NASDAQ-DLKV,10096,50,10094,100,10092,150,10100,50,10102,100,10104,150
1602194,NASDAQ-ETFB,11745,50,11743,100,11741,150,11755,160,11757,250,11790,59
1602194,NASDAQ-ETFB3,9746,50,9745,100,9744,150,9748,50,9749,100,9750,150
1602194,NASDAQ-FSR,9466,50,9464,100,9462,150,9470,50,9472,100,9474,150
1602194,NASDAQ-GOLD,9677,50,9676,100,9675,150,9679,50,9680,100,9681,150
1602194,NASDAQ-HT,11020,50,11018,100,11016,150,11024,50,11026,100,11028,150
1602194,NASDAQ-INA,10686,50,10684,100,10682,150,10690,30,10692,100,10694,150
1602194,NASDAQ-KOTD,8463,50,8461,100,8459,150,8467,50,8469,100,8471,150
1602194,NASDAQ-NGUP,7428,50,7426,100,7424,150,7432,50,7434,100,7436,150
1602194,NASDAQ-SIMP,9999,17,9997,50,9996,100,10000,77,10001,150,10002,200
1602194,NASDAQ-ZITO,8029,50,8028,100,8027,150,8031,50,8032,100,8033,150
1602414,NASDAQ-CARD,10604,50,10603,100,10602,150,10606,50,10607,100,10608,150
1602414,NASDAQ-DLKV,10087,50,10085,100,10083,150,10091,50,10093,100,10095,150
1602414,NASDAQ-ETFB,11743,100,11741,150,11739,200,11745,112,11749,50,11751,100
1602414,NASDAQ-ETFB3,9759,74,9758,200,9757,250,9762,53,9763,50,9764,100
1602414,NASDAQ-FSR,9472,50,9470,100,9468,150,9476,50,9478,100,9480,150
1602414,NASDAQ-GOLD,9679,100,9678,150,9677,200,9682,50,9683,100,9684,150
1602414,NASDAQ-HT,11026,50,11024,150,11022,200,11032,50,11034,100,11036,150
1602414,NASDAQ-INA,10702,50,10700,100,10698,150,10706,50,10708,100,10710,150
1602414,NASDAQ-KOTD,8458,50,8456,100,8454,150,8462,50,8464,100,8466,156
1602414,NASDAQ-NGUP,7433,50,7431,150,7429,200,7439,50,7441,100,7443,150
1602414,NASDAQ-SIMP,10005,50,10004,100,10003,150,10007,50,10008,100,10009,150
1602414,NASDAQ-ZITO,8011,50,8010,100,8009,150,8014,100,8015,150,8016,200
1602642,NASDAQ-CARD,10589,50,10588,100,10587,150,10592,100,10593,150,10594,200
1602642,NASDAQ-DLKV,10075,50,10073,100,10071,150,10079,40,10081,100,10083,150
1602642,NASDAQ-ETFB,11772,50,11770,100,11768,150,11776,50,11778,100,11780,150
1602642,NASDAQ-ETFB3,9762,191,9761,250,9748,80,9767,50,9768,100,9769,150
1602642,NASDAQ-FSR,9460,50,9458,100,9456,150,9466,21,9468,150,9470,200
1602642,NASDAQ-GOLD,9675,200,9674,250,9601,10,9681,40,9682,150,9683,200
1602642,NASDAQ-HT,11038,50,11036,100,11034,150,11042,50,11044,100,11045,20
1602642,NASDAQ-INA,10710,140,10708,200,10706,250,10718,50,10720,100,10722,150
1602642,NASDAQ-KOTD,8436,50,8434,100,8432,150,8440,30,8442,100,8444,150
1602642,NASDAQ-NGUP,7432,150,7430,200,7428,250,7440,50,7442,100,7444,150
1602642,NASDAQ-SIMP,10006,74,10005,200,10004,250,10011,100,10012,150,10013,200
1602642,NASDAQ-ZITO,7999,50,7998,100,7997,150,8003,120,8004,200,8005,250
1602925,NASDAQ-CARD,10596,50,10595,150,10594,200,10599,50,10600,100,10601,150
1602925,NASDAQ-DLKV,10053,20,10052,50,10050,100,10058,95,10060,150,10062,200
1602925,NASDAQ-ETFB,11794,11,11792,150,11790,200,11800,49,11802,100,11804,206
1602925,NASDAQ-ETFB3,9743,50,9742,100,9741,150,9746,20,9747,150,9748,200
1602925,NASDAQ-FSR,9450,50,9448,100,9446,150,9456,73,9458,150,9460,200
1602925,NASDAQ-GOLD,9662,50,9661,100,9660,150,9664,50,9665,100,9666,150
1602925,NASDAQ-HT,11029,50,11027,100,11025,150,11035,100,11037,150,11039,200
1602925,NASDAQ-INA,10684,50,10682,100,10680,150,10688,50,10690,100,10692,150
1602925,NASDAQ-KOTD,8459,50,8457,100,8455,150,8463,50,8465,100,8466,6
1602925,NASDAQ-NGUP,7440,98,7438,100,7436,150,7444,50,7446,100,7448,150
1602925,NASDAQ-SIMP,10030,1,10029,100,10028,150,10032,50,10033,100,10034,150
1602925,NASDAQ-ZITO,7999,50,7998,100,7997,150,8003,60,8004,200,8005,250
1603196,NASDAQ-CARD,10406,50,10405,100,10404,150,10408,14,10409,100,10410,150
1603196,NASDAQ-DLKV,10060,50,10058,100,10056,150,10066,100,10068,150,10070,200
1603196,NASDAQ-ETFB,11787,200,11785,250,11735,57,11797,50,11799,100,11801,150
1603196,NASDAQ-ETFB3,9769,44,9768,100,9767,150,9771,50,9772,100,9773,150
1603196,NASDAQ-FSR,9461,40,9459,150,9457,200,9467,50,9469,100,9471,150
1603196,NASDAQ-GOLD,9674,100,9673,150,9672,200,9677,50,9678,100,9679,150
1603196,NASDAQ-HT,11053,10,11051,100,11049,150,11055,20,11057,50,11059,100
1603196,NASDAQ-INA,10737,30,10735,100,10733,150,10741,50,10743,100,10745,150
1603196,NASDAQ-KOTD,8468,44,8466,100,8464,150,8472,50,8474,100,8476,150
1603196,NASDAQ-NGUP,7436,50,7434,100,7432,150,7440,50,7442,100,7444,150
1603196,NASDAQ-SIMP,10008,50,10007,136,10006,150,10012,60,10013,200,10014,250
1603196,NASDAQ-ZITO,8026,90,8025,150,8024,200,8029,50,8030,100,8031,150
1603447,NASDAQ-CARD,10396,50,10395,100,10394,150,10398,50,10399,100,10400,150
1603447,NASDAQ-DLKV,10053,50,10051,100,10049,150,10065,205,10087,38,10096,160
1603447,NASDAQ-ETFB,11787,175,11786,61,11785,250,11797,50,11799,100,11801,150
1603447,NASDAQ-ETFB3,9768,75,9767,150,9766,200,9772,100,9773,150,9774,200
1603447,NASDAQ-FSR,9477,10,9475,100,9473,150,9481,50,9483,100,9485,150
1603447,NASDAQ-GOLD,9694,50,9693,150,9692,200,9697,50,9698,100,9699,150
1603447,NASDAQ-HT,11041,50,11039,100,11037,150,11047,90,11049,150,11051,200
1603447,NASDAQ-INA,10771,70,10769,150,10767,200,10777,50,10779,100,10781,150
1603447,NASDAQ-KOTD,8462,40,8460,100,8458,150,8472,148,8474,250,8527,10
1603447,NASDAQ-NGUP,7435,100,7433,150,7431,200,7440,30,7441,50,7443,100
1603447,NASDAQ-SIMP,10003,50,10002,100,10001,150,10007,44,10008,200,10009,250
1603447,NASDAQ-ZITO,8011,50,8010,100,8009,150,8013,42,8014,100,8015,150
1603701,NASDAQ-CARD,10376,50,10375,100,10374,150,10378,1,10379,100,10380,150
1603701,NASDAQ-DLKV,10056,30,10054,100,10052,150,10066,115,10068,250,10087,38
1603701,NASDAQ-ETFB,11789,30,11787,100,11786,61,11795,33,11797,150,11799,200
1603701,NASDAQ-ETFB3,9778,16,9777,100,9776,150,9780,50,9781,100,9782,150
1603701,NASDAQ-FSR,9477,40,9475,100,9473,150,9483,100,9485,150,9487,200
1603701,NASDAQ-GOLD,9698,200,9697,250,9665,10,9703,50,9704,100,9705,150
1603701,NASDAQ-HT,11002,50,11000,100,10998,150,11006,30,11008,100,11010,150
1603701,NASDAQ-INA,10760,50,10758,100,10756,150,10764,50,10766,100,10768,150
1603701,NASDAQ-KOTD,8446,50,8444,100,8442,150,8450,50,8452,100,8454,150
1603701,NASDAQ-NGUP,7418,50,7416,100,7414,170,7422,50,7424,100,7426,150
1603701,NASDAQ-SIMP,10015,60,10014,200,10013,250,10019,49,10020,100,10021,150
1603701,NASDAQ-ZITO,8005,50,8004,100,8003,230,8007,29,8008,100,8009,150
1603951,NASDAQ-CARD,10572,20,10571,100,10570,150,10574,50,10575,100,10576,150
1603951,NASDAQ-DLKV,10062,50,10060,100,10058,150,10070,150,10072,200,10074,250
1603951,NASDAQ-ETFB,11818,138,11816,200,11814,250,11826,50,11828,100,11830,150
1603951,NASDAQ-ETFB3,9770,50,9769,100,9768,150,9773,75,9774,150,9775,200
1603951,NASDAQ-FSR,9470,50,9468,100,9466,150,9476,59,9478,150,9480,200
1603951,NASDAQ-GOLD,9702,50,9701,100,9700,150,9705,100,9706,150,9707,200
1603951,NASDAQ-HT,11008,90,11006,150,11004,200,11014,50,11016,100,11018,150
1603951,NASDAQ-INA,10737,50,10735,100,10733,150,10741,41,10743,100,10745,150
1603951,NASDAQ-KOTD,8460,50,8458,100,8456,150,8464,50,8466,100,8468,150
1603951,NASDAQ-NGUP,7424,51,7422,150,7420,200,7430,50,7432,100,7434,150
1603951,NASDAQ-SIMP,9985,18,9984,50,9983,109,9989,167,9990,250,10018,36
1603951,NASDAQ-ZITO,8016,50,8015,150,8014,200,8019,50,8020,100,8021,150
1604270,NASDAQ-CARD,10575,120,10574,200,10573,250,10579,50,10580,100,10581,150
1604270,NASDAQ-DLKV,10066,50,10064,100,10063,14,10072,100,10074,150,10076,200
1604270,NASDAQ-ETFB,11822,43,11820,100,11818,150,11828,100,11830,150,11832,200
1604270,NASDAQ-ETFB3,9749,50,9748,100,9747,150,9751,50,9752,100,9753,150
1604270,NASDAQ-FSR,9475,100,9473,150,9471,200,9481,50,9483,100,9485,150
1604270,NASDAQ-GOLD,9672,50,9671,100,9670,150,9677,66,9678,250,9730,10
1604270,NASDAQ-HT,11028,50,11026,100,11024,150,11032,50,11034,100,11036,150
1604270,NASDAQ-INA,10733,100,10731,200,10729,250,10741,48,10743,100,10745,150
1604270,NASDAQ-KOTD,8459,50,8457,100,8455,150,8463,17,8465,100,8467,150
1604270,NASDAQ-NGUP,7414,70,7412,100,7410,150,7418,50,7420,100,7422,150
1604270,NASDAQ-SIMP,9993,123,9992,200,9991,250,9997,50,9998,100,9999,150
1604270,NASDAQ-ZITO,7996,50,7995,100,7994,150,7999,55,8000,150,8001,200
1604445,NASDAQ-CARD,10569,50,10568,100,10567,150,10571,50,10572,100,10573,150
1604445,NASDAQ-DLKV,10085,50,10083,100,10081,150,10089,50,10091,100,10093,150
1604445,NASDAQ-ETFB,11821,50,11819,100,11817,150,11825,50,11827,100,11829,150
1604445,NASDAQ-ETFB3,9749,47,9748,100,9747,150,9751,50,9752,100,9753,150
1604445,NASDAQ-FSR,9478,50,9476,100,9474,150,9482,50,9484,100,9486,150
1604445,NASDAQ-GOLD,9713,50,9712,100,9711,150,9715,50,9716,100,9717,150
1604445,NASDAQ-HT,11038,50,11036,100,11034,150,11042,50,11044,100,11046,150
1604445,NASDAQ-INA,10719,50,10717,100,10715,150,10723,50,10725,100,10727,150
1604445,NASDAQ-KOTD,8438,50,8436,100,8434,150,8442,50,8444,100,8446,150
1604445,NASDAQ-NGUP,7410,50,7408,100,7406,150,7414,30,7416,100,7418,150
1604445,NASDAQ-SIMP,9992,50,9991,100,9990,150,9994,50,9995,100,9996,150
1604445,NASDAQ-ZITO,7988,50,7987,100,7986,150,7992,43,7993,200,7994,250
1604681,NASDAQ-CARD,10568,150,10567,200,10566,250,10572,50,10573,100,10574,150
1604681,NASDAQ-DLKV,10093,50,10091,100,10089,150,10097,50,10099,100,10101,150
1604681,NASDAQ-ETFB,11819,100,11817,150,11815,200,11825,50,11827,100,11829,150
1604681,NASDAQ-ETFB3,9749,43,9748,100,9747,150,9751,50,9752,100,9753,150
1604681,NASDAQ-FSR,9460,50,9458,100,9456,150,9464,50,9466,100,9468,150
1604681,NASDAQ-GOLD,9702,50,9701,100,9700,150,9704,50,9705,100,9706,150
1604681,NASDAQ-HT,11014,50,11012,100,11010,150,11018,50,11020,100,11022,150
1604681,NASDAQ-INA,10738,77,10736,200,10734,250,10746,50,10748,100,10750,150
1604681,NASDAQ-KOTD,8443,50,8441,100,8439,150,8447,50,8449,100,8451,150
1604681,NASDAQ-NGUP,7408,50,7406,100,7404,150,7409,10,7412,70,7414,100
1604681,NASDAQ-SIMP,9991,50,9990,100,9989,150,9993,50,9994,100,9995,150
1604681,NASDAQ-ZITO,8020,50,8019,150,8018,200,8023,50,8024,100,8025,150
1604937,NASDAQ-CARD,10577,9,10576,100,10575,150,10579,50,10580,100,10581,150
1604937,NASDAQ-DLKV,10104,73,10102,200,10100,250,10112,50,10114,100,10116,150
1604937,NASDAQ-ETFB,11797,50,11795,100,11793,150,11801,50,11803,100,11805,150
1604937,NASDAQ-ETFB3,9742,50,9741,100,9740,150,9744,50,9745,100,9746,150
1604937,NASDAQ-FSR,9454,50,9452,100,9450,150,9460,70,9462,150,9464,200
1604937,NASDAQ-GOLD,9701,50,9700,100,9699,150,9704,51,9705,150,9706,200
1604937,NASDAQ-HT,11009,50,11007,100,11005,150,11013,50,11015,100,11017,150
1604937,NASDAQ-INA,10744,87,10742,200,10740,250,10752,50,10754,100,10756,150
1604937,NASDAQ-KOTD,8458,100,8456,150,8454,200,8459,50,8462,11,8464,50
1604937,NASDAQ-NGUP,7383,50,7381,100,7379,150,7387,50,7389,100,7391,150
1604937,NASDAQ-SIMP,9999,23,9998,150,9997,200,10002,50,10003,100,10004,150
1604937,NASDAQ-ZITO,8016,50,8015,100,8014,150,8018,50,8019,100,8020,150
1605205,NASDAQ-CARD,10621,20,10620,100,10619,150,10623,50,10624,100,10625,150
1605205,NASDAQ-DLKV,10099,50,10097,100,10095,150,10105,19,10107,150,10109,200
1605205,NASDAQ-ETFB,11790,50,11788,158,11786,211,11794,50,11796,100,11798,150
1605205,NASDAQ-ETFB3,9728,43,9727,100,9726,150,9731,66,9732,150,9733,200
1605205,NASDAQ-FSR,9447,50,9445,100,9443,150,9451,37,9453,100,9455,150
1605205,NASDAQ-GOLD,9710,25,9709,150,9708,200,9713,50,9714,100,9715,150
1605205,NASDAQ-HT,11026,42,11024,100,11022,150,11029,20,11030,50,11032,100
1605205,NASDAQ-INA,10734,50,10732,100,10730,150,10738,50,10740,100,10742,150
1605205,NASDAQ-KOTD,8474,39,8472,100,8470,150,8478,50,8480,100,8482,150
1605205,NASDAQ-NGUP,7405,50,7403,100,7401,150,7409,60,7410,30,7411,100
1605205,NASDAQ-SIMP,10009,140,10008,200,10007,250,10013,50,10014,100,10015,150
1605205,NASDAQ-ZITO,8013,50,8012,100,8011,150,8015,25,8016,100,8017,150
1605442,NASDAQ-CARD,10600,12,10599,100,10598,150,10602,50,10603,100,10604,150
1605442,NASDAQ-DLKV,10110,50,10108,150,10106,200,10116,50,10118,100,10120,150
1605442,NASDAQ-ETFB,11780,50,11778,100,11776,150,11786,22,11788,150,11790,200
1605442,NASDAQ-ETFB3,9743,50,9742,100,9741,150,9745,50,9746,100,9747,150
1605442,NASDAQ-FSR,9452,100,9450,150,9448,221,9458,50,9460,100,9462,150
1605442,NASDAQ-GOLD,9682,50,9681,100,9680,150,9686,107,9687,200,9688,250
1605442,NASDAQ-HT,11039,25,11037,100,11035,150,11043,50,11045,100,11047,150
1605442,NASDAQ-INA,10704,50,10702,100,10700,150,10708,50,10710,100,10712,150
1605442,NASDAQ-KOTD,8459,50,8457,100,8455,150,8465,79,8467,150,8469,200
1605442,NASDAQ-NGUP,7387,72,7385,100,7383,150,7391,50,7393,100,7395,150
1605442,NASDAQ-SIMP,10000,50,9999,100,9998,150,10003,89,10004,150,10005,200
1605442,NASDAQ-ZITO,8020,50,8019,150,8018,200,8023,50,8024,100,8025,150
1605699,NASDAQ-CARD,10612,50,10611,100,10610,150,10614,50,10615,100,10616,150
1605699,NASDAQ-DLKV,10080,50,10078,100,10076,150,10086,69,10088,150,10090,200
1605699,NASDAQ-ETFB,11780,44,11778,100,11776,150,11784,7,11786,100,11787,53
1605699,NASDAQ-ETFB3,9743,14,9742,100,9741,150,9745,19,9746,100,9747,150
1605699,NASDAQ-FSR,9458,50,9456,150,9454,200,9464,50,9466,100,9468,150
1605699,NASDAQ-GOLD,9696,100,9695,150,9694,200,9699,50,9700,100,9701,150
1605699,NASDAQ-HT,11007,50,11005,100,11003,150,11013,100,11015,150,11017,200
1605699,NASDAQ-INA,10672,50,10670,100,10668,150,10678,95,10680,150,10682,200
1605699,NASDAQ-KOTD,8443,50,8441,100,8439,150,8447,50,8449,100,8451,150
1605699,NASDAQ-NGUP,7363,50,7361,100,7359,150,7367,49,7369,100,7371,150
1605699,NASDAQ-SIMP,9985,18,9983,59,9982,100,9987,48,9988,200,9989,250
1605699,NASDAQ-ZITO,8023,134,8022,250,7987,20,8028,50,8029,100,8030,150
1605961,NASDAQ-CARD,10569,144,10559,55,10510,55,10699,113,10700,20,10821,50
1605961,NASDAQ-DLKV,10109,50,10107,100,10105,150,10113,50,10115,100,10117,150
1605961,NASDAQ-ETFB,11776,50,11774,100,11772,150,11782,87,11783,38,11784,150
1605961,NASDAQ-ETFB3,9751,31,9750,100,9749,150,9753,50,9754,100,9755,150
1605961,NASDAQ-FSR,9453,50,9451,100,9449,150,9457,50,9459,100,9461,150
1605961,NASDAQ-GOLD,9676,50,9675,100,9674,150,9678,34,9679,100,9680,150
1605961,NASDAQ-HT,11010,50,11008,100,11006,150,11014,50,11016,100,11018,150
1605961,NASDAQ-INA,10648,50,10646,100,10644,150,10660,55,10677,55,10678,20
1605961,NASDAQ-KOTD,8445,50,8443,100,8441,150,8449,50,8451,100,8453,150
1605961,NASDAQ-NGUP,7364,100,7362,150,7360,200,7370,50,7372,100,7374,150
1605961,NASDAQ-SIMP,9958,50,9957,100,9956,150,9963,167,9964,250,10002,36
1605961,NASDAQ-ZITO,8074,50,8073,100,8072,150,8076,50,8077,100,8078,150
1606188,NASDAQ-CARD,10796,50,10795,100,10794,150,10798,50,10799,100,10800,150
1606188,NASDAQ-DLKV,10146,20,10144,100,10142,150,10150,50,10152,100,10154,150
1606188,NASDAQ-ETFB,11788,3,11786,150,11784,200,11794,50,11796,100,11798,150
1606188,NASDAQ-ETFB3,9751,50,9750,100,9749,150,9753,50,9754,100,9755,150
1606188,NASDAQ-FSR,9456,50,9454,100,9452,150,9460,50,9462,100,9464,150
1606188,NASDAQ-GOLD,9691,100,9690,150,9689,200,9694,50,9695,100,9696,150
1606188,NASDAQ-HT,11013,50,11011,100,11009,150,11017,50,11019,100,11021,150
1606188,NASDAQ-INA,10659,50,10657,100,10655,150,10663,50,10665,100,10667,150
1606188,NASDAQ-KOTD,8442,50,8440,100,8438,150,8446,50,8448,100,8450,150
1606188,NASDAQ-NGUP,7359,50,7357,100,7355,170,7363,50,7365,100,7367,150
1606188,NASDAQ-SIMP,9993,50,9992,100,9991,150,9995,50,9996,100,9997,150
1606188,NASDAQ-ZITO,8055,50,8054,100,8053,150,8057,50,8058,100,8059,150
1606423,NASDAQ-CARD,10829,135,10828,200,10827,250,10833,50,10834,100,10835,150
1606423,NASDAQ-DLKV,10113,24,10085,20,10075,20,10160,50,10162,100,10164,150
1606423,NASDAQ-ETFB,11788,35,11787,56,11786,150,11794,12,11796,100,11798,150
1606423,NASDAQ-ETFB3,9753,130,9752,100,9751,150,9755,50,9756,100,9757,150
1606423,NASDAQ-FSR,9463,50,9461,100,9459,150,9467,50,9469,100,9471,150
1606423,NASDAQ-GOLD,9669,50,9668,100,9667,150,9674,73,9675,250,9807,20
1606423,NASDAQ-HT,10994,50,10992,100,10990,150,10998,50,11000,100,11002,150
1606423,NASDAQ-INA,10685,61,10683,150,10681,200,10691,50,10693,100,10695,150
1606423,NASDAQ-KOTD,8476,50,8474,100,8472,150,8480,50,8482,100,8484,150
1606423,NASDAQ-NGUP,7344,50,7342,100,7340,150,7348,30,7350,100,7352,150
1606423,NASDAQ-SIMP,10001,50,10000,100,9999,150,10003,50,10004,100,10005,150
1606423,NASDAQ-ZITO,8028,59,8024,10,7987,20,8063,50,8064,100,8065,150
1606691,NASDAQ-CARD,10810,50,10809,100,10808,150,10812,30,10813,100,10814,150
1606691,NASDAQ-DLKV,10153,50,10151,100,10149,150,10157,39,10159,100,10161,150
1606691,NASDAQ-ETFB,11787,56,11786,150,11784,200,11794,38,11796,100,11798,150
1606691,NASDAQ-ETFB3,9755,80,9753,130,9752,100,9757,57,9758,200,9759,250
1606691,NASDAQ-FSR,9447,50,9445,100,9443,150,9451,39,9453,100,9455,150
1606691,NASDAQ-GOLD,9658,50,9657,100,9656,150,9662,27,9663,200,9664,250
1606691,NASDAQ-HT,10999,40,10997,100,10995,150,11003,50,11005,100,11007,150
1606691,NASDAQ-INA,10664,50,10662,100,10660,150,10668,30,10670,100,10672,150
1606691,NASDAQ-KOTD,8462,50,8460,100,8458,150,8468,82,8470,150,8472,200
1606691,NASDAQ-NGUP,7368,40,7366,100,7364,150,7372,50,7374,100,7376,150
1606691,NASDAQ-SIMP,9976,50,9975,100,9974,150,9982,130,10054,272,10086,144
1606691,NASDAQ-ZITO,8043,200,8042,250,8028,59,8048,50,8049,100,8050,150
1606978,NASDAQ-CARD,11001,172,10812,30,10614,30,11007,50,11008,100,11009,150
1606978,NASDAQ-DLKV,10177,140,10175,200,10173,250,10185,70,10187,100,10189,150
1606978,NASDAQ-ETFB,11794,71,11790,50,11788,100,11796,100,11798,150,11800,200
1606978,NASDAQ-ETFB3,9761,83,9760,150,9759,200,9764,50,9765,100,9766,150
1606978,NASDAQ-FSR,9463,50,9461,100,9459,150,9467,50,9469,100,9471,150
1606978,NASDAQ-GOLD,9657,100,9656,150,9655,200,9661,96,9662,150,9663,200
1606978,NASDAQ-HT,10959,50,10957,100,10955,150,10965,100,10967,150,10969,200
1606978,NASDAQ-INA,10636,50,10634,100,10632,150,10640,50,10642,100,10644,150
1606978,NASDAQ-KOTD,8461,50,8459,100,8457,150,8465,50,8467,100,8469,150
1606978,NASDAQ-NGUP,7388,100,7386,150,7384,200,7391,1,7394,52,7396,100
1606978,NASDAQ-SIMP,9982,18,9981,200,9980,250,9988,89,9989,200,9990,250
1606978,NASDAQ-ZITO,8040,50,8039,100,8038,150,8042,50,8043,100,8044,150
1607254,NASDAQ-CARD,11006,100,11005,250,10812,30,11011,50,11012,100,11013,150
1607254,NASDAQ-DLKV,10149,50,10147,100,10145,150,10153,26,10155,100,10157,150
1607254,NASDAQ-ETFB,11777,50,11775,100,11773,150,11783,50,11785,150,11787,200
1607254,NASDAQ-ETFB3,9765,75,9764,200,9763,250,9769,50,9770,100,9771,150
1607254,NASDAQ-FSR,9461,50,9459,100,9457,150,9471,200,9473,250,9657,55
1607254,NASDAQ-GOLD,9680,75,9679,200,9678,250,9684,50,9685,100,9686,150
1607254,NASDAQ-HT,10913,50,10911,100,10909,150,11012,20,11024,20,11055,20
1607254,NASDAQ-INA,10649,80,10647,150,10645,200,10655,50,10657,100,10659,150
1607254,NASDAQ-KOTD,8437,50,8435,100,8434,20,8441,50,8443,100,8445,150
1607254,NASDAQ-NGUP,7367,50,7365,100,7363,150,7371,50,7373,100,7375,150
1607254,NASDAQ-SIMP,9993,21,9992,250,9988,18,9998,50,9999,100,10000,150
1607254,NASDAQ-ZITO,8028,59,8027,50,8026,100,8030,100,8031,150,8032,200
1607510,NASDAQ-CARD,11009,173,11008,250,11007,36,11014,50,11015,100,11016,150
1607510,NASDAQ-DLKV,10165,195,10130,20,10129,20,10177,50,10179,100,10181,150
1607510,NASDAQ-ETFB,11776,58,11775,100,11773,150,11783,83,11785,150,11787,200
1607510,NASDAQ-ETFB3,9766,10,9765,150,9764,200,9769,50,9770,100,9771,150
1607510,NASDAQ-FSR,9439,50,9437,100,9435,150,9443,50,9445,100,9447,150
1607510,NASDAQ-GOLD,9676,50,9675,100,9674,150,9681,163,9682,250,9807,20
1607510,NASDAQ-HT,10926,50,10924,100,10922,150,10930,50,10932,100,10934,150
1607510,NASDAQ-INA,10630,50,10628,100,10626,150,10640,178,10642,250,10733,10
1607510,NASDAQ-KOTD,8449,200,8447,250,8434,20,8459,50,8461,100,8463,150
1607510,NASDAQ-NGUP,7387,29,7385,100,7383,150,7391,51,7393,100,7394,3
1607510,NASDAQ-SIMP,9987,50,9986,100,9985,150,10054,272,10086,144,10096,10
1607510,NASDAQ-ZITO,8036,83,8035,150,8034,200,8039,50,8040,100,8041,150
1607805,NASDAQ-CARD,11014,60,11013,200,11012,250,11018,50,11019,100,11020,150
1607805,NASDAQ-DLKV,10146,149,10144,200,10142,250,10154,50,10156,100,10158,150
1607805,NASDAQ-ETFB,11747,50,11745,100,11743,150,11751,50,11753,100,11755,150
1607805,NASDAQ-ETFB3,9745,71,9744,100,9743,150,9748,50,9749,150,9750,200
1607805,NASDAQ-FSR,9415,50,9413,100,9411,150,9425,153,9427,250,9657,55
1607805,NASDAQ-GOLD,9667,50,9666,100,9665,150,9671,138,9672,200,9673,250
1607805,NASDAQ-HT,10952,50,10950,100,10948,150,10956,50,10958,100,10960,150
1607805,NASDAQ-INA,10642,6,10640,100,10638,150,10646,50,10648,100,10650,150
1607805,NASDAQ-KOTD,8450,50,8448,100,8446,150,8456,91,8458,150,8460,200
1607805,NASDAQ-NGUP,7356,50,7354,100,7352,150,7360,50,7362,100,7364,150
1607805,NASDAQ-SIMP,9973,50,9972,100,9971,150,9978,141,9979,250,9987,160
1607805,NASDAQ-ZITO,8043,50,8042,100,8041,150,8045,50,8046,100,8047,150
1608093,NASDAQ-CARD,10980,50,10979,100,10978,150,10984,106,10985,200,10986,250
1608093,NASDAQ-DLKV,10164,200,10162,250,10130,20,10174,50,10176,100,10178,150
1608093,NASDAQ-ETFB,11746,50,11744,100,11742,150,11752,96,11754,150,11756,200
1608093,NASDAQ-ETFB3,9740,50,9739,100,9738,150,9743,91,9744,150,9745,200
1608093,NASDAQ-FSR,9478,40,9476,150,9474,200,9484,50,9486,100,9488,150
1608093,NASDAQ-GOLD,9688,100,9687,150,9686,200,9691,50,9692,100,9693,150
1608093,NASDAQ-HT,10953,50,10951,150,10949,200,10959,10,10961,100,10963,150
1608093,NASDAQ-INA,10655,50,10653,100,10651,150,10659,50,10661,100,10663,150
1608093,NASDAQ-KOTD,8434,70,8432,100,8430,150,8438,30,8440,100,8442,150
1608093,NASDAQ-NGUP,7368,100,7366,150,7364,200,7374,50,7376,100,7378,150
1608093,NASDAQ-SIMP,9972,199,9971,250,9963,18,9980,184,9981,250,9987,160
1608093,NASDAQ-ZITO,8033,50,8032,100,8031,150,8035,50,8036,100,8037,150
1608375,NASDAQ-CARD,10960,50,10959,100,10958,150,10963,100,10964,150,10965,200
1608375,NASDAQ-DLKV,10180,119,10130,20,10129,20,10192,50,10194,100,10196,150
1608375,NASDAQ-ETFB,11746,50,11744,100,11742,150,11756,184,11758,250,11784,57
1608375,NASDAQ-ETFB3,9740,50,9739,100,9738,150,9745,200,9746,250,9778,25
1608375,NASDAQ-FSR,9478,10,9476,100,9474,150,9486,150,9488,200,9490,250
1608375,NASDAQ-GOLD,9715,100,9714,250,9601,10,9720,50,9721,100,9722,150
1608375,NASDAQ-HT,10983,40,10981,100,10979,150,10987,50,10989,100,10991,150
1608375,NASDAQ-INA,10676,90,10674,150,10672,200,10682,50,10684,100,10686,150
1608375,NASDAQ-KOTD,8429,50,8427,100,8425,170,8433,40,8435,100,8437,205
1608375,NASDAQ-NGUP,7377,49,7375,100,7373,150,7381,50,7383,100,7385,150
1608375,NASDAQ-SIMP,9981,185,9980,250,9963,18,9987,59,9988,150,9989,200
1608375,NASDAQ-ZITO,8027,50,8026,100,8025,150,8029,50,8030,100,8031,150
1608617,NASDAQ-CARD,10972,100,10971,150,10970,200,10975,50,10976,100,10977,150
1608617,NASDAQ-DLKV,10185,197,10165,20,10130,20,10197,50,10199,100,10201,150
1608617,NASDAQ-ETFB,11755,50,11753,100,11751,150,11763,150,11765,200,11767,250
1608617,NASDAQ-ETFB3,9776,70,9775,150,9774,200,9778,25,9779,50,9780,100
1608617,NASDAQ-FSR,9462,50,9460,100,9458,150,9468,34,9470,150,9472,200
1608617,NASDAQ-GOLD,9699,50,9698,100,9697,150,9705,222,9807,20,9846,10
1608617,NASDAQ-HT,10943,50,10941,100,10939,150,10947,50,10949,100,10951,150
1608617,NASDAQ-INA,10674,50,10672,100,10670,150,10678,40,10680,100,10682,150
1608617,NASDAQ-KOTD,8416,50,8414,120,8412,150,8422,50,8424,150,8426,200
1608617,NASDAQ-NGUP,7371,50,7369,100,7367,150,7377,90,7379,150,7381,200
1608617,NASDAQ-SIMP,9976,50,9975,100,9974,150,9997,36,10054,272,10086,144
1608617,NASDAQ-ZITO,8010,50,8009,100,8008,150,8013,70,8014,150,8015,200
1608845,NASDAQ-CARD,10982,50,10981,100,10980,150,10984,50,10985,100,10986,150
1608845,NASDAQ-DLKV,10176,16,10174,200,10172,250,10184,46,10186,100,10188,150
1608845,NASDAQ-ETFB,11770,63,11768,150,11766,200,11776,50,11778,100,11780,150
1608845,NASDAQ-ETFB3,9775,100,9774,200,9773,250,9778,25,9779,50,9780,100
1608845,NASDAQ-FSR,9482,100,9480,150,9478,200,9488,50,9490,100,9492,150
1608845,NASDAQ-GOLD,9734,100,9733,150,9732,200,9737,50,9738,100,9739,150
1608845,NASDAQ-HT,10907,50,10905,100,10903,150,10911,30,10913,100,10915,150
1608845,NASDAQ-INA,10657,50,10655,100,10653,150,10661,46,10663,100,10665,150
1608845,NASDAQ-KOTD,8429,50,8427,100,8425,150,8433,50,8435,100,8437,205
1608845,NASDAQ-NGUP,7355,50,7353,100,7351,150,7359,30,7361,100,7363,150
1608845,NASDAQ-SIMP,10015,39,10014,250,9977,36,10023,139,10024,250,10054,272
1608845,NASDAQ-ZITO,8017,50,8016,100,8015,150,8019,50,8020,100,8021,150
1609078,NASDAQ-CARD,11055,100,11054,150,11053,200,11058,50,11059,100,11060,150
1609078,NASDAQ-DLKV,10162,50,10160,100,10158,150,10166,50,10168,100,10170,150
1609078,NASDAQ-ETFB,11768,150,11766,200,11764,260,11776,20,11778,100,11780,150
1609078,NASDAQ-ETFB3,9774,200,9773,250,9677,25,9779,50,9780,100,9781,150
1609078,NASDAQ-FSR,9468,50,9466,100,9464,150,9480,172,9657,55,9746,10
1609078,NASDAQ-GOLD,9697,50,9696,100,9695,150,9701,102,9702,200,9703,250
1609078,NASDAQ-HT,10943,50,10941,100,10939,150,10947,50,10949,100,10951,150
1609078,NASDAQ-INA,10691,131,10689,200,10687,250,10699,50,10701,100,10703,150
1609078,NASDAQ-KOTD,8414,20,8411,50,8409,100,8415,31,8417,100,8419,150
1609078,NASDAQ-NGUP,7365,50,7363,100,7361,150,7369,50,7371,100,7373,150
1609078,NASDAQ-SIMP,9982,185,9981,250,9977,36,9990,140,9991,250,10015,160
1609078,NASDAQ-ZITO,8013,100,8012,150,8011,200,8016,50,8017,100,8018,150
1609312,NASDAQ-CARD,11076,100,11075,150,11074,200,11079,50,11080,100,11081,150
1609312,NASDAQ-DLKV,10148,20,10147,50,10145,100,10150,13,10151,50,10153,100
1609312,NASDAQ-ETFB,11764,119,11735,57,11707,10,11776,3,11778,100,11780,150
1609312,NASDAQ-ETFB3,9774,117,9773,250,9677,25,9780,100,9781,150,9782,200
1609312,NASDAQ-FSR,9447,50,9445,100,9443,150,9455,2,9457,200,9459,250
1609312,NASDAQ-GOLD,9704,100,9703,150,9702,200,9707,50,9708,100,9709,150
1609312,NASDAQ-HT,10918,50,10916,100,10914,150,10924,100,10926,150,10928,200
1609312,NASDAQ-INA,10677,50,10675,100,10673,150,10683,90,10685,150,10687,200
1609312,NASDAQ-KOTD,8417,90,8415,150,8414,20,8423,50,8425,100,8427,150
1609312,NASDAQ-NGUP,7361,50,7359,100,7357,150,7367,50,7369,150,7371,200
1609312,NASDAQ-SIMP,9994,185,9993,250,9983,36,9999,33,10000,100,10001,150
1609312,NASDAQ-ZITO,7999,50,7998,100,7997,150,8001,30,8002,100,8003,150
1609606,NASDAQ-CARD,11106,20,11105,100,11104,150,11108,50,11109,100,11110,150
1609606,NASDAQ-DLKV,10163,142,10130,20,10129,20,10175,50,10177,100,10179,150
1609606,NASDAQ-ETFB,11772,44,11770,100,11768,150,11782,200,11784,307,11797,58
1609606,NASDAQ-ETFB3,9746,50,9745,100,9744,150,9749,50,9750,150,9751,200
1609606,NASDAQ-FSR,9433,50,9431,100,9429,150,9437,34,9439,100,9441,150
1609606,NASDAQ-GOLD,9705,50,9704,150,9703,200,9709,70,9710,150,9711,200
1609606,NASDAQ-HT,10937,50,10935,100,10933,150,10941,50,10943,100,10945,150
1609606,NASDAQ-INA,10675,50,10673,100,10671,150,10679,50,10681,100,10683,150
1609606,NASDAQ-KOTD,8428,50,8426,100,8424,150,8432,50,8434,100,8436,150
1609606,NASDAQ-NGUP,7323,50,7321,100,7319,150,7327,30,7329,100,7331,150
1609606,NASDAQ-SIMP,9997,185,9996,250,9995,72,10003,100,10004,150,10005,200
1609606,NASDAQ-ZITO,8019,50,8018,150,8017,200,8022,50,8023,100,8024,150
1609947,NASDAQ-CARD,11083,50,11082,100,11081,150,11085,50,11086,100,11087,150
1609947,NASDAQ-DLKV,10180,79,10178,200,10176,250,10188,50,10190,100,10192,150
1609947,NASDAQ-ETFB,11767,133,11765,200,11763,250,11772,80,11775,50,11777,100
1609947,NASDAQ-ETFB3,9741,50,9740,100,9739,150,9745,138,9746,200,9747,250
1609947,NASDAQ-FSR,9432,50,9430,100,9428,150,9438,100,9440,150,9442,200
1609947,NASDAQ-GOLD,9706,100,9705,150,9704,200,9712,121,9713,250,9807,20
1609947,NASDAQ-HT,10938,50,10936,100,10934,150,10942,50,10944,100,10946,150
1609947,NASDAQ-INA,10697,100,10695,150,10693,200,10703,50,10705,100,10707,150
1609947,NASDAQ-KOTD,8458,99,8456,150,8454,200,8464,50,8466,100,8468,150
1609947,NASDAQ-NGUP,7352,100,7350,150,7348,200,7357,20,7358,50,7360,100
1609947,NASDAQ-SIMP,10003,113,10002,250,9998,108,10008,50,10009,100,10010,150
1609947,NASDAQ-ZITO,7978,50,7977,100,7976,150,7980,10,7981,100,7982,150
1610253,NASDAQ-CARD,10769,50,10768,100,10767,150,10772,50,10773,150,10774,200
1610253,NASDAQ-DLKV,10143,50,10141,100,10139,150,10153,200,10155,250,10179,10
1610253,NASDAQ-ETFB,11780,179,11772,156,11766,62,11792,50,11794,100,11796,150
1610253,NASDAQ-ETFB3,9755,49,9754,100,9753,150,9757,50,9758,100,9759,150
1610253,NASDAQ-FSR,9410,50,9408,100,9406,150,9414,21,9416,100,9418,150
1610253,NASDAQ-GOLD,9688,50,9687,100,9686,150,9692,110,9693,200,9694,250
1610253,NASDAQ-HT,10976,40,10974,100,10972,150,10980,50,10982,100,10984,150
1610253,NASDAQ-INA,10735,50,10733,100,10731,150,10739,50,10741,100,10743,150
1610253,NASDAQ-KOTD,8427,50,8425,100,8423,150,8431,40,8433,100,8435,150
1610253,NASDAQ-NGUP,7336,50,7334,100,7332,150,7340,30,7342,100,7344,150
1610253,NASDAQ-SIMP,9978,49,9977,136,9976,150,9983,131,9984,250,10007,144
1610253,NASDAQ-ZITO,7988,50,7987,100,7986,150,7990,50,7991,100,7992,150
1610540,NASDAQ-CARD,10760,50,10759,100,10758,150,10762,50,10763,100,10764,150
1610540,NASDAQ-DLKV,10111,50,10109,100,10107,150,10115,50,10117,100,10119,150
1610540,NASDAQ-ETFB,11793,50,11791,100,11789,150,11797,50,11799,100,11801,150
1610540,NASDAQ-ETFB3,9745,155,9744,100,9743,150,9749,140,9750,200,9751,250
1610540,NASDAQ-FSR,9424,50,9422,100,9420,150,9428,50,9430,100,9432,150
1610540,NASDAQ-GOLD,9692,50,9691,100,9690,150,9694,50,9695,100,9696,150
1610540,NASDAQ-HT,10945,50,10943,100,10941,150,10951,50,10953,150,10955,200
1610540,NASDAQ-INA,10664,50,10662,100,10660,150,10668,50,10670,100,10672,150
1610540,NASDAQ-KOTD,8424,50,8422,100,8420,150,8428,50,8430,100,8432,150
1610540,NASDAQ-NGUP,7347,50,7345,100,7343,150,7351,50,7353,100,7355,150
1610540,NASDAQ-SIMP,9970,50,9969,100,9968,150,9975,60,9976,250,10007,142
1610540,NASDAQ-ZITO,8000,50,7999,100,7998,150,8002,50,8003,100,8004,150
1610832,NASDAQ-CARD,10753,50,10752,100,10751,150,10756,100,10757,150,10758,200
1610832,NASDAQ-DLKV,10113,22,10111,150,10109,200,10119,50,10121,100,10123,150
1610832,NASDAQ-ETFB,11793,50,11791,100,11789,150,11797,50,11799,100,11801,150
1610832,NASDAQ-ETFB3,9764,46,9763,150,9762,200,9767,50,9768,100,9769,150
1610832,NASDAQ-FSR,9422,100,9420,150,9418,200,9430,100,9432,150,9434,200
1610832,NASDAQ-GOLD,9670,50,9669,100,9668,150,9673,82,9674,150,9675,200
1610832,NASDAQ-HT,10986,10,10984,100,10982,150,10990,50,10992,100,10994,150
1610832,NASDAQ-INA,10731,50,10729,100,10727,150,10735,50,10737,100,10739,150
1610832,NASDAQ-KOTD,8448,79,8446,150,8444,200,8454,50,8456,100,8458,150
1610832,NASDAQ-NGUP,7353,50,7351,100,7349,150,7357,50,7359,100,7361,150
1610832,NASDAQ-SIMP,9953,50,9952,100,9951,150,9959,169,9974,324,10007,142
1610832,NASDAQ-ZITO,8007,50,8006,100,8005,150,8009,50,8010,100,8011,150
1611181,NASDAQ-CARD,10533,50,10532,100,10531,150,10536,6,10537,150,10538,200
1611181,NASDAQ-DLKV,10081,50,10079,100,10077,150,10085,30,10087,100,10089,150
1611181,NASDAQ-ETFB,11781,50,11779,100,11777,150,11787,100,11789,150,11791,200
1611181,NASDAQ-ETFB3,9756,50,9755,100,9754,150,9759,100,9760,150,9761,200
1611181,NASDAQ-FSR,9466,50,9464,150,9462,200,9472,50,9474,100,9476,150
1611181,NASDAQ-GOLD,9676,130,9675,200,9674,250,9680,50,9681,100,9682,150
1611181,NASDAQ-HT,11006,97,11004,150,11002,200,11012,70,11014,120,11016,150
1611181,NASDAQ-INA,10756,76,10754,150,10752,200,10762,50,10764,100,10766,150
1611181,NASDAQ-KOTD,8481,50,8479,100,8477,150,8485,50,8487,100,8489,150
1611181,NASDAQ-NGUP,7365,40,7363,100,7361,150,7369,50,7371,100,7373,150
1611181,NASDAQ-SIMP,9954,144,9949,200,9948,250,9958,105,9974,203,9975,1
1611181,NASDAQ-ZITO,8015,100,8014,150,8013,200,8018,50,8019,100,8020,150
1611489,NASDAQ-CARD,10579,4,10578,150,10577,200,10582,50,10583,100,10584,150
1611489,NASDAQ-DLKV,10072,50,10070,124,10068,150,10082,30,10084,250,10106,20
1611489,NASDAQ-ETFB,11772,156,11771,50,11769,100,11781,55,11783,250,,
1611489,NASDAQ-ETFB3,9755,50,9754,100,9753,150,9760,200,9761,250,9764,50
1611489,NASDAQ-FSR,9452,30,9450,100,9448,150,9460,2,9462,200,9464,250
1611489,NASDAQ-GOLD,9712,122,9601,10,9557,20,9718,50,9719,100,9720,150
1611489,NASDAQ-HT,11038,50,11036,100,11034,150,11042,50,11044,100,11046,150
1611489,NASDAQ-INA,10763,34,10761,220,10759,250,10771,50,10773,100,10775,150
1611489,NASDAQ-KOTD,8458,50,8456,100,8454,150,8462,20,8464,100,8466,150
1611489,NASDAQ-NGUP,7349,50,7347,100,7345,150,7355,70,7357,170,7359,200
1611489,NASDAQ-SIMP,9942,67,9940,50,9939,100,9946,2,9957,288,9974,203
1611489,NASDAQ-ZITO,8007,30,8006,100,8005,150,8010,41,8011,150,8012,200
1611771,NASDAQ-CARD,10558,50,10557,100,10556,150,10562,96,10563,200,10564,250
1611771,NASDAQ-DLKV,10068,58,10054,20,10022,20,10080,50,10082,100,10084,150
1611771,NASDAQ-ETFB,11771,50,11769,100,11767,150,11782,61,11783,250,,
1611771,NASDAQ-ETFB3,9734,50,9733,100,9732,150,9736,25,9737,100,9738,150
1611771,NASDAQ-FSR,9502,20,9500,100,9498,150,9506,50,9508,100,9510,150
1611771,NASDAQ-GOLD,9727,8,9726,150,9725,200,9730,50,9731,100,9732,150
1611771,NASDAQ-HT,10998,50,10996,100,10994,150,11002,30,11004,100,11006,150
1611771,NASDAQ-INA,10731,50,10729,100,10727,150,10735,50,10737,100,10739,150
1611771,NASDAQ-KOTD,8449,50,8447,100,8445,150,8453,40,8455,100,8457,150
1611771,NASDAQ-NGUP,7329,50,7327,100,7325,150,7335,90,7337,150,7339,200
1611771,NASDAQ-SIMP,9943,36,9939,65,9938,250,9945,64,9946,147,9947,200
1611771,NASDAQ-ZITO,8007,30,8006,100,8005,150,8010,69,8011,150,8012,200
1612058,NASDAQ-CARD,10452,50,10451,100,10450,150,10458,231,10561,180,10578,10
1612058,NASDAQ-DLKV,10029,50,10027,100,10025,150,10033,30,10035,100,10037,150
1612058,NASDAQ-ETFB,11777,50,11775,100,11773,150,11783,95,11785,150,11787,200
1612058,NASDAQ-ETFB3,9736,30,9734,50,9733,100,9737,100,9738,150,9739,200
1612058,NASDAQ-FSR,9443,50,9441,100,9439,150,9447,18,9449,100,9451,150
1612058,NASDAQ-GOLD,9699,50,9698,100,9697,150,9703,45,9704,200,9705,250
1612058,NASDAQ-HT,11009,50,11007,100,11005,150,11013,50,11015,100,11017,150
1612058,NASDAQ-INA,10744,85,10742,200,10740,250,10752,50,10754,100,10756,150
1612058,NASDAQ-KOTD,8448,50,8446,100,8444,150,8454,100,8456,150,8458,200
1612058,NASDAQ-NGUP,7286,50,7284,100,7282,150,7290,50,7292,100,7294,150
1612058,NASDAQ-SIMP,9968,98,9946,10,9945,50,9974,253,9975,104,9976,150
1612058,NASDAQ-ZITO,8012,40,8011,100,8010,230,8014,50,8015,100,8016,150
1612308,NASDAQ-CARD,10448,50,10447,150,10446,200,10454,66,10455,250,10467,20
1612308,NASDAQ-DLKV,10045,97,10043,200,10041,250,10053,50,10055,100,10057,150
1612308,NASDAQ-ETFB,11813,50,11811,100,11809,150,11817,50,11819,100,11821,150
1612308,NASDAQ-ETFB3,9777,50,9776,100,9775,150,9779,50,9780,100,9781,150
1612308,NASDAQ-FSR,9469,100,9467,150,9465,200,9475,50,9477,100,9479,150
1612308,NASDAQ-GOLD,9698,30,9697,100,9696,150,9700,50,9701,100,9702,150
1612308,NASDAQ-HT,11048,50,11046,100,11044,150,11052,50,11054,100,11055,40
1612308,NASDAQ-INA,10761,50,10759,100,10757,150,10765,50,10767,100,10769,150
1612308,NASDAQ-KOTD,8473,50,8471,100,8469,150,8477,70,8479,100,8481,150
1612308,NASDAQ-NGUP,7299,50,7297,100,7295,150,7303,50,7305,100,7307,150
1612308,NASDAQ-SIMP,9947,128,9946,260,9945,50,9955,95,9956,250,9974,203
1612308,NASDAQ-ZITO,8010,5,8008,50,8007,100,8011,100,8012,150,8013,200
1612573,NASDAQ-CARD,10444,150,10443,200,10442,250,10451,95,10452,250,10453,36
1612573,NASDAQ-DLKV,10031,50,10029,100,10027,150,10035,39,10037,100,10039,150
1612573,NASDAQ-ETFB,11791,50,11789,100,11787,150,11797,43,11799,150,11801,200
1612573,NASDAQ-ETFB3,9765,50,9764,100,9763,150,9767,50,9768,100,9769,150
1612573,NASDAQ-FSR,9480,50,9478,100,9476,150,9484,50,9486,100,9488,150
1612573,NASDAQ-GOLD,9691,50,9690,100,9689,150,9696,185,9697,250,9807,20
1612573,NASDAQ-HT,11042,50,11040,100,11038,150,11046,50,11048,100,11050,150
1612573,NASDAQ-INA,10776,18,10774,150,10772,200,10782,50,10784,100,10786,150
1612573,NASDAQ-KOTD,8457,50,8455,100,8453,150,8461,19,8463,100,8465,150
1612573,NASDAQ-NGUP,7304,50,7302,100,7300,150,7308,50,7310,100,7312,150
1612573,NASDAQ-SIMP,9941,50,9940,100,9939,150,9947,219,9954,36,9974,203
1612573,NASDAQ-ZITO,8022,140,8021,250,7989,20,8027,50,8028,100,8029,150
1612850,NASDAQ-CARD,10439,105,10438,100,10437,150,10441,14,10442,100,10443,150
1612850,NASDAQ-DLKV,10035,140,10033,250,10022,20,10045,50,10047,100,10049,150
1612850,NASDAQ-ETFB,11784,150,11782,200,11780,250,11792,3,11794,100,11796,150
1612850,NASDAQ-ETFB3,9733,50,9732,100,9731,150,9735,25,9736,100,9737,150
1612850,NASDAQ-FSR,9496,50,9494,100,9492,150,9500,50,9502,100,9504,150
1612850,NASDAQ-GOLD,9664,50,9663,100,9662,150,9669,150,9670,250,9807,20
1612850,NASDAQ-HT,11048,93,11046,150,11044,200,11054,50,11056,100,11058,150
1612850,NASDAQ-INA,10816,94,10814,150,10812,200,10822,50,10824,100,10826,150
1612850,NASDAQ-KOTD,8479,30,8477,100,8475,150,8483,50,8485,100,8487,150
1612850,NASDAQ-NGUP,7301,50,7299,100,7297,150,7305,49,7307,100,7308,1
1612850,NASDAQ-SIMP,9965,90,9947,50,9937,144,9973,127,9974,403,9975,257
1612850,NASDAQ-ZITO,8021,4,8020,250,7996,20,8026,50,8027,100,8028,150
1613086,NASDAQ-CARD,10298,50,10297,100,10296,150,10303,156,10304,250,10444,30
1613086,NASDAQ-DLKV,10041,14,10039,200,10037,250,10053,150,10055,200,10057,250
1613086,NASDAQ-ETFB,11783,63,11782,200,11780,250,11798,210,11800,250,,
1613086,NASDAQ-ETFB3,9782,44,9781,100,9780,150,9784,50,9785,100,9786,150
1613086,NASDAQ-FSR,9497,50,9495,100,9493,150,9501,50,9503,100,9505,150
1613086,NASDAQ-GOLD,9666,100,9665,150,9664,200,9669,50,9670,100,9671,150
1613086,NASDAQ-HT,11013,50,11011,100,11009,150,11019,80,11021,150,11023,200
1613086,NASDAQ-INA,10803,50,10801,100,10799,150,10807,50,10809,100,10811,150
1613086,NASDAQ-KOTD,8451,50,8449,100,8447,150,8457,100,8459,150,8461,200
1613086,NASDAQ-NGUP,7307,50,7305,100,7303,150,7311,50,7313,100,7315,150
1613086,NASDAQ-SIMP,9959,162,9947,50,9942,36,9968,23,9969,250,10007,142
1613086,NASDAQ-ZITO,8027,46,8026,200,8025,250,8031,50,8032,100,8033,150
1613341,NASDAQ-CARD,10289,50,10288,100,10287,150,10294,104,10295,250,10308,20
1613341,NASDAQ-DLKV,10029,20,10028,50,10026,100,10034,59,10036,150,10038,200
1613341,NASDAQ-ETFB,11810,200,11808,250,11783,63,11820,50,11822,100,11824,150
1613341,NASDAQ-ETFB3,9779,150,9778,250,9735,80,9784,50,9785,100,9786,150
1613341,NASDAQ-FSR,9465,50,9463,100,9461,150,9471,41,9473,150,9475,200
1613341,NASDAQ-GOLD,9679,50,9678,100,9677,150,9681,50,9682,100,9683,150
1613341,NASDAQ-HT,11004,50,11002,100,11000,150,11014,200,11016,250,11034,20
1613341,NASDAQ-INA,10788,50,10786,100,10784,150,10792,39,10794,100,10796,150
1613341,NASDAQ-KOTD,8423,50,8421,100,8419,150,8433,169,8435,250,8475,20
1613341,NASDAQ-NGUP,7274,10,7270,50,7268,100,7276,99,7278,150,7280,200
1613341,NASDAQ-SIMP,9968,50,9966,178,9947,50,9972,50,9973,100,9974,150
1613341,NASDAQ-ZITO,8030,79,8003,20,7996,12,8036,50,8037,100,8038,150
1613578,NASDAQ-CARD,10251,60,10249,252,10243,10,10308,160,10309,250,10438,10
1613578,NASDAQ-DLKV,10030,80,10028,50,10026,100,10032,21,10034,100,10036,150
1613578,NASDAQ-ETFB,11830,38,11828,200,11826,250,11838,50,11840,100,11842,150
1613578,NASDAQ-ETFB3,9783,32,9782,250,9735,80,9788,50,9789,100,9790,150
1613578,NASDAQ-FSR,9492,50,9490,100,9488,150,9502,200,9504,250,9657,55
1613578,NASDAQ-GOLD,9680,50,9679,100,9678,150,9682,30,9683,100,9684,150
1613578,NASDAQ-HT,11014,50,11012,100,11010,150,11018,50,11020,100,11022,150
1613578,NASDAQ-INA,10792,74,10790,150,10788,200,10798,50,10800,100,10802,150
1613578,NASDAQ-KOTD,8414,20,8411,70,8409,100,8415,41,8417,100,8419,150
1613578,NASDAQ-NGUP,7271,50,7269,100,7267,150,7277,2,7279,150,7281,200
1613578,NASDAQ-SIMP,9964,136,9963,250,9937,144,9972,67,9973,250,9975,1
1613578,NASDAQ-ZITO,8029,167,8028,250,8003,20,8035,70,8036,150,8037,200
1613890,NASDAQ-CARD,10261,41,10251,60,10249,252,10270,68,10271,250,10438,10
1613890,NASDAQ-DLKV,10030,42,10028,150,10026,200,10036,50,10038,100,10040,150
1613890,NASDAQ-ETFB,11823,100,11821,150,11820,72,11829,50,11831,100,11833,150
1613890,NASDAQ-ETFB3,9766,50,9765,100,9764,150,9769,100,9770,150,9771,200
1613890,NASDAQ-FSR,9484,50,9482,100,9480,150,9494,116,9496,250,9657,55
1613890,NASDAQ-GOLD,9678,50,9677,100,9676,150,9683,200,9684,250,9807,20
1613890,NASDAQ-HT,10994,50,10992,100,10991,20,10998,50,11000,100,11002,150
1613890,NASDAQ-INA,10793,35,10791,200,10789,250,10801,50,10803,100,10805,150
1613890,NASDAQ-KOTD,8413,90,8411,220,8409,250,8421,50,8423,100,8425,150
1613890,NASDAQ-NGUP,7273,70,7271,150,7269,200,7285,200,7287,250,7318,20
1613890,NASDAQ-SIMP,9961,50,9960,100,9959,150,9971,9,9975,2,10007,142
1613890,NASDAQ-ZITO,8008,50,8007,100,8006,150,8010,31,8011,100,8012,150
1614223,NASDAQ-CARD,10412,72,10252,36,10251,60,10421,142,10422,250,10438,10
1614223,NASDAQ-DLKV,10029,50,10027,100,10025,150,10033,50,10035,100,10037,150
1614223,NASDAQ-ETFB,11830,50,11828,150,11826,200,11836,50,11838,100,11840,150
1614223,NASDAQ-ETFB3,9752,50,9751,100,9750,150,9754,50,9755,100,9756,150
1614223,NASDAQ-FSR,9509,100,9507,150,9505,200,9515,50,9517,100,9519,150
1614223,NASDAQ-GOLD,9691,100,9690,150,9689,200,9694,50,9695,100,9696,150
1614223,NASDAQ-HT,11002,50,11000,100,10998,150,11006,50,11008,100,11010,150
1614223,NASDAQ-INA,10785,50,10783,100,10781,150,10789,50,10791,100,10793,150
1614223,NASDAQ-KOTD,8441,50,8439,100,8437,150,8445,50,8447,100,8449,150
1614223,NASDAQ-NGUP,7296,50,7294,100,7292,150,7300,50,7302,100,7304,150
1614223,NASDAQ-SIMP,9949,50,9948,100,9947,150,9953,68,9954,200,9955,250
1614223,NASDAQ-ZITO,8003,200,8002,250,7996,12,8008,210,8009,100,8010,150
1614493,NASDAQ-CARD,10428,103,10267,20,10252,36,10434,50,10435,100,10436,150
1614493,NASDAQ-DLKV,10061,40,10059,100,10057,150,10065,50,10067,100,10069,150
1614493,NASDAQ-ETFB,11828,30,11826,200,11824,250,11838,100,11840,150,11842,200
1614493,NASDAQ-ETFB3,9750,50,9749,100,9748,150,9752,70,9753,100,9754,150
1614493,NASDAQ-FSR,9518,30,9516,150,9514,200,9524,50,9526,100,9528,150
1614493,NASDAQ-GOLD,9678,50,9677,100,9676,150,9682,60,9683,200,9684,250
1614493,NASDAQ-HT,11030,50,11028,100,11026,150,11034,70,11036,100,11038,150
1614493,NASDAQ-INA,10775,50,10773,100,10771,150,10779,30,10781,100,10783,150
1614493,NASDAQ-KOTD,8426,50,8424,100,8422,150,8430,50,8432,100,8434,150
1614493,NASDAQ-NGUP,7288,30,7286,100,7284,150,7292,40,7294,100,7296,150
1614493,NASDAQ-SIMP,9959,90,9937,144,9921,20,9965,50,9966,100,9967,150
1614493,NASDAQ-ZITO,8000,30,7999,100,7998,150,8002,50,8003,100,8004,150
1614787,NASDAQ-CARD,10433,37,10432,150,10431,200,10438,160,10439,200,10440,250
1614787,NASDAQ-DLKV,10064,70,10062,150,10060,200,10070,50,10072,100,10074,150
1614787,NASDAQ-ETFB,11847,37,11845,100,11843,150,11851,50,11853,100,11855,150
1614787,NASDAQ-ETFB3,9768,100,9767,200,9766,250,9772,50,9773,100,9774,150
1614787,NASDAQ-FSR,9506,50,9504,100,9502,150,9516,130,9518,250,9657,55
1614787,NASDAQ-GOLD,9712,94,9711,150,9710,200,9715,50,9716,100,9717,150
1614787,NASDAQ-HT,11028,50,11026,100,11024,150,11032,50,11034,118,11036,150
1614787,NASDAQ-INA,10764,50,10762,100,10760,150,10768,50,10770,100,10772,150
1614787,NASDAQ-KOTD,8430,70,8428,150,8426,200,8436,50,8438,100,8440,150
1614787,NASDAQ-NGUP,7279,50,7277,100,7275,170,7283,20,7285,100,7287,150
1614787,NASDAQ-SIMP,9949,4,9948,200,9947,250,9971,81,9975,5,10007,142
1614787,NASDAQ-ZITO,8015,20,8014,100,8013,150,8017,50,8018,100,8019,150
1615030,NASDAQ-CARD,10314,50,10313,100,10312,150,10319,102,10320,250,10438,10
1615030,NASDAQ-DLKV,10038,80,10036,150,10034,200,10044,25,10046,100,10048,150
1615030,NASDAQ-ETFB,11856,50,11854,100,11852,150,11860,50,11862,100,11864,150
1615030,NASDAQ-ETFB3,9765,100,9764,150,9763,200,9769,100,9770,150,9771,200
1615030,NASDAQ-FSR,9531,80,9529,150,9527,200,9537,50,9539,100,9541,150
1615030,NASDAQ-GOLD,9719,26,9718,150,9717,200,9722,50,9723,100,9724,150
1615030,NASDAQ-HT,11019,50,11017,100,11015,150,11023,30,11025,100,11027,150
1615030,NASDAQ-INA,10743,50,10741,100,10739,150,10747,15,10749,100,10751,150
1615030,NASDAQ-KOTD,8433,100,8431,150,8429,200,8439,50,8441,100,8443,150
1615030,NASDAQ-NGUP,7302,59,7300,250,7275,20,7312,50,7314,100,7316,150
1615030,NASDAQ-SIMP,9942,30,9941,100,9940,150,9964,129,9971,81,9975,6
1615030,NASDAQ-ZITO,8016,170,7996,12,7989,20,8022,50,8023,100,8024,150
1615339,NASDAQ-CARD,10318,156,10267,20,10252,36,10327,90,10328,250,10432,10
1615339,NASDAQ-DLKV,10046,6,10044,150,10042,200,10052,50,10054,100,10056,150
1615339,NASDAQ-ETFB,11856,25,11854,100,11852,150,11862,100,11864,150,11866,200
1615339,NASDAQ-ETFB3,9747,50,9746,100,9745,150,9750,15,9751,150,9752,200
1615339,NASDAQ-FSR,9507,50,9505,100,9503,150,9511,1,9513,100,9515,150
1615339,NASDAQ-GOLD,9733,164,9732,250,9601,10,9738,50,9739,100,9740,150
1615339,NASDAQ-HT,11050,50,11048,100,11046,150,11054,50,11056,100,11058,150
1615339,NASDAQ-INA,10745,20,10743,100,10741,150,10755,200,10757,250,10765,20
1615339,NASDAQ-KOTD,8414,50,8412,100,8410,150,8420,70,8422,150,8424,200
1615339,NASDAQ-NGUP,7267,50,7266,20,7265,100,7271,20,7273,100,7275,150
1615339,NASDAQ-SIMP,9921,20,9914,95,9892,216,9954,207,9964,129,9971,81
1615339,NASDAQ-ZITO,7996,62,7995,100,7994,150,7999,25,8000,150,8001,200
1615681,NASDAQ-CARD,10303,50,10302,100,10301,150,10307,82,10308,200,10309,250
1615681,NASDAQ-DLKV,10067,88,10065,150,10063,200,10073,50,10075,100,10077,150
1615681,NASDAQ-ETFB,11839,50,11838,72,11837,100,11843,50,11845,100,11847,150
1615681,NASDAQ-ETFB3,9747,50,9746,100,9745,150,9749,50,9750,100,9751,150
1615681,NASDAQ-FSR,9534,50,9532,100,9530,150,9538,50,9540,100,9542,150
1615681,NASDAQ-GOLD,9688,50,9687,100,9686,150,9691,80,9692,150,9693,200
1615681,NASDAQ-HT,11045,50,11043,100,11041,150,11049,50,11051,100,11053,150
1615681,NASDAQ-INA,10724,50,10722,100,10720,150,10728,50,10730,100,10732,150
1615681,NASDAQ-KOTD,8461,50,8459,100,8457,150,8465,50,8467,100,8469,150
1615681,NASDAQ-NGUP,7310,40,7308,100,7306,150,7312,1,7314,50,7316,100
1615681,NASDAQ-SIMP,9962,42,9961,150,9960,200,9965,50,9966,100,9967,150
1615681,NASDAQ-ZITO,8004,71,7989,20,7982,20,8010,50,8011,100,8012,150
1615981,NASDAQ-CARD,10184,50,10183,100,10182,150,10190,12,10326,144,10330,20
1615981,NASDAQ-DLKV,10041,50,10039,100,10037,150,10045,50,10047,100,10049,150
1615981,NASDAQ-ETFB,11837,100,11835,150,11833,200,11845,100,11847,150,11849,200
1615981,NASDAQ-ETFB3,9754,20,9753,150,9752,200,9757,50,9758,100,9759,150
1615981,NASDAQ-FSR,9524,50,9522,100,9520,150,9534,60,9536,250,9657,55
1615981,NASDAQ-GOLD,9677,50,9676,100,9675,150,9807,20,9846,10,9896,10
1615981,NASDAQ-HT,11010,50,11008,100,11006,150,11014,50,11016,100,11018,150
1615981,NASDAQ-INA,10722,50,10720,100,10718,150,10732,200,10734,250,10752,20
1615981,NASDAQ-KOTD,8420,50,8418,100,8416,150,8424,50,8426,100,8428,150
1615981,NASDAQ-NGUP,7287,50,7285,100,7283,150,7291,50,7293,100,7295,150
1615981,NASDAQ-SIMP,9982,75,9955,10,9954,51,9988,50,9989,100,9990,150
1615981,NASDAQ-ZITO,8023,50,8022,100,8021,150,8025,50,8026,100,8027,150
1616264,NASDAQ-CARD,10180,200,10179,250,10077,72,10187,102,10188,220,10189,394
1616264,NASDAQ-DLKV,10074,50,10072,100,10070,150,10078,50,10080,100,10082,150
1616264,NASDAQ-ETFB,11820,50,11818,100,11816,150,11828,138,11830,200,11832,250
1616264,NASDAQ-ETFB3,9754,85,9753,150,9752,200,9758,100,9759,150,9760,200
1616264,NASDAQ-FSR,9529,50,9527,150,9525,200,9537,100,9539,150,9541,200
1616264,NASDAQ-GOLD,9704,50,9703,100,9702,150,9706,50,9707,100,9708,150
1616264,NASDAQ-HT,10993,50,10991,120,10989,150,10997,50,10999,100,11001,150
1616264,NASDAQ-INA,10719,70,10717,100,10715,150,10723,10,10725,100,10727,150
1616264,NASDAQ-KOTD,8426,50,8424,150,8422,150,8430,50,8432,100,8434,150
1616264,NASDAQ-NGUP,7317,50,7315,100,7313,150,7318,20,7321,51,7323,100
1616264,NASDAQ-SIMP,9973,64,9972,150,9971,200,10007,142,10022,71,10054,272
1616264,NASDAQ-ZITO,8037,165,8036,250,8025,80,8042,50,8043,100,8044,150
1616415,NASDAQ-CARD,10197,176,10196,250,10077,72,10202,50,10203,100,10204,150
1616415,NASDAQ-DLKV,10069,50,10067,100,10065,150,10073,50,10075,100,10077,150
1616415,NASDAQ-ETFB,11820,50,11818,100,11816,150,11824,50,11826,100,11828,150
1616415,NASDAQ-ETFB3,9750,50,9749,100,9748,150,9752,50,9753,100,9754,170
1616415,NASDAQ-FSR,9543,50,9541,100,9539,150,9547,50,9549,100,9551,150
1616415,NASDAQ-GOLD,9676,50,9675,100,9674,150,9678,50,9679,100,9680,150
1616415,NASDAQ-HT,10992,131,10991,20,10990,200,11006,200,11008,250,11027,20
1616415,NASDAQ-INA,10759,30,10757,100,10755,150,10763,50,10765,120,10767,150
1616415,NASDAQ-KOTD,8453,100,8451,150,8449,200,8459,50,8461,100,8463,150
1616415,NASDAQ-NGUP,7302,50,7300,100,7298,150,7306,20,7308,100,7310,150
1616415,NASDAQ-SIMP,9973,50,9972,100,9971,150,9976,100,9977,150,9978,200
1616415,NASDAQ-ZITO,8025,80,8024,50,8023,100,8026,50,8027,100,8028,150
1616702,NASDAQ-CARD,10187,25,10186,100,10185,150,10189,40,10190,100,10191,150
1616702,NASDAQ-DLKV,10068,50,10066,100,10064,150,10072,40,10074,100,10076,150
1616702,NASDAQ-ETFB,11847,50,11845,100,11843,150,11851,44,11853,100,11855,150
1616702,NASDAQ-ETFB3,9745,50,9744,100,9743,150,9747,50,9748,100,9749,150
1616702,NASDAQ-FSR,9560,50,9558,100,9556,150,9564,50,9566,100,9568,150
1616702,NASDAQ-GOLD,9672,50,9671,100,9670,150,9676,62,9677,200,9678,250
1616702,NASDAQ-HT,10996,30,10994,100,10992,150,11000,50,11002,100,11004,150
1616702,NASDAQ-INA,10766,12,10764,100,10762,150,10770,50,10772,100,10774,150
1616702,NASDAQ-KOTD,8469,50,8467,100,8465,150,8473,50,8475,120,8477,150
1616702,NASDAQ-NGUP,7335,46,7333,100,7331,150,7338,1,7339,50,7341,100
1616702,NASDAQ-SIMP,9986,50,9985,100,9984,150,9987,44,9988,50,9989,100
1616702,NASDAQ-ZITO,8062,65,8061,150,8060,200,8065,50,8066,100,8067,150
1617083,NASDAQ-CARD,10077,72,10076,30,10009,20,10219,50,10220,100,10221,150
1617083,NASDAQ-DLKV,10044,70,10042,100,10040,150,10050,20,10052,150,10054,200
1617083,NASDAQ-ETFB,11841,100,11839,150,11837,200,11847,50,11849,100,11851,150
1617083,NASDAQ-ETFB3,9738,150,9737,200,9736,250,9746,213,9870,31,9920,32
1617083,NASDAQ-FSR,9581,80,9579,150,9577,200,9587,50,9589,100,9591,150
1617083,NASDAQ-GOLD,9667,30,9666,100,9665,150,9670,76,9671,150,9672,200
1617083,NASDAQ-HT,10959,50,10957,100,10955,150,10963,30,10965,100,10967,150
1617083,NASDAQ-INA,10733,50,10731,100,10729,150,10739,70,10741,150,10743,200
1617083,NASDAQ-KOTD,8490,50,8488,100,8486,150,8494,50,8496,100,8498,150
1617083,NASDAQ-NGUP,7351,20,7349,100,7347,150,7355,50,7357,100,7359,150
1617083,NASDAQ-SIMP,9969,50,9968,100,9967,150,10007,142,10022,71,10054,272
1617083,NASDAQ-ZITO,8082,37,8081,200,8080,250,8086,50,8087,100,8088,150
1617380,NASDAQ-CARD,10189,77,10188,150,10187,200,10192,50,10193,100,10194,150
1617380,NASDAQ-DLKV,10087,50,10085,100,10083,150,10091,50,10093,100,10095,150
1617380,NASDAQ-ETFB,11841,95,11839,150,11837,200,11847,50,11849,100,11851,150
1617380,NASDAQ-ETFB3,9743,6,9742,100,9741,150,9747,150,9748,200,9749,250
1617380,NASDAQ-FSR,9607,50,9605,100,9603,150,9611,50,9613,100,9615,150
1617380,NASDAQ-GOLD,9630,50,9629,100,9628,150,9632,50,9633,100,9634,150
1617380,NASDAQ-HT,10971,50,10969,100,10967,150,10975,50,10977,100,10979,150
1617380,NASDAQ-INA,10735,50,10733,100,10731,150,10747,250,10769,20,10788,20
1617380,NASDAQ-KOTD,8495,50,8493,100,8491,150,8499,50,8501,100,8503,150
1617380,NASDAQ-NGUP,7420,102,7418,250,7339,10,7429,3,7430,50,7432,100
1617380,NASDAQ-SIMP,9954,50,9953,100,9952,150,9956,50,9957,100,9958,150
1617380,NASDAQ-ZITO,8070,50,8069,100,8068,170,8072,50,8073,100,8074,150
1617658,NASDAQ-CARD,10199,29,10198,200,10197,250,10203,50,10204,100,10205,150
1617658,NASDAQ-DLKV,10070,50,10068,100,10066,150,10074,21,10076,100,10078,150
1617658,NASDAQ-ETFB,11845,42,11843,100,11841,150,11849,43,11851,100,11853,150
1617658,NASDAQ-ETFB3,9743,38,9742,100,9741,150,9746,81,9747,150,9748,200
1617658,NASDAQ-FSR,9588,50,9586,100,9584,150,9592,33,9594,100,9596,150
1617658,NASDAQ-GOLD,9636,90,9635,150,9634,200,9639,50,9640,100,9641,150
1617658,NASDAQ-HT,10920,50,10918,100,10916,150,10924,30,10926,100,10928,150
1617658,NASDAQ-INA,10741,100,10739,150,10737,200,10744,20,10747,50,10749,100
1617658,NASDAQ-KOTD,8481,50,8479,100,8477,150,8485,30,8487,100,8489,150
1617658,NASDAQ-NGUP,7393,50,7391,100,7389,150,7397,30,7399,100,7401,150
1617658,NASDAQ-SIMP,9961,50,9960,100,9959,150,9963,30,9964,100,9965,150
1617658,NASDAQ-ZITO,8072,50,8071,100,8070,150,8074,50,8075,100,8076,150
1617916,NASDAQ-CARD,10200,180,10199,250,10192,30,10207,150,10208,200,10209,250
1617916,NASDAQ-DLKV,10085,50,10083,100,10081,150,10089,50,10091,100,10093,150
1617916,NASDAQ-ETFB,11845,6,11843,100,11841,150,11849,7,11851,100,11853,150
1617916,NASDAQ-ETFB3,9753,100,9752,150,9751,200,9756,41,9757,100,9758,150
1617916,NASDAQ-FSR,9575,50,9573,100,9571,150,9583,90,9585,200,9587,250
1617916,NASDAQ-GOLD,9631,50,9630,100,9629,150,9636,200,9637,250,9763,20
1617916,NASDAQ-HT,10945,50,10943,100,10941,150,10949,50,10951,100,10953,150
1617916,NASDAQ-INA,10704,50,10702,100,10700,150,10708,50,10710,100,10712,150
1617916,NASDAQ-KOTD,8497,50,8495,100,8493,150,8501,50,8503,100,8505,150
1617916,NASDAQ-NGUP,7355,50,7353,100,7351,150,7363,83,7365,200,7367,250
1617916,NASDAQ-SIMP,9963,40,9962,200,9961,250,9967,50,9968,100,9969,150
1617916,NASDAQ-ZITO,8080,50,8079,100,8078,150,8082,50,8083,100,8084,150
1618179,NASDAQ-CARD,9965,50,9964,100,9963,150,10206,180,10306,144,10326,144
1618179,NASDAQ-DLKV,10078,50,10076,100,10074,200,10086,91,10088,200,10090,250
1618179,NASDAQ-ETFB,11855,7,11853,100,11851,150,11859,50,11861,100,11863,150
1618179,NASDAQ-ETFB3,9745,46,9744,100,9743,150,9747,50,9748,100,9749,150
1618179,NASDAQ-FSR,9571,50,9569,100,9567,150,9575,50,9577,100,9579,150
1618179,NASDAQ-GOLD,9642,40,9641,150,9640,210,9645,50,9646,100,9647,150
1618179,NASDAQ-HT,10951,70,10950,10,10949,100,10955,50,10957,100,10959,150
1618179,NASDAQ-INA,10761,120,10759,200,10757,250,10769,70,10771,100,10773,150
1618179,NASDAQ-KOTD,8514,50,8512,100,8510,150,8518,50,8520,100,8522,150
1618179,NASDAQ-NGUP,7395,50,7393,100,7391,150,7399,50,7401,100,7403,150
1618179,NASDAQ-SIMP,9969,119,9968,200,9967,250,9973,50,9974,100,9975,151
1618179,NASDAQ-ZITO,8079,50,8078,100,8077,150,8082,70,8083,150,8084,200
1618438,NASDAQ-CARD,9960,50,9959,100,9958,150,9962,30,9963,100,9964,150
1618438,NASDAQ-DLKV,10102,50,10100,100,10098,150,10106,70,10108,100,10110,150
1618438,NASDAQ-ETFB,11853,100,11851,150,11849,200,11861,100,11863,150,11865,200
1618438,NASDAQ-ETFB3,9737,50,9736,100,9735,150,9741,61,9742,200,9743,250
1618438,NASDAQ-FSR,9573,100,9571,150,9569,200,9583,150,9585,200,9587,250
1618438,NASDAQ-GOLD,9642,10,9641,100,9640,160,9646,110,9647,200,9648,250
1618438,NASDAQ-HT,10929,50,10927,100,10925,150,10935,70,10937,150,10939,200
1618438,NASDAQ-INA,10741,50,10739,100,10737,150,10745,50,10747,100,10749,150
1618438,NASDAQ-KOTD,8515,100,8513,200,8511,250,8523,50,8525,100,8527,160
1618438,NASDAQ-NGUP,7391,50,7389,100,7387,150,7395,50,7397,100,7399,150
1618438,NASDAQ-SIMP,9976,50,9975,100,9974,150,9978,50,9979,100,9980,150
1618438,NASDAQ-ZITO,8070,175,8069,50,8068,100,8072,20,8073,150,8074,200
1618687,NASDAQ-CARD,9945,50,9944,100,9943,150,9951,140,10201,20,10206,180
1618687,NASDAQ-DLKV,10122,50,10120,100,10118,150,10126,50,10128,100,10130,150
1618687,NASDAQ-ETFB,11825,50,11823,100,11821,150,11833,142,11835,200,11837,250
1618687,NASDAQ-ETFB3,9750,50,9749,100,9748,150,9752,50,9753,100,9754,150
1618687,NASDAQ-FSR,9571,33,9569,150,9567,200,9577,50,9579,100,9581,150
1618687,NASDAQ-GOLD,9623,50,9622,100,9621,150,9626,30,9627,150,9628,200
1618687,NASDAQ-HT,10953,50,10951,100,10949,150,10957,50,10959,100,10961,150
1618687,NASDAQ-INA,10768,50,10766,100,10764,150,10769,20,10772,50,10774,100
1618687,NASDAQ-KOTD,8522,49,8520,100,8518,150,8526,50,8527,10,8528,100
1618687,NASDAQ-NGUP,7414,48,7412,150,7410,200,7420,50,7422,101,7424,150
1618687,NASDAQ-SIMP,9953,50,9952,100,9951,150,9959,67,10007,142,10022,71
1618687,NASDAQ-ZITO,8070,146,8068,50,8067,100,8071,100,8072,150,8073,200
1618938,NASDAQ-CARD,9949,142,9948,250,9943,20,9957,110,9958,250,10201,20
1618938,NASDAQ-DLKV,10139,50,10137,150,10135,200,10142,10,10145,50,10147,100
1618938,NASDAQ-ETFB,11823,45,11821,150,11819,200,11831,61,11833,150,11834,54
1618938,NASDAQ-ETFB3,9752,25,9751,25,9750,100,9755,150,9756,200,9757,250
1618938,NASDAQ-FSR,9553,50,9551,100,9549,150,9559,95,9561,150,9563,200
1618938,NASDAQ-GOLD,9674,100,9673,150,9672,200,9677,50,9678,100,9679,150
1618938,NASDAQ-HT,10948,50,10946,100,10944,150,10954,50,10956,150,10958,200
1618938,NASDAQ-INA,10772,250,10739,20,10698,20,10784,50,10786,100,10788,170
1618938,NASDAQ-KOTD,8517,50,8515,100,8513,150,8521,50,8523,100,8525,150
1618938,NASDAQ-NGUP,7420,100,7418,200,7416,250,7428,50,7430,100,7432,150
1618938,NASDAQ-SIMP,9953,140,9952,250,9922,108,9961,177,9962,250,9975,1
1618938,NASDAQ-ZITO,8064,100,8063,150,8062,200,8067,50,8068,100,8069,150
1619192,NASDAQ-CARD,9684,50,9683,100,9682,150,9690,177,10201,20,10206,180
1619192,NASDAQ-DLKV,10148,100,10146,150,10144,200,10154,50,10156,100,10158,150
1619192,NASDAQ-ETFB,11834,46,11832,100,11831,80,11838,50,11840,100,11842,150
1619192,NASDAQ-ETFB3,9752,25,9751,50,9750,100,9757,143,9870,31,9920,32
1619192,NASDAQ-FSR,9578,100,9576,150,9574,200,9584,50,9586,100,9588,150
1619192,NASDAQ-GOLD,9693,183,9601,10,9557,20,9699,50,9700,100,9701,150
1619192,NASDAQ-HT,10943,50,10941,100,10939,150,10953,140,10955,250,10984,20
1619192,NASDAQ-INA,10755,50,10753,100,10751,150,10759,50,10761,100,10763,150
1619192,NASDAQ-KOTD,8532,90,8530,150,8528,200,8538,50,8540,100,8542,150
1619192,NASDAQ-NGUP,7422,143,7420,200,7418,250,7430,50,7432,100,7434,150
1619192,NASDAQ-SIMP,9944,50,9943,100,9942,150,10007,142,10022,71,10054,272
1619192,NASDAQ-ZITO,8070,93,8069,250,8067,80,8075,50,8076,100,8077,150
1619440,NASDAQ-CARD,9652,50,9651,100,9650,150,9658,65,9687,20,9990,200
1619440,NASDAQ-DLKV,10156,55,10154,150,10152,220,10162,50,10164,100,10166,150
1619440,NASDAQ-ETFB,11845,50,11843,100,11841,150,11849,46,11851,100,11853,150
1619440,NASDAQ-ETFB3,9778,50,9777,100,9776,150,9780,50,9781,100,9782,150
1619440,NASDAQ-FSR,9583,93,9581,200,9579,250,9591,50,9593,100,9595,150
1619440,NASDAQ-GOLD,9722,60,9721,250,9678,10,9727,50,9728,100,9729,150
1619440,NASDAQ-HT,10930,50,10928,100,10926,150,10940,128,10942,250,10955,20
1619440,NASDAQ-INA,10765,140,10757,20,10739,20,10777,50,10779,100,10781,150
1619440,NASDAQ-KOTD,8525,30,8523,100,8521,170,8529,50,8531,100,8533,150
1619440,NASDAQ-NGUP,7431,100,7429,200,7427,250,7439,51,7440,30,7441,100
1619440,NASDAQ-SIMP,9959,120,9958,250,9954,108,9964,4,9965,100,9966,150
1619440,NASDAQ-ZITO,8061,50,8060,100,8059,150,8063,31,8064,100,8065,150
1619675,NASDAQ-CARD,9676,99,9675,200,9674,250,9683,195,9684,250,9687,20
1619675,NASDAQ-DLKV,10168,242,10127,10,10103,20,10179,10,10180,74,10182,100
1619675,NASDAQ-ETFB,11845,41,11844,53,11843,100,11849,4,11851,100,11853,150
1619675,NASDAQ-ETFB3,9768,50,9767,100,9766,150,9774,213,9870,31,9920,32
1619675,NASDAQ-FSR,9581,33,9579,150,9577,200,9589,110,9591,150,9593,200
1619675,NASDAQ-GOLD,9744,33,9678,10,9601,10,9750,50,9751,100,9752,150
1619675,NASDAQ-HT,10958,100,10956,200,10954,250,10966,50,10968,100,10970,150
1619675,NASDAQ-INA,10767,120,10765,200,10763,250,10775,10,10777,100,10779,150
1619675,NASDAQ-KOTD,8542,40,8540,100,8538,150,8546,50,8548,100,8550,150
1619675,NASDAQ-NGUP,7406,50,7404,100,7402,150,7416,45,7418,250,7439,1
1619675,NASDAQ-SIMP,9958,140,9957,250,9945,36,9965,135,9966,200,9967,250
1619675,NASDAQ-ZITO,8056,100,8055,150,8054,200,8062,146,8063,250,8118,6
1619914,NASDAQ-CARD,9663,50,9662,100,9661,150,9666,81,9667,150,9668,200
1619914,NASDAQ-DLKV,10146,50,10144,100,10142,150,10150,40,10152,100,10154,150
1619914,NASDAQ-ETFB,11858,50,11856,100,11854,150,11862,50,11864,100,11866,150
1619914,NASDAQ-ETFB3,9768,50,9767,100,9766,150,9772,87,9773,200,9774,250
1619914,NASDAQ-FSR,9564,50,9562,100,9560,150,9568,10,9570,100,9572,150
1619914,NASDAQ-GOLD,9755,115,9754,200,9753,250,9759,50,9760,100,9761,150
1619914,NASDAQ-HT,10947,50,10945,100,10943,150,10957,154,10959,250,10984,20
1619914,NASDAQ-INA,10763,200,10761,250,10757,20,10773,20,10775,100,10777,150
1619914,NASDAQ-KOTD,8542,49,8540,100,8538,150,8546,50,8548,100,8550,150
1619914,NASDAQ-NGUP,7404,45,7402,150,7400,200,7416,132,7418,250,7439,1
1619914,NASDAQ-SIMP,9951,50,9950,100,9949,150,9956,14,9957,250,9963,36
1619914,NASDAQ-ZITO,8087,20,8086,100,8085,150,8089,50,8090,100,8091,150
1620151,NASDAQ-CARD,9763,70,9762,150,9761,200,9766,50,9767,100,9768,150
1620151,NASDAQ-DLKV,10152,45,10151,20,10150,100,10156,50,10158,100,10160,150
1620151,NASDAQ-ETFB,11853,43,11851,100,11849,150,11857,50,11859,100,11861,150
1620151,NASDAQ-ETFB3,9760,50,9759,100,9758,150,9764,115,9765,200,9766,250
1620151,NASDAQ-FSR,9562,13,9560,150,9558,200,9568,30,9570,100,9572,150
1620151,NASDAQ-GOLD,9765,140,9764,250,9728,10,9770,50,9771,100,9772,150
1620151,NASDAQ-HT,10937,50,10935,100,10933,150,10943,23,10945,150,10947,200
1620151,NASDAQ-INA,10775,30,10773,150,10771,200,10781,50,10783,100,10785,150
1620151,NASDAQ-KOTD,8565,50,8563,100,8561,150,8569,50,8571,100,8573,150
1620151,NASDAQ-NGUP,7403,30,7401,100,7399,150,7439,1,7440,30,7446,3
1620151,NASDAQ-SIMP,9962,84,9961,250,9952,11,9967,50,9968,100,9969,150
1620151,NASDAQ-ZITO,8077,50,8076,100,8075,150,8079,50,8080,100,8081,150
1620416,NASDAQ-CARD,9770,61,9769,200,9768,250,9774,50,9775,100,9776,150
1620416,NASDAQ-DLKV,10181,50,10179,100,10177,150,10185,50,10187,100,10189,150
1620416,NASDAQ-ETFB,11822,54,11821,50,11819,100,11825,50,11827,100,11829,150
1620416,NASDAQ-ETFB3,9765,50,9764,330,9763,150,9767,50,9768,100,9769,150
1620416,NASDAQ-FSR,9567,50,9565,100,9563,150,9571,50,9573,100,9575,150
1620416,NASDAQ-GOLD,9740,50,9739,100,9738,150,9742,50,9743,100,9744,150
1620416,NASDAQ-HT,10944,50,10942,100,10940,150,10948,50,10950,100,10952,150
1620416,NASDAQ-INA,10786,50,10784,100,10782,150,10790,50,10792,100,10794,150
1620416,NASDAQ-KOTD,8569,50,8567,100,8565,150,8573,50,8575,100,8577,150
1620416,NASDAQ-NGUP,7413,50,7411,100,7409,150,7417,50,7419,100,7421,150
1620416,NASDAQ-SIMP,9958,104,9957,250,9922,108,9967,153,9975,5,10006,108
1620416,NASDAQ-ZITO,8081,50,8080,100,8079,150,8083,50,8084,100,8085,150
1620696,NASDAQ-CARD,9758,50,9757,100,9756,150,9762,108,9763,200,9764,250
1620696,NASDAQ-DLKV,10176,50,10174,100,10172,150,10184,120,10186,200,10188,250
1620696,NASDAQ-ETFB,11837,50,11835,100,11833,150,11845,144,11847,200,11849,250
1620696,NASDAQ-ETFB3,9788,50,9787,100,9786,150,9792,115,9793,200,9794,250
1620696,NASDAQ-FSR,9566,83,9564,150,9562,200,9576,120,9578,200,9580,250
1620696,NASDAQ-GOLD,9744,125,9743,200,9742,250,9750,128,9751,200,9752,250
1620696,NASDAQ-HT,10968,248,10949,10,10934,20,10980,50,10982,100,10984,150
1620696,NASDAQ-INA,10816,50,10814,100,10812,150,10824,120,10826,200,10828,250
1620696,NASDAQ-KOTD,8568,50,8566,100,8564,150,8572,50,8574,100,8576,150
1620696,NASDAQ-NGUP,7389,89,7387,150,7385,200,7395,50,7397,100,7399,150
1620696,NASDAQ-SIMP,9959,172,9958,250,9922,108,9967,140,9968,250,9975,6
1620696,NASDAQ-ZITO,8058,11,8039,20,8023,20,8064,50,8065,100,8066,150
1620960,NASDAQ-CARD,10028,100,10027,250,9658,220,10033,50,10034,100,10035,150
1620960,NASDAQ-DLKV,10194,50,10192,100,10190,150,10198,50,10200,100,10202,150
1620960,NASDAQ-ETFB,11853,13,11851,100,11849,150,11857,50,11858,55,11859,100
1620960,NASDAQ-ETFB3,9786,142,9785,200,9784,250,9793,200,9794,250,9870,31
1620960,NASDAQ-FSR,9560,50,9558,100,9556,150,9564,50,9566,100,9568,150
1620960,NASDAQ-GOLD,9760,83,9759,150,9758,200,9763,50,9764,100,9765,150
1620960,NASDAQ-HT,10987,50,10985,100,10983,150,10991,50,10993,100,10995,150
1620960,NASDAQ-INA,10815,50,10813,100,10811,150,10819,50,10821,100,10823,150
1620960,NASDAQ-KOTD,8582,50,8580,100,8578,150,8586,50,8588,100,8590,150
1620960,NASDAQ-NGUP,7345,70,7343,100,7341,150,7351,100,7353,150,7355,200
1620960,NASDAQ-SIMP,9962,140,9961,250,9922,108,9970,104,9971,250,9975,7
1620960,NASDAQ-ZITO,8071,50,8070,100,8069,150,8073,50,8074,100,8075,150
1621189,NASDAQ-CARD,10039,207,9762,230,9658,220,10045,50,10046,100,10047,150
1621189,NASDAQ-DLKV,10224,50,10222,100,10220,150,10226,20,10228,50,10230,100
1621189,NASDAQ-ETFB,11853,50,11851,100,11849,150,11859,100,11861,150,11863,200
1621189,NASDAQ-ETFB3,9802,131,9801,200,9800,250,9806,50,9807,100,9808,150
1621189,NASDAQ-FSR,9550,50,9548,100,9546,150,9554,50,9556,100,9558,150
1621189,NASDAQ-GOLD,9749,50,9748,100,9747,150,9751,50,9752,100,9753,150
1621189,NASDAQ-HT,10965,50,10963,100,10961,150,10969,50,10971,100,10973,150
1621189,NASDAQ-INA,10844,50,10842,100,10840,150,10848,50,10850,100,10852,150
1621189,NASDAQ-KOTD,8578,50,8576,100,8574,150,8582,50,8584,100,8586,150
1621189,NASDAQ-NGUP,7385,50,7383,100,7381,150,7389,50,7391,100,7393,150
1621189,NASDAQ-SIMP,9977,132,9976,250,9922,108,9982,50,9983,100,9984,150
1621189,NASDAQ-ZITO,8076,50,8075,100,8074,150,8078,50,8079,100,8080,150
1621428,NASDAQ-CARD,10033,50,10032,100,10031,150,10038,140,10039,250,10201,20
1621428,NASDAQ-DLKV,10200,50,10198,100,10196,150,10204,50,10206,100,10208,150
1621428,NASDAQ-ETFB,11853,50,11851,100,11849,150,11859,5,11861,150,11863,200
1621428,NASDAQ-ETFB3,9806,25,9804,63,9803,200,9810,150,9811,200,9812,250
1621428,NASDAQ-FSR,9535,50,9533,100,9531,150,9543,13,9545,200,9547,250
1621428,NASDAQ-GOLD,9783,50,9782,100,9781,150,9785,50,9786,100,9787,150
1621428,NASDAQ-HT,10983,50,10981,100,10979,150,10987,50,10989,100,10990,80
1621428,NASDAQ-INA,10816,50,10814,100,10812,150,10820,50,10822,100,10824,150
1621428,NASDAQ-KOTD,8556,50,8554,100,8552,150,8560,30,8562,100,8564,150
1621428,NASDAQ-NGUP,7391,50,7389,100,7387,150,7395,50,7397,100,7399,150
1621428,NASDAQ-SIMP,9960,50,9959,100,9958,150,9966,81,9975,1,9977,160
1621428,NASDAQ-ZITO,8080,100,8079,150,8078,200,8083,50,8084,100,8085,150
1621664,NASDAQ-CARD,10020,50,10019,100,10018,150,10025,43,10026,250,10036,200
1621664,NASDAQ-DLKV,10196,100,10194,150,10192,200,10202,50,10204,100,10206,150
1621664,NASDAQ-ETFB,11845,75,11844,50,11842,100,11848,50,11850,100,11852,150
1621664,NASDAQ-ETFB3,9803,200,9802,250,9767,390,9811,144,9812,250,9870,31
1621664,NASDAQ-FSR,9523,50,9521,100,9519,150,9527,50,9529,100,9531,150
1621664,NASDAQ-GOLD,9768,50,9767,100,9766,150,9770,40,9771,100,9772,150
1621664,NASDAQ-HT,11009,100,11007,150,11005,200,11015,50,11017,100,11019,150
1621664,NASDAQ-INA,10822,50,10820,100,10818,150,10826,50,10828,100,10830,150
1621664,NASDAQ-KOTD,8558,45,8555,50,8553,100,8561,100,8563,150,8565,200
1621664,NASDAQ-NGUP,7383,50,7381,100,7379,150,7389,100,7391,150,7393,200
1621664,NASDAQ-SIMP,9946,50,9945,100,9944,150,9950,22,9951,200,9952,250
1621664,NASDAQ-ZITO,8090,83,8089,150,8088,200,8093,50,8094,100,8095,150
1621794,NASDAQ-CARD,10014,20,9762,230,9658,220,10028,157,10036,200,10201,20
1621794,NASDAQ-DLKV,10213,22,10211,100,10209,150,10217,50,10219,100,10221,150
1621794,NASDAQ-ETFB,11845,57,11844,50,11842,100,11850,100,11852,150,11854,200
1621794,NASDAQ-ETFB3,9805,59,9804,150,9803,200,9810,146,9811,200,9812,250
1621794,NASDAQ-FSR,9505,30,9503,100,9501,150,9513,145,9515,200,9517,250
1621794,NASDAQ-GOLD,9758,50,9757,100,9756,150,9760,50,9761,100,9762,150
1621794,NASDAQ-HT,11017,127,11015,200,11013,250,11025,50,11027,120,11029,150
1621794,NASDAQ-INA,10827,20,10826,50,10824,100,10830,50,10832,100,10834,150
1621794,NASDAQ-KOTD,8540,50,8538,100,8536,150,8546,85,8548,150,8550,200
1621794,NASDAQ-NGUP,7381,30,7379,100,7377,150,7385,30,7387,100,7389,151
1621794,NASDAQ-SIMP,9945,30,9944,100,9943,150,9947,28,9948,100,9949,150
1621794,NASDAQ-ZITO,8089,50,8088,100,8087,150,8091,50,8092,100,8093,150
1622059,NASDAQ-CARD,9763,50,9762,330,9761,150,9765,50,9766,100,9767,150
1622059,NASDAQ-DLKV,10211,50,10209,100,10207,150,10215,50,10217,100,10219,150
1622059,NASDAQ-ETFB,11854,47,11852,200,11850,250,11862,50,11864,100,11866,150
1622059,NASDAQ-ETFB3,9835,50,9834,100,9833,150,9837,50,9838,100,9839,150
1622059,NASDAQ-FSR,9527,90,9525,150,9523,200,9533,50,9535,100,9537,150
1622059,NASDAQ-GOLD,9779,95,9778,150,9777,200,9782,50,9783,150,9784,150
1622059,NASDAQ-HT,11001,50,10999,100,10997,150,11005,50,11007,100,11009,150
1622059,NASDAQ-INA,10808,50,10806,100,10804,150,10812,50,10814,100,10816,150
1622059,NASDAQ-KOTD,8565,50,8563,100,8561,150,8569,50,8571,100,8573,150
1622059,NASDAQ-NGUP,7376,50,7374,100,7372,150,7380,32,7382,100,7384,150
1622059,NASDAQ-SIMP,9947,50,9946,100,9945,150,9949,50,9950,100,9951,150
1622059,NASDAQ-ZITO,8087,50,8086,100,8085,150,8089,50,8090,100,8091,150
1622312,NASDAQ-CARD,9775,50,9774,150,9773,200,9778,50,9779,100,9780,150
1622312,NASDAQ-DLKV,10218,8,10216,100,10214,150,10222,50,10224,100,10226,150
1622312,NASDAQ-ETFB,11861,7,11859,100,11857,150,11865,50,11867,100,11869,150
1622312,NASDAQ-ETFB3,9833,246,9765,10,9755,25,9839,50,9840,100,9841,150
1622312,NASDAQ-FSR,9501,50,9499,100,9497,150,9505,50,9507,100,9509,150
1622312,NASDAQ-GOLD,9766,30,9765,100,9764,150,9768,50,9769,100,9770,150
1622312,NASDAQ-HT,10956,50,10954,100,10952,150,10964,76,10966,200,10968,250
1622312,NASDAQ-INA,10840,200,10838,250,10791,20,10850,50,10852,100,10854,150
1622312,NASDAQ-KOTD,8562,50,8560,100,8558,150,8572,200,8574,250,9169,20
1622312,NASDAQ-NGUP,7341,50,7339,110,7337,150,7349,100,7351,200,7353,250
1622312,NASDAQ-SIMP,9963,50,9962,100,9961,150,9964,200,9965,50,9966,100
1622312,NASDAQ-ZITO,8084,49,8083,200,8082,250,8088,4,8089,100,8090,150
1622549,NASDAQ-CARD,9762,50,9761,100,9760,150,9765,100,9766,150,9767,200
1622549,NASDAQ-DLKV,10218,80,10216,150,10214,200,10224,50,10226,120,10228,150
1622549,NASDAQ-ETFB,11866,149,11864,200,11862,250,11874,50,11876,100,11878,150
1622549,NASDAQ-ETFB3,9839,86,9837,50,9836,100,9840,100,9841,150,9842,200
1622549,NASDAQ-FSR,9492,50,9490,100,9488,150,9498,40,9500,150,9502,200
1622549,NASDAQ-GOLD,9771,50,9770,150,9769,200,9774,50,9775,100,9776,150
1622549,NASDAQ-HT,11027,34,11025,150,11023,200,11033,50,11035,100,11037,150
1622549,NASDAQ-INA,10835,50,10833,100,10831,150,10843,120,10845,200,10847,250
1622549,NASDAQ-KOTD,8582,20,8580,150,8578,200,8588,50,8590,100,8592,150
1622549,NASDAQ-NGUP,7334,50,7332,100,7330,150,7344,64,7346,250,7389,1
1622549,NASDAQ-SIMP,9943,50,9942,100,9941,150,9948,7,9949,250,9964,200
1622549,NASDAQ-ZITO,8085,143,8084,250,8070,20,8090,50,8091,100,8092,150
1622799,NASDAQ-CARD,9777,78,9776,150,9775,200,9780,50,9781,100,9782,150
1622799,NASDAQ-DLKV,10244,50,10242,150,10240,200,10250,50,10252,100,10254,150
1622799,NASDAQ-ETFB,11897,50,11895,100,11893,150,11901,50,11903,100,11905,150
1622799,NASDAQ-ETFB3,9856,133,9855,250,9840,80,9861,50,9862,100,9863,150
1622799,NASDAQ-FSR,9498,90,9496,150,9494,200,9506,100,9508,150,9510,200
1622799,NASDAQ-GOLD,9788,150,9787,200,9786,250,9792,50,9793,100,9794,150
1622799,NASDAQ-HT,10969,50,10967,100,10965,150,10973,50,10975,100,10977,150
1622799,NASDAQ-INA,10811,50,10809,100,10807,150,10821,200,10823,250,10851,20
1622799,NASDAQ-KOTD,8562,50,8560,100,8558,150,8566,50,8568,100,8570,150
1622799,NASDAQ-NGUP,7337,50,7335,100,7333,150,7347,200,7349,250,7389,1
1622799,NASDAQ-SIMP,9944,176,9943,250,9922,101,9964,137,9975,7,9977,160
1622799,NASDAQ-ZITO,8080,50,8079,100,8078,150,8082,50,8083,100,8084,150
1623103,NASDAQ-CARD,9788,102,9787,200,9786,250,9792,50,9793,100,9794,150
1623103,NASDAQ-DLKV,10229,50,10227,100,10225,150,10233,50,10235,100,10237,150
1623103,NASDAQ-ETFB,11885,50,11883,100,11881,150,11891,100,11893,150,11895,200
1623103,NASDAQ-ETFB3,9869,50,9868,100,9867,150,9870,31,9871,50,9872,100
1623103,NASDAQ-FSR,9497,100,9495,150,9493,200,9507,150,9509,200,9511,250
1623103,NASDAQ-GOLD,9779,30,9778,100,9777,150,9781,40,9782,100,9783,150
1623103,NASDAQ-HT,11011,50,11009,100,11007,150,11015,50,11017,100,11019,150
1623103,NASDAQ-INA,10798,50,10796,100,10794,150,10802,40,10804,100,10806,150
1623103,NASDAQ-KOTD,8560,50,8558,100,8556,150,8564,50,8566,100,8568,150
1623103,NASDAQ-NGUP,7331,50,7329,100,7327,150,7337,51,7339,150,7341,200
1623103,NASDAQ-SIMP,9916,50,9915,100,9914,150,9964,88,9975,8,9981,36
1623103,NASDAQ-ZITO,8064,50,8063,100,8062,150,8066,10,8067,100,8068,150
1623422,NASDAQ-CARD,9809,18,9808,150,9807,200,9812,50,9813,100,9814,150
1623422,NASDAQ-DLKV,10231,50,10229,100,10227,150,10235,50,10237,100,10239,150
1623422,NASDAQ-ETFB,11901,50,11899,100,11897,150,11905,50,11907,100,11909,150
1623422,NASDAQ-ETFB3,9866,200,9865,250,9840,80,9871,50,9872,100,9873,150
1623422,NASDAQ-FSR,9533,63,9531,150,9529,200,9539,50,9541,300,9543,150
1623422,NASDAQ-GOLD,9775,98,9774,150,9773,200,9778,40,9779,250,9780,150
1623422,NASDAQ-HT,11003,50,11001,100,10999,150,11007,40,11009,100,11011,150
1623422,NASDAQ-INA,10771,50,10769,100,10767,150,10781,188,10783,250,10802,20
1623422,NASDAQ-KOTD,8590,50,8588,100,8586,150,8594,50,8596,100,8598,150
1623422,NASDAQ-NGUP,7336,50,7334,150,7332,200,7344,101,7346,150,7348,200
1623422,NASDAQ-SIMP,9925,160,9892,201,9877,108,9933,36,9934,200,9935,250
1623422,NASDAQ-ZITO,8090,40,8089,100,8088,150,8092,50,8093,100,8094,150
1623731,NASDAQ-CARD,9825,35,9824,150,9823,200,9828,50,9829,100,9830,150
1623731,NASDAQ-DLKV,10221,50,10219,100,10217,150,10227,70,10229,150,10231,200
1623731,NASDAQ-ETFB,11897,141,11895,200,11893,250,11907,100,11909,150,11911,200
1623731,NASDAQ-ETFB3,9885,50,9884,250,9840,80,9890,42,9891,100,9892,150
1623731,NASDAQ-FSR,9521,50,9519,100,9517,150,9527,45,9529,150,9531,200
1623731,NASDAQ-GOLD,9764,30,9763,100,9762,150,9767,70,9768,150,9769,200
1623731,NASDAQ-HT,10993,50,10991,100,10989,150,10999,70,11001,150,11003,200
1623731,NASDAQ-INA,10789,160,10787,250,10757,20,10799,50,10801,100,10802,20
1623731,NASDAQ-KOTD,8587,95,8585,200,8583,250,8595,50,8597,100,8599,150
1623731,NASDAQ-NGUP,7326,50,7324,100,7322,150,7330,50,7332,100,7334,150
1623731,NASDAQ-SIMP,9877,108,9876,11,9854,50,9936,100,9937,150,9938,200
1623731,NASDAQ-ZITO,8090,65,8089,200,8088,250,8094,50,8095,100,8096,150
1624045,NASDAQ-CARD,10038,6,10037,200,10036,250,10042,50,10043,100,10044,150
1624045,NASDAQ-DLKV,10213,50,10211,100,10209,150,10223,180,10225,250,10231,20
1624045,NASDAQ-ETFB,11911,9,11909,100,11907,150,11915,50,11917,100,11919,150
1624045,NASDAQ-ETFB3,9873,50,9872,100,9871,150,9875,50,9876,100,9877,150
1624045,NASDAQ-FSR,9540,165,9384,50,9378,10,9552,50,9554,100,9556,150
1624045,NASDAQ-GOLD,9775,173,9774,250,9757,20,9779,100,9780,50,9781,100
1624045,NASDAQ-HT,10973,50,10972,50,10970,100,10976,14,10978,100,10980,150
1624045,NASDAQ-INA,10793,40,10791,100,10789,170,10803,190,10805,250,10851,20
1624045,NASDAQ-KOTD,8591,200,8589,250,8581,20,8601,50,8603,100,8605,150
1624045,NASDAQ-NGUP,7307,30,7305,100,7303,150,7311,10,7313,100,7315,150
1624045,NASDAQ-SIMP,9920,91,9919,200,9918,250,9928,202,9936,30,9964,87
1624045,NASDAQ-ZITO,8092,50,8091,100,8090,150,8094,50,8095,100,8096,150
1624361,NASDAQ-CARD,10072,49,10071,100,10070,150,10074,50,10075,100,10076,150
1624361,NASDAQ-DLKV,10196,50,10194,100,10192,150,10200,30,10202,100,10204,150
1624361,NASDAQ-ETFB,11898,50,11896,100,11894,150,11902,50,11904,100,11906,150
1624361,NASDAQ-ETFB3,9864,50,9863,100,9862,150,9866,50,9867,100,9868,150
1624361,NASDAQ-FSR,9534,50,9532,100,9530,150,9538,40,9540,100,9542,150
1624361,NASDAQ-GOLD,9840,30,9839,100,9838,150,9842,50,9843,100,9844,150
1624361,NASDAQ-HT,10980,50,10978,150,10976,200,10986,50,10988,100,10990,150
1624361,NASDAQ-INA,10812,30,10810,100,10808,150,10816,50,10818,100,10820,150
1624361,NASDAQ-KOTD,8568,50,8566,100,8564,150,8572,30,8574,100,8576,150
1624361,NASDAQ-NGUP,7310,88,7308,150,7306,200,7316,50,7318,101,7320,150
1624361,NASDAQ-SIMP,9916,50,9915,100,9914,150,9919,14,9920,150,9921,200
1624361,NASDAQ-ZITO,8084,50,8083,100,8082,150,8087,70,8088,150,8089,200
1624682,NASDAQ-CARD,10074,100,10073,150,10072,200,10077,50,10078,176,10079,150
1624682,NASDAQ-DLKV,10198,20,10197,50,10195,100,10201,50,10203,100,10205,150
1624682,NASDAQ-ETFB,11891,50,11889,100,11887,150,11895,50,11897,100,11899,150
1624682,NASDAQ-ETFB3,9879,50,9878,100,9877,150,9881,50,9882,100,9883,150
1624682,NASDAQ-FSR,9518,50,9516,100,9514,150,9522,50,9524,100,9526,150
1624682,NASDAQ-GOLD,9852,30,9851,150,9850,200,9855,50,9856,100,9857,150
1624682,NASDAQ-HT,10958,70,10956,100,10954,150,10964,100,10966,150,10968,200
1624682,NASDAQ-INA,10773,50,10771,100,10769,150,10777,50,10779,100,10781,150
1624682,NASDAQ-KOTD,8584,50,8582,100,8580,150,8588,50,8590,100,8592,150
1624682,NASDAQ-NGUP,7293,50,7291,100,7289,150,7297,50,7299,100,7301,150
1624682,NASDAQ-SIMP,9963,100,9962,150,9961,200,9964,37,9966,50,9967,100
1624682,NASDAQ-ZITO,8087,50,8086,100,8085,150,8089,50,8090,100,8091,150
1625005,NASDAQ-CARD,10200,50,10199,100,10198,150,10201,20,10202,50,10203,100
1625005,NASDAQ-DLKV,10218,10,10216,100,10214,150,10222,50,10224,100,10226,150
1625005,NASDAQ-ETFB,11896,50,11894,100,11892,150,11900,50,11902,100,11903,59
1625005,NASDAQ-ETFB3,9879,50,9878,100,9877,150,9881,50,9882,100,9883,150
1625005,NASDAQ-FSR,9542,50,9540,100,9538,150,9546,50,9548,100,9550,150
1625005,NASDAQ-GOLD,9845,20,9763,20,9757,20,9852,100,9871,50,9872,100
1625005,NASDAQ-HT,10965,40,10963,100,10961,150,10969,50,10971,100,10973,150
1625005,NASDAQ-INA,10781,40,10779,100,10777,150,10785,50,10787,100,10789,150
1625005,NASDAQ-KOTD,8596,50,8594,100,8592,150,8600,50,8602,100,8604,150
1625005,NASDAQ-NGUP,7328,68,7326,150,7324,200,7330,1,7334,50,7336,100
1625005,NASDAQ-SIMP,9952,50,9951,100,9950,150,9957,78,9958,250,9964,37
1625005,NASDAQ-ZITO,8101,60,8100,150,8099,200,8104,50,8105,100,8106,150
1625332,NASDAQ-CARD,10074,12,10042,200,9828,100,10200,10,10206,100,10208,50
1625332,NASDAQ-DLKV,10151,70,10149,100,10147,150,10155,30,10157,100,10159,150
1625332,NASDAQ-ETFB,11894,50,11892,150,11890,200,11900,50,11902,100,11903,59
1625332,NASDAQ-ETFB3,9859,50,9858,100,9857,150,9862,97,9863,150,9864,200
1625332,NASDAQ-FSR,9560,120,9558,200,9556,250,9568,50,9570,100,9572,150
1625332,NASDAQ-GOLD,9868,140,9845,20,9763,20,9874,50,9875,100,9876,150
1625332,NASDAQ-HT,10907,50,10905,100,10903,150,10915,100,10917,200,10919,250
1625332,NASDAQ-INA,10740,50,10739,20,10738,100,10746,80,10748,150,10750,200
1625332,NASDAQ-KOTD,8555,20,8553,50,8551,100,8557,10,8559,100,8561,150
1625332,NASDAQ-NGUP,7277,50,7275,100,7273,150,7283,99,7285,150,7287,200
1625332,NASDAQ-SIMP,9947,30,9946,100,9945,150,9950,3,9951,150,9952,200
1625332,NASDAQ-ZITO,8089,30,8087,70,8086,100,8090,20,8091,150,8092,200
1625644,NASDAQ-CARD,10217,50,10216,100,10215,150,10219,50,10220,100,10221,150
1625644,NASDAQ-DLKV,10131,50,10129,100,10127,160,10135,39,10137,100,10139,150
1625644,NASDAQ-ETFB,11898,50,11896,100,11894,150,11902,50,11903,59,11904,100
1625644,NASDAQ-ETFB3,9858,50,9857,150,9856,200,9859,25,9861,50,9862,100
1625644,NASDAQ-FSR,9542,50,9540,100,9538,150,9548,60,9550,150,9552,200
1625644,NASDAQ-GOLD,9892,10,9891,150,9890,200,9895,50,9896,110,9897,150
1625644,NASDAQ-HT,10916,80,10914,200,10912,250,10924,50,10926,100,10928,150
1625644,NASDAQ-INA,10762,50,10760,100,10758,150,10766,50,10768,100,10770,150
1625644,NASDAQ-KOTD,8585,20,8583,150,8581,200,8591,50,8592,20,8593,100
1625644,NASDAQ-NGUP,7285,100,7283,150,7281,200,7291,50,7293,100,7295,150
1625644,NASDAQ-SIMP,9956,60,9948,72,9929,10,9962,50,9963,100,9964,187
1625644,NASDAQ-ZITO,8105,70,8104,150,8103,200,8108,50,8109,100,8110,150
1625952,NASDAQ-CARD,10227,66,10226,200,10225,250,10231,50,10232,100,10233,150
1625952,NASDAQ-DLKV,10116,50,10114,100,10112,150,10120,30,10122,100,10124,150
1625952,NASDAQ-ETFB,11878,50,11876,100,11874,150,11884,100,11886,150,11888,200
1625952,NASDAQ-ETFB3,9868,50,9867,100,9866,150,9870,50,9871,100,9872,150
1625952,NASDAQ-FSR,9521,30,9519,100,9517,150,9529,129,9531,200,9533,250
1625952,NASDAQ-GOLD,9898,10,9897,150,9896,200,9901,50,9902,100,9903,150
1625952,NASDAQ-HT,10930,40,10928,150,10926,200,10936,50,10938,100,10940,150
1625952,NASDAQ-INA,10777,100,10775,150,10773,200,10783,50,10785,100,10787,150
1625952,NASDAQ-KOTD,8555,125,8550,50,8548,100,8556,100,8558,150,8560,200
1625952,NASDAQ-NGUP,7290,20,7288,100,7286,150,7294,50,7296,100,7298,150
1625952,NASDAQ-SIMP,9957,36,9952,138,9951,200,9959,18,9960,250,9961,72
1625952,NASDAQ-ZITO,8094,50,8093,100,8092,150,8096,50,8097,100,8098,150
1626271,NASDAQ-CARD,10494,164,10231,30,10076,136,10500,50,10501,300,10502,150
1626271,NASDAQ-DLKV,10121,50,10119,100,10117,150,10125,50,10127,100,10129,150
1626271,NASDAQ-ETFB,11850,50,11848,100,11846,150,11856,99,11858,150,11860,200
1626271,NASDAQ-ETFB3,9884,50,9883,100,9882,150,9886,50,9887,100,9888,150
1626271,NASDAQ-FSR,9547,20,9545,100,9543,150,9551,50,9553,100,9555,150
1626271,NASDAQ-GOLD,9864,50,9863,100,9862,150,9866,50,9867,100,9868,150
1626271,NASDAQ-HT,10953,50,10951,100,10949,150,10957,50,10958,50,10959,100
1626271,NASDAQ-INA,10786,50,10784,100,10782,150,10790,50,10792,100,10794,150
1626271,NASDAQ-KOTD,8545,50,8543,100,8541,150,8549,50,8551,100,8553,150
1626271,NASDAQ-NGUP,7289,50,7287,100,7285,150,7293,50,7295,100,7297,150
1626271,NASDAQ-SIMP,9917,50,9916,100,9915,150,9920,78,9921,150,9922,200
1626271,NASDAQ-ZITO,8102,50,8101,100,8100,150,8104,50,8105,100,8106,150
1626591,NASDAQ-CARD,10493,50,10492,100,10491,150,10497,132,10498,200,10499,286
1626591,NASDAQ-DLKV,10158,50,10156,100,10154,150,10162,50,10164,100,10166,150
1626591,NASDAQ-ETFB,11848,100,11846,150,11844,253,11854,50,11856,100,11857,57
1626591,NASDAQ-ETFB3,9875,50,9874,100,9873,150,9878,100,9879,150,9880,200
1626591,NASDAQ-FSR,9559,234,9384,50,9378,10,9566,180,9571,50,9573,100
1626591,NASDAQ-GOLD,9878,140,9877,250,9845,20,9883,50,9884,100,9885,150
1626591,NASDAQ-HT,10983,10,10981,200,10979,250,10988,20,10991,50,10992,10
1626591,NASDAQ-INA,10782,20,10779,50,10777,100,10783,14,10785,100,10787,150
1626591,NASDAQ-KOTD,8525,50,8523,100,8521,170,8531,80,8533,150,8535,200
1626591,NASDAQ-NGUP,7287,150,7285,200,7283,250,7295,50,7297,100,7299,150
1626591,NASDAQ-SIMP,9927,232,9921,10,9918,144,9933,50,9934,100,9935,150
1626591,NASDAQ-ZITO,8088,50,8087,100,8086,150,8090,50,8091,100,8092,150
1626911,NASDAQ-CARD,10507,194,10231,180,10228,252,10513,50,10514,100,10515,150
1626911,NASDAQ-DLKV,10187,50,10185,100,10183,150,10191,50,10193,100,10195,150
1626911,NASDAQ-ETFB,11822,54,11820,50,11818,100,11826,100,11828,150,11830,200
1626911,NASDAQ-ETFB3,9873,100,9872,150,9871,200,9876,50,9877,100,9878,150
1626911,NASDAQ-FSR,9574,26,9572,150,9570,200,9580,50,9582,100,9584,150
1626911,NASDAQ-GOLD,9861,50,9860,100,9859,150,9863,50,9864,100,9865,150
1626911,NASDAQ-HT,10967,50,10965,100,10963,150,10971,50,10973,100,10975,150
1626911,NASDAQ-INA,10793,30,10791,100,10789,150,10797,50,10799,100,10801,150
1626911,NASDAQ-KOTD,8543,50,8541,100,8539,150,8547,50,8549,100,8551,150
1626911,NASDAQ-NGUP,7289,50,7287,100,7285,150,7293,20,7295,100,7297,150
1626911,NASDAQ-SIMP,9930,185,9929,250,9928,40,9937,150,9938,200,9939,250
1626911,NASDAQ-ZITO,8109,106,8108,200,8107,250,8113,50,8114,100,8115,150
1627224,NASDAQ-CARD,10810,148,10809,200,10808,250,10814,50,10815,100,10816,150
1627224,NASDAQ-DLKV,10171,50,10169,100,10167,150,10177,70,10179,150,10181,200
1627224,NASDAQ-ETFB,11812,50,11810,100,11809,58,11816,50,11818,100,11820,150
1627224,NASDAQ-ETFB3,9862,50,9861,100,9860,150,9865,100,9866,150,9867,200
1627224,NASDAQ-FSR,9580,50,9578,150,9576,200,9586,50,9588,100,9589,60
1627224,NASDAQ-GOLD,9845,20,9763,20,9757,20,9889,50,9890,100,9891,160
1627224,NASDAQ-HT,10967,20,10965,200,10963,250,10975,50,10977,100,10979,150
1627224,NASDAQ-INA,10745,50,10743,100,10741,150,10755,90,10757,250,10793,20
1627224,NASDAQ-KOTD,8535,50,8533,100,8531,250,8545,200,8547,250,8592,20
1627224,NASDAQ-NGUP,7308,197,7306,250,7279,15,7318,50,7320,100,7322,150
1627224,NASDAQ-SIMP,9931,375,9918,180,9878,216,9940,200,9941,250,9961,72
1627224,NASDAQ-ZITO,8093,50,8092,100,8091,150,8095,30,8096,100,8097,150
1627554,NASDAQ-CARD,10820,50,10819,150,10818,200,10823,30,10824,100,10825,150
1627554,NASDAQ-DLKV,10202,50,10200,100,10198,150,10206,50,10208,100,10210,150
1627554,NASDAQ-ETFB,11810,70,11809,58,11808,150,11816,50,11818,100,11820,150
1627554,NASDAQ-ETFB3,9855,50,9854,100,9853,150,9857,50,9858,100,9859,150
1627554,NASDAQ-FSR,9544,20,9543,50,9541,100,9547,50,9549,100,9551,150
1627554,NASDAQ-GOLD,9878,50,9877,100,9876,150,9880,50,9881,100,9882,150
1627554,NASDAQ-HT,10944,50,10942,100,10940,150,10948,50,10950,100,10952,150
1627554,NASDAQ-INA,10788,90,10786,150,10784,200,10794,50,10796,100,10798,150
1627554,NASDAQ-KOTD,8563,50,8561,100,8559,150,8567,50,8569,100,8571,150
1627554,NASDAQ-NGUP,7283,50,7281,100,7279,165,7289,90,7291,150,7293,200
1627554,NASDAQ-SIMP,9942,144,9932,144,9918,180,9948,50,9949,100,9950,150
1627554,NASDAQ-ZITO,8092,50,8091,100,8090,230,8095,70,8096,150,8097,200
1627865,NASDAQ-CARD,10785,50,10784,100,10783,150,10789,96,10790,200,10791,250
1627865,NASDAQ-DLKV,10215,30,10213,100,10211,150,10219,50,10221,100,10222,20
1627865,NASDAQ-ETFB,11784,50,11783,63,11782,100,11788,43,11790,100,11792,150
1627865,NASDAQ-ETFB3,9828,50,9827,100,9826,150,9830,25,9831,100,9832,150
1627865,NASDAQ-FSR,9547,50,9545,150,9544,20,9553,50,9555,100,9557,150
1627865,NASDAQ-GOLD,9825,50,9824,100,9823,150,9827,10,9828,100,9829,150
1627865,NASDAQ-HT,10935,50,10933,100,10931,150,10939,50,10941,100,10943,150
1627865,NASDAQ-INA,10821,10,10819,100,10817,150,10825,50,10827,100,10829,150
1627865,NASDAQ-KOTD,8574,50,8572,100,8570,150,8578,50,8580,100,8582,150
1627865,NASDAQ-NGUP,7270,20,7269,20,7268,50,7276,112,7278,200,7280,250
1627865,NASDAQ-SIMP,9950,156,9949,250,9943,108,9955,50,9956,100,9957,150
1627865,NASDAQ-ZITO,8093,50,8092,100,8091,150,8095,20,8096,100,8097,150
1628041,NASDAQ-CARD,10923,92,10922,200,10921,250,10927,50,10928,100,10929,150
1628041,NASDAQ-DLKV,10219,50,10217,100,10215,150,10222,20,10223,50,10225,100
1628041,NASDAQ-ETFB,11784,50,11783,63,11782,100,11788,50,11790,100,11792,150
1628041,NASDAQ-ETFB3,9828,50,9827,100,9826,150,9830,50,9831,100,9832,150
1628041,NASDAQ-FSR,9560,50,9558,100,9556,150,9564,50,9566,100,9568,150
1628041,NASDAQ-GOLD,9833,50,9832,100,9831,150,9835,50,9836,100,9837,150
1628041,NASDAQ-HT,10946,50,10944,100,10942,150,10947,16,10950,50,10952,100
1628041,NASDAQ-INA,10834,50,10832,100,10830,150,10838,50,10840,100,10842,150
1628041,NASDAQ-KOTD,8548,50,8546,100,8545,80,8552,30,8554,100,8556,150
1628041,NASDAQ-NGUP,7266,10,7262,50,7260,100,7268,100,7270,150,7272,200
1628041,NASDAQ-SIMP,9930,50,9929,100,9928,150,9933,42,9934,150,9935,200
1628041,NASDAQ-ZITO,8076,20,8074,50,8073,100,8077,50,8078,150,8079,200
1628349,NASDAQ-CARD,10938,20,10937,100,10936,150,10940,50,10941,100,10942,150
1628349,NASDAQ-DLKV,10236,30,10234,100,10232,150,10240,50,10242,100,10244,150
1628349,NASDAQ-ETFB,11770,61,11766,112,11764,100,11776,106,11778,250,11789,57
1628349,NASDAQ-ETFB3,9828,10,9827,200,9826,250,9834,150,9835,200,9836,250
1628349,NASDAQ-FSR,9555,100,9553,150,9551,200,9561,44,9563,100,9565,150
1628349,NASDAQ-GOLD,9805,50,9804,100,9803,150,9807,50,9808,100,9809,150
1628349,NASDAQ-HT,10908,50,10906,100,10904,150,10912,50,10914,100,10916,150
1628349,NASDAQ-INA,10831,50,10829,100,10827,150,10835,50,10837,100,10839,150
1628349,NASDAQ-KOTD,8558,50,8556,100,8554,150,8562,50,8564,100,8566,150
1628349,NASDAQ-NGUP,7279,50,7277,150,7275,200,7285,50,7287,100,7289,150
1628349,NASDAQ-SIMP,9929,36,9928,200,9927,250,9937,250,9954,17,9961,72
1628349,NASDAQ-ZITO,8095,50,8094,100,8093,150,8097,50,8098,100,8099,150
1628663,NASDAQ-CARD,10908,50,10907,100,10906,150,11105,10,11106,30,11112,55
1628663,NASDAQ-DLKV,10228,50,10226,100,10224,150,10234,70,10236,150,10238,200
1628663,NASDAQ-ETFB,11762,150,11760,200,11758,250,11789,57,11817,59,11857,57
1628663,NASDAQ-ETFB3,9823,200,9822,250,9765,10,9873,25,9920,32,10083,25
1628663,NASDAQ-FSR,9549,47,9547,100,9545,150,9559,200,9561,250,9579,10
1628663,NASDAQ-GOLD,9809,1,9808,100,9807,150,9811,50,9812,100,9813,150
1628663,NASDAQ-HT,10890,50,10888,100,10886,150,10988,20,10992,10,10993,50
1628663,NASDAQ-INA,10850,50,10848,100,10846,150,10851,20,10854,50,10856,100
1628663,NASDAQ-KOTD,8552,80,8551,50,8549,100,8561,40,8563,250,8592,20
1628663,NASDAQ-NGUP,7268,50,7266,100,7264,150,7272,50,7274,100,7276,150
1628663,NASDAQ-SIMP,9918,180,9878,216,9877,108,9959,140,9960,250,9961,72
1628663,NASDAQ-ZITO,8066,50,8065,100,8064,150,8070,45,8071,200,8072,250
1628974,NASDAQ-CARD,11192,13,11191,200,11190,250,11196,50,11197,100,11198,150
1628974,NASDAQ-DLKV,10185,50,10183,100,10181,150,10189,30,10191,100,10193,150
1628974,NASDAQ-ETFB,11779,50,11777,100,11775,150,11783,50,11785,100,11787,150
1628974,NASDAQ-ETFB3,9826,50,9825,100,9824,150,9828,50,9829,100,9830,150
1628974,NASDAQ-FSR,9524,50,9522,100,9520,150,9528,30,9530,100,9532,150
1628974,NASDAQ-GOLD,9788,50,9787,100,9786,150,9790,50,9791,100,9792,150
1628974,NASDAQ-HT,10871,50,10869,100,10867,150,10875,33,10877,100,10879,150
1628974,NASDAQ-INA,10881,50,10879,100,10877,150,10885,50,10887,100,10889,150
1628974,NASDAQ-KOTD,8556,25,8554,100,8552,230,8560,50,8562,100,8564,150
1628974,NASDAQ-NGUP,7252,20,7250,50,7248,120,7254,10,7256,100,7258,150
1628974,NASDAQ-SIMP,9909,50,9908,100,9907,150,9913,12,9914,200,9915,250
1628974,NASDAQ-ZITO,8063,50,8062,100,8061,150,8068,5,8069,250,8118,6
1629282,NASDAQ-CARD,11198,81,11197,150,11196,200,11201,130,11202,100,11203,150
1629282,NASDAQ-DLKV,10191,70,10189,170,10187,200,10197,50,10199,100,10201,150
1629282,NASDAQ-ETFB,11779,133,11777,250,11735,57,11791,100,11793,150,11795,200
1629282,NASDAQ-ETFB3,9839,50,9838,100,9837,150,9841,50,9842,100,9843,150
1629282,NASDAQ-FSR,9535,95,9533,200,9531,250,9543,50,9545,100,9547,150
1629282,NASDAQ-GOLD,9783,50,9782,100,9781,150,9787,120,9788,200,9789,250
1629282,NASDAQ-HT,10885,50,10883,100,10881,150,10889,50,10891,100,10893,150
1629282,NASDAQ-INA,10846,50,10844,100,10842,150,10852,100,10854,150,10856,200
1629282,NASDAQ-KOTD,8538,20,8535,50,8533,100,8541,20,8543,150,8545,200
1629282,NASDAQ-NGUP,7249,50,7247,100,7245,170,7253,50,7255,100,7257,150
1629282,NASDAQ-SIMP,9924,60,9878,216,9877,108,9930,50,9931,100,9932,150
1629282,NASDAQ-ZITO,8057,50,8056,100,8055,150,8059,30,8060,100,8061,150
1629613,NASDAQ-CARD,11201,191,11200,250,10923,20,11205,144,11206,50,11207,100
1629613,NASDAQ-DLKV,10182,50,10180,100,10178,150,10186,30,10188,100,10190,150
1629613,NASDAQ-ETFB,11796,85,11794,250,11778,60,11806,50,11808,100,11810,150
1629613,NASDAQ-ETFB3,9855,84,9854,150,9853,200,9858,50,9859,100,9860,150
1629613,NASDAQ-FSR,9498,10,9495,50,9493,100,9499,50,9501,100,9503,150
1629613,NASDAQ-GOLD,9788,50,9787,150,9786,150,9793,175,9794,250,9824,10
1629613,NASDAQ-HT,10878,50,10876,110,10875,150,10988,20,10992,10,10993,50
1629613,NASDAQ-INA,10888,83,10886,150,10884,200,10893,20,10894,50,10896,100
1629613,NASDAQ-KOTD,8521,10,8517,50,8515,100,8523,33,8525,150,8527,200
1629613,NASDAQ-NGUP,7222,50,7220,100,7218,170,7226,50,7228,100,7230,150
1629613,NASDAQ-SIMP,9921,185,9920,250,9910,72,9930,57,9958,144,9959,30
1629613,NASDAQ-ZITO,8054,50,8053,100,8052,150,8057,73,8058,150,8059,200
1629934,NASDAQ-CARD,11200,225,11199,280,11198,150,11205,137,11206,250,11214,20
1629934,NASDAQ-DLKV,10176,50,10174,100,10172,150,10180,30,10182,100,10184,150
1629934,NASDAQ-ETFB,11800,100,11798,150,11796,200,11808,100,11810,150,11812,200
1629934,NASDAQ-ETFB3,9855,100,9854,150,9853,200,9859,100,9860,150,9861,200
1629934,NASDAQ-FSR,9489,50,9487,100,9485,150,9497,138,9499,200,9501,250
1629934,NASDAQ-GOLD,9788,30,9787,150,9786,150,9792,46,9793,200,9794,250
1629934,NASDAQ-HT,10889,100,10888,50,10886,100,10892,50,10894,100,10896,150
1629934,NASDAQ-INA,10865,50,10863,100,10861,150,10869,50,10871,100,10873,150
1629934,NASDAQ-KOTD,8540,145,8538,50,8536,100,8542,50,8544,100,8546,150
1629934,NASDAQ-NGUP,7178,50,7176,100,7174,150,7186,145,7188,200,7190,250
1629934,NASDAQ-SIMP,9944,62,9925,84,9910,72,9954,250,9958,144,9959,30
1629934,NASDAQ-ZITO,8062,35,8061,100,8060,150,8064,50,8065,100,8066,150
1630242,NASDAQ-CARD,11524,89,11523,200,11522,250,11528,50,11529,100,11530,150
1630242,NASDAQ-DLKV,10177,50,10175,100,10173,150,10181,50,10183,100,10185,150
1630242,NASDAQ-ETFB,11816,50,11814,100,11812,150,11817,59,11820,50,11822,100
1630242,NASDAQ-ETFB3,9870,50,9869,100,9868,150,9872,50,9873,125,9874,150
1630242,NASDAQ-FSR,9470,50,9468,100,9466,150,9478,50,9480,200,9482,250
1630242,NASDAQ-GOLD,9803,50,9802,100,9801,150,9805,50,9806,100,9807,150
1630242,NASDAQ-HT,10900,200,10898,250,10892,100,10910,50,10912,100,10914,150
1630242,NASDAQ-INA,10853,60,10852,100,10851,100,10857,25,10859,100,10861,150
1630242,NASDAQ-KOTD,8523,80,8522,50,8521,10,8526,50,8528,100,8530,150
1630242,NASDAQ-NGUP,7181,88,7179,200,7177,250,7189,50,7191,100,7193,150
1630242,NASDAQ-SIMP,9919,40,9918,150,9917,200,9925,136,9926,250,9958,144
1630242,NASDAQ-ZITO,8071,40,8070,150,8069,200,8074,50,8075,100,8076,150
1630506,NASDAQ-CARD,11527,100,11526,150,11525,200,11530,50,11531,100,11532,150
1630506,NASDAQ-DLKV,10175,50,10173,100,10171,150,10179,50,10181,100,10183,150
1630506,NASDAQ-ETFB,11812,150,11810,200,11808,250,11820,50,11822,100,11824,150
1630506,NASDAQ-ETFB3,9868,100,9867,200,9866,250,9873,125,9874,150,9875,200
1630506,NASDAQ-FSR,9502,50,9500,100,9498,150,9506,50,9508,100,9510,150
1630506,NASDAQ-GOLD,9811,200,9810,250,9787,50,9816,50,9817,100,9818,150
1630506,NASDAQ-HT,10922,200,10920,250,10899,20,10932,50,10934,100,10936,150
1630506,NASDAQ-INA,10863,30,10861,100,10859,150,10867,50,10869,100,10871,150
1630506,NASDAQ-KOTD,8547,200,8545,250,8523,80,8557,50,8559,100,8561,150
1630506,NASDAQ-NGUP,7182,200,7180,250,7127,1,7189,1,7192,50,7194,100
1630506,NASDAQ-SIMP,9911,50,9910,172,9909,150,9914,14,9915,150,9916,200
1630506,NASDAQ-ZITO,8066,50,8065,100,8064,150,8068,50,8069,100,8070,150
1630764,NASDAQ-CARD,11531,127,11530,200,11529,250,11535,50,11536,100,11537,150
1630764,NASDAQ-DLKV,10180,50,10178,100,10176,150,10186,100,10188,150,10190,200
1630764,NASDAQ-ETFB,11812,20,11810,150,11808,200,11820,69,11822,150,11824,200
1630764,NASDAQ-ETFB3,9875,58,9874,150,9873,200,9878,43,9879,100,9880,150
1630764,NASDAQ-FSR,9501,115,9499,200,9497,250,9513,50,9515,200,9517,250
1630764,NASDAQ-GOLD,9831,25,9830,100,9829,150,9833,50,9834,100,9835,150
1630764,NASDAQ-HT,10912,50,10910,150,10908,150,10918,100,10920,150,10922,240
1630764,NASDAQ-INA,10840,50,10838,100,10836,150,10846,30,10848,150,10850,200
1630764,NASDAQ-KOTD,8514,50,8513,20,8512,100,8522,130,8524,200,8526,250
1630764,NASDAQ-NGUP,7161,50,7159,100,7157,150,7167,69,7169,150,7171,200
1630764,NASDAQ-SIMP,9878,216,9877,108,9876,11,9933,50,9934,100,9935,150
1630764,NASDAQ-ZITO,8061,50,8060,100,8059,150,8064,70,8065,150,8066,200
1630910,NASDAQ-CARD,11520,50,11519,100,11518,150,11522,50,11523,100,11524,150
1630910,NASDAQ-DLKV,10185,50,10183,100,10181,150,10189,50,10191,100,10193,150
1630910,NASDAQ-ETFB,11829,50,11827,100,11825,150,11833,50,11835,100,11837,150
1630910,NASDAQ-ETFB3,9884,50,9883,100,9882,150,9886,43,9887,100,9888,150
1630910,NASDAQ-FSR,9492,50,9490,100,9488,150,9498,30,9500,150,9502,200
1630910,NASDAQ-GOLD,9841,100,9840,150,9839,200,9844,50,9845,100,9846,150
1630910,NASDAQ-HT,10911,50,10910,50,10909,100,10919,75,10921,200,10922,40
1630910,NASDAQ-INA,10835,50,10833,50,10831,100,10837,50,10839,100,10841,150
1630910,NASDAQ-KOTD,8513,120,8511,150,8509,200,8519,50,8521,100,8523,150
1630910,NASDAQ-NGUP,7155,50,7153,100,7151,150,7159,30,7161,100,7163,150
1630910,NASDAQ-SIMP,9904,50,9903,100,9902,150,9909,78,9910,250,9953,144
1630910,NASDAQ-ZITO,8059,50,8058,100,8057,170,8061,50,8062,100,8063,150
1631175,NASDAQ-CARD,11360,50,11359,100,11358,150,11362,50,11363,100,11364,150
1631175,NASDAQ-DLKV,10190,90,10188,150,10186,214,10196,50,10198,100,10200,150
1631175,NASDAQ-ETFB,11827,100,11825,150,11823,200,11835,100,11837,150,11839,200
1631175,NASDAQ-ETFB3,9884,50,9883,100,9882,150,9886,50,9887,100,9888,150
1631175,NASDAQ-FSR,9500,75,9498,150,9496,200,9506,50,9508,100,9510,150
1631175,NASDAQ-GOLD,9835,50,9834,100,9833,150,9838,25,9839,150,9840,200
1631175,NASDAQ-HT,10933,25,10931,150,10929,200,10939,50,10941,100,10943,150
1631175,NASDAQ-INA,10795,50,10793,100,10791,150,10799,30,10801,100,10803,150
1631175,NASDAQ-KOTD,8500,50,8498,100,8496,150,8504,50,8506,100,8508,150
1631175,NASDAQ-NGUP,7134,50,7132,100,7130,150,7138,50,7140,100,7142,150
1631175,NASDAQ-SIMP,9907,50,9906,150,9905,200,9911,100,9912,150,9913,200
1631175,NASDAQ-ZITO,8061,50,8060,100,8059,150,8063,50,8064,100,8065,150
1631497,NASDAQ-CARD,11338,50,11337,100,11336,150,11340,20,11341,100,11342,150
1631497,NASDAQ-DLKV,10161,50,10159,100,10157,150,10165,50,10167,100,10169,150
1631497,NASDAQ-ETFB,11836,144,11834,200,11832,250,11844,49,11846,100,11848,150
1631497,NASDAQ-ETFB3,9885,46,9884,200,9883,250,9889,50,9890,100,9891,150
1631497,NASDAQ-FSR,9483,50,9481,100,9479,150,9489,65,9491,150,9493,200
1631497,NASDAQ-GOLD,9865,50,9864,100,9863,150,9867,50,9868,100,9869,150
1631497,NASDAQ-HT,10877,20,10876,10,10875,200,10885,120,10887,250,10933,50
1631497,NASDAQ-INA,10776,50,10774,100,10772,150,10780,40,10782,100,10784,150
1631497,NASDAQ-KOTD,8473,50,8471,100,8469,150,8477,21,8479,100,8481,150
1631497,NASDAQ-NGUP,7098,50,7096,100,7094,150,7102,30,7104,100,7106,150
1631497,NASDAQ-SIMP,9923,135,9922,250,9908,108,9928,50,9929,100,9930,150
1631497,NASDAQ-ZITO,8052,50,8051,100,8050,150,8054,50,8055,100,8056,150
1631809,NASDAQ-CARD,11325,50,11324,100,11323,150,11519,10,11529,36,11545,20
1631809,NASDAQ-DLKV,10159,50,10157,100,10155,150,10163,50,10165,100,10167,170
1631809,NASDAQ-ETFB,11840,1,11838,100,11836,150,11844,1,11846,100,11848,150
1631809,NASDAQ-ETFB3,9886,96,9885,150,9884,200,9890,100,9891,150,9892,200
1631809,NASDAQ-FSR,9509,63,9507,250,9478,50,9519,50,9521,100,9523,150
1631809,NASDAQ-GOLD,9854,50,9853,100,9852,150,9859,154,9860,250,9891,7
1631809,NASDAQ-HT,10925,30,10923,150,10921,200,10931,50,10933,150,10935,150
1631809,NASDAQ-INA,10806,10,10804,100,10802,150,10810,50,10812,100,10814,150
1631809,NASDAQ-KOTD,8494,90,8492,150,8490,200,8500,50,8502,100,8504,150
1631809,NASDAQ-NGUP,7100,90,7098,200,7096,250,7108,50,7110,100,7112,150
1631809,NASDAQ-SIMP,9922,165,9921,250,9908,144,9930,173,9931,250,9953,3
1631809,NASDAQ-ZITO,8047,20,8046,50,8045,100,8049,90,8050,150,8051,200
1632141,NASDAQ-CARD,11514,50,11513,150,11512,200,11519,70,11520,200,11521,250
1632141,NASDAQ-DLKV,10173,50,10171,100,10169,150,10177,50,10179,100,10181,150
1632141,NASDAQ-ETFB,11816,50,11814,100,11812,150,11820,49,11822,100,11824,150
1632141,NASDAQ-ETFB3,9854,50,9853,100,9852,150,9857,50,9858,150,9859,200
1632141,NASDAQ-FSR,9474,20,9471,20,9458,20,9528,50,9530,100,9532,150
1632141,NASDAQ-GOLD,9863,30,9862,100,9861,150,9865,50,9866,100,9867,150
1632141,NASDAQ-HT,10910,50,10908,100,10906,150,10920,200,10922,250,10930,80
1632141,NASDAQ-INA,10806,10,10804,100,10802,150,10810,10,10812,100,10814,150
1632141,NASDAQ-KOTD,8498,75,8496,200,8494,250,8506,50,8508,100,8510,150
1632141,NASDAQ-NGUP,7111,30,7109,100,7107,150,7117,100,7119,150,7121,200
1632141,NASDAQ-SIMP,9927,20,9926,250,9924,20,9934,135,9935,200,9936,250
1632141,NASDAQ-ZITO,8049,50,8048,150,8047,200,8052,50,8053,100,8054,150
1632449,NASDAQ-CARD,11495,50,11494,100,11493,150,11498,50,11499,150,11500,200
1632449,NASDAQ-DLKV,10152,50,10150,100,10148,150,10156,50,10158,100,10160,150
1632449,NASDAQ-ETFB,11790,50,11788,100,11786,150,11794,1,11796,100,11798,150
1632449,NASDAQ-ETFB3,9851,48,9850,150,9849,200,9854,50,9855,100,9856,150
1632449,NASDAQ-FSR,9573,80,9571,150,9569,200,9579,60,9580,50,9581,100
1632449,NASDAQ-GOLD,9873,50,9872,100,9871,150,9875,50,9876,100,9877,150
1632449,NASDAQ-HT,10888,50,10886,100,10884,150,10892,50,10894,100,10896,150
1632449,NASDAQ-INA,10823,54,10821,150,10819,200,10829,50,10831,100,10833,150
1632449,NASDAQ-KOTD,8514,50,8512,100,8510,150,8518,50,8519,30,8520,100
1632449,NASDAQ-NGUP,7129,50,7127,100,7125,150,7133,50,7135,100,7137,150
1632449,NASDAQ-SIMP,9923,50,9922,100,9921,150,9928,140,9929,250,9953,3
1632449,NASDAQ-ZITO,8042,50,8041,100,8040,150,8045,83,8046,150,8047,200
1632736,NASDAQ-CARD,11528,64,11527,200,11526,250,11532,50,11533,100,11534,150
1632736,NASDAQ-DLKV,10130,50,10128,100,10126,150,10134,50,10136,100,10138,150
1632736,NASDAQ-ETFB,11796,100,11794,150,11792,200,11802,50,11804,100,11806,150
1632736,NASDAQ-ETFB3,9844,50,9843,100,9842,150,9847,92,9848,150,9849,200
1632736,NASDAQ-FSR,9560,50,9558,100,9556,150,9564,50,9566,100,9568,150
1632736,NASDAQ-GOLD,9900,50,9899,100,9898,150,9902,50,9903,100,9904,150
1632736,NASDAQ-HT,10887,50,10885,100,10883,150,10895,115,10897,200,10899,250
1632736,NASDAQ-INA,10784,50,10782,100,10780,150,10788,30,10790,100,10792,150
1632736,NASDAQ-KOTD,8491,50,8489,100,8488,20,8495,50,8497,100,8499,150
1632736,NASDAQ-NGUP,7128,50,7126,100,7124,150,7132,50,7133,1,7134,100
1632736,NASDAQ-SIMP,9961,152,9928,36,9908,144,9964,37,9967,50,9968,100
1632736,NASDAQ-ZITO,8036,20,8035,50,8034,100,8037,19,8038,100,8039,150
1633035,NASDAQ-CARD,11260,50,11259,100,11258,150,11265,78,11266,250,11545,20
1633035,NASDAQ-DLKV,10126,50,10124,100,10122,150,10130,10,10132,100,10134,150
1633035,NASDAQ-ETFB,11793,100,11791,150,11789,200,11801,100,11803,150,11805,200
1633035,NASDAQ-ETFB3,9863,75,9862,200,9861,250,9867,49,9868,100,9869,150
1633035,NASDAQ-FSR,9553,150,9552,14,9551,200,9561,50,9563,100,9565,150
1633035,NASDAQ-GOLD,9913,155,9849,20,9832,20,9919,50,9920,100,9921,150
1633035,NASDAQ-HT,10864,50,10862,100,10860,150,10868,30,10870,100,10872,150
1633035,NASDAQ-INA,10807,50,10805,100,10803,150,10811,50,10813,100,10815,150
1633035,NASDAQ-KOTD,8500,140,8483,20,8477,80,8512,50,8514,100,8516,150
1633035,NASDAQ-NGUP,7119,50,7117,100,7115,150,7123,43,7125,100,7127,150
1633035,NASDAQ-SIMP,9947,118,9946,250,9928,36,9956,65,9975,41,9981,36
1633035,NASDAQ-ZITO,8044,40,8043,100,8042,150,8046,50,8047,100,8048,150
1633331,NASDAQ-CARD,11245,50,11244,100,11243,150,11248,50,11249,150,11250,200
1633331,NASDAQ-DLKV,10125,50,10123,100,10121,150,10129,50,10131,100,10133,150
1633331,NASDAQ-ETFB,11787,50,11785,100,11783,150,11793,50,11795,150,11797,200
1633331,NASDAQ-ETFB3,9846,50,9845,100,9844,150,9848,1,9849,100,9850,150
1633331,NASDAQ-FSR,9551,81,9549,250,9532,18,9561,50,9563,100,9565,150
1633331,NASDAQ-GOLD,9906,50,9905,100,9904,150,9908,25,9909,100,9910,150
1633331,NASDAQ-HT,10862,50,10860,100,10858,150,10868,90,10870,150,10872,200
1633331,NASDAQ-INA,10808,50,10806,100,10804,150,10812,50,10814,100,10816,150
1633331,NASDAQ-KOTD,8483,20,8480,50,8478,100,8484,50,8486,100,8488,150
1633331,NASDAQ-NGUP,7118,50,7116,100,7114,150,7124,100,7126,150,7128,200
1633331,NASDAQ-SIMP,9945,50,9944,100,9943,150,9949,43,9950,200,9951,250
1633331,NASDAQ-ZITO,8030,50,8029,100,8028,150,8035,176,8036,250,8120,55
1633629,NASDAQ-CARD,11269,100,11268,150,11267,200,11272,50,11273,100,11274,150
1633629,NASDAQ-DLKV,10110,50,10108,100,10106,150,10114,50,10116,100,10118,150
1633629,NASDAQ-ETFB,11785,50,11783,150,11781,200,11791,50,11793,100,11795,150
1633629,NASDAQ-ETFB3,9832,50,9831,100,9830,150,9834,50,9835,100,9836,150
1633629,NASDAQ-FSR,9565,111,9563,250,9474,20,9573,64,9575,50,9577,100
1633629,NASDAQ-GOLD,9888,50,9887,100,9886,150,9890,50,9891,100,9892,150
1633629,NASDAQ-HT,10858,100,10856,150,10854,200,10864,50,10866,100,10868,180
1633629,NASDAQ-INA,10805,100,10803,150,10801,200,10813,3,10815,150,10817,200
1633629,NASDAQ-KOTD,8489,50,8487,100,8485,150,8493,50,8495,100,8497,150
1633629,NASDAQ-NGUP,7144,20,7142,100,7140,150,7148,50,7150,100,7152,150
1633629,NASDAQ-SIMP,9966,153,9948,1,9928,36,9972,50,9973,100,9974,150
1633629,NASDAQ-ZITO,8001,70,8000,100,7999,150,8005,61,8006,200,8007,250
1633941,NASDAQ-CARD,11277,54,11276,150,11275,200,11280,50,11281,100,11282,150
1633941,NASDAQ-DLKV,10114,50,10112,100,10110,150,10118,50,10120,100,10122,150
1633941,NASDAQ-ETFB,11722,50,11720,100,11718,150,11728,88,11730,150,11732,200
1633941,NASDAQ-ETFB3,9820,50,9819,100,9818,150,9822,44,9823,100,9824,150
1633941,NASDAQ-FSR,9560,200,9558,250,9474,20,9564,10,9565,50,9570,50
1633941,NASDAQ-GOLD,9873,50,9872,100,9871,150,9875,50,9876,100,9877,150
1633941,NASDAQ-HT,10857,150,10855,200,10853,250,10865,50,10867,100,10869,150
1633941,NASDAQ-INA,10795,50,10793,100,10791,150,10799,50,10801,100,10803,150
1633941,NASDAQ-KOTD,8493,80,8491,50,8489,100,8495,50,8497,100,8499,150
1633941,NASDAQ-NGUP,7144,158,7142,250,7116,20,7154,50,7155,2,7156,100
1633941,NASDAQ-SIMP,9981,115,9980,250,9967,72,9986,50,9987,100,9988,150
1633941,NASDAQ-ZITO,8006,10,8005,150,8004,100,8008,100,8009,150,8010,200
1634224,NASDAQ-CARD,11318,50,11317,100,11316,150,11320,50,11321,100,11322,150
1634224,NASDAQ-DLKV,10092,50,10090,100,10088,150,10096,50,10098,100,10100,150
1634224,NASDAQ-ETFB,11728,80,11722,50,11720,100,11730,150,11732,200,11734,250
1634224,NASDAQ-ETFB3,9821,50,9820,100,9819,150,9823,50,9824,100,9825,150
1634224,NASDAQ-FSR,9552,150,9550,200,9548,250,9560,50,9562,100,9564,160
1634224,NASDAQ-GOLD,9892,40,9891,150,9890,200,9895,50,9896,100,9897,150
1634224,NASDAQ-HT,10847,50,10845,100,10844,20,10851,50,10853,100,10855,150
1634224,NASDAQ-INA,10796,38,10794,100,10792,150,10800,50,10802,100,10804,150
1634224,NASDAQ-KOTD,8497,50,8495,180,8493,230,8501,50,8503,100,8505,150
1634224,NASDAQ-NGUP,7136,50,7134,100,7132,150,7140,50,7142,100,7143,10
1634224,NASDAQ-SIMP,10014,13,9982,180,9924,72,10020,49,10021,100,10022,221
1634224,NASDAQ-ZITO,8016,50,8015,100,8014,150,8018,50,8019,100,8020,150
1634520,NASDAQ-CARD,11350,121,11349,200,11348,250,11354,50,11355,100,11356,150
1634520,NASDAQ-DLKV,10096,40,10094,100,10092,150,10100,50,10102,100,10104,150
1634520,NASDAQ-ETFB,11722,50,11720,100,11718,150,11730,150,11732,200,11734,250
1634520,NASDAQ-ETFB3,9820,100,9819,150,9818,200,9821,25,9824,100,9825,150
1634520,NASDAQ-FSR,9577,49,9575,200,9573,250,9580,50,9585,50,9587,100
1634520,NASDAQ-GOLD,9879,50,9878,100,9877,150,9881,50,9882,100,9883,150
1634520,NASDAQ-HT,10866,160,10864,250,10851,80,10876,50,10878,100,10880,150
1634520,NASDAQ-INA,10775,50,10773,100,10771,150,10781,41,10783,150,10785,200
1634520,NASDAQ-KOTD,8493,80,8490,50,8488,100,8494,12,8496,100,8498,150
1634520,NASDAQ-NGUP,7153,147,7151,200,7149,250,7158,2,7160,2,7161,51
1634520,NASDAQ-SIMP,9993,42,9992,250,9924,72,10001,140,10002,250,10019,144
1634520,NASDAQ-ZITO,8020,50,8019,110,8018,200,8022,50,8023,100,8024,150
1634838,NASDAQ-CARD,11351,141,11350,200,11349,250,11356,50,11357,150,11358,200
1634838,NASDAQ-DLKV,10095,100,10093,150,10091,200,10101,50,10103,100,10105,150
1634838,NASDAQ-ETFB,11723,142,11721,255,11719,250,11731,50,11733,100,11735,150
1634838,NASDAQ-ETFB3,9824,50,9823,100,9822,150,9826,50,9827,100,9828,150
1634838,NASDAQ-FSR,9556,50,9554,100,9552,150,9560,50,9562,100,9564,150
1634838,NASDAQ-GOLD,9876,126,9849,20,9832,20,9885,200,9886,250,9892,20
1634838,NASDAQ-HT,10838,50,10836,100,10834,150,10844,30,10846,150,10848,200
1634838,NASDAQ-INA,10796,74,10794,150,10792,200,10802,50,10804,100,10806,150
1634838,NASDAQ-KOTD,8484,80,8483,165,8481,50,8489,11,8491,200,8493,250
1634838,NASDAQ-NGUP,7145,50,7143,100,7141,150,7149,50,7151,100,7153,150
1634838,NASDAQ-SIMP,9964,20,9924,72,9908,144,10019,216,10020,50,10021,100
1634838,NASDAQ-ZITO,8035,80,8034,200,8033,250,8039,50,8040,100,8041,150
1635151,NASDAQ-CARD,11170,50,11169,100,11168,150,11176,163,11353,80,11355,108
1635151,NASDAQ-DLKV,10071,50,10069,100,10067,150,10075,48,10077,100,10079,150
1635151,NASDAQ-ETFB,11723,86,11721,255,11719,250,11733,100,11735,150,11737,200
1635151,NASDAQ-ETFB3,9815,50,9814,100,9813,150,9818,100,9819,150,9820,200
1635151,NASDAQ-FSR,9550,150,9548,250,9539,20,9560,50,9562,100,9564,150
1635151,NASDAQ-GOLD,9849,20,9848,50,9847,100,9851,100,9852,150,9853,200
1635151,NASDAQ-HT,10829,50,10827,100,10825,150,10833,30,10835,100,10837,150
1635151,NASDAQ-INA,10795,10,10793,150,10791,200,10801,23,10803,100,10805,150
1635151,NASDAQ-KOTD,8504,30,8502,100,8500,150,8508,50,8510,100,8512,150
1635151,NASDAQ-NGUP,7157,47,7155,150,7153,200,7163,50,7164,2,7165,100
1635151,NASDAQ-SIMP,9964,20,9924,72,9908,144,10022,71,10023,50,10024,100
1635151,NASDAQ-ZITO,8038,50,8037,100,8036,150,8041,13,8042,150,8043,200
1635453,NASDAQ-CARD,11188,55,11187,150,11186,200,11191,50,11192,100,11193,150
1635453,NASDAQ-DLKV,10079,50,10077,100,10075,310,10085,100,10087,150,10089,200
1635453,NASDAQ-ETFB,11728,50,11726,100,11724,150,11734,100,11736,150,11738,200
1635453,NASDAQ-ETFB3,9814,100,9813,150,9812,200,9817,50,9818,100,9819,150
1635453,NASDAQ-FSR,9548,123,9546,250,9539,20,9558,25,9560,100,9562,150
1635453,NASDAQ-GOLD,9841,50,9840,100,9839,150,9844,75,9845,150,9846,200
1635453,NASDAQ-HT,10819,50,10817,120,10815,150,10829,191,10831,250,10865,30
1635453,NASDAQ-INA,10797,25,10795,100,10793,150,10801,2,10803,100,10805,150
1635453,NASDAQ-KOTD,8519,85,8517,150,8515,200,8525,50,8527,100,8529,150
1635453,NASDAQ-NGUP,7177,13,7175,250,7149,18,7187,50,7189,100,7191,150
1635453,NASDAQ-SIMP,10015,14,10014,200,10013,250,10022,211,10023,250,10054,272
1635453,NASDAQ-ZITO,8053,32,8052,100,8051,150,8055,50,8056,100,8057,150
1635727,NASDAQ-CARD,11153,50,11152,100,11151,150,11156,96,11157,150,11158,200
1635727,NASDAQ-DLKV,10079,50,10077,100,10075,360,10083,15,10085,100,10087,150
1635727,NASDAQ-ETFB,11696,50,11694,100,11692,150,11700,33,11702,100,11704,150
1635727,NASDAQ-ETFB3,9796,50,9795,100,9794,150,9799,100,9800,150,9801,200
1635727,NASDAQ-FSR,9547,50,9545,100,9543,150,9551,30,9553,100,9555,150
1635727,NASDAQ-GOLD,9837,30,9836,100,9835,150,9840,90,9841,150,9842,200
1635727,NASDAQ-HT,10798,50,10796,100,10794,150,10804,53,10806,150,10808,200
1635727,NASDAQ-INA,10794,100,10792,150,10791,20,10800,50,10802,100,10804,150
1635727,NASDAQ-KOTD,8483,165,8481,50,8479,120,8485,5,8487,100,8489,150
1635727,NASDAQ-NGUP,7153,50,7151,100,7149,168,7157,30,7159,100,7161,150
1635727,NASDAQ-SIMP,10010,50,10009,100,10008,150,10015,180,10016,250,10022,11
1635727,NASDAQ-ZITO,8041,25,8040,100,8039,150,8043,15,8044,100,8045,150
1636015,NASDAQ-CARD,11172,130,11171,200,11170,250,11175,180,11176,50,11177,100
1636015,NASDAQ-DLKV,10057,50,10055,100,10053,150,10061,50,10063,100,10065,150
1636015,NASDAQ-ETFB,11694,100,11692,150,11690,200,11700,30,11702,100,11704,150
1636015,NASDAQ-ETFB3,9795,100,9794,150,9793,200,9798,50,9799,100,9800,150
1636015,NASDAQ-FSR,9530,50,9528,100,9526,150,9536,80,9538,150,9540,200
1636015,NASDAQ-GOLD,9852,80,9851,150,9850,200,9855,50,9856,100,9857,150
1636015,NASDAQ-HT,10810,20,10808,100,10806,150,10814,50,10816,100,10818,150
1636015,NASDAQ-INA,10789,100,10787,150,10785,200,10795,50,10797,100,10799,170
1636015,NASDAQ-KOTD,8487,30,8486,10,8485,180,8491,50,8493,100,8495,150
1636015,NASDAQ-NGUP,7139,50,7137,100,7135,150,7143,50,7145,100,7147,150
1636015,NASDAQ-SIMP,9986,19,9985,50,9984,100,9990,130,9991,250,10014,9
1636015,NASDAQ-ZITO,8014,50,8013,100,8012,150,8018,20,8019,200,8020,250
1636311,NASDAQ-CARD,11197,30,11196,100,11195,150,11199,50,11200,100,11201,150
1636311,NASDAQ-DLKV,10052,50,10050,100,10048,150,10064,250,10094,5,10109,10
1636311,NASDAQ-ETFB,11702,50,11700,120,11698,150,11706,50,11708,100,11710,150
1636311,NASDAQ-ETFB3,9795,100,9794,150,9793,200,9799,100,9800,150,9801,200
1636311,NASDAQ-FSR,9532,146,9506,20,9474,20,9544,50,9546,100,9548,150
1636311,NASDAQ-GOLD,9831,70,9830,100,9829,150,9836,170,9837,250,9845,20
1636311,NASDAQ-HT,10814,50,10810,50,10808,100,10820,150,10822,250,10865,30
1636311,NASDAQ-INA,10739,20,10736,50,10734,100,10744,140,10746,200,10748,250
1636311,NASDAQ-KOTD,8485,70,8483,145,8481,50,8489,150,8491,200,8493,250
1636311,NASDAQ-NGUP,7139,11,7137,150,7135,200,7145,50,7147,100,7149,150
1636311,NASDAQ-SIMP,10021,223,9990,64,9987,36,10027,50,10028,100,10029,150
1636311,NASDAQ-ZITO,8013,190,8012,250,8008,50,8021,200,8022,250,8043,30
1636611,NASDAQ-CARD,11175,50,11174,100,11173,294,11178,100,11179,150,11180,200
1636611,NASDAQ-DLKV,10034,50,10032,100,10030,150,10044,45,10046,250,10094,5
1636611,NASDAQ-ETFB,11710,90,11708,150,11706,200,11716,50,11718,100,11720,150
1636611,NASDAQ-ETFB3,9795,50,9794,150,9793,200,9799,42,9800,150,9801,200
1636611,NASDAQ-FSR,9524,50,9522,100,9520,150,9528,50,9530,100,9532,150
1636611,NASDAQ-GOLD,9841,130,9840,250,9831,20,9846,50,9847,100,9848,150
1636611,NASDAQ-HT,10796,20,10791,50,10789,100,10797,59,10799,150,10801,200
1636611,NASDAQ-INA,10712,50,10710,100,10708,150,10716,50,10718,100,10720,150
1636611,NASDAQ-KOTD,8472,20,8470,20,8469,50,8475,81,8477,150,8479,200
1636611,NASDAQ-NGUP,7136,50,7134,100,7132,150,7140,50,7142,100,7144,150
1636611,NASDAQ-SIMP,9989,48,9988,200,9987,286,9996,119,9997,250,10021,100
1636611,NASDAQ-ZITO,7998,50,7997,100,7996,150,8003,120,8004,250,8043,30
1636900,NASDAQ-CARD,11136,50,11135,100,11134,150,11140,61,11141,200,11142,250
1636900,NASDAQ-DLKV,10032,50,10030,100,10028,150,10040,13,10042,200,10044,250
1636900,NASDAQ-ETFB,11715,50,11713,100,11711,150,11719,50,11721,100,11723,150
1636900,NASDAQ-ETFB3,9786,50,9785,100,9784,150,9789,99,9790,150,9791,200
1636900,NASDAQ-FSR,9566,70,9564,150,9562,200,9572,50,9574,100,9576,160
1636900,NASDAQ-GOLD,9857,50,9856,100,9855,150,9859,50,9860,100,9861,150
1636900,NASDAQ-HT,10798,50,10796,100,10794,150,10802,50,10804,100,10806,150
1636900,NASDAQ-INA,10706,50,10704,100,10702,150,10710,50,10712,100,10714,150
1636900,NASDAQ-KOTD,8454,50,8453,20,8452,100,8460,55,8462,150,8464,200
1636900,NASDAQ-NGUP,7139,48,7137,150,7135,200,7145,50,7147,102,7149,150
1636900,NASDAQ-SIMP,10004,174,9987,36,9965,324,10010,50,10011,100,10012,150
1636900,NASDAQ-ZITO,7981,50,7980,100,7979,150,7984,14,7985,150,7986,200
1637203,NASDAQ-CARD,11096,50,11095,100,11094,150,11098,50,11099,100,11100,150
1637203,NASDAQ-DLKV,10028,50,10026,100,10024,150,10036,77,10038,200,10040,250
1637203,NASDAQ-ETFB,11724,50,11722,100,11720,150,11728,44,11730,100,11732,150
1637203,NASDAQ-ETFB3,9792,8,9791,100,9790,150,9794,50,9795,100,9796,150
1637203,NASDAQ-FSR,9580,38,9578,150,9576,200,9586,50,9588,100,9589,60
1637203,NASDAQ-GOLD,9865,50,9864,100,9863,150,9867,50,9868,100,9869,150
1637203,NASDAQ-HT,10792,50,10790,100,10788,150,10798,29,10800,150,10802,200
1637203,NASDAQ-INA,10697,50,10695,100,10693,150,10699,20,10701,50,10703,100
1637203,NASDAQ-KOTD,8452,50,8450,100,8448,150,8458,37,8460,150,8462,200
1637203,NASDAQ-NGUP,7128,50,7127,10,7126,100,7132,50,7134,100,7136,150
1637203,NASDAQ-SIMP,9965,38,9964,20,9939,20,10025,50,10026,100,10027,150
1637203,NASDAQ-ZITO,7980,50,7979,100,7978,150,7985,165,7986,250,8055,200
1637488,NASDAQ-CARD,11087,50,11086,100,11085,150,11089,40,11090,100,11091,150
1637488,NASDAQ-DLKV,10018,50,10016,100,10014,150,10022,50,10024,100,10026,150
1637488,NASDAQ-ETFB,11709,50,11707,100,11705,150,11713,6,11715,100,11717,150
1637488,NASDAQ-ETFB3,9800,1,9799,100,9798,150,9802,50,9803,100,9804,150
1637488,NASDAQ-FSR,9549,50,9547,100,9545,150,9555,90,9557,150,9559,200
1637488,NASDAQ-GOLD,9863,50,9862,100,9861,150,9865,41,9866,100,9867,150
1637488,NASDAQ-HT,10781,50,10779,100,10777,150,10785,20,10787,100,10789,150
1637488,NASDAQ-INA,10712,30,10710,100,10708,150,10716,50,10718,100,10720,150
1637488,NASDAQ-KOTD,8454,11,8452,200,8450,250,8466,150,8468,200,8470,250
1637488,NASDAQ-NGUP,7112,50,7111,20,7110,100,7116,40,7118,100,7120,150
1637488,NASDAQ-SIMP,10017,20,10016,150,10015,200,10022,6,10023,200,10024,394
1637488,NASDAQ-ZITO,7988,20,7987,100,7986,150,7992,150,7993,200,7994,250
1637784,NASDAQ-CARD,11084,50,11083,100,11082,150,11086,50,11087,100,11088,150
1637784,NASDAQ-DLKV,9995,50,9994,100,9993,150,9999,19,10000,200,10001,250
1637784,NASDAQ-ETFB,11706,6,11704,100,11702,150,11710,50,11712,100,11714,150
1637784,NASDAQ-ETFB3,9799,100,9798,150,9797,200,9803,100,9804,150,9805,200
1637784,NASDAQ-FSR,9544,50,9542,100,9540,150,9548,50,9550,100,9552,150
1637784,NASDAQ-GOLD,9855,50,9854,100,9853,150,9859,129,9860,200,9861,250
1637784,NASDAQ-HT,10762,50,10760,100,10758,150,10774,87,10814,60,10865,30
1637784,NASDAQ-INA,10762,30,10760,150,10758,200,10768,50,10770,100,10772,150
1637784,NASDAQ-KOTD,8468,63,8466,150,8464,200,8474,50,8476,100,8478,150
1637784,NASDAQ-NGUP,7128,100,7126,150,7124,200,7134,51,7136,100,7138,160
1637784,NASDAQ-SIMP,9966,105,9965,38,9964,20,10021,36,10035,50,10036,100
1637784,NASDAQ-ZITO,7977,50,7976,100,7975,150,7983,48,8055,200,8120,55
1638096,NASDAQ-CARD,10849,50,10848,100,10847,150,10855,228,11135,10,11136,30
1638096,NASDAQ-DLKV,9986,50,9985,100,9984,150,10028,160,10094,5,10109,10
1638096,NASDAQ-ETFB,11701,7,11696,50,11694,100,11702,100,11704,150,11706,200
1638096,NASDAQ-ETFB3,9767,50,9766,100,9765,160,9769,50,9770,100,9771,150
1638096,NASDAQ-FSR,9514,50,9512,100,9510,150,9518,30,9520,100,9522,150
1638096,NASDAQ-GOLD,9898,30,9897,100,9896,150,9900,50,9901,100,9902,150
1638096,NASDAQ-HT,10767,50,10765,100,10763,150,10771,40,10773,100,10775,150
1638096,NASDAQ-INA,10717,50,10715,100,10713,150,10721,50,10723,100,10725,150
1638096,NASDAQ-KOTD,8464,50,8462,100,8460,150,8468,50,8470,100,8472,150
1638096,NASDAQ-NGUP,7114,20,7111,70,7109,100,7115,38,7117,100,7119,150
1638096,NASDAQ-SIMP,10040,50,10039,100,10038,150,10042,50,10043,100,10044,150
1638096,NASDAQ-ZITO,7972,50,7971,100,7970,150,7974,50,7975,100,7976,150
1638413,NASDAQ-CARD,10813,50,10812,100,10811,150,10818,82,10819,250,10848,10
1638413,NASDAQ-DLKV,9989,54,9988,150,9987,200,9995,128,9996,250,10002,20
1638413,NASDAQ-ETFB,11694,44,11692,150,11690,200,11702,50,11703,58,11704,150
1638413,NASDAQ-ETFB3,9763,50,9762,100,9761,150,9765,50,9766,100,9767,150
1638413,NASDAQ-FSR,9514,50,9512,100,9510,150,9526,160,9553,20,9566,50
1638413,NASDAQ-GOLD,9872,85,9871,150,9870,200,9875,25,9876,100,9877,150
1638413,NASDAQ-HT,10740,50,10739,20,10738,100,10748,110,10750,200,10752,250
1638413,NASDAQ-INA,10709,20,10707,100,10705,150,10713,30,10715,100,10717,150
1638413,NASDAQ-KOTD,8452,100,8450,150,8448,200,8460,10,8462,150,8464,200
1638413,NASDAQ-NGUP,7143,20,7141,100,7139,150,7147,53,7149,100,7151,150
1638413,NASDAQ-SIMP,10028,7,10027,250,9967,155,10033,20,10034,100,10035,150
1638413,NASDAQ-ZITO,7978,110,7977,200,7976,250,7984,108,7985,200,7986,250
1638747,NASDAQ-CARD,10826,100,10825,250,10814,4,10834,140,10835,250,10848,10
1638747,NASDAQ-DLKV,9996,10,9992,50,9991,100,9998,20,10094,5,10109,10
1638747,NASDAQ-ETFB,11716,50,11714,100,11712,150,11720,50,11722,100,11724,150
1638747,NASDAQ-ETFB3,9762,41,9761,150,9760,200,9765,43,9766,100,9767,150
1638747,NASDAQ-FSR,9500,50,9498,100,9496,150,9504,50,9506,100,9507,20
1638747,NASDAQ-GOLD,9928,25,9927,100,9926,150,9930,50,9931,100,9932,150
1638747,NASDAQ-HT,10725,50,10723,100,10721,150,10771,28,10783,83,10865,30
1638747,NASDAQ-INA,10688,50,10686,100,10684,150,10694,72,10696,150,10698,200
1638747,NASDAQ-KOTD,8444,200,8442,270,8412,20,8454,12,8456,100,8458,150
1638747,NASDAQ-NGUP,7142,100,7140,150,7138,200,7148,50,7150,100,7152,150
1638747,NASDAQ-SIMP,10017,75,9967,155,9966,105,10023,30,10024,100,10025,150
1638747,NASDAQ-ZITO,7977,50,7976,100,7975,150,7982,150,7983,250,8055,200
1639050,NASDAQ-CARD,10608,140,10554,50,10553,100,10826,300,10862,20,11084,230
1639050,NASDAQ-DLKV,10000,200,9998,250,9964,20,10010,50,10012,100,10014,150
1639050,NASDAQ-ETFB,11710,50,11708,100,11706,150,11714,50,11716,100,11718,150
1639050,NASDAQ-ETFB3,9737,50,9736,100,9735,150,9740,98,9741,150,9742,200
1639050,NASDAQ-FSR,9504,50,9502,100,9500,150,9508,50,9510,100,9512,150
1639050,NASDAQ-GOLD,9923,50,9922,100,9921,150,9925,50,9926,100,9927,160
1639050,NASDAQ-HT,10719,50,10717,100,10715,150,10723,12,10725,100,10727,150
1639050,NASDAQ-INA,10702,30,10700,100,10698,150,10706,50,10708,100,10710,150
1639050,NASDAQ-KOTD,8441,100,8439,200,8437,250,8449,44,8451,100,8453,150
1639050,NASDAQ-NGUP,7130,50,7128,100,7126,150,7134,50,7136,100,7138,150
1639050,NASDAQ-SIMP,10019,75,10018,186,10017,200,10022,49,10023,100,10024,150
1639050,NASDAQ-ZITO,7960,50,7959,100,7958,150,7965,200,7966,250,8055,200
1639362,NASDAQ-CARD,10568,50,10567,100,10566,150,10570,50,10571,100,10572,150
1639362,NASDAQ-DLKV,10024,170,10022,250,9999,10,10034,50,10036,100,10038,150
1639362,NASDAQ-ETFB,11650,50,11648,130,11646,150,11656,90,11658,150,11660,200
1639362,NASDAQ-ETFB3,9723,46,9722,100,9721,150,9726,52,9727,150,9728,200
1639362,NASDAQ-FSR,9527,91,9525,200,9523,250,9535,50,9537,100,9539,150
1639362,NASDAQ-GOLD,9905,50,9904,100,9903,150,9908,90,9909,150,9910,200
1639362,NASDAQ-HT,10698,50,10696,100,10694,150,10783,76,10865,30,10866,100
1639362,NASDAQ-INA,10713,40,10711,100,10709,150,10717,50,10719,100,10721,150
1639362,NASDAQ-KOTD,8435,30,8433,100,8431,150,8439,40,8441,100,8443,150
1639362,NASDAQ-NGUP,7152,14,7150,100,7148,150,7156,50,7158,100,7160,150
1639362,NASDAQ-SIMP,10028,200,10027,250,10025,1,10033,50,10034,100,10035,150
1639362,NASDAQ-ZITO,7959,80,7958,150,7957,200,7964,67,7965,200,7966,250
1639533,NASDAQ-CARD,10555,50,10554,100,10553,150,10557,50,10558,100,10559,150
1639533,NASDAQ-DLKV,10014,50,10012,100,10010,150,10018,30,10020,100,10022,150
1639533,NASDAQ-ETFB,11650,3,11648,130,11646,150,11654,50,11656,100,11658,150
1639533,NASDAQ-ETFB3,9723,50,9722,100,9721,150,9725,50,9726,100,9727,150
1639533,NASDAQ-FSR,9532,50,9530,100,9528,150,9536,50,9538,100,9540,150
1639533,NASDAQ-GOLD,9924,60,9923,150,9922,200,9927,60,9928,100,9929,150
1639533,NASDAQ-HT,10718,50,10716,100,10714,150,10724,50,10726,150,10728,200
1639533,NASDAQ-INA,10672,50,10670,100,10668,150,10676,30,10678,100,10680,150
1639533,NASDAQ-KOTD,8432,50,8430,100,8428,150,8436,50,8438,100,8440,150
1639533,NASDAQ-NGUP,7147,40,7145,100,7143,150,7151,50,7153,100,7155,150
1639533,NASDAQ-SIMP,10025,1,10024,50,10023,100,10026,50,10027,100,10028,150
1639533,NASDAQ-ZITO,7966,50,7965,100,7964,150,7968,50,7969,100,7970,150
1639839,NASDAQ-CARD,10560,50,10559,100,10558,150,10562,50,10563,100,10564,150
1639839,NASDAQ-DLKV,9992,50,9991,100,9990,150,9994,50,9995,100,9996,150
1639839,NASDAQ-ETFB,11642,50,11640,100,11638,150,11646,50,11648,100,11650,150
1639839,NASDAQ-ETFB3,9725,50,9724,100,9723,150,9727,50,9728,100,9729,150
1639839,NASDAQ-FSR,9514,50,9512,100,9510,150,9518,50,9520,100,9522,150
1639839,NASDAQ-GOLD,9948,50,9947,100,9946,150,9950,50,9951,100,9952,150
1639839,NASDAQ-HT,10707,50,10705,100,10703,150,10713,15,10715,150,10717,200
1639839,NASDAQ-INA,10676,50,10674,100,10672,150,10680,50,10682,100,10684,150
1639839,NASDAQ-KOTD,8433,70,8431,150,8429,200,8434,200,8439,50,8441,150
1639839,NASDAQ-NGUP,7144,50,7142,100,7140,150,7148,50,7149,200,7150,100
1639839,NASDAQ-SIMP,10020,186,10019,200,10018,270,10024,49,10025,100,10026,150
1639839,NASDAQ-ZITO,7949,50,7948,100,7947,150,7952,50,7953,150,7954,200
1640149,NASDAQ-CARD,10366,50,10365,100,10364,150,10607,10,10608,200,10825,216
1640149,NASDAQ-DLKV,9967,50,9966,100,9965,150,9972,71,9973,250,10094,5
1640149,NASDAQ-ETFB,11638,100,11636,150,11634,200,11646,13,11648,150,11650,200
1640149,NASDAQ-ETFB3,9734,50,9733,100,9732,150,9736,46,9737,100,9738,150
1640149,NASDAQ-FSR,9489,50,9487,119,9485,150,9495,30,9497,150,9499,200
1640149,NASDAQ-GOLD,9953,177,9952,250,9925,100,9958,50,9959,100,9960,150
1640149,NASDAQ-HT,10677,50,10675,100,10673,150,10687,9,10689,250,10742,20
1640149,NASDAQ-INA,10661,50,10659,100,10657,150,10665,20,10667,100,10669,150
1640149,NASDAQ-KOTD,8417,20,8416,50,8414,100,8420,30,8422,100,8424,150
1640149,NASDAQ-NGUP,7137,50,7136,20,7135,100,7141,10,7143,100,7145,150
1640149,NASDAQ-SIMP,10036,143,10035,250,10021,36,10041,50,10042,100,10043,150
1640149,NASDAQ-ZITO,7933,50,7932,100,7931,150,7939,40,7968,200,8055,200
1640453,NASDAQ-CARD,10372,90,10371,150,10370,200,10377,107,10378,200,10379,250
1640453,NASDAQ-DLKV,9957,50,9956,100,9955,150,9962,130,9963,250,10094,5
1640453,NASDAQ-ETFB,11640,35,11638,100,11636,150,11646,70,11648,150,11650,200
1640453,NASDAQ-ETFB3,9712,50,9711,100,9710,150,9715,37,9716,150,9717,200
1640453,NASDAQ-FSR,9487,69,9485,100,9483,150,9491,50,9493,100,9495,150
1640453,NASDAQ-GOLD,9963,138,9962,200,9961,250,9967,50,9968,110,9969,250
1640453,NASDAQ-HT,10703,90,10701,150,10699,200,10713,32,10715,200,10717,250
1640453,NASDAQ-INA,10668,30,10666,100,10664,150,10672,50,10674,100,10676,150
1640453,NASDAQ-KOTD,8432,10,8430,100,8428,150,8436,50,8438,100,8440,150
1640453,NASDAQ-NGUP,7102,50,7100,100,7098,150,7106,14,7108,100,7110,150
1640453,NASDAQ-SIMP,10048,42,10037,72,10025,1,10054,322,10055,100,10056,150
1640453,NASDAQ-ZITO,7957,50,7956,100,7955,150,7959,50,7960,100,7961,150
1640761,NASDAQ-CARD,10373,108,10370,60,10367,72,10379,140,10380,250,10560,200
1640761,NASDAQ-DLKV,9925,50,9924,100,9923,150,9927,50,9928,100,9929,150
1640761,NASDAQ-ETFB,11646,45,11644,150,11642,200,11652,50,11654,100,11656,150
1640761,NASDAQ-ETFB3,9728,37,9727,150,9726,200,9731,50,9732,100,9733,150
1640761,NASDAQ-FSR,9521,30,9519,200,9517,250,9529,50,9531,100,9532,50
1640761,NASDAQ-GOLD,9958,50,9957,100,9956,150,9961,100,9962,150,9963,200
1640761,NASDAQ-HT,10661,50,10659,100,10657,150,10671,173,10673,250,10713,30
1640761,NASDAQ-INA,10633,50,10631,100,10629,170,10637,50,10639,100,10641,150
1640761,NASDAQ-KOTD,8425,100,8423,150,8421,200,8431,50,8433,100,8435,150
1640761,NASDAQ-NGUP,7118,50,7116,100,7114,150,7122,50,7124,100,7126,150
1640761,NASDAQ-SIMP,10049,36,10047,68,10046,200,10053,110,10054,472,10055,250
1640761,NASDAQ-ZITO,7952,50,7951,100,7950,150,7954,50,7955,100,7956,150
1640933,NASDAQ-CARD,10386,50,10385,100,10384,150,10388,50,10389,100,10390,150
1640933,NASDAQ-DLKV,9922,50,9921,100,9920,150,9925,100,9926,150,9927,200
1640933,NASDAQ-ETFB,11614,50,11612,100,11610,150,11618,50,11620,100,11622,150
1640933,NASDAQ-ETFB3,9708,50,9707,100,9706,150,9712,150,9713,200,9714,250
1640933,NASDAQ-FSR,9506,50,9504,100,9502,150,9510,50,9512,100,9514,150
1640933,NASDAQ-GOLD,9973,50,9972,100,9971,150,9975,50,9976,100,9977,150
1640933,NASDAQ-HT,10677,50,10675,100,10673,150,10681,50,10683,100,10685,150
1640933,NASDAQ-INA,10661,50,10659,100,10657,150,10665,50,10667,100,10669,150
1640933,NASDAQ-KOTD,8412,20,8410,50,8408,100,8416,75,8418,150,8420,200
1640933,NASDAQ-NGUP,7104,50,7102,100,7100,150,7108,50,7110,100,7112,150
1640933,NASDAQ-SIMP,10060,19,10059,200,10058,250,10064,50,10065,100,10066,150
1640933,NASDAQ-ZITO,7929,50,7928,100,7927,150,7932,100,7933,150,7934,200
1641226,NASDAQ-CARD,10340,50,10339,100,10338,150,10342,50,10343,100,10344,150
1641226,NASDAQ-DLKV,9936,50,9935,100,9934,150,9938,50,9939,100,9940,150
1641226,NASDAQ-ETFB,11606,50,11604,100,11602,150,11614,100,11616,200,11618,250
1641226,NASDAQ-ETFB3,9715,50,9714,100,9713,150,9717,50,9718,100,9719,150
1641226,NASDAQ-FSR,9516,50,9514,100,9512,150,9520,50,9522,100,9524,150
1641226,NASDAQ-GOLD,9968,50,9967,100,9966,150,9970,50,9971,100,9972,160
1641226,NASDAQ-HT,10672,50,10670,100,10668,150,10676,50,10678,100,10680,150
1641226,NASDAQ-INA,10633,50,10631,100,10629,170,10637,50,10639,100,10641,150
1641226,NASDAQ-KOTD,8430,50,8428,100,8426,150,8434,50,8436,100,8438,150
1641226,NASDAQ-NGUP,7112,30,7110,100,7108,150,7116,50,7117,10,7118,100
1641226,NASDAQ-SIMP,10052,50,10051,100,10050,330,10054,50,10055,100,10056,150
1641226,NASDAQ-ZITO,7940,40,7939,100,7938,150,7942,50,7943,100,7944,150
1641561,NASDAQ-CARD,10348,45,10308,200,10255,200,10354,50,10355,100,10356,150
1641561,NASDAQ-DLKV,9929,50,9928,100,9927,150,9932,100,9933,150,9934,200
1641561,NASDAQ-ETFB,11593,50,11591,100,11589,150,11599,44,11601,150,11603,200
1641561,NASDAQ-ETFB3,9717,100,9716,150,9715,200,9720,50,9721,100,9722,150
1641561,NASDAQ-FSR,9474,20,9473,20,9471,70,9475,11,9477,100,9479,150
1641561,NASDAQ-GOLD,9964,50,9963,100,9962,150,9967,100,9968,150,9969,200
1641561,NASDAQ-HT,10698,50,10696,200,10694,250,10706,50,10708,100,10710,150
1641561,NASDAQ-INA,10655,50,10653,100,10651,150,10659,50,10661,100,10663,150
1641561,NASDAQ-KOTD,8449,190,8447,250,8416,15,8459,50,8461,100,8463,150
1641561,NASDAQ-NGUP,7107,100,7105,150,7103,200,7113,50,7115,100,7116,1
1641561,NASDAQ-SIMP,10036,50,10035,100,10034,150,10039,5,10040,150,10041,200
1641561,NASDAQ-ZITO,7939,50,7938,100,7937,150,7944,45,7945,250,7959,30
1641883,NASDAQ-CARD,10334,50,10333,100,10332,150,10337,58,10338,150,10339,200
1641883,NASDAQ-DLKV,9918,50,9917,100,9916,150,9921,40,9922,150,9923,200
1641883,NASDAQ-ETFB,11593,50,11591,100,11589,150,11599,89,11601,150,11603,200
1641883,NASDAQ-ETFB3,9703,50,9702,100,9701,150,9705,50,9706,100,9707,150
1641883,NASDAQ-FSR,9474,50,9473,20,9472,100,9478,50,9480,100,9482,150
1641883,NASDAQ-GOLD,9959,50,9958,100,9957,150,9960,20,9961,50,9962,100
1641883,NASDAQ-HT,10708,50,10707,10,10706,100,10712,50,10714,100,10716,150
1641883,NASDAQ-INA,10664,30,10662,100,10660,150,10668,50,10670,100,10672,150
1641883,NASDAQ-KOTD,8458,121,8456,200,8454,250,8466,50,8468,100,8470,150
1641883,NASDAQ-NGUP,7110,50,7108,150,7106,200,7116,51,7117,10,7118,100
1641883,NASDAQ-SIMP,10019,59,10018,120,10017,150,10021,14,10022,100,10023,150
1641883,NASDAQ-ZITO,7956,140,7955,200,7954,250,7959,30,7960,50,7961,100
1642203,NASDAQ-CARD,10441,50,10440,150,10439,200,10444,50,10445,100,10446,150
1642203,NASDAQ-DLKV,9904,50,9903,100,9902,150,9910,153,10094,5,10109,10
1642203,NASDAQ-ETFB,11591,80,11589,150,11587,200,11599,59,11601,150,11603,200
1642203,NASDAQ-ETFB3,9703,50,9702,100,9701,150,9706,100,9707,150,9708,200
1642203,NASDAQ-FSR,9472,100,9470,150,9468,200,9478,50,9480,100,9482,150
1642203,NASDAQ-GOLD,9985,50,9984,100,9983,150,9987,50,9988,100,9989,150
1642203,NASDAQ-HT,10708,100,10707,10,10706,150,10716,37,10718,150,10720,200
1642203,NASDAQ-INA,10610,50,10608,100,10606,150,10622,250,10714,20,10799,20
1642203,NASDAQ-KOTD,8466,30,8462,50,8460,100,8468,100,8470,150,8472,200
1642203,NASDAQ-NGUP,7121,28,7119,100,7117,150,7125,50,7127,100,7129,150
1642203,NASDAQ-SIMP,10025,37,10024,100,10023,150,10027,50,10028,100,10029,150
1642203,NASDAQ-ZITO,7957,10,7956,150,7955,200,7960,50,7961,100,7962,150
1642458,NASDAQ-CARD,10421,50,10420,100,10419,150,10426,158,10427,250,10440,10
1642458,NASDAQ-DLKV,9903,50,9902,100,9901,150,9907,87,9908,200,9909,250
1642458,NASDAQ-ETFB,11563,50,11561,100,11559,150,11569,65,11571,150,11573,200
1642458,NASDAQ-ETFB3,9685,50,9684,100,9683,150,9687,50,9688,100,9689,150
1642458,NASDAQ-FSR,9473,45,9471,150,9469,200,9479,50,9481,100,9483,150
1642458,NASDAQ-GOLD,9989,50,9988,100,9987,150,9991,50,9992,100,9993,150
1642458,NASDAQ-HT,10677,50,10675,100,10673,150,10683,3,10685,150,10687,200
1642458,NASDAQ-INA,10567,50,10565,100,10563,150,10573,53,10575,150,10577,200
1642458,NASDAQ-KOTD,8443,50,8441,100,8439,150,8447,40,8449,100,8451,150
1642458,NASDAQ-NGUP,7126,98,7124,150,7122,200,7132,50,7134,100,7136,160
1642458,NASDAQ-SIMP,10035,64,10034,150,10033,200,10038,50,10039,100,10040,150
1642458,NASDAQ-ZITO,7976,40,7975,100,7974,150,7978,50,7979,100,7980,150
1642723,NASDAQ-CARD,10420,50,10419,100,10418,150,10422,50,10423,100,10424,150
1642723,NASDAQ-DLKV,9907,50,9906,100,9905,150,9909,50,9910,100,9911,150
1642723,NASDAQ-ETFB,11518,50,11516,100,11514,150,11522,40,11524,100,11526,150
1642723,NASDAQ-ETFB3,9677,25,9676,50,9675,100,9678,50,9679,100,9680,150
1642723,NASDAQ-FSR,9457,50,9455,100,9453,150,9461,50,9463,100,9465,150
1642723,NASDAQ-GOLD,9987,50,9986,100,9985,150,9988,10,9989,50,9990,100
1642723,NASDAQ-HT,10684,50,10682,100,10680,150,10688,50,10690,100,10692,150
1642723,NASDAQ-INA,10619,50,10617,100,10615,150,10623,50,10625,100,10627,150
1642723,NASDAQ-KOTD,8454,50,8452,100,8450,150,8458,50,8460,100,8462,150
1642723,NASDAQ-NGUP,7122,50,7120,100,7118,150,7126,50,7128,100,7130,150
1642723,NASDAQ-SIMP,10016,50,10015,100,10014,150,10018,22,10019,100,10020,150
1642723,NASDAQ-ZITO,7988,50,7987,150,7986,200,7991,50,7992,100,7993,150
1642989,NASDAQ-CARD,10407,50,10406,100,10405,150,10411,97,10412,200,10413,250
1642989,NASDAQ-DLKV,9921,100,9920,150,9919,200,9924,50,9925,100,9926,150
1642989,NASDAQ-ETFB,11518,50,11516,100,11514,150,11530,250,11857,57,11903,59
1642989,NASDAQ-ETFB3,9665,50,9664,100,9663,150,9667,25,9668,100,9669,150
1642989,NASDAQ-FSR,9442,50,9440,100,9438,150,9446,40,9448,100,9450,150
1642989,NASDAQ-GOLD,9980,50,9979,100,9978,150,9983,75,9984,150,9985,200
1642989,NASDAQ-HT,10657,50,10655,100,10653,150,10663,93,10665,150,10667,200
1642989,NASDAQ-INA,10615,50,10613,100,10611,150,10619,50,10621,100,10623,150
1642989,NASDAQ-KOTD,8454,80,8452,100,8450,150,8458,50,8460,100,8462,150
1642989,NASDAQ-NGUP,7119,50,7117,100,7115,150,7123,50,7125,100,7126,12
1642989,NASDAQ-SIMP,10007,50,10006,100,10005,150,10009,28,10010,100,10011,150
1642989,NASDAQ-ZITO,7978,50,7977,100,7976,150,7980,50,7981,100,7982,150
1643262,NASDAQ-CARD,10408,45,10407,250,10349,36,10414,100,10415,150,10416,200
1643262,NASDAQ-DLKV,9900,50,9899,100,9898,150,9902,50,9903,100,9904,150
1643262,NASDAQ-ETFB,11517,100,11515,150,11513,200,11531,200,11857,57,11903,59
1643262,NASDAQ-ETFB3,9662,50,9661,100,9660,150,9666,128,9667,200,9668,250
1643262,NASDAQ-FSR,9467,10,9465,100,9463,150,9471,60,9473,100,9475,150
1643262,NASDAQ-GOLD,9975,50,9974,100,9973,150,9978,70,9979,150,9980,220
1643262,NASDAQ-HT,10458,12,10372,10,10322,10,10710,50,10712,100,10714,150
1643262,NASDAQ-INA,10596,50,10594,100,10592,150,10600,50,10602,100,10604,150
1643262,NASDAQ-KOTD,8459,50,8457,100,8455,150,8463,50,8465,100,8467,150
1643262,NASDAQ-NGUP,7116,50,7114,100,7112,150,7122,70,7124,150,7126,212
1643262,NASDAQ-SIMP,10016,78,10015,150,10014,200,10019,50,10020,100,10021,150
1643262,NASDAQ-ZITO,7999,48,7998,250,7980,55,8004,50,8005,100,8006,150
1643582,NASDAQ-CARD,10407,50,10406,100,10405,150,10409,50,10410,173,10411,150
1643582,NASDAQ-DLKV,9904,50,9903,100,9902,150,9906,50,9907,100,9908,150
1643582,NASDAQ-ETFB,11519,50,11517,100,11516,60,11525,50,11527,150,11529,200
1643582,NASDAQ-ETFB3,9663,36,9662,200,9661,250,9667,50,9668,100,9669,150
1643582,NASDAQ-FSR,9466,50,9464,100,9462,150,9470,50,9472,100,9474,150
1643582,NASDAQ-GOLD,10023,50,10021,100,10019,150,10027,50,10029,100,10031,150
1643582,NASDAQ-HT,10706,50,10704,100,10702,150,10710,50,10712,100,10714,150
1643582,NASDAQ-INA,10606,30,10604,100,10602,150,10610,50,10612,100,10614,150
1643582,NASDAQ-KOTD,8445,50,8443,120,8441,150,8449,50,8451,100,8453,150
1643582,NASDAQ-NGUP,7102,20,7100,50,7098,100,7104,50,7106,100,7108,150
1643582,NASDAQ-SIMP,9983,50,9982,100,9981,150,9985,50,9986,100,9987,150
1643582,NASDAQ-ZITO,7960,90,7959,50,7958,100,7961,50,7962,100,7963,150
1643876,NASDAQ-CARD,10406,50,10405,100,10404,150,10409,35,10410,150,10411,200
1643876,NASDAQ-DLKV,9899,50,9898,100,9897,150,9903,150,9904,200,9905,250
1643876,NASDAQ-ETFB,11518,100,11516,210,11514,200,11528,4,11530,200,11532,250
1643876,NASDAQ-ETFB3,9664,50,9663,100,9662,150,9667,70,9668,150,9669,200
1643876,NASDAQ-FSR,9498,40,9496,100,9494,150,9502,50,9504,100,9506,150
1643876,NASDAQ-GOLD,9975,50,9974,100,9973,150,9977,50,9978,100,9979,150
1643876,NASDAQ-HT,10695,50,10693,100,10691,150,10703,120,10705,200,10707,250
1643876,NASDAQ-INA,10603,50,10601,100,10599,150,10607,50,10609,100,10611,150
1643876,NASDAQ-KOTD,8452,50,8450,100,8448,150,8456,50,8458,100,8460,150
1643876,NASDAQ-NGUP,7111,70,7109,150,7107,200,7115,10,7117,50,7119,100
1643876,NASDAQ-SIMP,9981,50,9980,100,9979,150,9983,50,9984,100,9985,150
1643876,NASDAQ-ZITO,7989,50,7988,100,7987,150,7991,50,7992,100,7993,150
1644152,NASDAQ-CARD,10602,50,10601,100,10600,150,10605,58,10606,438,10607,209
1644152,NASDAQ-DLKV,9863,50,9862,100,9861,150,9865,30,9866,100,9867,150
1644152,NASDAQ-ETFB,11542,6,11540,100,11538,150,11546,50,11548,100,11550,150
1644152,NASDAQ-ETFB3,9668,66,9667,200,9666,200,9674,200,9675,250,9717,175
1644152,NASDAQ-FSR,9509,10,9507,100,9505,150,9513,50,9515,100,9517,150
1644152,NASDAQ-GOLD,10003,50,10001,100,9999,150,10007,50,10009,100,10011,150
1644152,NASDAQ-HT,10715,150,10713,250,10458,11,10725,50,10727,100,10729,150
1644152,NASDAQ-INA,10589,50,10587,100,10585,150,10593,50,10595,100,10597,150
1644152,NASDAQ-KOTD,8464,50,8462,100,8460,150,8468,50,8470,100,8472,150
1644152,NASDAQ-NGUP,7098,20,7095,50,7093,100,7099,39,7101,100,7103,150
1644152,NASDAQ-SIMP,9978,50,9977,100,9976,150,9982,99,9983,200,9984,250
1644152,NASDAQ-ZITO,7988,100,7987,150,7986,200,7991,50,7992,100,7993,150
1644408,NASDAQ-CARD,10609,127,10608,250,10409,30,10614,50,10615,100,10616,150
1644408,NASDAQ-DLKV,9855,50,9854,100,9853,150,9860,200,9861,250,10094,5
1644408,NASDAQ-ETFB,11529,10,11525,50,11516,60,11553,50,11555,100,11557,150
1644408,NASDAQ-ETFB3,9671,117,9670,250,9667,50,9679,200,9680,250,9717,175
1644408,NASDAQ-FSR,9479,50,9477,100,9475,150,9483,50,9485,100,9487,150
1644408,NASDAQ-GOLD,9997,50,9996,100,9995,150,9999,50,10000,100,10001,150
1644408,NASDAQ-HT,10725,150,10723,200,10721,250,10733,50,10735,100,10737,150
1644408,NASDAQ-INA,10590,40,10588,100,10586,150,10594,50,10596,100,10598,150
1644408,NASDAQ-KOTD,8449,50,8447,100,8445,150,8453,30,8455,100,8457,150
1644408,NASDAQ-NGUP,7077,50,7075,100,7073,150,7083,100,7085,150,7087,200
1644408,NASDAQ-SIMP,9953,50,9952,100,9951,150,9959,134,9978,20,10012,20
1644408,NASDAQ-ZITO,7988,14,7987,250,7960,10,7993,50,7994,100,7995,150
1644661,NASDAQ-CARD,10607,150,10606,200,10605,250,10613,78,10614,220,10615,250
1644661,NASDAQ-DLKV,9803,50,9802,100,9801,150,9808,200,9809,250,10094,5
1644661,NASDAQ-ETFB,11547,100,11545,150,11543,200,11559,200,11561,250,11857,57
1644661,NASDAQ-ETFB3,9657,106,9656,200,9655,250,9665,159,9671,25,9717,175
1644661,NASDAQ-FSR,9471,50,9469,100,9467,150,9475,50,9477,100,9479,150
1644661,NASDAQ-GOLD,9994,50,9993,100,9992,150,9997,50,9998,150,9999,200
1644661,NASDAQ-HT,10723,200,10721,250,10458,11,10739,200,10741,250,10742,20
1644661,NASDAQ-INA,10558,50,10556,100,10554,150,10568,190,10570,250,10603,100
1644661,NASDAQ-KOTD,8450,70,8448,150,8446,200,8460,150,8462,200,8464,250
1644661,NASDAQ-NGUP,7074,50,7072,100,7070,150,7078,50,7080,100,7082,150
1644661,NASDAQ-SIMP,9951,188,9950,250,9939,20,9959,64,9960,250,9978,20
1644661,NASDAQ-ZITO,7974,50,7973,100,7972,150,7976,50,7977,100,7978,150
1644893,NASDAQ-CARD,10606,50,10605,100,10604,150,10608,50,10609,100,10610,150
1644893,NASDAQ-DLKV,9808,50,9807,100,9806,150,9813,94,9814,250,10094,5
1644893,NASDAQ-ETFB,11543,100,11541,250,11529,10,11559,200,11561,250,11857,57
1644893,NASDAQ-ETFB3,9651,250,9650,250,9602,10,9658,47,9659,200,9660,250
1644893,NASDAQ-FSR,9471,29,9469,100,9467,150,9475,50,9477,100,9479,150
1644893,NASDAQ-GOLD,10005,50,10003,100,10001,150,10009,50,10011,100,10013,150
1644893,NASDAQ-HT,10698,50,10696,100,10694,150,10702,50,10704,100,10706,150
1644893,NASDAQ-INA,10556,200,10554,250,10550,20,10568,44,10570,150,10572,200
1644893,NASDAQ-KOTD,8452,50,8450,150,8448,200,8466,194,8512,20,8592,20
1644893,NASDAQ-NGUP,7063,20,7062,50,7060,100,7068,50,7070,150,7072,200
1644893,NASDAQ-SIMP,9975,49,9974,100,9973,150,9977,50,9978,120,9979,150
1644893,NASDAQ-ZITO,7977,40,7976,200,7975,250,7981,50,7982,100,7983,150
1645158,NASDAQ-CARD,10329,50,10328,100,10327,150,10333,120,10334,200,10335,250
1645158,NASDAQ-DLKV,9810,100,9809,150,9808,200,9814,100,9815,150,9816,200
1645158,NASDAQ-ETFB,11520,50,11518,100,11516,210,11526,90,11528,150,11530,200
1645158,NASDAQ-ETFB3,9660,57,9659,150,9658,200,9663,50,9664,100,9665,150
1645158,NASDAQ-FSR,9471,42,9469,150,9467,200,9477,50,9479,100,9481,150
1645158,NASDAQ-GOLD,10043,38,10041,100,10039,150,10047,50,10049,100,10051,150
1645158,NASDAQ-HT,10702,110,10700,200,10698,250,10710,50,10712,100,10714,150
1645158,NASDAQ-INA,10588,150,10586,250,10572,94,10598,50,10600,100,10602,150
1645158,NASDAQ-KOTD,8482,50,8480,100,8478,150,8486,50,8488,100,8490,150
1645158,NASDAQ-NGUP,7081,50,7079,100,7078,50,7085,50,7087,100,7089,150
1645158,NASDAQ-SIMP,9959,50,9952,36,9940,20,9981,144,9984,50,9985,100
1645158,NASDAQ-ZITO,8007,22,8006,200,8005,250,8011,50,8012,100,8013,150
1645412,NASDAQ-CARD,10308,100,10304,50,10303,100,10310,53,10608,30,10613,36
1645412,NASDAQ-DLKV,9811,50,9810,100,9809,150,9813,29,9814,100,9815,150
1645412,NASDAQ-ETFB,11529,145,11527,250,11526,66,11539,50,11541,100,11543,150
1645412,NASDAQ-ETFB3,9655,116,9654,200,9653,250,9661,134,9662,200,9663,250
1645412,NASDAQ-FSR,9473,26,9471,150,9469,200,9479,50,9481,100,9483,150
1645412,NASDAQ-GOLD,10049,50,10047,100,10045,150,10053,50,10055,100,10057,150
1645412,NASDAQ-HT,10682,50,10680,100,10678,150,10686,50,10688,100,10690,150
1645412,NASDAQ-INA,10542,50,10540,117,10538,150,10548,25,10550,150,10552,200
1645412,NASDAQ-KOTD,8477,50,8475,100,8473,150,8481,39,8483,100,8485,150
1645412,NASDAQ-NGUP,7069,50,7067,100,7065,150,7075,100,7077,150,7079,200
1645412,NASDAQ-SIMP,9986,101,9985,200,9984,250,9990,50,9991,100,9992,150
1645412,NASDAQ-ZITO,7997,50,7996,100,7995,150,7999,50,8000,100,8001,150
1645710,NASDAQ-CARD,10275,50,10274,100,10273,150,10279,91,10280,200,10281,250
1645710,NASDAQ-DLKV,9846,90,9845,150,9844,200,9849,50,9850,100,9851,150
1645710,NASDAQ-ETFB,11531,27,11529,200,11527,250,11541,100,11543,150,11545,200
1645710,NASDAQ-ETFB3,9655,94,9654,200,9653,250,9660,100,9661,150,9662,200
1645710,NASDAQ-FSR,9466,50,9464,100,9462,150,9470,50,9472,100,9474,150
1645710,NASDAQ-GOLD,10036,50,10034,100,10032,150,10044,140,10046,200,10048,250
1645710,NASDAQ-HT,10697,40,10695,200,10693,250,10702,80,10705,50,10707,100
1645710,NASDAQ-INA,10536,70,10535,20,10534,100,10540,33,10542,100,10544,150
1645710,NASDAQ-KOTD,8470,50,8468,100,8466,170,8474,50,8476,100,8478,150
1645710,NASDAQ-NGUP,7079,50,7077,100,7075,150,7083,50,7085,100,7087,150
1645710,NASDAQ-SIMP,9993,77,9992,250,9987,36,9998,50,9999,100,10000,150
1645710,NASDAQ-ZITO,7987,50,7986,100,7985,150,7990,50,7991,150,7992,200
1646027,NASDAQ-CARD,10255,200,10231,180,10228,252,10486,50,10487,100,10488,150
1646027,NASDAQ-DLKV,9815,50,9814,110,9813,150,9818,90,9819,150,9820,200
1646027,NASDAQ-ETFB,11551,33,11549,150,11547,200,11557,50,11559,100,11561,150
1646027,NASDAQ-ETFB3,9650,42,9649,100,9648,150,9653,50,9654,150,9655,225
1646027,NASDAQ-FSR,9452,70,9450,100,9448,150,9456,10,9458,100,9460,150
1646027,NASDAQ-GOLD,10074,70,10072,150,10070,200,10080,50,10082,100,10084,150
1646027,NASDAQ-HT,10685,80,10683,200,10681,250,10693,50,10695,100,10697,150
1646027,NASDAQ-INA,10537,20,10535,100,10533,150,10541,50,10543,100,10545,150
1646027,NASDAQ-KOTD,8488,50,8486,100,8484,150,8492,50,8494,100,8496,150
1646027,NASDAQ-NGUP,7071,50,7069,100,7068,20,7075,50,7077,100,7079,150
1646027,NASDAQ-SIMP,9990,50,9989,100,9988,170,9993,40,9994,150,9995,200
1646027,NASDAQ-ZITO,7957,50,7956,100,7955,170,7961,150,7962,200,7963,250
1646337,NASDAQ-CARD,10484,100,10483,150,10482,200,10485,94,10486,1,10487,50
1646337,NASDAQ-DLKV,9800,50,9799,100,9798,150,9804,87,9805,200,9806,250
1646337,NASDAQ-ETFB,11544,50,11542,100,11540,150,11550,100,11552,150,11554,200
1646337,NASDAQ-ETFB3,9649,8,9648,150,9647,200,9653,83,9654,150,9655,200
1646337,NASDAQ-FSR,9452,70,9450,150,9448,200,9458,50,9460,100,9462,150
1646337,NASDAQ-GOLD,10095,50,10093,100,10091,150,10097,20,10099,50,10101,100
1646337,NASDAQ-HT,10681,50,10679,100,10677,150,10685,50,10687,100,10689,150
1646337,NASDAQ-INA,10528,50,10526,100,10524,150,10532,50,10534,100,10536,150
1646337,NASDAQ-KOTD,8472,50,8470,100,8468,150,8476,50,8478,100,8480,150
1646337,NASDAQ-NGUP,7052,50,7050,100,7048,150,7058,80,7060,150,7062,200
1646337,NASDAQ-SIMP,9993,100,9992,150,9991,200,9997,100,9998,150,9999,200
1646337,NASDAQ-ZITO,7943,50,7942,100,7941,150,7948,24,7949,250,7987,160
1646662,NASDAQ-CARD,10451,50,10450,100,10449,150,10455,59,10456,200,10457,250
1646662,NASDAQ-DLKV,9817,100,9816,150,9815,200,9820,50,9821,100,9822,150
1646662,NASDAQ-ETFB,11536,200,11534,250,11526,66,11546,50,11548,100,11550,150
1646662,NASDAQ-ETFB3,9615,50,9614,100,9613,150,9618,83,9619,150,9620,200
1646662,NASDAQ-FSR,9451,100,9449,150,9447,216,9457,50,9459,100,9461,150
1646662,NASDAQ-GOLD,10067,50,10065,100,10063,150,10071,50,10073,100,10075,150
1646662,NASDAQ-HT,10688,140,10686,250,10458,11,10698,50,10700,100,10702,230
1646662,NASDAQ-INA,10558,25,10556,100,10554,150,10562,50,10564,100,10566,150
1646662,NASDAQ-KOTD,8458,50,8456,100,8454,168,8464,26,8466,150,8468,200
1646662,NASDAQ-NGUP,7046,50,7044,100,7042,150,7056,78,7058,250,7092,1
1646662,NASDAQ-SIMP,9991,137,9990,200,9989,250,9998,200,9999,250,10012,10
1646662,NASDAQ-ZITO,7960,90,7959,200,7958,250,7964,50,7965,100,7966,150
1646833,NASDAQ-CARD,10441,50,10440,100,10439,150,10447,61,10484,200,10485,130
1646833,NASDAQ-DLKV,9816,150,9815,200,9814,250,9821,100,9822,150,9823,200
1646833,NASDAQ-ETFB,11542,29,11540,100,11538,150,11548,100,11550,150,11552,200
1646833,NASDAQ-ETFB3,9614,50,9613,100,9612,150,9616,50,9617,100,9618,150
1646833,NASDAQ-FSR,9449,50,9447,116,9445,150,9455,70,9457,150,9459,200
1646833,NASDAQ-GOLD,10062,50,10060,100,10058,150,10070,100,10072,220,10074,250
1646833,NASDAQ-HT,10458,11,10372,10,10322,10,10729,50,10731,100,10733,150
1646833,NASDAQ-INA,10560,150,10558,200,10556,250,10568,50,10570,100,10572,150
1646833,NASDAQ-KOTD,8478,40,8476,100,8474,150,8482,50,8484,100,8486,150
1646833,NASDAQ-NGUP,7080,50,7078,100,7076,150,7084,50,7086,100,7088,150
1646833,NASDAQ-SIMP,10003,24,10002,100,10001,150,10005,50,10006,100,10007,150
1646833,NASDAQ-ZITO,7970,40,7969,150,7968,200,7973,50,7974,100,7975,150
1647141,NASDAQ-CARD,10735,28,10734,200,10733,250,10739,50,10740,100,10741,150
1647141,NASDAQ-DLKV,9814,50,9813,100,9812,150,9819,92,9820,250,10094,5
1647141,NASDAQ-ETFB,11493,50,11491,100,11489,150,11497,40,11499,100,11501,150
1647141,NASDAQ-ETFB3,9605,50,9604,100,9603,150,9607,50,9608,100,9609,150
1647141,NASDAQ-FSR,9438,50,9436,100,9435,20,9442,34,9444,100,9446,150
1647141,NASDAQ-GOLD,10056,50,10054,100,10052,150,10060,50,10062,120,10064,150
1647141,NASDAQ-HT,10705,50,10703,100,10701,150,10709,50,10711,100,10713,150
1647141,NASDAQ-INA,10565,50,10563,100,10561,150,10569,50,10571,100,10573,150
1647141,NASDAQ-KOTD,8483,88,8481,200,8479,250,8488,100,8491,50,8493,100
1647141,NASDAQ-NGUP,7073,50,7071,100,7069,150,7077,50,7079,100,7080,50
1647141,NASDAQ-SIMP,9987,50,9986,100,9985,150,9991,48,9992,200,9993,250
1647141,NASDAQ-ZITO,8011,140,8010,250,7964,80,8016,50,8017,100,8018,150
1647458,NASDAQ-CARD,10736,152,10448,10,10447,60,10739,30,10747,50,10748,100
1647458,NASDAQ-DLKV,9839,30,9838,150,9837,200,9842,50,9843,100,9844,150
1647458,NASDAQ-ETFB,11489,50,11487,100,11485,150,11495,70,11497,150,11499,200
1647458,NASDAQ-ETFB3,9608,44,9607,303,9606,150,9613,150,9614,250,9671,25
1647458,NASDAQ-FSR,9419,20,9416,50,9414,100,9420,50,9422,100,9424,150
1647458,NASDAQ-GOLD,10080,19,10078,150,10076,200,10086,50,10088,100,10090,150
1647458,NASDAQ-HT,10679,50,10677,100,10675,150,10683,50,10685,100,10687,150
1647458,NASDAQ-INA,10610,90,10608,200,10606,250,10618,50,10620,100,10622,150
1647458,NASDAQ-KOTD,8454,18,8435,20,8434,20,8499,50,8501,100,8503,150
1647458,NASDAQ-NGUP,7049,50,7047,100,7045,150,7061,114,7077,30,7080,50
1647458,NASDAQ-SIMP,9998,48,9997,200,9996,250,10002,50,10003,150,10004,150
1647458,NASDAQ-ZITO,7954,50,7953,100,7952,150,7957,10,7958,150,7959,200
1647619,NASDAQ-CARD,10741,80,10740,250,10736,152,10746,50,10747,100,10748,150
1647619,NASDAQ-DLKV,9878,34,9877,100,9876,150,9880,50,9881,100,9882,150
1647619,NASDAQ-ETFB,11487,100,11485,150,11483,200,11497,30,11499,200,11501,250
1647619,NASDAQ-ETFB3,9608,48,9607,303,9606,150,9671,25,9717,175,9734,25
1647619,NASDAQ-FSR,9435,50,9433,100,9431,150,9437,10,9439,50,9441,100
1647619,NASDAQ-GOLD,10071,50,10069,100,10067,150,10077,83,10079,150,10081,200
1647619,NASDAQ-HT,10677,100,10675,150,10673,200,10683,50,10685,100,10687,150
1647619,NASDAQ-INA,10603,50,10601,100,10599,150,10606,16,10607,50,10609,100
1647619,NASDAQ-KOTD,8474,34,8472,100,8470,150,8484,138,8486,250,8512,20
1647619,NASDAQ-NGUP,7060,50,7058,100,7056,150,7066,35,7068,150,7070,200
1647619,NASDAQ-SIMP,9991,24,9988,108,9987,21,10012,10,10013,50,10014,100
1647619,NASDAQ-ZITO,7953,100,7952,150,7951,200,7957,70,7958,150,7959,200
1647920,NASDAQ-CARD,10728,20,10448,10,10447,60,10751,50,10752,100,10753,150
1647920,NASDAQ-DLKV,9881,50,9880,100,9879,150,9883,50,9884,100,9885,150
1647920,NASDAQ-ETFB,11489,110,11487,200,11485,250,11501,150,11503,200,11505,250
1647920,NASDAQ-ETFB3,9625,50,9624,100,9623,150,9627,50,9628,100,9629,150
1647920,NASDAQ-FSR,9419,20,9417,50,9415,100,9421,50,9423,100,9425,150
1647920,NASDAQ-GOLD,10083,50,10081,150,10079,200,10087,20,10089,50,10091,100
1647920,NASDAQ-HT,10675,200,10673,250,10458,11,10687,44,10689,150,10691,200
1647920,NASDAQ-INA,10595,50,10593,100,10591,150,10599,50,10601,100,10603,150
1647920,NASDAQ-KOTD,8474,164,8472,250,8454,18,8484,50,8486,100,8488,150
1647920,NASDAQ-NGUP,7055,50,7053,100,7051,150,7065,115,7067,250,7077,30
1647920,NASDAQ-SIMP,10008,50,10007,100,10006,150,10012,72,10013,200,10014,250
1647920,NASDAQ-ZITO,7960,25,7959,150,7958,200,7963,50,7964,100,7965,150
1648236,NASDAQ-CARD,10553,100,10552,150,10551,200,10557,100,10558,150,10559,200
1648236,NASDAQ-DLKV,9824,50,9823,100,9822,150,9828,108,9829,200,9830,250
1648236,NASDAQ-ETFB,11481,50,11479,100,11477,150,11489,88,11491,200,11493,250
1648236,NASDAQ-ETFB3,9623,108,9622,200,9621,250,9625,150,9629,87,9630,200
1648236,NASDAQ-FSR,9369,50,9367,100,9365,150,9373,20,9375,100,9377,150
1648236,NASDAQ-GOLD,10076,50,10074,100,10072,150,10084,73,10086,200,10088,250
1648236,NASDAQ-HT,10672,150,10670,200,10668,250,10682,90,10684,150,10686,200
1648236,NASDAQ-INA,10597,100,10595,150,10593,200,10603,50,10605,100,10607,150
1648236,NASDAQ-KOTD,8473,26,8471,100,8469,150,8477,50,8479,100,8481,150
1648236,NASDAQ-NGUP,7071,50,7069,100,7067,150,7075,50,7077,130,7079,150
1648236,NASDAQ-SIMP,10005,100,10004,170,10003,200,10010,150,10011,200,10012,250
1648236,NASDAQ-ZITO,7935,50,7934,100,7933,150,7937,50,7938,100,7939,150
1648549,NASDAQ-CARD,10563,65,10562,150,10561,200,10566,50,10567,100,10568,150
1648549,NASDAQ-DLKV,9833,50,9832,100,9831,150,9835,50,9836,100,9837,150
1648549,NASDAQ-ETFB,11478,46,11476,100,11474,150,11482,50,11484,100,11486,150
1648549,NASDAQ-ETFB3,9607,303,9606,100,9605,150,9609,50,9610,100,9611,150
1648549,NASDAQ-FSR,9360,50,9358,100,9356,150,9366,50,9368,150,9370,200
1648549,NASDAQ-GOLD,10092,50,10090,100,10088,150,10096,50,10098,100,10100,150
1648549,NASDAQ-HT,10661,50,10659,100,10657,150,10665,50,10667,100,10669,150
1648549,NASDAQ-INA,10555,50,10553,100,10551,150,10559,50,10561,100,10563,150
1648549,NASDAQ-KOTD,8495,74,8493,150,8491,200,8501,50,8503,100,8505,150
1648549,NASDAQ-NGUP,7070,50,7068,100,7066,150,7074,50,7076,100,7077,14
1648549,NASDAQ-SIMP,10014,14,10013,100,10012,150,10016,50,10017,100,10018,150
1648549,NASDAQ-ZITO,7952,90,7951,150,7950,200,7955,50,7956,100,7957,150
1648863,NASDAQ-CARD,10557,50,10556,100,10555,150,10559,37,10560,100,10561,150
1648863,NASDAQ-DLKV,9856,49,9855,100,9854,150,9858,50,9859,100,9860,150
1648863,NASDAQ-ETFB,11462,50,11460,100,11458,150,11468,88,11470,150,11472,200
1648863,NASDAQ-ETFB3,9608,50,9607,150,9606,150,9610,46,9611,100,9612,150
1648863,NASDAQ-FSR,9403,50,9401,100,9399,150,9407,50,9409,100,9411,150
1648863,NASDAQ-GOLD,10091,50,10089,100,10087,150,10095,50,10097,100,10099,150
1648863,NASDAQ-HT,10651,50,10649,100,10647,150,10655,50,10657,100,10659,150
1648863,NASDAQ-INA,10537,50,10535,100,10533,150,10541,30,10543,100,10545,150
1648863,NASDAQ-KOTD,8492,29,8490,100,8488,150,8496,50,8498,100,8500,150
1648863,NASDAQ-NGUP,7066,50,7065,50,7064,100,7074,131,7076,200,7078,250
1648863,NASDAQ-SIMP,10040,39,10039,150,10038,200,10043,50,10044,100,10045,150
1648863,NASDAQ-ZITO,7948,50,7947,100,7946,150,7950,50,7951,100,7952,150
1649134,NASDAQ-CARD,10738,50,10737,100,10736,150,10740,50,10741,130,10742,150
1649134,NASDAQ-DLKV,9855,50,9854,100,9853,150,9857,50,9858,100,9859,150
1649134,NASDAQ-ETFB,11462,50,11460,100,11458,150,11466,50,11468,100,11469,61
1649134,NASDAQ-ETFB3,9609,124,9608,50,9607,150,9614,250,9671,25,9717,175
1649134,NASDAQ-FSR,9407,50,9405,100,9403,150,9411,50,9413,100,9415,150
1649134,NASDAQ-GOLD,10069,50,10067,100,10065,150,10075,30,10077,150,10079,200
1649134,NASDAQ-HT,10636,50,10634,100,10632,150,10640,50,10642,100,10644,150
1649134,NASDAQ-INA,10558,29,10556,100,10554,150,10562,50,10564,100,10566,150
1649134,NASDAQ-KOTD,8500,50,8498,100,8496,150,8504,50,8506,100,8508,150
1649134,NASDAQ-NGUP,7071,50,7069,100,7067,150,7075,50,7077,100,7079,150
1649134,NASDAQ-SIMP,10029,50,10028,100,10027,150,10031,50,10032,100,10033,150
1649134,NASDAQ-ZITO,7936,50,7935,100,7934,150,7938,50,7939,100,7940,150
1649482,NASDAQ-CARD,10727,50,10726,100,10725,150,10729,50,10730,100,10731,150
1649482,NASDAQ-DLKV,9876,50,9875,100,9874,150,9878,50,9879,104,9880,150
1649482,NASDAQ-ETFB,11481,29,11479,150,11477,200,11487,50,11489,100,11491,150
1649482,NASDAQ-ETFB3,9614,50,9613,100,9612,153,9616,50,9617,100,9618,150
1649482,NASDAQ-FSR,9381,50,9379,100,9377,150,9385,30,9387,100,9389,150
1649482,NASDAQ-GOLD,10093,50,10091,100,10089,150,10096,20,10097,50,10099,100
1649482,NASDAQ-HT,10635,100,10633,150,10631,200,10641,50,10643,100,10645,150
1649482,NASDAQ-INA,10535,50,10533,100,10531,150,10541,50,10543,150,10545,200
1649482,NASDAQ-KOTD,8493,50,8491,100,8489,150,8497,50,8499,100,8501,150
1649482,NASDAQ-NGUP,7067,50,7065,150,7063,150,7071,50,7073,100,7075,150
1649482,NASDAQ-SIMP,10005,50,10004,120,10003,150,10007,50,10008,100,10009,150
1649482,NASDAQ-ZITO,7929,50,7928,120,7927,150,7931,50,7932,100,7933,150
1649713,NASDAQ-CARD,10722,50,10721,100,10720,150,10725,100,10726,150,10727,200
1649713,NASDAQ-DLKV,9832,50,9831,100,9830,150,9836,30,9837,200,9838,250
1649713,NASDAQ-ETFB,11475,60,11473,150,11471,200,11485,150,11487,200,11489,250
1649713,NASDAQ-ETFB3,9643,50,9642,100,9641,150,9645,50,9646,100,9647,150
1649713,NASDAQ-FSR,9371,50,9369,100,9367,150,9381,35,9383,250,9385,30
1649713,NASDAQ-GOLD,10066,50,10064,100,10062,150,10070,50,10072,100,10074,150
1649713,NASDAQ-HT,10629,50,10627,100,10625,150,10633,50,10635,100,10637,150
1649713,NASDAQ-INA,10566,47,10564,200,10562,250,10574,50,10576,100,10578,150
1649713,NASDAQ-KOTD,8499,47,8497,229,8495,275,8505,50,8507,100,8509,150
1649713,NASDAQ-NGUP,7060,150,7058,200,7057,20,7068,5,7069,200,7070,100
1649713,NASDAQ-SIMP,9982,50,9981,100,9980,150,9988,213,10040,100,10042,20
1649713,NASDAQ-ZITO,7930,25,7929,100,7928,150,7931,175,7932,50,7933,100
1649959,NASDAQ-CARD,10590,50,10589,100,10588,150,10592,50,10593,100,10594,150
1649959,NASDAQ-DLKV,9848,50,9847,100,9846,150,9850,50,9851,100,9852,150
1649959,NASDAQ-ETFB,11474,59,11473,150,11471,200,11481,50,11483,100,11485,150
1649959,NASDAQ-ETFB3,9639,250,9618,3,9612,3,9643,80,9645,50,9646,100
1649959,NASDAQ-FSR,9381,60,9378,50,9376,100,9382,50,9384,100,9386,150
1649959,NASDAQ-GOLD,10048,50,10046,100,10044,150,10054,83,10056,150,10058,200
1649959,NASDAQ-HT,10643,133,10641,250,10601,20,10653,50,10655,100,10657,150
1649959,NASDAQ-INA,10563,50,10561,100,10559,150,10567,44,10568,20,10569,100
1649959,NASDAQ-KOTD,8454,50,8452,100,8450,150,8460,84,8462,150,8464,200
1649959,NASDAQ-NGUP,7068,50,7066,100,7064,150,7072,50,7074,100,7076,150
1649959,NASDAQ-SIMP,9977,49,9976,100,9975,150,9983,243,10040,100,10042,20
1649959,NASDAQ-ZITO,7924,50,7923,100,7922,150,7926,50,7927,100,7928,150
1650227,NASDAQ-CARD,10581,50,10580,100,10579,150,10583,50,10584,100,10585,150
1650227,NASDAQ-DLKV,9827,50,9826,100,9825,150,9831,130,9832,200,9833,250
1650227,NASDAQ-ETFB,11475,50,11473,100,11471,150,11479,50,11481,100,11483,150
1650227,NASDAQ-ETFB3,9636,158,9635,250,9618,3,9641,50,9642,100,9643,150
1650227,NASDAQ-FSR,9368,50,9366,180,9365,20,9372,50,9374,100,9376,150
1650227,NASDAQ-GOLD,10027,50,10025,100,10023,150,10037,180,10039,250,10090,20
1650227,NASDAQ-HT,10641,170,10639,250,10601,20,10651,50,10653,100,10655,150
1650227,NASDAQ-INA,10556,50,10554,100,10552,150,10560,50,10562,100,10564,150
1650227,NASDAQ-KOTD,8449,50,8447,100,8445,150,8453,3,8455,100,8457,150
1650227,NASDAQ-NGUP,7057,20,7056,20,7054,50,7058,50,7060,100,7062,150
1650227,NASDAQ-SIMP,10025,50,10024,100,10023,150,10027,50,10028,100,10029,150
1650227,NASDAQ-ZITO,7918,50,7917,100,7916,150,7920,50,7921,100,7922,150
1650468,NASDAQ-CARD,10589,71,10588,200,10587,250,10593,50,10594,100,10595,150
1650468,NASDAQ-DLKV,9835,20,9834,150,9833,200,9838,50,9839,100,9840,150
1650468,NASDAQ-ETFB,11451,50,11449,100,11447,150,11457,89,11459,150,11461,200
1650468,NASDAQ-ETFB3,9628,49,9627,100,9626,150,9630,49,9631,100,9632,150
1650468,NASDAQ-FSR,9373,50,9371,100,9369,150,9377,50,9379,100,9381,150
1650468,NASDAQ-GOLD,10028,50,10026,100,10024,150,10034,75,10036,205,10038,200
1650468,NASDAQ-HT,10619,20,10601,20,10458,11,10650,55,10686,50,10688,100
1650468,NASDAQ-INA,10562,30,10560,100,10558,150,10566,50,10568,120,10570,150
1650468,NASDAQ-KOTD,8460,50,8458,100,8457,3,8464,50,8466,100,8468,150
1650468,NASDAQ-NGUP,7067,40,7065,100,7063,150,7071,50,7073,100,7075,150
1650468,NASDAQ-SIMP,9985,49,9984,100,9983,222,9987,49,9988,100,9989,150
1650468,NASDAQ-ZITO,7916,50,7915,100,7914,150,7919,70,7920,150,7921,200
1650585,NASDAQ-CARD,10586,50,10585,100,10584,150,10588,50,10589,100,10590,150
1650585,NASDAQ-DLKV,9861,50,9860,100,9859,150,9863,50,9864,100,9865,150
1650585,NASDAQ-ETFB,11451,13,11449,100,11447,150,11457,99,11459,150,11461,200
1650585,NASDAQ-ETFB3,9624,106,9618,3,9612,3,9632,13,9633,200,9634,250
1650585,NASDAQ-FSR,9367,50,9365,100,9363,150,9371,6,9373,100,9375,150
1650585,NASDAQ-GOLD,10053,95,10051,150,10049,200,10059,50,10061,100,10063,150
1650585,NASDAQ-HT,10663,8,10661,150,10659,200,10669,50,10671,100,10673,150
1650585,NASDAQ-INA,10595,30,10593,100,10591,150,10599,50,10601,100,10603,150
1650585,NASDAQ-KOTD,8472,50,8470,100,8468,150,8476,50,8478,100,8480,150
1650585,NASDAQ-NGUP,7051,20,7049,50,7047,100,7053,10,7055,100,7057,150
1650585,NASDAQ-SIMP,10003,49,10002,100,10001,150,10005,49,10006,100,10007,150
1650585,NASDAQ-ZITO,7952,20,7951,100,7950,150,7954,50,7955,100,7956,150
1650845,NASDAQ-CARD,10598,22,10597,150,10596,200,10601,50,10602,100,10603,150
1650845,NASDAQ-DLKV,9842,18,9841,100,9840,150,9846,9,9847,200,9848,250
1650845,NASDAQ-ETFB,11449,100,11447,150,11445,200,11455,50,11457,100,11459,150
1650845,NASDAQ-ETFB3,9626,150,9625,200,9624,250,9634,54,9636,80,9671,16
1650845,NASDAQ-FSR,9355,50,9354,20,9353,120,9361,70,9363,150,9365,200
1650845,NASDAQ-GOLD,10051,50,10049,100,10047,150,10055,50,10057,100,10059,150
1650845,NASDAQ-HT,10637,50,10635,100,10633,150,10643,90,10645,150,10647,200
1650845,NASDAQ-INA,10562,50,10560,100,10558,150,10566,50,10568,100,10570,150
1650845,NASDAQ-KOTD,8446,50,8444,100,8442,150,8450,50,8452,100,8454,150
1650845,NASDAQ-NGUP,7045,50,7043,100,7042,20,7049,20,7051,100,7052,35
1650845,NASDAQ-SIMP,10005,20,10004,100,10003,150,10007,50,10008,100,10009,150
1650845,NASDAQ-ZITO,7923,50,7922,100,7921,150,7925,50,7926,100,7927,150
1651114,NASDAQ-CARD,10479,50,10478,100,10477,150,10481,50,10482,100,10483,150
1651114,NASDAQ-DLKV,9870,52,9869,150,9868,200,9873,50,9874,101,9875,150
1651114,NASDAQ-ETFB,11453,34,11451,150,11449,200,11459,50,11461,100,11463,150
1651114,NASDAQ-ETFB3,9622,50,9621,100,9620,150,9624,50,9625,100,9626,150
1651114,NASDAQ-FSR,9361,80,9360,50,9358,100,9364,50,9366,100,9368,150
1651114,NASDAQ-GOLD,10025,50,10023,100,10021,150,10033,100,10035,200,10037,250
1651114,NASDAQ-HT,10647,164,10619,40,10601,20,10659,50,10661,100,10662,10
1651114,NASDAQ-INA,10587,50,10585,100,10583,150,10591,50,10593,100,10595,150
1651114,NASDAQ-KOTD,8462,50,8460,100,8458,150,8466,50,8468,100,8470,150
1651114,NASDAQ-NGUP,7043,50,7041,100,7039,150,7047,50,7049,100,7051,150
1651114,NASDAQ-SIMP,10014,167,10013,250,9988,10,10019,50,10020,100,10021,150
1651114,NASDAQ-ZITO,7895,50,7894,100,7893,150,7901,219,7925,30,7984,20
1651387,NASDAQ-CARD,10469,50,10468,100,10467,150,10471,10,10472,100,10473,150
1651387,NASDAQ-DLKV,9841,50,9840,100,9839,150,9845,29,9846,200,9847,250
1651387,NASDAQ-ETFB,11453,5,11451,150,11449,200,11459,50,11461,100,11463,150
1651387,NASDAQ-ETFB3,9650,37,9649,150,9648,200,9653,50,9654,100,9655,150
1651387,NASDAQ-FSR,9339,70,9337,100,9335,150,9347,100,9349,200,9351,250
1651387,NASDAQ-GOLD,10036,120,10034,200,10032,250,10044,50,10046,100,10048,150
1651387,NASDAQ-HT,10611,50,10609,100,10607,150,10615,10,10617,100,10619,150
1651387,NASDAQ-INA,10552,50,10550,100,10548,150,10556,50,10558,100,10560,150
1651387,NASDAQ-KOTD,8446,50,8444,100,8442,150,8450,47,8452,100,8454,150
1651387,NASDAQ-NGUP,7033,50,7031,100,7029,150,7037,50,7039,100,7041,150
1651387,NASDAQ-SIMP,10007,50,10006,100,10005,150,10010,59,10011,150,10012,200
1651387,NASDAQ-ZITO,7908,150,7907,200,7906,250,7914,60,7915,200,7916,250
1651648,NASDAQ-CARD,10464,50,10463,100,10462,150,10466,34,10467,100,10468,150
1651648,NASDAQ-DLKV,9885,94,9884,150,9883,200,9888,50,9889,100,9890,150
1651648,NASDAQ-ETFB,11453,100,11451,150,11449,200,11461,100,11463,150,11465,200
1651648,NASDAQ-ETFB3,9618,3,9612,3,9610,100,9654,100,9655,150,9656,200
1651648,NASDAQ-FSR,9384,100,9382,200,9380,250,9392,50,9394,100,9396,150
1651648,NASDAQ-GOLD,10056,50,10054,100,10052,150,10060,50,10062,100,10064,150
1651648,NASDAQ-HT,10585,50,10583,100,10581,150,10591,80,10593,150,10595,200
1651648,NASDAQ-INA,10512,50,10510,100,10508,150,10516,28,10518,100,10520,150
1651648,NASDAQ-KOTD,8441,60,8439,200,8437,250,8449,28,8451,100,8453,150
1651648,NASDAQ-NGUP,7046,154,7044,250,7016,20,7049,1,7056,50,7058,100
1651648,NASDAQ-SIMP,9995,50,9994,100,9993,150,9997,50,9998,100,9999,150
1651648,NASDAQ-ZITO,7899,50,7898,100,7897,150,7905,220,7912,200,7925,30
1651881,NASDAQ-CARD,10458,50,10457,100,10456,150,10464,226,10586,30,10600,72
1651881,NASDAQ-DLKV,9881,50,9880,100,9879,150,9884,70,9885,230,9886,200
1651881,NASDAQ-ETFB,11468,50,11466,100,11464,150,11472,50,11474,100,11476,150
1651881,NASDAQ-ETFB3,9650,54,9649,150,9648,200,9653,50,9654,100,9655,150
1651881,NASDAQ-FSR,9378,50,9376,100,9374,150,9382,50,9384,141,9386,150
1651881,NASDAQ-GOLD,10049,50,10047,100,10045,150,10053,50,10055,100,10057,150
1651881,NASDAQ-HT,10606,50,10604,100,10602,150,10610,50,10612,100,10614,150
1651881,NASDAQ-INA,10517,41,10515,150,10513,200,10523,50,10525,100,10527,150
1651881,NASDAQ-KOTD,8463,89,8461,150,8459,200,8469,50,8471,100,8473,150
1651881,NASDAQ-NGUP,7030,50,7028,100,7026,150,7034,50,7036,100,7038,150
1651881,NASDAQ-SIMP,9997,50,9996,100,9995,150,9999,50,10000,100,10001,150
1651881,NASDAQ-ZITO,7893,50,7892,100,7891,150,7895,50,7896,100,7897,150
1652122,NASDAQ-CARD,10580,4,10579,100,10578,150,10582,50,10583,100,10584,150
1652122,NASDAQ-DLKV,9888,10,9887,150,9886,200,9891,50,9892,100,9893,150
1652122,NASDAQ-ETFB,11466,100,11464,150,11462,200,11474,100,11476,150,11478,200
1652122,NASDAQ-ETFB3,9635,50,9634,100,9633,150,9637,50,9638,100,9639,150
1652122,NASDAQ-FSR,9385,48,9383,150,9381,200,9391,50,9393,100,9395,150
1652122,NASDAQ-GOLD,10049,50,10047,150,10045,200,10055,50,10057,100,10059,150
1652122,NASDAQ-HT,10618,100,10616,250,10458,11,10628,50,10630,100,10632,150
1652122,NASDAQ-INA,10562,30,10560,100,10558,150,10566,50,10568,100,10570,150
1652122,NASDAQ-KOTD,8458,100,8456,150,8454,200,8466,100,8468,150,8470,200
1652122,NASDAQ-NGUP,7046,59,7044,150,7042,200,7049,3,7052,50,7054,100
1652122,NASDAQ-SIMP,10010,10,10009,150,10008,200,10013,50,10014,100,10015,150
1652122,NASDAQ-ZITO,7894,38,7893,200,7892,250,7898,50,7899,100,7900,150
1652377,NASDAQ-CARD,10573,50,10572,100,10571,150,10575,50,10576,100,10577,150
1652377,NASDAQ-DLKV,9913,22,9912,100,9911,150,9915,50,9916,100,9917,150
1652377,NASDAQ-ETFB,11461,180,11459,150,11457,200,11469,30,11471,150,11473,200
1652377,NASDAQ-ETFB3,9618,3,9617,50,9616,100,9620,96,9621,150,9622,200
1652377,NASDAQ-FSR,9412,2,9410,100,9408,150,9416,50,9418,108,9420,150
1652377,NASDAQ-GOLD,10056,50,10054,100,10052,150,10060,50,10062,100,10064,150
1652377,NASDAQ-HT,10615,150,10613,200,10611,250,10623,50,10625,100,10627,150
1652377,NASDAQ-INA,10511,50,10509,100,10507,150,10515,45,10517,100,10519,150
1652377,NASDAQ-KOTD,8423,50,8421,100,8419,150,8427,50,8429,100,8431,150
1652377,NASDAQ-NGUP,7027,50,7025,100,7023,150,7033,76,7035,150,7037,200
1652377,NASDAQ-SIMP,9988,9,9987,100,9986,100,9990,79,9991,150,9992,200
1652377,NASDAQ-ZITO,7911,12,7910,100,7909,150,7912,200,7913,50,7914,100
1652613,NASDAQ-CARD,10579,50,10578,150,10577,200,10582,50,10583,100,10584,150
1652613,NASDAQ-DLKV,9902,50,9901,100,9900,150,9906,64,9907,200,9908,250
1652613,NASDAQ-ETFB,11469,80,11468,50,11466,100,11472,50,11474,100,11476,150
1652613,NASDAQ-ETFB3,9623,50,9622,100,9621,150,9626,100,9627,150,9628,200
1652613,NASDAQ-FSR,9384,40,9382,100,9380,150,9388,50,9390,100,9392,150
1652613,NASDAQ-GOLD,10039,50,10037,100,10035,150,10043,30,10045,100,10047,150
1652613,NASDAQ-HT,10631,161,10629,250,10596,20,10641,50,10643,100,10645,150
1652613,NASDAQ-INA,10507,50,10505,100,10503,150,10511,50,10513,100,10515,150
1652613,NASDAQ-KOTD,8426,140,8424,200,8422,250,8434,50,8436,100,8438,150
1652613,NASDAQ-NGUP,7026,50,7024,100,7022,150,7032,83,7034,150,7036,200
1652613,NASDAQ-SIMP,10004,99,10003,150,10002,200,10007,49,10008,100,10009,150
1652613,NASDAQ-ZITO,7914,38,7913,100,7912,150,7916,50,7917,100,7918,150
1652820,NASDAQ-CARD,10576,50,10575,100,10574,150,10579,30,10580,150,10581,200
1652820,NASDAQ-DLKV,9886,50,9885,100,9884,150,9890,144,9891,200,9892,250
1652820,NASDAQ-ETFB,11464,4,11462,100,11461,80,11472,64,11474,200,11476,250
1652820,NASDAQ-ETFB3,9621,59,9620,200,9619,250,9623,30,9625,50,9626,100
1652820,NASDAQ-FSR,9396,10,9394,100,9392,150,9400,50,9402,100,9404,150
1652820,NASDAQ-GOLD,10019,50,10018,20,10017,100,10029,113,10031,250,10039,100
1652820,NASDAQ-HT,10626,50,10624,100,10622,150,10630,50,10632,100,10634,150
1652820,NASDAQ-INA,10544,50,10542,100,10540,150,10548,50,10550,100,10552,150
1652820,NASDAQ-KOTD,8424,50,8422,100,8420,150,8434,200,8436,250,8446,20
1652820,NASDAQ-NGUP,7038,50,7036,100,7034,150,7042,50,7044,100,7046,150
1652820,NASDAQ-SIMP,10009,49,10008,100,10007,174,10011,49,10012,100,10013,150
1652820,NASDAQ-ZITO,7903,50,7902,100,7901,150,7908,112,7909,250,7925,30
1653058,NASDAQ-CARD,10808,100,10807,150,10806,200,10811,50,10812,100,10813,150
1653058,NASDAQ-DLKV,9887,50,9886,150,9885,200,9892,10,9893,200,9894,250
1653058,NASDAQ-ETFB,11462,86,11461,80,11460,150,11472,57,11474,200,11476,250
1653058,NASDAQ-ETFB3,9615,50,9614,100,9613,150,9617,50,9618,100,9619,150
1653058,NASDAQ-FSR,9383,50,9381,100,9379,150,9387,10,9389,100,9391,150
1653058,NASDAQ-GOLD,10015,20,10012,50,10010,100,10022,65,10024,250,10039,100
1653058,NASDAQ-HT,10638,136,10636,250,10605,20,10647,150,10648,50,10650,100
1653058,NASDAQ-INA,10503,50,10501,100,10499,150,10509,90,10511,150,10513,200
1653058,NASDAQ-KOTD,8427,50,8425,100,8423,150,8437,200,8439,250,8446,20
1653058,NASDAQ-NGUP,7050,50,7048,100,7046,150,7053,1,7054,50,7056,100
1653058,NASDAQ-SIMP,9993,23,9992,100,9991,150,9997,111,9998,200,9999,250
1653058,NASDAQ-ZITO,7939,11,7938,150,7937,200,7942,50,7943,100,7944,150
1653318,NASDAQ-CARD,10822,50,10821,100,10820,150,10824,50,10825,100,10826,150
1653318,NASDAQ-DLKV,9907,70,9906,150,9905,200,9910,50,9911,100,9912,150
1653318,NASDAQ-ETFB,11473,50,11472,249,11471,100,11477,50,11479,100,11481,150
1653318,NASDAQ-ETFB3,9615,50,9614,100,9613,150,9619,150,9620,200,9621,270
1653318,NASDAQ-FSR,9374,50,9372,100,9370,150,9380,30,9382,150,9384,200
1653318,NASDAQ-GOLD,10012,50,10010,100,10008,150,10015,80,10016,50,10018,100
1653318,NASDAQ-HT,10639,50,10637,100,10635,150,10643,50,10645,100,10647,212
1653318,NASDAQ-INA,10516,50,10514,100,10512,150,10520,50,10522,100,10524,150
1653318,NASDAQ-KOTD,8437,50,8435,100,8434,50,8441,50,8443,100,8445,150
1653318,NASDAQ-NGUP,7048,50,7046,100,7044,150,7052,50,7054,100,7056,150
1653318,NASDAQ-SIMP,9977,49,9976,100,9975,150,9979,49,9980,100,9981,150
1653318,NASDAQ-ZITO,7934,50,7933,100,7932,150,7936,50,7937,100,7938,150
1653570,NASDAQ-CARD,10811,50,10810,100,10809,150,10814,72,10815,150,10816,200
1653570,NASDAQ-DLKV,9902,50,9901,100,9900,150,9907,165,9908,250,10094,5
1653570,NASDAQ-ETFB,11473,21,11472,249,11471,100,11477,50,11479,100,11481,150
1653570,NASDAQ-ETFB3,9615,50,9614,100,9613,150,9620,60,9621,270,9648,15
1653570,NASDAQ-FSR,9419,74,9417,150,9415,200,9425,50,9427,100,9429,150
1653570,NASDAQ-GOLD,10004,50,10002,100,10000,150,10014,200,10016,250,10039,100
1653570,NASDAQ-HT,10665,113,10605,18,10596,20,10677,50,10679,100,10681,150
1653570,NASDAQ-INA,10496,50,10494,100,10492,150,10502,100,10504,150,10506,200
1653570,NASDAQ-KOTD,8454,32,8452,100,8450,150,8458,50,8460,100,8462,150
1653570,NASDAQ-NGUP,7059,50,7057,100,7055,150,7063,50,7065,100,7067,150
1653570,NASDAQ-SIMP,9980,1,9979,200,9978,250,9986,90,9987,200,9988,250
1653570,NASDAQ-ZITO,7970,80,7969,150,7968,200,7973,50,7974,100,7975,150
1653838,NASDAQ-CARD,10813,100,10812,150,10811,200,10816,50,10817,100,10818,150
1653838,NASDAQ-DLKV,9917,50,9916,150,9915,200,9920,50,9921,100,9922,150
1653838,NASDAQ-ETFB,11472,249,11471,100,11469,150,11479,100,11481,150,11482,17
1653838,NASDAQ-ETFB3,9602,60,9601,126,9600,150,9604,50,9605,100,9606,150
1653838,NASDAQ-FSR,9394,50,9392,100,9390,150,9400,13,9402,150,9404,200
1653838,NASDAQ-GOLD,9958,50,9957,100,9956,150,9964,200,10007,20,10039,100
1653838,NASDAQ-HT,10664,60,10662,150,10660,200,10670,40,10672,100,10674,150
1653838,NASDAQ-INA,10528,23,10526,100,10524,150,10532,50,10534,100,10536,150
1653838,NASDAQ-KOTD,8463,50,8461,150,8459,200,8469,50,8471,100,8473,150
1653838,NASDAQ-NGUP,7051,50,7049,100,7047,170,7055,50,7057,100,7059,150
1653838,NASDAQ-SIMP,9971,20,9970,50,9969,100,9991,8,9996,72,10040,100
1653838,NASDAQ-ZITO,7948,30,7947,100,7946,150,7952,150,7953,200,7954,250
1654136,NASDAQ-CARD,10814,7,10813,100,10812,190,10817,71,10818,150,10819,200
1654136,NASDAQ-DLKV,9940,89,9939,150,9938,200,9943,50,9944,100,9945,150
1654136,NASDAQ-ETFB,11452,55,11448,50,11446,100,11458,30,11460,250,11482,17
1654136,NASDAQ-ETFB3,9606,33,9602,51,9601,126,9608,51,9648,15,9671,16
1654136,NASDAQ-FSR,9388,50,9386,100,9384,150,9398,55,9400,250,9434,10
1654136,NASDAQ-GOLD,9975,50,9974,100,9973,150,9977,50,9978,100,9979,150
1654136,NASDAQ-HT,10656,100,10654,150,10652,200,10662,50,10664,100,10666,150
1654136,NASDAQ-INA,10511,50,10509,100,10507,150,10521,50,10523,250,10524,11
1654136,NASDAQ-KOTD,8441,100,8440,50,8438,100,8444,50,8446,100,8448,150
1654136,NASDAQ-NGUP,7054,50,7052,100,7050,150,7058,50,7060,100,7062,150
1654136,NASDAQ-SIMP,9981,59,9980,200,9979,250,9988,179,9989,250,9996,72
1654136,NASDAQ-ZITO,7964,20,7963,100,7962,150,7966,50,7967,100,7968,150
1654442,NASDAQ-CARD,10839,44,10838,150,10837,200,10842,50,10843,100,10844,150
1654442,NASDAQ-DLKV,9891,50,9890,100,9889,150,9894,100,9895,150,9896,200
1654442,NASDAQ-ETFB,11439,50,11437,100,11435,150,11451,4,11482,17,11536,50
1654442,NASDAQ-ETFB3,9602,50,9601,126,9600,150,9606,103,9607,200,9608,250
1654442,NASDAQ-FSR,9413,50,9411,100,9409,150,9417,50,9419,100,9421,150
1654442,NASDAQ-GOLD,9984,90,9983,150,9982,200,9987,50,9988,100,9989,150
1654442,NASDAQ-HT,10696,100,10694,200,10692,250,10704,50,10706,100,10708,150
1654442,NASDAQ-INA,10537,16,10535,100,10533,150,10538,20,10541,50,10543,100
1654442,NASDAQ-KOTD,8444,50,8427,50,8425,100,8459,11,8512,20,8592,20
1654442,NASDAQ-NGUP,7054,50,7052,100,7050,150,7058,50,7060,100,7062,150
1654442,NASDAQ-SIMP,9964,50,9963,100,9962,150,9970,162,9975,1,9987,144
1654442,NASDAQ-ZITO,7961,50,7960,100,7959,150,7963,50,7964,100,7965,150
1654757,NASDAQ-CARD,10840,148,10839,100,10838,150,10841,216,10843,100,10844,150
1654757,NASDAQ-DLKV,9919,89,9918,150,9917,200,9922,50,9923,100,9924,150
1654757,NASDAQ-ETFB,11446,50,11444,100,11442,150,11452,147,11454,150,11456,200
1654757,NASDAQ-ETFB3,9632,25,9631,100,9630,150,9634,50,9635,100,9636,150
1654757,NASDAQ-FSR,9386,50,9384,100,9382,150,9394,140,9396,200,9398,250
1654757,NASDAQ-GOLD,10004,90,10002,150,10000,200,10010,50,10012,100,10014,150
1654757,NASDAQ-HT,10680,50,10678,100,10676,150,10686,90,10688,150,10690,200
1654757,NASDAQ-INA,10557,61,10555,250,10484,20,10567,50,10569,100,10571,150
1654757,NASDAQ-KOTD,8422,50,8420,100,8418,150,8426,30,8428,100,8430,150
1654757,NASDAQ-NGUP,7059,225,7043,20,7030,20,7071,50,7073,100,7075,152
1654757,NASDAQ-SIMP,9989,200,9988,250,9965,72,9994,50,9995,100,9996,150
1654757,NASDAQ-ZITO,7964,106,7963,250,,,7969,50,7970,100,7971,150
1655062,NASDAQ-CARD,11038,30,11037,100,11036,150,11040,50,11041,100,11042,150
1655062,NASDAQ-DLKV,9886,50,9885,100,9884,150,9888,40,9889,100,9890,150
1655062,NASDAQ-ETFB,11463,42,11461,100,11459,150,11467,50,11469,100,11471,150
1655062,NASDAQ-ETFB3,9619,50,9618,100,9617,150,9621,50,9622,100,9623,150
1655062,NASDAQ-FSR,9419,5,9417,100,9415,150,9423,50,9425,100,9427,150
1655062,NASDAQ-GOLD,10013,10,10011,100,10009,150,10017,50,10019,100,10021,150
1655062,NASDAQ-HT,10666,50,10664,100,10662,170,10670,50,10672,100,10674,150
1655062,NASDAQ-INA,10563,5,10561,100,10559,150,10567,50,10569,100,10571,150
1655062,NASDAQ-KOTD,8434,50,8432,100,8430,150,8438,50,8440,100,8442,150
1655062,NASDAQ-NGUP,7057,100,7055,150,7053,200,7063,50,7065,100,7067,150
1655062,NASDAQ-SIMP,9952,36,9950,50,9949,100,9953,25,9954,150,9955,200
1655062,NASDAQ-ZITO,7970,25,7969,100,7968,150,7972,50,7973,100,7974,150
1655215,NASDAQ-CARD,11039,36,11038,100,11037,150,11041,50,11042,100,11043,150
1655215,NASDAQ-DLKV,9909,50,9908,100,9907,150,9911,50,9912,100,9913,150
1655215,NASDAQ-ETFB,11463,15,11461,100,11459,150,11469,100,11471,150,11473,200
1655215,NASDAQ-ETFB3,9619,50,9618,100,9617,150,9622,100,9623,150,9624,200
1655215,NASDAQ-FSR,9414,50,9412,100,9410,150,9418,25,9420,100,9422,150
1655215,NASDAQ-GOLD,9993,50,9992,100,9991,150,9995,25,9996,100,9997,150
1655215,NASDAQ-HT,10693,100,10691,150,10689,200,10699,50,10701,100,10703,205
1655215,NASDAQ-INA,10549,50,10547,100,10545,150,10553,25,10555,100,10557,150
1655215,NASDAQ-KOTD,8443,50,8441,100,8439,150,8447,50,8449,100,8451,150
1655215,NASDAQ-NGUP,7053,100,7051,150,7050,20,7059,50,7061,100,7063,150
1655215,NASDAQ-SIMP,9969,50,9968,100,9967,150,9972,43,9973,150,9974,200
1655215,NASDAQ-ZITO,7977,25,7976,100,7975,150,7979,50,7980,100,7981,150
1655476,NASDAQ-CARD,11042,50,11041,100,11040,150,11044,50,11045,100,11046,150
1655476,NASDAQ-DLKV,9943,67,9942,150,9941,200,9946,50,9947,100,9948,150
1655476,NASDAQ-ETFB,11490,33,11488,100,11486,150,11494,50,11496,100,11498,150
1655476,NASDAQ-ETFB3,9619,6,9618,100,9617,150,9622,15,9623,150,9624,200
1655476,NASDAQ-FSR,9412,50,9410,100,9408,150,9418,100,9420,150,9422,200
1655476,NASDAQ-GOLD,10007,50,10005,100,10003,150,10011,45,10013,100,10015,150
1655476,NASDAQ-HT,10662,20,10659,50,10657,100,10665,90,10667,150,10669,200
1655476,NASDAQ-INA,10521,50,10519,100,10517,150,10527,75,10529,150,10531,200
1655476,NASDAQ-KOTD,8424,50,8422,100,8420,150,8428,25,8430,100,8432,150
1655476,NASDAQ-NGUP,7060,224,7059,21,7050,20,7072,50,7074,100,7075,2
1655476,NASDAQ-SIMP,9966,50,9965,100,9964,150,9970,122,9971,344,9972,250
1655476,NASDAQ-ZITO,7986,5,7985,150,7984,200,7989,50,7990,100,7991,150
1655732,NASDAQ-CARD,11033,50,11032,100,11031,150,11037,111,11038,200,11039,300
1655732,NASDAQ-DLKV,9943,53,9942,250,9889,10,9949,41,9950,150,9951,200
1655732,NASDAQ-ETFB,11497,127,11495,200,11493,250,11505,50,11507,100,11509,150
1655732,NASDAQ-ETFB3,9618,50,9617,100,9616,150,9622,41,9623,200,9624,250
1655732,NASDAQ-FSR,9406,150,9404,200,9402,250,9416,104,9418,150,9420,200
1655732,NASDAQ-GOLD,10005,50,9977,20,9964,100,10016,55,10017,50,10019,100
1655732,NASDAQ-HT,10656,49,10654,250,10645,20,10670,47,10672,200,10674,250
1655732,NASDAQ-INA,10538,50,10536,100,10534,150,10542,50,10544,100,10546,150
1655732,NASDAQ-KOTD,8424,20,8422,150,8420,200,8436,200,8438,250,8512,20
1655732,NASDAQ-NGUP,7059,50,7057,100,7055,150,7063,50,7065,100,7067,150
1655732,NASDAQ-SIMP,9953,50,9952,100,9951,150,9968,129,9971,180,9975,1
1655732,NASDAQ-ZITO,7986,103,7985,200,7984,250,7990,50,7991,100,7992,150
1656013,NASDAQ-CARD,10847,50,10846,100,10845,150,10849,50,10850,100,10851,150
1656013,NASDAQ-DLKV,9956,96,9955,150,9954,200,9959,50,9960,100,9961,150
1656013,NASDAQ-ETFB,11497,93,11495,200,11493,250,11505,50,11507,100,11509,150
1656013,NASDAQ-ETFB3,9638,50,9637,100,9636,150,9640,50,9641,100,9642,150
1656013,NASDAQ-FSR,9402,49,9400,150,9398,200,9405,10,9408,50,9410,100
1656013,NASDAQ-GOLD,9980,50,9979,100,9978,150,9983,8,9984,150,9985,200
1656013,NASDAQ-HT,10655,50,10653,100,10651,150,10661,53,10663,150,10665,200
1656013,NASDAQ-INA,10531,50,10529,100,10527,150,10539,1,10541,200,10543,250
1656013,NASDAQ-KOTD,8462,49,8460,100,8458,150,8466,50,8468,100,8470,150
1656013,NASDAQ-NGUP,7051,20,7050,20,7048,50,7054,70,7056,150,7058,200
1656013,NASDAQ-SIMP,9967,21,9966,250,9940,20,9975,177,9976,250,9993,108
1656013,NASDAQ-ZITO,7979,135,7978,200,7977,250,7985,11,7986,200,7987,250
1656306,NASDAQ-CARD,10845,3,10844,250,10579,30,10850,50,10851,100,10852,150
1656306,NASDAQ-DLKV,9939,50,9938,100,9937,150,9943,122,9944,200,9945,250
1656306,NASDAQ-ETFB,11499,100,11497,150,11495,200,11507,100,11509,150,11511,200
1656306,NASDAQ-ETFB3,9622,156,9621,50,9620,100,9625,28,9626,200,9627,250
1656306,NASDAQ-FSR,9382,50,9380,100,9378,150,9388,90,9390,150,9392,200
1656306,NASDAQ-GOLD,9998,119,9996,200,9994,250,10006,70,10008,100,10010,150
1656306,NASDAQ-HT,10660,82,10658,150,10656,200,10666,50,10668,100,10670,150
1656306,NASDAQ-INA,10516,50,10515,20,10514,100,10522,57,10524,150,10526,200
1656306,NASDAQ-KOTD,8456,50,8454,100,8452,150,8462,90,8464,150,8466,200
1656306,NASDAQ-NGUP,7050,20,7047,50,7045,100,7053,70,7055,150,7057,200
1656306,NASDAQ-SIMP,9978,167,9977,250,9954,36,9983,50,9984,100,9985,150
1656306,NASDAQ-ZITO,7996,29,7995,150,7994,200,7999,50,8000,100,8001,150
1656643,NASDAQ-CARD,10854,41,10853,250,10579,30,10859,50,10860,100,10861,150
1656643,NASDAQ-DLKV,9946,150,9889,10,9847,5,9952,50,9953,100,9954,150
1656643,NASDAQ-ETFB,11522,50,11520,100,11518,150,11526,42,11528,100,11530,150
1656643,NASDAQ-ETFB3,9621,50,9620,100,9619,150,9626,199,9627,250,9648,15
1656643,NASDAQ-FSR,9408,95,9406,250,9339,20,9416,104,9418,50,9420,100
1656643,NASDAQ-GOLD,9948,50,9947,100,9946,150,9951,40,9952,150,9953,200
1656643,NASDAQ-HT,10672,79,10670,200,10668,250,10680,50,10682,100,10684,150
1656643,NASDAQ-INA,10503,50,10501,100,10499,150,10566,55,10583,1,10714,20
1656643,NASDAQ-KOTD,8474,60,8472,150,8470,200,8480,50,8482,100,8484,150
1656643,NASDAQ-NGUP,7044,50,7042,100,7040,150,7048,50,7049,10,7050,100
1656643,NASDAQ-SIMP,9975,50,9974,100,9973,150,9993,108,10040,94,10042,20
1656643,NASDAQ-ZITO,8001,57,8000,200,7999,250,8005,50,8006,100,8007,150
1656907,NASDAQ-CARD,10856,92,10855,200,10854,250,10861,50,10862,150,10863,200
1656907,NASDAQ-DLKV,9932,30,9931,100,9930,150,9936,86,9937,200,9938,250
1656907,NASDAQ-ETFB,11519,100,11517,150,11515,200,11522,38,11525,50,11527,100
1656907,NASDAQ-ETFB3,9619,50,9618,100,9617,150,9621,7,9622,100,9623,150
1656907,NASDAQ-FSR,9391,30,9389,100,9387,150,9395,25,9397,100,9399,150
1656907,NASDAQ-GOLD,9967,50,9966,100,9965,150,9969,25,9970,100,9971,150
1656907,NASDAQ-HT,10624,50,10622,100,10620,150,10628,20,10630,100,10632,150
1656907,NASDAQ-INA,10478,50,10476,100,10475,20,10482,30,10484,100,10486,150
1656907,NASDAQ-KOTD,8456,30,8454,100,8452,150,8460,50,8462,100,8464,150
1656907,NASDAQ-NGUP,7030,20,7029,50,7027,100,7033,50,7035,100,7036,20
1656907,NASDAQ-SIMP,9981,245,9954,36,9940,20,9990,158,9991,250,9993,108
1656907,NASDAQ-ZITO,7999,30,7998,100,7997,150,8001,40,8002,100,8003,150
1657163,NASDAQ-CARD,10677,50,10676,100,10675,150,10680,100,10681,150,10682,200
1657163,NASDAQ-DLKV,9938,173,9937,250,9889,10,9943,50,9944,100,9945,150
1657163,NASDAQ-ETFB,11519,63,11517,150,11515,200,11525,50,11527,100,11529,150
1657163,NASDAQ-ETFB3,9636,41,9635,100,9634,150,9638,50,9639,100,9640,150
1657163,NASDAQ-FSR,9361,50,9359,100,9357,150,9365,50,9367,100,9369,150
1657163,NASDAQ-GOLD,9975,50,9974,100,9973,150,9977,50,9978,100,9979,150
1657163,NASDAQ-HT,10632,26,10630,250,10605,18,10642,50,10644,100,10646,150
1657163,NASDAQ-INA,10518,50,10516,100,10514,150,10522,50,10524,100,10526,150
1657163,NASDAQ-KOTD,8457,33,8455,200,8453,250,8467,100,8469,150,8471,200
1657163,NASDAQ-NGUP,7026,50,7024,100,7022,150,7032,68,7034,150,7036,220
1657163,NASDAQ-SIMP,9980,4,9954,36,9940,20,10040,94,10042,20,10060,50
1657163,NASDAQ-ZITO,7989,50,7988,100,7987,150,7992,23,7993,150,7994,200
1657442,NASDAQ-CARD,10678,36,10677,50,10676,100,10679,50,10680,100,10681,150
1657442,NASDAQ-DLKV,9954,50,9953,100,9952,150,9956,50,9957,100,9958,150
1657442,NASDAQ-ETFB,11506,50,11504,100,11502,150,11510,50,11512,100,11514,150
1657442,NASDAQ-ETFB3,9631,50,9630,100,9629,150,9633,50,9634,100,9635,150
1657442,NASDAQ-FSR,9369,20,9367,100,9365,150,9373,50,9375,100,9377,150
1657442,NASDAQ-GOLD,9985,50,9984,100,9983,150,9987,50,9988,100,9989,150
1657442,NASDAQ-HT,10597,50,10596,20,10595,100,10601,32,10603,100,10605,150
1657442,NASDAQ-INA,10486,3,10483,50,10481,100,10487,50,10489,100,10491,150
1657442,NASDAQ-KOTD,8463,50,8461,100,8459,150,8467,50,8469,100,8471,150
1657442,NASDAQ-NGUP,7048,25,7046,100,7044,150,7049,10,7051,1,7052,50
1657442,NASDAQ-SIMP,9976,49,9975,100,9974,150,9978,29,9979,100,9980,150
1657442,NASDAQ-ZITO,8004,70,8003,150,8002,200,8007,50,8008,100,8009,150
1657769,NASDAQ-CARD,10684,194,10683,250,10678,130,10689,50,10690,100,10691,150
1657769,NASDAQ-DLKV,9928,50,9927,100,9926,150,9931,87,9932,150,9933,200
1657769,NASDAQ-ETFB,11526,2,11524,200,11522,250,11534,50,11536,150,11538,150
1657769,NASDAQ-ETFB3,9626,150,9625,200,9624,250,9632,100,9633,200,9634,250
1657769,NASDAQ-FSR,9374,140,9372,200,9370,270,9382,50,9384,100,9386,150
1657769,NASDAQ-GOLD,9938,50,9937,100,9936,150,9941,100,9942,150,9943,200
1657769,NASDAQ-HT,10599,160,10597,250,10458,11,10609,70,10611,100,10613,150
1657769,NASDAQ-INA,10461,50,10459,100,10457,150,10473,15,10559,20,10566,55
1657769,NASDAQ-KOTD,8473,20,8471,200,8469,250,8481,50,8483,100,8485,150
1657769,NASDAQ-NGUP,7063,130,7061,250,7032,10,7073,50,7075,100,7077,150
1657769,NASDAQ-SIMP,9996,125,9995,200,9994,250,10000,50,10001,100,10002,150
1657769,NASDAQ-ZITO,8005,80,8004,250,7992,50,8010,50,8011,100,8012,150
1657916,NASDAQ-CARD,10684,134,10683,200,10682,250,10690,150,10691,200,10692,250
1657916,NASDAQ-DLKV,9924,30,9923,100,9922,150,9927,54,9928,150,9929,200
1657916,NASDAQ-ETFB,11515,50,11513,100,11511,150,11519,50,11521,100,11523,150
1657916,NASDAQ-ETFB3,9652,35,9651,100,9650,150,9654,50,9655,201,9656,150
1657916,NASDAQ-FSR,9390,30,9388,100,9386,150,9394,50,9396,100,9398,150
1657916,NASDAQ-GOLD,9960,30,9959,100,9958,150,9962,50,9963,100,9964,150
1657916,NASDAQ-HT,10594,30,10592,100,10590,150,10598,50,10600,100,10602,150
1657916,NASDAQ-INA,10443,50,10441,100,10439,150,10447,40,10449,100,10451,170
1657916,NASDAQ-KOTD,8492,80,8490,150,8488,200,8493,5,8498,50,8500,100
1657916,NASDAQ-NGUP,7072,50,7070,100,7068,150,7076,50,7078,100,7080,200
1657916,NASDAQ-SIMP,10013,20,10012,100,10011,150,10015,50,10016,100,10017,150
1657916,NASDAQ-ZITO,8024,20,8023,100,8022,150,8026,50,8027,100,8028,150
1658204,NASDAQ-CARD,10754,14,10753,100,10752,150,10756,50,10757,100,10758,150
1658204,NASDAQ-DLKV,9940,70,9939,150,9938,200,9943,50,9944,100,9945,150
1658204,NASDAQ-ETFB,11521,50,11519,100,11517,150,11525,50,11526,16,11527,100
1658204,NASDAQ-ETFB3,9652,35,9651,100,9650,150,9655,100,9656,150,9657,200
1658204,NASDAQ-FSR,9398,80,9396,150,9394,200,9404,50,9406,100,9408,150
1658204,NASDAQ-GOLD,9974,50,9973,150,9972,200,9977,50,9978,100,9979,150
1658204,NASDAQ-HT,10585,50,10583,100,10581,150,10589,40,10591,100,10593,150
1658204,NASDAQ-INA,10463,15,10461,100,10459,150,10467,50,10469,100,10471,150
1658204,NASDAQ-KOTD,8513,30,8511,100,8509,150,8517,50,8519,100,8521,150
1658204,NASDAQ-NGUP,7072,25,7070,100,7068,150,7078,100,7080,200,7082,200
1658204,NASDAQ-SIMP,9999,50,9998,100,9997,150,10003,80,10004,200,10005,250
1658204,NASDAQ-ZITO,8036,20,8035,100,8034,150,8038,50,8039,100,8040,150
1658479,NASDAQ-CARD,10772,50,10771,150,10770,200,10775,50,10776,100,10777,150
1658479,NASDAQ-DLKV,9928,50,9927,100,9926,150,9933,106,9934,250,10094,5
1658479,NASDAQ-ETFB,11519,100,11517,150,11515,200,11529,12,11531,200,11533,250
1658479,NASDAQ-ETFB3,9638,50,9637,100,9636,150,9644,104,9652,34,9671,16
1658479,NASDAQ-FSR,9417,50,9415,100,9413,150,9421,50,9423,100,9425,150
1658479,NASDAQ-GOLD,9960,50,9959,100,9958,150,9963,100,9964,150,9965,200
1658479,NASDAQ-HT,10617,99,10615,200,10613,250,10625,50,10627,100,10629,150
1658479,NASDAQ-INA,10518,40,10516,100,10514,150,10522,50,10524,100,10526,150
1658479,NASDAQ-KOTD,8530,50,8528,100,8526,150,8534,50,8536,100,8538,150
1658479,NASDAQ-NGUP,7076,96,7074,200,7072,250,7083,30,7084,50,7085,1
1658479,NASDAQ-SIMP,9987,50,9986,100,9985,150,9992,11,9993,250,10002,108
1658479,NASDAQ-ZITO,8014,50,8013,100,8012,150,8016,20,8017,100,8018,150
1658783,NASDAQ-CARD,10749,50,10748,100,10747,150,10752,56,10753,150,10754,200
1658783,NASDAQ-DLKV,9965,110,9964,200,9963,250,9969,50,9970,100,9971,150
1658783,NASDAQ-ETFB,11533,50,11531,100,11529,150,11536,50,11537,50,11539,100
1658783,NASDAQ-ETFB3,9646,50,9645,100,9644,150,9650,58,9651,200,9652,284
1658783,NASDAQ-FSR,9463,76,9461,150,9459,200,9469,50,9471,100,9472,3
1658783,NASDAQ-GOLD,9961,30,9960,100,9959,150,9965,150,9966,200,9967,250
1658783,NASDAQ-HT,10593,50,10591,100,10589,150,10599,80,10601,150,10603,200
1658783,NASDAQ-INA,10470,50,10468,100,10466,150,10474,24,10476,100,10478,150
1658783,NASDAQ-KOTD,8523,30,8521,100,8519,150,8533,54,8534,30,8535,250
1658783,NASDAQ-NGUP,7093,43,7091,100,7089,150,7097,50,7099,100,7100,1
1658783,NASDAQ-SIMP,9990,120,9989,250,9988,36,9998,2,9999,250,10002,44
1658783,NASDAQ-ZITO,8049,132,8048,200,8047,250,8053,50,8054,100,8055,350
1659139,NASDAQ-CARD,10822,118,10821,200,10820,250,10826,50,10827,100,10828,150
1659139,NASDAQ-DLKV,9952,50,9951,100,9950,150,9954,50,9955,100,9956,150
1659139,NASDAQ-ETFB,11529,98,11527,200,11525,250,11537,50,11539,100,11541,150
1659139,NASDAQ-ETFB3,9626,50,9625,100,9624,150,9631,86,9632,250,9652,34
1659139,NASDAQ-FSR,9442,50,9440,100,9438,150,9446,50,9448,100,9450,150
1659139,NASDAQ-GOLD,9965,40,9964,250,9963,50,9972,150,9973,200,9974,250
1659139,NASDAQ-HT,10588,100,10586,150,10584,200,10596,60,10598,150,10600,200
1659139,NASDAQ-INA,10441,50,10439,100,10437,150,10447,6,10449,150,10451,200
1659139,NASDAQ-KOTD,8505,50,8503,100,8501,150,8509,17,8511,100,8513,150
1659139,NASDAQ-NGUP,7083,50,7081,100,7079,150,7087,50,7089,100,7091,150
1659139,NASDAQ-SIMP,10000,240,9992,50,9991,36,10008,90,10009,200,10010,250
1659139,NASDAQ-ZITO,8008,50,8007,100,8006,150,8011,70,8012,150,8013,200
1659431,NASDAQ-CARD,10819,50,10818,150,10817,200,10823,20,10824,150,10825,200
1659431,NASDAQ-DLKV,10011,100,10009,150,10007,200,10017,50,10019,100,10021,150
1659431,NASDAQ-ETFB,11518,50,11516,100,11514,150,11522,50,11524,100,11526,150
1659431,NASDAQ-ETFB3,9626,50,9625,100,9624,150,9631,90,9632,250,9652,34
1659431,NASDAQ-FSR,9508,30,9506,100,9504,150,9512,50,9514,100,9516,150
1659431,NASDAQ-GOLD,9950,50,9949,100,9948,150,9953,39,9954,150,9955,200
1659431,NASDAQ-HT,10572,20,10569,50,10567,100,10573,30,10575,100,10577,150
1659431,NASDAQ-INA,10450,20,10448,100,10446,150,10454,50,10456,100,10458,150
1659431,NASDAQ-KOTD,8518,30,8516,100,8514,150,8522,50,8524,100,8526,150
1659431,NASDAQ-NGUP,7089,50,7087,100,7085,150,7093,50,7095,100,7097,150
1659431,NASDAQ-SIMP,9997,115,9996,250,9978,100,10004,54,10005,200,10006,250
1659431,NASDAQ-ZITO,8019,40,8018,100,8017,150,8021,50,8022,100,8023,150
1659738,NASDAQ-CARD,10835,42,10834,150,10833,200,10838,50,10839,100,10840,150
1659738,NASDAQ-DLKV,9985,30,9984,100,9983,150,9988,60,9989,150,9990,200
1659738,NASDAQ-ETFB,11522,30,11518,50,11516,100,11524,100,11526,150,11528,200
1659738,NASDAQ-ETFB3,9630,50,9629,100,9628,150,9635,176,9636,250,9652,34
1659738,NASDAQ-FSR,9500,50,9498,100,9496,150,9504,20,9506,100,9508,150
1659738,NASDAQ-GOLD,9934,50,9933,100,9932,150,9937,20,9938,150,9939,200
1659738,NASDAQ-HT,10563,50,10561,100,10559,150,10567,20,10569,100,10571,150
1659738,NASDAQ-INA,10452,65,10450,200,10448,250,10460,50,10462,100,10464,150
1659738,NASDAQ-KOTD,8545,12,8543,100,8541,150,8549,50,8551,100,8553,150
1659738,NASDAQ-NGUP,7077,50,7075,100,7073,150,7081,40,7083,100,7085,150
1659738,NASDAQ-SIMP,9996,100,9995,150,9994,200,9999,19,10000,100,10001,150
1659738,NASDAQ-ZITO,7993,50,7992,100,7991,150,7995,30,7996,100,7997,150
1660043,NASDAQ-CARD,10955,68,10954,150,10953,200,10958,50,10959,100,10960,150
1660043,NASDAQ-DLKV,10029,90,10027,200,10025,250,10037,50,10039,100,10041,150
1660043,NASDAQ-ETFB,11522,30,11520,50,11518,100,11526,100,11528,150,11530,200
1660043,NASDAQ-ETFB3,9620,42,9619,100,9618,150,9624,127,9625,200,9626,250
1660043,NASDAQ-FSR,9514,97,9512,200,9510,250,9522,50,9524,100,9526,150
1660043,NASDAQ-GOLD,9942,30,9941,100,9940,150,9944,40,9945,100,9946,150
1660043,NASDAQ-HT,10601,55,10599,150,10597,200,10607,50,10609,100,10611,150
1660043,NASDAQ-INA,10470,59,10468,150,10466,200,10476,50,10478,100,10480,150
1660043,NASDAQ-KOTD,8524,50,8523,30,8522,100,8536,70,8541,6,8573,45
1660043,NASDAQ-NGUP,7089,130,7087,200,7085,250,7091,40,7097,50,7099,100
1660043,NASDAQ-SIMP,10002,54,10001,250,9978,100,10007,193,10008,100,10009,150
1660043,NASDAQ-ZITO,7982,50,7981,100,7980,150,7984,13,7985,100,7986,150
1660356,NASDAQ-CARD,10916,50,10915,100,10914,150,10920,52,10921,200,10922,250
1660356,NASDAQ-DLKV,10019,30,10017,100,10015,150,10023,50,10025,162,10027,150
1660356,NASDAQ-ETFB,11522,30,11520,50,11518,100,11530,60,11532,250,11536,1
1660356,NASDAQ-ETFB3,9620,25,9619,100,9618,150,9626,158,9671,16,9717,175
1660356,NASDAQ-FSR,9573,100,9571,150,9569,200,9579,60,9580,100,9581,100
1660356,NASDAQ-GOLD,9935,50,9934,100,9933,150,9937,20,9938,100,9939,150
1660356,NASDAQ-HT,10564,50,10562,100,10560,150,10572,137,10574,200,10576,250
1660356,NASDAQ-INA,10466,50,10464,100,10462,150,10470,25,10472,100,10474,150
1660356,NASDAQ-KOTD,8550,25,8548,100,8546,150,8556,20,8558,150,8560,200
1660356,NASDAQ-NGUP,7071,50,7069,100,7067,150,7075,50,7077,100,7079,150
1660356,NASDAQ-SIMP,10003,115,9978,100,9954,56,10010,100,10011,150,10012,200
1660356,NASDAQ-ZITO,8012,140,8011,200,8010,250,8016,50,8017,100,8018,150
1660708,NASDAQ-CARD,10928,100,10927,150,10926,200,10931,50,10932,100,10933,150
1660708,NASDAQ-DLKV,10019,90,10017,150,10015,200,10029,59,10031,200,10033,250
1660708,NASDAQ-ETFB,11562,30,11560,100,11558,150,11566,50,11568,100,11570,150
1660708,NASDAQ-ETFB3,9657,49,9656,100,9655,150,9661,118,9662,200,9663,250
1660708,NASDAQ-FSR,9556,50,9554,100,9552,150,9560,50,9562,120,9564,150
1660708,NASDAQ-GOLD,9897,50,9896,100,9895,150,9899,10,9900,100,9901,150
1660708,NASDAQ-HT,10631,26,10629,150,10627,200,10637,50,10639,100,10641,150
1660708,NASDAQ-INA,10443,20,10426,20,10328,10,10462,60,10472,50,10474,100
1660708,NASDAQ-KOTD,8558,90,8556,150,8554,200,8572,40,8573,45,8592,20
1660708,NASDAQ-NGUP,7095,50,7093,100,7091,150,7099,50,7100,1,7101,103
1660708,NASDAQ-SIMP,10020,49,10019,100,10018,150,10022,49,10023,100,10024,150
1660708,NASDAQ-ZITO,8003,50,8002,100,8001,150,8005,50,8006,100,8007,150
1661016,NASDAQ-CARD,11107,198,10929,72,10920,30,11113,50,11114,100,11115,150
1661016,NASDAQ-DLKV,10032,132,10030,200,10028,250,10040,50,10042,100,10044,150
1661016,NASDAQ-ETFB,11558,123,11556,200,11554,250,11566,50,11568,100,11570,150
1661016,NASDAQ-ETFB3,9651,50,9650,100,9649,150,9654,72,9655,150,9656,200
1661016,NASDAQ-FSR,9605,50,9603,100,9601,150,9609,75,9611,100,9613,150
1661016,NASDAQ-GOLD,9897,50,9896,100,9895,150,9901,150,9902,200,9903,250
1661016,NASDAQ-HT,10607,50,10605,100,10603,150,10611,20,10613,100,10615,150
1661016,NASDAQ-INA,10518,29,10516,100,10514,150,10521,38,10522,50,10524,100
1661016,NASDAQ-KOTD,8602,30,8600,100,8598,150,8606,50,8608,100,8610,150
1661016,NASDAQ-NGUP,7101,100,7099,150,7097,200,7107,50,7109,100,7111,150
1661016,NASDAQ-SIMP,10035,41,10034,250,9978,100,10040,144,10041,100,10042,170
1661016,NASDAQ-ZITO,8020,40,8019,150,8018,200,8021,180,8023,50,8024,100
1661303,NASDAQ-CARD,11095,50,11094,100,11093,150,11097,14,11098,100,11099,150
1661303,NASDAQ-DLKV,10025,50,10023,100,10021,150,10033,20,10035,200,10037,250
1661303,NASDAQ-ETFB,11535,50,11533,100,11531,150,11545,131,11547,250,11857,57
1661303,NASDAQ-ETFB3,9628,50,9627,100,9626,304,9632,86,9633,200,9634,250
1661303,NASDAQ-FSR,9563,50,9561,100,9559,150,9571,150,9573,200,9575,250
1661303,NASDAQ-GOLD,9901,30,9900,100,9899,150,9904,100,9905,150,9906,200
1661303,NASDAQ-HT,10618,66,10616,200,10614,250,10626,50,10628,100,10630,150
1661303,NASDAQ-INA,10512,120,10510,150,10508,200,10518,44,10520,100,10522,150
1661303,NASDAQ-KOTD,8596,30,8594,100,8592,150,8606,154,8608,250,8618,18
1661303,NASDAQ-NGUP,7081,50,7079,100,7077,150,7087,100,7089,150,7091,200
1661303,NASDAQ-SIMP,10017,67,10016,200,10015,250,10024,140,10025,250,10035,138
1661303,NASDAQ-ZITO,8019,100,8018,150,8017,200,8022,50,8023,100,8024,150
1661579,NASDAQ-CARD,11091,50,11090,100,11089,150,11095,116,11096,200,11097,250
1661579,NASDAQ-DLKV,10033,130,10031,200,10029,250,10041,50,10043,100,10045,150
1661579,NASDAQ-ETFB,11537,52,11535,200,11533,250,11549,150,11551,200,11553,250
1661579,NASDAQ-ETFB3,9642,100,9641,150,9640,200,9645,50,9646,100,9647,150
1661579,NASDAQ-FSR,9578,40,9576,100,9574,150,9582,50,9584,100,9586,150
1661579,NASDAQ-GOLD,9842,50,9841,100,9840,150,9845,36,9846,150,9847,200
1661579,NASDAQ-HT,10612,50,10610,100,10608,150,10616,40,10618,100,10620,150
1661579,NASDAQ-INA,10483,50,10481,100,10479,150,10487,30,10489,100,10491,150
1661579,NASDAQ-KOTD,8614,20,8612,150,8610,200,8618,18,8620,50,8622,100
1661579,NASDAQ-NGUP,6915,50,6914,20,6913,110,6921,40,6923,150,6925,200
1661579,NASDAQ-SIMP,10034,11,10033,250,10025,1,10039,50,10040,194,10041,150
1661579,NASDAQ-ZITO,8034,83,8033,150,8032,200,8037,50,8038,100,8039,150
1661889,NASDAQ-CARD,11076,50,11075,100,11074,150,11081,89,11082,250,11097,95
1661889,NASDAQ-DLKV,10092,50,10090,100,10088,150,10094,5,10096,50,10098,100
1661889,NASDAQ-ETFB,11533,141,11531,200,11529,250,11549,227,11857,57,11903,59
1661889,NASDAQ-ETFB3,9659,50,9658,150,9657,200,9662,50,9663,100,9664,150
1661889,NASDAQ-FSR,9642,95,9640,150,9638,200,9648,50,9650,100,9652,150
1661889,NASDAQ-GOLD,9848,30,9847,100,9846,150,9850,50,9851,100,9852,150
1661889,NASDAQ-HT,10628,60,10626,200,10624,250,10636,50,10638,100,10640,150
1661889,NASDAQ-INA,10540,200,10443,20,10426,20,10552,50,10554,100,10556,150
1661889,NASDAQ-KOTD,8683,87,8681,200,8679,250,8691,50,8693,100,8695,150
1661889,NASDAQ-NGUP,6681,50,6679,100,6677,150,7085,77,7096,20,7115,1
1661889,NASDAQ-SIMP,10019,67,9978,99,9954,56,10041,39,10042,220,10043,250
1661889,NASDAQ-ZITO,8039,106,8005,20,7993,20,8045,50,8046,100,8047,150
1662148,NASDAQ-CARD,11080,46,11079,200,11078,250,11084,50,11085,100,11086,150
1662148,NASDAQ-DLKV,10097,26,10095,150,10093,200,10103,50,10105,100,10107,150
1662148,NASDAQ-ETFB,11533,126,11531,200,11529,250,11547,9,11549,250,11857,57
1662148,NASDAQ-ETFB3,9676,84,9675,150,9674,200,9679,48,9680,100,9681,150
1662148,NASDAQ-FSR,9593,50,9591,100,9589,150,9599,34,9601,150,9603,200
1662148,NASDAQ-GOLD,9878,50,9877,100,9876,150,9880,50,9881,100,9882,150
1662148,NASDAQ-HT,10627,25,10625,100,10623,150,10631,40,10633,100,10635,150
1662148,NASDAQ-INA,10512,50,10510,100,10508,150,10516,40,10518,100,10520,150
1662148,NASDAQ-KOTD,8656,50,8654,100,8652,150,8662,65,8664,150,8666,200
1662148,NASDAQ-NGUP,6529,50,6528,100,6527,150,6532,68,6533,150,6534,200
1662148,NASDAQ-SIMP,10053,243,10041,11,10025,1,10059,50,10060,150,10061,150
1662148,NASDAQ-ZITO,8026,50,8025,100,8024,150,8029,60,8030,150,8031,200
1662440,NASDAQ-CARD,11065,50,11064,100,11063,150,11067,50,11068,100,11069,150
1662440,NASDAQ-DLKV,10102,124,10100,200,10098,250,10109,10,10110,50,10111,20
1662440,NASDAQ-ETFB,11550,50,11548,100,11546,150,11554,50,11556,100,11558,150
1662440,NASDAQ-ETFB3,9679,201,9677,50,9676,100,9682,171,9683,250,9717,175
1662440,NASDAQ-FSR,9589,50,9587,100,9585,150,9593,50,9595,100,9597,150
1662440,NASDAQ-GOLD,9863,50,9862,100,9861,150,9865,50,9866,100,9867,150
1662440,NASDAQ-HT,10635,30,10633,100,10631,150,10639,50,10641,100,10643,150
1662440,NASDAQ-INA,10539,50,10537,100,10535,150,10543,50,10545,100,10547,150
1662440,NASDAQ-KOTD,8680,70,8678,150,8676,200,8686,50,8688,100,8690,150
1662440,NASDAQ-NGUP,6489,50,6488,100,6487,150,6493,102,6494,200,6495,250
1662440,NASDAQ-SIMP,10046,15,10045,250,10025,1,10054,190,10055,250,10063,324
1662440,NASDAQ-ZITO,8022,50,8021,100,8020,150,8024,50,8025,100,8026,150
1662741,NASDAQ-CARD,11065,20,11064,200,11063,250,11067,30,11069,50,11070,100
1662741,NASDAQ-DLKV,10118,83,10116,150,10114,200,10124,50,10126,100,10128,150
1662741,NASDAQ-ETFB,11560,50,11558,100,11556,150,11564,50,11566,100,11568,150
1662741,NASDAQ-ETFB3,9677,50,9676,100,9675,150,9680,100,9681,150,9682,200
1662741,NASDAQ-FSR,9578,50,9576,100,9574,150,9584,63,9586,150,9588,200
1662741,NASDAQ-GOLD,9859,50,9858,100,9857,150,9861,50,9862,100,9863,150
1662741,NASDAQ-HT,10605,50,10603,100,10601,150,10609,50,10611,100,10613,150
1662741,NASDAQ-INA,10527,50,10525,100,10523,150,10537,200,10539,250,10559,20
1662741,NASDAQ-KOTD,8619,60,8617,100,8615,150,8623,50,8625,100,8627,150
1662741,NASDAQ-NGUP,6430,50,6429,100,6428,150,6433,17,6434,150,6435,200
1662741,NASDAQ-SIMP,10025,2,9978,98,9954,56,10056,150,10057,200,10058,250
1662741,NASDAQ-ZITO,8038,50,8037,100,8036,150,8040,50,8041,100,8042,150
1663075,NASDAQ-CARD,10788,50,10787,100,10786,150,11085,20,11097,95,11100,20
1663075,NASDAQ-DLKV,10117,104,10115,250,9934,10,10127,50,10129,100,10131,150
1663075,NASDAQ-ETFB,11575,50,11573,150,11571,200,11581,50,11583,100,11585,150
1663075,NASDAQ-ETFB3,9676,50,9675,100,9674,150,9680,146,9681,200,9682,250
1663075,NASDAQ-FSR,9602,50,9600,100,9598,150,9606,50,9608,100,9610,150
1663075,NASDAQ-GOLD,9854,50,9853,100,9852,150,9856,50,9857,100,9858,150
1663075,NASDAQ-HT,10607,25,10605,100,10603,150,10611,50,10613,100,10615,150
1663075,NASDAQ-INA,10551,50,10549,100,10547,150,10555,50,10557,100,10559,170
1663075,NASDAQ-KOTD,8623,22,8621,100,8619,150,8627,50,8629,100,8631,150
1663075,NASDAQ-NGUP,6429,100,6428,150,6427,200,6433,39,6434,150,6435,200
1663075,NASDAQ-SIMP,10021,144,10020,200,10019,250,10028,137,10029,250,10063,324
1663075,NASDAQ-ZITO,8048,10,8047,150,8046,200,8051,50,8052,100,8053,150
1663322,NASDAQ-CARD,10775,50,10774,100,10773,150,10778,58,10779,150,10780,200
1663322,NASDAQ-DLKV,10125,133,10123,200,10121,250,10135,100,10136,20,10137,150
1663322,NASDAQ-ETFB,11575,19,11573,150,11571,200,11587,95,11589,250,11857,57
1663322,NASDAQ-ETFB3,9677,100,9676,150,9675,200,9682,138,9683,200,9684,250
1663322,NASDAQ-FSR,9575,50,9573,100,9571,150,9585,104,9587,250,9648,24
1663322,NASDAQ-GOLD,9829,50,9828,100,9827,150,9831,50,9832,100,9833,150
1663322,NASDAQ-HT,10625,100,10623,150,10621,200,10631,50,10633,100,10635,150
1663322,NASDAQ-INA,10569,50,10567,100,10565,150,10573,50,10575,100,10577,150
1663322,NASDAQ-KOTD,8628,28,8626,150,8624,200,8634,50,8636,100,8638,150
1663322,NASDAQ-NGUP,6400,50,6399,100,6398,150,6403,52,6404,150,6405,200
1663322,NASDAQ-SIMP,10047,225,10028,28,10025,1,10053,25,10054,100,10055,150
1663322,NASDAQ-ZITO,8057,83,8056,150,8055,200,8060,50,8061,100,8062,150
1663574,NASDAQ-CARD,10772,100,10771,150,10770,200,10779,127,11065,80,11073,20
1663574,NASDAQ-DLKV,10122,100,10120,150,10118,200,10128,50,10130,100,10132,150
1663574,NASDAQ-ETFB,11598,50,11596,100,11594,150,11602,49,11604,100,11606,150
1663574,NASDAQ-ETFB3,9718,46,9717,250,9646,10,9723,50,9724,100,9725,150
1663574,NASDAQ-FSR,9604,50,9602,100,9600,150,9608,50,9610,100,9612,150
1663574,NASDAQ-GOLD,9853,10,9852,150,9851,200,9856,50,9857,100,9858,150
1663574,NASDAQ-HT,10606,50,10604,100,10602,150,10610,30,10612,100,10614,150
1663574,NASDAQ-INA,10555,50,10553,100,10551,150,10559,30,10561,100,10563,150
1663574,NASDAQ-KOTD,8580,50,8578,100,8576,150,8590,156,8592,250,8618,20
1663574,NASDAQ-NGUP,6382,50,6381,100,6380,150,6384,8,6385,100,6386,150
1663574,NASDAQ-SIMP,10042,4,10041,250,10025,1,10047,75,10048,100,10049,150
1663574,NASDAQ-ZITO,8027,50,8026,100,8025,150,8031,136,8032,200,8033,250
1663850,NASDAQ-CARD,10775,78,10774,200,10773,250,10780,100,10781,150,10782,200
1663850,NASDAQ-DLKV,10074,50,10072,100,10070,150,10078,50,10080,100,10082,150
1663850,NASDAQ-ETFB,11598,50,11596,100,11594,150,11602,17,11604,100,11606,150
1663850,NASDAQ-ETFB3,9744,74,9743,150,9742,200,9747,50,9748,100,9749,150
1663850,NASDAQ-FSR,9595,50,9593,100,9591,150,9601,9,9603,150,9605,200
1663850,NASDAQ-GOLD,9882,140,9881,200,9880,250,9886,50,9887,100,9888,150
1663850,NASDAQ-HT,10603,50,10601,100,10599,150,10607,50,10609,100,10611,150
1663850,NASDAQ-INA,10593,20,10591,100,10589,150,10597,50,10599,100,10601,150
1663850,NASDAQ-KOTD,8557,10,8556,50,8554,100,8560,50,8562,100,8564,150
1663850,NASDAQ-NGUP,6357,50,6356,100,6355,150,6361,131,6362,200,6363,250
1663850,NASDAQ-SIMP,10025,138,10024,250,10023,16,10031,75,10032,150,10033,200
1663850,NASDAQ-ZITO,8022,50,8021,100,8020,150,8026,39,8027,200,8028,250
1664118,NASDAQ-CARD,10680,50,10679,100,10678,232,10684,65,10685,200,10686,250
1664118,NASDAQ-DLKV,10083,100,10082,74,10081,150,10089,50,10091,100,10093,150
1664118,NASDAQ-ETFB,11633,48,11631,100,11629,150,11637,50,11639,100,11641,150
1664118,NASDAQ-ETFB3,9743,78,9742,200,9741,250,9747,50,9748,100,9749,150
1664118,NASDAQ-FSR,9605,50,9603,100,9601,150,9609,50,9611,100,9613,150
1664118,NASDAQ-GOLD,9897,50,9896,100,9895,150,9899,50,9900,100,9901,150
1664118,NASDAQ-HT,10601,30,10599,120,10597,150,10605,50,10607,100,10609,150
1664118,NASDAQ-INA,10593,30,10591,100,10589,150,10599,76,10601,150,10603,200
1664118,NASDAQ-KOTD,8564,34,8558,10,8556,100,8568,100,8570,250,8618,20
1664118,NASDAQ-NGUP,6361,75,6360,200,6359,250,6368,75,6369,250,6384,1
1664118,NASDAQ-SIMP,10027,129,10026,236,10025,281,10034,150,10035,250,10086,144
1664118,NASDAQ-ZITO,8025,181,8024,250,8011,20,8030,50,8031,100,8032,150
1664461,NASDAQ-CARD,10669,50,10668,120,10667,150,10675,185,10778,144,10779,72
1664461,NASDAQ-DLKV,10075,55,10072,50,10070,100,10082,3,10084,250,10136,20
1664461,NASDAQ-ETFB,11625,250,11602,50,11587,50,11633,130,11637,50,11639,100
1664461,NASDAQ-ETFB3,9768,50,9767,100,9766,150,9770,50,9771,100,9772,150
1664461,NASDAQ-FSR,9577,24,9572,50,9570,100,9578,75,9580,150,9582,200
1664461,NASDAQ-GOLD,9831,18,9816,50,9806,20,9928,50,9929,100,9930,150
1664461,NASDAQ-HT,10591,50,10589,100,10587,150,10595,50,10597,100,10599,150
1664461,NASDAQ-INA,10605,200,10603,278,10443,20,10615,50,10617,100,10619,150
1664461,NASDAQ-KOTD,8552,50,8550,100,8548,150,8618,20,8632,125,9169,20
1664461,NASDAQ-NGUP,6366,51,6365,200,6364,250,6370,50,6371,100,6372,150
1664461,NASDAQ-SIMP,10020,250,10001,20,9978,97,10028,150,10029,200,10030,394
1664461,NASDAQ-ZITO,8008,50,8007,100,8006,150,8010,10,8011,100,8012,150
1664766,NASDAQ-CARD,10648,55,10647,50,10646,100,10649,50,10650,100,10651,150
1664766,NASDAQ-DLKV,10102,45,10100,100,10098,150,10106,50,10108,100,10110,150
1664766,NASDAQ-ETFB,11627,90,11625,150,11623,200,11633,180,11635,100,11637,150
1664766,NASDAQ-ETFB3,9775,50,9774,100,9773,150,9777,50,9778,100,9779,150
1664766,NASDAQ-FSR,9627,50,9625,100,9623,150,9631,50,9633,100,9635,150
1664766,NASDAQ-GOLD,9952,50,9951,100,9950,150,9954,50,9955,100,9956,150
1664766,NASDAQ-HT,10600,40,10598,150,10596,200,10601,30,10606,50,10608,100
1664766,NASDAQ-INA,10632,50,10630,100,10628,150,10636,50,10638,100,10640,150
1664766,NASDAQ-KOTD,8573,50,8571,100,8569,150,8577,50,8579,100,8581,150
1664766,NASDAQ-NGUP,6301,50,6300,100,6299,150,6303,50,6304,100,6305,150
1664766,NASDAQ-SIMP,10023,30,10022,100,10021,150,10025,50,10026,100,10027,150
1664766,NASDAQ-ZITO,8008,50,8007,100,8006,150,8010,10,8011,100,8012,150
1664929,NASDAQ-CARD,10665,50,10664,100,10663,150,10667,50,10668,100,10669,150
1664929,NASDAQ-DLKV,10077,50,10075,100,10073,150,10081,50,10083,100,10085,150
1664929,NASDAQ-ETFB,11631,20,11629,150,11627,200,11633,20,11637,50,11639,100
1664929,NASDAQ-ETFB3,9756,50,9755,100,9754,150,9758,50,9759,100,9760,150
1664929,NASDAQ-FSR,9617,50,9615,100,9613,150,9621,50,9623,100,9625,150
1664929,NASDAQ-GOLD,9939,50,9938,100,9937,150,9941,50,9942,100,9943,150
1664929,NASDAQ-HT,10578,50,10576,100,10574,150,10582,50,10584,100,10586,150
1664929,NASDAQ-INA,10580,50,10578,100,10576,150,10584,13,10586,100,10588,150
1664929,NASDAQ-KOTD,8585,50,8583,100,8581,150,8589,50,8591,100,8593,150
1664929,NASDAQ-NGUP,6269,50,6268,100,6267,150,6271,50,6272,100,6273,150
1664929,NASDAQ-SIMP,10020,50,10019,100,10018,150,10022,50,10023,100,10024,150
1664929,NASDAQ-ZITO,8024,50,8023,100,8022,150,8026,50,8027,100,8028,150
1665252,NASDAQ-CARD,10554,50,10553,100,10552,150,10558,18,10559,200,10560,250
1665252,NASDAQ-DLKV,10087,50,10085,100,10083,150,10091,50,10093,100,10095,150
1665252,NASDAQ-ETFB,11661,50,11659,100,11657,150,11665,50,11667,100,11669,150
1665252,NASDAQ-ETFB3,9775,33,9774,150,9773,200,9778,50,9779,100,9780,150
1665252,NASDAQ-FSR,9609,20,9608,50,9606,100,9612,50,9614,100,9616,150
1665252,NASDAQ-GOLD,9933,50,9932,100,9931,150,9935,50,9936,100,9937,150
1665252,NASDAQ-HT,10586,50,10584,100,10582,150,10590,50,10592,100,10594,150
1665252,NASDAQ-INA,10563,50,10561,100,10559,150,10567,50,10569,100,10571,150
1665252,NASDAQ-KOTD,8604,75,8602,150,8600,200,8610,50,8612,100,8614,150
1665252,NASDAQ-NGUP,6091,50,6090,100,6089,150,6093,50,6094,100,6095,150
1665252,NASDAQ-SIMP,10001,50,10000,100,9999,150,10003,50,10004,100,10005,150
1665252,NASDAQ-ZITO,8040,50,8039,100,8038,150,8042,50,8043,100,8044,150
1665570,NASDAQ-CARD,10582,200,10581,250,10558,180,10587,50,10588,100,10589,150
1665570,NASDAQ-DLKV,10117,50,10115,100,10113,150,10121,50,10123,100,10125,150
1665570,NASDAQ-ETFB,11651,50,11649,100,11647,150,11657,100,11659,150,11661,200
1665570,NASDAQ-ETFB3,9773,200,9772,250,9724,10,9778,50,9779,100,9780,150
1665570,NASDAQ-FSR,9614,80,9612,150,9610,200,9620,50,9622,100,9624,150
1665570,NASDAQ-GOLD,9880,50,9879,100,9878,150,9882,40,9883,100,9884,150
1665570,NASDAQ-HT,10568,50,10566,100,10564,150,10572,30,10574,100,10576,150
1665570,NASDAQ-INA,10568,50,10566,100,10564,150,10574,100,10576,150,10578,200
1665570,NASDAQ-KOTD,8650,75,8648,250,8581,39,8660,50,8662,100,8664,150
1665570,NASDAQ-NGUP,5889,50,5888,100,5887,150,5894,199,5895,250,6093,1
1665570,NASDAQ-SIMP,10008,94,10007,200,10006,250,10012,50,10013,100,10014,150
1665570,NASDAQ-ZITO,8022,50,8021,100,8020,150,8024,50,8025,100,8026,150
1665899,NASDAQ-CARD,10596,221,10588,10,10587,60,10602,50,10603,100,10604,150
1665899,NASDAQ-DLKV,10079,50,10077,100,10075,150,10136,20,10172,10,10181,20
1665899,NASDAQ-ETFB,11623,50,11621,100,11619,150,11627,50,11629,100,11631,150
1665899,NASDAQ-ETFB3,9773,66,9772,250,9724,10,9778,50,9779,100,9780,150
1665899,NASDAQ-FSR,9626,50,9624,100,9622,150,9630,50,9632,100,9634,150
1665899,NASDAQ-GOLD,9918,50,9917,100,9916,150,9920,50,9921,100,9922,150
1665899,NASDAQ-HT,10582,50,10580,100,10578,150,10586,50,10588,100,10590,150
1665899,NASDAQ-INA,10613,50,10611,100,10609,150,10617,50,10619,100,10621,150
1665899,NASDAQ-KOTD,8611,10,8581,39,8578,10,8686,50,8688,100,8690,150
1665899,NASDAQ-NGUP,5810,50,5809,100,5808,150,5816,39,5990,1,6093,201
1665899,NASDAQ-SIMP,9978,97,9954,56,9940,20,10019,10,10021,50,10022,100
1665899,NASDAQ-ZITO,8006,50,8005,120,8004,150,8120,55,8130,10,8165,10
1666210,NASDAQ-CARD,10816,9,10815,200,10814,250,10820,50,10821,100,10822,150
1666210,NASDAQ-DLKV,10066,50,10064,100,10063,20,10070,50,10072,100,10074,150
1666210,NASDAQ-ETFB,11602,50,11601,50,11599,100,11605,50,11607,100,11609,150
1666210,NASDAQ-ETFB3,9755,50,9754,100,9753,150,9761,200,9920,32,10083,25
1666210,NASDAQ-FSR,9600,50,9598,100,9596,170,9610,91,9612,250,9648,24
1666210,NASDAQ-GOLD,9911,50,9910,100,9909,150,9916,71,9917,250,9964,20
1666210,NASDAQ-HT,10624,100,10622,150,10620,200,10630,50,10632,100,10634,150
1666210,NASDAQ-INA,10614,150,10612,250,10610,20,10624,50,10626,100,10628,150
1666210,NASDAQ-KOTD,8710,50,8708,100,8706,150,8714,50,8716,100,8718,150
1666210,NASDAQ-NGUP,5765,50,5764,100,5763,150,5771,204,5990,2,6093,201
1666210,NASDAQ-SIMP,10015,77,10014,150,10013,200,10018,39,10019,110,10020,150
1666210,NASDAQ-ZITO,8027,70,8026,150,8025,200,8030,50,8031,100,8032,150
1666521,NASDAQ-CARD,10802,50,10801,100,10800,150,10808,99,10816,80,11065,80
1666521,NASDAQ-DLKV,10094,88,10092,250,9934,10,10104,50,10106,100,10108,150
1666521,NASDAQ-ETFB,11593,50,11591,100,11589,150,11597,50,11599,100,11601,150
1666521,NASDAQ-ETFB3,9740,50,9739,100,9738,150,9744,85,9745,200,9746,250
1666521,NASDAQ-FSR,9638,50,9636,100,9634,150,9648,197,9650,250,9657,55
1666521,NASDAQ-GOLD,9880,50,9879,100,9878,150,9884,40,9885,200,9886,250
1666521,NASDAQ-HT,10642,30,10640,100,10638,150,10646,50,10648,100,10650,150
1666521,NASDAQ-INA,10601,50,10599,100,10597,150,10605,30,10607,100,10609,150
1666521,NASDAQ-KOTD,8695,50,8693,100,8691,150,8699,50,8701,100,8703,150
1666521,NASDAQ-NGUP,5761,100,5760,150,5759,200,5764,50,5765,100,5766,150
1666521,NASDAQ-SIMP,9988,50,9987,100,9986,150,9991,91,9992,150,9993,200
1666521,NASDAQ-ZITO,8027,50,8026,100,8025,150,8031,36,8032,200,8033,250
1666804,NASDAQ-CARD,10834,20,10833,250,10808,30,10839,50,10840,100,10841,150
1666804,NASDAQ-DLKV,10074,20,10072,100,10070,150,10078,50,10080,100,10082,150
1666804,NASDAQ-ETFB,11597,80,11593,50,11591,100,11601,110,11603,200,11605,250
1666804,NASDAQ-ETFB3,9753,50,9752,100,9751,150,9755,50,9756,100,9757,150
1666804,NASDAQ-FSR,9627,50,9625,100,9623,150,9631,30,9633,100,9635,150
1666804,NASDAQ-GOLD,9892,50,9891,100,9890,150,9894,50,9895,100,9896,150
1666804,NASDAQ-HT,10631,50,10629,100,10627,150,10635,50,10637,100,10639,150
1666804,NASDAQ-INA,10573,50,10571,100,10569,150,10577,50,10579,100,10581,150
1666804,NASDAQ-KOTD,8657,50,8655,100,8653,150,8661,10,8663,100,8665,150
1666804,NASDAQ-NGUP,,,,,,,5765,50,5766,100,5767,150
1666804,NASDAQ-SIMP,9970,50,9969,100,9968,150,9974,131,9975,201,9976,250
1666804,NASDAQ-ZITO,8014,50,8013,100,8012,150,8016,50,8017,100,8018,150
1667135,NASDAQ-CARD,10752,50,10751,100,10750,150,10756,128,10757,200,10758,250
1667135,NASDAQ-DLKV,10091,20,10089,150,10087,200,10097,50,10099,100,10101,150
1667135,NASDAQ-ETFB,11579,50,11577,100,11575,150,11587,84,11589,200,11591,250
1667135,NASDAQ-ETFB3,9748,50,9747,100,9746,210,9751,62,9752,150,9753,280
1667135,NASDAQ-FSR,9584,50,9582,100,9580,150,9594,150,9596,250,9607,20
1667135,NASDAQ-GOLD,9931,50,9930,100,9929,150,9933,50,9934,100,9935,150
1667135,NASDAQ-HT,10630,100,10628,150,10626,200,10636,50,10638,100,10640,170
1667135,NASDAQ-INA,10547,50,10545,100,10543,150,10551,40,10553,100,10555,150
1667135,NASDAQ-KOTD,8622,50,8620,100,8618,150,8626,30,8628,100,8630,150
1667135,NASDAQ-NGUP,5762,190,5761,250,,,5763,55,5767,50,5768,100
1667135,NASDAQ-SIMP,9976,169,9975,250,9954,56,9981,50,9982,100,9983,150
1667135,NASDAQ-ZITO,7997,50,7996,100,7995,150,8000,52,8001,150,8002,200
1667458,NASDAQ-CARD,10731,50,10730,100,10729,150,10838,72,11065,80,11073,20
1667458,NASDAQ-DLKV,10092,108,10090,250,9934,10,10102,50,10104,100,10106,150
1667458,NASDAQ-ETFB,11580,40,11578,100,11576,150,11588,209,11590,200,11592,250
1667458,NASDAQ-ETFB3,9751,74,9750,150,9749,200,9754,50,9755,100,9756,150
1667458,NASDAQ-FSR,9577,24,9575,50,9573,100,9587,132,9607,20,9648,30
1667458,NASDAQ-GOLD,9897,50,9896,100,9895,150,9900,100,9901,150,9902,200
1667458,NASDAQ-HT,10612,50,10610,100,10608,150,10616,20,10618,100,10620,150
1667458,NASDAQ-INA,10565,40,10563,100,10561,150,10569,50,10571,100,10573,150
1667458,NASDAQ-KOTD,8635,30,8633,100,8631,150,8639,50,8641,100,8643,150
1667458,NASDAQ-NGUP,,,,,,,5788,50,5789,100,5790,150
1667458,NASDAQ-SIMP,9963,50,9962,100,9961,150,9968,35,9969,250,9990,72
1667458,NASDAQ-ZITO,7983,50,7982,100,7981,150,7988,136,7989,250,8031,30
1667744,NASDAQ-CARD,10764,144,10763,250,10603,10,10770,58,10771,150,10772,200
1667744,NASDAQ-DLKV,10101,90,10099,250,9934,10,10111,50,10113,100,10115,150
1667744,NASDAQ-ETFB,11577,50,11575,100,11573,150,11581,50,11583,100,11585,150
1667744,NASDAQ-ETFB3,9762,11,9761,150,9760,200,9765,50,9766,100,9767,150
1667744,NASDAQ-FSR,9606,6,9604,100,9602,150,9610,20,9612,100,9614,150
1667744,NASDAQ-GOLD,9898,20,9897,100,9896,150,9903,150,9904,250,9964,20
1667744,NASDAQ-HT,10603,50,10601,100,10599,150,10607,50,10609,100,10611,150
1667744,NASDAQ-INA,10604,100,10602,150,10600,200,10610,55,10612,100,10614,150
1667744,NASDAQ-KOTD,8643,8,8641,100,8639,150,8647,50,8649,100,8651,150
1667744,NASDAQ-NGUP,5854,49,5853,100,5852,150,5856,50,5857,100,5858,150
1667744,NASDAQ-SIMP,9969,160,9968,250,9954,56,9976,96,9977,200,9978,250
1667744,NASDAQ-ZITO,8002,50,8001,100,8000,150,8004,50,8005,100,8006,150
1668040,NASDAQ-CARD,10710,50,10709,100,10708,150,10714,96,10715,200,10716,250
1668040,NASDAQ-DLKV,10100,139,10098,250,10081,20,10110,20,10112,100,10114,150
1668040,NASDAQ-ETFB,11593,81,11591,150,11589,200,11599,50,11601,100,11603,150
1668040,NASDAQ-ETFB3,9785,159,9784,250,9767,3,9790,50,9791,100,9792,150
1668040,NASDAQ-FSR,9542,50,9540,100,9538,150,9548,82,9550,150,9552,200
1668040,NASDAQ-GOLD,9919,100,9918,150,9917,200,9922,50,9923,100,9924,150
1668040,NASDAQ-HT,10615,50,10613,100,10611,150,10619,50,10621,100,10623,150
1668040,NASDAQ-INA,10559,50,10557,100,10555,175,10563,30,10565,100,10567,150
1668040,NASDAQ-KOTD,8655,141,8653,200,8651,250,8663,50,8665,100,8667,150
1668040,NASDAQ-NGUP,5968,133,5967,250,5855,55,5973,50,5974,100,5975,150
1668040,NASDAQ-SIMP,9982,75,9981,250,9954,56,9987,50,9988,100,9989,150
1668040,NASDAQ-ZITO,8003,30,8000,50,7999,100,8004,150,8005,200,8006,250
1668330,NASDAQ-CARD,10707,50,10706,100,10705,150,10713,94,10750,20,10769,72
1668330,NASDAQ-DLKV,10111,73,10109,200,10107,250,10119,50,10121,100,10123,150
1668330,NASDAQ-ETFB,11595,147,11593,200,11592,57,11603,50,11605,100,11607,150
1668330,NASDAQ-ETFB3,9767,3,9755,10,9752,10,9791,100,9792,150,9793,200
1668330,NASDAQ-FSR,9563,30,9561,100,9559,150,9567,50,9569,100,9571,150
1668330,NASDAQ-GOLD,9935,20,9934,100,9933,150,9937,50,9938,100,9939,150
1668330,NASDAQ-HT,10610,50,10608,100,10606,150,10616,100,10618,150,10620,200
1668330,NASDAQ-INA,10595,50,10593,100,10591,150,10599,50,10600,1,10601,100
1668330,NASDAQ-KOTD,8673,50,8671,100,8669,150,8677,50,8679,100,8681,150
1668330,NASDAQ-NGUP,6150,21,6149,150,6148,200,6153,50,6154,100,6155,150
1668330,NASDAQ-SIMP,9964,28,9963,150,9962,200,9970,167,9971,250,9975,1
1668330,NASDAQ-ZITO,8001,50,8000,100,7999,150,8005,3,8006,200,8007,250
1668661,NASDAQ-CARD,10688,50,10687,100,10686,150,10693,146,10694,250,10712,36
1668661,NASDAQ-DLKV,10160,30,10158,150,10156,200,10166,50,10168,100,10170,150
1668661,NASDAQ-ETFB,11599,50,11597,100,11595,150,11603,50,11605,100,11607,150
1668661,NASDAQ-ETFB3,9799,37,9798,100,9797,150,9801,50,9802,100,9803,150
1668661,NASDAQ-FSR,9615,50,9613,100,9611,150,9619,50,9621,100,9623,150
1668661,NASDAQ-GOLD,9900,50,9899,155,9898,150,9903,9,9904,150,9905,200
1668661,NASDAQ-HT,10623,50,10621,100,10619,150,10627,50,10629,100,10631,150
1668661,NASDAQ-INA,10569,50,10567,100,10565,150,10573,50,10575,100,10577,150
1668661,NASDAQ-KOTD,8697,50,8637,20,8611,10,8706,5,8709,50,8711,100
1668661,NASDAQ-NGUP,5855,55,,,,,6152,55,6291,50,6292,100
1668661,NASDAQ-SIMP,9961,50,9960,100,9959,150,9967,204,9975,1,9981,20
1668661,NASDAQ-ZITO,7999,50,7998,100,7997,150,8003,98,8004,200,8005,250
1668962,NASDAQ-CARD,10720,47,10719,200,10718,250,10724,50,10725,100,10726,150
1668962,NASDAQ-DLKV,10160,150,10158,200,10156,250,10168,50,10170,100,10172,160
1668962,NASDAQ-ETFB,11599,50,11597,100,11595,150,11603,50,11605,100,11607,150
1668962,NASDAQ-ETFB3,9798,100,9797,150,9796,200,9801,50,9802,100,9803,150
1668962,NASDAQ-FSR,9613,50,9611,100,9609,150,9617,50,9619,100,9621,150
1668962,NASDAQ-GOLD,9831,68,9830,100,9829,150,9833,41,9834,100,9835,150
1668962,NASDAQ-HT,10656,10,10654,100,10652,150,10660,50,10662,100,10664,150
1668962,NASDAQ-INA,10582,50,10580,100,10578,150,10586,50,10588,100,10590,150
1668962,NASDAQ-KOTD,8692,50,8690,100,8688,150,8696,20,8698,100,8700,150
1668962,NASDAQ-NGUP,6376,50,6375,100,6374,150,6378,50,6379,100,6380,150
1668962,NASDAQ-SIMP,9951,50,9950,100,9949,150,9955,81,9956,200,9957,250
1668962,NASDAQ-ZITO,8013,50,8012,100,8011,150,8015,50,8016,100,8017,150
1669268,NASDAQ-CARD,10591,50,10590,100,10589,150,10594,23,10595,150,10596,200
1669268,NASDAQ-DLKV,10153,30,10151,100,10149,150,10157,50,10159,100,10160,100
1669268,NASDAQ-ETFB,11618,52,11616,150,11614,200,11624,50,11626,100,11628,150
1669268,NASDAQ-ETFB3,9797,150,9796,200,9795,250,9801,50,9802,100,9803,150
1669268,NASDAQ-FSR,9627,25,9625,100,9623,150,9631,50,9633,100,9635,150
1669268,NASDAQ-GOLD,9792,50,9791,100,9790,150,9797,149,9798,250,9883,20
1669268,NASDAQ-HT,10658,50,10656,100,10654,150,10662,50,10664,100,10666,170
1669268,NASDAQ-INA,10573,50,10571,100,10569,150,10577,50,10579,100,10581,150
1669268,NASDAQ-KOTD,8637,20,8611,10,8581,39,8752,50,8754,100,8756,150
1669268,NASDAQ-NGUP,6437,49,6436,100,6435,150,6439,50,6440,100,6441,150
1669268,NASDAQ-SIMP,9986,183,9940,20,9939,20,9990,72,9992,50,9993,100
1669268,NASDAQ-ZITO,8007,50,8006,100,8005,150,8009,25,8010,100,8011,150
1669432,NASDAQ-CARD,10593,50,10592,100,10591,150,10595,50,10596,100,10597,150
1669432,NASDAQ-DLKV,10158,20,10156,150,10154,200,10160,50,10164,50,10166,100
1669432,NASDAQ-ETFB,11597,50,11595,100,11593,150,11601,50,11603,100,11605,150
1669432,NASDAQ-ETFB3,9770,50,9769,100,9768,150,9772,50,9773,100,9774,150
1669432,NASDAQ-FSR,9614,50,9612,100,9610,150,9618,40,9620,100,9622,150
1669432,NASDAQ-GOLD,9783,70,9782,100,9781,150,9787,70,9788,200,9789,250
1669432,NASDAQ-HT,10661,50,10659,100,10657,150,10665,50,10666,20,10667,100
1669432,NASDAQ-INA,10586,50,10584,100,10582,150,10590,50,10592,100,10594,150
1669432,NASDAQ-KOTD,8723,50,8721,100,8719,150,8727,50,8729,100,8731,150
1669432,NASDAQ-NGUP,6465,49,6464,100,6463,150,6467,50,6468,100,6469,150
1669432,NASDAQ-SIMP,9959,50,9958,100,9957,150,9961,50,9962,100,9963,150
1669432,NASDAQ-ZITO,8012,50,8011,100,8010,150,8014,50,8015,100,8016,150
1669757,NASDAQ-CARD,10606,50,10605,100,10604,150,10608,50,10609,100,10610,150
1669757,NASDAQ-DLKV,10153,200,10151,250,10094,20,10163,50,10165,100,10167,150
1669757,NASDAQ-ETFB,11596,46,11594,100,11592,207,11600,45,11602,100,11604,150
1669757,NASDAQ-ETFB3,9770,50,9769,100,9768,150,9773,100,9774,150,9775,200
1669757,NASDAQ-FSR,9561,50,9559,100,9557,150,9569,32,9571,200,9573,250
1669757,NASDAQ-GOLD,9763,10,9761,50,9760,100,9765,89,9766,200,9767,250
1669757,NASDAQ-HT,10654,50,10652,100,10650,150,10660,68,10662,150,10664,200
1669757,NASDAQ-INA,10538,50,10536,100,10534,150,10542,50,10544,100,10546,150
1669757,NASDAQ-KOTD,8706,50,8704,100,8702,150,8710,50,8712,100,8714,150
1669757,NASDAQ-NGUP,6459,50,6458,100,6457,150,6465,129,6532,1,7085,77
1669757,NASDAQ-SIMP,9988,25,9987,100,9986,150,9990,53,9991,100,9992,150
1669757,NASDAQ-ZITO,8014,93,8013,200,8012,250,8018,50,8019,100,8020,150
1670110,NASDAQ-CARD,10447,34,10442,36,10350,50,10690,20,10692,36,10719,10
1670110,NASDAQ-DLKV,10094,19,10081,20,9934,10,10166,50,10168,100,10170,150
1670110,NASDAQ-ETFB,11594,8,11592,207,11590,200,11600,50,11602,100,11604,150
1670110,NASDAQ-ETFB3,9764,50,9763,100,9762,150,9795,3,9797,50,9920,32
1670110,NASDAQ-FSR,9597,30,9595,150,9593,200,9603,50,9605,100,9607,150
1670110,NASDAQ-GOLD,9778,50,9777,100,9776,150,9780,50,9781,100,9782,150
1670110,NASDAQ-HT,10690,2,10688,100,10686,150,10694,50,10696,100,10698,150
1670110,NASDAQ-INA,10552,49,10550,100,10548,150,10556,50,10558,100,10560,150
1670110,NASDAQ-KOTD,8637,11,8611,10,8581,39,8702,1,8737,50,8739,100
1670110,NASDAQ-NGUP,6506,50,6505,100,6504,150,6508,50,6509,100,6510,150
1670110,NASDAQ-SIMP,9973,50,9972,100,9971,150,9975,50,9976,100,9977,150
1670110,NASDAQ-ZITO,8018,50,8017,100,8016,150,8023,200,8024,250,8031,30
1670423,NASDAQ-CARD,10370,50,10369,100,10368,150,10374,122,10375,200,10376,250
1670423,NASDAQ-DLKV,10122,30,10120,150,10118,200,10128,50,10130,100,10132,150
1670423,NASDAQ-ETFB,11603,36,11601,150,11599,200,11609,49,11611,100,11613,150
1670423,NASDAQ-ETFB3,9781,50,9780,100,9779,150,9783,41,9784,100,9785,150
1670423,NASDAQ-FSR,9579,50,9577,100,9575,150,9587,145,9589,200,9591,250
1670423,NASDAQ-GOLD,9799,50,9798,100,9797,150,9801,50,9802,100,9803,150
1670423,NASDAQ-HT,10680,44,10678,100,10676,150,10686,100,10688,150,10690,200
1670423,NASDAQ-INA,10590,50,10588,100,10586,150,10594,50,10596,100,10598,150
1670423,NASDAQ-KOTD,8751,99,8749,150,8747,200,8757,50,8759,100,8761,150
1670423,NASDAQ-NGUP,6493,50,6492,100,6491,150,6498,175,6499,250,6508,1
1670423,NASDAQ-SIMP,9973,47,9972,200,9971,250,9979,125,9980,200,9981,250
1670423,NASDAQ-ZITO,8033,100,8032,150,8031,200,8036,50,8037,100,8038,150
1670712,NASDAQ-CARD,10361,50,10360,100,10359,150,10367,186,10373,37,10447,30
1670712,NASDAQ-DLKV,10154,84,10152,150,10150,200,10160,50,10162,100,10164,150
1670712,NASDAQ-ETFB,11605,36,11603,100,11602,56,11609,1,11611,100,11613,150
1670712,NASDAQ-ETFB3,9795,40,9794,100,9793,150,9797,100,9798,100,9799,150
1670712,NASDAQ-FSR,9663,95,9661,200,9659,250,9671,50,9673,100,9675,150
1670712,NASDAQ-GOLD,9800,53,9799,150,9798,200,9803,50,9804,100,9805,150
1670712,NASDAQ-HT,10678,100,10676,150,10674,200,10684,50,10686,100,10688,150
1670712,NASDAQ-INA,10591,44,10589,100,10587,150,10595,50,10597,100,10599,150
1670712,NASDAQ-KOTD,8756,134,8754,200,8752,250,8764,50,8766,100,8768,150
1670712,NASDAQ-NGUP,6501,50,6500,150,6499,200,6504,50,6505,100,6506,150
1670712,NASDAQ-SIMP,9974,166,9964,50,9963,100,9975,1,9988,150,9990,3
1670712,NASDAQ-ZITO,8014,50,8013,100,8012,150,8018,67,8019,200,8020,250
1670988,NASDAQ-CARD,10228,116,10207,200,10194,200,10366,288,10665,20,10689,324
1670988,NASDAQ-DLKV,10140,50,10138,100,10136,150,10144,50,10146,100,10148,150
1670988,NASDAQ-ETFB,11616,98,11614,150,11612,200,11622,50,11624,100,11626,150
1670988,NASDAQ-ETFB3,9807,25,9806,200,9805,250,9811,50,9812,100,9813,150
1670988,NASDAQ-FSR,9615,50,9613,100,9611,150,9621,40,9623,150,9625,200
1670988,NASDAQ-GOLD,9814,50,9813,100,9812,150,9816,50,9817,100,9818,150
1670988,NASDAQ-HT,10677,50,10675,100,10673,150,10683,90,10685,150,10687,200
1670988,NASDAQ-INA,10580,50,10578,100,10576,150,10584,50,10586,100,10587,5
1670988,NASDAQ-KOTD,8734,50,8732,100,8730,150,8738,50,8740,100,8742,150
1670988,NASDAQ-NGUP,6519,144,6518,250,6466,10,6524,50,6525,100,6526,150
1670988,NASDAQ-SIMP,9941,50,9940,120,9939,170,9946,139,9947,250,9975,1
1670988,NASDAQ-ZITO,8008,50,8007,100,8006,150,8013,122,8014,250,8096,20
1671318,NASDAQ-CARD,10162,50,10161,100,10160,150,10164,50,10165,100,10166,150
1671318,NASDAQ-DLKV,10161,173,10159,250,10148,25,10171,50,10172,10,10173,100
1671318,NASDAQ-ETFB,11610,50,11608,100,11606,150,11616,100,11618,150,11620,200
1671318,NASDAQ-ETFB3,9799,15,9785,18,9774,10,9815,50,9816,100,9817,150
1671318,NASDAQ-FSR,9661,50,9659,100,9657,150,9665,50,9667,100,9669,150
1671318,NASDAQ-GOLD,9804,50,9803,100,9802,150,9807,40,9808,150,9809,200
1671318,NASDAQ-HT,10665,50,10663,100,10661,150,10669,30,10671,100,10673,150
1671318,NASDAQ-INA,10587,25,10584,100,10582,50,10588,100,10590,150,10592,200
1671318,NASDAQ-KOTD,8767,85,8765,150,8763,200,8773,50,8775,100,8777,150
1671318,NASDAQ-NGUP,6524,160,6466,10,6439,30,6530,50,6531,100,6532,151
1671318,NASDAQ-SIMP,9946,7,9942,144,9940,20,9988,114,9989,50,9990,103
1671318,NASDAQ-ZITO,8010,100,8009,150,8008,200,8014,100,8015,150,8016,200
1671632,NASDAQ-CARD,10151,166,10141,200,10076,136,10183,50,10184,100,10185,150
1671632,NASDAQ-DLKV,10180,48,10178,100,10176,150,10184,50,10186,100,10188,150
1671632,NASDAQ-ETFB,11619,50,11617,150,11615,200,11625,50,11627,100,11629,150
1671632,NASDAQ-ETFB3,9825,50,9824,150,9823,200,9828,44,9829,100,9830,150
1671632,NASDAQ-FSR,9625,50,9623,100,9621,150,9746,10,9819,55,9862,55
1671632,NASDAQ-GOLD,9791,50,9790,100,9789,150,9793,50,9794,100,9795,150
1671632,NASDAQ-HT,10677,50,10675,100,10673,150,10681,50,10683,100,10685,150
1671632,NASDAQ-INA,10575,70,10573,100,10571,150,10585,52,10587,250,10600,1
1671632,NASDAQ-KOTD,8764,198,8762,250,8742,25,8774,50,8776,100,8778,150
1671632,NASDAQ-NGUP,6527,140,6526,200,6525,250,6534,52,6535,250,6709,1
1671632,NASDAQ-SIMP,9988,138,9987,250,9947,36,9993,50,9994,100,9995,150
1671632,NASDAQ-ZITO,8010,50,8009,150,8008,200,8014,30,8015,46,8016,200
1671937,NASDAQ-CARD,10144,30,10141,200,10076,136,10153,140,10154,250,10158,20
1671937,NASDAQ-DLKV,10177,100,10175,150,10173,200,10185,100,10187,150,10189,200
1671937,NASDAQ-ETFB,11625,129,11621,50,11619,100,11627,100,11629,150,11631,200
1671937,NASDAQ-ETFB3,9818,100,9817,156,9816,200,9821,50,9822,100,9823,150
1671937,NASDAQ-FSR,9651,50,9649,100,9647,150,9655,50,9657,100,9659,150
1671937,NASDAQ-GOLD,9787,50,9786,100,9785,150,9792,150,9793,250,9804,100
1671937,NASDAQ-HT,10663,50,10661,100,10659,150,10666,20,10667,50,10669,100
1671937,NASDAQ-INA,10576,50,10575,20,10574,100,10584,11,10586,200,10588,250
1671937,NASDAQ-KOTD,8765,2,8763,250,8742,25,8775,50,8777,100,8779,150
1671937,NASDAQ-NGUP,6542,34,6541,150,6540,200,6545,50,6546,100,6547,150
1671937,NASDAQ-SIMP,9992,106,9991,250,9947,36,9997,50,9998,100,9999,150
1671937,NASDAQ-ZITO,7990,50,7989,100,7988,150,7993,100,7994,150,7995,200
1672240,NASDAQ-CARD,9890,50,9889,100,9888,150,9895,140,9896,250,10151,80
1672240,NASDAQ-DLKV,10197,49,10195,100,10193,150,10201,50,10203,100,10205,150
1672240,NASDAQ-ETFB,11629,50,11627,100,11625,229,11633,50,11635,100,11637,150
1672240,NASDAQ-ETFB3,9821,69,9817,6,9816,200,9822,100,9823,150,9824,200
1672240,NASDAQ-FSR,9731,100,9729,150,9727,200,9737,50,9739,100,9741,150
1672240,NASDAQ-GOLD,9790,50,9789,100,9788,150,9793,17,9794,150,9795,200
1672240,NASDAQ-HT,10664,50,10663,30,10662,100,10668,50,10670,100,10672,150
1672240,NASDAQ-INA,10626,49,10624,100,10622,150,10630,50,10632,100,10634,150
1672240,NASDAQ-KOTD,8787,43,8785,100,8783,150,8791,50,8793,100,8795,150
1672240,NASDAQ-NGUP,6571,134,6570,200,6569,250,6575,50,6576,100,6577,150
1672240,NASDAQ-SIMP,9972,91,9971,150,9970,200,9978,78,9979,250,9996,72
1672240,NASDAQ-ZITO,8018,10,8017,150,8016,200,8021,50,8022,100,8023,150
1672532,NASDAQ-CARD,9890,58,9889,150,9888,200,9897,250,10144,100,10151,80
1672532,NASDAQ-DLKV,10196,36,10194,120,10192,150,10200,50,10202,100,10204,150
1672532,NASDAQ-ETFB,11607,50,11605,100,11603,150,11613,34,11615,150,11617,200
1672532,NASDAQ-ETFB3,9810,50,9809,100,9808,150,9812,8,9813,100,9814,150
1672532,NASDAQ-FSR,9709,50,9707,100,9705,150,9713,50,9715,100,9717,150
1672532,NASDAQ-GOLD,9784,50,9783,100,9782,150,9787,16,9788,150,9789,200
1672532,NASDAQ-HT,10645,50,10643,100,10641,150,10649,50,10651,100,10653,150
1672532,NASDAQ-INA,10640,3,10638,150,10636,200,10646,50,10648,100,10650,150
1672532,NASDAQ-KOTD,8744,50,8742,125,8740,150,8748,50,8750,100,8752,150
1672532,NASDAQ-NGUP,6569,50,6568,100,6567,150,6571,50,6572,100,6573,150
1672532,NASDAQ-SIMP,9962,50,9961,100,9960,150,9967,60,9968,250,9975,1
1672532,NASDAQ-ZITO,8018,40,8017,100,8016,150,8021,70,8022,150,8023,200
1672869,NASDAQ-CARD,9940,82,9939,150,9938,200,9945,27,9946,200,9947,250
1672869,NASDAQ-DLKV,10154,50,10152,100,10150,150,10158,40,10160,100,10162,150
1672869,NASDAQ-ETFB,11605,50,11603,100,11602,56,11614,58,11615,185,11617,250
1672869,NASDAQ-ETFB3,9821,146,9820,250,9813,10,9826,50,9827,100,9828,150
1672869,NASDAQ-FSR,9695,50,9693,100,9691,150,9701,85,9703,150,9705,200
1672869,NASDAQ-GOLD,9789,90,9788,150,9787,200,9792,50,9793,100,9794,150
1672869,NASDAQ-HT,10655,95,10653,150,10651,200,10661,50,10663,100,10665,150
1672869,NASDAQ-INA,10633,65,10631,150,10629,200,10636,8,10639,50,10641,100
1672869,NASDAQ-KOTD,8758,49,8756,100,8754,150,8762,50,8764,100,8766,150
1672869,NASDAQ-NGUP,6578,190,6577,250,6550,20,6583,50,6584,100,6585,150
1672869,NASDAQ-SIMP,9963,43,9962,250,9957,20,9970,132,9971,200,9972,250
1672869,NASDAQ-ZITO,8014,50,8013,100,8012,150,8016,39,8017,100,8018,150
1673028,NASDAQ-CARD,9995,20,9994,100,9993,150,9997,50,9998,100,9999,150
1673028,NASDAQ-DLKV,10170,40,10168,150,10166,200,10176,50,10178,100,10180,150
1673028,NASDAQ-ETFB,11605,20,11603,100,11602,56,11609,50,11611,100,11613,150
1673028,NASDAQ-ETFB3,9824,40,9823,100,9822,150,9826,50,9827,100,9828,150
1673028,NASDAQ-FSR,9684,30,9682,100,9680,150,9690,14,9692,150,9694,200
1673028,NASDAQ-GOLD,9771,30,9770,100,9769,150,9774,90,9775,150,9776,200
1673028,NASDAQ-HT,10679,30,10677,100,10675,150,10683,50,10685,100,10687,150
1673028,NASDAQ-INA,10648,47,10646,150,10644,200,10654,50,10656,100,10658,150
1673028,NASDAQ-KOTD,8773,50,8771,100,8769,150,8777,50,8779,100,8781,150
1673028,NASDAQ-NGUP,6563,50,6562,100,6561,150,6565,50,6566,100,6567,150
1673028,NASDAQ-SIMP,9942,144,9940,70,9939,120,9944,131,9945,200,9946,250
1673028,NASDAQ-ZITO,8021,40,8020,100,8019,150,8023,50,8024,100,8025,150
1673333,NASDAQ-CARD,9990,50,9989,100,9988,150,9992,50,9993,100,9994,150
1673333,NASDAQ-DLKV,10182,50,10180,100,10178,150,10186,50,10188,100,10190,150
1673333,NASDAQ-ETFB,11627,50,11625,100,11623,150,11631,50,11633,100,11635,150
1673333,NASDAQ-ETFB3,9836,10,9835,100,9834,150,9838,48,9839,100,9840,150
1673333,NASDAQ-FSR,9698,50,9696,100,9694,150,9702,50,9704,100,9706,150
1673333,NASDAQ-GOLD,9762,50,9761,100,9760,150,9764,50,9765,100,9766,150
1673333,NASDAQ-HT,10649,50,10647,100,10645,150,10653,50,10655,100,10657,150
1673333,NASDAQ-INA,10659,50,10657,100,10655,150,10663,50,10665,100,10667,150
1673333,NASDAQ-KOTD,8801,50,8799,100,8797,150,8805,50,8807,100,8809,150
1673333,NASDAQ-NGUP,6591,50,6590,100,6589,150,6593,50,6594,100,6595,150
1673333,NASDAQ-SIMP,9976,50,9975,100,9974,150,9978,50,9979,100,9980,150
1673333,NASDAQ-ZITO,8001,50,8000,100,7999,150,8003,50,8004,100,8005,150
1673636,NASDAQ-CARD,9993,50,9992,100,9991,150,9996,100,9997,150,9998,200
1673636,NASDAQ-DLKV,10194,118,10192,250,10148,25,10204,50,10206,100,10208,150
1673636,NASDAQ-ETFB,11621,150,11619,250,11614,80,11637,200,11639,250,11857,57
1673636,NASDAQ-ETFB3,9837,87,9836,250,9826,80,9845,200,9846,250,9920,32
1673636,NASDAQ-FSR,9682,50,9680,100,9678,150,9692,200,9694,250,9746,10
1673636,NASDAQ-GOLD,9768,50,9767,150,9766,200,9771,50,9772,100,9773,150
1673636,NASDAQ-HT,10656,150,10654,200,10652,250,10664,50,10666,100,10668,150
1673636,NASDAQ-INA,10652,50,10650,100,10648,150,10655,9,10656,50,10658,100
1673636,NASDAQ-KOTD,8781,50,8779,100,8777,150,8785,50,8787,100,8789,150
1673636,NASDAQ-NGUP,6588,50,6587,100,6586,150,6591,51,6592,150,6593,200
1673636,NASDAQ-SIMP,9983,99,9982,150,9981,200,9986,50,9987,100,9988,150
1673636,NASDAQ-ZITO,7994,50,7993,100,7992,150,7996,50,7997,100,7998,150
1673976,NASDAQ-CARD,9988,50,9987,100,9986,150,10144,100,10151,80,10152,108
1673976,NASDAQ-DLKV,10170,50,10168,100,10166,150,10180,200,10182,250,10193,10
1673976,NASDAQ-ETFB,11626,200,11624,250,11614,80,11638,100,11640,150,11642,200
1673976,NASDAQ-ETFB3,9852,123,9851,250,9826,80,9857,50,9858,100,9859,150
1673976,NASDAQ-FSR,9690,70,9688,150,9686,200,9700,150,9702,200,9704,250
1673976,NASDAQ-GOLD,9799,50,9798,100,9797,150,9801,50,9802,100,9803,150
1673976,NASDAQ-HT,10622,50,10620,100,10618,150,10626,50,10628,100,10630,150
1673976,NASDAQ-INA,10605,50,10603,100,10601,150,10609,50,10611,100,10613,150
1673976,NASDAQ-KOTD,8735,50,8734,30,8733,100,8739,25,8741,100,8743,150
1673976,NASDAQ-NGUP,6567,50,6566,100,6565,150,6572,190,6573,250,6574,20
1673976,NASDAQ-SIMP,10002,1,10001,150,10000,200,10005,50,10006,100,10007,150
1673976,NASDAQ-ZITO,7974,50,7973,100,7972,150,7977,61,7978,150,7979,200
1674294,NASDAQ-CARD,10191,50,10190,100,10189,150,10193,50,10194,100,10195,150
1674294,NASDAQ-DLKV,10128,50,10127,20,10125,50,10131,81,10133,150,10135,200
1674294,NASDAQ-ETFB,11635,100,11633,150,11631,200,11641,49,11643,100,11645,150
1674294,NASDAQ-ETFB3,9826,80,9813,10,9785,18,9872,50,9873,100,9874,150
1674294,NASDAQ-FSR,9672,50,9670,100,9668,150,9684,92,9746,10,9819,55
1674294,NASDAQ-GOLD,9867,200,9866,250,9728,10,9872,50,9873,100,9874,150
1674294,NASDAQ-HT,10612,50,10610,100,10608,150,10616,50,10618,100,10620,150
1674294,NASDAQ-INA,10586,50,10584,100,10582,150,10590,46,10592,100,10594,150
1674294,NASDAQ-KOTD,8733,111,8731,250,8692,55,8743,50,8745,100,8747,150
1674294,NASDAQ-NGUP,6538,50,6537,100,6536,150,6541,30,6542,150,6543,200
1674294,NASDAQ-SIMP,10034,1,10033,150,10032,200,10037,50,10038,100,10039,150
1674294,NASDAQ-ZITO,7977,60,7976,100,7975,150,7979,50,7980,100,7981,150
1674594,NASDAQ-CARD,10144,30,9891,29,9866,20,10203,50,10204,100,10205,150
1674594,NASDAQ-DLKV,10140,70,10138,150,10136,200,10146,50,10148,100,10150,150
1674594,NASDAQ-ETFB,11646,24,11644,100,11642,150,11650,50,11652,100,11654,150
1674594,NASDAQ-ETFB3,9872,118,9871,250,9826,80,9877,50,9878,100,9879,150
1674594,NASDAQ-FSR,9661,30,9659,100,9657,150,9667,50,9669,150,9671,200
1674594,NASDAQ-GOLD,9816,50,9815,100,9814,150,9818,40,9819,100,9820,150
1674594,NASDAQ-HT,10630,30,10628,100,10626,150,10634,50,10636,100,10638,150
1674594,NASDAQ-INA,10560,3,10556,50,10555,50,10561,79,10563,150,10565,200
1674594,NASDAQ-KOTD,8670,50,8668,100,8666,150,8676,86,8678,150,8680,200
1674594,NASDAQ-NGUP,6532,30,6531,100,6530,150,6537,14,6538,250,6541,30
1674594,NASDAQ-SIMP,10015,49,10014,100,10013,150,10018,63,10019,150,10020,200
1674594,NASDAQ-ZITO,7959,50,7958,120,7957,150,7962,6,7963,150,7964,200
1674887,NASDAQ-CARD,10187,70,10186,150,10185,200,10194,89,10361,30,10365,108
1674887,NASDAQ-DLKV,10151,80,10150,96,10149,250,10161,50,10163,100,10165,150
1674887,NASDAQ-ETFB,11644,50,11642,150,11640,200,11646,59,11650,50,11652,100
1674887,NASDAQ-ETFB3,9858,181,9857,250,9813,10,9863,50,9864,100,9865,150
1674887,NASDAQ-FSR,9655,50,9653,100,9651,150,9663,107,9665,200,9667,250
1674887,NASDAQ-GOLD,9864,200,9863,250,9728,10,9869,50,9870,100,9871,150
1674887,NASDAQ-HT,10594,50,10592,100,10590,150,10598,30,10600,100,10602,150
1674887,NASDAQ-INA,10566,7,10565,96,10564,100,10570,50,10572,100,10574,150
1674887,NASDAQ-KOTD,8690,90,8688,150,8686,200,8696,50,8698,100,8700,150
1674887,NASDAQ-NGUP,6502,50,6501,100,6500,170,6505,52,6506,150,6507,200
1674887,NASDAQ-SIMP,10035,63,10034,200,10033,250,10039,50,10040,100,10041,150
1674887,NASDAQ-ZITO,7983,20,7982,150,7981,200,7986,50,7987,100,7988,150
1675188,NASDAQ-CARD,10421,29,10195,10,10188,4,10427,50,10428,100,10429,150
1675188,NASDAQ-DLKV,10143,50,10141,100,10139,150,10149,84,10151,150,10153,200
1675188,NASDAQ-ETFB,11659,91,11657,150,11655,200,11665,50,11667,100,11669,150
1675188,NASDAQ-ETFB3,9857,250,9813,10,9785,18,9864,100,9865,150,9866,200
1675188,NASDAQ-FSR,9650,50,9648,100,9646,150,9656,100,9658,150,9660,200
1675188,NASDAQ-GOLD,9844,50,9843,100,9842,150,9847,90,9848,150,9849,200
1675188,NASDAQ-HT,10600,30,10598,100,10596,150,10604,50,10606,100,10608,150
1675188,NASDAQ-INA,10584,30,10582,100,10580,150,10588,50,10590,100,10592,150
1675188,NASDAQ-KOTD,8684,20,8682,50,8680,196,8686,24,8688,100,8690,150
1675188,NASDAQ-NGUP,6481,50,6480,100,6479,150,6484,80,6485,150,6486,200
1675188,NASDAQ-SIMP,10025,1,10020,119,10019,200,10027,138,10028,250,10033,20
1675188,NASDAQ-ZITO,7967,50,7966,100,7965,150,7969,50,7970,100,7971,150
1675516,NASDAQ-CARD,10415,7,10414,100,10413,150,10420,40,10421,280,10464,193
1675516,NASDAQ-DLKV,10135,50,10133,100,10131,150,10193,10,10194,50,10202,20
1675516,NASDAQ-ETFB,11657,150,11655,200,11653,250,11667,100,11669,150,11671,200
1675516,NASDAQ-ETFB3,9813,10,9785,18,9774,10,9875,50,9876,100,9877,150
1675516,NASDAQ-FSR,9653,40,9651,100,9649,150,9661,50,9663,200,9665,250
1675516,NASDAQ-GOLD,9821,50,9820,100,9819,150,9827,238,9883,20,9964,20
1675516,NASDAQ-HT,10610,50,10608,100,10606,150,10614,50,10616,100,10618,150
1675516,NASDAQ-INA,10620,20,10618,200,10616,250,10628,50,10630,100,10632,150
1675516,NASDAQ-KOTD,8725,7,8723,100,8721,150,8729,50,8731,100,8732,10
1675516,NASDAQ-NGUP,6494,29,6493,150,6492,200,6497,50,6498,100,6499,150
1675516,NASDAQ-SIMP,10010,50,10009,100,10008,150,10014,80,10015,200,10016,250
1675516,NASDAQ-ZITO,7983,100,7982,150,7981,200,7986,50,7987,100,7988,150
1675803,NASDAQ-CARD,10414,43,10413,200,10412,250,10422,9,10464,193,10665,20
1675803,NASDAQ-DLKV,10137,29,10135,100,10133,150,10141,50,10143,100,10145,150
1675803,NASDAQ-ETFB,11657,49,11655,150,11653,200,11665,50,11667,150,11669,200
1675803,NASDAQ-ETFB3,9881,50,9880,100,9879,150,9883,50,9884,100,9885,150
1675803,NASDAQ-FSR,9662,10,9660,100,9658,150,9666,50,9668,100,9670,150
1675803,NASDAQ-GOLD,9799,50,9798,100,9797,150,9803,40,9804,200,9805,250
1675803,NASDAQ-HT,10639,100,10637,150,10635,200,10645,50,10647,100,10649,150
1675803,NASDAQ-INA,10614,50,10612,100,10610,150,10618,11,10620,100,10622,150
1675803,NASDAQ-KOTD,8751,5,8749,100,8747,150,8755,50,8757,100,8759,150
1675803,NASDAQ-NGUP,6494,90,6493,150,6492,200,6498,100,6499,150,6500,200
1675803,NASDAQ-SIMP,10013,51,10012,250,10011,252,10018,49,10019,100,10020,150
1675803,NASDAQ-ZITO,8004,50,8003,150,8002,200,8007,50,8008,100,8009,150
1676107,NASDAQ-CARD,10496,242,10420,60,10391,20,10502,50,10503,100,10504,150
1676107,NASDAQ-DLKV,10106,50,10104,100,10102,150,10193,10,10194,50,10202,20
1676107,NASDAQ-ETFB,11637,50,11635,100,11633,150,11645,71,11647,200,11649,250
1676107,NASDAQ-ETFB3,9880,250,9877,63,9813,10,9886,50,9887,100,9888,150
1676107,NASDAQ-FSR,9647,50,9645,100,9643,150,9653,86,9655,150,9657,200
1676107,NASDAQ-GOLD,9789,50,9788,100,9787,150,9799,45,9883,20,9964,20
1676107,NASDAQ-HT,10603,50,10601,100,10599,150,10607,50,10609,100,10611,150
1676107,NASDAQ-INA,10621,9,10619,100,10617,150,10623,20,10625,50,10627,100
1676107,NASDAQ-KOTD,8727,50,8725,100,8723,150,8731,37,8733,100,8735,150
1676107,NASDAQ-NGUP,6491,50,6490,100,6489,150,6496,155,6497,250,6498,1
1676107,NASDAQ-SIMP,10012,87,10011,150,10010,200,10015,1,10016,100,10017,402
1676107,NASDAQ-ZITO,7994,50,7993,100,7992,150,7996,50,7997,100,7998,150
1676419,NASDAQ-CARD,10535,50,10534,150,10533,200,10538,50,10539,100,10540,150
1676419,NASDAQ-DLKV,10114,50,10112,100,10110,150,10118,50,10120,100,10122,150
1676419,NASDAQ-ETFB,11609,50,11607,100,11605,150,11613,50,11615,100,11617,150
1676419,NASDAQ-ETFB3,9820,50,9819,100,9818,150,9823,100,9824,150,9825,200
1676419,NASDAQ-FSR,9693,100,9691,150,9689,200,9699,50,9701,100,9703,150
1676419,NASDAQ-GOLD,9784,50,9783,100,9782,150,9787,95,9788,150,9789,200
1676419,NASDAQ-HT,10609,50,10607,100,10605,150,10613,50,10615,100,10617,150
1676419,NASDAQ-INA,10625,96,10623,150,10621,200,10631,50,10633,100,10635,150
1676419,NASDAQ-KOTD,8771,40,8769,100,8767,150,8775,50,8777,100,8779,150
1676419,NASDAQ-NGUP,6530,50,6529,100,6528,150,6532,50,6533,100,6534,150
1676419,NASDAQ-SIMP,9989,50,9988,100,9987,150,9991,49,9992,100,9993,150
1676419,NASDAQ-ZITO,8001,70,8000,150,7999,200,8004,50,8005,100,8006,150
1676738,NASDAQ-CARD,10481,90,10423,10,10422,30,10487,50,10488,100,10489,150
1676738,NASDAQ-DLKV,10125,90,10123,150,10121,200,10131,50,10133,100,10135,150
1676738,NASDAQ-ETFB,11571,50,11569,100,11567,150,11575,50,11577,100,11579,150
1676738,NASDAQ-ETFB3,9792,50,9791,100,9790,150,9797,110,9798,250,9920,32
1676738,NASDAQ-FSR,9722,50,9720,150,9718,200,9728,50,9730,100,9732,150
1676738,NASDAQ-GOLD,9796,40,9795,200,9794,250,9800,50,9801,100,9802,150
1676738,NASDAQ-HT,10596,50,10594,100,10592,150,10606,180,10608,250,10703,55
1676738,NASDAQ-INA,10649,46,10647,100,10645,150,10653,50,10655,109,10657,150
1676738,NASDAQ-KOTD,8765,50,8763,100,8761,150,8771,90,8773,150,8775,200
1676738,NASDAQ-NGUP,6541,49,6540,100,6539,150,6543,50,6544,100,6545,150
1676738,NASDAQ-SIMP,9972,50,9971,100,9970,150,9977,54,9978,250,10001,20
1676738,NASDAQ-ZITO,8012,80,8011,150,8010,200,8015,50,8016,100,8017,150
1677050,NASDAQ-CARD,10264,50,10263,100,10262,150,10267,30,10268,150,10269,200
1677050,NASDAQ-DLKV,10140,50,10138,100,10136,150,10144,50,10146,100,10148,150
1677050,NASDAQ-ETFB,11567,50,11565,100,11563,150,11571,50,11573,100,11575,150
1677050,NASDAQ-ETFB3,9792,50,9791,100,9790,150,9794,48,9795,100,9796,150
1677050,NASDAQ-FSR,9710,50,9708,100,9706,150,9716,50,9718,150,9720,200
1677050,NASDAQ-GOLD,9822,90,9821,150,9820,200,9825,50,9826,100,9827,150
1677050,NASDAQ-HT,10565,50,10563,100,10561,150,10569,50,10571,100,10573,150
1677050,NASDAQ-INA,10628,50,10626,100,10624,150,10634,90,10636,150,10638,200
1677050,NASDAQ-KOTD,8758,50,8756,100,8754,150,8761,17,8762,50,8763,20
1677050,NASDAQ-NGUP,6547,20,6546,100,6545,150,6549,50,6550,100,6551,150
1677050,NASDAQ-SIMP,9992,6,9991,150,9990,200,9995,50,9996,100,9997,150
1677050,NASDAQ-ZITO,8026,50,8025,100,8024,150,8028,50,8029,100,8030,150
1677350,NASDAQ-CARD,10282,77,10281,150,10280,200,10285,50,10286,100,10287,150
1677350,NASDAQ-DLKV,10147,37,10145,100,10143,150,10151,50,10153,100,10155,150
1677350,NASDAQ-ETFB,11543,50,11541,100,11539,150,11553,172,11555,250,11576,57
1677350,NASDAQ-ETFB3,9792,50,9791,100,9790,150,9797,45,9798,250,9920,32
1677350,NASDAQ-FSR,9722,100,9720,150,9718,200,9728,50,9730,100,9732,150
1677350,NASDAQ-GOLD,9811,50,9810,100,9809,150,9814,85,9815,150,9816,200
1677350,NASDAQ-HT,10582,200,10580,250,10546,20,10592,50,10594,100,10596,150
1677350,NASDAQ-INA,10645,37,10643,100,10641,150,10649,50,10651,100,10653,150
1677350,NASDAQ-KOTD,8760,62,8758,150,8756,200,8766,50,8768,100,8770,150
1677350,NASDAQ-NGUP,6545,50,6544,100,6543,150,6550,200,6551,250,6568,3
1677350,NASDAQ-SIMP,9975,49,9974,100,9973,258,9977,49,9978,100,9979,150
1677350,NASDAQ-ZITO,8021,50,8020,100,8019,150,8024,50,8025,150,8026,200
1677639,NASDAQ-CARD,10263,50,10262,100,10261,150,10269,87,10480,10,10481,52
1677639,NASDAQ-DLKV,10135,50,10133,100,10132,10,10141,60,10143,150,10145,200
1677639,NASDAQ-ETFB,11574,42,11572,150,11570,200,11576,5,11580,50,11582,100
1677639,NASDAQ-ETFB3,9831,50,9830,100,9829,150,9833,50,9834,100,9835,150
1677639,NASDAQ-FSR,9734,50,9732,150,9730,200,9740,50,9742,100,9744,150
1677639,NASDAQ-GOLD,9835,50,9834,100,9833,150,9837,50,9838,100,9839,150
1677639,NASDAQ-HT,10590,50,10588,100,10586,150,10594,50,10596,100,10598,150
1677639,NASDAQ-INA,10647,50,10645,100,10643,150,10651,50,10653,100,10655,150
1677639,NASDAQ-KOTD,8756,50,8754,100,8752,150,8760,50,8762,100,8764,150
1677639,NASDAQ-NGUP,6537,50,6536,100,6535,150,6539,50,6540,100,6541,150
1677639,NASDAQ-SIMP,9964,158,9963,100,9962,150,9969,46,9970,250,9975,1
1677639,NASDAQ-ZITO,8023,50,8022,100,8021,150,8025,50,8026,100,8027,150
1677935,NASDAQ-CARD,10285,25,10195,10,10144,30,10292,50,10293,100,10294,150
1677935,NASDAQ-DLKV,10152,50,10150,100,10148,150,10156,50,10158,100,10160,150
1677935,NASDAQ-ETFB,11574,72,11572,150,11570,200,11580,50,11582,100,11584,150
1677935,NASDAQ-ETFB3,9828,177,9827,250,9785,18,9834,100,9835,150,9836,200
1677935,NASDAQ-FSR,9720,50,9718,100,9716,150,9728,22,9730,200,9732,250
1677935,NASDAQ-GOLD,9839,50,9838,100,9837,150,9841,50,9842,100,9843,150
1677935,NASDAQ-HT,10621,50,10619,100,10617,150,10625,50,10627,100,10629,150
1677935,NASDAQ-INA,10618,50,10616,100,10614,150,10622,50,10624,100,10626,150
1677935,NASDAQ-KOTD,8736,50,8735,12,8734,100,8740,50,8742,100,8744,150
1677935,NASDAQ-NGUP,6544,50,6543,100,6542,150,6546,50,6547,100,6548,150
1677935,NASDAQ-SIMP,9959,50,9958,100,9957,150,9968,198,9992,54,10001,20
1677935,NASDAQ-ZITO,8024,25,8023,150,8022,200,8027,50,8028,100,8029,150
1678290,NASDAQ-CARD,10209,50,10208,100,10207,150,10214,172,10215,250,10285,30
1678290,NASDAQ-DLKV,10132,60,10130,100,10128,150,10138,8,10140,150,10142,200
1678290,NASDAQ-ETFB,11566,50,11564,100,11562,150,11572,98,11574,150,11576,200
1678290,NASDAQ-ETFB3,9833,151,9832,250,9785,18,9838,50,9839,100,9840,150
1678290,NASDAQ-FSR,9719,50,9717,100,9715,150,9727,132,9729,200,9731,250
1678290,NASDAQ-GOLD,9879,50,9878,100,9877,150,9881,50,9882,100,9883,170
1678290,NASDAQ-HT,10640,50,10638,100,10636,150,10644,50,10646,100,10648,150
1678290,NASDAQ-INA,10653,30,10651,100,10649,150,10657,50,10659,100,10661,150
1678290,NASDAQ-KOTD,8796,40,8794,100,8792,150,8797,9,8800,60,8802,100
1678290,NASDAQ-NGUP,6544,70,6543,150,6542,200,6548,70,6549,150,6550,200
1678290,NASDAQ-SIMP,9972,93,9960,144,9956,20,9980,48,9981,200,9982,250
1678290,NASDAQ-ZITO,8032,30,8031,100,8030,150,8034,50,8035,100,8036,150
1678608,NASDAQ-CARD,10206,100,10205,150,10204,200,10213,190,10285,30,10290,1
1678608,NASDAQ-DLKV,10138,69,10136,150,10134,200,10144,50,10146,100,10148,150
1678608,NASDAQ-ETFB,11566,50,11564,100,11562,150,11574,150,11576,200,11578,250
1678608,NASDAQ-ETFB3,9838,88,9837,200,9836,250,9842,50,9843,100,9844,150
1678608,NASDAQ-FSR,9759,100,9757,150,9755,200,9765,50,9767,100,9769,150
1678608,NASDAQ-GOLD,9910,50,9909,100,9908,150,9912,50,9913,100,9914,150
1678608,NASDAQ-HT,10632,50,10630,100,10628,150,10636,50,10638,100,10640,150
1678608,NASDAQ-INA,10626,50,10624,100,10623,10,10630,50,10632,100,10634,150
1678608,NASDAQ-KOTD,8758,50,8756,100,8754,150,8762,50,8764,100,8766,150
1678608,NASDAQ-NGUP,6557,92,6556,150,6555,200,6560,50,6561,100,6562,150
1678608,NASDAQ-SIMP,9986,83,9960,144,9956,20,9992,50,9993,100,9994,150
1678608,NASDAQ-ZITO,8046,25,8045,100,8044,150,8048,50,8049,100,8050,150
1678916,NASDAQ-CARD,10205,90,10195,10,10179,20,10480,10,10481,52,10487,30
1678916,NASDAQ-DLKV,10116,50,10114,100,10112,150,10120,49,10122,100,10124,150
1678916,NASDAQ-ETFB,11586,6,11584,100,11582,150,11590,50,11592,100,11594,150
1678916,NASDAQ-ETFB3,9832,50,9831,100,9830,150,9836,115,9837,200,9838,250
1678916,NASDAQ-FSR,9736,50,9734,100,9732,150,9742,63,9744,150,9746,200
1678916,NASDAQ-GOLD,9931,200,9930,250,9882,10,9936,50,9937,100,9938,150
1678916,NASDAQ-HT,10609,50,10607,100,10605,150,10615,50,10617,150,10619,200
1678916,NASDAQ-INA,10592,18,10590,50,10588,100,10600,199,10602,250,10649,1
1678916,NASDAQ-KOTD,8747,50,8745,100,8743,150,8751,25,8753,100,8755,150
1678916,NASDAQ-NGUP,6538,50,6537,100,6536,150,6541,58,6542,150,6543,200
1678916,NASDAQ-SIMP,9997,67,9996,150,9995,200,10000,49,10001,100,10002,150
1678916,NASDAQ-ZITO,8049,178,8016,10,7970,10,8055,50,8056,100,8057,150
1679215,NASDAQ-CARD,10269,50,10268,100,10267,150,10271,50,10272,100,10273,150
1679215,NASDAQ-DLKV,10119,87,10117,200,10115,250,10127,50,10129,100,10131,150
1679215,NASDAQ-ETFB,11588,38,11586,200,11584,250,11596,50,11598,100,11600,150
1679215,NASDAQ-ETFB3,9831,15,9830,150,9829,200,9838,229,9920,32,10083,25
1679215,NASDAQ-FSR,9757,50,9755,150,9753,200,9763,25,9765,130,9767,150
1679215,NASDAQ-GOLD,9947,50,9946,100,9945,150,9949,50,9950,100,9951,150
1679215,NASDAQ-HT,10594,50,10592,100,10590,150,10598,50,10600,100,10602,150
1679215,NASDAQ-INA,10524,50,10522,100,10520,150,10534,113,10536,250,10592,20
1679215,NASDAQ-KOTD,8760,95,8758,150,8756,200,8766,50,8768,100,8770,150
1679215,NASDAQ-NGUP,6546,50,6545,100,6544,150,6548,50,6549,100,6550,150
1679215,NASDAQ-SIMP,9988,50,9987,100,9986,150,9993,101,9994,250,10014,36
1679215,NASDAQ-ZITO,8049,56,8016,10,7970,10,8055,25,8056,100,8057,150
1679482,NASDAQ-CARD,10293,95,10292,150,10291,200,10296,50,10297,100,10298,150
1679482,NASDAQ-DLKV,10112,150,10110,200,10108,250,10120,31,10122,100,10124,150
1679482,NASDAQ-ETFB,11593,50,11591,100,11589,150,11597,50,11599,100,11601,150
1679482,NASDAQ-ETFB3,9853,19,9852,150,9851,200,9856,50,9857,100,9858,150
1679482,NASDAQ-FSR,9742,50,9740,100,9738,150,9746,50,9748,100,9750,150
1679482,NASDAQ-GOLD,9966,24,9965,100,9964,150,9968,50,9969,100,9970,150
1679482,NASDAQ-HT,10601,50,10599,100,10597,150,10605,50,10607,100,10609,150
1679482,NASDAQ-INA,10556,50,10554,100,10552,150,10566,116,10568,250,10592,20
1679482,NASDAQ-KOTD,8752,50,8750,100,8748,150,8756,31,8758,120,8760,150
1679482,NASDAQ-NGUP,6532,50,6531,100,6530,150,6534,50,6535,100,6536,150
1679482,NASDAQ-SIMP,9984,150,9983,200,9982,250,9991,13,9992,250,10014,36
1679482,NASDAQ-ZITO,8050,75,8049,150,8048,200,8053,50,8054,100,8055,150
1679795,NASDAQ-CARD,10290,50,10289,100,10288,150,10441,20,10480,4,10481,52
1679795,NASDAQ-DLKV,10094,19,10081,20,9934,10,10139,50,10141,100,10143,150
1679795,NASDAQ-ETFB,11599,50,11597,100,11595,150,11603,50,11605,100,11607,150
1679795,NASDAQ-ETFB3,9859,103,9858,250,9785,18,9864,50,9865,100,9866,150
1679795,NASDAQ-FSR,9773,20,9771,200,9769,250,9781,50,9783,100,9785,150
1679795,NASDAQ-GOLD,9965,200,9964,250,9882,8,9970,50,9971,100,9972,150
1679795,NASDAQ-HT,10652,50,10650,100,10648,150,10656,50,10658,100,10660,150
1679795,NASDAQ-INA,10479,50,10477,100,10475,150,10592,20,10649,1,10651,20
1679795,NASDAQ-KOTD,8705,50,8703,100,8701,150,8709,6,8711,100,8713,150
1679795,NASDAQ-NGUP,6532,64,6531,150,6530,200,6535,50,6536,100,6537,150
1679795,NASDAQ-SIMP,9999,139,9998,250,9975,20,10004,50,10005,100,10006,150
1679795,NASDAQ-ZITO,8034,50,8033,100,8032,150,8036,3,8037,100,8038,150
1680057,NASDAQ-CARD,10058,50,10057,100,10056,150,10061,35,10062,150,10063,200
1680057,NASDAQ-DLKV,10112,12,10110,100,10108,150,10116,25,10118,100,10120,150
1680057,NASDAQ-ETFB,11597,100,11595,150,11593,200,11605,100,11607,150,11609,200
1680057,NASDAQ-ETFB3,9848,96,9847,150,9846,200,9852,100,9853,150,9854,200
1680057,NASDAQ-FSR,9715,50,9713,100,9711,150,9719,50,9721,100,9723,150
1680057,NASDAQ-GOLD,10019,59,10017,250,9938,20,10029,50,10031,100,10033,150
1680057,NASDAQ-HT,10625,50,10623,100,10621,150,10629,50,10631,100,10633,150
1680057,NASDAQ-INA,10466,50,10464,100,10462,150,10470,25,10472,100,10474,150
1680057,NASDAQ-KOTD,8680,4,8673,50,8671,100,8681,119,8683,200,8685,250
1680057,NASDAQ-NGUP,6500,50,6499,100,6498,150,6502,30,6503,100,6504,150
1680057,NASDAQ-SIMP,9982,49,9981,100,9980,150,9986,148,9987,200,9988,250
1680057,NASDAQ-ZITO,8032,100,8031,150,8030,200,8036,94,8037,150,8038,200
1680296,NASDAQ-CARD,10076,50,10075,100,10074,150,10078,50,10079,100,10080,150
1680296,NASDAQ-DLKV,10096,20,10094,69,10092,100,10100,75,10102,150,10104,200
1680296,NASDAQ-ETFB,11599,45,11597,100,11595,150,11603,46,11605,100,11607,150
1680296,NASDAQ-ETFB3,9842,100,9841,150,9840,200,9845,50,9846,325,9847,150
1680296,NASDAQ-FSR,9688,50,9686,100,9684,150,9692,50,9694,100,9696,150
1680296,NASDAQ-GOLD,9994,50,9993,100,9992,150,9996,50,9997,100,9998,150
1680296,NASDAQ-HT,10606,50,10604,100,10602,150,10610,50,10612,100,10614,150
1680296,NASDAQ-INA,10491,50,10489,100,10487,150,10495,50,10497,100,10499,150
1680296,NASDAQ-KOTD,8709,50,8707,100,8705,150,8713,50,8715,100,8717,150
1680296,NASDAQ-NGUP,6477,20,6476,50,6475,100,6479,36,6480,150,6481,200
1680296,NASDAQ-SIMP,10000,50,9999,100,9998,150,10002,50,10003,100,10004,150
1680296,NASDAQ-ZITO,8010,50,8009,100,8008,150,8012,20,8013,100,8014,150
1680515,NASDAQ-CARD,10068,50,10067,100,10066,150,10073,15,10074,250,10076,160
1680515,NASDAQ-DLKV,10126,88,10124,200,10122,250,10134,50,10136,100,10138,150
1680515,NASDAQ-ETFB,11590,50,11588,100,11586,150,11594,4,11596,100,11598,150
1680515,NASDAQ-ETFB3,9841,73,9840,200,9839,250,9846,315,9847,150,9848,200
1680515,NASDAQ-FSR,9712,140,9710,200,9708,250,9720,50,9722,100,9724,150
1680515,NASDAQ-GOLD,10009,131,10007,200,10005,250,10017,50,10019,200,10021,150
1680515,NASDAQ-HT,10627,50,10625,150,10623,200,10633,50,10635,100,10637,150
1680515,NASDAQ-INA,10492,50,10490,100,10488,150,10502,200,10504,250,10592,20
1680515,NASDAQ-KOTD,8717,9,8712,50,8710,100,8718,100,8720,150,8722,200
1680515,NASDAQ-NGUP,6477,20,6476,50,6475,100,6479,9,6480,150,6481,200
1680515,NASDAQ-SIMP,10004,31,10003,100,10002,150,10006,50,10007,100,10008,150
1680515,NASDAQ-ZITO,8024,50,8023,100,8022,150,8026,50,8027,100,8028,150
1680731,NASDAQ-CARD,10065,250,9891,29,9866,20,10074,65,10075,250,10076,160
1680731,NASDAQ-DLKV,10100,30,10098,100,10096,150,10104,25,10106,100,10108,150
1680731,NASDAQ-ETFB,11590,4,11588,100,11586,150,11594,50,11596,100,11598,150
1680731,NASDAQ-ETFB3,9842,110,9841,200,9840,250,9847,100,9848,150,9849,200
1680731,NASDAQ-FSR,9743,100,9741,200,9739,250,9751,50,9753,100,9755,150
1680731,NASDAQ-GOLD,9965,50,9964,100,9963,150,9968,70,9969,150,9970,200
1680731,NASDAQ-HT,10649,100,10647,150,10645,200,10653,20,10655,50,10657,100
1680731,NASDAQ-INA,10502,50,10500,50,10498,100,10510,175,10512,250,10592,20
1680731,NASDAQ-KOTD,8729,32,8727,100,8725,150,8733,50,8735,100,8737,150
1680731,NASDAQ-NGUP,6474,50,6473,100,6472,150,6479,166,6480,250,6502,2
1680731,NASDAQ-SIMP,10006,15,10005,100,10004,150,10008,49,10009,100,10010,150
1680731,NASDAQ-ZITO,8020,50,8019,100,8018,150,8022,50,8023,100,8024,150
1680989,NASDAQ-CARD,10220,144,10219,250,9891,29,10225,50,10226,100,10227,150
1680989,NASDAQ-DLKV,10099,250,10094,10,10081,20,10111,47,10113,100,10115,150
1680989,NASDAQ-ETFB,11577,50,11575,100,11573,150,11583,100,11585,150,11587,200
1680989,NASDAQ-ETFB3,9824,50,9823,100,9822,150,9826,50,9827,100,9828,150
1680989,NASDAQ-FSR,9776,106,9774,200,9772,250,9784,50,9786,100,9788,150
1680989,NASDAQ-GOLD,9976,50,9975,100,9974,150,9978,50,9979,100,9980,150
1680989,NASDAQ-HT,10627,49,10625,100,10624,20,10631,50,10633,100,10635,150
1680989,NASDAQ-INA,10488,50,10486,100,10484,150,10592,20,10649,1,10651,20
1680989,NASDAQ-KOTD,8730,183,8728,250,8722,25,8740,50,8742,100,8744,150
1680989,NASDAQ-NGUP,6499,50,6498,100,6497,150,6501,50,6502,103,6503,150
1680989,NASDAQ-SIMP,9992,50,9991,100,9990,150,9996,126,9997,200,9998,250
1680989,NASDAQ-ZITO,8050,25,8049,100,8048,150,8052,50,8053,100,8054,150
1681257,NASDAQ-CARD,10215,50,10214,100,10213,150,10219,11,10220,200,10221,250
1681257,NASDAQ-DLKV,10114,112,10081,20,9934,10,10126,150,10128,100,10130,150
1681257,NASDAQ-ETFB,11575,100,11573,150,11571,200,11581,50,11583,100,11585,150
1681257,NASDAQ-ETFB3,9806,50,9805,100,9804,150,9811,160,9812,250,9840,45
1681257,NASDAQ-FSR,9769,150,9767,200,9765,250,9777,22,9779,100,9781,150
1681257,NASDAQ-GOLD,9976,143,9975,200,9974,250,9983,200,9984,250,10008,10
1681257,NASDAQ-HT,10609,50,10607,100,10605,150,10619,200,10621,250,10653,20
1681257,NASDAQ-INA,10538,50,10536,100,10534,150,10544,100,10546,150,10548,200
1681257,NASDAQ-KOTD,8751,1,8749,150,8747,200,8757,50,8759,100,8761,150
1681257,NASDAQ-NGUP,6512,136,6511,250,6466,30,6517,50,6518,100,6519,150
1681257,NASDAQ-SIMP,9997,72,9996,150,9995,200,10003,200,10004,250,10014,36
1681257,NASDAQ-ZITO,8035,25,8034,100,8033,150,8037,50,8038,100,8039,150
1681496,NASDAQ-CARD,10209,50,10208,100,10207,150,10212,49,10213,150,10214,200
1681496,NASDAQ-DLKV,10131,11,10129,200,10127,250,10139,50,10141,100,10143,150
1681496,NASDAQ-ETFB,11532,50,11530,100,11528,150,11536,50,11538,100,11540,150
1681496,NASDAQ-ETFB3,9806,50,9805,100,9804,150,9812,241,9840,45,9842,50
1681496,NASDAQ-FSR,9758,50,9756,100,9754,150,9762,50,9764,100,9766,150
1681496,NASDAQ-GOLD,9990,100,9989,250,9957,20,9995,50,9996,100,9997,150
1681496,NASDAQ-HT,10611,200,10609,250,10606,20,10621,50,10623,100,10625,150
1681496,NASDAQ-INA,10503,50,10501,100,10499,150,10513,44,10515,250,10534,3
1681496,NASDAQ-KOTD,8697,50,8695,100,8693,150,8703,36,8705,150,8707,200
1681496,NASDAQ-NGUP,6498,50,6497,100,6496,150,6500,50,6501,100,6502,150
1681496,NASDAQ-SIMP,10011,24,10010,150,10009,200,10014,86,10015,100,10016,150
1681496,NASDAQ-ZITO,8018,50,8017,100,8016,150,8021,20,8022,150,8023,200
1681760,NASDAQ-CARD,10183,50,10182,100,10181,150,10189,229,10290,75,10441,20
1681760,NASDAQ-DLKV,10120,124,10118,200,10116,250,10128,49,10130,100,10132,150
1681760,NASDAQ-ETFB,11536,80,11532,50,11530,100,11542,200,11544,250,11604,59
1681760,NASDAQ-ETFB3,9804,57,9803,200,9802,250,9810,110,9811,200,9812,250
1681760,NASDAQ-FSR,9744,50,9742,100,9740,150,9748,25,9750,100,9752,150
1681760,NASDAQ-GOLD,9981,50,9980,100,9979,150,9983,50,9984,100,9985,150
1681760,NASDAQ-HT,10606,20,10603,50,10601,100,10609,100,10611,150,10613,200
1681760,NASDAQ-INA,10496,50,10494,100,10492,150,10506,25,10508,250,10534,3
1681760,NASDAQ-KOTD,8707,1,8705,50,8703,180,8709,50,8711,100,8713,150
1681760,NASDAQ-NGUP,6485,50,6484,100,6483,170,6488,75,6489,150,6490,200
1681760,NASDAQ-SIMP,10008,50,10007,100,10006,150,10011,3,10012,150,10013,236
1681760,NASDAQ-ZITO,8013,50,8012,150,8011,150,8016,24,8017,150,8018,200
1682025,NASDAQ-CARD,10444,25,10212,30,9891,29,10450,50,10451,100,10452,150
1682025,NASDAQ-DLKV,10125,26,10123,150,10121,200,10131,49,10133,100,10135,150
1682025,NASDAQ-ETFB,11536,216,11534,200,11532,250,11544,50,11546,100,11548,150
1682025,NASDAQ-ETFB3,9807,27,9806,150,9805,200,9811,100,9812,150,9813,200
1682025,NASDAQ-FSR,9734,50,9732,100,9730,150,9738,50,9740,100,9742,150
1682025,NASDAQ-GOLD,9970,50,9969,100,9968,150,9973,50,9974,150,9975,200
1682025,NASDAQ-HT,10599,50,10597,100,10595,150,10603,50,10605,100,10607,150
1682025,NASDAQ-INA,10474,125,10472,100,10471,10,10484,77,10486,250,10534,3
1682025,NASDAQ-KOTD,8729,49,8727,100,8725,150,8733,50,8735,100,8737,150
1682025,NASDAQ-NGUP,6476,50,6475,100,6474,150,6478,30,6479,100,6480,150
1682025,NASDAQ-SIMP,9993,129,9991,50,9990,100,9994,96,9995,150,9996,200
1682025,NASDAQ-ZITO,8032,50,8031,100,8030,150,8034,50,8035,100,8036,150
1682313,NASDAQ-CARD,10425,95,10424,150,10423,200,10429,4,10430,150,10431,200
1682313,NASDAQ-DLKV,10129,25,10127,100,10125,150,10133,50,10135,100,10137,150
1682313,NASDAQ-ETFB,11538,80,11536,202,11534,200,11544,50,11546,100,11548,150
1682313,NASDAQ-ETFB3,9752,10,9751,50,9750,100,9753,50,9754,100,9755,150
1682313,NASDAQ-FSR,9720,50,9718,100,9716,150,9724,50,9726,100,9728,150
1682313,NASDAQ-GOLD,9999,44,9998,100,9997,150,10001,50,10002,100,10003,150
1682313,NASDAQ-HT,10564,50,10562,100,10560,150,10568,10,10570,100,10572,150
1682313,NASDAQ-INA,10491,25,10489,150,10487,200,10503,170,10505,250,10534,3
1682313,NASDAQ-KOTD,8731,50,8729,100,8727,150,8735,50,8737,100,8739,150
1682313,NASDAQ-NGUP,6484,50,6483,150,6482,200,6487,50,6488,100,6489,150
1682313,NASDAQ-SIMP,10013,48,10012,150,10011,200,10016,50,10017,337,10018,150
1682313,NASDAQ-ZITO,8014,50,8013,100,8012,200,8016,45,8017,100,8018,150
1682611,NASDAQ-CARD,10423,15,10422,150,10421,200,10428,85,10429,200,10430,250
1682611,NASDAQ-DLKV,10087,50,10085,100,10083,150,10091,30,10093,100,10095,150
1682611,NASDAQ-ETFB,11517,50,11515,100,11513,150,11521,50,11523,100,11525,150
1682611,NASDAQ-ETFB3,9753,12,9752,10,9751,50,9756,94,9757,250,9805,3
1682611,NASDAQ-FSR,9736,40,9734,150,9732,200,9742,50,9744,100,9746,150
1682611,NASDAQ-GOLD,9997,75,9996,250,9957,20,10002,50,10003,100,10004,150
1682611,NASDAQ-HT,10604,50,10602,100,10600,150,10608,50,10610,100,10612,150
1682611,NASDAQ-INA,10452,50,10450,100,10448,150,10462,122,10464,250,10534,3
1682611,NASDAQ-KOTD,8706,50,8704,100,8702,150,8710,49,8712,100,8714,150
1682611,NASDAQ-NGUP,6445,50,6444,100,6443,150,6447,50,6448,100,6449,150
1682611,NASDAQ-SIMP,9988,50,9987,100,9986,150,9994,180,10013,20,10015,288
1682611,NASDAQ-ZITO,8041,50,8040,100,8039,150,8043,50,8044,100,8045,150
1682902,NASDAQ-CARD,10433,134,10432,200,10431,250,10437,50,10438,100,10439,150
1682902,NASDAQ-DLKV,10063,50,10061,100,10059,150,10067,10,10069,100,10071,150
1682902,NASDAQ-ETFB,11514,100,11512,150,11510,200,11520,50,11522,100,11524,150
1682902,NASDAQ-ETFB3,9773,38,9772,100,9771,150,9777,18,9778,200,9779,250
1682902,NASDAQ-FSR,9703,20,9700,50,9698,100,9704,50,9706,100,9708,150
1682902,NASDAQ-GOLD,10018,150,10016,200,10014,250,10019,10,10026,50,10028,100
1682902,NASDAQ-HT,10595,50,10593,100,10591,150,10599,50,10601,120,10603,150
1682902,NASDAQ-INA,10426,20,10424,50,10422,100,10428,25,10430,100,10432,150
1682902,NASDAQ-KOTD,8694,50,8692,100,8690,150,8698,50,8700,120,8702,244
1682902,NASDAQ-NGUP,6429,50,6428,100,6427,150,6432,99,6433,150,6434,200
1682902,NASDAQ-SIMP,9978,50,9977,100,9976,150,9984,161,10013,20,10015,288
1682902,NASDAQ-ZITO,8022,50,8021,100,8020,150,8024,50,8025,100,8026,150
1683162,NASDAQ-CARD,10247,50,10246,100,10245,150,10251,150,10252,200,10253,250
1683162,NASDAQ-DLKV,10070,132,10068,200,10066,250,10078,50,10080,100,10082,150
1683162,NASDAQ-ETFB,11532,50,11530,100,11528,150,11536,50,11538,141,11540,150
1683162,NASDAQ-ETFB3,9793,99,9792,200,9791,250,9797,50,9798,100,9799,150
1683162,NASDAQ-FSR,9727,33,9725,150,9723,200,9733,50,9735,100,9737,150
1683162,NASDAQ-GOLD,10017,119,10015,200,10013,250,10025,50,10027,100,10029,150
1683162,NASDAQ-HT,10566,50,10564,100,10562,150,10570,50,10572,100,10574,150
1683162,NASDAQ-INA,10404,50,10402,100,10400,150,10414,177,10416,250,10448,94
1683162,NASDAQ-KOTD,8694,50,8692,100,8690,150,8698,18,8700,120,8702,244
1683162,NASDAQ-NGUP,6447,50,6446,100,6445,150,6449,50,6450,100,6451,150
1683162,NASDAQ-SIMP,9975,30,9974,100,9973,150,9979,89,9980,200,9981,250
1683162,NASDAQ-ZITO,8039,8,8038,150,8037,200,8042,50,8043,100,8044,150
1683457,NASDAQ-CARD,10244,50,10243,100,10242,150,10248,130,10249,200,10250,250
1683457,NASDAQ-DLKV,10078,44,10076,100,10074,150,10082,12,10083,94,10084,100
1683457,NASDAQ-ETFB,11532,50,11530,100,11528,150,11536,50,11538,141,11540,150
1683457,NASDAQ-ETFB3,9806,106,9805,200,9804,250,9810,50,9811,100,9812,150
1683457,NASDAQ-FSR,9722,50,9720,100,9718,150,9726,40,9728,100,9730,150
1683457,NASDAQ-GOLD,10010,50,10008,100,10006,150,10014,40,10016,100,10018,150
1683457,NASDAQ-HT,10585,70,10583,150,10581,200,10591,50,10593,100,10595,150
1683457,NASDAQ-INA,10420,50,10418,100,10416,150,10424,12,10426,100,10428,150
1683457,NASDAQ-KOTD,8732,70,8730,150,8728,200,8738,50,8740,100,8742,150
1683457,NASDAQ-NGUP,6458,50,6457,100,6456,150,6460,50,6461,100,6462,150
1683457,NASDAQ-SIMP,9979,50,9978,100,9977,150,9981,50,9982,100,9983,150
1683457,NASDAQ-ZITO,8009,50,8008,100,8007,150,8012,100,8013,150,8014,200
1683719,NASDAQ-CARD,10227,50,10226,100,10225,150,10231,140,10232,200,10233,250
1683719,NASDAQ-DLKV,10096,75,10094,150,10092,200,10102,50,10104,100,10106,150
1683719,NASDAQ-ETFB,11542,62,11540,150,11538,200,11548,50,11550,100,11552,150
1683719,NASDAQ-ETFB3,9793,50,9792,100,9791,150,9795,50,9796,100,9797,150
1683719,NASDAQ-FSR,9731,57,9729,150,9727,200,9737,50,9739,100,9741,150
1683719,NASDAQ-GOLD,10041,118,10039,200,10037,250,10049,50,10051,100,10053,150
1683719,NASDAQ-HT,10544,50,10542,100,10540,150,10548,50,10550,100,10552,150
1683719,NASDAQ-INA,10382,50,10380,100,10378,150,10388,14,10390,150,10392,200
1683719,NASDAQ-KOTD,8687,50,8685,175,8683,150,8693,87,8695,150,8697,200
1683719,NASDAQ-NGUP,6437,50,6436,100,6435,150,6440,40,6441,150,6442,200
1683719,NASDAQ-SIMP,9990,175,9989,250,9960,144,9995,50,9996,100,9997,150
1683719,NASDAQ-ZITO,8001,50,8000,100,7999,150,8004,74,8005,150,8006,200
1683964,NASDAQ-CARD,10530,19,10529,200,10528,250,10534,50,10535,100,10536,150
1683964,NASDAQ-DLKV,10105,33,10103,150,10101,200,10111,50,10113,100,10115,150
1683964,NASDAQ-ETFB,11546,50,11544,100,11542,150,11550,50,11552,100,11554,150
1683964,NASDAQ-ETFB3,9792,27,9791,150,9790,200,9795,49,9796,100,9797,150
1683964,NASDAQ-FSR,9752,20,9750,100,9748,150,9756,50,9758,100,9760,150
1683964,NASDAQ-GOLD,10037,200,10035,250,9982,20,10049,90,10051,150,10053,200
1683964,NASDAQ-HT,10577,30,10575,100,10573,150,10581,50,10583,100,10585,150
1683964,NASDAQ-INA,10434,80,10432,150,10430,200,10440,50,10442,100,10444,150
1683964,NASDAQ-KOTD,8697,124,8695,150,8693,200,8703,50,8705,100,8707,150
1683964,NASDAQ-NGUP,6456,30,6455,100,6454,150,6458,50,6459,100,6460,181
1683964,NASDAQ-SIMP,10008,165,10007,250,9991,216,10013,50,10014,100,10015,150
1683964,NASDAQ-ZITO,8007,10,8006,100,8005,150,8009,50,8010,100,8011,150
1684245,NASDAQ-CARD,10531,50,10530,150,10529,200,10535,80,10536,150,10537,200
1684245,NASDAQ-DLKV,10116,27,10114,150,10112,200,10122,50,10124,100,10126,150
1684245,NASDAQ-ETFB,11546,49,11544,100,11542,150,11550,50,11552,100,11554,150
1684245,NASDAQ-ETFB3,9770,50,9769,100,9768,150,9772,50,9773,100,9774,150
1684245,NASDAQ-FSR,9721,50,9719,100,9717,150,9725,50,9727,100,9729,150
1684245,NASDAQ-GOLD,10049,121,10047,200,10045,250,10057,50,10059,100,10061,150
1684245,NASDAQ-HT,10548,50,10546,100,10544,150,10552,50,10554,100,10556,150
1684245,NASDAQ-INA,10383,50,10381,100,10379,150,10389,66,10391,150,10393,200
1684245,NASDAQ-KOTD,8699,31,8697,100,8695,150,8703,50,8705,100,8707,150
1684245,NASDAQ-NGUP,6438,50,6437,100,6436,150,6441,100,6442,150,6443,200
1684245,NASDAQ-SIMP,10007,100,10006,150,10005,200,10008,110,10010,50,10011,100
1684245,NASDAQ-ZITO,8009,50,8008,100,8007,150,8011,50,8012,100,8013,150
1684511,NASDAQ-CARD,10505,50,10504,100,10503,170,10508,66,10509,150,10510,200
1684511,NASDAQ-DLKV,10109,50,10107,100,10105,150,10113,41,10115,100,10117,150
1684511,NASDAQ-ETFB,11518,48,11516,100,11514,150,11522,50,11524,100,11526,150
1684511,NASDAQ-ETFB3,9770,50,9769,100,9768,150,9772,50,9773,100,9774,150
1684511,NASDAQ-FSR,9692,50,9690,100,9689,20,9696,50,9698,100,9700,150
1684511,NASDAQ-GOLD,10046,50,10044,100,10042,150,10049,50,10050,50,10052,120
1684511,NASDAQ-HT,10552,50,10550,100,10548,150,10556,50,10558,100,10560,150
1684511,NASDAQ-INA,10378,50,10376,100,10374,150,10384,65,10386,150,10388,200
1684511,NASDAQ-KOTD,8693,30,8691,100,8689,150,8697,41,8699,100,8701,150
1684511,NASDAQ-NGUP,6434,50,6433,100,6432,150,6436,50,6437,100,6438,150
1684511,NASDAQ-SIMP,9986,50,9985,100,9984,150,9991,174,9992,250,10017,237
1684511,NASDAQ-ZITO,7991,50,7990,100,7989,150,7993,50,7994,100,7995,150
1684763,NASDAQ-CARD,10531,2,10530,100,10529,150,10533,50,10534,100,10535,150
1684763,NASDAQ-DLKV,10077,50,10075,100,10073,150,10081,8,10083,100,10085,150
1684763,NASDAQ-ETFB,11522,100,11520,150,11518,200,11528,50,11530,100,11532,150
1684763,NASDAQ-ETFB3,9787,1,9786,150,9785,200,9790,50,9791,110,9792,150
1684763,NASDAQ-FSR,9693,200,9691,250,9629,20,9703,50,9705,100,9707,150
1684763,NASDAQ-GOLD,10038,100,10036,150,10034,200,10050,200,10052,270,10090,20
1684763,NASDAQ-HT,10522,50,10520,100,10518,150,10526,30,10528,100,10530,150
1684763,NASDAQ-INA,10387,100,10385,150,10383,200,10393,50,10395,100,10397,150
1684763,NASDAQ-KOTD,8690,50,8688,100,8686,150,8694,49,8696,100,8698,150
1684763,NASDAQ-NGUP,6448,50,6447,100,6446,150,6450,50,6451,100,6452,150
1684763,NASDAQ-SIMP,9987,180,9976,20,9960,144,9990,15,10005,73,10006,150
1684763,NASDAQ-ZITO,7997,50,7996,100,7995,150,7999,50,8000,100,8001,150
1685030,NASDAQ-CARD,10685,80,10684,200,10683,250,10689,374,10690,120,10691,150
1685030,NASDAQ-DLKV,10078,50,10076,100,10074,150,10082,50,10084,100,10086,150
1685030,NASDAQ-ETFB,11483,50,11481,100,11479,150,11489,89,11491,150,11493,200
1685030,NASDAQ-ETFB3,9741,50,9740,100,9739,150,9744,53,9745,150,9746,200
1685030,NASDAQ-FSR,9663,50,9661,100,9659,150,9667,50,9669,100,9671,150
1685030,NASDAQ-GOLD,10027,50,10025,100,10023,150,10031,50,10033,100,10035,150
1685030,NASDAQ-HT,10532,50,10530,100,10528,150,10536,50,10538,100,10540,150
1685030,NASDAQ-INA,10434,50,10432,100,10430,150,10438,50,10440,100,10442,150
1685030,NASDAQ-KOTD,8682,50,8680,104,8678,150,8686,50,8688,100,8690,150
1685030,NASDAQ-NGUP,6449,50,6448,100,6447,150,6451,50,6452,100,6453,150
1685030,NASDAQ-SIMP,10016,50,10015,100,10014,150,10017,237,10018,50,10019,100
1685030,NASDAQ-ZITO,7983,50,7982,100,7981,150,7985,40,7986,100,7987,150
1685277,NASDAQ-CARD,10705,62,10704,200,10703,250,10709,50,10710,100,10711,150
1685277,NASDAQ-DLKV,10092,137,10090,200,10088,250,10100,50,10102,100,10104,150
1685277,NASDAQ-ETFB,11483,50,11481,100,11479,150,11491,150,11493,200,11495,250
1685277,NASDAQ-ETFB3,9724,2,9723,50,9722,100,9727,8,9728,200,9729,250
1685277,NASDAQ-FSR,9668,53,9666,150,9664,200,9674,50,9676,100,9678,150
1685277,NASDAQ-GOLD,10030,10,10028,150,10026,200,10038,100,10040,150,10042,200
1685277,NASDAQ-HT,10529,50,10527,100,10525,150,10533,50,10535,100,10537,150
1685277,NASDAQ-INA,10391,50,10389,100,10387,150,10397,100,10399,150,10401,200
1685277,NASDAQ-KOTD,8686,80,8681,97,8680,4,8687,50,8689,100,8691,150
1685277,NASDAQ-NGUP,6452,50,6451,100,6450,150,6454,50,6455,100,6456,150
1685277,NASDAQ-SIMP,10009,50,10008,100,10007,150,10014,140,10015,250,10016,160
1685277,NASDAQ-ZITO,7989,50,7988,100,7987,150,7991,50,7992,100,7993,150
1685547,NASDAQ-CARD,10677,50,10676,100,10675,150,10681,73,10682,200,10683,250
1685547,NASDAQ-DLKV,10108,102,10106,200,10104,250,10116,50,10118,100,10120,150
1685547,NASDAQ-ETFB,11473,50,11471,100,11469,150,11477,50,11479,100,11481,150
1685547,NASDAQ-ETFB3,9726,43,9725,150,9724,200,9729,50,9730,100,9731,150
1685547,NASDAQ-FSR,9666,50,9664,100,9662,150,9674,106,9676,200,9678,250
1685547,NASDAQ-GOLD,10054,63,10052,150,10050,200,10060,50,10062,100,10064,150
1685547,NASDAQ-HT,10506,50,10504,100,10502,150,10514,73,10516,200,10518,250
1685547,NASDAQ-INA,10336,50,10334,100,10332,150,10346,86,10348,250,10430,53
1685547,NASDAQ-KOTD,8664,50,8662,100,8660,150,8670,100,8672,150,8674,200
1685547,NASDAQ-NGUP,6437,50,6436,100,6435,150,6440,100,6441,150,6442,200
1685547,NASDAQ-SIMP,9989,50,9988,100,9987,330,9994,48,9995,250,10009,50
1685547,NASDAQ-ZITO,7993,50,7992,100,7991,150,7995,50,7996,100,7997,150
1685826,NASDAQ-CARD,10705,20,10704,100,10703,150,10707,20,10708,208,10709,150
1685826,NASDAQ-DLKV,10093,50,10092,20,10091,100,10097,44,10099,100,10101,150
1685826,NASDAQ-ETFB,11477,80,11475,100,11473,150,11478,60,11481,50,11483,100
1685826,NASDAQ-ETFB3,9727,8,9726,100,9725,150,9729,30,9730,100,9731,150
1685826,NASDAQ-FSR,9648,50,9646,100,9644,150,9652,50,9654,100,9656,150
1685826,NASDAQ-GOLD,10051,200,10049,250,10023,20,10065,150,10067,200,10069,250
1685826,NASDAQ-HT,10530,50,10528,100,10526,150,10534,50,10536,100,10538,150
1685826,NASDAQ-INA,10385,50,10383,100,10381,150,10389,50,10391,100,10393,150
1685826,NASDAQ-KOTD,8677,50,8675,100,8673,150,8681,50,8683,100,8685,150
1685826,NASDAQ-NGUP,6438,50,6437,100,6436,150,6440,80,6441,100,6442,150
1685826,NASDAQ-SIMP,9987,230,9986,100,9985,150,9992,130,9993,250,10009,11
1685826,NASDAQ-ZITO,7971,50,7970,100,7969,210,7973,50,7974,100,7975,150
1686117,NASDAQ-CARD,10773,78,10772,150,10771,200,10776,50,10777,100,10778,150
1686117,NASDAQ-DLKV,10044,50,10042,100,10040,150,10048,40,10050,100,10052,150
1686117,NASDAQ-ETFB,11476,56,11474,50,11472,100,11480,100,11482,150,11484,200
1686117,NASDAQ-ETFB3,9746,90,9745,200,9744,250,9750,50,9751,100,9752,150
1686117,NASDAQ-FSR,9655,50,9653,100,9651,150,9659,50,9661,100,9663,150
1686117,NASDAQ-GOLD,10053,58,10051,200,10049,270,10061,50,10063,100,10065,150
1686117,NASDAQ-HT,10524,20,10523,50,10521,100,10529,50,10531,150,10533,200
1686117,NASDAQ-INA,10384,70,10382,150,10380,200,10390,50,10392,100,10394,150
1686117,NASDAQ-KOTD,8670,50,8668,100,8666,150,8673,20,8674,50,8676,100
1686117,NASDAQ-NGUP,6396,50,6395,100,6394,150,6398,50,6399,100,6400,150
1686117,NASDAQ-SIMP,10018,209,9990,89,9988,36,10024,50,10025,150,10026,150
1686117,NASDAQ-ZITO,7975,50,7974,100,7973,200,7977,50,7978,100,7979,150
1686383,NASDAQ-CARD,10756,30,10755,100,10754,150,10758,25,10759,100,10760,150
1686383,NASDAQ-DLKV,10036,50,10034,100,10032,150,10040,43,10042,100,10044,150
1686383,NASDAQ-ETFB,11474,10,11472,100,11470,150,11478,50,11480,100,11481,57
1686383,NASDAQ-ETFB3,9746,14,9745,200,9744,250,9750,50,9751,100,9752,150
1686383,NASDAQ-FSR,9628,50,9626,100,9624,150,9636,132,9638,200,9640,250
1686383,NASDAQ-GOLD,10091,30,10089,100,10087,150,10095,50,10096,20,10097,100
1686383,NASDAQ-HT,10535,50,10533,100,10531,150,10539,50,10541,100,10543,150
1686383,NASDAQ-INA,10356,50,10354,100,10352,150,10362,73,10364,150,10366,200
1686383,NASDAQ-KOTD,8682,50,8680,100,8678,150,8686,50,8688,100,8690,150
1686383,NASDAQ-NGUP,6365,50,6364,100,6363,150,6368,39,6369,150,6370,200
1686383,NASDAQ-SIMP,9987,100,9986,150,9985,200,9994,200,10023,144,10025,50
1686383,NASDAQ-ZITO,7961,50,7960,100,7959,150,7964,40,7965,150,7966,200
1686701,NASDAQ-CARD,10792,112,10791,250,10707,30,10797,50,10798,100,10799,150
1686701,NASDAQ-DLKV,9995,50,9993,100,9991,150,9999,2,10001,100,10003,150
1686701,NASDAQ-ETFB,11462,105,11460,100,11458,150,11468,100,11470,150,11472,200
1686701,NASDAQ-ETFB3,9737,50,9736,100,9735,150,9740,100,9741,150,9742,200
1686701,NASDAQ-FSR,9623,50,9621,100,9619,150,9627,50,9629,100,9631,150
1686701,NASDAQ-GOLD,10126,36,10124,150,10122,200,10132,50,10134,100,10136,150
1686701,NASDAQ-HT,10533,100,10531,150,10529,200,10539,5,10541,100,10543,150
1686701,NASDAQ-INA,10331,50,10329,100,10328,10,10339,84,10341,200,10343,250
1686701,NASDAQ-KOTD,8696,50,8694,100,8692,150,8700,50,8702,100,8704,150
1686701,NASDAQ-NGUP,6352,50,6351,100,6350,150,6356,82,6357,200,6358,250
1686701,NASDAQ-SIMP,9996,185,9995,250,9988,144,10004,140,10005,250,10023,288
1686701,NASDAQ-ZITO,7978,50,7977,100,7976,150,7980,50,7981,100,7982,150
1687041,NASDAQ-CARD,10982,28,10981,150,10980,200,10985,50,10986,100,10987,150
1687041,NASDAQ-DLKV,10001,20,9999,150,9997,200,10007,50,10009,100,10011,150
1687041,NASDAQ-ETFB,11462,46,11460,100,11458,150,11466,50,11468,100,11470,150
1687041,NASDAQ-ETFB3,9732,50,9731,100,9730,150,9734,50,9735,118,9736,150
1687041,NASDAQ-FSR,9629,50,9627,150,9625,200,9637,80,9639,150,9641,200
1687041,NASDAQ-GOLD,10108,50,10106,100,10104,150,10112,43,10114,100,10116,150
1687041,NASDAQ-HT,10530,90,10528,150,10526,200,10536,45,10538,100,10540,150
1687041,NASDAQ-INA,10329,50,10328,10,10327,100,10337,116,10339,200,10341,250
1687041,NASDAQ-KOTD,8688,20,8686,50,8684,100,8690,36,8692,100,8694,150
1687041,NASDAQ-NGUP,6362,50,6361,100,6360,150,6365,100,6366,150,6367,200
1687041,NASDAQ-SIMP,10015,50,10014,150,10013,200,10019,50,10020,150,10021,200
1687041,NASDAQ-ZITO,7961,50,7960,100,7959,150,7964,100,7965,150,7966,200
1687364,NASDAQ-CARD,10978,50,10977,100,10976,150,10980,50,10981,100,10982,150
1687364,NASDAQ-DLKV,10005,171,10003,250,9934,10,10015,50,10017,100,10019,150
1687364,NASDAQ-ETFB,11458,67,11456,200,11454,250,11466,50,11468,100,11470,150
1687364,NASDAQ-ETFB3,9723,50,9722,100,9721,150,9725,50,9726,100,9727,150
1687364,NASDAQ-FSR,9607,50,9605,100,9603,150,9611,50,9613,100,9615,150
1687364,NASDAQ-GOLD,10097,50,10095,100,10093,150,10105,85,10107,200,10109,250
1687364,NASDAQ-HT,10527,50,10525,100,10523,150,10529,10,10531,50,10533,100
1687364,NASDAQ-INA,10357,100,10355,150,10353,200,10363,50,10365,100,10367,150
1687364,NASDAQ-KOTD,8723,20,8721,100,8719,150,8727,50,8729,100,8731,150
1687364,NASDAQ-NGUP,6358,50,6357,100,6356,150,6382,1,6410,1,6418,2
1687364,NASDAQ-SIMP,9998,50,9997,100,9996,150,10004,96,10009,20,10023,288
1687364,NASDAQ-ZITO,8001,100,8000,150,7999,200,8004,50,8005,100,8006,150
1687664,NASDAQ-CARD,10990,50,10989,100,10988,150,10992,50,10993,100,10994,150
1687664,NASDAQ-DLKV,10063,50,10061,100,10059,150,10067,50,10069,100,10071,150
1687664,NASDAQ-ETFB,11467,50,11465,100,11463,150,11471,50,11473,100,11474,60
1687664,NASDAQ-ETFB3,9704,50,9703,100,9702,150,9706,50,9707,100,9708,150
1687664,NASDAQ-FSR,9641,50,9639,100,9637,150,9645,50,9647,100,9649,150
1687664,NASDAQ-GOLD,10082,50,10080,100,10078,150,10086,50,10088,100,10090,150
1687664,NASDAQ-HT,10494,50,10492,100,10490,150,10498,50,10500,100,10502,150
1687664,NASDAQ-INA,10341,68,10340,10,10339,100,10345,43,10347,100,10349,150
1687664,NASDAQ-KOTD,8695,50,8694,18,8693,100,8699,47,8701,100,8703,150
1687664,NASDAQ-NGUP,6367,50,6366,100,6365,150,6369,50,6370,100,6371,150
1687664,NASDAQ-SIMP,9988,338,9987,100,9986,150,9990,50,9991,100,9992,150
1687664,NASDAQ-ZITO,8019,150,8018,200,8017,250,8023,50,8024,100,8025,150
1687967,NASDAQ-CARD,10787,50,10786,100,10785,150,10789,14,10790,100,10791,150
1687967,NASDAQ-DLKV,10047,50,10045,100,10043,150,10051,48,10053,100,10055,150
1687967,NASDAQ-ETFB,11455,50,11453,100,11451,150,11459,50,11461,100,11463,150
1687967,NASDAQ-ETFB3,9704,50,9703,100,9702,150,9708,134,9709,200,9710,250
1687967,NASDAQ-FSR,9606,50,9604,100,9602,150,9610,50,9612,100,9614,150
1687967,NASDAQ-GOLD,10122,30,10120,100,10118,150,10126,50,10128,100,10130,150
1687967,NASDAQ-HT,10467,50,10465,100,10463,150,10471,50,10473,100,10475,150
1687967,NASDAQ-INA,10338,50,10336,100,10334,150,10339,50,10342,48,10344,100
1687967,NASDAQ-KOTD,8679,50,8677,100,8676,7,8683,10,8685,100,8687,150
1687967,NASDAQ-NGUP,6370,49,6369,100,6368,150,6372,50,6373,100,6374,150
1687967,NASDAQ-SIMP,9980,40,9979,50,9978,100,9981,50,9982,100,9983,150
1687967,NASDAQ-ZITO,8016,50,8015,100,8014,150,8018,60,8019,150,8020,150
1688121,NASDAQ-CARD,10801,10,10800,100,10799,150,10803,50,10804,100,10805,150
1688121,NASDAQ-DLKV,10006,50,10004,100,10002,150,10010,49,10012,100,10014,150
1688121,NASDAQ-ETFB,11448,50,11446,100,11445,55,11452,50,11454,100,11456,150
1688121,NASDAQ-ETFB3,9704,50,9703,100,9702,150,9706,50,9707,100,9708,150
1688121,NASDAQ-FSR,9598,50,9596,100,9594,150,9602,50,9604,100,9606,150
1688121,NASDAQ-GOLD,10086,50,10084,100,10082,150,10090,50,10092,100,10094,150
1688121,NASDAQ-HT,10469,50,10467,100,10465,150,10473,50,10475,100,10477,150
1688121,NASDAQ-INA,10347,50,10345,100,10343,150,10351,50,10353,100,10355,150
1688121,NASDAQ-KOTD,8691,100,8689,150,8687,200,8697,50,8699,100,8701,150
1688121,NASDAQ-NGUP,6341,50,6340,100,6339,150,6343,50,6344,100,6345,150
1688121,NASDAQ-SIMP,9971,50,9970,100,9969,150,9974,90,9975,150,9976,200
1688121,NASDAQ-ZITO,8008,50,8007,100,8006,150,8010,50,8011,100,8012,150
1688424,NASDAQ-CARD,10801,30,10800,150,10799,200,10804,50,10805,100,10806,150
1688424,NASDAQ-DLKV,10004,50,10002,100,10000,150,10008,50,10010,100,10012,150
1688424,NASDAQ-ETFB,11448,22,11446,100,11445,55,11452,50,11454,100,11456,150
1688424,NASDAQ-ETFB3,9694,50,9693,100,9692,150,9696,50,9697,100,9698,150
1688424,NASDAQ-FSR,9602,50,9600,100,9598,150,9606,50,9608,100,9610,150
1688424,NASDAQ-GOLD,10092,30,10090,150,10088,200,10098,50,10100,100,10102,150
1688424,NASDAQ-HT,10478,50,10476,100,10474,150,10482,50,10484,100,10486,150
1688424,NASDAQ-INA,10389,25,10387,100,10385,150,10393,50,10395,100,10397,150
1688424,NASDAQ-KOTD,8690,100,8688,150,8686,200,8696,25,8698,100,8700,150
1688424,NASDAQ-NGUP,6341,50,6340,100,6339,150,6344,79,6345,150,6346,200
1688424,NASDAQ-SIMP,9980,132,9979,200,9978,250,9984,50,9985,100,9986,150
1688424,NASDAQ-ZITO,8017,74,8016,200,8015,250,8019,50,8021,50,8022,100
1688786,NASDAQ-CARD,10766,20,10707,30,10681,30,10803,36,10989,10,10990,110
1688786,NASDAQ-DLKV,9995,50,9994,100,9993,150,9997,50,9998,100,9999,150
1688786,NASDAQ-ETFB,11446,90,11445,55,11444,150,11454,100,11456,150,11458,200
1688786,NASDAQ-ETFB3,9696,16,9694,50,9693,100,9698,100,9699,200,9700,250
1688786,NASDAQ-FSR,9569,50,9567,100,9565,150,9579,15,9581,250,9819,55
1688786,NASDAQ-GOLD,10049,20,10023,20,9982,20,10107,50,10109,100,10111,150
1688786,NASDAQ-HT,10458,11,10457,50,10455,100,10463,99,10465,150,10467,200
1688786,NASDAQ-INA,10378,50,10376,100,10374,150,10385,40,10386,150,10388,200
1688786,NASDAQ-KOTD,8671,50,8669,100,8667,150,8675,13,8677,100,8679,150
1688786,NASDAQ-NGUP,6330,50,6329,100,6328,150,6336,62,6372,31,6382,2
1688786,NASDAQ-SIMP,9972,288,9960,144,9956,20,9991,200,9992,250,10003,68
1688786,NASDAQ-ZITO,7990,50,7989,100,7988,150,7992,50,7993,100,7994,150
1689097,NASDAQ-CARD,10719,230,10707,30,10681,30,10727,82,10728,200,10729,250
1689097,NASDAQ-DLKV,9996,125,9994,200,9992,250,10003,10,10004,50,10006,100
1689097,NASDAQ-ETFB,11445,101,11443,50,11441,100,11451,92,11453,200,11455,250
1689097,NASDAQ-ETFB3,9694,50,9693,100,9692,150,9697,95,9698,150,9699,200
1689097,NASDAQ-FSR,9549,10,9546,50,9544,100,9556,127,9558,250,9819,55
1689097,NASDAQ-GOLD,10121,76,10119,200,10117,250,10129,50,10131,100,10133,150
1689097,NASDAQ-HT,10452,50,10450,100,10448,150,10462,170,10464,250,10529,10
1689097,NASDAQ-INA,10371,50,10369,100,10367,150,10377,100,10379,150,10381,200
1689097,NASDAQ-KOTD,8653,70,8651,100,8649,150,8659,60,8661,150,8663,200
1689097,NASDAQ-NGUP,6330,50,6329,100,6328,150,6336,213,6372,31,6382,2
1689097,NASDAQ-SIMP,9980,29,9979,250,9972,288,9990,28,10009,16,10018,36
1689097,NASDAQ-ZITO,7976,50,7975,100,7974,150,7978,50,7979,100,7980,150
1689344,NASDAQ-CARD,10705,20,10681,30,10678,180,10727,50,10728,150,10729,200
1689344,NASDAQ-DLKV,9966,50,9965,100,9964,150,9969,89,9970,150,9971,200
1689344,NASDAQ-ETFB,11414,50,11412,100,11410,150,11418,29,11420,100,11422,150
1689344,NASDAQ-ETFB3,9699,9,9698,200,9697,250,9703,50,9704,100,9705,150
1689344,NASDAQ-FSR,9537,50,9535,100,9533,150,9541,50,9543,100,9545,150
1689344,NASDAQ-GOLD,10119,50,10117,100,10115,150,10123,30,10125,100,10127,150
1689344,NASDAQ-HT,10452,25,10450,100,10448,150,10458,35,10460,150,10462,200
1689344,NASDAQ-INA,10391,35,10389,150,10387,200,10397,50,10399,100,10401,150
1689344,NASDAQ-KOTD,8663,80,8661,150,8659,200,8669,50,8671,100,8673,150
1689344,NASDAQ-NGUP,6324,50,6323,100,6322,150,6330,223,6336,1,6372,31
1689344,NASDAQ-SIMP,9978,185,9977,250,9972,288,9987,148,10009,16,10018,36
1689344,NASDAQ-ZITO,7983,25,7982,100,7981,150,7985,50,7986,100,7987,150
1689596,NASDAQ-CARD,10709,120,10708,200,10707,250,10713,50,10714,100,10715,150
1689596,NASDAQ-DLKV,9970,8,9969,150,9968,200,9973,50,9974,100,9975,150
1689596,NASDAQ-ETFB,11410,50,11408,100,11406,150,11414,50,11416,100,11418,150
1689596,NASDAQ-ETFB3,9701,23,9700,100,9699,150,9703,25,9704,100,9705,150
1689596,NASDAQ-FSR,9554,115,9552,200,9550,250,9562,50,9564,100,9566,150
1689596,NASDAQ-GOLD,10058,50,10056,100,10054,150,10064,90,10066,150,10068,200
1689596,NASDAQ-HT,10483,50,10481,100,10479,150,10487,50,10489,100,10491,150
1689596,NASDAQ-INA,10408,135,10406,250,10328,10,10418,50,10420,100,10422,150
1689596,NASDAQ-KOTD,8684,40,8682,100,8680,150,8686,50,8688,50,8690,100
1689596,NASDAQ-NGUP,6361,89,6360,150,6359,200,6364,50,6365,100,6366,150
1689596,NASDAQ-SIMP,9970,50,9969,100,9968,150,9986,252,10023,218,10025,50
1689596,NASDAQ-ZITO,7975,50,7974,100,7973,150,7978,100,7979,150,7980,200
1689871,NASDAQ-CARD,10710,66,10678,101,10656,20,10712,180,10725,50,10726,100
1689871,NASDAQ-DLKV,9973,173,9972,150,9971,200,9979,200,9980,250,9995,10
1689871,NASDAQ-ETFB,11408,82,11406,150,11404,200,11414,44,11416,100,11418,150
1689871,NASDAQ-ETFB3,9700,100,9699,150,9698,200,9703,25,9704,100,9705,150
1689871,NASDAQ-FSR,9562,55,9560,200,9558,250,9570,50,9572,100,9574,150
1689871,NASDAQ-GOLD,10049,14,10023,20,9982,20,10113,50,10115,100,10117,150
1689871,NASDAQ-HT,10481,50,10479,100,10477,150,10489,131,10491,200,10493,250
1689871,NASDAQ-INA,10389,50,10387,100,10385,150,10397,50,10399,200,10401,250
1689871,NASDAQ-KOTD,8701,200,8699,250,8686,80,8711,50,8713,100,8715,150
1689871,NASDAQ-NGUP,6357,100,6356,150,6355,200,6360,50,6361,100,6362,150
1689871,NASDAQ-SIMP,9982,88,9971,72,9960,164,9992,138,10023,218,10025,50
1689871,NASDAQ-ZITO,7965,60,7964,100,7963,150,7971,205,7978,30,8017,50
1690129,NASDAQ-CARD,10554,50,10553,100,10552,150,10558,105,10559,200,10560,250
1690129,NASDAQ-DLKV,9964,50,9963,100,9962,150,9966,50,9967,100,9968,150
1690129,NASDAQ-ETFB,11403,50,11401,100,11399,150,11409,44,11411,150,11413,200
1690129,NASDAQ-ETFB3,9692,50,9691,100,9690,150,9697,174,9698,250,9702,55
1690129,NASDAQ-FSR,9545,50,9543,100,9541,150,9555,15,9557,250,9819,55
1690129,NASDAQ-GOLD,10118,41,10116,150,10114,200,10124,50,10126,100,10128,150
1690129,NASDAQ-HT,10497,130,10495,250,10447,20,10507,50,10509,100,10511,150
1690129,NASDAQ-INA,10408,50,10406,150,10404,200,10414,50,10416,100,10418,150
1690129,NASDAQ-KOTD,8715,50,8713,150,8711,200,8721,50,8723,100,8725,150
1690129,NASDAQ-NGUP,6340,50,6339,100,6338,150,6342,50,6343,100,6344,150
1690129,NASDAQ-SIMP,9971,72,9960,164,9956,20,10005,196,10006,250,10023,218
1690129,NASDAQ-ZITO,7995,60,7994,150,7993,200,7998,50,7999,100,8000,150
1690354,NASDAQ-CARD,10540,50,10539,100,10538,150,10542,46,10543,100,10544,150
1690354,NASDAQ-DLKV,9937,50,9936,100,9935,150,9941,140,9942,200,9943,250
1690354,NASDAQ-ETFB,11396,55,11395,50,11393,100,11401,83,11403,150,11405,200
1690354,NASDAQ-ETFB3,9675,50,9674,100,9673,150,9678,63,9679,150,9680,200
1690354,NASDAQ-FSR,9535,50,9533,100,9531,150,9541,56,9543,150,9545,200
1690354,NASDAQ-GOLD,10159,115,10157,250,10049,14,10169,50,10171,100,10173,150
1690354,NASDAQ-HT,10480,50,10478,100,10476,150,10484,50,10486,100,10488,150
1690354,NASDAQ-INA,10406,21,10404,100,10402,150,10414,120,10416,200,10418,250
1690354,NASDAQ-KOTD,8679,50,8677,100,8675,150,8687,140,8689,200,8691,250
1690354,NASDAQ-NGUP,6350,20,6349,100,6348,150,6352,50,6353,100,6354,150
1690354,NASDAQ-SIMP,9969,131,9968,250,9960,164,9975,38,9976,150,9977,200
1690354,NASDAQ-ZITO,7954,50,7953,100,7952,150,7957,15,7958,150,7959,200
1690592,NASDAQ-CARD,10533,80,10532,100,10531,150,10538,142,10539,250,10542,30
1690592,NASDAQ-DLKV,9956,150,9955,250,9934,10,9961,50,9962,129,9963,160
1690592,NASDAQ-ETFB,11393,68,11391,150,11389,200,11399,13,11401,100,11403,150
1690592,NASDAQ-ETFB3,9673,138,9672,200,9671,250,9678,28,9679,150,9680,200
1690592,NASDAQ-FSR,9573,50,9571,100,9569,150,9577,50,9579,100,9581,150
1690592,NASDAQ-GOLD,10184,220,10049,14,10023,20,10196,50,10198,100,10200,150
1690592,NASDAQ-HT,10486,16,10484,100,10482,150,10490,50,10492,100,10494,150
1690592,NASDAQ-INA,10416,29,10414,100,10412,150,10420,50,10422,100,10424,150
1690592,NASDAQ-KOTD,8692,100,8690,150,8688,200,8698,50,8700,100,8702,150
1690592,NASDAQ-NGUP,6334,50,6333,100,6332,150,6339,155,6340,250,6360,1
1690592,NASDAQ-SIMP,9960,164,9956,20,9954,20,9986,50,9987,100,9988,150
1690592,NASDAQ-ZITO,7978,50,7977,100,7976,150,7980,50,7981,100,7982,150
1690879,NASDAQ-CARD,10534,17,10530,80,10509,10,10539,141,10540,250,10542,30
1690879,NASDAQ-DLKV,9940,50,9939,100,9938,150,9945,154,9946,250,9955,10
1690879,NASDAQ-ETFB,11376,50,11374,100,11372,150,11382,29,11384,150,11386,200
1690879,NASDAQ-ETFB3,9688,119,9687,200,9686,250,9692,76,9693,100,9694,150
1690879,NASDAQ-FSR,9551,50,9549,100,9547,150,9561,75,9563,250,9819,55
1690879,NASDAQ-GOLD,10216,184,10049,14,10023,20,10228,50,10230,100,10232,150
1690879,NASDAQ-HT,10502,16,10500,100,10498,150,10506,50,10508,100,10510,150
1690879,NASDAQ-INA,10430,68,10428,150,10426,200,10436,50,10438,100,10440,150
1690879,NASDAQ-KOTD,8698,50,8696,100,8694,150,8702,50,8704,100,8706,150
1690879,NASDAQ-NGUP,6348,50,6347,100,6346,150,6350,25,6351,100,6352,150
1690879,NASDAQ-SIMP,9998,71,9997,200,9996,250,10004,130,10005,200,10006,250
1690879,NASDAQ-ZITO,7968,50,7967,100,7966,150,7970,49,7971,100,7972,150
1691145,NASDAQ-CARD,10273,50,10272,100,10271,150,10275,33,10276,100,10277,150
1691145,NASDAQ-DLKV,9929,50,9928,100,9927,150,9931,50,9932,100,9933,150
1691145,NASDAQ-ETFB,11368,56,11367,50,11365,100,11373,91,11375,150,11377,200
1691145,NASDAQ-ETFB3,9689,22,9688,150,9687,200,9692,50,9693,100,9694,150
1691145,NASDAQ-FSR,9548,50,9546,100,9544,150,9558,70,9560,250,9819,55
1691145,NASDAQ-GOLD,10216,148,10049,14,10023,20,10228,50,10230,100,10232,150
1691145,NASDAQ-HT,10493,50,10491,100,10489,150,10497,7,10499,100,10501,150
1691145,NASDAQ-INA,10420,50,10418,100,10416,150,10428,79,10430,200,10432,250
1691145,NASDAQ-KOTD,8692,50,8690,100,8688,150,8702,200,8704,250,8747,3
1691145,NASDAQ-NGUP,6340,50,6339,100,6338,150,6344,92,6345,200,6346,250
1691145,NASDAQ-SIMP,9961,36,9960,164,9956,20,10008,185,10023,218,10025,50
1691145,NASDAQ-ZITO,7989,100,7988,150,7987,200,7992,50,7993,100,7994,150
1691410,NASDAQ-CARD,10253,50,10252,100,10251,150,10258,140,10259,250,10522,20
1691410,NASDAQ-DLKV,9936,200,9935,250,9889,10,9941,50,9942,100,9943,150
1691410,NASDAQ-ETFB,11334,50,11332,100,11330,150,11338,50,11340,100,11342,150
1691410,NASDAQ-ETFB3,9678,50,9677,100,9676,150,9681,93,9682,150,9683,200
1691410,NASDAQ-FSR,9568,75,9566,150,9564,200,9574,50,9576,100,9578,150
1691410,NASDAQ-GOLD,10214,105,10212,250,10049,14,10224,50,10226,100,10228,150
1691410,NASDAQ-HT,10468,50,10466,100,10464,150,10474,40,10476,150,10478,200
1691410,NASDAQ-INA,10408,50,10406,100,10404,150,10418,199,10420,330,10448,94
1691410,NASDAQ-KOTD,8693,200,8691,250,8684,20,8703,50,8705,100,8707,150
1691410,NASDAQ-NGUP,6342,50,6341,100,6340,150,6346,150,6347,200,6348,250
1691410,NASDAQ-SIMP,9987,28,9986,250,9962,108,9996,85,10007,36,10033,20
1691410,NASDAQ-ZITO,7964,20,7933,17,7932,20,8007,50,8008,100,8009,150
1691659,NASDAQ-CARD,10231,110,10212,30,10189,50,10271,50,10272,100,10273,150
1691659,NASDAQ-DLKV,9917,50,9916,100,9915,150,9919,50,9920,100,9921,150
1691659,NASDAQ-ETFB,11326,100,11324,150,11322,200,11334,70,11336,150,11338,200
1691659,NASDAQ-ETFB3,9672,50,9671,100,9670,150,9674,32,9675,100,9676,150
1691659,NASDAQ-FSR,9526,50,9524,100,9523,10,9532,57,9534,150,9536,200
1691659,NASDAQ-GOLD,10227,50,10225,100,10223,150,10231,50,10233,100,10235,150
1691659,NASDAQ-HT,10442,50,10440,100,10438,150,10454,78,10491,20,10529,10
1691659,NASDAQ-INA,10410,75,10408,150,10406,200,10418,38,10420,230,10422,200
1691659,NASDAQ-KOTD,8693,50,8691,100,8689,150,8697,50,8699,100,8701,150
1691659,NASDAQ-NGUP,6332,50,6331,100,6330,150,6337,49,6338,250,6360,1
1691659,NASDAQ-SIMP,10020,240,9962,108,9960,164,10026,50,10027,100,10028,150
1691659,NASDAQ-ZITO,8013,30,8012,100,8011,150,8015,50,8016,100,8017,200
1691928,NASDAQ-CARD,10277,125,10276,200,10275,250,10281,50,10282,100,10283,150
1691928,NASDAQ-DLKV,9900,50,9899,100,9898,150,9902,50,9903,100,9904,150
1691928,NASDAQ-ETFB,11328,46,11326,100,11324,150,11332,50,11334,100,11336,150
1691928,NASDAQ-ETFB3,9672,50,9671,100,9670,150,9675,100,9676,150,9677,200
1691928,NASDAQ-FSR,9538,50,9536,100,9534,150,9542,50,9544,100,9546,150
1691928,NASDAQ-GOLD,10213,50,10211,100,10209,150,10217,25,10219,100,10221,150
1691928,NASDAQ-HT,10446,91,10444,150,10442,200,10456,72,10458,200,10460,250
1691928,NASDAQ-INA,10409,50,10407,100,10405,150,10410,30,10413,50,10415,100
1691928,NASDAQ-KOTD,8697,80,8696,50,8694,100,8700,50,8702,100,8704,150
1691928,NASDAQ-NGUP,6324,50,6323,100,6322,150,6328,150,6329,200,6330,250
1691928,NASDAQ-SIMP,9999,50,9998,100,9997,151,10001,45,10002,100,10003,150
1691928,NASDAQ-ZITO,8021,170,7964,20,7933,17,8027,50,8028,100,8029,150
1692193,NASDAQ-CARD,10212,80,10211,100,10210,150,10217,140,10218,250,10263,20
1692193,NASDAQ-DLKV,9893,50,9892,100,9891,150,9895,41,9896,100,9897,150
1692193,NASDAQ-ETFB,11349,100,11347,150,11345,200,11355,50,11357,100,11359,150
1692193,NASDAQ-ETFB3,9681,30,9680,100,9679,150,9683,50,9684,100,9685,150
1692193,NASDAQ-FSR,9568,40,9566,150,9564,200,9574,50,9576,100,9578,150
1692193,NASDAQ-GOLD,10230,50,10228,100,10226,150,10232,20,10234,50,10236,100
1692193,NASDAQ-HT,10473,50,10471,100,10469,150,10477,50,10479,100,10481,150
1692193,NASDAQ-INA,10421,90,10419,200,10417,250,10429,50,10431,100,10433,150
1692193,NASDAQ-KOTD,8672,50,8670,100,8668,150,8678,20,8680,150,8682,200
1692193,NASDAQ-NGUP,6307,20,6301,20,6152,50,6330,50,6331,100,6332,150
1692193,NASDAQ-SIMP,9962,108,9960,164,9956,20,10020,50,10022,50,10023,100
1692193,NASDAQ-ZITO,8016,63,8015,150,8014,200,8020,90,8021,150,8022,200
1692421,NASDAQ-CARD,10208,150,10207,200,10206,250,10263,20,10280,36,10522,20
1692421,NASDAQ-DLKV,9874,50,9873,100,9872,150,9876,45,9877,100,9878,150
1692421,NASDAQ-ETFB,11346,100,11344,150,11342,200,11356,150,11358,200,11360,250
1692421,NASDAQ-ETFB3,9698,50,9697,150,9696,200,9701,50,9702,155,9703,150
1692421,NASDAQ-FSR,9565,50,9563,100,9561,150,9571,12,9573,150,9575,200
1692421,NASDAQ-GOLD,10228,100,10226,150,10224,200,10234,50,10236,100,10238,150
1692421,NASDAQ-HT,10459,50,10457,100,10455,150,10465,85,10467,150,10469,200
1692421,NASDAQ-INA,10398,10,10395,50,10393,100,10399,45,10401,100,10403,150
1692421,NASDAQ-KOTD,8662,50,8660,120,8658,150,8668,76,8670,150,8672,200
1692421,NASDAQ-NGUP,6311,110,6310,200,6309,250,6316,23,6317,150,6318,200
1692421,NASDAQ-SIMP,10009,80,10008,150,10007,200,10013,75,10014,150,10015,200
1692421,NASDAQ-ZITO,8011,63,8010,250,8002,20,8016,100,8017,100,8018,150
1692648,NASDAQ-CARD,10189,50,9891,29,9866,20,10223,4,10224,150,10225,200
1692648,NASDAQ-DLKV,9873,50,9872,100,9871,150,9876,14,9877,150,9878,200
1692648,NASDAQ-ETFB,11342,150,11340,200,11338,250,11354,150,11356,200,11358,250
1692648,NASDAQ-ETFB3,9697,100,9696,200,9695,250,9702,155,9703,150,9704,200
1692648,NASDAQ-FSR,9615,100,9613,150,9611,200,9621,50,9623,100,9625,150
1692648,NASDAQ-GOLD,10219,50,10217,100,10215,150,10223,50,10225,100,10227,150
1692648,NASDAQ-HT,10434,50,10432,100,10430,170,10446,140,10491,20,10529,10
1692648,NASDAQ-INA,10389,50,10387,100,10385,150,10399,171,10401,250,10448,94
1692648,NASDAQ-KOTD,8647,50,8645,100,8643,170,8651,34,8653,100,8655,150
1692648,NASDAQ-NGUP,6312,99,6311,200,6310,250,6320,126,6335,2,6360,1
1692648,NASDAQ-SIMP,9962,108,9960,164,9956,20,10015,50,10016,100,10017,150
1692648,NASDAQ-ZITO,8009,50,8008,250,8002,20,8014,50,8015,100,8016,150
1692900,NASDAQ-CARD,10200,160,10199,250,10189,50,10208,6,10209,250,10263,20
1692900,NASDAQ-DLKV,9889,50,9888,250,9878,25,9894,50,9895,100,9896,150
1692900,NASDAQ-ETFB,11327,58,11326,50,11324,100,11334,150,11336,200,11338,250
1692900,NASDAQ-ETFB3,9697,26,9696,200,9695,250,9702,18,9703,150,9704,200
1692900,NASDAQ-FSR,9572,50,9570,100,9568,150,9580,21,9582,200,9584,250
1692900,NASDAQ-GOLD,10179,50,10177,100,10175,150,10189,200,10191,250,10228,50
1692900,NASDAQ-HT,10482,200,10480,250,10446,50,10491,20,10492,50,10494,100
1692900,NASDAQ-INA,10379,15,10375,50,10373,100,10383,24,10385,200,10387,250
1692900,NASDAQ-KOTD,8655,25,8654,95,8652,150,8660,50,8662,100,8664,150
1692900,NASDAQ-NGUP,6323,2,6322,250,6278,20,6329,22,6330,150,6331,200
1692900,NASDAQ-SIMP,10008,50,10007,150,10006,200,10014,77,10015,250,10020,50
1692900,NASDAQ-ZITO,8001,250,7994,20,7964,20,8008,70,8009,200,8010,200
1693175,NASDAQ-CARD,9983,50,9982,100,9981,150,9988,188,9989,250,10189,30
1693175,NASDAQ-DLKV,9913,50,9912,100,9911,150,9915,50,9916,100,9917,150
1693175,NASDAQ-ETFB,11334,150,11332,200,11330,250,11342,50,11344,100,11346,150
1693175,NASDAQ-ETFB3,9683,100,9682,100,9681,150,9685,32,9686,100,9687,150
1693175,NASDAQ-FSR,9619,100,9617,150,9615,200,9625,50,9627,100,9629,150
1693175,NASDAQ-GOLD,10228,120,10226,200,10224,250,10235,20,10236,50,10238,100
1693175,NASDAQ-HT,10472,50,10470,100,10468,150,10478,50,10480,150,10482,200
1693175,NASDAQ-INA,10386,34,10384,150,10382,200,10392,50,10394,100,10396,150
1693175,NASDAQ-KOTD,8616,50,8614,100,8612,150,8620,30,8622,100,8624,150
1693175,NASDAQ-NGUP,6332,50,6331,100,6330,150,6334,50,6335,104,6336,150
1693175,NASDAQ-SIMP,10009,42,9962,108,9960,164,10017,50,10018,100,10019,150
1693175,NASDAQ-ZITO,8008,20,8007,50,8006,100,8009,50,8010,100,8011,150
1693481,NASDAQ-CARD,9982,100,9981,150,9980,200,10189,16,10199,10,10200,100
1693481,NASDAQ-DLKV,9907,50,9906,150,9905,200,9911,74,9912,150,9913,200
1693481,NASDAQ-ETFB,11336,50,11334,150,11332,200,11343,58,11344,100,11346,150
1693481,NASDAQ-ETFB3,9684,35,9683,150,9682,150,9686,50,9687,100,9688,150
1693481,NASDAQ-FSR,9599,50,9597,100,9595,150,9603,50,9605,100,9607,150
1693481,NASDAQ-GOLD,10198,50,10196,100,10194,150,10202,50,10204,100,10206,150
1693481,NASDAQ-HT,10471,200,10469,250,10447,10,10481,50,10483,100,10485,150
1693481,NASDAQ-INA,10423,6,10421,200,10419,250,10431,50,10433,100,10435,150
1693481,NASDAQ-KOTD,8606,50,8604,100,8602,150,8610,24,8612,100,8614,150
1693481,NASDAQ-NGUP,6314,50,6313,100,6312,150,6317,80,6318,150,6319,200
1693481,NASDAQ-SIMP,9990,100,9989,150,9988,200,9995,30,9996,200,9997,250
1693481,NASDAQ-ZITO,7998,50,7997,100,7996,150,8000,50,8001,150,8002,150
1693729,NASDAQ-CARD,9994,129,9993,250,9965,20,9999,50,10000,100,10001,150
1693729,NASDAQ-DLKV,9913,3,9912,50,9911,100,9914,50,9915,100,9916,150
1693729,NASDAQ-ETFB,11319,50,11317,100,11315,150,11327,126,11329,200,11331,250
1693729,NASDAQ-ETFB3,9685,41,9684,50,9683,150,9687,100,9688,150,9689,200
1693729,NASDAQ-FSR,9565,50,9563,100,9561,150,9569,50,9571,100,9573,150
1693729,NASDAQ-GOLD,10212,39,10210,150,10208,200,10218,50,10220,100,10222,150
1693729,NASDAQ-HT,10475,50,10473,150,10471,200,10483,100,10485,150,10487,200
1693729,NASDAQ-INA,10413,50,10411,100,10409,150,10417,35,10419,100,10421,150
1693729,NASDAQ-KOTD,8614,3,8611,34,8609,100,8617,100,8619,150,8621,200
1693729,NASDAQ-NGUP,6325,50,6324,100,6323,150,6327,50,6328,100,6329,150
1693729,NASDAQ-SIMP,9995,50,9994,100,9993,150,9998,100,9999,150,10000,200
1693729,NASDAQ-ZITO,7996,50,7995,100,7994,150,7998,100,7999,100,8000,150
1693969,NASDAQ-CARD,10216,106,9978,20,9965,20,10222,50,10223,100,10224,150
1693969,NASDAQ-DLKV,9905,50,9904,100,9903,150,9907,18,9908,100,9909,150
1693969,NASDAQ-ETFB,11285,50,11283,100,11281,150,11297,150,11328,57,11343,58
1693969,NASDAQ-ETFB3,9676,50,9675,150,9674,150,9680,100,9681,200,9682,250
1693969,NASDAQ-FSR,9573,140,9571,200,9569,250,9581,50,9583,100,9585,150
1693969,NASDAQ-GOLD,10184,50,10182,100,10180,150,10194,200,10196,250,10215,20
1693969,NASDAQ-HT,10490,50,10488,100,10486,150,10494,50,10496,100,10498,150
1693969,NASDAQ-INA,10437,100,10435,150,10433,200,10443,50,10445,100,10447,150
1693969,NASDAQ-KOTD,8615,84,8613,150,8611,200,8625,150,8627,200,8629,250
1693969,NASDAQ-NGUP,6313,50,6312,100,6311,150,6315,50,6316,100,6317,150
1693969,NASDAQ-SIMP,10007,80,10006,150,10005,200,10010,50,10011,100,10012,150
1693969,NASDAQ-ZITO,7994,50,7993,100,7992,150,7996,20,7997,100,7998,150
1694103,NASDAQ-CARD,10217,126,10216,200,10215,250,10224,200,10225,250,10263,20
1694103,NASDAQ-DLKV,9929,100,9928,150,9927,200,9932,50,9933,100,9934,150
1694103,NASDAQ-ETFB,11284,57,11283,100,11281,150,11289,47,11291,100,11293,150
1694103,NASDAQ-ETFB3,9670,50,9669,100,9668,150,9675,27,9676,250,9683,12
1694103,NASDAQ-FSR,9592,50,9590,100,9588,150,9596,50,9598,100,9600,150
1694103,NASDAQ-GOLD,10136,50,10134,100,10132,150,10140,50,10142,100,10144,150
1694103,NASDAQ-HT,10509,50,10507,100,10505,150,10513,50,10515,100,10517,150
1694103,NASDAQ-INA,10459,56,10457,150,10455,200,10465,50,10467,100,10469,150
1694103,NASDAQ-KOTD,8623,50,8621,100,8619,150,8627,50,8629,100,8631,150
1694103,NASDAQ-NGUP,6309,50,6308,100,6307,150,6311,50,6312,100,6313,150
1694103,NASDAQ-SIMP,10012,50,10011,100,10010,150,10014,50,10015,100,10016,294
1694103,NASDAQ-ZITO,7973,50,7972,100,7971,150,7975,50,7976,100,7977,150
1694355,NASDAQ-CARD,10220,60,10219,200,10218,250,10225,100,10226,150,10227,200
1694355,NASDAQ-DLKV,9982,114,9981,200,9980,250,9986,50,9987,100,9988,150
1694355,NASDAQ-ETFB,11283,100,11281,150,11279,200,11290,54,11297,236,11328,57
1694355,NASDAQ-ETFB3,9674,1,9673,100,9672,150,9677,19,9678,150,9679,200
1694355,NASDAQ-FSR,9523,10,9426,20,9422,10,9642,50,9644,100,9646,150
1694355,NASDAQ-GOLD,10140,44,10138,150,10136,200,10146,50,10148,100,10150,150
1694355,NASDAQ-HT,10500,50,10498,100,10496,150,10508,60,10510,200,10512,250
1694355,NASDAQ-INA,10441,70,10421,4,10396,7,10455,96,10457,150,10459,280
1694355,NASDAQ-KOTD,8633,23,8631,100,8629,150,8637,50,8639,100,8641,150
1694355,NASDAQ-NGUP,6306,100,6305,150,6304,200,6311,128,6312,200,6313,250
1694355,NASDAQ-SIMP,9992,50,9991,100,9990,150,9994,40,9995,100,9996,150
1694355,NASDAQ-ZITO,7991,50,7990,150,7989,200,7994,100,7995,100,7996,150
1694650,NASDAQ-CARD,10217,30,10216,150,10215,200,10224,85,10263,20,10280,36
1694650,NASDAQ-DLKV,9982,136,9981,200,9980,250,9986,15,9987,100,9988,150
1694650,NASDAQ-ETFB,11271,49,11269,100,11267,150,11328,57,11343,58,11374,59
1694650,NASDAQ-ETFB3,9665,50,9664,100,9663,150,9670,57,9671,250,9683,12
1694650,NASDAQ-FSR,9662,50,9660,100,9658,150,9666,50,9668,100,9670,150
1694650,NASDAQ-GOLD,10111,50,10109,100,10107,150,10215,20,10234,20,10235,20
1694650,NASDAQ-HT,10493,150,10491,200,10489,250,10509,220,10529,10,10590,22
1694650,NASDAQ-INA,10484,63,10482,200,10480,250,10492,50,10494,100,10496,150
1694650,NASDAQ-KOTD,8626,150,8625,10,8624,200,8640,50,8642,250,8648,20
1694650,NASDAQ-NGUP,6315,232,6281,20,6278,20,6318,1,6321,50,6322,100
1694650,NASDAQ-SIMP,9963,50,9962,208,9961,150,10009,108,10016,144,10020,50
1694650,NASDAQ-ZITO,7959,50,7958,100,7957,150,7963,30,7964,200,7965,250
1694892,NASDAQ-CARD,10189,50,10188,100,10187,150,10193,139,10194,200,10195,250
1694892,NASDAQ-DLKV,9982,20,9981,100,9980,150,9985,62,9986,150,9987,200
1694892,NASDAQ-ETFB,11245,50,11243,100,11241,150,11249,47,11251,100,11253,150
1694892,NASDAQ-ETFB3,9643,50,9642,100,9641,150,9648,112,9649,250,9674,50
1694892,NASDAQ-FSR,9426,20,9422,10,9374,10,9686,50,9688,100,9690,150
1694892,NASDAQ-GOLD,10103,50,10101,100,10099,150,10107,50,10109,100,10111,150
1694892,NASDAQ-HT,10490,50,10488,100,10486,150,10496,63,10497,20,10498,150
1694892,NASDAQ-INA,10451,20,10449,50,10447,100,10453,50,10455,100,10457,170
1694892,NASDAQ-KOTD,8644,40,8642,100,8640,230,8648,70,8650,100,8652,150
1694892,NASDAQ-NGUP,6294,50,6293,100,6292,150,6296,49,6297,100,6298,150
1694892,NASDAQ-SIMP,9956,70,9955,100,9954,170,9961,182,9962,250,9990,20
1694892,NASDAQ-ZITO,7948,50,7947,100,7946,150,7951,70,7952,150,7953,200
1695136,NASDAQ-CARD,10074,50,10073,100,10072,150,10080,229,10177,20,10192,55
1695136,NASDAQ-DLKV,10004,29,10002,100,10000,150,10008,50,10010,100,10012,150
1695136,NASDAQ-ETFB,11249,400,11245,50,11244,54,11257,250,11328,57,11343,58
1695136,NASDAQ-ETFB3,9640,50,9639,100,9638,150,9695,57,9730,54,9735,8
1695136,NASDAQ-FSR,9685,50,9683,100,9681,150,9689,50,9691,100,9693,150
1695136,NASDAQ-GOLD,10004,50,10002,100,10000,150,10010,5,10012,150,10014,200
1695136,NASDAQ-HT,10456,50,10454,100,10452,150,10468,138,10497,13,10529,10
1695136,NASDAQ-INA,10439,50,10437,100,10435,150,10445,30,10447,161,10449,200
1695136,NASDAQ-KOTD,8631,50,8629,100,8627,150,8635,40,8637,100,8639,150
1695136,NASDAQ-NGUP,6304,13,6303,150,6302,200,6307,50,6308,100,6309,150
1695136,NASDAQ-SIMP,9957,99,9956,270,9954,20,10008,252,10009,108,10016,144
1695136,NASDAQ-ZITO,7945,30,7944,100,7943,150,7947,8,7948,100,7949,150
1695367,NASDAQ-CARD,9999,80,9978,20,9965,20,10082,16,10083,250,10177,20
1695367,NASDAQ-DLKV,10014,88,10012,150,10010,200,10020,50,10022,100,10024,150
1695367,NASDAQ-ETFB,11267,90,11265,150,11263,200,11273,50,11275,100,11277,150
1695367,NASDAQ-ETFB3,9643,50,9642,100,9641,150,9645,50,9646,100,9647,150
1695367,NASDAQ-FSR,9677,100,9675,150,9673,200,9683,50,9684,10,9685,100
1695367,NASDAQ-GOLD,10027,50,10025,100,10023,150,10031,50,10033,100,10035,150
1695367,NASDAQ-HT,10450,50,10448,100,10447,10,10462,123,10497,13,10529,10
1695367,NASDAQ-INA,10419,50,10417,100,10415,150,10423,50,10425,100,10427,150
1695367,NASDAQ-KOTD,8637,40,8635,137,8633,150,8640,11,8641,50,8643,100
1695367,NASDAQ-NGUP,6288,30,6287,100,6286,150,6290,50,6291,100,6292,150
1695367,NASDAQ-SIMP,9954,20,9953,50,9952,100,9955,30,9956,100,9957,150
1695367,NASDAQ-ZITO,7935,50,7934,100,7933,167,7937,42,7938,100,7939,150
1695482,NASDAQ-CARD,10076,50,10075,100,10074,150,10079,100,10080,150,10081,200
1695482,NASDAQ-DLKV,9994,50,9992,100,9990,150,9998,50,10000,100,10002,150
1695482,NASDAQ-ETFB,11269,46,11267,100,11265,150,11275,100,11277,150,11279,200
1695482,NASDAQ-ETFB3,9643,50,9642,100,9641,150,9646,100,9647,150,9648,200
1695482,NASDAQ-FSR,9649,50,9647,100,9645,150,9655,100,9657,150,9659,200
1695482,NASDAQ-GOLD,10050,50,10048,100,10046,150,10054,50,10056,100,10058,150
1695482,NASDAQ-HT,10463,50,10461,100,10459,150,10467,40,10469,100,10471,150
1695482,NASDAQ-INA,10392,50,10390,100,10388,150,10396,43,10398,100,10400,150
1695482,NASDAQ-KOTD,8626,50,8624,100,8622,150,8630,13,8632,100,8634,150
1695482,NASDAQ-NGUP,6281,70,6280,100,6279,150,6283,50,6284,100,6285,150
1695482,NASDAQ-SIMP,9932,20,9930,50,9929,100,9934,56,9935,200,9936,250
1695482,NASDAQ-ZITO,7938,50,7937,100,7936,150,7940,50,7941,100,7942,150
1695723,NASDAQ-CARD,10058,50,10057,100,10056,150,10189,30,10192,55,10217,30
1695723,NASDAQ-DLKV,10032,50,10030,100,10028,150,10036,50,10038,100,10040,150
1695723,NASDAQ-ETFB,11292,11,11290,150,11288,200,11298,50,11300,100,11302,150
1695723,NASDAQ-ETFB3,9647,50,9646,100,9645,150,9649,50,9650,100,9651,150
1695723,NASDAQ-FSR,9672,7,9670,150,9668,200,9678,50,9680,100,9682,150
1695723,NASDAQ-GOLD,10064,75,10062,150,10060,200,10070,50,10072,100,10074,150
1695723,NASDAQ-HT,10480,15,10478,150,10476,200,10486,50,10488,100,10490,150
1695723,NASDAQ-INA,10431,90,10429,150,10427,200,10437,50,10439,100,10441,150
1695723,NASDAQ-KOTD,8640,74,8638,150,8636,200,8646,50,8648,120,8650,150
1695723,NASDAQ-NGUP,6285,90,6284,150,6283,200,6288,50,6289,100,6290,150
1695723,NASDAQ-SIMP,9934,50,9933,100,9932,170,9937,100,9938,150,9939,200
1695723,NASDAQ-ZITO,7939,140,7938,200,7937,250,7943,50,7944,100,7945,150
1695993,NASDAQ-CARD,10302,103,10301,200,10300,250,10306,50,10307,100,10308,150
1695993,NASDAQ-DLKV,10013,50,10011,100,10009,150,10019,90,10021,150,10023,200
1695993,NASDAQ-ETFB,11291,13,11289,150,11287,200,11303,149,11305,250,11328,57
1695993,NASDAQ-ETFB3,9651,57,9647,50,9646,150,9695,57,9730,54,9735,8
1695993,NASDAQ-FSR,9630,50,9628,100,9626,150,9636,90,9638,150,9640,200
1695993,NASDAQ-GOLD,10070,10,10068,200,10066,250,10078,50,10080,100,10082,150
1695993,NASDAQ-HT,10452,50,10450,100,10448,150,10456,50,10458,100,10460,150
1695993,NASDAQ-INA,10428,31,10426,100,10424,150,10432,46,10434,100,10436,150
1695993,NASDAQ-KOTD,8639,31,8637,100,8635,150,8643,50,8645,100,8647,150
1695993,NASDAQ-NGUP,6284,50,6283,100,6282,150,6288,45,6289,200,6290,250
1695993,NASDAQ-SIMP,9945,139,9944,250,9935,46,9954,15,9960,36,10007,108
1695993,NASDAQ-ZITO,7937,44,7936,150,7935,200,7940,50,7941,100,7942,150
1696241,NASDAQ-CARD,10189,30,10059,72,9999,80,10318,50,10319,100,10320,150
1696241,NASDAQ-DLKV,10058,50,10056,100,10054,150,10059,50,10062,60,10064,100
1696241,NASDAQ-ETFB,11287,64,11285,250,11249,350,11303,149,11304,60,11305,250
1696241,NASDAQ-ETFB3,9647,43,9646,150,9645,150,9649,50,9650,100,9651,150
1696241,NASDAQ-FSR,9671,150,9669,200,9667,250,9679,50,9681,100,9683,150
1696241,NASDAQ-GOLD,10071,184,10069,250,9982,20,10085,150,10087,200,10089,250
1696241,NASDAQ-HT,10473,50,10471,100,10469,150,10477,50,10479,100,10481,150
1696241,NASDAQ-INA,10430,50,10428,100,10426,150,10434,50,10436,100,10438,150
1696241,NASDAQ-KOTD,8683,50,8681,100,8679,150,8687,50,8689,100,8691,150
1696241,NASDAQ-NGUP,6302,50,6301,100,6300,150,6304,50,6305,100,6306,150
1696241,NASDAQ-SIMP,9959,14,9958,100,9957,150,9961,50,9962,100,9963,150
1696241,NASDAQ-ZITO,7952,50,7951,100,7950,150,7954,50,7955,100,7956,150
1696516,NASDAQ-CARD,10320,50,10319,150,10318,200,10325,150,10326,200,10327,250
1696516,NASDAQ-DLKV,10099,40,10097,150,10095,200,10105,50,10107,110,10109,150
1696516,NASDAQ-ETFB,11301,50,11299,100,11297,150,11311,200,11313,250,11328,57
1696516,NASDAQ-ETFB3,9656,50,9655,100,9654,150,9658,50,9659,100,9660,150
1696516,NASDAQ-FSR,9658,50,9656,100,9654,150,9664,70,9666,150,9668,200
1696516,NASDAQ-GOLD,10064,200,10062,250,9982,20,10074,50,10076,100,10078,150
1696516,NASDAQ-HT,10478,103,10476,250,10456,50,10488,50,10490,100,10492,150
1696516,NASDAQ-INA,10448,40,10446,200,10444,250,10451,11,10456,50,10458,100
1696516,NASDAQ-KOTD,8676,100,8674,150,8672,200,8679,50,8682,50,8684,100
1696516,NASDAQ-NGUP,6278,70,6277,100,6276,150,6280,50,6281,100,6282,150
1696516,NASDAQ-SIMP,9935,96,9934,200,9933,150,10007,108,10008,252,10009,108
1696516,NASDAQ-ZITO,7954,50,7953,100,7952,150,7956,50,7957,100,7958,150
1696767,NASDAQ-CARD,10307,50,10306,100,10305,150,10522,20,10533,30,10534,30
1696767,NASDAQ-DLKV,10075,50,10073,100,10071,150,10079,50,10081,100,10083,150
1696767,NASDAQ-ETFB,11324,100,11322,150,11320,200,11328,57,11330,50,11332,100
1696767,NASDAQ-ETFB3,9676,50,9675,100,9674,150,9678,50,9679,100,9680,150
1696767,NASDAQ-FSR,9658,100,9656,150,9654,200,9666,100,9668,150,9670,200
1696767,NASDAQ-GOLD,10064,60,10062,200,10060,250,10072,50,10074,100,10076,150
1696767,NASDAQ-HT,10478,190,10476,250,10456,50,10494,200,10496,250,10497,13
1696767,NASDAQ-INA,10443,50,10441,100,10439,150,10447,39,10449,100,10451,150
1696767,NASDAQ-KOTD,8668,150,8666,200,8664,250,8680,150,8682,200,8684,250
1696767,NASDAQ-NGUP,6286,23,6285,100,6284,150,6288,50,6289,100,6290,150
1696767,NASDAQ-SIMP,9936,133,9935,250,9908,144,9942,42,9943,150,9944,200
1696767,NASDAQ-ZITO,7973,49,7972,100,7971,150,7975,50,7976,100,7977,170
1697029,NASDAQ-CARD,10412,50,10411,100,10410,150,10414,50,10415,100,10416,150
1697029,NASDAQ-DLKV,10112,90,10110,150,10108,200,10118,50,10120,100,10122,170
1697029,NASDAQ-ETFB,11353,50,11351,100,11349,150,11357,50,11359,100,11361,150
1697029,NASDAQ-ETFB3,9676,50,9675,100,9674,150,9680,150,9681,200,9682,250
1697029,NASDAQ-FSR,9677,50,9675,100,9673,150,9681,50,9683,100,9684,10
1697029,NASDAQ-GOLD,10088,50,10086,100,10084,150,10092,50,10094,100,10096,150
1697029,NASDAQ-HT,10467,50,10465,100,10463,150,10471,50,10473,100,10475,150
1697029,NASDAQ-INA,10464,50,10462,100,10460,150,10468,50,10470,100,10472,150
1697029,NASDAQ-KOTD,8691,50,8689,100,8687,150,8695,50,8697,100,8699,150
1697029,NASDAQ-NGUP,6285,50,6284,100,6283,150,6287,50,6288,100,6289,150
1697029,NASDAQ-SIMP,9932,50,9931,100,9930,150,9938,198,9965,20,10006,108
1697029,NASDAQ-ZITO,7966,50,7965,100,7964,150,7968,50,7969,100,7970,150
1697274,NASDAQ-CARD,10326,10,10325,44,10308,36,10451,50,10452,100,10453,150
1697274,NASDAQ-DLKV,10111,20,10108,50,10106,100,10114,100,10116,150,10118,200
1697274,NASDAQ-ETFB,11347,58,11345,200,11343,250,11359,150,11361,200,11363,250
1697274,NASDAQ-ETFB3,9702,93,9701,150,9700,200,9705,50,9706,100,9707,150
1697274,NASDAQ-FSR,9662,50,9660,100,9658,150,9668,19,9670,150,9672,200
1697274,NASDAQ-GOLD,10081,100,10079,150,10077,200,10091,100,10093,200,10095,250
1697274,NASDAQ-HT,10472,50,10470,100,10468,150,10476,50,10478,100,10480,150
1697274,NASDAQ-INA,10444,35,10435,20,10397,10,10475,50,10477,100,10479,150
1697274,NASDAQ-KOTD,8704,50,8702,100,8700,150,8708,50,8710,100,8712,150
1697274,NASDAQ-NGUP,6317,83,6316,150,6315,200,6320,50,6321,100,6322,150
1697274,NASDAQ-SIMP,9925,50,9924,100,9923,150,9965,20,10006,108,10007,108
1697274,NASDAQ-ZITO,7948,50,7947,100,7946,150,7950,50,7951,100,7952,150
1697529,NASDAQ-CARD,10424,50,10423,150,10422,200,10522,10,10533,30,10534,30
1697529,NASDAQ-DLKV,10071,50,10069,100,10067,150,10077,69,10079,150,10081,200
1697529,NASDAQ-ETFB,11341,50,11339,100,11337,150,11353,209,11374,59,11398,38
1697529,NASDAQ-ETFB3,9674,42,9673,100,9672,150,9730,54,9735,8,9736,10
1697529,NASDAQ-FSR,9657,50,9655,100,9653,150,9819,55,9862,55,9878,55
1697529,NASDAQ-GOLD,10080,100,10078,150,10076,200,10094,200,10101,20,10215,20
1697529,NASDAQ-HT,10460,20,10456,50,10447,10,10484,100,10486,150,10488,200
1697529,NASDAQ-INA,10451,79,10449,150,10447,200,10459,25,10461,150,10463,200
1697529,NASDAQ-KOTD,8698,9,8696,150,8694,200,8704,50,8706,100,8708,150
1697529,NASDAQ-NGUP,6287,50,6286,20,6152,50,6320,1,6328,50,6329,100
1697529,NASDAQ-SIMP,9913,50,9912,100,9911,150,10006,108,10007,108,10008,252
1697529,NASDAQ-ZITO,7951,25,7950,100,7949,150,7953,50,7954,100,7955,150
1697783,NASDAQ-CARD,10415,50,10414,100,10413,150,10418,71,10419,150,10420,200
1697783,NASDAQ-DLKV,10080,6,10078,150,10076,200,10086,50,10088,100,10090,150
1697783,NASDAQ-ETFB,11349,25,11347,150,11345,200,11361,80,11363,250,11374,59
1697783,NASDAQ-ETFB3,9705,50,9704,100,9703,150,9708,54,9709,150,9710,200
1697783,NASDAQ-FSR,9662,50,9660,100,9658,150,9666,50,9668,100,9670,150
1697783,NASDAQ-GOLD,10097,22,10095,150,10093,200,10101,20,10103,50,10105,100
1697783,NASDAQ-HT,10457,80,10455,150,10453,200,10463,50,10465,100,10467,150
1697783,NASDAQ-INA,10458,167,10456,250,10444,35,10468,50,10470,100,10472,150
1697783,NASDAQ-KOTD,8687,50,8685,100,8683,170,8691,50,8693,100,8695,150
1697783,NASDAQ-NGUP,6317,50,6316,100,6315,150,6319,105,6320,101,6321,150
1697783,NASDAQ-SIMP,9908,94,9906,50,9905,244,9910,87,9911,200,9912,250
1697783,NASDAQ-ZITO,7932,50,7931,100,7930,150,7934,50,7935,100,7936,150
1698085,NASDAQ-CARD,10157,50,10156,100,10155,150,10521,47,10522,11,10533,30
1698085,NASDAQ-DLKV,10034,50,10032,100,10030,150,10038,50,10040,100,10042,150
1698085,NASDAQ-ETFB,11362,125,11360,250,11348,57,11372,44,11374,159,11376,150
1698085,NASDAQ-ETFB3,9702,50,9701,100,9700,150,9730,54,9735,8,9736,10
1698085,NASDAQ-FSR,9673,69,9671,250,9652,20,9683,50,9685,100,9687,150
1698085,NASDAQ-GOLD,10088,70,10086,100,10084,150,10096,150,10098,200,10100,250
1698085,NASDAQ-HT,10436,50,10434,100,10432,150,10442,70,10444,150,10446,200
1698085,NASDAQ-INA,10451,28,10449,250,10444,15,10467,99,10469,250,10480,2
1698085,NASDAQ-KOTD,8655,50,8653,100,8651,150,8659,50,8661,100,8663,150
1698085,NASDAQ-NGUP,6296,50,6295,100,6294,150,6298,50,6299,100,6300,150
1698085,NASDAQ-SIMP,9905,44,9904,50,9903,100,10005,36,10006,108,10007,108
1698085,NASDAQ-ZITO,7933,50,7932,100,7931,150,7935,50,7936,100,7937,150
1698404,NASDAQ-CARD,10169,100,10168,150,10167,200,10172,50,10173,100,10174,150
1698404,NASDAQ-DLKV,10051,50,10049,100,10047,150,10055,50,10057,100,10059,150
1698404,NASDAQ-ETFB,11354,39,11352,250,11348,57,11368,100,11370,200,11372,250
1698404,NASDAQ-ETFB3,9700,150,9699,200,9698,250,9705,35,9706,150,9707,200
1698404,NASDAQ-FSR,9653,50,9652,20,9651,100,9657,50,9659,100,9661,150
1698404,NASDAQ-GOLD,10087,200,10085,250,9982,20,10101,150,10103,200,10105,250
1698404,NASDAQ-HT,10417,50,10415,100,10413,150,10421,30,10423,100,10425,150
1698404,NASDAQ-INA,10480,20,10409,50,10407,100,10534,3,10592,20,10649,1
1698404,NASDAQ-KOTD,8623,50,8621,100,8619,150,8629,100,8631,150,8633,200
1698404,NASDAQ-NGUP,6289,200,6288,250,6286,20,6296,150,6297,200,6298,250
1698404,NASDAQ-SIMP,9935,14,9934,100,9933,150,9939,78,9940,200,9941,250
1698404,NASDAQ-ZITO,7925,50,7924,100,7923,150,7927,50,7928,100,7929,150
1698695,NASDAQ-CARD,10163,50,10162,100,10161,150,10415,50,10417,108,10521,47
1698695,NASDAQ-DLKV,10009,50,10007,100,10005,150,10019,184,10021,250,10049,20
1698695,NASDAQ-ETFB,11356,94,11354,200,11353,57,11366,100,11368,150,11370,200
1698695,NASDAQ-ETFB3,9743,78,9742,150,9741,200,9744,42,9745,10,9746,50
1698695,NASDAQ-FSR,9695,50,9693,100,9691,150,9699,50,9701,100,9703,150
1698695,NASDAQ-GOLD,10140,46,10138,200,10136,250,10148,50,10150,100,10152,150
1698695,NASDAQ-HT,10418,50,10416,100,10414,150,10422,50,10424,100,10426,150
1698695,NASDAQ-INA,10395,50,10393,100,10391,150,10399,50,10401,100,10403,150
1698695,NASDAQ-KOTD,8617,30,8615,100,8613,150,8621,50,8623,100,8625,150
1698695,NASDAQ-NGUP,6295,48,6294,250,6286,20,6300,50,6301,100,6302,150
1698695,NASDAQ-SIMP,9926,50,9925,100,9924,150,9963,20,10004,144,10005,36
1698695,NASDAQ-ZITO,7931,94,7930,200,7929,250,7935,50,7936,100,7937,150
1698986,NASDAQ-CARD,10136,50,10135,100,10134,150,10138,30,10139,100,10140,150
1698986,NASDAQ-DLKV,10049,15,10006,50,10004,100,10081,20,10106,11,10128,10
1698986,NASDAQ-ETFB,11384,139,11382,200,11380,250,11392,49,11394,100,11396,150
1698986,NASDAQ-ETFB3,9736,200,9735,250,9675,55,9741,105,9743,113,9744,200
1698986,NASDAQ-FSR,9677,50,9675,100,9673,150,9683,100,9685,150,9687,200
1698986,NASDAQ-GOLD,10133,125,10131,200,10129,250,10143,100,10145,150,10147,200
1698986,NASDAQ-HT,10393,50,10391,100,10389,150,10401,25,10403,200,10405,250
1698986,NASDAQ-INA,10358,50,10356,100,10354,150,10501,20,10534,3,10592,20
1698986,NASDAQ-KOTD,8578,10,8573,50,8571,100,8579,36,8581,150,8583,200
1698986,NASDAQ-NGUP,6290,50,6289,100,6288,150,6295,10,6296,250,6309,1
1698986,NASDAQ-SIMP,9958,69,9957,150,9956,200,9964,200,9965,250,10004,144
1698986,NASDAQ-ZITO,7914,70,7913,100,7912,150,7916,50,7917,100,7918,150
1699278,NASDAQ-CARD,10140,75,10139,250,10059,72,10145,50,10146,100,10147,150
1699278,NASDAQ-DLKV,10043,50,10041,100,10039,150,10049,219,10051,150,10053,200
1699278,NASDAQ-ETFB,11391,102,11353,57,11348,57,11400,59,11403,50,11405,100
1699278,NASDAQ-ETFB3,9735,226,9675,55,9660,150,9744,68,9745,260,9791,10
1699278,NASDAQ-FSR,9660,50,9658,100,9656,150,9666,100,9668,150,9670,200
1699278,NASDAQ-GOLD,10127,50,10125,100,10123,150,10133,100,10135,150,10137,200
1699278,NASDAQ-HT,10390,50,10388,100,10386,150,10452,20,10456,10,10460,50
1699278,NASDAQ-INA,10349,50,10347,100,10345,150,10353,40,10355,100,10357,150
1699278,NASDAQ-KOTD,8562,50,8560,100,8558,150,8568,40,8570,150,8572,200
1699278,NASDAQ-NGUP,6286,20,6267,20,6152,50,6302,50,6303,100,6304,150
1699278,NASDAQ-SIMP,9954,50,9953,100,9952,150,10004,144,10005,36,10006,108
1699278,NASDAQ-ZITO,7942,50,7941,100,7940,150,7944,50,7945,100,7946,150
1699542,NASDAQ-CARD,10130,50,10129,100,10128,150,10415,50,10417,108,10521,47
1699542,NASDAQ-DLKV,10053,101,10051,200,10049,250,10061,50,10063,100,10065,150
1699542,NASDAQ-ETFB,11415,34,11413,250,11383,61,11425,50,11427,100,11429,150
1699542,NASDAQ-ETFB3,9660,150,9651,150,9650,10,9749,200,9750,250,9791,10
1699542,NASDAQ-FSR,9672,25,9670,100,9668,150,9676,50,9678,100,9680,150
1699542,NASDAQ-GOLD,10116,50,10114,100,10112,150,10122,100,10124,150,10126,200
1699542,NASDAQ-HT,10382,50,10380,100,10378,150,10386,50,10388,100,10390,150
1699542,NASDAQ-INA,10344,50,10342,100,10340,150,10356,131,10460,20,10501,20
1699542,NASDAQ-KOTD,8591,50,8589,100,8587,150,8595,50,8597,100,8599,150
1699542,NASDAQ-NGUP,6312,100,6311,200,6310,250,6316,60,6317,200,6318,150
1699542,NASDAQ-SIMP,9986,86,9985,200,9984,250,9990,25,9991,100,9992,150
1699542,NASDAQ-ZITO,7935,50,7934,100,7933,150,7937,50,7938,100,7939,150
1699850,NASDAQ-CARD,10135,11,10059,72,9999,80,10142,75,10143,150,10144,200
1699850,NASDAQ-DLKV,10020,50,10018,100,10016,150,10026,77,10028,150,10030,200
1699850,NASDAQ-ETFB,11402,155,11400,250,11383,61,11412,50,11414,100,11416,150
1699850,NASDAQ-ETFB3,9744,50,9743,100,9742,150,9748,104,9749,200,9750,250
1699850,NASDAQ-FSR,9670,100,9668,150,9666,200,9684,250,9695,50,9819,52
1699850,NASDAQ-GOLD,10082,70,10080,100,10078,150,10086,50,10088,100,10090,150
1699850,NASDAQ-HT,10407,50,10405,100,10403,150,10411,50,10413,100,10415,150
1699850,NASDAQ-INA,10342,100,10340,150,10338,200,10354,150,10356,250,10460,20
1699850,NASDAQ-KOTD,8611,50,8609,100,8607,150,8615,50,8617,100,8619,150
1699850,NASDAQ-NGUP,6267,20,6152,50,5855,55,6335,54,6336,100,6337,150
1699850,NASDAQ-SIMP,9966,50,9965,100,9964,150,9971,186,9972,250,10003,36
1699850,NASDAQ-ZITO,7931,50,7930,100,7929,150,7933,50,7934,100,7935,150
1700120,NASDAQ-CARD,9987,50,9986,100,9985,150,9992,120,9993,250,10130,30
1700120,NASDAQ-DLKV,10030,50,10025,46,10023,200,10033,50,10035,100,10037,150
1700120,NASDAQ-ETFB,11412,64,11410,250,11383,61,11422,50,11424,100,11426,150
1700120,NASDAQ-ETFB3,9707,50,9706,100,9705,150,9742,150,9791,10,9793,50
1700120,NASDAQ-FSR,9691,50,9689,100,9687,150,9697,100,9699,150,9701,200
1700120,NASDAQ-GOLD,10043,50,10041,100,10039,150,10047,50,10049,100,10051,150
1700120,NASDAQ-HT,10393,50,10391,100,10389,150,10397,50,10399,100,10401,150
1700120,NASDAQ-INA,10330,50,10328,110,10326,150,10340,32,10342,281,10460,20
1700120,NASDAQ-KOTD,8578,50,8576,100,8574,150,8584,96,8586,150,8588,200
1700120,NASDAQ-NGUP,6340,48,6339,100,6338,150,6342,50,6343,100,6344,150
1700120,NASDAQ-SIMP,9947,50,9946,100,9945,150,10003,36,10004,144,10005,36
1700120,NASDAQ-ZITO,7932,50,7931,100,7930,150,7934,50,7935,100,7936,150
1700390,NASDAQ-CARD,10009,19,10008,150,10007,200,10012,50,10013,100,10014,150
1700390,NASDAQ-DLKV,10039,90,10037,200,10035,200,10045,50,10047,100,10049,150
1700390,NASDAQ-ETFB,11354,50,11353,57,11352,100,11362,126,11364,200,11366,250
1700390,NASDAQ-ETFB3,9660,150,9651,150,9650,10,9705,150,9709,50,9710,100
1700390,NASDAQ-FSR,9690,50,9688,100,9686,150,9696,50,9698,150,9700,200
1700390,NASDAQ-GOLD,10107,87,10105,200,10103,250,10115,60,10117,100,10119,150
1700390,NASDAQ-HT,10372,10,10322,10,10308,10,10411,50,10413,100,10415,150
1700390,NASDAQ-INA,10306,50,10304,100,10302,150,10314,54,10316,200,10318,250
1700390,NASDAQ-KOTD,8577,50,8575,100,8573,150,8583,93,8585,150,8587,200
1700390,NASDAQ-NGUP,6319,50,6318,100,6317,150,6323,144,6324,200,6325,250
1700390,NASDAQ-SIMP,9969,205,9948,36,9936,36,9975,50,9976,100,9977,150
1700390,NASDAQ-ZITO,7934,130,7933,100,7932,150,7939,200,7940,250,7952,12
1700651,NASDAQ-CARD,9994,50,9993,100,9992,150,10130,30,10135,80,10414,36
1700651,NASDAQ-DLKV,10025,50,10023,100,10021,150,10031,21,10033,150,10035,200
1700651,NASDAQ-ETFB,11349,83,11348,57,11347,150,11354,13,11355,50,11357,100
1700651,NASDAQ-ETFB3,9679,20,9678,100,9677,150,9681,50,9682,100,9683,150
1700651,NASDAQ-FSR,9680,200,9678,250,9652,20,9690,25,9692,100,9694,150
1700651,NASDAQ-GOLD,10079,50,10077,100,10075,150,10083,50,10085,100,10087,150
1700651,NASDAQ-HT,10395,70,10393,150,10391,200,10407,65,10409,250,10452,20
1700651,NASDAQ-INA,10326,40,10324,150,10322,200,10332,50,10334,100,10336,150
1700651,NASDAQ-KOTD,8565,50,8563,100,8561,150,8569,2,8571,100,8573,150
1700651,NASDAQ-NGUP,6334,145,6333,200,6332,250,6338,50,6339,100,6340,150
1700651,NASDAQ-SIMP,9937,187,9936,286,9906,36,9946,12,9974,108,10003,36
1700651,NASDAQ-ZITO,7951,50,7950,100,7949,150,7952,12,7953,50,7954,100
1700887,NASDAQ-CARD,10022,100,10021,150,10020,200,10026,50,10027,150,10028,200
1700887,NASDAQ-DLKV,10050,50,10048,100,10046,150,10054,50,10056,100,10058,150
1700887,NASDAQ-ETFB,11347,90,11345,200,11343,250,11355,13,11357,100,11359,150
1700887,NASDAQ-ETFB3,9676,109,9675,250,9660,150,9685,210,9742,150,9744,50
1700887,NASDAQ-FSR,9662,20,9652,20,9636,20,9709,50,9711,100,9713,150
1700887,NASDAQ-GOLD,10081,130,10079,200,10077,250,10091,100,10093,150,10095,200
1700887,NASDAQ-HT,10387,200,10385,250,10372,10,10399,100,10401,150,10403,200
1700887,NASDAQ-INA,10345,45,10343,150,10341,200,10351,50,10353,100,10355,150
1700887,NASDAQ-KOTD,8518,50,8516,100,8514,150,8522,17,8524,100,8526,150
1700887,NASDAQ-NGUP,6350,146,6349,250,6293,20,6355,50,6356,100,6357,150
1700887,NASDAQ-SIMP,9966,115,9965,250,9946,50,9973,25,9974,344,9975,250
1700887,NASDAQ-ZITO,7942,50,7941,100,7940,150,7944,50,7945,100,7946,150
1701138,NASDAQ-CARD,10074,38,10073,150,10072,200,10077,50,10078,100,10079,150
1701138,NASDAQ-DLKV,10035,3,10034,50,10032,100,10038,46,10040,100,10042,150
1701138,NASDAQ-ETFB,11339,50,11337,100,11335,150,11343,24,11345,100,11347,230
1701138,NASDAQ-ETFB3,9660,150,9651,150,9650,10,9676,194,9677,250,9742,150
1701138,NASDAQ-FSR,9678,3,9676,100,9674,150,9682,50,9684,100,9686,150
1701138,NASDAQ-GOLD,10057,50,10055,100,10053,150,10065,37,10067,200,10069,250
1701138,NASDAQ-HT,10365,50,10363,100,10361,150,10369,40,10371,100,10373,150
1701138,NASDAQ-INA,10327,50,10325,100,10323,150,10339,249,10460,20,10501,20
1701138,NASDAQ-KOTD,8526,54,8524,100,8522,150,8530,50,8532,100,8534,150
1701138,NASDAQ-NGUP,6333,50,6332,100,6331,150,6336,58,6337,150,6338,200
1701138,NASDAQ-SIMP,9980,221,9946,50,9936,36,9986,50,9987,100,9988,150
1701138,NASDAQ-ZITO,7920,50,7919,100,7918,150,7924,148,7925,200,7926,250
1701377,NASDAQ-CARD,10036,50,10035,100,10034,150,10041,127,10042,250,10130,31
1701377,NASDAQ-DLKV,10012,50,10010,100,10008,150,10020,135,10022,200,10024,250
1701377,NASDAQ-ETFB,11338,58,11335,50,11333,100,11343,131,11345,200,11347,330
1701377,NASDAQ-ETFB3,9668,194,9667,250,9660,150,9677,23,9742,150,9744,50
1701377,NASDAQ-FSR,9652,20,9649,50,9647,100,9653,36,9655,100,9657,150
1701377,NASDAQ-GOLD,10058,71,10056,150,10054,200,10064,50,10066,100,10068,150
1701377,NASDAQ-HT,10408,100,10406,150,10404,200,10414,50,10416,100,10418,150
1701377,NASDAQ-INA,10310,50,10308,100,10306,150,10314,25,10316,100,10318,150
1701377,NASDAQ-KOTD,8509,50,8507,100,8505,150,8510,1,8513,50,8515,100
1701377,NASDAQ-NGUP,6336,21,6334,70,6333,150,6337,50,6338,100,6339,150
1701377,NASDAQ-SIMP,9964,76,9963,150,9962,200,9971,175,9972,72,9985,36
1701377,NASDAQ-ZITO,7944,50,7943,100,7942,150,7946,50,7947,100,7948,150
1701606,NASDAQ-CARD,9996,4,9984,20,9978,20,10062,50,10063,100,10064,150
1701606,NASDAQ-DLKV,9998,50,9996,100,9994,150,10004,75,10006,150,10008,200
1701606,NASDAQ-ETFB,11323,50,11321,100,11319,150,11329,83,11331,150,11333,200
1701606,NASDAQ-ETFB3,9663,41,9662,100,9661,150,9668,73,9669,250,9742,150
1701606,NASDAQ-FSR,9644,50,9642,100,9640,150,9648,25,9650,100,9652,150
1701606,NASDAQ-GOLD,10057,41,10055,150,10053,200,10065,100,10067,150,10069,200
1701606,NASDAQ-HT,10395,50,10393,100,10391,150,10401,90,10403,150,10405,200
1701606,NASDAQ-INA,10304,50,10302,100,10300,150,10314,186,10316,250,10327,80
1701606,NASDAQ-KOTD,8477,50,8475,100,8473,150,8483,71,8485,150,8487,200
1701606,NASDAQ-NGUP,6348,29,6347,100,6346,150,6350,50,6351,100,6352,150
1701606,NASDAQ-SIMP,9984,146,9983,250,9946,50,9989,50,9990,100,9991,150
1701606,NASDAQ-ZITO,7940,50,7939,100,7938,150,7943,70,7944,150,7945,200
1701872,NASDAQ-CARD,10051,100,10050,250,9996,4,10059,140,10060,250,10130,31
1701872,NASDAQ-DLKV,9979,50,9978,100,9977,170,9983,77,9984,200,9985,250
1701872,NASDAQ-ETFB,11326,50,11324,100,11322,210,11338,250,11344,60,11347,80
1701872,NASDAQ-ETFB3,9660,62,9659,250,9651,150,9742,99,9744,50,9791,10
1701872,NASDAQ-FSR,9648,10,9646,150,9644,200,9654,50,9656,100,9658,150
1701872,NASDAQ-GOLD,10093,133,10091,250,9982,20,10103,50,10105,100,10107,150
1701872,NASDAQ-HT,10393,250,10322,10,10308,10,10405,50,10407,100,10409,150
1701872,NASDAQ-INA,10318,130,10316,200,10314,250,10326,16,10327,80,10328,100
1701872,NASDAQ-KOTD,8498,50,8496,100,8494,150,8502,48,8504,100,8506,150
1701872,NASDAQ-NGUP,6324,50,6323,100,6322,150,6326,50,6327,100,6328,150
1701872,NASDAQ-SIMP,9985,72,9982,100,9981,150,9988,154,9989,250,10003,36
1701872,NASDAQ-ZITO,7929,50,7928,100,7927,150,7931,50,7932,100,7933,150
1702110,NASDAQ-CARD,10013,50,10012,100,10011,150,10018,140,10019,250,10034,20
1702110,NASDAQ-DLKV,10015,30,10013,100,10011,150,10019,50,10021,100,10023,150
1702110,NASDAQ-ETFB,11334,150,11332,250,11322,60,11346,59,11347,80,11348,150
1702110,NASDAQ-ETFB3,9661,2,9660,200,9659,250,9665,50,9666,100,9667,150
1702110,NASDAQ-FSR,9622,50,9620,100,9618,150,9626,10,9628,100,9630,150
1702110,NASDAQ-GOLD,10061,50,10059,100,10057,150,10065,50,10067,100,10069,150
1702110,NASDAQ-HT,10418,50,10416,100,10414,150,10422,50,10424,100,10426,150
1702110,NASDAQ-INA,10339,90,10337,200,10335,250,10347,50,10349,100,10351,150
1702110,NASDAQ-KOTD,8536,49,8534,100,8532,150,8540,50,8542,100,8544,150
1702110,NASDAQ-NGUP,6334,50,6333,100,6332,150,6336,50,6337,100,6338,150
1702110,NASDAQ-SIMP,9986,36,9982,90,9981,200,9989,141,9990,250,10003,36
1702110,NASDAQ-ZITO,7914,50,7913,100,7912,150,7916,50,7917,100,7918,150
1702365,NASDAQ-CARD,10026,28,10025,150,10024,200,10029,50,10030,100,10031,150
1702365,NASDAQ-DLKV,10046,50,10044,100,10042,150,10050,50,10052,100,10054,150
1702365,NASDAQ-ETFB,11340,44,11338,100,11336,150,11346,53,11347,80,11348,150
1702365,NASDAQ-ETFB3,9652,50,9651,250,9650,160,9658,116,9659,3,9742,99
1702365,NASDAQ-FSR,9655,83,9653,150,9651,200,9661,50,9663,100,9665,150
1702365,NASDAQ-GOLD,10064,52,10062,150,10060,200,10070,50,10072,100,10074,150
1702365,NASDAQ-HT,10400,50,10398,100,10396,150,10404,50,10406,100,10408,150
1702365,NASDAQ-INA,10364,60,10362,150,10360,200,10370,50,10372,100,10374,150
1702365,NASDAQ-KOTD,8536,14,8534,150,8532,200,8539,7,8542,49,8544,100
1702365,NASDAQ-NGUP,6348,50,6347,100,6346,150,6350,50,6351,100,6352,150
1702365,NASDAQ-SIMP,9974,50,9973,100,9972,150,9979,90,9980,250,9988,108
1702365,NASDAQ-ZITO,7923,50,7922,100,7921,150,7925,50,7926,100,7927,150
1702683,NASDAQ-CARD,9994,50,9993,100,9992,150,9996,50,9997,100,9998,150
1702683,NASDAQ-DLKV,10031,50,10029,100,10027,150,10037,50,10039,150,10041,200
1702683,NASDAQ-ETFB,11337,50,11335,100,11333,150,11347,200,11349,250,11363,58
1702683,NASDAQ-ETFB3,9742,27,9652,50,9651,250,9744,50,9791,10,9793,50
1702683,NASDAQ-FSR,9687,67,9426,20,9422,10,9699,50,9701,100,9703,150
1702683,NASDAQ-GOLD,10040,50,10038,100,10036,150,10044,50,10046,100,10048,150
1702683,NASDAQ-HT,10424,50,10422,100,10420,150,10428,50,10430,100,10432,150
1702683,NASDAQ-INA,10494,88,10492,150,10490,200,10500,50,10501,20,10502,100
1702683,NASDAQ-KOTD,8562,196,8560,250,8506,48,8572,50,8574,100,8576,150
1702683,NASDAQ-NGUP,6313,20,6293,20,6267,20,6362,51,6363,100,6364,151
1702683,NASDAQ-SIMP,9979,50,9978,100,9977,150,9981,50,9982,100,9983,150
1702683,NASDAQ-ZITO,7921,50,7920,100,7919,150,7923,50,7924,100,7925,150
1702954,NASDAQ-CARD,10172,58,10171,200,10170,250,10176,50,10177,100,10178,150
1702954,NASDAQ-DLKV,10060,50,10058,100,10056,150,10064,50,10066,100,10068,150
1702954,NASDAQ-ETFB,11336,56,11328,50,11326,100,11340,63,11363,58,11450,55
1702954,NASDAQ-ETFB3,9642,50,9641,100,9640,150,9645,18,9646,150,9647,200
1702954,NASDAQ-FSR,9649,50,9647,100,9645,150,9653,5,9655,100,9657,150
1702954,NASDAQ-GOLD,10069,134,10067,200,10065,250,10077,50,10079,100,10081,150
1702954,NASDAQ-HT,10427,10,10425,100,10423,150,10431,50,10433,100,10435,150
1702954,NASDAQ-INA,10591,8,10589,200,10587,250,10599,50,10601,100,10603,150
1702954,NASDAQ-KOTD,8581,95,8579,150,8577,200,8587,50,8589,100,8591,150
1702954,NASDAQ-NGUP,6363,49,6362,100,6361,150,6365,50,6366,100,6367,150
1702954,NASDAQ-SIMP,9962,50,9961,100,9960,150,9967,182,9968,250,9988,108
1702954,NASDAQ-ZITO,7919,50,7918,100,7917,150,7921,30,7922,100,7923,150
1703196,NASDAQ-CARD,10158,50,10157,100,10156,150,10160,50,10161,100,10162,150
1703196,NASDAQ-DLKV,10070,72,10068,150,10066,200,10073,20,10076,50,10078,100
1703196,NASDAQ-ETFB,11332,50,11330,100,11328,150,11340,20,11342,200,11344,250
1703196,NASDAQ-ETFB3,9633,10,9632,50,9631,100,9636,19,9637,200,9638,250
1703196,NASDAQ-FSR,9665,43,9663,100,9661,150,9669,50,9671,100,9673,150
1703196,NASDAQ-GOLD,10053,50,10051,100,10049,150,10057,50,10059,100,10061,150
1703196,NASDAQ-HT,10439,50,10437,100,10435,150,10443,50,10445,100,10447,150
1703196,NASDAQ-INA,10684,11,10682,100,10680,150,10688,50,10690,100,10692,150
1703196,NASDAQ-KOTD,8601,32,8599,100,8597,150,8603,20,8605,50,8607,100
1703196,NASDAQ-NGUP,6383,49,6382,100,6381,150,6385,50,6386,100,6387,152
1703196,NASDAQ-SIMP,9989,42,9988,150,9987,200,9992,50,9993,100,9994,150
1703196,NASDAQ-ZITO,7940,50,7939,100,7938,150,7942,50,7943,100,7944,150
1703449,NASDAQ-CARD,10145,20,9996,80,9984,20,10162,50,10163,100,10164,150
1703449,NASDAQ-DLKV,10080,50,10078,150,10076,200,10086,50,10088,100,10090,150
1703449,NASDAQ-ETFB,11331,60,11330,100,11328,150,11363,58,11450,55,11452,61
1703449,NASDAQ-ETFB3,9613,50,9612,100,9611,150,9651,15,9744,50,9791,10
1703449,NASDAQ-FSR,9654,50,9652,100,9650,150,9658,50,9660,100,9662,150
1703449,NASDAQ-GOLD,10035,50,10033,100,10031,150,10039,50,10041,100,10043,150
1703449,NASDAQ-HT,10420,50,10418,100,10416,150,10430,55,10432,250,10452,20
1703449,NASDAQ-INA,10351,1,10328,48,10327,10,10726,50,10728,100,10730,150
1703449,NASDAQ-KOTD,8601,50,8599,150,8597,200,8602,4,8611,150,8613,200
1703449,NASDAQ-NGUP,6383,157,6382,250,6313,20,6387,2,6388,50,6389,100
1703449,NASDAQ-SIMP,9958,50,9957,100,9956,150,9962,6,9963,200,9964,250
1703449,NASDAQ-ZITO,7943,41,7942,100,7941,150,7945,50,7946,100,7947,150
1703736,NASDAQ-CARD,10157,111,10156,200,10155,250,10163,72,10164,200,10165,250
1703736,NASDAQ-DLKV,10075,100,10073,150,10071,200,10081,50,10083,100,10085,150
1703736,NASDAQ-ETFB,11325,50,11323,100,11322,60,11335,127,11337,250,11363,58
1703736,NASDAQ-ETFB3,9613,50,9612,100,9611,150,9618,5,9619,250,9651,15
1703736,NASDAQ-FSR,9688,50,9686,100,9684,150,9692,50,9694,100,9696,150
1703736,NASDAQ-GOLD,10025,50,10023,100,10021,150,10029,50,10031,100,10033,150
1703736,NASDAQ-HT,10454,30,10452,100,10450,150,10458,50,10460,100,10462,150
1703736,NASDAQ-INA,10753,50,10751,100,10749,150,10757,50,10759,100,10761,150
1703736,NASDAQ-KOTD,8625,21,8623,150,8621,200,8631,50,8633,100,8635,150
1703736,NASDAQ-NGUP,6412,29,6411,100,6410,150,6414,50,6415,100,6416,150
1703736,NASDAQ-SIMP,9949,50,9948,100,9947,150,9991,36,10003,36,10004,144
1703736,NASDAQ-ZITO,7955,149,7954,200,7953,250,7959,50,7960,100,7961,150
1704061,NASDAQ-CARD,10125,50,10124,100,10123,150,10129,7,10130,200,10131,250
1704061,NASDAQ-DLKV,10084,95,10082,250,10068,20,10094,50,10096,100,10098,150
1704061,NASDAQ-ETFB,11324,57,11286,60,11285,50,11450,55,11452,61,11481,57
1704061,NASDAQ-ETFB3,9613,50,9612,100,9611,150,9619,125,9651,15,9744,50
1704061,NASDAQ-FSR,9698,26,9696,250,9426,20,9708,50,9710,100,9712,150
1704061,NASDAQ-GOLD,10004,50,10002,100,10000,150,10010,50,10012,150,10014,200
1704061,NASDAQ-HT,10449,178,10447,250,10322,10,10459,50,10461,100,10463,150
1704061,NASDAQ-INA,10812,45,10810,150,10808,200,10818,50,10820,100,10822,150
1704061,NASDAQ-KOTD,8613,20,8604,50,8602,100,8614,200,8616,250,8617,20
1704061,NASDAQ-NGUP,6406,200,6405,250,6368,20,6411,30,6412,100,6413,150
1704061,NASDAQ-SIMP,9942,50,9941,100,9940,150,9945,78,9946,150,9947,200
1704061,NASDAQ-ZITO,7967,21,7966,200,7965,250,7971,50,7972,100,7973,150
1704370,NASDAQ-CARD,10150,50,10149,100,10148,150,10152,50,10153,100,10154,150
1704370,NASDAQ-DLKV,10078,50,10076,100,10074,150,10082,50,10084,100,10086,150
1704370,NASDAQ-ETFB,11286,60,11285,50,11283,100,11289,50,11291,100,11293,150
1704370,NASDAQ-ETFB3,9632,45,9631,100,9630,150,9634,50,9635,100,9636,150
1704370,NASDAQ-FSR,9711,97,9709,150,9707,200,9717,50,9719,100,9721,150
1704370,NASDAQ-GOLD,9994,50,9993,100,9992,150,9996,50,9997,100,9998,150
1704370,NASDAQ-HT,10437,50,10435,100,10433,150,10441,50,10443,100,10445,150
1704370,NASDAQ-INA,10845,30,10843,150,10841,200,10851,50,10853,100,10855,150
1704370,NASDAQ-KOTD,8592,50,8590,100,8588,150,8596,50,8598,100,8600,150
1704370,NASDAQ-NGUP,6407,50,6406,100,6405,150,6409,50,6410,100,6411,150
1704370,NASDAQ-SIMP,9950,120,9949,200,9948,250,9954,50,9955,100,9956,150
1704370,NASDAQ-ZITO,7956,50,7955,100,7954,150,7958,50,7959,100,7960,150
1704519,NASDAQ-CARD,10152,50,10151,100,10150,150,10154,50,10155,100,10156,150
1704519,NASDAQ-DLKV,10088,50,10086,100,10084,150,10092,50,10094,120,10096,150
1704519,NASDAQ-ETFB,11298,50,11296,100,11294,150,11302,50,11304,100,11306,150
1704519,NASDAQ-ETFB3,9632,50,9631,100,9630,150,9635,100,9636,150,9637,200
1704519,NASDAQ-FSR,9706,50,9704,100,9702,150,9712,100,9714,150,9716,200
1704519,NASDAQ-GOLD,9982,20,9981,50,9980,100,9983,50,9984,100,9985,150
1704519,NASDAQ-HT,10438,50,10436,100,10434,150,10442,50,10444,100,10446,150
1704519,NASDAQ-INA,10862,100,10860,150,10858,200,10868,50,10870,100,10872,150
1704519,NASDAQ-KOTD,8589,50,8587,100,8585,150,8593,50,8595,100,8597,150
1704519,NASDAQ-NGUP,6425,50,6424,100,6423,150,6427,50,6428,100,6429,150
1704519,NASDAQ-SIMP,9967,14,9966,100,9965,150,9969,50,9970,100,9971,150
1704519,NASDAQ-ZITO,7937,50,7936,100,7935,170,7940,75,7941,150,7942,200
1704801,NASDAQ-CARD,10151,25,10150,100,10149,150,10153,50,10154,100,10155,150
1704801,NASDAQ-DLKV,10079,100,10077,150,10075,200,10084,100,10085,50,10087,100
1704801,NASDAQ-ETFB,11298,46,11296,100,11294,150,11304,45,11306,150,11308,200
1704801,NASDAQ-ETFB3,9707,35,9706,100,9705,150,9709,50,9710,100,9711,150
1704801,NASDAQ-FSR,9664,50,9662,100,9660,150,9668,30,9670,100,9672,150
1704801,NASDAQ-GOLD,10025,75,10023,150,10021,200,10031,50,10033,100,10035,150
1704801,NASDAQ-HT,10437,50,10435,100,10433,150,10441,80,10443,100,10445,150
1704801,NASDAQ-INA,10838,50,10836,100,10834,150,10842,50,10844,100,10846,150
1704801,NASDAQ-KOTD,8568,50,8566,100,8564,150,8572,50,8574,100,8576,150
1704801,NASDAQ-NGUP,6393,50,6392,100,6391,163,6395,50,6396,100,6397,150
1704801,NASDAQ-SIMP,9949,50,9948,100,9947,150,9951,14,9952,100,9953,150
1704801,NASDAQ-ZITO,7912,50,7911,100,7910,150,7914,30,7915,100,7916,150
1705054,NASDAQ-CARD,10098,50,10097,100,10096,150,10100,50,10101,100,10102,150
1705054,NASDAQ-DLKV,10036,50,10034,100,10032,150,10040,50,10042,100,10044,150
1705054,NASDAQ-ETFB,11320,50,11318,100,11316,150,11324,50,11326,100,11328,150
1705054,NASDAQ-ETFB3,9707,15,9706,100,9705,150,9711,87,9712,200,9713,250
1705054,NASDAQ-FSR,9698,50,9696,100,9694,150,9702,50,9704,100,9705,10
1705054,NASDAQ-GOLD,10048,49,10046,100,10044,150,10052,60,10054,100,10056,150
1705054,NASDAQ-HT,10456,100,10454,150,10452,200,10462,50,10464,100,10466,150
1705054,NASDAQ-INA,10835,100,10833,150,10831,200,10841,50,10843,100,10845,150
1705054,NASDAQ-KOTD,8592,120,8590,200,8588,250,8600,50,8602,144,8604,150
1705054,NASDAQ-NGUP,6397,50,6396,100,6395,150,6399,50,6400,100,6401,150
1705054,NASDAQ-SIMP,9949,51,9948,250,9906,36,9955,100,9956,150,9957,200
1705054,NASDAQ-ZITO,7934,50,7933,100,7932,150,7936,50,7937,100,7938,150
1705341,NASDAQ-CARD,10092,200,10091,250,9996,80,10100,199,10101,250,10414,36
1705341,NASDAQ-DLKV,10025,50,10023,100,10021,150,10035,170,10037,250,10038,30
1705341,NASDAQ-ETFB,11403,96,11401,150,11399,200,11409,50,11411,100,11413,150
1705341,NASDAQ-ETFB3,9785,70,9784,150,9783,200,9788,50,9789,100,9790,150
1705341,NASDAQ-FSR,9705,60,9703,150,9701,200,9711,80,9713,100,9715,150
1705341,NASDAQ-GOLD,10036,50,10034,100,10032,150,10042,64,10044,150,10046,200
1705341,NASDAQ-HT,10456,30,10451,50,10449,100,10457,50,10459,150,10460,30
1705341,NASDAQ-INA,10828,50,10826,100,10824,150,10832,26,10834,100,10836,150
1705341,NASDAQ-KOTD,8576,20,8574,50,8572,100,8578,20,8580,100,8582,150
1705341,NASDAQ-NGUP,6403,50,6402,100,6401,150,6405,50,6406,100,6407,150
1705341,NASDAQ-SIMP,9971,163,9970,250,9950,30,9976,50,9977,100,9978,150
1705341,NASDAQ-ZITO,7904,50,7903,100,7902,150,7909,190,7910,250,8001,50
1705580,NASDAQ-CARD,10102,82,10100,160,10093,4,10108,50,10109,100,10110,150
1705580,NASDAQ-DLKV,10024,3,10022,200,10021,20,10029,20,10032,50,10034,100
1705580,NASDAQ-ETFB,11427,47,11425,100,11423,150,11431,50,11433,100,11435,150
1705580,NASDAQ-ETFB3,9785,80,9784,150,9783,200,9791,176,9792,250,9793,50
1705580,NASDAQ-FSR,9677,50,9675,100,9673,150,9681,22,9683,100,9685,150
1705580,NASDAQ-GOLD,10046,5,10044,100,10042,150,10050,50,10051,30,10052,100
1705580,NASDAQ-HT,10496,65,10494,150,10492,200,10497,13,10502,50,10504,100
1705580,NASDAQ-INA,10808,30,10806,120,10804,150,10816,13,10818,200,10820,250
1705580,NASDAQ-KOTD,8577,180,8575,250,8540,10,8587,50,8589,100,8591,150
1705580,NASDAQ-NGUP,6399,50,6398,100,6397,150,6402,90,6403,150,6404,200
1705580,NASDAQ-SIMP,9942,50,9941,100,9940,150,9947,15,9948,250,9990,36
1705580,NASDAQ-ZITO,7894,30,7893,100,7892,150,7897,90,7898,150,7899,200
1705846,NASDAQ-CARD,10083,50,10082,100,10081,150,10087,32,10088,200,10089,250
1705846,NASDAQ-DLKV,10017,50,10015,100,10013,150,10023,100,10025,150,10027,230
1705846,NASDAQ-ETFB,11464,79,11462,150,11460,200,11470,50,11472,100,11474,150
1705846,NASDAQ-ETFB3,9820,140,9819,200,9818,250,9824,50,9825,100,9826,150
1705846,NASDAQ-FSR,9631,50,9629,100,9627,150,9639,40,9641,200,9643,250
1705846,NASDAQ-GOLD,10039,50,10037,100,10035,150,10043,20,10045,100,10047,150
1705846,NASDAQ-HT,10493,50,10491,100,10489,150,10497,50,10499,100,10501,150
1705846,NASDAQ-INA,10819,10,10817,200,10815,250,10827,50,10829,100,10831,150
1705846,NASDAQ-KOTD,8590,40,8588,200,8586,250,8598,80,8600,100,8602,194
1705846,NASDAQ-NGUP,6398,100,6397,150,6396,200,6401,60,6402,100,6403,150
1705846,NASDAQ-SIMP,9942,198,9941,250,9906,36,9950,198,9951,250,9975,36
1705846,NASDAQ-ZITO,7884,70,7883,100,7882,150,7886,20,7887,100,7888,150
1706121,NASDAQ-CARD,9955,50,9954,100,9953,150,9959,65,9960,200,9961,250
1706121,NASDAQ-DLKV,10027,110,10023,76,10021,150,10029,66,10031,100,10033,150
1706121,NASDAQ-ETFB,11485,42,11483,200,11481,250,11493,50,11495,100,11497,150
1706121,NASDAQ-ETFB3,9818,39,9792,10,9713,78,9824,50,9825,100,9826,150
1706121,NASDAQ-FSR,9683,30,9681,100,9679,150,9687,50,9689,100,9691,150
1706121,NASDAQ-GOLD,10031,20,10028,50,10026,100,10032,30,10034,100,10036,170
1706121,NASDAQ-HT,10512,137,10510,200,10508,250,10520,50,10522,100,10524,150
1706121,NASDAQ-INA,10834,30,10832,150,10831,140,10839,30,10840,50,10842,100
1706121,NASDAQ-KOTD,8595,10,8593,100,8591,150,8601,10,8603,150,8605,200
1706121,NASDAQ-NGUP,6411,40,6410,100,6409,150,6413,50,6414,100,6415,150
1706121,NASDAQ-SIMP,9941,18,9940,150,9939,200,9990,36,9991,28,10003,36
1706121,NASDAQ-ZITO,7896,50,7895,100,7894,150,7898,50,7899,100,7900,150
1706433,NASDAQ-CARD,9955,15,9949,50,9948,100,9957,30,10083,30,10085,20
1706433,NASDAQ-DLKV,10015,50,10013,100,10012,20,10021,65,10023,150,10025,200
1706433,NASDAQ-ETFB,11485,114,11483,200,11481,250,11494,58,11497,46,11499,200
1706433,NASDAQ-ETFB3,9820,129,9819,200,9818,250,9824,50,9825,100,9826,150
1706433,NASDAQ-FSR,9720,36,9718,150,9716,200,9726,50,9728,100,9730,150
1706433,NASDAQ-GOLD,10065,30,10063,100,10061,150,10069,50,10071,100,10073,150
1706433,NASDAQ-HT,10495,40,10493,100,10491,150,10499,20,10501,100,10503,150
1706433,NASDAQ-INA,10853,30,10851,150,10849,200,10859,50,10861,100,10863,150
1706433,NASDAQ-KOTD,8628,40,8626,100,8624,150,8632,50,8634,100,8636,150
1706433,NASDAQ-NGUP,6409,50,6408,100,6407,150,6411,50,6412,100,6413,150
1706433,NASDAQ-SIMP,9926,50,9925,100,9924,150,9929,50,9930,150,9931,200
1706433,NASDAQ-ZITO,7904,40,7903,100,7902,150,7906,50,7907,100,7908,150
1706716,NASDAQ-CARD,9956,54,9955,150,9954,200,9960,90,9961,150,9962,200
1706716,NASDAQ-DLKV,10034,150,10032,200,10030,250,10042,50,10044,100,10046,150
1706716,NASDAQ-ETFB,11487,195,11485,250,11484,58,11501,1,11503,200,11505,250
1706716,NASDAQ-ETFB3,9836,185,9835,250,9824,206,9840,45,9841,50,9842,150
1706716,NASDAQ-FSR,9727,97,9725,200,9723,250,9735,50,9737,100,9739,150
1706716,NASDAQ-GOLD,10043,50,10041,100,10039,150,10049,100,10051,150,10053,200
1706716,NASDAQ-HT,10496,33,10495,30,10494,100,10497,30,10500,50,10502,100
1706716,NASDAQ-INA,10824,50,10822,100,10820,150,10830,30,10832,150,10834,200
1706716,NASDAQ-KOTD,8623,30,8621,150,8619,200,8629,20,8631,100,8633,150
1706716,NASDAQ-NGUP,6424,149,6423,250,6391,13,6429,50,6430,102,6431,150
1706716,NASDAQ-SIMP,9926,31,9925,200,9924,250,9930,49,9931,100,9932,150
1706716,NASDAQ-ZITO,7920,50,7919,100,7918,150,7922,50,7923,100,7924,150
1706980,NASDAQ-CARD,9825,20,9823,50,9822,100,10083,30,10085,20,10101,10
1706980,NASDAQ-DLKV,9994,50,9993,100,9992,150,9997,83,9998,150,9999,200
1706980,NASDAQ-ETFB,11526,93,11524,150,11522,200,11532,50,11534,100,11536,150
1706980,NASDAQ-ETFB3,9824,56,9821,50,9820,100,9825,150,9826,200,9827,250
1706980,NASDAQ-FSR,9745,3,9743,150,9741,200,9751,50,9753,100,9755,150
1706980,NASDAQ-GOLD,10069,55,10067,150,10065,200,10075,50,10077,100,10079,150
1706980,NASDAQ-HT,10497,20,10495,100,10493,150,10505,150,10507,200,10509,250
1706980,NASDAQ-INA,10811,50,10809,100,10808,30,10817,33,10819,150,10821,200
1706980,NASDAQ-KOTD,8626,20,8624,100,8622,150,8630,50,8632,100,8634,150
1706980,NASDAQ-NGUP,6421,200,6420,250,6409,20,6426,50,6427,100,6428,150
1706980,NASDAQ-SIMP,9941,75,9940,250,9927,36,9943,20,9946,50,9947,100
1706980,NASDAQ-ZITO,7910,50,7909,100,7908,150,7913,83,7914,150,7915,200
1707275,NASDAQ-CARD,9814,50,9813,100,9812,150,9818,111,9819,200,9820,250
1707275,NASDAQ-DLKV,10036,20,10034,100,10032,150,10040,50,10042,100,10044,150
1707275,NASDAQ-ETFB,11517,50,11515,100,11513,150,11523,93,11525,150,11526,30
1707275,NASDAQ-ETFB3,9823,100,9822,150,9821,200,9826,50,9827,100,9828,150
1707275,NASDAQ-FSR,9714,50,9712,100,9710,150,9718,20,9720,100,9722,150
1707275,NASDAQ-GOLD,10042,50,10040,100,10038,150,10046,40,10048,100,10050,150
1707275,NASDAQ-HT,10511,15,10509,100,10507,150,10515,50,10517,100,10518,30
1707275,NASDAQ-INA,10854,40,10852,150,10850,200,10857,30,10860,50,10862,100
1707275,NASDAQ-KOTD,8667,100,8665,150,8663,200,8673,50,8675,100,8677,150
1707275,NASDAQ-NGUP,6423,50,6422,130,6421,150,6425,80,6426,100,6427,150
1707275,NASDAQ-SIMP,9911,50,9910,100,9909,150,9917,66,9943,20,9949,36
1707275,NASDAQ-ZITO,7917,50,7916,100,7915,150,7919,50,7920,100,7921,150
1707524,NASDAQ-CARD,9824,123,9823,250,9780,200,9829,50,9830,100,9831,150
1707524,NASDAQ-DLKV,10027,50,10025,100,10023,150,10031,50,10032,1,10033,100
1707524,NASDAQ-ETFB,11506,50,11504,100,11502,150,11516,7,11518,250,11524,56
1707524,NASDAQ-ETFB3,9799,50,9798,100,9797,150,9802,73,9803,150,9804,200
1707524,NASDAQ-FSR,9712,150,9710,200,9708,250,9720,50,9722,100,9724,150
1707524,NASDAQ-GOLD,10105,100,10103,150,10101,200,10111,50,10113,100,10115,160
1707524,NASDAQ-HT,10520,17,10518,100,10516,150,10524,50,10526,100,10528,150
1707524,NASDAQ-INA,10812,50,10811,30,10810,100,10816,50,10818,100,10820,150
1707524,NASDAQ-KOTD,8650,50,8648,100,8646,150,8654,50,8656,100,8658,150
1707524,NASDAQ-NGUP,6432,50,6431,100,6430,150,6434,50,6435,100,6436,150
1707524,NASDAQ-SIMP,9939,104,9938,250,9912,36,9946,40,9947,200,9948,250
1707524,NASDAQ-ZITO,7911,50,7910,100,7909,150,7913,23,7914,100,7915,150
1707810,NASDAQ-CARD,9836,50,9835,100,9834,150,9838,50,9839,100,9840,150
1707810,NASDAQ-DLKV,10022,28,10020,150,10018,200,10028,50,10029,30,10030,100
1707810,NASDAQ-ETFB,11495,50,11493,100,11491,150,11505,181,11507,250,11524,56
1707810,NASDAQ-ETFB3,9804,53,9803,100,9802,150,9806,50,9807,100,9808,150
1707810,NASDAQ-FSR,9665,50,9663,100,9661,150,9671,80,9673,150,9675,200
1707810,NASDAQ-GOLD,10092,50,10090,100,10088,150,10096,50,10098,100,10100,150
1707810,NASDAQ-HT,10498,50,10497,30,10496,100,10508,10,10510,250,10522,30
1707810,NASDAQ-INA,10824,9,10822,150,10820,200,10830,50,10832,100,10834,150
1707810,NASDAQ-KOTD,8652,98,8651,30,8650,150,8658,50,8660,100,8662,150
1707810,NASDAQ-NGUP,6419,50,6418,100,6417,150,6421,20,6422,100,6423,150
1707810,NASDAQ-SIMP,9906,22,9905,94,9904,100,9911,229,9945,36,9946,30
1707810,NASDAQ-ZITO,7929,50,7928,100,7927,150,7931,50,7932,100,7933,150
1708138,NASDAQ-CARD,10085,99,10084,150,10083,200,10088,50,10089,100,10090,150
1708138,NASDAQ-DLKV,10011,50,10009,100,10007,150,10015,50,10017,100,10018,1
1708138,NASDAQ-ETFB,11491,150,11489,200,11487,250,11505,150,11506,55,11507,250
1708138,NASDAQ-ETFB3,9802,150,9801,200,9800,250,9806,50,9807,100,9808,150
1708138,NASDAQ-FSR,9662,100,9660,150,9658,200,9668,10,9670,100,9672,150
1708138,NASDAQ-GOLD,10079,50,10077,100,10075,150,10083,50,10085,100,10087,150
1708138,NASDAQ-HT,10504,50,10502,150,10500,200,10510,50,10512,100,10514,150
1708138,NASDAQ-INA,10918,95,10916,250,10812,30,10928,50,10930,100,10932,150
1708138,NASDAQ-KOTD,8665,49,8663,100,8661,150,8669,50,8671,100,8673,150
1708138,NASDAQ-NGUP,6410,50,6409,120,6408,150,6412,50,6413,100,6414,150
1708138,NASDAQ-SIMP,9930,140,9929,250,9906,19,9937,118,9938,200,9939,250
1708138,NASDAQ-ZITO,7912,50,7911,100,7910,150,7914,50,7915,100,7916,150
1708428,NASDAQ-CARD,10067,50,10066,100,10065,170,10069,32,10070,100,10071,150
1708428,NASDAQ-DLKV,9995,50,9994,100,9993,150,9997,20,9998,100,9999,150
1708428,NASDAQ-ETFB,11509,87,11507,200,11505,250,11517,50,11519,100,11521,150
1708428,NASDAQ-ETFB3,9825,11,9824,150,9823,200,9828,50,9829,100,9830,150
1708428,NASDAQ-FSR,9666,170,9664,250,9662,10,9676,50,9678,100,9680,150
1708428,NASDAQ-GOLD,10044,50,10042,100,10040,150,10048,35,10050,100,10052,150
1708428,NASDAQ-HT,10483,50,10481,100,10479,150,10487,20,10489,100,10491,150
1708428,NASDAQ-INA,10908,13,10906,50,10904,100,10910,20,10912,100,10914,150
1708428,NASDAQ-KOTD,8677,13,8675,100,8673,150,8681,70,8683,100,8685,150
1708428,NASDAQ-NGUP,6427,50,6426,100,6425,150,6429,50,6430,100,6431,150
1708428,NASDAQ-SIMP,9924,50,9923,100,9922,150,9930,229,9936,30,9945,36
1708428,NASDAQ-ZITO,7925,50,7924,100,7923,150,7927,50,7928,100,7929,150
1708688,NASDAQ-CARD,10091,148,9838,30,9780,200,10097,50,10098,100,10099,150
1708688,NASDAQ-DLKV,9964,50,9963,100,9962,150,9966,30,9967,100,9968,150
1708688,NASDAQ-ETFB,11542,94,11540,150,11538,200,11548,50,11550,100,11552,150
1708688,NASDAQ-ETFB3,9842,80,9841,250,9830,3,9845,55,9847,50,9848,100
1708688,NASDAQ-FSR,9632,50,9630,100,9628,150,9636,30,9638,100,9640,150
1708688,NASDAQ-GOLD,10041,50,10039,100,10037,150,10045,50,10047,100,10049,150
1708688,NASDAQ-HT,10491,90,10489,200,10487,250,10499,50,10501,100,10503,150
1708688,NASDAQ-INA,10812,30,10811,30,10808,30,10916,20,10919,50,10921,100
1708688,NASDAQ-KOTD,8677,49,8675,100,8673,150,8681,50,8683,100,8685,150
1708688,NASDAQ-NGUP,6432,150,6431,200,6430,250,6436,50,6437,100,6438,150
1708688,NASDAQ-SIMP,9912,50,9911,100,9910,150,9916,47,9917,200,9918,250
1708688,NASDAQ-ZITO,7939,50,7938,100,7937,150,7941,50,7942,100,7943,150
1708996,NASDAQ-CARD,10000,50,9999,100,9998,150,10002,30,10003,100,10004,150
1708996,NASDAQ-DLKV,10000,49,9998,100,9996,150,10004,50,10006,100,10007,7
1708996,NASDAQ-ETFB,11544,56,11542,250,11541,56,11556,100,11558,150,11560,200
1708996,NASDAQ-ETFB3,9829,9,9828,100,9827,150,9830,33,9831,50,9832,100
1708996,NASDAQ-FSR,9671,20,9669,100,9667,150,9675,50,9677,100,9679,150
1708996,NASDAQ-GOLD,10020,20,10017,50,10015,100,10027,180,10029,250,10038,20
1708996,NASDAQ-HT,10490,50,10488,100,10486,150,10496,70,10497,30,10498,150
1708996,NASDAQ-INA,10965,120,10963,200,10961,250,10973,50,10975,100,10977,150
1708996,NASDAQ-KOTD,8711,50,8709,100,8707,150,8715,50,8717,100,8719,150
1708996,NASDAQ-NGUP,6458,19,6457,100,6456,150,6460,52,6461,100,6462,153
1708996,NASDAQ-SIMP,9929,112,9928,200,9927,250,9933,50,9934,100,9935,150
1708996,NASDAQ-ZITO,7936,50,7935,100,7934,150,7942,144,8001,50,8008,50
1709312,NASDAQ-CARD,9995,50,9994,100,9993,150,10000,190,10001,250,10101,10
1709312,NASDAQ-DLKV,9982,50,9981,100,9980,150,9986,150,9987,200,9988,250
1709312,NASDAQ-ETFB,11540,50,11538,100,11536,150,11548,104,11550,200,11552,250
1709312,NASDAQ-ETFB3,9836,41,9835,150,9834,200,9839,50,9840,100,9841,160
1709312,NASDAQ-FSR,9700,50,9698,100,9696,150,9704,50,9706,100,9708,150
1709312,NASDAQ-GOLD,10053,10,10051,100,10049,150,10057,50,10059,100,10061,150
1709312,NASDAQ-HT,10513,160,10511,250,10490,10,10522,30,10523,50,10525,100
1709312,NASDAQ-INA,10921,11,10811,30,10808,30,10964,10,10982,50,10984,100
1709312,NASDAQ-KOTD,8685,61,8683,100,8681,150,8691,40,8693,150,8695,200
1709312,NASDAQ-NGUP,6455,50,6454,100,6453,150,6458,90,6459,150,6460,203
1709312,NASDAQ-SIMP,9918,30,9917,100,9916,150,9920,20,9921,100,9922,150
1709312,NASDAQ-ZITO,7947,50,7946,100,7945,150,7949,50,7950,100,7951,150
1709591,NASDAQ-CARD,9991,50,9990,100,9989,150,9995,39,9996,200,9997,250
1709591,NASDAQ-DLKV,10013,19,10011,100,10009,150,10017,50,10018,1,10019,100
1709591,NASDAQ-ETFB,11540,50,11539,56,11538,100,11552,34,11557,56,11604,59
1709591,NASDAQ-ETFB3,9824,50,9823,100,9822,150,9829,74,9830,250,9835,10
1709591,NASDAQ-FSR,9703,50,9701,100,9700,30,9707,50,9709,100,9711,160
1709591,NASDAQ-GOLD,10059,137,10057,200,10055,250,10067,50,10069,100,10071,150
1709591,NASDAQ-HT,10464,50,10462,100,10460,150,10472,40,10474,200,10476,250
1709591,NASDAQ-INA,10927,17,10925,150,10923,200,10935,90,10937,150,10939,200
1709591,NASDAQ-KOTD,8667,70,8666,30,8665,100,8673,60,8675,150,8677,200
1709591,NASDAQ-NGUP,6459,67,6458,150,6457,230,6462,53,6463,100,6464,150
1709591,NASDAQ-SIMP,9941,177,9940,250,9930,36,9946,50,9947,100,9948,150
1709591,NASDAQ-ZITO,7953,50,7952,100,7951,150,7955,50,7956,100,7957,150
1709851,NASDAQ-CARD,9999,45,9998,150,9997,200,10002,50,10003,100,10004,150
1709851,NASDAQ-DLKV,10046,17,10044,100,10042,150,10050,50,10052,100,10054,150
1709851,NASDAQ-ETFB,11538,100,11536,150,11534,200,11546,60,11548,150,11550,200
1709851,NASDAQ-ETFB3,9846,106,9845,250,9835,6,9851,50,9852,100,9853,150
1709851,NASDAQ-FSR,9701,100,9699,150,9697,200,9713,160,9715,250,9718,30
1709851,NASDAQ-GOLD,10007,50,10005,100,10003,150,10013,30,10015,150,10017,200
1709851,NASDAQ-HT,10493,100,10491,250,10456,5,10503,50,10505,100,10507,150
1709851,NASDAQ-INA,10923,248,10919,19,10811,30,10935,50,10937,100,10939,150
1709851,NASDAQ-KOTD,8672,127,8670,200,8668,250,8680,50,8681,1,8682,100
1709851,NASDAQ-NGUP,6473,93,6472,150,6471,200,6476,50,6477,102,6478,150
1709851,NASDAQ-SIMP,9946,247,9878,214,9877,108,9952,50,9953,100,9954,150
1709851,NASDAQ-ZITO,7915,50,7914,150,7913,150,7918,13,7919,150,7920,200
1710074,NASDAQ-CARD,9755,50,9754,100,9753,150,9760,182,9761,250,9999,60
1710074,NASDAQ-DLKV,10056,85,10054,150,10052,200,10062,50,10064,100,10066,150
1710074,NASDAQ-ETFB,11559,30,11557,200,11555,250,11567,50,11569,100,11571,150
1710074,NASDAQ-ETFB3,9835,26,9834,150,9833,200,9841,92,9842,250,9845,10
1710074,NASDAQ-FSR,9682,50,9680,100,9678,170,9688,120,9690,150,9692,200
1710074,NASDAQ-GOLD,9982,70,9981,100,9980,150,9984,20,9985,100,9986,150
1710074,NASDAQ-HT,10499,50,10497,100,10495,150,10509,200,10511,250,10517,20
1710074,NASDAQ-INA,10923,92,10921,250,10919,19,10933,80,10935,120,10937,150
1710074,NASDAQ-KOTD,8705,65,8703,150,8701,200,8711,50,8713,100,8715,180
1710074,NASDAQ-NGUP,6466,150,6465,200,6464,250,6471,50,6472,150,6473,200
1710074,NASDAQ-SIMP,9951,242,9946,30,9878,214,9957,50,9958,100,9959,150
1710074,NASDAQ-ZITO,7933,30,7932,100,7931,150,7935,50,7936,100,7937,150
1710298,NASDAQ-CARD,9748,50,9747,100,9746,150,9754,245,9999,60,10000,20
1710298,NASDAQ-DLKV,10051,50,10049,100,10047,150,10055,46,10057,100,10059,150
1710298,NASDAQ-ETFB,11575,88,11573,250,11546,50,11585,50,11587,100,11589,150
1710298,NASDAQ-ETFB3,9854,100,9853,200,9852,250,9858,50,9859,100,9860,150
1710298,NASDAQ-FSR,9714,20,9712,100,9710,150,9718,80,9720,100,9722,150
1710298,NASDAQ-GOLD,9968,50,9967,100,9966,150,9970,30,9971,100,9972,150
1710298,NASDAQ-HT,10507,50,10505,100,10503,150,10511,50,10513,100,10515,150
1710298,NASDAQ-INA,10937,123,10935,250,10919,19,10947,50,10949,100,10951,150
1710298,NASDAQ-KOTD,8680,80,8677,50,8675,100,8681,50,8683,100,8685,150
1710298,NASDAQ-NGUP,6477,10,6476,100,6475,150,6479,51,6480,100,6481,150
1710298,NASDAQ-SIMP,9973,208,9878,214,9877,108,9979,50,9980,100,9981,150
1710298,NASDAQ-ZITO,7926,50,7925,100,7924,150,7928,20,7929,100,7930,150
1710564,NASDAQ-CARD,9718,50,9717,100,9716,150,9721,100,9722,150,9723,200
1710564,NASDAQ-DLKV,10049,99,10048,20,10047,150,10053,30,10055,49,10057,100
1710564,NASDAQ-ETFB,11546,50,11537,58,11490,55,11591,200,11593,250,11604,59
1710564,NASDAQ-ETFB3,9853,152,9845,18,9841,179,9862,148,9863,250,9920,32
1710564,NASDAQ-FSR,9696,50,9694,100,9692,150,9702,10,9704,150,9706,200
1710564,NASDAQ-GOLD,9964,200,9963,250,9957,20,9969,50,9970,100,9971,150
1710564,NASDAQ-HT,10470,50,10468,100,10466,150,10474,10,10476,100,10478,150
1710564,NASDAQ-INA,10930,39,10928,200,10926,250,10944,200,10946,250,10960,20
1710564,NASDAQ-KOTD,8697,39,8695,100,8693,150,8701,56,8703,100,8705,150
1710564,NASDAQ-NGUP,6466,50,6465,100,6464,150,6471,95,6472,250,6510,1
1710564,NASDAQ-SIMP,9960,12,9959,250,9878,214,9973,75,9978,102,9990,36
1710564,NASDAQ-ZITO,7925,50,7924,100,7923,150,7931,190,8001,50,8008,50
1710828,NASDAQ-CARD,9735,13,9734,150,9733,200,9738,50,9739,100,9740,150
1710828,NASDAQ-DLKV,10043,50,10041,100,10039,150,10047,40,10049,100,10051,150
1710828,NASDAQ-ETFB,11569,40,11567,150,11565,200,11575,50,11577,100,11579,150
1710828,NASDAQ-ETFB3,9853,62,9852,150,9851,200,9857,58,9858,150,9859,200
1710828,NASDAQ-FSR,9666,50,9664,100,9662,150,9672,80,9674,150,9676,200
1710828,NASDAQ-GOLD,9981,20,9980,100,9979,150,9983,50,9984,100,9985,150
1710828,NASDAQ-HT,10493,50,10491,100,10489,150,10497,50,10499,100,10501,150
1710828,NASDAQ-INA,10909,50,10907,100,10905,150,10913,40,10915,100,10917,150
1710828,NASDAQ-KOTD,8651,50,8649,100,8647,150,8659,60,8661,200,8663,250
1710828,NASDAQ-NGUP,6465,50,6464,100,6463,150,6467,50,6468,100,6469,150
1710828,NASDAQ-SIMP,9955,50,9954,100,9953,150,9957,50,9958,100,9959,150
1710828,NASDAQ-ZITO,7959,50,7958,100,7957,150,7961,50,7962,100,7963,150
1711099,NASDAQ-CARD,9662,50,9661,100,9660,150,9664,50,9665,100,9666,150
1711099,NASDAQ-DLKV,10077,89,10075,150,10073,200,10080,20,10083,50,10084,100
1711099,NASDAQ-ETFB,11563,50,11561,100,11559,150,11571,130,11573,200,11575,250
1711099,NASDAQ-ETFB3,9880,140,9879,200,9878,250,9884,50,9885,100,9886,150
1711099,NASDAQ-FSR,9687,20,9685,100,9683,150,9691,23,9693,100,9695,150
1711099,NASDAQ-GOLD,9934,50,9933,100,9932,150,9936,30,9937,100,9938,150
1711099,NASDAQ-HT,10556,85,10554,150,10552,200,10562,50,10564,100,10566,150
1711099,NASDAQ-INA,10908,50,10906,100,10904,150,10912,30,10914,100,10916,150
1711099,NASDAQ-KOTD,8711,20,8709,100,8707,150,8715,80,8717,100,8719,150
1711099,NASDAQ-NGUP,6467,50,6466,100,6465,150,6469,50,6470,100,6471,150
1711099,NASDAQ-SIMP,9933,50,9932,100,9931,150,9936,50,9937,150,9938,200
1711099,NASDAQ-ZITO,7948,50,7947,100,7946,150,7950,50,7951,100,7952,150
1711393,NASDAQ-CARD,9650,50,9649,100,9648,150,9654,80,9655,200,9656,250
1711393,NASDAQ-DLKV,10085,119,10083,200,10081,250,10091,30,10093,50,10094,20
1711393,NASDAQ-ETFB,11571,249,11570,50,11568,100,11572,18,11574,50,11576,100
1711393,NASDAQ-ETFB3,9878,200,9877,250,9857,179,9880,80,9883,50,9884,100
1711393,NASDAQ-FSR,9738,38,9736,100,9734,150,9742,50,9744,100,9745,50
1711393,NASDAQ-GOLD,9921,50,9920,100,9919,150,9923,50,9924,100,9925,150
1711393,NASDAQ-HT,10548,50,10546,100,10544,150,10552,50,10554,100,10556,150
1711393,NASDAQ-INA,10924,33,10922,150,10920,200,10930,50,10932,100,10934,150
1711393,NASDAQ-KOTD,8702,50,8700,120,8698,150,8708,70,8710,150,8712,200
1711393,NASDAQ-NGUP,6477,50,6476,100,6475,150,6479,50,6480,100,6481,150
1711393,NASDAQ-SIMP,9949,140,9948,250,9878,214,9954,50,9955,100,9956,150
1711393,NASDAQ-ZITO,7958,50,7957,100,7956,150,7960,50,7961,100,7962,150
1711691,NASDAQ-CARD,9682,20,9681,200,9680,250,9686,50,9687,100,9688,150
1711691,NASDAQ-DLKV,10110,59,10108,150,10106,200,10116,50,10118,100,10120,150
1711691,NASDAQ-ETFB,11590,50,11588,100,11586,150,11592,50,11594,50,11596,100
1711691,NASDAQ-ETFB3,9879,83,9878,200,9877,250,9885,147,9886,200,9887,250
1711691,NASDAQ-FSR,9765,90,9763,150,9761,200,9771,50,9773,100,9775,150
1711691,NASDAQ-GOLD,9891,50,9890,100,9889,150,9894,11,9895,150,9896,200
1711691,NASDAQ-HT,10551,70,10549,150,10548,30,10557,70,10559,100,10561,150
1711691,NASDAQ-INA,10934,48,10932,150,10930,200,10940,50,10942,100,10944,150
1711691,NASDAQ-KOTD,8729,20,8727,100,8725,150,8733,50,8735,100,8737,150
1711691,NASDAQ-NGUP,6497,70,6496,150,6495,200,6500,50,6501,100,6502,150
1711691,NASDAQ-SIMP,9949,30,9944,50,9943,100,9960,91,9973,70,9978,174
1711691,NASDAQ-ZITO,7957,100,7956,150,7955,200,7960,50,7961,100,7962,150
1712058,NASDAQ-CARD,9558,50,9557,100,9556,150,9561,93,9562,150,9563,200
1712058,NASDAQ-DLKV,10110,48,10108,150,10106,200,10116,50,10118,100,10120,150
1712058,NASDAQ-ETFB,11587,67,11585,150,11583,200,11599,70,11601,250,11604,59
1712058,NASDAQ-ETFB3,9876,49,9875,100,9874,150,9882,107,9920,32,10083,25
1712058,NASDAQ-FSR,9757,50,9755,100,9753,150,9819,45,9862,55,9878,55
1712058,NASDAQ-GOLD,9878,50,9877,100,9876,150,9880,50,9881,100,9882,150
1712058,NASDAQ-HT,10551,50,10549,100,10547,150,10557,76,10559,150,10561,200
1712058,NASDAQ-INA,10918,50,10916,100,10914,150,10922,50,10924,100,10926,150
1712058,NASDAQ-KOTD,8754,26,8752,100,8750,150,8758,50,8760,100,8762,150
1712058,NASDAQ-NGUP,6504,31,6503,100,6502,150,6506,50,6507,100,6508,150
1712058,NASDAQ-SIMP,9937,60,9936,100,9935,150,9940,9,9941,150,9942,200
1712058,NASDAQ-ZITO,7964,50,7963,100,7962,150,7966,50,7967,100,7968,150
1712374,NASDAQ-CARD,9556,150,9555,200,9554,250,9561,50,9562,150,9563,200
1712374,NASDAQ-DLKV,10134,39,10132,150,10130,200,10140,50,10142,100,10144,150
1712374,NASDAQ-ETFB,11585,150,11583,200,11581,250,11595,80,11597,150,11599,200
1712374,NASDAQ-ETFB3,9882,231,9881,150,9880,200,9885,41,9886,100,9887,150
1712374,NASDAQ-FSR,9733,50,9732,20,9731,100,9737,50,9739,100,9741,150
1712374,NASDAQ-GOLD,9866,50,9865,100,9864,150,9868,34,9869,100,9870,150
1712374,NASDAQ-HT,10546,50,10545,20,10544,100,10550,50,10552,100,10554,150
1712374,NASDAQ-INA,10906,19,10903,50,10901,100,10907,50,10909,100,10911,150
1712374,NASDAQ-KOTD,8719,50,8717,100,8715,150,8723,50,8725,100,8727,150
1712374,NASDAQ-NGUP,6504,40,6503,100,6502,150,6506,50,6507,100,6508,150
1712374,NASDAQ-SIMP,9948,50,9947,100,9946,150,9950,50,9951,100,9952,150
1712374,NASDAQ-ZITO,7951,50,7950,100,7949,150,7953,50,7954,100,7955,150
1712673,NASDAQ-CARD,9553,150,9552,200,9551,250,9557,50,9558,100,9559,150
1712673,NASDAQ-DLKV,10166,50,10164,100,10162,150,10170,50,10172,100,10174,150
1712673,NASDAQ-ETFB,11594,18,11592,200,11590,250,11602,50,11604,159,11606,150
1712673,NASDAQ-ETFB3,9894,41,9893,200,9892,250,9898,50,9899,100,9900,150
1712673,NASDAQ-FSR,9749,20,9747,100,9745,150,9753,50,9755,100,9757,150
1712673,NASDAQ-GOLD,9843,50,9842,100,9841,150,9845,50,9846,100,9847,150
1712673,NASDAQ-HT,10545,150,10543,200,10541,270,10553,50,10555,130,10557,150
1712673,NASDAQ-INA,10905,49,10903,100,10901,150,10906,80,10909,50,10911,100
1712673,NASDAQ-KOTD,8732,70,8730,150,8728,200,8738,50,8740,100,8742,150
1712673,NASDAQ-NGUP,6482,70,6481,100,6480,150,6484,50,6485,100,6486,150
1712673,NASDAQ-SIMP,9925,50,9924,100,9923,150,9930,150,9931,250,9978,174
1712673,NASDAQ-ZITO,7926,50,7925,100,7924,150,7928,30,7929,100,7930,150
1712962,NASDAQ-CARD,9535,50,9534,70,9533,100,9539,148,9540,250,9560,55
1712962,NASDAQ-DLKV,10159,50,10157,100,10155,150,10162,1,10163,50,10165,100
1712962,NASDAQ-ETFB,11601,169,11599,250,11593,57,11611,50,11613,100,11615,150
1712962,NASDAQ-ETFB3,9894,126,9893,250,9882,179,9902,93,9903,250,9920,32
1712962,NASDAQ-FSR,9749,50,9747,100,9745,150,9759,106,9761,250,9819,45
1712962,NASDAQ-GOLD,9835,50,9834,100,9833,150,9837,50,9838,100,9839,150
1712962,NASDAQ-HT,10530,50,10528,100,10526,150,10534,30,10536,100,10538,150
1712962,NASDAQ-INA,10916,141,10811,30,10808,30,10928,50,10930,101,10932,150
1712962,NASDAQ-KOTD,8771,49,8769,100,8767,150,8775,50,8777,100,8779,150
1712962,NASDAQ-NGUP,6505,50,6504,100,6503,150,6507,50,6508,100,6509,150
1712962,NASDAQ-SIMP,9946,140,9945,250,9878,214,9954,95,9955,250,9978,174
1712962,NASDAQ-ZITO,7948,90,7947,150,7946,200,7951,50,7952,100,7953,150
1713288,NASDAQ-CARD,9600,100,9599,200,9598,250,9604,50,9605,100,9606,150
1713288,NASDAQ-DLKV,10178,37,10176,100,10174,150,10182,50,10184,100,10186,150
1713288,NASDAQ-ETFB,11600,150,11598,200,11596,250,11610,52,11612,150,11614,200
1713288,NASDAQ-ETFB3,9883,50,9882,279,9881,150,9886,48,9887,150,9888,200
1713288,NASDAQ-FSR,9779,50,9777,100,9775,150,9783,50,9785,100,9787,150
1713288,NASDAQ-GOLD,9836,50,9835,100,9834,150,9838,50,9839,100,9840,150
1713288,NASDAQ-HT,10528,50,10526,100,10525,20,10532,50,10534,100,10536,150
1713288,NASDAQ-INA,10811,27,10808,30,10806,20,10952,50,10954,100,10956,150
1713288,NASDAQ-KOTD,8813,32,8811,100,8809,150,8817,50,8819,100,8821,150
1713288,NASDAQ-NGUP,6548,49,6547,100,6546,150,6550,50,6551,100,6552,151
1713288,NASDAQ-SIMP,9937,50,9936,100,9935,150,9939,50,9940,100,9941,150
1713288,NASDAQ-ZITO,7954,50,7953,100,7952,150,7956,50,7957,100,7958,150
1713550,NASDAQ-CARD,9590,50,9589,100,9588,150,9592,15,9593,100,9594,150
1713550,NASDAQ-DLKV,10166,50,10164,100,10162,150,10170,30,10172,100,10174,163
1713550,NASDAQ-ETFB,11635,50,11633,100,11631,150,11639,50,11641,100,11643,150
1713550,NASDAQ-ETFB3,9920,20,9919,100,9918,150,9922,50,9923,100,9924,150
1713550,NASDAQ-FSR,9789,50,9787,100,9785,150,9793,50,9795,100,9797,150
1713550,NASDAQ-GOLD,9828,50,9827,100,9826,150,9830,50,9831,100,9832,150
1713550,NASDAQ-HT,10528,30,10522,50,10520,100,10532,30,10534,250,10590,22
1713550,NASDAQ-INA,10936,37,10934,100,10932,150,10942,100,10944,150,10946,200
1713550,NASDAQ-KOTD,8812,87,8810,150,8808,200,8818,50,8820,100,8822,150
1713550,NASDAQ-NGUP,6544,200,6543,250,6485,10,6549,50,6550,100,6551,150
1713550,NASDAQ-SIMP,9969,90,9968,250,9925,4,9974,50,9975,100,9976,150
1713550,NASDAQ-ZITO,7969,50,7968,100,7967,150,7971,50,7972,100,7973,150
1713872,NASDAQ-CARD,9584,50,9583,100,9582,150,9588,75,9589,200,9590,250
1713872,NASDAQ-DLKV,10169,47,10167,100,10165,150,10173,50,10174,13,10175,100
1713872,NASDAQ-ETFB,11627,150,11625,200,11623,250,11637,100,11639,150,11641,200
1713872,NASDAQ-ETFB3,9926,120,9925,250,9924,9,9931,41,9932,100,9933,150
1713872,NASDAQ-FSR,9765,50,9763,100,9761,150,9771,70,9773,150,9775,200
1713872,NASDAQ-GOLD,9811,50,9810,100,9809,150,9816,192,9817,250,9890,10
1713872,NASDAQ-HT,10493,50,10491,100,10489,150,10501,20,10503,200,10505,250
1713872,NASDAQ-INA,10909,50,10907,100,10905,150,10913,50,10915,100,10917,150
1713872,NASDAQ-KOTD,8819,140,8817,200,8815,250,8827,50,8829,100,8831,150
1713872,NASDAQ-NGUP,6555,150,6554,200,6553,250,6559,50,6560,100,6561,150
1713872,NASDAQ-SIMP,9973,50,9972,100,9971,150,9975,50,9976,100,9977,150
1713872,NASDAQ-ZITO,7954,50,7953,100,7952,150,7956,50,7957,100,7958,150
1714144,NASDAQ-CARD,9829,150,9828,200,9827,250,9833,50,9834,100,9835,150
1714144,NASDAQ-DLKV,10164,50,10162,100,10160,150,10165,1,10168,50,10170,100
1714144,NASDAQ-ETFB,11626,90,11599,60,11593,57,11640,99,11642,150,11644,200
1714144,NASDAQ-ETFB3,9925,183,9924,9,9888,39,9932,100,9933,150,9934,200
1714144,NASDAQ-FSR,9791,20,9789,100,9787,150,9795,50,9797,100,9799,150
1714144,NASDAQ-GOLD,9800,50,9799,100,9798,150,9802,50,9803,100,9804,150
1714144,NASDAQ-HT,10546,100,10544,150,10542,200,10552,50,10554,100,10556,150
1714144,NASDAQ-INA,10878,50,10876,100,10874,150,10888,170,10890,250,10905,1
1714144,NASDAQ-KOTD,8824,50,8822,100,8820,150,8828,50,8830,100,8832,150
1714144,NASDAQ-NGUP,6572,86,6571,150,6570,200,6574,20,6575,50,6576,100
1714144,NASDAQ-SIMP,9978,148,9977,250,9925,4,9983,50,9984,100,9985,150
1714144,NASDAQ-ZITO,7946,50,7945,100,7944,150,7951,140,7952,250,8001,50
1714487,NASDAQ-CARD,9825,50,9824,100,9823,150,9828,97,9829,150,9830,200
1714487,NASDAQ-DLKV,10177,35,10175,150,10173,200,10183,50,10185,100,10187,150
1714487,NASDAQ-ETFB,11652,132,11650,200,11648,250,11660,50,11662,100,11664,150
1714487,NASDAQ-ETFB3,9924,9,9923,50,9922,100,9926,33,9927,150,9928,200
1714487,NASDAQ-FSR,9774,50,9772,100,9770,150,9780,70,9782,150,9784,200
1714487,NASDAQ-GOLD,9793,50,9792,100,9791,150,9795,50,9796,100,9797,150
1714487,NASDAQ-HT,10526,50,10524,100,10522,150,10530,50,10532,100,10534,150
1714487,NASDAQ-INA,10898,59,10896,150,10894,200,10904,50,10905,1,10906,100
1714487,NASDAQ-KOTD,8825,19,8823,200,8821,250,8833,50,8835,100,8837,150
1714487,NASDAQ-NGUP,6580,194,6579,250,6556,30,6585,50,6586,100,6587,150
1714487,NASDAQ-SIMP,9976,100,9975,200,9974,200,9990,36,9991,28,10003,36
1714487,NASDAQ-ZITO,7938,50,7937,100,7936,150,7942,135,7943,200,7944,250
1714769,NASDAQ-CARD,9820,50,9819,100,9818,150,9823,63,9824,150,9825,200
1714769,NASDAQ-DLKV,10221,49,10219,100,10217,150,10225,50,10227,100,10229,150
1714769,NASDAQ-ETFB,11653,75,11651,250,11640,50,11667,69,11669,200,11671,250
1714769,NASDAQ-ETFB3,9930,52,9929,150,9928,203,9933,50,9934,100,9935,150
1714769,NASDAQ-FSR,9788,50,9786,100,9784,150,9792,50,9794,100,9796,150
1714769,NASDAQ-GOLD,9757,50,9756,100,9755,150,9761,150,9762,200,9763,250
1714769,NASDAQ-HT,10508,50,10506,100,10504,150,10512,20,10514,100,10516,150
1714769,NASDAQ-INA,10887,50,10885,100,10883,150,10895,121,10897,200,10899,250
1714769,NASDAQ-KOTD,8813,50,8811,100,8809,150,8819,50,8821,151,8823,200
1714769,NASDAQ-NGUP,6585,36,6584,200,6583,250,6589,50,6590,100,6591,150
1714769,NASDAQ-SIMP,9986,193,9985,250,9977,144,9993,108,9994,200,9995,250
1714769,NASDAQ-ZITO,7929,50,7928,100,7927,150,7931,50,7932,100,7933,150
1714908,NASDAQ-CARD,9842,100,9841,150,9840,200,9845,50,9846,100,9847,150
1714908,NASDAQ-DLKV,10222,83,10220,150,10218,200,10228,50,10230,100,10232,150
1714908,NASDAQ-ETFB,11659,50,11657,100,11655,150,11663,50,11665,100,11667,150
1714908,NASDAQ-ETFB3,9924,9,9923,50,9922,100,9928,150,9929,250,10083,25
1714908,NASDAQ-FSR,9802,50,9800,100,9798,150,9806,50,9808,100,9810,150
1714908,NASDAQ-GOLD,9759,100,9758,150,9757,200,9762,50,9763,100,9764,150
1714908,NASDAQ-HT,10531,20,10529,100,10527,150,10535,50,10537,100,10539,150
1714908,NASDAQ-INA,10901,56,10899,150,10897,200,10905,1,10907,50,10909,100
1714908,NASDAQ-KOTD,8830,45,8828,100,8826,150,8834,50,8836,100,8838,150
1714908,NASDAQ-NGUP,6583,25,6582,100,6581,150,6585,50,6586,100,6587,150
1714908,NASDAQ-SIMP,9978,50,9977,244,9976,180,9981,42,9982,150,9983,200
1714908,NASDAQ-ZITO,7927,50,7926,100,7925,150,7931,103,7932,200,7933,250
1715156,NASDAQ-CARD,9874,41,9873,150,9872,200,9877,50,9878,100,9879,150
1715156,NASDAQ-DLKV,10198,50,10196,100,10194,150,10202,50,10204,100,10206,150
1715156,NASDAQ-ETFB,11652,50,11651,58,11650,100,11656,50,11658,100,11660,150
1715156,NASDAQ-ETFB3,9973,50,9972,100,9971,150,9975,50,9976,100,9977,150
1715156,NASDAQ-FSR,9802,50,9800,100,9798,150,9806,5,9808,100,9810,150
1715156,NASDAQ-GOLD,9747,50,9746,100,9745,150,9749,50,9750,100,9751,150
1715156,NASDAQ-HT,10536,50,10534,100,10532,150,10540,50,10542,120,10544,150
1715156,NASDAQ-INA,10886,50,10884,100,10882,150,10890,50,10892,100,10894,150
1715156,NASDAQ-KOTD,8835,47,8834,80,8833,100,8839,50,8841,100,8843,150
1715156,NASDAQ-NGUP,6589,93,6588,150,6587,200,6592,50,6593,100,6594,150
1715156,NASDAQ-SIMP,9981,50,9980,100,9979,216,9983,44,9984,100,9985,150
1715156,NASDAQ-ZITO,7933,50,7932,100,7931,150,7935,50,7936,100,7937,150
1715424,NASDAQ-CARD,9871,50,9870,100,9869,150,9874,9,9875,150,9876,200
1715424,NASDAQ-DLKV,10217,50,10215,100,10213,150,10221,50,10223,100,10225,150
1715424,NASDAQ-ETFB,11670,42,11668,150,11666,200,11676,50,11678,100,11680,150
1715424,NASDAQ-ETFB3,9971,102,9970,200,9969,250,9975,50,9976,100,9977,150
1715424,NASDAQ-FSR,9781,50,9779,100,9777,150,9787,50,9789,150,9791,200
1715424,NASDAQ-GOLD,9745,50,9744,100,9743,150,9748,63,9749,150,9750,200
1715424,NASDAQ-HT,10558,50,10556,100,10554,150,10562,50,10564,100,10566,150
1715424,NASDAQ-INA,10874,50,10872,100,10870,150,10878,14,10880,100,10882,150
1715424,NASDAQ-KOTD,8834,130,8832,100,8830,150,8838,14,8840,100,8842,150
1715424,NASDAQ-NGUP,6585,50,6584,100,6583,150,6587,50,6588,100,6589,150
1715424,NASDAQ-SIMP,9952,50,9951,100,9950,150,9958,179,9980,144,9992,72
1715424,NASDAQ-ZITO,7919,50,7918,100,7917,150,7922,83,7923,150,7924,200
1715720,NASDAQ-CARD,9854,50,9853,100,9852,150,9856,41,9857,100,9858,150
1715720,NASDAQ-DLKV,10214,50,10212,100,10210,150,10218,50,10220,100,10222,150
1715720,NASDAQ-ETFB,11668,96,11666,200,11664,250,11678,100,11680,150,11682,200
1715720,NASDAQ-ETFB3,9973,24,9972,200,9971,250,9977,50,9978,100,9979,150
1715720,NASDAQ-FSR,9785,50,9783,100,9781,180,9789,50,9791,100,9793,150
1715720,NASDAQ-GOLD,9728,60,9727,100,9726,170,9731,58,9732,150,9733,200
1715720,NASDAQ-HT,10525,50,10523,100,10521,150,10531,53,10533,150,10535,200
1715720,NASDAQ-INA,10878,20,10876,100,10874,150,10880,20,10882,50,10884,100
1715720,NASDAQ-KOTD,8834,49,8832,100,8830,150,8838,50,8840,100,8842,150
1715720,NASDAQ-NGUP,6596,50,6595,100,6594,150,6598,50,6599,100,6600,150
1715720,NASDAQ-SIMP,9969,70,9968,150,9967,200,9973,100,9974,150,9975,200
1715720,NASDAQ-ZITO,7911,50,7910,100,7909,150,7913,50,7914,100,7915,150
1716018,NASDAQ-CARD,10040,22,10039,150,10038,200,10043,50,10044,100,10045,150
1716018,NASDAQ-DLKV,10199,50,10197,100,10195,150,10203,50,10205,100,10207,150
1716018,NASDAQ-ETFB,11672,50,11670,100,11668,150,11680,82,11682,200,11684,250
1716018,NASDAQ-ETFB3,9973,121,9972,200,9971,250,9977,50,9978,100,9979,150
1716018,NASDAQ-FSR,9749,30,9748,20,9746,50,9754,33,9756,200,9758,250
1716018,NASDAQ-GOLD,9732,14,9731,150,9730,200,9735,50,9736,100,9737,150
1716018,NASDAQ-HT,10541,50,10539,100,10537,150,10545,50,10547,100,10549,150
1716018,NASDAQ-INA,10873,50,10871,100,10869,150,10877,50,10879,100,10880,20
1716018,NASDAQ-KOTD,8799,50,8797,100,8795,150,8803,50,8805,100,8807,150
1716018,NASDAQ-NGUP,6584,50,6583,100,6582,150,6587,85,6588,150,6589,200
1716018,NASDAQ-SIMP,9968,150,9967,200,9966,250,9974,150,9975,200,9976,250
1716018,NASDAQ-ZITO,7907,50,7906,100,7905,150,7909,31,7910,100,7911,150
1716314,NASDAQ-CARD,10027,50,10026,100,10025,150,10029,30,10030,100,10031,150
1716314,NASDAQ-DLKV,10218,50,10216,100,10214,150,10222,50,10224,100,10226,150
1716314,NASDAQ-ETFB,11677,50,11675,100,11673,150,11685,150,11687,200,11689,250
1716314,NASDAQ-ETFB3,9946,50,9945,100,9944,150,9949,84,9950,150,9951,200
1716314,NASDAQ-FSR,9794,150,9792,200,9790,250,9802,50,9804,100,9806,150
1716314,NASDAQ-GOLD,9702,50,9701,100,9700,150,9707,137,9708,250,9722,20
1716314,NASDAQ-HT,10554,120,10533,20,10501,20,10566,50,10568,100,10570,150
1716314,NASDAQ-INA,10890,200,10888,250,10876,20,10900,50,10902,100,10904,150
1716314,NASDAQ-KOTD,8811,50,8809,100,8807,150,8815,50,8817,100,8819,150
1716314,NASDAQ-NGUP,6581,50,6580,100,6579,170,6584,100,6585,150,6586,200
1716314,NASDAQ-SIMP,9969,72,9967,50,9966,100,9971,100,9972,200,9973,322
1716314,NASDAQ-ZITO,7923,50,7922,100,7921,150,7925,50,7926,100,7927,150
1716609,NASDAQ-CARD,9856,60,9592,50,9589,10,10050,50,10051,100,10052,150
1716609,NASDAQ-DLKV,10204,50,10202,100,10200,150,10208,50,10210,100,10212,150
1716609,NASDAQ-ETFB,11683,50,11681,100,11679,150,11686,59,11693,200,11695,250
1716609,NASDAQ-ETFB3,9953,3,9952,200,9951,253,9957,50,9958,100,9959,150
1716609,NASDAQ-FSR,9760,50,9758,100,9756,150,9819,45,9862,55,9878,55
1716609,NASDAQ-GOLD,9668,50,9667,100,9666,150,9671,90,9672,150,9673,200
1716609,NASDAQ-HT,10570,92,10568,150,10566,200,10576,50,10578,100,10580,150
1716609,NASDAQ-INA,10879,49,10877,100,10875,150,10883,50,10885,100,10887,150
1716609,NASDAQ-KOTD,8826,99,8824,150,8822,200,8832,50,8834,100,8836,150
1716609,NASDAQ-NGUP,6564,50,6563,100,6562,150,6570,137,6602,1,6615,1
1716609,NASDAQ-SIMP,9985,78,9984,150,9983,200,9988,50,9989,100,9990,150
1716609,NASDAQ-ZITO,7934,100,7933,150,7932,200,7937,50,7938,100,7939,150
1716899,NASDAQ-CARD,10050,14,10049,50,10048,100,10054,200,10055,250,10101,10
1716899,NASDAQ-DLKV,10168,50,10166,100,10164,150,10172,30,10174,100,10176,150
1716899,NASDAQ-ETFB,11682,59,11679,150,11677,200,11695,241,11857,57,11903,59
1716899,NASDAQ-ETFB3,9986,135,9985,200,9984,250,9990,50,9991,100,9992,150
1716899,NASDAQ-FSR,9786,30,9784,100,9782,150,9790,25,9792,100,9794,150
1716899,NASDAQ-GOLD,9677,7,9676,150,9675,200,9680,50,9681,100,9682,150
1716899,NASDAQ-HT,10540,50,10538,100,10536,150,10546,53,10548,150,10550,200
1716899,NASDAQ-INA,10876,50,10874,100,10872,150,10880,50,10881,30,10882,100
1716899,NASDAQ-KOTD,8831,51,8829,150,8827,200,8837,50,8839,100,8841,150
1716899,NASDAQ-NGUP,6587,30,6586,150,6585,200,6590,50,6591,100,6592,150
1716899,NASDAQ-SIMP,9981,50,9980,100,9979,150,9985,27,9986,200,9987,250
1716899,NASDAQ-ZITO,7928,50,7927,100,7926,150,7932,129,7933,200,7934,250
1717213,NASDAQ-CARD,10054,60,9856,60,9592,50,10174,50,10175,100,10176,150
1717213,NASDAQ-DLKV,10205,40,10203,100,10201,150,10209,50,10211,100,10213,150
1717213,NASDAQ-ETFB,11727,89,11725,150,11723,200,11733,46,11735,100,11737,150
1717213,NASDAQ-ETFB3,9981,150,9951,3,9949,27,9987,50,9988,100,9989,150
1717213,NASDAQ-FSR,9808,50,9806,100,9804,150,9812,50,9814,100,9816,150
1717213,NASDAQ-GOLD,9663,50,9662,100,9661,150,9665,50,9666,100,9667,150
1717213,NASDAQ-HT,10561,200,10559,250,10533,20,10571,50,10573,100,10574,20
1717213,NASDAQ-INA,10892,50,10890,250,10811,20,10902,50,10904,100,10905,1
1717213,NASDAQ-KOTD,8876,50,8874,100,8872,150,8880,50,8882,100,8884,150
1717213,NASDAQ-NGUP,6602,50,6601,100,6600,150,6604,50,6605,100,6606,150
1717213,NASDAQ-SIMP,9970,50,9969,172,9968,150,9973,59,9974,150,9975,200
1717213,NASDAQ-ZITO,7922,50,7921,100,7920,150,7928,138,8001,50,8008,50
1717488,NASDAQ-CARD,10189,30,10188,150,10187,200,10192,50,10193,100,10194,150
1717488,NASDAQ-DLKV,10182,50,10180,100,10178,150,10192,189,10194,250,10214,1
1717488,NASDAQ-ETFB,11723,151,11695,50,11682,59,11735,45,11737,100,11739,150
1717488,NASDAQ-ETFB3,9983,137,9982,200,9981,250,9990,200,9991,250,10083,25
1717488,NASDAQ-FSR,9844,30,9842,100,9840,150,9848,50,9850,100,9852,150
1717488,NASDAQ-GOLD,9666,155,9665,250,9601,10,9672,100,9673,150,9674,200
1717488,NASDAQ-HT,10594,68,10592,200,10590,250,10601,20,10602,50,10604,100
1717488,NASDAQ-INA,10906,170,10905,1,10904,250,10916,50,10918,100,10920,150
1717488,NASDAQ-KOTD,8883,49,8881,100,8879,150,8887,50,8889,100,8891,150
1717488,NASDAQ-NGUP,6600,50,6599,100,6598,150,6605,75,6606,250,6615,3
1717488,NASDAQ-SIMP,9958,30,9957,100,9956,150,9960,20,9961,100,9962,150
1717488,NASDAQ-ZITO,7954,95,7953,150,7952,200,7957,50,7958,100,7959,150
1717793,NASDAQ-CARD,10178,50,10177,100,10176,150,10180,50,10181,100,10182,150
1717793,NASDAQ-DLKV,10213,10,10211,100,10209,150,10214,1,10217,50,10219,100
1717793,NASDAQ-ETFB,11725,111,11723,250,11695,50,11736,56,11741,200,11743,250
1717793,NASDAQ-ETFB3,9976,49,9975,100,9974,150,9978,50,9979,100,9980,150
1717793,NASDAQ-FSR,9846,50,9844,100,9842,150,9856,200,9858,250,9862,55
1717793,NASDAQ-GOLD,9662,200,9661,250,9656,20,9670,190,9671,250,9722,20
1717793,NASDAQ-HT,10605,100,10603,150,10601,200,10611,50,10613,100,10615,150
1717793,NASDAQ-INA,10914,175,10912,250,10892,30,10924,50,10926,100,10928,150
1717793,NASDAQ-KOTD,8898,50,8896,100,8894,150,8902,50,8904,100,8906,150
1717793,NASDAQ-NGUP,6632,21,6631,100,6630,150,6634,50,6635,100,6636,150
1717793,NASDAQ-SIMP,9973,159,9878,214,9877,108,9979,50,9980,100,9981,150
1717793,NASDAQ-ZITO,7935,50,7934,100,7933,150,7938,90,7939,150,7940,200
1718095,NASDAQ-CARD,9986,50,9985,100,9984,150,9989,80,9990,150,9991,200
1718095,NASDAQ-DLKV,10232,199,10230,250,10182,20,10242,50,10244,100,10246,150
1718095,NASDAQ-ETFB,11684,50,11682,159,11680,150,11694,138,11696,250,11725,50
1718095,NASDAQ-ETFB3,9963,50,9962,100,9961,150,9968,197,9969,250,9982,10
1718095,NASDAQ-FSR,9815,30,9813,100,9811,150,9825,73,9827,250,9862,55
1718095,NASDAQ-GOLD,9679,117,9678,250,9656,20,9684,50,9685,100,9686,150
1718095,NASDAQ-HT,10624,50,10622,150,10620,200,10630,50,10632,100,10634,150
1718095,NASDAQ-INA,10886,50,10884,100,10882,150,10892,1,10894,150,10896,200
1718095,NASDAQ-KOTD,8861,50,8859,100,8857,150,8865,30,8867,100,8869,150
1718095,NASDAQ-NGUP,6617,50,6616,100,6615,150,6621,130,6622,200,6623,250
1718095,NASDAQ-SIMP,9956,30,9955,100,9954,150,9960,36,9961,200,9962,250
1718095,NASDAQ-ZITO,7921,30,7920,100,7919,150,7926,45,7927,250,8001,50
1718439,NASDAQ-CARD,9993,75,9992,250,9987,20,9998,50,9999,100,10000,150
1718439,NASDAQ-DLKV,10210,49,10208,100,10206,150,10214,50,10216,100,10218,150
1718439,NASDAQ-ETFB,11682,159,11680,150,11678,200,11725,50,11736,56,11857,57
1718439,NASDAQ-ETFB3,9976,103,9975,200,9974,250,9980,47,9981,100,9982,150
1718439,NASDAQ-FSR,9847,10,9845,100,9843,150,9855,90,9857,200,9859,250
1718439,NASDAQ-GOLD,9662,95,9661,150,9660,200,9665,9,9666,100,9667,150
1718439,NASDAQ-HT,10617,100,10615,150,10613,200,10625,40,10627,150,10629,200
1718439,NASDAQ-INA,10949,80,10947,200,10945,250,10957,50,10959,100,10960,20
1718439,NASDAQ-KOTD,8884,93,8882,150,8880,200,8890,50,8892,100,8894,171
1718439,NASDAQ-NGUP,6614,50,6613,100,6612,150,6634,1,6637,3,6646,1
1718439,NASDAQ-SIMP,9950,50,9949,100,9948,150,9955,148,9956,250,9958,30
1718439,NASDAQ-ZITO,7909,50,7908,100,7907,150,7914,165,7915,250,8001,50
1718754,NASDAQ-CARD,9976,50,9975,100,9974,150,9980,43,9981,200,9982,250
1718754,NASDAQ-DLKV,10175,50,10173,100,10171,150,10179,50,10181,100,10183,150
1718754,NASDAQ-ETFB,11709,50,11707,100,11705,150,11717,140,11719,200,11721,250
1718754,NASDAQ-ETFB3,9971,200,9970,250,9951,3,9979,149,9980,250,10083,25
1718754,NASDAQ-FSR,9822,30,9820,100,9818,150,9826,20,9828,100,9830,150
1718754,NASDAQ-GOLD,9657,100,9656,170,9655,200,9660,16,9661,100,9662,150
1718754,NASDAQ-HT,10621,105,10619,200,10617,250,10629,50,10631,100,10633,150
1718754,NASDAQ-INA,10982,119,10980,250,10957,20,10992,50,10994,100,10996,150
1718754,NASDAQ-KOTD,8888,13,8886,100,8884,150,8892,50,8894,121,8896,150
1718754,NASDAQ-NGUP,6607,50,6606,100,6605,150,6609,45,6610,100,6611,150
1718754,NASDAQ-SIMP,9964,50,9963,150,9962,200,9967,10,9968,100,9969,150
1718754,NASDAQ-ZITO,7942,30,7941,100,7940,150,7944,50,7945,100,7946,150
1719051,NASDAQ-CARD,10040,25,10039,100,10038,150,10042,50,10043,100,10044,150
1719051,NASDAQ-DLKV,10184,49,10182,100,10180,150,10188,50,10190,100,10192,150
1719051,NASDAQ-ETFB,11709,12,11707,100,11705,150,11721,208,11725,50,11736,56
1719051,NASDAQ-ETFB3,9962,50,9961,100,9960,150,9968,250,10083,25,10094,10
1719051,NASDAQ-FSR,9860,100,9858,150,9856,200,9862,5,9866,50,9868,100
1719051,NASDAQ-GOLD,9683,50,9682,100,9681,150,9685,50,9686,100,9687,150
1719051,NASDAQ-HT,10620,200,10618,250,10615,20,10630,50,10632,100,10634,150
1719051,NASDAQ-INA,10976,140,10974,200,10972,250,10982,20,10984,50,10986,100
1719051,NASDAQ-KOTD,8894,41,8892,150,8890,200,8900,50,8902,100,8904,150
1719051,NASDAQ-NGUP,6610,50,6609,100,6608,150,6615,200,6616,250,6634,1
1719051,NASDAQ-SIMP,9973,20,9972,100,9971,150,9975,110,9976,100,9977,150
1719051,NASDAQ-ZITO,7943,50,7942,100,7941,150,7948,200,7949,250,8001,50
1719326,NASDAQ-CARD,10033,50,10032,100,10031,150,10035,50,10036,100,10037,150
1719326,NASDAQ-DLKV,10170,50,10168,100,10166,150,10174,50,10176,100,10178,150
1719326,NASDAQ-ETFB,11716,26,11714,100,11712,150,11722,100,11724,150,11725,50
1719326,NASDAQ-ETFB3,9962,50,9961,100,9960,150,9966,10,9967,200,9968,250
1719326,NASDAQ-FSR,9832,50,9830,100,9828,150,9840,135,9842,200,9844,250
1719326,NASDAQ-GOLD,9668,50,9667,100,9666,150,9670,50,9671,100,9672,150
1719326,NASDAQ-HT,10622,75,10620,150,10618,200,10632,150,10634,200,10636,250
1719326,NASDAQ-INA,10953,50,10951,100,10949,150,10957,30,10959,100,10961,150
1719326,NASDAQ-KOTD,8853,50,8851,100,8849,150,8859,100,8861,150,8863,200
1719326,NASDAQ-NGUP,6602,50,6601,100,6600,150,6608,223,6634,1,6637,3
1719326,NASDAQ-SIMP,9966,50,9965,104,9964,180,9968,30,9969,100,9970,150
1719326,NASDAQ-ZITO,7942,50,7941,100,7940,150,7946,37,7947,200,7948,250
1719589,NASDAQ-CARD,10021,50,10020,100,10019,150,10025,50,10026,200,10027,250
1719589,NASDAQ-DLKV,10171,24,10169,100,10167,150,10175,50,10177,100,10179,170
1719589,NASDAQ-ETFB,11704,50,11702,100,11700,150,11716,103,11723,59,11725,50
1719589,NASDAQ-ETFB3,10000,50,9998,100,9996,150,10004,50,10006,100,10008,150
1719589,NASDAQ-FSR,9843,100,9841,150,9839,200,9849,50,9851,100,9853,150
1719589,NASDAQ-GOLD,9659,50,9658,100,9657,150,9662,76,9663,150,9664,200
1719589,NASDAQ-HT,10641,100,10639,150,10637,200,10647,50,10649,100,10651,150
1719589,NASDAQ-INA,10968,19,10966,100,10964,150,10972,55,10974,100,10976,200
1719589,NASDAQ-KOTD,8855,49,8853,100,8851,150,8859,50,8861,100,8863,150
1719589,NASDAQ-NGUP,6604,150,6603,200,6602,250,6612,67,6634,1,6637,3
1719589,NASDAQ-SIMP,9965,150,9964,200,9963,250,9970,80,9971,150,9972,200
1719589,NASDAQ-ZITO,7930,50,7929,100,7928,150,7933,75,7934,150,7935,200
1719919,NASDAQ-CARD,10037,147,10036,250,10025,70,10042,50,10043,100,10044,150
1719919,NASDAQ-DLKV,10188,79,10186,150,10184,200,10194,50,10196,100,10198,150
1719919,NASDAQ-ETFB,11712,28,11710,200,11708,250,11720,49,11722,100,11723,59
1719919,NASDAQ-ETFB3,9968,3,9966,130,9951,3,10019,50,10021,100,10023,150
1719919,NASDAQ-FSR,9846,50,9844,150,9842,200,9856,150,9858,200,9860,250
1719919,NASDAQ-GOLD,9656,39,9655,100,9654,150,9661,200,9662,250,9722,20
1719919,NASDAQ-HT,10631,50,10629,100,10627,150,10635,25,10637,100,10639,150
1719919,NASDAQ-INA,10968,22,10966,150,10964,200,10974,50,10976,150,10978,150
1719919,NASDAQ-KOTD,8913,96,8911,150,8909,200,8919,50,8921,100,8923,150
1719919,NASDAQ-NGUP,6632,103,6631,200,6630,250,6637,47,6638,150,6639,200
1719919,NASDAQ-SIMP,9958,50,9957,100,9956,150,9962,120,9963,200,9964,250
1719919,NASDAQ-ZITO,7941,75,7940,150,7939,200,7944,50,7945,100,7946,150
1720249,NASDAQ-CARD,10125,50,10124,100,10123,150,10127,50,10128,100,10129,150
1720249,NASDAQ-DLKV,10168,50,10166,100,10164,150,10172,25,10174,100,10176,150
1720249,NASDAQ-ETFB,11716,104,11714,200,11712,250,11721,59,11723,59,11724,50
1720249,NASDAQ-ETFB3,10015,50,10013,100,10011,150,10019,50,10021,100,10023,150
1720249,NASDAQ-FSR,9823,105,9821,100,9819,150,9829,40,9831,150,9833,200
1720249,NASDAQ-GOLD,9681,136,9680,250,9644,20,9686,50,9687,100,9688,150
1720249,NASDAQ-HT,10637,50,10635,100,10633,150,10641,50,10643,100,10645,150
1720249,NASDAQ-INA,10968,30,10967,100,10965,150,10972,30,10973,50,10975,100
1720249,NASDAQ-KOTD,8905,50,8903,100,8901,150,8909,50,8911,100,8913,150
1720249,NASDAQ-NGUP,6615,50,6614,100,6613,150,6646,1,6650,1,6691,1
1720249,NASDAQ-SIMP,9965,76,9964,200,9963,250,9969,50,9970,100,9971,150
1720249,NASDAQ-ZITO,7897,20,7888,20,7884,20,7949,50,7950,100,7951,150
1720524,NASDAQ-CARD,10130,100,10129,150,10128,200,10133,50,10134,100,10135,150
1720524,NASDAQ-DLKV,10213,49,10211,100,10209,150,10217,50,10219,100,10221,150
1720524,NASDAQ-ETFB,11731,88,11729,250,11715,59,11736,56,11741,50,11743,100
1720524,NASDAQ-ETFB3,10000,50,9998,100,9996,150,10004,50,10006,100,10008,150
1720524,NASDAQ-FSR,9824,50,9823,55,9822,100,9828,50,9830,100,9832,150
1720524,NASDAQ-GOLD,9670,50,9669,100,9668,150,9672,50,9673,100,9674,150
1720524,NASDAQ-HT,10606,50,10604,120,10602,150,10612,50,10614,150,10616,200
1720524,NASDAQ-INA,10941,50,10939,100,10937,150,10945,20,10947,100,10949,150
1720524,NASDAQ-KOTD,8895,50,8893,100,8891,150,8899,50,8901,100,8903,150
1720524,NASDAQ-NGUP,6619,50,6618,100,6617,150,6621,50,6622,100,6623,150
1720524,NASDAQ-SIMP,9962,50,9961,100,9960,150,9966,102,9967,200,9968,250
1720524,NASDAQ-ZITO,7927,50,7926,100,7925,150,7930,75,7931,150,7932,200
1720827,NASDAQ-CARD,10150,63,10149,200,10148,250,10154,50,10155,100,10156,150
1720827,NASDAQ-DLKV,10215,50,10213,100,10211,150,10219,50,10221,100,10223,150
1720827,NASDAQ-ETFB,11682,59,11681,57,11671,58,11737,59,11741,49,11743,100
1720827,NASDAQ-ETFB3,9992,240,9968,3,9966,130,10006,100,10008,150,10010,200
1720827,NASDAQ-FSR,9807,50,9805,100,9803,150,9813,75,9815,150,9817,200
1720827,NASDAQ-GOLD,9666,50,9665,100,9664,150,9668,50,9669,100,9670,150
1720827,NASDAQ-HT,10623,50,10621,100,10619,150,10627,50,10629,100,10631,150
1720827,NASDAQ-INA,10949,20,10947,150,10945,200,10955,50,10957,100,10959,150
1720827,NASDAQ-KOTD,8934,100,8932,150,8930,200,8940,50,8942,100,8944,150
1720827,NASDAQ-NGUP,6616,50,6615,100,6614,150,6650,1,6691,1,6694,2
1720827,NASDAQ-SIMP,9974,202,9963,2,9959,102,9980,50,9981,100,9982,150
1720827,NASDAQ-ZITO,7942,50,7941,100,7940,150,7944,50,7945,100,7946,150
1721105,NASDAQ-CARD,9942,50,9941,100,9940,150,9945,75,9946,150,9947,200
1721105,NASDAQ-DLKV,10215,31,10213,150,10211,200,10221,50,10223,100,10225,150
1721105,NASDAQ-ETFB,11734,100,11732,150,11730,200,11736,11,11740,50,11742,100
1721105,NASDAQ-ETFB3,10023,31,10021,250,10010,3,10033,50,10035,100,10037,150
1721105,NASDAQ-FSR,9821,100,9819,150,9817,200,9827,15,9829,100,9831,150
1721105,NASDAQ-GOLD,9661,50,9660,100,9659,150,9663,50,9664,100,9665,150
1721105,NASDAQ-HT,10634,38,10632,150,10630,200,10640,50,10642,100,10644,150
1721105,NASDAQ-INA,10974,124,10972,200,10970,250,10981,10,10982,120,10984,100
1721105,NASDAQ-KOTD,8919,50,8917,100,8915,150,8923,50,8925,100,8927,150
1721105,NASDAQ-NGUP,6604,50,6603,100,6602,150,6606,24,6607,100,6608,150
1721105,NASDAQ-SIMP,9994,165,9993,250,9975,30,9999,50,10000,100,10001,150
1721105,NASDAQ-ZITO,7952,50,7951,100,7950,150,7954,50,7955,100,7956,150
1721410,NASDAQ-CARD,9905,50,9904,100,9903,150,10130,60,10150,50,10414,36
1721410,NASDAQ-DLKV,10213,50,10211,100,10209,150,10217,49,10219,100,10221,150
1721410,NASDAQ-ETFB,11727,150,11725,200,11723,250,11737,58,11739,139,11741,200
1721410,NASDAQ-ETFB3,9968,3,9966,50,9951,3,10033,50,10035,100,10037,150
1721410,NASDAQ-FSR,9845,50,9843,150,9841,200,9851,50,9853,100,9855,150
1721410,NASDAQ-GOLD,9650,50,9649,100,9648,150,9652,50,9653,100,9654,150
1721410,NASDAQ-HT,10642,50,10640,100,10638,150,10646,50,10648,100,10650,150
1721410,NASDAQ-INA,10969,30,10967,100,10965,150,10973,49,10975,100,10977,150
1721410,NASDAQ-KOTD,8913,50,8911,100,8909,150,8917,24,8919,100,8921,150
1721410,NASDAQ-NGUP,6597,50,6596,100,6595,150,6626,20,6650,1,6671,1
1721410,NASDAQ-SIMP,9965,50,9964,100,9963,260,9969,26,9970,200,9971,250
1721410,NASDAQ-ZITO,7941,50,7940,100,7939,150,7944,25,7945,150,7946,200
1721666,NASDAQ-CARD,9921,71,9920,200,9919,250,9925,5,9926,100,9927,150
1721666,NASDAQ-DLKV,10190,50,10188,100,10186,150,10194,30,10196,100,10198,150
1721666,NASDAQ-ETFB,11723,250,11682,59,11681,116,11735,50,11737,158,11739,150
1721666,NASDAQ-ETFB3,10023,40,10021,100,10019,150,10027,50,10029,100,10031,150
1721666,NASDAQ-FSR,9855,100,9853,150,9851,200,9861,50,9863,100,9865,150
1721666,NASDAQ-GOLD,9632,50,9631,100,9630,150,9634,50,9635,100,9636,150
1721666,NASDAQ-HT,10651,8,10649,100,10647,150,10653,20,10655,50,10657,100
1721666,NASDAQ-INA,11006,30,11004,200,11002,250,11014,50,11016,100,11018,150
1721666,NASDAQ-KOTD,8942,119,8940,200,8938,250,8950,50,8952,100,8954,150
1721666,NASDAQ-NGUP,6584,70,6583,100,6582,150,6587,48,6588,150,6589,200
1721666,NASDAQ-SIMP,9978,183,9977,250,9967,30,9983,30,9984,100,9985,150
1721666,NASDAQ-ZITO,7932,50,7931,100,7930,250,8001,50,8008,50,8021,50
1721815,NASDAQ-CARD,9930,22,9929,100,9928,150,9932,50,9933,100,9934,150
1721815,NASDAQ-DLKV,10201,50,10199,100,10197,150,10205,50,10207,100,10209,150
1721815,NASDAQ-ETFB,11734,50,11732,100,11730,150,11737,58,11738,50,11740,100
1721815,NASDAQ-ETFB3,9992,50,9991,100,9990,150,9994,50,9995,100,9996,150
1721815,NASDAQ-FSR,9873,50,9871,100,9869,150,9877,50,9878,55,9879,100
1721815,NASDAQ-GOLD,9628,50,9627,100,9626,150,9630,50,9631,100,9632,150
1721815,NASDAQ-HT,10639,70,10637,100,10635,150,10643,50,10645,100,10647,150
1721815,NASDAQ-INA,10997,50,10995,100,10993,150,11001,50,11003,100,11005,150
1721815,NASDAQ-KOTD,8953,50,8951,100,8949,150,8957,50,8959,100,8961,150
1721815,NASDAQ-NGUP,6565,50,6564,100,6563,150,6568,95,6569,150,6570,200
1721815,NASDAQ-SIMP,9977,5,9976,100,9975,150,9980,80,9981,150,9982,200
1721815,NASDAQ-ZITO,7933,50,7932,100,7931,150,7935,50,7936,100,7937,150
1722105,NASDAQ-CARD,9686,50,9685,100,9684,150,9689,75,9690,150,9691,200
1722105,NASDAQ-DLKV,10166,50,10164,100,10162,150,10170,50,10172,100,10174,150
1722105,NASDAQ-ETFB,11734,30,11732,100,11730,150,11738,50,11740,100,11742,150
1722105,NASDAQ-ETFB3,10001,40,9999,100,9997,150,10005,50,10007,100,10009,150
1722105,NASDAQ-FSR,9858,50,9856,100,9854,150,9864,83,9866,150,9868,200
1722105,NASDAQ-GOLD,9648,95,9647,150,9646,200,9651,50,9652,100,9653,150
1722105,NASDAQ-HT,10643,79,10641,200,10639,250,10651,50,10653,120,10655,150
1722105,NASDAQ-INA,11006,50,11004,150,11002,200,11012,50,11014,100,11016,150
1722105,NASDAQ-KOTD,8965,44,8963,100,8961,150,8969,50,8971,100,8973,150
1722105,NASDAQ-NGUP,6557,50,6556,100,6555,150,6562,198,6563,250,6626,20
1722105,NASDAQ-SIMP,9976,100,9975,150,9974,200,9980,121,9981,150,9982,200
1722105,NASDAQ-ZITO,7956,50,7955,100,7954,150,7958,50,7959,100,7960,150
1722404,NASDAQ-CARD,9650,50,9649,100,9648,150,9921,21,9930,30,10130,60
1722404,NASDAQ-DLKV,10180,48,10178,100,10176,150,10184,50,10186,100,10188,150
1722404,NASDAQ-ETFB,11730,12,11728,100,11726,150,11738,50,11739,55,11740,200
1722404,NASDAQ-ETFB3,10012,40,10010,100,10009,6,10016,50,10018,100,10020,150
1722404,NASDAQ-FSR,9869,80,9867,150,9865,200,9875,50,9877,100,9878,55
1722404,NASDAQ-GOLD,9650,3,9649,100,9648,150,9652,50,9653,100,9654,150
1722404,NASDAQ-HT,10642,50,10640,120,10638,150,10646,50,10648,100,10650,150
1722404,NASDAQ-INA,10987,50,10985,100,10983,150,10991,30,10993,100,10995,150
1722404,NASDAQ-KOTD,8957,50,8955,100,8953,150,8961,32,8963,120,8965,150
1722404,NASDAQ-NGUP,6527,30,6526,100,6525,150,6608,1,6626,20,6650,1
1722404,NASDAQ-SIMP,9951,30,9950,100,9949,150,9955,48,9956,200,9957,250
1722404,NASDAQ-ZITO,7955,100,7954,150,7953,200,7959,100,7960,150,7961,200
1722718,NASDAQ-CARD,9645,50,9644,100,9643,150,9648,6,9649,150,9650,200
1722718,NASDAQ-DLKV,10210,1,10208,100,10206,150,10214,50,10216,100,10218,150
1722718,NASDAQ-ETFB,11731,55,11724,200,11722,250,11740,153,11742,250,11857,57
1722718,NASDAQ-ETFB3,10004,250,9996,18,9994,24,10016,31,10018,100,10020,150
1722718,NASDAQ-FSR,9840,50,9838,100,9836,150,9848,50,9850,200,9852,250
1722718,NASDAQ-GOLD,9668,19,9667,100,9666,150,9670,50,9671,100,9672,150
1722718,NASDAQ-HT,10652,68,10650,150,10648,200,10658,50,10660,100,10662,150
1722718,NASDAQ-INA,10988,20,10986,150,10984,200,10994,50,10996,100,10998,150
1722718,NASDAQ-KOTD,8987,82,8985,150,8983,200,8993,50,8995,100,8997,150
1722718,NASDAQ-NGUP,6529,90,6528,150,6527,200,6532,41,6533,100,6534,150
1722718,NASDAQ-SIMP,9969,27,9968,250,9955,50,9974,25,9975,140,9976,150
1722718,NASDAQ-ZITO,7961,30,7960,150,7959,200,7964,50,7965,100,7966,150
1723035,NASDAQ-CARD,9505,50,9504,100,9503,150,9511,73,9645,30,9919,20
1723035,NASDAQ-DLKV,10205,50,10203,100,10201,150,10209,8,10211,100,10213,150
1723035,NASDAQ-ETFB,11723,100,11721,150,11719,200,11737,205,11857,57,11903,59
1723035,NASDAQ-ETFB3,10013,166,10011,250,9996,18,10023,50,10025,100,10027,150
1723035,NASDAQ-FSR,9877,30,9875,100,9873,150,9878,55,9881,50,9883,100
1723035,NASDAQ-GOLD,9677,31,9676,100,9675,150,9679,50,9680,110,9681,150
1723035,NASDAQ-HT,10641,50,10639,100,10637,150,10645,30,10647,100,10649,150
1723035,NASDAQ-INA,11000,43,10998,100,10996,170,11002,2,11004,50,11006,100
1723035,NASDAQ-KOTD,8951,50,8949,100,8947,150,8957,70,8959,150,8961,200
1723035,NASDAQ-NGUP,6544,70,6543,150,6542,200,6547,49,6548,100,6549,150
1723035,NASDAQ-SIMP,9959,123,9958,250,9955,50,9965,64,9966,150,9967,200
1723035,NASDAQ-ZITO,7949,50,7948,100,7947,150,8001,46,8008,50,8021,50
1723362,NASDAQ-CARD,9496,50,9495,100,9494,150,9502,27,9645,60,9919,20
1723362,NASDAQ-DLKV,10197,50,10195,100,10193,150,10201,51,10203,100,10205,150
1723362,NASDAQ-ETFB,11712,50,11710,100,11708,150,11720,119,11722,200,11724,250
1723362,NASDAQ-ETFB3,10013,177,10011,250,9996,18,10025,97,10027,150,10029,200
1723362,NASDAQ-FSR,9855,50,9853,100,9851,150,9859,31,9861,100,9863,150
1723362,NASDAQ-GOLD,9706,19,9705,100,9704,150,9708,50,9709,100,9710,150
1723362,NASDAQ-HT,10640,50,10638,100,10636,150,10644,50,10646,100,10648,150
1723362,NASDAQ-INA,11007,48,11005,100,11003,150,11011,50,11013,100,11015,150
1723362,NASDAQ-KOTD,8997,26,8995,150,8993,200,9003,50,9005,100,9007,150
1723362,NASDAQ-NGUP,6538,50,6537,100,6536,150,6543,59,6544,250,6566,1
1723362,NASDAQ-SIMP,9963,110,9962,250,9961,30,9969,100,9970,150,9971,200
1723362,NASDAQ-ZITO,7952,100,7951,150,7950,200,7955,50,7956,120,7957,150
1723639,NASDAQ-CARD,9517,79,9516,150,9515,200,9520,50,9521,100,9522,150
1723639,NASDAQ-DLKV,10222,25,10220,100,10218,150,10226,50,10228,100,10230,150
1723639,NASDAQ-ETFB,11727,120,11725,250,11682,59,11737,50,11739,100,11741,150
1723639,NASDAQ-ETFB3,10030,148,10029,9,10028,200,10038,50,10040,100,10042,150
1723639,NASDAQ-FSR,9816,50,9814,100,9812,150,9820,50,9822,100,9824,150
1723639,NASDAQ-GOLD,9739,31,9738,100,9737,150,9741,50,9742,100,9743,150
1723639,NASDAQ-HT,10663,30,10661,100,10659,150,10667,50,10669,100,10671,150
1723639,NASDAQ-INA,10991,50,10989,100,10987,150,10995,25,10997,100,10999,150
1723639,NASDAQ-KOTD,8931,50,8929,100,8927,150,8937,70,8939,150,8941,200
1723639,NASDAQ-NGUP,6506,50,6505,100,6504,150,6510,130,6511,200,6512,250
1723639,NASDAQ-SIMP,9983,20,9982,100,9981,150,9985,50,9986,100,9987,150
1723639,NASDAQ-ZITO,7936,50,7935,150,7934,150,7940,149,7941,200,7942,250
1723891,NASDAQ-CARD,9492,50,9491,100,9490,150,9498,230,9516,10,9517,30
1723891,NASDAQ-DLKV,10220,50,10218,100,10216,150,10224,25,10226,100,10228,150
1723891,NASDAQ-ETFB,11750,190,11748,250,11726,55,11760,49,11762,100,11764,150
1723891,NASDAQ-ETFB3,10054,41,10052,100,10050,150,10058,41,10060,100,10062,150
1723891,NASDAQ-FSR,9736,50,9734,100,9732,150,9742,74,9744,150,9746,200
1723891,NASDAQ-GOLD,9733,50,9732,100,9731,150,9735,25,9736,100,9737,150
1723891,NASDAQ-HT,10622,50,10620,100,10618,150,10626,50,10628,100,10630,150
1723891,NASDAQ-INA,10955,20,10954,50,10952,100,10958,50,10960,100,10962,150
1723891,NASDAQ-KOTD,8898,50,8896,100,8894,150,8902,50,8904,100,8906,150
1723891,NASDAQ-NGUP,6505,50,6504,100,6503,150,6509,130,6510,200,6511,250
1723891,NASDAQ-SIMP,9979,100,9978,150,9977,200,9982,50,9983,260,9984,150
1723891,NASDAQ-ZITO,7932,50,7931,100,7930,250,7934,20,7935,100,7936,150
1724174,NASDAQ-CARD,9250,50,9249,100,9248,150,9255,80,9256,250,9492,90
1724174,NASDAQ-DLKV,10226,30,10224,100,10222,150,10230,50,10232,100,10234,150
1724174,NASDAQ-ETFB,11748,130,11726,55,11682,59,11764,56,11766,200,11768,250
1724174,NASDAQ-ETFB3,10046,200,10044,250,10029,9,10058,94,10060,150,10062,200
1724174,NASDAQ-FSR,9709,50,9707,100,9705,150,9719,195,9721,250,9878,55
1724174,NASDAQ-GOLD,9753,25,9752,100,9751,150,9755,50,9756,100,9757,150
1724174,NASDAQ-HT,10617,50,10615,100,10614,20,10621,50,10622,20,10623,100
1724174,NASDAQ-INA,10964,25,10962,100,10961,20,10968,50,10970,100,10972,150
1724174,NASDAQ-KOTD,8877,50,8875,100,8873,150,8883,75,8885,150,8887,200
1724174,NASDAQ-NGUP,6475,50,6474,100,6473,150,6480,36,6481,250,6566,1
1724174,NASDAQ-SIMP,9976,150,9975,200,9974,250,10003,13,10004,144,10005,36
1724174,NASDAQ-ZITO,7923,50,7922,100,7921,150,7926,50,7927,150,7928,200
1724473,NASDAQ-CARD,9237,50,9236,100,9235,150,9239,2,9240,100,9241,150
1724473,NASDAQ-DLKV,10214,50,10212,100,10210,150,10218,50,10220,100,10222,150
1724473,NASDAQ-ETFB,11746,200,11744,250,11726,55,11756,22,11758,100,11760,150
1724473,NASDAQ-ETFB3,10050,26,10048,150,10046,200,10056,49,10058,100,10060,150
1724473,NASDAQ-FSR,9688,50,9686,100,9684,150,9692,9,9694,100,9696,150
1724473,NASDAQ-GOLD,9753,25,9752,100,9751,150,9755,25,9756,100,9757,150
1724473,NASDAQ-HT,10618,50,10616,100,10614,150,10622,70,10624,100,10626,150
1724473,NASDAQ-INA,10993,25,10991,100,10989,150,10997,50,10999,100,11001,150
1724473,NASDAQ-KOTD,8883,37,8881,50,8879,100,8885,50,8887,100,8889,150
1724473,NASDAQ-NGUP,6469,50,6468,100,6467,150,6474,178,6475,250,6526,1
1724473,NASDAQ-SIMP,9967,50,9966,100,9965,180,9969,50,9970,100,9971,150
1724473,NASDAQ-ZITO,7939,75,7938,150,7937,200,7942,50,7943,100,7944,150
1724803,NASDAQ-CARD,9245,212,9114,30,9106,30,9251,50,9252,100,9253,150
1724803,NASDAQ-DLKV,10183,50,10181,100,10179,150,10187,50,10189,100,10191,150
1724803,NASDAQ-ETFB,11755,65,11753,200,11751,250,11763,50,11765,100,11767,150
1724803,NASDAQ-ETFB3,10057,143,10055,200,10053,250,10065,50,10067,100,10069,150
1724803,NASDAQ-FSR,9699,50,9697,150,9695,200,9705,50,9707,100,9709,150
1724803,NASDAQ-GOLD,9723,50,9722,100,9721,150,9725,50,9726,100,9727,150
1724803,NASDAQ-HT,10625,100,10623,150,10621,200,10631,50,10633,100,10635,150
1724803,NASDAQ-INA,10995,50,10993,100,10991,150,10999,50,11001,120,11003,150
1724803,NASDAQ-KOTD,8888,26,8886,150,8884,200,8894,50,8896,100,8898,150
1724803,NASDAQ-NGUP,6480,50,6479,100,6478,150,6482,50,6483,100,6484,150
1724803,NASDAQ-SIMP,9962,50,9961,130,9960,150,9975,20,10003,13,10004,144
1724803,NASDAQ-ZITO,7949,82,7948,150,7947,200,7952,50,7953,100,7954,150
1725111,NASDAQ-CARD,9178,50,9177,100,9176,150,9182,52,9183,200,9184,250
1725111,NASDAQ-DLKV,10208,40,10206,100,10204,150,10212,50,10214,100,10216,150
1725111,NASDAQ-ETFB,11751,89,11726,55,11682,59,11765,100,11767,150,11769,200
1725111,NASDAQ-ETFB3,10054,91,10052,150,10050,200,10057,112,10060,50,10062,100
1725111,NASDAQ-FSR,9730,100,9728,150,9726,200,9736,50,9738,100,9740,150
1725111,NASDAQ-GOLD,9722,50,9721,100,9720,150,9727,200,9728,250,9761,55
1725111,NASDAQ-HT,10608,50,10606,100,10604,170,10614,85,10616,150,10618,200
1725111,NASDAQ-INA,11043,50,11041,100,11039,150,11047,50,11049,100,11051,150
1725111,NASDAQ-KOTD,8863,60,8861,100,8859,150,8867,22,8869,100,8871,150
1725111,NASDAQ-NGUP,6483,50,6482,100,6481,150,6486,100,6487,150,6488,200
1725111,NASDAQ-SIMP,9966,140,9965,250,9964,30,9972,76,9973,150,9974,200
1725111,NASDAQ-ZITO,7933,50,7932,100,7931,150,7935,40,7936,100,7937,150
1725373,NASDAQ-CARD,9145,50,9144,100,9143,150,9150,60,9151,250,9181,55
1725373,NASDAQ-DLKV,10161,50,10159,100,10157,205,10165,8,10167,100,10169,150
1725373,NASDAQ-ETFB,11756,5,11754,100,11752,150,11762,50,11764,150,11766,259
1725373,NASDAQ-ETFB3,10052,140,10050,200,10048,250,10060,50,10062,100,10064,150
1725373,NASDAQ-FSR,9790,30,9788,150,9786,200,9796,50,9798,100,9800,150
1725373,NASDAQ-GOLD,9723,28,9722,100,9721,150,9725,50,9726,100,9727,150
1725373,NASDAQ-HT,10621,100,10619,150,10617,200,10627,50,10629,100,10631,150
1725373,NASDAQ-INA,10995,50,10993,100,10991,150,10999,8,11001,100,11003,150
1725373,NASDAQ-KOTD,8851,50,8849,100,8847,150,8855,28,8857,100,8859,150
1725373,NASDAQ-NGUP,6497,29,6496,100,6495,150,6499,50,6500,100,6501,150
1725373,NASDAQ-SIMP,9945,50,9944,100,9943,150,9950,45,9951,250,9975,90
1725373,NASDAQ-ZITO,7937,50,7936,110,7935,150,7939,50,7940,100,7941,150
1725613,NASDAQ-CARD,9149,80,9148,250,9143,20,9154,50,9155,100,9156,150
1725613,NASDAQ-DLKV,10183,50,10181,100,10179,150,10187,50,10189,100,10191,150
1725613,NASDAQ-ETFB,11726,55,11682,59,11681,116,11785,50,11787,100,11789,150
1725613,NASDAQ-ETFB3,10052,91,10050,200,10048,250,10062,100,10064,150,10066,200
1725613,NASDAQ-FSR,9759,50,9757,100,9755,150,9767,99,9769,200,9771,250
1725613,NASDAQ-GOLD,9715,70,9714,100,9713,150,9718,91,9719,150,9720,200
1725613,NASDAQ-HT,10612,50,10610,100,10608,150,10616,40,10618,100,10620,150
1725613,NASDAQ-INA,10984,50,10982,100,10980,150,10992,134,10994,200,10996,250
1725613,NASDAQ-KOTD,8840,50,8839,20,8838,100,8846,92,8848,150,8850,200
1725613,NASDAQ-NGUP,6474,50,6473,100,6472,150,6479,58,6480,250,6499,1
1725613,NASDAQ-SIMP,9922,30,9921,100,9920,150,9926,148,9927,200,9928,250
1725613,NASDAQ-ZITO,7960,50,7959,100,7958,150,7962,50,7963,100,7964,150
1725858,NASDAQ-CARD,9133,50,9132,100,9131,150,9136,79,9137,150,9138,200
1725858,NASDAQ-DLKV,10137,50,10135,100,10133,150,10141,27,10143,100,10145,150
1725858,NASDAQ-ETFB,11772,58,11770,150,11768,200,11778,50,11780,100,11782,150
1725858,NASDAQ-ETFB3,10065,41,10063,100,10061,150,10069,50,10071,100,10073,150
1725858,NASDAQ-FSR,9782,80,9780,150,9778,200,9788,50,9790,100,9792,150
1725858,NASDAQ-GOLD,9739,141,9738,250,9715,20,9744,50,9745,100,9746,150
1725858,NASDAQ-HT,10617,100,10615,150,10613,200,10623,50,10625,100,10627,150
1725858,NASDAQ-INA,10979,50,10977,100,10975,150,10987,117,10989,200,10991,250
1725858,NASDAQ-KOTD,8850,3,8846,80,8841,43,8851,200,8853,250,8993,3
1725858,NASDAQ-NGUP,6487,30,6486,100,6485,150,6488,1,6489,50,6490,100
1725858,NASDAQ-SIMP,9944,140,9943,250,9878,214,9949,50,9950,100,9951,150
1725858,NASDAQ-ZITO,7929,50,7928,100,7927,150,7933,135,7934,200,7935,250
1726130,NASDAQ-CARD,9184,142,9114,30,9106,30,9190,50,9191,100,9192,150
1726130,NASDAQ-DLKV,10139,100,10137,150,10135,200,10140,37,10145,34,10147,100
1726130,NASDAQ-ETFB,11782,99,11780,150,11778,200,11788,50,11790,100,11792,150
1726130,NASDAQ-ETFB3,10061,2,10059,100,10057,150,10067,100,10069,150,10071,200
1726130,NASDAQ-FSR,9775,50,9773,100,9771,150,9783,100,9785,200,9787,250
1726130,NASDAQ-GOLD,9703,50,9702,100,9701,150,9705,10,9706,100,9707,150
1726130,NASDAQ-HT,10651,4,10649,100,10647,150,10655,50,10657,100,10659,150
1726130,NASDAQ-INA,10989,46,10987,100,10985,150,10993,50,10995,100,10997,150
1726130,NASDAQ-KOTD,8860,41,8858,100,8856,150,8864,34,8866,100,8868,150
1726130,NASDAQ-NGUP,6503,50,6502,100,6501,150,6505,50,6506,100,6507,150
1726130,NASDAQ-SIMP,9946,140,9945,250,9878,214,9953,150,9954,200,9955,250
1726130,NASDAQ-ZITO,7929,80,7928,150,7927,200,7934,109,7935,200,7936,250
1726419,NASDAQ-CARD,9190,69,9189,200,9188,250,9194,50,9195,100,9196,150
1726419,NASDAQ-DLKV,10102,50,10100,100,10098,150,10106,3,10108,100,10110,150
1726419,NASDAQ-ETFB,11726,5,11721,50,11719,100,11727,50,11729,150,11731,200
1726419,NASDAQ-ETFB3,10039,50,10037,100,10035,150,10043,50,10045,100,10047,150
1726419,NASDAQ-FSR,9808,30,9806,100,9804,150,9812,50,9814,100,9816,150
1726419,NASDAQ-GOLD,9662,50,9661,100,9660,150,9665,28,9666,150,9667,200
1726419,NASDAQ-HT,10632,50,10630,100,10628,150,10636,20,10638,100,10640,150
1726419,NASDAQ-INA,10967,50,10965,100,10963,150,10975,110,10977,200,10979,250
1726419,NASDAQ-KOTD,8860,25,8858,150,8856,200,8866,48,8868,100,8870,150
1726419,NASDAQ-NGUP,6496,50,6495,100,6494,150,6502,120,6516,2,6526,1
1726419,NASDAQ-SIMP,9946,150,9945,250,9878,214,9955,87,9975,170,10003,13
1726419,NASDAQ-ZITO,7931,70,7930,150,7929,200,7934,20,7935,100,7936,150
1726714,NASDAQ-CARD,9172,50,9171,100,9170,150,9176,99,9177,200,9178,250
1726714,NASDAQ-DLKV,10098,50,10096,100,10094,150,10102,60,10104,100,10106,150
1726714,NASDAQ-ETFB,11705,50,11703,100,11701,150,11709,6,11711,100,11713,150
1726714,NASDAQ-ETFB3,10019,50,10017,100,10015,150,10023,41,10025,100,10027,150
1726714,NASDAQ-FSR,9765,50,9763,100,9761,150,9773,131,9775,200,9777,250
1726714,NASDAQ-GOLD,9720,50,9719,100,9718,150,9722,50,9723,100,9724,150
1726714,NASDAQ-HT,10615,50,10613,100,10611,150,10619,50,10621,100,10623,150
1726714,NASDAQ-INA,10940,50,10938,100,10936,150,10948,49,10950,200,10952,250
1726714,NASDAQ-KOTD,8833,50,8831,100,8829,150,8837,39,8839,100,8841,150
1726714,NASDAQ-NGUP,6499,50,6498,100,6497,150,6503,25,6504,200,6505,250
1726714,NASDAQ-SIMP,9951,140,9950,250,9948,30,9960,178,10003,13,10004,144
1726714,NASDAQ-ZITO,7928,50,7927,100,7926,150,7932,50,7933,200,7934,250
1726976,NASDAQ-CARD,8948,50,8947,100,8946,150,8954,130,9171,10,9175,55
1726976,NASDAQ-DLKV,10077,50,10075,100,10073,150,10081,36,10083,100,10085,150
1726976,NASDAQ-ETFB,11701,122,11699,200,11697,250,11709,50,11710,56,11711,100
1726976,NASDAQ-ETFB3,10046,34,10044,150,10042,200,10052,50,10054,100,10056,150
1726976,NASDAQ-FSR,9807,50,9805,100,9803,150,9811,50,9813,100,9815,150
1726976,NASDAQ-GOLD,9712,50,9711,100,9710,150,9714,50,9715,100,9716,150
1726976,NASDAQ-HT,10629,19,10627,100,10625,150,10633,50,10635,100,10637,150
1726976,NASDAQ-INA,10971,100,10969,150,10967,200,10977,50,10979,100,10981,150
1726976,NASDAQ-KOTD,8826,30,8824,100,8822,150,8834,119,8836,200,8838,250
1726976,NASDAQ-NGUP,6490,50,6489,100,6488,150,6496,41,6516,2,6526,1
1726976,NASDAQ-SIMP,9949,150,9948,230,9947,250,9956,150,9957,250,9960,30
1726976,NASDAQ-ZITO,7930,50,7929,100,7928,150,7933,100,7934,150,7935,200
1727232,NASDAQ-CARD,8975,35,8974,150,8973,200,8978,50,8979,100,8980,150
1727232,NASDAQ-DLKV,10096,50,10094,100,10092,150,10100,50,10101,32,10102,110
1727232,NASDAQ-ETFB,11721,94,11719,150,11717,200,11727,50,11729,100,11731,150
1727232,NASDAQ-ETFB3,10044,150,10042,200,10040,250,10054,100,10056,150,10057,6
1727232,NASDAQ-FSR,9818,83,9673,10,9666,10,9830,50,9832,100,9834,150
1727232,NASDAQ-GOLD,9711,100,9710,150,9709,200,9714,50,9715,100,9716,150
1727232,NASDAQ-HT,10620,50,10618,100,10616,150,10626,50,10628,150,10630,200
1727232,NASDAQ-INA,10952,6,10951,50,10949,100,10959,123,10961,200,10963,250
1727232,NASDAQ-KOTD,8846,50,8844,100,8842,150,8850,50,8852,100,8854,150
1727232,NASDAQ-NGUP,6508,100,6507,150,6506,200,6511,50,6512,100,6513,150
1727232,NASDAQ-SIMP,9947,200,9946,250,9878,214,9956,117,10003,13,10004,144
1727232,NASDAQ-ZITO,7939,50,7938,100,7937,150,7941,50,7942,100,7943,150
1727472,NASDAQ-CARD,8940,50,8939,100,8938,150,8945,189,8946,250,8975,30
1727472,NASDAQ-DLKV,10100,144,10094,100,10092,150,10101,12,10102,110,10104,150
1727472,NASDAQ-ETFB,11721,100,11719,150,11717,200,11729,100,11731,150,11733,200
1727472,NASDAQ-ETFB3,10019,50,10017,100,10015,150,10025,50,10027,150,10029,200
1727472,NASDAQ-FSR,9792,50,9790,100,9788,150,9804,200,9878,55,9965,55
1727472,NASDAQ-GOLD,9735,94,9734,150,9733,200,9738,50,9739,100,9740,150
1727472,NASDAQ-HT,10632,70,10630,150,10628,200,10638,50,10640,100,10642,150
1727472,NASDAQ-INA,11000,50,10998,100,10996,150,11003,40,11004,50,11006,100
1727472,NASDAQ-KOTD,8861,100,8859,150,8857,200,8867,50,8869,100,8871,150
1727472,NASDAQ-NGUP,6507,50,6506,100,6505,150,6513,196,6516,2,6523,1
1727472,NASDAQ-SIMP,9943,29,9942,100,9941,150,9949,93,9956,30,9975,20
1727472,NASDAQ-ZITO,7942,50,7941,100,7940,150,7944,49,7945,100,7946,150
1727750,NASDAQ-CARD,8951,95,8950,150,8949,200,8954,50,8955,100,8956,150
1727750,NASDAQ-DLKV,10101,60,10100,121,10099,150,10109,100,10111,150,10113,200
1727750,NASDAQ-ETFB,11728,50,11726,100,11724,150,11732,50,11734,100,11736,150
1727750,NASDAQ-ETFB3,10021,96,10019,150,10017,200,10027,50,10029,100,10031,150
1727750,NASDAQ-FSR,9789,100,9787,150,9785,200,9795,50,9797,100,9799,150
1727750,NASDAQ-GOLD,9723,50,9722,100,9721,150,9725,50,9726,100,9727,150
1727750,NASDAQ-HT,10604,50,10602,100,10600,150,10612,104,10614,200,10616,250
1727750,NASDAQ-INA,10967,50,10965,100,10963,170,10971,43,10973,100,10975,150
1727750,NASDAQ-KOTD,8858,200,8856,250,8854,10,8872,150,8874,200,8876,250
1727750,NASDAQ-NGUP,6514,100,6513,150,6512,200,6516,2,6517,50,6518,100
1727750,NASDAQ-SIMP,9939,150,9938,200,9937,250,9946,17,9947,250,9956,30
1727750,NASDAQ-ZITO,7947,50,7946,100,7945,150,7949,50,7950,100,7951,150
1728072,NASDAQ-CARD,8965,55,8964,150,8963,200,8968,50,8969,100,8970,150
1728072,NASDAQ-DLKV,10074,50,10073,14,10072,100,10084,165,10086,250,10104,20
1728072,NASDAQ-ETFB,11710,50,11708,100,11706,150,11716,43,11718,150,11720,200
1728072,NASDAQ-ETFB3,10010,45,10008,100,10006,150,10014,50,10016,100,10017,3
1728072,NASDAQ-FSR,9757,50,9755,100,9753,150,9761,50,9763,100,9765,150
1728072,NASDAQ-GOLD,9745,50,9744,100,9743,150,9747,50,9748,100,9749,150
1728072,NASDAQ-HT,10585,50,10583,100,10581,150,10595,171,10597,250,10652,20
1728072,NASDAQ-INA,10970,50,10968,100,10966,150,10974,49,10976,100,10978,150
1728072,NASDAQ-KOTD,8854,10,8853,50,8851,100,8857,42,8859,100,8861,150
1728072,NASDAQ-NGUP,6517,100,6516,200,6515,250,6521,50,6522,100,6523,153
1728072,NASDAQ-SIMP,9928,50,9927,100,9926,150,9933,36,9934,250,9939,160
1728072,NASDAQ-ZITO,7934,50,7933,100,7932,150,7937,83,7938,150,7939,200
1728383,NASDAQ-CARD,8961,50,8960,100,8959,150,8963,50,8964,100,8965,150
1728383,NASDAQ-DLKV,10104,1,10061,50,10059,100,10140,37,10185,20,10212,20
1728383,NASDAQ-ETFB,11681,116,11676,50,11674,100,11682,91,11684,150,11686,200
1728383,NASDAQ-ETFB3,9998,42,9996,118,9994,150,10002,50,10004,100,10006,153
1728383,NASDAQ-FSR,9753,50,9751,100,9749,150,9761,110,9763,200,9765,250
1728383,NASDAQ-GOLD,9717,50,9716,100,9715,150,9719,18,9720,100,9721,150
1728383,NASDAQ-HT,10588,50,10586,100,10584,150,10594,82,10596,150,10598,200
1728383,NASDAQ-INA,10971,50,10969,100,10967,150,10973,28,10975,49,10977,100
1728383,NASDAQ-KOTD,8865,50,8863,100,8861,151,8869,50,8871,100,8873,150
1728383,NASDAQ-NGUP,6493,50,6492,100,6491,150,6495,50,6496,100,6497,150
1728383,NASDAQ-SIMP,9975,110,9974,250,9928,30,9980,50,9981,100,9982,150
1728383,NASDAQ-ZITO,7932,50,7931,100,7930,150,7936,80,7937,200,7938,250
1728662,NASDAQ-CARD,8947,50,8946,100,8945,230,8952,175,8953,250,8962,55
1728662,NASDAQ-DLKV,10057,50,10055,100,10053,150,10059,3,10061,50,10063,100
1728662,NASDAQ-ETFB,11676,50,11674,100,11672,150,11733,57,11789,60,11857,57
1728662,NASDAQ-ETFB3,10000,71,9998,150,9996,218,10006,44,10008,100,10010,150
1728662,NASDAQ-FSR,9744,50,9742,100,9740,150,9748,48,9750,100,9752,150
1728662,NASDAQ-GOLD,9708,50,9707,100,9706,150,9710,50,9711,100,9712,150
1728662,NASDAQ-HT,10592,50,10590,100,10588,150,10596,50,10598,100,10600,150
1728662,NASDAQ-INA,10954,50,10953,20,10952,106,10958,50,10960,100,10962,150
1728662,NASDAQ-KOTD,8905,89,8903,150,8901,200,8911,50,8913,100,8915,150
1728662,NASDAQ-NGUP,6503,100,6502,150,6501,200,6506,50,6507,100,6508,150
1728662,NASDAQ-SIMP,9991,90,9990,250,9976,30,9996,50,9997,100,9998,150
1728662,NASDAQ-ZITO,7930,50,7929,100,7928,150,7932,20,7933,100,7934,150
1728936,NASDAQ-CARD,8946,50,8945,180,8944,150,9171,10,9175,55,9245,200
1728936,NASDAQ-DLKV,10072,50,10070,100,10068,150,10076,50,10078,100,10080,150
1728936,NASDAQ-ETFB,11617,50,11615,100,11613,150,11623,82,11625,150,11627,200
1728936,NASDAQ-ETFB3,9968,3,9967,50,9966,150,9969,50,9970,100,9971,150
1728936,NASDAQ-FSR,9724,50,9722,100,9720,150,9732,100,9734,200,9736,250
1728936,NASDAQ-GOLD,9727,50,9726,100,9725,150,9729,50,9730,100,9731,150
1728936,NASDAQ-HT,10577,50,10575,100,10573,150,10587,90,10589,250,10652,20
1728936,NASDAQ-INA,10962,50,10960,100,10958,150,10966,50,10968,100,10970,150
1728936,NASDAQ-KOTD,8896,50,8894,100,8892,150,8900,50,8902,100,8904,150
1728936,NASDAQ-NGUP,6489,50,6488,100,6487,150,6491,50,6492,100,6493,150
1728936,NASDAQ-SIMP,9988,30,9987,100,9986,150,9990,30,9991,100,9992,150
1728936,NASDAQ-ZITO,7956,50,7955,100,7954,150,7958,50,7959,100,7960,150
1729186,NASDAQ-CARD,9065,50,9064,100,9063,150,9067,50,9068,100,9069,150
1729186,NASDAQ-DLKV,10070,50,10068,100,10066,170,10074,50,10076,100,10078,150
1729186,NASDAQ-ETFB,11623,250,11617,50,11615,100,11625,150,11627,200,11629,250
1729186,NASDAQ-ETFB3,9971,59,9969,50,9968,100,9972,100,9973,150,9974,200
1729186,NASDAQ-FSR,9776,50,9774,100,9772,150,9780,50,9782,100,9784,150
1729186,NASDAQ-GOLD,9702,50,9701,100,9700,150,9704,50,9705,100,9706,150
1729186,NASDAQ-HT,10632,50,10630,100,10628,150,10636,50,10638,100,10640,150
1729186,NASDAQ-INA,10978,38,10976,100,10974,150,10982,50,10984,100,10986,150
1729186,NASDAQ-KOTD,8906,50,8904,100,8902,150,8910,50,8912,100,8914,150
1729186,NASDAQ-NGUP,6488,50,6487,100,6486,150,6490,50,6491,100,6492,150
1729186,NASDAQ-SIMP,9979,50,9978,100,9977,150,9983,18,9984,200,9985,250
1729186,NASDAQ-ZITO,7960,50,7959,100,7958,150,7962,50,7963,100,7964,150
1729452,NASDAQ-CARD,9033,50,9032,100,9031,150,9035,50,9036,100,9037,150
1729452,NASDAQ-DLKV,10093,50,10091,100,10089,150,10097,50,10099,100,10101,150
1729452,NASDAQ-ETFB,11674,30,11672,100,11670,150,11678,50,11680,100,11682,150
1729452,NASDAQ-ETFB3,9970,50,9969,100,9968,150,9973,100,9974,150,9975,200
1729452,NASDAQ-FSR,9763,50,9761,100,9759,150,9767,50,9769,100,9771,150
1729452,NASDAQ-GOLD,9701,50,9700,100,9699,150,9703,50,9704,100,9705,150
1729452,NASDAQ-HT,10631,67,10629,150,10627,200,10637,50,10639,100,10641,150
1729452,NASDAQ-INA,10971,50,10969,100,10967,150,10974,32,10975,50,10977,100
1729452,NASDAQ-KOTD,8907,7,8905,100,8903,150,8911,50,8913,100,8915,150
1729452,NASDAQ-NGUP,6493,100,6492,150,6491,200,6496,50,6497,100,6498,150
1729452,NASDAQ-SIMP,9975,100,9974,150,9973,200,9981,95,9982,250,10004,144
1729452,NASDAQ-ZITO,7956,50,7955,100,7954,150,7958,50,7959,100,7960,150
1729734,NASDAQ-CARD,9030,50,9029,100,9028,150,9035,165,9036,250,9066,55
1729734,NASDAQ-DLKV,10083,50,10081,100,10079,150,10089,70,10091,150,10093,200
1729734,NASDAQ-ETFB,11678,276,11672,100,11670,150,11682,110,11684,200,11686,250
1729734,NASDAQ-ETFB3,9970,36,9969,100,9968,150,9972,50,9973,100,9974,150
1729734,NASDAQ-FSR,9749,30,9747,100,9745,150,9753,50,9755,100,9757,150
1729734,NASDAQ-GOLD,9693,50,9692,100,9691,150,9695,50,9696,100,9697,150
1729734,NASDAQ-HT,10648,50,10646,100,10644,150,10652,70,10654,100,10656,150
1729734,NASDAQ-INA,10993,30,10991,100,10989,150,10997,50,10999,100,11001,150
1729734,NASDAQ-KOTD,8915,27,8913,100,8911,230,8919,50,8921,100,8923,150
1729734,NASDAQ-NGUP,6487,50,6486,100,6485,150,6491,73,6492,200,6493,250
1729734,NASDAQ-SIMP,9963,50,9962,100,9961,150,9966,24,9967,150,9968,200
1729734,NASDAQ-ZITO,7967,50,7966,100,7965,150,7969,50,7970,100,7971,150
1730018,NASDAQ-CARD,9162,95,9161,150,9160,200,9165,50,9166,100,9167,150
1730018,NASDAQ-DLKV,10059,50,10057,100,10055,150,10063,50,10065,100,10067,150
1730018,NASDAQ-ETFB,11692,43,11690,150,11688,200,11698,44,11700,100,11702,150
1730018,NASDAQ-ETFB3,9969,50,9968,100,9967,150,9973,34,9974,200,9975,250
1730018,NASDAQ-FSR,9743,50,9741,100,9739,150,9747,50,9749,100,9751,150
1730018,NASDAQ-GOLD,9746,200,9745,250,9694,100,9751,50,9752,100,9753,150
1730018,NASDAQ-HT,10623,50,10621,100,10619,150,10629,50,10631,150,10633,200
1730018,NASDAQ-INA,11012,30,11010,100,11008,150,11016,50,11018,100,11020,150
1730018,NASDAQ-KOTD,8872,50,8870,100,8868,150,8882,188,8884,250,8911,1
1730018,NASDAQ-NGUP,6499,100,6498,150,6497,200,6502,50,6503,100,6504,150
1730018,NASDAQ-SIMP,9975,140,9974,250,9928,30,9980,50,9981,100,9982,150
1730018,NASDAQ-ZITO,7986,133,7985,200,7984,250,7990,50,7991,100,7992,150
1730320,NASDAQ-CARD,9149,50,9148,100,9147,150,9153,95,9154,200,9155,250
1730320,NASDAQ-DLKV,10033,50,10031,100,10029,150,10045,186,10050,20,10079,1
1730320,NASDAQ-ETFB,11690,150,11688,200,11686,250,11698,49,11699,57,11700,100
1730320,NASDAQ-ETFB3,9966,50,9965,50,9964,100,9971,87,10017,3,10040,60
1730320,NASDAQ-FSR,9706,50,9704,100,9702,150,9710,50,9712,100,9714,150
1730320,NASDAQ-GOLD,9747,30,9746,100,9745,150,9749,50,9750,100,9751,150
1730320,NASDAQ-HT,10645,50,10643,100,10641,150,10649,50,10651,100,10653,150
1730320,NASDAQ-INA,11048,40,11046,100,11044,150,11052,50,11054,100,11056,150
1730320,NASDAQ-KOTD,8925,49,8923,100,8921,150,8929,50,8931,100,8933,150
1730320,NASDAQ-NGUP,6489,50,6488,100,6487,150,6491,23,6492,100,6493,150
1730320,NASDAQ-SIMP,9994,223,9928,30,9878,214,10000,50,10001,100,10002,150
1730320,NASDAQ-ZITO,7897,19,7888,20,7884,20,8001,46,8002,50,8003,100
1730583,NASDAQ-CARD,9147,50,9146,100,9145,150,9152,39,9153,250,9171,10
1730583,NASDAQ-DLKV,10074,49,10072,100,10070,150,10078,33,10079,1,10080,100
1730583,NASDAQ-ETFB,11680,50,11678,326,11677,55,11690,172,11692,250,11733,57
1730583,NASDAQ-ETFB3,9980,50,9979,100,9978,150,9982,47,9983,100,9984,150
1730583,NASDAQ-FSR,9690,50,9688,100,9686,150,9694,50,9696,100,9698,150
1730583,NASDAQ-GOLD,9778,50,9777,100,9776,150,9780,50,9781,100,9782,150
1730583,NASDAQ-HT,10631,50,10629,100,10627,150,10635,50,10637,100,10639,150
1730583,NASDAQ-INA,11058,229,11020,1,10953,20,11070,50,11072,100,11074,150
1730583,NASDAQ-KOTD,8930,48,8928,100,8926,150,8934,50,8936,100,8938,150
1730583,NASDAQ-NGUP,6512,84,6511,150,6510,200,6515,50,6516,101,6517,150
1730583,NASDAQ-SIMP,9991,90,9990,250,9928,30,9997,58,9998,150,9999,200
1730583,NASDAQ-ZITO,8013,100,8012,150,8011,200,8016,50,8017,100,8018,150
1730857,NASDAQ-CARD,9159,170,9158,250,9152,80,9164,4,9165,100,9166,150
1730857,NASDAQ-DLKV,10060,50,10058,100,10056,150,10072,135,10079,1,10083,117
1730857,NASDAQ-ETFB,11689,50,11687,100,11685,150,11691,56,11693,45,11695,100
1730857,NASDAQ-ETFB3,9979,100,9978,150,9977,200,9983,89,9984,150,9985,200
1730857,NASDAQ-FSR,9712,50,9710,150,9708,200,9718,50,9720,100,9722,150
1730857,NASDAQ-GOLD,9784,50,9783,100,9782,150,9786,50,9787,100,9788,150
1730857,NASDAQ-HT,10609,50,10607,100,10605,150,10617,131,10619,200,10621,250
1730857,NASDAQ-INA,10978,49,10976,100,10974,150,10986,149,10988,200,10990,250
1730857,NASDAQ-KOTD,8907,50,8905,100,8903,150,8911,50,8913,100,8915,150
1730857,NASDAQ-NGUP,6480,50,6479,100,6478,150,6482,50,6483,100,6484,150
1730857,NASDAQ-SIMP,9928,20,9878,214,9877,108,10000,100,10001,150,10002,200
1730857,NASDAQ-ZITO,7897,19,7888,20,7884,20,8018,50,8019,100,8020,150
1731128,NASDAQ-CARD,9142,50,9141,100,9140,150,9145,19,9146,150,9147,200
1731128,NASDAQ-DLKV,10052,50,10050,100,10048,150,10058,74,10060,209,10062,200
1731128,NASDAQ-ETFB,11697,28,11695,100,11693,150,11701,48,11703,100,11705,150
1731128,NASDAQ-ETFB3,9980,18,9979,100,9978,150,9982,50,9983,100,9984,150
1731128,NASDAQ-FSR,9666,10,9664,50,9662,100,9668,40,9670,100,9672,150
1731128,NASDAQ-GOLD,9796,50,9795,100,9794,150,9798,50,9799,100,9800,150
1731128,NASDAQ-HT,10623,50,10621,100,10619,150,10627,50,10629,100,10631,150
1731128,NASDAQ-INA,11009,50,11007,100,11005,150,11013,50,11015,100,11017,150
1731128,NASDAQ-KOTD,8899,150,8897,200,8895,250,8907,48,8909,100,8911,150
1731128,NASDAQ-NGUP,6479,100,6478,150,6477,200,6483,55,6484,150,6485,200
1731128,NASDAQ-SIMP,9995,122,9994,250,9928,20,10003,200,10004,250,10007,85
1731128,NASDAQ-ZITO,8007,50,8006,100,8005,150,8009,50,8010,100,8011,150
1731441,NASDAQ-CARD,9132,50,9131,100,9130,150,9136,147,9137,200,9138,250
1731441,NASDAQ-DLKV,10042,50,10040,100,10038,150,10050,100,10052,200,10054,250
1731441,NASDAQ-ETFB,11697,50,11695,100,11693,150,11705,11,11707,200,11709,250
1731441,NASDAQ-ETFB3,9982,30,9980,50,9979,100,9983,100,9984,150,9985,200
1731441,NASDAQ-FSR,9685,30,9683,100,9681,150,9689,50,9691,100,9693,150
1731441,NASDAQ-GOLD,9776,50,9775,100,9774,150,9778,50,9779,100,9780,150
1731441,NASDAQ-HT,10601,50,10599,100,10597,150,10605,30,10607,100,10609,150
1731441,NASDAQ-INA,11014,50,11012,100,11010,150,11018,50,11020,100,11022,150
1731441,NASDAQ-KOTD,8931,50,8929,100,8927,150,8935,50,8937,100,8939,150
1731441,NASDAQ-NGUP,6501,50,6500,150,6499,200,6504,50,6505,100,6506,150
1731441,NASDAQ-SIMP,9993,30,9992,100,9991,150,9997,18,9998,200,9999,250
1731441,NASDAQ-ZITO,8022,98,8021,200,8020,250,8026,50,8027,100,8028,150
1731766,NASDAQ-CARD,9155,150,9154,200,9153,250,9159,50,9160,100,9161,150
1731766,NASDAQ-DLKV,10049,50,10047,150,10045,200,10057,100,10059,150,10061,200
1731766,NASDAQ-ETFB,11701,50,11697,50,11696,57,11707,79,11709,250,11733,57
1731766,NASDAQ-ETFB3,9980,50,9979,100,9978,150,9984,150,9985,200,9986,250
1731766,NASDAQ-FSR,9695,73,9693,200,9691,250,9703,50,9705,100,9707,150
1731766,NASDAQ-GOLD,9775,50,9774,100,9773,150,9777,50,9778,100,9779,150
1731766,NASDAQ-HT,10613,50,10611,100,10609,150,10617,50,10619,100,10621,150
1731766,NASDAQ-INA,11011,50,11009,100,11007,150,11015,50,11017,100,11019,150
1731766,NASDAQ-KOTD,8907,80,8906,50,8904,100,8910,50,8912,100,8914,150
1731766,NASDAQ-NGUP,6471,50,6470,100,6469,150,6474,45,6475,150,6476,200
1731766,NASDAQ-SIMP,9984,50,9983,100,9982,150,9988,128,9989,200,9990,250
1731766,NASDAQ-ZITO,8033,123,7990,20,7897,19,8039,50,8040,100,8041,150
1731927,NASDAQ-CARD,9175,30,9174,150,9173,200,9178,50,9179,100,9180,150
1731927,NASDAQ-DLKV,10022,50,10020,100,10018,150,10028,50,10030,150,10032,200
1731927,NASDAQ-ETFB,11735,85,11733,150,11731,200,11741,50,11743,100,11745,150
1731927,NASDAQ-ETFB3,9980,50,9979,100,9978,150,9983,96,9984,150,9985,200
1731927,NASDAQ-FSR,9702,140,9700,200,9698,250,9710,50,9712,100,9714,150
1731927,NASDAQ-GOLD,9741,50,9740,100,9739,150,9743,50,9744,100,9745,150
1731927,NASDAQ-HT,10620,23,10618,100,10616,150,10624,50,10626,155,10628,150
1731927,NASDAQ-INA,11009,50,11007,100,11005,150,11013,50,11015,100,11017,150
1731927,NASDAQ-KOTD,8907,30,8902,50,8900,100,8908,76,8910,150,8912,200
1731927,NASDAQ-NGUP,6477,50,6476,100,6475,150,6479,50,6480,100,6481,150
1731927,NASDAQ-SIMP,9971,50,9970,100,9969,150,9973,50,9974,100,9975,150
1731927,NASDAQ-ZITO,8033,16,8032,150,8031,200,8036,50,8037,100,8038,150
1732234,NASDAQ-CARD,9418,81,9036,10,9017,20,9424,50,9425,100,9426,150
1732234,NASDAQ-DLKV,10009,20,10007,50,10005,100,10011,50,10013,100,10015,150
1732234,NASDAQ-ETFB,11733,50,11731,100,11729,150,11737,50,11739,100,11741,150
1732234,NASDAQ-ETFB3,10000,50,9998,100,9996,150,10004,50,10006,100,10008,150
1732234,NASDAQ-FSR,9692,50,9690,100,9688,150,9696,50,9698,100,9700,150
1732234,NASDAQ-GOLD,9778,50,9777,100,9776,150,9780,50,9781,100,9782,150
1732234,NASDAQ-HT,10608,50,10606,100,10604,150,10612,50,10614,100,10616,150
1732234,NASDAQ-INA,10991,50,10990,2,10989,100,10995,50,10997,100,10999,150
1732234,NASDAQ-KOTD,8908,80,8907,20,8906,50,8910,50,8912,100,8914,150
1732234,NASDAQ-NGUP,6486,50,6485,100,6484,150,6488,50,6489,100,6490,150
1732234,NASDAQ-SIMP,10001,50,10000,100,9999,150,10003,50,10004,100,10005,150
1732234,NASDAQ-ZITO,8013,50,8012,100,8011,150,8015,50,8016,100,8017,150
1732534,NASDAQ-CARD,9421,139,9420,250,9178,200,9427,100,9428,150,9429,200
1732534,NASDAQ-DLKV,10029,44,10027,100,10025,150,10033,50,10035,100,10037,150
1732534,NASDAQ-ETFB,11729,93,11727,250,11706,10,11739,50,11741,100,11743,150
1732534,NASDAQ-ETFB3,9999,83,9997,250,9983,206,10009,50,10011,100,10013,150
1732534,NASDAQ-FSR,9707,30,9705,100,9703,150,9711,50,9713,100,9715,150
1732534,NASDAQ-GOLD,9767,50,9766,100,9765,150,9769,50,9770,100,9771,150
1732534,NASDAQ-HT,10603,50,10601,100,10599,150,10609,28,10611,150,10613,200
1732534,NASDAQ-INA,10988,20,10985,50,10983,100,10993,131,10995,200,10997,250
1732534,NASDAQ-KOTD,8905,200,8903,250,8900,20,8915,50,8917,100,8919,150
1732534,NASDAQ-NGUP,6476,50,6475,100,6474,150,6480,72,6481,200,6482,250
1732534,NASDAQ-SIMP,9968,50,9967,100,9966,150,9970,50,9971,100,9972,150
1732534,NASDAQ-ZITO,7995,50,7994,100,7993,150,7997,26,7998,100,7999,150
1732846,NASDAQ-CARD,9417,50,9416,100,9415,150,9423,42,9471,200,9476,200
1732846,NASDAQ-DLKV,10028,100,10026,150,10024,200,10036,12,10038,150,10040,200
1732846,NASDAQ-ETFB,11724,116,11722,200,11720,250,11734,17,11736,150,11738,200
1732846,NASDAQ-ETFB3,10001,94,9999,200,9997,250,10011,100,10013,150,10015,200
1732846,NASDAQ-FSR,9698,50,9696,100,9694,150,9702,18,9704,100,9706,150
1732846,NASDAQ-GOLD,9758,50,9757,100,9756,150,9761,100,9762,150,9763,200
1732846,NASDAQ-HT,10594,50,10592,100,10590,150,10600,64,10602,150,10604,200
1732846,NASDAQ-INA,10989,50,10988,20,10987,100,10995,33,10997,150,10999,200
1732846,NASDAQ-KOTD,8884,50,8882,150,8880,150,8890,10,8892,150,8894,200
1732846,NASDAQ-NGUP,6471,50,6470,100,6469,150,6475,72,6476,200,6477,250
1732846,NASDAQ-SIMP,9982,50,9981,100,9980,150,9984,50,9985,100,9986,150
1732846,NASDAQ-ZITO,8009,50,8008,100,8007,150,8011,50,8012,100,8013,150
1733178,NASDAQ-CARD,9651,17,9650,250,9423,108,9656,50,9657,100,9658,150
1733178,NASDAQ-DLKV,9996,50,9995,100,9994,150,9999,70,10000,150,10001,200
1733178,NASDAQ-ETFB,11725,154,11723,250,11706,10,11741,200,11743,250,11789,60
1733178,NASDAQ-ETFB3,10001,4,9999,100,9997,150,10007,4,10009,150,10011,200
1733178,NASDAQ-FSR,9706,83,9704,150,9702,200,9712,50,9714,100,9716,150
1733178,NASDAQ-GOLD,9770,50,9769,100,9768,150,9772,50,9773,100,9774,150
1733178,NASDAQ-HT,10619,50,10617,100,10615,150,10623,50,10625,100,10626,55
1733178,NASDAQ-INA,10993,29,10991,100,10989,150,10999,100,11001,150,11003,200
1733178,NASDAQ-KOTD,8901,50,8899,100,8897,150,8904,20,8905,50,8907,100
1733178,NASDAQ-NGUP,6504,97,6503,150,6502,200,6507,50,6508,100,6509,150
1733178,NASDAQ-SIMP,9978,50,9977,100,9976,150,9983,184,9984,250,10001,160
1733178,NASDAQ-ZITO,8017,55,8016,150,8015,200,8020,50,8021,100,8022,150
1733461,NASDAQ-CARD,9668,131,9423,248,9178,200,9674,50,9675,100,9676,150
1733461,NASDAQ-DLKV,10016,50,10014,100,10012,150,10020,50,10022,100,10024,150
1733461,NASDAQ-ETFB,11729,70,11727,150,11725,200,11739,70,11741,200,11743,250
1733461,NASDAQ-ETFB3,9985,50,9984,100,9983,356,9987,50,9988,100,9989,150
1733461,NASDAQ-FSR,9721,83,9719,150,9717,200,9727,50,9729,100,9731,150
1733461,NASDAQ-GOLD,9775,50,9774,100,9773,150,9777,50,9778,100,9779,150
1733461,NASDAQ-HT,10622,95,10621,20,10567,20,10634,50,10635,55,10636,100
1733461,NASDAQ-INA,10973,50,10971,100,10969,150,10977,24,10979,100,10981,150
1733461,NASDAQ-KOTD,8934,50,8932,100,8930,150,8938,50,8940,100,8942,150
1733461,NASDAQ-NGUP,6521,53,6520,150,6519,200,6523,3,6524,50,6525,100
1733461,NASDAQ-SIMP,9990,105,9989,200,9988,250,9994,50,9995,100,9996,150
1733461,NASDAQ-ZITO,8041,95,8040,150,8039,200,8044,50,8045,100,8046,150
1733746,NASDAQ-CARD,9660,50,9659,100,9658,150,9664,57,9665,200,9666,250
1733746,NASDAQ-DLKV,10058,49,10056,100,10054,150,10062,50,10064,100,10066,150
1733746,NASDAQ-ETFB,11731,50,11729,100,11727,150,11735,50,11737,100,11739,150
1733746,NASDAQ-ETFB3,10002,50,10000,100,9998,150,10006,50,10008,100,10010,150
1733746,NASDAQ-FSR,9729,50,9727,150,9725,200,9735,50,9737,100,9739,150
1733746,NASDAQ-GOLD,9761,50,9760,100,9759,150,9765,150,9766,200,9767,250
1733746,NASDAQ-HT,10597,50,10595,100,10593,150,10601,30,10603,100,10605,150
1733746,NASDAQ-INA,10964,50,10962,100,10960,150,10972,82,10974,200,10976,250
1733746,NASDAQ-KOTD,8945,99,8943,150,8941,200,8951,50,8953,100,8955,150
1733746,NASDAQ-NGUP,6537,49,6536,100,6535,150,6539,50,6540,102,6541,150
1733746,NASDAQ-SIMP,9972,50,9971,100,9970,150,9974,30,9975,120,9976,150
1733746,NASDAQ-ZITO,8028,50,8027,100,8026,150,8030,50,8031,100,8032,150
1734041,NASDAQ-CARD,9845,26,9423,248,9351,200,9851,50,9852,100,9853,150
1734041,NASDAQ-DLKV,10026,50,10024,100,10022,150,10030,30,10032,100,10034,150
1734041,NASDAQ-ETFB,11770,50,11768,100,11766,150,11774,50,11776,100,11778,150
1734041,NASDAQ-ETFB3,9981,50,9980,100,9979,150,9985,108,9986,200,9987,250
1734041,NASDAQ-FSR,9721,50,9719,100,9717,150,9727,100,9729,150,9731,200
1734041,NASDAQ-GOLD,9776,50,9775,100,9774,150,9778,50,9779,100,9780,150
1734041,NASDAQ-HT,10635,2,10633,100,10631,150,10639,50,10641,100,10643,150
1734041,NASDAQ-INA,11004,50,11002,100,11000,150,11008,50,11010,100,11012,150
1734041,NASDAQ-KOTD,8953,31,8951,200,8949,250,8961,50,8963,100,8965,150
1734041,NASDAQ-NGUP,6524,50,6523,100,6522,150,6527,90,6528,150,6529,200
1734041,NASDAQ-SIMP,9975,60,9974,150,9973,200,9978,50,9979,100,9980,150
1734041,NASDAQ-ZITO,8048,30,8047,150,8046,200,8051,50,8052,100,8053,150
1734314,NASDAQ-CARD,9856,249,9847,20,9665,10,9862,50,9863,100,9864,150
1734314,NASDAQ-DLKV,10059,140,10057,200,10055,250,10067,55,10069,100,10071,205
1734314,NASDAQ-ETFB,11764,51,11762,250,11735,179,11780,38,11782,250,11789,60
1734314,NASDAQ-ETFB3,9981,50,9980,100,9979,150,9987,33,10040,60,10057,6
1734314,NASDAQ-FSR,9734,50,9732,100,9730,150,9738,50,9740,100,9742,150
1734314,NASDAQ-GOLD,9789,50,9788,100,9787,150,9791,50,9792,100,9793,150
1734314,NASDAQ-HT,10651,48,10649,250,10567,20,10661,50,10663,100,10665,150
1734314,NASDAQ-INA,10922,51,10917,50,10915,100,10927,150,10929,250,11010,20
1734314,NASDAQ-KOTD,8942,50,8940,100,8938,150,8946,50,8948,100,8950,150
1734314,NASDAQ-NGUP,6529,50,6528,100,6527,150,6531,50,6532,100,6533,150
1734314,NASDAQ-SIMP,9989,120,9988,200,9987,250,9993,50,9994,100,9995,150
1734314,NASDAQ-ZITO,8045,150,8044,200,8043,250,8049,50,8050,100,8051,150
1734635,NASDAQ-CARD,9850,41,9849,250,9847,20,9859,45,9919,20,9921,21
1734635,NASDAQ-DLKV,10067,17,10021,10,10001,1,10085,50,10087,100,10089,150
1734635,NASDAQ-ETFB,11763,57,11757,200,11755,250,11771,67,11773,200,11775,250
1734635,NASDAQ-ETFB3,9979,50,9978,100,9977,150,10040,60,10057,6,10083,25
1734635,NASDAQ-FSR,9732,50,9730,100,9728,150,9738,73,9740,150,9742,200
1734635,NASDAQ-GOLD,9765,50,9764,100,9763,150,9768,33,9769,150,9770,200
1734635,NASDAQ-HT,10647,50,10645,100,10643,150,10651,50,10653,100,10655,150
1734635,NASDAQ-INA,10984,50,10982,100,10980,150,10988,50,10990,100,10992,150
1734635,NASDAQ-KOTD,8933,50,8931,100,8929,150,8937,40,8939,100,8941,150
1734635,NASDAQ-NGUP,6519,50,6518,100,6517,150,6525,37,6540,2,6543,5
1734635,NASDAQ-SIMP,9978,50,9977,100,9976,150,9980,50,9981,100,9982,150
1734635,NASDAQ-ZITO,8038,200,8037,250,8021,20,8043,50,8044,100,8045,150
1734916,NASDAQ-CARD,9821,179,9820,250,9665,10,10130,60,10150,50,10414,36
1734916,NASDAQ-DLKV,10076,233,10037,20,10021,10,10088,50,10090,117,10092,150
1734916,NASDAQ-ETFB,11758,50,11756,100,11754,150,11768,162,11770,250,11772,57
1734916,NASDAQ-ETFB3,9965,50,9964,100,9963,150,9967,50,9968,100,9969,150
1734916,NASDAQ-FSR,9753,96,9751,200,9749,250,9761,50,9763,100,9765,150
1734916,NASDAQ-GOLD,9781,50,9780,100,9779,150,9783,50,9784,100,9785,150
1734916,NASDAQ-HT,10663,30,10661,150,10659,200,10669,50,10671,100,10673,150
1734916,NASDAQ-INA,10983,50,10981,100,10979,150,10991,80,10993,200,10995,250
1734916,NASDAQ-KOTD,8934,150,8932,220,8930,250,8942,50,8944,100,8946,150
1734916,NASDAQ-NGUP,6523,100,6522,150,6521,200,6526,2,6527,100,6528,150
1734916,NASDAQ-SIMP,9928,20,9896,20,9878,214,9989,10,9992,50,9993,100
1734916,NASDAQ-ZITO,8072,124,8021,20,8019,20,8078,50,8079,100,8080,150
1735165,NASDAQ-CARD,9665,10,9664,30,9556,400,10040,90,10041,150,10042,200
1735165,NASDAQ-DLKV,10072,66,10070,200,10068,250,10080,50,10082,100,10084,150
1735165,NASDAQ-ETFB,11768,46,11766,50,11764,100,11774,57,11776,200,11778,250
1735165,NASDAQ-ETFB3,9969,3,9965,50,9964,100,9971,150,10040,60,10057,6
1735165,NASDAQ-FSR,9750,100,9748,150,9746,200,9756,50,9758,100,9760,150
1735165,NASDAQ-GOLD,9755,50,9754,120,9753,150,9759,83,9760,200,9761,250
1735165,NASDAQ-HT,10639,50,10637,100,10635,150,10643,50,10645,100,10647,150
1735165,NASDAQ-INA,11001,49,10999,100,10997,150,11005,50,11007,100,11009,150
1735165,NASDAQ-KOTD,8930,49,8928,100,8926,150,8936,33,8938,150,8940,200
1735165,NASDAQ-NGUP,6501,50,6500,100,6499,150,6504,79,6505,150,6506,200
1735165,NASDAQ-SIMP,9978,30,9977,100,9976,150,9981,52,9982,150,9983,200
1735165,NASDAQ-ZITO,8036,44,8035,200,8034,250,8040,50,8041,100,8042,150
1735421,NASDAQ-CARD,10039,50,10038,100,10037,150,10041,50,10042,100,10043,150
1735421,NASDAQ-DLKV,10061,50,10059,100,10057,150,10065,50,10067,100,10069,150
1735421,NASDAQ-ETFB,11766,50,11764,100,11762,150,11772,82,11774,150,11775,55
1735421,NASDAQ-ETFB3,9990,50,9989,100,9988,150,9992,50,9993,100,9994,150
1735421,NASDAQ-FSR,9747,50,9745,100,9743,150,9751,50,9753,100,9755,150
1735421,NASDAQ-GOLD,9771,50,9770,100,9769,150,9773,50,9774,100,9775,150
1735421,NASDAQ-HT,10627,50,10625,100,10623,150,10631,50,10633,100,10635,150
1735421,NASDAQ-INA,11000,50,10998,100,10996,150,11004,50,11006,100,11008,150
1735421,NASDAQ-KOTD,8931,30,8929,100,8927,150,8935,50,8937,100,8939,150
1735421,NASDAQ-NGUP,6484,50,6483,100,6482,150,6486,50,6487,100,6488,150
1735421,NASDAQ-SIMP,9977,100,9976,150,9975,200,9978,42,9980,50,9981,100
1735421,NASDAQ-ZITO,8053,50,8052,100,8051,150,8055,50,8056,100,8057,150
1735691,NASDAQ-CARD,10037,150,9665,10,9664,30,10043,50,10044,100,10045,150
1735691,NASDAQ-DLKV,10083,50,10081,100,10079,150,10087,50,10089,100,10091,150
1735691,NASDAQ-ETFB,11796,50,11794,100,11792,150,11800,50,11802,100,11804,150
1735691,NASDAQ-ETFB3,9990,49,9989,100,9988,150,9993,100,9994,150,9995,200
1735691,NASDAQ-FSR,9775,203,9705,20,9688,20,9787,50,9789,100,9791,150
1735691,NASDAQ-GOLD,9749,50,9748,100,9747,150,9755,84,9890,10,10004,20
1735691,NASDAQ-HT,10633,41,10631,150,10629,200,10639,50,10641,100,10643,150
1735691,NASDAQ-INA,11004,200,11002,250,10927,50,11014,50,11016,100,11018,150
1735691,NASDAQ-KOTD,8951,95,8949,150,8947,200,8957,50,8959,100,8961,150
1735691,NASDAQ-NGUP,6501,100,6500,150,6499,200,6504,50,6505,100,6506,150
1735691,NASDAQ-SIMP,9976,28,9975,200,9974,250,9982,133,9983,200,9984,250
1735691,NASDAQ-ZITO,8054,87,8053,200,8052,250,8058,50,8059,100,8060,150
1736023,NASDAQ-CARD,10053,132,10052,200,10051,250,10057,50,10058,100,10059,150
1736023,NASDAQ-DLKV,10068,20,10037,20,10021,10,10109,50,10111,130,10113,150
1736023,NASDAQ-ETFB,11811,4,11809,200,11807,250,11819,50,11821,100,11823,150
1736023,NASDAQ-ETFB3,9977,50,9976,100,9975,150,10040,60,10057,6,10083,25
1736023,NASDAQ-FSR,9753,83,9751,150,9749,200,9759,50,9761,100,9763,150
1736023,NASDAQ-GOLD,9736,50,9735,100,9734,150,9890,10,10004,20,10115,10
1736023,NASDAQ-HT,10651,40,10649,150,10647,200,10657,50,10659,100,10661,150
1736023,NASDAQ-INA,11033,36,11031,100,11029,150,11037,50,11039,100,11041,150
1736023,NASDAQ-KOTD,8950,50,8948,100,8946,150,8954,50,8956,100,8958,150
1736023,NASDAQ-NGUP,6502,50,6501,150,6500,200,6506,65,6507,150,6508,200
1736023,NASDAQ-SIMP,9943,20,9928,20,9896,20,9980,50,9981,100,9982,150
1736023,NASDAQ-ZITO,8036,20,8035,50,8034,100,8038,70,8039,150,8040,200
1736288,NASDAQ-CARD,10073,50,10072,100,10071,150,10075,50,10076,100,10077,150
1736288,NASDAQ-DLKV,10115,50,10113,100,10111,150,10119,50,10121,100,10123,150
1736288,NASDAQ-ETFB,11806,150,11804,200,11802,250,11814,50,11816,100,11818,150
1736288,NASDAQ-ETFB3,9984,50,9983,100,9982,150,9986,49,9987,100,9988,150
1736288,NASDAQ-FSR,9786,83,9784,150,9782,200,9792,50,9794,100,9796,150
1736288,NASDAQ-GOLD,9760,150,9759,200,9758,250,9764,50,9765,100,9766,150
1736288,NASDAQ-HT,10645,28,10643,100,10641,150,10649,50,10651,100,10653,150
1736288,NASDAQ-INA,11005,20,11003,50,11001,100,11011,71,11013,200,11015,250
1736288,NASDAQ-KOTD,8943,50,8941,100,8939,152,8947,50,8949,100,8951,150
1736288,NASDAQ-NGUP,6490,50,6489,100,6488,150,6493,49,6494,150,6495,200
1736288,NASDAQ-SIMP,9972,10,9971,100,9970,150,9974,50,9975,100,9976,150
1736288,NASDAQ-ZITO,8056,50,8055,100,8054,150,8058,50,8059,100,8060,150
1736575,NASDAQ-CARD,10049,50,10048,100,10047,150,10052,85,10053,150,10054,200
1736575,NASDAQ-DLKV,10076,50,10074,100,10072,150,10080,30,10082,100,10084,150
1736575,NASDAQ-ETFB,11823,77,11821,200,11819,250,11831,50,11833,100,11835,150
1736575,NASDAQ-ETFB3,9981,50,9980,100,9979,150,9987,250,10040,60,10057,6
1736575,NASDAQ-FSR,9733,50,9731,100,9729,150,9737,10,9739,100,9741,150
1736575,NASDAQ-GOLD,9798,50,9797,100,9796,150,9800,50,9801,100,9802,150
1736575,NASDAQ-HT,10631,50,10629,100,10627,150,10635,30,10637,100,10639,150
1736575,NASDAQ-INA,10985,50,10983,100,10981,150,10989,50,10991,100,10993,150
1736575,NASDAQ-KOTD,8883,20,8882,50,8880,50,8884,49,8886,100,8888,150
1736575,NASDAQ-NGUP,6482,50,6481,100,6480,150,6484,50,6485,100,6486,150
1736575,NASDAQ-SIMP,9978,30,9977,200,9976,250,9982,50,9983,100,9984,150
1736575,NASDAQ-ZITO,8039,50,8038,180,8037,150,8041,50,8042,100,8043,150
1736862,NASDAQ-CARD,10043,50,10042,100,10041,150,10046,35,10047,150,10048,200
1736862,NASDAQ-DLKV,10062,50,10060,100,10058,150,10066,29,10068,100,10070,150
1736862,NASDAQ-ETFB,11813,50,11811,100,11810,56,11819,94,11821,150,11823,200
1736862,NASDAQ-ETFB3,9995,67,9994,150,9993,200,9998,50,9999,100,10000,150
1736862,NASDAQ-FSR,9749,50,9747,100,9745,150,9753,50,9755,100,9757,150
1736862,NASDAQ-GOLD,9794,50,9793,100,9792,150,9798,149,9799,200,9800,250
1736862,NASDAQ-HT,10674,50,10672,100,10670,150,10678,50,10680,100,10682,150
1736862,NASDAQ-INA,10959,50,10957,100,10955,150,10967,28,10969,200,10971,250
1736862,NASDAQ-KOTD,8861,1,8856,50,8854,100,8864,129,8866,200,8868,250
1736862,NASDAQ-NGUP,6478,50,6477,100,6476,150,6481,70,6482,150,6483,200
1736862,NASDAQ-SIMP,10007,52,9943,20,9928,20,10009,88,10013,50,10014,100
1736862,NASDAQ-ZITO,8027,50,8026,100,8025,150,8029,50,8030,100,8031,150
1737171,NASDAQ-CARD,9850,50,9849,100,9848,150,9852,50,9853,100,9854,150
1737171,NASDAQ-DLKV,10021,10,10020,50,10018,100,10024,21,10026,100,10028,150
1737171,NASDAQ-ETFB,11806,200,11804,250,11800,39,11816,50,11818,100,11820,208
1737171,NASDAQ-ETFB3,9996,50,9994,250,9970,55,10006,50,10008,100,10010,150
1737171,NASDAQ-FSR,9744,50,9742,100,9740,150,9748,50,9750,100,9752,150
1737171,NASDAQ-GOLD,9808,50,9807,100,9806,150,9810,50,9811,100,9812,150
1737171,NASDAQ-HT,10662,50,10660,100,10658,150,10666,50,10668,100,10670,150
1737171,NASDAQ-INA,10951,50,10949,100,10947,150,10961,163,10963,250,11001,1
1737171,NASDAQ-KOTD,8846,50,8844,100,8842,150,8852,61,8854,150,8856,200
1737171,NASDAQ-NGUP,6473,50,6472,100,6471,150,6475,50,6476,100,6477,150
1737171,NASDAQ-SIMP,9984,50,9983,100,9982,150,9986,50,9987,100,9988,150
1737171,NASDAQ-ZITO,8037,50,8036,100,8035,150,8039,50,8040,100,8041,150
1737432,NASDAQ-CARD,9842,50,9841,100,9840,150,9848,218,10043,160,10049,160
1737432,NASDAQ-DLKV,9982,10,9981,50,9980,100,9985,74,9986,200,9987,250
1737432,NASDAQ-ETFB,11822,7,11820,250,11805,58,11832,46,11834,100,11836,150
1737432,NASDAQ-ETFB3,9970,1,9969,3,9951,3,10013,200,10015,250,10040,60
1737432,NASDAQ-FSR,9705,20,9703,50,9701,100,9707,50,9709,100,9711,150
1737432,NASDAQ-GOLD,9812,50,9811,100,9810,150,9817,200,9818,250,9890,10
1737432,NASDAQ-HT,10654,50,10652,100,10650,150,10660,100,10662,150,10664,200
1737432,NASDAQ-INA,10886,80,10884,100,10882,150,10890,35,10892,100,10894,150
1737432,NASDAQ-KOTD,8814,50,8812,100,8810,150,8820,8,8822,150,8824,200
1737432,NASDAQ-NGUP,6490,100,6489,150,6488,200,6493,50,6494,100,6495,150
1737432,NASDAQ-SIMP,9988,100,9987,150,9986,252,9991,50,9992,100,9993,150
1737432,NASDAQ-ZITO,8032,200,8031,250,8021,20,8037,50,8038,100,8039,150
1737703,NASDAQ-CARD,9840,67,9839,200,9838,250,10043,160,10049,160,10130,60
1737703,NASDAQ-DLKV,9987,1,9986,50,9985,100,9988,50,9989,100,9990,150
1737703,NASDAQ-ETFB,11824,88,11822,250,11805,58,11834,50,11836,100,11838,150
1737703,NASDAQ-ETFB3,10003,38,10001,100,9999,150,10009,8,10011,150,10013,200
1737703,NASDAQ-FSR,9716,50,9714,150,9712,200,9722,50,9724,100,9726,150
1737703,NASDAQ-GOLD,9827,50,9826,100,9825,150,9829,50,9830,100,9831,150
1737703,NASDAQ-HT,10649,50,10647,100,10645,150,10653,50,10655,100,10657,150
1737703,NASDAQ-INA,10894,1,10892,50,10890,150,10898,50,10900,100,10902,150
1737703,NASDAQ-KOTD,8812,50,8810,100,8808,150,8818,85,8820,150,8822,200
1737703,NASDAQ-NGUP,6483,50,6482,100,6481,150,6486,50,6487,150,6488,200
1737703,NASDAQ-SIMP,9991,50,9990,150,9989,200,9995,100,9996,150,9997,200
1737703,NASDAQ-ZITO,8032,50,8031,100,8030,150,8034,50,8035,100,8036,150
1737974,NASDAQ-CARD,10120,159,10119,250,9739,200,10125,50,10126,100,10127,150
1737974,NASDAQ-DLKV,10007,48,10005,100,10003,150,10011,50,10013,100,10015,150
1737974,NASDAQ-ETFB,11814,48,11812,150,11810,200,11822,91,11824,150,11826,200
1737974,NASDAQ-ETFB3,9996,200,9995,250,9970,1,9999,64,10002,77,10003,150
1737974,NASDAQ-FSR,9735,83,9733,150,9731,200,9741,50,9743,100,9745,150
1737974,NASDAQ-GOLD,9816,50,9815,100,9814,150,9821,77,9822,250,9890,10
1737974,NASDAQ-HT,10652,100,10650,150,10648,200,10658,50,10660,100,10662,150
1737974,NASDAQ-INA,10867,50,10865,100,10863,150,10875,150,10877,200,10879,250
1737974,NASDAQ-KOTD,8809,50,8807,100,8805,150,8817,35,8819,200,8821,250
1737974,NASDAQ-NGUP,6501,100,6500,150,6499,200,6504,50,6505,100,6506,153
1737974,NASDAQ-SIMP,9977,30,9976,100,9975,150,9981,105,9982,200,9983,250
1737974,NASDAQ-ZITO,8035,50,8034,100,8033,150,8037,50,8038,100,8039,150
1738241,NASDAQ-CARD,10131,197,10043,30,9739,200,10137,50,10138,100,10139,150
1738241,NASDAQ-DLKV,9984,50,9983,100,9982,160,9987,53,9988,150,9989,200
1738241,NASDAQ-ETFB,11847,183,11845,250,11805,58,11857,104,11859,100,11861,150
1738241,NASDAQ-ETFB3,9970,1,9969,3,9951,3,10004,25,10005,250,10040,60
1738241,NASDAQ-FSR,9737,18,9735,150,9733,200,9743,50,9745,100,9747,150
1738241,NASDAQ-GOLD,9784,50,9783,100,9782,150,9789,191,9790,250,9807,20
1738241,NASDAQ-HT,10647,50,10645,100,10643,150,10651,50,10653,100,10655,150
1738241,NASDAQ-INA,10857,50,10855,100,10853,150,10867,12,10869,250,10960,80
1738241,NASDAQ-KOTD,8831,15,8829,100,8827,150,8835,50,8837,100,8839,150
1738241,NASDAQ-NGUP,6515,49,6514,150,6513,200,6518,50,6519,100,6520,153
1738241,NASDAQ-SIMP,9987,190,9986,250,9943,20,9992,50,9993,100,9994,150
1738241,NASDAQ-ZITO,8028,50,8027,100,8026,150,8031,100,8032,150,8033,200
1738572,NASDAQ-CARD,10123,100,10122,150,10121,200,10129,37,10130,250,10150,45
1738572,NASDAQ-DLKV,10029,50,10027,100,10025,150,10033,50,10035,100,10037,150
1738572,NASDAQ-ETFB,11828,46,11826,150,11824,200,11838,135,11840,200,11842,250
1738572,NASDAQ-ETFB3,10026,100,10024,200,10022,250,10034,50,10036,100,10038,150
1738572,NASDAQ-FSR,9720,50,9718,100,9716,150,9724,50,9726,100,9728,150
1738572,NASDAQ-GOLD,9782,50,9781,100,9780,150,9787,15,9788,250,9807,20
1738572,NASDAQ-HT,10648,27,10646,100,10644,150,10652,50,10654,100,10656,150
1738572,NASDAQ-INA,10819,50,10817,100,10815,150,10827,105,10829,200,10831,250
1738572,NASDAQ-KOTD,8793,50,8791,120,8789,150,8799,11,8801,150,8803,200
1738572,NASDAQ-NGUP,6510,50,6509,100,6508,150,6512,37,6513,100,6514,150
1738572,NASDAQ-SIMP,9981,30,9980,100,9979,150,9986,120,9987,250,10009,88
1738572,NASDAQ-ZITO,8021,50,8020,100,8019,150,8023,50,8024,100,8025,150
1738847,NASDAQ-CARD,10144,50,10143,100,10142,150,10148,149,10149,200,10150,295
1738847,NASDAQ-DLKV,10025,90,10023,200,10021,250,10033,45,10035,100,10037,150
1738847,NASDAQ-ETFB,11828,38,11826,150,11824,200,11836,15,11838,150,11839,57
1738847,NASDAQ-ETFB3,10024,138,10022,250,9970,1,10034,41,10036,100,10038,150
1738847,NASDAQ-FSR,9731,27,9729,100,9727,150,9735,50,9737,100,9739,150
1738847,NASDAQ-GOLD,9794,50,9793,100,9792,150,9798,144,9799,200,9800,250
1738847,NASDAQ-HT,10650,23,10648,100,10646,150,10654,50,10656,100,10658,150
1738847,NASDAQ-INA,10808,30,10807,50,10806,20,10815,76,10817,200,10819,250
1738847,NASDAQ-KOTD,8791,20,8789,50,8787,100,8795,89,8797,150,8799,200
1738847,NASDAQ-NGUP,6520,97,6519,150,6518,200,6523,50,6524,100,6525,150
1738847,NASDAQ-SIMP,9952,50,9951,100,9950,150,9954,50,9955,100,9956,150
1738847,NASDAQ-ZITO,8024,50,8023,100,8022,150,8026,50,8027,100,8028,200
1739126,NASDAQ-CARD,10349,45,10348,150,10347,200,10352,50,10353,100,10354,150
1739126,NASDAQ-DLKV,9980,50,9979,100,9978,150,9983,62,9984,150,9985,200
1739126,NASDAQ-ETFB,11805,58,11803,50,11801,100,11809,93,11811,150,11813,200
1739126,NASDAQ-ETFB3,9939,50,9938,100,9937,150,9941,2,9942,100,9943,150
1739126,NASDAQ-FSR,9730,106,9728,200,9726,250,9738,50,9740,100,9742,150
1739126,NASDAQ-GOLD,9829,30,9828,100,9827,150,9831,50,9832,100,9833,150
1739126,NASDAQ-HT,10622,50,10620,100,10618,150,10626,50,10628,100,10630,150
1739126,NASDAQ-INA,10808,55,10806,120,10804,150,10816,146,10818,200,10820,250
1739126,NASDAQ-KOTD,8804,50,8802,100,8800,150,8808,50,8810,100,8812,150
1739126,NASDAQ-NGUP,6524,53,6523,150,6522,200,6527,50,6528,100,6529,150
1739126,NASDAQ-SIMP,9949,200,9948,250,9943,20,9955,100,9956,150,9957,200
1739126,NASDAQ-ZITO,8007,50,8006,100,8005,150,8009,50,8010,100,8011,150
1739404,NASDAQ-CARD,10377,39,10376,250,10148,30,10382,50,10383,100,10384,150
1739404,NASDAQ-DLKV,9969,50,9968,100,9967,150,9973,130,9974,200,9975,250
1739404,NASDAQ-ETFB,11765,55,11762,50,11760,100,11766,50,11768,100,11770,150
1739404,NASDAQ-ETFB3,9936,141,9935,250,9928,50,9943,45,9944,200,9945,250
1739404,NASDAQ-FSR,9726,50,9724,100,9722,150,9730,50,9732,100,9734,150
1739404,NASDAQ-GOLD,9846,50,9845,100,9844,150,9848,50,9849,100,9850,150
1739404,NASDAQ-HT,10658,50,10656,100,10654,150,10662,50,10664,100,10666,150
1739404,NASDAQ-INA,10829,50,10827,100,10825,150,10833,50,10835,100,10837,150
1739404,NASDAQ-KOTD,8802,50,8800,100,8798,150,8806,40,8808,100,8810,150
1739404,NASDAQ-NGUP,6524,97,6523,150,6522,200,6527,49,6528,100,6529,150
1739404,NASDAQ-SIMP,9954,235,9943,20,9928,20,9960,50,9961,100,9962,150
1739404,NASDAQ-ZITO,8005,50,8004,200,8003,250,8010,100,8011,150,8012,200
1739743,NASDAQ-CARD,10391,30,10390,100,10389,150,10393,50,10394,100,10395,150
1739743,NASDAQ-DLKV,9980,50,9979,100,9978,150,9982,50,9983,100,9984,150
1739743,NASDAQ-ETFB,11769,115,11767,200,11765,305,11777,50,11779,100,11781,150
1739743,NASDAQ-ETFB3,9935,231,9928,50,9926,50,9970,219,10040,60,10057,6
1739743,NASDAQ-FSR,9705,20,9703,20,9688,20,9760,50,9762,100,9764,150
1739743,NASDAQ-GOLD,9816,50,9815,100,9814,150,9821,74,9822,250,9890,10
1739743,NASDAQ-HT,10660,50,10658,100,10656,150,10664,50,10666,100,10668,150
1739743,NASDAQ-INA,10837,50,10835,100,10833,150,10843,100,10845,150,10847,200
1739743,NASDAQ-KOTD,8818,20,8816,100,8814,150,8822,50,8824,100,8826,150
1739743,NASDAQ-NGUP,6549,136,6548,200,6547,250,6553,50,6554,100,6555,150
1739743,NASDAQ-SIMP,9945,25,9944,200,9943,270,10009,88,10016,144,10020,50
1739743,NASDAQ-ZITO,8001,50,8000,100,7999,150,8004,100,8005,150,8006,200
1740020,NASDAQ-CARD,10221,50,10220,100,10219,150,10226,50,10227,250,10414,36
1740020,NASDAQ-DLKV,9942,50,9941,100,9940,150,9944,20,9945,100,9946,150
1740020,NASDAQ-ETFB,11737,50,11735,100,11733,150,11745,83,11747,200,11749,250
1740020,NASDAQ-ETFB3,9900,50,9899,100,9898,150,9903,41,9904,150,9905,200
1740020,NASDAQ-FSR,9755,30,9753,100,9751,150,9759,50,9761,100,9763,150
1740020,NASDAQ-GOLD,9849,50,9848,100,9847,150,9851,50,9852,100,9853,150
1740020,NASDAQ-HT,10658,34,10656,150,10654,200,10663,20,10664,50,10666,100
1740020,NASDAQ-INA,10861,50,10859,100,10857,150,10865,50,10867,100,10869,150
1740020,NASDAQ-KOTD,8821,28,8819,200,8817,250,8829,50,8831,100,8833,150
1740020,NASDAQ-NGUP,6548,83,6547,150,6546,200,6552,98,6553,151,6554,200
1740020,NASDAQ-SIMP,9974,185,9973,250,9943,20,9982,198,9983,250,10009,88
1740020,NASDAQ-ZITO,7997,50,7996,100,7995,150,7999,50,8000,100,8001,150
1740266,NASDAQ-CARD,10213,50,10212,100,10211,150,10391,60,10414,36,10415,41
1740266,NASDAQ-DLKV,9988,50,9987,100,9986,150,9990,50,9991,100,9992,150
1740266,NASDAQ-ETFB,11730,7,11726,50,11724,100,11732,100,11734,150,11736,200
1740266,NASDAQ-ETFB3,9893,150,9892,200,9891,250,9900,80,9901,250,9970,219
1740266,NASDAQ-FSR,9775,18,9773,250,9736,20,9785,50,9787,100,9789,150
1740266,NASDAQ-GOLD,9843,50,9842,100,9841,150,9849,165,9890,10,10004,20
1740266,NASDAQ-HT,10621,50,10619,100,10617,150,10625,50,10627,100,10629,150
1740266,NASDAQ-INA,10893,50,10891,100,10889,150,10897,50,10899,100,10901,150
1740266,NASDAQ-KOTD,8796,50,8795,80,8794,100,8800,39,8802,100,8804,150
1740266,NASDAQ-NGUP,6570,28,6569,200,6568,250,6574,50,6575,100,6576,150
1740266,NASDAQ-SIMP,9988,185,9987,250,9943,18,9993,50,9994,100,9995,150
1740266,NASDAQ-ZITO,7976,50,7975,100,7974,150,7978,50,7979,100,7980,150
1740535,NASDAQ-CARD,10243,50,10242,100,10241,150,10245,50,10246,100,10247,150
1740535,NASDAQ-DLKV,9979,50,9978,100,9977,150,9981,50,9982,100,9983,150
1740535,NASDAQ-ETFB,11710,50,11708,100,11706,160,11714,50,11716,100,11718,150
1740535,NASDAQ-ETFB3,9900,50,9899,100,9898,150,9902,50,9903,100,9904,150
1740535,NASDAQ-FSR,9746,50,9744,100,9742,150,9752,50,9754,150,9756,200
1740535,NASDAQ-GOLD,9854,50,9853,100,9852,150,9856,50,9857,100,9858,150
1740535,NASDAQ-HT,10602,50,10600,100,10598,150,10606,30,10608,100,10610,150
1740535,NASDAQ-INA,10890,30,10888,100,10886,150,10894,50,10896,100,10898,150
1740535,NASDAQ-KOTD,8767,50,8765,100,8763,150,8771,20,8773,100,8775,150
1740535,NASDAQ-NGUP,6539,50,6538,100,6537,150,6541,21,6542,100,6543,150
1740535,NASDAQ-SIMP,10025,20,10021,107,10020,250,10026,50,10027,100,10028,150
1740535,NASDAQ-ZITO,7981,50,7980,100,7979,150,7983,50,7984,100,7985,150
1740820,NASDAQ-CARD,10233,50,10232,100,10231,150,10391,55,10414,36,10415,41
1740820,NASDAQ-DLKV,10013,200,10011,250,9918,20,10023,50,10025,100,10027,150
1740820,NASDAQ-ETFB,11708,50,11706,160,11704,200,11716,100,11718,150,11720,200
1740820,NASDAQ-ETFB3,9881,50,9880,100,9879,150,9884,88,9885,150,9886,200
1740820,NASDAQ-FSR,9772,87,9770,150,9768,200,9778,50,9780,100,9782,150
1740820,NASDAQ-GOLD,9858,160,9857,250,9828,20,9863,50,9864,100,9865,150
1740820,NASDAQ-HT,10602,50,10600,100,10598,150,10608,100,10610,150,10612,200
1740820,NASDAQ-INA,10857,50,10855,100,10853,150,10867,3,10869,250,11001,1
1740820,NASDAQ-KOTD,8802,70,8800,150,8798,200,8808,50,8810,100,8812,150
1740820,NASDAQ-NGUP,6540,10,6539,150,6538,200,6544,28,6545,150,6546,200
1740820,NASDAQ-SIMP,9943,18,9928,20,9896,20,10029,190,10030,250,10033,20
1740820,NASDAQ-ZITO,7988,50,7987,100,7986,150,7990,50,7991,100,7992,150
1741124,NASDAQ-CARD,10526,93,10525,150,10524,200,10529,50,10530,100,10531,150
1741124,NASDAQ-DLKV,10032,76,10030,200,10028,250,10040,50,10042,100,10044,150
1741124,NASDAQ-ETFB,11721,50,11719,100,11717,150,11725,50,11727,100,11729,150
1741124,NASDAQ-ETFB3,9881,50,9880,100,9879,150,9970,219,10040,60,10057,6
1741124,NASDAQ-FSR,9736,20,9731,20,9705,20,9785,50,9787,100,9789,150
1741124,NASDAQ-GOLD,9837,50,9836,100,9835,150,9839,50,9840,100,9841,150
1741124,NASDAQ-HT,10603,28,10601,100,10599,150,10611,52,10613,200,10615,250
1741124,NASDAQ-INA,10828,50,10826,100,10824,170,11001,1,11011,20,11134,20
1741124,NASDAQ-KOTD,8797,50,8795,100,8793,150,8803,83,8805,150,8807,200
1741124,NASDAQ-NGUP,6534,50,6533,100,6532,150,6538,133,6539,200,6540,250
1741124,NASDAQ-SIMP,10004,92,10003,150,10002,200,10010,140,10011,250,10033,20
1741124,NASDAQ-ZITO,7994,50,7993,100,7992,150,7996,50,7997,100,7998,150
1741433,NASDAQ-CARD,10504,50,10503,100,10502,150,10506,9,10507,100,10508,150
1741433,NASDAQ-DLKV,10006,50,10004,100,10002,150,10010,50,10012,100,10014,150
1741433,NASDAQ-ETFB,11689,50,11688,56,11687,100,11695,94,11697,150,11699,200
1741433,NASDAQ-ETFB3,9853,50,9852,100,9851,150,9855,50,9856,100,9857,150
1741433,NASDAQ-FSR,9762,50,9760,100,9758,150,9766,50,9768,100,9770,150
1741433,NASDAQ-GOLD,9798,50,9797,50,9796,100,9800,50,9801,150,9802,200
1741433,NASDAQ-HT,10617,50,10615,100,10613,150,10621,50,10623,100,10625,150
1741433,NASDAQ-INA,10817,50,10815,100,10813,150,10821,50,10823,100,10824,32
1741433,NASDAQ-KOTD,8789,20,8787,50,8785,100,8791,50,8793,100,8795,150
1741433,NASDAQ-NGUP,6539,50,6538,100,6537,150,6541,50,6542,100,6543,150
1741433,NASDAQ-SIMP,10000,50,9999,100,9998,150,10002,30,10003,100,10004,150
1741433,NASDAQ-ZITO,7993,50,7992,100,7991,150,7996,20,7997,150,7998,200
1741712,NASDAQ-CARD,10513,110,10506,30,10391,30,10519,50,10520,100,10521,150
1741712,NASDAQ-DLKV,10003,137,10001,250,9878,18,10013,50,10015,100,10017,150
1741712,NASDAQ-ETFB,11680,50,11678,100,11677,55,11684,50,11686,100,11688,150
1741712,NASDAQ-ETFB3,9853,50,9852,100,9851,150,9858,40,9859,250,9970,219
1741712,NASDAQ-FSR,9772,160,9770,250,9736,20,9782,50,9784,100,9786,150
1741712,NASDAQ-GOLD,9829,50,9828,100,9827,150,9831,50,9832,100,9833,150
1741712,NASDAQ-HT,10607,50,10605,100,10603,150,10611,50,10613,100,10615,150
1741712,NASDAQ-INA,10776,50,10774,100,10772,150,10786,120,10788,250,10795,20
1741712,NASDAQ-KOTD,8780,100,8778,150,8776,200,8786,50,8788,100,8790,150
1741712,NASDAQ-NGUP,6534,50,6533,100,6532,150,6537,60,6538,150,6539,200
1741712,NASDAQ-SIMP,10036,150,9943,18,9928,20,10038,191,10042,50,10043,100
1741712,NASDAQ-ZITO,7984,50,7983,100,7982,150,7987,30,7988,150,7989,200
1741995,NASDAQ-CARD,10513,100,10512,150,10511,200,10537,36,10557,180,10709,10
1741995,NASDAQ-DLKV,9995,50,9994,100,9993,150,9997,50,9998,100,9999,150
1741995,NASDAQ-ETFB,11691,30,11689,100,11687,150,11695,50,11696,58,11697,100
1741995,NASDAQ-ETFB3,9879,50,9878,100,9877,150,9881,50,9882,100,9883,150
1741995,NASDAQ-FSR,9752,50,9750,100,9748,150,9756,50,9758,100,9760,150
1741995,NASDAQ-GOLD,9843,50,9842,100,9841,150,9845,50,9846,100,9847,150
1741995,NASDAQ-HT,10603,50,10601,100,10599,150,10607,50,10609,100,10611,150
1741995,NASDAQ-INA,10748,50,10746,100,10744,150,10758,61,10760,250,10795,20
1741995,NASDAQ-KOTD,8743,50,8741,100,8739,150,8747,50,8749,100,8751,150
1741995,NASDAQ-NGUP,6526,50,6525,100,6524,150,6528,50,6529,100,6530,150
1741995,NASDAQ-SIMP,10009,112,10008,200,10007,250,10015,75,10016,200,10017,250
1741995,NASDAQ-ZITO,7973,50,7972,100,7971,150,7978,110,7979,250,8028,50
1742280,NASDAQ-CARD,10509,50,10508,100,10507,150,10514,109,10515,250,10537,29
1742280,NASDAQ-DLKV,9992,83,9991,150,9990,200,9997,10,9998,200,9999,250
1742280,NASDAQ-ETFB,11689,94,11687,150,11685,200,11695,50,11696,115,11697,100
1742280,NASDAQ-ETFB3,9845,18,9808,21,9792,10,9883,50,9884,100,9885,150
1742280,NASDAQ-FSR,9722,20,9720,50,9718,100,9726,10,9728,150,9730,200
1742280,NASDAQ-GOLD,9855,70,9854,150,9853,200,9858,50,9859,100,9860,150
1742280,NASDAQ-HT,10613,150,10611,200,10609,250,10621,50,10623,100,10625,150
1742280,NASDAQ-INA,10706,50,10704,100,10702,150,10824,32,10828,80,11001,1
1742280,NASDAQ-KOTD,8734,50,8732,100,8730,150,8740,98,8742,150,8744,200
1742280,NASDAQ-NGUP,6522,50,6521,100,6520,150,6525,50,6526,150,6527,200
1742280,NASDAQ-SIMP,10002,100,10001,150,10000,200,10005,50,10006,100,10007,150
1742280,NASDAQ-ZITO,8001,50,8000,100,7999,150,8003,50,8004,100,8005,150
1742536,NASDAQ-CARD,10521,23,10520,250,10391,30,10529,56,10530,250,10557,180
1742536,NASDAQ-DLKV,9997,50,9994,50,9992,100,9998,50,10000,100,10002,150
1742536,NASDAQ-ETFB,11692,120,11690,200,11688,250,11696,65,11700,50,11702,100
1742536,NASDAQ-ETFB3,9881,23,9880,100,9879,150,9885,150,9886,200,9887,250
1742536,NASDAQ-FSR,9736,200,9734,250,9722,20,9746,50,9748,100,9750,150
1742536,NASDAQ-GOLD,9831,50,9830,100,9829,150,9836,200,9837,250,9890,10
1742536,NASDAQ-HT,10600,50,10598,100,10596,150,10606,50,10608,150,10610,200
1742536,NASDAQ-INA,10738,100,10736,150,10734,200,10744,50,10746,100,10748,150
1742536,NASDAQ-KOTD,8784,50,8782,100,8780,150,8788,50,8790,100,8792,150
1742536,NASDAQ-NGUP,6541,48,6540,100,6539,150,6543,50,6544,100,6545,150
1742536,NASDAQ-SIMP,9943,18,9928,20,9912,20,10016,30,10017,100,10018,150
1742536,NASDAQ-ZITO,7984,50,7983,100,7982,150,7987,93,7988,150,7989,200
1742808,NASDAQ-CARD,10503,56,10502,250,10391,30,10709,10,10710,160,10712,180
1742808,NASDAQ-DLKV,10024,50,10022,100,10020,150,10028,50,10030,100,10032,150
1742808,NASDAQ-ETFB,11698,50,11696,458,11694,150,11702,50,11704,100,11706,150
1742808,NASDAQ-ETFB3,9874,150,9873,200,9872,250,9878,50,9879,103,9880,150
1742808,NASDAQ-FSR,9749,200,9747,250,9722,20,9759,50,9761,100,9763,150
1742808,NASDAQ-GOLD,9829,200,9828,250,9798,50,9836,71,9837,200,9838,250
1742808,NASDAQ-HT,10628,50,10626,100,10624,150,10632,50,10634,100,10636,150
1742808,NASDAQ-INA,10771,50,10769,150,10767,200,10777,50,10779,100,10781,150
1742808,NASDAQ-KOTD,8845,200,8843,250,8792,1,8855,50,8857,100,8859,150
1742808,NASDAQ-NGUP,6559,50,6558,100,6557,150,6561,50,6562,100,6563,150
1742808,NASDAQ-SIMP,10018,92,10017,150,10016,200,10021,50,10022,100,10023,150
1742808,NASDAQ-ZITO,8016,50,8015,100,8014,150,8018,50,8019,100,8020,150
1743053,NASDAQ-CARD,10528,50,10527,100,10526,150,10530,50,10531,100,10532,150
1743053,NASDAQ-DLKV,10019,50,10017,100,10015,150,10020,3,10031,186,10111,1
1743053,NASDAQ-ETFB,11697,56,11696,322,11694,150,11706,42,11708,200,11710,250
1743053,NASDAQ-ETFB3,9876,50,9875,100,9874,150,9881,175,9882,250,9970,219
1743053,NASDAQ-FSR,9736,50,9734,100,9732,150,9740,50,9742,100,9744,150
1743053,NASDAQ-GOLD,9834,50,9833,100,9832,150,9837,98,9838,150,9839,200
1743053,NASDAQ-HT,10629,50,10627,100,10625,150,10633,50,10635,100,10637,150
1743053,NASDAQ-INA,10791,97,10789,150,10787,200,10797,50,10799,100,10801,150
1743053,NASDAQ-KOTD,8844,97,8842,150,8840,200,8850,50,8852,100,8854,150
1743053,NASDAQ-NGUP,6564,93,6563,200,6562,250,6568,50,6569,102,6570,150
1743053,NASDAQ-SIMP,9943,18,9928,20,9912,20,10027,50,10028,100,10029,150
1743053,NASDAQ-ZITO,8019,20,8018,150,8017,200,8022,50,8023,100,8024,150
1743301,NASDAQ-CARD,10520,50,10519,100,10518,150,10522,20,10523,100,10524,150
1743301,NASDAQ-DLKV,10042,50,10040,100,10038,150,10046,50,10048,100,10050,150
1743301,NASDAQ-ETFB,11685,50,11683,100,11681,150,11697,228,11733,55,11778,56
1743301,NASDAQ-ETFB3,9874,50,9873,100,9872,150,9879,200,9880,250,9970,219
1743301,NASDAQ-FSR,9727,50,9725,100,9723,150,9731,12,9733,100,9735,150
1743301,NASDAQ-GOLD,9838,100,9837,200,9836,250,9842,50,9843,100,9844,150
1743301,NASDAQ-HT,10607,50,10605,100,10603,150,10611,50,10613,100,10615,150
1743301,NASDAQ-INA,10817,50,10815,100,10813,150,10821,50,10823,100,10824,32
1743301,NASDAQ-KOTD,8825,50,8823,100,8821,150,8829,50,8831,100,8833,150
1743301,NASDAQ-NGUP,6552,50,6551,100,6550,150,6554,50,6555,100,6556,150
1743301,NASDAQ-SIMP,10035,80,10034,150,10033,200,10036,150,10038,241,10039,100
1743301,NASDAQ-ZITO,8019,50,8018,100,8017,150,8021,50,8022,100,8023,150
1743603,NASDAQ-CARD,10391,30,10208,20,10148,30,10528,50,10529,100,10530,150
1743603,NASDAQ-DLKV,10040,100,10038,150,10036,200,10042,89,10046,50,10048,100
1743603,NASDAQ-ETFB,11677,55,11674,50,11672,100,11682,72,11684,200,11686,250
1743603,NASDAQ-ETFB3,9874,50,9873,100,9872,150,9970,219,10040,60,10057,6
1743603,NASDAQ-FSR,9735,38,9733,100,9731,150,9739,50,9741,100,9743,150
1743603,NASDAQ-GOLD,9834,50,9833,100,9832,150,9840,230,9890,10,10004,20
1743603,NASDAQ-HT,10611,100,10609,100,10607,150,10615,50,10617,100,10619,150
1743603,NASDAQ-INA,10810,50,10808,100,10806,150,10820,200,10822,250,11001,1
1743603,NASDAQ-KOTD,8798,50,8796,100,8794,150,8804,50,8806,150,8808,200
1743603,NASDAQ-NGUP,6552,100,6551,200,6550,250,6556,49,6557,100,6558,150
1743603,NASDAQ-SIMP,10027,32,9943,18,9928,20,10035,160,10036,200,10037,250
1743603,NASDAQ-ZITO,8008,50,8007,100,8006,150,8012,120,8013,200,8014,250
1743882,NASDAQ-CARD,10208,17,10148,30,10129,140,10534,50,10535,100,10536,150
1743882,NASDAQ-DLKV,10043,117,10041,250,10020,50,10053,50,10055,100,10057,150
1743882,NASDAQ-ETFB,11671,50,11669,100,11667,150,11679,114,11681,200,11683,304
1743882,NASDAQ-ETFB3,9873,47,9872,100,9871,150,9875,50,9876,100,9877,150
1743882,NASDAQ-FSR,9737,232,9722,20,9705,20,9749,50,9751,100,9753,150
1743882,NASDAQ-GOLD,9788,50,9787,150,9786,150,9791,100,9792,150,9793,200
1743882,NASDAQ-HT,10595,50,10593,100,10591,150,10605,193,10607,250,10703,54
1743882,NASDAQ-INA,10781,50,10779,100,10777,150,10787,21,10789,150,10791,200
1743882,NASDAQ-KOTD,8785,50,8783,100,8781,150,8795,56,8797,250,8935,20
1743882,NASDAQ-NGUP,6542,50,6541,100,6540,150,6544,50,6545,100,6546,150
1743882,NASDAQ-SIMP,10028,31,10027,250,10025,20,10033,50,10034,100,10035,150
1743882,NASDAQ-ZITO,8029,100,8028,150,8027,200,8032,50,8033,100,8034,150
1744198,NASDAQ-CARD,10265,50,10264,100,10263,150,10267,50,10268,100,10269,150
1744198,NASDAQ-DLKV,10037,50,10035,100,10033,150,10041,50,10043,100,10045,150
1744198,NASDAQ-ETFB,11669,16,11667,150,11665,200,11677,19,11679,150,11681,200
1744198,NASDAQ-ETFB3,9845,50,9844,100,9843,150,9847,2,9848,100,9849,150
1744198,NASDAQ-FSR,9751,22,9749,100,9747,150,9755,50,9757,100,9759,150
1744198,NASDAQ-GOLD,9798,50,9797,100,9796,150,9800,50,9801,100,9802,150
1744198,NASDAQ-HT,10567,20,10564,50,10562,100,10570,82,10572,150,10574,200
1744198,NASDAQ-INA,10791,50,10789,100,10787,150,10795,50,10797,100,10799,150
1744198,NASDAQ-KOTD,8797,100,8795,150,8793,200,8805,100,8807,150,8809,200
1744198,NASDAQ-NGUP,6540,50,6539,100,6538,150,6543,100,6544,150,6545,200
1744198,NASDAQ-SIMP,10024,250,9943,18,9928,20,10032,116,10033,200,10034,250
1744198,NASDAQ-ZITO,8028,163,8027,250,8013,10,8033,50,8034,100,8035,150
1744458,NASDAQ-CARD,10265,40,10264,250,10208,17,10270,50,10271,100,10272,150
1744458,NASDAQ-DLKV,10049,49,10047,100,10045,150,10053,50,10055,100,10057,150
1744458,NASDAQ-ETFB,11650,47,11648,100,11646,150,11660,177,11662,250,11678,57
1744458,NASDAQ-ETFB3,9847,316,9845,50,9844,100,9848,85,9849,150,9850,200
1744458,NASDAQ-FSR,9772,74,9770,250,9737,20,9782,50,9784,100,9786,150
1744458,NASDAQ-GOLD,9784,50,9783,100,9782,150,9789,200,9790,250,9798,50
1744458,NASDAQ-HT,10605,50,10603,100,10601,150,10609,50,10611,100,10613,150
1744458,NASDAQ-INA,10801,49,10799,100,10797,150,10805,50,10807,100,10809,150
1744458,NASDAQ-KOTD,8793,49,8791,100,8789,150,8799,100,8801,150,8803,200
1744458,NASDAQ-NGUP,6531,50,6530,100,6529,150,6533,50,6534,100,6535,150
1744458,NASDAQ-SIMP,10017,12,10016,200,10015,250,10024,68,10025,250,10032,55
1744458,NASDAQ-ZITO,8024,50,8023,100,8022,150,8026,47,8027,100,8028,150
1744760,NASDAQ-CARD,10248,100,10247,150,10246,200,10365,55,10675,12,10709,10
1744760,NASDAQ-DLKV,10080,99,10078,150,10076,200,10086,50,10088,100,10090,150
1744760,NASDAQ-ETFB,11655,4,11653,100,11651,150,11665,83,11667,250,11678,57
1744760,NASDAQ-ETFB3,9839,50,9838,100,9837,150,9845,224,9873,50,9969,55
1744760,NASDAQ-FSR,9784,44,9782,150,9780,200,9790,50,9792,100,9794,150
1744760,NASDAQ-GOLD,9810,49,9751,20,9639,20,9816,50,9817,100,9818,150
1744760,NASDAQ-HT,10589,50,10587,100,10585,150,10597,150,10599,200,10601,250
1744760,NASDAQ-INA,10813,49,10811,100,10809,150,10817,50,10819,100,10821,150
1744760,NASDAQ-KOTD,8809,49,8807,150,8805,200,8815,50,8817,100,8819,150
1744760,NASDAQ-NGUP,6555,83,6554,150,6553,200,6558,50,6559,100,6560,150
1744760,NASDAQ-SIMP,9943,18,9928,20,9912,20,10033,100,10034,150,10035,200
1744760,NASDAQ-ZITO,8017,50,8016,100,8015,150,8020,41,8021,150,8022,200
1745057,NASDAQ-CARD,10015,50,10014,100,10013,150,10019,100,10020,200,10021,250
1745057,NASDAQ-DLKV,10109,45,10107,100,10105,150,10111,1,10113,50,10115,100
1745057,NASDAQ-ETFB,11659,50,11657,100,11655,150,11667,150,11669,200,11671,250
1745057,NASDAQ-ETFB3,9839,50,9838,100,9837,150,9843,61,9844,200,9845,250
1745057,NASDAQ-FSR,9808,49,9806,100,9804,150,9812,50,9814,100,9816,150
1745057,NASDAQ-GOLD,9766,50,9765,100,9764,150,9768,50,9769,100,9770,150
1745057,NASDAQ-HT,10579,50,10577,100,10575,150,10589,200,10591,250,10703,54
1745057,NASDAQ-INA,10856,45,10854,100,10852,150,10860,50,10862,100,10864,150
1745057,NASDAQ-KOTD,8815,145,8813,200,8811,250,8823,50,8825,100,8827,150
1745057,NASDAQ-NGUP,6546,50,6545,100,6544,150,6549,20,6550,150,6551,200
1745057,NASDAQ-SIMP,10031,30,10030,100,10029,150,10034,100,10035,150,10036,200
1745057,NASDAQ-ZITO,8027,50,8026,100,8025,150,8029,50,8030,100,8031,150
1745368,NASDAQ-CARD,10031,50,10030,100,10029,150,10033,50,10034,100,10035,150
1745368,NASDAQ-DLKV,10099,50,10097,100,10095,150,10103,49,10105,124,10107,150
1745368,NASDAQ-ETFB,11683,50,11681,100,11679,150,11687,50,11689,100,11691,150
1745368,NASDAQ-ETFB3,9885,100,9884,150,9883,200,9888,50,9889,100,9890,150
1745368,NASDAQ-FSR,9814,50,9812,100,9810,150,9818,50,9820,100,9822,150
1745368,NASDAQ-GOLD,9788,46,9787,150,9786,200,9791,50,9792,100,9793,150
1745368,NASDAQ-HT,10581,50,10579,100,10577,150,10589,120,10591,200,10593,250
1745368,NASDAQ-INA,10872,26,10870,100,10868,150,10876,50,10878,100,10880,150
1745368,NASDAQ-KOTD,8809,50,8807,100,8805,150,8811,24,8813,50,8815,100
1745368,NASDAQ-NGUP,6548,50,6547,100,6546,150,6550,50,6551,100,6552,150
1745368,NASDAQ-SIMP,10015,50,10014,100,10013,150,10017,30,10018,100,10019,150
1745368,NASDAQ-ZITO,8048,50,8047,150,8046,200,8051,50,8052,100,8053,150
1745506,NASDAQ-CARD,10059,90,10058,150,10057,200,10062,50,10063,100,10064,150
1745506,NASDAQ-DLKV,10116,92,10114,150,10112,200,10122,50,10124,100,10126,150
1745506,NASDAQ-ETFB,11713,5,11711,150,11709,200,11719,50,11721,100,11723,150
1745506,NASDAQ-ETFB3,9882,50,9881,100,9880,150,9886,128,9887,200,9888,250
1745506,NASDAQ-FSR,9798,50,9796,100,9794,150,9806,120,9808,200,9810,250
1745506,NASDAQ-GOLD,9784,30,9783,100,9782,150,9786,11,9787,100,9788,150
1745506,NASDAQ-HT,10584,70,10533,20,10501,20,10596,50,10598,100,10600,150
1745506,NASDAQ-INA,10871,29,10869,100,10867,150,10877,100,10879,150,10881,200
1745506,NASDAQ-KOTD,8826,25,8824,100,8822,150,8830,50,8832,100,8834,150
1745506,NASDAQ-NGUP,6555,20,6554,150,6553,200,6558,50,6559,100,6560,150
1745506,NASDAQ-SIMP,10009,50,10008,100,10007,150,10012,40,10013,150,10014,200
1745506,NASDAQ-ZITO,8046,30,8045,100,8044,150,8048,50,8049,100,8050,150
1745820,NASDAQ-CARD,10047,50,10046,100,10045,150,10052,41,10053,250,10248,80
1745820,NASDAQ-DLKV,10086,13,10085,50,10083,100,10089,50,10091,100,10093,150
1745820,NASDAQ-ETFB,11711,150,11709,200,11707,250,11721,100,11723,150,11725,200
1745820,NASDAQ-ETFB3,9881,50,9880,100,9879,150,9887,250,9969,55,9970,219
1745820,NASDAQ-FSR,9813,71,9811,150,9809,200,9819,50,9821,100,9823,150
1745820,NASDAQ-GOLD,9751,20,9639,20,9635,55,9804,50,9805,100,9806,150
1745820,NASDAQ-HT,10537,50,10535,100,10533,170,10547,125,10549,250,10703,54
1745820,NASDAQ-INA,10863,50,10861,100,10859,150,10869,14,10871,150,10873,200
1745820,NASDAQ-KOTD,8814,20,8799,76,8797,20,8875,50,8877,100,8879,150
1745820,NASDAQ-NGUP,6549,30,6548,100,6547,150,6552,15,6553,150,6554,200
1745820,NASDAQ-SIMP,10003,30,10002,100,10001,150,10007,100,10008,200,10009,250
1745820,NASDAQ-ZITO,7993,20,7897,19,7888,20,8065,50,8066,100,8067,150
1746151,NASDAQ-CARD,9969,50,9968,100,9967,150,9974,43,9975,250,10024,20
1746151,NASDAQ-DLKV,10096,44,10094,100,10092,150,10100,50,10102,100,10104,150
1746151,NASDAQ-ETFB,11711,140,11709,200,11707,250,11727,119,11733,55,11778,56
1746151,NASDAQ-ETFB3,9872,50,9871,100,9870,150,9877,95,9878,250,9969,55
1746151,NASDAQ-FSR,9820,106,9818,200,9816,250,9828,50,9830,100,9832,150
1746151,NASDAQ-GOLD,9809,70,9808,150,9807,200,9812,50,9813,100,9814,150
1746151,NASDAQ-HT,10560,50,10558,150,10556,200,10566,25,10568,100,10570,150
1746151,NASDAQ-INA,10863,19,10861,100,10859,150,10871,128,10873,200,10875,250
1746151,NASDAQ-KOTD,8854,128,8852,200,8850,250,8864,100,8866,150,8868,200
1746151,NASDAQ-NGUP,6578,74,6577,150,6576,200,6581,51,6582,100,6583,150
1746151,NASDAQ-SIMP,10019,5,10018,200,10017,250,10023,50,10024,100,10025,150
1746151,NASDAQ-ZITO,8080,50,8079,150,8078,200,8083,50,8084,100,8085,150
1746430,NASDAQ-CARD,9975,175,9974,250,9739,200,9980,50,9981,100,9982,150
1746430,NASDAQ-DLKV,10147,42,10145,100,10143,150,10151,50,10153,100,10155,150
1746430,NASDAQ-ETFB,11714,50,11712,100,11710,150,11720,56,11722,150,11724,200
1746430,NASDAQ-ETFB3,9873,25,9872,100,9871,150,9877,140,9878,200,9879,250
1746430,NASDAQ-FSR,9812,50,9810,100,9808,150,9816,50,9818,100,9820,150
1746430,NASDAQ-GOLD,9808,53,9807,200,9806,250,9812,50,9813,100,9814,150
1746430,NASDAQ-HT,10555,50,10553,100,10551,150,10563,113,10565,200,10567,250
1746430,NASDAQ-INA,10866,42,10864,100,10862,150,10874,150,10876,200,10878,250
1746430,NASDAQ-KOTD,8876,42,8874,100,8872,150,8880,50,8882,100,8884,150
1746430,NASDAQ-NGUP,6587,6,6586,250,6457,30,6591,2,6592,51,6593,100
1746430,NASDAQ-SIMP,10005,50,10004,100,10003,150,10008,75,10009,150,10010,200
1746430,NASDAQ-ZITO,8055,50,8054,100,8053,150,8057,30,8058,100,8059,150
1746692,NASDAQ-CARD,9980,50,9979,100,9978,150,9984,150,9985,200,9986,250
1746692,NASDAQ-DLKV,10164,123,10162,250,10053,50,10174,50,10176,100,10178,150
1746692,NASDAQ-ETFB,11714,50,11712,100,11710,150,11733,55,11778,56,11810,55
1746692,NASDAQ-ETFB3,9880,25,9879,178,9878,150,9882,50,9883,100,9884,150
1746692,NASDAQ-FSR,9814,87,9812,150,9810,200,9820,50,9822,100,9824,150
1746692,NASDAQ-GOLD,9751,20,9639,20,9635,55,9831,50,9832,100,9833,150
1746692,NASDAQ-HT,10568,50,10566,100,10564,150,10572,50,10574,100,10576,150
1746692,NASDAQ-INA,10822,50,10820,100,10818,150,10832,113,10834,250,10862,26
1746692,NASDAQ-KOTD,8855,50,8853,100,8851,150,8859,50,8861,100,8863,150
1746692,NASDAQ-NGUP,6570,50,6569,100,6568,150,6572,50,6573,100,6574,150
1746692,NASDAQ-SIMP,10038,67,10037,200,10036,250,10042,50,10043,100,10044,150
1746692,NASDAQ-ZITO,8057,26,8056,150,8055,200,8063,200,8064,250,8096,11
1746983,NASDAQ-CARD,10067,60,9949,20,9739,200,10073,50,10074,100,10075,150
1746983,NASDAQ-DLKV,10167,165,10165,250,10053,50,10177,50,10179,100,10181,150
1746983,NASDAQ-ETFB,11714,50,11712,100,11710,150,11722,144,11724,200,11726,250
1746983,NASDAQ-ETFB3,9902,50,9901,100,9900,150,9904,50,9905,100,9906,150
1746983,NASDAQ-FSR,9807,50,9805,100,9803,150,9811,25,9813,100,9815,150
1746983,NASDAQ-GOLD,9807,50,9806,100,9805,150,9810,30,9811,150,9812,200
1746983,NASDAQ-HT,10561,100,10559,150,10557,200,10575,54,10703,54,10742,20
1746983,NASDAQ-INA,10835,81,10833,150,10831,200,10843,51,10845,150,10847,200
1746983,NASDAQ-KOTD,8844,20,8814,20,8797,20,8890,50,8892,100,8894,150
1746983,NASDAQ-NGUP,6578,30,6577,200,6576,250,6582,50,6583,100,6584,150
1746983,NASDAQ-SIMP,10029,30,10028,100,10027,150,10032,65,10033,150,10034,200
1746983,NASDAQ-ZITO,8059,25,7993,20,7897,19,8065,50,8066,100,8067,150
1747252,NASDAQ-CARD,10068,35,10067,250,9984,80,10074,89,10075,150,10076,200
1747252,NASDAQ-DLKV,10159,50,10157,100,10155,150,10163,50,10165,100,10167,150
1747252,NASDAQ-ETFB,11734,116,11732,200,11730,250,11742,50,11744,100,11746,150
1747252,NASDAQ-ETFB3,9901,100,9900,150,9899,200,9905,100,9906,150,9907,200
1747252,NASDAQ-FSR,9815,14,9813,150,9811,200,9821,50,9823,100,9825,150
1747252,NASDAQ-GOLD,9845,75,9844,150,9843,200,9848,50,9849,100,9850,150
1747252,NASDAQ-HT,10533,20,10532,50,10530,100,10538,81,10540,150,10542,200
1747252,NASDAQ-INA,10821,50,10819,100,10817,150,10831,23,10833,250,10862,26
1747252,NASDAQ-KOTD,8862,60,8860,150,8858,200,8870,70,8872,150,8874,200
1747252,NASDAQ-NGUP,6574,50,6573,100,6572,150,6576,50,6577,100,6578,150
1747252,NASDAQ-SIMP,10024,50,10023,100,10022,150,10027,8,10028,150,10029,200
1747252,NASDAQ-ZITO,8049,50,8048,100,8047,150,8051,50,8052,100,8053,150
1747555,NASDAQ-CARD,10056,50,10055,100,10054,150,10058,25,10059,100,10060,150
1747555,NASDAQ-DLKV,10187,28,10185,100,10183,150,10191,50,10193,100,10195,150
1747555,NASDAQ-ETFB,11769,50,11767,100,11765,150,11773,50,11775,100,11777,150
1747555,NASDAQ-ETFB3,9927,50,9926,100,9925,150,9929,50,9930,100,9931,150
1747555,NASDAQ-FSR,9827,33,9825,100,9823,150,9831,50,9833,100,9835,150
1747555,NASDAQ-GOLD,9897,40,9896,100,9895,150,9899,50,9900,100,9901,150
1747555,NASDAQ-HT,10509,50,10507,100,10505,150,10513,5,10515,100,10517,150
1747555,NASDAQ-INA,10808,50,10806,100,10804,150,10816,90,10817,2,10818,200
1747555,NASDAQ-KOTD,8848,50,8846,100,8844,168,8852,30,8854,100,8856,150
1747555,NASDAQ-NGUP,6584,128,6583,200,6582,250,6588,50,6589,100,6590,150
1747555,NASDAQ-SIMP,9993,50,9992,100,9991,150,9995,6,9996,100,9997,150
1747555,NASDAQ-ZITO,8031,50,8030,100,8029,150,8096,11,8120,55,8130,10
1747823,NASDAQ-CARD,10078,70,10077,250,9984,80,10083,50,10084,100,10085,150
1747823,NASDAQ-DLKV,10170,50,10168,100,10166,150,10174,50,10176,100,10178,150
1747823,NASDAQ-ETFB,11769,50,11767,100,11765,150,11773,50,11775,100,11777,150
1747823,NASDAQ-ETFB3,9934,50,9933,100,9932,150,9936,50,9937,100,9938,150
1747823,NASDAQ-FSR,9853,50,9851,100,9849,150,9857,50,9859,100,9861,150
1747823,NASDAQ-GOLD,9877,50,9876,100,9875,150,9879,50,9880,100,9881,150
1747823,NASDAQ-HT,10559,50,10557,100,10555,150,10563,50,10565,100,10567,150
1747823,NASDAQ-INA,10806,50,10804,100,10802,150,10812,70,10814,150,10816,200
1747823,NASDAQ-KOTD,8853,100,8851,150,8849,200,8858,2,8859,50,8861,100
1747823,NASDAQ-NGUP,6578,50,6577,100,6576,150,6580,50,6581,100,6582,150
1747823,NASDAQ-SIMP,9995,50,9994,100,9993,150,9997,50,9998,100,9999,150
1747823,NASDAQ-ZITO,8036,50,8035,100,8034,150,8038,50,8039,100,8040,150
1748121,NASDAQ-CARD,9990,50,9989,100,9988,150,9994,71,9995,200,9996,250
1748121,NASDAQ-DLKV,10137,50,10135,100,10133,150,10143,72,10145,150,10147,200
1748121,NASDAQ-ETFB,11800,25,11798,150,11796,200,11806,50,11808,100,11810,205
1748121,NASDAQ-ETFB3,9941,12,9940,100,9939,150,9943,50,9944,100,9945,150
1748121,NASDAQ-FSR,9874,99,9872,150,9870,200,9878,55,9880,50,9882,100
1748121,NASDAQ-GOLD,9880,3,9879,150,9878,200,9883,25,9884,100,9885,150
1748121,NASDAQ-HT,10551,30,10549,100,10547,150,10555,8,10557,100,10559,150
1748121,NASDAQ-INA,10814,46,10812,150,10810,200,10820,50,10822,100,10824,150
1748121,NASDAQ-KOTD,8826,50,8824,100,8822,150,8830,26,8832,100,8834,150
1748121,NASDAQ-NGUP,6581,128,6580,200,6579,251,6585,50,6586,100,6587,150
1748121,NASDAQ-SIMP,10002,82,10001,200,10000,250,10006,30,10007,100,10008,150
1748121,NASDAQ-ZITO,8055,65,8054,150,8053,200,8058,50,8059,100,8060,150
1748423,NASDAQ-CARD,9989,50,9988,100,9987,150,9993,83,9994,200,9995,250
1748423,NASDAQ-DLKV,10166,90,10164,150,10162,200,10172,50,10174,100,10176,150
1748423,NASDAQ-ETFB,11768,61,11742,50,11722,100,11810,5,11815,50,11817,100
1748423,NASDAQ-ETFB3,9907,6,9902,55,9884,27,9968,50,9969,155,9970,369
1748423,NASDAQ-FSR,9875,150,9873,250,9737,20,9885,50,9887,100,9889,150
1748423,NASDAQ-GOLD,9883,28,9882,200,9881,250,9887,50,9888,100,9889,150
1748423,NASDAQ-HT,10513,100,10501,20,10493,30,10574,50,10576,100,10578,150
1748423,NASDAQ-INA,10798,20,10765,20,10748,1,10886,50,10888,100,10890,150
1748423,NASDAQ-KOTD,8836,27,8834,112,8832,150,8840,50,8842,100,8844,150
1748423,NASDAQ-NGUP,6630,39,6629,100,6628,150,6632,50,6633,100,6634,150
1748423,NASDAQ-SIMP,9979,50,9978,100,9977,150,9984,9,9985,250,10005,324
1748423,NASDAQ-ZITO,8044,50,8043,100,8042,150,8047,20,8048,150,8049,200
1748745,NASDAQ-CARD,9972,50,9971,100,9970,150,9978,236,10056,20,10078,80
1748745,NASDAQ-DLKV,10172,50,10170,100,10168,150,10176,44,10178,100,10180,150
1748745,NASDAQ-ETFB,11836,50,11834,100,11832,150,11839,57,11840,50,11842,100
1748745,NASDAQ-ETFB3,9965,32,9964,100,9963,150,9968,99,9969,205,9970,419
1748745,NASDAQ-FSR,9845,50,9843,100,9841,150,9851,90,9853,150,9855,200
1748745,NASDAQ-GOLD,9888,50,9887,100,9886,150,9891,100,9892,150,9893,200
1748745,NASDAQ-HT,10578,50,10576,100,10574,150,10582,50,10584,100,10586,150
1748745,NASDAQ-INA,10884,30,10882,100,10880,150,10888,44,10890,100,10892,150
1748745,NASDAQ-KOTD,8822,50,8820,100,8818,150,8826,44,8828,100,8830,150
1748745,NASDAQ-NGUP,6625,50,6624,100,6623,150,6628,30,6629,150,6630,200
1748745,NASDAQ-SIMP,9955,50,9954,100,9953,150,9961,132,9975,20,9983,324
1748745,NASDAQ-ZITO,8038,50,8037,100,8036,150,8040,50,8041,100,8042,150
1749046,NASDAQ-CARD,10098,148,10097,250,9978,30,10103,50,10104,100,10105,150
1749046,NASDAQ-DLKV,10199,3,10197,100,10195,150,10203,50,10205,100,10207,150
1749046,NASDAQ-ETFB,11832,22,11830,200,11828,250,11844,58,11846,200,11848,250
1749046,NASDAQ-ETFB3,9962,56,9961,250,9907,6,9965,4,9967,50,9968,100
1749046,NASDAQ-FSR,9828,50,9826,100,9824,150,9834,90,9836,150,9838,200
1749046,NASDAQ-GOLD,9893,35,9892,200,9891,250,9898,100,9899,150,9900,200
1749046,NASDAQ-HT,10567,50,10565,100,10563,150,10577,140,10579,250,10703,54
1749046,NASDAQ-INA,10893,20,10892,32,10891,100,10897,50,10899,100,10901,150
1749046,NASDAQ-KOTD,8835,50,8833,100,8831,150,8839,50,8841,100,8843,150
1749046,NASDAQ-NGUP,6614,50,6613,100,6612,150,6617,51,6618,150,6619,200
1749046,NASDAQ-SIMP,9967,14,9966,150,9965,200,9973,120,9974,250,9975,20
1749046,NASDAQ-ZITO,8024,50,8023,100,8022,150,8026,50,8027,100,8028,150
1749335,NASDAQ-CARD,9978,30,9973,252,9949,20,10113,50,10114,100,10115,150
1749335,NASDAQ-DLKV,10163,50,10161,100,10159,150,10169,60,10171,150,10173,200
1749335,NASDAQ-ETFB,11827,250,11768,61,11767,60,11839,4,11841,100,11843,150
1749335,NASDAQ-ETFB3,9963,165,9962,250,9907,6,9968,42,9969,155,9970,369
1749335,NASDAQ-FSR,9825,50,9823,100,9821,150,9831,17,9833,150,9835,200
1749335,NASDAQ-GOLD,9891,88,9890,250,9751,20,9897,90,9898,150,9899,200
1749335,NASDAQ-HT,10573,99,10571,150,10569,200,10579,50,10581,100,10583,150
1749335,NASDAQ-INA,10887,150,10885,200,10883,250,10899,150,10901,200,10903,250
1749335,NASDAQ-KOTD,8843,30,8840,50,8838,100,8844,50,8846,100,8848,150
1749335,NASDAQ-NGUP,6627,42,6626,150,6625,200,6630,50,6631,100,6632,150
1749335,NASDAQ-SIMP,10009,13,10008,250,9968,108,10014,50,10015,100,10016,150
1749335,NASDAQ-ZITO,8032,83,8031,150,8030,200,8035,50,8036,100,8037,150
1749633,NASDAQ-CARD,10074,140,10073,200,10072,250,10079,37,10080,150,10081,200
1749633,NASDAQ-DLKV,10188,50,10186,100,10184,150,10192,50,10194,100,10196,150
1749633,NASDAQ-ETFB,11824,118,11822,250,11768,61,11834,44,11836,100,11838,150
1749633,NASDAQ-ETFB3,9966,41,9965,100,9964,150,9969,155,9970,369,9971,200
1749633,NASDAQ-FSR,9840,48,9838,100,9836,150,9844,50,9846,100,9848,150
1749633,NASDAQ-GOLD,9896,22,9895,150,9894,200,9899,50,9900,100,9901,150
1749633,NASDAQ-HT,10548,50,10546,100,10544,150,10552,50,10554,100,10556,150
1749633,NASDAQ-INA,10909,50,10907,200,10905,250,10917,50,10919,100,10921,150
1749633,NASDAQ-KOTD,8835,50,8833,100,8831,150,8841,70,8843,150,8845,200
1749633,NASDAQ-NGUP,6599,50,6598,120,6597,150,6602,100,6603,150,6604,200
1749633,NASDAQ-SIMP,9985,30,9984,100,9983,150,9987,30,9988,100,9989,150
1749633,NASDAQ-ZITO,8043,70,8042,150,8041,200,8046,50,8047,100,8048,150
1749946,NASDAQ-CARD,9978,30,9973,252,9949,20,10106,50,10107,100,10108,150
1749946,NASDAQ-DLKV,10198,30,10196,100,10194,150,10202,50,10204,100,10206,150
1749946,NASDAQ-ETFB,11822,150,11820,200,11818,250,11830,50,11832,100,11834,150
1749946,NASDAQ-ETFB3,9961,50,9960,100,9959,150,9966,200,9967,250,9969,55
1749946,NASDAQ-FSR,9870,19,9868,100,9866,150,9874,60,9876,100,9878,150
1749946,NASDAQ-GOLD,9870,50,9869,100,9868,150,9872,30,9873,100,9874,150
1749946,NASDAQ-HT,10581,50,10579,100,10577,150,10585,50,10587,100,10589,150
1749946,NASDAQ-INA,10878,50,10876,100,10874,150,10888,140,10890,250,11001,1
1749946,NASDAQ-KOTD,8830,82,8828,100,8826,150,8842,239,8935,20,8939,1
1749946,NASDAQ-NGUP,6617,50,6616,100,6615,150,6619,50,6620,100,6621,150
1749946,NASDAQ-SIMP,9980,250,9968,108,9961,150,9988,50,9989,200,9990,250
1749946,NASDAQ-ZITO,8026,50,8025,100,8024,150,8028,25,8029,100,8030,150
1750306,NASDAQ-CARD,10023,115,10022,200,10021,250,10028,100,10029,150,10030,200
1750306,NASDAQ-DLKV,10185,50,10183,100,10181,150,10189,50,10191,100,10193,150
1750306,NASDAQ-ETFB,11808,50,11806,100,11804,150,11812,50,11814,100,11816,150
1750306,NASDAQ-ETFB3,9929,50,9928,100,9927,150,9932,72,9933,150,9934,200
1750306,NASDAQ-FSR,9856,50,9854,100,9852,150,9860,25,9862,100,9864,150
1750306,NASDAQ-GOLD,9896,21,9895,100,9894,150,9898,50,9899,100,9900,150
1750306,NASDAQ-HT,10577,50,10575,100,10573,150,10583,19,10585,150,10587,200
1750306,NASDAQ-INA,10896,100,10894,150,10892,200,10902,50,10904,100,10906,150
1750306,NASDAQ-KOTD,8804,50,8802,100,8800,150,8810,80,8812,150,8814,200
1750306,NASDAQ-NGUP,6590,50,6589,100,6588,150,6594,50,6595,200,6596,250
1750306,NASDAQ-SIMP,9998,103,9981,36,9968,108,10004,50,10005,100,10006,150
1750306,NASDAQ-ZITO,8070,25,8069,100,8068,150,8072,50,8073,100,8074,150
1750589,NASDAQ-CARD,10024,27,9979,72,9978,30,10031,100,10032,150,10033,200
1750589,NASDAQ-DLKV,10176,50,10174,100,10172,150,10182,97,10184,150,10186,200
1750589,NASDAQ-ETFB,11830,78,11828,200,11826,250,11838,50,11840,160,11842,150
1750589,NASDAQ-ETFB3,9943,50,9942,100,9941,150,9945,50,9946,100,9947,150
1750589,NASDAQ-FSR,9873,60,9871,200,9869,250,9881,50,9883,100,9885,150
1750589,NASDAQ-GOLD,9936,50,9935,100,9934,150,9938,50,9939,100,9940,150
1750589,NASDAQ-HT,10601,23,10599,100,10597,150,10605,50,10607,100,10609,150
1750589,NASDAQ-INA,10898,45,10896,150,10894,200,10906,15,10908,150,10910,200
1750589,NASDAQ-KOTD,8808,45,8806,100,8804,150,8812,50,8814,100,8816,150
1750589,NASDAQ-NGUP,6603,50,6602,100,6601,150,6605,50,6606,100,6607,150
1750589,NASDAQ-SIMP,10006,1,10005,200,10004,250,10010,50,10011,100,10012,150
1750589,NASDAQ-ZITO,8048,25,8047,100,8046,150,8050,50,8051,100,8052,150
1750864,NASDAQ-CARD,10017,30,10016,100,10015,150,10023,119,10024,160,10078,36
1750864,NASDAQ-DLKV,10149,50,10147,112,10145,150,10153,30,10155,100,10157,150
1750864,NASDAQ-ETFB,11853,18,11851,150,11849,200,11857,52,11859,50,11861,100
1750864,NASDAQ-ETFB3,9965,70,9964,150,9963,200,9966,80,9968,50,9969,155
1750864,NASDAQ-FSR,9859,100,9857,150,9855,200,9865,50,9867,100,9869,150
1750864,NASDAQ-GOLD,9920,34,9919,100,9918,150,9922,50,9923,100,9924,150
1750864,NASDAQ-HT,10576,80,10574,150,10572,200,10582,40,10584,100,10586,150
1750864,NASDAQ-INA,10894,30,10892,100,10890,150,10904,30,10906,250,11001,1
1750864,NASDAQ-KOTD,8781,50,8779,100,8777,150,8785,10,8787,100,8789,150
1750864,NASDAQ-NGUP,6594,7,6593,100,6592,150,6598,141,6599,200,6600,250
1750864,NASDAQ-SIMP,10018,84,10017,250,9981,36,10023,30,10024,100,10025,150
1750864,NASDAQ-ZITO,8053,25,8052,150,8051,200,8056,50,8057,100,8058,150
1751150,NASDAQ-CARD,9833,50,9832,100,9831,150,9835,50,9836,100,9837,150
1751150,NASDAQ-DLKV,10122,50,10120,100,10118,150,10126,50,10128,100,10130,150
1751150,NASDAQ-ETFB,11851,98,11849,200,11847,250,11857,52,11859,50,11861,100
1751150,NASDAQ-ETFB3,9965,126,9964,200,9963,250,9969,105,9970,319,9971,150
1751150,NASDAQ-FSR,9857,100,9855,150,9853,200,9863,50,9865,100,9867,150
1751150,NASDAQ-GOLD,9918,50,9917,100,9916,150,9921,100,9922,150,9923,200
1751150,NASDAQ-HT,10562,50,10560,100,10558,150,10566,50,10568,100,10570,150
1751150,NASDAQ-INA,10863,50,10861,100,10859,150,10871,140,10873,200,10875,250
1751150,NASDAQ-KOTD,8768,50,8766,100,8764,150,8772,50,8774,100,8776,150
1751150,NASDAQ-NGUP,6597,50,6596,100,6595,150,6599,50,6600,100,6601,150
1751150,NASDAQ-SIMP,10011,30,10010,100,10009,150,10013,30,10014,100,10015,150
1751150,NASDAQ-ZITO,8060,31,8059,100,8058,150,8062,50,8063,100,8064,150
1751454,NASDAQ-CARD,9813,50,9812,100,9811,150,9819,242,9910,55,10017,100
1751454,NASDAQ-DLKV,10118,50,10116,100,10114,150,10122,30,10124,100,10126,150
1751454,NASDAQ-ETFB,11847,2,11845,150,11843,200,11853,50,11855,100,11857,202
1751454,NASDAQ-ETFB3,9934,3,9907,6,9902,55,9968,15,9981,50,9982,100
1751454,NASDAQ-FSR,9857,175,9855,250,9814,20,9867,50,9869,100,9871,150
1751454,NASDAQ-GOLD,9915,50,9914,100,9913,150,9920,200,9921,250,10004,20
1751454,NASDAQ-HT,10557,150,10555,250,10513,94,10565,55,10567,50,10569,100
1751454,NASDAQ-INA,10866,100,10864,150,10862,200,10878,175,10880,250,11001,1
1751454,NASDAQ-KOTD,8785,50,8783,100,8781,150,8789,50,8791,100,8793,150
1751454,NASDAQ-NGUP,6630,50,6629,150,6628,200,6633,50,6634,100,6635,150
1751454,NASDAQ-SIMP,10019,7,9981,36,9968,108,10025,50,10026,261,10027,164
1751454,NASDAQ-ZITO,8063,75,8062,150,8061,200,8066,50,8067,100,8068,150
1751820,NASDAQ-CARD,9819,60,9817,50,9816,100,9822,90,9823,250,9910,54
1751820,NASDAQ-DLKV,10064,50,10062,100,10060,150,10068,50,10070,100,10072,150
1751820,NASDAQ-ETFB,11840,50,11838,100,11836,150,11846,100,11848,150,11850,200
1751820,NASDAQ-ETFB3,9979,44,9978,100,9977,150,9981,50,9982,100,9983,150
1751820,NASDAQ-FSR,9845,50,9843,100,9841,150,9851,100,9853,150,9855,200
1751820,NASDAQ-GOLD,9893,50,9892,100,9891,150,9899,96,10004,17,10115,10
1751820,NASDAQ-HT,10551,50,10549,100,10547,150,10555,50,10557,135,10559,150
1751820,NASDAQ-INA,10874,140,10872,200,10870,250,10882,50,10884,100,10886,150
1751820,NASDAQ-KOTD,8797,50,8795,100,8793,150,8801,50,8803,100,8805,150
1751820,NASDAQ-NGUP,6640,6,6639,100,6638,150,6642,50,6643,100,6644,150
1751820,NASDAQ-SIMP,10010,60,10009,150,10008,200,10015,131,10016,200,10017,250
1751820,NASDAQ-ZITO,8067,174,8066,270,8050,80,8072,50,8073,100,8074,150
1752133,NASDAQ-CARD,9876,50,9875,100,9874,150,9880,47,9881,200,9882,250
1752133,NASDAQ-DLKV,10072,90,10070,150,10068,200,10078,50,10080,100,10082,150
1752133,NASDAQ-ETFB,11822,48,11820,100,11818,150,11826,50,11828,100,11830,150
1752133,NASDAQ-ETFB3,9968,50,9967,100,9966,150,9971,100,9972,150,9973,200
1752133,NASDAQ-FSR,9849,98,9847,150,9845,200,9855,50,9857,100,9859,150
1752133,NASDAQ-GOLD,9892,50,9891,100,9890,150,9894,50,9895,100,9896,150
1752133,NASDAQ-HT,10513,94,10501,20,10493,30,10584,50,10586,100,10588,150
1752133,NASDAQ-INA,10887,100,10886,7,10885,200,10895,50,10897,100,10899,150
1752133,NASDAQ-KOTD,8804,100,8802,150,8800,200,8808,130,8810,50,8812,100
1752133,NASDAQ-NGUP,6612,50,6611,100,6610,150,6614,50,6615,100,6616,150
1752133,NASDAQ-SIMP,9999,50,9998,100,9997,150,10004,41,10005,250,10014,144
1752133,NASDAQ-ZITO,8078,50,8077,100,8076,150,8080,50,8081,100,8082,150
1752437,NASDAQ-CARD,9877,50,9876,100,9875,150,9879,50,9880,100,9881,150
1752437,NASDAQ-DLKV,10069,50,10067,100,10065,150,10070,19,10073,50,10075,100
1752437,NASDAQ-ETFB,11832,50,11830,100,11828,150,11836,50,11838,100,11840,150
1752437,NASDAQ-ETFB3,9964,100,9963,150,9962,200,9967,3,9968,100,9969,150
1752437,NASDAQ-FSR,9832,50,9830,100,9828,150,9836,50,9838,100,9839,20
1752437,NASDAQ-GOLD,9907,50,9906,100,9905,150,9909,50,9910,100,9911,150
1752437,NASDAQ-HT,10572,10,10570,150,10568,200,10575,20,10578,50,10580,100
1752437,NASDAQ-INA,10879,50,10877,100,10875,150,10883,49,10885,100,10887,150
1752437,NASDAQ-KOTD,8780,50,8778,100,8776,151,8786,89,8788,150,8790,200
1752437,NASDAQ-NGUP,6626,83,6625,150,6624,200,6629,50,6630,100,6631,150
1752437,NASDAQ-SIMP,9993,50,9992,100,9991,150,9999,136,10003,180,10004,7
1752437,NASDAQ-ZITO,8080,50,8079,100,8078,150,8082,50,8083,100,8084,150
1752717,NASDAQ-CARD,9882,50,9881,100,9880,150,9884,50,9885,100,9886,150
1752717,NASDAQ-DLKV,10028,50,10026,100,10024,150,10032,50,10034,100,10036,150
1752717,NASDAQ-ETFB,11830,66,11828,150,11826,250,11836,50,11838,100,11840,150
1752717,NASDAQ-ETFB3,9962,143,9961,250,9934,3,9967,50,9968,100,9969,150
1752717,NASDAQ-FSR,9804,50,9802,100,9800,150,9808,50,9810,100,9812,150
1752717,NASDAQ-GOLD,9919,50,9918,100,9917,150,9921,50,9922,100,9923,150
1752717,NASDAQ-HT,10521,50,10519,100,10517,150,10525,50,10527,100,10529,150
1752717,NASDAQ-INA,10845,50,10843,100,10841,150,10849,29,10851,100,10853,150
1752717,NASDAQ-KOTD,8750,50,8748,100,8746,150,8754,50,8756,100,8758,150
1752717,NASDAQ-NGUP,6574,50,6573,100,6572,150,6576,29,6577,100,6578,150
1752717,NASDAQ-SIMP,9982,50,9981,136,9980,150,9986,28,9987,200,9988,250
1752717,NASDAQ-ZITO,8061,50,8060,100,8059,150,8063,50,8064,100,8065,150
1753020,NASDAQ-CARD,9648,50,9647,100,9646,150,9910,54,10017,100,10022,180
1753020,NASDAQ-DLKV,10013,50,10011,100,10009,150,10025,212,10070,12,10116,20
1753020,NASDAQ-ETFB,11836,136,11834,200,11832,250,11844,50,11846,100,11848,150
1753020,NASDAQ-ETFB3,9907,6,9902,55,9884,27,9968,2,9969,200,9970,250
1753020,NASDAQ-FSR,9802,50,9800,100,9798,150,9803,10,9806,50,9808,100
1753020,NASDAQ-GOLD,9917,50,9916,100,9915,150,9922,129,9923,250,10004,17
1753020,NASDAQ-HT,10532,101,10530,200,10528,250,10540,50,10542,100,10544,150
1753020,NASDAQ-INA,10874,130,10872,200,10870,250,10882,50,10884,100,10886,150
1753020,NASDAQ-KOTD,8772,90,8770,150,8768,200,8778,50,8780,230,8782,150
1753020,NASDAQ-NGUP,6568,50,6567,100,6566,150,6625,10,6626,50,6642,1
1753020,NASDAQ-SIMP,9983,337,9982,250,9981,36,9988,30,9989,100,9990,150
1753020,NASDAQ-ZITO,8048,50,8047,100,8046,150,8054,150,8079,10,8096,11
1753290,NASDAQ-CARD,9628,50,9627,100,9626,150,9630,50,9631,100,9632,150
1753290,NASDAQ-DLKV,10025,140,10023,100,10021,150,10035,191,10037,250,10070,12
1753290,NASDAQ-ETFB,11838,85,11836,150,11834,200,11846,100,11848,150,11850,200
1753290,NASDAQ-ETFB3,9921,44,9920,100,9919,150,9923,44,9924,100,9925,150
1753290,NASDAQ-FSR,9787,50,9785,100,9783,150,9791,50,9793,100,9795,150
1753290,NASDAQ-GOLD,9937,32,9936,150,9935,200,9940,50,9941,100,9942,150
1753290,NASDAQ-HT,10530,50,10528,100,10526,150,10534,50,10536,100,10538,150
1753290,NASDAQ-INA,10860,50,10858,100,10856,150,10866,60,10868,150,10870,200
1753290,NASDAQ-KOTD,8729,50,8727,100,8725,150,8737,144,8739,200,8741,250
1753290,NASDAQ-NGUP,6521,50,6520,100,6519,150,6523,50,6524,100,6525,150
1753290,NASDAQ-SIMP,9983,214,9982,200,9981,286,9991,168,10003,30,10004,7
1753290,NASDAQ-ZITO,8050,45,8049,150,8048,200,8054,100,8055,150,8056,200
1753541,NASDAQ-CARD,9648,75,9647,150,9646,200,9651,50,9652,100,9653,150
1753541,NASDAQ-DLKV,10023,189,10021,250,10002,1,10033,49,10035,100,10037,150
1753541,NASDAQ-ETFB,11812,50,11810,100,11808,150,11818,49,11820,150,11822,200
1753541,NASDAQ-ETFB3,9916,152,9907,6,9902,55,9925,43,9926,250,9977,21
1753541,NASDAQ-FSR,9800,15,9798,200,9796,250,9808,50,9810,100,9812,150
1753541,NASDAQ-GOLD,9916,50,9915,100,9914,150,9918,50,9919,100,9920,150
1753541,NASDAQ-HT,10524,50,10522,100,10520,150,10528,10,10530,100,10532,150
1753541,NASDAQ-INA,10849,50,10847,100,10845,150,10859,25,10861,250,11001,1
1753541,NASDAQ-KOTD,8755,50,8753,100,8751,150,8759,50,8761,100,8763,150
1753541,NASDAQ-NGUP,6547,50,6546,100,6545,150,6549,50,6550,100,6551,150
1753541,NASDAQ-SIMP,9979,30,9978,100,9977,150,9984,109,9985,250,9987,108
1753541,NASDAQ-ZITO,8053,75,8052,150,8051,200,8056,50,8057,100,8058,150
1753795,NASDAQ-CARD,9647,50,9646,100,9645,150,9653,200,9878,20,9882,50
1753795,NASDAQ-DLKV,10047,30,10045,100,10043,150,10051,50,10053,100,10055,150
1753795,NASDAQ-ETFB,11805,50,11803,100,11801,150,11809,50,11811,100,11813,150
1753795,NASDAQ-ETFB3,9917,107,9916,250,9907,6,9924,55,9926,136,9977,21
1753795,NASDAQ-FSR,9845,30,9843,100,9841,150,9848,10,9849,50,9851,100
1753795,NASDAQ-GOLD,9902,50,9901,100,9900,150,10004,17,10115,10,10132,10
1753795,NASDAQ-HT,10535,25,10533,100,10531,150,10539,50,10541,100,10543,150
1753795,NASDAQ-INA,10856,150,10854,250,10824,20,10866,24,10868,100,10870,150
1753795,NASDAQ-KOTD,8758,84,8756,200,8754,250,8766,50,8768,100,8770,150
1753795,NASDAQ-NGUP,6566,150,6565,200,6564,250,6570,50,6571,100,6572,150
1753795,NASDAQ-SIMP,9978,250,9961,150,9956,272,9984,9,9985,100,9986,150
1753795,NASDAQ-ZITO,8070,75,8069,150,8068,200,8073,50,8074,100,8075,150
1754059,NASDAQ-CARD,9761,117,9760,250,9618,40,9767,1,9768,150,9769,200
1754059,NASDAQ-DLKV,10025,50,10023,100,10021,150,10031,80,10033,150,10035,200
1754059,NASDAQ-ETFB,11805,36,11803,100,11801,150,11809,48,11811,100,11813,150
1754059,NASDAQ-ETFB3,9909,50,9908,100,9907,156,9914,22,9915,250,9977,21
1754059,NASDAQ-FSR,9843,200,9841,250,9737,20,9853,50,9855,100,9857,150
1754059,NASDAQ-GOLD,9872,20,9870,50,9869,100,9873,75,9874,150,9875,200
1754059,NASDAQ-HT,10506,70,10504,100,10502,150,10518,190,10536,20,10575,20
1754059,NASDAQ-INA,10870,30,10868,100,10866,150,10874,50,10876,100,10878,150
1754059,NASDAQ-KOTD,8789,45,8741,1,8737,50,8801,50,8803,110,8804,50
1754059,NASDAQ-NGUP,6565,80,6564,150,6563,200,6568,50,6569,100,6570,151
1754059,NASDAQ-SIMP,9967,120,9966,250,9961,150,9975,62,9976,250,9983,108
1754059,NASDAQ-ZITO,8078,103,8077,200,8076,250,8082,50,8083,100,8084,150
1754321,NASDAQ-CARD,9734,50,9733,100,9732,150,9736,50,9737,100,9738,150
1754321,NASDAQ-DLKV,10002,1,9997,50,9878,18,10065,50,10067,100,10069,150
1754321,NASDAQ-ETFB,11801,150,11799,200,11797,250,11809,2,11811,100,11813,150
1754321,NASDAQ-ETFB3,9906,156,9905,250,9902,55,9915,55,9977,21,10040,60
1754321,NASDAQ-FSR,9861,50,9859,100,9857,150,9865,50,9867,100,9869,150
1754321,NASDAQ-GOLD,9850,50,9849,100,9848,150,9855,20,9856,250,9991,20
1754321,NASDAQ-HT,10481,50,10479,100,10477,150,10536,20,10575,20,10703,54
1754321,NASDAQ-INA,10888,28,10886,100,10884,150,10892,50,10894,100,10896,150
1754321,NASDAQ-KOTD,8809,33,8807,150,8805,200,8815,50,8817,100,8819,150
1754321,NASDAQ-NGUP,6556,50,6555,100,6554,150,6559,93,6560,150,6561,200
1754321,NASDAQ-SIMP,9977,175,9976,250,9968,36,9984,150,9985,200,9986,250
1754321,NASDAQ-ZITO,8070,50,8069,100,8068,150,8073,70,8074,150,8075,200
1754567,NASDAQ-CARD,9743,37,9742,200,9741,250,9747,48,9748,100,9749,150
1754567,NASDAQ-DLKV,10053,96,10051,150,10049,200,10059,50,10061,100,10063,150
1754567,NASDAQ-ETFB,11801,36,11799,100,11797,150,11805,50,11807,100,11808,45
1754567,NASDAQ-ETFB3,9908,50,9907,100,9906,150,9910,24,9911,100,9912,150
1754567,NASDAQ-FSR,9836,50,9834,100,9832,150,9840,50,9842,100,9844,150
1754567,NASDAQ-GOLD,9844,50,9843,100,9842,150,9846,50,9847,100,9848,150
1754567,NASDAQ-HT,10500,50,10498,100,10496,150,10504,25,10506,100,10508,150
1754567,NASDAQ-INA,10923,130,10921,200,10919,250,10931,50,10933,100,10935,150
1754567,NASDAQ-KOTD,8802,150,8800,200,8798,250,8810,25,8812,100,8814,188
1754567,NASDAQ-NGUP,6572,50,6571,100,6570,150,6574,50,6575,100,6576,150
1754567,NASDAQ-SIMP,9984,176,9968,72,9961,150,9990,338,9991,100,9992,150
1754567,NASDAQ-ZITO,8060,50,8059,100,8058,150,8063,100,8064,150,8065,200
1754694,NASDAQ-CARD,9737,50,9736,100,9735,150,9740,54,9741,150,9742,200
1754694,NASDAQ-DLKV,10047,50,10045,100,10043,150,10051,50,10053,100,10055,150
1754694,NASDAQ-ETFB,11801,50,11799,100,11797,150,11805,50,11807,100,11808,45
1754694,NASDAQ-ETFB3,9910,50,9909,100,9908,150,9912,49,9913,100,9914,150
1754694,NASDAQ-FSR,9823,50,9821,100,9819,150,9827,50,9829,100,9831,150
1754694,NASDAQ-GOLD,9830,50,9829,100,9828,150,9832,50,9833,100,9834,150
1754694,NASDAQ-HT,10494,50,10492,100,10490,150,10498,50,10500,100,10502,150
1754694,NASDAQ-INA,10913,50,10911,100,10909,150,10917,50,10919,100,10921,150
1754694,NASDAQ-KOTD,8791,50,8789,100,8787,150,8795,50,8797,100,8799,150
1754694,NASDAQ-NGUP,6583,50,6582,100,6581,150,6584,20,6585,50,6586,100
1754694,NASDAQ-SIMP,9983,50,9982,100,9981,150,9985,50,9986,100,9987,150
1754694,NASDAQ-ZITO,8092,50,8091,100,8090,150,8094,50,8095,100,8096,161
1754966,NASDAQ-CARD,9545,120,9521,200,9516,50,9878,20,9882,50,9910,54
1754966,NASDAQ-DLKV,10036,50,10034,100,10032,150,10040,50,10042,100,10044,150
1754966,NASDAQ-ETFB,11800,59,11799,100,11797,150,11805,50,11807,100,11808,45
1754966,NASDAQ-ETFB3,9875,50,9874,100,9873,150,9879,51,9880,200,9881,250
1754966,NASDAQ-FSR,9839,150,9837,200,9835,250,9847,50,9849,100,9851,150
1754966,NASDAQ-GOLD,9795,50,9794,100,9793,150,9800,83,9801,250,9991,20
1754966,NASDAQ-HT,10490,50,10488,100,10486,150,10494,50,10496,100,10498,150
1754966,NASDAQ-INA,10917,39,10915,100,10913,150,10921,50,10923,100,10925,150
1754966,NASDAQ-KOTD,8802,59,8800,150,8798,200,8808,50,8810,100,8812,150
1754966,NASDAQ-NGUP,6561,50,6560,100,6559,150,6564,54,6565,150,6566,200
1754966,NASDAQ-SIMP,9988,209,9961,150,9956,272,9994,50,9995,100,9996,150
1754966,NASDAQ-ZITO,8048,50,8047,100,8046,150,8051,30,8052,150,8053,200
1755259,NASDAQ-CARD,9503,50,9502,100,9501,150,9505,50,9506,100,9507,150
1755259,NASDAQ-DLKV,10068,50,10066,100,10064,150,10070,12,10072,50,10074,100
1755259,NASDAQ-ETFB,11778,50,11776,100,11774,150,11782,50,11784,100,11786,150
1755259,NASDAQ-ETFB3,9876,50,9875,100,9874,150,9878,50,9879,100,9880,150
1755259,NASDAQ-FSR,9855,50,9853,100,9851,150,9859,50,9860,3,9861,100
1755259,NASDAQ-GOLD,9795,50,9794,100,9793,150,9799,74,9800,200,9801,250
1755259,NASDAQ-HT,10494,50,10492,150,10490,200,10500,50,10502,100,10504,150
1755259,NASDAQ-INA,10901,50,10899,100,10897,150,10905,50,10907,100,10909,150
1755259,NASDAQ-KOTD,8799,50,8797,100,8795,150,8803,50,8805,100,8807,150
1755259,NASDAQ-NGUP,6527,50,6526,100,6525,150,6530,60,6531,150,6532,200
1755259,NASDAQ-SIMP,9992,80,9991,150,9990,200,9995,50,9996,100,9997,150
1755259,NASDAQ-ZITO,8059,50,8058,100,8057,150,8061,50,8062,100,8063,150
1755565,NASDAQ-CARD,9497,50,9496,100,9495,150,9737,80,9878,17,9882,50
1755565,NASDAQ-DLKV,10104,23,10102,100,10100,150,10108,50,10110,100,10112,150
1755565,NASDAQ-ETFB,11768,61,11767,60,11766,50,11770,50,11772,100,11774,150
1755565,NASDAQ-ETFB3,9876,46,9875,100,9874,150,9878,44,9879,100,9880,150
1755565,NASDAQ-FSR,9797,50,9795,100,9793,150,9801,50,9803,100,9805,150
1755565,NASDAQ-GOLD,9785,50,9784,100,9783,150,9790,154,9791,250,9991,20
1755565,NASDAQ-HT,10494,43,10492,150,10490,200,10500,7,10502,100,10504,150
1755565,NASDAQ-INA,10886,50,10884,100,10882,150,10890,50,10892,100,10894,150
1755565,NASDAQ-KOTD,8737,50,8734,50,8732,100,8738,50,8740,100,8742,150
1755565,NASDAQ-NGUP,6542,50,6541,100,6540,150,6544,50,6545,100,6546,150
1755565,NASDAQ-SIMP,10024,160,9995,153,9961,100,10026,161,10027,14,10030,50
1755565,NASDAQ-ZITO,8064,50,8063,100,8062,150,8066,50,8067,100,8068,150
1755872,NASDAQ-CARD,9489,50,9488,100,9487,150,9491,50,9492,100,9493,150
1755872,NASDAQ-DLKV,10090,50,10088,100,10086,150,10094,30,10096,100,10098,150
1755872,NASDAQ-ETFB,11782,94,11780,150,11778,200,11783,57,11788,50,11790,100
1755872,NASDAQ-ETFB3,9876,21,9875,100,9874,150,9878,50,9879,100,9880,150
1755872,NASDAQ-FSR,9836,50,9834,100,9832,150,9840,50,9842,100,9844,150
1755872,NASDAQ-GOLD,9748,50,9747,100,9746,150,9752,110,9753,200,9754,250
1755872,NASDAQ-HT,10485,50,10483,100,10481,150,10489,50,10491,100,10493,150
1755872,NASDAQ-INA,10910,93,10908,150,10906,200,10916,50,10917,50,10918,100
1755872,NASDAQ-KOTD,8763,50,8761,100,8759,150,8767,50,8769,100,8771,150
1755872,NASDAQ-NGUP,6566,50,6565,150,6564,200,6569,50,6570,100,6571,150
1755872,NASDAQ-SIMP,10018,50,10017,100,10016,150,10020,50,10021,100,10022,150
1755872,NASDAQ-ZITO,8061,50,8060,50,8059,100,8063,50,8064,150,8065,200
1756166,NASDAQ-CARD,9347,50,9346,100,9345,150,9489,25,9707,20,9737,80
1756166,NASDAQ-DLKV,10085,50,10083,100,10081,150,10089,1,10090,112,10091,100
1756166,NASDAQ-ETFB,11786,29,11784,100,11782,150,11790,50,11792,100,11794,150
1756166,NASDAQ-ETFB3,9887,41,9886,100,9885,150,9889,50,9890,100,9891,150
1756166,NASDAQ-FSR,9834,50,9832,100,9830,150,9840,50,9842,150,9844,200
1756166,NASDAQ-GOLD,9761,50,9760,100,9759,150,9763,50,9764,100,9765,150
1756166,NASDAQ-HT,10476,50,10474,100,10472,150,10482,15,10484,150,10486,200
1756166,NASDAQ-INA,10876,50,10874,100,10873,20,10880,50,10882,100,10884,150
1756166,NASDAQ-KOTD,8748,20,8747,50,8745,100,8750,20,8751,50,8753,100
1756166,NASDAQ-NGUP,6559,30,6558,100,6557,150,6561,50,6562,100,6563,150
1756166,NASDAQ-SIMP,9995,153,9993,252,9961,100,10024,250,10025,100,10026,311
1756166,NASDAQ-ZITO,8062,50,8061,145,8060,150,8065,74,8066,150,8067,200
1756310,NASDAQ-CARD,9362,50,9361,100,9360,150,9364,50,9365,100,9366,150
1756310,NASDAQ-DLKV,10072,50,10070,100,10068,150,10076,50,10078,100,10080,150
1756310,NASDAQ-ETFB,11786,36,11784,100,11782,150,11790,50,11792,100,11794,150
1756310,NASDAQ-ETFB3,9888,50,9887,100,9886,150,9890,50,9891,100,9892,150
1756310,NASDAQ-FSR,9836,49,9834,100,9832,150,9842,100,9844,150,9846,200
1756310,NASDAQ-GOLD,9752,50,9751,50,9750,100,9753,48,9754,100,9755,150
1756310,NASDAQ-HT,10507,50,10505,100,10503,150,10511,50,10513,100,10515,150
1756310,NASDAQ-INA,10855,50,10853,100,10851,150,10859,30,10861,100,10863,150
1756310,NASDAQ-KOTD,8751,30,8749,150,8748,20,8757,50,8759,101,8761,150
1756310,NASDAQ-NGUP,6557,50,6556,100,6555,150,6559,50,6560,100,6561,150
1756310,NASDAQ-SIMP,10022,24,10021,100,10020,150,10024,176,10025,100,10026,311
1756310,NASDAQ-ZITO,8065,50,8064,100,8063,150,8067,50,8068,100,8069,150
1756581,NASDAQ-CARD,9363,50,9362,100,9361,150,9365,50,9366,100,9367,150
1756581,NASDAQ-DLKV,10106,140,10104,200,10102,250,10114,50,10116,117,10118,150
1756581,NASDAQ-ETFB,11781,50,11779,100,11777,150,11785,50,11787,100,11789,150
1756581,NASDAQ-ETFB3,9911,54,9910,150,9909,200,9914,50,9915,100,9916,150
1756581,NASDAQ-FSR,9807,50,9805,100,9803,150,9811,30,9813,100,9815,150
1756581,NASDAQ-GOLD,9750,50,9749,100,9748,150,9754,95,9755,200,9756,250
1756581,NASDAQ-HT,10503,50,10501,100,10499,150,10507,36,10509,100,10511,150
1756581,NASDAQ-INA,10880,120,10878,200,10876,250,10888,50,10890,100,10892,150
1756581,NASDAQ-KOTD,8731,50,8729,100,8727,150,8735,8,8737,100,8739,150
1756581,NASDAQ-NGUP,6578,50,6577,100,6576,150,6580,50,6581,100,6582,150
1756581,NASDAQ-SIMP,10014,82,10013,150,10012,200,10017,50,10018,100,10019,150
1756581,NASDAQ-ZITO,8090,50,8089,100,8088,150,8092,50,8093,100,8094,150
1756867,NASDAQ-CARD,9373,100,9372,150,9371,200,9376,50,9377,100,9378,150
1756867,NASDAQ-DLKV,10097,50,10095,100,10093,150,10101,50,10103,100,10105,150
1756867,NASDAQ-ETFB,11783,50,11781,100,11780,59,11787,50,11789,100,11791,209
1756867,NASDAQ-ETFB3,9907,150,9906,200,9905,250,9913,27,9914,200,9915,250
1756867,NASDAQ-FSR,9825,100,9823,150,9821,200,9831,50,9833,100,9835,150
1756867,NASDAQ-GOLD,9752,90,9751,150,9750,200,9755,50,9756,100,9757,150
1756867,NASDAQ-HT,10511,50,10509,100,10507,150,10515,50,10517,100,10518,55
1756867,NASDAQ-INA,10869,50,10867,100,10865,150,10873,50,10875,100,10877,150
1756867,NASDAQ-KOTD,8735,100,8733,150,8731,200,8741,50,8743,100,8745,150
1756867,NASDAQ-NGUP,6594,34,6593,250,6531,10,6599,50,6600,100,6601,150
1756867,NASDAQ-SIMP,10000,50,9999,100,9998,150,10003,21,10004,150,10005,200
1756867,NASDAQ-ZITO,8118,50,8117,100,8116,150,8120,66,8121,100,8122,150
1756998,NASDAQ-CARD,9420,50,9419,100,9418,150,9422,50,9423,100,9424,150
1756998,NASDAQ-DLKV,10106,50,10104,100,10102,150,10110,50,10112,100,10114,150
1756998,NASDAQ-ETFB,11783,37,11781,100,11780,59,11787,42,11789,100,11791,209
1756998,NASDAQ-ETFB3,9917,150,9916,200,9915,250,9921,50,9922,100,9923,150
1756998,NASDAQ-FSR,9832,50,9830,150,9828,200,9838,50,9840,100,9842,150
1756998,NASDAQ-GOLD,9769,50,9768,100,9767,150,9771,50,9772,100,9773,150
1756998,NASDAQ-HT,10480,50,10478,100,10476,150,10490,56,10492,250,10518,55
1756998,NASDAQ-INA,10875,50,10873,100,10871,150,10879,50,10880,80,10881,100
1756998,NASDAQ-KOTD,8714,15,8711,50,8709,109,8715,30,8717,100,8719,150
1756998,NASDAQ-NGUP,6531,10,6457,30,6450,20,6598,36,6599,101,6600,150
1756998,NASDAQ-SIMP,10020,64,10019,150,10018,200,10023,105,10024,226,10025,150
1756998,NASDAQ-ZITO,8103,50,8102,100,8101,150,8105,50,8106,100,8107,150
1757264,NASDAQ-CARD,9415,50,9414,100,9413,150,9419,20,9420,200,9421,250
1757264,NASDAQ-DLKV,10086,50,10084,100,10082,150,10090,50,10092,100,10094,150
1757264,NASDAQ-ETFB,11783,50,11781,100,11780,59,11787,50,11789,100,11791,209
1757264,NASDAQ-ETFB3,9922,76,9921,150,9920,200,9925,50,9926,100,9927,150
1757264,NASDAQ-FSR,9797,50,9795,100,9793,150,9803,30,9805,150,9807,200
1757264,NASDAQ-GOLD,9773,100,9772,200,9771,250,9777,50,9778,100,9779,150
1757264,NASDAQ-HT,10478,50,10476,100,10474,150,10488,32,10490,250,10518,19
1757264,NASDAQ-INA,10860,50,10858,100,10856,170,10864,50,10866,100,10868,150
1757264,NASDAQ-KOTD,8698,50,8696,100,8694,150,8704,34,8706,150,8708,200
1757264,NASDAQ-NGUP,6581,50,6580,100,6579,150,6583,50,6584,100,6585,150
1757264,NASDAQ-SIMP,10033,129,10032,250,10001,20,10038,50,10039,100,10040,150
1757264,NASDAQ-ZITO,8108,100,8107,200,8106,250,8112,50,8113,100,8114,150
1757541,NASDAQ-CARD,9415,50,9414,150,9413,200,9419,50,9420,150,9421,200
1757541,NASDAQ-DLKV,10078,20,10075,50,10073,100,10079,48,10081,100,10083,150
1757541,NASDAQ-ETFB,11786,50,11784,100,11782,150,11790,50,11791,59,11792,100
1757541,NASDAQ-ETFB3,9924,36,9923,100,9922,150,9926,50,9927,100,9928,150
1757541,NASDAQ-FSR,9829,50,9827,100,9825,150,9833,50,9835,100,9837,150
1757541,NASDAQ-GOLD,9741,50,9740,100,9739,150,9745,140,9746,200,9747,250
1757541,NASDAQ-HT,10491,50,10489,100,10487,150,10495,50,10497,100,10499,150
1757541,NASDAQ-INA,10848,50,10846,100,10844,150,10852,50,10854,100,10856,150
1757541,NASDAQ-KOTD,8713,94,8711,150,8709,200,8719,50,8721,100,8723,150
1757541,NASDAQ-NGUP,6569,50,6568,100,6567,150,6571,50,6572,100,6573,150
1757541,NASDAQ-SIMP,10012,50,10011,100,10010,150,10014,50,10015,100,10016,150
1757541,NASDAQ-ZITO,8103,50,8102,100,8101,150,8106,76,8107,150,8108,200
1757794,NASDAQ-CARD,9415,100,9414,150,9413,200,9420,150,9421,200,9422,250
1757794,NASDAQ-DLKV,10087,68,10085,150,10083,201,10093,50,10095,100,10097,150
1757794,NASDAQ-ETFB,11774,47,11772,100,11770,150,11782,141,11784,200,11786,250
1757794,NASDAQ-ETFB3,9920,250,9891,10,9880,3,9929,200,9930,250,9977,21
1757794,NASDAQ-FSR,9779,50,9777,100,9775,150,9783,30,9785,100,9787,150
1757794,NASDAQ-GOLD,9753,50,9752,100,9751,150,9755,25,9756,100,9757,150
1757794,NASDAQ-HT,10491,13,10490,100,10488,150,10500,150,10502,200,10504,250
1757794,NASDAQ-INA,10859,76,10857,200,10856,1,10867,50,10869,180,10871,150
1757794,NASDAQ-KOTD,8683,50,8681,100,8679,150,8687,12,8689,100,8691,150
1757794,NASDAQ-NGUP,6572,176,6571,250,6562,20,6577,50,6578,100,6579,150
1757794,NASDAQ-SIMP,10018,50,10017,150,10016,200,10021,50,10022,244,10023,150
1757794,NASDAQ-ZITO,8076,50,8075,100,8074,150,8079,77,8080,150,8081,200
1758064,NASDAQ-CARD,9198,50,9197,100,9196,150,9202,95,9203,200,9204,250
1758064,NASDAQ-DLKV,10083,50,10081,100,10079,150,10087,37,10089,100,10091,150
1758064,NASDAQ-ETFB,11772,97,11770,150,11768,253,11780,90,11782,150,11784,200
1758064,NASDAQ-ETFB3,9916,77,9915,250,9891,10,9920,189,9921,50,9922,100
1758064,NASDAQ-FSR,9769,50,9767,100,9765,150,9775,96,9777,150,9779,200
1758064,NASDAQ-GOLD,9751,50,9750,100,9749,150,9754,66,9755,150,9756,200
1758064,NASDAQ-HT,10482,50,10480,100,10478,150,10492,21,10494,250,10518,19
1758064,NASDAQ-INA,10836,20,10824,12,10798,18,10869,79,10870,50,10872,100
1758064,NASDAQ-KOTD,8666,50,8664,100,8662,150,8670,37,8672,100,8674,150
1758064,NASDAQ-NGUP,6561,50,6560,100,6559,150,6563,50,6564,100,6565,150
1758064,NASDAQ-SIMP,10001,70,10000,100,9999,150,10006,85,10007,250,10012,50
1758064,NASDAQ-ZITO,8090,50,8089,100,8088,150,8092,50,8093,100,8094,150
1758326,NASDAQ-CARD,9181,50,9180,100,9179,150,9185,120,9186,200,9187,250
1758326,NASDAQ-DLKV,10043,50,10041,110,10039,150,10051,120,10053,200,10055,250
1758326,NASDAQ-ETFB,11774,35,11772,100,11770,150,11778,50,11780,100,11782,150
1758326,NASDAQ-ETFB3,9920,135,9919,200,9918,250,9924,50,9925,100,9926,150
1758326,NASDAQ-FSR,9754,50,9752,100,9751,20,9758,50,9760,100,9762,150
1758326,NASDAQ-GOLD,9752,50,9751,100,9750,150,9754,10,9755,100,9756,150
1758326,NASDAQ-HT,10508,50,10506,100,10504,150,10512,50,10514,100,10516,150
1758326,NASDAQ-INA,10877,50,10875,150,10873,200,10880,80,10883,50,10885,100
1758326,NASDAQ-KOTD,8648,50,8646,100,8644,150,8652,20,8654,100,8656,150
1758326,NASDAQ-NGUP,6536,50,6535,100,6534,150,6538,30,6539,100,6540,150
1758326,NASDAQ-SIMP,10012,100,10011,150,10010,200,10015,50,10016,100,10017,150
1758326,NASDAQ-ZITO,8110,70,8109,150,8108,200,8113,50,8114,100,8115,150
1758570,NASDAQ-CARD,9184,30,9183,100,9182,150,9187,100,9188,150,9189,200
1758570,NASDAQ-DLKV,10068,50,10066,100,10064,150,10072,50,10074,100,10076,150
1758570,NASDAQ-ETFB,11781,95,11779,150,11777,200,11787,50,11789,100,11791,209
1758570,NASDAQ-ETFB3,9903,41,9902,100,9901,150,9906,100,9907,150,9908,200
1758570,NASDAQ-FSR,9751,20,9749,50,9747,100,9753,50,9755,100,9757,150
1758570,NASDAQ-GOLD,9791,50,9790,100,9789,150,9793,50,9794,100,9795,150
1758570,NASDAQ-HT,10489,50,10487,100,10485,150,10499,152,10501,250,10518,19
1758570,NASDAQ-INA,10866,50,10864,100,10862,150,10870,37,10872,100,10874,150
1758570,NASDAQ-KOTD,8644,50,8642,100,8640,150,8650,37,8652,150,8654,200
1758570,NASDAQ-NGUP,6532,1,6531,10,6457,30,6548,50,6549,100,6550,150
1758570,NASDAQ-SIMP,10014,100,10013,258,10012,200,10018,100,10019,150,10020,200
1758570,NASDAQ-ZITO,8103,100,8102,150,8101,200,8106,50,8107,100,8108,150
1758684,NASDAQ-CARD,9183,50,9182,100,9181,150,9185,50,9186,100,9187,150
1758684,NASDAQ-DLKV,10074,50,10072,100,10070,150,10078,50,10080,100,10082,150
1758684,NASDAQ-ETFB,11768,3,11767,60,11763,50,11769,100,11771,150,11773,200
1758684,NASDAQ-ETFB3,9903,50,9902,100,9901,150,9905,50,9906,100,9907,150
1758684,NASDAQ-FSR,9751,20,9748,50,9746,100,9752,50,9754,100,9756,150
1758684,NASDAQ-GOLD,9771,50,9770,100,9769,150,9773,50,9774,100,9775,150
1758684,NASDAQ-HT,10467,20,10466,50,10464,120,10470,30,10472,100,10474,150
1758684,NASDAQ-INA,10839,50,10837,100,10835,150,10843,50,10845,100,10847,150
1758684,NASDAQ-KOTD,8652,50,8650,100,8648,150,8656,50,8658,100,8660,150
1758684,NASDAQ-NGUP,6528,50,6527,100,6526,150,6530,39,6531,100,6532,150
1758684,NASDAQ-SIMP,10013,158,10012,100,10011,170,10015,50,10016,100,10017,150
1758684,NASDAQ-ZITO,8091,50,8090,100,8089,150,8093,30,8094,100,8095,150
1758938,NASDAQ-CARD,9168,20,9155,20,9036,10,9193,50,9194,100,9195,150
1758938,NASDAQ-DLKV,10096,113,10094,200,10092,250,10104,50,10106,100,10108,150
1758938,NASDAQ-ETFB,11767,60,11765,50,11763,100,11770,7,11771,100,11773,150
1758938,NASDAQ-ETFB3,9901,41,9900,100,9899,150,9904,100,9905,150,9906,200
1758938,NASDAQ-FSR,9737,20,9734,50,9732,100,9738,25,9740,100,9742,150
1758938,NASDAQ-GOLD,9780,50,9779,100,9778,150,9782,50,9783,100,9784,150
1758938,NASDAQ-HT,10486,65,10484,150,10482,200,10494,82,10496,150,10498,200
1758938,NASDAQ-INA,10829,50,10827,100,10826,20,10841,229,10855,20,10906,1
1758938,NASDAQ-KOTD,8645,50,8643,100,8641,150,8649,10,8651,100,8653,150
1758938,NASDAQ-NGUP,6513,50,6512,100,6511,150,6515,50,6516,100,6517,150
1758938,NASDAQ-SIMP,10023,132,10022,250,10013,40,10028,50,10029,100,10030,150
1758938,NASDAQ-ZITO,8085,50,8084,100,8083,150,8088,30,8089,150,8090,200
1759196,NASDAQ-CARD,9082,50,9081,100,9080,150,9085,70,9086,150,9087,200
1759196,NASDAQ-DLKV,10077,50,10075,100,10073,150,10081,14,10083,100,10085,150
1759196,NASDAQ-ETFB,11758,50,11756,100,11754,150,11766,61,11768,200,11770,257
1759196,NASDAQ-ETFB3,9892,50,9891,100,9890,150,9895,50,9896,150,9897,200
1759196,NASDAQ-FSR,9731,50,9729,100,9727,150,9735,5,9737,100,9739,150
1759196,NASDAQ-GOLD,9757,50,9756,100,9755,150,9760,90,9761,150,9762,200
1759196,NASDAQ-HT,10499,175,10497,250,10467,19,10509,50,10511,100,10513,150
1759196,NASDAQ-INA,10781,50,10779,100,10777,150,10789,60,10791,200,10793,250
1759196,NASDAQ-KOTD,8617,50,8615,100,8613,170,8621,39,8623,100,8625,150
1759196,NASDAQ-NGUP,6518,152,6457,30,6450,20,6524,50,6525,100,6526,150
1759196,NASDAQ-SIMP,10017,50,10016,100,10015,150,10022,68,10023,250,10027,144
1759196,NASDAQ-ZITO,8101,25,8100,100,8099,150,8103,50,8104,100,8105,150
1759487,NASDAQ-CARD,9076,100,9075,150,9074,200,9453,20,9485,200,9488,10
1759487,NASDAQ-DLKV,10066,50,10064,100,10062,150,10074,64,10076,200,10078,250
1759487,NASDAQ-ETFB,11733,50,11731,100,11729,150,11743,45,11745,250,11770,7
1759487,NASDAQ-ETFB3,9880,3,9845,72,9808,21,9890,25,9895,100,9896,150
1759487,NASDAQ-FSR,9747,42,9745,100,9743,150,9751,50,9753,100,9755,150
1759487,NASDAQ-GOLD,9762,30,9761,100,9760,150,9764,50,9765,100,9766,150
1759487,NASDAQ-HT,10525,11,10523,100,10521,150,10529,50,10531,100,10533,150
1759487,NASDAQ-INA,10799,100,10797,150,10795,200,10805,50,10807,100,10809,150
1759487,NASDAQ-KOTD,8600,50,8598,100,8596,150,8606,84,8608,150,8610,200
1759487,NASDAQ-NGUP,6519,30,6457,30,6450,20,6523,30,6543,1,6545,50
1759487,NASDAQ-SIMP,10044,60,10043,250,10019,30,10049,50,10050,100,10051,150
1759487,NASDAQ-ZITO,8113,102,8112,250,8065,50,8118,50,8119,100,8120,166
1759749,NASDAQ-CARD,9082,50,9081,100,9080,150,9085,70,9086,150,9087,200
1759749,NASDAQ-DLKV,10074,66,10072,200,10070,250,10082,50,10084,100,10086,150
1759749,NASDAQ-ETFB,11731,65,11729,150,11727,200,11770,7,11791,59,11808,45
1759749,NASDAQ-ETFB3,9882,123,9881,200,9880,253,9887,25,9888,150,9889,200
1759749,NASDAQ-FSR,9761,25,9759,100,9757,150,9765,50,9767,100,9769,150
1759749,NASDAQ-GOLD,9741,50,9740,100,9739,150,9743,27,9744,100,9745,150
1759749,NASDAQ-HT,10499,50,10497,100,10495,160,10544,35,10575,18,10703,54
1759749,NASDAQ-INA,10809,3,10806,100,10804,150,10812,50,10814,100,10816,150
1759749,NASDAQ-KOTD,8581,50,8579,100,8577,169,8585,18,8586,20,8587,100
1759749,NASDAQ-NGUP,6532,58,6531,150,6530,200,6535,50,6536,100,6537,150
1759749,NASDAQ-SIMP,10024,91,10023,250,10019,30,10033,154,10044,100,10048,36
1759749,NASDAQ-ZITO,8102,50,8101,100,8100,150,8104,50,8105,100,8106,150
1759983,NASDAQ-CARD,9271,100,9270,150,9269,200,9274,50,9275,100,9276,150
1759983,NASDAQ-DLKV,10068,50,10066,100,10064,150,10072,43,10074,100,10076,150
1759983,NASDAQ-ETFB,11723,200,11722,100,11721,250,11733,43,11735,100,11737,150
1759983,NASDAQ-ETFB3,9883,118,9880,3,9845,72,9889,50,9890,100,9891,150
1759983,NASDAQ-FSR,9780,10,9778,100,9776,150,9784,50,9786,100,9788,150
1759983,NASDAQ-GOLD,9758,50,9757,150,9756,200,9761,50,9762,100,9763,150
1759983,NASDAQ-HT,10517,90,10515,250,10495,10,10529,60,10531,150,10533,200
1759983,NASDAQ-INA,10854,50,10852,100,10850,150,10855,20,10858,50,10860,100
1759983,NASDAQ-KOTD,8608,44,8606,150,8604,200,8614,50,8616,100,8618,150
1759983,NASDAQ-NGUP,6547,74,6546,200,6545,250,6551,50,6552,100,6553,150
1759983,NASDAQ-SIMP,10032,24,10031,200,10030,250,10038,10,10039,200,10040,250
1759983,NASDAQ-ZITO,8101,50,8100,100,8099,150,8103,50,8104,100,8105,150
1760216,NASDAQ-CARD,9272,50,9271,150,9270,200,9276,50,9277,150,9278,200
1760216,NASDAQ-DLKV,10065,50,10063,100,10061,150,10075,200,10077,250,10116,17
1760216,NASDAQ-ETFB,11730,37,11729,50,11727,100,11737,7,11739,200,11741,250
1760216,NASDAQ-ETFB3,9884,77,9883,250,9845,72,9890,100,9891,150,9892,200
1760216,NASDAQ-FSR,9791,40,9789,100,9787,150,9795,50,9797,100,9799,150
1760216,NASDAQ-GOLD,9769,4,9768,200,9767,250,9773,50,9774,100,9775,150
1760216,NASDAQ-HT,10498,50,10496,100,10495,10,10544,35,10575,18,10703,54
1760216,NASDAQ-INA,10829,50,10827,100,10825,150,10835,90,10837,150,10839,200
1760216,NASDAQ-KOTD,8594,50,8592,100,8590,150,8604,200,8606,250,8635,20
1760216,NASDAQ-NGUP,6523,73,6457,30,6450,20,6555,50,6556,100,6557,150
1760216,NASDAQ-SIMP,10050,187,10049,250,10033,72,10055,50,10056,100,10057,150
1760216,NASDAQ-ZITO,8102,50,8101,100,8100,150,8104,50,8105,100,8106,150
1760475,NASDAQ-CARD,9281,150,9280,200,9279,250,9285,50,9286,100,9287,150
1760475,NASDAQ-DLKV,10088,200,10086,250,10075,160,10098,44,10100,100,10102,150
1760475,NASDAQ-ETFB,11727,50,11725,100,11723,150,11735,92,11737,200,11739,250
1760475,NASDAQ-ETFB3,9871,32,9870,100,9869,150,9875,44,9876,200,9877,250
1760475,NASDAQ-FSR,9786,50,9784,100,9782,150,9792,30,9794,150,9796,200
1760475,NASDAQ-GOLD,9727,20,9724,20,9639,20,9780,50,9781,100,9782,150
1760475,NASDAQ-HT,10486,50,10484,100,10482,150,10492,55,10494,150,10496,200
1760475,NASDAQ-INA,10830,46,10828,150,10826,200,10836,44,10838,100,10840,150
1760475,NASDAQ-KOTD,8587,100,8585,150,8583,200,8599,94,8601,250,8635,20
1760475,NASDAQ-NGUP,6551,139,6550,200,6549,250,6556,100,6557,150,6558,200
1760475,NASDAQ-SIMP,10033,108,10032,162,10031,200,10039,92,10040,250,10050,50
1760475,NASDAQ-ZITO,8116,50,8115,100,8114,150,8118,50,8119,100,8120,150
1760822,NASDAQ-CARD,9086,10,9085,30,9036,10,9306,50,9307,100,9308,150
1760822,NASDAQ-DLKV,10096,85,10094,150,10092,200,10102,49,10104,100,10106,150
1760822,NASDAQ-ETFB,11726,100,11724,150,11722,300,11736,209,11738,200,11740,250
1760822,NASDAQ-ETFB3,9867,250,9845,72,9808,21,9875,149,9876,200,9877,250
1760822,NASDAQ-FSR,9780,30,9778,100,9776,150,9788,30,9790,200,9792,250
1760822,NASDAQ-GOLD,9791,100,9790,150,9789,200,9794,50,9795,100,9796,150
1760822,NASDAQ-HT,10493,30,10491,150,10489,200,10499,44,10501,100,10503,150
1760822,NASDAQ-INA,10857,46,10855,150,10853,200,10863,50,10865,100,10867,150
1760822,NASDAQ-KOTD,8600,50,8598,100,8596,150,8604,48,8606,100,8608,150
1760822,NASDAQ-NGUP,6548,150,6547,200,6546,250,6552,10,6553,100,6554,150
1760822,NASDAQ-SIMP,10013,40,10011,70,10010,100,10017,150,10038,216,10049,10
1760822,NASDAQ-ZITO,8124,50,8123,100,8122,150,8126,50,8127,100,8128,150
1761141,NASDAQ-CARD,9127,50,9126,100,9125,150,9129,50,9130,100,9131,150
1761141,NASDAQ-DLKV,10130,50,10128,100,10126,150,10134,50,10136,100,10138,150
1761141,NASDAQ-ETFB,11725,59,11722,150,11720,100,11726,206,11728,100,11730,150
1761141,NASDAQ-ETFB3,9828,50,9827,100,9826,150,9831,78,9832,150,9833,200
1761141,NASDAQ-FSR,9835,49,9833,100,9831,150,9839,50,9841,100,9843,150
1761141,NASDAQ-GOLD,9784,50,9783,100,9782,150,9786,50,9787,100,9788,150
1761141,NASDAQ-HT,10501,50,10499,150,10497,150,10507,100,10509,150,10511,200
1761141,NASDAQ-INA,10844,50,10842,100,10840,150,10848,44,10850,100,10852,150
1761141,NASDAQ-KOTD,8590,50,8588,100,8586,150,8594,44,8596,100,8598,150
1761141,NASDAQ-NGUP,6577,10,6576,200,6575,250,6580,10,6581,150,6582,100
1761141,NASDAQ-SIMP,10008,50,10007,100,10006,150,10012,90,10013,200,10014,250
1761141,NASDAQ-ZITO,8112,50,8111,100,8110,150,8115,24,8116,150,8117,200
1761411,NASDAQ-CARD,9130,50,9129,150,9128,200,9133,50,9134,100,9135,150
1761411,NASDAQ-DLKV,10135,49,10133,100,10131,150,10139,50,10141,100,10143,150
1761411,NASDAQ-ETFB,11723,100,11722,100,11721,150,11727,57,11733,150,11735,200
1761411,NASDAQ-ETFB3,9827,100,9826,150,9825,200,9833,140,9834,250,9867,80
1761411,NASDAQ-FSR,9847,49,9845,100,9843,150,9851,50,9853,100,9855,150
1761411,NASDAQ-GOLD,9794,1,9793,200,9792,250,9798,50,9799,100,9800,150
1761411,NASDAQ-HT,10499,50,10498,50,10496,100,10510,109,10575,6,10703,54
1761411,NASDAQ-INA,10847,87,10845,150,10843,200,10853,50,10855,100,10857,150
1761411,NASDAQ-KOTD,8598,49,8596,100,8594,150,8602,50,8604,100,8606,150
1761411,NASDAQ-NGUP,6576,13,6575,100,6574,150,6579,71,6580,150,6581,200
1761411,NASDAQ-SIMP,10030,50,10029,100,10028,150,10032,50,10033,100,10034,150
1761411,NASDAQ-ZITO,8112,50,8111,100,8110,150,8115,50,8116,150,8117,200
1761693,NASDAQ-CARD,9110,50,9109,100,9108,150,9116,120,9485,199,9488,10
1761693,NASDAQ-DLKV,10127,50,10125,100,10123,150,10131,31,10133,100,10135,150
1761693,NASDAQ-ETFB,11722,81,11721,150,11719,200,11729,50,11731,100,11733,150
1761693,NASDAQ-ETFB3,9826,119,9825,200,9824,250,9833,14,9834,250,9867,80
1761693,NASDAQ-FSR,9839,50,9837,100,9835,150,9845,56,9847,150,9849,200
1761693,NASDAQ-GOLD,9818,68,9772,16,9727,20,9824,50,9825,100,9826,150
1761693,NASDAQ-HT,10480,50,10478,100,10476,150,10492,197,10575,6,10703,54
1761693,NASDAQ-INA,10819,50,10817,100,10816,7,10823,50,10825,100,10827,150
1761693,NASDAQ-KOTD,8603,199,8601,250,8585,20,8613,50,8615,100,8617,150
1761693,NASDAQ-NGUP,6457,30,6450,20,6441,20,6593,50,6594,100,6595,150
1761693,NASDAQ-SIMP,10026,50,10025,100,10024,150,10028,50,10029,100,10030,150
1761693,NASDAQ-ZITO,8123,63,8122,150,8121,200,8126,50,8127,100,8128,150
1762035,NASDAQ-CARD,9075,50,9074,100,9073,150,9485,199,9488,10,9489,25
1762035,NASDAQ-DLKV,10118,50,10116,100,10114,150,10122,50,10123,1,10124,100
1762035,NASDAQ-ETFB,11722,251,11721,57,11720,250,11732,46,11734,100,11736,209
1762035,NASDAQ-ETFB3,9818,50,9817,100,9816,150,9822,33,9823,200,9824,250
1762035,NASDAQ-FSR,9862,39,9860,100,9858,150,9866,50,9868,100,9870,150
1762035,NASDAQ-GOLD,9772,16,9727,20,9724,20,9843,50,9844,100,9845,150
1762035,NASDAQ-HT,10513,70,10511,160,10509,200,10523,97,10525,200,10527,250
1762035,NASDAQ-INA,10820,24,10818,100,10816,150,10830,200,10832,250,10843,1
1762035,NASDAQ-KOTD,8591,71,8589,150,8587,200,8597,50,8599,100,8601,150
1762035,NASDAQ-NGUP,6588,50,6587,100,6586,150,6590,37,6591,100,6592,150
1762035,NASDAQ-SIMP,10016,50,10015,100,10014,150,10021,150,10022,250,10038,216
1762035,NASDAQ-ZITO,8118,200,8117,250,8109,20,8127,64,8165,10,8245,20
1762303,NASDAQ-CARD,9072,50,9071,100,9070,150,9074,25,9075,100,9076,150
1762303,NASDAQ-DLKV,10107,50,10105,100,10103,150,10111,50,10113,100,10114,1
1762303,NASDAQ-ETFB,11701,50,11699,100,11697,150,11705,4,11707,100,11709,150
1762303,NASDAQ-ETFB3,9817,17,9816,100,9815,150,9822,194,9823,250,9827,50
1762303,NASDAQ-FSR,9858,50,9856,100,9854,150,9864,10,9866,150,9868,200
1762303,NASDAQ-GOLD,9794,34,9793,100,9792,150,9796,50,9797,100,9798,150
1762303,NASDAQ-HT,10526,200,10524,250,10511,10,10536,50,10538,100,10540,150
1762303,NASDAQ-INA,10834,3,10832,150,10830,200,10840,50,10842,100,10843,1
1762303,NASDAQ-KOTD,8621,94,8619,150,8617,200,8627,50,8629,100,8631,150
1762303,NASDAQ-NGUP,6577,50,6576,100,6575,150,6579,50,6580,100,6581,150
1762303,NASDAQ-SIMP,10029,140,10028,250,10021,160,10034,50,10035,100,10036,150
1762303,NASDAQ-ZITO,8134,50,8133,100,8132,150,8136,50,8137,100,8138,150
1762552,NASDAQ-CARD,9078,50,9077,150,9076,200,9081,50,9082,100,9083,150
1762552,NASDAQ-DLKV,10102,105,10097,50,10095,100,10103,102,10105,150,10107,200
1762552,NASDAQ-ETFB,11701,18,11700,58,11699,100,11707,100,11709,150,11711,200
1762552,NASDAQ-ETFB3,9830,42,9829,100,9828,150,9832,50,9833,100,9834,150
1762552,NASDAQ-FSR,9870,50,9868,100,9866,150,9874,50,9876,100,9878,150
1762552,NASDAQ-GOLD,9840,19,9839,100,9838,150,9842,50,9843,100,9844,150
1762552,NASDAQ-HT,10520,50,10518,100,10516,150,10528,78,10530,200,10532,250
1762552,NASDAQ-INA,10841,30,10839,100,10837,150,10843,1,10845,50,10847,100
1762552,NASDAQ-KOTD,8622,19,8620,100,8618,150,8626,50,8628,100,8630,150
1762552,NASDAQ-NGUP,6570,50,6569,100,6568,150,6573,100,6574,150,6575,200
1762552,NASDAQ-SIMP,10018,50,10017,100,10016,150,10022,35,10023,200,10024,250
1762552,NASDAQ-ZITO,8111,50,8110,100,8109,170,8113,25,8114,100,8115,150
1762815,NASDAQ-CARD,9091,50,9090,100,9089,150,9093,50,9094,100,9095,150
1762815,NASDAQ-DLKV,10071,50,10069,100,10067,150,10081,200,10083,250,10095,1
1762815,NASDAQ-ETFB,11721,40,11719,100,11717,150,11725,50,11727,100,11729,150
1762815,NASDAQ-ETFB3,9835,9,9834,100,9833,150,9839,150,9840,200,9841,250
1762815,NASDAQ-FSR,9876,100,9874,150,9872,200,9882,50,9884,100,9886,150
1762815,NASDAQ-GOLD,9829,50,9828,100,9827,150,9831,50,9832,100,9833,150
1762815,NASDAQ-HT,10524,200,10522,250,10511,10,10536,75,10538,150,10540,200
1762815,NASDAQ-INA,10805,50,10804,50,10802,100,10808,5,10810,100,10812,150
1762815,NASDAQ-KOTD,8620,50,8618,100,8616,150,8624,50,8626,100,8628,150
1762815,NASDAQ-NGUP,6557,50,6556,100,6555,150,6559,30,6560,100,6561,150
1762815,NASDAQ-SIMP,10003,50,10002,246,10001,162,10006,67,10007,150,10008,200
1762815,NASDAQ-ZITO,8100,50,8099,100,8098,150,8103,76,8104,150,8105,200
1763100,NASDAQ-CARD,9233,50,9232,100,9231,150,9235,50,9236,100,9237,150
1763100,NASDAQ-DLKV,10103,50,10101,100,10099,150,10107,50,10109,100,10111,150
1763100,NASDAQ-ETFB,11713,100,11711,150,11709,200,11719,50,11721,195,11723,150
1763100,NASDAQ-ETFB3,9835,50,9834,100,9833,150,9839,150,9840,200,9841,250
1763100,NASDAQ-FSR,9882,48,9880,100,9878,150,9886,50,9888,100,9890,150
1763100,NASDAQ-GOLD,9795,100,9772,16,9755,20,9846,50,9847,100,9848,150
1763100,NASDAQ-HT,10529,10,10528,200,10526,250,10540,100,10542,150,10544,200
1763100,NASDAQ-INA,10793,29,10790,50,10789,50,10800,45,10802,250,10837,1
1763100,NASDAQ-KOTD,8612,50,8610,100,8608,170,8616,50,8618,100,8620,150
1763100,NASDAQ-NGUP,6592,40,6591,100,6590,150,6594,50,6595,100,6596,152
1763100,NASDAQ-SIMP,9996,36,9994,50,9993,352,9998,70,9999,200,10000,250
1763100,NASDAQ-ZITO,8129,50,8128,100,8127,150,8131,50,8132,100,8133,150
1763376,NASDAQ-CARD,9234,83,9233,150,9232,200,9237,50,9238,100,9239,150
1763376,NASDAQ-DLKV,10097,50,10095,100,10093,150,10101,50,10103,100,10105,150
1763376,NASDAQ-ETFB,11715,4,11713,100,11711,150,11719,50,11721,195,11723,150
1763376,NASDAQ-ETFB3,9853,50,9852,100,9851,150,9855,50,9856,100,9857,150
1763376,NASDAQ-FSR,9879,50,9877,100,9875,150,9883,50,9885,100,9887,150
1763376,NASDAQ-GOLD,9816,50,9815,100,9814,150,9818,50,9819,100,9820,150
1763376,NASDAQ-HT,10570,50,10568,100,10566,150,10574,50,10575,6,10576,100
1763376,NASDAQ-INA,10822,50,10820,100,10818,150,10826,50,10828,100,10830,150
1763376,NASDAQ-KOTD,8619,25,8617,100,8616,80,8623,50,8625,100,8627,150
1763376,NASDAQ-NGUP,6592,29,6591,200,6590,250,6596,50,6597,100,6598,150
1763376,NASDAQ-SIMP,9996,41,9995,150,9994,200,10001,150,10002,200,10003,250
1763376,NASDAQ-ZITO,8137,77,8136,150,8135,200,8140,50,8141,100,8142,150
1763636,NASDAQ-CARD,9209,50,9208,100,9207,150,9215,227,9448,20,9485,199
1763636,NASDAQ-DLKV,10069,50,10067,100,10065,170,10077,108,10079,200,10081,250
1763636,NASDAQ-ETFB,11719,50,11717,100,11715,150,11721,95,11723,50,11725,100
1763636,NASDAQ-ETFB3,9849,50,9848,100,9847,150,9851,50,9852,100,9853,150
1763636,NASDAQ-FSR,9875,50,9873,100,9871,150,9879,2,9881,100,9883,150
1763636,NASDAQ-GOLD,9845,82,9844,150,9843,200,9848,50,9849,100,9850,150
1763636,NASDAQ-HT,10553,50,10551,100,10549,150,10561,25,10563,200,10565,250
1763636,NASDAQ-INA,10835,50,10833,100,10831,150,10837,1,10839,50,10841,100
1763636,NASDAQ-KOTD,8629,50,8627,100,8625,150,8633,50,8635,113,8637,150
1763636,NASDAQ-NGUP,6590,40,6589,200,6588,250,6594,50,6595,100,6596,150
1763636,NASDAQ-SIMP,10004,50,10003,100,10002,150,10006,50,10007,100,10008,150
1763636,NASDAQ-ZITO,8150,27,8149,100,8148,150,8152,50,8153,100,8154,150
1763896,NASDAQ-CARD,9234,100,9233,150,9232,200,9237,50,9238,100,9239,150
1763896,NASDAQ-DLKV,10089,50,10087,100,10085,150,10093,50,10095,100,10097,170
1763896,NASDAQ-ETFB,11705,50,11703,100,11701,150,11715,198,11717,250,11721,95
1763896,NASDAQ-ETFB3,9843,50,9842,100,9841,150,9845,50,9846,100,9847,150
1763896,NASDAQ-FSR,9901,48,9899,100,9897,150,9905,50,9907,100,9909,150
1763896,NASDAQ-GOLD,9838,200,9837,250,9795,100,9843,50,9844,100,9845,150
1763896,NASDAQ-HT,10548,50,10546,100,10544,150,10556,67,10558,200,10560,250
1763896,NASDAQ-INA,10822,50,10820,100,10818,150,10826,50,10828,100,10830,150
1763896,NASDAQ-KOTD,8622,50,8620,100,8618,150,8626,50,8628,100,8630,150
1763896,NASDAQ-NGUP,6593,50,6592,100,6591,150,6595,50,6596,100,6597,150
1763896,NASDAQ-SIMP,10023,58,10022,150,10021,200,10026,50,10027,100,10028,150
1763896,NASDAQ-ZITO,8128,50,8127,100,8126,150,8130,50,8131,100,8132,150
1764141,NASDAQ-CARD,9348,30,9347,150,9346,200,9351,50,9352,100,9353,150
1764141,NASDAQ-DLKV,10065,70,10063,100,10061,150,10069,20,10071,100,10073,150
1764141,NASDAQ-ETFB,11705,50,11703,100,11701,150,11709,50,11711,100,11713,150
1764141,NASDAQ-ETFB3,9840,150,9839,250,9808,21,9845,50,9846,100,9847,150
1764141,NASDAQ-FSR,9899,50,9897,100,9895,150,9903,50,9905,100,9907,150
1764141,NASDAQ-GOLD,9811,50,9810,100,9809,150,9813,44,9814,100,9815,150
1764141,NASDAQ-HT,10565,80,10563,150,10561,200,10571,50,10573,100,10575,150
1764141,NASDAQ-INA,10801,3,10800,50,10798,100,10810,33,10812,250,10816,20
1764141,NASDAQ-KOTD,8638,17,8636,100,8634,150,8642,50,8644,100,8646,150
1764141,NASDAQ-NGUP,6582,50,6581,100,6580,150,6584,50,6585,100,6586,150
1764141,NASDAQ-SIMP,10001,50,10000,100,9999,150,10004,37,10005,150,10006,200
1764141,NASDAQ-ZITO,8126,200,8125,250,8122,14,8131,50,8132,100,8133,150
1764438,NASDAQ-CARD,9334,50,9333,100,9332,150,9340,89,9448,20,9485,199
1764438,NASDAQ-DLKV,10090,40,10088,100,10086,150,10094,50,10096,100,10097,20
1764438,NASDAQ-ETFB,11703,165,11701,250,11700,58,11713,50,11715,100,11717,150
1764438,NASDAQ-ETFB3,9837,50,9836,100,9835,150,9841,124,9842,200,9843,250
1764438,NASDAQ-FSR,9887,70,9885,100,9883,150,9891,50,9893,100,9895,150
1764438,NASDAQ-GOLD,9812,118,9811,250,9782,20,9817,50,9818,100,9819,150
1764438,NASDAQ-HT,10559,50,10557,100,10555,150,10563,10,10565,100,10567,150
1764438,NASDAQ-INA,10805,47,10803,100,10801,150,10813,73,10815,200,10816,20
1764438,NASDAQ-KOTD,8641,50,8639,100,8637,150,8645,50,8647,100,8649,150
1764438,NASDAQ-NGUP,6602,30,6601,100,6600,150,6604,50,6605,101,6606,150
1764438,NASDAQ-SIMP,10002,79,10001,150,10000,200,10006,100,10007,150,10008,200
1764438,NASDAQ-ZITO,8148,50,8147,100,8146,150,8149,10,8150,150,8151,100
1764723,NASDAQ-CARD,9351,80,9350,150,9349,200,9354,35,9355,100,9356,150
1764723,NASDAQ-DLKV,10100,30,10098,100,10096,150,10104,50,10106,100,10108,150
1764723,NASDAQ-ETFB,11705,50,11703,100,11701,150,11709,50,11711,100,11713,150
1764723,NASDAQ-ETFB3,9842,74,9841,150,9840,200,9845,50,9846,100,9847,150
1764723,NASDAQ-FSR,9890,30,9888,100,9886,150,9894,50,9896,100,9898,150
1764723,NASDAQ-GOLD,9846,50,9845,100,9844,150,9848,50,9849,100,9850,150
1764723,NASDAQ-HT,10576,80,10574,150,10572,200,10582,50,10584,100,10586,150
1764723,NASDAQ-INA,10812,20,10810,100,10808,150,10816,13,10818,100,10820,150
1764723,NASDAQ-KOTD,8659,50,8657,100,8655,150,8663,50,8665,100,8667,150
1764723,NASDAQ-NGUP,6596,50,6595,100,6594,150,6598,40,6599,100,6600,150
1764723,NASDAQ-SIMP,9994,50,9993,335,9992,150,9997,53,9998,150,9999,200
1764723,NASDAQ-ZITO,8145,50,8144,100,8143,150,8147,50,8148,100,8149,160
1765014,NASDAQ-CARD,9558,66,9557,250,9341,10,9563,50,9564,100,9565,150
1765014,NASDAQ-DLKV,10130,19,10128,100,10126,150,10131,1,10134,50,10136,100
1765014,NASDAQ-ETFB,11718,79,11716,150,11714,200,11721,36,11724,50,11726,100
1765014,NASDAQ-ETFB3,9857,83,9856,150,9855,200,9860,50,9861,100,9862,150
1765014,NASDAQ-FSR,9935,18,9933,100,9931,150,9939,50,9941,100,9943,150
1765014,NASDAQ-GOLD,9823,50,9822,100,9821,150,9825,50,9826,100,9827,150
1765014,NASDAQ-HT,10541,10,10539,70,10537,100,10543,50,10545,100,10547,150
1765014,NASDAQ-INA,10789,50,10786,50,10784,100,10794,8,10796,200,10798,250
1765014,NASDAQ-KOTD,8636,50,8634,100,8632,150,8640,50,8642,100,8644,150
1765014,NASDAQ-NGUP,6608,100,6607,150,6606,200,6611,50,6612,100,6613,150
1765014,NASDAQ-SIMP,9999,6,9998,150,9997,200,10002,208,10003,120,10004,150
1765014,NASDAQ-ZITO,8128,50,8127,100,8126,150,8131,70,8132,150,8133,200
1765296,NASDAQ-CARD,9341,10,9340,30,9302,20,9565,150,9566,200,9567,250
1765296,NASDAQ-DLKV,10140,150,10138,250,10086,20,10150,50,10152,100,10154,150
1765296,NASDAQ-ETFB,11700,58,11698,50,11696,100,11702,42,11704,100,11706,150
1765296,NASDAQ-ETFB3,9853,200,9852,250,9808,21,9859,100,9860,150,9861,200
1765296,NASDAQ-FSR,9913,50,9911,100,9909,150,9919,34,9921,150,9923,200
1765296,NASDAQ-GOLD,9858,124,9857,250,9804,20,9863,50,9864,100,9865,150
1765296,NASDAQ-HT,10537,50,10535,100,10533,150,10547,146,10549,250,10703,54
1765296,NASDAQ-INA,10798,50,10796,100,10794,150,10802,50,10804,100,10806,150
1765296,NASDAQ-KOTD,8603,50,8601,100,8599,170,8609,45,8611,150,8613,200
1765296,NASDAQ-NGUP,6586,50,6585,100,6584,200,6589,70,6590,150,6591,200
1765296,NASDAQ-SIMP,10011,14,10010,150,10009,200,10014,50,10015,100,10016,150
1765296,NASDAQ-ZITO,8116,50,8115,100,8114,150,8118,50,8119,100,8120,150
1765630,NASDAQ-CARD,9563,50,9562,100,9561,150,9569,150,9664,200,9665,200
1765630,NASDAQ-DLKV,10149,50,10147,100,10145,150,10153,50,10155,100,10157,150
1765630,NASDAQ-ETFB,11709,159,11707,250,11700,58,11719,50,11721,136,11723,150
1765630,NASDAQ-ETFB3,9847,50,9846,100,9845,150,9849,50,9850,100,9851,150
1765630,NASDAQ-FSR,9918,68,9916,150,9914,200,9924,50,9926,100,9928,150
1765630,NASDAQ-GOLD,9851,150,9850,200,9849,250,9856,90,9857,150,9858,200
1765630,NASDAQ-HT,10584,40,10582,150,10580,200,10590,50,10592,100,10594,150
1765630,NASDAQ-INA,10803,9,10801,100,10799,150,10809,100,10811,150,10813,200
1765630,NASDAQ-KOTD,8634,90,8632,150,8630,200,8640,50,8642,100,8644,150
1765630,NASDAQ-NGUP,6590,50,6589,150,6588,150,6593,100,6594,150,6595,200
1765630,NASDAQ-SIMP,10034,161,10033,250,10012,324,10038,216,10039,50,10040,100
1765630,NASDAQ-ZITO,8134,50,8133,100,8132,150,8136,50,8137,100,8138,150
1765938,NASDAQ-CARD,9564,14,9563,200,9562,250,9571,182,9572,250,9664,200
1765938,NASDAQ-DLKV,10152,50,10150,100,10148,150,10156,50,10158,100,10160,150
1765938,NASDAQ-ETFB,11715,50,11713,100,11711,150,11719,50,11721,136,11723,150
1765938,NASDAQ-ETFB3,9846,84,9845,150,9844,200,9852,200,9853,250,9899,3
1765938,NASDAQ-FSR,9922,50,9920,100,9918,150,9926,50,9928,100,9930,150
1765938,NASDAQ-GOLD,9888,107,9887,250,9804,20,9893,50,9894,100,9895,150
1765938,NASDAQ-HT,10582,100,10580,150,10578,200,10592,150,10594,200,10596,250
1765938,NASDAQ-INA,10759,50,10757,100,10755,150,10767,150,10769,200,10771,250
1765938,NASDAQ-KOTD,8587,50,8585,120,8583,150,8591,30,8593,100,8595,150
1765938,NASDAQ-NGUP,6559,50,6558,100,6557,150,6561,50,6562,100,6563,150
1765938,NASDAQ-SIMP,10038,25,10037,200,10036,250,10042,50,10043,100,10044,150
1765938,NASDAQ-ZITO,8111,50,8110,100,8109,150,8117,220,8149,10,8150,100
1766255,NASDAQ-CARD,9569,217,9341,8,9340,30,9820,50,9821,100,9822,150
1766255,NASDAQ-DLKV,10132,50,10130,100,10128,150,10136,50,10138,100,10140,150
1766255,NASDAQ-ETFB,11715,71,11713,150,11711,200,11721,86,11723,100,11725,150
1766255,NASDAQ-ETFB3,9847,41,9846,100,9845,150,9851,110,9852,200,9853,250
1766255,NASDAQ-FSR,9920,50,9918,100,9916,150,9924,50,9926,100,9928,150
1766255,NASDAQ-GOLD,9859,50,9858,100,9857,150,9861,50,9862,100,9863,150
1766255,NASDAQ-HT,10620,50,10618,150,10616,200,10626,50,10628,100,10630,150
1766255,NASDAQ-INA,10720,50,10718,100,10716,150,10728,105,10730,200,10732,250
1766255,NASDAQ-KOTD,8568,50,8566,100,8565,20,8572,30,8574,100,8576,150
1766255,NASDAQ-NGUP,6561,50,6560,50,6559,100,6562,50,6563,100,6564,150
1766255,NASDAQ-SIMP,10051,50,10050,100,10049,150,10053,50,10054,172,10055,150
1766255,NASDAQ-ZITO,8085,50,8084,100,8083,150,8087,50,8088,100,8089,150
1766548,NASDAQ-CARD,9827,50,9826,100,9825,150,9829,50,9830,100,9831,150
1766548,NASDAQ-DLKV,10145,50,10143,100,10141,150,10149,50,10151,100,10153,150
1766548,NASDAQ-ETFB,11717,50,11715,100,11713,150,11723,100,11725,150,11727,200
1766548,NASDAQ-ETFB3,9845,60,9844,200,9843,250,9847,96,9850,100,9851,150
1766548,NASDAQ-FSR,9918,100,9916,150,9914,200,9926,100,9928,150,9930,200
1766548,NASDAQ-GOLD,9886,50,9885,100,9884,150,9888,50,9889,100,9890,150
1766548,NASDAQ-HT,10543,50,10541,100,10539,150,10547,50,10549,100,10551,150
1766548,NASDAQ-INA,10712,50,10710,100,10708,150,10720,15,10722,200,10724,250
1766548,NASDAQ-KOTD,8526,50,8524,100,8522,150,8530,37,8532,100,8534,150
1766548,NASDAQ-NGUP,6595,89,6594,150,6593,200,6598,50,6599,100,6600,150
1766548,NASDAQ-SIMP,10062,84,10061,200,10060,250,10066,50,10067,100,10068,150
1766548,NASDAQ-ZITO,8110,140,8109,200,8108,250,8114,50,8115,100,8116,150
1766866,NASDAQ-CARD,9835,140,9834,250,9572,10,9840,50,9841,100,9842,150
1766866,NASDAQ-DLKV,10143,50,10141,100,10139,150,10147,50,10149,100,10151,150
1766866,NASDAQ-ETFB,11703,50,11701,100,11699,150,11707,49,11709,100,11711,150
1766866,NASDAQ-ETFB3,9847,50,9846,100,9845,150,9849,50,9850,100,9851,150
1766866,NASDAQ-FSR,9943,50,9941,100,9939,150,9947,50,9949,100,9951,150
1766866,NASDAQ-GOLD,9879,50,9878,100,9877,150,9881,50,9882,100,9883,150
1766866,NASDAQ-HT,10548,100,10546,150,10544,200,10554,50,10556,100,10558,150
1766866,NASDAQ-INA,10740,100,10738,150,10736,200,10746,50,10748,100,10750,150
1766866,NASDAQ-KOTD,8515,50,8513,100,8511,150,8521,100,8523,150,8525,200
1766866,NASDAQ-NGUP,6604,50,6603,100,6602,150,6606,50,6607,100,6608,150
1766866,NASDAQ-SIMP,10033,50,10032,100,10031,150,10039,154,10065,144,10086,144
1766866,NASDAQ-ZITO,8120,50,8119,100,8118,150,8122,50,8123,100,8124,150
1767053,NASDAQ-CARD,10004,229,9572,10,9571,200,10010,50,10011,100,10012,150
1767053,NASDAQ-DLKV,10108,50,10106,100,10104,150,10112,50,10114,100,10116,150
1767053,NASDAQ-ETFB,11703,50,11701,100,11699,150,11707,50,11709,100,11711,150
1767053,NASDAQ-ETFB3,9848,43,9847,100,9846,150,9850,50,9851,100,9852,150
1767053,NASDAQ-FSR,9914,50,9912,100,9910,150,9918,50,9920,100,9922,150
1767053,NASDAQ-GOLD,9879,50,9878,100,9877,150,9881,50,9882,100,9883,150
1767053,NASDAQ-HT,10538,50,10536,100,10534,150,10542,50,10544,100,10546,150
1767053,NASDAQ-INA,10739,50,10737,100,10735,150,10743,50,10745,100,10747,150
1767053,NASDAQ-KOTD,8488,50,8487,14,8486,100,8500,128,8675,20,8682,10
1767053,NASDAQ-NGUP,6590,50,6589,100,6588,150,6593,32,6594,150,6595,200
1767053,NASDAQ-SIMP,10042,47,10041,100,10040,150,10044,50,10045,100,10046,150
1767053,NASDAQ-ZITO,8101,50,8100,100,8099,150,8106,100,8107,250,8149,10
1767382,NASDAQ-CARD,9704,200,9569,217,9500,200,10030,144,10031,50,10032,100
1767382,NASDAQ-DLKV,10048,50,10046,100,10044,150,10054,39,10056,150,10058,200
1767382,NASDAQ-ETFB,11700,50,11698,100,11696,150,11706,82,11708,214,11710,200
1767382,NASDAQ-ETFB3,9857,1,9856,100,9855,150,9859,50,9860,100,9861,150
1767382,NASDAQ-FSR,9931,30,9929,100,9927,150,9935,50,9937,100,9939,150
1767382,NASDAQ-GOLD,9883,50,9882,100,9881,150,9885,50,9886,100,9887,150
1767382,NASDAQ-HT,10544,40,10542,150,10540,200,10550,50,10552,100,10554,150
1767382,NASDAQ-INA,10681,50,10679,100,10677,150,10685,9,10687,100,10689,150
1767382,NASDAQ-KOTD,8489,50,8487,100,8485,150,8495,20,8497,150,8499,200
1767382,NASDAQ-NGUP,6577,50,6576,100,6575,150,6580,40,6581,150,6582,200
1767382,NASDAQ-SIMP,10051,50,10050,100,10049,150,10053,50,10054,100,10055,150
1767382,NASDAQ-ZITO,8109,50,8108,100,8107,150,8111,50,8112,100,8113,150
1767688,NASDAQ-CARD,9705,288,9569,217,9341,8,10032,50,10033,200,10034,250
1767688,NASDAQ-DLKV,10073,50,10071,100,10069,150,10077,50,10079,100,10081,150
1767688,NASDAQ-ETFB,11687,50,11685,100,11683,150,11691,50,11693,100,11695,150
1767688,NASDAQ-ETFB3,9865,192,9864,250,9808,21,9870,50,9871,100,9872,150
1767688,NASDAQ-FSR,9903,50,9901,100,9899,150,9911,97,9913,200,9915,250
1767688,NASDAQ-GOLD,9881,50,9880,100,9879,150,9886,200,9887,250,9991,20
1767688,NASDAQ-HT,10559,96,10557,200,10555,250,10567,50,10569,100,10571,150
1767688,NASDAQ-INA,10696,150,10694,250,10689,1,10706,50,10708,100,10710,150
1767688,NASDAQ-KOTD,8501,50,8499,101,8497,150,8505,50,8507,100,8509,150
1767688,NASDAQ-NGUP,6577,25,6576,100,6575,150,6581,150,6582,200,6583,250
1767688,NASDAQ-SIMP,10045,50,10044,100,10043,150,10050,115,10051,250,10061,10
1767688,NASDAQ-ZITO,8121,50,8120,100,8119,150,8123,50,8124,100,8125,150
1767988,NASDAQ-CARD,9569,217,9341,8,9340,30,10135,58,10248,80,10301,50
1767988,NASDAQ-DLKV,10065,50,10063,100,10061,150,10073,132,10075,200,10077,250
1767988,NASDAQ-ETFB,11667,100,11665,100,11663,150,11673,100,11675,150,11677,200
1767988,NASDAQ-ETFB3,9854,9,9853,250,9808,21,9860,100,9861,150,9862,200
1767988,NASDAQ-FSR,9873,70,9871,100,9869,150,9881,60,9883,200,9885,250
1767988,NASDAQ-GOLD,9898,35,9897,250,9872,20,9903,50,9904,100,9905,150
1767988,NASDAQ-HT,10568,53,10566,200,10564,250,10576,50,10578,100,10580,150
1767988,NASDAQ-INA,10694,250,10689,1,10657,20,10714,250,10797,20,10906,1
1767988,NASDAQ-KOTD,8492,50,8490,100,8488,150,8500,112,8502,200,8504,250
1767988,NASDAQ-NGUP,6591,90,6590,150,6589,200,6594,50,6595,100,6596,150
1767988,NASDAQ-SIMP,10046,138,10012,324,10000,72,10070,50,10071,100,10072,150
1767988,NASDAQ-ZITO,8109,50,8108,100,8107,150,8112,74,8113,150,8114,200
1768302,NASDAQ-CARD,10283,50,10282,100,10281,150,10285,50,10286,100,10287,150
1768302,NASDAQ-DLKV,10041,10,10038,50,10037,20,10042,31,10044,100,10046,150
1768302,NASDAQ-ETFB,11665,50,11663,150,11661,200,11675,46,11677,200,11679,250
1768302,NASDAQ-ETFB3,9853,100,9852,200,9851,250,9858,50,9859,150,9860,200
1768302,NASDAQ-FSR,9889,30,9887,150,9885,200,9895,50,9897,100,9899,150
1768302,NASDAQ-GOLD,9900,24,9899,150,9898,200,9904,100,9905,150,9906,200
1768302,NASDAQ-HT,10561,25,10559,100,10557,150,10567,90,10569,150,10571,200
1768302,NASDAQ-INA,10692,150,10690,200,10688,250,10708,159,10797,20,10906,1
1768302,NASDAQ-KOTD,8500,31,8498,150,8496,200,8506,50,8508,100,8510,150
1768302,NASDAQ-NGUP,6574,50,6573,100,6572,150,6576,50,6577,100,6578,150
1768302,NASDAQ-SIMP,10061,146,10047,216,10012,324,10069,154,10070,200,10071,250
1768302,NASDAQ-ZITO,8116,50,8115,100,8114,150,8119,100,8120,150,8121,200
1768662,NASDAQ-CARD,10136,10,10135,30,9780,200,10291,50,10292,100,10293,150
1768662,NASDAQ-DLKV,10039,50,10037,120,10035,150,10049,200,10051,250,10108,20
1768662,NASDAQ-ETFB,11657,150,11655,200,11653,250,11665,53,11667,100,11669,150
1768662,NASDAQ-ETFB3,9834,50,9833,100,9832,150,9837,100,9838,150,9839,200
1768662,NASDAQ-FSR,9874,50,9873,20,9872,100,9884,175,9886,250,9965,55
1768662,NASDAQ-GOLD,9876,50,9875,100,9874,150,9879,40,9880,150,9881,200
1768662,NASDAQ-HT,10557,200,10555,250,10533,20,10566,20,10567,50,10569,100
1768662,NASDAQ-INA,10683,50,10681,100,10680,19,10693,89,10695,250,10797,20
1768662,NASDAQ-KOTD,8483,50,8481,100,8479,150,8487,24,8489,100,8491,150
1768662,NASDAQ-NGUP,6562,50,6561,139,6560,170,6564,50,6565,100,6566,150
1768662,NASDAQ-SIMP,10077,114,10076,200,10075,250,10081,50,10082,100,10083,150
1768662,NASDAQ-ZITO,8093,50,8092,100,8091,150,8096,40,8097,150,8098,200
1768813,NASDAQ-CARD,10280,50,10279,100,10278,150,10282,31,10283,100,10284,150
1768813,NASDAQ-DLKV,10053,50,10051,100,10049,150,10057,50,10059,100,10061,150
1768813,NASDAQ-ETFB,11610,50,11608,100,11606,150,11616,93,11618,150,11620,200
1768813,NASDAQ-ETFB3,9829,50,9828,100,9827,150,9831,50,9832,100,9833,150
1768813,NASDAQ-FSR,9873,20,9870,50,9868,100,9874,48,9876,100,9878,150
1768813,NASDAQ-GOLD,9873,50,9872,120,9871,150,9875,50,9876,100,9877,150
1768813,NASDAQ-HT,10523,50,10521,100,10519,150,10527,30,10529,100,10531,150
1768813,NASDAQ-INA,10710,50,10708,100,10706,150,10714,50,10716,100,10718,150
1768813,NASDAQ-KOTD,8477,50,8475,100,8473,170,8481,50,8483,100,8485,150
1768813,NASDAQ-NGUP,6510,50,6509,100,6508,150,6513,89,6514,150,6515,200
1768813,NASDAQ-SIMP,10041,50,10040,100,10039,150,10046,72,10047,250,10086,144
1768813,NASDAQ-ZITO,8084,50,8083,100,8082,170,8087,30,8088,150,8089,200
1769098,NASDAQ-CARD,10551,50,10550,100,10549,150,10553,50,10554,100,10555,150
1769098,NASDAQ-DLKV,10036,50,10034,100,10032,150,10040,50,10042,100,10044,150
1769098,NASDAQ-ETFB,11561,50,11559,100,11557,150,11565,50,11567,100,11569,150
1769098,NASDAQ-ETFB3,9781,50,9780,100,9779,150,9783,40,9784,100,9785,150
1769098,NASDAQ-FSR,9877,50,9875,100,9873,170,9883,100,9885,150,9887,200
1769098,NASDAQ-GOLD,9851,50,9850,100,9849,150,9853,50,9854,100,9855,150
1769098,NASDAQ-HT,10517,50,10515,100,10513,150,10523,61,10525,150,10527,200
1769098,NASDAQ-INA,10687,50,10685,100,10683,150,10691,50,10693,100,10695,150
1769098,NASDAQ-KOTD,8486,50,8484,100,8482,150,8490,50,8492,100,8494,150
1769098,NASDAQ-NGUP,6513,100,6512,100,6511,150,6515,50,6516,100,6517,150
1769098,NASDAQ-SIMP,10056,37,10055,150,10054,200,10059,50,10060,100,10061,150
1769098,NASDAQ-ZITO,8082,70,8081,112,8080,150,8085,50,8086,150,8087,200
1769378,NASDAQ-CARD,10540,50,10539,100,10538,150,10542,50,10543,100,10544,150
1769378,NASDAQ-DLKV,10026,50,10024,100,10022,150,10030,50,10032,100,10034,150
1769378,NASDAQ-ETFB,11561,50,11559,100,11557,150,11571,14,11573,250,11665,3
1769378,NASDAQ-ETFB3,9770,50,9769,100,9768,150,9772,50,9773,100,9774,150
1769378,NASDAQ-FSR,9888,50,9886,100,9884,150,9892,50,9894,100,9896,150
1769378,NASDAQ-GOLD,9857,150,9856,250,9804,20,9862,50,9863,100,9864,150
1769378,NASDAQ-HT,10526,50,10524,100,10522,150,10530,50,10532,100,10534,150
1769378,NASDAQ-INA,10682,200,10680,269,10657,20,10698,200,10700,250,10797,20
1769378,NASDAQ-KOTD,8500,40,8498,100,8496,150,8504,50,8506,100,8508,150
1769378,NASDAQ-NGUP,6529,50,6528,100,6527,150,6531,50,6532,100,6533,150
1769378,NASDAQ-SIMP,10042,8,10040,20,10012,324,10061,84,10062,200,10063,250
1769378,NASDAQ-ZITO,8104,20,8103,200,8102,250,8108,50,8109,100,8110,150
1769661,NASDAQ-CARD,10251,200,10137,36,10135,30,10570,50,10571,100,10572,150
1769661,NASDAQ-DLKV,10019,50,10017,100,10015,150,10023,25,10025,100,10027,150
1769661,NASDAQ-ETFB,11546,50,11544,50,11542,100,11556,245,11665,3,11666,55
1769661,NASDAQ-ETFB3,9769,80,9768,150,9767,200,9773,100,9774,150,9775,200
1769661,NASDAQ-FSR,9941,50,9939,100,9937,150,9945,50,9947,100,9949,150
1769661,NASDAQ-GOLD,9869,98,9868,250,9804,20,9874,50,9875,100,9876,150
1769661,NASDAQ-HT,10517,50,10515,100,10513,150,10565,80,10619,10,10620,100
1769661,NASDAQ-INA,10689,100,10687,200,10685,250,10701,150,10703,200,10705,250
1769661,NASDAQ-KOTD,8496,100,8494,150,8492,200,8504,20,8506,150,8508,200
1769661,NASDAQ-NGUP,6533,50,6532,100,6531,150,6538,200,6539,250,6574,50
1769661,NASDAQ-SIMP,10037,68,10036,250,10012,324,10046,221,10058,144,10060,144
1769661,NASDAQ-ZITO,8095,50,8094,100,8093,150,8098,70,8099,150,8100,200
1769979,NASDAQ-CARD,10318,195,10251,137,10240,200,10324,50,10325,100,10326,150
1769979,NASDAQ-DLKV,10066,25,10064,100,10062,150,10070,50,10072,100,10074,150
1769979,NASDAQ-ETFB,11544,49,11542,100,11540,150,11665,3,11666,55,11703,50
1769979,NASDAQ-ETFB3,9749,50,9748,100,9747,150,9751,50,9752,100,9753,150
1769979,NASDAQ-FSR,9960,29,9883,50,9844,20,9972,50,9974,100,9976,150
1769979,NASDAQ-GOLD,9868,100,9867,150,9866,200,9871,50,9872,100,9873,150
1769979,NASDAQ-HT,10512,50,10510,120,10508,150,10518,36,10520,150,10522,200
1769979,NASDAQ-INA,10754,50,10752,100,10750,150,10758,50,10760,100,10762,150
1769979,NASDAQ-KOTD,8512,25,8510,100,8508,150,8516,50,8518,100,8520,150
1769979,NASDAQ-NGUP,6544,50,6543,100,6542,150,6546,50,6547,100,6548,150
1769979,NASDAQ-SIMP,10047,30,10046,100,10045,150,10049,50,10050,100,10051,150
1769979,NASDAQ-ZITO,8089,50,8088,100,8087,150,8149,10,8150,100,8165,10
1770271,NASDAQ-CARD,10300,52,10240,200,10137,36,10306,50,10307,100,10308,150
1770271,NASDAQ-DLKV,10051,50,10049,100,10047,150,10057,100,10059,150,10061,200
1770271,NASDAQ-ETFB,11547,50,11545,100,11543,150,11551,50,11553,100,11555,150
1770271,NASDAQ-ETFB3,9751,50,9750,100,9749,150,9756,200,9757,250,9851,9
1770271,NASDAQ-FSR,9940,50,9938,100,9936,150,9944,50,9946,100,9948,150
1770271,NASDAQ-GOLD,9860,50,9859,100,9858,170,9863,100,9864,150,9865,200
1770271,NASDAQ-HT,10518,100,10516,150,10514,200,10526,100,10528,150,10530,200
1770271,NASDAQ-INA,10745,50,10743,100,10741,150,10747,20,10749,50,10751,100
1770271,NASDAQ-KOTD,8522,100,8520,150,8518,200,8528,50,8530,100,8532,150
1770271,NASDAQ-NGUP,6554,50,6553,100,6552,150,6556,50,6557,100,6558,150
1770271,NASDAQ-SIMP,10038,86,10037,100,10036,150,10043,90,10044,250,10058,144
1770271,NASDAQ-ZITO,8102,50,8101,100,8100,150,8104,50,8105,100,8106,150
1770537,NASDAQ-CARD,10293,68,10292,150,10291,200,10297,100,10298,152,10299,200
1770537,NASDAQ-DLKV,10065,80,10063,150,10061,200,10071,50,10073,100,10075,150
1770537,NASDAQ-ETFB,11551,249,11547,50,11545,100,11559,250,11665,3,11666,111
1770537,NASDAQ-ETFB3,9744,150,9743,200,9742,250,9751,112,9752,250,9851,9
1770537,NASDAQ-FSR,9934,199,9932,250,9883,50,9944,63,9946,100,9948,150
1770537,NASDAQ-GOLD,9813,50,9812,100,9811,150,9815,50,9816,100,9817,150
1770537,NASDAQ-HT,10503,50,10501,100,10499,150,10619,10,10620,100,10703,54
1770537,NASDAQ-INA,10741,50,10739,100,10737,150,10745,50,10747,100,10749,150
1770537,NASDAQ-KOTD,8533,43,8531,100,8529,150,8537,50,8539,100,8541,150
1770537,NASDAQ-NGUP,6553,100,6552,150,6551,200,6559,45,6560,250,6574,50
1770537,NASDAQ-SIMP,10034,150,10033,200,10032,250,10041,93,10042,250,10058,144
1770537,NASDAQ-ZITO,8089,50,8088,100,8087,150,8092,80,8093,150,8094,200
1770809,NASDAQ-CARD,10240,200,10137,36,10135,30,10307,50,10308,100,10309,150
1770809,NASDAQ-DLKV,10036,50,10034,100,10032,150,10040,50,10042,100,10044,150
1770809,NASDAQ-ETFB,11560,95,11559,267,11558,150,11566,50,11568,100,11570,150
1770809,NASDAQ-ETFB3,9745,24,9744,150,9743,200,9752,38,9851,9,9852,10
1770809,NASDAQ-FSR,9915,50,9913,100,9911,150,9919,50,9921,100,9923,150
1770809,NASDAQ-GOLD,9817,12,9816,100,9815,150,9819,50,9820,100,9821,150
1770809,NASDAQ-HT,10533,100,10531,150,10529,200,10539,50,10541,100,10543,150
1770809,NASDAQ-INA,10752,45,10750,200,10748,250,10760,50,10762,100,10764,150
1770809,NASDAQ-KOTD,8523,50,8521,100,8519,150,8527,10,8529,100,8531,150
1770809,NASDAQ-NGUP,6549,50,6548,100,6547,150,6554,119,6555,250,6574,50
1770809,NASDAQ-SIMP,10012,324,10000,72,9995,144,10044,130,10045,250,10058,144
1770809,NASDAQ-ZITO,8095,110,8094,200,8093,250,8099,50,8100,100,8101,150
1771100,NASDAQ-CARD,10115,100,10114,150,10113,200,10120,139,10121,200,10122,250
1771100,NASDAQ-DLKV,10023,160,10022,50,10020,100,10028,43,10030,150,10032,200
1771100,NASDAQ-ETFB,11563,50,11561,100,11559,417,11573,200,11575,250,11665,3
1771100,NASDAQ-ETFB3,9753,40,9752,100,9751,150,9756,74,9757,150,9758,200
1771100,NASDAQ-FSR,9883,50,9882,50,9880,100,9888,63,9890,150,9892,200
1771100,NASDAQ-GOLD,9825,70,9824,250,9782,20,9830,50,9831,100,9832,150
1771100,NASDAQ-HT,10529,50,10527,100,10525,150,10541,29,10587,20,10619,10
1771100,NASDAQ-INA,10762,85,10760,150,10758,200,10768,50,10770,100,10772,150
1771100,NASDAQ-KOTD,8526,40,8524,100,8522,150,8530,50,8532,100,8534,150
1771100,NASDAQ-NGUP,6553,50,6552,100,6551,150,6556,100,6557,150,6558,200
1771100,NASDAQ-SIMP,10028,175,10027,250,10013,20,10037,225,10058,144,10060,288
1771100,NASDAQ-ZITO,8120,50,8119,100,8118,150,8122,50,8123,100,8124,150
1771372,NASDAQ-CARD,10108,200,10107,250,10018,193,10115,61,10116,200,10117,250
1771372,NASDAQ-DLKV,10014,50,10012,100,10010,150,10022,20,10024,200,10026,250
1771372,NASDAQ-ETFB,11559,217,11555,50,11553,100,11561,100,11563,150,11565,200
1771372,NASDAQ-ETFB3,9746,100,9745,150,9744,200,9749,50,9750,100,9751,150
1771372,NASDAQ-FSR,9912,15,9910,150,9908,200,9918,50,9920,100,9922,150
1771372,NASDAQ-GOLD,9795,50,9794,100,9793,150,9800,180,9801,250,9991,20
1771372,NASDAQ-HT,10496,20,10494,20,10483,20,10582,50,10584,100,10586,150
1771372,NASDAQ-INA,10680,19,10657,20,10351,1,10777,50,10779,100,10781,150
1771372,NASDAQ-KOTD,8537,44,8535,100,8533,150,8541,50,8543,100,8545,150
1771372,NASDAQ-NGUP,6550,50,6549,100,6548,150,6556,214,6574,50,6587,1
1771372,NASDAQ-SIMP,10016,95,10015,250,10013,56,10024,110,10025,250,10058,144
1771372,NASDAQ-ZITO,8141,10,8140,150,8139,200,8144,50,8145,100,8146,150
1771658,NASDAQ-CARD,10114,34,10113,250,10106,20,10119,50,10120,100,10121,150
1771658,NASDAQ-DLKV,10022,160,10019,50,10017,100,10023,50,10025,100,10027,150
1771658,NASDAQ-ETFB,11562,10,11559,117,11558,55,11565,100,11567,250,11665,3
1771658,NASDAQ-ETFB3,9735,50,9734,100,9733,150,9739,95,9740,200,9741,250
1771658,NASDAQ-FSR,9898,50,9896,100,9894,150,9904,38,9906,150,9908,200
1771658,NASDAQ-GOLD,9792,50,9791,100,9790,150,9795,50,9796,150,9797,200
1771658,NASDAQ-HT,10536,30,10534,100,10532,150,10546,162,10548,250,10587,20
1771658,NASDAQ-INA,10772,50,10770,100,10768,150,10776,50,10778,100,10780,150
1771658,NASDAQ-KOTD,8526,50,8524,100,8522,150,8534,108,8536,200,8538,250
1771658,NASDAQ-NGUP,6550,50,6549,100,6548,150,6556,135,6574,50,6587,1
1771658,NASDAQ-SIMP,10023,158,10017,20,10013,56,10029,50,10030,100,10031,150
1771658,NASDAQ-ZITO,8137,250,8082,20,8081,12,8140,10,8143,45,8144,100
1771960,NASDAQ-CARD,10101,100,10100,150,10099,200,10105,50,10106,150,10107,200
1771960,NASDAQ-DLKV,10001,50,9999,100,9997,193,10005,50,10007,100,10009,150
1771960,NASDAQ-ETFB,11551,99,11544,50,11542,100,11556,125,11566,58,11665,3
1771960,NASDAQ-ETFB3,9745,103,9744,200,9743,250,9746,26,9749,50,9750,100
1771960,NASDAQ-FSR,9924,50,9922,150,9920,200,9930,50,9932,100,9934,150
1771960,NASDAQ-GOLD,9759,50,9758,100,9757,150,9764,144,9765,250,9991,20
1771960,NASDAQ-HT,10526,250,10496,20,10494,20,10542,134,10544,200,10546,250
1771960,NASDAQ-INA,10680,19,10657,20,10351,1,10789,50,10791,100,10793,150
1771960,NASDAQ-KOTD,8548,25,8546,100,8544,150,8552,50,8554,100,8556,150
1771960,NASDAQ-NGUP,6564,50,6563,100,6562,150,6566,50,6567,100,6568,150
1771960,NASDAQ-SIMP,10000,72,9999,50,9998,100,10058,144,10060,288,10080,144
1771960,NASDAQ-ZITO,8134,50,8133,200,8132,250,8138,50,8139,100,8140,160
1772220,NASDAQ-CARD,9991,50,9990,100,9989,150,9996,150,9997,250,10099,20
1772220,NASDAQ-DLKV,9987,50,9986,100,9985,150,9991,40,9992,200,9993,250
1772220,NASDAQ-ETFB,11550,13,11544,50,11542,100,11566,3,11665,3,11666,111
1772220,NASDAQ-ETFB3,9747,12,9746,100,9745,150,9751,150,9752,210,9753,250
1772220,NASDAQ-FSR,9925,120,9923,200,9921,250,9933,50,9935,100,9937,150
1772220,NASDAQ-GOLD,9776,50,9775,100,9774,150,9778,50,9779,100,9780,150
1772220,NASDAQ-HT,10483,20,10467,19,10464,20,10539,135,10541,200,10543,250
1772220,NASDAQ-INA,10760,50,10758,100,10756,150,10764,50,10766,100,10768,150
1772220,NASDAQ-KOTD,8533,50,8531,100,8529,150,8537,25,8539,100,8541,150
1772220,NASDAQ-NGUP,6578,50,6577,100,6576,150,6580,50,6581,100,6582,150
1772220,NASDAQ-SIMP,10009,190,10008,250,9995,144,10017,140,10018,250,10028,180
1772220,NASDAQ-ZITO,8138,60,8137,100,8136,150,8140,50,8141,100,8142,150
1772523,NASDAQ-CARD,9990,50,9989,150,9988,200,9997,138,10099,20,10101,200
1772523,NASDAQ-DLKV,9964,50,9963,100,9962,150,9966,50,9967,100,9968,150
1772523,NASDAQ-ETFB,11580,67,11578,150,11576,200,11586,50,11588,100,11590,150
1772523,NASDAQ-ETFB3,9780,1,9779,150,9778,200,9783,50,9784,100,9785,150
1772523,NASDAQ-FSR,9955,5,9953,250,9933,12,9960,30,9965,50,9967,100
1772523,NASDAQ-GOLD,9783,50,9782,100,9781,150,9785,50,9786,100,9787,150
1772523,NASDAQ-HT,10544,20,10542,100,10540,150,10548,50,10550,100,10552,150
1772523,NASDAQ-INA,10680,19,10657,20,10351,1,10756,150,10767,50,10769,100
1772523,NASDAQ-KOTD,8549,75,8547,200,8545,250,8557,50,8559,100,8561,150
1772523,NASDAQ-NGUP,6573,200,6572,250,6556,50,6578,50,6579,100,6580,150
1772523,NASDAQ-SIMP,9995,94,9993,151,9992,100,9999,73,10028,180,10050,20
1772523,NASDAQ-ZITO,8149,82,8148,200,8147,250,8153,50,8154,100,8155,150
1772791,NASDAQ-CARD,9980,200,9979,50,9978,100,9983,130,9984,200,9985,250
1772791,NASDAQ-DLKV,9957,150,9956,200,9955,250,9961,50,9962,100,9963,150
1772791,NASDAQ-ETFB,11582,50,11580,100,11578,150,11586,24,11588,100,11590,150
1772791,NASDAQ-ETFB3,9778,120,9777,250,9753,450,9783,50,9784,100,9785,150
1772791,NASDAQ-FSR,9934,111,9933,12,9932,200,9942,50,9944,100,9946,150
1772791,NASDAQ-GOLD,9759,50,9758,100,9757,150,9765,21,9991,20,10004,17
1772791,NASDAQ-HT,10563,180,10561,250,10483,20,10573,50,10575,100,10577,150
1772791,NASDAQ-INA,10776,1,10774,100,10772,150,10780,50,10782,100,10784,150
1772791,NASDAQ-KOTD,8525,50,8523,100,8521,150,8529,50,8531,100,8533,150
1772791,NASDAQ-NGUP,6569,50,6568,100,6567,150,6571,50,6572,100,6573,150
1772791,NASDAQ-SIMP,9973,50,9972,100,9971,150,9977,39,9978,200,9979,250
1772791,NASDAQ-ZITO,8125,50,8124,100,8123,150,8127,30,8128,100,8129,150
1773035,NASDAQ-CARD,10152,225,9983,30,9951,200,10158,50,10159,100,10160,150
1773035,NASDAQ-DLKV,9985,201,9953,20,9878,18,9991,50,9992,100,9993,150
1773035,NASDAQ-ETFB,11593,50,11591,100,11589,150,11597,50,11599,100,11601,150
1773035,NASDAQ-ETFB3,9781,130,9780,250,9753,450,9786,50,9787,100,9788,150
1773035,NASDAQ-FSR,9939,84,9937,150,9935,200,9945,50,9947,100,9949,150
1773035,NASDAQ-GOLD,9798,50,9797,100,9796,150,9800,50,9801,100,9802,150
1773035,NASDAQ-HT,10483,20,10467,19,10464,20,10581,50,10583,100,10585,150
1773035,NASDAQ-INA,10680,19,10657,20,10351,1,10788,25,10793,50,10795,100
1773035,NASDAQ-KOTD,8525,50,8523,100,8521,150,8531,81,8533,150,8535,200
1773035,NASDAQ-NGUP,6553,50,6552,100,6551,150,6555,25,6556,100,6557,150
1773035,NASDAQ-SIMP,10015,150,10014,200,10013,250,10016,102,10019,50,10020,100
1773035,NASDAQ-ZITO,8131,133,8130,250,8127,80,8136,50,8137,100,8138,150
1773269,NASDAQ-CARD,10144,50,10143,100,10142,150,10146,16,10147,100,10148,150
1773269,NASDAQ-DLKV,9978,50,9977,100,9976,150,9981,5,9982,150,9983,200
1773269,NASDAQ-ETFB,11593,50,11592,57,11591,100,11597,50,11599,100,11601,150
1773269,NASDAQ-ETFB3,9786,129,9784,50,9783,100,9787,100,9788,150,9789,200
1773269,NASDAQ-FSR,9926,50,9924,100,9922,150,9930,38,9932,100,9934,150
1773269,NASDAQ-GOLD,9793,50,9792,100,9791,150,9797,85,9798,200,9799,250
1773269,NASDAQ-HT,10627,40,10625,150,10623,200,10633,50,10635,100,10637,150
1773269,NASDAQ-INA,10808,30,10806,100,10804,150,10812,50,10814,100,10816,150
1773269,NASDAQ-KOTD,8545,50,8543,100,8541,150,8549,50,8551,100,8553,150
1773269,NASDAQ-NGUP,6551,50,6550,100,6549,150,6555,53,6556,200,6557,250
1773269,NASDAQ-SIMP,10024,42,9977,50,9974,144,10030,50,10031,100,10032,150
1773269,NASDAQ-ZITO,8132,50,8131,100,8130,150,8135,70,8136,150,8137,200
1773407,NASDAQ-CARD,10125,50,10124,100,10123,150,10127,50,10128,100,10129,150
1773407,NASDAQ-DLKV,9985,50,9984,100,9983,150,9987,50,9988,100,9989,150
1773407,NASDAQ-ETFB,11593,50,11592,57,11591,100,11597,50,11599,100,11601,150
1773407,NASDAQ-ETFB3,9786,79,9784,50,9783,100,9787,100,9788,150,9789,200
1773407,NASDAQ-FSR,9920,20,9917,50,9915,100,9921,50,9923,100,9925,150
1773407,NASDAQ-GOLD,9777,50,9776,100,9775,150,9779,50,9780,100,9781,150
1773407,NASDAQ-HT,10629,50,10627,100,10625,150,10633,50,10635,100,10637,150
1773407,NASDAQ-INA,10779,50,10777,100,10775,150,10783,50,10785,100,10787,150
1773407,NASDAQ-KOTD,8534,50,8532,100,8531,1,8538,50,8540,100,8542,150
1773407,NASDAQ-NGUP,6537,50,6536,100,6535,150,6539,10,6540,100,6541,150
1773407,NASDAQ-SIMP,10023,50,10022,100,10021,150,10025,50,10026,100,10027,150
1773407,NASDAQ-ZITO,8124,50,8123,100,8122,150,8127,70,8128,150,8129,200
1773675,NASDAQ-CARD,10124,200,10123,250,9983,30,10130,50,10131,150,10132,200
1773675,NASDAQ-DLKV,9990,48,9989,100,9988,150,9992,50,9993,100,9994,150
1773675,NASDAQ-ETFB,11587,10,11586,50,11584,100,11590,28,11592,100,11594,150
1773675,NASDAQ-ETFB3,9762,44,9761,100,9760,150,9764,42,9765,100,9766,150
1773675,NASDAQ-FSR,9924,105,9922,250,9881,20,9934,50,9936,100,9938,150
1773675,NASDAQ-GOLD,9803,50,9802,100,9801,150,9805,50,9806,100,9807,150
1773675,NASDAQ-HT,10637,59,10635,150,10633,200,10643,50,10645,100,10647,150
1773675,NASDAQ-INA,10780,49,10778,150,10776,200,10786,50,10788,100,10790,150
1773675,NASDAQ-KOTD,8531,50,8529,100,8527,150,8535,26,8537,100,8539,150
1773675,NASDAQ-NGUP,6557,90,6556,150,6555,230,6560,50,6561,100,6562,150
1773675,NASDAQ-SIMP,10020,70,10019,100,10018,150,10022,40,10023,100,10024,150
1773675,NASDAQ-ZITO,8135,20,8133,50,8132,100,8136,100,8137,150,8138,200
1773947,NASDAQ-CARD,10217,24,10216,200,10215,250,10221,50,10222,100,10223,150
1773947,NASDAQ-DLKV,9984,50,9983,100,9982,150,9986,40,9987,100,9988,150
1773947,NASDAQ-ETFB,11595,44,11593,100,11591,150,11599,50,11601,100,11603,150
1773947,NASDAQ-ETFB3,9766,25,9765,100,9764,150,9768,50,9769,100,9770,150
1773947,NASDAQ-FSR,9917,50,9915,100,9913,150,9921,50,9923,100,9925,150
1773947,NASDAQ-GOLD,9852,40,9851,100,9850,150,9854,50,9855,100,9856,150
1773947,NASDAQ-HT,10634,50,10632,100,10630,150,10638,30,10640,100,10642,230
1773947,NASDAQ-INA,10753,50,10751,100,10749,150,10757,50,10759,100,10761,150
1773947,NASDAQ-KOTD,8518,50,8517,20,8516,100,8522,30,8524,100,8526,150
1773947,NASDAQ-NGUP,6550,50,6549,100,6548,150,6554,126,6555,200,6556,250
1773947,NASDAQ-SIMP,10043,130,10042,200,10041,250,10047,50,10048,100,10049,150
1773947,NASDAQ-ZITO,8134,100,8133,150,8132,200,8137,50,8138,100,8139,150
1774216,NASDAQ-CARD,10217,146,10216,250,10130,30,10222,50,10223,100,10224,150
1774216,NASDAQ-DLKV,9969,50,9968,100,9967,150,9971,50,9972,100,9973,150
1774216,NASDAQ-ETFB,11598,156,11596,250,11594,58,11608,50,11610,100,11612,150
1774216,NASDAQ-ETFB3,9759,50,9758,100,9757,150,9761,50,9762,100,9763,150
1774216,NASDAQ-FSR,9909,20,9907,50,9905,100,9911,50,9913,100,9915,150
1774216,NASDAQ-GOLD,9819,50,9818,100,9817,150,9821,30,9822,100,9823,150
1774216,NASDAQ-HT,10603,20,10483,20,10467,19,10645,50,10647,100,10649,150
1774216,NASDAQ-INA,10782,50,10780,100,10778,150,10786,50,10788,100,10790,150
1774216,NASDAQ-KOTD,8528,30,8526,100,8524,150,8532,50,8534,100,8536,150
1774216,NASDAQ-NGUP,6545,30,6544,100,6543,150,6550,128,6551,250,6586,3
1774216,NASDAQ-SIMP,10032,50,10031,100,10030,150,10037,90,10038,250,10043,69
1774216,NASDAQ-ZITO,8148,40,8147,100,8146,150,8150,50,8151,100,8152,150
1774535,NASDAQ-CARD,10231,99,10230,150,10229,200,10234,50,10235,100,10236,150
1774535,NASDAQ-DLKV,10004,85,10002,150,10000,200,10010,50,10012,100,10014,150
1774535,NASDAQ-ETFB,11595,100,11593,150,11591,200,11601,31,11603,100,11605,150
1774535,NASDAQ-ETFB3,9773,50,9772,100,9771,150,9775,47,9776,100,9777,150
1774535,NASDAQ-FSR,9933,121,9931,200,9929,250,9941,50,9943,100,9945,150
1774535,NASDAQ-GOLD,9834,40,9833,100,9832,150,9836,50,9837,100,9838,150
1774535,NASDAQ-HT,10658,10,10656,100,10654,150,10662,50,10664,100,10666,150
1774535,NASDAQ-INA,10784,152,10782,250,10761,20,10794,50,10796,100,10798,150
1774535,NASDAQ-KOTD,8510,10,8507,70,8505,100,8511,40,8513,100,8515,150
1774535,NASDAQ-NGUP,6556,50,6555,100,6554,200,6558,50,6559,100,6560,150
1774535,NASDAQ-SIMP,10037,182,9977,46,9974,144,10044,100,10045,150,10046,200
1774535,NASDAQ-ZITO,8153,150,8152,200,8151,250,8157,50,8158,100,8159,150
1774884,NASDAQ-CARD,10222,50,10221,100,10220,150,10239,10,10240,260,10293,30
1774884,NASDAQ-DLKV,9994,50,9993,100,9992,150,9996,21,9997,100,9998,150
1774884,NASDAQ-ETFB,11591,200,11589,250,11587,4,11602,58,11607,76,11609,250
1774884,NASDAQ-ETFB3,9772,95,9771,150,9770,200,9775,18,9776,100,9777,150
1774884,NASDAQ-FSR,9938,60,9936,250,9919,20,9948,50,9950,100,9952,150
1774884,NASDAQ-GOLD,9821,50,9820,50,9819,100,9991,20,10004,17,10115,10
1774884,NASDAQ-HT,10656,1,10631,20,10483,20,10668,50,10670,100,10672,150
1774884,NASDAQ-INA,10792,20,10791,21,10789,150,10797,50,10799,100,10801,150
1774884,NASDAQ-KOTD,8477,50,8475,100,8473,170,8489,173,8541,50,8675,20
1774884,NASDAQ-NGUP,6581,50,6580,100,6579,150,6583,51,6584,100,6585,151
1774884,NASDAQ-SIMP,10049,77,10048,150,10047,200,10052,50,10053,100,10054,150
1774884,NASDAQ-ZITO,8153,89,8152,150,8151,200,8156,30,8157,100,8158,150
1775200,NASDAQ-CARD,10415,50,10414,100,10413,150,10417,50,10418,100,10419,150
1775200,NASDAQ-DLKV,9969,50,9968,100,9967,150,9971,19,9972,100,9973,150
1775200,NASDAQ-ETFB,11600,50,11598,100,11596,150,11606,86,11608,150,11610,200
1775200,NASDAQ-ETFB3,9753,481,9752,100,9751,200,9755,32,9756,100,9757,150
1775200,NASDAQ-FSR,9976,68,9974,200,9972,250,9984,50,9986,100,9988,150
1775200,NASDAQ-GOLD,9860,100,9859,150,9858,200,9863,50,9864,100,9865,150
1775200,NASDAQ-HT,10671,32,10669,100,10667,150,10675,50,10677,100,10679,150
1775200,NASDAQ-INA,10787,15,10785,250,10761,20,10797,40,10799,100,10801,150
1775200,NASDAQ-KOTD,8513,40,8511,150,8509,200,8519,50,8521,100,8523,150
1775200,NASDAQ-NGUP,6576,50,6575,100,6574,150,6578,40,6579,100,6580,150
1775200,NASDAQ-SIMP,10038,164,10033,108,9977,46,10060,8,10064,50,10065,100
1775200,NASDAQ-ZITO,8126,50,8125,100,8124,150,8128,30,8129,100,8130,150
1775509,NASDAQ-CARD,10408,200,10407,250,10240,10,10415,139,10416,200,10417,250
1775509,NASDAQ-DLKV,10009,20,10007,100,10005,150,10013,50,10015,100,10017,150
1775509,NASDAQ-ETFB,11616,40,11614,100,11612,150,11620,50,11622,100,11624,150
1775509,NASDAQ-ETFB3,9767,40,9766,100,9765,150,9769,50,9770,100,9771,150
1775509,NASDAQ-FSR,9969,50,9967,100,9965,150,9973,50,9975,100,9977,150
1775509,NASDAQ-GOLD,9845,50,9844,100,9843,150,9850,131,9851,250,9974,20
1775509,NASDAQ-HT,10658,30,10656,100,10654,150,10662,40,10664,100,10666,150
1775509,NASDAQ-INA,10759,150,10757,200,10755,250,10767,40,10769,100,10771,150
1775509,NASDAQ-KOTD,8510,50,8508,100,8506,150,8514,50,8516,100,8518,150
1775509,NASDAQ-NGUP,6582,50,6581,100,6580,150,6583,2,6584,50,6585,101
1775509,NASDAQ-SIMP,10040,197,10039,250,10038,164,10048,86,10049,250,10051,14
1775509,NASDAQ-ZITO,8141,132,8140,200,8139,250,8145,50,8146,100,8147,150
1775807,NASDAQ-CARD,10418,108,10240,10,10239,30,10424,50,10425,100,10426,150
1775807,NASDAQ-DLKV,10016,90,10014,150,10012,200,10022,50,10024,100,10026,150
1775807,NASDAQ-ETFB,11632,50,11630,100,11628,150,11636,44,11638,100,11640,150
1775807,NASDAQ-ETFB3,9772,22,9771,100,9770,150,9775,100,9776,150,9777,200
1775807,NASDAQ-FSR,9946,160,9944,250,9919,20,9956,50,9958,100,9960,150
1775807,NASDAQ-GOLD,9863,30,9862,100,9861,150,9865,50,9866,100,9867,150
1775807,NASDAQ-HT,10631,20,10628,50,10626,100,10634,70,10636,150,10638,200
1775807,NASDAQ-INA,10780,97,10778,150,10776,200,10786,30,10788,100,10790,150
1775807,NASDAQ-KOTD,8526,170,8524,250,8514,20,8536,50,8538,100,8540,150
1775807,NASDAQ-NGUP,6557,50,6556,100,6555,150,6559,28,6560,100,6561,150
1775807,NASDAQ-SIMP,10033,158,10032,100,10031,150,10039,96,10059,108,10060,8
1775807,NASDAQ-ZITO,8154,42,8153,150,8152,200,8157,50,8158,100,8159,150
1776108,NASDAQ-CARD,10594,108,10593,200,10592,250,10598,50,10599,100,10600,150
1776108,NASDAQ-DLKV,9991,50,9990,100,9989,150,9993,40,9994,100,9995,150
1776108,NASDAQ-ETFB,11624,250,11615,57,11602,50,11632,78,11636,50,11638,100
1776108,NASDAQ-ETFB3,9753,431,9751,100,9750,100,9756,141,9757,250,9785,10
1776108,NASDAQ-FSR,9945,164,9943,250,9919,20,9955,50,9957,100,9959,150
1776108,NASDAQ-GOLD,9870,50,9869,100,9868,150,9872,50,9873,100,9874,150
1776108,NASDAQ-HT,10624,30,10622,100,10620,150,10661,80,10703,54,10742,20
1776108,NASDAQ-INA,10765,50,10763,100,10761,150,10775,114,10777,250,10798,20
1776108,NASDAQ-KOTD,8521,50,8519,100,8517,150,8527,23,8529,150,8531,200
1776108,NASDAQ-NGUP,6535,20,6534,50,6533,100,6540,44,6583,2,6585,1
1776108,NASDAQ-SIMP,10033,46,9977,46,9974,144,10059,52,10060,208,10061,250
1776108,NASDAQ-ZITO,8153,100,8152,150,8151,200,8156,22,8157,100,8158,150
1776455,NASDAQ-CARD,10589,46,10588,100,10587,150,10591,10,10592,100,10593,150
1776455,NASDAQ-DLKV,10014,40,10012,100,10010,150,10018,50,10020,100,10022,150
1776455,NASDAQ-ETFB,11610,50,11608,100,11606,150,11614,37,11616,100,11618,150
1776455,NASDAQ-ETFB3,9759,50,9758,100,9757,150,9763,150,9764,200,9765,250
1776455,NASDAQ-FSR,9947,137,9945,200,9943,250,9955,50,9957,100,9959,150
1776455,NASDAQ-GOLD,9886,73,9885,150,9884,200,9889,50,9890,100,9891,150
1776455,NASDAQ-HT,10619,50,10617,100,10615,150,10625,100,10627,150,10629,200
1776455,NASDAQ-INA,10774,150,10772,250,10680,19,10784,50,10786,100,10788,150
1776455,NASDAQ-KOTD,8527,10,8490,10,8489,50,8537,50,8539,100,8541,200
1776455,NASDAQ-NGUP,6558,30,6557,100,6556,150,6560,50,6561,100,6562,150
1776455,NASDAQ-SIMP,10062,98,10061,150,10060,200,10065,50,10066,100,10067,150
1776455,NASDAQ-ZITO,8149,200,8148,250,8145,80,8154,50,8155,100,8156,150
1776770,NASDAQ-CARD,10572,50,10571,100,10570,150,10574,50,10575,100,10576,150
1776770,NASDAQ-DLKV,10016,50,10014,100,10012,150,10024,119,10026,200,10028,250
1776770,NASDAQ-ETFB,11623,50,11621,150,11619,200,11624,9,11629,50,11631,100
1776770,NASDAQ-ETFB3,9768,50,9767,100,9766,150,9770,40,9771,100,9772,150
1776770,NASDAQ-FSR,9983,50,9981,100,9979,150,9987,50,9989,100,9991,150
1776770,NASDAQ-GOLD,9927,50,9926,100,9925,150,9929,50,9930,100,9931,150
1776770,NASDAQ-HT,10628,10,10626,100,10624,150,10632,50,10634,100,10636,150
1776770,NASDAQ-INA,10780,18,10680,19,10657,20,10819,50,10821,100,10823,150
1776770,NASDAQ-KOTD,8523,50,8521,100,8519,150,8533,168,8535,250,8541,50
1776770,NASDAQ-NGUP,6559,50,6558,100,6557,150,6563,124,6564,200,6565,250
1776770,NASDAQ-SIMP,10057,50,10056,100,10055,150,10059,50,10060,100,10061,150
1776770,NASDAQ-ZITO,8148,60,8147,200,8146,250,8152,50,8153,100,8154,150
1776931,NASDAQ-CARD,10589,26,10588,250,10424,6,10594,50,10595,100,10596,150
1776931,NASDAQ-DLKV,10037,50,10035,100,10033,150,10041,50,10043,100,10045,150
1776931,NASDAQ-ETFB,11624,41,11622,150,11620,200,11630,48,11632,228,11634,150
1776931,NASDAQ-ETFB3,9768,50,9767,100,9766,150,9770,10,9771,100,9772,150
1776931,NASDAQ-FSR,10000,47,9998,100,9996,150,10004,50,10006,100,10008,150
1776931,NASDAQ-GOLD,9909,50,9908,100,9907,150,9911,50,9912,100,9913,150
1776931,NASDAQ-HT,10616,50,10614,100,10612,150,10626,98,10628,250,10661,80
1776931,NASDAQ-INA,10818,50,10816,100,10814,150,10822,50,10824,100,10826,150
1776931,NASDAQ-KOTD,8515,50,8513,100,8511,150,8527,210,8541,50,8675,20
1776931,NASDAQ-NGUP,6577,7,6576,100,6575,150,6579,50,6580,100,6581,150
1776931,NASDAQ-SIMP,10050,50,10049,100,10048,150,10052,50,10053,100,10054,150
1776931,NASDAQ-ZITO,8134,50,8133,100,8132,150,8137,70,8138,150,8139,200
1777231,NASDAQ-CARD,10512,50,10511,100,10510,150,10515,42,10516,150,10517,200
1777231,NASDAQ-DLKV,10041,41,10039,100,10037,150,10047,100,10049,150,10051,200
1777231,NASDAQ-ETFB,11630,25,11626,50,11624,100,11632,154,11634,150,11636,200
1777231,NASDAQ-ETFB3,9753,431,9752,100,9751,200,9755,35,9756,100,9757,150
1777231,NASDAQ-FSR,10014,50,10012,100,10010,150,10018,50,10020,100,10022,150
1777231,NASDAQ-GOLD,9902,50,9901,100,9900,150,9904,50,9905,100,9906,150
1777231,NASDAQ-HT,10639,50,10637,100,10635,150,10643,50,10645,100,10647,150
1777231,NASDAQ-INA,10846,198,10680,19,10657,20,10858,50,10860,100,10862,150
1777231,NASDAQ-KOTD,8529,65,8527,150,8525,200,8535,50,8537,100,8539,150
1777231,NASDAQ-NGUP,6556,50,6555,100,6554,150,6558,33,6559,100,6560,150
1777231,NASDAQ-SIMP,10059,90,10058,150,10057,200,10062,50,10063,100,10064,150
1777231,NASDAQ-ZITO,8162,30,8161,150,8160,200,8165,60,8166,100,8167,150
1777520,NASDAQ-CARD,10528,77,10419,144,10240,8,10534,50,10535,100,10536,150
1777520,NASDAQ-DLKV,10058,94,10056,150,10054,200,10064,50,10066,100,10068,150
1777520,NASDAQ-ETFB,11633,40,11631,100,11629,150,11639,100,11641,150,11643,200
1777520,NASDAQ-ETFB3,9757,30,9753,431,9752,100,9759,150,9785,10,9802,55
1777520,NASDAQ-FSR,10016,45,10014,100,10012,150,10020,50,10022,100,10024,150
1777520,NASDAQ-GOLD,9907,110,9906,200,9905,250,9911,40,9912,100,9913,150
1777520,NASDAQ-HT,10626,30,10624,100,10622,150,10632,80,10634,150,10636,200
1777520,NASDAQ-INA,10814,40,10812,100,10810,150,10818,50,10820,100,10822,150
1777520,NASDAQ-KOTD,8539,38,8537,200,8535,250,8547,50,8549,100,8551,150
1777520,NASDAQ-NGUP,6568,50,6567,100,6566,150,6570,50,6571,100,6572,150
1777520,NASDAQ-SIMP,10064,72,10063,250,10034,180,10069,50,10070,100,10071,150
1777520,NASDAQ-ZITO,8165,1,8164,200,8163,250,8169,50,8170,100,8171,150
1777835,NASDAQ-CARD,10503,50,10502,100,10501,150,10508,140,10509,250,10528,30
1777835,NASDAQ-DLKV,10083,44,10081,100,10079,150,10087,50,10089,100,10091,150
1777835,NASDAQ-ETFB,11633,21,11631,100,11629,150,11645,250,11665,3,11666,111
1777835,NASDAQ-ETFB3,9764,130,9763,200,9762,250,9770,122,9771,200,9772,250
1777835,NASDAQ-FSR,10062,50,10060,100,10058,150,10066,50,10068,100,10070,150
1777835,NASDAQ-GOLD,9929,145,9928,250,9895,20,9934,50,9935,100,9936,150
1777835,NASDAQ-HT,10595,50,10593,100,10591,150,10703,46,10742,20,10865,30
1777835,NASDAQ-INA,10680,19,10657,20,10351,1,10833,50,10835,100,10837,150
1777835,NASDAQ-KOTD,8531,30,8529,100,8527,150,8675,20,8682,10,8756,4
1777835,NASDAQ-NGUP,6573,50,6572,100,6571,150,6575,50,6576,100,6577,150
1777835,NASDAQ-SIMP,10058,50,10057,100,10056,150,10080,144,10086,99,10096,10
1777835,NASDAQ-ZITO,8151,70,8150,100,8149,150,8153,40,8154,100,8155,150
1778107,NASDAQ-CARD,10228,50,10227,100,10226,150,10230,50,10231,100,10232,150
1778107,NASDAQ-DLKV,10037,50,10035,100,10033,150,10041,50,10043,100,10045,150
1778107,NASDAQ-ETFB,11627,50,11625,100,11623,150,11637,156,11639,250,11665,3
1778107,NASDAQ-ETFB3,9766,7,9765,100,9764,150,9770,20,9771,200,9772,250
1778107,NASDAQ-FSR,10033,50,10031,100,10029,150,10037,25,10039,100,10041,150
1778107,NASDAQ-GOLD,9915,50,9914,100,9913,150,9917,50,9918,100,9919,150
1778107,NASDAQ-HT,10626,50,10624,100,10622,150,10630,50,10632,100,10634,150
1778107,NASDAQ-INA,10786,50,10784,100,10782,150,10790,50,10792,100,10794,150
1778107,NASDAQ-KOTD,8507,50,8505,100,8503,150,8511,30,8513,100,8515,150
1778107,NASDAQ-NGUP,6558,50,6557,100,6556,150,6562,82,6563,200,6564,250
1778107,NASDAQ-SIMP,10062,78,10061,250,10034,180,10069,23,10070,200,10071,250
1778107,NASDAQ-ZITO,8150,50,8149,100,8148,150,8153,70,8154,150,8155,200
1778371,NASDAQ-CARD,10238,27,10237,150,10236,200,10241,50,10242,100,10243,150
1778371,NASDAQ-DLKV,10010,20,10008,50,10006,100,10016,26,10018,200,10020,250
1778371,NASDAQ-ETFB,11625,100,11623,150,11622,56,11631,20,11633,100,11635,150
1778371,NASDAQ-ETFB3,9758,50,9757,100,9756,150,9763,200,9764,321,9785,10
1778371,NASDAQ-FSR,10006,50,10004,100,10002,150,10014,140,10016,200,10018,250
1778371,NASDAQ-GOLD,9902,50,9901,100,9900,150,9908,3,9974,20,9991,20
1778371,NASDAQ-HT,10620,70,10589,20,10483,20,10629,60,10632,50,10634,100
1778371,NASDAQ-INA,10765,50,10763,100,10761,150,10771,83,10773,150,10775,200
1778371,NASDAQ-KOTD,8496,70,8494,100,8492,150,8675,20,8682,10,8756,4
1778371,NASDAQ-NGUP,6552,50,6551,100,6550,150,6558,78,6583,2,6585,1
1778371,NASDAQ-SIMP,10053,27,10052,100,10051,150,10055,27,10056,100,10057,150
1778371,NASDAQ-ZITO,8160,50,8159,100,8158,150,8162,50,8163,100,8164,160
1778632,NASDAQ-CARD,10236,50,10235,100,10234,150,10239,20,10240,294,10241,216
1778632,NASDAQ-DLKV,10015,30,10013,100,10011,150,10019,50,10021,100,10023,150
1778632,NASDAQ-ETFB,11622,56,11619,50,11617,100,11623,47,11625,100,11627,150
1778632,NASDAQ-ETFB3,9755,250,9754,250,9753,374,9763,56,9764,321,9766,50
1778632,NASDAQ-FSR,10017,50,10015,100,10013,150,10021,50,10023,100,10025,150
1778632,NASDAQ-GOLD,9916,60,9915,150,9914,200,9919,50,9920,100,9921,150
1778632,NASDAQ-HT,10635,13,10633,150,10631,200,10641,50,10643,100,10645,150
1778632,NASDAQ-INA,10780,113,10778,250,10680,19,10790,50,10792,100,10794,150
1778632,NASDAQ-KOTD,8493,20,8491,200,8490,10,8501,50,8503,100,8505,150
1778632,NASDAQ-NGUP,6568,75,6567,150,6566,200,6571,50,6572,100,6573,150
1778632,NASDAQ-SIMP,10034,30,10031,50,10030,100,10035,123,10036,200,10037,250
1778632,NASDAQ-ZITO,8152,50,8151,100,8150,150,8154,32,8155,100,8156,150
1778898,NASDAQ-CARD,10227,50,10226,100,10225,150,10229,50,10230,100,10231,150
1778898,NASDAQ-DLKV,10001,50,9999,100,9997,150,10007,73,10009,150,10011,200
1778898,NASDAQ-ETFB,11619,63,11617,150,11615,200,11622,80,11624,58,11625,50
1778898,NASDAQ-ETFB3,9776,20,9775,100,9774,150,9781,63,9782,250,9785,10
1778898,NASDAQ-FSR,10009,50,10007,100,10005,150,10013,50,10015,100,10017,150
1778898,NASDAQ-GOLD,9876,50,9875,100,9874,150,9882,206,9974,20,9991,20
1778898,NASDAQ-HT,10625,50,10623,100,10621,150,10631,60,10633,150,10635,200
1778898,NASDAQ-INA,10787,107,10785,250,10680,19,10797,50,10799,100,10801,150
1778898,NASDAQ-KOTD,8475,50,8473,100,8471,150,8675,20,8682,10,8756,4
1778898,NASDAQ-NGUP,6546,50,6545,100,6544,150,6549,10,6550,150,6551,200
1778898,NASDAQ-SIMP,10014,50,10013,100,10012,150,10017,45,10018,150,10019,200
1778898,NASDAQ-ZITO,8126,50,8125,100,8124,150,8128,50,8129,100,8130,150
1779188,NASDAQ-CARD,10076,50,10075,100,10074,150,10078,50,10079,100,10080,150
1779188,NASDAQ-DLKV,10024,50,10022,100,10020,150,10028,50,10030,100,10032,150
1779188,NASDAQ-ETFB,11644,50,11642,100,11640,150,11648,50,11650,100,11652,150
1779188,NASDAQ-ETFB3,9793,63,9792,200,9791,250,9797,50,9798,100,9799,150
1779188,NASDAQ-FSR,10019,19,10017,150,10015,200,10025,50,10027,100,10029,150
1779188,NASDAQ-GOLD,9904,50,9903,100,9902,150,9906,50,9907,100,9908,150
1779188,NASDAQ-HT,10627,33,10625,150,10623,200,10637,150,10639,200,10640,80
1779188,NASDAQ-INA,10764,50,10762,100,10760,150,10770,90,10772,150,10774,200
1779188,NASDAQ-KOTD,8463,70,8461,100,8459,150,8467,50,8469,100,8471,150
1779188,NASDAQ-NGUP,6550,105,6549,200,6548,250,6554,50,6555,100,6556,150
1779188,NASDAQ-SIMP,9997,50,9996,100,9995,150,10002,65,10003,250,10016,288
1779188,NASDAQ-ZITO,8133,90,8132,150,8131,200,8136,50,8137,100,8138,150
1779478,NASDAQ-CARD,10064,50,10063,100,10062,150,10068,56,10069,200,10070,250
1779478,NASDAQ-DLKV,10017,50,10015,100,10013,150,10025,125,10027,200,10029,250
1779478,NASDAQ-ETFB,11646,1,11644,200,11642,250,11654,50,11656,100,11658,150
1779478,NASDAQ-ETFB3,9781,80,9755,50,9753,374,9798,100,9799,150,9800,200
1779478,NASDAQ-FSR,9966,50,9964,100,9962,150,9972,94,9974,150,9976,200
1779478,NASDAQ-GOLD,9944,50,9943,100,9942,150,9946,50,9947,100,9948,150
1779478,NASDAQ-HT,10618,50,10616,100,10614,150,10626,150,10628,200,10630,250
1779478,NASDAQ-INA,10774,93,10772,150,10770,200,10780,50,10782,100,10784,150
1779478,NASDAQ-KOTD,8461,50,8459,100,8457,150,8675,20,8682,10,8756,4
1779478,NASDAQ-NGUP,6521,50,6520,100,6519,150,6526,176,6527,250,6590,4
1779478,NASDAQ-SIMP,9982,50,9981,100,9980,150,9985,78,9986,150,9987,200
1779478,NASDAQ-ZITO,8120,50,8119,120,8118,150,8122,50,8123,100,8124,150
1779794,NASDAQ-CARD,10075,144,10074,250,9983,30,10080,50,10081,100,10082,150
1779794,NASDAQ-DLKV,10012,50,10010,100,10008,150,10016,50,10018,100,10020,150
1779794,NASDAQ-ETFB,11663,193,11618,58,11602,50,11675,50,11677,100,11679,150
1779794,NASDAQ-ETFB3,9804,15,9803,150,9802,200,9807,50,9808,100,9809,150
1779794,NASDAQ-FSR,9968,50,9966,100,9964,150,9972,50,9974,100,9976,150
1779794,NASDAQ-GOLD,9931,50,9930,100,9929,150,9933,50,9934,100,9935,150
1779794,NASDAQ-HT,10595,50,10593,100,10591,150,10599,43,10601,100,10603,150
1779794,NASDAQ-INA,10762,50,10760,100,10758,150,10766,47,10768,100,10770,150
1779794,NASDAQ-KOTD,8447,50,8445,100,8443,150,8451,30,8453,100,8455,150
1779794,NASDAQ-NGUP,6547,130,6546,200,6545,250,6551,50,6552,100,6553,150
1779794,NASDAQ-SIMP,9983,180,9969,50,9968,100,9997,120,10001,72,10016,288
1779794,NASDAQ-ZITO,8126,100,8125,150,8124,200,8129,50,8130,100,8131,150
1780096,NASDAQ-CARD,10088,61,10087,200,10086,250,10092,50,10093,100,10094,150
1780096,NASDAQ-DLKV,9998,50,9996,100,9994,150,10010,201,10108,20,10187,20
1780096,NASDAQ-ETFB,11618,58,11602,50,11590,58,11684,50,11686,100,11688,150
1780096,NASDAQ-ETFB3,9781,80,9755,50,9753,374,9822,50,9823,100,9824,150
1780096,NASDAQ-FSR,9996,54,9994,150,9992,200,10002,50,10004,100,10006,150
1780096,NASDAQ-GOLD,9936,50,9935,100,9934,150,9938,50,9939,100,9940,150
1780096,NASDAQ-HT,10600,10,10599,50,10597,100,10609,200,10611,250,10640,80
1780096,NASDAQ-INA,10763,20,10761,100,10759,150,10767,35,10769,100,10771,150
1780096,NASDAQ-KOTD,8455,15,8452,50,8450,100,8458,100,8460,150,8462,200
1780096,NASDAQ-NGUP,6570,20,6569,150,6568,200,6573,50,6574,100,6575,150
1780096,NASDAQ-SIMP,9967,11,9966,150,9965,200,9972,84,9973,200,9974,250
1780096,NASDAQ-ZITO,8121,50,8120,100,8119,160,8123,50,8124,100,8125,160
1780423,NASDAQ-CARD,10105,240,10092,106,9983,30,10111,50,10112,100,10113,150
1780423,NASDAQ-DLKV,10048,50,10046,100,10044,150,10052,35,10054,100,10056,150
1780423,NASDAQ-ETFB,11623,12,11621,200,11619,250,11631,50,11633,100,11635,150
1780423,NASDAQ-ETFB3,9818,125,9817,200,9816,250,9823,100,9824,150,9825,200
1780423,NASDAQ-FSR,9972,50,9970,100,9968,150,9980,140,9982,200,9984,250
1780423,NASDAQ-GOLD,9961,200,9960,250,9870,20,9966,50,9967,100,9968,150
1780423,NASDAQ-HT,10592,50,10590,100,10589,20,10671,20,10702,55,10703,52
1780423,NASDAQ-INA,10766,3,10764,150,10762,200,10772,50,10774,100,10776,150
1780423,NASDAQ-KOTD,8456,120,8455,15,8454,200,8464,20,8466,100,8468,150
1780423,NASDAQ-NGUP,6559,50,6558,100,6557,150,6563,93,6564,200,6565,250
1780423,NASDAQ-SIMP,9987,51,9986,200,9985,250,9991,50,9992,100,9993,150
1780423,NASDAQ-ZITO,8098,50,8097,100,8096,150,8101,40,8102,150,8103,200
1780721,NASDAQ-CARD,10093,129,10092,306,10091,250,10227,30,10236,60,10240,144
1780721,NASDAQ-DLKV,10003,50,10001,100,9999,150,10009,62,10011,150,10013,200
1780721,NASDAQ-ETFB,11619,70,11618,58,11602,50,11633,12,11635,150,11637,200
1780721,NASDAQ-ETFB3,9777,50,9776,100,9775,150,9779,50,9780,100,9781,150
1780721,NASDAQ-FSR,9980,92,9978,150,9976,200,9986,50,9988,100,9990,150
1780721,NASDAQ-GOLD,9954,200,9953,250,9939,10,9961,12,9962,200,9963,250
1780721,NASDAQ-HT,10572,50,10570,100,10568,150,10576,50,10578,100,10580,150
1780721,NASDAQ-INA,10784,88,10782,150,10780,200,10790,50,10792,100,10794,150
1780721,NASDAQ-KOTD,8455,65,8453,100,8451,150,8467,102,8675,13,8682,10
1780721,NASDAQ-NGUP,6560,100,6559,150,6558,200,6564,100,6565,150,6566,200
1780721,NASDAQ-SIMP,9956,272,9955,50,9954,100,9959,98,9960,200,9961,250
1780721,NASDAQ-ZITO,8103,13,8102,200,8101,250,8107,50,8108,100,8109,150
1780991,NASDAQ-CARD,10179,25,10178,100,10177,150,10182,96,10183,150,10184,200
1780991,NASDAQ-DLKV,9978,50,9977,100,9976,150,9982,6,9983,200,9984,250
1780991,NASDAQ-ETFB,11626,232,11618,58,11602,50,11640,100,11642,150,11644,200
1780991,NASDAQ-ETFB3,9755,50,9754,100,9753,274,9758,70,9759,150,9760,200
1780991,NASDAQ-FSR,9987,58,9985,150,9983,200,9993,50,9995,100,9997,150
1780991,NASDAQ-GOLD,9934,50,9933,100,9932,150,9936,50,9937,100,9938,150
1780991,NASDAQ-HT,10572,187,10570,250,10516,100,10584,100,10586,150,10588,200
1780991,NASDAQ-INA,10796,122,10794,200,10792,250,10804,50,10806,100,10808,150
1780991,NASDAQ-KOTD,8477,25,8475,100,8473,150,8481,50,8483,100,8485,150
1780991,NASDAQ-NGUP,6576,25,6575,150,6574,200,6579,50,6580,100,6581,150
1780991,NASDAQ-SIMP,9960,50,9959,150,9958,150,9966,250,9990,72,9996,252
1780991,NASDAQ-ZITO,8098,50,8097,100,8096,150,8100,21,8101,100,8102,150
1781248,NASDAQ-CARD,10171,50,10170,100,10169,150,10175,97,10176,200,10177,250
1781248,NASDAQ-DLKV,9964,50,9963,100,9962,150,9970,37,9976,46,10048,50
1781248,NASDAQ-ETFB,11605,118,11603,250,11602,50,11615,19,11617,100,11619,150
1781248,NASDAQ-ETFB3,9755,50,9754,100,9753,274,9761,81,9816,148,9818,50
1781248,NASDAQ-FSR,10000,13,9998,100,9996,150,10004,50,10006,100,10008,150
1781248,NASDAQ-GOLD,9876,50,9875,100,9874,150,9879,100,9880,150,9881,200
1781248,NASDAQ-HT,10556,50,10554,100,10552,150,10560,50,10562,100,10564,150
1781248,NASDAQ-INA,10810,224,10776,16,10731,100,10822,50,10824,100,10826,150
1781248,NASDAQ-KOTD,8508,29,8506,150,8504,200,8514,50,8516,100,8518,150
1781248,NASDAQ-NGUP,6604,40,6603,150,6602,200,6607,50,6608,100,6609,152
1781248,NASDAQ-SIMP,9961,72,9953,50,9952,100,9965,252,9990,59,9996,252
1781248,NASDAQ-ZITO,8110,29,8109,150,8108,200,8113,50,8114,100,8115,150
1781537,NASDAQ-CARD,10192,50,10191,100,10190,150,10194,50,10195,100,10196,150
1781537,NASDAQ-DLKV,9948,50,9947,100,9946,150,9954,125,9976,46,10048,50
1781537,NASDAQ-ETFB,11602,226,11600,250,11590,58,11641,56,11670,100,11700,100
1781537,NASDAQ-ETFB3,9755,50,9754,100,9753,274,9758,65,9759,150,9760,200
1781537,NASDAQ-FSR,9994,50,9992,100,9990,150,10002,115,10004,200,10006,250
1781537,NASDAQ-GOLD,9891,50,9890,100,9889,150,9893,50,9894,100,9895,150
1781537,NASDAQ-HT,10579,50,10577,200,10575,250,10587,50,10589,100,10591,150
1781537,NASDAQ-INA,10771,50,10769,100,10767,150,10777,39,10779,150,10781,200
1781537,NASDAQ-KOTD,8484,50,8482,100,8480,150,8488,50,8490,100,8492,150
1781537,NASDAQ-NGUP,6600,50,6599,100,6598,150,6602,50,6603,100,6604,200
1781537,NASDAQ-SIMP,9962,108,9943,14,9928,20,9964,72,9966,189,9967,250
1781537,NASDAQ-ZITO,8099,50,8098,100,8097,150,8151,10,8164,10,8245,20
1781852,NASDAQ-CARD,10207,27,10206,200,10205,250,10211,50,10212,100,10213,150
1781852,NASDAQ-DLKV,9954,50,9953,100,9952,150,9959,112,9960,250,9976,46
1781852,NASDAQ-ETFB,11611,60,11609,150,11607,200,11617,37,11619,100,11621,150
1781852,NASDAQ-ETFB3,9752,50,9751,100,9750,150,9757,103,9758,250,9816,148
1781852,NASDAQ-FSR,9988,50,9986,100,9984,150,9992,50,9994,100,9996,150
1781852,NASDAQ-GOLD,9917,50,9916,100,9915,150,9919,50,9920,100,9921,150
1781852,NASDAQ-HT,10607,50,10605,100,10603,150,10611,50,10613,100,10615,150
1781852,NASDAQ-INA,10809,50,10807,100,10805,150,10813,50,10815,100,10817,150
1781852,NASDAQ-KOTD,8464,50,8462,100,8460,150,8468,50,8470,100,8472,150
1781852,NASDAQ-NGUP,6582,50,6581,100,6580,150,6584,50,6585,100,6586,150
1781852,NASDAQ-SIMP,9961,100,9960,150,9959,200,9967,95,9968,250,9990,59
1781852,NASDAQ-ZITO,8086,50,8085,100,8084,150,8088,50,8089,100,8090,150
1782116,NASDAQ-CARD,10075,50,10074,100,10073,150,10077,25,10078,100,10079,150
1782116,NASDAQ-DLKV,9950,50,9949,100,9948,150,10048,50,10108,20,10187,20
1782116,NASDAQ-ETFB,11612,17,11610,250,11590,58,11622,50,11624,100,11626,150
1782116,NASDAQ-ETFB3,9742,43,9741,100,9740,150,9747,67,9748,250,9752,30
1782116,NASDAQ-FSR,10002,22,10000,100,9998,150,10006,50,10008,100,10010,150
1782116,NASDAQ-GOLD,9929,80,9928,150,9927,200,9932,50,9933,110,9934,200
1782116,NASDAQ-HT,10603,100,10483,20,10467,19,10615,50,10617,100,10619,150
1782116,NASDAQ-INA,10807,50,10805,100,10803,150,10811,50,10813,100,10815,150
1782116,NASDAQ-KOTD,8487,70,8485,150,8483,200,8493,50,8495,100,8497,150
1782116,NASDAQ-NGUP,6565,10,6515,50,6514,10,6585,50,6586,100,6587,150
1782116,NASDAQ-SIMP,9943,14,9928,20,9912,20,9980,105,9981,200,9982,250
1782116,NASDAQ-ZITO,8068,20,8066,50,8065,150,8069,48,8070,150,8071,200
1782371,NASDAQ-CARD,10071,50,10070,100,10069,150,10192,30,10206,10,10207,30
1782371,NASDAQ-DLKV,9977,50,9976,100,9975,150,9979,50,9980,100,9981,150
1782371,NASDAQ-ETFB,11587,104,11585,150,11583,200,11595,24,11597,150,11599,200
1782371,NASDAQ-ETFB3,9738,50,9737,100,9736,150,9752,30,9816,48,9818,50
1782371,NASDAQ-FSR,9982,50,9980,100,9978,150,9986,50,9988,100,9990,150
1782371,NASDAQ-GOLD,9925,250,9870,20,9821,50,9931,50,9932,100,9933,160
1782371,NASDAQ-HT,10602,50,10600,150,10598,200,10608,50,10610,100,10612,150
1782371,NASDAQ-INA,10803,50,10801,100,10799,150,10813,200,10815,250,10846,50
1782371,NASDAQ-KOTD,8480,200,8478,250,8455,15,8494,150,8496,200,8498,250
1782371,NASDAQ-NGUP,6577,20,6576,100,6575,150,6579,50,6580,100,6581,150
1782371,NASDAQ-SIMP,9975,132,9974,200,9973,250,9981,23,9982,200,9983,250
1782371,NASDAQ-ZITO,8052,50,8051,100,8050,150,8086,10,8098,10,8151,10
1782723,NASDAQ-CARD,10097,156,10096,250,9983,30,10102,38,10103,100,10104,150
1782723,NASDAQ-DLKV,9966,50,9965,100,9964,150,10048,50,10108,20,10187,20
1782723,NASDAQ-ETFB,11583,50,11581,250,11566,50,11596,54,11597,150,11599,200
1782723,NASDAQ-ETFB3,9763,50,9762,100,9761,150,9765,50,9766,100,9767,150
1782723,NASDAQ-FSR,9957,50,9955,100,9953,150,9961,50,9963,100,9965,150
1782723,NASDAQ-GOLD,9919,132,9918,250,9870,20,9925,90,9926,150,9927,200
1782723,NASDAQ-HT,10581,50,10579,100,10578,20,10587,19,10589,150,10591,200
1782723,NASDAQ-INA,10830,94,10828,150,10826,200,10836,50,10838,100,10840,150
1782723,NASDAQ-KOTD,8472,50,8470,100,8468,150,8482,200,8484,250,8508,100
1782723,NASDAQ-NGUP,6565,10,6515,50,6514,10,6579,41,6580,100,6581,150
1782723,NASDAQ-SIMP,9944,72,9943,14,9928,20,9996,252,9997,50,9998,100
1782723,NASDAQ-ZITO,8070,30,8069,100,8068,150,8072,20,8073,100,8074,150
1783060,NASDAQ-CARD,10057,50,10056,100,10055,150,10061,124,10062,200,10063,250
1783060,NASDAQ-DLKV,9960,50,9959,100,9958,150,9962,50,9963,100,9964,150
1783060,NASDAQ-ETFB,11576,146,11574,250,11566,50,11588,64,11590,150,11592,200
1783060,NASDAQ-ETFB3,9713,78,9620,10,9520,25,9763,80,9765,50,9766,100
1783060,NASDAQ-FSR,9927,50,9925,100,9923,150,9931,10,9933,100,9935,150
1783060,NASDAQ-GOLD,9901,50,9900,100,9899,150,9903,30,9904,100,9905,150
1783060,NASDAQ-HT,10589,50,10587,100,10585,150,10593,50,10595,100,10597,150
1783060,NASDAQ-INA,10830,200,10828,250,10680,19,10840,50,10842,120,10844,150
1783060,NASDAQ-KOTD,8482,147,8452,20,8446,20,8494,50,8496,100,8498,150
1783060,NASDAQ-NGUP,6545,50,6544,100,6543,150,6547,50,6548,100,6549,150
1783060,NASDAQ-SIMP,9955,68,9954,200,9953,250,9959,49,9960,100,9961,150
1783060,NASDAQ-ZITO,8058,50,8057,100,8056,150,8060,30,8061,100,8062,150
1783384,NASDAQ-CARD,10057,31,10056,100,10055,150,10059,50,10060,100,10061,150
1783384,NASDAQ-DLKV,9956,50,9955,100,9954,150,9959,40,9960,150,9961,200
1783384,NASDAQ-ETFB,11562,50,11560,100,11558,150,11566,50,11568,100,11570,150
1783384,NASDAQ-ETFB3,9752,50,9751,100,9750,150,9754,50,9755,100,9756,150
1783384,NASDAQ-FSR,9961,40,9959,100,9957,150,9965,50,9967,100,9969,150
1783384,NASDAQ-GOLD,9903,100,9902,150,9901,200,9906,50,9907,100,9908,150
1783384,NASDAQ-HT,10588,50,10586,100,10584,150,10592,130,10594,100,10596,150
1783384,NASDAQ-INA,10805,50,10803,100,10801,150,10809,50,10811,100,10813,150
1783384,NASDAQ-KOTD,8471,50,8469,100,8467,150,8475,29,8477,100,8479,150
1783384,NASDAQ-NGUP,6537,50,6536,100,6535,150,6539,50,6540,100,6541,150
1783384,NASDAQ-SIMP,9956,50,9955,100,9954,150,9959,100,9960,150,9961,200
1783384,NASDAQ-ZITO,8032,50,8031,100,8030,150,8034,10,8035,100,8036,150
1783713,NASDAQ-CARD,10050,100,10049,150,10048,200,10054,100,10055,150,10056,200
1783713,NASDAQ-DLKV,9991,50,9990,100,9989,150,9993,50,9994,100,9995,150
1783713,NASDAQ-ETFB,11550,63,11548,100,11546,150,11560,34,11562,250,11565,50
1783713,NASDAQ-ETFB3,9750,46,9749,200,9748,250,9754,50,9755,100,9756,150
1783713,NASDAQ-FSR,10030,49,10028,100,10026,150,10034,50,10036,100,10038,150
1783713,NASDAQ-GOLD,9925,156,9893,20,9870,20,9931,50,9932,100,9933,160
1783713,NASDAQ-HT,10598,100,10596,150,10594,200,10604,50,10606,100,10608,150
1783713,NASDAQ-INA,10819,18,10817,100,10815,150,10823,50,10825,100,10827,150
1783713,NASDAQ-KOTD,8490,50,8488,100,8486,150,8494,50,8496,100,8498,150
1783713,NASDAQ-NGUP,6536,150,6535,200,6534,250,6538,55,6539,1,6540,50
1783713,NASDAQ-SIMP,9946,50,9945,136,9944,222,9952,233,9958,108,9975,3
1783713,NASDAQ-ZITO,8039,50,8038,100,8037,150,8041,50,8042,100,8043,150
1783987,NASDAQ-CARD,10021,50,10020,100,10019,150,10025,59,10026,200,10027,250
1783987,NASDAQ-DLKV,10023,50,10021,100,10019,150,10027,50,10029,100,10031,150
1783987,NASDAQ-ETFB,11548,100,11546,150,11544,200,11554,50,11556,100,11558,150
1783987,NASDAQ-ETFB3,9756,4,9755,100,9754,150,9758,50,9759,100,9760,150
1783987,NASDAQ-FSR,10046,50,10044,100,10042,150,10050,50,10052,100,10054,150
1783987,NASDAQ-GOLD,9910,81,9909,200,9908,250,9914,50,9915,100,9916,150
1783987,NASDAQ-HT,10628,50,10626,100,10624,150,10632,50,10634,100,10636,150
1783987,NASDAQ-INA,10816,50,10814,100,10812,150,10820,50,10822,100,10824,150
1783987,NASDAQ-KOTD,8479,50,8477,100,8475,150,8483,50,8485,100,8487,150
1783987,NASDAQ-NGUP,6555,109,6554,200,6553,250,6559,50,6560,100,6561,150
1783987,NASDAQ-SIMP,9934,50,9933,100,9932,150,9940,70,9951,180,9958,17
1783987,NASDAQ-ZITO,8048,50,8047,100,8046,150,8050,50,8051,100,8052,150
1784327,NASDAQ-CARD,10063,70,10062,150,10061,200,10066,50,10067,100,10068,150
1784327,NASDAQ-DLKV,10020,30,10018,100,10016,170,10028,150,10030,200,10032,250
1784327,NASDAQ-ETFB,11540,150,11538,200,11537,58,11552,80,11554,200,11556,250
1784327,NASDAQ-ETFB3,9752,50,9751,100,9750,150,9758,157,9763,80,9816,48
1784327,NASDAQ-FSR,10032,20,10031,50,10029,100,10037,50,10039,150,10041,200
1784327,NASDAQ-GOLD,9870,20,9821,50,9805,50,9901,20,9910,50,9911,100
1784327,NASDAQ-HT,10606,30,10604,100,10602,150,10612,90,10614,150,10616,200
1784327,NASDAQ-INA,10808,50,10806,100,10804,150,10818,190,10820,250,10822,20
1784327,NASDAQ-KOTD,8476,180,8474,250,8452,20,8490,150,8492,200,8494,250
1784327,NASDAQ-NGUP,6515,50,6514,10,6513,120,6522,10,6558,50,6559,101
1784327,NASDAQ-SIMP,9942,87,9941,200,9940,300,9980,108,9993,20,9996,247
1784327,NASDAQ-ZITO,8053,150,8052,200,8051,250,8057,50,8058,260,8059,150
1784634,NASDAQ-CARD,10054,50,10053,100,10052,150,10058,76,10059,200,10060,250
1784634,NASDAQ-DLKV,9973,50,9972,100,9971,150,9976,63,9977,150,9978,200
1784634,NASDAQ-ETFB,11544,50,11542,100,11540,150,11548,50,11550,100,11552,150
1784634,NASDAQ-ETFB3,9762,45,9761,100,9760,150,9764,50,9765,100,9766,150
1784634,NASDAQ-FSR,10035,36,10033,150,10031,200,10041,50,10043,100,10045,150
1784634,NASDAQ-GOLD,9916,50,9915,100,9914,150,9918,50,9919,100,9920,150
1784634,NASDAQ-HT,10586,50,10584,100,10582,150,10590,30,10592,100,10594,150
1784634,NASDAQ-INA,10771,50,10769,100,10767,150,10781,200,10783,250,10822,20
1784634,NASDAQ-KOTD,8496,133,8494,250,8452,20,8506,50,8508,150,8510,150
1784634,NASDAQ-NGUP,6522,50,6521,50,6520,100,6523,40,6524,100,6525,150
1784634,NASDAQ-SIMP,9966,49,9965,200,9964,250,9971,42,9972,150,9973,200
1784634,NASDAQ-ZITO,8056,30,8055,100,8054,150,8058,27,8059,100,8060,150
1784937,NASDAQ-CARD,10050,150,10049,200,10048,250,10056,77,10057,200,10058,250
1784937,NASDAQ-DLKV,10018,30,10016,100,10014,150,10020,160,10022,50,10024,100
1784937,NASDAQ-ETFB,11537,58,11534,50,11532,100,11538,50,11540,100,11542,150
1784937,NASDAQ-ETFB3,9754,50,9753,100,9752,150,9756,50,9757,100,9758,150
1784937,NASDAQ-FSR,10036,49,10034,100,10032,150,10040,50,10042,100,10044,150
1784937,NASDAQ-GOLD,9950,50,9949,100,9948,150,9952,50,9953,100,9954,150
1784937,NASDAQ-HT,10604,30,10602,100,10600,150,10608,50,10610,100,10612,150
1784937,NASDAQ-INA,10773,20,10770,50,10768,100,10774,50,10776,100,10778,150
1784937,NASDAQ-KOTD,8482,20,8480,50,8478,100,8484,50,8486,100,8488,150
1784937,NASDAQ-NGUP,6526,40,6525,100,6524,150,6528,50,6529,100,6530,150
1784937,NASDAQ-SIMP,9939,50,9938,100,9937,150,9943,12,9944,200,9945,250
1784937,NASDAQ-ZITO,8044,50,8043,100,8042,150,8046,50,8047,100,8048,150
1785261,NASDAQ-CARD,10181,2,10180,100,10179,150,10183,50,10184,100,10185,150
1785261,NASDAQ-DLKV,10066,50,10064,100,10062,150,10070,50,10072,100,10074,150
1785261,NASDAQ-ETFB,11529,50,11527,100,11525,150,11533,50,11535,100,11537,150
1785261,NASDAQ-ETFB3,9754,23,9753,100,9752,150,9756,50,9757,100,9758,152
1785261,NASDAQ-FSR,10040,44,10036,50,10034,100,10042,100,10044,150,10046,200
1785261,NASDAQ-GOLD,9959,25,9958,100,9957,150,9961,50,9962,100,9963,150
1785261,NASDAQ-HT,10621,42,10619,100,10617,150,10625,50,10627,100,10628,50
1785261,NASDAQ-INA,10733,50,10731,100,10729,150,10737,50,10739,100,10741,150
1785261,NASDAQ-KOTD,8484,75,8482,150,8480,200,8490,70,8492,100,8494,150
1785261,NASDAQ-NGUP,6541,50,6540,100,6539,150,6543,50,6544,100,6545,150
1785261,NASDAQ-SIMP,9924,50,9923,100,9922,150,9927,58,9928,150,9929,200
1785261,NASDAQ-ZITO,8059,50,8058,100,8057,150,8061,50,8062,100,8063,150
1785585,NASDAQ-CARD,10182,150,10056,30,10052,100,10188,50,10189,100,10190,150
1785585,NASDAQ-DLKV,10070,100,10068,250,10020,50,10080,50,10082,100,10084,150
1785585,NASDAQ-ETFB,11519,50,11517,100,11515,150,11523,50,11525,100,11527,150
1785585,NASDAQ-ETFB3,9754,50,9753,100,9752,150,9756,50,9757,100,9758,152
1785585,NASDAQ-FSR,10021,14,10016,50,10014,100,10022,100,10024,150,10026,200
1785585,NASDAQ-GOLD,9907,50,9906,100,9905,150,9909,50,9910,100,9911,150
1785585,NASDAQ-HT,10562,40,10560,50,10558,100,10566,70,10568,150,10570,200
1785585,NASDAQ-INA,10757,200,10755,250,10680,19,10767,50,10769,100,10771,150
1785585,NASDAQ-KOTD,8478,150,8468,20,8452,20,8490,52,8492,100,8494,150
1785585,NASDAQ-NGUP,6524,50,6523,150,6522,200,6526,50,6527,100,6528,150
1785585,NASDAQ-SIMP,9949,50,9948,100,9947,150,9951,50,9952,100,9953,150
1785585,NASDAQ-ZITO,8054,50,8053,100,8052,150,8057,70,8058,150,8059,200
1785906,NASDAQ-CARD,10191,90,10190,150,10189,200,10194,50,10195,100,10196,150
1785906,NASDAQ-DLKV,10055,50,10053,100,10051,150,10061,90,10063,150,10065,200
1785906,NASDAQ-ETFB,11534,118,11532,200,11530,250,11539,58,11542,50,11544,100
1785906,NASDAQ-ETFB3,9761,95,9760,150,9759,200,9762,78,9764,50,9765,100
1785906,NASDAQ-FSR,10022,50,10021,14,10020,100,10026,50,10028,100,10030,150
1785906,NASDAQ-GOLD,9941,88,9940,150,9939,200,9944,50,9945,100,9946,150
1785906,NASDAQ-HT,10536,50,10534,100,10532,150,10544,121,10546,200,10548,250
1785906,NASDAQ-INA,10756,100,10754,150,10752,200,10762,50,10764,100,10766,150
1785906,NASDAQ-KOTD,8428,150,8426,100,8424,150,8432,30,8434,100,8436,150
1785906,NASDAQ-NGUP,6507,50,6506,100,6505,150,6511,87,6512,200,6513,250
1785906,NASDAQ-SIMP,9937,50,9936,100,9935,150,9940,100,9941,150,9942,200
1785906,NASDAQ-ZITO,8048,50,8047,100,8046,210,8051,100,8052,150,8053,200
1786203,NASDAQ-CARD,10015,50,10014,100,10013,150,10017,20,10018,100,10019,150
1786203,NASDAQ-DLKV,10067,200,10065,250,10061,50,10077,50,10079,180,10081,150
1786203,NASDAQ-ETFB,11490,55,11484,58,11463,60,11547,50,11549,100,11551,150
1786203,NASDAQ-ETFB3,9759,50,9758,250,9713,78,9767,200,9768,250,9816,48
1786203,NASDAQ-FSR,9999,50,9997,100,9995,150,10003,50,10005,100,10007,150
1786203,NASDAQ-GOLD,9926,50,9925,100,9924,150,9931,200,9932,250,9949,10
1786203,NASDAQ-HT,10533,50,10531,100,10529,150,10545,89,10671,19,10702,55
1786203,NASDAQ-INA,10759,190,10757,250,10680,19,10769,50,10771,100,10773,150
1786203,NASDAQ-KOTD,8442,50,8440,100,8438,150,8446,50,8448,100,8450,150
1786203,NASDAQ-NGUP,6519,50,6518,100,6517,150,6521,50,6522,100,6523,150
1786203,NASDAQ-SIMP,9938,72,9932,50,9931,100,9975,6,9980,108,9993,20
1786203,NASDAQ-ZITO,8051,60,8050,50,8049,100,8054,160,8055,200,8056,250
1786521,NASDAQ-CARD,10050,120,10049,200,10048,250,10054,50,10055,100,10056,150
1786521,NASDAQ-DLKV,10102,110,10100,200,10098,250,10108,20,10110,50,10112,100
1786521,NASDAQ-ETFB,11543,50,11541,100,11539,150,11549,100,11551,150,11553,200
1786521,NASDAQ-ETFB3,9768,1,9767,150,9766,200,9771,50,9772,100,9773,150
1786521,NASDAQ-FSR,10026,47,10024,100,10022,150,10030,50,10032,100,10034,150
1786521,NASDAQ-GOLD,9967,50,9966,100,9965,150,9969,50,9970,100,9971,150
1786521,NASDAQ-HT,10550,50,10548,100,10546,150,10554,50,10556,100,10558,150
1786521,NASDAQ-INA,10768,82,10766,150,10764,200,10774,50,10776,100,10778,150
1786521,NASDAQ-KOTD,8462,50,8460,100,8458,150,8466,50,8468,100,8470,150
1786521,NASDAQ-NGUP,6535,143,6534,200,6533,250,6539,50,6540,110,6541,200
1786521,NASDAQ-SIMP,9936,158,9927,50,9925,72,9943,36,9944,150,9945,200
1786521,NASDAQ-ZITO,8058,12,8057,100,8056,150,8060,50,8061,100,8062,150
1786894,NASDAQ-CARD,10044,50,10043,100,10042,150,10049,31,10050,250,10171,100
1786894,NASDAQ-DLKV,10063,50,10062,10,10061,150,10067,50,10069,100,10071,150
1786894,NASDAQ-ETFB,11523,50,11521,100,11519,150,11531,144,11533,200,11535,250
1786894,NASDAQ-ETFB3,9747,50,9746,100,9745,150,9749,50,9750,100,9751,150
1786894,NASDAQ-FSR,10030,51,10028,150,10026,200,10036,50,10038,100,10040,150
1786894,NASDAQ-GOLD,10004,63,10002,150,10000,200,10010,50,10012,100,10014,150
1786894,NASDAQ-HT,10535,50,10533,100,10531,150,10543,102,10545,200,10547,250
1786894,NASDAQ-INA,10743,50,10741,100,10739,150,10747,50,10749,100,10751,150
1786894,NASDAQ-KOTD,8453,50,8451,100,8449,150,8457,50,8459,100,8461,150
1786894,NASDAQ-NGUP,6551,190,6550,250,6494,20,6556,50,6557,100,6558,150
1786894,NASDAQ-SIMP,9919,50,9918,100,9917,150,9974,36,9975,8,9980,108
1786894,NASDAQ-ZITO,8056,50,8055,100,8054,150,8058,50,8059,100,8060,150
1787236,NASDAQ-CARD,10304,51,10303,150,10302,200,10307,50,10308,100,10309,150
1787236,NASDAQ-DLKV,10086,50,10084,100,10082,150,10090,50,10092,100,10094,150
1787236,NASDAQ-ETFB,11512,50,11510,100,11508,150,11516,50,11518,100,11520,150
1787236,NASDAQ-ETFB3,9759,50,9758,100,9757,150,9761,50,9762,100,9763,150
1787236,NASDAQ-FSR,10018,50,10016,100,10014,150,10022,50,10024,100,10026,150
1787236,NASDAQ-GOLD,10003,200,10001,250,9908,100,10013,50,10015,100,10017,150
1787236,NASDAQ-HT,10528,50,10526,100,10524,150,10540,203,10671,19,10702,55
1787236,NASDAQ-INA,10729,50,10727,100,10725,150,10733,50,10735,100,10737,150
1787236,NASDAQ-KOTD,8461,50,8459,100,8457,150,8465,50,8467,100,8469,150
1787236,NASDAQ-NGUP,6562,66,6561,250,6494,20,6565,12,6567,50,6568,100
1787236,NASDAQ-SIMP,9928,150,9927,250,9912,20,9934,24,9935,150,9936,200
1787236,NASDAQ-ZITO,8067,50,8066,100,8065,150,8069,50,8070,100,8071,150
1787551,NASDAQ-CARD,10283,50,10282,100,10281,150,10286,77,10287,150,10288,200
1787551,NASDAQ-DLKV,10096,100,10094,150,10092,200,10099,20,10102,100,10104,100
1787551,NASDAQ-ETFB,11510,12,11508,150,11506,200,11518,92,11520,150,11522,200
1787551,NASDAQ-ETFB3,9774,100,9773,150,9772,200,9777,50,9778,100,9779,150
1787551,NASDAQ-FSR,10013,50,10011,100,10009,150,10017,50,10019,100,10021,150
1787551,NASDAQ-GOLD,9982,50,9981,100,9980,150,9984,50,9985,100,9986,150
1787551,NASDAQ-HT,10530,50,10528,100,10526,150,10540,169,10542,250,10671,19
1787551,NASDAQ-INA,10748,50,10746,100,10744,150,10752,50,10754,100,10756,150
1787551,NASDAQ-KOTD,8433,50,8431,100,8429,150,8441,140,8443,200,8445,250
1787551,NASDAQ-NGUP,6545,50,6544,100,6543,150,6547,50,6548,100,6549,150
1787551,NASDAQ-SIMP,9921,50,9920,172,9919,150,9927,140,9973,72,9975,9
1787551,NASDAQ-ZITO,8038,50,8037,100,8036,150,8041,90,8042,150,8043,200
1787816,NASDAQ-CARD,10286,136,10285,200,10284,250,10290,50,10291,100,10292,150
1787816,NASDAQ-DLKV,10082,50,10080,100,10078,150,10086,42,10088,100,10090,150
1787816,NASDAQ-ETFB,11523,96,11521,150,11519,200,11529,50,11531,100,11532,56
1787816,NASDAQ-ETFB3,9763,50,9762,100,9761,240,9765,50,9766,100,9767,150
1787816,NASDAQ-FSR,10000,50,9998,100,9996,150,10004,50,10006,100,10008,150
1787816,NASDAQ-GOLD,10006,50,10004,100,10002,150,10010,50,10012,100,10014,150
1787816,NASDAQ-HT,10501,50,10499,100,10497,150,10511,27,10513,250,10671,19
1787816,NASDAQ-INA,10747,50,10745,100,10743,150,10751,42,10753,100,10755,150
1787816,NASDAQ-KOTD,8466,50,8464,100,8462,150,8470,50,8472,100,8474,150
1787816,NASDAQ-NGUP,6536,50,6535,100,6534,150,6540,140,6541,200,6542,250
1787816,NASDAQ-SIMP,9928,66,9927,200,9926,250,9932,50,9933,100,9934,150
1787816,NASDAQ-ZITO,8029,20,8027,50,8026,100,8032,127,8033,250,8098,10
1788113,NASDAQ-CARD,10494,37,10493,100,10492,150,10496,50,10497,100,10498,150
1788113,NASDAQ-DLKV,10069,50,10067,100,10065,150,10075,10,10077,150,10079,200
1788113,NASDAQ-ETFB,11510,44,11508,100,11506,150,11514,47,11516,100,11518,150
1788113,NASDAQ-ETFB3,9765,33,9763,50,9762,100,9766,100,9767,150,9768,200
1788113,NASDAQ-FSR,9999,100,9997,150,9995,200,10005,50,10007,100,10009,150
1788113,NASDAQ-GOLD,9979,50,9978,100,9977,150,9982,50,9983,150,9984,200
1788113,NASDAQ-HT,10494,50,10492,100,10490,150,10500,83,10502,150,10504,200
1788113,NASDAQ-INA,10740,50,10738,100,10736,150,10744,50,10746,100,10748,150
1788113,NASDAQ-KOTD,8441,50,8440,50,8438,100,8444,40,8446,120,8448,150
1788113,NASDAQ-NGUP,6539,16,6538,150,6537,200,6542,50,6543,100,6544,160
1788113,NASDAQ-SIMP,9932,119,9931,250,9920,72,9937,50,9938,100,9939,150
1788113,NASDAQ-ZITO,8042,30,8041,100,8040,150,8044,50,8045,100,8046,150
1788454,NASDAQ-CARD,10482,50,10481,100,10480,150,10484,10,10485,100,10486,150
1788454,NASDAQ-DLKV,10037,50,10035,100,10033,150,10045,103,10047,200,10049,250
1788454,NASDAQ-ETFB,11490,55,11489,50,11487,100,11493,3,11495,100,11497,150
1788454,NASDAQ-ETFB3,9761,240,9760,200,9759,250,9767,150,9768,200,9769,250
1788454,NASDAQ-FSR,10005,49,10003,100,10001,150,10009,50,10011,100,10013,150
1788454,NASDAQ-GOLD,10017,50,10015,100,10013,150,10021,50,10023,100,10025,150
1788454,NASDAQ-HT,10460,50,10458,100,10456,155,10468,96,10470,200,10472,250
1788454,NASDAQ-INA,10780,73,10778,150,10776,200,10786,50,10788,100,10790,150
1788454,NASDAQ-KOTD,8444,50,8442,100,8441,50,8454,200,8456,250,8466,80
1788454,NASDAQ-NGUP,6533,50,6532,100,6531,150,6535,50,6536,100,6537,150
1788454,NASDAQ-SIMP,9974,92,9973,250,9920,72,9979,50,9980,208,9981,150
1788454,NASDAQ-ZITO,8023,50,8022,100,8021,150,8025,50,8026,100,8027,150
1788782,NASDAQ-CARD,10482,68,10481,150,10480,200,10485,50,10486,100,10487,150
1788782,NASDAQ-DLKV,10081,50,10079,100,10077,150,10085,105,10087,100,10089,150
1788782,NASDAQ-ETFB,11489,50,11487,100,11485,150,11493,20,11495,100,11497,150
1788782,NASDAQ-ETFB3,9758,50,9757,100,9756,150,9761,60,9762,150,9763,200
1788782,NASDAQ-FSR,10002,50,10000,100,9998,150,10006,50,10008,100,10010,150
1788782,NASDAQ-GOLD,9994,50,9992,100,9990,150,9998,50,10000,100,10002,150
1788782,NASDAQ-HT,10483,50,10481,100,10479,150,10487,50,10489,100,10491,150
1788782,NASDAQ-INA,10785,50,10783,100,10781,150,10789,50,10791,100,10793,150
1788782,NASDAQ-KOTD,8442,50,8441,50,8440,100,8446,50,8448,100,8450,150
1788782,NASDAQ-NGUP,6546,109,6545,200,6544,250,6550,50,6551,100,6552,150
1788782,NASDAQ-SIMP,9977,27,9976,100,9975,150,9980,100,9981,150,9982,200
1788782,NASDAQ-ZITO,8030,50,8029,100,8028,150,8032,50,8033,100,8034,150
1789072,NASDAQ-CARD,10532,96,10531,200,10530,250,10534,20,10536,50,10537,100
1789072,NASDAQ-DLKV,10063,50,10061,100,10059,150,10067,40,10069,100,10071,150
1789072,NASDAQ-ETFB,11478,50,11476,100,11474,150,11482,30,11484,100,11486,150
1789072,NASDAQ-ETFB3,9751,50,9750,110,9749,150,9755,78,9756,200,9757,250
1789072,NASDAQ-FSR,10039,48,10037,100,10035,150,10043,50,10045,100,10047,150
1789072,NASDAQ-GOLD,9999,100,9997,200,9995,250,10007,50,10009,100,10011,150
1789072,NASDAQ-HT,10461,50,10459,100,10457,150,10469,100,10471,200,10473,250
1789072,NASDAQ-INA,10746,50,10744,100,10742,150,10750,50,10752,100,10754,150
1789072,NASDAQ-KOTD,8454,50,8452,50,8450,100,8456,50,8458,100,8460,150
1789072,NASDAQ-NGUP,6544,250,6494,20,6457,30,6550,51,6551,100,6552,150
1789072,NASDAQ-SIMP,9975,36,9974,250,9933,144,9983,200,9984,250,9993,20
1789072,NASDAQ-ZITO,8015,50,8014,100,8013,150,8017,25,8018,100,8019,150
1789361,NASDAQ-CARD,10543,102,10542,200,10541,250,10547,50,10548,100,10549,150
1789361,NASDAQ-DLKV,10059,30,10057,100,10055,150,10065,94,10067,150,10069,200
1789361,NASDAQ-ETFB,11476,100,11474,150,11472,200,11486,122,11488,200,11490,250
1789361,NASDAQ-ETFB3,9751,8,9750,110,9749,150,9755,109,9756,200,9757,250
1789361,NASDAQ-FSR,10017,50,10015,100,10013,150,10025,140,10027,200,10029,250
1789361,NASDAQ-GOLD,10010,33,10008,100,10006,150,10014,50,10016,100,10018,150
1789361,NASDAQ-HT,10471,56,10469,150,10467,200,10481,120,10483,200,10485,250
1789361,NASDAQ-INA,10738,50,10736,100,10734,150,10742,50,10744,100,10746,150
1789361,NASDAQ-KOTD,8449,50,8447,100,8446,50,8457,19,8459,200,8461,250
1789361,NASDAQ-NGUP,6533,50,6532,100,6531,150,6535,50,6536,100,6537,150
1789361,NASDAQ-SIMP,9977,120,9933,144,9920,72,9985,150,9986,200,9987,250
1789361,NASDAQ-ZITO,8022,50,8021,100,8020,150,8025,60,8026,150,8027,200
1789658,NASDAQ-CARD,10531,50,10530,100,10529,150,10533,50,10534,100,10535,150
1789658,NASDAQ-DLKV,10072,50,10070,100,10068,150,10076,50,10078,100,10080,150
1789658,NASDAQ-ETFB,11480,49,11478,100,11476,150,11484,50,11486,100,11488,150
1789658,NASDAQ-ETFB3,9754,44,9753,100,9752,150,9756,50,9757,100,9758,150
1789658,NASDAQ-FSR,10027,50,10025,100,10023,150,10031,50,10033,100,10035,150
1789658,NASDAQ-GOLD,9989,50,9988,100,9987,150,9991,50,9992,100,9993,150
1789658,NASDAQ-HT,10459,50,10457,100,10455,150,10463,50,10465,100,10467,150
1789658,NASDAQ-INA,10751,50,10749,100,10747,150,10755,50,10757,100,10759,150
1789658,NASDAQ-KOTD,8427,50,8425,100,8423,150,8433,55,8435,150,8437,200
1789658,NASDAQ-NGUP,6519,50,6518,100,6517,150,6521,50,6522,100,6523,150
1789658,NASDAQ-SIMP,9976,108,9975,50,9974,100,9977,50,9978,100,9979,150
1789658,NASDAQ-ZITO,8023,50,8022,100,8021,150,8025,50,8026,100,8027,150
1789962,NASDAQ-CARD,10516,50,10515,100,10514,150,10518,40,10519,100,10520,150
1789962,NASDAQ-DLKV,10094,88,10092,150,10090,200,10100,50,10102,100,10104,150
1789962,NASDAQ-ETFB,11473,50,11471,100,11469,150,11483,200,11485,250,11532,56
1789962,NASDAQ-ETFB3,9762,50,9761,100,9760,150,9764,50,9765,100,9766,150
1789962,NASDAQ-FSR,10030,50,10028,100,10026,150,10034,50,10036,100,10038,150
1789962,NASDAQ-GOLD,9971,50,9970,100,9969,150,9976,200,9977,250,10115,10
1789962,NASDAQ-HT,10436,50,10434,100,10432,150,10440,50,10442,100,10444,150
1789962,NASDAQ-INA,10757,40,10755,100,10753,150,10758,20,10761,50,10763,100
1789962,NASDAQ-KOTD,8451,50,8449,100,8447,150,8455,50,8457,100,8459,150
1789962,NASDAQ-NGUP,6518,50,6517,100,6516,150,6520,50,6521,100,6522,150
1789962,NASDAQ-SIMP,9962,50,9961,100,9960,150,9964,40,9965,100,9966,150
1789962,NASDAQ-ZITO,8039,50,8038,100,8037,150,8041,50,8042,100,8043,150
1790242,NASDAQ-CARD,10496,50,10495,100,10494,150,10498,50,10499,100,10500,150
1790242,NASDAQ-DLKV,10080,50,10078,100,10076,150,10084,50,10086,100,10088,150
1790242,NASDAQ-ETFB,11473,49,11471,100,11469,150,11477,50,11479,100,11481,150
1790242,NASDAQ-ETFB3,9763,50,9762,100,9761,150,9765,50,9766,100,9767,150
1790242,NASDAQ-FSR,10017,50,10015,100,10013,150,10021,50,10023,100,10025,150
1790242,NASDAQ-GOLD,9996,50,9995,100,9994,150,9998,50,9999,100,10000,150
1790242,NASDAQ-HT,10444,50,10442,100,10440,150,10448,50,10450,100,10452,150
1790242,NASDAQ-INA,10727,50,10725,100,10723,150,10731,50,10733,100,10735,150
1790242,NASDAQ-KOTD,8455,70,8453,150,8451,200,8461,50,8463,100,8465,150
1790242,NASDAQ-NGUP,6508,50,6507,100,6506,150,6510,50,6511,100,6512,150
1790242,NASDAQ-SIMP,9966,50,9965,100,9964,170,9968,50,9969,100,9970,150
1790242,NASDAQ-ZITO,8026,50,8025,100,8024,150,8028,50,8029,100,8030,150
1790503,NASDAQ-CARD,10486,50,10485,100,10484,150,10488,50,10489,100,10490,150
1790503,NASDAQ-DLKV,10091,95,10089,150,10087,200,10094,50,10097,50,10099,100
1790503,NASDAQ-ETFB,11441,50,11439,100,11437,150,11449,140,11451,200,11453,250
1790503,NASDAQ-ETFB3,9751,50,9750,110,9749,150,9753,50,9754,100,9755,150
1790503,NASDAQ-FSR,10013,50,10011,100,10009,150,10017,50,10019,100,10021,150
1790503,NASDAQ-GOLD,9985,50,9984,100,9983,150,9990,100,9991,250,10115,10
1790503,NASDAQ-HT,10461,100,10459,150,10457,200,10467,50,10469,100,10471,150
1790503,NASDAQ-INA,10738,30,10736,100,10734,150,10742,50,10744,100,10746,150
1790503,NASDAQ-KOTD,8470,145,8468,250,8428,20,8478,50,8480,50,8482,155
1790503,NASDAQ-NGUP,6501,50,6500,100,6499,150,6505,50,6506,200,6507,250
1790503,NASDAQ-SIMP,9965,135,9964,250,9933,144,9971,69,9972,150,9973,200
1790503,NASDAQ-ZITO,8012,50,8011,100,8010,150,8015,70,8016,150,8017,200
1790763,NASDAQ-CARD,10502,147,10501,200,10500,250,10506,50,10507,100,10508,150
1790763,NASDAQ-DLKV,10086,50,10084,100,10082,150,10092,25,10094,155,10096,200
1790763,NASDAQ-ETFB,11449,196,11441,50,11439,100,11450,59,11484,60,11505,100
1790763,NASDAQ-ETFB3,9751,50,9750,110,9749,150,9755,109,9756,200,9757,250
1790763,NASDAQ-FSR,10011,100,10009,150,10007,200,10017,50,10019,100,10021,150
1790763,NASDAQ-GOLD,9973,50,9972,100,9971,150,9975,50,9976,100,9977,150
1790763,NASDAQ-HT,10440,50,10438,100,10436,180,10450,197,10452,250,10671,19
1790763,NASDAQ-INA,10743,60,10741,150,10739,200,10749,50,10751,100,10753,150
1790763,NASDAQ-KOTD,8482,135,8480,200,8478,330,8489,55,8490,52,8492,100
1790763,NASDAQ-NGUP,6494,50,6493,100,6492,150,6497,50,6498,150,6499,200
1790763,NASDAQ-SIMP,9956,50,9955,100,9954,150,9975,2,9984,78,9993,19
1790763,NASDAQ-ZITO,8021,40,8020,100,8019,150,8023,50,8024,100,8025,150
1791058,NASDAQ-CARD,10195,50,10194,100,10193,150,10198,42,10199,150,10200,200
1791058,NASDAQ-DLKV,10103,49,10101,100,10099,150,10107,50,10108,20,10109,100
1791058,NASDAQ-ETFB,11432,10,11430,50,11428,100,11484,60,11511,100,11532,56
1791058,NASDAQ-ETFB3,9734,50,9733,100,9732,150,9740,93,9807,100,9816,48
1791058,NASDAQ-FSR,10044,50,10042,100,10040,150,10048,50,10050,100,10052,150
1791058,NASDAQ-GOLD,9980,50,9979,100,9978,150,9982,50,9983,120,9984,150
1791058,NASDAQ-HT,10432,50,10430,100,10429,20,10436,10,10438,100,10440,150
1791058,NASDAQ-INA,10738,50,10736,100,10734,150,10739,1,10742,50,10744,100
1791058,NASDAQ-KOTD,8476,150,8474,200,8472,250,8478,1,8484,50,8486,100
1791058,NASDAQ-NGUP,6486,50,6485,100,6484,150,6489,100,6490,150,6491,200
1791058,NASDAQ-SIMP,9958,50,9957,100,9956,161,9960,50,9961,100,9962,150
1791058,NASDAQ-ZITO,8022,20,8021,200,8020,250,8026,50,8027,100,8028,150
1791338,NASDAQ-CARD,10181,50,10180,100,10179,150,10185,93,10186,200,10187,250
1791338,NASDAQ-DLKV,10101,53,10099,150,10097,200,10106,55,10107,50,10108,20
1791338,NASDAQ-ETFB,11450,378,11448,59,11447,50,11453,90,11455,150,11457,200
1791338,NASDAQ-ETFB3,9767,50,9766,100,9765,150,9769,50,9770,100,9771,150
1791338,NASDAQ-FSR,10045,49,10043,100,10041,150,10049,50,10051,100,10053,150
1791338,NASDAQ-GOLD,10003,200,10001,250,9870,20,10013,50,10015,100,10017,150
1791338,NASDAQ-HT,10412,50,10410,100,10408,150,10416,4,10418,100,10420,150
1791338,NASDAQ-INA,10733,50,10731,100,10729,150,10741,149,10743,200,10745,250
1791338,NASDAQ-KOTD,8486,56,8484,200,8482,250,8489,55,8490,2,8494,50
1791338,NASDAQ-NGUP,6510,48,6509,250,6457,50,6515,50,6516,103,6517,160
1791338,NASDAQ-SIMP,9960,229,9959,250,9933,144,9967,150,9968,200,9969,250
1791338,NASDAQ-ZITO,8034,75,8033,150,8032,200,8037,50,8038,100,8039,150
1791630,NASDAQ-CARD,10182,72,10181,150,10180,200,10186,100,10187,150,10188,200
1791630,NASDAQ-DLKV,10076,20,10073,50,10071,100,10077,47,10079,100,10081,150
1791630,NASDAQ-ETFB,11442,50,11440,100,11438,150,11454,207,11484,60,11485,56
1791630,NASDAQ-ETFB3,9740,237,9739,100,9738,150,9742,50,9743,100,9744,150
1791630,NASDAQ-FSR,10032,50,10030,100,10028,150,10036,50,10038,100,10040,150
1791630,NASDAQ-GOLD,10007,50,10005,100,10003,150,10013,50,10015,150,10017,200
1791630,NASDAQ-HT,10418,80,10416,150,10414,200,10424,50,10426,100,10428,150
1791630,NASDAQ-INA,10741,40,10739,100,10737,150,10745,47,10747,100,10749,150
1791630,NASDAQ-KOTD,8472,30,8470,100,8468,150,8478,67,8480,150,8482,200
1791630,NASDAQ-NGUP,6511,145,6510,200,6509,250,6515,51,6516,103,6517,160
1791630,NASDAQ-SIMP,9949,50,9948,100,9947,150,9975,3,9984,78,9993,19
1791630,NASDAQ-ZITO,8033,50,8032,100,8031,150,8035,44,8036,100,8037,150
1791918,NASDAQ-CARD,10179,50,10178,100,10177,150,10181,80,10182,130,10183,150
1791918,NASDAQ-DLKV,10101,50,10099,100,10097,150,10105,50,10106,55,10107,100
1791918,NASDAQ-ETFB,11442,50,11440,100,11438,150,11446,35,11448,100,11450,150
1791918,NASDAQ-ETFB3,9757,50,9756,100,9755,150,9759,50,9760,100,9761,150
1791918,NASDAQ-FSR,10019,50,10017,100,10015,150,10023,50,10025,100,10027,150
1791918,NASDAQ-GOLD,10028,50,10026,100,10024,150,10032,50,10034,100,10036,150
1791918,NASDAQ-HT,10426,10,10424,150,10422,200,10432,68,10434,100,10436,150
1791918,NASDAQ-INA,10731,50,10729,100,10727,150,10735,50,10737,100,10739,150
1791918,NASDAQ-KOTD,8457,50,8455,100,8453,150,8461,50,8463,100,8465,150
1791918,NASDAQ-NGUP,6505,50,6504,100,6503,150,6507,50,6508,100,6509,150
1791918,NASDAQ-SIMP,9943,50,9942,100,9941,150,9947,147,9948,200,9949,373
1791918,NASDAQ-ZITO,8061,50,8060,150,8059,200,8064,50,8065,100,8066,150
1792254,NASDAQ-CARD,10091,50,10090,100,10089,150,10094,85,10095,150,10096,200
1792254,NASDAQ-DLKV,10068,50,10066,100,10064,170,10072,49,10074,100,10076,150
1792254,NASDAQ-ETFB,11451,9,11449,200,11447,250,11455,1,11459,50,11461,100
1792254,NASDAQ-ETFB3,9748,50,9747,100,9746,150,9750,50,9751,100,9752,150
1792254,NASDAQ-FSR,10017,100,10015,150,10013,200,10023,50,10025,100,10027,150
1792254,NASDAQ-GOLD,10036,50,10034,100,10032,150,10040,50,10042,100,10044,150
1792254,NASDAQ-HT,10422,50,10420,100,10418,150,10426,1,10428,100,10430,150
1792254,NASDAQ-INA,10721,50,10719,100,10717,150,10725,49,10727,100,10729,150
1792254,NASDAQ-KOTD,8432,50,8430,100,8428,150,8436,49,8438,100,8440,150
1792254,NASDAQ-NGUP,6520,114,6488,20,6457,150,6526,50,6527,100,6528,150
1792254,NASDAQ-SIMP,9971,204,9947,50,9944,252,9974,54,9977,50,9978,100
1792254,NASDAQ-ZITO,8041,80,8040,200,8039,250,8046,90,8047,150,8048,200
1792571,NASDAQ-CARD,10074,50,10073,100,10072,150,10079,57,10080,250,10179,30
1792571,NASDAQ-DLKV,10085,90,10083,150,10081,200,10091,50,10093,100,10095,150
1792571,NASDAQ-ETFB,11444,100,11442,150,11440,200,11450,48,11451,80,11452,100
1792571,NASDAQ-ETFB3,9748,26,9747,100,9746,150,9751,100,9752,150,9753,200
1792571,NASDAQ-FSR,10037,50,10035,100,10033,150,10041,50,10043,100,10045,150
1792571,NASDAQ-GOLD,10020,50,10018,100,10016,150,10024,50,10026,100,10028,150
1792571,NASDAQ-HT,10449,50,10447,100,10445,150,10453,50,10455,100,10457,150
1792571,NASDAQ-INA,10697,50,10695,100,10693,150,10701,50,10703,100,10705,150
1792571,NASDAQ-KOTD,8430,177,8428,250,8403,20,8440,50,8442,100,8444,170
1792571,NASDAQ-NGUP,6531,36,6530,150,6529,200,6534,50,6535,100,6536,150
1792571,NASDAQ-SIMP,9948,60,9947,150,9946,150,9954,224,9973,72,9974,54
1792571,NASDAQ-ZITO,8057,50,8056,100,8055,150,8059,50,8060,110,8061,250
1792836,NASDAQ-CARD,10059,50,10058,100,10057,150,10179,30,10181,30,10182,30
1792836,NASDAQ-DLKV,10055,50,10053,100,10051,150,10059,50,10061,100,10063,150
1792836,NASDAQ-ETFB,11438,250,11432,4,11409,50,11452,34,11454,150,11455,1
1792836,NASDAQ-ETFB3,9767,179,9766,250,9744,3,9772,50,9773,100,9774,150
1792836,NASDAQ-FSR,10048,100,10046,150,10044,200,10054,50,10056,100,10058,150
1792836,NASDAQ-GOLD,10024,100,10022,150,10020,200,10030,50,10032,100,10034,150
1792836,NASDAQ-HT,10445,50,10443,100,10441,150,10451,95,10453,150,10455,200
1792836,NASDAQ-INA,10687,50,10685,100,10683,150,10693,100,10695,150,10697,200
1792836,NASDAQ-KOTD,8425,50,8423,100,8421,150,8429,50,8431,100,8432,50
1792836,NASDAQ-NGUP,6534,210,6526,14,6488,20,6540,50,6541,100,6542,150
1792836,NASDAQ-SIMP,9945,50,9944,352,9943,150,9996,247,10001,72,10016,288
1792836,NASDAQ-ZITO,8056,50,8055,100,8054,150,8058,40,8059,100,8060,160
1793122,NASDAQ-CARD,10088,160,10087,250,10049,30,10095,140,10096,200,10097,250
1793122,NASDAQ-DLKV,10028,50,10026,100,10024,150,10034,33,10036,150,10038,200
1793122,NASDAQ-ETFB,11432,4,11409,50,11402,54,11482,50,11484,160,11485,56
1793122,NASDAQ-ETFB3,9764,30,9744,3,9713,78,9770,50,9771,100,9772,150
1793122,NASDAQ-FSR,10020,50,10018,100,10016,150,10024,25,10026,100,10028,150
1793122,NASDAQ-GOLD,10079,100,10077,150,10075,200,10085,50,10087,100,10089,150
1793122,NASDAQ-HT,10431,50,10429,100,10427,150,10437,26,10439,150,10441,200
1793122,NASDAQ-INA,10669,50,10667,100,10665,150,10673,37,10675,100,10677,150
1793122,NASDAQ-KOTD,8404,50,8403,20,8402,100,8410,57,8412,150,8414,200
1793122,NASDAQ-NGUP,6532,18,6531,200,6530,250,6536,50,6537,100,6538,150
1793122,NASDAQ-SIMP,9945,214,9944,252,9920,72,9955,48,9996,247,10001,72
1793122,NASDAQ-ZITO,8044,50,8043,100,8042,150,8047,60,8048,150,8049,200
1793390,NASDAQ-CARD,10071,50,10070,100,10069,150,10077,217,10170,20,10179,30
1793390,NASDAQ-DLKV,10020,50,10018,50,10016,100,10022,21,10024,100,10026,150
1793390,NASDAQ-ETFB,11478,38,11476,100,11474,150,11482,15,11484,160,11485,56
1793390,NASDAQ-ETFB3,9766,48,9765,200,9764,250,9770,50,9771,100,9772,150
1793390,NASDAQ-FSR,10021,50,10019,100,10017,150,10025,50,10027,100,10029,150
1793390,NASDAQ-GOLD,10066,50,10064,100,10062,150,10070,50,10072,100,10074,150
1793390,NASDAQ-HT,10422,50,10420,100,10418,150,10428,68,10430,150,10431,54
1793390,NASDAQ-INA,10709,50,10707,100,10705,150,10713,50,10715,100,10717,150
1793390,NASDAQ-KOTD,8432,100,8430,150,8428,200,8438,50,8440,100,8442,150
1793390,NASDAQ-NGUP,6541,86,6540,150,6539,200,6544,50,6545,100,6546,150
1793390,NASDAQ-SIMP,9952,118,9951,250,9944,182,9957,50,9958,100,9959,150
1793390,NASDAQ-ZITO,8066,50,8065,100,8064,150,8068,50,8069,100,8070,150
1793690,NASDAQ-CARD,10067,50,10066,150,10065,200,10182,30,10502,80,10503,20
1793690,NASDAQ-DLKV,9998,50,9997,100,9996,150,10000,37,10001,100,10002,150
1793690,NASDAQ-ETFB,11470,50,11468,100,11466,150,11474,50,11476,100,11478,550
1793690,NASDAQ-ETFB3,9744,3,9713,78,9620,10,9774,50,9775,100,9776,150
1793690,NASDAQ-FSR,10005,20,10004,50,10002,100,10008,50,10010,100,10012,150
1793690,NASDAQ-GOLD,10050,50,10048,100,10046,150,10054,50,10056,100,10058,150
1793690,NASDAQ-HT,10424,100,10422,150,10420,200,10430,50,10431,54,10432,100
1793690,NASDAQ-INA,10693,50,10691,100,10689,150,10699,87,10701,150,10703,200
1793690,NASDAQ-KOTD,8444,196,8442,6,8438,17,8456,50,8457,50,8458,100
1793690,NASDAQ-NGUP,6540,239,6488,20,6457,50,6546,50,6547,100,6548,150
1793690,NASDAQ-SIMP,9955,48,9954,150,9953,200,9962,250,9996,67,10001,72
1793690,NASDAQ-ZITO,8093,50,8092,100,8091,150,8095,50,8096,100,8097,150
1793982,NASDAQ-CARD,10008,50,10007,100,10006,150,10012,140,10013,200,10014,250
1793982,NASDAQ-DLKV,10007,50,10005,100,10003,150,10011,50,10013,100,10015,150
1793982,NASDAQ-ETFB,11465,54,11463,200,11461,250,11473,3,11475,100,11477,150
1793982,NASDAQ-ETFB3,9761,38,9760,100,9759,150,9763,42,9764,100,9765,150
1793982,NASDAQ-FSR,9983,50,9981,100,9979,150,9987,10,9989,100,9991,150
1793982,NASDAQ-GOLD,10082,50,10080,100,10078,150,10086,50,10088,100,10090,150
1793982,NASDAQ-HT,10408,50,10406,100,10404,150,10412,38,10414,100,10416,150
1793982,NASDAQ-INA,10662,50,10660,100,10658,150,10666,48,10668,100,10670,150
1793982,NASDAQ-KOTD,8426,50,8424,100,8422,150,8430,48,8432,100,8434,150
1793982,NASDAQ-NGUP,6539,40,6538,100,6537,150,6542,70,6543,150,6544,200
1793982,NASDAQ-SIMP,9934,50,9933,100,9932,150,10001,72,10016,288,10080,144
1793982,NASDAQ-ZITO,8060,50,8059,100,8058,150,8063,100,8064,150,8065,200
1794273,NASDAQ-CARD,9997,50,9996,100,9995,150,10182,9,10502,80,10503,20
1794273,NASDAQ-DLKV,9976,110,9975,150,9974,200,9979,27,9980,100,9981,150
1794273,NASDAQ-ETFB,11425,45,11423,150,11421,200,11431,47,11433,100,11435,150
1794273,NASDAQ-ETFB3,9731,50,9730,150,9729,200,9734,47,9735,100,9736,150
1794273,NASDAQ-FSR,9962,50,9960,150,9958,200,9968,50,9970,100,9972,150
1794273,NASDAQ-GOLD,10086,24,10084,100,10082,150,10090,50,10092,100,10094,150
1794273,NASDAQ-HT,10424,110,10422,200,10420,250,10431,54,10432,50,10434,100
1794273,NASDAQ-INA,10674,50,10672,100,10670,170,10678,50,10680,100,10682,150
1794273,NASDAQ-KOTD,8411,50,8410,18,8409,100,8417,50,8419,150,8421,200
1794273,NASDAQ-NGUP,6516,50,6515,100,6514,150,6518,44,6519,100,6520,150
1794273,NASDAQ-SIMP,9926,50,9925,100,9924,150,9930,56,9931,200,9932,250
1794273,NASDAQ-ZITO,8051,50,8050,100,8049,150,8056,18,8057,250,8098,10
1794536,NASDAQ-CARD,10011,140,10010,250,9983,25,10016,50,10017,100,10018,150
1794536,NASDAQ-DLKV,9984,50,9983,100,9982,150,9986,50,9987,100,9988,150
1794536,NASDAQ-ETFB,11409,100,11407,100,11405,150,11415,24,11417,150,11419,200
1794536,NASDAQ-ETFB3,9736,89,9735,200,9734,250,9740,48,9741,100,9742,150
1794536,NASDAQ-FSR,9948,50,9947,20,9946,100,9952,50,9954,100,9956,150
1794536,NASDAQ-GOLD,10113,50,10111,100,10109,150,10115,10,10117,50,10119,100
1794536,NASDAQ-HT,10421,50,10419,150,10417,200,10429,85,10431,196,10433,200
1794536,NASDAQ-INA,10633,50,10631,100,10629,150,10641,141,10643,200,10645,250
1794536,NASDAQ-KOTD,8413,129,8411,250,8410,18,8423,50,8425,100,8427,150
1794536,NASDAQ-NGUP,6498,50,6497,100,6496,150,6501,51,6502,150,6503,200
1794536,NASDAQ-SIMP,9936,93,9935,250,9930,50,9941,50,9942,100,9943,150
1794536,NASDAQ-ZITO,8060,50,8059,100,8058,150,8063,50,8064,150,8065,200
1794831,NASDAQ-CARD,10010,200,10009,250,9983,25,10018,28,10019,250,10182,9
1794831,NASDAQ-DLKV,9964,50,9963,120,9962,150,9967,22,9968,150,9969,200
1794831,NASDAQ-ETFB,11407,100,11405,150,11403,200,11415,31,11417,150,11419,200
1794831,NASDAQ-ETFB3,9733,50,9732,100,9731,150,9734,3,9735,50,9736,201
1794831,NASDAQ-FSR,9941,50,9939,100,9937,150,9945,30,9947,100,9949,150
1794831,NASDAQ-GOLD,10090,100,10087,50,10085,100,10093,80,10095,150,10097,200
1794831,NASDAQ-HT,10395,50,10393,100,10391,150,10405,200,10407,250,10671,19
1794831,NASDAQ-INA,10646,50,10645,17,10644,100,10650,50,10652,100,10654,150
1794831,NASDAQ-KOTD,8437,111,8435,200,8433,250,8444,50,8445,50,8447,100
1794831,NASDAQ-NGUP,6484,50,6483,100,6482,150,6525,20,6538,10,6544,2
1794831,NASDAQ-SIMP,9965,42,9964,150,9963,200,9968,50,9969,100,9970,150
1794831,NASDAQ-ZITO,8050,50,8049,100,8048,150,8052,50,8053,100,8054,150
1795070,NASDAQ-CARD,9844,200,9843,50,9842,100,9849,89,10010,50,10017,144
1795070,NASDAQ-DLKV,9980,50,9979,100,9978,150,9983,50,9984,150,9985,280
1795070,NASDAQ-ETFB,11390,50,11388,150,11386,200,11398,34,11400,150,11402,200
1795070,NASDAQ-ETFB3,9729,76,9713,78,9620,10,9735,50,9736,201,9737,150
1795070,NASDAQ-FSR,9948,100,9946,150,9944,200,9954,50,9956,100,9958,150
1795070,NASDAQ-GOLD,10064,50,10062,100,10060,150,10068,50,10070,100,10072,150
1795070,NASDAQ-HT,10393,50,10391,100,10389,150,10395,72,10397,50,10399,100
1795070,NASDAQ-INA,10592,50,10590,100,10588,150,10596,34,10598,100,10600,150
1795070,NASDAQ-KOTD,8430,50,8428,100,8426,150,8434,34,8436,100,8438,150
1795070,NASDAQ-NGUP,6490,90,6489,150,6488,200,6493,50,6494,100,6495,150
1795070,NASDAQ-SIMP,9962,50,9961,100,9960,150,10000,324,10001,72,10016,288
1795070,NASDAQ-ZITO,8037,50,8036,100,8035,150,8042,200,8043,250,8060,180
1795217,NASDAQ-CARD,9865,50,9864,100,9863,150,9867,50,9868,100,9869,150
1795217,NASDAQ-DLKV,9963,20,9962,50,9961,100,9965,92,9966,150,9967,200
1795217,NASDAQ-ETFB,11381,50,11379,100,11377,150,11387,82,11389,150,11390,80
1795217,NASDAQ-ETFB3,9709,50,9708,100,9707,150,9712,72,9713,150,9714,200
1795217,NASDAQ-FSR,9955,50,9953,150,9951,200,9961,50,9963,100,9965,150
1795217,NASDAQ-GOLD,10072,50,10070,100,10068,150,10076,50,10078,100,10080,150
1795217,NASDAQ-HT,10375,50,10373,100,10371,150,10381,78,10383,150,10385,200
1795217,NASDAQ-INA,10611,50,10609,100,10607,150,10615,50,10617,100,10619,150
1795217,NASDAQ-KOTD,8433,100,8431,150,8429,200,8439,50,8441,100,8443,150
1795217,NASDAQ-NGUP,6471,50,6470,100,6469,150,6473,50,6474,100,6475,150
1795217,NASDAQ-SIMP,9968,140,9967,200,9966,250,9972,50,9973,100,9974,150
1795217,NASDAQ-ZITO,8054,50,8053,100,8052,150,8056,50,8057,100,8058,150
1795499,NASDAQ-CARD,9848,50,9847,100,9846,150,9852,69,9853,200,9854,250
1795499,NASDAQ-DLKV,9953,50,9952,100,9951,150,9957,1,9958,200,9959,250
1795499,NASDAQ-ETFB,11360,50,11358,100,11356,150,11364,50,11366,100,11368,150
1795499,NASDAQ-ETFB3,9713,47,9712,100,9711,150,9715,50,9716,100,9717,150
1795499,NASDAQ-FSR,9968,50,9966,150,9964,200,9974,50,9976,100,9978,150
1795499,NASDAQ-GOLD,10081,50,10079,100,10077,150,10085,50,10087,100,10089,150
1795499,NASDAQ-HT,10413,50,10411,100,10409,150,10419,50,10421,150,10423,200
1795499,NASDAQ-INA,10641,50,10639,150,10637,200,10646,20,10647,50,10649,100
1795499,NASDAQ-KOTD,8454,93,8452,250,8403,20,8464,50,8466,100,8468,150
1795499,NASDAQ-NGUP,6503,50,6502,100,6501,150,6506,50,6507,150,6508,200
1795499,NASDAQ-SIMP,9971,50,9970,100,9969,150,9973,50,9974,100,9975,150
1795499,NASDAQ-ZITO,8057,10,8056,100,8055,150,8059,50,8060,100,8061,150
1795784,NASDAQ-CARD,9849,50,9848,100,9847,150,9852,60,9853,150,9854,200
1795784,NASDAQ-DLKV,9957,50,9956,100,9955,150,9959,50,9960,100,9961,150
1795784,NASDAQ-ETFB,11360,8,11358,100,11356,150,11368,118,11370,200,11372,250
1795784,NASDAQ-ETFB3,9705,49,9704,100,9703,150,9708,100,9709,150,9710,200
1795784,NASDAQ-FSR,9979,50,9977,100,9975,150,9983,50,9985,100,9987,150
1795784,NASDAQ-GOLD,10054,50,10052,100,10050,150,10060,50,10062,150,10064,200
1795784,NASDAQ-HT,10413,150,10411,200,10409,250,10421,50,10423,100,10425,150
1795784,NASDAQ-INA,10679,30,10677,100,10675,150,10683,50,10685,100,10687,150
1795784,NASDAQ-KOTD,8464,50,8462,100,8460,150,8468,50,8470,100,8472,200
1795784,NASDAQ-NGUP,6515,49,6514,100,6513,150,6517,50,6518,101,6519,150
1795784,NASDAQ-SIMP,9989,50,9988,100,9987,150,9991,50,9992,100,9993,150
1795784,NASDAQ-ZITO,8073,50,8072,100,8071,150,8075,50,8076,100,8077,150
1796089,NASDAQ-CARD,10051,144,10050,200,10049,250,10055,50,10056,100,10057,150
1796089,NASDAQ-DLKV,9953,50,9952,100,9951,150,9958,74,9959,250,10081,20
1796089,NASDAQ-ETFB,11360,44,11358,100,11356,150,11366,15,11368,150,11370,200
1796089,NASDAQ-ETFB3,9725,197,9724,250,9710,270,9730,50,9731,100,9732,150
1796089,NASDAQ-FSR,9985,50,9983,260,9981,150,9989,50,9991,100,9993,150
1796089,NASDAQ-GOLD,10051,50,10049,100,10047,150,10055,50,10057,100,10059,150
1796089,NASDAQ-HT,10412,150,10410,200,10408,250,10422,100,10424,150,10426,200
1796089,NASDAQ-INA,10648,50,10646,100,10644,150,10652,50,10654,100,10656,150
1796089,NASDAQ-KOTD,8448,50,8446,100,8444,150,8452,50,8454,100,8456,150
1796089,NASDAQ-NGUP,6522,48,6521,100,6520,150,6524,50,6525,112,6526,150
1796089,NASDAQ-SIMP,9993,17,9992,250,9937,36,9998,50,9999,100,10000,150
1796089,NASDAQ-ZITO,8090,50,8089,100,8088,150,8092,50,8093,100,8094,150
1796369,NASDAQ-CARD,10028,50,10027,100,10026,150,10033,138,10034,250,10051,88
1796369,NASDAQ-DLKV,9941,50,9940,100,9939,150,10081,20,10097,20,10106,55
1796369,NASDAQ-ETFB,11340,50,11338,100,11336,150,11346,6,11348,150,11350,200
1796369,NASDAQ-ETFB3,9696,50,9695,100,9694,150,9700,30,9701,200,9702,250
1796369,NASDAQ-FSR,9968,50,9966,100,9964,150,9974,50,9976,150,9978,200
1796369,NASDAQ-GOLD,10070,50,10068,100,10066,150,10074,50,10076,100,10078,150
1796369,NASDAQ-HT,10415,90,10413,200,10411,250,10425,5,10427,150,10429,200
1796369,NASDAQ-INA,10657,50,10656,7,10655,100,10661,50,10663,100,10665,150
1796369,NASDAQ-KOTD,8472,10,8470,150,8468,200,8478,50,8480,100,8482,150
1796369,NASDAQ-NGUP,6521,50,6520,100,6519,150,6525,57,6526,200,6527,250
1796369,NASDAQ-SIMP,9994,36,9991,99,9990,250,9996,50,9997,244,9998,150
1796369,NASDAQ-ZITO,8078,50,8077,100,8076,150,8080,50,8081,100,8082,150
1796518,NASDAQ-CARD,9991,50,9990,100,9989,150,9993,50,9994,100,9995,150
1796518,NASDAQ-DLKV,9959,50,9958,100,9957,150,9961,50,9962,100,9963,150
1796518,NASDAQ-ETFB,11332,44,11330,100,11328,150,11338,60,11340,150,11342,200
1796518,NASDAQ-ETFB3,9677,50,9676,100,9675,150,9681,144,9682,200,9683,250
1796518,NASDAQ-FSR,9969,50,9967,100,9965,150,9973,50,9975,100,9977,150
1796518,NASDAQ-GOLD,10020,50,10018,100,10016,150,10024,50,10026,100,10028,150
1796518,NASDAQ-HT,10391,50,10389,100,10387,150,10395,28,10397,100,10399,150
1796518,NASDAQ-INA,10639,50,10637,100,10635,150,10643,43,10645,100,10647,150
1796518,NASDAQ-KOTD,8479,50,8477,100,8475,150,8483,50,8485,100,8486,50
1796518,NASDAQ-NGUP,6535,50,6534,100,6533,150,6537,50,6538,110,6539,150
1796518,NASDAQ-SIMP,10005,134,10004,200,10003,250,10009,50,10010,100,10011,150
1796518,NASDAQ-ZITO,8094,50,8093,100,8092,150,8096,50,8097,100,8098,160
1796796,NASDAQ-CARD,10016,50,10015,100,10014,150,10019,100,10020,150,10021,200
1796796,NASDAQ-DLKV,9955,50,9954,100,9953,150,9959,72,9960,200,9961,250
1796796,NASDAQ-ETFB,11314,50,11312,100,11310,150,11322,89,11324,200,11326,250
1796796,NASDAQ-ETFB3,9676,100,9675,150,9674,200,9681,91,9682,200,9683,250
1796796,NASDAQ-FSR,9995,50,9993,100,9991,150,9999,50,10001,100,10003,150
1796796,NASDAQ-GOLD,10026,50,10024,100,10022,150,10030,50,10032,100,10034,150
1796796,NASDAQ-HT,10421,70,10419,150,10417,200,10427,50,10429,100,10431,150
1796796,NASDAQ-INA,10662,50,10660,100,10658,150,10666,50,10668,100,10670,150
1796796,NASDAQ-KOTD,8471,50,8469,100,8467,150,8475,40,8477,100,8479,150
1796796,NASDAQ-NGUP,6548,47,6547,100,6546,150,6550,50,6551,100,6552,150
1796796,NASDAQ-SIMP,10029,162,10028,250,9937,31,10034,50,10035,100,10036,150
1796796,NASDAQ-ZITO,8085,50,8084,100,8083,150,8087,50,8088,100,8089,150
1797090,NASDAQ-CARD,10089,93,10088,200,10087,250,10093,50,10094,100,10095,150
1797090,NASDAQ-DLKV,9982,50,9981,100,9980,150,9984,50,9985,100,9986,150
1797090,NASDAQ-ETFB,11304,99,11302,150,11300,150,11312,13,11314,200,11316,250
1797090,NASDAQ-ETFB3,9674,50,9673,100,9672,150,9679,80,9680,250,9710,21
1797090,NASDAQ-FSR,9939,50,9937,100,9935,150,9947,133,9949,200,9951,250
1797090,NASDAQ-GOLD,10033,50,10031,100,10029,150,10037,50,10039,100,10041,150
1797090,NASDAQ-HT,10412,50,10410,100,10408,150,10416,50,10418,100,10420,150
1797090,NASDAQ-INA,10667,50,10665,100,10663,150,10671,50,10673,100,10675,183
1797090,NASDAQ-KOTD,8462,250,8456,7,8452,13,8474,50,8476,100,8478,150
1797090,NASDAQ-NGUP,6550,50,6549,100,6548,150,6554,52,6555,200,6556,250
1797090,NASDAQ-SIMP,10018,40,10017,150,10016,200,10021,40,10022,100,10023,150
1797090,NASDAQ-ZITO,8075,50,8074,100,8073,150,8077,50,8078,100,8079,150
1797421,NASDAQ-CARD,10072,50,10071,100,10070,150,10076,89,10077,200,10078,250
1797421,NASDAQ-DLKV,9958,50,9957,100,9956,150,9961,76,9962,150,9963,200
1797421,NASDAQ-ETFB,11304,50,11302,150,11300,150,11316,200,11357,100,11399,57
1797421,NASDAQ-ETFB3,9678,150,9677,200,9676,250,9682,47,9683,100,9684,150
1797421,NASDAQ-FSR,9906,50,9905,14,9904,100,9910,30,9912,100,9914,150
1797421,NASDAQ-GOLD,10039,50,10037,100,10035,150,10043,50,10045,100,10047,150
1797421,NASDAQ-HT,10383,50,10381,100,10379,150,10387,50,10389,100,10391,150
1797421,NASDAQ-INA,10638,50,10636,100,10634,150,10642,50,10644,100,10646,150
1797421,NASDAQ-KOTD,8415,50,8413,100,8411,150,8419,30,8421,100,8423,150
1797421,NASDAQ-NGUP,6565,146,6564,200,6563,250,6569,50,6570,100,6571,150
1797421,NASDAQ-SIMP,9995,95,9994,100,9993,150,9997,40,9998,100,9999,150
1797421,NASDAQ-ZITO,8080,50,8079,100,8078,150,8082,50,8083,100,8084,150
1797691,NASDAQ-CARD,10046,50,10045,100,10044,150,10050,136,10051,200,10052,250
1797691,NASDAQ-DLKV,10003,18,10001,100,9999,150,10007,50,10009,100,10011,150
1797691,NASDAQ-ETFB,11304,50,11302,150,11300,150,11310,50,11312,150,11314,200
1797691,NASDAQ-ETFB3,9682,179,9679,50,9678,100,9684,58,9685,250,9710,21
1797691,NASDAQ-FSR,9931,100,9929,150,9927,200,9941,100,9943,200,9945,250
1797691,NASDAQ-GOLD,10000,50,9998,100,9996,150,10006,50,10008,150,10010,200
1797691,NASDAQ-HT,10421,20,10419,150,10417,200,10427,50,10429,100,10431,150
1797691,NASDAQ-INA,10663,18,10661,100,10659,150,10667,50,10669,100,10671,150
1797691,NASDAQ-KOTD,8470,18,8468,100,8466,150,8474,50,8476,100,8478,150
1797691,NASDAQ-NGUP,6545,50,6544,100,6543,150,6547,50,6548,100,6549,150
1797691,NASDAQ-SIMP,10028,201,10025,10,9997,100,10033,180,10034,50,10035,100
1797691,NASDAQ-ZITO,8082,94,8081,150,8080,200,8085,50,8086,100,8087,150
1797985,NASDAQ-CARD,9800,50,9799,100,9798,150,10046,30,10182,9,10189,100
1797985,NASDAQ-DLKV,9990,50,9989,150,9988,200,9994,66,9995,150,9996,200
1797985,NASDAQ-ETFB,11324,50,11322,100,11320,150,11328,50,11330,100,11332,150
1797985,NASDAQ-ETFB3,9679,50,9678,100,9677,150,9685,209,9710,21,9731,55
1797985,NASDAQ-FSR,9934,50,9932,100,9930,150,9942,110,9944,200,9946,303
1797985,NASDAQ-GOLD,10018,50,10016,100,10014,150,10022,50,10024,100,10026,150
1797985,NASDAQ-HT,10386,50,10384,100,10382,150,10390,50,10392,100,10394,150
1797985,NASDAQ-INA,10620,50,10619,4,10618,100,10626,4,10628,150,10630,200
1797985,NASDAQ-KOTD,8427,50,8425,150,8423,200,8433,1,8435,100,8437,150
1797985,NASDAQ-NGUP,6543,50,6542,100,6541,150,6546,51,6547,150,6548,200
1797985,NASDAQ-SIMP,10024,200,10023,250,10012,20,10028,50,10033,210,10077,100
1797985,NASDAQ-ZITO,8074,50,8073,100,8072,150,8076,50,8077,100,8078,150
1798279,NASDAQ-CARD,9775,50,9774,150,9773,200,9778,50,9779,100,9780,150
1798279,NASDAQ-DLKV,9988,100,9987,250,9878,18,9996,98,9997,250,9999,2
1798279,NASDAQ-ETFB,11325,200,11323,250,11302,50,11335,50,11337,100,11339,150
1798279,NASDAQ-ETFB3,9698,44,9697,100,9696,150,9700,50,9701,100,9702,150
1798279,NASDAQ-FSR,9933,50,9931,100,9929,150,9941,120,9943,200,9945,250
1798279,NASDAQ-GOLD,9988,50,9987,150,9986,200,9994,200,9995,250,10132,10
1798279,NASDAQ-HT,10418,100,10416,150,10414,200,10424,50,10426,100,10428,150
1798279,NASDAQ-INA,10634,50,10632,100,10630,152,10638,50,10640,100,10642,150
1798279,NASDAQ-KOTD,8463,50,8461,100,8459,150,8466,2,8467,50,8469,100
1798279,NASDAQ-NGUP,6574,50,6573,100,6572,150,6576,50,6577,100,6578,151
1798279,NASDAQ-SIMP,10040,213,10025,10,10012,18,10047,10,10048,150,10049,200
1798279,NASDAQ-ZITO,8080,50,8079,100,8078,150,8083,50,8084,205,8085,200
1798587,NASDAQ-CARD,9815,140,9814,200,9813,250,9821,28,9822,200,9823,250
1798587,NASDAQ-DLKV,10038,30,10036,100,10034,150,10042,50,10044,100,10046,150
1798587,NASDAQ-ETFB,11325,196,11323,250,11302,50,11341,200,11343,250,11399,57
1798587,NASDAQ-ETFB3,9687,42,9686,100,9685,150,9693,162,9710,21,9731,55
1798587,NASDAQ-FSR,9976,150,9974,200,9972,250,9984,50,9986,100,9988,150
1798587,NASDAQ-GOLD,9994,50,9993,100,9992,150,9998,100,9999,200,10000,250
1798587,NASDAQ-HT,10401,30,10399,100,10397,150,10405,50,10407,100,10409,150
1798587,NASDAQ-INA,10680,62,10678,150,10676,200,10688,50,10690,150,10692,200
1798587,NASDAQ-KOTD,8443,50,8441,100,8439,150,8449,48,8451,150,8453,200
1798587,NASDAQ-NGUP,6557,50,6556,150,6555,200,6561,100,6562,150,6563,200
1798587,NASDAQ-SIMP,10051,101,10025,190,10017,20,10057,50,10058,100,10059,150
1798587,NASDAQ-ZITO,8075,50,8074,100,8073,150,8077,50,8078,100,8079,150
1798861,NASDAQ-CARD,9804,50,9803,200,9802,250,9808,50,9809,100,9810,150
1798861,NASDAQ-DLKV,10023,50,10021,100,10019,150,10031,55,10033,200,10034,2
1798861,NASDAQ-ETFB,11319,42,11317,100,11315,150,11325,81,11327,150,11329,200
1798861,NASDAQ-ETFB3,9687,43,9686,100,9685,150,9691,56,9692,200,9693,250
1798861,NASDAQ-FSR,9973,50,9971,100,9969,150,9977,50,9979,100,9981,150
1798861,NASDAQ-GOLD,9996,50,9994,100,9992,150,10000,50,10002,100,10004,150
1798861,NASDAQ-HT,10428,50,10426,100,10424,150,10432,50,10434,100,10436,150
1798861,NASDAQ-INA,10678,48,10676,100,10674,150,10682,50,10684,100,10686,150
1798861,NASDAQ-KOTD,8482,44,8480,100,8478,150,8486,50,8488,100,8490,150
1798861,NASDAQ-NGUP,6567,50,6566,100,6565,150,6569,50,6570,100,6571,150
1798861,NASDAQ-SIMP,10008,40,10007,100,10006,150,10012,99,10013,200,10014,250
1798861,NASDAQ-ZITO,8066,50,8065,100,8064,150,8068,50,8069,100,8070,150
1799033,NASDAQ-CARD,9682,50,9681,100,9680,150,9688,122,9994,100,10035,20
1799033,NASDAQ-DLKV,10026,50,10024,100,10022,150,10032,100,10034,152,10036,200
1799033,NASDAQ-ETFB,11319,50,11317,100,11315,150,11325,50,11327,150,11329,200
1799033,NASDAQ-ETFB3,9694,34,9693,100,9692,150,9696,50,9697,100,9698,150
1799033,NASDAQ-FSR,9961,50,9959,100,9957,150,9965,50,9967,100,9969,150
1799033,NASDAQ-GOLD,10016,30,10014,100,10012,150,10020,50,10022,100,10024,150
1799033,NASDAQ-HT,10428,50,10426,100,10424,150,10432,50,10434,100,10436,150
1799033,NASDAQ-INA,10710,95,10708,150,10706,200,10716,50,10718,100,10720,150
1799033,NASDAQ-KOTD,8466,50,8464,100,8462,150,8470,50,8472,100,8474,150
1799033,NASDAQ-NGUP,6565,50,6564,100,6563,150,6568,30,6569,150,6570,200
1799033,NASDAQ-SIMP,10026,127,10025,210,10024,250,10030,50,10031,100,10032,150
1799033,NASDAQ-ZITO,8071,50,8070,100,8069,150,8073,50,8074,100,8075,150
1799328,NASDAQ-CARD,9679,50,9678,100,9677,150,9682,36,9683,150,9684,200
1799328,NASDAQ-DLKV,10051,50,10049,100,10047,150,10057,50,10059,150,10061,200
1799328,NASDAQ-ETFB,11320,50,11318,100,11316,150,11324,10,11326,100,11328,150
1799328,NASDAQ-ETFB3,9696,42,9695,100,9694,150,9698,50,9699,100,9700,150
1799328,NASDAQ-FSR,9970,50,9968,100,9966,150,9974,50,9976,100,9978,150
1799328,NASDAQ-GOLD,10009,50,10007,100,10005,150,10013,50,10015,100,10017,150
1799328,NASDAQ-HT,10443,50,10441,100,10439,150,10447,50,10449,100,10451,150
1799328,NASDAQ-INA,10723,124,10721,200,10719,250,10731,50,10733,100,10735,150
1799328,NASDAQ-KOTD,8482,50,8480,100,8478,150,8488,50,8490,150,8492,200
1799328,NASDAQ-NGUP,6589,50,6588,100,6587,150,6591,50,6592,100,6593,150
1799328,NASDAQ-SIMP,10025,10,10024,100,10023,150,10028,50,10029,168,10030,200
1799328,NASDAQ-ZITO,8066,50,8065,100,8064,150,8068,40,8069,100,8070,150
1799600,NASDAQ-CARD,9669,50,9668,150,9667,200,9673,10,9674,150,9675,200
1799600,NASDAQ-DLKV,10046,50,10044,100,10042,150,10052,61,10054,150,10056,200
1799600,NASDAQ-ETFB,11323,150,11321,200,11319,250,11331,50,11333,100,11335,150
1799600,NASDAQ-ETFB3,9695,50,9694,100,9693,168,9699,52,9700,200,9701,250
1799600,NASDAQ-FSR,9947,100,9945,200,9943,250,9955,50,9957,100,9959,150
1799600,NASDAQ-GOLD,9998,50,9996,100,9994,150,10002,50,10004,100,10006,150
1799600,NASDAQ-HT,10410,50,10408,100,10406,150,10414,50,10416,100,10418,150
1799600,NASDAQ-INA,10713,50,10711,100,10709,150,10719,74,10721,150,10723,200
1799600,NASDAQ-KOTD,8479,26,8477,100,8475,150,8483,50,8485,100,8487,150
1799600,NASDAQ-NGUP,6592,50,6591,100,6590,150,6595,50,6596,150,6597,200
1799600,NASDAQ-SIMP,10009,98,10008,50,10007,100,10012,149,10013,200,10014,250
1799600,NASDAQ-ZITO,8077,95,8076,150,8075,200,8079,10,8080,50,8081,100
1799927,NASDAQ-CARD,9653,50,9652,150,9651,200,9660,171,9804,5,9861,100
1799927,NASDAQ-DLKV,10021,50,10019,100,10017,150,10031,99,10033,250,10081,13
1799927,NASDAQ-ETFB,11321,200,11319,250,11302,50,11333,100,11335,150,11337,200
1799927,NASDAQ-ETFB3,9680,55,9679,50,9678,100,9683,83,9684,200,9685,250
1799927,NASDAQ-FSR,9967,50,9965,100,9963,150,9971,50,9973,100,9975,150
1799927,NASDAQ-GOLD,10014,100,10012,250,9952,11,10024,50,10026,100,10028,150
1799927,NASDAQ-HT,10409,50,10407,100,10405,150,10415,100,10417,150,10419,200
1799927,NASDAQ-INA,10746,200,10744,250,10679,20,10756,50,10758,120,10760,150
1799927,NASDAQ-KOTD,8446,50,8444,100,8442,150,8450,50,8452,100,8454,150
1799927,NASDAQ-NGUP,6569,50,6568,100,6567,150,6573,129,6574,200,6575,250
1799927,NASDAQ-SIMP,9988,40,9987,150,9986,200,9992,31,9993,150,9994,200
1799927,NASDAQ-ZITO,8078,50,8077,100,8076,150,8079,10,8080,50,8081,100
