time,instrument,price,quantity,passive_order_id,active_order_id
166,NSE-SIMP,10078,50,1,21
166,NSE-SIMP,10078,50,11,21
166,NSE-SIMP,10077,100,3,21
212,NSE-ZITO,9874,50,11,23
212,NSE-ZABA,10115,1,2,23
221,NSE-DLKV,10090,6,1,23
221,NSE-OIT,10086,9,1,23
221,NSE-ZABA,10115,3,2,24
221,NSE-OIT,10086,41,1,25
221,NSE-OIT,10086,9,11,25
221,NSE-SIMP,10077,50,13,25
221,NSE-SIMP,10077,50,13,27
221,NSE-SIMP,10076,50,5,27
221,NSE-SIMP,10076,100,5,29
221,NSE-SIMP,10076,50,15,29
221,NSE-SIMP,10076,100,15,31
221,NSE-SIMP,10075,100,7,31
221,NSE-ZABA,10115,46,2,25
221,NSE-ZABA,10115,4,12,25
221,NSE-ZABA,10115,46,12,27
271,NSE-OIT,10086,41,11,34
309,NSE-CARD,10088,50,1,33
309,NSE-DLKV,10090,44,1,34
309,NSE-DLKV,10090,6,11,34
316,NSE-DLKV,10090,1,11,35
316,NSE-CARD,10088,1,11,34
321,NSE-DLKV,10090,3,11,36
321,NSE-OIT,10084,3,3,35
321,NSE-CARD,10088,49,11,36
321,NSE-CARD,10087,1,3,36
321,NSE-CARD,10087,99,3,38
321,NSE-CARD,10087,1,13,38
321,NSE-CARD,10087,99,13,40
321,NSE-CARD,10087,51,25,40
321,NSE-CARD,10087,49,25,42
321,NSE-CARD,10086,150,5,42
321,NSE-CARD,10086,1,15,42
321,NSE-CARD,10086,149,15,44
321,NSE-CARD,10086,101,27,44
321,NSE-DLKV,10094,50,2,37
321,NSE-DLKV,10094,50,12,39
321,NSE-DLKV,10094,50,25,39
321,NSE-DLKV,10096,100,4,41
321,NSE-DLKV,10096,50,14,41
321,NSE-OIT,10084,50,3,37
321,NSE-OIT,10084,47,3,39
321,NSE-OIT,10084,53,13,39
321,NSE-SIMP,10075,50,7,37
321,NSE-SIMP,10075,50,7,39
321,NSE-SIMP,10075,50,17,39
321,NSE-ZABA,10117,50,4,36
321,NSE-ZABA,10117,50,4,38
321,NSE-ZABA,10117,50,14,38
321,NSE-ZABA,10117,50,14,40
321,NSE-ZABA,10119,100,6,40
321,NSE-ZABA,10119,50,6,42
321,NSE-ZABA,10119,150,16,42
321,NSE-ZABA,10121,200,8,44
321,NSE-ZABA,10121,50,18,44
388,NSE-OIT,10084,47,13,48
421,NSE-ZITO,9862,9,35,46
421,NSE-ZITO,9860,2,21,47
421,NSE-OIT,10086,5,41,49
421,NSE-DLKV,10094,7,43,49
421,NSE-CARD,10086,49,27,48
421,NSE-CARD,10085,1,7,48
421,NSE-CARD,10085,100,7,50
421,NSE-CARD,10085,99,7,52
421,NSE-CARD,10085,51,17,52
421,NSE-CARD,10085,149,17,54
421,NSE-CARD,10085,51,29,54
421,NSE-CARD,10085,149,29,56
421,NSE-CARD,10084,101,9,56
421,NSE-DLKV,10096,50,14,50
421,NSE-DLKV,10096,100,27,52
421,NSE-DLKV,10098,150,6,54
421,NSE-DLKV,10098,150,16,56
421,NSE-DLKV,10098,50,29,56
421,NSE-DLKV,10098,100,29,58
421,NSE-DLKV,10100,150,8,58
421,NSE-OIT,10082,50,5,51
421,NSE-SIMP,10076,50,33,48
421,NSE-ZABA,10121,50,18,48
421,NSE-ZABA,10121,100,18,50
421,NSE-ZABA,10122,50,26,52
421,NSE-ZABA,10123,100,10,52
421,NSE-ZABA,10123,150,10,54
421,NSE-ZABA,10123,50,20,54
421,NSE-ZABA,10123,200,20,56
421,NSE-ZABA,10124,50,28,56
421,NSE-ZITO,9860,6,21,49
421,NSE-ZITO,9860,8,44,49
484,NSE-OIT,10082,50,5,60
484,NSE-DLKV,10094,50,43,61
489,NSE-DLKV,10094,10,43,63
489,NSE-ZITO,9846,10,49,58
521,NSE-CARD,10084,4,9,59
521,NSE-CARD,10084,50,9,61
521,NSE-CARD,10084,95,9,63
521,NSE-CARD,10084,5,19,63
521,NSE-CARD,10084,150,19,65
521,NSE-CARD,10084,95,19,67
521,NSE-CARD,10084,105,31,67
521,NSE-CARD,10084,145,31,69
521,NSE-CARD,10082,10,57,69
521,NSE-CARD,10076,95,49,69
521,NSE-DLKV,10100,50,8,64
521,NSE-DLKV,10100,100,18,66
521,NSE-DLKV,10100,100,18,68
521,NSE-DLKV,10100,50,31,68
521,NSE-DLKV,10100,150,31,70
521,NSE-DLKV,10102,50,10,70
521,NSE-DLKV,10102,200,10,72
521,NSE-DLKV,10102,50,20,72
521,NSE-OIT,10082,50,5,64
521,NSE-OIT,10082,100,15,66
521,NSE-OIT,10082,50,15,68
521,NSE-OIT,10082,50,24,68
521,NSE-OIT,10080,50,7,68
521,NSE-SIMP,10076,50,33,60
521,NSE-SIMP,10076,100,33,62
521,NSE-SIMP,10076,50,33,64
521,NSE-SIMP,10076,100,41,64
521,NSE-SIMP,10076,50,41,66
521,NSE-SIMP,10077,150,43,66
521,NSE-SIMP,10077,50,43,68
521,NSE-SIMP,10078,1,35,68
521,NSE-SIMP,10078,199,45,68
545,NSE-ZITO,9850,1,61,72
582,NSE-DLKV,10102,10,20,77
582,NSE-ZITO,9850,10,61,74
620,NSE-ZITO,9850,39,61,77
620,NSE-ZITO,9851,11,63,77
621,NSE-CARD,10076,5,49,77
621,NSE-CARD,10075,45,51,77
621,NSE-CARD,10075,100,51,79
621,NSE-CARD,10075,5,51,81
621,NSE-CARD,10074,145,53,81
621,NSE-CARD,10074,55,53,83
621,NSE-CARD,10073,8,21,83
621,NSE-CARD,10073,8,45,83
621,NSE-CARD,10073,129,55,83
621,NSE-CARD,10073,121,55,85
621,NSE-CARD,10072,8,70,85
621,NSE-CARD,10062,50,35,85
621,NSE-CARD,10061,71,37,85
621,NSE-DLKV,10102,50,20,80
621,NSE-DLKV,10102,100,20,82
621,NSE-DLKV,10102,40,20,84
621,NSE-DLKV,10102,110,33,84
621,NSE-DLKV,10102,140,33,86
621,NSE-DLKV,10104,50,38,86
621,NSE-DLKV,10106,10,40,86
621,NSE-DLKV,10106,90,40,88
621,NSE-DLKV,10107,8,22,88
621,NSE-DLKV,10107,8,48,88
621,NSE-DLKV,10108,144,42,88
621,NSE-OIT,10082,50,70,76
621,NSE-OIT,10082,100,70,78
621,NSE-SIMP,10075,50,17,73
621,NSE-SIMP,10075,100,17,75
621,NSE-SIMP,10075,100,50,77
621,NSE-SIMP,10074,50,9,77
654,NSE-ZABA,10118,1,75,85
654,NSE-OIT,10082,1,70,86
678,NSE-ZABA,10119,50,62,86
683,NSE-OIT,10081,50,80,87
721,NSE-DLKV,10094,4,43,90
721,NSE-SIMP,10074,7,9,82
721,NSE-DLKV,10108,1,42,91
721,NSE-CARD,10061,3,37,86
721,NSE-ZITO,9866,2,78,89
721,NSE-SIMP,10074,5,9,83
721,NSE-CARD,10061,26,37,88
721,NSE-CARD,10060,24,39,88
721,NSE-CARD,10060,100,39,90
721,NSE-CARD,10060,26,39,92
721,NSE-CARD,10060,50,60,92
721,NSE-CARD,10059,74,41,92
721,NSE-CARD,10059,126,41,94
721,NSE-CARD,10059,74,62,94
721,NSE-CARD,10059,26,62,96
721,NSE-CARD,10058,224,43,96
721,NSE-DLKV,10094,50,43,93
721,NSE-OIT,10081,50,80,89
721,NSE-OIT,10081,50,80,91
721,NSE-OIT,10080,50,7,91
721,NSE-OIT,10080,100,7,93
721,NSE-OIT,10080,50,17,93
721,NSE-OIT,10080,150,17,95
721,NSE-OIT,10080,50,26,95
721,NSE-OIT,10080,50,26,97
721,NSE-SIMP,10075,50,79,84
721,NSE-SIMP,10075,100,79,86
721,NSE-SIMP,10075,50,79,88
721,NSE-SIMP,10076,100,81,88
721,NSE-SIMP,10076,150,81,90
721,NSE-SIMP,10078,50,45,90
721,NSE-SIMP,10078,1,45,92
721,NSE-SIMP,10078,50,49,92
721,NSE-SIMP,10079,100,51,92
721,NSE-SIMP,10080,50,2,92
721,NSE-SIMP,10080,49,12,92
721,NSE-ZABA,10121,50,64,87
721,NSE-ZABA,10121,50,64,89
721,NSE-ZABA,10123,50,66,89
721,NSE-ZABA,10123,100,66,91
721,NSE-ZABA,10124,50,28,91
721,NSE-ZITO,9871,50,85,90
721,NSE-ZITO,9871,100,85,92
726,NSE-OIT,10080,50,97,98
726,NSE-DLKV,10096,50,95,102
755,NSE-ZITO,9870,8,94,102
784,NSE-CARD,10065,8,98,100
821,NSE-CARD,10085,9,74,101
821,NSE-ZABA,10124,1,78,100
821,NSE-SIMP,10080,1,12,96
821,NSE-OIT,10080,4,97,102
821,NSE-CARD,10058,26,43,103
821,NSE-CARD,10058,24,64,103
821,NSE-CARD,10058,100,64,105
821,NSE-CARD,10058,26,64,107
821,NSE-CARD,10057,124,66,107
821,NSE-CARD,10057,76,66,109
821,NSE-CARD,10056,124,68,109
821,NSE-CARD,10056,126,68,111
821,NSE-CARD,10056,10,73,111
821,NSE-CARD,10045,50,76,111
821,NSE-CARD,10044,64,78,111
821,NSE-DLKV,10096,50,95,105
821,NSE-DLKV,10098,100,97,107
821,NSE-DLKV,10098,50,97,109
821,NSE-DLKV,10100,100,99,109
821,NSE-DLKV,10100,100,99,111
821,NSE-OIT,10079,50,82,104
821,NSE-OIT,10079,100,82,106
821,NSE-OIT,10079,50,82,108
821,NSE-OIT,10078,100,9,108
821,NSE-OIT,10078,150,9,110
821,NSE-OIT,10078,50,19,110
821,NSE-OIT,10078,200,19,112
821,NSE-OIT,10078,50,28,112
821,NSE-SIMP,10074,50,9,98
821,NSE-SIMP,10074,100,9,100
821,NSE-SIMP,10074,38,9,102
821,NSE-SIMP,10074,112,19,102
821,NSE-SIMP,10074,138,19,104
821,NSE-SIMP,10074,62,52,104
821,NSE-ZABA,10123,50,93,102
821,NSE-ZABA,10123,100,93,104
821,NSE-ZABA,10123,50,93,106
821,NSE-ZABA,10121,100,95,106
821,NSE-ZABA,10121,150,95,108
821,NSE-ZABA,10117,10,73,108
821,NSE-ZABA,10116,40,27,108
821,NSE-ZABA,10116,14,27,110
821,NSE-ZABA,10115,50,61,110
821,NSE-ZABA,10114,150,29,110
821,NSE-ZABA,10114,36,79,110
829,NSE-SIMP,10075,1,106,107
834,NSE-SIMP,10075,50,106,108
834,NSE-OIT,10080,49,97,113
902,NSE-OIT,10080,50,97,114
921,NSE-ZABA,10124,3,78,113
921,NSE-CARD,10085,1,74,114
921,NSE-CARD,10090,1,2,114
921,NSE-SIMP,10075,8,106,109
921,NSE-OIT,10078,1,28,118
921,NSE-OIT,10078,4,28,119
921,NSE-CARD,10090,3,2,115
921,NSE-CARD,10044,36,78,117
921,NSE-CARD,10043,14,80,117
921,NSE-CARD,10043,100,80,119
921,NSE-CARD,10043,36,80,121
921,NSE-CARD,10042,114,82,121
921,NSE-CARD,10042,86,82,123
921,NSE-CARD,10041,114,84,123
921,NSE-CARD,10041,136,84,125
921,NSE-CARD,9915,50,87,125
921,NSE-CARD,9914,64,89,125
922,NSE-OIT,10078,50,28,121
922,NSE-OIT,10078,45,28,123
922,NSE-OIT,10078,50,36,123
922,NSE-OIT,10077,5,50,123
922,NSE-OIT,10077,45,50,125
922,NSE-OIT,10077,105,84,125
922,NSE-OIT,10077,145,84,127
922,NSE-OIT,10077,10,115,127
922,NSE-SIMP,10075,50,106,110
922,NSE-SIMP,10075,100,106,112
922,NSE-SIMP,10075,41,106,114
922,NSE-SIMP,10080,109,53,114
922,NSE-SIMP,10080,41,53,116
922,NSE-SIMP,10081,100,4,116
922,NSE-SIMP,10081,59,14,116
922,NSE-SIMP,10081,41,14,118
922,NSE-SIMP,10081,200,55,118
922,NSE-SIMP,10082,9,6,118
922,NSE-ZITO,9868,50,98,118
922,NSE-ZITO,9868,100,98,120
922,NSE-ZITO,9868,100,98,122
922,NSE-ZITO,9867,50,110,122
922,NSE-ZITO,9867,150,110,124
1021,NSE-DLKV,10104,1,117,130
1021,NSE-ZABA,10114,9,79,127
1021,NSE-DLKV,10104,1,117,131
1021,NSE-CARD,10062,1,126,130
1021,NSE-CARD,10056,8,127,130
1021,NSE-CARD,9914,36,89,130
1021,NSE-CARD,9913,5,91,130
1021,NSE-DLKV,10108,5,42,132
1021,NSE-DLKV,10108,45,118,132
1021,NSE-OIT,10076,50,30,133
1021,NSE-OIT,10076,100,30,135
1021,NSE-OIT,10076,50,30,137
1021,NSE-OIT,10076,100,38,137
1021,NSE-OIT,10075,100,52,139
1021,NSE-OIT,10074,100,32,139
1021,NSE-OIT,10074,150,32,141
1021,NSE-OIT,10074,100,40,141
1021,NSE-SIMP,10074,50,52,123
1021,NSE-SIMP,10074,38,52,125
1021,NSE-ZITO,9866,50,112,130
1021,NSE-ZITO,9866,100,112,132
1021,NSE-ZITO,9866,100,112,134
1021,NSE-ZITO,9863,50,84,134
1021,NSE-ZITO,9863,150,84,136
1021,NSE-ZITO,9862,50,86,136
1021,NSE-ZITO,9862,200,86,138
1051,NSE-OIT,10079,47,129,142
1051,NSE-CARD,9914,10,132,139
1069,NSE-CARD,9914,10,132,142
1121,NSE-OIT,10079,1,129,144
1121,NSE-SIMP,10073,7,54,132
1121,NSE-ZABA,10115,7,128,140
1121,NSE-SIMP,10073,6,54,133
1121,NSE-CARD,9913,50,91,145
1121,NSE-CARD,9913,95,91,147
1121,NSE-CARD,9912,5,93,147
1121,NSE-CARD,9912,150,93,149
1121,NSE-CARD,9912,45,93,151
1121,NSE-CARD,9911,155,95,151
1121,NSE-CARD,9911,95,95,153
1121,NSE-CARD,9911,50,129,153
1121,NSE-CARD,9910,100,131,153
1121,NSE-DLKV,10107,50,134,145
1121,NSE-DLKV,10107,50,134,147
1121,NSE-DLKV,10105,50,136,147
1121,NSE-DLKV,10105,100,136,149
1121,NSE-DLKV,10104,48,117,149
1121,NSE-DLKV,10103,2,138,149
1121,NSE-DLKV,10103,198,138,151
1121,NSE-DLKV,10102,2,119,151
1121,NSE-DLKV,10102,98,119,153
1121,NSE-DLKV,10101,152,140,153
1121,NSE-SIMP,10073,50,54,135
1121,NSE-SIMP,10073,100,54,137
1121,NSE-SIMP,10073,37,54,139
1121,NSE-SIMP,10072,50,36,139
1121,NSE-SIMP,10072,63,56,139
1121,NSE-SIMP,10072,187,56,141
1121,NSE-SIMP,10071,13,38,141
1121,NSE-SIMP,10071,87,38,143
1121,NSE-SIMP,10070,50,24,143
1121,NSE-SIMP,10070,113,40,143
1121,NSE-ZABA,10117,50,117,141
1121,NSE-ZABA,10117,50,117,143
1121,NSE-ZABA,10119,50,119,143
1121,NSE-ZABA,10119,100,119,145
1121,NSE-ZABA,10119,50,129,145
1121,NSE-ZITO,9861,50,138,141
1125,NSE-CARD,9910,5,153,154
1125,NSE-CARD,9914,5,132,154
1125,NSE-ZITO,9863,50,142,153
1141,NSE-OIT,10075,47,146,158
1190,NSE-CARD,9914,8,132,159
1221,NSE-ZITO,9864,1,144,158
1221,NSE-ZABA,10119,9,147,153
1221,NSE-DLKV,10102,4,154,159
1221,NSE-ZITO,9864,1,144,159
1221,NSE-CARD,9909,50,133,162
1221,NSE-CARD,9909,100,133,164
1221,NSE-CARD,9908,150,135,166
1221,NSE-CARD,9908,50,135,168
1221,NSE-DLKV,10102,6,154,161
1221,NSE-DLKV,10101,44,140,161
1221,NSE-DLKV,10101,54,140,163
1221,NSE-DLKV,10100,46,111,163
1221,NSE-DLKV,10100,54,111,165
1221,NSE-DLKV,10100,96,121,165
1221,NSE-DLKV,10100,54,121,167
1221,NSE-DLKV,10098,146,113,167
1221,NSE-DLKV,10098,104,113,169
1221,NSE-DLKV,10098,146,123,169
1221,NSE-OIT,10074,50,40,162
1221,NSE-OIT,10073,100,54,164
1221,NSE-OIT,10073,50,54,166
1221,NSE-OIT,10072,8,21,166
1221,NSE-OIT,10072,92,42,166
1221,NSE-OIT,10072,108,42,168
1221,NSE-OIT,10072,8,46,168
1221,NSE-OIT,10072,50,63,168
1221,NSE-OIT,10071,34,56,168
1221,NSE-OIT,10071,166,56,170
1221,NSE-OIT,10071,50,145,170
1221,NSE-OIT,10070,34,44,170
1222,NSE-SIMP,10070,37,40,151
1222,NSE-SIMP,10069,13,26,151
1222,NSE-SIMP,10069,87,26,153
1222,NSE-SIMP,10069,13,42,153
1222,NSE-SIMP,10069,150,42,155
1222,NSE-SIMP,10069,37,42,157
1222,NSE-SIMP,10068,150,28,157
1222,NSE-SIMP,10068,13,44,157
1222,NSE-SIMP,10068,237,44,159
1222,NSE-SIMP,10068,13,76,159
1222,NSE-ZABA,10119,50,147,155
1222,NSE-ZABA,10119,100,147,157
1222,NSE-ZABA,10119,41,147,159
1222,NSE-ZABA,10117,109,149,159
1222,NSE-ZABA,10117,141,149,161
1222,NSE-ZITO,9860,10,139,161
1222,NSE-ZITO,9859,40,123,161
1222,NSE-ZITO,9859,100,123,163
1222,NSE-ZITO,9859,60,123,165
1222,NSE-ZITO,9858,90,125,165
1222,NSE-ZITO,9858,160,125,167
1222,NSE-CARD,9908,50,168,171
1222,NSE-OIT,10075,3,146,171
1222,NSE-OIT,10077,47,148,171
1222,NSE-ZITO,9857,40,167,170
1222,NSE-ZITO,9858,10,169,170
1222,NSE-CARD,9908,10,168,172
1222,NSE-ZITO,9858,10,169,171
1242,NSE-CARD,9908,50,168,174
1287,NSE-CARD,9908,15,168,175
1287,NSE-CARD,9908,25,168,176
1287,NSE-CARD,9909,25,170,176
1316,NSE-ZITO,9858,1,169,173
1321,NSE-ZITO,9856,8,151,174
1321,NSE-OIT,10071,1,172,175
1321,NSE-CARD,9907,50,137,178
1321,NSE-CARD,9907,100,137,180
1321,NSE-CARD,9907,100,137,182
1321,NSE-CARD,9904,50,144,182
1321,NSE-CARD,9903,50,116,184
1321,NSE-CARD,9903,100,146,184
1321,NSE-CARD,9903,50,161,184
1321,NSE-CARD,9902,100,118,186
1321,NSE-CARD,9902,150,148,186
1321,NSE-DLKV,10098,50,123,173
1321,NSE-DLKV,10098,4,123,175
1321,NSE-DLKV,10097,10,142,175
1321,NSE-DLKV,10097,10,170,175
1321,NSE-DLKV,10096,76,125,175
1321,NSE-DLKV,10096,150,125,177
1321,NSE-DLKV,10096,24,125,179
1321,NSE-DLKV,10094,79,43,179
1321,NSE-DLKV,10094,1,60,179
1321,NSE-DLKV,10092,96,45,179
1321,NSE-DLKV,10092,154,45,181
1321,NSE-DLKV,10091,10,115,181
1321,NSE-DLKV,10090,40,11,181
1321,NSE-DLKV,10090,46,24,181
1321,NSE-OIT,10071,9,172,177
1321,NSE-OIT,10070,41,44,177
1321,NSE-OIT,10070,100,44,179
1321,NSE-OIT,10070,75,44,181
1321,NSE-OIT,10070,75,65,181
1321,NSE-OIT,10070,25,65,183
1321,NSE-OIT,10069,100,147,183
1321,NSE-OIT,10068,75,67,183
1321,NSE-SIMP,10068,50,76,163
1322,NSE-SIMP,10068,87,76,165
1322,NSE-SIMP,10068,13,128,165
1322,NSE-SIMP,10068,150,128,167
1322,NSE-SIMP,10068,37,128,169
1322,NSE-SIMP,10068,10,144,169
1322,NSE-SIMP,10067,153,30,169
1322,NSE-SIMP,10067,47,30,171
1322,NSE-SIMP,10067,200,78,171
1322,NSE-SIMP,10067,3,101,171
1322,NSE-ZITO,9858,50,169,175
1322,NSE-ZITO,9858,100,169,177
1322,NSE-ZITO,9858,79,169,179
1334,NSE-CARD,9909,15,170,187
1350,NSE-CARD,9909,50,170,188
1350,NSE-CARD,9909,50,170,189
1350,NSE-OIT,10070,3,185,187
1350,NSE-ZITO,9866,50,179,185
1350,NSE-CARD,9909,10,170,190
1350,NSE-ZITO,9866,10,179,187
1421,NSE-SIMP,10074,1,147,174
1421,NSE-SIMP,10076,4,129,174
1421,NSE-CARD,9909,8,170,192
1421,NSE-ZABA,10116,4,161,178
1421,NSE-CARD,9902,50,163,194
1421,NSE-CARD,9902,50,163,196
1421,NSE-CARD,9901,50,120,196
1421,NSE-CARD,9901,100,120,198
1421,NSE-CARD,9901,50,150,198
1421,NSE-CARD,9901,150,150,200
1421,NSE-CARD,9901,50,165,200
1421,NSE-CARD,9901,100,165,202
1421,NSE-CARD,9900,150,122,202
1421,NSE-DLKV,10103,10,182,185
1422,NSE-OIT,10068,50,67,191
1422,NSE-OIT,10068,25,67,193
1422,NSE-OIT,10068,8,73,193
1422,NSE-OIT,10068,50,88,193
1422,NSE-OIT,10067,17,120,193
1422,NSE-OIT,10067,33,120,195
1422,NSE-OIT,10067,117,149,195
1422,NSE-OIT,10067,33,149,197
1422,NSE-OIT,10067,10,155,197
1422,NSE-OIT,10067,10,188,197
1422,NSE-OIT,10066,147,69,197
1422,NSE-OIT,10066,53,69,199
1422,NSE-OIT,10066,100,90,199
1422,NSE-OIT,10065,8,99,199
1422,NSE-OIT,10065,89,122,199
1422,NSE-SIMP,10067,50,101,176
1422,NSE-SIMP,10067,97,101,178
1422,NSE-SIMP,10067,3,130,178
1422,NSE-SIMP,10067,150,130,180
1422,NSE-SIMP,10067,97,130,182
1422,NSE-SIMP,10066,103,32,182
1422,NSE-SIMP,10066,147,32,184
1422,NSE-SIMP,10066,103,80,184
1422,NSE-ZABA,10116,50,161,179
1422,NSE-ZABA,10116,5,161,181
1422,NSE-ZABA,10118,95,163,181
1422,NSE-ZABA,10118,150,163,183
1422,NSE-ZABA,10118,5,163,185
1436,NSE-CARD,9909,10,170,203
1447,NSE-CARD,9909,50,170,205
1447,NSE-ZABA,10118,50,185,189
1447,NSE-OIT,10070,50,185,201
1457,NSE-CARD,9909,8,170,206
1482,NSE-CARD,9900,15,122,208
1514,NSE-DLKV,10100,1,185,196
1521,NSE-ZABA,10121,7,121,192
1521,NSE-SIMP,10066,4,80,187
1521,NSE-SIMP,10076,4,129,188
1521,NSE-CARD,9900,35,122,210
1521,NSE-CARD,9900,15,152,210
1521,NSE-CARD,9900,100,152,212
1521,NSE-CARD,9900,135,152,214
1521,NSE-CARD,9900,15,167,214
1521,NSE-CARD,9900,185,167,216
1521,NSE-CARD,9899,15,124,216
1521,NSE-CARD,9899,235,124,218
1521,NSE-CARD,9899,15,169,218
1521,NSE-DLKV,10096,50,184,198
1521,NSE-DLKV,10094,100,186,200
1522,NSE-OIT,10065,11,122,205
1522,NSE-OIT,10064,39,92,205
1522,NSE-SIMP,10066,50,80,190
1522,NSE-SIMP,10066,93,80,192
1522,NSE-SIMP,10066,7,103,192
1522,NSE-SIMP,10066,150,103,194
1522,NSE-SIMP,10066,43,103,196
1522,NSE-SIMP,10066,10,172,196
1522,NSE-SIMP,10065,147,105,196
1522,NSE-SIMP,10065,103,105,198
1522,NSE-SIMP,10063,8,22,198
1522,NSE-SIMP,10063,8,46,198
1522,NSE-SIMP,10062,10,160,198
1522,NSE-SIMP,10062,8,185,198
1522,NSE-SIMP,10061,8,94,198
1522,NSE-SIMP,10061,8,120,198
1522,NSE-SIMP,10060,8,70,198
1522,NSE-SIMP,10059,8,148,198
1522,NSE-SIMP,10052,81,142,198
1522,NSE-ZABA,10121,50,121,193
1522,NSE-ZABA,10121,100,121,195
1522,NSE-ZABA,10121,43,121,197
1522,NSE-ZABA,10121,100,131,197
1522,NSE-ZABA,10123,7,123,197
1522,NSE-ZABA,10123,200,123,199
1522,NSE-ZABA,10123,43,123,201
1522,NSE-ZABA,10123,150,133,201
1522,NSE-ZABA,10124,57,78,201
1522,NSE-ZITO,9866,11,179,203
1522,NSE-ZITO,9865,39,181,203
1522,NSE-ZITO,9865,100,181,205
1522,NSE-ZITO,9865,61,181,207
1522,NSE-ZITO,9865,89,190,207
1522,NSE-ZITO,9865,11,190,209
1522,NSE-ZITO,9864,189,183,209
1522,NSE-ZITO,9864,61,183,211
1522,NSE-ZITO,9864,150,192,211
1522,NSE-ZITO,9863,39,194,211
1531,NSE-CARD,9909,24,170,219
1531,NSE-OIT,10065,50,207,214
1532,NSE-DLKV,10096,10,202,207
1581,NSE-ZABA,10114,50,79,205
1581,NSE-OIT,10065,50,207,217
1621,NSE-ZITO,9863,4,194,215
1621,NSE-ZITO,9863,1,194,216
1621,NSE-CARD,9900,10,220,225
1621,NSE-CARD,9899,40,169,225
1622,NSE-CARD,9899,100,169,227
1622,NSE-CARD,9899,95,169,229
1622,NSE-CARD,9892,50,102,229
1622,NSE-CARD,9891,5,104,229
1622,NSE-CARD,9891,95,104,231
1622,NSE-CARD,9890,105,106,231
1622,NSE-CARD,9890,45,106,233
1622,NSE-CARD,9889,200,108,233
1622,NSE-CARD,9888,5,110,233
1622,NSE-DLKV,10096,50,202,209
1622,NSE-DLKV,10096,90,202,211
1622,NSE-DLKV,10098,10,204,211
1622,NSE-DLKV,10098,150,204,213
1622,NSE-DLKV,10098,40,204,215
1622,NSE-DLKV,10100,39,185,215
1622,NSE-DLKV,10100,121,206,215
1622,NSE-DLKV,10100,129,206,217
1622,NSE-ZABA,10121,10,204,206
1622,NSE-ZABA,10124,39,78,206
1622,NSE-ZABA,10125,1,68,206
1622,NSE-ZABA,10125,100,68,208
1622,NSE-ZABA,10125,99,68,210
1622,NSE-ZABA,10125,51,135,210
1622,NSE-ZABA,10125,149,135,212
1622,NSE-ZABA,10126,51,30,212
1622,NSE-ZABA,10126,99,30,214
1622,NSE-ZABA,10126,150,80,214
1622,NSE-ZABA,10126,1,165,214
1622,NSE-ZITO,9863,50,194,218
1622,NSE-ZITO,9863,100,194,220
1622,NSE-ZITO,9863,6,194,222
1622,NSE-ZITO,9862,144,196,222
1622,NSE-ZITO,9862,106,196,224
1622,NSE-ZITO,9856,2,151,224
1622,NSE-ZITO,9855,10,115,224
1622,NSE-ZITO,9855,8,127,224
1622,NSE-ZITO,9855,8,156,224
1622,NSE-ZITO,9852,66,135,224
1622,NSE-ZITO,9852,134,135,226
1622,NSE-ZITO,9851,116,137,226
1656,NSE-OIT,10067,19,209,229
1671,NSE-ZABA,10114,1,79,217
1718,NSE-ZITO,9867,50,124,230
1721,NSE-CARD,9889,8,237,241
1721,NSE-CARD,9888,42,110,241
1721,NSE-CARD,9888,100,110,243
1721,NSE-CARD,9888,103,110,245
1721,NSE-CARD,9888,47,209,245
1721,NSE-CARD,9888,3,209,247
1721,NSE-CARD,9887,100,211,247
1721,NSE-CARD,9886,97,213,247
1721,NSE-CARD,9886,53,213,249
1721,NSE-CARD,9879,50,177,249
1721,NSE-CARD,9878,100,179,249
1721,NSE-CARD,9877,47,181,249
1721,NSE-DLKV,10101,50,217,224
1721,NSE-DLKV,10101,71,217,226
1721,NSE-ZABA,10126,9,165,221
1721,NSE-ZABA,10126,41,175,221
1721,NSE-ZABA,10126,100,175,223
1721,NSE-ZABA,10126,109,175,225
1721,NSE-ZABA,10127,41,137,225
1721,NSE-ZABA,10127,200,137,227
1721,NSE-ZABA,10127,9,137,229
1721,NSE-ZABA,10128,8,22,229
1721,NSE-ZABA,10128,200,32,229
1721,NSE-ZABA,10128,8,47,229
1721,NSE-ZABA,10128,25,82,229
1721,NSE-ZITO,9851,50,137,232
1721,NSE-ZITO,9851,84,137,234
1721,NSE-ZITO,9851,16,162,234
1721,NSE-ZITO,9851,84,162,236
1721,NSE-ZITO,9851,8,200,236
1721,NSE-ZITO,9851,8,228,236
1765,NSE-OIT,10064,12,92,243
1816,NSE-SIMP,10064,1,206,224
1821,NSE-CARD,9909,1,250,252
1821,NSE-CARD,9877,49,181,252
1821,NSE-CARD,9877,54,181,254
1821,NSE-CARD,9876,46,183,254
1821,NSE-CARD,9876,150,183,256
1821,NSE-CARD,9876,4,183,258
1821,NSE-CARD,9876,50,193,258
1821,NSE-CARD,9875,146,185,258
1821,NSE-CARD,9875,104,185,260
1821,NSE-CARD,9875,100,195,260
1821,NSE-CARD,9874,46,197,260
1821,NSE-DLKV,10092,50,188,234
1821,NSE-DLKV,10092,100,188,236
1821,NSE-DLKV,10091,50,223,238
1821,NSE-DLKV,10090,4,24,238
1821,NSE-DLKV,10090,50,92,238
1821,NSE-DLKV,10090,46,190,238
1821,NSE-DLKV,10090,154,190,240
1821,NSE-DLKV,10090,8,194,240
1821,NSE-DLKV,10089,38,225,240
1821,NSE-DLKV,10089,62,225,242
1821,NSE-DLKV,10088,100,3,242
1821,NSE-DLKV,10088,88,13,242
1821,NSE-OIT,10064,50,92,245
1821,NSE-OIT,10064,49,92,247
1821,NSE-OIT,10064,8,130,247
1821,NSE-OIT,10063,43,103,247
1821,NSE-OIT,10063,7,103,249
1821,NSE-OIT,10063,143,124,249
1821,NSE-OIT,10063,7,124,251
1821,NSE-OIT,10063,8,159,251
1821,NSE-OIT,10063,50,218,251
1821,NSE-OIT,10062,135,94,251
1821,NSE-OIT,10062,65,94,253
1821,NSE-OIT,10061,100,105,253
1821,NSE-OIT,10061,85,126,253
1821,NSE-SIMP,10059,10,199,226
1821,NSE-SIMP,10058,40,222,226
1821,NSE-SIMP,10058,100,222,228
1821,NSE-SIMP,10058,110,222,230
1821,NSE-SIMP,10057,40,207,230
1821,NSE-SIMP,10057,160,207,232
1821,NSE-SIMP,10056,40,209,232
1821,NSE-SIMP,10056,210,209,234
1821,NSE-SIMP,10055,8,212,234
1821,NSE-SIMP,10052,32,142,234
1821,NSE-ZABA,10128,50,82,231
1821,NSE-ZABA,10128,100,82,233
1821,NSE-ZABA,10128,25,82,235
1821,NSE-ZABA,10128,10,139,235
1821,NSE-ZABA,10128,10,177,235
1821,NSE-ZABA,10129,50,142,235
1821,NSE-ZABA,10129,8,191,235
1821,NSE-ZABA,10130,47,84,235
1821,NSE-ZITO,9850,50,164,243
1821,NSE-ZITO,9850,100,164,245
1821,NSE-ZITO,9849,150,166,247
1821,NSE-ZITO,9849,50,166,249
1821,NSE-ZITO,9848,150,168,249
1821,NSE-ZITO,9848,100,168,251
1821,NSE-ZITO,9848,10,212,251
1821,NSE-ZITO,9847,50,231,251
1821,NSE-ZITO,9846,8,70,251
1821,NSE-ZITO,9846,82,233,251
1843,NSE-OIT,10065,50,234,254
1892,NSE-ZABA,10128,10,237,241
1921,NSE-CARD,9886,8,265,268
1921,NSE-CARD,9874,42,197,268
1921,NSE-CARD,9874,62,197,270
1921,NSE-CARD,9873,38,199,270
1922,NSE-CARD,9873,150,199,272
1922,NSE-CARD,9873,12,199,274
1922,NSE-CARD,9861,50,224,274
1922,NSE-CARD,9860,100,226,274
1922,NSE-OIT,10061,50,126,259
1922,NSE-OIT,10061,65,126,261
1922,NSE-OIT,10061,8,202,261
1922,NSE-OIT,10061,27,220,261
1922,NSE-OIT,10061,73,220,263
1922,NSE-OIT,10061,50,233,263
1922,NSE-SIMP,10052,50,142,238
1922,NSE-SIMP,10052,87,142,240
1922,NSE-SIMP,10051,13,166,240
1922,NSE-SIMP,10051,137,166,242
1922,NSE-SIMP,10050,13,168,242
1922,NSE-SIMP,10050,187,168,244
1922,NSE-SIMP,10049,13,170,244
1922,NSE-SIMP,10049,237,170,246
1922,NSE-SIMP,10045,8,235,246
1922,NSE-ZABA,10128,50,237,245
1922,NSE-ZABA,10128,100,237,247
1922,NSE-ZABA,10128,40,237,249
1922,NSE-ZABA,10126,110,239,249
1922,NSE-ZABA,10126,140,239,251
1922,NSE-ZABA,10114,54,79,251
1922,NSE-ZABA,10113,6,58,251
1922,NSE-ZABA,10113,4,58,253
1922,NSE-ZABA,10113,100,63,253
1922,NSE-ZABA,10113,100,130,253
1922,NSE-ZABA,10112,46,31,253
1922,NSE-ZITO,9846,18,233,256
1922,NSE-ZITO,9845,32,235,256
1922,NSE-ZITO,9845,100,235,258
1922,NSE-ZITO,9845,18,235,260
1922,NSE-ZITO,9844,132,237,260
1922,NSE-ZITO,9844,68,237,262
1922,NSE-ZITO,9844,8,253,262
1922,NSE-ZITO,9843,124,239,262
1922,NSE-ZITO,9843,126,239,264
1922,NSE-ZITO,9842,50,202,264
1922,NSE-ZITO,9841,74,204,264
1989,NSE-CARD,9616,38,274,277
1989,NSE-CARD,9617,12,276,277
1989,NSE-SIMP,10044,5,246,247
1989,NSE-DLKV,10097,29,226,256
1989,NSE-DLKV,10099,21,228,256
1989,NSE-OIT,10061,27,263,268
1989,NSE-OIT,10063,23,265,268
1989,NSE-ZITO,9851,50,236,266
2021,NSE-CARD,9615,50,251,279
2021,NSE-CARD,9614,100,253,281
2021,NSE-CARD,9611,50,267,283
2021,NSE-DLKV,10096,50,246,258
2021,NSE-OIT,10060,50,96,270
2021,NSE-OIT,10060,100,96,272
2021,NSE-OIT,10060,100,96,274
2021,NSE-OIT,10059,50,107,274
2021,NSE-OIT,10059,100,107,276
2021,NSE-OIT,10059,50,204,276
2021,NSE-OIT,10059,50,222,276
2021,NSE-OIT,10059,100,222,278
2021,NSE-OIT,10059,100,235,278
2021,NSE-OIT,10058,50,176,278
2021,NSE-SIMP,10042,50,179,249
2021,NSE-SIMP,10042,100,179,251
2021,NSE-ZABA,10112,50,31,256
2021,NSE-ZABA,10112,100,31,258
2021,NSE-ZABA,10112,4,31,260
2021,NSE-ZABA,10112,146,81,260
2021,NSE-ZABA,10112,54,81,262
2021,NSE-ZABA,10111,50,1,262
2021,NSE-ZABA,10111,50,11,262
2021,NSE-ZABA,10111,46,65,262
2021,NSE-ZABA,10111,104,65,264
2021,NSE-ZABA,10111,146,132,264
2021,NSE-ZITO,9841,26,204,268
2021,NSE-ZITO,9840,24,206,268
2021,NSE-ZITO,9840,100,206,270
2021,NSE-ZITO,9840,26,206,272
2021,NSE-ZITO,9839,124,208,272
2021,NSE-ZITO,9839,76,208,274
2021,NSE-ZITO,9839,50,217,274
2021,NSE-ZITO,9838,74,210,274
2021,NSE-ZITO,9838,176,210,276
2021,NSE-ZITO,9838,74,219,276
2057,NSE-CARD,9606,10,283,289
2105,NSE-CARD,9606,8,283,293
2105,NSE-SIMP,10042,8,253,259
2121,NSE-ZITO,9838,1,219,280
2121,NSE-OIT,10063,5,265,281
2121,NSE-DLKV,10094,50,248,270
2121,NSE-DLKV,10094,50,248,272
2121,NSE-DLKV,10092,50,250,272
2121,NSE-DLKV,10092,100,250,274
2121,NSE-DLKV,10090,50,252,274
2121,NSE-DLKV,10090,150,252,276
2121,NSE-OIT,10057,50,109,283
2121,NSE-OIT,10057,100,109,285
2121,NSE-SIMP,10041,50,181,262
2121,NSE-SIMP,10041,100,181,264
2121,NSE-SIMP,10041,50,181,266
2121,NSE-SIMP,10040,100,183,266
2121,NSE-SIMP,10040,150,183,268
2121,NSE-SIMP,10038,50,193,268
2121,NSE-SIMP,10038,100,193,270
2121,NSE-SIMP,10038,150,231,270
2121,NSE-ZABA,10113,8,266,269
2121,NSE-ZABA,10111,4,132,269
2121,NSE-ZABA,10110,38,33,269
2121,NSE-ZABA,10110,100,33,271
2121,NSE-ZABA,10110,112,33,273
2121,NSE-ZABA,10110,38,83,273
2121,NSE-ZABA,10110,200,83,275
2121,NSE-ZABA,10110,12,83,277
2121,NSE-ZABA,10109,100,3,277
2121,NSE-ZABA,10109,100,13,277
2121,NSE-ZABA,10109,38,67,277
2121,NSE-ZITO,9838,25,219,282
2121,NSE-ZITO,9837,25,221,282
2121,NSE-ZITO,9837,100,221,284
2121,NSE-ZITO,9837,25,221,286
2121,NSE-ZITO,9836,125,223,286
2121,NSE-ZITO,9836,75,223,288
2121,NSE-ZITO,9835,125,225,288
2121,NSE-ZITO,9835,125,225,290
2121,NSE-ZITO,9834,8,101,290
2121,NSE-ZITO,9833,8,278,290
2121,NSE-ZITO,9832,10,186,290
2121,NSE-ZITO,9826,50,242,290
2121,NSE-ZITO,9825,49,244,290
2135,NSE-CARD,9615,50,296,305
2136,NSE-DLKV,10090,29,276,279
2221,NSE-CARD,9616,3,298,308
2221,NSE-DLKV,10090,21,276,280
2221,NSE-OIT,10058,50,287,292
2221,NSE-OIT,10058,100,287,294
2221,NSE-OIT,10060,150,289,296
2221,NSE-SIMP,10038,50,231,272
2221,NSE-SIMP,10037,100,195,274
2221,NSE-SIMP,10037,100,195,276
2221,NSE-SIMP,10037,50,233,276
2221,NSE-SIMP,10037,200,233,278
2221,NSE-SIMP,10036,250,197,280
2221,NSE-ZABA,10109,50,67,280
2221,NSE-ZABA,10109,100,67,282
2221,NSE-ZABA,10109,12,67,284
2221,NSE-ZABA,10109,138,134,284
2221,NSE-ZABA,10109,62,134,286
2221,NSE-ZABA,10108,8,125,286
2221,NSE-ZABA,10107,130,5,286
2221,NSE-ZABA,10107,20,5,288
2221,NSE-ZABA,10107,150,15,288
2221,NSE-ZABA,10107,80,69,288
2221,NSE-ZITO,9851,1,291,293
2221,NSE-ZITO,9825,49,244,293
2221,NSE-ZITO,9825,2,244,295
2221,NSE-ZITO,9824,98,246,295
2221,NSE-ZITO,9824,52,246,297
2221,NSE-ZITO,9823,98,248,297
2221,NSE-ZITO,9823,102,248,299
2221,NSE-ZITO,9822,98,250,299
2221,NSE-ZITO,9822,152,250,301
2221,NSE-ZITO,9816,50,255,301
2221,NSE-ZITO,9815,48,257,301
2234,NSE-CARD,9608,50,310,320
2284,NSE-ZITO,9852,50,238,302
2284,NSE-OIT,10060,50,289,302
2304,NSE-DLKV,10095,1,260,292
2321,NSE-CARD,9606,1,309,325
2321,NSE-OIT,10063,4,265,305
2321,NSE-ZABA,10113,9,290,294
2321,NSE-CARD,9618,8,323,326
2321,NSE-DLKV,10094,29,280,294
2321,NSE-DLKV,10092,21,282,294
2321,NSE-DLKV,10092,79,282,296
2321,NSE-DLKV,10090,21,284,296
2321,NSE-DLKV,10090,129,284,298
2321,NSE-DLKV,10089,21,257,298
2321,NSE-DLKV,10089,29,257,300
2321,NSE-DLKV,10088,12,13,300
2321,NSE-DLKV,10088,100,26,300
2321,NSE-DLKV,10088,59,94,300
2321,NSE-DLKV,10088,41,94,302
2321,NSE-DLKV,10088,8,157,302
2321,NSE-DLKV,10088,201,192,302
2321,NSE-OIT,10058,50,298,307
2321,NSE-ZABA,10107,50,69,296
2321,NSE-ZABA,10107,100,69,298
2321,NSE-ZITO,9830,8,303,306
2321,NSE-ZITO,9815,42,257,306
2321,NSE-ZITO,9815,10,257,308
2321,NSE-ZITO,9814,90,259,308
2321,NSE-ZITO,9814,60,259,310
2321,NSE-ZITO,9813,90,261,310
2321,NSE-ZITO,9813,110,261,312
2321,NSE-ZITO,9812,90,263,312
2321,NSE-ZITO,9812,160,263,314
2321,NSE-ZITO,9799,50,281,314
2321,NSE-ZITO,9798,40,283,314
2323,NSE-CARD,9630,15,327,336
2396,NSE-CARD,9630,15,327,339
2408,NSE-SIMP,10040,50,286,296
2408,NSE-DLKV,10095,50,260,304
2421,NSE-OIT,10058,8,298,318
2421,NSE-ZITO,9852,9,238,316
2421,NSE-DLKV,10095,49,260,305
2421,NSE-DLKV,10097,1,262,305
2421,NSE-DLKV,10097,100,262,307
2421,NSE-DLKV,10097,49,262,309
2421,NSE-DLKV,10098,50,281,309
2421,NSE-DLKV,10099,51,228,309
2421,NSE-DLKV,10099,78,228,311
2421,NSE-DLKV,10099,122,264,311
2421,NSE-DLKV,10099,78,264,313
2421,NSE-DLKV,10100,50,247,313
2421,NSE-DLKV,10100,100,283,313
2421,NSE-DLKV,10101,22,230,313
2421,NSE-OIT,10058,50,298,320
2421,NSE-OIT,10058,92,298,322
2421,NSE-OIT,10057,8,109,322
2421,NSE-OIT,10057,42,109,324
2421,NSE-OIT,10057,50,132,324
2421,NSE-OIT,10057,58,206,324
2421,NSE-OIT,10057,42,206,326
2421,NSE-OIT,10057,158,224,326
2421,NSE-OIT,10057,42,224,328
2421,NSE-OIT,10057,150,237,328
2421,NSE-OIT,10056,58,178,328
2421,NSE-ZABA,10109,50,300,308
2421,NSE-ZABA,10109,100,300,310
2450,NSE-OIT,10059,50,309,329
2457,NSE-ZABA,10107,20,69,318
2457,NSE-ZABA,10107,30,118,318
2457,NSE-ZABA,10107,10,118,319
2480,NSE-SIMP,10040,50,298,308
2480,NSE-SIMP,10041,50,300,308
2521,NSE-DLKV,10088,8,192,316
2521,NSE-SIMP,10038,8,297,309
2521,NSE-DLKV,10088,41,192,318
2521,NSE-DLKV,10088,9,197,318
2521,NSE-DLKV,10088,41,197,320
2521,NSE-DLKV,10088,59,286,320
2521,NSE-DLKV,10088,141,286,322
2521,NSE-DLKV,10087,9,227,322
2521,NSE-DLKV,10087,141,227,324
2521,NSE-DLKV,10087,59,259,324
2521,NSE-DLKV,10087,41,259,326
2521,NSE-OIT,10056,42,178,331
2521,NSE-OIT,10056,8,300,331
2521,NSE-OIT,10056,100,300,333
2521,NSE-OIT,10056,142,300,335
2521,NSE-OIT,10055,8,111,335
2521,NSE-OIT,10055,200,111,337
2521,NSE-OIT,10055,42,111,339
2521,NSE-OIT,10055,100,134,339
2521,NSE-OIT,10055,108,208,339
2521,NSE-SIMP,10034,50,245,311
2521,NSE-SIMP,10034,100,245,313
2521,NSE-SIMP,10034,100,245,315
2521,NSE-SIMP,10034,50,256,315
2521,NSE-SIMP,10034,200,256,317
2521,NSE-SIMP,10033,150,154,319
2521,NSE-SIMP,10032,100,156,319
2521,NSE-ZABA,10107,50,118,321
2521,NSE-ZABA,10107,60,118,323
2521,NSE-ZABA,10107,40,136,323
2521,NSE-ZABA,10107,150,136,325
2521,NSE-ZABA,10107,60,136,327
2521,NSE-ZABA,10107,140,312,327
2521,NSE-ZABA,10107,10,312,329
2521,NSE-ZITO,9799,50,318,328
2521,NSE-ZITO,9800,100,320,330
2521,NSE-ZITO,9801,150,322,332
2521,NSE-ZITO,9802,200,324,334
2521,NSE-ZITO,9803,250,326,336
2522,NSE-SIMP,10043,50,255,320
2532,NSE-OIT,10059,50,309,340
2568,NSE-ZITO,9811,50,329,338
2568,NSE-DLKV,10087,50,326,327
2568,NSE-SIMP,10043,50,255,322
2621,NSE-DLKV,10087,50,326,328
2621,NSE-DLKV,10087,100,326,330
2621,NSE-DLKV,10087,9,326,332
2621,NSE-OIT,10055,42,208,343
2621,NSE-OIT,10055,8,226,343
2621,NSE-OIT,10055,100,226,345
2621,NSE-OIT,10055,142,226,347
2621,NSE-OIT,10055,8,239,347
2622,NSE-OIT,10055,192,239,349
2622,NSE-OIT,10054,8,161,349
2622,NSE-OIT,10054,42,161,351
2622,NSE-OIT,10054,150,180,351
2622,NSE-OIT,10053,58,136,351
2622,NSE-SIMP,10032,50,156,324
2622,NSE-SIMP,10032,50,156,326
2622,NSE-SIMP,10031,50,158,326
2622,NSE-SIMP,10031,150,158,328
2622,NSE-SIMP,10031,50,158,330
2622,NSE-SIMP,10026,8,282,330
2622,NSE-ZABA,10107,50,329,331
2624,NSE-CARD,9611,50,367,376
2624,NSE-SIMP,10025,50,330,333
2624,NSE-DLKV,10101,45,230,338
2632,NSE-SIMP,10025,1,330,334
2642,NSE-SIMP,10025,50,330,335
2642,NSE-CARD,9612,8,369,378
2704,NSE-ZITO,9803,8,340,351
2704,NSE-DLKV,10101,50,230,341
2704,NSE-SIMP,10025,41,330,338
2704,NSE-SIMP,10026,9,332,338
2704,NSE-CARD,9612,50,369,381
2721,NSE-DLKV,10095,50,332,343
2721,NSE-OIT,10053,50,136,358
2721,NSE-OIT,10053,42,136,360
2721,NSE-OIT,10053,58,210,360
2721,NSE-OIT,10053,142,210,362
2721,NSE-OIT,10053,8,241,362
2721,NSE-OIT,10053,200,241,364
2721,NSE-OIT,10053,42,241,366
2721,NSE-OIT,10053,50,258,366
2721,NSE-OIT,10053,50,306,366
2721,NSE-OIT,10052,100,163,366
2721,NSE-OIT,10052,8,182,366
2721,NSE-SIMP,10023,8,336,340
2721,NSE-SIMP,10016,42,331,340
2721,NSE-SIMP,10016,100,331,342
2721,NSE-SIMP,10016,108,331,344
2721,NSE-SIMP,10014,42,279,344
2721,NSE-SIMP,10014,200,279,346
2721,NSE-SIMP,10014,8,279,348
2721,NSE-ZABA,10106,8,291,345
2721,NSE-ZABA,10105,42,7,345
2721,NSE-ZABA,10105,100,7,347
2721,NSE-ZABA,10105,58,7,349
2721,NSE-ZABA,10105,92,17,349
2721,NSE-ZABA,10105,108,17,351
2721,NSE-ZABA,10105,92,120,351
2721,NSE-ZABA,10105,108,120,353
2721,NSE-ZABA,10105,142,314,353
2721,NSE-ZITO,9801,50,339,355
2721,NSE-ZITO,9800,100,341,357
2721,NSE-ZITO,9799,150,343,359
2721,NSE-ZITO,9798,60,283,361
2721,NSE-ZITO,9798,140,345,361
2724,NSE-ZITO,9799,50,363,364
2724,NSE-CARD,9612,1,383,392
2724,NSE-OIT,10061,50,311,368
2724,NSE-ZITO,9799,50,363,365
2724,NSE-CARD,9612,8,383,394
2724,NSE-SIMP,10013,100,348,350
2724,NSE-SIMP,10013,100,348,351
2821,NSE-DLKV,10095,8,332,353
2821,NSE-CARD,9609,1,353,396
2821,NSE-CARD,9603,49,240,396
2821,NSE-DLKV,10095,50,332,355
2821,NSE-DLKV,10095,33,332,357
2821,NSE-DLKV,10093,67,334,357
2821,NSE-DLKV,10093,133,334,359
2821,NSE-DLKV,10091,17,336,359
2821,NSE-DLKV,10091,200,336,361
2821,NSE-DLKV,10091,33,336,363
2821,NSE-DLKV,10091,50,342,363
2821,NSE-DLKV,10089,100,344,363
2821,NSE-DLKV,10087,67,346,363
2821,NSE-OIT,10059,1,370,372
2821,NSE-OIT,10052,49,182,372
2821,NSE-OIT,10052,100,182,374
2821,NSE-OIT,10052,43,182,376
2821,NSE-OIT,10052,8,231,376
2821,NSE-OIT,10051,99,138,376
2821,NSE-OIT,10051,101,138,378
2821,NSE-OIT,10051,99,212,378
2821,NSE-OIT,10051,151,212,380
2821,NSE-OIT,10051,99,260,380
2821,NSE-SIMP,10013,42,348,352
2821,NSE-ZABA,10105,50,314,355
2821,NSE-ZABA,10105,8,314,357
2821,NSE-ZABA,10104,10,111,357
2821,NSE-ZABA,10104,8,218,357
2821,NSE-ZABA,10104,8,242,357
2821,NSE-ZABA,10103,66,9,357
2821,NSE-ZABA,10103,150,9,359
2821,NSE-ZABA,10103,34,9,361
2821,NSE-ZABA,10103,166,19,361
2821,NSE-ZABA,10103,84,19,363
2821,NSE-ZABA,10103,8,71,363
2821,NSE-ZABA,10103,158,122,363
2821,NSE-ZITO,9798,50,345,367
2821,NSE-ZITO,9798,10,345,369
2821,NSE-ZITO,9797,90,285,369
2821,NSE-ZITO,9797,60,285,371
2821,NSE-ZITO,9797,50,317,371
2821,NSE-ZITO,9797,40,347,371
2821,NSE-ZITO,9797,200,347,373
2821,NSE-ZITO,9797,10,347,375
2821,NSE-ZITO,9796,200,287,375
2821,NSE-ZITO,9796,40,319,375
2844,NSE-OIT,10061,50,311,381
2859,NSE-OIT,10061,50,311,382
2859,NSE-ZITO,9799,50,363,377
2859,NSE-SIMP,10021,50,353,362
2906,NSE-ZITO,9799,1,363,380
2921,NSE-ZITO,9796,6,319,381
2921,NSE-ZITO,9799,3,363,382
2921,NSE-CARD,9603,1,240,409
2921,NSE-CARD,9602,49,242,409
2921,NSE-CARD,9602,51,242,411
2921,NSE-CARD,9602,49,278,411
2921,NSE-CARD,9602,1,278,413
2921,NSE-DLKV,10087,50,346,367
2921,NSE-DLKV,10087,33,346,369
2921,NSE-DLKV,10086,67,5,369
2921,NSE-DLKV,10086,83,5,371
2921,NSE-DLKV,10086,67,15,371
2921,NSE-DLKV,10086,83,15,373
2921,NSE-DLKV,10086,117,28,373
2921,NSE-DLKV,10086,33,28,375
2921,NSE-DLKV,10086,150,96,375
2921,NSE-DLKV,10086,67,199,375
2921,NSE-OIT,10051,1,260,387
2921,NSE-OIT,10051,49,308,387
2921,NSE-OIT,10051,51,308,389
2921,NSE-OIT,10050,49,165,389
2921,NSE-OIT,10050,101,165,391
2921,NSE-OIT,10050,49,184,391
2921,NSE-OIT,10050,200,184,393
2921,NSE-OIT,10050,1,184,395
2921,NSE-OIT,10050,8,256,395
2921,NSE-OIT,10050,50,282,395
2921,NSE-OIT,10049,50,190,395
2921,NSE-OIT,10049,141,262,395
2921,NSE-SIMP,10018,50,354,366
2921,NSE-SIMP,10018,50,354,368
2921,NSE-SIMP,10017,50,356,368
2921,NSE-SIMP,10017,100,356,370
2921,NSE-SIMP,10016,50,358,370
2921,NSE-SIMP,10016,150,358,372
2921,NSE-SIMP,10015,50,360,372
2921,NSE-SIMP,10015,200,360,374
2921,NSE-ZABA,10103,50,122,367
2921,NSE-ZABA,10103,42,122,369
2921,NSE-ZABA,10103,8,151,369
2921,NSE-ZABA,10103,50,316,369
2921,NSE-ZABA,10103,150,316,371
2921,NSE-ZABA,10103,50,316,373
2921,NSE-ZABA,10102,8,97,373
2921,NSE-ZABA,10100,142,160,373
2921,NSE-ZABA,10100,58,160,375
2921,NSE-ZABA,10099,10,138,375
2921,NSE-ZABA,10099,10,176,375
2921,NSE-ZABA,10099,8,190,375
2921,NSE-ZABA,10099,100,297,375
2921,NSE-ZABA,10099,64,339,375
2921,NSE-ZITO,9796,50,319,384
2921,NSE-ZITO,9796,4,319,386
2921,NSE-ZITO,9795,96,289,386
2921,NSE-ZITO,9795,150,289,388
2921,NSE-ZITO,9795,4,289,390
2921,NSE-ZITO,9795,150,321,390
2921,NSE-ZITO,9794,46,323,390
2921,NSE-ZITO,9794,154,323,392
2921,NSE-ZITO,9793,50,267,392
2921,NSE-ZITO,9793,46,325,392
2951,NSE-ZITO,9799,50,363,393
2952,NSE-SIMP,10014,5,374,376
2952,NSE-CARD,9602,5,413,418
2969,NSE-SIMP,10014,45,374,377
2986,NSE-SIMP,10022,20,355,378
2987,NSE-SIMP,10022,50,355,379
3000,NSE-CARD,9602,42,413,420
3000,NSE-ZITO,9799,42,363,395
3000,NSE-DLKV,10097,50,345,376
3000,NSE-SIMP,10022,30,355,380
3000,NSE-SIMP,10023,20,357,380
3021,NSE-DLKV,10097,7,345,377
3021,NSE-SIMP,10009,8,363,381
3021,NSE-SIMP,10023,4,357,382
3021,NSE-ZITO,9799,3,363,396
3021,NSE-CARD,9596,8,406,422
3021,NSE-CARD,9593,8,379,422
3021,NSE-DLKV,10086,33,199,379
3021,NSE-DLKV,10086,8,244,379
3021,NSE-DLKV,10086,9,288,379
3021,NSE-DLKV,10086,100,288,381
3021,NSE-DLKV,10086,141,288,383
3021,NSE-DLKV,10085,9,229,383
3021,NSE-DLKV,10085,191,229,385
3021,NSE-DLKV,10085,9,261,385
3021,NSE-DLKV,10085,141,261,387
3021,NSE-DLKV,10085,109,348,387
3021,NSE-OIT,10049,9,262,400
3021,NSE-OIT,10049,41,310,400
3022,NSE-OIT,10049,100,310,402
3022,NSE-OIT,10049,9,310,404
3022,NSE-OIT,10048,141,167,404
3022,NSE-OIT,10048,59,167,406
3022,NSE-OIT,10048,8,279,406
3022,NSE-OIT,10048,100,284,406
3022,NSE-OIT,10047,33,192,406
3022,NSE-OIT,10047,67,192,408
3022,NSE-OIT,10047,183,264,408
3022,NSE-ZABA,10099,50,339,378
3022,NSE-ZABA,10099,100,339,380
3022,NSE-ZABA,10099,36,339,382
3022,NSE-ZABA,10098,114,162,382
3022,NSE-ZABA,10098,136,162,384
3022,NSE-ZABA,10097,8,21,384
3022,NSE-ZABA,10097,8,46,384
3022,NSE-ZABA,10097,10,164,384
3022,NSE-ZABA,10097,38,299,384
3022,NSE-ZABA,10097,112,299,386
3022,NSE-ZABA,10096,138,248,386
3022,NSE-ZITO,9793,50,325,398
3022,NSE-ZITO,9793,100,325,400
3022,NSE-ZITO,9793,54,325,402
3022,NSE-ZITO,9793,50,354,402
3022,NSE-ZITO,9792,46,269,402
3022,NSE-ZITO,9792,54,269,404
3022,NSE-ZITO,9792,100,356,404
3022,NSE-ZITO,9791,46,271,404
3022,NSE-ZITO,9791,104,271,406
3022,NSE-ZITO,9791,146,358,406
3031,NSE-OIT,10063,50,265,409
3031,NSE-ZITO,9799,1,363,407
3031,NSE-SIMP,10008,50,384,393
3100,NSE-DLKV,10097,1,345,388
3121,NSE-ZITO,9791,1,358,409
3123,NSE-DLKV,10085,50,348,390
3123,NSE-DLKV,10085,41,348,392
3123,NSE-DLKV,10084,59,7,392
3123,NSE-DLKV,10084,141,7,394
3123,NSE-DLKV,10084,9,17,394
3123,NSE-DLKV,10084,191,17,396
3123,NSE-DLKV,10084,9,30,396
3123,NSE-DLKV,10084,191,30,398
3123,NSE-DLKV,10084,59,98,398
3123,NSE-OIT,10047,17,264,413
3123,NSE-OIT,10047,33,312,413
3123,NSE-OIT,10047,100,312,415
3123,NSE-OIT,10047,67,312,417
3123,NSE-OIT,10046,83,169,417
3123,NSE-OIT,10046,167,169,419
3123,NSE-OIT,10046,33,286,419
3123,NSE-OIT,10046,117,286,421
3123,NSE-OIT,10045,133,194,421
3123,NSE-ZABA,10096,12,248,388
3123,NSE-ZABA,10095,38,301,388
3123,NSE-ZABA,10095,100,301,390
3123,NSE-ZABA,10095,62,301,392
3123,NSE-ZABA,10094,88,250,392
3123,NSE-ZABA,10094,112,250,394
3123,NSE-ZABA,10094,8,341,394
3123,NSE-ZABA,10093,80,303,394
3123,NSE-ZABA,10093,170,303,396
3123,NSE-ZABA,10092,80,105,396
3123,NSE-ZITO,9791,3,358,411
3123,NSE-ZITO,9790,47,273,411
3123,NSE-ZITO,9790,100,273,413
3123,NSE-ZITO,9790,53,273,415
3123,NSE-ZITO,9790,97,360,415
3123,NSE-ZITO,9790,103,360,417
3123,NSE-ZITO,9789,97,275,417
3123,NSE-ZITO,9789,153,275,419
3123,NSE-ZITO,9789,97,362,419
3126,NSE-SIMP,10008,50,395,404
3126,NSE-DLKV,10097,42,345,399
3126,NSE-CARD,9601,50,433,443
3156,NSE-CARD,9602,50,435,445
3156,NSE-SIMP,10009,50,386,407
3156,NSE-OIT,10063,37,265,425
3173,NSE-OIT,10063,50,265,427
3173,NSE-SIMP,10009,50,386,409
3189,NSE-SIMP,10009,100,397,410
3189,NSE-CARD,9602,5,435,446
3189,NSE-SIMP,10010,34,399,411
3189,NSE-CARD,9602,5,435,447
3221,NSE-OIT,10063,1,265,429
3221,NSE-DLKV,10084,1,98,402
3221,NSE-OIT,10063,9,265,430
3221,NSE-DLKV,10084,50,98,404
3221,NSE-DLKV,10084,90,98,406
3221,NSE-DLKV,10084,10,201,406
3221,NSE-DLKV,10084,140,201,408
3221,NSE-DLKV,10083,10,231,408
3221,NSE-DLKV,10083,200,231,410
3221,NSE-DLKV,10083,40,231,412
3221,NSE-DLKV,10083,200,263,412
3221,NSE-DLKV,10083,10,350,412
3221,NSE-OIT,10045,17,194,432
3221,NSE-OIT,10045,33,266,432
3221,NSE-OIT,10045,100,266,434
3221,NSE-OIT,10045,117,266,436
3221,NSE-OIT,10045,33,314,436
3221,NSE-OIT,10045,200,314,438
3221,NSE-OIT,10045,17,314,440
3221,NSE-OIT,10045,8,354,440
3221,NSE-OIT,10044,200,288,440
3221,NSE-OIT,10044,8,303,440
3221,NSE-OIT,10043,17,196,440
3221,NSE-SIMP,10007,50,367,413
3221,NSE-SIMP,10007,50,367,415
3221,NSE-SIMP,10006,50,369,415
3221,NSE-SIMP,10006,100,369,417
3221,NSE-SIMP,10006,50,383,417
3221,NSE-SIMP,10006,50,394,419
3221,NSE-SIMP,10005,150,371,419
3221,NSE-SIMP,10005,50,371,421
3221,NSE-SIMP,10005,100,385,421
3221,NSE-SIMP,10005,100,396,421
3222,NSE-ZABA,10092,50,105,401
3222,NSE-ZABA,10092,20,105,403
3222,NSE-ZABA,10092,10,203,403
3222,NSE-ZABA,10092,70,252,403
3222,NSE-ZABA,10092,150,252,405
3222,NSE-ZABA,10092,30,252,407
3222,NSE-ZABA,10091,150,324,407
3222,NSE-ZABA,10091,8,364,407
3222,NSE-ZABA,10090,12,107,407
3222,NSE-ZABA,10090,188,107,409
3222,NSE-ZABA,10090,62,272,409
3222,NSE-ZITO,9789,50,362,425
3222,NSE-ZITO,9789,100,362,427
3222,NSE-ZITO,9789,3,362,429
3222,NSE-ZITO,9787,50,292,429
3222,NSE-ZITO,9787,8,378,429
3222,NSE-ZITO,9786,89,294,429
3222,NSE-ZITO,9786,11,294,431
3222,NSE-ZITO,9785,150,296,431
3222,NSE-ZITO,9784,39,298,431
3222,NSE-ZITO,9784,161,298,433
3222,NSE-ZITO,9784,50,305,433
3222,NSE-ZITO,9783,39,300,433
3230,NSE-OIT,10063,21,265,441
3230,NSE-OIT,10063,29,313,441
3231,NSE-ZITO,9803,42,340,434
3291,NSE-OIT,10063,50,313,443
3322,NSE-DLKV,10083,50,350,415
3322,NSE-DLKV,10083,100,350,417
3322,NSE-DLKV,10083,90,350,419
3322,NSE-DLKV,10082,60,9,419
3322,NSE-DLKV,10082,190,9,421
3322,NSE-DLKV,10082,10,19,421
3322,NSE-DLKV,10082,240,19,423
3322,NSE-DLKV,10082,10,32,423
3322,NSE-OIT,10043,50,196,445
3322,NSE-OIT,10043,100,196,447
3322,NSE-OIT,10043,33,196,449
3322,NSE-OIT,10042,117,290,449
3322,NSE-OIT,10042,133,290,451
3322,NSE-OIT,10041,67,198,451
3322,NSE-OIT,10041,183,198,453
3322,NSE-OIT,10041,8,384,453
3322,NSE-OIT,10041,8,423,453
3322,NSE-OIT,10038,50,244,453
3322,NSE-OIT,10037,1,357,453
3322,NSE-SIMP,10005,8,405,424
3322,NSE-SIMP,10004,42,345,424
3322,NSE-SIMP,10004,100,345,426
3322,NSE-SIMP,10004,58,345,428
3322,NSE-SIMP,10004,92,373,428
3322,NSE-SIMP,10004,158,373,430
3322,NSE-SIMP,10003,42,347,430
3322,NSE-SIMP,10003,208,347,432
3322,NSE-SIMP,10003,42,389,432
3322,NSE-ZABA,10090,50,272,411
3322,NSE-ZABA,10090,38,272,413
3322,NSE-ZABA,10089,62,326,413
3322,NSE-ZABA,10089,138,326,415
3322,NSE-ZABA,10089,8,398,415
3322,NSE-ZABA,10088,4,109,415
3322,NSE-ZABA,10088,200,109,417
3322,NSE-ZABA,10088,46,109,419
3322,NSE-ZABA,10088,200,274,419
3322,NSE-ZABA,10088,4,285,419
3322,NSE-ZITO,9783,50,300,436
3322,NSE-ZITO,9783,100,300,438
3322,NSE-ZITO,9783,61,300,440
3322,NSE-ZITO,9783,89,307,440
3322,NSE-ZITO,9783,11,307,442
3322,NSE-ZITO,9782,150,309,442
3322,NSE-ZITO,9782,8,421,442
3322,NSE-ZITO,9781,31,311,442
3322,NSE-ZITO,9781,169,311,444
3322,NSE-ZITO,9780,81,313,444
3361,NSE-OIT,10063,50,313,454
3421,NSE-OIT,10063,5,313,458
3421,NSE-SIMP,10003,5,389,435
3421,NSE-CARD,9605,8,470,472
3421,NSE-CARD,9617,8,444,472
3421,NSE-CARD,9621,8,380,472
3421,NSE-DLKV,10082,50,32,427
3421,NSE-DLKV,10082,100,32,429
3421,NSE-DLKV,10082,90,32,431
3421,NSE-DLKV,10082,8,103,431
3421,NSE-DLKV,10082,52,203,431
3421,NSE-DLKV,10082,148,203,433
3421,NSE-DLKV,10082,8,220,433
3421,NSE-DLKV,10082,8,364,433
3421,NSE-DLKV,10080,36,205,433
3421,NSE-DLKV,10080,214,205,435
3421,NSE-DLKV,10080,36,269,435
3421,NSE-OIT,10039,8,456,460
3421,NSE-OIT,10037,42,357,460
3421,NSE-OIT,10037,7,357,462
3421,NSE-OIT,10036,93,246,462
3421,NSE-OIT,10036,7,246,464
3421,NSE-OIT,10035,50,330,464
3421,NSE-OIT,10035,93,359,464
3421,NSE-OIT,10035,7,359,466
3421,NSE-OIT,10034,150,248,466
3421,NSE-OIT,10034,43,319,466
3421,NSE-OIT,10034,7,319,468
3421,NSE-OIT,10033,100,332,468
3421,NSE-OIT,10033,50,342,468
3421,NSE-OIT,10033,93,361,468
3421,NSE-SIMP,10003,50,389,437
3421,NSE-SIMP,10003,100,389,439
3423,NSE-SIMP,10003,3,389,441
3423,NSE-SIMP,10002,147,391,441
3423,NSE-SIMP,10002,103,391,443
3423,NSE-SIMP,9992,8,433,443
3423,NSE-ZABA,10088,50,285,423
3423,NSE-ZABA,10088,100,285,425
3423,NSE-ZABA,10088,46,285,427
3423,NSE-ZABA,10087,104,328,427
3423,NSE-ZABA,10087,146,328,429
3423,NSE-ZABA,10086,54,276,429
3423,NSE-ZABA,10086,196,276,431
3423,NSE-ZABA,10086,54,287,431
3423,NSE-ZITO,9782,8,446,449
3423,NSE-ZITO,9780,42,313,449
3423,NSE-ZITO,9780,100,313,451
3423,NSE-ZITO,9780,27,313,453
3423,NSE-ZITO,9779,50,366,453
3423,NSE-ZITO,9778,73,368,453
3423,NSE-ZITO,9778,27,368,455
3423,NSE-ZITO,9777,150,370,455
3423,NSE-ZITO,9776,23,372,455
3423,NSE-ZITO,9776,177,372,457
3423,NSE-ZITO,9775,73,374,457
3427,NSE-SIMP,9984,89,443,446
3427,NSE-SIMP,9985,11,445,446
3427,NSE-SIMP,9985,100,445,447
3458,NSE-SIMP,9985,139,445,448
3458,NSE-SIMP,10011,16,390,448
3459,NSE-SIMP,10011,24,390,450
3459,NSE-OIT,10063,50,313,469
3521,NSE-ZABA,10086,2,287,434
3521,NSE-ZITO,9775,2,374,459
3521,NSE-ZABA,10086,2,287,435
3521,NSE-ZABA,10086,1,287,436
3521,NSE-CARD,9602,50,471,485
3521,NSE-DLKV,10080,14,269,438
3521,NSE-DLKV,10079,8,74,438
3521,NSE-DLKV,10079,8,128,438
3521,NSE-DLKV,10079,8,290,438
3521,NSE-DLKV,10079,8,339,438
3521,NSE-DLKV,10078,4,271,438
3521,NSE-DLKV,10078,96,271,440
3521,NSE-DLKV,10077,4,172,440
3521,NSE-DLKV,10077,46,172,442
3521,NSE-DLKV,10077,8,267,442
3521,NSE-DLKV,10076,8,21,442
3521,NSE-DLKV,10076,8,47,442
3521,NSE-DLKV,10076,50,144,442
3521,NSE-DLKV,10076,30,273,442
3521,NSE-DLKV,10076,120,273,444
3521,NSE-DLKV,10076,8,400,444
3521,NSE-DLKV,10075,72,174,444
3521,NSE-DLKV,10075,28,174,446
3521,NSE-DLKV,10075,50,293,446
3521,NSE-DLKV,10075,50,317,446
3521,NSE-DLKV,10075,8,424,446
3521,NSE-DLKV,10074,100,146,446
3521,NSE-DLKV,10074,14,275,446
3521,NSE-OIT,10033,50,361,472
3521,NSE-OIT,10033,7,361,474
3521,NSE-OIT,10032,93,250,474
3521,NSE-OIT,10032,107,250,476
3521,NSE-OIT,10032,43,269,476
3521,NSE-OIT,10032,7,269,478
3521,NSE-OIT,10032,100,321,478
3521,NSE-OIT,10031,93,334,478
3521,NSE-OIT,10031,57,334,480
3521,NSE-OIT,10031,100,344,480
3521,NSE-OIT,10031,93,363,480
3521,NSE-SIMP,10009,1,451,453
3521,NSE-ZABA,10086,50,287,438
3521,NSE-ZABA,10086,100,287,440
3521,NSE-ZABA,10086,41,287,442
3521,NSE-ZABA,10086,8,420,442
3521,NSE-ZABA,10077,101,352,442
3521,NSE-ZABA,10077,149,352,444
3521,NSE-ZABA,10075,51,261,444
3521,NSE-ZABA,10075,149,261,446
3521,NSE-ZABA,10073,101,263,446
3522,NSE-ZITO,9775,50,374,461
3522,NSE-ZITO,9775,100,374,463
3522,NSE-ZITO,9775,25,374,465
3553,NSE-OIT,10063,16,313,481
3553,NSE-DLKV,10099,50,347,447
3553,NSE-CARD,9600,10,487,494
3553,NSE-SIMP,9999,10,453,462
3606,NSE-ZITO,9752,8,465,470
3621,NSE-CARD,9597,10,484,498
3621,NSE-DLKV,10075,8,448,451
3621,NSE-DLKV,10074,42,275,451
3621,NSE-DLKV,10074,100,275,453
3621,NSE-DLKV,10074,44,275,455
3621,NSE-DLKV,10073,106,176,455
3621,NSE-DLKV,10073,44,176,457
3621,NSE-DLKV,10073,100,295,457
3621,NSE-DLKV,10073,56,319,457
3621,NSE-DLKV,10073,44,319,459
3621,NSE-DLKV,10072,150,148,459
3621,NSE-DLKV,10072,56,277,459
3621,NSE-OIT,10035,8,483,486
3621,NSE-OIT,10031,42,363,486
3621,NSE-OIT,10031,65,363,488
3621,NSE-OIT,10030,35,252,488
3621,NSE-OIT,10030,150,252,490
3621,NSE-OIT,10030,65,252,492
3621,NSE-OIT,10030,100,271,492
3621,NSE-OIT,10030,35,323,492
3621,NSE-OIT,10030,115,323,494
3621,NSE-OIT,10030,50,371,494
3621,NSE-OIT,10029,85,336,494
3621,NSE-SIMP,9997,50,452,467
3621,NSE-SIMP,9996,100,454,469
3622,NSE-SIMP,9995,150,456,471
3622,NSE-SIMP,9994,200,458,473
3622,NSE-SIMP,9993,250,460,475
3622,NSE-ZABA,10082,8,448,451
3622,NSE-ZABA,10073,42,263,451
3622,NSE-ZABA,10073,100,263,453
3622,NSE-ZABA,10073,7,263,455
3622,NSE-ZABA,10020,10,447,455
3622,NSE-ZITO,9750,50,383,473
3622,NSE-ZITO,9750,50,410,475
3622,NSE-ZITO,9749,50,385,475
3622,NSE-ZITO,9749,50,385,477
3622,NSE-ZITO,9749,100,412,477
3622,NSE-ZITO,9748,150,387,479
3622,NSE-ZITO,9748,50,414,479
3622,NSE-ZITO,9748,100,414,481
3622,NSE-ZITO,9747,150,389,481
3688,NSE-CARD,9616,8,497,509
3688,NSE-CARD,9617,32,500,509
3688,NSE-SIMP,9999,39,453,476
3688,NSE-SIMP,10000,61,455,476
3688,NSE-SIMP,10000,39,455,477
3688,NSE-SIMP,10001,61,457,477
3702,NSE-CARD,9615,15,499,512
3721,NSE-CARD,9617,2,500,513
3721,NSE-ZABA,10012,1,455,461
3721,NSE-CARD,9592,1,458,515
3721,NSE-CARD,9590,8,322,515
3721,NSE-CARD,9589,8,442,515
3721,NSE-CARD,9587,8,496,515
3721,NSE-CARD,9576,8,469,515
3721,NSE-DLKV,10072,50,277,461
3721,NSE-DLKV,10072,100,277,463
3721,NSE-DLKV,10072,44,277,465
3721,NSE-DLKV,10072,50,366,465
3721,NSE-DLKV,10071,56,178,465
3721,NSE-DLKV,10071,144,178,467
3721,NSE-DLKV,10071,56,297,467
3721,NSE-DLKV,10071,94,297,469
3721,NSE-DLKV,10071,150,321,469
3721,NSE-DLKV,10070,6,150,469
3721,NSE-OIT,10029,50,336,497
3721,NSE-OIT,10029,65,336,499
3721,NSE-OIT,10029,35,346,499
3721,NSE-OIT,10029,115,346,501
3721,NSE-OIT,10028,35,273,501
3721,NSE-OIT,10028,115,273,503
3721,NSE-OIT,10028,85,325,503
3721,NSE-OIT,10028,115,325,505
3721,NSE-OIT,10028,100,373,505
3721,NSE-OIT,10027,35,348,505
3722,NSE-ZITO,9747,50,389,484
3722,NSE-ZITO,9747,100,416,486
3722,NSE-ZITO,9747,100,416,488
3722,NSE-ZITO,9746,50,391,488
3722,NSE-ZITO,9746,200,391,490
3722,NSE-ZITO,9746,250,418,492
3732,NSE-ZABA,10032,1,463,472
3780,NSE-OIT,10044,1,506,507
3816,NSE-CARD,9515,8,515,526
3816,NSE-ZABA,10032,8,463,474
3816,NSE-ZITO,9753,8,467,494
3822,NSE-CARD,9515,1,515,528
3822,NSE-SIMP,9996,5,478,491
3823,NSE-DLKV,10074,8,470,473
3823,NSE-DLKV,10070,42,150,473
3823,NSE-DLKV,10070,100,150,475
3823,NSE-DLKV,10070,52,150,477
3823,NSE-DLKV,10070,50,160,477
3823,NSE-DLKV,10070,48,368,477
3823,NSE-DLKV,10070,52,368,479
3823,NSE-DLKV,10069,148,180,479
3823,NSE-DLKV,10069,102,180,481
3823,NSE-DLKV,10069,148,299,481
3823,NSE-OIT,10032,8,508,511
3823,NSE-OIT,10027,42,348,511
3823,NSE-OIT,10027,100,348,513
3823,NSE-SIMP,9998,50,479,492
3823,NSE-SIMP,9999,100,481,494
3823,NSE-SIMP,10000,150,483,496
3823,NSE-SIMP,10001,89,457,498
3823,NSE-SIMP,10001,111,485,498
3823,NSE-SIMP,10001,89,485,500
3823,NSE-SIMP,10002,161,459,500
3823,NSE-ZITO,9753,50,467,496
3823,NSE-ZITO,9753,100,467,498
3823,NSE-ZITO,9753,42,467,500
3823,NSE-ZITO,9754,108,469,500
3823,NSE-ZITO,9754,142,469,502
3921,NSE-DLKV,10097,10,482,484
3921,NSE-DLKV,10069,40,299,484
3921,NSE-DLKV,10069,12,299,486
3921,NSE-DLKV,10069,88,323,486
3921,NSE-DLKV,10069,112,323,488
3921,NSE-DLKV,10068,38,152,488
3921,NSE-DLKV,10068,200,152,490
3921,NSE-DLKV,10068,12,152,492
3921,NSE-DLKV,10068,100,162,492
3921,NSE-DLKV,10068,138,370,492
3921,NSE-OIT,10027,23,348,522
3921,NSE-OIT,10026,27,275,522
3921,NSE-OIT,10026,100,275,524
3921,NSE-OIT,10026,73,275,526
3921,NSE-OIT,10026,77,375,526
3921,NSE-OIT,10026,73,375,528
3921,NSE-OIT,10025,127,350,528
3921,NSE-OIT,10025,123,350,530
3921,NSE-OIT,10024,127,277,530
3921,NSE-SIMP,9996,45,478,503
3921,NSE-SIMP,9995,5,480,503
3922,NSE-ZABA,10005,50,483,486
3922,NSE-ZABA,10005,100,483,488
3922,NSE-ZABA,10005,50,483,490
3922,NSE-ZABA,10007,100,485,490
3922,NSE-ZABA,10007,150,485,492
3922,NSE-ZITO,9754,50,502,508
3922,NSE-ZITO,9754,8,502,510
3922,NSE-ZITO,9753,92,504,510
3922,NSE-ZITO,9753,150,504,512
3922,NSE-ZITO,9753,8,504,514
3928,NSE-ZITO,9749,1,514,517
3929,NSE-SIMP,9996,100,505,512
3929,NSE-SIMP,9997,100,507,513
3948,NSE-DLKV,10099,10,347,494
4020,NSE-CARD,9513,5,542,552
4020,NSE-ZITO,9749,5,514,518
4020,NSE-SIMP,9997,5,507,515
4021,NSE-SIMP,9995,1,480,516
4022,NSE-DLKV,10068,12,370,496
4022,NSE-DLKV,10067,38,301,496
4023,NSE-DLKV,10067,100,301,498
4023,NSE-DLKV,10067,112,301,500
4023,NSE-DLKV,10067,38,325,500
4023,NSE-DLKV,10067,200,325,502
4023,NSE-DLKV,10067,12,325,504
4023,NSE-DLKV,10067,50,354,504
4023,NSE-DLKV,10066,150,164,504
4023,NSE-DLKV,10066,38,372,504
4023,NSE-OIT,10024,50,277,533
4023,NSE-OIT,10024,73,277,535
4023,NSE-OIT,10015,27,444,535
4023,NSE-OIT,10015,23,444,537
4023,NSE-SIMP,9995,50,480,518
4023,NSE-SIMP,9995,44,480,520
4023,NSE-SIMP,9993,56,484,520
4023,NSE-SIMP,9993,144,484,522
4023,NSE-SIMP,9993,6,502,522
4023,NSE-SIMP,9993,44,502,524
4023,NSE-SIMP,9992,156,486,524
4023,NSE-SIMP,9992,94,486,526
4023,NSE-SIMP,9992,100,504,526
4023,NSE-SIMP,9991,8,464,526
4023,NSE-ZITO,9745,50,466,520
4023,NSE-ZITO,9745,100,466,522
4023,NSE-ZITO,9745,50,466,524
4023,NSE-ZITO,9744,100,468,524
4023,NSE-ZITO,9744,150,468,526
4023,NSE-ZITO,9742,50,397,526
4023,NSE-ZITO,9741,100,399,528
4023,NSE-ZITO,9740,150,401,528
4121,NSE-SIMP,9990,8,508,528
4121,NSE-DLKV,10066,50,372,506
4121,NSE-DLKV,10066,100,372,508
4121,NSE-DLKV,10066,12,372,510
4121,NSE-DLKV,10065,50,233,510
4121,NSE-DLKV,10065,88,356,510
4121,NSE-SIMP,9991,48,526,529
4121,NSE-SIMP,9997,2,507,529
4121,NSE-SIMP,9997,43,507,531
4121,NSE-SIMP,9998,57,509,531
4121,NSE-SIMP,9998,143,509,533
4121,NSE-SIMP,9999,7,511,533
4121,NSE-SIMP,9999,200,511,535
4121,NSE-SIMP,9999,43,511,537
4121,NSE-SIMP,10002,39,459,537
4121,NSE-SIMP,10002,168,487,537
4121,NSE-ZABA,10019,50,505,506
4121,NSE-ZABA,10019,100,505,508
4121,NSE-ZABA,10019,100,505,510
4121,NSE-ZITO,9740,50,483,531
4121,NSE-ZITO,9739,100,403,533
4175,NSE-CARD,9525,8,565,574
4175,NSE-DLKV,10066,8,512,515
4175,NSE-OIT,10012,8,544,553
4175,NSE-DLKV,10066,1,512,517
4175,NSE-SIMP,10002,1,487,541
4221,NSE-ZITO,9740,8,535,543
4221,NSE-DLKV,10066,50,512,518
4221,NSE-DLKV,10066,100,512,520
4221,NSE-DLKV,10066,41,512,522
4221,NSE-DLKV,10068,109,514,522
4221,NSE-SIMP,10002,50,487,543
4221,NSE-SIMP,10002,31,487,545
4221,NSE-SIMP,10003,69,461,545
4221,NSE-SIMP,10003,150,461,547
4221,NSE-SIMP,10003,31,461,549
4261,NSE-OIT,10012,50,556,566
4274,NSE-ZABA,10021,5,519,528
4287,NSE-ZABA,10017,30,518,529
4321,NSE-CARD,9534,2,578,588
4321,NSE-DLKV,10068,50,514,529
4321,NSE-DLKV,10068,91,514,531
4321,NSE-OIT,10062,8,554,568
4328,NSE-OIT,10062,8,568,579
4359,NSE-ZABA,10015,10,530,542
4379,NSE-OIT,10062,34,568,581
4379,NSE-OIT,10060,16,570,581
4421,NSE-SIMP,10009,8,555,566
4421,NSE-ZITO,9743,7,554,567
4421,NSE-ZITO,9743,6,554,568
4421,NSE-CARD,9528,8,599,602
4421,NSE-DLKV,10071,9,531,542
4421,NSE-DLKV,10069,41,533,542
4421,NSE-DLKV,10069,100,533,544
4421,NSE-DLKV,10069,9,533,546
4421,NSE-DLKV,10069,8,539,546
4421,NSE-DLKV,10067,133,535,546
4421,NSE-DLKV,10067,67,535,548
4421,NSE-DLKV,10066,133,524,548
4421,NSE-DLKV,10066,67,524,550
4421,NSE-DLKV,10065,12,356,550
4421,NSE-DLKV,10065,171,537,550
4422,NSE-SIMP,10009,42,555,567
4422,NSE-SIMP,10010,8,540,567
4422,NSE-ZABA,10014,8,540,545
4422,NSE-ZITO,9739,50,403,570
4422,NSE-ZITO,9739,50,403,572
4422,NSE-ZITO,9739,50,485,572
4422,NSE-ZITO,9739,50,485,574
4422,NSE-ZITO,9735,50,424,574
4422,NSE-ZITO,9735,8,540,574
4422,NSE-ZITO,9734,42,426,574
4422,NSE-ZITO,9734,58,426,576
4422,NSE-ZITO,9734,8,564,576
4422,NSE-ZITO,9733,134,428,576
4422,NSE-ZITO,9733,16,428,578
4422,NSE-ZITO,9732,200,430,578
4422,NSE-ZITO,9732,34,435,578
4428,NSE-OIT,10043,50,582,593
4521,NSE-CARD,9535,4,603,613
4521,NSE-OIT,10041,2,584,594
4521,NSE-DLKV,10076,50,519,551
4521,NSE-DLKV,10077,50,530,553
4521,NSE-SIMP,10010,50,557,577
4521,NSE-SIMP,10010,50,557,579
4521,NSE-SIMP,10011,50,390,579
4521,NSE-SIMP,10011,110,390,581
4521,NSE-SIMP,10011,8,490,581
4521,NSE-SIMP,10011,32,559,581
4521,NSE-SIMP,10011,118,559,583
4521,NSE-SIMP,10011,8,565,583
4521,NSE-SIMP,10012,74,392,583
4521,NSE-ZABA,10011,1,543,555
4521,NSE-ZITO,9744,1,579,581
4527,NSE-OIT,10055,8,595,606
4527,NSE-SIMP,10011,8,585,588
4527,NSE-ZITO,9736,8,581,590
4528,NSE-OIT,10059,50,596,607
4545,NSE-ZITO,9736,5,581,592
4569,NSE-ZABA,10002,10,552,567
4621,NSE-DLKV,10075,50,555,564
4621,NSE-DLKV,10075,100,555,566
4621,NSE-DLKV,10073,150,557,568
4621,NSE-DLKV,10073,50,557,570
4621,NSE-DLKV,10071,150,559,570
4621,NSE-DLKV,10071,100,559,572
4621,NSE-SIMP,10011,50,585,591
4621,NSE-SIMP,10011,100,585,593
4621,NSE-SIMP,10011,92,585,595
4621,NSE-SIMP,10009,58,569,595
4621,NSE-SIMP,10009,42,569,597
4621,NSE-SIMP,10008,150,571,597
4621,NSE-SIMP,10007,8,549,597
4621,NSE-SIMP,10007,161,549,599
4621,NSE-SIMP,10007,50,554,599
4621,NSE-SIMP,10007,39,573,599
4621,NSE-ZABA,10013,50,563,568
4621,NSE-ZABA,10013,100,563,570
4622,NSE-ZITO,9732,16,435,594
4622,NSE-ZITO,9731,34,432,594
4622,NSE-ZITO,9731,100,432,596
4622,NSE-ZITO,9731,116,432,598
4622,NSE-ZITO,9731,34,437,598
4622,NSE-ZITO,9731,66,437,600
4622,NSE-ZITO,9730,134,439,600
4622,NSE-ZITO,9730,16,439,602
4622,NSE-ZITO,9730,200,478,602
4622,NSE-ZITO,9729,34,441,602
4645,NSE-OIT,10046,50,611,620
4645,NSE-DLKV,10070,8,572,573
4645,NSE-OIT,10042,50,610,622
4645,NSE-OIT,10040,8,612,624
4686,NSE-DLKV,10070,1,572,577
4721,NSE-ZITO,9754,1,605,606
4721,NSE-CARD,9530,8,624,639
4721,NSE-CARD,9538,8,638,639
4721,NSE-CARD,9624,8,407,639
4721,NSE-CARD,9630,8,575,639
4721,NSE-CARD,9636,8,527,639
4721,NSE-CARD,9640,10,636,639
4721,NSE-CARD,9644,10,600,641
4721,NSE-CARD,9647,10,625,641
4721,NSE-CARD,9648,10,563,641
4721,NSE-CARD,9651,10,551,641
4721,NSE-CARD,9653,10,540,641
4721,NSE-CARD,9657,10,419,641
4721,NSE-CARD,9659,10,524,641
4721,NSE-CARD,9661,10,495,641
4721,NSE-CARD,9664,10,510,641
4721,NSE-DLKV,10067,8,561,579
4721,NSE-DLKV,10065,42,537,579
4721,NSE-ZABA,10013,50,563,580
4721,NSE-ZABA,10013,50,563,582
4721,NSE-ZITO,9754,7,605,607
4721,NSE-ZITO,9762,43,503,607
4721,NSE-ZITO,9762,100,503,609
4721,NSE-ZITO,9762,57,503,611
4721,NSE-ZITO,9763,93,505,611
4753,NSE-DLKV,10067,50,581,588
4753,NSE-CARD,9717,10,641,649
4753,NSE-OIT,10058,50,625,637
4821,NSE-DLKV,10067,7,581,590
4821,NSE-ZABA,10014,1,582,590
4821,NSE-DLKV,10065,9,537,591
4822,NSE-DLKV,10067,43,581,592
4822,NSE-DLKV,10069,7,583,592
4822,NSE-DLKV,10069,100,583,594
4822,NSE-DLKV,10069,43,583,596
4822,NSE-DLKV,10070,107,572,596
4822,NSE-DLKV,10070,34,572,598
4822,NSE-DLKV,10071,166,585,598
4822,NSE-DLKV,10071,34,585,600
4822,NSE-OIT,10063,8,509,638
4822,NSE-SIMP,10010,8,602,614
4822,NSE-SIMP,10010,42,608,614
4822,NSE-SIMP,10010,100,608,616
4822,NSE-SIMP,10010,8,608,618
4822,NSE-SIMP,10011,142,610,618
4822,NSE-SIMP,10011,58,610,620
4822,NSE-SIMP,10011,10,613,620
4823,NSE-ZABA,10020,50,551,591
4823,NSE-ZABA,10020,100,551,593
4823,NSE-ZABA,10020,50,551,595
4823,NSE-ZABA,10022,100,553,595
4823,NSE-ZABA,10022,150,553,597
4823,NSE-ZABA,10023,8,517,597
4823,NSE-ZABA,10024,8,565,597
4823,NSE-ZITO,9761,50,615,620
4823,NSE-ZITO,9761,100,615,622
4823,NSE-ZITO,9761,100,615,624
4854,NSE-OIT,10063,30,638,648
4854,NSE-CARD,9717,10,651,661
4855,NSE-OIT,10063,12,638,650
4855,NSE-OIT,10061,38,640,650
4920,NSE-CARD,9717,8,651,664
4921,NSE-DLKV,10073,50,587,604
4921,NSE-DLKV,10073,100,587,606
4921,NSE-DLKV,10073,100,587,608
4921,NSE-SIMP,10011,50,620,627
4921,NSE-SIMP,10011,82,620,629
4921,NSE-SIMP,10010,18,622,629
4921,NSE-SIMP,10010,150,622,631
4921,NSE-SIMP,10010,82,622,633
4935,NSE-CARD,9695,9,665,675
4972,NSE-OIT,10062,50,653,664
4992,NSE-CARD,9695,9,665,678
5021,NSE-OIT,10060,7,655,665
5021,NSE-DLKV,10078,2,521,615
5021,NSE-CARD,9695,7,665,680
5021,NSE-OIT,10060,4,655,666
5021,NSE-OIT,10060,2,655,667
5021,NSE-DLKV,10076,1,608,616
5021,NSE-DLKV,10078,50,521,617
5021,NSE-DLKV,10078,48,521,619
5021,NSE-DLKV,10079,52,532,619
5021,NSE-DLKV,10079,48,532,621
5021,NSE-DLKV,10080,102,523,621
5021,NSE-DLKV,10080,48,523,623
5021,NSE-DLKV,10080,8,576,623
5021,NSE-DLKV,10081,144,534,623
5021,NSE-DLKV,10081,6,534,625
5021,NSE-DLKV,10082,200,525,625
5021,NSE-DLKV,10083,44,536,625
5021,NSE-SIMP,10007,50,573,637
5021,NSE-SIMP,10007,100,573,639
5048,NSE-CARD,9700,10,681,692
5048,NSE-OIT,10050,50,669,679
5061,NSE-CARD,9700,9,681,694
5118,NSE-CARD,9702,8,682,695
5119,NSE-ZABA,10023,50,613,625
5121,NSE-ZITO,9745,1,642,654
5122,NSE-DLKV,10083,50,536,629
5122,NSE-DLKV,10083,100,536,631
5122,NSE-DLKV,10083,6,536,633
5122,NSE-DLKV,10083,50,593,633
5122,NSE-OIT,10066,8,484,683
5122,NSE-OIT,10067,42,209,683
5122,NSE-SIMP,10007,11,573,651
5122,NSE-SIMP,10006,39,551,651
5122,NSE-SIMP,10006,100,551,653
5122,NSE-SIMP,10006,111,551,655
5122,NSE-SIMP,10006,39,556,655
5122,NSE-SIMP,10006,61,556,657
5122,NSE-SIMP,10006,139,575,657
5122,NSE-SIMP,10006,111,575,659
5122,NSE-SIMP,10005,139,558,659
5123,NSE-ZITO,9746,50,637,655
5123,NSE-ZITO,9746,100,637,657
5123,NSE-ZITO,9747,150,639,659
5123,NSE-ZITO,9747,50,639,661
5123,NSE-ZITO,9748,150,641,661
5123,NSE-ZITO,9748,100,641,663
5123,NSE-ZITO,9751,150,626,663
5132,NSE-CARD,9702,50,697,708
5132,NSE-OIT,10065,50,685,693
5221,NSE-ZABA,10032,1,602,636
5221,NSE-CARD,9704,6,698,709
5221,NSE-ZABA,10032,5,602,637
5221,NSE-DLKV,10084,2,527,639
5221,NSE-CARD,9717,1,707,710
5221,NSE-DLKV,10084,50,527,640
5221,NSE-DLKV,10084,100,527,642
5221,NSE-DLKV,10084,98,527,644
5221,NSE-DLKV,10084,50,605,644
5221,NSE-OIT,10048,8,681,695
5221,NSE-OIT,10046,8,651,695
5221,NSE-SIMP,10005,11,558,661
5221,NSE-SIMP,10004,39,560,661
5221,NSE-SIMP,10004,100,560,663
5221,NSE-SIMP,10004,61,560,665
5221,NSE-SIMP,10004,89,607,665
5221,NSE-SIMP,10004,61,607,667
5221,NSE-SIMP,10004,50,626,667
5221,NSE-SIMP,10004,50,636,667
5221,NSE-SIMP,10003,39,562,667
5221,NSE-SIMP,10003,211,562,669
5221,NSE-SIMP,10003,39,609,669
5240,NSE-CARD,9726,31,710,720
5240,NSE-OIT,10037,34,695,704
5240,NSE-OIT,10039,16,697,704
5240,NSE-ZITO,9744,50,666,675
5240,NSE-OIT,10039,10,697,706
5240,NSE-OIT,10039,50,697,708
5240,NSE-CARD,9726,18,710,721
5240,NSE-CARD,9725,32,712,721
5291,NSE-CARD,9725,8,712,723
5291,NSE-CARD,9725,32,712,724
5291,NSE-ZABA,10022,50,638,650
5321,NSE-ZABA,10026,9,639,651
5321,NSE-OIT,10039,4,697,712
5321,NSE-CARD,9732,8,696,725
5321,NSE-DLKV,10084,2,644,654
5321,NSE-DLKV,10083,48,633,654
5321,NSE-OIT,10033,8,710,714
5321,NSE-OIT,10031,8,578,714
5321,NSE-ZABA,10015,8,623,653
5321,NSE-ZABA,10009,8,648,653
5321,NSE-ZABA,10005,8,578,653
5321,NSE-ZABA,10002,26,552,653
5321,NSE-ZABA,10002,100,552,655
5321,NSE-ZABA,10002,114,552,657
5321,NSE-ZABA,10001,8,601,657
5321,NSE-ZITO,9751,50,626,678
5321,NSE-ZITO,9751,100,651,680
5321,NSE-ZITO,9751,150,651,682
5321,NSE-ZITO,9752,200,628,684
5321,NSE-ZITO,9752,50,628,686
5354,NSE-CARD,9740,42,725,736
5354,NSE-CARD,9739,8,727,736
5354,NSE-CARD,9739,50,727,737
5354,NSE-CARD,9739,10,727,738
5354,NSE-SIMP,10003,10,609,686
5421,NSE-ZABA,9993,8,564,663
5421,NSE-ZABA,9992,1,516,663
5421,NSE-ZABA,9995,7,657,664
5421,NSE-OIT,10025,1,714,725
5421,NSE-DLKV,10083,5,633,664
5421,NSE-DLKV,10085,50,538,665
5421,NSE-DLKV,10085,100,538,667
5421,NSE-DLKV,10085,100,538,669
5421,NSE-DLKV,10085,50,554,669
5421,NSE-SIMP,10003,50,609,688
5421,NSE-SIMP,10003,100,609,690
5421,NSE-SIMP,10003,1,609,692
5421,NSE-SIMP,10003,100,638,692
5421,NSE-SIMP,10002,49,611,692
5421,NSE-ZABA,9992,7,516,666
5421,NSE-ZABA,9987,43,484,666
5421,NSE-ZABA,9987,100,484,668
5421,NSE-ZABA,9987,107,484,670
5427,NSE-CARD,9723,50,739,749
5444,NSE-CARD,9722,10,741,750
5444,NSE-OIT,10018,50,727,738
5444,NSE-CARD,9725,50,740,751
5489,NSE-OIT,10020,1,729,740
5518,NSE-OIT,10020,8,729,741
5518,NSE-ZABA,9984,8,670,675
5522,NSE-DLKV,10084,50,671,678
5522,NSE-DLKV,10084,100,671,680
5522,NSE-DLKV,10084,50,671,682
5522,NSE-DLKV,10083,41,633,682
5522,NSE-DLKV,10082,59,646,682
5522,NSE-DLKV,10082,141,646,684
5522,NSE-DLKV,10082,59,673,684
5522,NSE-DLKV,10082,191,673,686
5522,NSE-DLKV,10081,59,635,686
5522,NSE-OIT,10013,1,580,744
5522,NSE-OIT,10010,49,386,744
5522,NSE-OIT,10010,1,386,746
5522,NSE-OIT,10008,99,388,746
5522,NSE-OIT,10008,1,388,748
5522,NSE-OIT,10008,50,399,748
5522,NSE-OIT,10008,50,431,748
5522,NSE-OIT,10006,49,390,748
5522,NSE-OIT,10006,101,390,750
5522,NSE-OIT,10006,99,401,750
5522,NSE-OIT,10006,1,401,752
5522,NSE-OIT,10006,100,433,752
5522,NSE-OIT,10004,149,392,752
5522,NSE-SIMP,10002,50,611,700
5522,NSE-SIMP,10002,100,611,702
5523,NSE-SIMP,10002,51,611,704
5523,NSE-SIMP,10001,99,632,704
5523,NSE-SIMP,10001,101,632,706
5523,NSE-SIMP,10001,99,642,706
5523,NSE-SIMP,10001,101,642,708
5523,NSE-SIMP,10000,149,634,708
5523,NSE-ZITO,9746,1,701,705
5523,NSE-ZITO,9742,49,627,705
5523,NSE-ZITO,9742,100,627,707
5523,NSE-ZITO,9742,101,627,709
5523,NSE-ZITO,9741,49,650,709
5523,NSE-ZITO,9741,200,650,711
5548,NSE-DLKV,10085,50,554,687
5548,NSE-ZITO,9742,11,713,714
5548,NSE-CARD,9725,10,755,766
5548,NSE-SIMP,10000,10,634,710
5548,NSE-CARD,9727,50,756,767
5598,NSE-ZITO,9742,5,713,715
5615,NSE-SIMP,10003,10,694,711
5615,NSE-DLKV,10085,50,595,689
5615,NSE-DLKV,10085,1,595,690
5621,NSE-ZABA,9976,7,677,687
5621,NSE-CARD,9711,8,753,770
5621,NSE-OIT,10004,50,392,757
5621,NSE-OIT,10004,1,392,759
5621,NSE-OIT,10004,99,403,759
5621,NSE-OIT,10004,51,403,761
5621,NSE-OIT,10002,99,405,761
5621,NSE-OIT,10002,101,405,763
5621,NSE-OIT,9996,8,605,763
5621,NSE-OIT,9995,8,623,763
5621,NSE-OIT,9992,50,412,763
5621,NSE-OIT,9991,33,414,763
5621,NSE-OIT,9991,67,414,765
5621,NSE-OIT,9990,150,416,765
5621,NSE-OIT,9989,33,418,765
5621,NSE-ZITO,9742,50,713,716
5621,NSE-ZITO,9742,100,713,718
5621,NSE-ZITO,9742,84,713,720
5621,NSE-ZITO,9758,8,631,720
5621,NSE-ZITO,9758,8,703,720
5621,NSE-ZITO,9760,8,677,720
5621,NSE-ZITO,9760,42,699,720
5621,NSE-ZITO,9760,200,699,722
5658,NSE-CARD,9710,42,770,779
5658,NSE-CARD,9711,8,772,779
5658,NSE-DLKV,10083,50,692,701
5721,NSE-SIMP,10003,8,694,725
5722,NSE-CARD,9738,8,783,784
5722,NSE-CARD,9741,8,754,784
5722,NSE-CARD,9852,10,405,784
5722,NSE-CARD,9874,10,393,784
5722,NSE-CARD,9879,10,377,784
5722,NSE-CARD,9889,4,352,784
5722,NSE-CARD,9889,6,352,786
5722,NSE-CARD,9901,10,338,786
5722,NSE-SIMP,10001,50,712,727
5722,NSE-SIMP,10000,91,634,729
5722,NSE-SIMP,10000,9,644,729
5722,NSE-SIMP,10000,150,644,731
5722,NSE-SIMP,10000,91,644,733
5722,NSE-SIMP,10000,109,679,733
5722,NSE-SIMP,10000,41,679,735
5722,NSE-SIMP,10000,100,714,735
5722,NSE-SIMP,9999,109,681,735
5723,NSE-ZABA,9965,8,698,701
5755,NSE-OIT,10007,30,772,782
5755,NSE-OIT,10011,50,773,784
5755,NSE-CARD,9901,50,786,795
5755,NSE-OIT,10007,20,772,785
5755,NSE-OIT,10005,30,774,785
5770,NSE-ZABA,9961,28,701,710
5770,NSE-ZITO,9743,50,730,740
5770,NSE-OIT,10013,34,775,786
5770,NSE-CARD,9901,32,786,796
5770,NSE-SIMP,10003,50,694,736
5770,NSE-ZABA,9961,1,701,711
5797,NSE-OIT,10013,10,775,787
5821,NSE-DLKV,10084,50,705,716
5821,NSE-DLKV,10082,100,707,718
5821,NSE-DLKV,10081,141,635,720
5821,NSE-DLKV,10080,9,709,720
5821,NSE-DLKV,10080,141,709,722
5821,NSE-DLKV,10079,50,653,722
5821,NSE-DLKV,10079,9,691,722
5821,NSE-OIT,10001,8,770,789
5821,NSE-OIT,9989,42,418,789
5821,NSE-OIT,9989,100,418,791
5821,NSE-OIT,9989,25,418,793
5821,NSE-ZITO,9747,50,738,741
5821,NSE-ZITO,9747,100,738,743
5821,NSE-ZITO,9747,100,738,745
5824,NSE-OIT,9976,10,793,798
5854,NSE-OIT,9976,50,793,800
5854,NSE-CARD,9886,50,797,807
5898,NSE-CARD,9885,8,799,809
5898,NSE-OIT,9976,8,793,802
5898,NSE-ZABA,9926,8,713,722
5914,NSE-CARD,9885,40,799,810
5915,NSE-ZABA,9926,42,713,724
5915,NSE-ZABA,9928,8,715,724
5915,NSE-OIT,9976,8,793,804
5921,NSE-CARD,9885,2,799,811
5921,NSE-ZABA,9922,8,712,725
5921,NSE-CARD,9906,10,319,812
5921,NSE-CARD,9908,8,294,812
5921,NSE-DLKV,10079,41,691,729
5921,NSE-DLKV,10077,9,655,729
5921,NSE-DLKV,10077,91,655,731
5921,NSE-DLKV,10077,9,693,731
5921,NSE-DLKV,10077,91,693,733
5921,NSE-DLKV,10076,49,608,733
5921,NSE-DLKV,10075,10,657,733
5921,NSE-DLKV,10075,140,657,735
5921,NSE-DLKV,10075,60,695,735
5921,NSE-DLKV,10075,90,695,737
5921,NSE-DLKV,10074,160,610,737
5921,NSE-SIMP,10002,50,742,749
5921,NSE-SIMP,10002,100,742,751
5921,NSE-SIMP,10003,132,694,753
5921,NSE-SIMP,10003,18,713,753
5921,NSE-SIMP,10003,32,713,755
5921,NSE-SIMP,10003,168,744,755
5921,NSE-SIMP,10003,32,744,757
5921,NSE-SIMP,10004,218,696,757
5922,NSE-ZITO,9748,50,749,755
5922,NSE-ZITO,9748,100,749,757
5922,NSE-ZITO,9748,100,749,759
5922,NSE-ZITO,9744,8,752,759
5946,NSE-OIT,9985,50,806,816
5946,NSE-CARD,9910,32,812,824
5946,NSE-CARD,9909,18,814,824
6021,NSE-DLKV,10074,40,610,740
6021,NSE-DLKV,10073,10,659,740
6021,NSE-DLKV,10073,100,659,742
6021,NSE-SIMP,9999,50,681,760
6021,NSE-SIMP,9999,41,681,762
6021,NSE-SIMP,9999,59,716,762
6021,NSE-SIMP,9999,91,716,764
6021,NSE-SIMP,9998,59,683,764
6021,NSE-SIMP,9998,191,683,766
6021,NSE-SIMP,9998,9,718,766
6021,NSE-SIMP,9998,191,718,768
6021,NSE-SIMP,9998,50,737,768
6021,NSE-SIMP,9997,9,660,768
6022,NSE-ZITO,9741,1,650,765
6022,NSE-ZITO,9740,49,636,765
6022,NSE-ZITO,9740,100,636,767
6022,NSE-ZITO,9740,1,636,769
6022,NSE-ZITO,9740,8,727,769
6022,NSE-ZITO,9739,141,638,769
6022,NSE-ZITO,9739,59,638,771
6022,NSE-ZITO,9738,141,640,771
6022,NSE-ZITO,9738,109,640,773
6034,NSE-CARD,9910,10,825,836
6034,NSE-CARD,9910,40,825,838
6034,NSE-CARD,9909,10,814,838
6034,NSE-OIT,9979,50,818,830
6065,NSE-CARD,9909,2,814,839
6065,NSE-CARD,9909,8,814,841
6065,NSE-ZABA,9901,8,737,746
6106,NSE-CARD,9909,1,814,842
6106,NSE-ZITO,9738,1,773,777
6121,NSE-ZABA,9901,6,737,748
6121,NSE-ZITO,9738,6,773,778
6121,NSE-CARD,9909,50,814,844
6121,NSE-CARD,9909,11,814,846
6121,NSE-CARD,9909,89,827,846
6121,NSE-CARD,9909,11,827,848
6121,NSE-DLKV,10073,50,659,752
6121,NSE-DLKV,10073,40,659,754
6121,NSE-DLKV,10073,60,697,754
6121,NSE-DLKV,10073,140,697,756
6121,NSE-DLKV,10072,10,612,756
6121,NSE-OIT,9988,8,832,834
6121,NSE-ZITO,9738,50,773,779
6121,NSE-ZITO,9738,84,773,781
6121,NSE-ZITO,9742,16,759,781
6127,NSE-ZABA,9917,5,750,759
6139,NSE-OIT,9992,30,834,845
6139,NSE-CARD,9898,50,848,853
6139,NSE-OIT,9992,12,834,847
6139,NSE-OIT,9991,38,836,847
6221,NSE-OIT,9991,5,836,848
6221,NSE-CARD,9894,5,843,856
6221,NSE-SIMP,9997,7,660,781
6221,NSE-OIT,9991,1,836,849
6221,NSE-CARD,9912,50,813,857
6221,NSE-CARD,9912,50,826,859
6221,NSE-CARD,9913,10,291,859
6221,NSE-CARD,9913,1,324,859
6221,NSE-DLKV,10072,50,612,762
6221,NSE-DLKV,10072,100,612,764
6221,NSE-DLKV,10072,90,612,766
6221,NSE-DLKV,10071,60,600,766
6221,NSE-DLKV,10071,156,600,768
6221,NSE-DLKV,10071,44,661,768
6221,NSE-DLKV,10071,206,661,770
6221,NSE-DLKV,10069,8,675,770
6221,NSE-DLKV,10069,8,703,770
6221,NSE-DLKV,10068,28,715,770
6221,NSE-SIMP,9997,34,660,783
6221,NSE-SIMP,9997,16,720,783
6221,NSE-SIMP,9997,100,720,785
6221,NSE-SIMP,9997,134,720,787
6221,NSE-SIMP,9996,8,648,787
6221,NSE-SIMP,9996,8,662,787
6221,NSE-SIMP,9996,92,662,789
6221,NSE-SIMP,9996,108,691,789
6221,NSE-SIMP,9996,42,691,791
6221,NSE-SIMP,9996,150,741,791
6221,NSE-SIMP,9995,58,594,791
6222,NSE-ZITO,9741,50,783,790
6222,NSE-ZITO,9741,100,783,792
6222,NSE-ZITO,9740,150,785,794
6222,NSE-ZITO,9740,50,785,796
6222,NSE-ZITO,9739,150,787,796
6222,NSE-ZITO,9739,100,787,798
6222,NSE-ZITO,9737,150,737,798
6243,NSE-OIT,9981,50,851,860
6243,NSE-CARD,9913,39,859,868
6243,NSE-CARD,9912,11,861,868
6243,NSE-OIT,9979,50,850,861
6243,NSE-OIT,9978,30,852,862
6321,NSE-CARD,9916,6,266,871
6323,NSE-CARD,9916,2,266,872
6323,NSE-CARD,9916,48,858,872
6323,NSE-CARD,9916,2,858,874
6323,NSE-SIMP,9995,50,594,796
6323,NSE-SIMP,9995,42,594,798
6323,NSE-SIMP,9995,58,693,798
6323,NSE-SIMP,9995,142,693,800
6323,NSE-SIMP,9995,8,743,800
6323,NSE-SIMP,9995,192,743,802
6323,NSE-SIMP,9994,8,596,802
6323,NSE-SIMP,9994,192,596,804
6323,NSE-SIMP,9994,58,666,804
6323,NSE-ZABA,9898,8,770,773
6323,NSE-ZITO,9742,26,759,801
6323,NSE-ZITO,9743,24,761,801
6323,NSE-ZITO,9743,100,761,803
6323,NSE-ZITO,9743,76,761,805
6323,NSE-ZITO,9744,74,763,805
6323,NSE-ZITO,9744,176,763,807
6323,NSE-ZITO,9746,24,782,807
6323,NSE-ZITO,9746,76,782,809
6323,NSE-ZITO,9747,150,784,809
6339,NSE-OIT,9986,50,866,875
6339,NSE-CARD,9916,50,874,883
6339,NSE-OIT,9987,6,868,877
6348,NSE-DLKV,10074,1,758,785
6383,NSE-CARD,9916,48,874,884
6383,NSE-CARD,9915,2,876,884
6419,NSE-DLKV,10074,30,758,786
6419,NSE-OIT,9984,30,865,878
6421,NSE-ZITO,9748,7,786,812
6421,NSE-DLKV,10072,4,774,787
6421,NSE-SIMP,10003,2,780,806
6421,NSE-CARD,9895,8,869,886
6421,NSE-CARD,9894,42,843,886
6421,NSE-CARD,9894,3,843,888
6421,NSE-SIMP,9994,50,666,808
6421,NSE-SIMP,9994,92,666,810
6421,NSE-SIMP,9994,8,695,810
6421,NSE-SIMP,9994,150,695,812
6421,NSE-SIMP,9994,92,695,814
6421,NSE-SIMP,9994,108,745,814
6421,NSE-SIMP,9994,142,745,816
6421,NSE-SIMP,9993,108,598,816
6421,NSE-ZITO,9747,24,809,814
6439,NSE-CARD,9894,50,888,895
6439,NSE-OIT,9982,50,879,890
6439,NSE-CARD,9894,8,888,897
6439,NSE-ZABA,9876,8,784,793
6488,NSE-SIMP,10003,1,780,819
6521,NSE-CARD,9894,39,888,899
6521,NSE-DLKV,10074,50,758,800
6521,NSE-DLKV,10074,100,758,802
6521,NSE-DLKV,10074,19,758,804
6521,NSE-SIMP,10003,50,780,820
6521,NSE-SIMP,10003,100,780,822
6521,NSE-SIMP,10003,97,780,824
6521,NSE-SIMP,10004,32,696,824
6521,NSE-SIMP,10004,21,746,824
6521,NSE-SIMP,10004,200,746,826
6521,NSE-SIMP,10004,29,746,828
6521,NSE-SIMP,10005,10,672,828
6521,NSE-SIMP,10005,100,678,828
6521,NSE-SIMP,10005,111,717,828
6541,NSE-OIT,9979,50,894,904
6541,NSE-CARD,9917,10,307,909
6541,NSE-CARD,9916,11,899,910
6541,NSE-CARD,9915,39,901,910
6570,NSE-CARD,9915,50,901,911
6598,NSE-ZABA,9879,8,796,805
6612,NSE-ZITO,9739,5,826,837
6621,NSE-ZITO,9737,1,737,838
6621,NSE-DLKV,10074,2,804,812
6621,NSE-CARD,9915,11,901,915
6621,NSE-DLKV,10075,50,744,813
6621,NSE-SIMP,10005,39,717,832
6621,NSE-SIMP,10006,11,680,832
6621,NSE-SIMP,10006,100,680,834
6621,NSE-SIMP,10006,39,680,836
6621,NSE-SIMP,10006,111,719,836
6621,NSE-SIMP,10006,89,719,838
6621,NSE-SIMP,10006,10,792,838
6621,NSE-SIMP,10007,101,682,838
6621,NSE-SIMP,10007,99,682,840
6621,NSE-SIMP,10007,151,721,840
6622,NSE-ZITO,9737,50,737,840
6622,NSE-ZITO,9737,49,737,842
6622,NSE-ZITO,9737,8,775,842
6622,NSE-ZITO,9735,43,760,842
6622,NSE-ZITO,9735,150,760,844
6622,NSE-ZITO,9735,7,760,846
6622,NSE-ZITO,9735,193,821,846
6622,NSE-ZITO,9735,57,821,848
6622,NSE-ZITO,9734,193,762,848
6626,NSE-ZABA,9865,1,808,817
6626,NSE-CARD,9908,50,914,925
6626,NSE-OIT,9984,50,908,919
6626,NSE-CARD,9907,21,916,926
6626,NSE-OIT,9983,30,910,920
6721,NSE-DLKV,10075,2,744,824
6721,NSE-CARD,9907,50,916,928
6721,NSE-CARD,9907,29,916,930
6721,NSE-CARD,9899,8,912,930
6721,NSE-CARD,9891,50,885,930
6721,NSE-CARD,9890,13,887,930
6721,NSE-CARD,9890,87,887,932
6721,NSE-CARD,9886,10,835,932
6721,NSE-CARD,9871,8,840,932
6721,NSE-DLKV,10075,50,744,825
6721,NSE-DLKV,10075,48,744,827
6721,NSE-DLKV,10075,50,789,827
6721,NSE-SIMP,10007,50,721,842
6721,NSE-SIMP,10007,49,721,844
6721,NSE-SIMP,10008,51,684,844
6721,NSE-SIMP,10008,150,684,846
6721,NSE-SIMP,10008,49,684,848
6721,NSE-SIMP,10009,118,633,848
6721,NSE-SIMP,10009,33,643,848
6721,NSE-SIMP,10009,167,643,850
6721,NSE-SIMP,10010,83,635,850
6721,NSE-ZITO,9734,50,762,850
6722,NSE-ZITO,9734,7,762,852
6739,NSE-ZITO,9734,2,852,859
6739,NSE-OIT,9993,30,921,932
6739,NSE-CARD,9822,45,932,937
6739,NSE-CARD,9823,5,934,937
6740,NSE-OIT,9993,20,921,934
6740,NSE-OIT,9992,30,923,934
6772,NSE-CARD,9823,8,934,939
6772,NSE-ZABA,9860,8,820,829
6789,NSE-ZITO,9734,50,852,862
6821,NSE-ZITO,9734,5,852,863
6821,NSE-ZITO,9733,6,652,864
6821,NSE-OIT,9992,4,923,937
6821,NSE-OIT,9992,6,923,938
6821,NSE-ZITO,9734,6,852,865
6821,NSE-CARD,9818,50,927,942
6821,NSE-CARD,9817,100,929,944
6821,NSE-DLKV,10076,50,775,837
6821,NSE-DLKV,10077,100,791,839
6821,NSE-DLKV,10078,100,777,841
6821,NSE-DLKV,10080,50,779,841
6821,NSE-DLKV,10080,100,779,843
6821,NSE-DLKV,10080,50,814,843
6821,NSE-DLKV,10081,50,826,843
6821,NSE-DLKV,10082,200,781,845
6821,NSE-DLKV,10082,50,801,845
6821,NSE-OIT,9993,8,936,939
6821,NSE-OIT,9994,8,892,939
6821,NSE-OIT,9994,8,907,939
6821,NSE-SIMP,10010,50,635,854
6821,NSE-SIMP,10010,100,635,856
6821,NSE-SIMP,10010,17,635,858
6821,NSE-SIMP,10010,133,645,858
6821,NSE-SIMP,10010,117,645,860
6821,NSE-SIMP,10011,10,805,860
6821,NSE-SIMP,10011,50,821,860
6821,NSE-SIMP,10012,23,392,860
6821,NSE-SIMP,10012,153,392,862
6821,NSE-SIMP,10012,97,403,862
6821,NSE-ZITO,9733,2,652,867
6821,NSE-ZITO,9733,48,833,867
6821,NSE-ZITO,9733,100,833,869
6821,NSE-ZITO,9733,102,833,871
6821,NSE-ZITO,9732,48,712,871
6821,NSE-ZITO,9732,200,712,873
6821,NSE-ZITO,9732,2,712,875
6849,NSE-ZITO,9731,11,875,876
6849,NSE-OIT,9995,26,939,950
6849,NSE-OIT,9994,4,941,950
6849,NSE-CARD,9808,50,946,951
6849,NSE-OIT,9994,50,941,953
6921,NSE-DLKV,10075,2,827,848
6921,NSE-DLKV,10074,2,804,848
6921,NSE-SIMP,9993,2,598,865
6921,NSE-CARD,9804,50,941,954
6921,NSE-CARD,9803,100,943,956
6921,NSE-CARD,9802,150,945,958
6921,NSE-CARD,9801,200,947,960
6922,NSE-DLKV,10082,50,816,849
6922,NSE-DLKV,10082,50,816,851
6922,NSE-DLKV,10083,50,828,851
6922,NSE-DLKV,10083,50,828,853
6922,NSE-DLKV,10084,100,803,853
6922,NSE-SIMP,10012,50,403,866
6922,NSE-SIMP,10012,100,403,868
6922,NSE-SIMP,10012,3,403,870
6922,NSE-SIMP,10012,50,530,870
6922,NSE-SIMP,10012,50,544,870
6922,NSE-SIMP,10012,47,561,870
6922,NSE-SIMP,10012,153,561,872
6922,NSE-SIMP,10012,47,612,872
6922,NSE-SIMP,10012,203,612,874
6922,NSE-SIMP,10013,47,497,874
6922,NSE-ZITO,9731,50,875,877
6922,NSE-ZITO,9731,100,875,879
6922,NSE-ZITO,9731,87,875,881
6922,NSE-ZITO,9735,63,854,881
6922,NSE-ZITO,9735,87,854,883
6922,NSE-ZITO,9736,113,856,883
6922,NSE-ZITO,9736,87,856,885
6922,NSE-ZITO,9737,163,858,885
6936,NSE-OIT,9979,8,955,964
6952,NSE-OIT,9979,42,955,966
6952,NSE-OIT,9980,8,957,966
6953,NSE-ZITO,9737,1,858,889
6953,NSE-OIT,9980,50,957,967
6953,NSE-CARD,9791,50,962,965
6992,NSE-CARD,9791,8,962,967
7021,NSE-DLKV,10083,5,855,863
7021,NSE-DLKV,10083,1,855,864
7021,NSE-OIT,9980,1,957,971
7022,NSE-DLKV,10085,49,595,865
7022,NSE-DLKV,10085,1,656,865
7022,NSE-DLKV,10085,99,656,867
7022,NSE-DLKV,10085,1,694,867
7022,NSE-DLKV,10085,99,694,869
7022,NSE-DLKV,10086,51,607,869
7022,NSE-DLKV,10086,49,607,871
7022,NSE-DLKV,10086,8,811,871
7022,NSE-DLKV,10087,143,556,871
7022,NSE-DLKV,10087,7,556,873
7022,NSE-DLKV,10087,150,597,873
7022,NSE-DLKV,10087,8,628,873
7022,NSE-DLKV,10087,85,658,873
7023,NSE-ZABA,9843,8,852,855
7023,NSE-ZITO,9730,8,676,893
7023,NSE-ZITO,9729,42,441,893
7023,NSE-ZITO,9729,100,441,895
7023,NSE-ZITO,9729,24,441,897
7023,NSE-ZITO,9729,126,480,897
7023,NSE-ZITO,9729,124,480,899
7023,NSE-ZITO,9729,8,630,899
7023,NSE-ZITO,9728,68,443,899
7023,NSE-ZITO,9728,182,443,901
7023,NSE-ZITO,9728,8,702,901
7023,NSE-ZITO,9728,60,772,901
7053,NSE-OIT,9987,50,973,982
7053,NSE-CARD,9789,50,970,979
7053,NSE-OIT,9988,19,975,984
7053,NSE-CARD,9790,10,972,981
7114,NSE-OIT,9988,8,975,986
7114,NSE-ZABA,9829,5,855,864
7121,NSE-SIMP,10010,6,879,888
7121,NSE-OIT,9985,4,972,987
7121,NSE-DLKV,10075,1,859,875
7121,NSE-CARD,9785,50,973,985
7121,NSE-CARD,9785,100,973,987
7121,NSE-CARD,9784,100,955,989
7121,NSE-CARD,9784,50,975,989
7121,NSE-DLKV,10087,50,658,876
7121,NSE-DLKV,10087,15,658,878
7121,NSE-DLKV,10087,85,696,878
7121,NSE-DLKV,10087,65,696,880
7121,NSE-DLKV,10088,8,603,880
7121,NSE-DLKV,10088,77,609,880
7121,NSE-DLKV,10088,73,609,882
7121,NSE-DLKV,10088,50,706,882
7121,NSE-DLKV,10089,77,558,882
7121,NSE-DLKV,10089,123,558,884
7121,NSE-DLKV,10089,127,599,884
7121,NSE-SIMP,10010,44,879,889
7121,NSE-SIMP,10011,6,881,889
7121,NSE-SIMP,10011,94,881,891
7121,NSE-SIMP,10012,6,883,891
7121,NSE-SIMP,10012,144,883,893
7121,NSE-SIMP,10013,6,497,893
7122,NSE-ZITO,9728,50,772,904
7122,NSE-ZITO,9728,100,772,906
7122,NSE-ZITO,9728,40,772,908
7122,NSE-ZITO,9728,110,795,908
7122,NSE-ZITO,9728,90,795,910
7122,NSE-ZITO,9728,110,855,910
7122,NSE-ZITO,9728,90,855,912
7122,NSE-ZITO,9727,160,797,912
7127,NSE-OIT,9985,1,989,998
7127,NSE-SIMP,10012,1,895,900
7153,NSE-CARD,9785,50,991,996
7153,NSE-OIT,9983,50,988,1000
7221,NSE-OIT,9985,8,989,1001
7221,NSE-CARD,9785,3,991,998
7222,NSE-SIMP,10013,6,497,901
7222,NSE-CARD,9784,50,975,1000
7222,NSE-CARD,9784,100,975,1002
7222,NSE-CARD,9783,150,957,1004
7222,NSE-CARD,9783,200,977,1006
7222,NSE-CARD,9783,50,977,1008
7222,NSE-CARD,9782,200,959,1008
7222,NSE-DLKV,10089,50,599,887
7222,NSE-DLKV,10089,23,599,889
7222,NSE-DLKV,10089,77,660,889
7222,NSE-DLKV,10089,123,660,891
7222,NSE-DLKV,10089,8,799,891
7222,NSE-DLKV,10089,8,836,891
7222,NSE-DLKV,10090,11,611,891
7222,NSE-DLKV,10090,189,611,893
7222,NSE-DLKV,10090,11,708,893
7222,NSE-DLKV,10090,89,708,895
7222,NSE-DLKV,10090,8,862,895
7222,NSE-DLKV,10091,153,560,895
7222,NSE-SIMP,10012,50,895,903
7222,NSE-SIMP,10012,100,895,905
7222,NSE-SIMP,10012,49,895,907
7222,NSE-SIMP,10008,50,878,907
7222,NSE-SIMP,10007,51,880,907
7222,NSE-SIMP,10007,49,880,909
7222,NSE-SIMP,10006,150,882,909
7222,NSE-SIMP,10005,1,884,909
7222,NSE-SIMP,10005,199,884,911
7222,NSE-SIMP,9994,1,899,911
7222,NSE-SIMP,9993,50,598,911
7244,NSE-CARD,9785,50,991,1009
7244,NSE-OIT,9996,50,1002,1013
7244,NSE-OIT,9995,8,1004,1015
7252,NSE-ZITO,9729,50,914,925
7252,NSE-OIT,9995,30,1004,1017
7321,NSE-DLKV,10082,1,886,900
7321,NSE-DLKV,10075,8,859,900
7322,NSE-CARD,9781,50,961,1017
7322,NSE-CARD,9781,100,961,1019
7322,NSE-CARD,9781,100,961,1021
7322,NSE-DLKV,10091,50,560,901
7322,NSE-DLKV,10091,47,560,903
7322,NSE-DLKV,10091,50,630,903
7322,NSE-DLKV,10092,3,641,903
7322,NSE-DLKV,10092,47,641,905
7322,NSE-DLKV,10093,100,632,905
7322,NSE-DLKV,10093,3,850,905
7322,NSE-DLKV,10093,47,850,907
7322,NSE-DLKV,10094,100,643,907
7322,NSE-DLKV,10094,8,652,907
7322,NSE-DLKV,10094,45,666,907
7322,NSE-DLKV,10094,5,666,909
7322,NSE-DLKV,10094,8,750,909
7322,NSE-DLKV,10094,8,773,909
7322,NSE-DLKV,10095,50,618,909
7322,NSE-DLKV,10095,150,634,909
7322,NSE-DLKV,10096,29,645,909
7322,NSE-OIT,9999,8,864,1018
7322,NSE-SIMP,9993,50,598,917
7322,NSE-SIMP,9993,40,598,919
7322,NSE-SIMP,9993,60,668,919
7322,NSE-SIMP,9993,150,668,921
7322,NSE-SIMP,9993,40,668,923
7322,NSE-SIMP,9993,160,779,923
7322,NSE-SIMP,9993,90,779,925
7322,NSE-SIMP,9992,8,624,925
7322,NSE-SIMP,9992,8,673,925
7322,NSE-SIMP,9991,50,699,925
7322,NSE-SIMP,9990,94,508,925
7323,NSE-ZITO,9727,50,797,927
7323,NSE-ZITO,9727,40,797,929
7323,NSE-ZITO,9727,60,857,929
7323,NSE-ZITO,9727,150,857,931
7323,NSE-ZITO,9727,40,857,933
7323,NSE-ZITO,9726,8,799,933
7323,NSE-ZITO,9725,150,452,933
7323,NSE-ZITO,9725,2,866,933
7323,NSE-ZITO,9725,48,866,935
7323,NSE-ZITO,9725,150,917,935
7323,NSE-ZITO,9724,52,454,935
7331,NSE-CARD,9780,32,1021,1026
7331,NSE-OIT,9999,42,1018,1029
7331,NSE-OIT,9998,8,1020,1029
7331,NSE-CARD,9780,1,1021,1028
7383,NSE-ZABA,9848,8,888,899
7421,NSE-DLKV,10096,6,645,913
7421,NSE-DLKV,10096,50,645,914
7421,NSE-DLKV,10096,65,645,916
7421,NSE-DLKV,10096,35,668,916
7422,NSE-DLKV,10096,65,668,918
7422,NSE-DLKV,10096,8,912,918
7422,NSE-DLKV,10097,8,562,918
7422,NSE-DLKV,10097,69,620,918
7422,NSE-DLKV,10097,31,620,920
7422,NSE-DLKV,10097,50,838,920
7422,NSE-DLKV,10097,10,899,920
7422,NSE-DLKV,10098,109,647,920
7422,NSE-DLKV,10098,91,647,922
7422,NSE-DLKV,10098,150,670,922
7422,NSE-DLKV,10098,8,727,922
7422,NSE-DLKV,10099,1,347,922
7423,NSE-ZITO,9730,50,916,938
7423,NSE-ZITO,9730,50,916,940
7423,NSE-ZITO,9731,50,918,940
7423,NSE-ZITO,9731,100,918,942
7423,NSE-ZITO,9732,50,920,942
7423,NSE-ZITO,9732,150,920,944
7423,NSE-ZITO,9733,50,922,944
7423,NSE-ZITO,9733,200,922,946
7453,NSE-CARD,9778,10,988,1043
7454,NSE-OIT,9991,50,1034,1045
7521,NSE-ZABA,9854,8,900,910
7521,NSE-ZITO,9737,5,858,948
7521,NSE-CARD,9779,10,1032,1045
7522,NSE-CARD,9778,50,988,1047
7522,NSE-CARD,9778,90,988,1049
7522,NSE-DLKV,10099,50,347,924
7522,NSE-DLKV,10099,39,347,926
7522,NSE-DLKV,10099,8,540,926
7522,NSE-DLKV,10099,53,622,926
7522,NSE-DLKV,10099,97,622,928
7522,NSE-DLKV,10099,8,676,928
7522,NSE-DLKV,10099,8,704,928
7522,NSE-DLKV,10099,37,840,928
7522,NSE-DLKV,10099,63,840,930
7522,NSE-DLKV,10099,8,898,930
7522,NSE-DLKV,10100,1,352,930
7522,NSE-DLKV,10100,8,516,930
7522,NSE-DLKV,10100,120,672,930
7522,NSE-DLKV,10100,80,672,932
7522,NSE-DLKV,10101,170,349,932
7522,NSE-OIT,10001,8,1031,1047
7522,NSE-OIT,10007,8,970,1047
7522,NSE-SIMP,9996,50,930,941
7522,NSE-SIMP,9995,100,932,943
7522,NSE-SIMP,9993,8,928,945
7522,NSE-SIMP,9992,142,938,945
7522,NSE-SIMP,9992,108,938,947
7522,NSE-SIMP,9990,92,508,947
7522,NSE-SIMP,9990,6,508,949
7522,NSE-SIMP,9989,244,510,949
7522,NSE-ZABA,9867,8,886,911
7522,NSE-ZABA,9872,8,853,911
7539,NSE-OIT,10014,34,1047,1058
7539,NSE-OIT,10012,16,1049,1058
7622,NSE-CARD,9777,50,990,1059
7622,NSE-CARD,9777,100,990,1061
7622,NSE-CARD,9777,50,990,1063
7622,NSE-CARD,9776,100,992,1063
7622,NSE-CARD,9776,150,992,1065
7622,NSE-CARD,9776,50,1033,1065
7622,NSE-CARD,9776,50,1033,1067
7622,NSE-CARD,9775,100,1018,1067
7622,NSE-CARD,9775,100,1035,1067
7622,NSE-DLKV,10101,30,349,934
7622,NSE-DLKV,10102,20,674,934
7622,NSE-DLKV,10102,100,674,936
7622,NSE-DLKV,10102,130,674,938
7622,NSE-DLKV,10103,20,351,938
7622,NSE-DLKV,10103,200,351,940
7622,NSE-DLKV,10103,30,351,942
7622,NSE-DLKV,10103,10,784,942
7622,NSE-DLKV,10104,8,471,942
7622,NSE-DLKV,10105,8,449,942
7622,NSE-DLKV,10106,8,425,942
7622,NSE-DLKV,10106,10,725,942
7622,NSE-DLKV,10107,1,156,942
7622,NSE-DLKV,10107,8,268,942
7622,NSE-DLKV,10107,8,401,942
7622,NSE-DLKV,10109,8,291,942
7622,NSE-DLKV,10109,8,340,942
7622,NSE-DLKV,10110,8,75,942
7622,NSE-DLKV,10110,8,129,942
7622,NSE-DLKV,10110,10,688,942
7622,NSE-DLKV,10113,8,104,942
7622,NSE-DLKV,10113,8,221,942
7622,NSE-DLKV,10113,8,365,942
7622,NSE-DLKV,10115,10,663,942
7622,NSE-DLKV,10115,10,771,942
7622,NSE-DLKV,10116,8,245,942
7622,NSE-DLKV,10119,8,158,942
7622,NSE-DLKV,10120,10,116,942
7622,NSE-DLKV,10121,8,195,942
7622,NSE-DLKV,10122,10,702,942
7622,NSE-DLKV,10123,10,574,942
7622,NSE-DLKV,10126,10,143,942
7622,NSE-DLKV,10126,9,171,942
7622,NSE-OIT,9977,8,969,1060
7622,NSE-OIT,9976,1,833,1060
7622,NSE-SIMP,9998,50,931,950
7622,NSE-SIMP,9999,100,933,952
7622,NSE-SIMP,10002,150,939,954
7622,NSE-SIMP,10002,100,939,956
7622,NSE-ZITO,9737,50,858,959
7622,NSE-ZITO,9737,31,858,961
7622,NSE-ZITO,9738,50,950,961
7622,NSE-ZITO,9739,19,952,961
7622,NSE-ZITO,9739,81,952,963
7622,NSE-ZITO,9740,69,954,963
7622,NSE-ZITO,9740,81,954,965
7658,NSE-OIT,9973,8,1060,1069
7658,NSE-ZABA,9873,8,923,934
7705,NSE-OIT,9973,33,1060,1071
7705,NSE-OIT,9974,17,1062,1071
7705,NSE-CARD,9778,10,1049,1071
7705,NSE-CARD,9779,40,1051,1071
7705,NSE-OIT,9974,50,1062,1073
7721,NSE-CARD,9779,2,1051,1073
7721,NSE-CARD,9779,50,1051,1074
7721,NSE-CARD,9779,58,1051,1076
7721,NSE-CARD,9780,17,1021,1076
7721,NSE-CARD,9780,25,1034,1076
7721,NSE-CARD,9780,75,1034,1078
7721,NSE-CARD,9780,75,1053,1078
7721,NSE-CARD,9780,125,1053,1080
7721,NSE-CARD,9781,75,1023,1080
7721,NSE-CARD,9781,125,1023,1082
7721,NSE-CARD,9781,125,1036,1082
7721,NSE-DLKV,10100,8,945,947
7721,NSE-DLKV,10105,10,946,947
7721,NSE-DLKV,10126,1,171,947
7721,NSE-DLKV,10128,10,493,947
7721,NSE-DLKV,10130,10,208,947
7721,NSE-DLKV,10131,10,155,947
7721,NSE-DLKV,10132,1,183,947
7721,NSE-DLKV,10132,9,183,949
7721,NSE-DLKV,10133,10,219,949
7721,NSE-DLKV,10139,10,303,949
7721,NSE-OIT,9971,8,1030,1076
7721,NSE-OIT,9969,8,863,1076
7721,NSE-OIT,9965,8,906,1076
7721,NSE-OIT,9964,8,891,1076
7721,NSE-OIT,9963,8,935,1076
7721,NSE-OIT,9963,8,1014,1076
7721,NSE-SIMP,10008,50,951,962
7721,NSE-SIMP,10009,100,953,964
7721,NSE-SIMP,10010,10,915,966
7721,NSE-SIMP,10010,140,955,966
7721,NSE-SIMP,10010,10,955,968
7721,NSE-SIMP,10012,190,959,968
7722,NSE-ZITO,9741,50,941,974
7722,NSE-ZITO,9741,50,941,976
7722,NSE-ZITO,9741,50,956,976
7722,NSE-ZITO,9741,150,956,978
7722,NSE-ZITO,9741,8,971,980
7722,NSE-ZITO,9742,192,832,980
7722,NSE-ZITO,9742,8,832,982
7722,NSE-ZITO,9742,150,943,982
7722,NSE-ZITO,9742,92,958,982
7768,NSE-OIT,9960,2,1076,1085
7768,NSE-OIT,9961,48,1078,1085
7782,NSE-DLKV,10187,8,949,958
7782,NSE-OIT,9961,8,1078,1086
7782,NSE-SIMP,10011,8,970,973
7821,NSE-DLKV,10187,5,949,959
7821,NSE-CARD,9781,25,1036,1087
7821,NSE-CARD,9781,25,1055,1087
7822,NSE-CARD,9781,100,1055,1089
7822,NSE-CARD,9781,125,1055,1091
7822,NSE-CARD,9782,25,1025,1091
7822,NSE-CARD,9782,200,1025,1093
7822,NSE-CARD,9782,25,1025,1095
7822,NSE-CARD,9782,200,1038,1095
7822,NSE-CARD,9783,25,1040,1095
7822,NSE-SIMP,10012,50,959,974
7822,NSE-SIMP,10012,10,959,976
7822,NSE-SIMP,10013,90,497,976
7822,NSE-SIMP,10013,1,497,978
7822,NSE-SIMP,10013,100,532,978
7822,NSE-SIMP,10013,49,546,978
7822,NSE-SIMP,10013,51,546,980
7822,NSE-SIMP,10013,149,563,980
7822,NSE-SIMP,10013,101,563,982
7822,NSE-SIMP,10013,100,570,982
7822,NSE-SIMP,10013,49,825,982
7822,NSE-ZITO,9742,50,958,987
7822,NSE-ZITO,9742,100,958,989
7822,NSE-ZITO,9742,8,958,991
7822,NSE-ZITO,9743,142,834,991
7822,NSE-ZITO,9743,108,834,993
7822,NSE-ZITO,9743,92,945,993
7822,NSE-ZITO,9743,108,945,995
7822,NSE-ZITO,9744,142,820,995
7859,NSE-OIT,9971,30,1089,1099
7868,NSE-OIT,9973,50,1090,1100
7869,NSE-CARD,9775,50,1035,1098
7869,NSE-OIT,9971,20,1089,1101
7921,NSE-ZITO,9744,1,820,997
7921,NSE-ZITO,9740,10,965,998
7921,NSE-CARD,9783,50,1040,1099
7921,NSE-CARD,9783,100,1040,1101
7921,NSE-CARD,9783,75,1040,1103
7921,NSE-CARD,9785,75,991,1103
7921,NSE-CARD,9785,22,991,1105
7921,NSE-CARD,9786,178,993,1105
7921,NSE-CARD,9786,72,993,1107
7921,NSE-CARD,9790,90,972,1107
7921,NSE-CARD,9791,88,962,1107
7921,NSE-OIT,9959,8,831,1103
7922,NSE-ZITO,9744,50,820,999
7922,NSE-ZITO,9744,7,820,1001
7922,NSE-ZITO,9744,93,947,1001
7922,NSE-ZITO,9744,150,947,1003
7922,NSE-ZITO,9744,7,947,1005
7922,NSE-ZITO,9745,193,822,1005
7922,NSE-ZITO,9745,57,822,1007
7922,NSE-ZITO,9746,100,962,1007
7922,NSE-ZITO,9747,8,937,1007
7922,NSE-ZITO,9747,85,964,1007
7934,NSE-OIT,9950,1,1103,1112
7976,NSE-OIT,9950,41,1103,1113
7976,NSE-OIT,9951,9,1105,1113
7976,NSE-SIMP,10012,50,984,994
8022,NSE-OIT,9948,5,1102,1117
8022,NSE-CARD,9791,1,962,1110
8022,NSE-CARD,9791,50,962,1111
8022,NSE-CARD,9791,53,962,1113
8022,NSE-CARD,9791,47,974,1113
8022,NSE-CARD,9791,103,974,1115
8022,NSE-CARD,9792,47,976,1115
8022,NSE-CARD,9792,153,976,1117
8022,NSE-CARD,9793,47,978,1117
8022,NSE-CARD,9793,203,978,1119
8022,NSE-CARD,9793,8,1069,1119
8022,NSE-CARD,9793,8,1085,1119
8022,NSE-CARD,9802,8,1012,1119
8022,NSE-CARD,9803,8,1030,1119
8022,NSE-CARD,9807,10,982,1119
8022,NSE-CARD,9808,5,946,1119
8023,NSE-SIMP,10011,50,986,996
8023,NSE-ZITO,9747,50,964,1009
8023,NSE-ZITO,9747,15,964,1011
8023,NSE-ZITO,9748,85,786,1011
8023,NSE-ZITO,9748,108,786,1013
8023,NSE-ZITO,9748,8,891,1013
8023,NSE-ZITO,9748,8,924,1013
8023,NSE-ZITO,9748,26,966,1013
8023,NSE-ZITO,9748,174,966,1015
8023,NSE-ZITO,9749,26,788,1015
8023,NSE-ZITO,9749,224,788,1017
8023,NSE-ZITO,9749,26,968,1017
8043,NSE-DLKV,10174,8,982,993
8043,NSE-OIT,9950,8,1119,1128
8043,NSE-ZABA,9847,8,971,980
8108,NSE-OIT,9950,10,1119,1130
8121,NSE-DLKV,10174,2,982,995
8121,NSE-CARD,9782,10,1122,1125
8121,NSE-CARD,9791,8,1124,1125
8121,NSE-CARD,9808,32,946,1125
8122,NSE-CARD,9808,63,946,1127
8122,NSE-CARD,9809,37,948,1127
8122,NSE-CARD,9809,150,948,1129
8122,NSE-CARD,9809,13,948,1131
8122,NSE-OIT,9953,50,1125,1131
8122,NSE-SIMP,10012,50,998,1008
8122,NSE-SIMP,10012,50,998,1010
8122,NSE-SIMP,10013,50,825,1010
8122,NSE-SIMP,10013,51,825,1012
8122,NSE-SIMP,10013,8,831,1012
8122,NSE-SIMP,10013,8,853,1012
8122,NSE-SIMP,10013,83,885,1012
8122,NSE-SIMP,10013,117,885,1014
8122,NSE-SIMP,10013,83,1000,1014
8122,NSE-SIMP,10013,67,1000,1016
8122,NSE-SIMP,10014,183,499,1016
8122,NSE-ZITO,9740,50,965,1022
8126,NSE-OIT,9953,50,1125,1141
8126,NSE-CARD,9829,50,1131,1135
8127,NSE-DLKV,10183,50,996,1006
8127,NSE-OIT,9952,30,1133,1143
8146,NSE-CARD,9829,8,1131,1137
8146,NSE-OIT,9953,8,1125,1144
8146,NSE-DLKV,10181,5,998,1009
8165,NSE-SIMP,10011,50,986,1020
8165,NSE-CARD,9829,50,1131,1138
8165,NSE-OIT,9952,50,1133,1147
8194,NSE-DLKV,10181,50,998,1010
8221,NSE-OIT,9952,9,1133,1148
8221,NSE-DLKV,10181,6,998,1011
8222,NSE-OIT,9953,50,1125,1149
8222,NSE-OIT,9953,42,1125,1151
8222,NSE-OIT,9954,58,1111,1151
8222,NSE-OIT,9954,150,1111,1153
8222,NSE-OIT,9954,42,1111,1155
8222,NSE-OIT,9954,158,1127,1155
8222,NSE-OIT,9954,92,1127,1157
8223,NSE-SIMP,10014,17,499,1021
8223,NSE-SIMP,10014,33,534,1021
8223,NSE-SIMP,10014,100,534,1023
8223,NSE-SIMP,10014,17,534,1025
8223,NSE-SIMP,10014,133,548,1025
8223,NSE-SIMP,10014,17,548,1027
8223,NSE-SIMP,10014,150,572,1027
8223,NSE-SIMP,10014,8,770,1027
8223,NSE-SIMP,10014,25,827,1027
8223,NSE-ZABA,9870,8,948,994
8223,NSE-ZITO,9741,50,1024,1033
8223,NSE-ZITO,9741,50,1024,1035
8223,NSE-ZITO,9742,50,1026,1035
8223,NSE-ZITO,9742,100,1026,1037
8223,NSE-ZITO,9743,50,1028,1037
8223,NSE-ZITO,9743,150,1028,1039
8223,NSE-ZITO,9744,50,1030,1039
8223,NSE-ZITO,9744,200,1030,1041
8223,NSE-ZITO,9749,50,968,1041
8237,NSE-DLKV,10176,1,1012,1022
8246,NSE-SIMP,10013,50,1029,1031
8246,NSE-CARD,9834,50,1139,1150
8246,NSE-OIT,9955,50,1157,1160
8299,NSE-CARD,9833,10,1141,1151
8299,NSE-DLKV,10176,42,1012,1023
8299,NSE-OIT,9955,30,1157,1161
8299,NSE-CARD,9833,10,1141,1152
8299,NSE-SIMP,10013,10,1029,1032
8299,NSE-DLKV,10176,7,1012,1024
8299,NSE-DLKV,10174,3,1014,1024
8313,NSE-CARD,9833,50,1141,1153
8321,NSE-OIT,9955,8,1157,1163
8321,NSE-ZITO,9740,8,965,1043
8322,NSE-CARD,9829,50,1131,1155
8322,NSE-OIT,9959,50,1140,1164
8322,NSE-OIT,9959,100,1140,1166
8322,NSE-OIT,9959,100,1140,1168
8322,NSE-OIT,9963,50,1154,1168
8322,NSE-OIT,9963,100,1154,1170
8322,NSE-SIMP,10014,50,827,1033
8322,NSE-SIMP,10014,100,827,1035
8322,NSE-SIMP,10014,25,827,1037
8322,NSE-SIMP,10014,50,985,1037
8322,NSE-SIMP,10014,75,1002,1037
8322,NSE-SIMP,10014,125,1002,1039
8322,NSE-SIMP,10015,75,501,1039
8322,NSE-SIMP,10015,175,501,1041
8322,NSE-SIMP,10015,75,536,1041
8323,NSE-ZABA,9870,1,1004,1006
8323,NSE-ZITO,9749,50,968,1044
8323,NSE-ZITO,9749,100,968,1046
8323,NSE-ZITO,9749,24,968,1048
8323,NSE-ZITO,9750,50,878,1048
8323,NSE-ZITO,9750,8,985,1048
8323,NSE-ZITO,9751,68,880,1048
8323,NSE-ZITO,9751,32,880,1050
8323,NSE-ZITO,9751,50,988,1050
8323,NSE-ZITO,9752,8,824,1050
8323,NSE-ZITO,9752,8,861,1050
8323,NSE-ZITO,9752,102,882,1050
8323,NSE-ZITO,9752,48,882,1052
8323,NSE-ZITO,9752,50,975,1052
8323,NSE-ZITO,9752,100,990,1052
8323,NSE-ZITO,9753,52,884,1052
8343,NSE-SIMP,10013,50,1029,1043
8343,NSE-CARD,9830,50,1157,1164
8343,NSE-CARD,9829,29,1131,1165
8343,NSE-OIT,9963,50,1170,1175
8359,NSE-CARD,9828,10,1133,1166
8359,NSE-CARD,9830,8,1157,1167
8417,NSE-CARD,9828,8,1133,1169
8421,NSE-CARD,9828,50,1133,1171
8421,NSE-CARD,9828,100,1133,1173
8421,NSE-CARD,9828,82,1133,1175
8421,NSE-DLKV,10168,50,1033,1038
8421,NSE-DLKV,10168,100,1033,1040
8421,NSE-OIT,9964,50,1156,1179
8421,NSE-OIT,9964,100,1156,1181
8421,NSE-OIT,9964,50,1156,1183
8421,NSE-OIT,9964,8,1178,1183
8421,NSE-OIT,9965,92,1158,1183
8421,NSE-OIT,9965,158,1158,1185
8421,NSE-OIT,9971,42,1171,1185
8421,NSE-OIT,9971,158,1171,1187
8421,NSE-OIT,9972,92,1173,1187
8421,NSE-SIMP,10015,50,536,1046
8421,NSE-SIMP,10015,75,536,1048
8421,NSE-SIMP,10015,25,550,1048
8421,NSE-SIMP,10015,150,550,1050
8421,NSE-SIMP,10015,25,550,1052
8421,NSE-SIMP,10015,175,574,1052
8421,NSE-SIMP,10015,25,574,1054
8421,NSE-SIMP,10015,10,600,1054
8421,NSE-SIMP,10015,8,818,1054
8421,NSE-SIMP,10015,207,829,1054
8421,NSE-ZITO,9753,50,884,1056
8421,NSE-ZITO,9753,98,884,1058
8421,NSE-ZITO,9753,2,977,1058
8421,NSE-ZITO,9753,98,977,1060
8421,NSE-ZITO,9753,52,992,1060
8421,NSE-ZITO,9753,98,992,1062
8421,NSE-ZITO,9754,8,836,1062
8421,NSE-ZITO,9754,94,886,1062
8451,NSE-SIMP,10013,50,1029,1056
8451,NSE-SIMP,10013,50,1029,1057
8464,NSE-ZABA,9872,50,1019,1029
8464,NSE-OIT,9963,30,1170,1191
8478,NSE-CARD,9826,50,1175,1182
8478,NSE-OIT,9963,20,1170,1192
8478,NSE-OIT,9962,30,1172,1192
8521,NSE-CARD,9822,2,1170,1184
8521,NSE-ZITO,9754,3,886,1066
8521,NSE-ZITO,9754,10,886,1067
8521,NSE-ZITO,9753,1,1064,1068
8521,NSE-SIMP,10013,1,1029,1058
8521,NSE-ZITO,9754,7,886,1069
8522,NSE-CARD,9828,50,1179,1185
8522,NSE-CARD,9828,100,1179,1187
8522,NSE-CARD,9828,100,1179,1189
8522,NSE-CARD,9835,8,968,1189
8522,NSE-CARD,9836,42,1075,1189
8522,NSE-CARD,9836,8,1075,1191
8522,NSE-CARD,9837,100,1077,1191
8522,NSE-CARD,9837,92,1132,1191
8522,NSE-CARD,9837,108,1132,1193
8522,NSE-CARD,9838,142,1079,1193
8522,NSE-DLKV,10168,50,1033,1050
8522,NSE-DLKV,10168,50,1033,1052
8522,NSE-DLKV,10159,8,1007,1052
8522,NSE-DLKV,10154,8,1035,1052
8522,NSE-OIT,9972,50,1173,1193
8522,NSE-OIT,9972,100,1173,1195
8522,NSE-OIT,9972,8,1173,1197
8522,NSE-OIT,9986,8,1145,1197
8522,NSE-OIT,9987,8,1129,1197
8522,NSE-SIMP,10015,43,829,1059
8522,NSE-SIMP,10015,7,987,1059
8522,NSE-SIMP,10015,93,987,1061
8522,NSE-SIMP,10015,7,1004,1061
8522,NSE-SIMP,10015,150,1004,1063
8522,NSE-SIMP,10015,93,1004,1065
8522,NSE-SIMP,10016,107,538,1065
8522,NSE-SIMP,10016,143,538,1067
8522,NSE-SIMP,10016,107,552,1067
8522,NSE-ZITO,9753,50,1064,1071
8522,NSE-ZITO,9753,100,1064,1073
8522,NSE-ZITO,9753,99,1064,1075
8554,NSE-SIMP,10013,39,1029,1069
8554,NSE-OIT,10000,50,1197,1205
8569,NSE-DLKV,10144,10,1049,1060
8598,NSE-DLKV,10150,8,1052,1061
8598,NSE-OIT,10000,8,1197,1209
8621,NSE-OIT,10000,4,1197,1210
8621,NSE-CARD,9814,6,1198,1200
8621,NSE-CARD,9832,6,1197,1201
8621,NSE-OIT,10005,5,1087,1211
8621,NSE-CARD,9832,4,1197,1202
8621,NSE-CARD,9838,8,1079,1202
8621,NSE-CARD,9838,38,1134,1202
8621,NSE-CARD,9838,100,1134,1204
8621,NSE-CARD,9838,112,1134,1206
8621,NSE-CARD,9839,38,1081,1206
8621,NSE-CARD,9839,162,1081,1208
8621,NSE-CARD,9840,38,1083,1208
8621,NSE-CARD,9840,212,1083,1210
8621,NSE-CARD,9841,38,1090,1210
8621,NSE-OIT,10005,3,1087,1212
8621,NSE-SIMP,10016,50,552,1073
8621,NSE-SIMP,10016,93,552,1075
8621,NSE-SIMP,10016,7,576,1075
8621,NSE-SIMP,10016,150,576,1077
8621,NSE-SIMP,10016,93,576,1079
8621,NSE-SIMP,10016,8,794,1079
8621,NSE-SIMP,10016,8,877,1079
8621,NSE-SIMP,10016,8,961,1079
8621,NSE-SIMP,10016,83,989,1079
8621,NSE-SIMP,10016,67,989,1081
8621,NSE-SIMP,10016,10,1070,1081
8621,NSE-SIMP,10017,8,724,1081
8621,NSE-SIMP,10017,8,748,1081
8621,NSE-SIMP,10017,50,890,1081
8621,NSE-SIMP,10017,50,963,1081
8621,NSE-SIMP,10017,57,991,1081
8622,NSE-ZABA,9875,8,1017,1044
8622,NSE-ZABA,9880,8,1042,1044
8622,NSE-ZABA,9882,8,993,1044
8622,NSE-ZITO,9753,50,1075,1083
8622,NSE-ZITO,9753,1,1075,1085
8622,NSE-ZITO,9754,99,886,1085
8622,NSE-ZITO,9754,37,886,1087
8622,NSE-ZITO,9754,113,979,1087
8622,NSE-ZITO,9754,37,979,1089
8622,NSE-ZITO,9754,163,1077,1089
8622,NSE-ZITO,9754,37,1077,1091
8622,NSE-ZITO,9755,200,981,1091
8622,NSE-ZITO,9755,13,1010,1091
8648,NSE-OIT,10005,47,1212,1223
8648,NSE-OIT,10003,3,1214,1223
8721,NSE-DLKV,10165,4,1064,1073
8721,NSE-DLKV,10165,5,1064,1074
8721,NSE-CARD,9814,2,1198,1215
8721,NSE-CARD,9783,1,1149,1215
8721,NSE-CARD,9775,10,1121,1215
8721,NSE-CARD,9774,37,1020,1215
8721,NSE-CARD,9774,100,1020,1217
8721,NSE-CARD,9774,13,1020,1219
8721,NSE-CARD,9774,137,1037,1219
8721,NSE-CARD,9774,63,1037,1221
8721,NSE-CARD,9774,100,1048,1221
8721,NSE-CARD,9773,8,1011,1221
8721,NSE-CARD,9773,29,1022,1221
8721,NSE-CARD,9773,171,1022,1223
8721,NSE-CARD,9773,8,1029,1223
8721,NSE-CARD,9773,71,1039,1223
8722,NSE-OIT,10003,50,1214,1226
8722,NSE-OIT,10003,47,1214,1228
8722,NSE-SIMP,10017,50,991,1084
8722,NSE-SIMP,10017,93,991,1086
8722,NSE-SIMP,10018,7,580,1086
8722,NSE-SIMP,10018,93,580,1088
8722,NSE-SIMP,10018,10,589,1088
8722,NSE-SIMP,10018,47,619,1088
8722,NSE-SIMP,10018,103,619,1090
8722,NSE-SIMP,10018,50,833,1090
8722,NSE-SIMP,10018,47,892,1090
8722,NSE-SIMP,10018,53,892,1092
8722,NSE-SIMP,10018,8,914,1092
8722,NSE-SIMP,10018,100,965,1092
8722,NSE-SIMP,10019,89,582,1092
8722,NSE-ZITO,9755,37,1010,1094
8722,NSE-ZITO,9755,8,1020,1094
8722,NSE-ZITO,9755,5,1079,1094
8738,NSE-OIT,10002,50,1228,1236
8738,NSE-SIMP,10010,50,988,1095
8738,NSE-OIT,10001,50,1216,1237
8753,NSE-OIT,10002,3,1228,1238
8753,NSE-OIT,10003,5,1230,1238
8753,NSE-DLKV,10147,40,1075,1086
8821,NSE-SIMP,10019,5,582,1096
8822,NSE-CARD,9773,50,1039,1230
8822,NSE-CARD,9773,100,1039,1232
8822,NSE-CARD,9773,29,1039,1234
8822,NSE-CARD,9773,121,1050,1234
8822,NSE-CARD,9773,29,1050,1236
8822,NSE-CARD,9772,171,1024,1236
8822,NSE-CARD,9772,79,1024,1238
8822,NSE-CARD,9772,171,1052,1238
8822,NSE-OIT,10001,50,1216,1240
8822,NSE-SIMP,10019,50,582,1097
8822,NSE-SIMP,10019,6,582,1099
8822,NSE-SIMP,10019,94,621,1099
8822,NSE-SIMP,10019,106,621,1101
8822,NSE-SIMP,10019,8,698,1101
8822,NSE-SIMP,10019,36,894,1101
8822,NSE-SIMP,10019,114,894,1103
8822,NSE-SIMP,10019,86,967,1103
8822,NSE-SIMP,10019,64,967,1105
8822,NSE-SIMP,10020,186,584,1105
8822,NSE-ZABA,9889,8,981,1065
8847,NSE-CARD,9841,50,1090,1239
8847,NSE-OIT,10002,50,1242,1249
8847,NSE-CARD,9841,4,1090,1240
8853,NSE-OIT,10002,50,1242,1250
8853,NSE-SIMP,10010,50,988,1107
8853,NSE-CARD,9841,8,1090,1242
8912,NSE-ZABA,9889,8,1065,1077
8921,NSE-OIT,10003,5,1230,1254
8921,NSE-SIMP,10010,5,988,1110
8921,NSE-SIMP,10010,5,988,1111
8921,NSE-ZABA,9889,7,1065,1078
8921,NSE-ZITO,9755,8,1079,1118
8921,NSE-CARD,9808,8,1244,1247
8921,NSE-CARD,9772,29,1052,1247
8921,NSE-CARD,9771,13,1054,1247
8921,NSE-CARD,9771,100,1054,1249
8921,NSE-CARD,9771,137,1054,1251
8921,NSE-CARD,9767,8,1168,1251
8921,NSE-CARD,9764,5,1068,1251
8921,NSE-CARD,9764,3,1068,1253
8921,NSE-CARD,9763,8,1084,1253
8921,NSE-CARD,9763,8,1136,1253
8921,NSE-CARD,9762,8,1123,1253
8921,NSE-CARD,9750,100,1060,1253
8921,NSE-CARD,9749,73,1062,1253
8921,NSE-CARD,9749,77,1062,1255
8921,NSE-CARD,9748,173,1064,1255
8921,NSE-OIT,10001,50,1216,1256
8921,NSE-OIT,9999,100,1218,1258
8921,NSE-OIT,9999,100,1218,1260
8921,NSE-OIT,9997,50,1220,1260
8921,NSE-OIT,9997,200,1220,1262
8922,NSE-OIT,9998,50,1264,1265
8922,NSE-CARD,9837,8,1245,1256
8922,NSE-OIT,9998,8,1264,1267
8922,NSE-DLKV,10154,40,1099,1109
9021,NSE-ZITO,9755,6,1079,1130
9021,NSE-ZITO,9755,2,1079,1131
9021,NSE-CARD,9748,27,1064,1260
9021,NSE-CARD,9747,23,1003,1260
9021,NSE-CARD,9747,100,1003,1262
9021,NSE-CARD,9747,27,1003,1264
9021,NSE-CARD,9747,123,1066,1264
9021,NSE-CARD,9747,127,1066,1266
9021,NSE-CARD,9746,73,1005,1266
9021,NSE-CARD,9746,127,1005,1268
9021,NSE-CARD,9745,123,1007,1268
9021,NSE-DLKV,10159,50,1084,1113
9021,NSE-DLKV,10159,100,1084,1115
9021,NSE-SIMP,10013,50,1113,1123
9021,NSE-SIMP,10013,1,1122,1125
9021,NSE-SIMP,10014,99,1115,1125
9021,NSE-SIMP,10014,1,1115,1127
9021,NSE-SIMP,10015,149,1117,1127
9021,NSE-SIMP,10015,1,1117,1129
9021,NSE-SIMP,10016,199,1119,1129
9021,NSE-SIMP,10016,1,1119,1131
9021,NSE-SIMP,10017,249,1121,1131
9021,NSE-ZABA,9891,8,830,1090
9021,NSE-ZABA,9913,8,794,1090
9021,NSE-ZABA,9917,8,806,1090
9021,NSE-ZITO,9754,50,1096,1133
9021,NSE-ZITO,9754,50,1096,1135
9021,NSE-ZITO,9754,50,1119,1135
9021,NSE-ZITO,9753,150,1098,1137
9021,NSE-ZITO,9753,50,1106,1139
9021,NSE-ZITO,9753,100,1121,1139
9021,NSE-ZITO,9752,50,1100,1139
9021,NSE-ZITO,9752,150,1100,1141
9021,NSE-ZITO,9752,100,1108,1141
9033,NSE-ZABA,9920,8,1090,1101
9053,NSE-OIT,9998,50,1264,1280
9053,NSE-SIMP,10010,11,988,1135
9053,NSE-CARD,9842,50,1092,1272
9053,NSE-CARD,9812,8,1269,1273
9089,NSE-OIT,9998,50,1264,1282
9089,NSE-CARD,9773,10,1274,1276
9089,NSE-ZITO,9755,50,1079,1145
9089,NSE-DLKV,10157,10,1117,1125
9121,NSE-CARD,9840,1,1278,1279
9121,NSE-CARD,9841,5,1275,1279
9122,NSE-CARD,9815,1,1277,1281
9122,NSE-CARD,9745,49,1007,1281
9122,NSE-CARD,9745,78,1007,1283
9122,NSE-CARD,9711,1,822,1283
9122,NSE-CARD,9709,8,782,1283
9122,NSE-DLKV,10159,50,1084,1127
9122,NSE-DLKV,10159,50,1084,1129
9122,NSE-OIT,9997,50,1229,1284
9122,NSE-OIT,9997,100,1229,1286
9122,NSE-OIT,9996,150,1231,1288
9122,NSE-OIT,9996,50,1231,1290
9122,NSE-OIT,9995,150,1233,1290
9122,NSE-OIT,9995,100,1233,1292
9122,NSE-OIT,9995,150,1247,1292
9122,NSE-SIMP,10017,1,1121,1136
9122,NSE-SIMP,10020,14,584,1136
9122,NSE-SIMP,10020,35,623,1136
9122,NSE-SIMP,10020,100,623,1138
9122,NSE-SIMP,10020,115,623,1140
9122,NSE-SIMP,10020,35,867,1140
9122,NSE-SIMP,10020,15,867,1142
9122,NSE-SIMP,10020,185,896,1142
9122,NSE-SIMP,10020,15,896,1144
9122,NSE-SIMP,10020,200,969,1144
9122,NSE-SIMP,10020,8,1006,1144
9122,NSE-SIMP,10021,27,586,1144
9123,NSE-ZITO,9755,50,1079,1146
9123,NSE-ZITO,9755,100,1079,1148
9123,NSE-ZITO,9755,29,1079,1150
9123,NSE-ZITO,9755,50,1107,1150
9123,NSE-ZITO,9756,8,800,1150
9123,NSE-ZITO,9756,63,808,1150
9123,NSE-ZITO,9756,137,808,1152
9123,NSE-ZITO,9756,63,983,1152
9154,NSE-OIT,9998,50,1264,1293
9154,NSE-CARD,9701,13,1283,1291
9154,NSE-CARD,9702,37,1285,1291
9204,NSE-CARD,9702,8,1285,1293
9204,NSE-ZABA,9911,8,1104,1115
9221,NSE-DLKV,10159,7,1129,1139
9221,NSE-ZABA,9915,9,1105,1116
9221,NSE-OIT,9998,5,1264,1297
9221,NSE-DLKV,10159,8,1129,1140
9222,NSE-CARD,9696,50,1284,1296
9222,NSE-CARD,9696,100,1284,1298
9222,NSE-DLKV,10161,1,1126,1141
9222,NSE-DLKV,10162,8,1098,1141
9222,NSE-OIT,9995,50,1247,1299
9222,NSE-OIT,9995,50,1247,1301
9222,NSE-SIMP,10021,50,586,1148
9222,NSE-SIMP,10021,100,586,1150
9222,NSE-SIMP,10021,73,586,1152
9222,NSE-SIMP,10021,77,754,1152
9222,NSE-SIMP,10021,73,754,1154
9222,NSE-SIMP,10021,127,839,1154
9222,NSE-SIMP,10021,73,839,1156
9222,NSE-SIMP,10021,100,869,1156
9222,NSE-SIMP,10021,77,1026,1156
9222,NSE-ZITO,9755,50,1154,1159
9222,NSE-ZITO,9755,100,1154,1161
9222,NSE-ZITO,9755,100,1154,1163
9222,NSE-ZITO,9752,50,1123,1163
9222,NSE-ZITO,9752,100,1123,1165
9222,NSE-ZITO,9751,100,1102,1165
9223,NSE-OIT,9994,50,1301,1308
9223,NSE-DLKV,10170,10,1141,1151
9254,NSE-OIT,9995,50,1303,1309
9254,NSE-CARD,9697,21,1300,1306
9321,NSE-CARD,9695,2,808,1308
9321,NSE-DLKV,10170,4,1141,1153
9321,NSE-CARD,9697,50,1300,1309
9321,NSE-CARD,9697,79,1300,1311
9321,NSE-CARD,9698,21,1302,1311
9321,NSE-CARD,9698,150,1302,1313
9321,NSE-CARD,9698,29,1302,1315
9321,NSE-CARD,9699,171,1304,1315
9321,NSE-CARD,9699,79,1304,1317
9321,NSE-DLKV,10171,8,1138,1154
9321,NSE-DLKV,10173,42,1046,1154
9321,NSE-DLKV,10173,100,1046,1156
9321,NSE-OIT,9990,50,1259,1312
9321,NSE-OIT,9990,100,1259,1314
9321,NSE-OIT,9990,8,1278,1316
9321,NSE-OIT,9989,142,1261,1316
9321,NSE-OIT,9989,58,1261,1318
9321,NSE-OIT,9988,142,1263,1318
9321,NSE-OIT,9988,108,1263,1320
9321,NSE-OIT,9987,8,1252,1320
9321,NSE-OIT,9982,8,1295,1320
9322,NSE-SIMP,10021,50,1026,1159
9322,NSE-SIMP,10021,23,1026,1161
9322,NSE-SIMP,10022,8,465,1161
9322,NSE-SIMP,10022,8,674,1161
9322,NSE-SIMP,10022,61,756,1161
9322,NSE-SIMP,10022,139,756,1163
9322,NSE-SIMP,10022,11,841,1163
9322,NSE-SIMP,10022,200,841,1165
9322,NSE-SIMP,10022,39,841,1167
9322,NSE-SIMP,10022,50,843,1167
9322,NSE-SIMP,10022,150,871,1167
9322,NSE-SIMP,10022,11,1028,1167
9347,NSE-CARD,9702,50,1285,1319
9347,NSE-OIT,9963,42,1320,1321
9347,NSE-ZITO,9752,30,1167,1178
9348,NSE-OIT,9963,50,1320,1323
9348,NSE-CARD,9699,50,1317,1321
9394,NSE-DLKV,10172,50,1158,1164
9408,NSE-OIT,9963,8,1320,1325
9421,NSE-CARD,9699,50,1317,1325
9421,NSE-CARD,9699,71,1317,1327
9421,NSE-CARD,9695,6,808,1327
9421,NSE-CARD,9695,23,1286,1327
9421,NSE-CARD,9695,150,1286,1329
9421,NSE-CARD,9695,27,1286,1331
9421,NSE-DLKV,10173,50,1046,1167
9421,NSE-DLKV,10173,58,1046,1169
9421,NSE-DLKV,10173,42,1136,1169
9421,NSE-DLKV,10173,150,1136,1171
9421,NSE-DLKV,10173,58,1136,1173
9421,NSE-DLKV,10173,10,1152,1173
9421,NSE-SIMP,10021,10,1169,1172
9421,NSE-SIMP,10022,40,1028,1172
9421,NSE-SIMP,10022,100,1028,1174
9421,NSE-SIMP,10022,49,1028,1176
9421,NSE-SIMP,10023,8,434,1176
9421,NSE-SIMP,10023,10,527,1176
9421,NSE-SIMP,10023,8,625,1176
9421,NSE-SIMP,10023,75,758,1176
9421,NSE-SIMP,10023,175,758,1178
9421,NSE-SIMP,10023,25,845,1178
9421,NSE-SIMP,10023,75,845,1180
9421,NSE-SIMP,10023,175,873,1180
9422,NSE-ZITO,9752,50,1167,1181
9422,NSE-ZITO,9752,100,1167,1183
9422,NSE-ZITO,9752,70,1167,1185
9422,NSE-ZITO,9753,50,1169,1185
9422,NSE-ZITO,9754,30,1171,1185
9422,NSE-ZITO,9754,70,1171,1187
9422,NSE-ZITO,9755,130,1173,1187
9424,NSE-OIT,9993,50,1328,1337
9424,NSE-OIT,9991,50,1327,1338
9481,NSE-OIT,9994,1,1330,1339
9481,NSE-ZITO,9755,1,1173,1191
9521,NSE-ZITO,9754,6,1189,1192
9521,NSE-ZABA,9906,6,1140,1151
9521,NSE-DLKV,10175,6,1166,1177
9521,NSE-CARD,9694,50,1288,1336
9521,NSE-CARD,9694,100,1288,1338
9521,NSE-CARD,9694,100,1288,1340
9521,NSE-CARD,9691,50,1299,1340
9521,NSE-CARD,9691,100,1299,1342
9521,NSE-CARD,9690,100,1301,1342
9521,NSE-DLKV,10173,50,1173,1179
9521,NSE-DLKV,10173,82,1173,1181
9521,NSE-SIMP,10023,25,873,1182
9521,NSE-SIMP,10023,8,1019,1182
9521,NSE-SIMP,10023,17,1030,1182
9521,NSE-SIMP,10023,100,1030,1184
9521,NSE-SIMP,10023,133,1030,1186
9521,NSE-SIMP,10024,8,929,1186
9521,NSE-SIMP,10024,9,975,1186
9521,NSE-SIMP,10024,41,975,1188
9521,NSE-SIMP,10024,100,1049,1188
9521,NSE-SIMP,10025,59,849,1188
9521,NSE-SIMP,10025,141,849,1190
9521,NSE-SIMP,10025,100,977,1190
9521,NSE-SIMP,10025,9,1051,1190
9522,NSE-ZABA,9920,1,1150,1152
9522,NSE-ZABA,9927,8,771,1152
9522,NSE-ZABA,9927,8,1139,1152
9522,NSE-ZABA,9934,10,1137,1152
9522,NSE-ZABA,9938,8,747,1152
9522,NSE-ZITO,9755,19,1173,1193
9522,NSE-ZITO,9756,31,983,1193
9522,NSE-ZITO,9756,100,983,1195
9522,NSE-ZITO,9756,56,983,1197
9522,NSE-ZITO,9756,94,1012,1197
9522,NSE-ZITO,9756,6,1012,1199
9522,NSE-ZITO,9756,8,1032,1199
9522,NSE-ZITO,9756,50,1120,1199
9522,NSE-ZITO,9756,136,1175,1199
9522,NSE-ZITO,9756,64,1175,1201
9522,NSE-ZITO,9757,186,810,1201
9561,NSE-OIT,9994,50,1340,1351
9593,NSE-OIT,9993,8,1342,1353
9593,NSE-ZABA,9940,8,1152,1163
9621,NSE-ZITO,9754,8,1189,1205
9622,NSE-CARD,9690,50,1301,1350
9622,NSE-CARD,9690,50,1301,1352
9622,NSE-CARD,9689,50,1303,1352
9622,NSE-DLKV,10171,50,1175,1192
9622,NSE-DLKV,10171,100,1175,1194
9622,NSE-DLKV,10171,100,1175,1196
9622,NSE-DLKV,10170,50,1160,1196
9622,NSE-DLKV,10170,150,1160,1198
9622,NSE-OIT,9997,50,1336,1354
9622,NSE-OIT,9997,100,1336,1356
9622,NSE-OIT,9997,100,1336,1358
9622,NSE-OIT,9998,37,1264,1358
9622,NSE-SIMP,10020,1,1193,1194
9622,NSE-SIMP,10025,49,1051,1194
9622,NSE-SIMP,10025,92,1051,1196
9622,NSE-SIMP,10026,8,514,1196
9622,NSE-SIMP,10026,2,514,1198
9622,NSE-SIMP,10026,8,649,1198
9622,NSE-SIMP,10026,140,851,1198
9622,NSE-SIMP,10026,110,851,1200
9622,NSE-SIMP,10026,90,979,1200
9622,NSE-SIMP,10026,60,979,1202
9622,NSE-SIMP,10026,190,1053,1202
9622,NSE-ZITO,9754,50,1189,1207
9622,NSE-ZITO,9754,100,1189,1209
9622,NSE-ZITO,9754,86,1189,1211
9622,NSE-ZITO,9751,64,1102,1211
9622,NSE-ZITO,9751,86,1102,1213
9622,NSE-ZITO,9751,114,1125,1213
9622,NSE-ZITO,9751,86,1125,1215
9622,NSE-ZITO,9751,50,1168,1215
9660,NSE-OIT,9999,13,1358,1365
9660,NSE-OIT,9997,37,1360,1365
9721,NSE-DLKV,10168,8,1162,1201
9721,NSE-OIT,9997,8,1360,1366
9721,NSE-CARD,9689,50,1303,1361
9721,NSE-CARD,9689,100,1303,1363
9721,NSE-CARD,9689,50,1303,1365
9721,NSE-CARD,9688,100,1328,1365
9721,NSE-CARD,9688,50,1328,1367
9721,NSE-CARD,9687,150,1330,1367
9721,NSE-CARD,9687,50,1330,1369
9721,NSE-CARD,9686,8,722,1369
9721,NSE-CARD,9686,192,1332,1369
9721,NSE-DLKV,10170,50,1198,1202
9721,NSE-DLKV,10172,100,1200,1204
9721,NSE-OIT,10000,50,1349,1367
9721,NSE-OIT,10000,100,1349,1369
9721,NSE-SIMP,10026,10,1053,1204
9721,NSE-SIMP,10027,40,1038,1204
9721,NSE-SIMP,10027,100,1038,1206
9721,NSE-SIMP,10027,10,1038,1208
9721,NSE-SIMP,10027,8,1045,1208
9721,NSE-SIMP,10027,132,1055,1208
9721,NSE-SIMP,10027,118,1055,1210
9721,NSE-SIMP,10027,8,1147,1210
9721,NSE-SIMP,10028,74,1040,1210
9721,NSE-SIMP,10028,126,1040,1212
9721,NSE-SIMP,10028,100,1087,1212
9721,NSE-SIMP,10028,8,1109,1212
9721,NSE-SIMP,10028,8,1134,1212
9721,NSE-SIMP,10029,8,1042,1212
9721,NSE-ZITO,9757,50,810,1216
9721,NSE-ZITO,9757,14,810,1218
9721,NSE-ZITO,9757,86,1014,1218
9721,NSE-ZITO,9757,64,1014,1220
9721,NSE-ZITO,9757,50,1095,1220
9721,NSE-ZITO,9757,36,1122,1220
9721,NSE-ZITO,9757,64,1122,1222
9721,NSE-ZITO,9757,136,1177,1222
9721,NSE-ZITO,9757,114,1177,1224
9721,NSE-ZITO,9758,136,750,1224
9728,NSE-CARD,9690,50,1354,1370
9777,NSE-CARD,9690,1,1354,1371
9777,NSE-OIT,9999,50,1371,1380
9821,NSE-OIT,9999,1,1371,1381
9821,NSE-CARD,9686,50,1332,1374
9821,NSE-CARD,9686,8,1332,1376
9821,NSE-CARD,9685,8,1322,1376
9821,NSE-CARD,9685,8,1347,1376
9821,NSE-CARD,9683,76,1355,1376
9821,NSE-CARD,9683,124,1355,1378
9821,NSE-CARD,9682,26,1341,1378
9821,NSE-CARD,9682,174,1341,1380
9821,NSE-CARD,9682,26,1357,1380
9821,NSE-CARD,9682,224,1357,1382
9821,NSE-CARD,9681,26,1343,1382
9821,NSE-OIT,9997,50,1360,1383
9821,NSE-SIMP,10029,50,1042,1214
9822,NSE-ZITO,9758,50,750,1227
9822,NSE-ZITO,9758,64,750,1229
9822,NSE-ZITO,9758,36,1016,1229
9822,NSE-ZITO,9758,150,1016,1231
9822,NSE-ZITO,9758,14,1016,1233
9822,NSE-ZITO,9758,8,1055,1233
9822,NSE-ZITO,9758,100,1097,1233
9822,NSE-ZITO,9758,78,1113,1233
9822,NSE-ZITO,9758,122,1113,1235
9822,NSE-ZITO,9758,128,1124,1235
9864,NSE-OIT,9998,50,1385,1392
9864,NSE-OIT,9997,50,1360,1393
9877,NSE-DLKV,10171,50,1206,1223
9921,NSE-DLKV,10172,2,1200,1224
9921,NSE-CARD,9681,2,1343,1385
9921,NSE-CARD,9681,50,1343,1387
9921,NSE-CARD,9681,100,1343,1389
9921,NSE-CARD,9681,72,1343,1391
9921,NSE-CARD,9523,1,662,1391
9921,NSE-CARD,9516,1,576,1391
9921,NSE-CARD,9510,8,663,1391
9921,NSE-CARD,9509,8,637,1391
9921,NSE-CARD,9501,8,612,1391
9921,NSE-CARD,9499,8,587,1391
9921,NSE-DLKV,10172,50,1200,1225
9921,NSE-DLKV,10172,98,1200,1227
9921,NSE-DLKV,10173,1,1212,1227
9921,NSE-DLKV,10174,1,1214,1227
9921,NSE-DLKV,10174,49,1214,1229
9921,NSE-DLKV,10175,2,1166,1229
9921,NSE-DLKV,10175,99,1183,1229
9921,NSE-DLKV,10175,51,1183,1231
9921,NSE-DLKV,10176,100,1216,1231
9921,NSE-DLKV,10177,49,1185,1231
9921,NSE-DLKV,10177,151,1185,1233
9921,NSE-DLKV,10178,8,1124,1233
9921,NSE-DLKV,10178,91,1218,1233
9921,NSE-OIT,9997,50,1360,1395
9921,NSE-OIT,9997,5,1360,1397
9921,NSE-OIT,9997,95,1373,1397
9921,NSE-OIT,9997,105,1373,1399
9921,NSE-OIT,9995,45,1362,1399
9921,NSE-OIT,9995,200,1362,1401
9921,NSE-OIT,9995,5,1362,1403
9921,NSE-OIT,9995,245,1375,1403
9921,NSE-SIMP,10029,50,1042,1225
9921,NSE-SIMP,10029,100,1042,1227
9921,NSE-SIMP,10029,42,1042,1229
9921,NSE-SIMP,10029,8,1072,1229
9921,NSE-SIMP,10029,100,1089,1229
9921,NSE-ZABA,9946,10,936,1196
9921,NSE-ZABA,9948,10,922,1196
9921,NSE-ZITO,9758,22,1124,1237
9921,NSE-ZITO,9759,28,1057,1237
9921,NSE-ZITO,9759,22,1057,1239
9921,NSE-ZITO,9759,78,1099,1239
9921,NSE-ZITO,9759,72,1099,1241
9921,NSE-ZITO,9759,78,1115,1241
9921,NSE-ZITO,9759,172,1115,1243
9921,NSE-ZITO,9759,28,1126,1243
9921,NSE-ZITO,9759,172,1126,1245
9921,NSE-ZITO,9760,8,699,1245
9921,NSE-ZITO,9760,50,1000,1245
9921,NSE-ZITO,9760,20,1059,1245
9927,NSE-ZABA,9954,30,1196,1206
9927,NSE-ZABA,9952,20,1198,1206
9927,NSE-ZABA,9952,10,1198,1207
9967,NSE-CARD,9467,8,1391,1397
9978,NSE-ZABA,9952,5,1198,1210
9988,NSE-OIT,9999,50,1387,1407
10018,NSE-DLKV,10171,50,1206,1237
10018,NSE-ZABA,9952,28,1198,1211
10021,NSE-DLKV,10178,6,1218,1238
10021,NSE-CARD,9469,50,1395,1400
10021,NSE-CARD,9469,100,1395,1402
10021,NSE-CARD,9469,100,1395,1404
10022,NSE-DLKV,10171,50,1206,1240
10022,NSE-OIT,9995,5,1375,1410
10022,NSE-OIT,9993,45,1386,1410
10022,NSE-OIT,9993,100,1386,1412
10022,NSE-OIT,9993,5,1386,1414
10022,NSE-OIT,9992,145,1388,1414
10022,NSE-OIT,9992,55,1388,1416
10022,NSE-OIT,9991,145,1390,1416
10022,NSE-OIT,9991,105,1390,1418
10022,NSE-OIT,9987,145,1335,1418
10023,NSE-ZITO,9760,50,1059,1250
10023,NSE-ZITO,9760,30,1059,1252
10023,NSE-ZITO,9760,70,1101,1252
10023,NSE-ZITO,9760,130,1101,1254
10023,NSE-ZITO,9760,20,1128,1254
10023,NSE-ZITO,9760,200,1128,1256
10023,NSE-ZITO,9760,30,1128,1258
10023,NSE-ZITO,9760,50,1182,1258
10023,NSE-ZITO,9761,100,1002,1258
10023,NSE-ZITO,9761,70,1061,1258
10032,NSE-CARD,9482,10,1401,1410
10121,NSE-CARD,9486,50,1409,1413
10121,NSE-DLKV,10173,50,1242,1249
10121,NSE-DLKV,10173,50,1242,1251
10121,NSE-DLKV,10175,50,1244,1251
10121,NSE-DLKV,10175,100,1244,1253
10121,NSE-DLKV,10178,50,1218,1253
10121,NSE-OIT,9987,50,1335,1422
10121,NSE-OIT,9987,55,1335,1424
10121,NSE-SIMP,10029,50,1089,1247
10121,NSE-SIMP,10030,50,855,1249
10121,NSE-SIMP,10030,50,1091,1249
10121,NSE-SIMP,10030,150,1091,1251
10121,NSE-SIMP,10030,8,1171,1253
10121,NSE-SIMP,10031,100,857,1253
10121,NSE-SIMP,10031,92,1093,1253
10121,NSE-SIMP,10031,158,1093,1255
10121,NSE-SIMP,10033,92,1013,1255
10121,NSE-ZITO,9761,50,1061,1260
10121,NSE-ZITO,9761,30,1061,1262
10121,NSE-ZITO,9761,8,1082,1262
10121,NSE-ZITO,9761,50,1084,1262
10121,NSE-ZITO,9761,12,1103,1262
10122,NSE-ZITO,9761,150,1103,1264
10122,NSE-ZITO,9761,88,1103,1266
10122,NSE-ZITO,9761,50,1147,1266
10122,NSE-ZITO,9761,62,1184,1266
10122,NSE-ZITO,9761,38,1184,1268
10122,NSE-ZITO,9762,8,653,1268
10122,NSE-ZITO,9762,204,687,1268
10131,NSE-OIT,9986,1,1424,1431
10164,NSE-DLKV,10176,49,1255,1259
10164,NSE-CARD,9486,8,1409,1425
10164,NSE-ZABA,9949,8,1222,1234
10164,NSE-OIT,9986,44,1424,1434
10164,NSE-OIT,9987,6,1426,1434
10164,NSE-CARD,9485,50,1415,1427
10181,NSE-OIT,9987,50,1426,1436
10181,NSE-CARD,9486,50,1409,1428
10221,NSE-CARD,9485,7,1415,1429
10221,NSE-CARD,9482,50,1421,1431
10221,NSE-CARD,9482,100,1421,1433
10221,NSE-CARD,9482,100,1421,1435
10221,NSE-DLKV,10178,3,1218,1262
10221,NSE-DLKV,10179,47,1187,1262
10221,NSE-DLKV,10179,100,1187,1264
10221,NSE-DLKV,10179,103,1187,1266
10221,NSE-DLKV,10180,47,1148,1266
10221,NSE-DLKV,10180,153,1148,1268
10221,NSE-DLKV,10180,47,1220,1268
10221,NSE-DLKV,10180,153,1220,1270
10221,NSE-DLKV,10181,97,1205,1270
10221,NSE-SIMP,10033,50,1013,1260
10221,NSE-SIMP,10033,8,1013,1262
10221,NSE-SIMP,10034,92,1015,1262
10221,NSE-SIMP,10034,108,1015,1264
10221,NSE-SIMP,10035,8,406,1264
10221,NSE-SIMP,10035,34,1017,1264
10221,NSE-SIMP,10035,200,1017,1266
10221,NSE-SIMP,10035,16,1017,1268
10221,NSE-SIMP,10035,150,1141,1268
10221,NSE-SIMP,10036,84,1064,1268
10221,NSE-ZABA,9927,8,1208,1236
10221,NSE-ZITO,9762,46,687,1273
10221,NSE-ZITO,9762,4,1004,1273
10221,NSE-ZITO,9762,100,1004,1275
10221,NSE-ZITO,9762,46,1004,1277
10221,NSE-ZITO,9762,104,1063,1277
10222,NSE-ZITO,9762,96,1063,1279
10222,NSE-ZITO,9762,100,1086,1279
10222,NSE-ZITO,9762,4,1149,1279
10222,NSE-ZITO,9762,96,1149,1281
10222,NSE-ZITO,9762,150,1186,1281
10222,NSE-ZITO,9763,4,565,1281
10238,NSE-OIT,9989,50,1430,1447
10253,NSE-OIT,9987,50,1437,1448
10315,NSE-DLKV,10176,50,1255,1272
10315,NSE-CARD,9468,40,1435,1442
10315,NSE-OIT,9989,50,1430,1449
10321,NSE-ZITO,9763,4,565,1285
10321,NSE-ZITO,9763,4,1065,1285
10321,NSE-CARD,9464,3,1368,1443
10321,NSE-SIMP,10027,1,1270,1272
10321,NSE-SIMP,10036,6,1064,1272
10321,NSE-CARD,9464,50,1368,1445
10321,NSE-CARD,9464,100,1368,1447
10321,NSE-CARD,9464,97,1368,1449
10321,NSE-DLKV,10181,3,1205,1273
10321,NSE-DLKV,10182,47,1150,1273
10321,NSE-DLKV,10182,100,1150,1275
10321,NSE-DLKV,10182,103,1150,1277
10321,NSE-DLKV,10182,47,1222,1277
10321,NSE-DLKV,10182,200,1222,1279
10321,NSE-DLKV,10182,3,1222,1281
10321,NSE-DLKV,10183,150,1207,1281
10321,NSE-DLKV,10184,97,1159,1281
10321,NSE-OIT,9983,50,1445,1451
10321,NSE-OIT,9983,100,1445,1453
10321,NSE-OIT,9983,100,1445,1455
10321,NSE-OIT,9982,8,1432,1455
10321,NSE-OIT,9979,8,1405,1455
10321,NSE-SIMP,10036,50,1064,1273
10321,NSE-SIMP,10036,10,1064,1275
10321,NSE-SIMP,10036,90,1143,1275
10321,NSE-SIMP,10036,110,1143,1277
10321,NSE-SIMP,10037,40,1066,1277
10321,NSE-SIMP,10037,160,1066,1279
10321,NSE-SIMP,10037,40,1145,1279
10321,NSE-SIMP,10037,210,1145,1281
10321,NSE-SIMP,10038,40,1068,1281
10321,NSE-ZABA,9927,1,1245,1247
10321,NSE-ZITO,9763,50,1065,1286
10321,NSE-ZITO,9763,100,1065,1288
10321,NSE-ZITO,9763,96,1065,1290
10321,NSE-ZITO,9763,54,1088,1290
10322,NSE-ZITO,9763,96,1088,1292
10322,NSE-ZITO,9763,104,1151,1292
10322,NSE-ZITO,9763,46,1151,1294
10322,NSE-ZITO,9763,200,1188,1294
10322,NSE-ZITO,9764,4,541,1294
10346,NSE-CARD,9464,50,1449,1454
10346,NSE-ZABA,9953,42,1247,1257
10346,NSE-OIT,9979,34,1455,1460
10346,NSE-OIT,9980,16,1457,1460
10346,NSE-CARD,9464,3,1449,1455
10346,NSE-CARD,9465,47,1451,1455
10395,NSE-CARD,9465,8,1451,1457
10421,NSE-DLKV,10184,3,1159,1285
10421,NSE-DLKV,10184,6,1159,1286
10421,NSE-CARD,9465,50,1451,1459
10422,NSE-DLKV,10184,44,1159,1287
10422,NSE-DLKV,10185,6,1036,1287
10422,NSE-DLKV,10185,2,1036,1289
10422,NSE-DLKV,10185,98,1209,1289
10422,NSE-DLKV,10185,102,1209,1291
10422,NSE-DLKV,10186,48,1161,1291
10422,NSE-DLKV,10186,152,1161,1293
10422,NSE-DLKV,10186,48,1250,1293
10422,NSE-DLKV,10186,2,1250,1295
10422,NSE-DLKV,10186,8,1261,1295
10422,NSE-DLKV,10187,10,1110,1295
10422,NSE-DLKV,10187,10,1111,1295
10422,NSE-DLKV,10187,10,1112,1295
10422,NSE-DLKV,10187,150,1172,1295
10422,NSE-DLKV,10187,8,1189,1295
10422,NSE-DLKV,10187,52,1211,1295
10422,NSE-ZABA,9936,8,1258,1261
10422,NSE-ZITO,9764,4,541,1298
10422,NSE-ZITO,9764,46,1090,1298
10422,NSE-ZITO,9764,100,1090,1300
10422,NSE-ZITO,9764,54,1090,1302
10422,NSE-ZITO,9764,96,1153,1302
10422,NSE-ZITO,9764,104,1153,1304
10422,NSE-ZITO,9764,96,1190,1304
10422,NSE-ZITO,9764,154,1190,1306
10422,NSE-ZITO,9765,8,591,1306
10422,NSE-ZITO,9765,88,1092,1306
10440,NSE-OIT,9981,20,1459,1474
10441,NSE-SIMP,10025,10,1284,1294
10441,NSE-OIT,9981,50,1459,1475
10441,NSE-CARD,9465,50,1451,1470
10441,NSE-CARD,9464,50,1461,1471
10471,NSE-DLKV,10176,50,1255,1297
10501,NSE-CARD,9465,1,1451,1472
10521,NSE-DLKV,10176,3,1255,1298
10521,NSE-ZITO,9758,1,1283,1308
10521,NSE-ZITO,9750,6,1112,1308
10521,NSE-SIMP,10027,4,1285,1295
10521,NSE-CARD,9465,44,1451,1473
10521,NSE-CARD,9466,6,1453,1473
10521,NSE-CARD,9466,100,1453,1475
10521,NSE-CARD,9466,144,1453,1477
10521,NSE-CARD,9469,6,1437,1477
10521,NSE-DLKV,10187,50,1211,1299
10522,NSE-DLKV,10187,100,1211,1301
10522,NSE-DLKV,10187,48,1211,1303
10522,NSE-DLKV,10187,8,1236,1303
10522,NSE-DLKV,10188,94,1021,1303
10522,NSE-DLKV,10188,156,1021,1305
10522,NSE-DLKV,10188,44,1034,1305
10522,NSE-DLKV,10188,206,1034,1307
10522,NSE-DLKV,10188,44,1163,1307
10522,NSE-OIT,9981,50,1459,1477
10522,NSE-OIT,9981,100,1459,1479
10522,NSE-OIT,9981,30,1459,1481
10522,NSE-OIT,9985,120,1473,1481
10522,NSE-OIT,9985,130,1473,1483
10522,NSE-ZABA,9956,8,1209,1270
10522,NSE-ZABA,9959,10,782,1270
10526,NSE-DLKV,10176,48,1255,1309
10555,NSE-CARD,9468,50,1479,1483
10555,NSE-OIT,9987,50,1483,1488
10619,NSE-CARD,9468,50,1479,1486
10619,NSE-OIT,9987,20,1483,1492
10619,NSE-OIT,9986,30,1485,1492
10619,NSE-SIMP,10030,40,1296,1307
10621,NSE-ZITO,9760,4,1309,1321
10621,NSE-CARD,9468,50,1479,1488
10621,NSE-CARD,9468,50,1479,1490
10621,NSE-CARD,9467,50,1481,1490
10621,NSE-CARD,9467,150,1481,1492
10621,NSE-DLKV,10188,50,1163,1312
10621,NSE-DLKV,10188,100,1163,1314
10621,NSE-DLKV,10188,56,1163,1316
10621,NSE-DLKV,10188,94,1252,1316
10621,NSE-DLKV,10188,6,1252,1318
10621,NSE-DLKV,10189,194,1174,1318
10621,NSE-DLKV,10189,6,1174,1320
10621,NSE-DLKV,10190,8,1008,1320
10621,NSE-DLKV,10190,150,1254,1320
10621,NSE-DLKV,10191,86,1176,1320
10622,NSE-SIMP,10038,50,1068,1308
10622,NSE-SIMP,10038,100,1068,1310
10622,NSE-SIMP,10038,60,1068,1312
10622,NSE-SIMP,10039,8,364,1312
10622,NSE-SIMP,10039,82,1076,1312
10622,NSE-SIMP,10039,18,1076,1314
10622,NSE-SIMP,10040,150,1078,1314
10622,NSE-SIMP,10041,10,488,1314
10622,NSE-SIMP,10041,22,1080,1314
10622,NSE-SIMP,10041,178,1080,1316
10622,NSE-SIMP,10042,72,1082,1316
10622,NSE-ZABA,9939,8,1280,1283
10622,NSE-ZITO,9762,50,1310,1322
10622,NSE-ZITO,9763,100,1312,1324
10622,NSE-ZITO,9764,150,1314,1326
10622,NSE-ZITO,9765,162,1092,1328
10622,NSE-ZITO,9765,8,1117,1328
10622,NSE-ZITO,9765,30,1155,1328
10622,NSE-ZITO,9765,220,1155,1330
10622,NSE-ZITO,9765,10,1247,1330
10622,NSE-ZITO,9765,20,1316,1330
10658,NSE-CARD,9468,50,1494,1497
10658,NSE-OIT,9973,50,1496,1505
10721,NSE-SIMP,10013,8,1258,1318
10721,NSE-SIMP,10012,1,1224,1318
10721,NSE-DLKV,10169,7,1208,1324
10721,NSE-DLKV,10169,4,1208,1325
10721,NSE-CARD,9469,50,1437,1498
10721,NSE-CARD,9469,100,1437,1500
10721,NSE-CARD,9469,44,1437,1502
10721,NSE-CARD,9469,106,1464,1502
10721,NSE-CARD,9469,44,1464,1504
10721,NSE-CARD,9469,156,1496,1504
10721,NSE-CARD,9469,94,1496,1506
10721,NSE-CARD,9470,156,1439,1506
10721,NSE-DLKV,10176,1,1322,1326
10721,NSE-DLKV,10191,49,1176,1326
10722,NSE-OIT,9974,50,1498,1506
10722,NSE-OIT,9974,50,1498,1508
10722,NSE-OIT,9975,50,1500,1508
10722,NSE-OIT,9975,100,1500,1510
10722,NSE-OIT,9976,50,1502,1510
10722,NSE-OIT,9976,150,1502,1512
10722,NSE-OIT,9977,50,1504,1512
10722,NSE-OIT,9977,200,1504,1514
10722,NSE-SIMP,10042,50,1082,1319
10722,NSE-SIMP,10042,100,1082,1321
10722,NSE-SIMP,10042,28,1082,1323
10722,NSE-SIMP,10044,100,1100,1323
10722,NSE-SIMP,10045,22,1102,1323
10722,NSE-SIMP,10045,128,1102,1325
10722,NSE-SIMP,10046,72,1104,1325
10722,NSE-SIMP,10046,128,1104,1327
10722,NSE-SIMP,10046,122,1155,1327
10722,NSE-ZABA,9914,8,1233,1293
10722,NSE-ZITO,9760,46,1309,1334
10722,NSE-ZITO,9759,4,1311,1334
10722,NSE-ZITO,9759,96,1311,1336
10722,NSE-ZITO,9758,4,1313,1336
10752,NSE-CARD,9470,19,1439,1508
10821,NSE-OIT,9985,9,1514,1516
10821,NSE-ZABA,9909,4,1292,1302
10821,NSE-CARD,9470,50,1439,1509
10821,NSE-CARD,9470,25,1439,1511
10821,NSE-CARD,9470,75,1466,1511
10821,NSE-CARD,9470,125,1466,1513
10821,NSE-CARD,9471,25,1468,1513
10821,NSE-CARD,9471,200,1468,1515
10821,NSE-CARD,9471,25,1468,1517
10821,NSE-CARD,9475,150,1478,1517
10821,NSE-CARD,9476,75,1480,1517
10821,NSE-DLKV,10189,50,1328,1337
10821,NSE-DLKV,10189,50,1328,1339
10821,NSE-DLKV,10183,50,1334,1339
10822,NSE-DLKV,10183,150,1334,1341
10822,NSE-DLKV,10183,50,1334,1343
10822,NSE-OIT,9985,41,1514,1518
10822,NSE-ZITO,9758,50,1313,1344
10822,NSE-ZITO,9758,96,1313,1346
10822,NSE-ZITO,9757,4,1315,1346
10822,NSE-ZITO,9757,150,1315,1348
10822,NSE-ZITO,9757,46,1315,1350
10822,NSE-ZITO,9756,154,1317,1350
10822,NSE-ZITO,9756,96,1317,1352
10822,NSE-ZITO,9755,50,1333,1352
10822,NSE-ZITO,9754,100,1335,1352
10822,NSE-ZITO,9753,4,1337,1352
10887,NSE-SIMP,10041,44,1329,1339
10887,NSE-OIT,9978,9,1518,1527
10887,NSE-OIT,9979,41,1520,1527
10887,NSE-DLKV,10172,50,1336,1346
10899,NSE-OIT,9979,50,1520,1528
10921,NSE-CARD,9476,50,1480,1522
10921,NSE-CARD,9476,75,1480,1524
10921,NSE-CARD,9476,8,1485,1524
10921,NSE-CARD,9477,17,1482,1524
10921,NSE-CARD,9477,150,1482,1526
10921,NSE-CARD,9477,83,1482,1528
10921,NSE-CARD,9486,117,1409,1528
10921,NSE-CARD,9486,25,1409,1530
10921,NSE-CARD,9492,225,1422,1530
10921,NSE-DLKV,10182,50,1343,1348
10976,NSE-CARD,9467,50,1481,1533
10976,NSE-OIT,9975,50,1530,1541
10976,NSE-OIT,9977,50,1531,1542
11010,NSE-ZABA,9911,8,1315,1325
11021,NSE-ZITO,9758,7,1353,1367
11021,NSE-CARD,9478,8,1538,1539
11021,NSE-CARD,9492,25,1422,1539
11021,NSE-CARD,9499,8,1458,1539
11021,NSE-CARD,9552,9,1518,1539
11021,NSE-CARD,9552,100,1518,1541
11021,NSE-CARD,9552,141,1518,1543
11021,NSE-CARD,9554,9,1531,1543
11021,NSE-CARD,9554,200,1531,1545
11021,NSE-CARD,9554,41,1531,1547
11021,NSE-DLKV,10182,50,1343,1359
11021,NSE-DLKV,10182,50,1343,1361
11021,NSE-DLKV,10184,50,1345,1361
11021,NSE-DLKV,10184,150,1345,1363
11021,NSE-DLKV,10184,50,1345,1365
11021,NSE-DLKV,10187,50,1349,1365
11021,NSE-DLKV,10191,100,1176,1365
11021,NSE-DLKV,10191,15,1176,1367
11021,NSE-DLKV,10191,150,1353,1367
11021,NSE-DLKV,10192,85,1256,1367
11021,NSE-OIT,9980,50,1522,1546
11021,NSE-OIT,9980,100,1522,1548
11021,NSE-OIT,9981,150,1524,1550
11021,NSE-OIT,9981,50,1524,1552
11021,NSE-OIT,9981,150,1539,1552
11021,NSE-OIT,9981,100,1539,1554
11021,NSE-OIT,9982,150,1526,1554
11021,NSE-ZABA,9908,8,1162,1328
11021,NSE-ZABA,9901,10,1313,1328
11021,NSE-ZABA,9898,8,1138,1328
11021,NSE-ZABA,9898,10,1324,1328
11021,NSE-ZABA,9889,1,1103,1328
11021,NSE-ZITO,9759,50,1338,1368
11041,NSE-CARD,9556,50,1547,1550
11041,NSE-CARD,9556,10,1547,1552
11121,NSE-SIMP,10025,7,1355,1365
11121,NSE-ZABA,9879,6,1328,1337
11121,NSE-CARD,9556,50,1547,1554
11121,NSE-CARD,9556,99,1547,1556
11121,NSE-DLKV,10177,50,1354,1370
11121,NSE-DLKV,10177,100,1354,1372
11121,NSE-DLKV,10177,50,1354,1374
11122,NSE-ZITO,9759,50,1338,1378
11130,NSE-OIT,9976,50,1560,1569
11130,NSE-CARD,9544,50,1553,1564
11130,NSE-OIT,9974,1,1558,1570
11130,NSE-OIT,9974,49,1559,1570
11130,NSE-DLKV,10175,50,1356,1379
11166,NSE-CARD,9543,8,1555,1567
11166,NSE-ZABA,9890,8,1339,1348
11221,NSE-ZABA,9890,1,1339,1350
11221,NSE-CARD,9541,50,1559,1569
11221,NSE-CARD,9541,100,1559,1571
11221,NSE-CARD,9541,50,1559,1573
11221,NSE-CARD,9540,100,1561,1573
11221,NSE-CARD,9540,150,1561,1575
11221,NSE-DLKV,10175,50,1356,1383
11221,NSE-DLKV,10175,100,1356,1385
11221,NSE-DLKV,10175,50,1356,1387
11221,NSE-DLKV,10170,100,1338,1387
11221,NSE-DLKV,10169,189,1208,1389
11221,NSE-DLKV,10169,11,1369,1389
11221,NSE-OIT,9980,50,1568,1574
11221,NSE-OIT,9980,100,1568,1576
11221,NSE-OIT,9980,100,1568,1578
11221,NSE-ZABA,9873,8,1100,1352
11221,NSE-ZABA,9870,8,1114,1352
11221,NSE-ZITO,9758,50,1370,1391
11221,NSE-ZITO,9758,50,1370,1393
11221,NSE-ZITO,9758,50,1380,1393
11221,NSE-ZITO,9758,50,1380,1395
11221,NSE-ZITO,9757,100,1355,1395
11221,NSE-ZITO,9757,150,1372,1397
11221,NSE-ZITO,9757,50,1382,1397
11221,NSE-ZITO,9757,100,1382,1399
11221,NSE-ZITO,9756,150,1357,1399
11251,NSE-OIT,9982,50,1526,1584
11251,NSE-CARD,9539,50,1575,1578
11251,NSE-OIT,9981,50,1578,1585
11251,NSE-ZABA,9867,13,1352,1361
11286,NSE-ZITO,9759,1,1338,1400
11286,NSE-ZABA,9867,1,1352,1363
11321,NSE-OIT,9982,3,1526,1586
11321,NSE-DLKV,10169,39,1369,1394
11321,NSE-DLKV,10168,11,1162,1394
11322,NSE-DLKV,10168,100,1162,1396
11322,NSE-DLKV,10168,131,1162,1398
11322,NSE-DLKV,10168,19,1215,1398
11322,NSE-DLKV,10168,81,1215,1400
11322,NSE-DLKV,10167,119,1210,1400
11322,NSE-DLKV,10167,131,1210,1402
11322,NSE-DLKV,10167,50,1239,1402
11322,NSE-DLKV,10167,69,1371,1402
11322,NSE-OIT,9982,47,1526,1587
11322,NSE-OIT,9988,3,1581,1587
11322,NSE-OIT,9988,100,1581,1589
11322,NSE-OIT,9988,97,1581,1591
11322,NSE-OIT,9989,53,1430,1591
11322,NSE-OIT,9989,97,1430,1593
11322,NSE-OIT,9989,103,1583,1593
11322,NSE-OIT,9989,147,1583,1595
11322,NSE-OIT,9990,8,1573,1595
11322,NSE-OIT,9992,95,1444,1595
11322,NSE-SIMP,10041,8,1353,1390
11322,NSE-SIMP,10041,42,1364,1390
11322,NSE-SIMP,10041,8,1364,1392
11322,NSE-SIMP,10041,1,1389,1392
11322,NSE-SIMP,10046,78,1155,1392
11322,NSE-SIMP,10047,13,1106,1392
11322,NSE-SIMP,10047,150,1106,1394
11322,NSE-SIMP,10047,87,1106,1396
11322,NSE-SIMP,10047,113,1128,1396
11322,NSE-SIMP,10047,37,1128,1398
11322,NSE-SIMP,10047,213,1157,1398
11322,NSE-ZITO,9756,50,1374,1402
11322,NSE-ZITO,9756,100,1374,1404
11322,NSE-ZITO,9756,50,1374,1406
11322,NSE-ZITO,9756,100,1384,1406
11322,NSE-ZITO,9756,100,1384,1408
11322,NSE-ZITO,9755,100,1359,1408
11322,NSE-ZITO,9755,100,1359,1410
11322,NSE-ZITO,9755,150,1376,1410
11333,NSE-CARD,9540,50,1577,1591
11333,NSE-OIT,9979,50,1582,1598
11334,NSE-ZABA,9890,10,1365,1374
11417,NSE-CARD,9540,1,1577,1596
11418,NSE-DLKV,10171,1,1391,1405
11421,NSE-DLKV,10171,3,1391,1406
11422,NSE-CARD,9535,50,1587,1598
11422,NSE-CARD,9535,100,1587,1600
11422,NSE-CARD,9535,50,1587,1602
11422,NSE-CARD,9534,100,1589,1602
11422,NSE-DLKV,10167,31,1371,1408
11422,NSE-DLKV,10166,19,1217,1408
11422,NSE-DLKV,10166,100,1217,1410
11422,NSE-DLKV,10166,31,1217,1412
11422,NSE-DLKV,10166,8,1358,1412
11422,NSE-DLKV,10166,8,1381,1412
11422,NSE-DLKV,10165,100,1241,1412
11422,NSE-DLKV,10165,3,1373,1412
11422,NSE-DLKV,10165,147,1373,1414
11422,NSE-DLKV,10164,53,1219,1414
11422,NSE-DLKV,10164,147,1219,1416
11422,NSE-DLKV,10164,8,1310,1416
11422,NSE-DLKV,10164,95,1344,1416
11422,NSE-ZITO,9755,50,1376,1414
11454,NSE-CARD,9535,50,1604,1607
11454,NSE-CARD,9534,50,1589,1608
11469,NSE-OIT,9985,50,1601,1612
11485,NSE-SIMP,10037,50,1401,1411
11485,NSE-CARD,9535,1,1604,1609
11521,NSE-ZITO,9756,6,1416,1423
11521,NSE-ZITO,9755,4,1376,1424
11521,NSE-CARD,9535,50,1604,1610
11521,NSE-CARD,9535,99,1604,1612
11521,NSE-CARD,9536,1,1606,1612
11521,NSE-CARD,9536,150,1606,1614
11521,NSE-CARD,9536,99,1606,1616
11521,NSE-CARD,9540,101,1577,1616
11521,NSE-CARD,9540,98,1577,1618
11521,NSE-CARD,9543,152,1588,1618
11521,NSE-DLKV,10164,50,1344,1419
11521,NSE-DLKV,10164,100,1344,1421
11521,NSE-DLKV,10164,5,1344,1423
11521,NSE-DLKV,10163,145,1182,1423
11521,NSE-DLKV,10163,5,1182,1425
11521,NSE-DLKV,10163,150,1243,1425
11521,NSE-DLKV,10163,45,1375,1425
11521,NSE-DLKV,10163,155,1375,1427
11521,NSE-DLKV,10162,95,1149,1427
11522,NSE-ZABA,9873,8,1375,1389
11522,NSE-ZITO,9756,50,1416,1425
11522,NSE-ZITO,9756,44,1416,1427
11522,NSE-ZITO,9757,56,1418,1427
11522,NSE-ZITO,9757,94,1418,1429
11522,NSE-ZITO,9758,56,1420,1429
11522,NSE-ZITO,9758,144,1420,1431
11522,NSE-ZITO,9759,49,1338,1431
11522,NSE-ZITO,9759,7,1422,1431
11522,NSE-ZITO,9759,243,1422,1433
11522,NSE-ZITO,9760,7,1340,1433
11555,NSE-OIT,9988,50,1614,1623
11555,NSE-OIT,9986,50,1613,1624
11591,NSE-SIMP,10041,50,1412,1422
11591,NSE-ZABA,9862,40,1389,1398
11618,NSE-ZABA,9862,2,1389,1399
11618,NSE-ZABA,9864,18,1391,1399
11618,NSE-SIMP,10040,50,1414,1423
11621,NSE-ZABA,9864,7,1391,1400
11621,NSE-ZITO,9755,7,1376,1435
11621,NSE-CARD,9543,48,1588,1622
11621,NSE-CARD,9544,2,1590,1622
11621,NSE-CARD,9544,100,1590,1624
11622,NSE-CARD,9544,148,1590,1626
11622,NSE-CARD,9549,2,1560,1626
11622,NSE-DLKV,10162,50,1149,1429
11622,NSE-DLKV,10162,100,1149,1431
11622,NSE-DLKV,10162,5,1149,1433
11622,NSE-DLKV,10162,145,1221,1433
11622,NSE-DLKV,10162,105,1221,1435
11622,NSE-DLKV,10161,95,1184,1435
11622,NSE-DLKV,10161,105,1184,1437
11622,NSE-DLKV,10161,145,1245,1437
11622,NSE-OIT,9979,50,1582,1626
11622,NSE-OIT,9979,100,1582,1628
11622,NSE-OIT,9979,50,1582,1630
11622,NSE-SIMP,10047,37,1157,1424
11622,NSE-SIMP,10047,13,1191,1424
11622,NSE-SIMP,10047,100,1191,1426
11622,NSE-SIMP,10047,137,1191,1428
11622,NSE-SIMP,10048,13,1130,1428
11622,NSE-SIMP,10048,187,1130,1430
11622,NSE-SIMP,10049,13,1132,1430
11622,NSE-ZITO,9760,50,1340,1436
11622,NSE-ZITO,9760,100,1340,1438
11622,NSE-ZITO,9760,43,1340,1440
11622,NSE-ZITO,9760,50,1354,1440
11622,NSE-ZITO,9761,57,1342,1440
11622,NSE-ZITO,9761,193,1342,1442
11622,NSE-ZITO,9761,7,1356,1442
11622,NSE-ZITO,9761,93,1356,1444
11622,NSE-ZITO,9761,50,1369,1444
11622,NSE-ZITO,9761,50,1379,1444
11622,NSE-ZITO,9762,57,1358,1444
11657,NSE-OIT,9976,50,1630,1637
11657,NSE-CARD,9548,50,1628,1635
11721,NSE-DLKV,10171,3,1391,1440
11722,NSE-CARD,9549,50,1560,1636
11722,NSE-CARD,9549,100,1560,1638
11722,NSE-CARD,9549,48,1560,1640
11722,NSE-CARD,9550,102,1562,1640
11722,NSE-CARD,9550,148,1562,1642
11722,NSE-CARD,9553,8,1633,1642
11722,NSE-CARD,9554,44,1625,1642
11722,NSE-CARD,9554,56,1625,1644
11722,NSE-CARD,9555,150,1627,1644
11722,NSE-CARD,9556,44,1629,1644
11722,NSE-DLKV,10161,50,1245,1442
11722,NSE-DLKV,10161,5,1245,1444
11722,NSE-DLKV,10161,8,1283,1444
11722,NSE-DLKV,10160,8,1403,1444
11722,NSE-DLKV,10159,79,1186,1444
11722,NSE-DLKV,10159,150,1186,1446
11722,NSE-DLKV,10159,21,1186,1448
11722,NSE-DLKV,10159,50,1382,1448
11722,NSE-DLKV,10157,8,1188,1448
11722,NSE-DLKV,10157,100,1384,1448
11722,NSE-DLKV,10156,21,1195,1448
11722,NSE-OIT,9990,8,1600,1639
11722,NSE-OIT,9991,42,1610,1639
11722,NSE-OIT,9991,100,1610,1641
11722,NSE-OIT,9991,108,1610,1643
11722,NSE-OIT,9992,42,1444,1643
11722,NSE-OIT,9992,63,1444,1645
11722,NSE-OIT,9992,8,1490,1645
11722,NSE-OIT,9992,100,1509,1645
11722,NSE-OIT,9992,29,1622,1645
11722,NSE-OIT,9992,221,1622,1647
11722,NSE-OIT,9993,29,1446,1647
11722,NSE-SIMP,10049,50,1132,1435
11722,NSE-SIMP,10049,100,1132,1437
11722,NSE-SIMP,10049,87,1132,1439
11722,NSE-SIMP,10053,8,337,1439
11722,NSE-SIMP,10054,55,1213,1439
11722,NSE-SIMP,10054,195,1213,1441
11722,NSE-SIMP,10055,5,463,1441
11722,NSE-SIMP,10055,5,463,1443
11722,NSE-SIMP,10056,8,283,1443
11722,NSE-SIMP,10058,200,1179,1443
11722,NSE-SIMP,10059,37,1168,1443
11775,NSE-CARD,9548,50,1628,1647
11775,NSE-ZABA,9886,8,1413,1424
11821,NSE-CARD,9552,8,1649,1653
11821,NSE-CARD,9556,42,1629,1653
11821,NSE-CARD,9556,100,1629,1655
11821,NSE-CARD,9556,14,1629,1657
11821,NSE-CARD,9557,136,1631,1657
11821,NSE-CARD,9557,114,1631,1659
11821,NSE-CARD,9559,8,1595,1659
11821,NSE-CARD,9560,78,1613,1659
11821,NSE-CARD,9560,22,1613,1661
11821,NSE-CARD,9561,150,1615,1661
11821,NSE-CARD,9562,78,1617,1661
11821,NSE-DLKV,10156,50,1195,1455
11821,NSE-DLKV,10156,79,1195,1457
11821,NSE-DLKV,10156,8,1235,1457
11821,NSE-DLKV,10156,8,1260,1457
11821,NSE-DLKV,10155,5,1386,1457
11821,NSE-DLKV,10155,145,1386,1459
11821,NSE-DLKV,10154,5,1197,1459
11821,NSE-DLKV,10154,195,1197,1461
11821,NSE-DLKV,10153,5,1388,1461
11821,NSE-DLKV,10153,195,1388,1463
11821,NSE-DLKV,10153,8,1438,1463
11821,NSE-DLKV,10152,47,1199,1463
11822,NSE-SIMP,10059,50,1168,1447
11822,NSE-SIMP,10059,100,1168,1449
11822,NSE-SIMP,10059,63,1168,1451
11822,NSE-SIMP,10059,87,1181,1451
11822,NSE-SIMP,10059,163,1181,1453
11822,NSE-ZABA,9902,8,1376,1427
11822,NSE-ZABA,9902,8,1412,1427
11859,NSE-CARD,9548,50,1628,1664
11859,NSE-OIT,9982,50,1655,1666
11870,NSE-SIMP,10060,37,1453,1457
11870,NSE-SIMP,10059,163,1455,1457
11920,NSE-OIT,9984,50,1656,1667
11920,NSE-ZITO,9761,50,1460,1469
11920,NSE-SIMP,10059,50,1455,1458
11921,NSE-OIT,9981,5,1657,1668
11921,NSE-CARD,9562,50,1617,1666
11921,NSE-CARD,9562,72,1617,1668
11921,NSE-CARD,9563,28,1619,1668
11921,NSE-CARD,9563,150,1619,1670
11921,NSE-CARD,9563,72,1619,1672
11921,NSE-CARD,9565,128,1507,1672
11921,NSE-CARD,9565,122,1507,1674
11921,NSE-CARD,9565,128,1546,1674
11921,NSE-DLKV,10152,50,1199,1466
11921,NSE-DLKV,10152,100,1199,1468
11921,NSE-DLKV,10152,53,1199,1470
11921,NSE-DLKV,10151,97,1390,1470
11921,NSE-DLKV,10151,153,1390,1472
11921,NSE-DLKV,10151,8,1451,1472
11921,NSE-DLKV,10147,8,1123,1472
11921,NSE-DLKV,10146,31,1441,1472
11921,NSE-DLKV,10146,19,1441,1474
11921,NSE-DLKV,10144,8,1165,1474
11921,NSE-DLKV,10144,100,1443,1474
11921,NSE-DLKV,10140,8,1137,1474
11921,NSE-DLKV,10140,115,1447,1474
11922,NSE-ZABA,9906,10,1437,1441
11940,NSE-ZABA,9890,40,1441,1450
11968,NSE-OIT,9978,50,1670,1680
11968,NSE-CARD,9548,50,1628,1677
11968,NSE-OIT,9976,50,1669,1681
12021,NSE-ZITO,9761,1,1471,1480
12021,NSE-SIMP,10059,8,1459,1469
12021,NSE-DLKV,10140,9,1447,1475
12022,NSE-CARD,9565,50,1546,1678
12022,NSE-CARD,9565,22,1546,1680
12022,NSE-CARD,9566,78,1548,1680
12022,NSE-CARD,9566,150,1548,1682
12022,NSE-CARD,9566,22,1548,1684
12022,NSE-CARD,9576,100,1669,1684
12022,NSE-CARD,9577,78,1671,1684
12022,NSE-DLKV,10140,50,1447,1477
12022,NSE-DLKV,10140,26,1447,1479
12022,NSE-DLKV,10138,74,1449,1479
12022,NSE-DLKV,10138,150,1449,1481
12022,NSE-DLKV,10138,26,1449,1483
12022,NSE-DLKV,10136,50,1407,1483
12022,NSE-DLKV,10134,100,1409,1483
12022,NSE-DLKV,10132,24,1418,1483
12022,NSE-ZITO,9760,50,1447,1482
12022,NSE-ZITO,9759,100,1449,1484
12022,NSE-ZITO,9759,50,1459,1486
12022,NSE-ZITO,9759,50,1470,1486
12022,NSE-ZITO,9758,50,1451,1486
12022,NSE-ZITO,9758,100,1451,1488
12022,NSE-ZITO,9758,100,1461,1488
12022,NSE-ZITO,9758,100,1472,1490
12033,NSE-CARD,9576,10,1686,1689
12042,NSE-ZABA,9877,50,1452,1461
12063,NSE-CARD,9576,8,1686,1691
12063,NSE-DLKV,10133,8,1485,1486
12087,NSE-OIT,9980,50,1683,1695
12121,NSE-CARD,9577,5,1671,1692
12122,NSE-CARD,9576,1,1686,1693
12122,NSE-CARD,9577,50,1671,1694
12122,NSE-CARD,9577,17,1671,1696
12122,NSE-CARD,9578,83,1673,1696
12122,NSE-CARD,9578,117,1673,1698
12122,NSE-CARD,9579,33,1675,1698
12122,NSE-CARD,9579,200,1675,1700
12122,NSE-CARD,9579,17,1675,1702
12122,NSE-CARD,9583,100,1639,1702
12122,NSE-CARD,9584,133,1641,1702
12122,NSE-DLKV,10132,26,1418,1490
12122,NSE-DLKV,10131,8,1097,1490
12122,NSE-DLKV,10131,16,1393,1490
12122,NSE-DLKV,10131,34,1393,1492
12122,NSE-DLKV,10130,66,1413,1492
12122,NSE-DLKV,10130,134,1413,1494
12122,NSE-DLKV,10130,16,1420,1494
12122,NSE-DLKV,10130,84,1420,1496
12122,NSE-DLKV,10129,100,1395,1496
12122,NSE-DLKV,10128,16,1415,1496
12122,NSE-DLKV,10128,234,1415,1498
12122,NSE-DLKV,10127,16,1397,1498
12122,NSE-OIT,9976,1,1679,1697
12122,NSE-OIT,9973,49,1523,1697
12122,NSE-OIT,9973,100,1523,1699
12122,NSE-OIT,9973,51,1523,1701
12122,NSE-OIT,9972,99,1525,1701
12122,NSE-OIT,9972,151,1525,1703
12122,NSE-OIT,9972,8,1651,1703
12122,NSE-OIT,9971,41,1413,1703
12122,NSE-OIT,9971,109,1413,1705
12122,NSE-OIT,9970,141,1415,1705
12122,NSE-ZITO,9758,50,1490,1494
12122,NSE-ZITO,9758,100,1490,1496
12122,NSE-ZITO,9760,10,1492,1498
12122,NSE-ZITO,9761,49,1471,1498
12122,NSE-ZITO,9762,91,1358,1498
12122,NSE-ZITO,9762,2,1358,1500
12122,NSE-ZITO,9762,100,1371,1500
12122,NSE-ZITO,9762,98,1381,1500
12122,NSE-ZITO,9762,2,1381,1502
12122,NSE-ZITO,9762,50,1448,1502
12122,NSE-ZITO,9762,100,1462,1502
12122,NSE-ZITO,9762,98,1473,1502
12138,NSE-OIT,9982,50,1678,1706
12138,NSE-CARD,9576,50,1686,1705
12219,NSE-ZABA,9892,50,1465,1474
12221,NSE-OIT,9982,9,1678,1713
12221,NSE-CARD,9584,17,1641,1709
12221,NSE-CARD,9584,33,1656,1709
12221,NSE-DLKV,10127,50,1397,1501
12221,NSE-DLKV,10127,84,1397,1503
12221,NSE-OIT,9970,50,1415,1715
12221,NSE-OIT,9970,9,1415,1717
12221,NSE-OIT,9970,8,1462,1717
12221,NSE-OIT,9969,83,1417,1717
12221,NSE-OIT,9969,150,1417,1719
12221,NSE-OIT,9969,17,1417,1721
12221,NSE-OIT,9969,150,1499,1721
12221,NSE-OIT,9969,8,1635,1721
12221,NSE-OIT,9968,25,1501,1721
12221,NSE-OIT,9968,175,1501,1723
12221,NSE-OIT,9968,8,1693,1723
12221,NSE-OIT,9967,67,1503,1723
12221,NSE-SIMP,10027,8,1481,1494
12221,NSE-SIMP,10026,8,1445,1494
12221,NSE-ZABA,9902,8,1463,1475
12221,NSE-ZABA,9924,8,1349,1475
12222,NSE-ZITO,9762,2,1473,1505
12222,NSE-ZITO,9763,48,1360,1505
12321,NSE-DLKV,10125,6,1399,1510
12321,NSE-SIMP,10022,4,1494,1503
12321,NSE-CARD,9583,2,1711,1719
12321,NSE-CARD,9584,50,1656,1720
12321,NSE-CARD,9584,17,1656,1722
12321,NSE-CARD,9584,83,1683,1722
12321,NSE-CARD,9584,67,1683,1724
12321,NSE-CARD,9585,83,1643,1724
12321,NSE-CARD,9585,117,1643,1726
12321,NSE-CARD,9585,83,1658,1726
12321,NSE-CARD,9585,67,1658,1728
12321,NSE-CARD,9585,183,1685,1728
12321,NSE-DLKV,10129,50,1505,1511
12321,NSE-DLKV,10129,100,1505,1513
12321,NSE-DLKV,10131,150,1507,1515
12321,NSE-DLKV,10131,50,1507,1517
12321,NSE-DLKV,10133,150,1485,1517
12321,NSE-DLKV,10133,92,1485,1519
12321,NSE-DLKV,10133,158,1509,1519
12321,NSE-OIT,9967,50,1503,1725
12321,NSE-OIT,9967,100,1503,1727
12321,NSE-OIT,9967,33,1503,1729
12321,NSE-OIT,9965,8,1544,1729
12321,NSE-OIT,9962,109,1172,1729
12321,NSE-OIT,9962,111,1172,1731
12321,NSE-OIT,9962,8,1489,1731
12321,NSE-OIT,9961,8,1572,1731
12321,NSE-OIT,9960,73,1400,1731
12321,NSE-OIT,9960,127,1400,1733
12321,NSE-OIT,9960,8,1599,1733
12321,NSE-OIT,9959,1,1203,1733
12321,NSE-OIT,9959,114,1402,1733
12375,NSE-OIT,9982,50,1678,1734
12421,NSE-ZITO,9763,6,1360,1526
12421,NSE-CARD,9585,17,1685,1733
12421,NSE-CARD,9586,33,1645,1733
12421,NSE-CARD,9586,100,1645,1735
12421,NSE-CARD,9586,117,1645,1737
12421,NSE-CARD,9586,33,1660,1737
12421,NSE-CARD,9586,167,1660,1739
12421,NSE-CARD,9586,33,1687,1739
12421,NSE-CARD,9586,217,1687,1741
12421,NSE-CARD,9587,33,1662,1741
12421,NSE-DLKV,10133,50,1509,1521
12421,NSE-DLKV,10133,42,1509,1523
12421,NSE-DLKV,10158,58,1450,1523
12422,NSE-OIT,9959,50,1402,1738
12422,NSE-OIT,9959,86,1402,1740
12422,NSE-OIT,9955,14,1157,1740
12422,NSE-OIT,9955,56,1157,1742
12422,NSE-OIT,9949,94,1139,1742
12422,NSE-OIT,9949,156,1139,1744
12422,NSE-OIT,9948,8,1208,1744
12422,NSE-OIT,9947,8,1352,1744
12422,NSE-OIT,9944,28,1126,1744
12422,NSE-OIT,9944,222,1126,1746
12422,NSE-SIMP,10048,1,1514,1517
12422,NSE-ZABA,9910,10,1498,1499
12422,NSE-ZITO,9763,50,1360,1527
12422,NSE-ZITO,9763,96,1360,1529
12422,NSE-ZITO,9763,4,1373,1529
12422,NSE-ZITO,9763,146,1373,1531
12422,NSE-ZITO,9763,4,1383,1531
12422,NSE-ZITO,9763,146,1383,1533
12422,NSE-ZITO,9763,54,1450,1533
12422,NSE-ZITO,9763,46,1450,1535
12422,NSE-ZITO,9763,150,1464,1535
12422,NSE-ZITO,9763,54,1475,1535
12425,NSE-SIMP,10057,49,1517,1527
12425,NSE-SIMP,10056,1,1519,1527
12443,NSE-ZABA,9913,10,1499,1509
12443,NSE-CARD,9581,8,1715,1746
12443,NSE-OIT,9937,8,1746,1747
12443,NSE-ZABA,9913,8,1499,1511
12460,NSE-OIT,9937,20,1746,1749
12460,NSE-OIT,9982,30,1678,1749
12521,NSE-DLKV,10158,1,1450,1534
12521,NSE-CARD,9587,50,1662,1748
12521,NSE-CARD,9587,100,1662,1750
12521,NSE-CARD,9587,67,1662,1752
12521,NSE-CARD,9588,83,1714,1752
12521,NSE-CARD,9588,67,1714,1754
12521,NSE-CARD,9589,133,1716,1754
12521,NSE-CARD,9589,67,1716,1756
12521,NSE-CARD,9590,183,1718,1756
12522,NSE-DLKV,10158,50,1450,1535
12522,NSE-DLKV,10158,100,1450,1537
12522,NSE-DLKV,10158,41,1450,1539
12522,NSE-DLKV,10158,50,1512,1539
12522,NSE-OIT,9935,50,1720,1753
12522,NSE-OIT,9935,100,1720,1755
12522,NSE-OIT,9935,50,1720,1757
12522,NSE-OIT,9934,8,1177,1757
12522,NSE-OIT,9934,92,1722,1757
12522,NSE-OIT,9934,158,1722,1759
12522,NSE-ZITO,9763,50,1475,1538
12522,NSE-ZITO,9763,46,1475,1540
12522,NSE-ZITO,9764,54,1362,1540
12522,NSE-ZITO,9764,150,1362,1542
12522,NSE-ZITO,9764,46,1362,1544
12522,NSE-ZITO,9764,154,1375,1544
12522,NSE-ZITO,9764,46,1375,1546
12522,NSE-ZITO,9764,200,1385,1546
12522,NSE-ZITO,9764,4,1452,1546
12550,NSE-OIT,9934,42,1759,1762
12550,NSE-OIT,9935,8,1761,1762
12568,NSE-OIT,9935,20,1761,1764
12568,NSE-ZITO,9762,10,1507,1549
12568,NSE-CARD,9581,1,1715,1760
12603,NSE-DLKV,10159,50,1539,1545
12603,NSE-SIMP,10057,50,1531,1541
12621,NSE-ZABA,9890,6,1514,1525
12621,NSE-SIMP,10056,2,1533,1542
12622,NSE-CARD,9590,50,1718,1761
12622,NSE-CARD,9590,17,1718,1763
12622,NSE-CARD,9599,83,1738,1763
12622,NSE-CARD,9599,67,1738,1765
12622,NSE-CARD,9600,83,1740,1765
12622,NSE-CARD,9600,117,1740,1767
12622,NSE-CARD,9601,83,1742,1767
12622,NSE-CARD,9601,167,1742,1769
12622,NSE-CARD,9605,83,1725,1769
12622,NSE-DLKV,10159,9,1539,1547
12622,NSE-DLKV,10157,41,1541,1547
12622,NSE-ZABA,9888,1,1495,1527
12622,NSE-ZITO,9764,50,1452,1551
12622,NSE-ZITO,9764,96,1452,1553
12622,NSE-ZITO,9764,4,1466,1553
12622,NSE-ZITO,9764,150,1466,1555
12622,NSE-ZITO,9764,46,1466,1557
12622,NSE-ZITO,9764,154,1477,1557
12622,NSE-ZITO,9764,46,1477,1559
12622,NSE-ZITO,9764,100,1518,1559
12622,NSE-ZITO,9765,104,1316,1559
12622,NSE-DLKV,10157,8,1541,1557
12622,NSE-OIT,9933,8,1767,1776
12656,NSE-DLKV,10157,10,1541,1559
12673,NSE-OIT,9933,21,1767,1778
12721,NSE-DLKV,10157,6,1541,1560
12721,NSE-CARD,9581,50,1715,1776
12721,NSE-CARD,9581,100,1715,1778
12721,NSE-CARD,9581,41,1715,1780
12721,NSE-CARD,9580,109,1717,1780
12721,NSE-CARD,9580,141,1717,1782
12721,NSE-CARD,9576,59,1686,1782
12721,NSE-CARD,9576,122,1686,1784
12721,NSE-CARD,9565,8,1771,1784
12721,NSE-CARD,9562,1,1730,1784
12721,NSE-CARD,9549,10,1688,1784
12721,NSE-CARD,9547,109,1630,1784
12721,NSE-DLKV,10159,50,1549,1561
12721,NSE-DLKV,10159,50,1549,1563
12721,NSE-DLKV,10161,50,1551,1563
12721,NSE-DLKV,10161,100,1551,1565
12721,NSE-DLKV,10162,50,1516,1565
12721,NSE-DLKV,10162,100,1516,1567
12721,NSE-DLKV,10163,100,1553,1567
12721,NSE-DLKV,10163,100,1553,1569
12721,NSE-DLKV,10164,150,1518,1569
12721,NSE-SIMP,10059,50,1515,1556
12721,NSE-SIMP,10061,8,1554,1558
12721,NSE-SIMP,10062,92,1203,1558
12721,NSE-SIMP,10062,150,1203,1560
12721,NSE-SIMP,10062,8,1203,1562
12721,NSE-SIMP,10062,192,1538,1562
12721,NSE-SIMP,10062,8,1538,1564
12721,NSE-SIMP,10062,242,1552,1564
12721,NSE-ZABA,9881,10,1497,1542
12721,NSE-ZITO,9765,50,1316,1562
12721,NSE-ZITO,9765,26,1316,1564
12721,NSE-ZITO,9765,74,1377,1564
12721,NSE-ZITO,9765,150,1377,1566
12721,NSE-ZITO,9765,26,1377,1568
12721,NSE-ZITO,9765,174,1387,1568
12721,NSE-ZITO,9765,76,1387,1570
12721,NSE-ZITO,9765,174,1454,1570
12729,NSE-DLKV,10157,50,1541,1571
12767,NSE-OIT,9926,20,1781,1790
12797,NSE-OIT,9926,5,1781,1793
12812,NSE-DLKV,10157,8,1541,1573
12812,NSE-OIT,9926,8,1781,1794
12821,NSE-DLKV,10164,5,1518,1574
12821,NSE-OIT,9924,2,1780,1796
12821,NSE-ZABA,9875,8,1536,1555
12821,NSE-ZABA,9875,1,1541,1555
12821,NSE-CARD,9594,1,1772,1789
12821,NSE-CARD,9568,8,1787,1791
12821,NSE-CARD,9547,42,1630,1791
12821,NSE-CARD,9547,99,1630,1793
12821,NSE-DLKV,10164,45,1518,1575
12821,NSE-DLKV,10164,5,1522,1575
12821,NSE-DLKV,10164,45,1522,1577
12821,NSE-DLKV,10164,8,1533,1577
12821,NSE-DLKV,10165,47,1555,1577
12821,NSE-DLKV,10165,150,1555,1579
12821,NSE-DLKV,10165,53,1555,1581
12821,NSE-DLKV,10166,147,1520,1581
12822,NSE-OIT,9935,50,1761,1797
12822,NSE-OIT,9935,100,1761,1799
12822,NSE-OIT,9935,72,1761,1801
12822,NSE-OIT,9937,78,1775,1801
12822,NSE-OIT,9937,172,1775,1803
12822,NSE-SIMP,10056,50,1568,1570
12822,NSE-SIMP,10062,8,1552,1572
12822,NSE-SIMP,10063,1,284,1572
12822,NSE-SIMP,10063,91,1540,1572
12822,NSE-SIMP,10063,150,1540,1574
12822,NSE-SIMP,10063,9,1540,1576
12822,NSE-SIMP,10069,10,295,1576
12822,NSE-SIMP,10071,10,307,1576
12822,NSE-SIMP,10072,10,258,1576
12822,NSE-SIMP,10073,8,260,1576
12822,NSE-SIMP,10075,8,1529,1576
12822,NSE-SIMP,10076,8,236,1576
12822,NSE-ZABA,9891,10,1540,1556
12822,NSE-ZABA,9892,10,1523,1556
12822,NSE-ZITO,9765,26,1454,1573
12822,NSE-ZITO,9765,24,1468,1573
12822,NSE-ZITO,9765,100,1468,1575
12822,NSE-ZITO,9765,126,1468,1577
12822,NSE-ZITO,9765,24,1479,1577
12822,NSE-ZITO,9765,200,1479,1579
12822,NSE-ZITO,9765,26,1479,1581
12822,NSE-ZITO,9765,50,1506,1581
12822,NSE-ZITO,9765,150,1520,1581
12822,NSE-ZITO,9766,8,776,1581
12822,NSE-ZITO,9766,8,1143,1581
12822,NSE-ZITO,9766,8,1194,1581
12841,NSE-CARD,9546,1,1793,1800
12841,NSE-CARD,9547,49,1795,1800
12841,NSE-OIT,9954,28,1803,1807
12841,NSE-OIT,9953,22,1805,1807
12856,NSE-OIT,9959,10,1798,1808
12856,NSE-ZABA,9892,10,1556,1566
12887,NSE-CARD,9547,50,1795,1802
12887,NSE-DLKV,10164,9,1583,1585
12904,NSE-OIT,9959,1,1798,1811
12904,NSE-SIMP,10080,1,1576,1580
12921,NSE-CARD,9543,6,1790,1803
12921,NSE-DLKV,10166,8,1520,1586
12921,NSE-DLKV,10164,2,1583,1587
12921,NSE-CARD,9541,8,1745,1805
12921,NSE-CARD,9539,42,1798,1805
12921,NSE-CARD,9539,100,1798,1807
12921,NSE-CARD,9539,108,1798,1809
12921,NSE-CARD,9535,8,1690,1809
12921,NSE-CARD,9534,34,1589,1809
12921,NSE-CARD,9534,66,1589,1811
12921,NSE-CARD,9531,134,1574,1811
12921,NSE-CARD,9531,66,1574,1813
12921,NSE-CARD,9531,184,1781,1813
12921,NSE-DLKV,10166,50,1520,1588
12921,NSE-DLKV,10166,45,1520,1590
12921,NSE-DLKV,10166,55,1524,1590
12921,NSE-DLKV,10166,45,1524,1592
12921,NSE-DLKV,10167,50,1536,1592
12921,NSE-DLKV,10168,55,1526,1592
12922,NSE-DLKV,10168,95,1526,1594
12922,NSE-DLKV,10169,100,1538,1594
12922,NSE-DLKV,10170,5,1528,1594
12922,NSE-DLKV,10170,195,1528,1596
12922,NSE-DLKV,10171,55,1391,1596
12922,NSE-SIMP,10080,50,1576,1582
12922,NSE-SIMP,10080,86,1576,1584
12922,NSE-SIMP,10079,14,1578,1584
12922,NSE-SIMP,10079,150,1578,1586
12922,NSE-SIMP,10079,86,1578,1588
12922,NSE-ZABA,9903,8,1554,1568
12922,NSE-ZABA,9904,8,1537,1568
12922,NSE-ZITO,9766,42,1194,1585
12922,NSE-ZITO,9766,8,1204,1585
12922,NSE-ZITO,9766,100,1318,1587
12922,NSE-ZITO,9766,150,1318,1589
12922,NSE-ZITO,9766,200,1456,1591
12922,NSE-ZITO,9766,50,1456,1593
12922,NSE-ZITO,9766,100,1508,1593
12922,NSE-ZITO,9766,100,1522,1593
12942,NSE-ZITO,9763,1,1584,1596
12942,NSE-ZABA,9907,10,1568,1579
12959,NSE-CARD,9548,50,1797,1815
12976,NSE-CARD,9548,8,1797,1816
12976,NSE-OIT,9954,8,1812,1824
12976,NSE-ZABA,9907,8,1568,1581
13008,NSE-ZITO,9763,9,1596,1598
13008,NSE-CARD,9548,8,1797,1818
13008,NSE-DLKV,10157,11,1541,1601
13022,NSE-DLKV,10171,50,1391,1602
13022,NSE-DLKV,10171,100,1391,1604
13022,NSE-DLKV,10171,38,1391,1606
13022,NSE-DLKV,10171,112,1540,1606
13022,NSE-DLKV,10171,38,1540,1608
13022,NSE-DLKV,10172,8,1487,1608
13022,NSE-DLKV,10172,154,1530,1608
13022,NSE-DLKV,10172,96,1530,1610
13022,NSE-DLKV,10173,154,1542,1610
13022,NSE-OIT,9953,50,1805,1827
13022,NSE-OIT,9953,100,1805,1829
13022,NSE-OIT,9953,78,1805,1831
13022,NSE-OIT,9950,72,1820,1831
13022,NSE-OIT,9950,178,1820,1833
13022,NSE-SIMP,10058,50,1588,1593
13022,NSE-SIMP,10058,64,1588,1595
13022,NSE-SIMP,10059,36,1590,1595
13022,NSE-SIMP,10059,150,1590,1597
13022,NSE-SIMP,10059,64,1590,1599
13022,NSE-ZITO,9766,50,1522,1599
13022,NSE-ZITO,9766,50,1522,1601
13022,NSE-ZITO,9767,10,618,1601
13022,NSE-ZITO,9767,40,1034,1601
13022,NSE-ZITO,9767,10,1034,1603
13022,NSE-ZITO,9767,100,1196,1603
13022,NSE-ZITO,9767,40,1510,1603
13022,NSE-ZITO,9767,110,1510,1605
13022,NSE-ZITO,9767,90,1524,1605
13022,NSE-ZITO,9767,160,1524,1607
13022,NSE-ZITO,9768,10,566,1607
13022,NSE-ZITO,9768,80,1036,1607
13043,NSE-DLKV,10157,1,1541,1612
13063,NSE-CARD,9544,10,1820,1829
13081,NSE-CARD,9544,40,1820,1831
13081,NSE-CARD,9545,10,1822,1831
13081,NSE-ZABA,9918,20,1583,1594
13081,NSE-ZABA,9918,10,1583,1596
13121,NSE-CARD,9546,10,1830,1834
13121,NSE-DLKV,10173,46,1542,1613
13121,NSE-DLKV,10175,4,1544,1613
13121,NSE-DLKV,10175,100,1544,1615
13121,NSE-DLKV,10175,146,1544,1617
13121,NSE-DLKV,10175,4,1600,1617
13121,NSE-DLKV,10175,4,1600,1619
13121,NSE-DLKV,10176,50,1576,1619
13121,NSE-DLKV,10177,100,1374,1619
13121,NSE-DLKV,10178,46,1578,1619
13121,NSE-DLKV,10178,54,1578,1621
13121,NSE-DLKV,10180,150,1580,1621
13121,NSE-DLKV,10181,46,1378,1621
13122,NSE-OIT,9943,50,1835,1838
13122,NSE-OIT,9943,100,1835,1840
13122,NSE-OIT,9943,100,1835,1842
13122,NSE-OIT,9959,50,1819,1842
13122,NSE-SIMP,10061,50,1599,1605
13122,NSE-SIMP,10061,86,1599,1607
13122,NSE-SIMP,10060,14,1601,1607
13122,NSE-SIMP,10060,150,1601,1609
13122,NSE-SIMP,10060,86,1601,1611
13122,NSE-ZITO,9768,20,1036,1609
13122,NSE-ZITO,9768,30,1198,1609
13122,NSE-ZITO,9768,100,1198,1611
13122,NSE-ZITO,9768,20,1198,1613
13122,NSE-ZITO,9768,8,1271,1613
13122,NSE-ZITO,9768,122,1512,1613
13122,NSE-ZITO,9768,78,1512,1615
13122,NSE-ZITO,9769,8,728,1615
13122,NSE-ZITO,9769,114,1038,1615
13122,NSE-ZITO,9769,36,1038,1617
13122,NSE-ZITO,9769,8,1157,1617
13122,NSE-ZITO,9769,200,1200,1617
13122,NSE-ZITO,9769,6,1426,1617
13204,NSE-CARD,9547,50,1826,1845
13204,NSE-CARD,9546,40,1834,1846
13204,NSE-CARD,9545,10,1836,1846
13204,NSE-OIT,9958,50,1844,1848
13221,NSE-SIMP,10055,5,1611,1615
13221,NSE-CARD,9547,50,1826,1847
13221,NSE-CARD,9547,100,1826,1849
13221,NSE-CARD,9548,134,1797,1851
13221,NSE-CARD,9548,16,1828,1851
13221,NSE-CARD,9548,200,1828,1853
13221,NSE-DLKV,10181,50,1378,1624
13221,NSE-DLKV,10181,100,1378,1626
13221,NSE-DLKV,10181,54,1378,1628
13221,NSE-DLKV,10181,8,1452,1628
13221,NSE-DLKV,10182,50,1562,1628
13221,NSE-DLKV,10182,38,1582,1628
13221,NSE-DLKV,10182,162,1582,1630
13221,NSE-DLKV,10184,8,1439,1630
13221,NSE-DLKV,10184,30,1564,1630
13221,NSE-DLKV,10184,70,1564,1632
13221,NSE-DLKV,10186,150,1566,1632
13221,NSE-DLKV,10188,30,1568,1632
13222,NSE-OIT,9959,50,1819,1849
13222,NSE-OIT,9959,100,1819,1851
13222,NSE-OIT,9960,150,1821,1853
13222,NSE-OIT,9960,100,1821,1855
13222,NSE-OIT,9962,100,1804,1855
13222,NSE-OIT,9962,100,1804,1857
13222,NSE-OIT,9963,150,1806,1857
13222,NSE-SIMP,10055,50,1611,1616
13222,NSE-SIMP,10055,59,1611,1618
13222,NSE-SIMP,10056,41,1613,1618
13222,NSE-SIMP,10056,150,1613,1620
13222,NSE-SIMP,10056,59,1613,1622
13222,NSE-ZITO,9769,44,1426,1619
13222,NSE-ZITO,9769,6,1514,1619
13222,NSE-ZITO,9769,100,1514,1621
13222,NSE-ZITO,9769,144,1514,1623
13222,NSE-ZITO,9770,6,1040,1623
13222,NSE-ZITO,9770,194,1040,1625
13222,NSE-ZITO,9770,6,1045,1625
13222,NSE-ZITO,9770,44,1045,1627
13222,NSE-ZITO,9770,8,1180,1627
13222,NSE-ZITO,9770,198,1202,1627
13250,NSE-CARD,9547,50,1855,1860
13250,NSE-OIT,9940,8,1859,1861
13309,NSE-ZABA,9895,50,1609,1620
13309,NSE-CARD,9548,34,1828,1861
13309,NSE-SIMP,10063,50,1622,1627
13321,NSE-OIT,9963,8,1806,1863
13321,NSE-CARD,9549,50,1799,1862
13321,NSE-CARD,9549,100,1799,1864
13321,NSE-CARD,9549,100,1799,1866
13321,NSE-CARD,9550,50,1839,1866
13321,NSE-CARD,9550,100,1839,1868
13321,NSE-CARD,9551,100,1841,1868
13321,NSE-CARD,9551,100,1841,1870
13321,NSE-CARD,9552,150,1843,1870
13321,NSE-DLKV,10179,8,1635,1636
13321,NSE-DLKV,10188,42,1568,1636
13322,NSE-DLKV,10188,100,1568,1638
13322,NSE-DLKV,10188,28,1568,1640
13322,NSE-DLKV,10188,50,1603,1640
13322,NSE-DLKV,10190,72,1570,1640
13322,NSE-DLKV,10190,178,1570,1642
13322,NSE-DLKV,10190,22,1605,1642
13322,NSE-DLKV,10190,78,1605,1644
13322,NSE-DLKV,10191,1,1404,1644
13322,NSE-DLKV,10192,115,1256,1644
13322,NSE-DLKV,10192,8,1284,1644
13322,NSE-DLKV,10192,48,1589,1644
13322,NSE-OIT,9963,50,1806,1864
13322,NSE-OIT,9963,42,1806,1866
13322,NSE-OIT,9967,58,1847,1866
13322,NSE-OIT,9967,150,1847,1868
13322,NSE-SIMP,10068,50,1617,1628
13322,NSE-SIMP,10069,100,1600,1630
13322,NSE-SIMP,10069,100,1600,1632
13322,NSE-SIMP,10069,50,1619,1632
13322,NSE-SIMP,10069,50,1619,1634
13322,NSE-SIMP,10070,150,1602,1634
13322,NSE-SIMP,10070,100,1602,1636
13322,NSE-SIMP,10070,150,1621,1636
13322,NSE-ZABA,9918,1,1622,1623
13322,NSE-ZITO,9770,50,1202,1631
13322,NSE-ZITO,9770,2,1202,1633
13322,NSE-ZITO,9770,8,1249,1633
13322,NSE-ZITO,9770,8,1297,1633
13322,NSE-ZITO,9770,82,1428,1633
13322,NSE-ZITO,9770,18,1428,1635
13322,NSE-ZITO,9771,100,1047,1635
13322,NSE-ZITO,9771,32,1323,1635
13322,NSE-ZITO,9771,18,1323,1637
13322,NSE-ZITO,9771,150,1430,1637
13322,NSE-ZITO,9772,32,1049,1637
13322,NSE-ZITO,9772,118,1049,1639
13322,NSE-ZITO,9772,50,1274,1639
13322,NSE-ZITO,9772,82,1325,1639
13349,NSE-ZABA,9922,49,1623,1633
13349,NSE-ZABA,9920,1,1625,1633
13349,NSE-CARD,9547,50,1855,1873
13349,NSE-OIT,9966,50,1870,1875
13421,NSE-OIT,9967,8,1847,1876
13421,NSE-OIT,9966,9,1870,1877
13421,NSE-CARD,9552,50,1843,1874
13421,NSE-CARD,9552,50,1843,1876
13421,NSE-CARD,9553,8,1858,1876
13421,NSE-CARD,9554,42,1850,1876
13421,NSE-CARD,9554,58,1850,1878
13421,NSE-CARD,9555,92,1852,1878
13421,NSE-CARD,9555,58,1852,1880
13421,NSE-CARD,9556,142,1854,1880
13421,NSE-CARD,9556,58,1854,1882
13421,NSE-CARD,9557,192,1856,1882
13422,NSE-OIT,9967,34,1847,1878
13422,NSE-OIT,9969,8,1860,1878
13422,NSE-ZABA,9914,50,1631,1635
13422,NSE-ZABA,9914,100,1631,1637
13422,NSE-ZABA,9914,100,1631,1639
13422,NSE-ZITO,9772,18,1325,1641
13422,NSE-ZITO,9772,32,1432,1641
13422,NSE-ZITO,9772,100,1432,1643
13422,NSE-ZITO,9772,68,1432,1645
13422,NSE-ZITO,9772,50,1495,1645
13422,NSE-ZITO,9772,32,1574,1645
13422,NSE-ZITO,9772,18,1574,1647
13422,NSE-ZITO,9773,50,1228,1647
13422,NSE-ZITO,9773,100,1276,1647
13422,NSE-ZITO,9773,32,1327,1647
13422,NSE-ZITO,9773,118,1327,1649
13422,NSE-ZITO,9773,8,1389,1649
13422,NSE-ZITO,9773,8,1412,1649
13422,NSE-ZITO,9773,116,1434,1649
13433,NSE-ZABA,9901,50,1639,1644
13447,NSE-ZABA,9894,8,1618,1645
13447,NSE-CARD,9547,50,1855,1887
13447,NSE-OIT,9978,8,1878,1891
13447,NSE-OIT,9977,42,1880,1891
13477,NSE-DLKV,10188,8,1646,1659
13477,NSE-OIT,9977,8,1880,1893
13521,NSE-CARD,9557,50,1856,1890
13521,NSE-CARD,9557,8,1856,1892
13521,NSE-CARD,9560,8,1889,1892
13521,NSE-CARD,9563,84,1865,1892
13521,NSE-CARD,9563,16,1865,1894
13521,NSE-CARD,9564,134,1867,1894
13521,NSE-CARD,9564,16,1867,1896
13521,NSE-CARD,9565,184,1869,1896
13521,NSE-CARD,9565,16,1869,1898
13521,NSE-CARD,9566,234,1871,1898
13522,NSE-DLKV,10192,2,1589,1660
13522,NSE-DLKV,10192,48,1607,1660
13522,NSE-SIMP,10064,50,1639,1651
13522,NSE-SIMP,10063,91,1622,1653
13522,NSE-SIMP,10063,9,1641,1653
13522,NSE-SIMP,10063,91,1641,1655
13522,NSE-SIMP,10062,59,1624,1655
13522,NSE-SIMP,10062,191,1624,1657
13522,NSE-SIMP,10062,9,1643,1657
13522,NSE-SIMP,10062,141,1643,1659
13522,NSE-SIMP,10061,109,1645,1659
13522,NSE-ZITO,9773,50,1434,1653
13522,NSE-ZITO,9773,84,1434,1655
13522,NSE-ZITO,9773,16,1497,1655
13522,NSE-ZITO,9773,84,1497,1657
13522,NSE-ZITO,9773,66,1576,1657
13522,NSE-ZITO,9773,34,1576,1659
13522,NSE-ZITO,9774,8,753,1659
13522,NSE-ZITO,9774,50,1217,1659
13522,NSE-ZITO,9774,100,1230,1659
13522,NSE-ZITO,9774,8,1278,1659
13522,NSE-ZITO,9774,142,1278,1661
13522,NSE-ZITO,9774,108,1329,1661
13548,NSE-OIT,9956,50,1895,1904
13563,NSE-OIT,9957,42,1897,1906
13563,NSE-DLKV,10192,30,1607,1670
13563,NSE-DLKV,10190,10,1662,1672
13563,NSE-ZABA,9896,10,1648,1659
13607,NSE-ZABA,9900,8,1649,1660
13607,NSE-OIT,9957,42,1897,1907
13607,NSE-OIT,9957,1,1897,1908
13607,NSE-CARD,9547,1,1855,1903
13621,NSE-CARD,9566,16,1871,1904
13621,NSE-SIMP,10061,50,1645,1663
13621,NSE-SIMP,10061,41,1645,1665
13621,NSE-SIMP,10060,59,1647,1665
13621,NSE-SIMP,10060,150,1647,1667
13621,NSE-SIMP,10060,41,1647,1669
13621,NSE-ZABA,9903,50,1641,1661
13621,NSE-ZABA,9903,100,1641,1663
13621,NSE-ZABA,9903,50,1641,1665
13621,NSE-ZABA,9904,100,1653,1665
13622,NSE-ZABA,9904,50,1653,1667
13622,NSE-ZABA,9905,150,1643,1667
13622,NSE-ZABA,9905,100,1643,1669
13622,NSE-ZABA,9906,150,1655,1669
13622,NSE-ZITO,9774,50,1329,1665
13622,NSE-ZITO,9774,42,1329,1667
13622,NSE-ZITO,9774,58,1499,1667
13622,NSE-ZITO,9774,92,1499,1669
13622,NSE-ZITO,9775,10,603,1669
13622,NSE-ZITO,9775,48,1219,1669
13622,NSE-ZITO,9775,52,1219,1671
13622,NSE-ZITO,9775,148,1232,1671
13622,NSE-ZITO,9775,2,1232,1673
13622,NSE-ZITO,9775,200,1280,1673
13622,NSE-ZITO,9775,8,1320,1673
13622,NSE-ZITO,9775,40,1331,1673
13662,NSE-DLKV,10192,30,1607,1683
13662,NSE-DLKV,10190,10,1662,1685
13662,NSE-OIT,9957,50,1910,1919
13697,NSE-CARD,9569,8,1904,1917
13697,NSE-OIT,9958,8,1912,1921
13721,NSE-DLKV,10190,9,1662,1688
13721,NSE-CARD,9569,8,1904,1918
13721,NSE-OIT,9955,5,1909,1923
13721,NSE-CARD,9570,50,1879,1919
13722,NSE-CARD,9570,100,1879,1921
13722,NSE-CARD,9571,150,1881,1923
13722,NSE-CARD,9571,50,1881,1925
13722,NSE-CARD,9572,150,1883,1925
13722,NSE-CARD,9572,100,1883,1927
13722,NSE-CARD,9573,150,1909,1927
13722,NSE-ZABA,9906,50,1655,1674
13722,NSE-ZABA,9908,100,1657,1676
13722,NSE-ZABA,9908,150,1657,1678
13722,NSE-ZABA,9912,8,1673,1680
13722,NSE-ZITO,9775,50,1331,1676
13722,NSE-ZITO,9775,100,1331,1678
13722,NSE-ZITO,9775,60,1331,1680
13722,NSE-ZITO,9775,90,1501,1680
13722,NSE-ZITO,9775,110,1501,1682
13722,NSE-ZITO,9775,50,1586,1682
13722,NSE-ZITO,9776,40,1221,1682
13722,NSE-ZITO,9776,110,1221,1684
13722,NSE-ZITO,9776,140,1234,1684
13736,NSE-DLKV,10190,1,1662,1699
13754,NSE-DLKV,10192,30,1607,1700
13754,NSE-ZITO,9770,1,1664,1687
13770,NSE-OIT,9966,50,1924,1935
13821,NSE-SIMP,10056,4,1675,1685
13821,NSE-SIMP,10056,1,1675,1686
13821,NSE-CARD,9574,50,1895,1931
13821,NSE-CARD,9574,100,1895,1933
13821,NSE-CARD,9574,150,1911,1935
13821,NSE-CARD,9574,50,1911,1937
13821,NSE-CARD,9575,150,1897,1937
13821,NSE-CARD,9575,50,1897,1939
13821,NSE-CARD,9575,200,1913,1939
13821,NSE-DLKV,10190,50,1662,1702
13821,NSE-DLKV,10190,20,1662,1704
13821,NSE-DLKV,10190,50,1673,1704
13821,NSE-DLKV,10188,30,1646,1704
13821,NSE-DLKV,10188,12,1646,1706
13821,NSE-DLKV,10186,100,1648,1706
13821,NSE-DLKV,10184,38,1650,1706
13821,NSE-DLKV,10184,112,1650,1708
13821,NSE-DLKV,10174,8,1686,1708
13821,NSE-SIMP,10056,45,1675,1687
13821,NSE-ZABA,9919,50,1680,1686
13821,NSE-ZITO,9765,9,1687,1688
13821,NSE-ZITO,9776,41,1234,1688
13821,NSE-ZITO,9776,19,1234,1690
13821,NSE-ZITO,9776,81,1282,1690
13821,NSE-ZITO,9776,150,1282,1692
13821,NSE-ZITO,9776,19,1282,1694
13821,NSE-ZITO,9776,8,1366,1694
13821,NSE-ZITO,9776,50,1437,1694
13821,NSE-ZITO,9776,123,1503,1694
13821,NSE-ZITO,9776,127,1503,1696
13821,NSE-ZITO,9776,123,1582,1696
13850,NSE-CARD,9575,10,1913,1941
13850,NSE-OIT,9970,50,1936,1947
13888,NSE-DLKV,10167,8,1708,1711
13888,NSE-ZABA,9919,8,1680,1696
13915,NSE-SIMP,10056,5,1687,1698
13915,NSE-SIMP,10055,45,1650,1698
13921,NSE-CARD,9575,7,1913,1946
13921,NSE-ZABA,9921,8,1647,1697
13921,NSE-CARD,9575,33,1913,1947
13921,NSE-CARD,9576,17,1899,1947
13921,NSE-CARD,9576,100,1899,1949
13921,NSE-CARD,9576,133,1899,1951
13921,NSE-CARD,9583,8,1945,1951
13921,NSE-CARD,9594,7,1772,1951
13921,NSE-CARD,9595,2,1817,1951
13921,NSE-CARD,9595,6,1817,1953
13921,NSE-CARD,9597,8,1788,1953
13921,NSE-CARD,9605,67,1725,1953
13921,NSE-CARD,9606,119,1727,1953
13921,NSE-CARD,9606,81,1727,1955
13921,NSE-CARD,9607,169,1729,1955
13921,NSE-DLKV,10158,1,1657,1714
13921,NSE-DLKV,10157,49,1541,1714
13921,NSE-DLKV,10157,16,1541,1716
13921,NSE-DLKV,10156,84,1525,1716
13921,NSE-DLKV,10156,66,1525,1718
13921,NSE-DLKV,10155,84,1543,1718
13921,NSE-DLKV,10155,166,1543,1720
13921,NSE-DLKV,10154,34,1527,1720
13921,NSE-OIT,9962,50,1932,1951
13921,NSE-OIT,9962,100,1932,1953
13921,NSE-OIT,9962,100,1932,1955
13921,NSE-OIT,9943,8,1892,1955
13921,NSE-OIT,9941,8,1948,1955
13921,NSE-SIMP,10055,5,1650,1700
13921,NSE-SIMP,10055,45,1662,1700
13921,NSE-SIMP,10055,5,1662,1702
13921,NSE-SIMP,10055,95,1689,1702
13921,NSE-SIMP,10055,5,1689,1704
13921,NSE-SIMP,10054,100,1652,1704
13921,NSE-SIMP,10054,45,1664,1704
13921,NSE-SIMP,10054,55,1664,1706
13921,NSE-SIMP,10054,50,1674,1706
13921,NSE-SIMP,10054,95,1691,1706
13922,NSE-ZABA,9919,50,1680,1699
13922,NSE-ZABA,9919,84,1680,1701
13922,NSE-ZABA,9917,16,1682,1701
13922,NSE-ZABA,9917,150,1682,1703
13922,NSE-ZABA,9917,84,1682,1705
13922,NSE-ZITO,9770,10,1699,1701
13922,NSE-ZITO,9776,40,1582,1701
13922,NSE-ZITO,9776,87,1582,1703
13922,NSE-ZITO,9776,13,1588,1703
13922,NSE-ZITO,9776,87,1588,1705
13922,NSE-ZITO,9777,63,1223,1705
13922,NSE-ZITO,9777,137,1223,1707
13922,NSE-ZITO,9777,63,1439,1707
13922,NSE-ZITO,9777,37,1439,1709
13922,NSE-ZITO,9777,150,1590,1709
13922,NSE-ZITO,9778,10,739,1709
13922,NSE-ZITO,9778,53,1441,1709
13964,NSE-OIT,9939,34,1955,1961
13964,NSE-OIT,9940,16,1957,1961
14021,NSE-CARD,9607,50,1729,1960
14021,NSE-CARD,9607,31,1729,1962
14021,NSE-CARD,9608,69,1697,1962
14021,NSE-CARD,9608,31,1697,1964
14021,NSE-CARD,9608,119,1753,1964
14021,NSE-CARD,9608,31,1753,1966
14021,NSE-CARD,9609,150,1699,1966
14021,NSE-CARD,9609,19,1755,1966
14021,NSE-CARD,9609,181,1755,1968
14021,NSE-CARD,9610,69,1701,1968
14021,NSE-OIT,9971,50,1931,1963
14021,NSE-OIT,9971,100,1931,1965
14021,NSE-OIT,9971,50,1931,1967
14021,NSE-OIT,9971,8,1949,1967
14021,NSE-OIT,9972,92,1933,1967
14021,NSE-OIT,9972,158,1933,1969
14021,NSE-SIMP,10055,50,1708,1709
14021,NSE-SIMP,10055,100,1708,1711
14021,NSE-SIMP,10055,100,1708,1713
14021,NSE-SIMP,10057,50,1677,1713
14021,NSE-SIMP,10057,50,1677,1715
14021,NSE-SIMP,10058,150,1679,1715
14021,NSE-SIMP,10058,50,1688,1717
14021,NSE-SIMP,10059,200,1681,1717
14022,NSE-ZITO,9772,10,1711,1712
14022,NSE-ZITO,9778,40,1441,1712
14022,NSE-ZITO,9778,57,1441,1714
14022,NSE-ZITO,9778,43,1592,1714
14022,NSE-ZITO,9778,150,1592,1716
14022,NSE-ZITO,9778,7,1592,1718
14022,NSE-ZITO,9779,50,1299,1718
14022,NSE-ZITO,9779,143,1443,1718
14022,NSE-ZITO,9779,57,1443,1720
14022,NSE-ZITO,9779,193,1594,1720
14061,NSE-CARD,9574,10,1971,1972
14061,NSE-OIT,9973,42,1969,1974
14061,NSE-OIT,9972,8,1971,1974
14078,NSE-DLKV,10160,30,1725,1734
14078,NSE-CARD,9610,10,1701,1973
14121,NSE-CARD,9584,8,1976,1978
14121,NSE-CARD,9610,42,1701,1978
14121,NSE-CARD,9610,79,1701,1980
14121,NSE-CARD,9610,21,1757,1980
14121,NSE-CARD,9610,150,1757,1982
14121,NSE-CARD,9610,79,1757,1984
14121,NSE-CARD,9611,121,1703,1984
14121,NSE-CARD,9611,129,1703,1986
14121,NSE-CARD,9617,121,1766,1986
14121,NSE-DLKV,10162,10,1736,1739
14121,NSE-DLKV,10177,8,1738,1739
14121,NSE-ZITO,9779,50,1594,1723
14121,NSE-ZITO,9779,7,1594,1725
14121,NSE-ZITO,9780,93,1301,1725
14159,NSE-OIT,9955,8,1976,1989
14159,NSE-OIT,9955,42,1978,1989
14177,NSE-DLKV,10181,32,1739,1749
14177,NSE-DLKV,10179,18,1741,1749
14177,NSE-ZITO,9779,10,1727,1733
14221,NSE-DLKV,10185,9,1740,1750
14221,NSE-ZABA,9911,8,1689,1731
14221,NSE-CARD,9617,29,1766,1990
14221,NSE-CARD,9618,21,1768,1990
14221,NSE-CARD,9618,100,1768,1992
14221,NSE-CARD,9618,79,1768,1994
14221,NSE-CARD,9619,71,1770,1994
14221,NSE-CARD,9619,179,1770,1996
14221,NSE-CARD,9689,10,1411,1996
14221,NSE-CARD,9690,11,1354,1996
14221,NSE-CARD,9690,88,1354,1998
14221,NSE-CARD,9691,162,1344,1998
14221,NSE-SIMP,10057,50,1721,1732
14221,NSE-SIMP,10056,100,1723,1734
14221,NSE-SIMP,10055,150,1725,1736
14221,NSE-SIMP,10054,55,1691,1738
14221,NSE-SIMP,10054,145,1727,1738
14221,NSE-SIMP,10054,55,1727,1740
14221,NSE-ZABA,9911,50,1689,1733
14221,NSE-ZABA,9911,92,1689,1735
14221,NSE-ZITO,9780,7,1301,1734
14221,NSE-ZITO,9780,43,1445,1734
14221,NSE-ZITO,9780,100,1445,1736
14221,NSE-ZITO,9780,107,1445,1738
14221,NSE-ZITO,9781,43,1287,1738
14221,NSE-ZITO,9781,7,1287,1740
14221,NSE-ZITO,9781,150,1303,1740
14221,NSE-ZITO,9781,43,1532,1740
14221,NSE-ZITO,9781,107,1532,1742
14221,NSE-ZITO,9781,50,1563,1742
14221,NSE-ZITO,9782,93,1289,1742
14248,NSE-OIT,9952,50,1991,2000
14248,NSE-CARD,9575,1,1977,2001
14248,NSE-CARD,9567,9,1970,2001
14278,NSE-DLKV,10157,1,1752,1761
14295,NSE-OIT,9953,8,1993,2002
14321,NSE-SIMP,10053,1,1539,1742
14321,NSE-DLKV,10157,1,1752,1764
14321,NSE-CARD,9589,8,2003,2004
14321,NSE-CARD,9691,42,1344,2004
14321,NSE-CARD,9691,46,1344,2006
14321,NSE-CARD,9691,54,1356,2006
14321,NSE-CARD,9691,146,1356,2008
14321,NSE-CARD,9692,4,1358,2008
14321,NSE-CARD,9692,200,1358,2010
14321,NSE-CARD,9692,46,1358,2012
14321,NSE-CARD,9695,173,1331,2012
14321,NSE-CARD,9696,31,1333,2012
14322,NSE-ZABA,9909,50,1691,1746
14322,NSE-ZITO,9782,7,1289,1746
14322,NSE-ZITO,9782,43,1305,1746
14322,NSE-ZITO,9782,100,1305,1748
14322,NSE-ZITO,9782,57,1305,1750
14322,NSE-ZITO,9782,93,1534,1750
14322,NSE-ZITO,9782,107,1534,1752
14322,NSE-ZITO,9782,93,1565,1752
14322,NSE-ZITO,9782,7,1565,1754
14322,NSE-ZITO,9783,150,1291,1754
14322,NSE-ZITO,9783,93,1307,1754
14345,NSE-OIT,9952,50,2005,2014
14421,NSE-SIMP,10054,6,1740,1754
14421,NSE-DLKV,10164,2,1766,1775
14421,NSE-SIMP,10053,1,1539,1755
14421,NSE-CARD,9700,8,1426,2018
14421,NSE-CARD,9705,8,1398,2018
14421,NSE-CARD,9714,8,1323,2018
14421,NSE-CARD,9715,8,1348,2018
14421,NSE-CARD,9745,10,1565,2018
14421,NSE-CARD,9748,8,1580,2018
14421,NSE-CARD,9748,2,1580,2020
14421,NSE-CARD,9754,10,1536,2020
14421,NSE-CARD,9762,10,1744,2020
14421,NSE-CARD,9765,10,1814,2020
14421,NSE-CARD,9766,10,1732,2020
14421,NSE-CARD,9771,10,1773,2020
14421,NSE-CARD,9773,10,1785,2020
14421,NSE-CARD,9780,10,1759,2020
14421,NSE-CARD,9782,10,1519,2020
14421,NSE-CARD,9785,10,1801,2020
14421,NSE-CARD,9806,8,1885,2020
14421,NSE-CARD,9806,2,1885,2022
14421,NSE-CARD,9809,8,1294,2022
14421,NSE-CARD,9816,50,2005,2022
14421,NSE-CARD,9817,90,2007,2022
14421,NSE-CARD,9817,10,2007,2024
14421,NSE-DLKV,10173,8,1763,1776
14421,NSE-SIMP,10054,50,1740,1756
14421,NSE-SIMP,10054,100,1740,1758
14421,NSE-SIMP,10054,39,1740,1760
14421,NSE-SIMP,10056,100,1746,1760
14421,NSE-SIMP,10057,11,1748,1760
14421,NSE-SIMP,10057,139,1748,1762
14422,NSE-ZABA,9910,50,1748,1755
14422,NSE-ZABA,9910,50,1748,1757
14422,NSE-ZABA,9911,8,1735,1757
14422,NSE-ZABA,9912,42,1750,1757
14422,NSE-ZABA,9912,108,1750,1759
14422,NSE-ZABA,9913,42,1737,1759
14422,NSE-ZABA,9913,108,1737,1761
14422,NSE-ZABA,9914,92,1752,1761
14422,NSE-ZITO,9783,50,1307,1757
14422,NSE-ZITO,9783,100,1307,1759
14422,NSE-ZITO,9783,7,1307,1761
14422,NSE-ZITO,9783,143,1536,1761
14422,NSE-ZITO,9783,107,1536,1763
14422,NSE-ZITO,9784,10,751,1763
14422,NSE-ZITO,9784,83,1293,1763
14422,NSE-ZITO,9784,117,1293,1765
14422,NSE-ZITO,9785,133,1295,1765
14426,NSE-OIT,9953,1,2017,2026
14426,NSE-SIMP,10057,1,1762,1766
14466,NSE-OIT,9953,49,2017,2027
14466,NSE-OIT,9951,50,2016,2028
14466,NSE-DLKV,10174,10,1776,1788
14482,NSE-CARD,9817,8,2024,2032
14482,NSE-DLKV,10174,8,1776,1790
14521,NSE-ZABA,9914,5,1752,1767
14521,NSE-ZITO,9779,1,1767,1769
14521,NSE-ZITO,9777,4,1731,1769
14521,NSE-SIMP,10057,5,1762,1768
14521,NSE-CARD,9818,10,1942,2033
14521,NSE-CARD,9818,40,2009,2033
14521,NSE-CARD,9818,100,2009,2035
14521,NSE-CARD,9818,10,2009,2037
14521,NSE-CARD,9819,140,1924,2037
14521,NSE-CARD,9819,10,1924,2039
14521,NSE-CARD,9819,190,2011,2039
14521,NSE-CARD,9819,10,2011,2041
14521,NSE-CARD,9820,200,1926,2041
14521,NSE-CARD,9820,40,2013,2041
14521,NSE-SIMP,10057,50,1762,1770
14521,NSE-SIMP,10057,5,1762,1772
14521,NSE-SIMP,10056,95,1764,1772
14521,NSE-SIMP,10056,150,1764,1774
14521,NSE-SIMP,10056,5,1764,1776
14521,NSE-SIMP,10053,195,1539,1776
14521,NSE-SIMP,10053,53,1539,1778
14521,NSE-SIMP,10053,150,1654,1778
14521,NSE-SIMP,10053,47,1666,1778
14522,NSE-ZABA,9912,50,1763,1769
14522,NSE-ZABA,9912,100,1763,1771
14522,NSE-ZABA,9912,100,1763,1773
14522,NSE-ZITO,9785,50,1295,1770
14522,NSE-ZITO,9785,67,1295,1772
14522,NSE-ZITO,9785,33,1543,1772
14522,NSE-ZITO,9785,117,1543,1774
14522,NSE-ZITO,9785,33,1571,1774
14522,NSE-ZITO,9785,200,1571,1776
14522,NSE-ZITO,9785,17,1571,1778
14522,NSE-ZITO,9786,10,774,1778
14522,NSE-ZITO,9786,200,1545,1778
14522,NSE-ZITO,9786,10,1756,1778
14522,NSE-ZITO,9787,13,1547,1778
14532,NSE-DLKV,10167,27,1791,1801
14532,NSE-OIT,9958,50,2031,2043
14547,NSE-SIMP,10053,50,1666,1780
14547,NSE-ZABA,9910,8,1773,1779
14621,NSE-CARD,9820,1,2013,2046
14622,NSE-CARD,9817,50,2024,2048
14622,NSE-CARD,9817,100,2024,2050
14622,NSE-CARD,9817,32,2024,2052
14622,NSE-SIMP,10053,50,1666,1782
14622,NSE-ZABA,9910,42,1773,1780
14622,NSE-ZABA,9912,8,1775,1780
14622,NSE-ZABA,9912,100,1775,1782
14622,NSE-ZABA,9912,92,1775,1784
14622,NSE-ZABA,9914,58,1752,1784
14622,NSE-ZABA,9914,45,1752,1786
14622,NSE-ZABA,9914,155,1777,1786
14622,NSE-ZITO,9787,50,1547,1780
14622,NSE-ZITO,9787,100,1547,1782
14622,NSE-ZITO,9787,87,1547,1784
14622,NSE-ZITO,9787,63,1732,1784
14622,NSE-ZITO,9787,187,1732,1786
14622,NSE-ZITO,9790,13,1251,1786
14622,NSE-ZITO,9790,37,1251,1788
14622,NSE-ZITO,9790,50,1261,1788
14622,NSE-ZITO,9791,100,1253,1788
14622,NSE-ZITO,9791,63,1263,1788
14623,NSE-OIT,9941,5,2045,2054
14654,NSE-DLKV,10158,30,1804,1813
14672,NSE-OIT,9941,45,2045,2055
14672,NSE-OIT,9942,5,2047,2055
14672,NSE-CARD,9813,50,2052,2058
14721,NSE-OIT,9942,5,2047,2057
14721,NSE-CARD,9813,50,2052,2061
14721,NSE-CARD,9813,18,2052,2063
14721,NSE-CARD,9817,1,2059,2063
14721,NSE-CARD,9820,81,2013,2063
14721,NSE-CARD,9820,128,2013,2065
14721,NSE-CARD,9821,22,1928,2065
14721,NSE-CARD,9821,200,1928,2067
14721,NSE-CARD,9821,28,1928,2069
14721,NSE-CARD,9821,10,1958,2069
14721,NSE-CARD,9822,10,1844,2069
14721,NSE-CARD,9822,50,2019,2069
14721,NSE-CARD,9823,100,2021,2069
14721,NSE-CARD,9824,52,2023,2069
14721,NSE-SIMP,10053,3,1666,1793
14721,NSE-SIMP,10053,47,1676,1793
14721,NSE-SIMP,10053,53,1676,1795
14721,NSE-SIMP,10053,47,1693,1795
14721,NSE-SIMP,10053,150,1693,1797
14721,NSE-ZITO,9791,37,1263,1790
14721,NSE-ZITO,9791,13,1556,1790
14721,NSE-ZITO,9791,100,1556,1792
14721,NSE-ZITO,9791,37,1556,1794
14721,NSE-ZITO,9792,113,1255,1794
14721,NSE-ZITO,9792,37,1255,1796
14721,NSE-ZITO,9792,150,1265,1796
14721,NSE-ZITO,9792,13,1558,1796
14721,NSE-ZITO,9792,187,1558,1798
14721,NSE-ZITO,9793,63,1257,1798
14747,NSE-OIT,9950,50,2059,2068
14761,NSE-DLKV,10157,8,1817,1826
14821,NSE-ZITO,9793,9,1257,1801
14821,NSE-CARD,9824,50,2023,2074
14821,NSE-CARD,9824,48,2023,2076
14821,NSE-CARD,9825,10,1901,2076
14821,NSE-CARD,9825,42,1950,2076
14821,NSE-CARD,9825,58,1950,2078
14821,NSE-CARD,9825,92,2025,2078
14821,NSE-CARD,9825,108,2025,2080
14821,NSE-CARD,9826,92,1952,2080
14821,NSE-CARD,9826,58,1952,2082
14821,NSE-CARD,9826,100,1963,2082
14821,NSE-CARD,9827,92,1954,2082
14822,NSE-SIMP,10054,50,1784,1803
14822,NSE-SIMP,10054,50,1784,1805
14822,NSE-SIMP,10054,50,1799,1805
14822,NSE-SIMP,10054,150,1799,1807
14822,NSE-ZABA,9913,50,1790,1803
14822,NSE-ZABA,9912,100,1788,1805
14822,NSE-ZABA,9912,150,1788,1807
14822,NSE-ZABA,9911,100,1792,1809
14822,NSE-ZABA,9909,100,1691,1809
14822,NSE-ZABA,9909,50,1691,1811
14822,NSE-ZABA,9909,100,1723,1811
14822,NSE-ZABA,9909,100,1794,1811
14822,NSE-ZITO,9793,50,1257,1802
14822,NSE-ZITO,9793,78,1257,1804
14822,NSE-ZITO,9793,22,1267,1804
14822,NSE-ZITO,9793,150,1267,1806
14822,NSE-ZITO,9793,28,1267,1808
14822,NSE-ZITO,9793,172,1560,1808
14822,NSE-ZITO,9793,78,1560,1810
14822,NSE-ZITO,9794,172,1269,1810
14822,NSE-DLKV,10163,10,1828,1840
14848,NSE-CARD,9809,50,2047,2086
14887,NSE-OIT,9943,50,2073,2083
14921,NSE-SIMP,10055,6,1786,1813
14921,NSE-ZABA,9909,8,1794,1814
14921,NSE-CARD,9827,50,1954,2087
14921,NSE-CARD,9827,58,1954,2089
14921,NSE-CARD,9827,42,1965,2089
14921,NSE-CARD,9827,108,1965,2091
14921,NSE-CARD,9828,42,1956,2091
14921,NSE-CARD,9828,200,1956,2093
14921,NSE-CARD,9828,8,1956,2095
14921,NSE-CARD,9828,200,1967,2095
14921,NSE-CARD,9829,42,1969,2095
14922,NSE-DLKV,10154,50,1527,1843
14922,NSE-DLKV,10154,100,1527,1845
14922,NSE-DLKV,10154,16,1527,1847
14922,NSE-DLKV,10153,50,1546,1847
14922,NSE-DLKV,10153,8,1658,1847
14922,NSE-DLKV,10152,76,1529,1847
14922,NSE-ZABA,9914,50,1777,1815
14922,NSE-ZABA,9914,45,1777,1817
14922,NSE-ZABA,9915,55,1739,1817
14922,NSE-ZABA,9915,145,1739,1819
14922,NSE-ZABA,9916,5,1705,1819
14922,NSE-ZITO,9794,50,1269,1813
14922,NSE-ZITO,9794,28,1269,1815
14922,NSE-ZITO,9794,50,1610,1815
14922,NSE-ZITO,9795,22,1612,1815
14922,NSE-ZITO,9795,78,1612,1817
14922,NSE-ZITO,9796,72,1614,1817
14922,NSE-ZITO,9796,78,1614,1819
14922,NSE-ZITO,9797,10,542,1819
14922,NSE-ZITO,9797,112,1616,1819
14922,NSE-ZITO,9797,88,1616,1821
14922,NSE-ZITO,9797,150,1624,1821
14922,NSE-ZITO,9798,12,1618,1821
14944,NSE-DLKV,10153,10,1849,1852
14944,NSE-OIT,9950,50,2084,2095
15021,NSE-ZABA,9916,9,1705,1827
15021,NSE-ZITO,9777,5,1731,1824
15021,NSE-CARD,9829,50,1969,2100
15021,NSE-CARD,9829,100,1969,2102
15021,NSE-CARD,9829,58,1969,2104
15021,NSE-CARD,9830,10,1914,2104
15021,NSE-CARD,9830,82,1936,2104
15021,NSE-CARD,9830,68,1936,2106
15021,NSE-CARD,9831,132,1938,2106
15021,NSE-CARD,9831,68,1938,2108
15021,NSE-CARD,9831,50,2034,2108
15021,NSE-CARD,9831,8,2099,2108
15021,NSE-CARD,9832,124,1940,2108
15021,NSE-OIT,9937,8,2070,2099
15021,NSE-OIT,9936,8,2029,2099
15021,NSE-OIT,9934,8,2096,2099
15021,NSE-OIT,9933,26,1834,2099
15021,NSE-OIT,9933,100,1834,2101
15021,NSE-OIT,9933,124,1834,2103
15021,NSE-SIMP,10053,3,1693,1826
15021,NSE-SIMP,10053,47,1729,1826
15021,NSE-SIMP,10053,100,1729,1828
15021,NSE-SIMP,10053,103,1729,1830
15021,NSE-SIMP,10053,47,1809,1830
15021,NSE-SIMP,10053,153,1809,1832
15021,NSE-SIMP,10052,47,1551,1832
15021,NSE-SIMP,10052,203,1551,1834
15021,NSE-SIMP,10052,47,1656,1834
15022,NSE-ZABA,9915,50,1821,1829
15022,NSE-ZABA,9915,100,1821,1831
15022,NSE-ZABA,9915,50,1821,1833
15022,NSE-ZABA,9909,42,1794,1833
15022,NSE-ZABA,9907,58,1693,1833
15022,NSE-ZABA,9907,192,1693,1835
15022,NSE-ZABA,9907,8,1712,1835
15022,NSE-ZABA,9907,142,1712,1837
15022,NSE-ZABA,9907,108,1725,1837
15022,NSE-ZITO,9798,50,1618,1825
15022,NSE-ZITO,9798,100,1618,1827
15022,NSE-ZITO,9798,88,1618,1829
15022,NSE-ZITO,9798,62,1626,1829
15022,NSE-ZITO,9798,138,1626,1831
15022,NSE-ZITO,9798,62,1685,1831
15057,NSE-OIT,9930,26,2103,2108
15057,NSE-OIT,9931,24,2105,2108
15057,NSE-OIT,9931,50,2105,2109
15057,NSE-CARD,9826,10,2111,2113
15074,NSE-CARD,9809,10,2110,2114
15074,NSE-OIT,9931,50,2105,2111
15121,NSE-DLKV,10160,7,1855,1867
15121,NSE-DLKV,10164,10,1815,1868
15121,NSE-DLKV,10165,10,1866,1868
15121,NSE-DLKV,10170,8,1854,1868
15121,NSE-SIMP,10054,50,1815,1836
15121,NSE-SIMP,10055,100,1786,1838
15121,NSE-SIMP,10055,44,1786,1840
15121,NSE-SIMP,10055,100,1817,1840
15121,NSE-SIMP,10056,6,1788,1840
15121,NSE-ZABA,9907,42,1725,1839
15121,NSE-ZABA,9907,8,1796,1839
15121,NSE-ZABA,9907,100,1796,1841
15122,NSE-ZABA,9907,92,1796,1843
15122,NSE-ZABA,9905,58,1714,1843
15122,NSE-ZABA,9905,142,1714,1845
15122,NSE-ZABA,9905,8,1719,1845
15122,NSE-ZABA,9905,50,1727,1845
15122,NSE-ZITO,9798,50,1685,1835
15122,NSE-ZITO,9798,100,1685,1837
15122,NSE-ZITO,9798,38,1685,1839
15122,NSE-ZITO,9799,112,1628,1839
15122,NSE-ZITO,9799,138,1628,1841
15122,NSE-ZITO,9799,62,1743,1841
15122,NSE-ZITO,9799,188,1743,1843
15122,NSE-ZITO,9802,50,1600,1843
15122,NSE-ZITO,9802,12,1674,1843
15145,NSE-OIT,9924,50,2113,2122
15165,NSE-CARD,9829,5,2115,2126
15207,NSE-DLKV,10173,8,1868,1880
15207,NSE-OIT,9925,8,2115,2124
15221,NSE-CARD,9831,7,2116,2129
15221,NSE-ZABA,9905,9,1727,1851
15221,NSE-CARD,9829,45,2115,2131
15221,NSE-CARD,9828,5,2117,2131
15221,NSE-CARD,9828,95,2117,2133
15221,NSE-CARD,9827,5,2119,2133
15221,NSE-CARD,9827,145,2119,2135
15221,NSE-CARD,9826,5,2121,2135
15221,NSE-CARD,9826,195,2121,2137
15221,NSE-SIMP,10056,50,1788,1847
15221,NSE-ZABA,9907,50,1847,1852
15221,NSE-ZABA,9907,100,1847,1854
15221,NSE-ZABA,9907,100,1847,1856
15221,NSE-ZITO,9788,10,1845,1847
15237,NSE-CARD,9818,50,2130,2140
15237,NSE-SIMP,10055,50,1842,1857
15267,NSE-ZITO,9798,40,1847,1857
15267,NSE-ZITO,9797,10,1849,1857
15267,NSE-ZITO,9797,50,1849,1858
15267,NSE-CARD,9823,5,2137,2141
15267,NSE-CARD,9824,45,2139,2141
15267,NSE-CARD,9817,10,2132,2142
15267,NSE-OIT,9951,50,2126,2138
15321,NSE-ZITO,9797,4,1849,1859
15321,NSE-SIMP,10055,50,1842,1859
15321,NSE-SIMP,10055,100,1842,1861
15321,NSE-SIMP,10055,100,1849,1863
15321,NSE-SIMP,10054,50,1844,1863
15321,NSE-SIMP,10054,200,1844,1865
15321,NSE-SIMP,10054,150,1851,1867
15321,NSE-SIMP,10053,100,1853,1867
15322,NSE-ZABA,9907,50,1856,1863
15322,NSE-ZABA,9905,100,1727,1865
15322,NSE-ZABA,9905,41,1727,1867
15322,NSE-ZABA,9905,109,1798,1867
15322,NSE-ZABA,9905,141,1798,1869
15322,NSE-ZABA,9905,59,1858,1869
15322,NSE-ZABA,9905,141,1858,1871
15322,NSE-ZABA,9903,109,1716,1871
15329,NSE-OIT,9942,1,2140,2149
15329,NSE-SIMP,10053,1,1853,1868
15382,NSE-CARD,9821,50,2143,2154
15382,NSE-SIMP,10053,50,1853,1869
15421,NSE-SIMP,10053,1,1853,1870
15421,NSE-ZITO,9781,9,1860,1873
15421,NSE-ZABA,9912,1,1848,1872
15421,NSE-ZABA,9915,1,1853,1872
15421,NSE-SIMP,10053,48,1853,1872
15421,NSE-SIMP,10052,2,1656,1872
15421,NSE-ZABA,9903,50,1716,1874
15421,NSE-ZABA,9903,91,1716,1876
15421,NSE-ZABA,9903,9,1729,1876
15421,NSE-ZABA,9903,150,1729,1878
15421,NSE-ZABA,9903,91,1729,1880
15421,NSE-ZABA,9903,100,1734,1880
15421,NSE-ZABA,9903,9,1860,1880
15421,NSE-ZABA,9903,241,1860,1882
15421,NSE-ZABA,9902,9,1702,1882
15422,NSE-ZITO,9778,1,1870,1875
15422,NSE-ZITO,9777,49,1731,1875
15422,NSE-ZITO,9777,100,1731,1877
15422,NSE-ZITO,9777,92,1731,1879
15457,NSE-OIT,9947,50,2153,2163
15457,NSE-CARD,9823,50,2144,2165
15457,NSE-CARD,9822,50,2155,2166
15474,NSE-DLKV,10171,8,1901,1913
15474,NSE-ZITO,9775,8,1879,1886
15491,NSE-CARD,9821,1,2157,2169
15506,NSE-CARD,9821,50,2157,2170
15506,NSE-OIT,9948,50,2155,2167
15521,NSE-CARD,9824,9,2146,2171
15521,NSE-ZABA,9915,3,1853,1887
15521,NSE-SIMP,10052,8,1656,1883
15521,NSE-SIMP,10053,6,1874,1884
15522,NSE-CARD,9824,50,2146,2172
15522,NSE-CARD,9824,41,2146,2174
15522,NSE-CARD,9824,50,2156,2174
15522,NSE-CARD,9825,9,2148,2174
15522,NSE-CARD,9825,141,2148,2176
15522,NSE-CARD,9825,9,2158,2176
15522,NSE-CARD,9825,91,2158,2178
15522,NSE-CARD,9826,109,2160,2178
15522,NSE-CARD,9826,41,2160,2180
15522,NSE-CARD,9831,43,2116,2180
15522,NSE-DLKV,10174,1,1841,1914
15522,NSE-SIMP,10053,50,1874,1885
15522,NSE-SIMP,10053,44,1874,1887
15522,NSE-SIMP,10054,56,1876,1887
15522,NSE-SIMP,10054,94,1876,1889
15522,NSE-SIMP,10055,56,1878,1889
15522,NSE-SIMP,10055,144,1878,1891
15522,NSE-SIMP,10056,56,1788,1891
15522,NSE-SIMP,10056,88,1788,1893
15522,NSE-SIMP,10056,150,1819,1893
15522,NSE-SIMP,10056,12,1880,1893
15522,NSE-ZABA,9902,50,1702,1889
15537,NSE-ZITO,9777,49,1889,1898
15538,NSE-CARD,9831,50,2180,2183
15538,NSE-OIT,9948,50,2168,2179
15538,NSE-CARD,9831,5,2180,2184
15588,NSE-CARD,9831,30,2180,2185
15621,NSE-CARD,9831,8,2180,2186
15621,NSE-CARD,9831,1,2180,2187
15622,NSE-CARD,9821,49,2157,2189
15622,NSE-CARD,9820,1,2145,2189
15622,NSE-CARD,9820,99,2145,2191
15622,NSE-CARD,9820,1,2159,2191
15622,NSE-CARD,9820,149,2159,2193
15622,NSE-CARD,9819,1,2147,2193
15622,NSE-CARD,9819,149,2147,2195
15622,NSE-CARD,9819,51,2161,2195
15622,NSE-CARD,9819,149,2161,2197
15622,NSE-CARD,9817,90,2132,2197
15622,NSE-CARD,9816,11,2134,2197
15622,NSE-OIT,9936,8,2165,2181
15622,NSE-SIMP,10056,50,1880,1895
15622,NSE-SIMP,10056,100,1880,1897
15622,NSE-SIMP,10056,88,1880,1899
15622,NSE-SIMP,10057,62,1821,1899
15622,NSE-SIMP,10057,138,1821,1901
15622,NSE-SIMP,10058,62,1750,1901
15622,NSE-SIMP,10058,138,1750,1903
15622,NSE-SIMP,10058,50,1804,1903
15622,NSE-SIMP,10058,62,1823,1903
15622,NSE-ZABA,9902,50,1702,1899
15622,NSE-ZITO,9772,8,1846,1901
15622,NSE-ZITO,9771,42,1896,1901
15622,NSE-ZITO,9771,100,1896,1903
15622,NSE-ZITO,9771,108,1896,1905
15622,NSE-ZITO,9770,8,1823,1905
15622,NSE-ZITO,9767,8,1800,1905
15639,NSE-ZITO,9766,26,1905,1910
15639,NSE-ZITO,9767,24,1907,1910
15654,NSE-OIT,9925,9,2181,2190
15654,NSE-ZITO,9767,49,1907,1911
15685,NSE-OIT,9925,8,2181,2192
15717,NSE-ZABA,9902,1,1702,1910
15721,NSE-ZITO,9764,1,1768,1914
15721,NSE-OIT,9925,6,2181,2194
15721,NSE-ZABA,9902,2,1702,1911
15721,NSE-SIMP,10058,6,1823,1906
15722,NSE-OIT,9923,2,2180,2195
15722,NSE-CARD,9832,50,1940,2201
15722,NSE-CARD,9832,76,1940,2203
15722,NSE-CARD,9832,24,2036,2203
15722,NSE-CARD,9832,76,2036,2205
15722,NSE-CARD,9832,8,2073,2205
15722,NSE-CARD,9832,66,2118,2205
15722,NSE-CARD,9832,34,2118,2207
15722,NSE-CARD,9833,150,2038,2207
15722,NSE-CARD,9833,16,2120,2207
15722,NSE-CARD,9833,134,2120,2209
15722,NSE-CARD,9833,8,2128,2209
15722,NSE-CARD,9834,108,2040,2209
15722,NSE-DLKV,10187,8,1937,1938
15722,NSE-DLKV,10191,8,1827,1938
15722,NSE-DLKV,10192,12,1607,1938
15722,NSE-DLKV,10192,22,1647,1938
15722,NSE-DLKV,10192,28,1647,1940
15722,NSE-DLKV,10193,8,1062,1940
15722,NSE-DLKV,10193,64,1355,1940
15722,NSE-DLKV,10193,136,1355,1942
15722,NSE-DLKV,10194,14,1591,1942
15722,NSE-DLKV,10194,86,1591,1944
15722,NSE-DLKV,10194,100,1649,1944
15722,NSE-DLKV,10194,14,1674,1944
15722,NSE-SIMP,10052,50,1656,1908
15722,NSE-SIMP,10052,93,1656,1910
15722,NSE-SIMP,10052,7,1668,1910
15722,NSE-SIMP,10052,150,1668,1912
15722,NSE-SIMP,10052,43,1668,1914
15722,NSE-SIMP,10052,150,1678,1914
15722,NSE-SIMP,10052,7,1695,1914
15722,NSE-SIMP,10052,243,1695,1916
15722,NSE-SIMP,10052,7,1745,1916
15722,NSE-ZABA,9902,38,1702,1913
15722,NSE-ZABA,9902,12,1747,1913
15722,NSE-ZABA,9902,88,1747,1915
15722,NSE-ZABA,9901,12,1736,1915
15722,NSE-ZABA,9901,138,1736,1917
15722,NSE-ZABA,9900,12,1704,1917
15722,NSE-ZABA,9900,188,1704,1919
15722,NSE-ZABA,9900,12,1749,1919
15722,NSE-ZABA,9900,138,1749,1921
15722,NSE-ZABA,9900,100,1770,1921
15722,NSE-ZABA,9900,8,1849,1921
15748,NSE-OIT,9950,50,2196,2208
15802,NSE-ZABA,9900,4,1921,1924
15802,NSE-ZABA,9903,45,1901,1924
15802,NSE-SIMP,10052,15,1745,1917
15822,NSE-CARD,9834,50,2040,2213
15822,NSE-CARD,9834,42,2040,2215
15822,NSE-CARD,9835,8,2168,2215
15822,NSE-CARD,9836,10,1833,2215
15822,NSE-CARD,9836,10,1974,2215
15822,NSE-CARD,9837,30,1979,2215
15822,NSE-CARD,9837,20,1979,2217
15822,NSE-CARD,9837,50,2173,2217
15822,NSE-CARD,9837,8,2200,2217
15822,NSE-CARD,9838,72,1981,2217
15822,NSE-CARD,9838,28,1981,2219
15822,NSE-CARD,9838,100,2175,2219
15822,NSE-CARD,9839,72,1983,2219
15822,NSE-CARD,9839,78,1983,2221
15822,NSE-CARD,9839,10,1989,2221
15822,NSE-CARD,9839,50,1991,2221
15822,NSE-CARD,9839,112,2177,2221
15822,NSE-SIMP,10052,50,1745,1919
15822,NSE-SIMP,10052,28,1745,1921
15822,NSE-SIMP,10052,72,1811,1921
15822,NSE-SIMP,10052,150,1811,1923
15822,NSE-SIMP,10052,28,1811,1925
15822,NSE-SIMP,10052,50,1814,1925
15822,NSE-SIMP,10052,122,1855,1925
15823,NSE-ZITO,9764,7,1768,1926
15823,NSE-ZITO,9764,43,1919,1926
15823,NSE-ZITO,9764,100,1919,1928
15823,NSE-ZITO,9764,7,1919,1930
15823,NSE-ZITO,9763,143,1921,1930
15823,NSE-ZITO,9763,57,1921,1932
15823,NSE-ZITO,9762,90,1507,1932
15823,NSE-ZITO,9762,1,1525,1932
15823,NSE-ZITO,9762,52,1923,1932
15823,NSE-ZITO,9762,198,1923,1934
15823,NSE-ZITO,9761,52,1509,1934
15860,NSE-ZITO,9767,50,1907,1935
15860,NSE-DLKV,10180,8,1950,1959
15876,NSE-OIT,9930,50,2210,2221
15921,NSE-ZABA,9901,4,1926,1937
15921,NSE-CARD,9838,8,2226,2227
15921,NSE-CARD,9839,38,2177,2227
15921,NSE-CARD,9840,4,1985,2227
15921,NSE-CARD,9840,100,1985,2229
15921,NSE-CARD,9840,96,1985,2231
15921,NSE-CARD,9840,54,1993,2231
15921,NSE-CARD,9840,46,1993,2233
15921,NSE-CARD,9841,5,1275,2233
15921,NSE-CARD,9841,149,1987,2233
15921,NSE-CARD,9841,101,1987,2235
15921,NSE-CARD,9841,149,1995,2235
15922,NSE-OIT,9938,8,2223,2225
15922,NSE-OIT,9961,8,2193,2225
15922,NSE-OIT,9964,8,2097,2225
15922,NSE-OIT,9965,8,2125,2225
15922,NSE-OIT,9966,8,2030,2225
15922,NSE-OIT,9966,8,2071,2225
15922,NSE-OIT,9966,2,2166,2225
15922,NSE-SIMP,10052,50,1855,1930
15922,NSE-SIMP,10052,78,1855,1932
15922,NSE-SIMP,10051,22,1585,1932
15922,NSE-SIMP,10051,128,1585,1934
15922,NSE-SIMP,10051,22,1658,1934
15922,NSE-SIMP,10051,200,1658,1936
15922,NSE-SIMP,10051,28,1658,1938
15922,NSE-SIMP,10051,222,1670,1938
15922,NSE-ZABA,9901,46,1926,1938
15922,NSE-ZABA,9903,4,1901,1938
15922,NSE-ZABA,9903,51,1901,1940
15922,NSE-ZABA,9903,49,1928,1940
15922,NSE-ZABA,9903,51,1928,1942
15925,NSE-ZITO,9763,1,1939,1948
15926,NSE-CARD,9816,50,2134,2237
15953,NSE-OIT,9965,50,2227,2237
16021,NSE-SIMP,10051,7,1670,1940
16021,NSE-SIMP,10051,5,1670,1941
16021,NSE-ZABA,9903,6,1942,1949
16022,NSE-CARD,9841,1,1995,2239
16022,NSE-CARD,9841,49,2075,2239
16022,NSE-CARD,9841,1,2075,2241
16022,NSE-CARD,9842,8,1270,2241
16022,NSE-CARD,9842,91,1997,2241
16022,NSE-CARD,9842,109,1997,2243
16022,NSE-CARD,9842,41,2077,2243
16022,NSE-CARD,9842,59,2077,2245
16022,NSE-CARD,9843,8,1199,2245
16022,NSE-CARD,9843,133,1999,2245
16022,NSE-CARD,9843,117,1999,2247
16022,NSE-CARD,9843,133,2079,2247
16022,NSE-DLKV,10170,8,1960,1972
16022,NSE-DLKV,10157,8,1936,1972
16022,NSE-SIMP,10053,50,1927,1942
16022,NSE-SIMP,10053,100,1927,1944
16022,NSE-SIMP,10053,100,1927,1946
16022,NSE-ZABA,9903,50,1942,1951
16022,NSE-ZABA,9903,43,1942,1953
16022,NSE-ZABA,9901,57,1944,1953
16022,NSE-ZABA,9901,143,1944,1955
16022,NSE-ZABA,9899,7,1738,1955
16022,NSE-ZITO,9761,50,1509,1950
16022,NSE-ZITO,9761,48,1509,1952
16022,NSE-ZITO,9760,52,1511,1952
16022,NSE-ZITO,9760,148,1511,1954
16022,NSE-ZITO,9760,2,1517,1954
16022,NSE-ZITO,9760,98,1517,1956
16022,NSE-ZITO,9759,102,1513,1956
16022,NSE-ZITO,9759,148,1513,1958
16022,NSE-ZITO,9759,102,1519,1958
16044,NSE-SIMP,10053,1,1946,1952
16044,NSE-ZITO,9765,1,1943,1959
16057,NSE-ZITO,9765,50,1943,1960
16057,NSE-DLKV,10154,21,1972,1982
16057,NSE-CARD,9837,10,2250,2251
16058,NSE-OIT,9951,50,2238,2249
16099,NSE-DLKV,10154,8,1972,1983
16099,NSE-OIT,9950,8,2240,2251
16121,NSE-CARD,9841,8,2253,2254
16121,NSE-CARD,9843,17,2079,2254
16121,NSE-CARD,9844,25,2081,2254
16121,NSE-CARD,9844,100,2081,2256
16121,NSE-CARD,9844,75,2081,2258
16121,NSE-CARD,9851,10,2016,2258
16121,NSE-CARD,9852,50,2062,2258
16121,NSE-CARD,9853,15,2064,2258
16121,NSE-CARD,9853,85,2064,2260
16121,NSE-CARD,9854,115,2066,2260
16121,NSE-CARD,9854,35,2066,2262
16121,NSE-CARD,9858,50,2088,2262
16121,NSE-CARD,9859,100,2090,2262
16121,NSE-CARD,9860,65,2092,2262
16122,NSE-ZABA,9901,50,1957,1962
16122,NSE-ZABA,9901,100,1957,1964
16122,NSE-ZABA,9901,50,1957,1966
16122,NSE-ZABA,9903,100,1959,1966
16122,NSE-ZABA,9903,150,1959,1968
16122,NSE-ZABA,9904,50,1891,1968
16122,NSE-ZITO,9759,48,1519,1965
16122,NSE-ZITO,9759,2,1942,1965
16122,NSE-ZITO,9759,100,1942,1967
16122,NSE-ZITO,9759,48,1942,1969
16122,NSE-ZITO,9758,102,1521,1969
16122,NSE-ZITO,9758,98,1521,1971
16122,NSE-ZITO,9758,102,1908,1971
16122,NSE-ZITO,9758,148,1908,1973
16122,NSE-ZITO,9758,8,1912,1973
16122,NSE-ZITO,9758,94,1944,1973
16133,NSE-ZITO,9765,50,1943,1974
16133,NSE-CARD,9817,10,2249,2264
16133,NSE-CARD,9816,40,2134,2264
16160,NSE-OIT,9935,50,2253,2263
16221,NSE-CARD,9860,7,2092,2267
16221,NSE-ZABA,9903,2,1970,1974
16222,NSE-CARD,9860,50,2092,2268
16222,NSE-CARD,9860,28,2092,2270
16222,NSE-CARD,9873,50,2101,2270
16222,NSE-CARD,9874,22,2103,2270
16222,NSE-CARD,9874,78,2103,2272
16222,NSE-CARD,9875,72,2105,2272
16222,NSE-CARD,9875,78,2105,2274
16222,NSE-CARD,9876,122,2107,2274
16222,NSE-CARD,9876,78,2107,2276
16222,NSE-CARD,9883,10,1440,2276
16222,NSE-CARD,9888,10,1424,2276
16222,NSE-CARD,9894,10,1383,2276
16222,NSE-CARD,9900,10,1396,2276
16222,NSE-CARD,9905,10,1290,2276
16222,NSE-CARD,9906,10,1072,2276
16222,NSE-CARD,9907,1,994,2276
16222,NSE-CARD,9908,10,1271,2276
16222,NSE-CARD,9915,10,1320,2276
16222,NSE-CARD,9915,10,1345,2276
16222,NSE-CARD,9919,8,238,2276
16222,NSE-CARD,9921,10,290,2276
16222,NSE-CARD,9923,10,1241,2276
16222,NSE-CARD,9925,8,870,2276
16222,NSE-CARD,9925,8,898,2276
16222,NSE-CARD,9926,10,1228,2276
16222,NSE-CARD,9928,8,913,2276
16222,NSE-CARD,9929,10,221,2276
16222,NSE-CARD,9931,9,263,2276
16222,NSE-DLKV,10152,50,1529,1996
16222,NSE-DLKV,10152,100,1529,1998
16222,NSE-DLKV,10152,24,1529,2000
16222,NSE-DLKV,10151,100,1548,2000
16222,NSE-DLKV,10149,26,1550,2000
16222,NSE-DLKV,10149,124,1550,2002
16222,NSE-DLKV,10148,8,1634,2002
16222,NSE-DLKV,10147,68,1552,2002
16222,NSE-DLKV,10147,132,1552,2004
16222,NSE-DLKV,10147,8,1737,2004
16222,NSE-DLKV,10145,110,1554,2004
16222,NSE-SIMP,10051,16,1670,1965
16222,NSE-SIMP,10051,34,1680,1965
16222,NSE-SIMP,10051,100,1680,1967
16222,NSE-SIMP,10051,66,1680,1969
16222,NSE-SIMP,10051,84,1747,1969
16222,NSE-SIMP,10051,66,1747,1971
16222,NSE-SIMP,10051,50,1781,1971
16222,NSE-SIMP,10051,84,1816,1971
16222,NSE-SIMP,10051,16,1816,1973
16222,NSE-SIMP,10051,234,1950,1973
16222,NSE-ZABA,9903,50,1970,1976
16222,NSE-ZABA,9903,100,1970,1978
16222,NSE-ZABA,9903,98,1970,1980
16222,NSE-ZABA,9899,52,1738,1980
16222,NSE-ZABA,9899,141,1738,1982
16222,NSE-ZABA,9899,59,1946,1982
16222,NSE-ZABA,9899,191,1946,1984
16222,NSE-ZABA,9898,59,1706,1984
16222,NSE-ZITO,9758,50,1944,1977
16222,NSE-ZITO,9758,56,1944,1979
16222,NSE-ZITO,9757,44,1453,1979
16222,NSE-ZITO,9757,150,1453,1981
16223,NSE-ZITO,9757,6,1453,1983
16223,NSE-ZITO,9757,150,1463,1983
16223,NSE-ZITO,9757,44,1474,1983
16249,NSE-OIT,9944,50,2266,2275
16305,NSE-ZITO,9758,49,1985,1988
16321,NSE-DLKV,10168,2,2006,2007
16321,NSE-CARD,9843,1,2281,2282
16321,NSE-SIMP,10051,7,1950,1975
16321,NSE-CARD,9843,7,2281,2283
16321,NSE-CARD,9931,1,263,2283
16321,NSE-CARD,9931,8,940,2283
16321,NSE-CARD,9937,10,262,2283
16321,NSE-CARD,9941,10,236,2283
16321,NSE-CARD,10033,14,2214,2283
16321,NSE-CARD,10033,36,2214,2285
16321,NSE-CARD,10034,64,2216,2285
16321,NSE-CARD,10034,36,2216,2287
16321,NSE-DLKV,10145,50,1554,2009
16321,NSE-DLKV,10145,90,1554,2011
16321,NSE-DLKV,10145,8,1599,2011
16321,NSE-DLKV,10143,2,1948,2011
16321,NSE-DLKV,10143,8,1948,2013
16321,NSE-DLKV,10142,8,1762,2013
16321,NSE-DLKV,10140,8,1789,2013
16321,NSE-DLKV,10140,8,1853,2013
16321,NSE-DLKV,10139,10,1671,2013
16321,NSE-DLKV,10138,8,1912,2013
16321,NSE-DLKV,10137,8,1879,2013
16321,NSE-DLKV,10137,8,2005,2013
16321,NSE-DLKV,10135,10,1814,2013
16321,NSE-DLKV,10134,10,1787,2013
16321,NSE-DLKV,10133,8,1532,2013
16321,NSE-DLKV,10131,10,1802,2013
16321,NSE-DLKV,10131,10,1839,2013
16321,NSE-OIT,9936,8,2277,2280
16321,NSE-OIT,9925,1,2224,2280
16321,NSE-SIMP,10051,9,1950,1977
16321,NSE-SIMP,10050,41,1587,1977
16321,NSE-SIMP,10050,100,1587,1979
16322,NSE-SIMP,10050,59,1587,1981
16322,NSE-SIMP,10050,50,1604,1981
16322,NSE-SIMP,10050,41,1682,1981
16322,NSE-SIMP,10050,200,1682,1983
16322,NSE-SIMP,10050,9,1682,1985
16322,NSE-SIMP,10050,200,1749,1985
16322,NSE-SIMP,10050,41,1783,1985
16322,NSE-ZABA,9898,50,1706,1987
16322,NSE-ZABA,9898,100,1706,1989
16322,NSE-ZABA,9898,41,1706,1991
16322,NSE-ZABA,9898,8,1743,1991
16322,NSE-ZABA,9898,101,1751,1991
16322,NSE-ZABA,9898,99,1751,1993
16322,NSE-ZABA,9898,101,1772,1993
16322,NSE-ZABA,9898,49,1772,1995
16322,NSE-ZABA,9898,8,1800,1995
16322,NSE-ZABA,9898,8,1825,1995
16322,NSE-ZABA,9898,50,1888,1995
16322,NSE-ZABA,9897,135,1740,1995
16322,NSE-ZITO,9757,50,1474,1990
16322,NSE-ZITO,9757,56,1474,1992
16322,NSE-ZITO,9757,44,1523,1992
16322,NSE-ZITO,9757,150,1523,1994
16322,NSE-ZITO,9757,56,1523,1996
16322,NSE-ZITO,9757,8,1700,1996
16322,NSE-ZITO,9757,136,1946,1996
16322,NSE-ZITO,9757,114,1946,1998
16322,NSE-ZITO,9756,136,1455,1998
16350,NSE-OIT,9922,41,2280,2289
16350,NSE-OIT,9923,9,2282,2289
16350,NSE-CARD,10034,10,2287,2294
16350,NSE-DLKV,10127,1,2013,2019
16421,NSE-OIT,9920,5,2279,2291
16421,NSE-ZABA,9904,7,1891,1996
16422,NSE-CARD,10035,50,2202,2295
16422,NSE-CARD,10035,100,2218,2297
16422,NSE-DLKV,10124,50,1426,2021
16422,NSE-DLKV,10124,100,1426,2023
16422,NSE-DLKV,10124,100,1426,2025
16422,NSE-DLKV,10121,50,1476,2025
16422,NSE-DLKV,10121,50,1500,2027
16422,NSE-DLKV,10119,100,1478,2027
16422,NSE-DLKV,10119,50,1502,2027
16422,NSE-DLKV,10119,50,1502,2029
16422,NSE-DLKV,10115,200,1482,2029
16422,NSE-SIMP,10050,50,1783,1987
16422,NSE-SIMP,10050,9,1783,1989
16422,NSE-SIMP,10050,91,1818,1989
16422,NSE-SIMP,10050,59,1818,1991
16422,NSE-SIMP,10049,91,1589,1991
16422,NSE-SIMP,10049,159,1589,1993
16422,NSE-SIMP,10049,41,1606,1993
16422,NSE-SIMP,10049,59,1606,1995
16422,NSE-SIMP,10049,8,1672,1995
16422,NSE-SIMP,10049,50,1699,1995
16422,NSE-SIMP,10049,133,1751,1995
16422,NSE-ZABA,9897,50,1740,1998
16422,NSE-ZABA,9897,65,1740,2000
16422,NSE-ZABA,9897,35,1925,2000
16423,NSE-ZITO,9756,50,1455,2000
16423,NSE-ZITO,9756,64,1455,2002
16423,NSE-ZITO,9756,36,1465,2002
16423,NSE-ZITO,9756,150,1465,2004
16423,NSE-ZITO,9756,14,1465,2006
16423,NSE-ZITO,9756,186,1476,2006
16423,NSE-ZITO,9756,14,1476,2008
16423,NSE-ZITO,9755,236,1467,2008
16440,NSE-OIT,9920,50,2293,2302
16440,NSE-ZITO,9758,49,1985,2009
16440,NSE-ZABA,9898,50,2002,2007
16454,NSE-ZITO,9758,9,1985,2010
16454,NSE-OIT,9921,50,2295,2304
16467,NSE-OIT,9921,5,2295,2306
16518,NSE-CARD,10034,8,2287,2307
16518,NSE-OIT,9921,8,2295,2307
16518,NSE-CARD,10034,1,2287,2308
16521,NSE-DLKV,10168,6,2006,2032
16521,NSE-DLKV,10171,3,2031,2032
16521,NSE-OIT,9921,7,2295,2309
16522,NSE-CARD,10034,6,2287,2309
16522,NSE-DLKV,10141,8,2030,2033
16522,NSE-DLKV,10115,1,1489,2033
16522,NSE-CARD,10035,50,2218,2310
16522,NSE-CARD,10036,100,2204,2312
16522,NSE-CARD,10036,50,2228,2314
16522,NSE-CARD,10037,100,2230,2314
16522,NSE-CARD,10037,50,2269,2316
16522,NSE-CARD,10038,150,2232,2316
16522,NSE-CARD,10038,100,2271,2318
16522,NSE-CARD,10038,50,2284,2318
16522,NSE-CARD,10038,50,2296,2318
16522,NSE-CARD,10039,50,2234,2318
16522,NSE-DLKV,10115,49,1489,2035
16522,NSE-DLKV,10115,1,1506,2035
16522,NSE-DLKV,10115,100,1506,2037
16522,NSE-SIMP,10049,50,1751,1999
16522,NSE-SIMP,10049,67,1751,2001
16522,NSE-SIMP,10049,33,1785,2001
16522,NSE-SIMP,10049,117,1785,2003
16522,NSE-SIMP,10049,33,1792,2003
16522,NSE-SIMP,10049,17,1792,2005
16522,NSE-SIMP,10049,183,1820,2005
16522,NSE-SIMP,10049,17,1820,2007
16522,NSE-SIMP,10049,100,1873,2007
16522,NSE-SIMP,10048,100,1701,2007
16522,NSE-SIMP,10048,33,1787,2007
16522,NSE-ZITO,9755,14,1467,2014
16522,NSE-ZITO,9755,36,1478,2014
16522,NSE-ZITO,9755,100,1478,2016
16523,NSE-ZITO,9755,114,1478,2018
16523,NSE-ZITO,9755,8,1745,2018
16523,NSE-ZITO,9752,8,1675,2018
16523,NSE-ZITO,9752,20,1976,2018
16523,NSE-ZITO,9752,30,1976,2020
16523,NSE-ZITO,9751,100,1483,2020
16523,NSE-ZITO,9751,8,1722,2020
16523,NSE-ZITO,9751,62,1978,2020
16523,NSE-ZITO,9751,38,1978,2022
16523,NSE-ZITO,9750,150,1485,2022
16523,NSE-ZITO,9750,8,1652,2022
16523,NSE-ZITO,9750,8,1936,2022
16523,NSE-ZITO,9750,46,1980,2022
16568,NSE-DLKV,10117,35,2039,2044
16568,NSE-ZITO,9758,5,1985,2023
16589,NSE-OIT,9918,50,2311,2320
16621,NSE-DLKV,10117,2,2039,2045
16621,NSE-CARD,10039,50,2234,2320
16621,NSE-CARD,10039,100,2234,2322
16621,NSE-CARD,10039,150,2273,2324
16621,NSE-CARD,10039,100,2286,2326
16621,NSE-CARD,10039,100,2298,2326
16621,NSE-CARD,10040,150,2288,2328
16621,NSE-CARD,10040,100,2300,2328
16621,NSE-DLKV,10115,50,1506,2047
16621,NSE-DLKV,10115,49,1506,2049
16621,NSE-DLKV,10114,8,1556,2049
16621,NSE-DLKV,10113,43,1454,2049
16621,NSE-DLKV,10113,7,1454,2051
16621,NSE-DLKV,10113,50,1465,2051
16621,NSE-DLKV,10113,93,1484,2051
16621,NSE-DLKV,10113,157,1484,2053
16621,NSE-DLKV,10113,43,1491,2053
16621,NSE-DLKV,10113,57,1491,2055
16621,NSE-DLKV,10113,193,1508,2055
16621,NSE-SIMP,10048,50,1787,2009
16621,NSE-SIMP,10048,100,1787,2011
16621,NSE-SIMP,10048,17,1787,2013
16621,NSE-SIMP,10048,100,1794,2013
16621,NSE-SIMP,10048,33,1822,2013
16621,NSE-SIMP,10048,200,1822,2015
16621,NSE-SIMP,10048,17,1822,2017
16621,NSE-SIMP,10048,150,1875,2017
16621,NSE-SIMP,10047,83,1610,2017
16622,NSE-ZABA,9898,50,2002,2020
16622,NSE-ZABA,9898,50,2002,2022
16622,NSE-ZABA,9898,50,2011,2022
16622,NSE-ZITO,9750,50,1980,2025
16622,NSE-ZITO,9750,54,1980,2027
16622,NSE-ZITO,9749,1,1105,2027
16622,NSE-ZITO,9749,45,1487,2027
16622,NSE-ZITO,9749,150,1487,2029
16622,NSE-ZITO,9749,5,1487,2031
16622,NSE-ZITO,9749,8,1629,2031
16622,NSE-ZITO,9749,8,1962,2031
16622,NSE-ZITO,9749,179,1982,2031
16622,NSE-ZITO,9749,21,1982,2033
16622,NSE-ZITO,9748,229,1489,2033
16638,NSE-CARD,10034,50,2287,2330
16702,NSE-ZABA,9899,1,2024,2030
16721,NSE-ZABA,9900,9,2004,2031
16721,NSE-OIT,9923,6,2323,2335
16722,NSE-CARD,10034,39,2287,2332
16722,NSE-CARD,10034,11,2299,2332
16722,NSE-CARD,10034,100,2299,2334
16722,NSE-CARD,10034,39,2299,2336
16722,NSE-CARD,10033,111,2301,2336
16722,NSE-CARD,10033,89,2301,2338
16722,NSE-DLKV,10113,50,1508,2058
16722,NSE-DLKV,10113,7,1508,2060
16722,NSE-DLKV,10113,8,1572,2060
16722,NSE-DLKV,10111,85,1456,2060
16722,NSE-DLKV,10111,15,1456,2062
16722,NSE-DLKV,10111,100,1467,2062
16722,NSE-DLKV,10111,10,1656,2062
16722,NSE-DLKV,10109,25,1495,2062
16722,NSE-DLKV,10109,175,1495,2064
16722,NSE-DLKV,10107,25,1460,2064
16722,NSE-DLKV,10107,175,1460,2066
16722,NSE-DLKV,10107,75,1471,2066
16722,NSE-OIT,9927,50,2331,2336
16722,NSE-SIMP,10047,50,1610,2019
16722,NSE-SIMP,10047,67,1610,2021
16722,NSE-SIMP,10047,33,1703,2021
16722,NSE-SIMP,10047,117,1703,2023
16722,NSE-SIMP,10047,33,1733,2023
16722,NSE-SIMP,10047,67,1733,2025
16722,NSE-SIMP,10047,133,1789,2025
16722,NSE-SIMP,10047,117,1789,2027
16722,NSE-SIMP,10047,133,1796,2027
16722,NSE-ZABA,9899,50,2024,2033
16722,NSE-ZABA,9899,99,2024,2035
16722,NSE-ZABA,9897,1,1925,2035
16722,NSE-ZABA,9897,14,1925,2037
16722,NSE-ZABA,9897,136,2026,2037
16722,NSE-ZABA,9897,64,2026,2039
16722,NSE-ZABA,9896,136,1753,2039
16722,NSE-ZABA,9896,114,1753,2041
16722,NSE-ZABA,9896,136,1774,2041
16722,NSE-ZITO,9748,21,1489,2036
16722,NSE-ZITO,9748,8,1597,2036
16722,NSE-ZITO,9748,21,1964,2036
16722,NSE-ZITO,9748,29,1964,2038
16722,NSE-ZITO,9748,71,1984,2038
16722,NSE-ZITO,9748,150,1984,2040
16722,NSE-ZITO,9748,29,1984,2042
16722,NSE-ZITO,9747,8,1572,2042
16722,NSE-ZITO,9747,100,1966,2042
16722,NSE-ZITO,9747,8,1986,2042
16722,NSE-ZITO,9746,8,1319,2042
16722,NSE-ZITO,9746,8,1365,2042
16722,NSE-ZITO,9746,8,1493,2042
16722,NSE-ZITO,9746,31,1968,2042
16722,NSE-ZITO,9746,119,1968,2044
16722,NSE-ZITO,9745,8,1537,2044
16722,NSE-ZITO,9745,123,1970,2044
16816,NSE-CARD,9875,8,2338,2342
16821,NSE-CARD,9867,50,2337,2345
16821,NSE-CARD,9867,100,2337,2347
16821,NSE-CARD,9867,50,2337,2349
16821,NSE-CARD,9866,100,2339,2349
16821,NSE-CARD,9866,150,2339,2351
16822,NSE-DLKV,10126,8,2067,2070
16822,NSE-OIT,9927,50,2331,2348
16822,NSE-OIT,9927,100,2331,2350
16822,NSE-OIT,9927,50,2331,2352
16822,NSE-OIT,9933,100,2345,2352
16822,NSE-OIT,9933,150,2345,2354
16822,NSE-OIT,9934,8,2347,2354
16822,NSE-SIMP,10047,17,1796,2030
16822,NSE-SIMP,10047,33,1877,2030
16822,NSE-SIMP,10047,100,1877,2032
16822,NSE-SIMP,10047,67,1877,2034
16822,NSE-SIMP,10046,83,1612,2034
16822,NSE-SIMP,10046,167,1612,2036
16822,NSE-SIMP,10046,33,1705,2036
16822,NSE-SIMP,10046,167,1705,2038
16822,NSE-SIMP,10046,83,1735,2038
16822,NSE-ZABA,9896,50,1774,2045
16822,NSE-ZABA,9896,14,1774,2047
16822,NSE-ZABA,9896,86,1890,2047
16822,NSE-ZABA,9896,14,1890,2049
16822,NSE-ZABA,9895,8,1765,2049
16822,NSE-ZABA,9895,50,1838,2049
16822,NSE-ZABA,9895,78,1900,2049
16822,NSE-ZABA,9895,22,1900,2051
16822,NSE-ZABA,9895,100,1927,2051
16822,NSE-ZABA,9895,78,2028,2051
16822,NSE-ZABA,9895,172,2028,2053
16822,NSE-ZABA,9894,1,1684,2053
16822,NSE-ZABA,9894,77,1776,2053
16823,NSE-ZITO,9745,50,1970,2048
16823,NSE-ZITO,9745,27,1970,2050
16823,NSE-ZITO,9744,8,1561,2050
16823,NSE-ZITO,9744,65,1929,2050
16823,NSE-ZITO,9744,85,1929,2052
16823,NSE-ZITO,9744,65,1972,2052
16823,NSE-ZITO,9744,185,1972,2054
16823,NSE-ZITO,9743,8,1388,2054
16823,NSE-ZITO,9743,7,1411,2054
16823,NSE-ZITO,9743,1,1411,2056
16823,NSE-ZITO,9743,200,1931,2056
16823,NSE-ZITO,9742,8,1446,2056
16823,NSE-ZITO,9742,8,1457,2056
16823,NSE-ZITO,9742,33,1933,2056
16835,NSE-ZITO,9758,1,1985,2057
16836,NSE-OIT,9944,42,2354,2359
16836,NSE-OIT,9943,8,2356,2359
16852,NSE-ZITO,9758,48,1985,2058
16921,NSE-ZABA,9900,2,2004,2054
16921,NSE-SIMP,10049,1,2039,2040
16921,NSE-SIMP,10056,3,1963,2040
16921,NSE-ZABA,9894,5,1776,2055
16922,NSE-DLKV,10107,50,1497,2082
16922,NSE-DLKV,10107,100,1497,2084
16922,NSE-DLKV,10107,100,1497,2086
16922,NSE-DLKV,10102,10,1623,2086
16922,NSE-OIT,9943,50,2356,2361
16922,NSE-OIT,9943,100,2356,2363
16922,NSE-OIT,9943,92,2356,2365
16922,NSE-SIMP,10046,50,1735,2042
16922,NSE-SIMP,10046,17,1735,2044
16922,NSE-SIMP,10046,50,1769,2044
16922,NSE-SIMP,10046,33,1798,2044
16922,NSE-SIMP,10046,150,1798,2046
16922,NSE-SIMP,10046,17,1798,2048
16922,NSE-SIMP,10046,183,1879,2048
16922,NSE-SIMP,10046,67,1879,2050
16922,NSE-SIMP,10046,183,1962,2050
16922,NSE-ZABA,9894,50,1776,2057
16922,NSE-ZABA,9894,100,1776,2059
16922,NSE-ZITO,9742,50,1933,2060
16922,NSE-ZITO,9742,100,1933,2062
16922,NSE-ZITO,9742,67,1933,2064
16922,NSE-ZITO,9742,8,2011,2064
16922,NSE-ZITO,9741,8,1296,2064
16922,NSE-ZITO,9741,8,2045,2064
16922,NSE-ZITO,9740,8,1179,2064
16922,NSE-ZITO,9740,8,1248,2064
16922,NSE-ZITO,9740,6,1698,2064
16922,NSE-ZITO,9739,8,1156,2064
16922,NSE-ZITO,9739,8,1270,2064
16922,NSE-ZITO,9737,1,986,2064
16922,NSE-ZITO,9737,8,1142,2064
16922,NSE-ZITO,9736,8,1116,2064
16922,NSE-ZITO,9736,4,1203,2064
16922,NSE-ZITO,9736,4,1203,2066
16922,NSE-ZITO,9736,10,1686,2066
16922,NSE-ZITO,9733,50,2047,2066
16922,NSE-ZITO,9732,100,2049,2066
16922,NSE-ZITO,9731,8,1081,2066
16939,NSE-CARD,9866,50,2351,2365
16939,NSE-OIT,9928,50,2360,2370
17006,NSE-CARD,9867,8,2353,2366
17007,NSE-ZITO,9730,8,2066,2070
17021,NSE-CARD,9862,50,2360,2369
17021,NSE-CARD,9862,100,2360,2371
17021,NSE-CARD,9862,50,2360,2373
17021,NSE-CARD,9861,100,2362,2373
17021,NSE-CARD,9861,150,2362,2375
17021,NSE-OIT,9932,8,2373,2374
17021,NSE-SIMP,10046,50,1962,2053
17021,NSE-SIMP,10046,17,1962,2055
17021,NSE-SIMP,10045,83,1707,2055
17021,NSE-SIMP,10045,150,1707,2057
17021,NSE-SIMP,10045,17,1707,2059
17021,NSE-SIMP,10045,183,1737,2059
17021,NSE-SIMP,10045,17,1737,2061
17021,NSE-SIMP,10045,100,1771,2061
17021,NSE-SIMP,10044,8,1528,2061
17021,NSE-SIMP,10044,125,1739,2061
17053,NSE-OIT,9934,24,2369,2384
17054,NSE-OIT,9934,50,2369,2385
17054,NSE-CARD,9861,50,2375,2378
17054,NSE-CARD,9862,10,2377,2379
17121,NSE-DLKV,10122,3,2094,2104
17121,NSE-CARD,9859,50,2348,2383
17121,NSE-CARD,9859,100,2348,2385
17121,NSE-CARD,9858,150,2350,2387
17121,NSE-CARD,9858,50,2350,2389
17121,NSE-CARD,9857,150,2352,2389
17121,NSE-CARD,9857,100,2352,2391
17121,NSE-CARD,9853,150,2374,2391
17121,NSE-DLKV,10100,8,2091,2106
17121,NSE-DLKV,10097,10,1598,2106
17121,NSE-DLKV,10094,10,1558,2106
17121,NSE-DLKV,10086,1,1531,2106
17121,NSE-DLKV,10076,1,994,2106
17121,NSE-DLKV,10075,1,859,2106
17121,NSE-DLKV,10072,8,992,2106
17121,NSE-OIT,9934,50,2369,2387
17121,NSE-OIT,9934,100,2369,2389
17121,NSE-OIT,9934,26,2369,2391
17121,NSE-SIMP,10044,50,1739,2063
17121,NSE-SIMP,10044,75,1739,2065
17121,NSE-SIMP,10044,25,1773,2065
17121,NSE-SIMP,10044,125,1773,2067
17121,NSE-SIMP,10043,25,1775,2067
17121,NSE-SIMP,10043,175,1775,2069
17121,NSE-SIMP,10043,25,1926,2069
17121,NSE-SIMP,10043,225,1926,2071
17121,NSE-SIMP,10042,8,1697,2071
17121,NSE-SIMP,10042,17,1777,2071
17122,NSE-ZABA,9894,18,1776,2079
17122,NSE-ZABA,9894,8,1884,2079
17122,NSE-ZABA,9894,24,1892,2079
17122,NSE-ZABA,9894,100,1892,2081
17122,NSE-ZITO,9731,50,2068,2083
17122,NSE-ZITO,9731,100,2068,2085
17122,NSE-ZITO,9731,100,2068,2087
17122,NSE-ZITO,9733,50,2079,2087
17122,NSE-ZITO,9733,150,2079,2089
17122,NSE-ZITO,9734,50,2081,2089
17122,NSE-ZITO,9734,200,2081,2091
17152,NSE-CARD,9861,1,2392,2393
17152,NSE-CARD,9862,49,2377,2393
17152,NSE-OIT,9935,50,2391,2398
17221,NSE-ZABA,9895,8,2083,2088
17221,NSE-ZABA,9895,2,2083,2089
17221,NSE-OIT,9939,1,2383,2399
17221,NSE-CARD,9853,50,2374,2396
17221,NSE-CARD,9852,100,2376,2398
17221,NSE-CARD,9852,150,2376,2400
17221,NSE-OIT,9939,50,2383,2400
17221,NSE-OIT,9939,100,2383,2402
17221,NSE-OIT,9939,99,2383,2404
17222,NSE-SIMP,10042,50,1777,2073
17222,NSE-SIMP,10042,100,1777,2075
17222,NSE-SIMP,10042,83,1777,2077
17222,NSE-SIMP,10042,8,1802,2077
17222,NSE-SIMP,10041,8,1719,2077
17222,NSE-SIMP,10041,8,1741,2077
17222,NSE-SIMP,10040,8,1626,2077
17222,NSE-SIMP,10040,8,1881,2077
17222,NSE-SIMP,10039,8,1591,2077
17222,NSE-SIMP,10039,8,1928,2077
17222,NSE-SIMP,10039,8,1974,2077
17222,NSE-SIMP,10038,3,1649,2077
17222,NSE-SIMP,10038,5,1649,2079
17222,NSE-SIMP,10038,8,1767,2079
17222,NSE-SIMP,10038,8,1824,2079
17222,NSE-SIMP,10038,8,1846,2079
17222,NSE-SIMP,10038,171,1913,2079
17222,NSE-SIMP,10038,29,1913,2081
17222,NSE-SIMP,10038,8,1996,2081
17222,NSE-SIMP,10037,8,1905,2081
17222,NSE-SIMP,10037,205,1915,2081
17222,NSE-ZABA,9894,26,1892,2091
17222,NSE-ZABA,9894,24,2010,2091
17247,NSE-CARD,9839,50,2402,2405
17247,NSE-OIT,9939,50,2404,2411
17280,NSE-CARD,9839,8,2402,2407
17280,NSE-DLKV,10079,8,2116,2126
17296,NSE-DLKV,10079,1,2116,2128
17321,NSE-SIMP,10056,7,1963,2084
17321,NSE-OIT,9939,1,2404,2414
17321,NSE-OIT,9938,1,2406,2414
17321,NSE-CARD,9839,50,2402,2409
17321,NSE-CARD,9839,92,2402,2411
17321,NSE-CARD,9840,8,2404,2411
17321,NSE-CARD,9840,150,2404,2413
17321,NSE-CARD,9840,92,2404,2415
17321,NSE-OIT,9943,50,2396,2415
17321,NSE-OIT,9943,100,2396,2417
17321,NSE-OIT,9943,100,2396,2419
17321,NSE-OIT,9947,50,2409,2419
17321,NSE-OIT,9947,200,2409,2421
17322,NSE-SIMP,10037,45,1915,2086
17322,NSE-SIMP,10037,5,1953,2086
17322,NSE-SIMP,10037,3,1953,2088
17322,NSE-SIMP,10037,8,2028,2088
17322,NSE-SIMP,10036,89,1860,2088
17322,NSE-SIMP,10036,11,1860,2090
17322,NSE-SIMP,10036,8,2051,2090
17322,NSE-SIMP,10035,131,1862,2090
17322,NSE-SIMP,10035,19,1862,2092
17322,NSE-SIMP,10034,181,1864,2092
17322,NSE-SIMP,10034,19,1864,2094
17322,NSE-SIMP,10033,231,1866,2094
17322,NSE-ZABA,9894,26,2010,2103
17322,NSE-ZABA,9894,24,2068,2103
17322,NSE-ZABA,9894,26,2068,2105
17322,NSE-ZABA,9893,74,1840,2105
17322,NSE-ZABA,9893,26,1840,2107
17322,NSE-ZABA,9893,124,1902,2107
17322,NSE-ZABA,9893,26,1902,2109
17322,NSE-ZABA,9893,8,1908,2109
17322,NSE-ZABA,9893,150,1929,2109
17322,NSE-ZABA,9892,8,1646,2109
17322,NSE-ZABA,9892,8,1894,2109
17322,NSE-ZABA,9892,192,1894,2111
17322,NSE-ZABA,9892,58,2012,2111
17322,NSE-ZITO,9736,50,2091,2107
17322,NSE-ZITO,9735,50,2093,2109
17322,NSE-ZITO,9735,8,2104,2109
17322,NSE-ZITO,9729,42,1955,2109
17322,NSE-ZITO,9729,150,1955,2111
17322,NSE-ZITO,9729,8,1955,2113
17322,NSE-ZITO,9728,8,1054,2113
17322,NSE-ZITO,9728,184,1957,2113
17322,NSE-ZITO,9728,66,1957,2115
17322,NSE-ZITO,9727,8,1031,2115
17322,NSE-ZITO,9725,8,1019,2115
17322,NSE-ZITO,9725,50,2059,2115
17322,NSE-ZITO,9725,118,2078,2115
17355,NSE-DLKV,10074,8,2129,2139
17355,NSE-CARD,9848,50,2410,2419
17355,NSE-OIT,9946,50,2423,2426
17421,NSE-SIMP,10033,4,1866,2095
17421,NSE-CARD,9849,8,2412,2421
17422,NSE-CARD,9843,50,2415,2423
17422,NSE-CARD,9843,58,2415,2425
17422,NSE-CARD,9842,42,2417,2425
17422,NSE-CARD,9842,150,2417,2427
17422,NSE-CARD,9842,58,2417,2429
17422,NSE-DLKV,10071,8,957,2141
17422,NSE-DLKV,10070,8,944,2141
17422,NSE-DLKV,10068,8,897,2141
17422,NSE-DLKV,10067,8,726,2141
17422,NSE-DLKV,10066,10,614,2141
17422,NSE-DLKV,10065,8,911,2141
17422,NSE-DLKV,10064,8,651,2143
17422,NSE-DLKV,10064,8,749,2143
17422,NSE-DLKV,10064,8,772,2143
17422,NSE-DLKV,10063,10,62,2143
17422,NSE-DLKV,10060,8,861,2143
17422,NSE-DLKV,10059,8,835,2143
17422,NSE-DLKV,10058,8,602,2143
17422,NSE-DLKV,10058,8,798,2143
17422,NSE-DLKV,10056,8,627,2143
17422,NSE-OIT,9952,50,2355,2427
17422,NSE-OIT,9952,100,2355,2429
17422,NSE-OIT,9952,50,2355,2431
17422,NSE-OIT,9953,100,2357,2431
17422,NSE-OIT,9953,150,2357,2433
17422,NSE-OIT,9955,50,2422,2433
17422,NSE-OIT,9955,150,2422,2435
17422,NSE-OIT,9956,100,2424,2435
17422,NSE-SIMP,10033,15,1866,2097
17422,NSE-SIMP,10032,35,1825,2097
17422,NSE-SIMP,10032,15,1825,2099
17422,NSE-SIMP,10032,8,2082,2099
17422,NSE-SIMP,10031,77,1827,2099
17422,NSE-SIMP,10031,23,1827,2101
17422,NSE-SIMP,10030,8,1553,2101
17422,NSE-SIMP,10030,119,1829,2101
17422,NSE-SIMP,10030,31,1829,2103
17422,NSE-SIMP,10029,169,1831,2103
17423,NSE-SIMP,10029,31,1831,2105
17423,NSE-ZABA,9892,42,2012,2113
17423,NSE-ZABA,9892,8,2070,2113
17423,NSE-ZITO,9725,50,2078,2118
17451,NSE-CARD,9835,50,2429,2432
17452,NSE-OIT,9946,50,2423,2438
17493,NSE-DLKV,10056,8,2143,2151
17521,NSE-SIMP,10029,2,2105,2107
17521,NSE-SIMP,10029,3,2105,2108
17521,NSE-ZITO,9725,9,2078,2129
17522,NSE-CARD,9835,50,2429,2436
17522,NSE-CARD,9835,42,2429,2438
17522,NSE-CARD,9836,58,2431,2438
17522,NSE-CARD,9836,150,2431,2440
17522,NSE-CARD,9836,42,2431,2442
17522,NSE-OIT,9955,8,2440,2441
17522,NSE-OIT,9956,42,2424,2441
17522,NSE-OIT,9956,100,2424,2443
17522,NSE-OIT,9956,8,2424,2445
17522,NSE-OIT,9958,8,2308,2445
17522,NSE-OIT,9960,8,2413,2445
17522,NSE-OIT,9966,6,2166,2445
17522,NSE-OIT,9966,8,2278,2445
17522,NSE-OIT,9967,112,2436,2445
17522,NSE-OIT,9967,138,2436,2447
17522,NSE-SIMP,10028,50,1833,2110
17522,NSE-SIMP,10028,100,1833,2112
17522,NSE-SIMP,10028,100,1833,2114
17522,NSE-ZABA,9894,50,2115,2125
17522,NSE-ZABA,9894,50,2115,2127
17522,NSE-ZABA,9894,1,2122,2127
17522,NSE-ZABA,9895,49,2083,2127
17522,NSE-ZABA,9895,91,2083,2129
17522,NSE-ZABA,9895,59,2093,2129
17522,NSE-ZABA,9895,41,2093,2131
17522,NSE-ZABA,9896,150,2061,2131
17522,NSE-ZABA,9896,9,2117,2131
17522,NSE-ZABA,9896,141,2117,2133
17522,NSE-ZABA,9897,109,2085,2133
17523,NSE-ZITO,9725,23,2078,2131
17523,NSE-ZITO,9724,8,604,2131
17523,NSE-ZITO,9724,8,835,2131
17523,NSE-ZITO,9724,11,2061,2131
17523,NSE-ZITO,9724,89,2061,2133
17523,NSE-ZITO,9724,11,2080,2133
17523,NSE-ZITO,9724,150,2080,2135
17524,NSE-DLKV,10072,5,2154,2163
17571,NSE-CARD,9846,50,2437,2446
17571,NSE-OIT,9971,50,2447,2452
17587,NSE-DLKV,10072,13,2154,2164
17621,NSE-CARD,9847,4,2439,2448
17621,NSE-CARD,9841,50,2442,2450
17621,NSE-CARD,9841,100,2442,2452
17621,NSE-CARD,9841,8,2442,2454
17621,NSE-CARD,9840,142,2444,2454
17621,NSE-CARD,9840,108,2444,2456
17621,NSE-CARD,9831,92,2388,2456
17621,NSE-CARD,9831,108,2388,2458
17621,NSE-CARD,9831,142,2401,2458
17621,NSE-DLKV,10092,8,2152,2167
17621,NSE-OIT,9980,50,2450,2454
17621,NSE-OIT,9980,100,2450,2456
17621,NSE-OIT,9980,100,2450,2458
17621,NSE-OIT,9984,8,1977,2458
17621,NSE-OIT,9985,8,1795,2458
17621,NSE-OIT,9989,8,2003,2458
17621,NSE-OIT,9990,8,1777,2458
17621,NSE-OIT,9992,8,1748,2458
17621,NSE-OIT,9993,8,1922,2458
17621,NSE-OIT,9994,2,1545,2458
17621,NSE-OIT,9994,6,1545,2460
17621,NSE-OIT,9997,8,1694,2460
17621,NSE-OIT,9999,8,1463,2460
17621,NSE-OIT,9999,8,1636,2460
17621,NSE-OIT,10001,8,1652,2460
17622,NSE-ZABA,9897,50,2085,2135
17622,NSE-ZABA,9897,41,2085,2137
17622,NSE-ZABA,9897,59,2095,2137
17622,NSE-ZABA,9897,91,2095,2139
17622,NSE-ZABA,9898,59,2063,2139
17622,NSE-ZABA,9898,141,2063,2141
17622,NSE-ZABA,9898,50,2069,2141
17622,NSE-ZABA,9898,9,2119,2141
17622,NSE-ZABA,9898,191,2119,2143
17622,NSE-ZABA,9899,59,2087,2143
17622,NSE-ZITO,9725,50,2137,2140
17622,NSE-ZITO,9725,100,2137,2142
17622,NSE-ZITO,9725,50,2137,2144
17622,NSE-ZITO,9726,100,2139,2144
17622,NSE-ZITO,9726,150,2139,2146
17622,NSE-ZITO,9729,50,2126,2146
17622,NSE-ZITO,9729,200,2126,2148
17622,NSE-ZITO,9737,50,2094,2148
17669,NSE-CARD,9831,50,2401,2460
17669,NSE-OIT,10004,50,2460,2466
17702,NSE-DLKV,10098,8,2167,2179
17702,NSE-OIT,10004,8,2460,2468
17722,NSE-CARD,9831,8,2401,2466
17722,NSE-CARD,9830,42,2390,2466
17722,NSE-CARD,9830,100,2390,2468
17722,NSE-CARD,9830,108,2390,2470
17722,NSE-CARD,9830,42,2403,2470
17722,NSE-CARD,9830,200,2403,2472
17722,NSE-CARD,9830,8,2403,2474
17722,NSE-CARD,9827,200,2428,2474
17722,NSE-CARD,9826,42,2430,2474
17722,NSE-OIT,10009,8,1406,2469
17722,NSE-OIT,10011,8,1326,2469
17722,NSE-SIMP,10037,1,2129,2133
17722,NSE-ZABA,9899,50,2087,2147
17722,NSE-ZABA,9899,100,2087,2149
17722,NSE-ZABA,9899,41,2087,2151
17722,NSE-ZABA,9899,109,2097,2151
17722,NSE-ZABA,9899,91,2097,2153
17722,NSE-ZABA,9900,109,2004,2153
17722,NSE-ZABA,9900,80,2004,2155
17722,NSE-ZABA,9900,100,2013,2155
17722,NSE-ZABA,9900,70,2065,2155
17723,NSE-ZITO,9740,8,2153,2154
17723,NSE-ZITO,9741,42,2102,2154
17723,NSE-ZITO,9741,100,2102,2156
17723,NSE-ZITO,9741,108,2102,2158
17723,NSE-ZITO,9745,42,2090,2158
17723,NSE-ZITO,9745,158,2090,2160
17723,NSE-ZITO,9746,42,2092,2160
17723,NSE-ZITO,9746,208,2092,2162
17723,NSE-ZITO,9751,8,2128,2162
17723,NSE-ZITO,9758,34,1985,2162
17767,NSE-ZABA,9892,38,2070,2157
17767,NSE-DLKV,10071,30,2180,2191
17767,NSE-CARD,9847,8,2464,2475
17767,NSE-OIT,10011,34,2469,2481
17767,NSE-OIT,10009,16,2471,2481
17821,NSE-ZITO,9737,1,2150,2165
17821,NSE-ZITO,9724,4,2080,2165
17821,NSE-CARD,9826,5,2430,2477
17821,NSE-SIMP,10043,2,2132,2144
17822,NSE-CARD,9826,50,2430,2479
17822,NSE-CARD,9826,100,2430,2481
17822,NSE-CARD,9826,53,2430,2483
17822,NSE-CARD,9821,8,2434,2483
17822,NSE-CARD,9819,89,2455,2483
17822,NSE-CARD,9819,111,2455,2485
17822,NSE-CARD,9818,89,2457,2485
17822,NSE-CARD,9818,161,2457,2487
17822,NSE-CARD,9818,8,2463,2487
17822,NSE-CARD,9816,49,2134,2487
17822,NSE-CARD,9814,8,2280,2487
17822,NSE-CARD,9814,8,2306,2487
17822,NSE-CARD,9812,8,2252,2487
17822,NSE-CARD,9809,8,2188,2487
17822,NSE-OIT,10012,8,1296,2482
17822,NSE-OIT,10012,8,1433,2482
17822,NSE-OIT,10014,8,1070,2482
17822,NSE-SIMP,10022,1,1567,2146
17822,NSE-SIMP,10019,8,1569,2146
17822,NSE-ZABA,9900,50,2065,2158
17823,NSE-ZABA,9900,100,2065,2160
17857,NSE-SIMP,10018,41,2146,2155
17857,NSE-SIMP,10019,9,2148,2155
17870,NSE-DLKV,10120,30,2193,2204
17885,NSE-DLKV,10120,8,2193,2207
17885,NSE-SIMP,10019,8,2148,2157
17921,NSE-ZITO,9742,2,2166,2179
17921,NSE-ZABA,9900,8,2065,2170
17922,NSE-CARD,9824,8,2491,2495
17922,NSE-CARD,9809,42,2188,2495
17922,NSE-CARD,9809,8,2225,2497
17922,NSE-CARD,9808,92,2049,2497
17922,NSE-CARD,9808,8,2049,2499
17922,NSE-CARD,9807,142,2051,2499
17922,NSE-CARD,9807,8,2051,2501
17922,NSE-CARD,9807,8,2199,2501
17922,NSE-CARD,9806,184,2053,2501
17922,NSE-CARD,9806,16,2053,2503
17922,NSE-CARD,9805,8,2167,2503
17922,NSE-CARD,9803,8,2127,2503
17922,NSE-CARD,9802,8,2072,2503
17922,NSE-CARD,9801,8,2098,2503
17922,NSE-CARD,9748,150,2482,2503
17922,NSE-CARD,9747,52,2484,2503
17922,NSE-OIT,10017,8,1253,2495
17922,NSE-OIT,10021,8,1279,2495
17922,NSE-OIT,10021,8,2494,2495
17922,NSE-OIT,10023,26,2478,2495
17922,NSE-OIT,10023,100,2478,2497
17922,NSE-OIT,10023,124,2478,2499
17922,NSE-SIMP,10043,6,2132,2159
17922,NSE-ZABA,9900,22,2065,2171
17922,NSE-ZABA,9900,28,2071,2171
17922,NSE-ZABA,9900,72,2071,2173
17922,NSE-ZABA,9900,28,2121,2173
17922,NSE-ZABA,9900,150,2121,2175
17922,NSE-ZABA,9900,72,2121,2177
17922,NSE-ZABA,9901,128,2099,2177
17922,NSE-ZABA,9901,122,2099,2179
17922,NSE-ZABA,9902,128,2006,2179
17922,NSE-ZITO,9744,50,2167,2180
17922,NSE-ZITO,9746,100,2171,2182
17922,NSE-ZITO,9746,50,2171,2184
17922,NSE-ZITO,9747,100,2173,2184
17922,NSE-ZITO,9747,100,2173,2186
17945,NSE-CARD,9831,1,2493,2504
17945,NSE-CARD,9848,49,2441,2504
18021,NSE-CARD,9747,1,2484,2506
18021,NSE-ZABA,9902,9,2006,2181
18022,NSE-CARD,9747,50,2484,2508
18022,NSE-CARD,9747,97,2484,2510
18022,NSE-CARD,9746,3,2486,2510
18022,NSE-CARD,9746,150,2486,2512
18022,NSE-CARD,9746,97,2486,2514
18022,NSE-CARD,9739,103,2469,2514
18022,NSE-CARD,9739,47,2469,2516
18022,NSE-ZABA,9902,50,2006,2182
18022,NSE-ZABA,9902,63,2006,2184
18022,NSE-ZABA,9902,37,2015,2184
18023,NSE-ZABA,9902,113,2015,2186
18023,NSE-ZABA,9902,37,2073,2186
18023,NSE-ZABA,9902,113,2073,2188
18023,NSE-ZITO,9748,50,2175,2190
18023,NSE-ZITO,9748,100,2175,2192
18023,NSE-ZITO,9748,100,2175,2194
18023,NSE-ZITO,9753,8,2178,2194
18023,NSE-ZITO,9753,42,2183,2194
18023,NSE-ZITO,9753,58,2183,2196
18023,NSE-ZITO,9754,142,2185,2196
18023,NSE-ZITO,9754,8,2185,2198
18023,NSE-ZITO,9755,200,2187,2198
18023,NSE-ZITO,9756,42,2189,2198
18063,NSE-CARD,9739,10,2516,2517
18076,NSE-SIMP,10014,50,2171,2180
18076,NSE-CARD,9739,50,2516,2519
18076,NSE-DLKV,10089,8,2219,2228
18076,NSE-DLKV,10089,10,2219,2230
18076,NSE-CARD,9739,8,2516,2522
18077,NSE-DLKV,10089,8,2219,2232
18101,NSE-DLKV,10089,1,2219,2234
18121,NSE-DLKV,10089,5,2219,2235
18121,NSE-DLKV,10085,7,2218,2236
18122,NSE-SIMP,10013,8,1434,2185
18122,NSE-SIMP,10013,8,2131,2185
18122,NSE-ZABA,9904,43,1891,2194
18122,NSE-ZABA,9904,7,2017,2194
18122,NSE-ZABA,9904,100,2017,2196
18122,NSE-ZABA,9904,93,2017,2198
18122,NSE-ZABA,9904,57,2075,2198
18122,NSE-ZABA,9904,143,2075,2200
18122,NSE-ZABA,9905,57,1903,2200
18122,NSE-ZABA,9905,93,1903,2202
18122,NSE-ZABA,9905,150,1930,2202
18122,NSE-ZABA,9906,7,1893,2202
18122,NSE-ZITO,9756,50,2189,2203
18122,NSE-ZITO,9756,100,2189,2205
18122,NSE-ZITO,9756,58,2189,2207
18122,NSE-ZITO,9757,8,2202,2207
18122,NSE-ZITO,9758,55,1985,2207
18122,NSE-ZITO,9759,29,2141,2207
18122,NSE-ZITO,9759,21,2141,2209
18122,NSE-ZITO,9762,179,2147,2209
18122,NSE-ZITO,9762,21,2147,2211
18122,NSE-ZITO,9763,229,2149,2211
18160,NSE-DLKV,10088,10,2238,2247
18161,NSE-OIT,10002,50,2520,2529
18161,NSE-CARD,9755,42,2525,2535
18161,NSE-CARD,9753,50,2524,2536
18222,NSE-CARD,9752,50,2526,2539
18222,NSE-CARD,9752,50,2526,2541
18222,NSE-CARD,9751,50,2528,2541
18222,NSE-CARD,9751,100,2528,2543
18222,NSE-ZABA,9906,50,1893,2204
18222,NSE-ZABA,9906,93,1893,2206
18222,NSE-ZABA,9906,7,2019,2206
18222,NSE-ZABA,9906,150,2019,2208
18222,NSE-ZABA,9906,93,2019,2210
18222,NSE-ZABA,9906,107,2077,2210
18222,NSE-ZABA,9906,143,2077,2212
18222,NSE-ZABA,9907,107,1905,2212
18222,NSE-ZITO,9763,21,2149,2213
18222,NSE-ZITO,9764,8,2105,2213
18222,NSE-ZITO,9765,21,1943,2213
18222,NSE-ZITO,9765,28,1943,2215
18222,NSE-ZITO,9766,72,1945,2215
18222,NSE-ZITO,9766,128,1945,2217
18222,NSE-ZITO,9767,22,1907,2217
18222,NSE-ZITO,9767,55,1907,2219
18222,NSE-ZITO,9767,145,1947,2219
18222,NSE-ZITO,9767,105,1947,2221
18222,NSE-ZITO,9768,145,1909,2221
18259,NSE-DLKV,10097,30,2249,2260
18259,NSE-DLKV,10101,10,2250,2261
18259,NSE-SIMP,10013,50,2197,2206
18259,NSE-SIMP,10014,100,2199,2206
18259,NSE-SIMP,10015,50,2201,2206
18259,NSE-CARD,9743,8,2543,2549
18259,NSE-SIMP,10015,8,2201,2207
18275,NSE-OIT,10020,50,2531,2542
18275,NSE-SIMP,10015,50,2201,2209
18275,NSE-CARD,9739,50,2538,2551
18275,NSE-SIMP,10015,1,2201,2210
18275,NSE-ZABA,9903,1,2188,2215
18321,NSE-CARD,9738,50,2471,2553
18321,NSE-CARD,9738,100,2471,2555
18321,NSE-CARD,9738,50,2471,2557
18321,NSE-CARD,9737,100,2473,2557
18321,NSE-CARD,9737,150,2473,2559
18321,NSE-CARD,9733,50,2507,2559
18321,NSE-CARD,9732,100,2509,2561
18321,NSE-CARD,9731,150,2511,2561
18321,NSE-OIT,10014,8,2540,2544
18321,NSE-SIMP,10017,50,2205,2211
18322,NSE-ZITO,9762,8,2225,2226
18322,NSE-ZITO,9768,42,1909,2226
18322,NSE-ZITO,9768,63,1909,2228
18322,NSE-ZITO,9768,8,2071,2228
18322,NSE-ZITO,9769,29,1918,2228
18322,NSE-ZITO,9769,71,1918,2230
18322,NSE-ZITO,9769,79,2159,2230
18322,NSE-ZITO,9769,71,2159,2232
18322,NSE-ZITO,9770,129,1920,2232
18322,NSE-ZITO,9770,21,1920,2234
18322,NSE-ZITO,9770,200,2161,2234
18322,NSE-ZITO,9771,29,1922,2234
18367,NSE-DLKV,10086,30,2266,2275
18367,NSE-DLKV,10084,8,2206,2276
18379,NSE-OIT,10002,50,2543,2555
18379,NSE-OIT,10000,8,2517,2556
18379,NSE-OIT,10000,42,2545,2556
18421,NSE-ZITO,9771,9,1922,2236
18422,NSE-SIMP,10014,50,2217,2223
18422,NSE-SIMP,10014,100,2217,2225
18422,NSE-ZITO,9771,50,1922,2237
18422,NSE-ZITO,9771,100,1922,2239
18422,NSE-ZITO,9771,12,1922,2241
18422,NSE-ZITO,9771,8,2046,2241
18422,NSE-ZITO,9771,130,2163,2241
18422,NSE-ZITO,9771,120,2163,2243
18422,NSE-ZITO,9772,80,1924,2243
18422,NSE-ZITO,9772,170,1924,2245
18422,NSE-ZITO,9772,8,2012,2245
18422,NSE-ZITO,9774,50,2191,2245
18422,NSE-ZITO,9775,22,2193,2245
18446,NSE-OIT,10011,50,2558,2567
18446,NSE-SIMP,10015,50,2227,2232
18446,NSE-CARD,9743,50,2564,2573
18446,NSE-CARD,9741,50,2563,2574
18494,NSE-OIT,10013,1,2560,2572
18521,NSE-CARD,9744,3,2566,2578
18521,NSE-ZITO,9756,1,2249,2250
18521,NSE-ZITO,9747,3,2186,2250
18521,NSE-OIT,10013,4,2560,2573
18521,NSE-CARD,9740,50,2565,2580
18521,NSE-CARD,9740,50,2565,2582
18521,NSE-CARD,9739,1,2577,2582
18521,NSE-CARD,9738,8,2575,2582
18521,NSE-DLKV,10101,8,2288,2289
18521,NSE-DLKV,10106,8,2264,2289
18521,NSE-OIT,10016,8,2571,2574
18521,NSE-SIMP,10015,50,2227,2235
18521,NSE-SIMP,10015,50,2227,2237
18521,NSE-SIMP,10016,50,2229,2237
18521,NSE-SIMP,10016,150,2229,2239
18522,NSE-ZABA,9903,50,2188,2238
18522,NSE-ZABA,9903,36,2188,2240
18522,NSE-ZABA,9901,64,2190,2240
18522,NSE-ZITO,9769,8,2248,2251
18522,NSE-ZITO,9775,42,2193,2251
18522,NSE-ZITO,9775,36,2193,2253
18522,NSE-ZITO,9776,8,1987,2253
18522,NSE-ZITO,9776,56,2195,2253
18522,NSE-ZITO,9776,94,2195,2255
18522,NSE-ZITO,9777,10,2151,2255
18522,NSE-ZITO,9777,46,2197,2255
18522,NSE-ZITO,9777,154,2197,2257
18522,NSE-ZITO,9778,8,1963,2257
18522,NSE-ZITO,9778,38,2199,2257
18522,NSE-ZITO,9778,212,2199,2259
18522,NSE-ZITO,9780,38,1895,2259
18553,NSE-SIMP,10017,50,2205,2245
18553,NSE-CARD,9731,41,2582,2589
18553,NSE-CARD,9732,9,2584,2589
18553,NSE-CARD,9730,50,2496,2590
18621,NSE-ZABA,9901,2,2190,2247
18621,NSE-DLKV,10106,1,2289,2301
18622,NSE-SIMP,10016,50,2241,2247
18622,NSE-SIMP,10016,100,2241,2249
18622,NSE-SIMP,10016,50,2241,2251
18622,NSE-SIMP,10015,100,2243,2251
18622,NSE-SIMP,10015,150,2243,2253
18622,NSE-SIMP,10014,50,2217,2253
18622,NSE-SIMP,10013,250,2219,2255
18623,NSE-ZITO,9780,50,1895,2261
18623,NSE-ZITO,9780,100,1895,2263
18623,NSE-ZITO,9780,12,1895,2265
18623,NSE-ZITO,9780,8,1937,2265
18623,NSE-ZITO,9780,10,2176,2265
18623,NSE-ZITO,9781,120,1897,2265
18623,NSE-ZITO,9781,130,1897,2267
18623,NSE-ZITO,9783,50,2227,2267
18623,NSE-ZITO,9784,10,2103,2267
18623,NSE-ZITO,9784,10,2204,2267
18623,NSE-ZITO,9784,40,2204,2269
18623,NSE-ZITO,9784,100,2229,2269
18623,NSE-ZITO,9785,10,2200,2269
18623,NSE-ZITO,9785,100,2206,2269
18623,NSE-DLKV,10101,8,2302,2313
18623,NSE-OIT,10024,8,2586,2597
18657,NSE-OIT,10024,42,2586,2599
18657,NSE-OIT,10022,8,2588,2599
18657,NSE-CARD,9739,50,2592,2604
18721,NSE-SIMP,10011,1,1158,2259
18721,NSE-SIMP,10010,5,1306,2259
18721,NSE-OIT,10022,9,2588,2600
18722,NSE-CARD,9737,50,2591,2607
18722,NSE-CARD,9736,100,2593,2609
18722,NSE-CARD,9735,150,2595,2611
18722,NSE-CARD,9730,50,2496,2613
18722,NSE-CARD,9730,150,2513,2613
18722,NSE-CARD,9730,50,2513,2615
18722,NSE-CARD,9729,150,2498,2615
18722,NSE-CARD,9729,50,2515,2615
18722,NSE-DLKV,10094,1,2314,2316
18722,NSE-OIT,10030,8,2518,2601
18722,NSE-OIT,10031,8,803,2601
18722,NSE-OIT,10032,8,771,2601
18722,NSE-OIT,10038,10,2554,2601
18722,NSE-OIT,10041,10,2584,2601
18722,NSE-ZABA,9901,50,2190,2260
18722,NSE-ZABA,9901,100,2190,2262
18722,NSE-ZABA,9901,34,2190,2264
18722,NSE-ZABA,9900,116,2222,2264
18722,NSE-ZABA,9900,84,2222,2266
18722,NSE-ZABA,9899,116,2162,2266
18722,NSE-ZABA,9899,34,2162,2268
18722,NSE-ZABA,9898,216,2224,2268
18723,NSE-ZITO,9773,8,2272,2273
18723,NSE-ZITO,9785,42,2231,2273
18723,NSE-ZITO,9785,100,2231,2275
18723,NSE-ZITO,9785,8,2231,2277
18723,NSE-ZITO,9786,10,2127,2277
18723,NSE-ZITO,9786,132,2208,2277
18723,NSE-ZITO,9786,18,2208,2279
18723,NSE-ZITO,9786,182,2233,2279
18723,NSE-ZITO,9786,18,2233,2281
18723,NSE-ZITO,9787,10,2082,2281
18723,NSE-ZITO,9787,200,2210,2281
18723,NSE-ZITO,9787,22,2235,2281
18745,NSE-DLKV,10094,31,2316,2325
18765,NSE-SIMP,10012,50,2261,2270
18782,NSE-OIT,10041,6,2601,2613
18782,NSE-OIT,10039,2,2603,2613
18821,NSE-ZABA,9907,6,1905,2270
18821,NSE-ZITO,9748,8,2284,2286
18821,NSE-ZITO,9747,1,2186,2286
18822,NSE-CARD,9729,50,2515,2622
18822,NSE-CARD,9729,100,2515,2624
18822,NSE-CARD,9729,50,2515,2626
18822,NSE-CARD,9728,100,2500,2626
18822,NSE-CARD,9728,100,2500,2628
18822,NSE-CARD,9728,50,2579,2628
18822,NSE-CARD,9727,50,2502,2628
18822,NSE-CARD,9727,200,2502,2630
18822,NSE-CARD,9727,50,2581,2630
18822,NSE-SIMP,10013,50,2263,2273
18822,NSE-SIMP,10013,50,2263,2275
18822,NSE-SIMP,10014,50,2265,2275
18822,NSE-SIMP,10014,100,2265,2277
18822,NSE-SIMP,10015,50,2267,2277
18822,NSE-SIMP,10015,150,2267,2279
18822,NSE-SIMP,10017,50,2205,2279
18822,NSE-SIMP,10017,100,2205,2281
18822,NSE-SIMP,10017,150,2231,2281
18822,NSE-ZABA,9898,34,2224,2272
18822,NSE-ZABA,9897,16,2164,2272
18822,NSE-ZABA,9897,100,2164,2274
18822,NSE-ZABA,9897,84,2164,2276
18822,NSE-ZABA,9895,66,2166,2276
18822,NSE-ZABA,9895,184,2166,2278
18822,NSE-ZABA,9892,16,2070,2278
18822,NSE-ZABA,9892,38,2070,2280
18822,NSE-ZABA,9891,150,1842,2280
18822,NSE-ZABA,9891,50,1862,2280
18822,NSE-ZABA,9891,12,1904,2280
18823,NSE-ZITO,9778,8,2285,2287
18823,NSE-ZITO,9787,42,2235,2287
18823,NSE-ZITO,9787,100,2235,2289
18823,NSE-ZITO,9787,86,2235,2291
18823,NSE-ZITO,9787,10,2283,2291
18823,NSE-ZITO,9788,8,1913,2291
18823,NSE-ZITO,9788,10,2034,2291
18823,NSE-ZITO,9788,36,2212,2291
18823,NSE-ZITO,9788,200,2212,2293
18823,NSE-ZITO,9788,14,2212,2295
18823,NSE-ZITO,9789,50,2238,2295
18823,NSE-ZITO,9790,10,2164,2295
18823,NSE-ZITO,9790,50,2214,2295
18823,NSE-ZITO,9790,100,2240,2295
18823,NSE-ZITO,9791,26,2216,2295
18867,NSE-OIT,10022,50,2615,2624
18867,NSE-SIMP,10017,50,2231,2283
18921,NSE-CARD,9740,1,2594,2632
18921,NSE-CARD,9727,50,2581,2634
18921,NSE-CARD,9727,8,2601,2636
18921,NSE-CARD,9726,92,2583,2636
18921,NSE-CARD,9726,58,2583,2638
18921,NSE-CARD,9718,50,2552,2638
18921,NSE-CARD,9716,8,2619,2638
18921,NSE-CARD,9687,10,2084,2638
18921,NSE-CARD,9684,10,2057,2638
18921,NSE-CARD,9681,10,2043,2638
18921,NSE-CARD,9674,4,2030,2638
18921,NSE-CARD,9674,6,2030,2640
18921,NSE-CARD,9570,50,2606,2640
18921,NSE-CARD,9569,100,2608,2640
18921,NSE-CARD,9569,44,2621,2640
18921,NSE-CARD,9569,6,2621,2642
18921,NSE-CARD,9568,150,2610,2642
18921,NSE-CARD,9568,94,2623,2642
18922,NSE-SIMP,10010,3,1306,2285
18922,NSE-SIMP,10010,8,1352,2285
18922,NSE-SIMP,10010,39,2260,2285
18922,NSE-SIMP,10010,11,2260,2287
18922,NSE-SIMP,10009,89,2226,2287
18922,NSE-SIMP,10009,61,2226,2289
18922,NSE-SIMP,10009,89,2262,2289
18922,NSE-SIMP,10009,11,2262,2291
18922,NSE-SIMP,10008,1,1007,2291
18922,NSE-SIMP,10008,8,1400,2291
18922,NSE-SIMP,10008,180,2228,2291
18922,NSE-SIMP,10008,20,2228,2293
18922,NSE-SIMP,10008,150,2264,2293
18922,NSE-SIMP,10007,8,1283,2293
18922,NSE-SIMP,10007,8,1378,2293
18922,NSE-SIMP,10007,10,2194,2293
18922,NSE-SIMP,10007,54,2204,2293
18922,NSE-ZITO,9791,50,2216,2297
18922,NSE-ZITO,9791,24,2216,2299
18922,NSE-ZITO,9791,76,2242,2299
18922,NSE-ZITO,9791,74,2242,2301
18922,NSE-ZITO,9792,10,2116,2301
18922,NSE-ZITO,9792,66,2218,2301
18922,NSE-ZITO,9792,84,2218,2303
18922,NSE-ZITO,9792,116,2244,2303
18922,NSE-ZITO,9792,84,2244,2305
18922,NSE-ZITO,9793,1,1871,2305
18922,NSE-ZITO,9793,165,2220,2305
19018,NSE-DLKV,10121,8,2341,2352
19021,NSE-OIT,10029,9,2625,2637
19021,NSE-CARD,9719,1,2644,2646
19021,NSE-ZABA,9901,3,2282,2293
19022,NSE-CARD,9719,7,2644,2648
19022,NSE-CARD,9568,6,2623,2648
19022,NSE-CARD,9567,1,1970,2648
19022,NSE-CARD,9563,8,2031,2648
19022,NSE-CARD,9561,8,2002,2648
19022,NSE-CARD,9561,1,2616,2648
19022,NSE-CARD,9560,10,2534,2648
19022,NSE-CARD,9556,8,1975,2648
19022,NSE-CARD,9555,1,1944,2648
19022,NSE-CARD,9555,7,1944,2650
19022,NSE-CARD,9555,10,2490,2650
19022,NSE-CARD,9555,10,2603,2650
19022,NSE-DLKV,10122,8,2127,2353
19022,NSE-DLKV,10123,8,2328,2353
19023,NSE-SIMP,10017,50,2231,2298
19023,NSE-SIMP,10021,100,2216,2300
19023,NSE-SIMP,10021,50,2216,2302
19023,NSE-SIMP,10022,100,2218,2302
19023,NSE-SIMP,10022,100,2218,2304
19023,NSE-SIMP,10022,100,2238,2304
19023,NSE-SIMP,10023,250,2220,2306
19023,NSE-ZITO,9777,8,2309,2310
19023,NSE-ZITO,9783,10,2307,2310
19023,NSE-ZITO,9793,32,2220,2310
19023,NSE-ZITO,9793,3,2220,2312
19023,NSE-ZITO,9793,97,2246,2312
19023,NSE-ZITO,9793,150,2246,2314
19023,NSE-ZITO,9793,3,2246,2316
19023,NSE-ZITO,9793,50,2252,2316
19023,NSE-ZITO,9794,147,2222,2316
19023,NSE-ZITO,9794,103,2222,2318
19023,NSE-ZITO,9794,100,2254,2318
19023,NSE-ZITO,9795,10,2069,2318
19023,NSE-ZITO,9795,37,2256,2318
19098,NSE-CARD,9554,10,2650,2658
19098,NSE-OIT,10034,50,2638,2649
19121,NSE-ZABA,9901,3,2294,2304
19121,NSE-CARD,9551,10,2647,2661
19122,NSE-DLKV,10131,8,2092,2363
19122,NSE-DLKV,10136,8,2233,2363
19122,NSE-SIMP,10023,50,2240,2309
19122,NSE-SIMP,10023,100,2240,2311
19122,NSE-SIMP,10024,150,2242,2313
19122,NSE-SIMP,10024,50,2242,2315
19122,NSE-SIMP,10025,150,2244,2315
19122,NSE-SIMP,10025,100,2244,2317
19122,NSE-SIMP,10025,10,2294,2317
19122,NSE-SIMP,10026,8,2297,2317
19122,NSE-SIMP,10027,8,2234,2317
19122,NSE-ZABA,9905,1,2281,2305
19122,NSE-ZABA,9907,49,1905,2305
19122,NSE-ZABA,9907,38,1905,2307
19122,NSE-ZABA,9907,62,1932,2307
19122,NSE-ZABA,9907,138,1932,2309
19122,NSE-ZABA,9907,12,2021,2309
19122,NSE-ZABA,9907,38,2021,2311
19122,NSE-ZABA,9907,8,2146,2311
19122,NSE-ZABA,9907,50,2159,2311
19122,NSE-ZABA,9907,104,2246,2311
19122,NSE-ZABA,9907,146,2246,2313
19122,NSE-ZABA,9908,104,1895,2313
19123,NSE-ZITO,9795,50,2256,2320
19123,NSE-ZITO,9795,63,2256,2322
19123,NSE-ZITO,9801,37,2288,2322
19123,NSE-ZITO,9801,13,2288,2324
19123,NSE-ZITO,9802,100,2290,2324
19123,NSE-ZITO,9803,37,2292,2324
19123,NSE-ZITO,9803,113,2292,2326
19123,NSE-ZITO,9804,8,495,2326
19123,NSE-ZITO,9804,50,2298,2326
19123,NSE-ZITO,9805,29,2300,2326
19123,NSE-ZITO,9805,71,2300,2328
19123,NSE-ZITO,9806,150,2302,2328
19123,NSE-ZITO,9807,8,471,2328
19123,NSE-ZITO,9807,21,2304,2328
19191,NSE-OIT,10026,50,2651,2661
19209,NSE-CARD,9563,8,2663,2673
19209,NSE-DLKV,10153,8,2363,2374
19209,NSE-SIMP,10027,8,2317,2322
19221,NSE-CARD,9561,1,2662,2675
19222,NSE-CARD,9551,40,2647,2677
19222,NSE-CARD,9549,10,2633,2677
19222,NSE-CARD,9549,40,2633,2679
19222,NSE-ZABA,9908,50,1895,2316
19222,NSE-ZABA,9908,46,1895,2318
19222,NSE-ZABA,9909,54,1907,2318
19222,NSE-ZABA,9909,150,1907,2320
19223,NSE-ZITO,9779,8,2332,2333
19223,NSE-ZITO,9780,10,2330,2333
19223,NSE-ZITO,9807,32,2304,2333
19223,NSE-ZITO,9807,100,2304,2335
19223,NSE-ZITO,9807,47,2304,2337
19223,NSE-ZITO,9808,103,2306,2337
19223,NSE-ZITO,9808,147,2306,2339
19223,NSE-ZITO,9809,10,529,2339
19223,NSE-ZITO,9810,43,1755,2339
19223,NSE-ZITO,9810,207,1755,2341
19223,NSE-ZITO,9811,8,447,2341
19223,NSE-ZITO,9812,8,422,2341
19223,NSE-ZITO,9813,10,506,2341
19223,NSE-ZITO,9813,8,1887,2341
19223,NSE-ZITO,9814,9,2262,2341
19320,NSE-CARD,9548,1,2679,2686
19321,NSE-OIT,10025,8,2635,2678
19321,NSE-OIT,10024,1,2676,2678
19321,NSE-SIMP,10029,50,2323,2335
19321,NSE-SIMP,10028,100,2325,2337
19322,NSE-ZABA,9909,46,1907,2326
19322,NSE-ZABA,9909,4,1934,2326
19322,NSE-ZABA,9909,100,1934,2328
19322,NSE-ZABA,9909,146,1934,2330
19322,NSE-ZABA,9909,4,2023,2330
19322,NSE-ZABA,9909,96,2023,2332
19322,NSE-ZABA,9909,8,2124,2332
19322,NSE-ZABA,9909,96,2161,2332
19322,NSE-ZABA,9909,4,2161,2334
19322,NSE-ZABA,9910,246,1897,2334
19322,NSE-ZITO,9814,41,2262,2344
19322,NSE-ZITO,9814,9,2274,2344
19322,NSE-ZITO,9814,41,2274,2346
19322,NSE-ZITO,9815,10,493,2346
19322,NSE-ZITO,9815,49,2264,2346
19322,NSE-ZITO,9815,51,2264,2348
19322,NSE-ZITO,9815,99,2276,2348
19322,NSE-ZITO,9815,1,2276,2350
19322,NSE-ZITO,9816,8,379,2350
19322,NSE-ZITO,9816,150,2266,2350
19322,NSE-ZITO,9816,41,2278,2350
19322,NSE-ZITO,9816,109,2278,2352
19322,NSE-ZITO,9817,141,2268,2352
19373,NSE-OIT,10016,41,2678,2687
19373,NSE-OIT,10018,9,2680,2687
19373,NSE-SIMP,10023,50,2339,2344
19404,NSE-DLKV,10122,8,2386,2396
19421,NSE-ZABA,9910,3,1897,2337
19421,NSE-ZITO,9750,8,2331,2356
19421,NSE-ZITO,9749,1,2354,2356
19422,NSE-CARD,9547,2,2461,2702
19422,NSE-CARD,9547,8,2699,2702
19422,NSE-CARD,9544,10,2521,2702
19423,NSE-ZITO,9779,8,2355,2357
19423,NSE-ZITO,9817,42,2268,2357
19423,NSE-ZITO,9817,17,2268,2359
19423,NSE-ZITO,9817,83,2280,2359
19423,NSE-ZITO,9817,117,2280,2361
19423,NSE-ZITO,9818,10,482,2361
19423,NSE-ZITO,9818,23,2282,2361
19423,NSE-ZITO,9818,200,2282,2363
19423,NSE-ZITO,9818,27,2282,2365
19423,NSE-ZITO,9823,50,2334,2365
19423,NSE-ZITO,9824,100,2336,2365
19435,NSE-CARD,9539,10,2701,2711
19452,NSE-SIMP,10021,50,2348,2357
19498,NSE-DLKV,10145,1,2398,2408
19498,NSE-ZITO,9824,1,2365,2367
19521,NSE-OIT,10039,10,2660,2704
19521,NSE-OIT,10041,8,2691,2704
19521,NSE-OIT,10043,10,1960,2704
19521,NSE-OIT,10043,10,2136,2704
19521,NSE-OIT,10043,10,2453,2704
19522,NSE-SIMP,10022,1,2358,2359
19522,NSE-SIMP,10030,49,2299,2359
19522,NSE-SIMP,10030,1,2299,2361
19522,NSE-SIMP,10031,8,2257,2361
19522,NSE-SIMP,10031,8,2272,2361
19522,NSE-SIMP,10031,50,2274,2361
19522,NSE-SIMP,10031,33,2301,2361
19522,NSE-SIMP,10031,67,2301,2363
19522,NSE-SIMP,10031,50,2324,2363
19522,NSE-SIMP,10032,8,2183,2363
19522,NSE-SIMP,10032,25,2276,2363
19522,NSE-SIMP,10032,75,2276,2365
19522,NSE-SIMP,10032,125,2303,2365
19522,NSE-SIMP,10032,25,2303,2367
19522,NSE-SIMP,10033,150,2278,2367
19522,NSE-SIMP,10033,50,2310,2367
19522,NSE-SIMP,10034,25,2280,2367
19522,NSE-ZABA,9910,1,1897,2348
19522,NSE-ZABA,9910,8,2169,2348
19522,NSE-ZABA,9911,41,1939,2348
19522,NSE-ZITO,9825,50,2311,2368
19522,NSE-ZITO,9825,100,2338,2370
19522,NSE-ZITO,9825,50,2338,2372
19522,NSE-ZITO,9826,100,2313,2372
19522,NSE-ZITO,9826,200,2340,2374
19522,NSE-ZITO,9827,150,2315,2376
19522,NSE-ZITO,9827,100,2342,2376
19557,NSE-CARD,9557,10,2712,2723
19557,NSE-OIT,10043,2,2704,2715
19557,NSE-OIT,10041,8,2706,2715
19572,NSE-OIT,10041,50,2706,2716
19598,NSE-OIT,10041,8,2706,2718
19599,NSE-ZITO,9824,8,2365,2379
19621,NSE-OIT,10041,8,2706,2719
19621,NSE-OIT,10045,2,2541,2720
19621,NSE-ZABA,9910,1,2350,2359
19621,NSE-CARD,9559,4,2713,2727
19621,NSE-CARD,9559,7,2713,2728
19622,NSE-CARD,9557,40,2712,2730
19622,NSE-CARD,9546,8,2725,2730
19623,NSE-ZITO,9824,50,2365,2381
19623,NSE-ZITO,9824,14,2365,2383
19650,NSE-DLKV,10131,15,2422,2431
19650,NSE-CARD,9544,10,2729,2739
19666,NSE-OIT,10021,50,2722,2731
19666,NSE-CARD,9544,40,2729,2740
19666,NSE-CARD,9543,10,2731,2740
19721,NSE-SIMP,10032,5,2371,2381
19721,NSE-CARD,9539,40,2701,2742
19721,NSE-CARD,9537,8,1916,2742
19721,NSE-DLKV,10135,8,2420,2432
19721,NSE-DLKV,10156,8,2068,2432
19721,NSE-SIMP,10019,50,2334,2383
19722,NSE-SIMP,10019,50,2347,2385
19722,NSE-SIMP,10017,1,2319,2385
19722,NSE-SIMP,10013,8,2345,2385
19722,NSE-ZITO,9806,50,2383,2393
19722,NSE-ZITO,9806,36,2383,2395
19722,NSE-ZITO,9807,64,2385,2395
19722,NSE-ZITO,9807,86,2385,2397
19722,NSE-ZITO,9808,64,2387,2397
19722,NSE-ZITO,9808,136,2387,2399
19722,NSE-ZITO,9809,64,2389,2399
19722,NSE-ZITO,9809,186,2389,2401
19722,NSE-ZITO,9827,64,2342,2401
19746,NSE-CARD,9535,10,2741,2753
19746,NSE-SIMP,10013,10,2385,2392
19782,NSE-CARD,9537,2,2742,2755
19782,NSE-CARD,9538,6,2744,2755
19782,NSE-DLKV,10158,8,2432,2443
19782,NSE-OIT,10027,8,2734,2745
19782,NSE-ZABA,9892,8,2371,2380
19821,NSE-SIMP,10013,7,2385,2396
19821,NSE-ZABA,9892,3,2371,2382
19821,NSE-ZABA,9892,7,2371,2383
19821,NSE-CARD,9546,2,2730,2757
19821,NSE-CARD,9559,39,2713,2757
19821,NSE-CARD,9572,8,2756,2757
19823,NSE-ZITO,9827,50,2342,2406
19823,NSE-ZITO,9827,36,2342,2408
19823,NSE-ZITO,9828,64,2317,2408
19823,NSE-ZITO,9828,136,2317,2410
19823,NSE-ZITO,9829,10,394,2410
19823,NSE-ZITO,9831,4,423,2410
19823,NSE-ZITO,9831,6,423,2412
19823,NSE-ZITO,9831,100,2360,2412
19823,NSE-ZITO,9832,94,2362,2412
19823,NSE-ZITO,9832,56,2362,2414
19823,NSE-ZITO,9833,194,2364,2414
19850,NSE-ZITO,9810,8,2404,2416
19851,NSE-CARD,9572,1,2757,2768
19851,NSE-CARD,9571,49,2759,2768
19851,NSE-OIT,10031,50,2747,2758
19921,NSE-DLKV,10131,1,2444,2456
19922,NSE-ZABA,9911,9,1939,2395
19922,NSE-ZABA,9911,41,2025,2395
19922,NSE-ZITO,9833,6,2364,2419
19922,NSE-ZITO,9834,44,2321,2419
19922,NSE-ZITO,9834,6,2321,2421
19922,NSE-ZITO,9834,94,2366,2421
19922,NSE-ZITO,9834,150,2366,2423
19922,NSE-ZITO,9834,6,2366,2425
19922,NSE-ZITO,9835,100,2323,2425
19922,NSE-ZITO,9836,10,376,2425
19922,NSE-ZITO,9836,84,2325,2425
19922,NSE-ZITO,9836,66,2325,2427
19922,NSE-ZITO,9837,10,408,2427
19922,NSE-ZITO,9837,174,2327,2427
19951,NSE-DLKV,10139,10,2458,2467
19992,NSE-CARD,9554,50,2769,2780
19992,NSE-OIT,10042,50,2759,2770
20021,NSE-DLKV,10131,1,2455,2470
20022,NSE-SIMP,10018,50,2406,2419
20022,NSE-ZITO,9837,26,2327,2430
20022,NSE-ZITO,9837,24,2345,2430
20022,NSE-ZITO,9837,26,2345,2432
20022,NSE-ZITO,9838,74,2329,2432
20022,NSE-ZITO,9838,150,2329,2434
20022,NSE-ZITO,9838,26,2329,2436
20022,NSE-ZITO,9838,100,2347,2436
20022,NSE-ZITO,9839,10,349,2436
20022,NSE-ZITO,9839,64,2349,2436
20022,NSE-ZITO,9839,86,2349,2438
20022,NSE-ZITO,9840,164,2351,2438
20055,NSE-DLKV,10125,45,2470,2479
20055,NSE-ZITO,9802,50,2382,2440
20071,NSE-CARD,9556,10,2782,2791
20071,NSE-ZITO,9802,50,2382,2441
20119,NSE-CARD,9554,8,2781,2794
20119,NSE-DLKV,10125,4,2470,2480
20119,NSE-DLKV,10127,4,2472,2480
20121,NSE-DLKV,10127,1,2472,2482
20121,NSE-CARD,9556,4,2782,2795
20121,NSE-OIT,10015,8,2664,2784
20121,NSE-OIT,10011,8,2690,2784
20122,NSE-ZABA,9891,50,1904,2417
20122,NSE-ZABA,9891,100,1904,2419
20122,NSE-ZITO,9833,8,2443,2444
20127,NSE-CARD,9540,50,2797,2806
20150,NSE-CARD,9541,1,2799,2808
20150,NSE-OIT,10011,1,2784,2793
20187,NSE-CARD,9541,50,2799,2809
20205,NSE-ZITO,9838,42,2444,2454
20205,NSE-ZITO,9837,8,2446,2454
20212,NSE-CARD,9541,49,2799,2811
20212,NSE-CARD,9542,1,2801,2811
20221,NSE-ZABA,9891,9,1904,2426
20221,NSE-DLKV,10140,8,2483,2494
20221,NSE-ZABA,9891,2,1904,2427
20222,NSE-OIT,10033,10,2794,2795
20222,NSE-OIT,10040,8,2782,2795
20222,NSE-OIT,10045,6,2541,2795
20222,NSE-OIT,10046,10,2162,2795
20222,NSE-OIT,10046,8,2665,2795
20222,NSE-SIMP,10011,8,2394,2443
20222,NSE-SIMP,10008,10,2418,2443
20222,NSE-SIMP,10007,32,2204,2443
20222,NSE-SIMP,10007,100,2204,2445
20222,NSE-SIMP,10007,64,2204,2447
20222,NSE-SIMP,10007,86,2230,2447
20222,NSE-SIMP,10007,164,2230,2449
20222,NSE-SIMP,10007,36,2266,2449
20222,NSE-SIMP,10007,164,2266,2451
20222,NSE-SIMP,10006,6,2156,2451
20222,NSE-SIMP,10006,80,2268,2451
20223,NSE-ZITO,9837,50,2446,2456
20223,NSE-ZITO,9837,42,2446,2458
20223,NSE-ZITO,9836,58,2448,2458
20223,NSE-ZITO,9836,92,2448,2460
20223,NSE-ZITO,9835,58,2450,2460
20223,NSE-ZITO,9835,142,2450,2462
20262,NSE-OIT,10047,8,2795,2805
20262,NSE-OIT,10045,2,2797,2805
20316,NSE-ZITO,9827,50,2455,2465
20321,NSE-ZITO,9826,1,2457,2466
20321,NSE-OIT,10045,8,2797,2806
20322,NSE-SIMP,10006,50,2268,2454
20322,NSE-SIMP,10006,100,2268,2456
20322,NSE-SIMP,10006,20,2268,2458
20322,NSE-SIMP,10005,8,2369,2458
20322,NSE-ZITO,9826,50,2457,2468
20322,NSE-ZITO,9826,49,2457,2470
20322,NSE-ZITO,9825,51,2459,2470
20322,NSE-ZITO,9825,99,2459,2472
20322,NSE-ZITO,9824,51,2461,2472
20322,NSE-ZITO,9824,149,2461,2474
20330,NSE-CARD,9550,50,2824,2835
20330,NSE-DLKV,10122,50,2506,2515
20379,NSE-OIT,10021,8,2808,2819
20421,NSE-CARD,9549,1,2826,2838
20421,NSE-OIT,10009,8,2781,2822
20421,NSE-OIT,10004,8,2612,2822
20421,NSE-OIT,10001,8,2717,2822
20421,NSE-SIMP,10002,8,1235,2466
20421,NSE-SIMP,10002,8,2182,2466
20421,NSE-SIMP,10001,8,2256,2466
20421,NSE-SIMP,10001,8,2271,2466
20421,NSE-SIMP,10000,8,1170,2466
20421,NSE-SIMP,10000,8,1192,2466
20421,NSE-SIMP,10000,2,1480,2466
20422,NSE-ZABA,9895,8,2448,2450
20422,NSE-ZABA,9891,27,1904,2450
20422,NSE-ZABA,9891,15,1931,2450
20422,NSE-ZABA,9891,100,1931,2452
20422,NSE-ZITO,9816,50,2474,2480
20422,NSE-ZITO,9816,1,2474,2482
20444,NSE-SIMP,10001,1,2468,2475
20444,NSE-ZITO,9829,50,2482,2492
20521,NSE-ZITO,9832,9,2462,2493
20521,NSE-DLKV,10121,8,2516,2531
20521,NSE-DLKV,10117,8,2442,2531
20522,NSE-ZITO,9832,49,2462,2494
20522,NSE-ZITO,9832,1,2481,2494
20522,NSE-ZITO,9832,49,2481,2496
20522,NSE-ZITO,9832,1,2491,2496
20522,NSE-ZITO,9833,50,2483,2496
20522,NSE-ZITO,9833,50,2483,2498
20522,NSE-ZITO,9834,8,2479,2498
20522,NSE-ZITO,9834,92,2485,2498
20522,NSE-ZITO,9834,58,2485,2500
20540,NSE-OIT,9996,50,2832,2841
20540,NSE-ZITO,9836,50,2500,2504
20540,NSE-CARD,9549,50,2851,2860
20557,NSE-DLKV,10116,8,2531,2540
20620,NSE-ZITO,9836,50,2500,2507
20620,NSE-OIT,9997,42,2834,2844
20620,NSE-DLKV,10116,26,2531,2542
20620,NSE-DLKV,10118,24,2533,2542
20620,NSE-CARD,9550,50,2853,2864
20621,NSE-ZABA,9898,6,2460,2472
20621,NSE-ZITO,9840,2,2351,2508
20621,NSE-ZABA,9894,1,2459,2473
20621,NSE-CARD,9550,1,2853,2865
20621,NSE-CARD,9550,3,2853,2866
20621,NSE-DLKV,10112,1,2530,2543
20622,NSE-ZABA,9891,50,1931,2475
20622,NSE-ZABA,9891,35,1931,2477
20622,NSE-ZABA,9891,50,1950,2477
20622,NSE-ZABA,9891,8,2258,2477
20622,NSE-ZABA,9890,7,2014,2477
20622,NSE-ZABA,9890,143,2014,2479
20622,NSE-ZABA,9890,7,2072,2479
20622,NSE-ZABA,9890,143,2072,2481
20622,NSE-ZABA,9889,57,1933,2481
20622,NSE-ZABA,9889,193,1933,2483
20622,NSE-ZABA,9889,57,1952,2483
20622,NSE-ZITO,9840,34,2351,2509
20622,NSE-ZITO,9840,8,2405,2509
20622,NSE-ZITO,9840,8,2445,2509
20659,NSE-CARD,9546,10,2867,2877
20659,NSE-ZITO,9839,10,2511,2519
20660,NSE-ZITO,9839,50,2511,2520
20660,NSE-CARD,9548,50,2868,2878
20711,NSE-CARD,9549,1,2870,2880
20721,NSE-CARD,9546,9,2867,2881
20721,NSE-ZITO,9839,3,2511,2521
20721,NSE-CARD,9553,8,2863,2882
20721,NSE-CARD,9568,8,2837,2882
20721,NSE-CARD,9573,10,2792,2882
20721,NSE-CARD,9575,8,2726,2882
20721,NSE-CARD,9576,8,2700,2882
20721,NSE-CARD,9599,8,2697,2882
20721,NSE-CARD,9599,2,2697,2884
20721,NSE-CARD,9668,8,2674,2884
20721,NSE-CARD,9739,10,2659,2884
20721,NSE-CARD,9740,80,2594,2884
20721,NSE-CARD,9740,19,2594,2886
20721,NSE-CARD,9744,97,2566,2886
20721,NSE-CARD,9745,8,2620,2886
20721,NSE-CARD,9749,8,2645,2886
20722,NSE-SIMP,10000,8,1480,2503
20722,NSE-SIMP,9999,10,2181,2503
20722,NSE-SIMP,9999,8,2487,2503
20722,NSE-SIMP,9998,8,1071,2503
20722,NSE-SIMP,9998,8,1133,2503
20722,NSE-SIMP,9998,8,1516,2503
20722,NSE-SIMP,9998,2,1516,2505
20722,NSE-SIMP,9998,8,2463,2505
20722,NSE-SIMP,9997,8,1108,2505
20722,NSE-SIMP,9996,8,1044,2505
20722,NSE-SIMP,9996,8,1146,2505
20722,NSE-SIMP,9996,8,2233,2505
20722,NSE-SIMP,9996,58,2248,2505
20722,NSE-SIMP,9996,42,2248,2507
20722,NSE-SIMP,9996,8,2296,2507
20722,NSE-SIMP,9996,8,2321,2507
20722,NSE-SIMP,9996,8,2429,2507
20722,NSE-SIMP,9995,84,2250,2507
20722,NSE-SIMP,9995,66,2250,2509
20722,NSE-SIMP,9995,50,2284,2509
20722,NSE-SIMP,9994,84,2252,2509
20722,NSE-SIMP,9994,116,2252,2511
20722,NSE-SIMP,9994,100,2286,2511
20722,NSE-SIMP,9993,34,2254,2511
20722,NSE-ZITO,9840,42,2445,2522
20722,NSE-ZITO,9841,8,2353,2522
20722,NSE-ZITO,9841,100,2353,2524
20722,NSE-ZITO,9841,142,2353,2526
20722,NSE-ZITO,9841,8,2447,2526
20723,NSE-ZITO,9841,92,2447,2528
20723,NSE-ZITO,9841,50,2495,2528
20723,NSE-ZITO,9842,58,2398,2528
20723,NSE-ZITO,9842,92,2398,2530
20723,NSE-ZITO,9842,150,2449,2530
20723,NSE-ZITO,9842,8,2497,2530
20771,NSE-ZITO,9839,37,2511,2532
20771,NSE-CARD,9752,10,2886,2892
20771,NSE-CARD,9752,8,2886,2893
20771,NSE-CARD,9751,42,2888,2893
20771,NSE-OIT,10016,50,2856,2868
20803,NSE-CARD,9751,8,2888,2895
20803,NSE-DLKV,10134,8,2554,2565
20803,NSE-OIT,10020,8,2857,2869
20818,NSE-ZITO,9829,49,2482,2535
20821,NSE-DLKV,10134,3,2554,2566
20821,NSE-CARD,9751,3,2888,2896
20821,NSE-ZITO,9828,6,2484,2536
20822,NSE-DLKV,10152,8,2517,2567
20822,NSE-DLKV,10157,8,2541,2567
20822,NSE-DLKV,10167,1,2079,2567
20822,NSE-DLKV,10169,8,2397,2567
20822,NSE-OIT,10025,8,2843,2871
20822,NSE-ZABA,9906,8,2470,2496
20822,NSE-ZABA,9907,8,2495,2496
20822,NSE-ZITO,9842,50,2497,2537
20822,NSE-ZITO,9842,42,2497,2539
20822,NSE-ZITO,9842,50,2510,2539
20822,NSE-ZITO,9843,8,2400,2539
20822,NSE-ZITO,9843,150,2400,2541
20822,NSE-ZITO,9843,42,2400,2543
20822,NSE-ZITO,9843,158,2451,2543
20822,NSE-ZITO,9843,42,2451,2545
20822,NSE-ZITO,9843,150,2499,2545
20822,NSE-ZITO,9844,58,2402,2545
20855,NSE-CARD,9745,10,2897,2908
20872,NSE-CARD,9745,40,2897,2909
20872,NSE-CARD,9744,10,2899,2909
20921,NSE-SIMP,10017,7,2517,2528
20921,NSE-CARD,9744,1,2899,2910
20921,NSE-CARD,9755,8,2525,2911
20921,NSE-CARD,9756,42,2527,2911
20921,NSE-CARD,9756,58,2527,2913
20921,NSE-CARD,9757,8,2602,2913
20921,NSE-CARD,9768,8,2576,2913
20921,NSE-DLKV,10171,5,2031,2578
20921,NSE-DLKV,10171,10,2326,2578
20921,NSE-DLKV,10173,10,2080,2578
20921,NSE-DLKV,10173,10,2177,2578
20921,NSE-DLKV,10175,10,2103,2578
20921,NSE-DLKV,10175,5,2481,2578
20921,NSE-DLKV,10175,3,2481,2580
20921,NSE-DLKV,10177,10,2248,2580
20921,NSE-SIMP,10009,10,2526,2530
20921,NSE-SIMP,9996,8,2514,2530
20921,NSE-SIMP,9993,32,2254,2530
20921,NSE-SIMP,9993,100,2254,2532
20921,NSE-SIMP,9993,84,2254,2534
20921,NSE-SIMP,9993,66,2288,2534
20921,NSE-SIMP,9993,84,2288,2536
20921,NSE-SIMP,9992,8,1018,2536
20921,NSE-SIMP,9992,108,2290,2536
20921,NSE-SIMP,9992,92,2290,2538
20921,NSE-ZITO,9844,50,2402,2548
20921,NSE-ZITO,9844,100,2402,2550
20921,NSE-ZITO,9844,42,2402,2552
20921,NSE-ZITO,9844,8,2534,2552
20921,NSE-ZITO,9846,50,2420,2552
20921,NSE-ZITO,9846,50,2431,2552
20921,NSE-ZITO,9847,100,2422,2554
20921,NSE-ZITO,9847,100,2433,2554
20921,NSE-ZITO,9848,150,2424,2556
20921,NSE-ZITO,9848,100,2435,2556
20988,NSE-CARD,9772,10,2913,2922
20988,NSE-SIMP,9992,50,2538,2539
21004,NSE-CARD,9772,16,2913,2924
21004,NSE-CARD,9771,34,2915,2924
21020,NSE-CARD,9771,8,2915,2926
21020,NSE-DLKV,10177,8,2580,2591
21021,NSE-ZITO,9828,1,2484,2562
21022,NSE-ZITO,9828,50,2484,2564
21022,NSE-ZITO,9828,93,2484,2566
21036,NSE-SIMP,10017,1,2543,2552
21066,NSE-OIT,10020,50,2898,2907
21066,NSE-CARD,9763,50,2927,2938
21121,NSE-DLKV,10166,4,2593,2602
21121,NSE-OIT,10025,10,2908,2909
21121,NSE-OIT,10028,10,2867,2909
21121,NSE-OIT,10032,8,2896,2909
21125,NSE-ZITO,9831,50,2575,2585
21155,NSE-ZITO,9830,50,2577,2586
21155,NSE-CARD,9752,50,2940,2950
21184,NSE-CARD,9750,10,2939,2953
21216,NSE-CARD,9750,1,2939,2954
21216,NSE-OIT,10038,1,2909,2921
21221,NSE-ZITO,9833,2,2576,2587
21230,NSE-OIT,10042,50,2922,2933
21230,NSE-ZITO,9833,50,2588,2598
21230,NSE-CARD,9754,50,2956,2965
21308,NSE-ZABA,9891,8,2540,2549
21321,NSE-CARD,9755,8,2958,2970
21321,NSE-OIT,10040,2,2924,2936
21321,NSE-ZITO,9832,5,2590,2601
21321,NSE-ZABA,9890,1,2528,2551
21321,NSE-ZABA,9889,2,2090,2551
21321,NSE-SIMP,10013,8,2566,2578
21321,NSE-DLKV,10170,1,2615,2628
21322,NSE-ZITO,9839,1,2573,2602
21322,NSE-ZITO,9848,49,2435,2602
21322,NSE-ZITO,9848,1,2435,2604
21347,NSE-ZITO,9848,50,2604,2612
21347,NSE-CARD,9748,50,2972,2981
21416,NSE-DLKV,10174,41,2628,2639
21416,NSE-ZITO,9848,8,2604,2613
21421,NSE-DLKV,10155,8,2626,2641
21421,NSE-SIMP,10000,8,2576,2591
21421,NSE-SIMP,9991,8,2540,2591
21421,NSE-SIMP,9990,8,1005,2591
21469,NSE-CARD,9755,50,2985,2994
21469,NSE-CARD,9753,50,2984,2995
21521,NSE-CARD,9745,10,2952,2997
21521,NSE-DLKV,10179,10,2205,2650
21521,NSE-DLKV,10180,10,2231,2650
21521,NSE-DLKV,10181,10,2125,2650
21521,NSE-DLKV,10181,10,2614,2650
21521,NSE-DLKV,10182,10,2166,2650
21521,NSE-DLKV,10184,1,1981,2652
21521,NSE-DLKV,10184,10,2192,2652
21521,NSE-DLKV,10185,8,2627,2652
21522,NSE-ZABA,9889,48,2090,2573
21522,NSE-ZABA,9889,2,2236,2573
21522,NSE-ZABA,9889,6,2236,2575
21522,NSE-ZABA,9888,1,1593,2575
21522,NSE-ZABA,9888,50,2056,2575
21522,NSE-ZABA,9888,43,2074,2575
21522,NSE-ZABA,9888,150,2074,2577
21522,NSE-ZABA,9888,7,2074,2579
21522,NSE-ZABA,9888,50,2112,2579
21522,NSE-ZABA,9888,8,2315,2579
21522,NSE-ZABA,9887,8,1935,2579
21522,NSE-ZABA,9887,50,2078,2579
21522,NSE-ZABA,9887,77,2092,2579
21522,NSE-ZABA,9887,23,2092,2581
21522,NSE-ZABA,9887,8,2269,2581
21522,NSE-ZABA,9887,8,2292,2581
21522,NSE-ZABA,9886,8,2008,2581
21522,NSE-ZABA,9886,100,2058,2581
21522,NSE-ZABA,9886,103,2076,2581
21547,NSE-OIT,10017,50,2958,2967
21575,NSE-DLKV,10187,41,2652,2660
21575,NSE-ZITO,9835,50,2625,2636
21575,NSE-OIT,10019,8,2960,2968
21591,NSE-CARD,9739,8,2997,3007
21591,NSE-DLKV,10187,8,2652,2662
21591,NSE-SIMP,9996,8,2602,2611
21621,NSE-DLKV,10187,4,2652,2663
21621,NSE-DLKV,10191,6,2638,2664
21621,NSE-OIT,10012,8,2934,2972
21621,NSE-SIMP,9988,8,697,2614
21621,NSE-SIMP,9987,8,723,2614
21621,NSE-SIMP,9987,8,913,2614
21621,NSE-SIMP,9986,8,747,2614
21621,NSE-SIMP,9986,8,793,2614
21621,NSE-SIMP,9986,8,876,2614
21621,NSE-SIMP,9986,2,960,2614
21621,NSE-SIMP,9986,6,960,2616
21622,NSE-ZABA,9886,50,2076,2585
21622,NSE-ZABA,9886,97,2076,2587
21622,NSE-ZABA,9886,3,2114,2587
21622,NSE-ZABA,9886,97,2114,2589
21622,NSE-ZABA,9885,8,1960,2589
21622,NSE-ZABA,9885,8,1985,2589
21622,NSE-ZABA,9885,37,2080,2589
21622,NSE-ZITO,9838,8,2638,2639
21641,NSE-DLKV,10161,30,2665,2675
21641,NSE-OIT,10012,42,2972,2981
21641,NSE-OIT,10014,8,2974,2981
21641,NSE-ZITO,9843,42,2639,2649
21641,NSE-ZITO,9842,8,2641,2649
21706,NSE-ZABA,9886,50,2591,2594
21706,NSE-ZITO,9842,50,2641,2650
21706,NSE-OIT,10014,50,2974,2982
21706,NSE-SIMP,9986,26,2616,2623
21721,NSE-DLKV,10161,5,2665,2677
21721,NSE-CARD,9742,1,3010,3021
21721,NSE-CARD,9738,8,2925,3023
21721,NSE-CARD,9730,8,2968,3023
21721,NSE-SIMP,9985,8,817,2625
21721,NSE-SIMP,9984,8,769,2625
21721,NSE-SIMP,9984,8,830,2625
21721,NSE-SIMP,9984,8,852,2625
21722,NSE-ZABA,9885,50,2080,2596
21722,NSE-ZABA,9885,13,2080,2598
21722,NSE-ZABA,9885,87,2094,2598
21722,NSE-ZABA,9885,63,2094,2600
21722,NSE-ZABA,9885,8,2214,2600
21722,NSE-ZABA,9885,8,2358,2600
21722,NSE-ZABA,9884,8,1695,2600
21722,NSE-ZABA,9884,63,2060,2600
21722,NSE-ZABA,9884,87,2060,2602
21722,NSE-ZABA,9884,113,2116,2602
21722,NSE-ZABA,9884,37,2116,2604
21722,NSE-ZABA,9884,8,2193,2604
21722,NSE-ZABA,9884,8,2336,2604
21722,NSE-ZABA,9883,8,1672,2604
21722,NSE-ZABA,9883,189,2096,2604
21776,NSE-CARD,9695,32,3023,3032
21776,NSE-SIMP,9983,3,2625,2634
21776,NSE-DLKV,10187,30,2678,2688
21776,NSE-OIT,10028,50,2983,2994
21776,NSE-ZITO,9836,50,2651,2661
21776,NSE-OIT,10026,50,2985,2995
21793,NSE-CARD,9695,2,3023,3035
21793,NSE-CARD,9696,6,3025,3035
21821,NSE-ZABA,9883,2,2096,2607
21821,NSE-SIMP,9983,1,2625,2637
21821,NSE-ZITO,9838,8,2652,2663
21821,NSE-DLKV,10191,4,2638,2691
21821,NSE-OIT,10031,8,2997,2998
21821,NSE-OIT,10034,8,2970,2998
21822,NSE-SIMP,9982,8,489,2639
21822,NSE-SIMP,9982,8,564,2639
21822,NSE-SIMP,9982,8,972,2639
21822,NSE-SIMP,9981,8,539,2639
21822,NSE-SIMP,9981,8,601,2639
21822,NSE-SIMP,9980,8,2635,2639
21822,NSE-SIMP,9975,2,587,2639
21822,NSE-SIMP,9975,6,587,2641
21822,NSE-ZABA,9883,9,2096,2609
21822,NSE-ZABA,9882,8,2042,2609
21822,NSE-ZABA,9882,33,2062,2609
21822,NSE-ZABA,9882,100,2062,2611
21822,NSE-ZABA,9882,67,2062,2613
21822,NSE-ZABA,9882,8,2066,2613
21822,NSE-ZABA,9882,8,2100,2613
21822,NSE-ZABA,9882,67,2118,2613
21845,NSE-SIMP,9970,1,2641,2648
21921,NSE-OIT,10035,5,2998,3010
21921,NSE-ZITO,9827,7,2665,2675
21923,NSE-ZABA,9882,50,2118,2620
21923,NSE-ZABA,9882,83,2118,2622
21923,NSE-ZABA,9882,8,2516,2622
21923,NSE-ZABA,9881,9,2084,2622
21923,NSE-ZABA,9881,150,2084,2624
21923,NSE-ZABA,9881,41,2084,2626
21923,NSE-ZABA,9881,159,2098,2626
21923,NSE-ZABA,9881,91,2098,2628
21923,NSE-ZABA,9880,159,2120,2628
21923,NSE-ZITO,9829,1,2674,2676
21923,NSE-ZITO,9849,49,2426,2676
21923,NSE-ZITO,9849,100,2426,2678
21923,NSE-ZITO,9849,51,2426,2680
21923,NSE-ZITO,9849,99,2437,2680
21923,NSE-ZITO,9849,101,2437,2682
21923,NSE-ZITO,9850,99,2409,2682
21923,NSE-ZITO,9850,1,2409,2684
21923,NSE-ZITO,9850,249,2428,2684
21987,NSE-SIMP,9951,25,2650,2659
21987,NSE-CARD,9665,18,3051,3060
22021,NSE-OIT,10042,8,2935,3022
22030,NSE-OIT,10047,8,3022,3033
22030,NSE-SIMP,9965,8,2661,2670
22030,NSE-SIMP,9965,42,2661,2672
22030,NSE-SIMP,9966,8,2663,2672
22030,NSE-ZITO,9847,42,2687,2698
22058,NSE-SIMP,9966,92,2663,2673
22058,NSE-SIMP,9967,108,2665,2673
22058,NSE-SIMP,9967,42,2665,2674
22058,NSE-SIMP,9968,3,2667,2674
22058,NSE-ZITO,9847,8,2687,2699
22058,NSE-ZITO,9846,2,2689,2699
22058,NSE-ZITO,9846,4,2689,2700
22121,NSE-OIT,10051,7,742,3035
22121,NSE-OIT,10047,6,3022,3036
22121,NSE-DLKV,10184,10,2728,2729
22121,NSE-DLKV,10192,10,2714,2729
22121,NSE-OIT,10019,1,3008,3038
22121,NSE-OIT,10013,8,3032,3038
22122,NSE-ZITO,9850,1,2428,2701
22122,NSE-ZITO,9850,49,2439,2701
22122,NSE-ZITO,9850,100,2439,2703
22122,NSE-ZITO,9850,101,2439,2705
22122,NSE-ZITO,9850,8,2561,2705
22122,NSE-ZITO,9850,8,2600,2705
22122,NSE-ZITO,9850,8,2662,2705
22122,NSE-ZITO,9851,25,2411,2705
22122,NSE-ZITO,9851,125,2411,2707
22122,NSE-ZITO,9851,8,2697,2707
22122,NSE-ZITO,9852,67,2413,2707
22122,NSE-ZITO,9852,133,2413,2709
22122,NSE-ZITO,9852,50,2523,2709
22122,NSE-ZITO,9853,67,2415,2709
22160,NSE-ZITO,9823,8,2505,2711
22160,NSE-DLKV,10192,30,2729,2739
22160,NSE-CARD,9698,50,3078,3088
22160,NSE-DLKV,10190,10,2731,2740
22209,NSE-OIT,10013,41,3038,3047
22209,NSE-OIT,10015,9,3040,3047
22209,NSE-CARD,9697,8,3080,3091
22209,NSE-OIT,10015,8,3040,3048
22209,NSE-SIMP,9978,8,2676,2689
22221,NSE-ZABA,9903,9,2641,2654
22221,NSE-ZABA,9905,1,2527,2655
22221,NSE-ZABA,9905,7,2583,2655
22221,NSE-CARD,9709,8,3074,3092
22221,NSE-DLKV,10193,8,1984,2743
22221,NSE-DLKV,10194,10,2150,2743
22221,NSE-DLKV,10195,8,1311,2743
22221,NSE-DLKV,10195,10,2702,2743
22222,NSE-ZABA,9905,1,2583,2656
22222,NSE-ZABA,9907,8,2653,2656
22222,NSE-ZABA,9908,8,2639,2656
22238,NSE-DLKV,10199,10,2743,2753
22238,NSE-CARD,9720,42,3092,3104
22238,NSE-CARD,9719,8,3094,3104
22259,NSE-DLKV,10199,1,2743,2754
22322,NSE-OIT,10003,8,2969,3062
22322,NSE-OIT,10001,8,2895,3062
22322,NSE-OIT,10000,1,2881,3062
22322,NSE-OIT,10000,8,2996,3062
22322,NSE-OIT,9994,8,2842,3062
22322,NSE-OIT,9991,8,2493,3062
22322,NSE-OIT,9987,8,2596,3062
22322,NSE-OIT,9986,1,2570,3062
22322,NSE-OIT,9986,7,2570,3064
22322,NSE-OIT,9970,93,2449,3064
22322,NSE-OIT,9970,150,2449,3066
22322,NSE-OIT,9970,7,2449,3068
22344,NSE-ZABA,9894,50,2667,2676
22364,NSE-OIT,9962,23,3068,3071
22364,NSE-DLKV,10202,50,2755,2765
22421,NSE-SIMP,9994,2,2702,2715
22421,NSE-CARD,9710,8,3107,3118
22421,NSE-DLKV,10203,8,2742,2766
22421,NSE-DLKV,10204,8,2690,2766
22421,NSE-DLKV,10204,8,2726,2766
22421,NSE-DLKV,10205,8,1687,2766
22421,NSE-DLKV,10206,8,1712,2766
22422,NSE-ZABA,9897,1,2677,2678
22422,NSE-ZABA,9910,8,2606,2678
22422,NSE-ZABA,9911,8,2101,2678
22422,NSE-ZABA,9911,33,2163,2678
22422,NSE-ZABA,9911,100,2163,2680
22422,NSE-ZABA,9911,17,2163,2682
22422,NSE-ZABA,9912,8,2043,2682
22422,NSE-ZABA,9912,8,2067,2682
22422,NSE-ZABA,9912,117,2235,2682
22422,NSE-ZABA,9912,133,2235,2684
22422,NSE-ZABA,9913,50,2126,2684
22422,NSE-ZABA,9913,17,2165,2684
22422,NSE-ZABA,9913,183,2165,2686
22422,NSE-ZABA,9914,8,1961,2686
22422,NSE-ZABA,9915,8,2009,2686
22422,NSE-ZABA,9915,51,2128,2686
22430,NSE-CARD,9721,10,3120,3129
22494,NSE-CARD,9719,8,3119,3132
22494,NSE-DLKV,10206,8,2766,2777
22494,NSE-OIT,9988,8,3074,3084
22521,NSE-CARD,9721,5,3120,3133
22525,NSE-ZABA,9915,50,2167,2690
22525,NSE-ZABA,9915,100,2167,2692
22525,NSE-ZABA,9915,100,2167,2694
22525,NSE-ZABA,9915,50,2185,2694
22525,NSE-ZABA,9915,50,2185,2696
22525,NSE-ZABA,9916,150,2223,2696
22525,NSE-ZABA,9916,50,2223,2698
22525,NSE-ZABA,9917,8,1936,2698
22525,NSE-ZABA,9917,150,2187,2698
22525,NSE-ZABA,9918,42,2225,2698
22525,NSE-ZITO,9845,50,2737,2750
22531,NSE-SIMP,9976,31,2729,2738
22549,NSE-OIT,9991,50,3087,3096
22550,NSE-SIMP,9976,1,2729,2740
22566,NSE-CARD,9709,50,3134,3146
22566,NSE-OIT,9992,50,3089,3097
22566,NSE-CARD,9711,50,3135,3147
22566,NSE-CARD,9708,50,3136,3150
22600,NSE-SIMP,9976,18,2729,2741
22600,NSE-SIMP,9977,7,2731,2741
22621,NSE-OIT,9989,4,3086,3099
22621,NSE-ZABA,9889,6,2688,2700
22621,NSE-SIMP,9993,8,2727,2742
22622,NSE-ZABA,9918,50,2225,2701
22622,NSE-ZABA,9918,100,2225,2703
22622,NSE-ZABA,9918,58,2225,2705
22622,NSE-ZABA,9918,8,2689,2705
22622,NSE-ZABA,9919,1,1742,2705
22622,NSE-ZABA,9919,83,2189,2705
22622,NSE-ZABA,9919,117,2189,2707
22622,NSE-ZABA,9921,83,2191,2707
22622,NSE-ZABA,9921,167,2191,2709
22622,NSE-ZITO,9834,50,2749,2762
22622,NSE-ZITO,9833,100,2751,2764
22622,NSE-ZITO,9827,1,2725,2766
22649,NSE-CARD,9715,30,3152,3161
22667,NSE-OIT,9984,50,3101,3110
22667,NSE-CARD,9715,20,3152,3162
22667,NSE-CARD,9716,30,3154,3162
22720,NSE-ZABA,9922,8,2709,2712
22720,NSE-ZITO,9824,8,2766,2772
22721,NSE-ZITO,9821,2,2599,2774
22721,NSE-ZITO,9821,6,2599,2775
22721,NSE-CARD,9713,5,3151,3166
22721,NSE-CARD,9734,8,3165,3167
22721,NSE-CARD,9740,1,3075,3167
22721,NSE-CARD,9753,8,3036,3167
22721,NSE-CARD,9760,8,2969,3167
22721,NSE-CARD,9767,10,3076,3167
22721,NSE-CARD,9772,10,3048,3167
22721,NSE-CARD,9778,5,3008,3167
22721,NSE-CARD,9778,3,3008,3169
22721,NSE-CARD,9779,10,3033,3169
22721,NSE-CARD,9779,10,3130,3169
22721,NSE-CARD,9784,10,3103,3169
22721,NSE-CARD,9788,10,3061,3169
22722,NSE-ZABA,9923,8,1619,2713
22722,NSE-ZABA,9923,8,1909,2713
22722,NSE-ZABA,9923,8,2550,2713
22722,NSE-ZABA,9924,8,1766,2713
22722,NSE-ZABA,9924,8,1885,2713
22722,NSE-ZABA,9925,1,1551,2713
22722,NSE-ZABA,9925,8,2381,2713
22722,NSE-ZABA,9927,1,1744,2713
22722,NSE-ZABA,9927,7,1744,2715
22722,NSE-ZABA,9927,8,1801,2715
22722,NSE-ZABA,9928,8,1826,2715
22722,NSE-ZABA,9930,8,1850,2715
22722,NSE-ZABA,9933,1,1362,2715
22722,NSE-ZABA,9934,8,1720,2715
22722,NSE-ZABA,9938,60,2211,2715
22722,NSE-ZABA,9938,140,2211,2717
22722,NSE-ZABA,9939,10,2197,2717
22722,NSE-ZABA,9939,90,2197,2719
22735,NSE-OIT,9985,1,3114,3123
22751,NSE-OIT,9985,49,3114,3124
22751,NSE-OIT,9986,1,3116,3124
22751,NSE-CARD,9807,50,3169,3178
22821,NSE-OIT,9983,4,3113,3127
22821,NSE-CARD,9810,8,3168,3179
22821,NSE-SIMP,9995,4,2757,2767
22821,NSE-ZABA,9939,1,2719,2723
22821,NSE-ZITO,9847,8,2776,2786
22822,NSE-ZITO,9847,42,2776,2788
22843,NSE-SIMP,9984,2,2769,2778
22858,NSE-OIT,9982,50,3129,3138
22858,NSE-CARD,9799,50,3180,3191
22894,NSE-CARD,9798,8,3182,3193
22894,NSE-ZITO,9841,8,2787,2798
22912,NSE-ZITO,9841,24,2787,2799
22921,NSE-DLKV,10203,8,2811,2822
22921,NSE-OIT,9998,8,3141,3142
22921,NSE-OIT,10001,8,3112,3142
22922,NSE-SIMP,9997,8,2671,2783
22922,NSE-ZITO,9841,18,2787,2801
22922,NSE-ZITO,9840,32,2789,2801
22922,NSE-ZITO,9840,68,2789,2803
22922,NSE-ZITO,9839,32,2791,2803
22922,NSE-ZITO,9839,118,2791,2805
23021,NSE-ZABA,9914,4,2737,2747
23021,NSE-CARD,9812,8,2550,3205
23021,NSE-SIMP,9995,50,2793,2796
23021,NSE-SIMP,9979,8,2780,2798
23057,NSE-SIMP,9978,10,2798,2805
23057,NSE-ZABA,9936,50,2748,2759
23057,NSE-DLKV,10202,1,2833,2844
23057,NSE-CARD,9818,10,3205,3217
23074,NSE-CARD,9818,32,3205,3219
23074,NSE-CARD,9817,18,3207,3219
23074,NSE-OIT,9985,50,3154,3165
23090,NSE-CARD,9817,8,3207,3221
23121,NSE-DLKV,10202,1,2833,2847
23121,NSE-OIT,9984,1,3156,3168
23121,NSE-DLKV,10192,8,2798,2849
23121,NSE-SIMP,9977,8,2754,2810
23121,NSE-ZABA,9937,8,2735,2762
23121,NSE-ZABA,9940,42,2213,2762
23121,NSE-ZABA,9940,100,2213,2764
23121,NSE-ZABA,9940,108,2213,2766
23121,NSE-ZABA,9941,42,2199,2766
23121,NSE-ZABA,9941,108,2199,2768
23121,NSE-ZABA,9943,92,2201,2768
23121,NSE-ZABA,9943,108,2201,2770
23121,NSE-ZABA,9945,142,2203,2770
23122,NSE-ZITO,9828,50,2800,2823
23122,NSE-ZITO,9828,50,2810,2825
23122,NSE-ZITO,9827,50,2802,2825
23122,NSE-ZITO,9827,50,2802,2827
23122,NSE-ZITO,9827,100,2812,2827
23122,NSE-ZITO,9827,8,2820,2829
23122,NSE-ZITO,9826,150,2804,2829
23122,NSE-ZITO,9826,42,2814,2829
23122,NSE-ZITO,9826,108,2814,2831
23122,NSE-ZITO,9825,142,2816,2831
23152,NSE-SIMP,9977,23,2810,2820
23152,NSE-OIT,9992,50,3170,3179
23152,NSE-CARD,9799,10,3216,3233
23152,NSE-CARD,9799,40,3222,3233
23221,NSE-DLKV,10191,6,2849,2858
23221,NSE-CARD,9799,7,3222,3234
23221,NSE-DLKV,10185,8,2845,2860
23221,NSE-DLKV,10181,8,2820,2860
23221,NSE-OIT,9972,8,3111,3183
23221,NSE-OIT,9968,8,3140,3183
23222,NSE-CARD,9813,1,3235,3245
23222,NSE-ZABA,9931,1,2773,2783
23321,NSE-SIMP,9986,4,2823,2832
23321,NSE-CARD,9815,6,3236,3246
23321,NSE-DLKV,10176,8,2776,2869
23321,NSE-DLKV,10173,8,2689,2871
23321,NSE-DLKV,10173,8,2725,2871
23321,NSE-DLKV,10172,8,2741,2871
23321,NSE-SIMP,9997,8,2808,2833
23322,NSE-ZITO,9825,50,2816,2844
23322,NSE-ZITO,9825,8,2816,2846
23322,NSE-ZITO,9825,50,2833,2846
23322,NSE-ZITO,9824,42,2818,2846
23322,NSE-ZITO,9824,150,2818,2848
23322,NSE-ZITO,9824,58,2818,2850
23322,NSE-ZITO,9824,100,2835,2850
23322,NSE-ZITO,9823,42,2837,2850
23322,NSE-ZITO,9823,108,2837,2852
23322,NSE-ZITO,9822,142,2839,2852
23325,NSE-OIT,9975,50,3193,3202
23355,NSE-ZABA,9941,50,2784,2794
23421,NSE-ZABA,9945,8,2761,2795
23421,NSE-ZABA,9945,1,2785,2795
23421,NSE-OIT,9976,9,3195,3205
23421,NSE-SIMP,10005,1,2833,2845
23421,NSE-OIT,9976,2,3195,3206
23423,NSE-ZITO,9822,50,2839,2855
23423,NSE-ZITO,9822,8,2839,2857
23423,NSE-ZITO,9821,8,2713,2857
23423,NSE-ZITO,9821,8,2747,2857
23423,NSE-ZITO,9821,76,2841,2857
23423,NSE-ZITO,9821,150,2841,2859
23423,NSE-ZITO,9821,24,2841,2861
23423,NSE-ZITO,9820,8,2560,2861
23423,NSE-ZITO,9820,50,2761,2861
23423,NSE-ZITO,9819,100,2763,2861
23423,NSE-ZITO,9818,18,2765,2861
23423,NSE-ZITO,9818,132,2765,2863
23521,NSE-ZABA,9946,5,1326,2806
23521,NSE-DLKV,10159,8,2880,2890
23521,NSE-CARD,9805,4,3259,3269
23522,NSE-ZITO,9814,8,2533,2865
23522,NSE-ZITO,9813,42,2822,2865
23522,NSE-ZITO,9813,8,2822,2867
23522,NSE-ZITO,9812,92,2824,2867
23522,NSE-ZITO,9812,8,2824,2869
23545,NSE-DLKV,10186,8,2892,2901
23545,NSE-ZITO,9812,8,2869,2874
23607,NSE-ZITO,9812,50,2869,2876
23607,NSE-CARD,9812,50,3270,3282
23607,NSE-OIT,9992,50,3217,3232
23621,NSE-ZITO,9812,6,2869,2877
23621,NSE-ZITO,9812,1,2869,2878
23621,NSE-OIT,9994,7,3218,3233
23622,NSE-ZITO,9811,50,2467,2880
23622,NSE-ZITO,9811,100,2826,2882
23622,NSE-ZITO,9811,50,2826,2884
23622,NSE-ZITO,9810,100,2469,2884
23622,NSE-ZITO,9810,200,2828,2886
23622,NSE-ZITO,9810,150,2847,2888
23622,NSE-ZITO,9809,100,2471,2888
23626,NSE-CARD,9829,49,3283,3293
23647,NSE-CARD,9829,1,3283,3295
23647,NSE-CARD,9828,49,3285,3295
23647,NSE-OIT,9974,50,3234,3246
23667,NSE-CARD,9828,8,3285,3297
23686,NSE-OIT,9976,50,3235,3249
23686,NSE-OIT,9973,50,3236,3250
23702,NSE-OIT,9973,50,3236,3252
23721,NSE-ZABA,9928,8,2819,2832
23721,NSE-OIT,9977,8,3237,3253
23721,NSE-DLKV,10174,2,2904,2916
23722,NSE-CARD,9803,8,3280,3301
23722,NSE-CARD,9799,8,3296,3301
23722,NSE-CARD,9784,8,3220,3301
23722,NSE-CARD,9716,1,3215,3301
23722,NSE-CARD,9705,8,3164,3301
23722,NSE-CARD,9699,8,3192,3301
23722,NSE-CARD,9695,1,3105,3301
23722,NSE-DLKV,10163,1,2915,2918
23722,NSE-DLKV,10162,8,2913,2918
23722,NSE-DLKV,10158,10,2843,2918
23722,NSE-DLKV,10152,1,2676,2918
23722,NSE-DLKV,10148,8,2661,2918
23722,NSE-OIT,9970,8,3227,3255
23722,NSE-OIT,9967,1,3229,3255
23722,NSE-OIT,9966,8,3166,3255
23722,NSE-SIMP,9981,50,2854,2882
23722,NSE-SIMP,9981,100,2854,2884
23722,NSE-SIMP,9981,100,2854,2886
23722,NSE-SIMP,9981,50,2865,2886
23722,NSE-SIMP,9981,200,2865,2888
23723,NSE-ZABA,9946,3,1326,2833
23723,NSE-ZABA,9947,8,2831,2833
23723,NSE-ZITO,9811,8,2890,2893
23723,NSE-ZITO,9809,42,2471,2893
23723,NSE-ZITO,9809,8,2471,2895
23723,NSE-ZITO,9809,8,2637,2895
23723,NSE-ZITO,9809,84,2830,2895
23747,NSE-OIT,9955,33,3255,3264
23747,NSE-OIT,9956,17,3257,3264
23747,NSE-CARD,9690,8,3301,3310
23747,NSE-CARD,9691,42,3303,3310
23792,NSE-SIMP,9982,50,2890,2891
23792,NSE-OIT,9956,50,3257,3266
23792,NSE-ZABA,9949,39,2833,2843
23792,NSE-ZABA,9947,11,2835,2843
23792,NSE-SIMP,9982,50,2890,2892
23792,NSE-CARD,9691,50,3303,3312
23821,NSE-ZITO,9809,5,2830,2904
23821,NSE-OIT,9953,6,3254,3267
23821,NSE-CARD,9683,8,3131,3314
23821,NSE-OIT,9981,8,3248,3268
23821,NSE-OIT,9996,8,3167,3268
23821,NSE-OIT,10000,8,3228,3268
23822,NSE-ZABA,9950,8,2818,2844
23822,NSE-ZITO,9809,50,2830,2906
23822,NSE-ZITO,9809,100,2830,2908
23822,NSE-ZITO,9809,11,2830,2910
23822,NSE-ZITO,9809,139,2849,2910
23822,NSE-ZITO,9809,61,2849,2912
23822,NSE-ZITO,9809,139,2858,2912
23822,NSE-ZITO,9809,11,2858,2914
23822,NSE-ZITO,9808,200,2473,2914
23822,NSE-ZITO,9808,39,2851,2914
23864,NSE-ZITO,9810,50,2897,2915
23864,NSE-OIT,10003,26,3268,3279
23864,NSE-OIT,10001,24,3270,3279
23878,NSE-CARD,9683,8,3314,3323
23878,NSE-OIT,10001,8,3270,3281
23878,NSE-ZABA,9956,8,2844,2855
23921,NSE-OIT,10007,7,3269,3282
23921,NSE-ZITO,9808,3,2851,2919
23922,NSE-CARD,9679,8,3073,3327
23922,NSE-OIT,9959,8,3280,3284
23922,NSE-OIT,9951,8,3247,3284
23922,NSE-SIMP,9990,50,2864,2905
23922,NSE-SIMP,9990,100,2864,2907
23922,NSE-SIMP,9990,50,2864,2909
23922,NSE-SIMP,9991,100,2855,2909
23922,NSE-SIMP,9991,150,2855,2911
23922,NSE-SIMP,9991,50,2866,2911
23922,NSE-SIMP,9991,200,2866,2913
23922,NSE-SIMP,9992,8,2868,2913
23922,NSE-SIMP,9999,8,2880,2913
23922,NSE-SIMP,10000,8,2904,2913
23923,NSE-ZITO,9808,50,2851,2921
23923,NSE-ZITO,9808,100,2851,2923
23923,NSE-ZITO,9808,58,2851,2925
23923,NSE-ZITO,9808,92,2860,2925
23923,NSE-ZITO,9808,108,2860,2927
23923,NSE-ZITO,9807,8,2797,2927
23923,NSE-ZITO,9807,84,2862,2927
23923,NSE-ZITO,9807,166,2862,2929
23923,NSE-ZITO,9805,84,2870,2929
23923,NSE-ZABA,9959,50,2856,2866
23923,NSE-OIT,9948,34,3284,3293
23923,NSE-OIT,9949,16,3286,3293
23957,NSE-OIT,9949,50,3286,3294
23957,NSE-CARD,9664,42,3327,3336
23957,NSE-CARD,9665,8,3329,3336
24011,NSE-ZABA,9957,35,2858,2867
24011,NSE-CARD,9665,10,3329,3338
24021,NSE-DLKV,10179,1,2940,2950
24021,NSE-CARD,9665,7,3329,3340
24021,NSE-DLKV,10187,8,2938,2951
24021,NSE-DLKV,10193,8,2914,2951
24022,NSE-ZITO,9805,50,2870,2933
24022,NSE-ZITO,9805,66,2870,2935
24022,NSE-ZITO,9805,34,2894,2935
24022,NSE-ZITO,9805,66,2894,2937
24022,NSE-ZITO,9804,8,2478,2937
24022,NSE-ZITO,9804,76,2872,2937
24022,NSE-ZITO,9804,174,2872,2939
24022,NSE-ZITO,9804,26,2896,2939
24022,NSE-ZITO,9804,124,2896,2941
24022,NSE-ZITO,9803,8,2442,2941
24022,NSE-ZITO,9803,1,2490,2941
24022,NSE-ZITO,9803,117,2898,2941
24026,NSE-ZABA,9944,1,2869,2879
24041,NSE-OIT,9958,50,3297,3306
24041,NSE-CARD,9682,50,3342,3351
24121,NSE-ZITO,9803,6,2898,2942
24122,NSE-ZITO,9803,50,2898,2944
24122,NSE-ZITO,9803,27,2898,2946
24122,NSE-ZITO,9802,73,2900,2946
24122,NSE-ZITO,9802,150,2900,2948
24122,NSE-ZITO,9802,27,2900,2950
24122,NSE-ZITO,9801,150,2384,2950
24122,NSE-ZITO,9800,23,2386,2950
24122,NSE-ZITO,9800,177,2386,2952
24122,NSE-ZITO,9800,73,2881,2952
24135,NSE-CARD,9661,8,3354,3363
24151,NSE-CARD,9661,42,3354,3364
24151,NSE-CARD,9662,8,3356,3364
24151,NSE-OIT,9968,50,3309,3321
24198,NSE-CARD,9662,1,3356,3366
24198,NSE-DLKV,10199,1,2961,2971
24221,NSE-CARD,9659,5,3353,3367
24221,NSE-CARD,9659,7,3353,3368
24232,NSE-ZITO,9809,50,2954,2964
24232,NSE-CARD,9678,50,3370,3379
24232,NSE-OIT,9970,50,3322,3333
24232,NSE-CARD,9679,10,3372,3381
24273,NSE-DLKV,10189,8,2972,2983
24273,NSE-OIT,9972,8,3323,3334
24321,NSE-ZITO,9810,9,2897,2967
24321,NSE-SIMP,10000,8,2950,2951
24322,NSE-ZITO,9810,50,2897,2968
24322,NSE-ZITO,9810,41,2897,2970
24322,NSE-ZITO,9810,59,2956,2970
24322,NSE-ZITO,9810,41,2956,2972
24322,NSE-ZITO,9811,109,2899,2972
24322,NSE-ZITO,9811,91,2899,2974
24322,NSE-ZITO,9811,109,2958,2974
24350,NSE-OIT,9952,1,3337,3346
24350,NSE-ZITO,9810,1,2976,2979
24368,NSE-OIT,9952,49,3337,3347
24368,NSE-OIT,9953,1,3339,3347
24368,NSE-CARD,9675,50,3385,3397
24410,NSE-ZITO,9810,50,2976,2981
24410,NSE-ZABA,9947,49,2904,2914
24421,NSE-OIT,9950,5,3336,3350
24422,NSE-ZABA,9943,8,2902,2916
24422,NSE-ZITO,9811,41,2958,2982
24422,NSE-ZITO,9812,9,2869,2982
24422,NSE-ZITO,9812,68,2869,2984
24422,NSE-ZITO,9812,32,2901,2984
24422,NSE-ZITO,9812,150,2901,2986
24422,NSE-ZITO,9812,68,2901,2988
24422,NSE-ZITO,9812,132,2960,2988
24422,NSE-ZITO,9812,68,2960,2990
24436,NSE-SIMP,9998,50,2962,2971
24436,NSE-CARD,9676,10,3399,3408
24450,NSE-OIT,9946,50,3352,3361
24450,NSE-CARD,9676,40,3399,3410
24450,NSE-CARD,9677,10,3401,3410
24499,NSE-OIT,9947,8,3354,3363
24521,NSE-DLKV,10202,4,2994,3006
24521,NSE-OIT,9944,9,3351,3365
24522,NSE-ZITO,9813,50,2871,2995
24522,NSE-ZITO,9813,100,2871,2997
24522,NSE-ZITO,9813,50,2871,2999
24522,NSE-ZITO,9814,100,2873,2999
24522,NSE-ZITO,9814,150,2873,3001
24522,NSE-CARD,9678,10,3415,3425
24522,NSE-SIMP,10004,4,2975,2984
24546,NSE-ZITO,9815,50,3001,3005
24571,NSE-CARD,9676,50,3414,3428
24571,NSE-OIT,9962,50,3366,3378
24621,NSE-OIT,9961,6,3368,3379
24621,NSE-ZABA,9941,8,2927,2938
24621,NSE-ZITO,9816,10,2969,3007
24621,NSE-CARD,9667,8,3383,3430
24621,NSE-CARD,9662,8,3412,3430
24621,NSE-DLKV,10206,8,3005,3017
24621,NSE-DLKV,10212,8,2821,3017
24621,NSE-DLKV,10216,8,2846,3017
24621,NSE-DLKV,10219,8,2902,3017
24622,NSE-SIMP,10007,8,2755,2986
24622,NSE-ZITO,9807,50,2953,3009
24622,NSE-ZITO,9806,100,2955,3011
24622,NSE-ZITO,9805,150,2957,3013
24622,NSE-ZITO,9804,200,2959,3015
24622,NSE-ZITO,9804,1,2978,3017
24645,NSE-CARD,9654,20,3430,3439
24665,NSE-ZITO,9804,50,3017,3018
24665,NSE-CARD,9654,14,3430,3441
24665,NSE-CARD,9655,36,3432,3441
24665,NSE-OIT,9958,50,3380,3391
24681,NSE-CARD,9655,8,3432,3443
24681,NSE-DLKV,10221,8,3017,3028
24714,NSE-CARD,9655,50,3432,3445
24714,NSE-ZABA,9950,8,2939,2951
24721,NSE-CARD,9690,8,3444,3446
24721,NSE-CARD,9692,8,3413,3446
24721,NSE-CARD,9696,8,3384,3446
24721,NSE-CARD,9782,10,3339,3446
24721,NSE-CARD,9782,10,3382,3446
24721,NSE-CARD,9786,6,3409,3446
24721,NSE-CARD,9786,4,3409,3448
24721,NSE-CARD,9828,1,3325,3448
24721,NSE-CARD,9833,8,3281,3448
24721,NSE-CARD,9844,8,3324,3448
24721,NSE-CARD,9847,10,2518,3448
24722,NSE-DLKV,10221,10,3017,3030
24722,NSE-ZABA,9937,8,2925,2953
24722,NSE-ZABA,9934,8,2949,2953
24723,NSE-ZITO,9800,27,2881,3024
24723,NSE-ZITO,9799,23,2883,3024
24723,NSE-ZITO,9799,100,2883,3026
24723,NSE-ZITO,9799,27,2883,3028
24821,NSE-CARD,9850,8,2523,3457
24821,NSE-CARD,9851,8,2435,3457
24821,NSE-CARD,9853,8,2492,3457
24822,NSE-SIMP,10008,8,2781,3009
24822,NSE-SIMP,10009,8,2636,3009
24822,NSE-SIMP,10013,8,2973,3009
24822,NSE-SIMP,10021,8,2997,3009
24822,NSE-SIMP,10022,8,2541,3009
24822,NSE-SIMP,10027,8,2430,3009
24822,NSE-SIMP,10027,2,2515,3009
24822,NSE-SIMP,10027,6,2515,3011
24822,NSE-ZABA,9937,1,2962,2963
24822,NSE-ZITO,9798,50,2885,3034
24822,NSE-ZITO,9798,100,2885,3036
24822,NSE-ZITO,9798,50,2885,3038
24822,NSE-ZITO,9798,50,3008,3038
24822,NSE-ZITO,9797,50,2887,3038
24822,NSE-ZITO,9797,200,2887,3040
24822,NSE-ZITO,9796,8,2917,3042
24822,NSE-ZITO,9795,8,3020,3042
24822,NSE-ZITO,9794,50,2943,3042
24822,NSE-ZITO,9794,8,2965,3042
24822,NSE-ZITO,9793,100,2945,3042
24822,NSE-ZITO,9793,8,2993,3042
24822,NSE-ZITO,9792,50,2905,3042
24822,NSE-ZITO,9792,18,2947,3042
24864,NSE-CARD,9854,8,3457,3468
24864,NSE-SIMP,10028,8,3011,3020
24921,NSE-CARD,9854,2,3457,3469
24921,NSE-OIT,9944,9,3405,3418
24921,NSE-CARD,9865,10,2380,3470
24921,NSE-DLKV,10216,50,3040,3051
24921,NSE-DLKV,10218,100,3042,3053
24921,NSE-DLKV,10219,40,3030,3055
24921,NSE-DLKV,10221,100,3032,3055
24921,NSE-DLKV,10223,8,2799,3055
24921,NSE-OIT,9966,8,3393,3419
24921,NSE-OIT,9973,8,3417,3419
24921,NSE-ZITO,9792,50,2947,3046
24921,NSE-ZITO,9792,82,2947,3048
24921,NSE-ZITO,9791,18,2907,3048
24921,NSE-ZITO,9791,82,2907,3050
24921,NSE-ZITO,9791,50,2920,3050
24921,NSE-ZITO,9790,18,2909,3050
24921,NSE-ZITO,9790,132,2909,3052
24921,NSE-ZITO,9790,68,2922,3052
24984,NSE-DLKV,10223,2,3055,3061
24984,NSE-DLKV,10221,8,3057,3061
25021,NSE-OIT,9974,1,3419,3430
25021,NSE-ZABA,9949,5,2975,2986
25021,NSE-OIT,9985,8,3364,3431
25022,NSE-ZITO,9816,40,2969,3056
25022,NSE-ZITO,9816,8,3044,3056
25022,NSE-ZITO,9817,2,2863,3056
25022,NSE-ZITO,9817,100,2863,3058
25022,NSE-ZITO,9817,16,2863,3060
25022,NSE-ZITO,9818,50,2983,3060
25041,NSE-CARD,9877,8,3481,3492
25041,NSE-OIT,9988,8,3431,3442
25041,NSE-ZABA,9939,8,2988,2997
25041,NSE-ZITO,9818,8,3060,3067
25114,NSE-ZITO,9818,50,3060,3068
25121,NSE-DLKV,10219,5,3063,3074
25121,NSE-ZITO,9822,10,3057,3069
25121,NSE-ZITO,9818,10,3060,3070
25121,NSE-DLKV,10219,45,3063,3075
25121,NSE-DLKV,10221,5,3065,3075
25121,NSE-DLKV,10221,95,3065,3077
25121,NSE-DLKV,10230,5,3073,3077
25221,NSE-DLKV,10230,3,3073,3085
25221,NSE-DLKV,10231,47,3052,3085
25221,NSE-SIMP,10013,8,3043,3057
25221,NSE-ZABA,9937,8,2973,3011
25222,NSE-ZITO,9790,32,2922,3082
25222,NSE-ZITO,9789,18,2911,3082
25222,NSE-ZITO,9789,100,2911,3084
25237,NSE-CARD,9853,8,3506,3516
25237,NSE-OIT,9964,8,3455,3464
25237,NSE-SIMP,10005,8,3057,3066
25237,NSE-ZITO,9790,8,3086,3091
25321,NSE-CARD,9840,8,3491,3519
25321,NSE-DLKV,10230,50,3087,3098
25321,NSE-DLKV,10230,50,3087,3100
25321,NSE-DLKV,10228,50,3079,3100
25321,NSE-DLKV,10228,100,3079,3102
25321,NSE-DLKV,10228,50,3089,3102
25321,NSE-DLKV,10228,100,3089,3104
25340,NSE-OIT,9965,50,3467,3476
25372,NSE-CARD,9834,50,3518,3529
25372,NSE-OIT,9963,50,3466,3478
25421,NSE-DLKV,10215,50,3029,3108
25421,NSE-DLKV,10215,50,3062,3110
25421,NSE-DLKV,10213,50,3031,3110
25421,NSE-DLKV,10213,50,3031,3112
25421,NSE-DLKV,10213,100,3064,3112
25421,NSE-DLKV,10212,50,3039,3114
25421,NSE-DLKV,10210,100,3041,3114
25421,NSE-SIMP,10029,8,2464,3079
25422,NSE-ZABA,9923,8,3020,3034
25422,NSE-ZABA,9920,8,2817,3034
25422,NSE-ZABA,9918,8,2830,3034
25422,NSE-ZABA,9916,8,2760,3034
25422,NSE-ZABA,9915,8,2854,3034
25422,NSE-ZABA,9907,8,2734,3034
25449,NSE-OIT,9954,42,3480,3489
25449,NSE-CARD,9839,42,3531,3540
25521,NSE-SIMP,10029,42,3079,3090
25521,NSE-SIMP,10028,100,3081,3090
25521,NSE-SIMP,10027,58,3083,3090
25521,NSE-CARD,9837,9,3530,3541
25521,NSE-ZABA,9890,1,2736,3044
25521,NSE-ZABA,9889,2,2688,3044
25521,NSE-ZABA,9889,5,3033,3044
25522,NSE-ZITO,9823,8,2966,3116
25522,NSE-ZITO,9823,8,2994,3116
25522,NSE-ZITO,9825,8,3021,3116
25522,NSE-ZITO,9826,8,2918,3116
25522,NSE-ZITO,9827,18,2834,3116
25522,NSE-ZITO,9827,32,2834,3118
25522,NSE-ZITO,9828,68,2836,3118
25522,NSE-ZITO,9828,32,2836,3120
25522,NSE-ZITO,9829,118,2838,3120
25589,NSE-OIT,9951,50,3491,3500
25589,NSE-CARD,9837,50,3542,3554
25621,NSE-CARD,9839,7,3543,3555
25621,NSE-CARD,9839,7,3543,3556
25621,NSE-DLKV,10208,50,3097,3128
25621,NSE-DLKV,10206,8,3049,3130
25621,NSE-DLKV,10206,92,3099,3130
25621,NSE-DLKV,10206,8,3099,3132
25621,NSE-DLKV,10206,50,3117,3132
25621,NSE-DLKV,10204,92,3101,3132
25621,NSE-DLKV,10204,58,3101,3134
25621,NSE-DLKV,10204,100,3119,3134
25621,NSE-DLKV,10202,42,3121,3134
25622,NSE-ZABA,9887,8,2711,3056
25622,NSE-ZABA,9880,8,2168,3056
25622,NSE-ZABA,9880,8,2605,3056
25701,NSE-OIT,9944,1,3503,3513
25721,NSE-CARD,9854,50,3504,3568
25721,NSE-CARD,9854,1,3567,3570
25721,NSE-CARD,9878,8,2408,3570
25721,NSE-CARD,9892,8,3517,3570
25721,NSE-CARD,9939,10,3456,3570
25721,NSE-CARD,9942,10,3426,3570
25721,NSE-CARD,9945,10,3440,3570
25721,NSE-CARD,10049,8,2343,3570
25721,NSE-CARD,10051,8,2367,3570
25721,NSE-CARD,10052,10,204,3570
25721,NSE-CARD,10060,10,191,3570
25721,NSE-CARD,10064,10,173,3570
25721,NSE-CARD,10069,7,155,3570
25721,NSE-CARD,10069,3,155,3572
25721,NSE-CARD,10071,10,140,3572
25721,NSE-CARD,10079,8,160,3572
25721,NSE-CARD,10084,10,143,3572
25721,NSE-CARD,10084,1,158,3572
25721,NSE-CARD,10086,8,128,3572
25763,NSE-OIT,9958,50,3516,3525
25763,NSE-CARD,10089,50,3572,3578
25771,NSE-ZABA,9882,2,3066,3075
25797,NSE-ZITO,9813,50,3140,3150
25797,NSE-CARD,10089,50,3572,3580
25797,NSE-OIT,9956,50,3515,3528
25797,NSE-OIT,9959,50,3518,3529
25797,NSE-CARD,10089,10,3572,3581
25797,NSE-CARD,10088,40,3574,3581
25812,NSE-OIT,9959,50,3518,3532
25812,NSE-ZITO,9814,50,3142,3152
25812,NSE-OIT,9955,50,3517,3536
25812,NSE-ZITO,9811,1,3139,3154
25821,NSE-ZABA,9878,7,2145,3077
25821,NSE-CARD,10088,1,3574,3582
25821,NSE-DLKV,10203,50,3136,3149
25821,NSE-DLKV,10203,100,3136,3151
25821,NSE-DLKV,10203,100,3136,3153
25821,NSE-DLKV,10204,50,3139,3153
25821,NSE-DLKV,10206,100,3141,3155
25821,NSE-SIMP,10008,1,3113,3127
25826,NSE-CARD,10076,8,3583,3594
25826,NSE-DLKV,10208,8,3143,3159
25826,NSE-ZABA,9900,8,3079,3088
25826,NSE-ZITO,9816,8,3155,3166
25848,NSE-OIT,9974,50,3537,3550
25871,NSE-OIT,9973,50,3539,3552
25913,NSE-ZITO,9818,50,3156,3169
25914,NSE-OIT,9973,50,3539,3554
25914,NSE-ZITO,9819,50,3158,3171
25914,NSE-ZITO,9816,42,3155,3173
25914,NSE-ZITO,9815,8,3157,3173
25921,NSE-SIMP,10004,2,3126,3139
25921,NSE-ZABA,9900,1,3079,3090
25921,NSE-DLKV,10208,50,3143,3161
25921,NSE-DLKV,10208,92,3143,3163
25921,NSE-DLKV,10208,1,3148,3163
25921,NSE-DLKV,10210,7,3114,3163
25921,NSE-DLKV,10210,43,3114,3165
25921,NSE-DLKV,10210,50,3118,3165
25921,NSE-DLKV,10210,57,3145,3165
25921,NSE-DLKV,10210,143,3145,3167
25921,NSE-DLKV,10212,57,3120,3167
25921,NSE-OIT,9977,8,3548,3556
25923,NSE-OIT,9977,42,3556,3566
25923,NSE-OIT,9976,8,3558,3566
26008,NSE-SIMP,10000,49,3141,3151
26008,NSE-SIMP,10000,1,3141,3152
26008,NSE-SIMP,10001,9,3143,3152
26018,NSE-ZITO,9818,50,3175,3187
26021,NSE-DLKV,10212,4,3120,3171
26021,NSE-ZABA,9918,1,3091,3102
26021,NSE-CARD,10091,8,207,3610
26021,NSE-CARD,10095,8,99,3610
26021,NSE-CARD,10103,8,71,3610
26021,NSE-CARD,10104,8,22,3610
26021,NSE-CARD,10104,8,46,3610
26021,NSE-OIT,9986,10,3567,3571
26021,NSE-OIT,9988,1,3514,3571
26022,NSE-ZITO,9819,50,3177,3188
26022,NSE-ZITO,9819,50,3177,3190
26022,NSE-ZITO,9820,50,3179,3190
26022,NSE-ZITO,9820,100,3179,3192
26022,NSE-ZITO,9821,50,3162,3192
26022,NSE-ZITO,9821,150,3162,3194
26022,NSE-ZITO,9821,50,3181,3194
26022,NSE-ZITO,9821,150,3181,3196
26022,NSE-ZITO,9822,100,3164,3196
26040,NSE-CARD,10104,10,3610,3620
26040,NSE-CARD,10103,40,3612,3620
26121,NSE-DLKV,10211,8,3173,3182
26122,NSE-ZITO,9822,50,3164,3198
26122,NSE-ZITO,9822,100,3164,3200
26122,NSE-ZITO,9829,32,2838,3202
26122,NSE-ZITO,9830,50,2811,3202
26122,NSE-ZITO,9830,68,2840,3202
26122,NSE-ZITO,9830,132,2840,3204
26122,NSE-ZITO,9831,68,2813,3204
26122,NSE-ZITO,9831,32,2813,3206
26122,NSE-ZITO,9831,218,2842,3206
26164,NSE-SIMP,9994,50,3166,3175
26164,NSE-ZITO,9816,42,3174,3208
26221,NSE-ZITO,9816,2,3174,3209
26221,NSE-DLKV,10207,50,3155,3194
26221,NSE-DLKV,10207,50,3155,3196
26221,NSE-DLKV,10205,50,3157,3196
26221,NSE-DLKV,10205,150,3157,3198
26221,NSE-DLKV,10205,50,3157,3200
26221,NSE-DLKV,10202,108,3121,3200
26221,NSE-DLKV,10201,8,3095,3200
26221,NSE-DLKV,10200,8,3072,3200
26221,NSE-DLKV,10200,26,3107,3200
26221,NSE-SIMP,9992,8,3019,3178
26221,NSE-SIMP,9990,8,2996,3178
26221,NSE-SIMP,9988,8,3136,3178
26221,NSE-SIMP,9987,1,2938,3178
26255,NSE-OIT,9962,50,3593,3602
26285,NSE-CARD,10096,50,3631,3641
26285,NSE-SIMP,9986,25,3178,3187
26285,NSE-SIMP,9987,25,3180,3187
26285,NSE-ZITO,9823,50,3210,3220
26303,NSE-SIMP,9987,1,3180,3188
26303,NSE-CARD,10095,1,3633,3642
26303,NSE-CARD,10095,8,3633,3644
26303,NSE-SIMP,9987,8,3180,3189
26303,NSE-SIMP,9987,5,3180,3191
26303,NSE-OIT,9963,50,3595,3607
26303,NSE-ZITO,9822,50,3212,3223
26321,NSE-ZITO,9822,8,3212,3224
26321,NSE-OIT,9960,8,3592,3608
26321,NSE-DLKV,10200,24,3107,3206
26321,NSE-DLKV,10200,26,3123,3206
26321,NSE-DLKV,10200,100,3123,3208
26321,NSE-DLKV,10200,74,3123,3210
26321,NSE-DLKV,10198,76,3109,3210
26322,NSE-OIT,9965,8,3605,3609
26409,NSE-CARD,10096,50,3645,3655
26409,NSE-SIMP,9989,50,3194,3203
26421,NSE-ZABA,9911,3,3137,3148
26421,NSE-ZABA,9911,5,3137,3149
26421,NSE-SIMP,9990,9,3196,3204
26421,NSE-DLKV,10212,39,3120,3215
26421,NSE-DLKV,10212,11,3147,3215
26421,NSE-DLKV,10212,100,3147,3217
26421,NSE-DLKV,10212,139,3147,3219
26421,NSE-DLKV,10214,11,3122,3219
26421,NSE-ZABA,9914,8,3136,3150
26421,NSE-ZABA,9932,1,3076,3150
26421,NSE-ZABA,9948,8,3089,3150
26422,NSE-ZITO,9825,50,3211,3235
26422,NSE-ZITO,9826,100,3213,3237
26422,NSE-ZITO,9831,32,2842,3239
26438,NSE-OIT,9969,50,3620,3631
26438,NSE-ZITO,9831,50,3239,3245
26438,NSE-OIT,9968,50,3622,3632
26438,NSE-SIMP,10000,10,3206,3216
26438,NSE-DLKV,10212,10,3221,3226
26521,NSE-DLKV,10214,8,3122,3227
26521,NSE-SIMP,10000,3,3206,3218
26521,NSE-SIMP,9984,8,2972,3220
26523,NSE-ZITO,9829,50,3246,3256
26538,NSE-ZABA,9922,1,3160,3170
26591,NSE-SIMP,9980,40,3220,3230
26591,NSE-SIMP,9980,2,3220,3231
26591,NSE-SIMP,9981,8,3222,3231
26605,NSE-OIT,9970,50,3635,3645
26605,NSE-ZITO,9828,50,3248,3258
26606,NSE-OIT,9971,50,3637,3647
26606,NSE-ZITO,9831,50,3247,3259
26621,NSE-CARD,10093,7,3667,3678
26621,NSE-DLKV,10198,24,3109,3241
26621,NSE-DLKV,10198,26,3125,3241
26621,NSE-DLKV,10198,100,3125,3243
26621,NSE-DLKV,10198,124,3125,3245
26621,NSE-DLKV,10198,26,3140,3245
26621,NSE-DLKV,10198,74,3140,3247
26622,NSE-ZITO,9832,50,2815,3261
26622,NSE-ZITO,9832,100,2815,3263
26622,NSE-ZITO,9832,50,3189,3265
26622,NSE-ZITO,9832,100,3249,3265
26622,NSE-ZITO,9833,200,2817,3267
26622,NSE-ZITO,9833,100,3191,3269
26622,NSE-ZITO,9834,8,3092,3269
26642,NSE-ZABA,9915,50,3171,3181
26659,NSE-DLKV,10198,1,3247,3250
26659,NSE-CARD,10086,1,3679,3689
26659,NSE-SIMP,9994,1,3234,3244
26659,NSE-OIT,9967,1,3649,3658
26699,NSE-OIT,9967,49,3649,3659
26699,NSE-OIT,9968,1,3651,3659
26707,NSE-ZITO,9834,50,3269,3272
26721,NSE-CARD,10088,9,3680,3690
26721,NSE-ZABA,9919,9,3172,3182
26721,NSE-CARD,10088,1,3680,3691
26721,NSE-DLKV,10197,8,3228,3251
26721,NSE-DLKV,10197,42,3228,3253
26721,NSE-DLKV,10196,8,3111,3253
26721,NSE-DLKV,10196,100,3111,3255
26721,NSE-DLKV,10196,42,3111,3257
26721,NSE-DLKV,10196,108,3142,3257
26721,NSE-DLKV,10196,42,3142,3259
26721,NSE-DLKV,10194,158,3113,3259
26721,NSE-DLKV,10194,42,3113,3261
26721,NSE-DLKV,10194,200,3144,3261
26721,NSE-DLKV,10193,8,3203,3261
26722,NSE-ZITO,9828,50,3248,3274
26722,NSE-ZITO,9822,42,3212,3276
26722,NSE-ZITO,9821,58,3214,3276
26722,NSE-ZITO,9821,92,3214,3278
26722,NSE-ZITO,9816,6,3174,3278
26722,NSE-ZITO,9815,52,3176,3278
26722,NSE-ZITO,9815,48,3176,3280
26722,NSE-ZITO,9814,150,3178,3280
26722,NSE-ZITO,9813,2,3161,3280
26765,NSE-ZABA,9928,49,3183,3193
26793,NSE-OIT,9962,50,3664,3673
26793,NSE-ZITO,9814,50,3282,3284
26821,NSE-OIT,9960,6,3663,3676
26821,NSE-CARD,9881,1,3692,3702
26821,NSE-OIT,9963,9,3666,3677
26821,NSE-SIMP,10000,6,3256,3259
26822,NSE-DLKV,10192,50,3146,3263
26822,NSE-DLKV,10192,100,3146,3265
26822,NSE-SIMP,10000,44,3256,3261
26822,NSE-ZITO,9835,50,3236,3286
26851,NSE-ZITO,9836,1,3288,3296
26871,NSE-ZITO,9836,35,3288,3297
26895,NSE-OIT,9950,50,3679,3688
26921,NSE-ZABA,9919,2,3194,3204
26921,NSE-DLKV,10194,50,3267,3272
26921,NSE-DLKV,10194,100,3267,3274
26985,NSE-ZITO,9822,50,3300,3309
26985,NSE-CARD,9884,50,3715,3724
26985,NSE-OIT,9972,50,3690,3701
27021,NSE-ZITO,9820,9,3299,3311
27021,NSE-DLKV,10196,50,3269,3282
27021,NSE-DLKV,10196,100,3269,3284
27021,NSE-DLKV,10196,50,3269,3286
27081,NSE-OIT,9964,50,3703,3713
27093,NSE-CARD,9890,50,3725,3736
27093,NSE-SIMP,9990,6,3282,3291
27121,NSE-ZABA,9922,10,3216,3226
27221,NSE-DLKV,10200,1,3238,3302
27221,NSE-DLKV,10201,49,3273,3302
27221,NSE-DLKV,10201,1,3273,3304
27221,NSE-DLKV,10201,50,3293,3304
27221,NSE-DLKV,10203,49,3275,3304
27221,NSE-SIMP,9978,1,2844,3303
27222,NSE-ZITO,9837,50,3199,3333
27222,NSE-ZITO,9838,100,3201,3335
27222,NSE-ZITO,9840,8,2891,3337
27222,NSE-ZITO,9843,8,2788,3337
27222,NSE-ZITO,9843,8,2875,3337
27222,NSE-ZITO,9843,8,3222,3337
27222,NSE-ZITO,9844,100,2790,3337
27222,NSE-ZITO,9845,18,2792,3337
27222,NSE-ZITO,9845,132,2792,3339
27268,NSE-CARD,9883,50,3748,3757
27268,NSE-OIT,9980,50,3726,3737
27321,NSE-OIT,9982,6,3727,3738
27321,NSE-OIT,9982,1,3727,3739
27321,NSE-CARD,9881,2,3747,3758
27321,NSE-DLKV,10203,50,3275,3312
27321,NSE-DLKV,10203,1,3275,3314
27321,NSE-DLKV,10203,99,3295,3314
27321,NSE-DLKV,10203,1,3295,3316
27321,NSE-DLKV,10205,149,3277,3316
27321,NSE-DLKV,10205,1,3277,3318
27321,NSE-DLKV,10205,50,3283,3318
27321,NSE-DLKV,10205,149,3297,3318
27321,NSE-DLKV,10205,1,3297,3320
27322,NSE-OIT,9984,10,3606,3740
27322,NSE-OIT,9988,1,3619,3740
27322,NSE-OIT,9989,10,3633,3740
27322,NSE-OIT,9993,10,3512,3740
27322,NSE-OIT,9994,10,3644,3740
27327,NSE-ZITO,9819,1,3344,3353
27332,NSE-OIT,9995,9,3740,3751
27332,NSE-OIT,9994,41,3742,3751
27332,NSE-CARD,9879,50,3760,3769
27332,NSE-OIT,9994,50,3742,3752
27385,NSE-SIMP,9989,44,3314,3323
27401,NSE-CARD,9880,50,3762,3771
27401,NSE-OIT,9994,9,3742,3755
27401,NSE-OIT,9993,41,3744,3755
27421,NSE-SIMP,9989,6,3314,3325
27421,NSE-SIMP,9990,1,3316,3325
27421,NSE-ZITO,9819,8,3344,3356
27421,NSE-ZABA,9911,1,3248,3259
27439,NSE-DLKV,10205,1,3320,3332
27490,NSE-OIT,9975,50,3757,3766
27490,NSE-CARD,9868,50,3774,3783
27521,NSE-ZABA,9907,9,3261,3271
27521,NSE-SIMP,9989,6,3327,3338
27593,NSE-ZITO,9836,50,3367,3377
27593,NSE-CARD,9860,50,3786,3796
27593,NSE-OIT,9986,50,3770,3781
27593,NSE-SIMP,9988,13,3340,3350
27621,NSE-DLKV,10207,6,3279,3343
27621,NSE-CARD,9861,8,3788,3798
27621,NSE-DLKV,10205,50,3320,3345
27621,NSE-DLKV,10205,100,3320,3347
27621,NSE-DLKV,10205,98,3320,3349
27621,NSE-DLKV,10201,52,3306,3349
27621,NSE-DLKV,10201,98,3306,3351
27621,NSE-DLKV,10200,102,3339,3351
27621,NSE-OIT,9997,10,3662,3783
27621,NSE-SIMP,9990,50,3344,3352
27621,NSE-SIMP,9990,100,3344,3354
27621,NSE-SIMP,9991,150,3346,3356
27621,NSE-SIMP,9991,50,3346,3358
27621,NSE-SIMP,9992,150,3333,3358
27621,NSE-SIMP,9992,50,3333,3360
27621,NSE-SIMP,9992,200,3348,3360
27638,NSE-ZABA,9911,31,3282,3292
27690,NSE-CARD,9855,8,3800,3809
27690,NSE-OIT,10000,8,3783,3795
27690,NSE-SIMP,9992,8,3348,3362
27690,NSE-ZABA,9911,8,3282,3294
27690,NSE-ZITO,9842,8,3378,3390
27714,NSE-OIT,10000,32,3783,3798
27714,NSE-OIT,9999,18,3785,3798
27714,NSE-ZITO,9842,42,3378,3392
27714,NSE-ZITO,9841,8,3380,3392
27714,NSE-CARD,9855,42,3800,3811
27714,NSE-CARD,9856,8,3802,3811
27721,NSE-ZITO,9844,2,3379,3393
27721,NSE-CARD,9837,8,3593,3814
27721,NSE-CARD,9822,8,3643,3814
27721,NSE-CARD,9818,10,3666,3814
27721,NSE-CARD,9735,10,3677,3814
27721,NSE-DLKV,10200,50,3339,3357
27721,NSE-DLKV,10200,48,3339,3359
27721,NSE-DLKV,10199,52,3308,3359
27721,NSE-DLKV,10199,148,3308,3361
27721,NSE-DLKV,10198,2,3326,3361
27721,NSE-DLKV,10198,148,3326,3363
27721,NSE-DLKV,10198,52,3341,3363
27722,NSE-DLKV,10198,198,3341,3365
27722,NSE-DLKV,10197,52,3286,3365
27744,NSE-CARD,9657,8,3814,3823
27800,NSE-ZABA,9920,31,3295,3307
27821,NSE-OIT,9985,3,3800,3811
27821,NSE-SIMP,9989,3,3364,3377
27821,NSE-CARD,9657,6,3814,3825
27821,NSE-CARD,9658,3,3816,3825
27821,NSE-ZITO,9816,4,3394,3406
27822,NSE-ZITO,9837,8,3405,3407
27828,NSE-CARD,9662,8,3827,3836
27921,NSE-ZABA,9920,1,3308,3320
27921,NSE-ZITO,9842,6,3408,3419
27921,NSE-CARD,9655,1,3552,3839
27921,NSE-CARD,9649,8,3090,3839
27921,NSE-CARD,9639,8,3467,3839
27921,NSE-DLKV,10197,48,3286,3381
27921,NSE-DLKV,10197,2,3292,3381
27921,NSE-DLKV,10197,48,3292,3383
27921,NSE-DLKV,10197,52,3310,3383
27921,NSE-DLKV,10197,150,3310,3385
27921,NSE-DLKV,10197,48,3310,3387
27921,NSE-DLKV,10196,152,3328,3387
27921,NSE-DLKV,10196,48,3328,3389
27921,NSE-DLKV,10195,200,3288,3389
27921,NSE-DLKV,10195,2,3294,3389
27921,NSE-SIMP,9992,42,3348,3390
27921,NSE-SIMP,9992,8,3381,3390
27921,NSE-SIMP,9992,92,3381,3392
27921,NSE-SIMP,9993,8,3322,3392
27921,NSE-SIMP,9993,150,3322,3394
27921,NSE-SIMP,9993,92,3322,3396
27921,NSE-SIMP,9993,108,3335,3396
27921,NSE-SIMP,9993,142,3335,3398
27921,NSE-SIMP,9993,108,3369,3398
27922,NSE-ZABA,9909,8,3318,3322
27922,NSE-ZABA,9897,8,3305,3322
27926,NSE-OIT,9977,50,3825,3834
27926,NSE-ZITO,9817,50,3421,3430
27926,NSE-CARD,9636,33,3839,3848
27926,NSE-CARD,9637,17,3841,3848
27927,NSE-CARD,9637,8,3841,3850
27927,NSE-ZABA,9889,8,3322,3331
27927,NSE-ZITO,9818,8,3423,3432
28021,NSE-DLKV,10195,50,3294,3393
28021,NSE-DLKV,10195,48,3294,3395
28021,NSE-DLKV,10194,52,3330,3395
28021,NSE-DLKV,10194,150,3330,3397
28021,NSE-DLKV,10194,48,3330,3399
28021,NSE-DLKV,10193,150,3276,3399
28021,NSE-DLKV,10193,2,3290,3399
28021,NSE-DLKV,10193,248,3290,3401
28021,NSE-DLKV,10193,2,3296,3401
28022,NSE-SIMP,9993,42,3369,3402
28022,NSE-SIMP,9993,8,3383,3402
28022,NSE-SIMP,9993,100,3383,3404
28022,NSE-SIMP,9993,42,3383,3406
28022,NSE-SIMP,9994,108,3371,3406
28022,NSE-SIMP,9994,92,3371,3408
28022,NSE-SIMP,9994,108,3385,3408
28022,NSE-SIMP,9994,92,3385,3410
28022,NSE-SIMP,9994,8,3389,3410
28022,NSE-SIMP,9995,150,3373,3410
28022,NSE-ZITO,9815,8,3417,3436
28022,NSE-ZITO,9813,42,3161,3436
28022,NSE-ZITO,9813,100,3161,3438
28022,NSE-ZITO,9813,56,3161,3440
28022,NSE-ZITO,9813,94,3180,3440
28022,NSE-ZITO,9813,106,3180,3442
28022,NSE-ZITO,9813,8,3221,3442
28022,NSE-ZITO,9812,86,3163,3442
28022,NSE-ZITO,9812,164,3163,3444
28022,NSE-ZITO,9808,8,3404,3444
28078,NSE-OIT,9977,50,3840,3849
28078,NSE-ZITO,9805,50,3444,3445
28078,NSE-CARD,9646,50,3853,3862
28078,NSE-OIT,9978,19,3842,3850
28121,NSE-DLKV,10202,3,3353,3402
28121,NSE-DLKV,10193,7,3296,3403
28121,NSE-DLKV,10193,50,3296,3405
28121,NSE-DLKV,10193,91,3296,3407
28121,NSE-DLKV,10192,9,3146,3407
28121,NSE-DLKV,10192,91,3146,3409
28121,NSE-DLKV,10191,50,3127,3409
28121,NSE-DLKV,10191,9,3278,3409
28121,NSE-DLKV,10191,191,3278,3411
28121,NSE-DLKV,10191,9,3298,3411
28121,NSE-DLKV,10191,191,3298,3413
28122,NSE-SIMP,9995,50,3373,3415
28122,NSE-SIMP,9995,50,3373,3417
28122,NSE-SIMP,9995,50,3387,3417
28122,NSE-SIMP,9995,150,3387,3419
28122,NSE-SIMP,9995,50,3387,3421
28122,NSE-SIMP,10003,8,3375,3421
28122,NSE-SIMP,10006,142,3357,3421
28122,NSE-SIMP,10006,8,3357,3423
28122,NSE-SIMP,10007,200,3359,3423
28122,NSE-SIMP,10007,8,3401,3423
28122,NSE-SIMP,10008,34,3361,3423
28182,NSE-OIT,9979,50,3852,3861
28182,NSE-ZITO,9804,50,3448,3457
28182,NSE-CARD,9648,50,3865,3874
28221,NSE-CARD,9649,7,3867,3876
28221,NSE-SIMP,9988,8,3380,3425
28221,NSE-DLKV,10189,50,3129,3415
28221,NSE-OIT,9981,8,3838,3862
28221,NSE-OIT,9984,8,3823,3862
28221,NSE-OIT,9994,8,3810,3862
28221,NSE-SIMP,10008,50,3361,3426
28221,NSE-SIMP,10008,100,3361,3428
28221,NSE-SIMP,10008,66,3361,3430
28221,NSE-SIMP,10010,84,3405,3430
28222,NSE-SIMP,10010,16,3405,3432
28222,NSE-SIMP,10011,150,3407,3432
28222,NSE-SIMP,10012,34,3409,3432
28222,NSE-SIMP,10012,166,3409,3434
28222,NSE-SIMP,10013,84,3411,3434
28279,NSE-CARD,9653,1,3878,3887
28279,NSE-ZITO,9799,1,3460,3469
28321,NSE-OIT,9998,1,3863,3872
28321,NSE-DLKV,10190,7,3417,3425
28321,NSE-DLKV,10190,6,3417,3426
28321,NSE-OIT,9996,1,3862,3873
28321,NSE-DLKV,10189,50,3129,3428
28321,NSE-DLKV,10189,100,3280,3430
28321,NSE-DLKV,10189,150,3280,3432
28321,NSE-DLKV,10189,200,3300,3434
28321,NSE-DLKV,10189,50,3300,3436
28321,NSE-DLKV,10188,50,3240,3436
28321,NSE-DLKV,10187,150,3131,3436
28321,NSE-OIT,9976,1,3793,3875
28321,NSE-SIMP,10013,50,3411,3436
28321,NSE-SIMP,10013,100,3411,3438
28321,NSE-SIMP,10013,16,3411,3440
28321,NSE-SIMP,10016,50,3416,3440
28321,NSE-SIMP,10017,84,3393,3440
28321,NSE-SIMP,10017,16,3393,3442
28321,NSE-SIMP,10017,100,3418,3442
28321,NSE-SIMP,10018,84,3395,3442
28321,NSE-SIMP,10018,66,3395,3444
28321,NSE-SIMP,10018,150,3420,3444
28321,NSE-SIMP,10019,8,3137,3444
28321,NSE-SIMP,10019,26,3397,3444
28322,NSE-ZITO,9797,8,3389,3471
28322,NSE-ZITO,9793,1,3138,3471
28322,NSE-ZITO,9789,41,2911,3471
28322,NSE-ZITO,9789,41,2911,3473
28322,NSE-ZITO,9789,59,2924,3473
28322,NSE-ZITO,9789,91,2924,3475
28322,NSE-ZITO,9789,8,3066,3475
28322,NSE-ZITO,9788,51,2913,3475
28395,NSE-CARD,9666,8,3889,3898
28421,NSE-ZABA,9913,6,3364,3374
28421,NSE-SIMP,9988,5,3380,3446
28421,NSE-CARD,9666,2,3889,3899
28421,NSE-DLKV,10187,8,3354,3438
28421,NSE-DLKV,10186,42,3242,3438
28421,NSE-DLKV,10186,58,3242,3440
28421,NSE-DLKV,10186,42,3262,3440
28421,NSE-DLKV,10186,8,3262,3442
28421,NSE-SIMP,10019,50,3397,3447
28422,NSE-SIMP,10019,100,3397,3449
28422,NSE-SIMP,10019,24,3397,3451
28422,NSE-SIMP,10019,126,3422,3451
28422,NSE-SIMP,10019,74,3422,3453
28422,NSE-SIMP,10020,126,3399,3453
28422,NSE-SIMP,10020,124,3399,3455
28422,NSE-SIMP,10022,50,3427,3455
28422,NSE-SIMP,10023,76,3429,3455
28422,NSE-ZITO,9788,50,2913,3481
28504,NSE-ZITO,9789,8,3483,3490
28521,NSE-SIMP,10003,8,3458,3459
28521,NSE-SIMP,10023,1,3429,3459
28521,NSE-ZABA,9909,9,3375,3387
28521,NSE-OIT,9969,6,3884,3896
28521,NSE-DLKV,10186,9,3442,3449
28521,NSE-DLKV,10185,8,3027,3451
28521,NSE-DLKV,10185,42,3133,3451
28521,NSE-DLKV,10185,100,3133,3453
28521,NSE-DLKV,10185,58,3133,3455
28521,NSE-DLKV,10184,92,3264,3455
28521,NSE-DLKV,10184,8,3264,3457
28521,NSE-DLKV,10183,192,3135,3457
28521,NSE-DLKV,10183,58,3135,3459
28521,NSE-DLKV,10183,8,3366,3459
28521,NSE-DLKV,10183,8,3378,3459
28521,NSE-DLKV,10183,8,3447,3459
28521,NSE-DLKV,10182,150,3266,3459
28521,NSE-DLKV,10182,18,3352,3459
28521,NSE-OIT,9978,8,3895,3897
28521,NSE-SIMP,10023,23,3429,3460
28521,NSE-SIMP,10024,27,3431,3460
28522,NSE-ZITO,9788,50,2913,3493
28522,NSE-ZITO,9788,99,2913,3495
28522,NSE-ZITO,9787,1,2932,3495
28522,NSE-ZITO,9787,49,2932,3497
28522,NSE-ZITO,9787,8,3043,3497
28522,NSE-ZITO,9786,93,2934,3497
28522,NSE-ZITO,9786,7,2934,3499
28558,NSE-CARD,9646,6,3912,3921
28578,NSE-DLKV,10199,1,3424,3460
28578,NSE-DLKV,10202,26,3353,3460
28578,NSE-CARD,9644,10,3911,3922
28578,NSE-DLKV,10182,10,3352,3461
28621,NSE-ZITO,9781,7,3492,3502
28621,NSE-CARD,9646,9,3912,3923
28621,NSE-DLKV,10182,50,3352,3463
28621,NSE-DLKV,10182,100,3352,3465
28621,NSE-DLKV,10182,72,3352,3467
28621,NSE-DLKV,10182,8,3390,3467
28621,NSE-DLKV,10180,70,3268,3467
28621,NSE-DLKV,10180,130,3268,3469
28621,NSE-SIMP,10024,50,3431,3472
28622,NSE-SIMP,10024,73,3431,3474
28622,NSE-SIMP,10025,27,3433,3474
28622,NSE-SIMP,10025,150,3433,3476
28622,NSE-ZABA,9920,1,3363,3398
28622,NSE-ZABA,9922,1,3270,3398
28663,NSE-OIT,9979,50,3908,3919
28663,NSE-ZITO,9784,50,3504,3513
28663,NSE-CARD,9652,50,3924,3935
28663,NSE-OIT,9978,50,3910,3920
28663,NSE-OIT,9978,50,3910,3922
28663,NSE-CARD,9651,50,3926,3936
28669,NSE-CARD,9651,50,3926,3937
28669,NSE-CARD,9650,10,3928,3938
28674,NSE-OIT,9981,50,3909,3924
28721,NSE-OIT,9982,4,3911,3928
28722,NSE-SIMP,10025,23,3433,3484
28722,NSE-SIMP,10026,27,3435,3484
28722,NSE-SIMP,10026,100,3435,3486
28722,NSE-SIMP,10026,123,3435,3488
28722,NSE-SIMP,10027,8,3190,3488
28722,NSE-SIMP,10027,19,3463,3488
28722,NSE-SIMP,10027,81,3463,3490
28722,NSE-SIMP,10028,1,3114,3490
28722,NSE-SIMP,10028,118,3465,3490
28722,NSE-SIMP,10028,32,3465,3492
28722,NSE-SIMP,10029,8,3363,3492
28722,NSE-SIMP,10029,200,3467,3492
28722,NSE-SIMP,10029,10,3473,3492
28722,NSE-ZABA,9927,8,3306,3408
28722,NSE-ZABA,9930,8,3332,3408
28722,NSE-ZITO,9774,8,3165,3516
28759,NSE-OIT,9980,50,3929,3940
28759,NSE-SIMP,10024,50,3478,3494
28759,NSE-CARD,9797,50,3940,3950
28759,NSE-SIMP,10024,50,3478,3495
28759,NSE-CARD,9796,50,3942,3951
28759,NSE-OIT,9982,50,3930,3942
28759,NSE-SIMP,10024,50,3478,3496
28759,NSE-CARD,9796,50,3942,3952
28790,NSE-ZITO,9768,28,3516,3525
28790,NSE-ZITO,9768,14,3516,3526
28790,NSE-ZITO,9769,35,3518,3526
28790,NSE-ZITO,9769,50,3518,3527
28821,NSE-SIMP,10024,9,3478,3499
28821,NSE-CARD,9799,9,3941,3957
28821,NSE-DLKV,10202,50,3353,3482
28821,NSE-DLKV,10202,100,3353,3484
28821,NSE-DLKV,10202,71,3353,3486
28821,NSE-DLKV,10207,79,3279,3486
28821,NSE-DLKV,10207,115,3279,3488
28821,NSE-DLKV,10207,85,3285,3488
28821,NSE-DLKV,10207,15,3285,3490
28821,NSE-DLKV,10207,200,3299,3490
28821,NSE-DLKV,10209,35,3287,3490
28821,NSE-OIT,9978,1,3927,3946
28822,NSE-SIMP,10029,40,3473,3500
28822,NSE-SIMP,10030,8,2488,3500
28822,NSE-SIMP,10030,2,3469,3500
28822,NSE-SIMP,10030,100,3469,3502
28822,NSE-SIMP,10030,148,3469,3504
28822,NSE-SIMP,10030,2,3475,3504
28822,NSE-SIMP,10030,98,3475,3506
28822,NSE-SIMP,10031,8,2577,3506
28822,NSE-SIMP,10031,8,2612,3506
28822,NSE-SIMP,10031,10,3414,3506
28822,NSE-SIMP,10031,76,3477,3506
28822,NSE-SIMP,10031,74,3477,3508
28822,NSE-SIMP,10032,10,3312,3508
28822,NSE-SIMP,10032,166,3479,3508
28823,NSE-SIMP,10024,25,3478,3510
28881,NSE-SIMP,10024,1,3478,3511
28881,NSE-CARD,9801,1,3958,3968
28893,NSE-OIT,9976,49,3946,3956
28893,NSE-OIT,9977,1,3948,3956
28893,NSE-SIMP,10024,15,3478,3513
28893,NSE-CARD,9801,49,3958,3970
28893,NSE-CARD,9800,1,3960,3970
28921,NSE-OIT,9977,5,3948,3959
28921,NSE-CARD,9803,5,3959,3971
28921,NSE-SIMP,10032,34,3479,3514
28921,NSE-SIMP,10033,10,3258,3514
28921,NSE-SIMP,10033,6,3481,3514
28921,NSE-SIMP,10033,100,3481,3516
28921,NSE-SIMP,10033,144,3481,3518
28930,NSE-OIT,9985,50,3960,3971
28930,NSE-SIMP,10033,6,3518,3524
28930,NSE-SIMP,10032,44,3520,3524
28930,NSE-CARD,9840,50,3972,3983
28930,NSE-OIT,9984,50,3962,3972
29021,NSE-ZITO,9774,5,3538,3548
29021,NSE-ZITO,9776,6,3539,3549
29021,NSE-SIMP,10034,50,3450,3525
29021,NSE-SIMP,10034,50,3450,3527
29021,NSE-ZABA,9938,8,3319,3439
29021,NSE-ZABA,9938,8,3386,3439
29046,NSE-SIMP,10034,50,3527,3535
29046,NSE-ZITO,9769,50,3551,3560
29121,NSE-DLKV,10209,50,3287,3514
29121,NSE-DLKV,10209,65,3287,3516
29121,NSE-DLKV,10209,35,3301,3516
29121,NSE-DLKV,10209,150,3301,3518
29121,NSE-DLKV,10209,65,3301,3520
29121,NSE-DLKV,10209,50,3303,3520
29121,NSE-DLKV,10210,85,3327,3520
29121,NSE-DLKV,10210,65,3327,3522
29121,NSE-DLKV,10211,185,3289,3522
29121,NSE-OIT,9965,8,3809,3984
29121,NSE-OIT,9954,8,3822,3984
29121,NSE-OIT,9951,8,3837,3984
29121,NSE-OIT,9948,8,3547,3984
29121,NSE-OIT,9948,8,3894,3984
29121,NSE-OIT,9944,1,3603,3984
29121,NSE-OIT,9943,1,2464,3984
29121,NSE-OIT,9943,8,3416,3984
29189,NSE-OIT,9943,50,3986,3993
29189,NSE-SIMP,10029,50,3537,3546
29189,NSE-SIMP,10027,50,3536,3547
29189,NSE-CARD,9845,50,3994,4005
29221,NSE-ZABA,9943,5,3449,3459
29221,NSE-SIMP,10030,4,3539,3548
29221,NSE-OIT,9942,8,3794,3996
29222,NSE-SIMP,10023,50,3462,3550
29222,NSE-SIMP,10023,50,3462,3552
29222,NSE-SIMP,10023,50,3480,3552
29226,NSE-CARD,9814,10,4006,4017
29249,NSE-CARD,9816,8,4007,4018
29249,NSE-ZITO,9772,1,3572,3581
29249,NSE-SIMP,10023,50,3480,3559
29250,NSE-ZITO,9772,49,3572,3582
29250,NSE-ZITO,9773,1,3574,3582
29250,NSE-OIT,9937,42,3996,4006
29250,NSE-OIT,9938,8,3998,4006
29250,NSE-CARD,9816,42,4007,4020
29250,NSE-CARD,9817,8,4009,4020
29288,NSE-SIMP,10023,25,3480,3561
29321,NSE-SIMP,10023,1,3480,3562
29321,NSE-DLKV,10207,7,3524,3535
29321,NSE-SIMP,10035,10,3192,3563
29321,NSE-SIMP,10035,10,3232,3563
29321,NSE-SIMP,10035,30,3452,3563
29321,NSE-SIMP,10035,100,3452,3565
29322,NSE-ZITO,9770,50,3571,3584
29421,NSE-SIMP,10034,9,3567,3573
29421,NSE-ZABA,9952,8,3021,3480
29422,NSE-ZITO,9749,7,2354,3594
29422,NSE-ZITO,9749,8,2378,3594
29422,NSE-ZITO,9748,8,2308,3594
29422,NSE-ZITO,9748,1,2343,3594
29422,NSE-ZITO,9748,26,3583,3594
29422,NSE-ZITO,9748,24,3583,3596
29422,NSE-ZITO,9745,1,3257,3596
29422,NSE-ZITO,9744,8,2271,3596
29422,NSE-ZITO,9740,8,2247,3596
29422,NSE-ZITO,9732,8,2224,3596
29422,NSE-ZITO,9728,8,2201,3596
29430,NSE-DLKV,10187,8,3547,3556
29430,NSE-OIT,9943,8,4018,4027
29430,NSE-SIMP,10026,8,3574,3585
29430,NSE-ZITO,9728,8,3596,3603
29430,NSE-OIT,9943,42,4018,4029
29430,NSE-OIT,9944,8,4020,4029
29430,NSE-SIMP,10028,50,3575,3586
29430,NSE-CARD,9821,50,4033,4043
29430,NSE-CARD,9819,50,4032,4044
29430,NSE-SIMP,10026,42,3574,3588
29430,NSE-CARD,9822,50,4035,4045
29460,NSE-DLKV,10183,1,3546,3558
29460,NSE-ZABA,9918,1,3481,3493
29460,NSE-OIT,9944,1,4020,4033
29460,NSE-ZITO,9728,35,3596,3605
29460,NSE-ZITO,9729,15,3598,3605
29521,NSE-SIMP,10025,7,3576,3590
29521,NSE-CARD,9818,7,4034,4046
29522,NSE-SIMP,10035,20,3452,3591
29522,NSE-SIMP,10035,10,3512,3591
29522,NSE-SIMP,10036,8,2370,3591
29522,NSE-SIMP,10036,8,3067,3591
29522,NSE-SIMP,10036,4,3454,3591
29522,NSE-SIMP,10036,100,3454,3593
29522,NSE-SIMP,10036,96,3454,3595
29522,NSE-SIMP,10037,10,3324,3595
29522,NSE-SIMP,10037,44,3456,3595
29522,NSE-SIMP,10037,200,3456,3597
29522,NSE-SIMP,10037,6,3456,3599
29522,NSE-SIMP,10038,10,2527,3599
29522,NSE-ZITO,9729,50,3598,3606
29522,NSE-ZITO,9729,85,3598,3608
29522,NSE-ZITO,9730,15,3600,3608
29522,NSE-ZITO,9730,150,3600,3610
29522,NSE-ZITO,9730,35,3600,3612
29550,NSE-SIMP,10038,10,3599,3601
29550,NSE-CARD,9817,8,4047,4058
29550,NSE-OIT,9941,8,4035,4045
29550,NSE-SIMP,10038,8,3599,3603
29550,NSE-ZITO,9743,8,3607,3616
29585,NSE-SIMP,10038,50,3599,3604
29585,NSE-CARD,9817,42,4047,4060
29585,NSE-CARD,9816,8,4049,4060
29585,NSE-OIT,9939,50,4034,4048
29586,NSE-CARD,9816,8,4049,4062
29586,NSE-OIT,9941,8,4035,4049
29586,NSE-SIMP,10038,8,3599,3606
29586,NSE-ZITO,9743,8,3607,3618
29621,NSE-ZITO,9743,8,3607,3620
29621,NSE-SIMP,10039,8,3245,3607
29621,NSE-DLKV,10192,5,3559,3573
29621,NSE-ZABA,9918,2,3495,3508
29621,NSE-DLKV,10182,8,3569,3575
29621,NSE-DLKV,10177,8,3571,3575
29621,NSE-DLKV,10175,8,3004,3575
29621,NSE-DLKV,10173,26,3252,3575
29621,NSE-DLKV,10173,24,3252,3577
29622,NSE-SIMP,10023,50,3480,3609
29622,NSE-SIMP,10023,74,3480,3611
29622,NSE-SIMP,10022,26,3464,3611
29622,NSE-SIMP,10022,124,3464,3613
29622,NSE-SIMP,10021,26,3466,3613
29622,NSE-SIMP,10021,174,3466,3615
29622,NSE-SIMP,10020,26,3468,3615
29622,NSE-SIMP,10020,224,3468,3617
29622,NSE-ZITO,9744,50,3609,3621
29622,NSE-ZITO,9744,50,3609,3623
29622,NSE-ZITO,9745,50,3611,3623
29622,NSE-ZITO,9745,100,3611,3625
29622,NSE-ZITO,9746,50,3613,3625
29622,NSE-ZITO,9746,150,3613,3627
29622,NSE-ZITO,9747,50,3615,3627
29622,NSE-ZITO,9747,200,3615,3629
29673,NSE-CARD,9816,50,4064,4073
29673,NSE-OIT,9949,50,4051,4063
29674,NSE-CARD,9814,1,4063,4075
29699,NSE-ZITO,9757,50,3622,3631
29721,NSE-OIT,9948,1,4053,4064
29721,NSE-CARD,9874,8,4042,4076
29721,NSE-CARD,9881,1,3795,4076
29721,NSE-CARD,9890,41,3770,4076
29721,NSE-CARD,9890,9,3770,4078
29721,NSE-CARD,9905,8,3910,4078
29722,NSE-ZABA,9929,8,3507,3519
29722,NSE-ZABA,9933,8,3505,3519
29722,NSE-ZABA,9934,8,3492,3519
29722,NSE-ZITO,9758,50,3624,3632
29722,NSE-ZITO,9758,50,3624,3634
29722,NSE-ZITO,9759,50,3626,3634
29722,NSE-ZITO,9759,100,3626,3636
29722,NSE-ZITO,9760,50,3628,3636
29722,NSE-ZITO,9760,150,3628,3638
29722,NSE-SIMP,10034,50,3620,3630
29722,NSE-CARD,9954,50,4078,4087
29722,NSE-OIT,9966,50,4065,4076
29738,NSE-DLKV,10186,12,3586,3595
29821,NSE-ZITO,9766,5,3633,3642
29821,NSE-ZABA,9947,6,3520,3529
29821,NSE-OIT,9965,1,4067,4077
29822,NSE-ZITO,9761,50,3638,3644
29822,NSE-ZITO,9760,100,3640,3646
29822,NSE-ZITO,9760,150,3640,3648
29825,NSE-CARD,9939,50,4088,4099
29825,NSE-DLKV,10192,10,3597,3606
29871,NSE-CARD,9938,8,4090,4101
29871,NSE-SIMP,10023,8,3631,3644
29871,NSE-ZITO,9759,8,3650,3653
29921,NSE-OIT,9955,8,4089,4092
29922,NSE-ZITO,9759,50,3650,3655
29922,NSE-ZITO,9759,100,3650,3657
29922,NSE-ZITO,9759,42,3650,3659
29922,NSE-ZITO,9760,108,3652,3659
29968,NSE-OIT,9950,42,4092,4102
29968,NSE-OIT,9951,8,4094,4102
29968,NSE-SIMP,10024,50,3645,3657
29968,NSE-OIT,9948,50,4091,4103
30021,NSE-OIT,9947,9,4093,4104
30021,NSE-DLKV,10171,50,3254,3622
30021,NSE-DLKV,10171,50,3254,3624
30021,NSE-DLKV,10170,8,3608,3624
30021,NSE-ZABA,9925,8,3541,3552
30022,NSE-ZITO,9760,50,3652,3666
30022,NSE-ZITO,9760,92,3652,3668
30034,NSE-OIT,9945,50,4106,4115
30034,NSE-CARD,9957,50,4114,4123
30034,NSE-CARD,9955,8,4113,4125
30034,NSE-DLKV,10167,8,3624,3631
30034,NSE-CARD,9955,42,4113,4126
30034,NSE-CARD,9954,8,4115,4126
30096,NSE-OIT,9946,50,4108,4118
30096,NSE-SIMP,10032,50,3659,3675
30111,NSE-CARD,9954,10,4115,4130
30121,NSE-SIMP,10034,9,3660,3676
30121,NSE-DLKV,10165,9,3364,3633
30121,NSE-OIT,9957,8,4117,4119
30121,NSE-SIMP,10028,50,3667,3678
30121,NSE-SIMP,10028,100,3667,3680
30121,NSE-SIMP,10028,100,3667,3682
30121,NSE-SIMP,10019,1,3672,3682
30221,NSE-DLKV,10165,50,3364,3645
30221,NSE-DLKV,10165,100,3364,3647
30221,NSE-DLKV,10165,91,3364,3649
30221,NSE-SIMP,10012,8,3670,3689
30221,NSE-SIMP,10011,42,3679,3689
30221,NSE-SIMP,10011,58,3679,3691
30221,NSE-SIMP,10010,42,3681,3691
30222,NSE-ZABA,9930,8,3562,3575
30222,NSE-ZITO,9766,45,3633,3689
30222,NSE-ZITO,9766,5,3660,3689
30222,NSE-ZITO,9766,100,3660,3691
30222,NSE-ZITO,9766,45,3660,3693
30222,NSE-ZITO,9767,100,3635,3693
30222,NSE-ZITO,9767,5,3662,3693
30245,NSE-OIT,9951,50,4131,4143
30260,NSE-CARD,9962,8,4142,4154
30321,NSE-ZITO,9767,2,3662,3703
30321,NSE-ZITO,9766,7,3695,3704
30321,NSE-OIT,9951,1,4141,4146
30321,NSE-OIT,9950,3,4133,4146
30321,NSE-SIMP,10010,8,3681,3702
30321,NSE-DLKV,10171,1,3654,3657
30322,NSE-SIMP,10011,50,3693,3703
30322,NSE-SIMP,10011,100,3693,3705
30322,NSE-SIMP,10012,150,3695,3707
30322,NSE-SIMP,10012,50,3695,3709
30322,NSE-SIMP,10013,150,3697,3709
30322,NSE-SIMP,10013,100,3697,3711
30322,NSE-ZABA,9909,8,3385,3587
30322,NSE-ZABA,9905,8,3491,3587
30322,NSE-ZABA,9904,8,3504,3587
30322,NSE-ZABA,9902,8,3584,3587
30322,NSE-ZITO,9767,50,3662,3705
30322,NSE-ZITO,9767,100,3662,3707
30322,NSE-ZITO,9767,43,3662,3709
30350,NSE-OIT,9951,50,4148,4158
30350,NSE-SIMP,10016,49,3682,3713
30350,NSE-SIMP,10013,43,3711,3714
30398,NSE-CARD,9973,1,4155,4166
30421,NSE-ZITO,9767,8,3709,3715
30421,NSE-CARD,9975,50,4156,4168
30421,NSE-SIMP,10017,50,3684,3716
30421,NSE-SIMP,10017,100,3684,3718
30421,NSE-SIMP,10017,50,3684,3720
30421,NSE-SIMP,10018,100,3686,3720
30421,NSE-SIMP,10018,150,3686,3722
30421,NSE-SIMP,10020,50,3706,3722
30421,NSE-SIMP,10020,50,3706,3724
30421,NSE-SIMP,10021,150,3708,3724
30421,NSE-SIMP,10022,50,3710,3724
30422,NSE-ZITO,9768,50,3637,3716
30422,NSE-ZITO,9768,100,3637,3718
30422,NSE-ZITO,9768,150,3664,3720
30422,NSE-ZITO,9768,100,3664,3722
30422,NSE-ZITO,9769,100,3639,3722
30422,NSE-ZITO,9769,100,3639,3724
30422,NSE-ZITO,9774,8,3701,3724
30473,NSE-SIMP,10013,43,3711,3727
30473,NSE-OIT,9952,50,4160,4171
30521,NSE-DLKV,10165,2,3667,3678
30521,NSE-DLKV,10169,6,3668,3679
30521,NSE-ZITO,9782,6,3717,3727
30521,NSE-CARD,9977,3,4169,4179
30522,NSE-SIMP,10022,50,3710,3728
30522,NSE-SIMP,10022,100,3710,3730
30522,NSE-SIMP,10023,150,3712,3732
30522,NSE-SIMP,10023,100,3712,3734
30522,NSE-SIMP,10029,50,3717,3734
30522,NSE-SIMP,10030,50,3719,3734
30522,NSE-SIMP,10030,50,3719,3736
30522,NSE-SIMP,10031,1,3715,3736
30522,NSE-SIMP,10031,150,3721,3736
30522,NSE-SIMP,10032,49,3723,3736
30528,NSE-DLKV,10175,27,3681,3690
30582,NSE-OIT,9953,50,4172,4184
30621,NSE-ZABA,9920,1,3607,3617
30621,NSE-DLKV,10171,7,3680,3692
30621,NSE-CARD,9974,50,4180,4193
30621,NSE-CARD,9973,49,4155,4195
30621,NSE-SIMP,10032,50,3723,3741
30621,NSE-SIMP,10032,100,3723,3743
30621,NSE-SIMP,10032,1,3723,3745
30621,NSE-SIMP,10033,149,3725,3745
30621,NSE-SIMP,10033,101,3725,3747
30621,NSE-SIMP,10036,10,3642,3747
30621,NSE-SIMP,10037,89,3666,3747
30621,NSE-SIMP,10037,111,3666,3749
30621,NSE-SIMP,10038,139,3668,3749
30622,NSE-ZABA,9931,8,3585,3618
30622,NSE-ZITO,9783,8,3677,3739
30626,NSE-ZABA,9936,8,3618,3629
30626,NSE-ZITO,9790,8,3739,3750
30642,NSE-SIMP,10013,6,3711,3753
30642,NSE-CARD,9962,50,4195,4203
30718,NSE-CARD,9962,1,4195,4204
30718,NSE-CARD,9963,49,4197,4204
30721,NSE-SIMP,10025,3,3752,3754
30721,NSE-OIT,9960,4,4186,4199
30721,NSE-CARD,9959,5,4192,4205
30721,NSE-CARD,9959,45,4192,4207
30721,NSE-CARD,9958,5,4194,4207
30721,NSE-CARD,9958,95,4194,4209
30721,NSE-CARD,9948,5,4191,4209
30721,NSE-CARD,9948,3,4191,4211
30721,NSE-CARD,9939,10,4129,4211
30721,NSE-CARD,9930,8,4153,4211
30721,NSE-DLKV,10178,8,3704,3706
30721,NSE-OIT,9963,8,4145,4200
30721,NSE-OIT,9966,8,4196,4200
30722,NSE-SIMP,10025,5,3752,3755
30722,NSE-ZITO,9803,8,3619,3752
30722,NSE-ZITO,9803,8,3654,3752
30722,NSE-ZITO,9816,8,3617,3752
30750,NSE-CARD,9888,8,4211,4217
30750,NSE-DLKV,10189,8,3706,3717
30750,NSE-OIT,9981,8,4200,4211
30751,NSE-ZITO,9824,8,3752,3763
30821,NSE-SIMP,10029,7,3756,3767
30821,NSE-DLKV,10193,8,3656,3718
30821,NSE-DLKV,10200,8,3609,3718
30822,NSE-SIMP,10027,45,3755,3769
30822,NSE-ZABA,9914,8,3640,3643
30822,NSE-ZABA,9901,8,3628,3643
30822,NSE-ZABA,9900,8,3506,3643
30822,NSE-ZABA,9896,8,3540,3643
30830,NSE-CARD,9886,50,4222,4231
30921,NSE-DLKV,10208,4,3572,3728
30921,NSE-DLKV,10162,8,3655,3730
30936,NSE-OIT,9961,50,4224,4233
30936,NSE-CARD,9906,50,4233,4244
30992,NSE-CARD,9905,8,4235,4246
30992,NSE-DLKV,10161,8,3730,3740
30992,NSE-OIT,9962,8,4226,4235
30992,NSE-ZABA,9892,8,3653,3662
30992,NSE-ZITO,9787,8,3776,3786
31021,NSE-ZABA,9888,3,3652,3664
31022,NSE-SIMP,10026,50,3757,3794
31022,NSE-SIMP,10026,50,3757,3796
31022,NSE-SIMP,10026,50,3780,3796
31022,NSE-ZABA,9885,8,3135,3666
31026,NSE-OIT,9959,1,4238,4247
31026,NSE-DLKV,10167,1,3742,3752
31026,NSE-OIT,9959,49,4238,4248
31026,NSE-OIT,9960,1,4240,4248
31026,NSE-CARD,9904,50,4247,4258
31040,NSE-CARD,9903,10,4249,4260
31120,NSE-OIT,9960,50,4240,4249
31120,NSE-ZITO,9796,50,3788,3800
31120,NSE-SIMP,10027,5,3769,3804
31120,NSE-SIMP,10027,45,3798,3804
31120,NSE-CARD,9906,50,4248,4261
31121,NSE-DLKV,10171,8,3743,3753
31121,NSE-ZABA,9881,3,3665,3675
31121,NSE-DLKV,10171,3,3743,3754
31121,NSE-ZITO,9795,4,3790,3801
31122,NSE-SIMP,10025,50,3759,3806
31122,NSE-SIMP,10025,100,3759,3808
31197,NSE-ZABA,9894,1,3677,3688
31221,NSE-SIMP,10025,4,3768,3817
31221,NSE-CARD,9914,7,4263,4276
31221,NSE-CARD,9921,8,4274,4277
31221,NSE-OIT,9975,8,4264,4265
31221,NSE-OIT,9984,8,4090,4265
31221,NSE-OIT,9985,8,4050,4265
31221,NSE-SIMP,10025,46,3768,3819
31221,NSE-SIMP,10025,1,3779,3819
31221,NSE-SIMP,10025,3,3782,3819
31221,NSE-SIMP,10025,97,3782,3821
31221,NSE-SIMP,10024,3,3761,3821
31221,NSE-SIMP,10024,150,3761,3823
31221,NSE-SIMP,10024,47,3761,3825
31221,NSE-SIMP,10024,100,3770,3825
31221,NSE-SIMP,10024,53,3784,3825
31221,NSE-SIMP,10024,97,3784,3827
31221,NSE-SIMP,10023,150,3772,3827
31221,NSE-SIMP,10023,3,3793,3827
31222,NSE-ZITO,9792,1,3798,3817
31251,NSE-OIT,9988,26,4265,4276
31251,NSE-OIT,9987,24,4267,4276
31251,NSE-CARD,9922,42,4277,4289
31251,NSE-CARD,9921,8,4279,4289
31322,NSE-SIMP,10026,50,3810,3830
31322,NSE-SIMP,10026,100,3810,3832
31323,NSE-ZITO,9800,8,3814,3827
31323,NSE-ZITO,9809,1,3815,3827
31346,NSE-SIMP,10027,1,3834,3840
31346,NSE-OIT,9981,50,4277,4288
31346,NSE-ZITO,9812,41,3827,3837
31346,NSE-ZITO,9811,9,3829,3837
31346,NSE-SIMP,10027,50,3834,3841
31346,NSE-CARD,9919,50,4290,4301
31421,NSE-ZITO,9814,5,3828,3838
31421,NSE-DLKV,10156,8,2937,3787
31421,NSE-DLKV,10153,1,3225,3787
31422,NSE-SIMP,10027,50,3834,3843
31422,NSE-SIMP,10027,49,3834,3845
31422,NSE-SIMP,10026,51,3836,3845
31422,NSE-SIMP,10026,149,3836,3847
31422,NSE-SIMP,10023,1,3793,3847
31422,NSE-SIMP,10023,46,3793,3849
31422,NSE-SIMP,10022,154,3774,3849
31422,NSE-SIMP,10022,46,3774,3851
31422,NSE-SIMP,10022,100,3795,3851
31422,NSE-SIMP,10022,50,3805,3851
31422,NSE-SIMP,10021,54,3797,3851
31432,NSE-CARD,9932,8,4302,4313
31432,NSE-OIT,9983,8,4289,4300
31432,NSE-ZITO,9815,8,3839,3850
31447,NSE-OIT,9985,50,4290,4302
31521,NSE-ZABA,9895,8,3710,3722
31522,NSE-SIMP,10028,50,3771,3855
31522,NSE-SIMP,10028,50,3771,3857
31522,NSE-SIMP,10028,50,3781,3857
31522,NSE-SIMP,10029,43,3756,3859
31522,NSE-SIMP,10029,107,3773,3859
31522,NSE-SIMP,10029,43,3773,3861
31522,NSE-SIMP,10029,100,3783,3861
31522,NSE-SIMP,10030,57,3758,3861
31522,NSE-SIMP,10030,43,3758,3863
31522,NSE-SIMP,10031,150,3760,3863
31522,NSE-SIMP,10031,50,3831,3863
31522,NSE-SIMP,10032,7,3766,3863
31522,NSE-ZABA,9899,1,3721,3723
31534,NSE-OIT,9979,50,4307,4316
31534,NSE-ZITO,9830,50,3851,3861
31621,NSE-OIT,9977,4,4306,4319
31621,NSE-SIMP,10021,50,3797,3868
31639,NSE-CARD,9934,8,4326,4337
31663,NSE-OIT,9988,50,4320,4334
31663,NSE-ZITO,9819,50,3863,3875
31663,NSE-OIT,9987,50,4322,4335
31675,NSE-CARD,9934,5,4326,4339
31703,NSE-CARD,9934,1,4326,4340
31718,NSE-ZITO,9818,42,3865,3876
31721,NSE-ZABA,9904,8,3687,3745
31721,NSE-CARD,9934,36,4326,4342
31721,NSE-CARD,9933,14,4328,4342
31721,NSE-CARD,9933,86,4328,4344
31721,NSE-CARD,9927,14,4315,4344
31721,NSE-CARD,9927,36,4315,4346
31721,NSE-CARD,9904,8,4336,4346
31721,NSE-CARD,9900,8,4312,4346
31721,NSE-CARD,9891,8,4273,4346
31721,NSE-CARD,9887,1,4275,4346
31721,NSE-CARD,9885,10,4259,4346
31721,NSE-CARD,9884,50,4206,4346
31721,NSE-CARD,9884,29,4221,4346
31721,NSE-CARD,9884,21,4221,4348
31721,NSE-CARD,9883,100,4208,4348
31721,NSE-CARD,9871,8,4245,4348
31721,NSE-CARD,9830,8,4124,4348
31721,NSE-CARD,9801,10,4016,4348
31721,NSE-SIMP,10022,50,3870,3879
31721,NSE-SIMP,10022,50,3870,3881
31721,NSE-SIMP,10023,50,3872,3881
31721,NSE-SIMP,10023,100,3872,3883
31721,NSE-SIMP,10032,1,3766,3883
31721,NSE-SIMP,10032,49,3833,3883
31721,NSE-SIMP,10032,51,3833,3885
31721,NSE-SIMP,10033,149,3835,3885
31721,NSE-SIMP,10033,1,3835,3887
31721,NSE-SIMP,10038,111,3668,3887
31721,NSE-SIMP,10038,10,3803,3887
31721,NSE-SIMP,10039,2,3245,3887
31721,NSE-SIMP,10039,8,3700,3887
31721,NSE-SIMP,10039,50,3729,3887
31721,NSE-SIMP,10040,68,3731,3887
31722,NSE-ZITO,9827,8,3874,3877
31748,NSE-OIT,9985,50,4336,4347
31765,NSE-ZITO,9831,42,3877,3888
31765,NSE-ZITO,9830,8,3879,3888
31765,NSE-CARD,9705,50,4348,4351
31806,NSE-CARD,9705,3,4348,4352
31806,NSE-CARD,9706,5,4350,4352
31821,NSE-CARD,9700,50,4341,4355
31821,NSE-CARD,9699,100,4343,4357
31821,NSE-CARD,9698,150,4345,4359
31821,NSE-DLKV,10153,2,3225,3836
31821,NSE-DLKV,10153,8,3798,3836
31821,NSE-DLKV,10151,8,3716,3836
31822,NSE-SIMP,10021,46,3797,3892
31822,NSE-SIMP,10021,4,3807,3892
31822,NSE-SIMP,10021,96,3807,3894
31822,NSE-SIMP,10020,4,3809,3894
31822,NSE-SIMP,10020,146,3809,3896
31822,NSE-SIMP,10019,4,3811,3896
31822,NSE-SIMP,10019,196,3811,3898
31822,NSE-SIMP,10019,4,3867,3898
31822,NSE-SIMP,10019,46,3867,3900
31822,NSE-SIMP,10018,100,3869,3900
31822,NSE-SIMP,10017,104,3871,3900
31822,NSE-ZABA,9906,8,3720,3758
31822,NSE-ZABA,9915,8,3744,3758
31822,NSE-ZITO,9833,8,3491,3890
31822,NSE-ZITO,9839,8,3787,3890
31831,NSE-OIT,9977,50,4351,4360
31831,NSE-ZITO,9839,34,3890,3901
31831,NSE-ZITO,9838,16,3892,3901
31831,NSE-CARD,9678,50,4361,4364
31900,NSE-SIMP,10022,1,3901,3902
31955,NSE-OIT,9984,50,4365,4375
31955,NSE-ZITO,9833,50,3903,3912
31955,NSE-ZITO,9831,50,3902,3913
31955,NSE-CARD,9695,50,4368,4377
32021,NSE-ZABA,9901,1,3769,3779
32021,NSE-OIT,9985,6,4367,4378
32021,NSE-CARD,9693,50,4367,4383
32021,NSE-CARD,9692,100,4369,4385
32021,NSE-CARD,9691,150,4371,4387
32021,NSE-SIMP,10024,50,3904,3915
32021,NSE-SIMP,10025,100,3906,3917
32021,NSE-SIMP,10026,150,3908,3919
32021,NSE-SIMP,10027,200,3910,3921
32022,NSE-ZABA,9888,8,3756,3781
32022,NSE-ZABA,9886,8,3743,3781
32022,NSE-ZABA,9880,1,3134,3781
32022,NSE-ZABA,9878,1,2145,3781
32022,NSE-ZABA,9877,8,2494,3781
32022,NSE-ZABA,9877,8,2652,3781
32022,NSE-ZABA,9877,8,3719,3781
32022,NSE-ZABA,9876,8,2415,3781
32022,NSE-ZABA,9876,8,2469,3783
32022,NSE-ZABA,9876,8,2582,3783
32022,NSE-ZABA,9875,8,3686,3783
32022,NSE-ZABA,9874,8,1510,3783
32022,NSE-ZABA,9873,8,1411,3783
32022,NSE-ZABA,9873,8,1462,3783
32022,NSE-ZABA,9873,8,1553,3783
32023,NSE-CARD,9691,50,4389,4392
32023,NSE-SIMP,10032,50,3923,3925
32069,NSE-OIT,9985,50,4379,4391
32069,NSE-CARD,9690,50,4373,4394
32069,NSE-OIT,9984,50,4381,4392
32069,NSE-CARD,9690,10,4373,4396
32121,NSE-ZABA,9865,6,3293,3790
32122,NSE-DLKV,10150,8,3855,3869
32122,NSE-OIT,9990,10,4234,4393
32122,NSE-OIT,9990,10,4305,4393
32122,NSE-OIT,9991,8,4046,4393
32122,NSE-OIT,9992,10,4262,4393
32122,NSE-OIT,9992,10,4363,4393
32122,NSE-OIT,9993,2,4349,4393
32122,NSE-OIT,9993,6,4349,4395
32122,NSE-OIT,9995,10,4332,4395
32122,NSE-OIT,9996,8,4236,4395
32122,NSE-OIT,9996,10,4301,4395
32122,NSE-OIT,9996,8,4331,4395
32122,NSE-OIT,9997,10,4157,4395
32122,NSE-OIT,9998,10,4374,4395
32122,NSE-SIMP,10035,10,3926,3927
32122,NSE-SIMP,10038,40,3916,3927
32122,NSE-SIMP,10038,10,3916,3929
32122,NSE-SIMP,10039,90,3918,3929
32130,NSE-CARD,9695,45,4398,4407
32153,NSE-CARD,9695,5,4398,4408
32153,NSE-CARD,9696,45,4370,4408
32153,NSE-CARD,9693,50,4397,4409
32176,NSE-OIT,9999,8,4395,4405
32176,NSE-SIMP,10038,8,3931,3938
32176,NSE-ZABA,9869,8,3792,3801
32196,NSE-SIMP,10038,50,3931,3939
32196,NSE-CARD,9696,50,4370,4412
32196,NSE-OIT,9999,1,4395,4406
32221,NSE-OIT,10000,5,4377,4407
32221,NSE-ZABA,9865,2,3293,3803
32221,NSE-ZABA,9865,7,3791,3803
32221,NSE-DLKV,10147,8,3703,3881
32221,NSE-DLKV,10143,8,3765,3881
32222,NSE-SIMP,10039,10,3918,3941
32222,NSE-SIMP,10039,1,3940,3941
32222,NSE-SIMP,10040,32,3731,3941
32222,NSE-SIMP,10040,7,3853,3941
32222,NSE-SIMP,10040,1,3853,3943
32222,NSE-SIMP,10040,99,3920,3943
32222,NSE-SIMP,10040,51,3920,3945
32222,NSE-SIMP,10041,8,2395,3945
32222,NSE-SIMP,10041,91,3733,3945
32222,NSE-SIMP,10041,59,3733,3947
32222,NSE-SIMP,10041,8,3816,3947
32222,NSE-SIMP,10041,8,3890,3947
32222,NSE-SIMP,10041,125,3922,3947
32222,NSE-SIMP,10041,75,3922,3949
32222,NSE-SIMP,10042,10,3336,3949
32222,NSE-SIMP,10042,165,3735,3949
32222,NSE-ZITO,9817,8,3938,3943
32265,NSE-OIT,9986,50,4409,4419
32265,NSE-ZITO,9813,50,3942,3953
32265,NSE-CARD,9693,50,4414,4426
32321,NSE-CARD,9692,50,4399,4428
32322,NSE-CARD,9692,50,4399,4430
32322,NSE-CARD,9692,50,4416,4430
32322,NSE-CARD,9692,50,4416,4432
32322,NSE-CARD,9691,100,4401,4432
32322,NSE-CARD,9691,50,4401,4434
32322,NSE-CARD,9690,140,4373,4434
32322,NSE-DLKV,10141,8,2982,3892
32322,NSE-DLKV,10141,8,3821,3892
32322,NSE-DLKV,10139,8,3833,3892
32322,NSE-DLKV,10138,8,3878,3892
32322,NSE-DLKV,10137,2,3239,3892
32322,NSE-DLKV,10134,1,2577,3892
32322,NSE-OIT,10000,3,4377,4420
32322,NSE-OIT,10000,10,4389,4420
32322,NSE-OIT,10001,8,4028,4420
32322,NSE-OIT,10003,8,3465,4420
32322,NSE-OIT,10003,10,4418,4420
32322,NSE-SIMP,10042,35,3735,3951
32322,NSE-SIMP,10042,8,3878,3951
32322,NSE-SIMP,10042,7,3924,3951
32322,NSE-SIMP,10042,100,3924,3953
32322,NSE-SIMP,10042,143,3924,3955
32322,NSE-SIMP,10042,7,3928,3955
32322,NSE-SIMP,10042,43,3928,3957
32322,NSE-SIMP,10043,8,2346,3957
32322,NSE-SIMP,10043,8,3044,3957
32322,NSE-SIMP,10043,10,3164,3957
32322,NSE-SIMP,10043,8,3671,3957
32322,NSE-SIMP,10043,123,3737,3957
32322,NSE-SIMP,10043,127,3737,3959
32322,NSE-SIMP,10043,8,3791,3959
32322,NSE-SIMP,10043,100,3930,3959
32322,NSE-SIMP,10044,15,3932,3959
32323,NSE-ZITO,9819,50,3951,3954
32323,NSE-ZITO,9819,100,3951,3956
32323,NSE-ZITO,9819,100,3951,3958
32365,NSE-CARD,9690,10,4434,4437
32365,NSE-CARD,9691,40,4436,4437
32381,NSE-DLKV,10128,8,3892,3901
32381,NSE-OIT,10004,8,4420,4432
32381,NSE-ZABA,9893,8,3814,3826
32395,NSE-SIMP,10038,25,3931,3963
32395,NSE-ZITO,9824,50,3958,3968
32421,NSE-CARD,9688,6,4379,4441
32421,NSE-CARD,9688,2,4379,4443
32421,NSE-CARD,9686,48,4382,4443
32421,NSE-CARD,9686,2,4382,4445
32421,NSE-CARD,9685,98,4384,4445
32421,NSE-CARD,9685,2,4384,4447
32421,NSE-CARD,9685,50,4427,4447
32421,NSE-CARD,9684,98,4386,4447
32422,NSE-CARD,9684,52,4386,4449
32422,NSE-CARD,9684,100,4429,4449
32422,NSE-CARD,9683,48,4388,4449
32422,NSE-CARD,9683,152,4388,4451
32422,NSE-CARD,9679,8,4410,4451
32422,NSE-CARD,9678,1,4413,4451
32422,NSE-CARD,9675,8,4439,4451
32422,NSE-CARD,9674,10,4395,4451
32422,NSE-CARD,9673,50,4354,4451
32422,NSE-CARD,9672,21,4356,4451
32422,NSE-OIT,10006,10,3753,4433
32422,NSE-OIT,10009,10,3769,4433
32422,NSE-OIT,10014,10,3782,4433
32422,NSE-OIT,10014,10,4129,4433
32422,NSE-OIT,10016,10,3204,4433
32422,NSE-OIT,10016,10,4101,4435
32422,NSE-SIMP,10044,50,3932,3964
32422,NSE-SIMP,10044,85,3932,3966
32422,NSE-SIMP,10045,10,2501,3966
32422,NSE-SIMP,10045,5,2564,3966
32422,NSE-SIMP,10045,5,2564,3968
32422,NSE-SIMP,10045,50,3856,3968
32422,NSE-SIMP,10045,8,3914,3968
32422,NSE-SIMP,10045,87,3934,3968
32422,NSE-SIMP,10045,113,3934,3970
32422,NSE-SIMP,10046,10,3150,3970
32422,NSE-SIMP,10046,77,3858,3970
32422,NSE-SIMP,10046,23,3858,3972
32422,NSE-SIMP,10046,227,3936,3972
32423,NSE-ZABA,9870,1,3824,3828
32423,NSE-ZABA,9862,10,1539,3828
32423,NSE-ZABA,9862,8,1580,3828
32423,NSE-ZITO,9825,8,3967,3969
32443,NSE-OIT,10018,50,4435,4444
32443,NSE-ZITO,9830,42,3969,3980
32443,NSE-ZITO,9829,8,3971,3980
32443,NSE-CARD,9695,50,4415,4452
32462,NSE-OIT,10018,10,4435,4445
32507,NSE-SIMP,10038,50,3931,3974
32507,NSE-CARD,9696,5,4370,4455
32507,NSE-CARD,9696,45,4400,4455
32507,NSE-DLKV,10140,1,3904,3913
32521,NSE-DLKV,10136,5,3903,3914
32521,NSE-SIMP,10046,23,3936,3975
32521,NSE-SIMP,10047,27,3437,3975
32521,NSE-SIMP,10047,23,3437,3977
32521,NSE-SIMP,10047,50,3742,3977
32521,NSE-SIMP,10047,27,3860,3977
32521,NSE-SIMP,10047,123,3860,3979
32521,NSE-SIMP,10048,10,2513,3979
32521,NSE-SIMP,10048,17,3439,3979
32521,NSE-SIMP,10048,83,3439,3981
32521,NSE-SIMP,10048,50,3485,3981
32521,NSE-SIMP,10048,67,3744,3981
32521,NSE-SIMP,10048,33,3744,3983
32521,NSE-SIMP,10048,50,3880,3983
32521,NSE-SIMP,10048,8,3962,3983
32521,NSE-SIMP,10049,10,2393,3983
32521,NSE-SIMP,10049,10,2739,3983
32521,NSE-SIMP,10049,10,3112,3983
32521,NSE-SIMP,10049,129,3441,3983
32570,NSE-CARD,9693,10,4456,4467
32570,NSE-DLKV,10137,10,3916,3928
32587,NSE-OIT,9999,50,4447,4456
32587,NSE-ZITO,9827,50,3975,3991
32587,NSE-CARD,9693,40,4456,4469
32587,NSE-CARD,9692,10,4458,4469
32621,NSE-SIMP,10038,5,3931,3988
32621,NSE-ZITO,9829,9,3982,3994
32621,NSE-ZABA,9887,9,3837,3849
32621,NSE-DLKV,10141,8,3931,3932
32622,NSE-OIT,10019,8,3335,4461
32622,NSE-OIT,10020,8,4460,4461
32622,NSE-OIT,10021,10,4061,4461
32622,NSE-SIMP,10049,21,3441,3989
32622,NSE-SIMP,10049,29,3487,3989
32622,NSE-SIMP,10049,71,3487,3991
32622,NSE-SIMP,10049,29,3746,3991
32622,NSE-SIMP,10049,121,3746,3993
32622,NSE-SIMP,10049,29,3882,3993
32622,NSE-SIMP,10049,71,3882,3995
32622,NSE-SIMP,10050,10,3153,3995
32622,NSE-SIMP,10050,10,3176,3995
32622,NSE-SIMP,10050,10,3217,3995
32622,NSE-SIMP,10050,99,3443,3995
32622,NSE-SIMP,10050,101,3443,3997
32622,NSE-SIMP,10050,149,3489,3997
32622,NSE-ZITO,9827,50,3975,3996
32622,NSE-ZITO,9827,100,3975,3998
32622,NSE-ZITO,9826,150,3977,4000
32622,NSE-ZITO,9826,100,3977,4002
32622,NSE-ZITO,9823,100,3989,4002
32622,NSE-ZITO,9823,150,3989,4004
32622,NSE-ZITO,9812,1,3965,4004
32622,NSE-ZITO,9809,8,3992,4004
32648,NSE-CARD,9681,50,4473,4482
32648,NSE-CARD,9679,50,4472,4483
32648,NSE-SIMP,10038,12,3931,4000
32648,NSE-CARD,9682,50,4475,4484
32648,NSE-OIT,10021,3,4461,4471
32667,NSE-CARD,9682,50,4475,4485
32667,NSE-OIT,10021,21,4461,4472
32667,NSE-OIT,10019,9,4463,4472
32721,NSE-DLKV,10162,1,3867,3942
32721,NSE-DLKV,10164,2,3933,3942
32721,NSE-ZITO,9801,5,3995,4007
32721,NSE-ZABA,9881,3,3851,3860
32721,NSE-CARD,9674,8,4470,4489
32721,NSE-CARD,9672,42,4356,4489
32721,NSE-CARD,9672,37,4356,4491
32721,NSE-CARD,9671,63,4358,4491
32721,NSE-CARD,9671,87,4358,4493
32721,NSE-CARD,9668,6,4486,4493
32721,NSE-CARD,9661,50,4442,4493
32721,NSE-CARD,9658,7,4466,4493
32721,NSE-CARD,9658,3,4466,4495
32721,NSE-CARD,9650,8,4061,4495
32721,NSE-CARD,9648,8,4100,4495
32721,NSE-CARD,9631,8,4057,4495
32721,NSE-CARD,9540,8,2836,4495
32721,NSE-CARD,9539,8,2894,4495
32721,NSE-CARD,9531,8,1888,4495
32721,NSE-CARD,9530,8,1594,4495
32721,NSE-CARD,9525,8,1857,4495
32721,NSE-CARD,9525,8,2862,4495
32721,NSE-CARD,9524,8,1632,4495
32721,NSE-CARD,9524,8,1648,4495
32721,NSE-CARD,9522,8,2793,4495
32721,NSE-CARD,9519,10,2907,4495
32721,NSE-CARD,9498,10,2223,4495
32721,NSE-CARD,9490,10,2211,4495
32721,NSE-CARD,9468,10,1551,4495
32721,NSE-CARD,9455,8,1566,4495
32721,NSE-SIMP,10050,1,3489,4001
32721,NSE-SIMP,10050,49,3748,4001
32722,NSE-SIMP,10050,100,3748,4003
32722,NSE-SIMP,10050,51,3748,4005
32722,NSE-SIMP,10050,99,3884,4005
32722,NSE-SIMP,10050,51,3884,4007
32722,NSE-SIMP,10051,8,2158,4007
32722,NSE-SIMP,10051,141,3445,4007
32722,NSE-ZABA,9880,8,3847,3862
32771,NSE-OIT,10022,10,4473,4483
32815,NSE-OIT,10022,40,4473,4485
32815,NSE-OIT,10020,10,4475,4485
32815,NSE-CARD,9454,50,4495,4500
32821,NSE-ZABA,9861,2,3862,3871
32821,NSE-SIMP,10051,4,3445,4012
32821,NSE-DLKV,10163,4,3944,3953
32821,NSE-SIMP,10051,4,3445,4013
32821,NSE-CARD,9450,8,1537,4503
32821,NSE-DLKV,10166,8,3902,3954
32822,NSE-ZITO,9807,50,4004,4019
32822,NSE-ZITO,9807,41,4004,4021
32822,NSE-ZITO,9810,59,4015,4021
32822,NSE-ZITO,9810,141,4015,4023
32831,NSE-SIMP,10050,17,4009,4024
32831,NSE-CARD,9450,42,4503,4512
32831,NSE-CARD,9451,8,4505,4512
32831,NSE-CARD,9451,8,4505,4513
32831,NSE-DLKV,10168,8,3954,3965
32831,NSE-OIT,10017,8,4486,4497
32831,NSE-ZITO,9811,8,4017,4030
32832,NSE-ZITO,9810,9,4023,4033
32832,NSE-ZITO,9809,41,4025,4033
32832,NSE-CARD,9451,50,4505,4515
32921,NSE-ZABA,9877,1,3873,3885
32921,NSE-OIT,10017,6,4486,4498
32922,NSE-SIMP,10051,50,3445,4029
32922,NSE-SIMP,10051,51,3445,4031
32922,NSE-SIMP,10051,49,3491,4031
32922,NSE-SIMP,10051,150,3491,4033
32922,NSE-SIMP,10051,1,3491,4035
32922,NSE-SIMP,10051,50,3501,4035
32922,NSE-SIMP,10051,149,3886,4035
32922,NSE-SIMP,10051,51,3886,4037
32922,NSE-SIMP,10052,100,3503,4037
32922,NSE-SIMP,10053,99,4019,4037
32922,NSE-ZABA,9874,8,3883,3887
32922,NSE-ZITO,9802,50,4014,4035
32922,NSE-ZITO,9802,100,4014,4037
32922,NSE-ZITO,9802,50,4014,4039
32922,NSE-ZITO,9801,100,4016,4039
32922,NSE-ZITO,9801,150,4016,4041
32922,NSE-ZITO,9798,50,4001,4041
32922,NSE-ZITO,9798,150,4001,4043
32922,NSE-ZITO,9797,8,3873,4043
32922,NSE-ZITO,9797,92,4003,4043
32948,NSE-OIT,10010,10,4499,4509
32964,NSE-CARD,9453,50,4518,4528
32964,NSE-CARD,9451,50,4517,4529
32964,NSE-SIMP,10050,200,4009,4040
32996,NSE-DLKV,10144,8,3967,3977
33021,NSE-CARD,9448,8,1484,4533
33021,NSE-OIT,10025,10,4044,4513
33021,NSE-OIT,10026,10,3907,4513
33021,NSE-OIT,10027,8,3085,4513
33021,NSE-OIT,10029,10,3955,4513
33021,NSE-OIT,10032,10,4005,4513
33021,NSE-OIT,10038,2,4512,4513
33022,NSE-SIMP,10050,33,4009,4044
33022,NSE-ZABA,9873,8,3897,3898
33024,NSE-OIT,10036,50,4515,4523
33024,NSE-CARD,9447,42,4533,4542
33024,NSE-CARD,9448,8,4535,4542
33024,NSE-ZITO,9800,50,4048,4057
33039,NSE-DLKV,10167,1,3979,3989
33039,NSE-ZABA,9893,1,3898,3908
33039,NSE-OIT,10036,1,4515,4524
33039,NSE-CARD,9448,50,4535,4543
33054,NSE-CARD,9448,10,4535,4545
33121,NSE-ZITO,9798,8,4047,4058
33121,NSE-DLKV,10169,8,3879,3990
33121,NSE-DLKV,10170,8,3834,3990
33121,NSE-DLKV,10171,8,3822,3990
33121,NSE-DLKV,10171,10,3890,3990
33121,NSE-DLKV,10174,8,3766,3990
33121,NSE-DLKV,10176,8,3925,3990
33121,NSE-OIT,10038,6,4512,4525
33121,NSE-SIMP,10049,50,4048,4056
33121,NSE-SIMP,10049,100,4048,4058
33121,NSE-SIMP,10049,1,4054,4060
33121,NSE-SIMP,10050,149,4050,4060
33121,NSE-SIMP,10050,51,4050,4062
33121,NSE-SIMP,10051,149,4052,4062
33121,NSE-SIMP,10051,101,4052,4064
33121,NSE-SIMP,10053,51,4019,4064
33121,NSE-SIMP,10054,10,2589,4064
33121,NSE-SIMP,10054,88,4021,4064
33122,NSE-ZITO,9797,50,4003,4060
33122,NSE-ZITO,9797,100,4003,4062
33122,NSE-ZITO,9797,8,4003,4064
33122,NSE-ZITO,9796,8,3966,4064
33138,NSE-CARD,9445,1,4549,4558
33152,NSE-ZITO,9792,50,4064,4069
33153,NSE-CARD,9445,49,4549,4560
33153,NSE-CARD,9446,1,4551,4560
33185,NSE-DLKV,10174,8,3992,4001
33201,NSE-OIT,10044,42,4525,4537
33201,NSE-CARD,9446,50,4551,4564
33201,NSE-ZITO,9792,50,4064,4072
33217,NSE-CARD,9446,1,4551,4565
33221,NSE-DLKV,10176,2,3925,4002
33221,NSE-DLKV,10176,5,3978,4002
33221,NSE-CARD,9437,8,4530,4567
33221,NSE-CARD,9437,8,4562,4567
33221,NSE-SIMP,10054,50,4021,4070
33222,NSE-ZABA,9876,8,3920,3921
33222,NSE-ZITO,9804,50,4056,4073
33222,NSE-ZITO,9804,100,4056,4075
33222,NSE-ZITO,9804,100,4056,4077
33222,NSE-ZITO,9811,50,4017,4077
33247,NSE-CARD,9433,34,4567,4577
33247,NSE-CARD,9434,16,4569,4577
33321,NSE-CARD,9431,10,4566,4579
33321,NSE-DLKV,10170,5,4003,4013
33321,NSE-CARD,9434,6,4569,4580
33321,NSE-ZABA,9880,6,3921,3931
33321,NSE-OIT,10027,5,4539,4548
33321,NSE-DLKV,10176,3,3978,4014
33321,NSE-OIT,10008,8,4511,4550
33321,NSE-OIT,9996,8,4536,4550
33321,NSE-SIMP,10054,50,4021,4081
33321,NSE-SIMP,10054,12,4021,4083
33321,NSE-SIMP,10055,88,4023,4083
33321,NSE-SIMP,10055,150,4023,4085
33321,NSE-SIMP,10055,12,4023,4087
33321,NSE-SIMP,10056,8,3987,4087
33321,NSE-SIMP,10057,100,4073,4087
33321,NSE-SIMP,10058,8,4026,4087
33321,NSE-SIMP,10058,72,4075,4087
33321,NSE-SIMP,10058,78,4075,4089
33343,NSE-SIMP,10058,10,4089,4091
33343,NSE-ZITO,9809,50,4081,4095
33343,NSE-CARD,9416,50,4582,4592
33421,NSE-SIMP,10058,50,4089,4094
33421,NSE-SIMP,10058,100,4089,4096
33421,NSE-SIMP,10058,12,4089,4098
33421,NSE-SIMP,10052,138,4074,4098
33421,NSE-SIMP,10052,12,4074,4100
33421,NSE-SIMP,10051,188,4076,4100
33421,NSE-SIMP,10051,12,4076,4102
33421,NSE-SIMP,10050,238,4078,4102
33422,NSE-ZITO,9809,50,4081,4098
33422,NSE-ZITO,9809,100,4081,4100
33422,NSE-ZITO,9809,50,4081,4102
33437,NSE-CARD,9419,50,4595,4604
33483,NSE-SIMP,10050,12,4078,4104
33483,NSE-SIMP,10046,38,4020,4104
33483,NSE-CARD,9420,49,4597,4607
33521,NSE-SIMP,10046,1,4020,4105
33521,NSE-SIMP,10059,2,2700,4106
33521,NSE-CARD,9417,1,4594,4608
33521,NSE-DLKV,10156,7,4025,4034
33521,NSE-SIMP,10046,50,4020,4108
33521,NSE-SIMP,10046,100,4020,4110
33521,NSE-SIMP,10046,11,4020,4112
33521,NSE-SIMP,10045,139,4022,4112
33521,NSE-SIMP,10045,111,4022,4114
33521,NSE-SIMP,10043,89,4047,4114
33521,NSE-SIMP,10043,61,4047,4116
33521,NSE-SIMP,10042,189,4049,4116
33549,NSE-ZITO,9803,50,4109,4118
33549,NSE-CARD,9432,50,4609,4619
33599,NSE-OIT,10026,50,4571,4583
33621,NSE-SIMP,10053,6,4117,4119
33621,NSE-SIMP,10042,11,4049,4121
33621,NSE-SIMP,10041,39,4051,4121
33622,NSE-ZITO,9811,50,4017,4120
33622,NSE-ZITO,9811,100,4017,4122
33622,NSE-ZITO,9811,42,4017,4124
33639,NSE-SIMP,10042,50,4123,4130
33639,NSE-CARD,9431,50,4622,4633
33678,NSE-ZITO,9811,8,4124,4131
33695,NSE-OIT,10031,1,4584,4596
33721,NSE-ZABA,9875,6,3962,3974
33721,NSE-DLKV,10178,2,4046,4057
33721,NSE-SIMP,10041,2,4051,4133
33721,NSE-CARD,9430,8,4634,4637
33721,NSE-DLKV,10159,8,4055,4059
33721,NSE-OIT,10030,8,4594,4598
33721,NSE-SIMP,10041,50,4051,4135
33721,NSE-SIMP,10041,100,4051,4137
33721,NSE-SIMP,10041,59,4051,4139
33722,NSE-ZITO,9814,50,4093,4132
33722,NSE-ZITO,9814,100,4093,4134
33722,NSE-ZITO,9814,100,4093,4136
33722,NSE-ZITO,9818,8,4071,4136
33722,NSE-ZITO,9819,42,4082,4136
33722,NSE-ZITO,9819,200,4082,4138
33722,NSE-ZITO,9819,8,4082,4140
33722,NSE-ZITO,9820,8,4046,4140
33722,NSE-ZITO,9824,50,4140,4143
33782,NSE-CARD,9275,8,4637,4647
33782,NSE-DLKV,10153,8,4059,4068
33821,NSE-SIMP,10039,1,4028,4147
33821,NSE-SIMP,10039,49,4120,4147
33821,NSE-SIMP,10039,1,4120,4149
33821,NSE-SIMP,10038,99,4122,4149
33821,NSE-SIMP,10038,1,4122,4151
33821,NSE-SIMP,10038,8,4144,4151
33821,NSE-SIMP,10037,141,3933,4151
33821,NSE-SIMP,10037,59,3933,4153
33821,NSE-SIMP,10037,141,4124,4153
33821,NSE-SIMP,10037,9,4124,4155
33821,NSE-SIMP,10037,50,4134,4155
33821,NSE-SIMP,10036,191,3935,4155
33822,NSE-ZABA,9859,8,3972,3987
33847,NSE-SIMP,10041,50,4139,4157
33847,NSE-CARD,9283,50,4650,4659
33913,NSE-ZABA,9855,42,3987,3997
33913,NSE-CARD,9284,50,4652,4663
33913,NSE-OIT,10033,49,4610,4621
33921,NSE-ZABA,9854,1,1076,3998
33921,NSE-DLKV,10133,6,4070,4081
33921,NSE-OIT,10009,8,4608,4623
33921,NSE-SIMP,10041,41,4139,4161
33921,NSE-SIMP,10042,9,4123,4161
33921,NSE-SIMP,10042,41,4123,4163
33921,NSE-SIMP,10042,59,4141,4163
33922,NSE-ZABA,9854,7,1076,4000
33922,NSE-ZABA,9854,6,1578,4000
33922,NSE-ZABA,9853,8,992,4000
33922,NSE-ZABA,9852,8,3825,4000
33922,NSE-ZABA,9851,8,1041,4000
33922,NSE-ZABA,9850,3,3101,4000
33922,NSE-ZABA,9847,8,3919,4000
33922,NSE-ZABA,9846,2,1016,4000
33922,NSE-ZITO,9817,8,4155,4157
33954,NSE-SIMP,10041,50,4165,4172
33954,NSE-CARD,9286,50,4664,4676
34021,NSE-OIT,10008,4,4623,4632
34022,NSE-SIMP,10041,50,4165,4174
34022,NSE-SIMP,10041,50,4165,4176
34022,NSE-SIMP,10036,50,3935,4176
34022,NSE-SIMP,10036,9,3935,4178
34022,NSE-SIMP,10036,8,4067,4178
34022,NSE-SIMP,10036,133,4097,4178
34022,NSE-SIMP,10036,17,4097,4180
34022,NSE-SIMP,10036,183,4126,4180
34022,NSE-SIMP,10036,17,4126,4182
34022,NSE-SIMP,10036,100,4136,4182
34022,NSE-SIMP,10035,8,4041,4182
34022,NSE-SIMP,10035,125,4099,4182
34022,NSE-ZABA,9846,6,1016,4010
34022,NSE-ZABA,9846,2,2868,4010
34022,NSE-ZABA,9845,8,1423,4010
34022,NSE-ZABA,9844,8,3896,4010
34022,NSE-ZABA,9841,8,947,4010
34022,NSE-ZABA,9838,8,885,4010
34022,NSE-ZABA,9835,8,933,4010
34022,NSE-CARD,9269,1,4678,4687
34051,NSE-CARD,9269,34,4678,4688
34051,NSE-CARD,9269,10,4678,4690
34068,NSE-CARD,9269,5,4678,4692
34068,NSE-CARD,9270,100,4680,4692
34068,NSE-CARD,9271,150,4682,4692
34068,NSE-CARD,9272,200,4684,4692
34068,NSE-CARD,9273,250,4686,4692
34121,NSE-OIT,10023,6,4633,4644
34121,NSE-DLKV,10126,2,4000,4104
34121,NSE-ZITO,9807,5,4168,4179
34121,NSE-CARD,9268,8,4693,4696
34121,NSE-OIT,10040,8,4609,4645
34121,NSE-OIT,10042,8,4620,4645
34122,NSE-ZITO,9801,1,4096,4181
34122,NSE-ZITO,9791,8,4045,4181
34122,NSE-ZITO,9789,8,4070,4181
34145,NSE-ZITO,9786,33,4181,4190
34145,NSE-ZITO,9787,17,4183,4190
34145,NSE-SIMP,10039,50,4187,4196
34145,NSE-CARD,9263,42,4696,4706
34145,NSE-CARD,9264,8,4698,4706
34204,NSE-OIT,10044,34,4645,4656
34204,NSE-OIT,10042,16,4647,4656
34204,NSE-ZABA,9846,42,4022,4031
34204,NSE-ZITO,9787,50,4183,4191
34204,NSE-ZABA,9846,1,4022,4032
34221,NSE-ZITO,9787,8,4183,4192
34221,NSE-DLKV,10146,5,4106,4117
34221,NSE-ZABA,9846,7,4022,4033
34221,NSE-ZABA,9848,3,4024,4033
34222,NSE-DLKV,10150,8,4103,4118
34222,NSE-SIMP,10037,50,4186,4199
34222,NSE-SIMP,10036,100,4188,4201
34222,NSE-SIMP,10035,75,4099,4203
34222,NSE-SIMP,10035,75,4128,4203
34222,NSE-SIMP,10035,175,4128,4205
34222,NSE-SIMP,10035,25,4138,4205
34222,NSE-SIMP,10035,125,4138,4207
34222,NSE-SIMP,10034,125,4101,4207
34268,NSE-ZITO,9807,50,4194,4203
34268,NSE-SIMP,10040,50,4189,4208
34268,NSE-CARD,9264,50,4709,4718
34282,NSE-DLKV,10160,8,4118,4129
34282,NSE-ZABA,9864,8,4034,4044
34321,NSE-SIMP,10040,7,4189,4212
34322,NSE-SIMP,10034,50,4101,4214
34322,NSE-SIMP,10034,75,4101,4216
34322,NSE-SIMP,10034,8,4131,4216
34322,NSE-SIMP,10034,17,4140,4216
34322,NSE-SIMP,10034,150,4140,4218
34322,NSE-SIMP,10034,33,4140,4220
34322,NSE-SIMP,10032,167,3923,4220
34322,NSE-SIMP,10032,33,3923,4222
34322,NSE-SIMP,10029,100,4109,4222
34322,NSE-SIMP,10028,8,4025,4222
34322,NSE-SIMP,10028,109,4111,4222
34322,NSE-ZITO,9791,8,4204,4207
34322,NSE-ZITO,9783,8,3849,4207
34322,NSE-ZITO,9776,8,4130,4207
34332,NSE-CARD,9270,50,4722,4731
34332,NSE-ZITO,9776,26,4207,4216
34332,NSE-ZITO,9777,24,4209,4216
34332,NSE-OIT,10030,50,4668,4678
34343,NSE-ZITO,9777,1,4209,4217
34356,NSE-CARD,9268,50,4721,4733
34421,NSE-DLKV,10140,1,4130,4140
34421,NSE-CARD,9261,8,4719,4735
34421,NSE-DLKV,10137,1,4116,4142
34421,NSE-SIMP,10028,41,4111,4226
34421,NSE-SIMP,10027,9,4113,4226
34421,NSE-SIMP,10027,100,4113,4228
34421,NSE-SIMP,10027,91,4113,4230
34421,NSE-SIMP,10026,59,4115,4230
34421,NSE-SIMP,10026,191,4115,4232
34421,NSE-SIMP,10025,8,3986,4232
34421,NSE-SIMP,10024,1,4198,4232
34421,NSE-SIMP,10024,49,4198,4234
34421,NSE-SIMP,10023,50,4173,4234
34421,NSE-SIMP,10023,100,4200,4234
34421,NSE-SIMP,10023,8,4210,4234
34421,NSE-SIMP,10022,43,3903,4234
34473,NSE-CARD,9259,42,4735,4744
34473,NSE-CARD,9260,100,4737,4744
34473,NSE-CARD,9261,150,4739,4744
34473,NSE-CARD,9262,200,4741,4744
34473,NSE-CARD,9263,250,4743,4744
34483,NSE-SIMP,10040,43,4189,4235
34501,NSE-ZABA,9859,8,4056,4067
34521,NSE-DLKV,10137,1,4142,4152
34521,NSE-DLKV,10159,8,4151,4153
34522,NSE-SIMP,10022,7,3903,4240
34522,NSE-SIMP,10022,43,4175,4240
34522,NSE-ZITO,9800,8,4232,4233
34553,NSE-OIT,10044,5,4690,4700
34578,NSE-ZITO,9804,42,4233,4244
34578,NSE-ZITO,9803,8,4235,4244
34578,NSE-SIMP,10023,50,4242,4249
34595,NSE-OIT,10044,1,4690,4701
34621,NSE-SIMP,10022,50,4175,4252
34621,NSE-SIMP,10022,7,4175,4254
34621,NSE-SIMP,10022,93,4202,4254
34621,NSE-SIMP,10022,57,4202,4256
34621,NSE-SIMP,10021,93,3905,4256
34621,NSE-SIMP,10021,7,3905,4258
34621,NSE-SIMP,10021,50,4146,4258
34621,NSE-SIMP,10020,143,3907,4258
34621,NSE-SIMP,10020,7,3907,4260
34621,NSE-SIMP,10020,100,4148,4260
34621,NSE-SIMP,10020,50,4239,4260
34621,NSE-SIMP,10019,93,3909,4260
34647,NSE-ZITO,9791,50,4245,4256
34647,NSE-SIMP,10023,50,4242,4262
34671,NSE-CARD,9260,50,4759,4769
34721,NSE-SIMP,10019,6,3909,4265
34721,NSE-CARD,9259,3,4761,4772
34721,NSE-ZITO,9790,4,4247,4258
34721,NSE-CARD,9249,8,4770,4774
34722,NSE-OIT,10047,1,3072,4712
34722,NSE-OIT,10050,8,4643,4712
34722,NSE-OIT,10051,1,742,4712
34722,NSE-OIT,10051,10,2334,4712
34722,NSE-OIT,10052,10,2303,4712
34722,NSE-SIMP,10019,50,3909,4267
34722,NSE-SIMP,10019,51,3909,4269
34722,NSE-SIMP,10019,49,4150,4269
34722,NSE-SIMP,10019,101,4150,4271
34722,NSE-SIMP,10019,49,4241,4271
34722,NSE-SIMP,10019,51,4241,4273
34722,NSE-SIMP,10018,149,3911,4273
34722,NSE-SIMP,10018,101,3911,4275
34722,NSE-SIMP,10018,8,3961,4275
34722,NSE-SIMP,10018,141,4152,4275
34739,NSE-CARD,9102,1,4774,4784
34739,NSE-ZITO,9793,50,4260,4269
34796,NSE-OIT,10052,20,4712,4723
34796,NSE-OIT,10050,24,4714,4723
34821,NSE-DLKV,10161,5,4176,4186
34821,NSE-ZABA,9856,10,4089,4100
34821,NSE-DLKV,10174,1,4102,4187
34821,NSE-OIT,10009,8,4667,4725
34822,NSE-SIMP,10018,50,4152,4281
34822,NSE-SIMP,10018,9,4152,4283
34822,NSE-SIMP,10017,46,3871,4283
34822,NSE-SIMP,10017,45,4154,4283
34822,NSE-SIMP,10017,150,4154,4285
34822,NSE-SIMP,10017,55,4154,4287
34822,NSE-SIMP,10016,50,4213,4287
34822,NSE-SIMP,10015,50,3842,4287
34822,NSE-SIMP,10015,8,3913,4287
34822,NSE-SIMP,10015,37,4215,4287
34822,NSE-SIMP,10015,63,4215,4289
34822,NSE-SIMP,10014,50,3818,4289
34822,NSE-SIMP,10014,100,3844,4289
34822,NSE-SIMP,10013,37,3711,4289
34822,NSE-ZITO,9771,8,3813,4272
34822,NSE-ZITO,9770,8,4231,4272
34822,NSE-ZITO,9764,8,3762,4272
34843,NSE-ZITO,9760,26,4272,4281
34843,NSE-ZITO,9761,24,4274,4281
34843,NSE-SIMP,10034,1,4276,4290
34843,NSE-SIMP,10042,49,4141,4290
34843,NSE-CARD,9108,50,4787,4796
34861,NSE-CARD,9109,8,4789,4798
34862,NSE-DLKV,10174,8,4187,4197
34862,NSE-OIT,10007,8,4725,4734
34862,NSE-ZABA,9863,8,4101,4112
34862,NSE-ZITO,9761,8,4274,4282
34921,NSE-ZITO,9759,8,3661,4284
34921,NSE-SIMP,10042,8,4141,4293
34964,NSE-SIMP,10016,50,4295,4304
34964,NSE-CARD,9109,50,4800,4811
35021,NSE-ZABA,9859,4,4115,4125
35021,NSE-SIMP,10017,6,4297,4306
35021,NSE-SIMP,10014,50,4294,4308
35021,NSE-SIMP,10013,21,3711,4310
35021,NSE-SIMP,10013,79,3820,4310
35021,NSE-SIMP,10013,21,3820,4312
35021,NSE-SIMP,10013,129,3846,4312
35021,NSE-SIMP,10013,21,3846,4314
35021,NSE-SIMP,10012,8,3790,4314
35021,NSE-SIMP,10012,150,3822,4314
35021,NSE-SIMP,10012,21,3848,4314
35021,NSE-SIMP,10012,179,3848,4316
35021,NSE-SIMP,10012,8,3877,4316
35021,NSE-SIMP,10011,8,3815,4316
35021,NSE-SIMP,10011,55,3824,4316
35022,NSE-ZABA,9847,1,4113,4127
35034,NSE-SIMP,10042,50,4141,4317
35034,NSE-CARD,9118,50,4813,4823
35049,NSE-CARD,9117,10,4815,4825
35121,NSE-ZITO,9774,4,4307,4308
35121,NSE-ZABA,9839,8,4127,4137
35121,NSE-OIT,10014,2,4747,4758
35121,NSE-CARD,9107,10,4824,4828
35121,NSE-OIT,9989,8,4459,4760
35121,NSE-OIT,9983,8,4496,4760
35121,NSE-OIT,9970,8,4376,4760
35121,NSE-OIT,9970,8,4431,4760
35121,NSE-OIT,9970,5,4722,4760
35122,NSE-SIMP,10020,1,4320,4322
35132,NSE-SIMP,10012,49,4322,4331
35132,NSE-SIMP,10013,100,4324,4331
35132,NSE-SIMP,10014,51,4326,4331
35132,NSE-OIT,9970,13,4760,4769
35132,NSE-OIT,9971,37,4762,4769
35132,NSE-ZITO,9759,50,4310,4319
35132,NSE-SIMP,10014,7,4326,4332
35132,NSE-CARD,9106,40,4828,4837
35132,NSE-CARD,9107,10,4830,4837
35221,NSE-OIT,9968,2,4404,4771
35221,NSE-CARD,9104,7,4827,4840
35221,NSE-DLKV,10146,8,4174,4230
35252,NSE-ZITO,9769,50,4322,4331
35252,NSE-CARD,9107,50,4842,4851
35252,NSE-ZITO,9770,1,4324,4333
35309,NSE-CARD,9108,50,4844,4853
35321,NSE-CARD,9104,8,4854,4857
35322,NSE-ZABA,9829,1,921,4163
35322,NSE-ZITO,9761,1,4334,4337
35409,NSE-CARD,9095,42,4857,4866
35409,NSE-CARD,9096,100,4859,4866
35409,NSE-CARD,9097,37,4861,4866
35410,NSE-OIT,9970,50,4784,4796
35410,NSE-ZITO,9759,49,4337,4346
35410,NSE-ZITO,9760,1,4339,4346
35410,NSE-ZITO,9758,1,3699,4347
35410,NSE-CARD,9097,50,4861,4867
35421,NSE-CARD,9097,8,4861,4869
35421,NSE-DLKV,10126,6,4000,4250
35421,NSE-DLKV,10123,1,4240,4250
35421,NSE-DLKV,10120,8,2590,4252
35421,NSE-DLKV,10119,8,3964,4252
35421,NSE-OIT,10010,1,4794,4797
35422,NSE-SIMP,10011,50,3824,4359
35422,NSE-SIMP,10011,95,3824,4361
35422,NSE-SIMP,10011,5,3889,4361
35422,NSE-SIMP,10011,3,3889,4363
35422,NSE-SIMP,10011,50,4251,4363
35422,NSE-SIMP,10010,8,3852,4363
35422,NSE-SIMP,10010,50,3891,4363
35422,NSE-SIMP,10010,39,4253,4363
35422,NSE-SIMP,10010,61,4253,4365
35438,NSE-ZITO,9766,50,4349,4358
35438,NSE-CARD,9109,50,4870,4880
35467,NSE-ZITO,9767,8,4351,4360
35521,NSE-DLKV,10115,4,4252,4261
35521,NSE-SIMP,10009,2,3699,4368
35521,NSE-OIT,10018,1,4798,4808
35521,NSE-ZABA,9828,8,4172,4182
35522,NSE-ZITO,9774,4,4307,4361
35571,NSE-ZITO,9781,46,4361,4372
35571,NSE-ZITO,9780,4,4363,4372
35571,NSE-CARD,9104,50,4881,4891
35572,NSE-CARD,9106,1,4882,4892
35621,NSE-OIT,10010,3,4809,4821
35621,NSE-ZITO,9780,3,4363,4373
35621,NSE-CARD,9106,1,4882,4893
35621,NSE-SIMP,10019,50,4369,4381
35621,NSE-ZABA,9851,8,4161,4193
35622,NSE-SIMP,10010,8,4383,4390
35622,NSE-ZITO,9770,50,4374,4385
35622,NSE-SIMP,10009,6,3699,4391
35622,NSE-SIMP,10009,44,3893,4391
35622,NSE-CARD,9118,50,4894,4904
35652,NSE-OIT,10003,8,4822,4832
35698,NSE-SIMP,10010,1,4383,4394
35714,NSE-CARD,9117,50,4896,4908
35721,NSE-ZABA,9854,3,4193,4205
35721,NSE-ZITO,9769,4,4376,4388
35721,NSE-OIT,10003,3,4822,4833
35721,NSE-CARD,9119,8,4906,4909
35721,NSE-CARD,9121,8,4826,4909
35721,NSE-CARD,9132,8,4855,4909
35721,NSE-CARD,9274,8,4799,4909
35721,NSE-CARD,9276,8,4747,4909
35721,NSE-CARD,9277,8,4771,4909
35721,NSE-CARD,9283,2,4691,4909
35721,NSE-CARD,9283,8,4691,4911
35721,NSE-CARD,9289,8,4720,4911
35721,NSE-CARD,9296,8,4694,4911
35721,NSE-SIMP,10010,50,4383,4396
35721,NSE-SIMP,10010,41,4383,4398
35721,NSE-SIMP,10021,50,4370,4398
35721,NSE-SIMP,10027,8,4393,4398
35721,NSE-SIMP,10028,1,4356,4398
35721,NSE-SIMP,10028,9,4356,4400
35721,NSE-ZABA,9832,1,4204,4207
35721,NSE-ZABA,9812,8,898,4207
35722,NSE-ZITO,9773,8,4386,4389
35722,NSE-ZITO,9788,8,4335,4389
35727,NSE-SIMP,10028,46,4400,4406
35728,NSE-SIMP,10028,10,4400,4407
35821,NSE-DLKV,10127,4,4285,4294
35821,NSE-CARD,9400,9,4910,4919
35821,NSE-ZABA,9809,8,1778,4216
35821,NSE-OIT,9993,1,4820,4845
35824,NSE-SIMP,10011,50,4408,4418
35824,NSE-CARD,9368,50,4920,4931
35877,NSE-CARD,9367,8,4922,4933
35877,NSE-DLKV,10130,8,4296,4305
35877,NSE-OIT,9980,8,4845,4854
35877,NSE-ZABA,9819,8,4218,4227
35877,NSE-ZITO,9797,8,4399,4411
35921,NSE-CARD,9370,7,4921,4934
35921,NSE-ZITO,9799,1,4400,4412
35921,NSE-SIMP,10009,50,3893,4422
35943,NSE-CARD,9369,50,4936,4945
36019,NSE-OIT,10015,42,4857,4867
36021,NSE-SIMP,10009,3,3893,4432
36021,NSE-DLKV,10147,2,4309,4319
36032,NSE-CARD,9374,10,4947,4958
36045,NSE-ZITO,9793,50,4426,4435
36045,NSE-SIMP,10021,50,4433,4444
36045,NSE-CARD,9374,40,4947,4960
36045,NSE-CARD,9373,10,4949,4960
36088,NSE-DLKV,10143,8,4320,4331
36088,NSE-OIT,10013,8,4868,4880
36088,NSE-ZABA,9840,8,4240,4251
36121,NSE-DLKV,10143,5,4320,4332
36121,NSE-DLKV,10115,1,4283,4334
36121,NSE-SIMP,10023,50,4434,4447
36121,NSE-SIMP,10024,8,4420,4449
36121,NSE-SIMP,10026,8,4446,4449
36125,NSE-ZITO,9788,50,4440,4449
36125,NSE-SIMP,10028,50,4449,4458
36125,NSE-CARD,9374,50,4963,4974
36221,NSE-ZABA,9833,2,4253,4262
36221,NSE-SIMP,10031,5,4448,4459
36221,NSE-ZITO,9786,1,4439,4451
36221,NSE-SIMP,10031,7,4448,4460
36221,NSE-SIMP,10031,9,4448,4461
36221,NSE-CARD,9368,10,4957,4976
36221,NSE-CARD,9354,8,4961,4976
36221,NSE-OIT,9968,6,4404,4893
36221,NSE-OIT,9966,8,4330,4893
36221,NSE-OIT,9964,8,4879,4893
36221,NSE-SIMP,10031,29,4448,4462
36221,NSE-SIMP,10032,21,4397,4462
36236,NSE-ZITO,9789,50,4453,4462
36237,NSE-SIMP,10031,50,4464,4473
36237,NSE-CARD,9354,32,4976,4985
36237,NSE-CARD,9355,18,4978,4985
36237,NSE-DLKV,10125,43,4344,4353
36265,NSE-CARD,9355,8,4978,4987
36265,NSE-DLKV,10125,7,4344,4355
36265,NSE-DLKV,10127,1,4346,4355
36265,NSE-OIT,9964,8,4893,4902
36265,NSE-ZABA,9827,8,4264,4273
36318,NSE-ZITO,9790,50,4455,4466
36318,NSE-CARD,9355,50,4978,4989
36321,NSE-OIT,9963,6,4348,4904
36321,NSE-DLKV,10121,9,4343,4357
36321,NSE-OIT,9964,6,4893,4905
36321,NSE-DLKV,10112,8,4330,4359
36321,NSE-DLKV,10111,8,4128,4359
36321,NSE-DLKV,10110,8,3930,4359
36321,NSE-DLKV,10106,8,2373,4359
36344,NSE-OIT,9987,50,4907,4916
36344,NSE-ZITO,9801,50,4467,4478
36344,NSE-SIMP,10024,50,4477,4486
36344,NSE-CARD,9358,50,4991,5000
36365,NSE-SIMP,10022,1,4476,4488
36421,NSE-ZABA,9849,9,4276,4285
36421,NSE-CARD,9356,7,4990,5002
36421,NSE-SIMP,10022,4,4476,4489
36421,NSE-ZABA,9845,2,4275,4286
36422,NSE-DLKV,10104,8,2419,4369
36422,NSE-DLKV,10103,8,2564,4369
36423,NSE-ZITO,9789,50,4479,4490
36423,NSE-SIMP,10032,29,4397,4500
36423,NSE-SIMP,10031,50,4490,4501
36423,NSE-CARD,9375,50,5003,5014
36450,NSE-ZABA,9851,8,4287,4297
36514,NSE-OIT,9989,1,4918,4929
36521,NSE-CARD,9376,1,5016,5018
36521,NSE-OIT,9963,2,4348,4931
36522,NSE-ZITO,9802,8,4492,4493
36621,NSE-DLKV,10124,4,4380,4390
36621,NSE-ZITO,9806,1,4283,4503
36621,NSE-SIMP,10022,45,4476,4514
36622,NSE-ZITO,9783,8,4437,4505
36629,NSE-DLKV,10110,30,4391,4401
36629,NSE-OIT,9973,50,4941,4950
36629,NSE-ZITO,9779,42,4505,4514
36629,NSE-ZITO,9780,8,4507,4514
36629,NSE-SIMP,10020,5,4514,4523
36629,NSE-SIMP,10021,45,4516,4523
36629,NSE-CARD,9357,50,5028,5037
36697,NSE-OIT,9974,50,4943,4952
36697,NSE-ZITO,9780,50,4507,4516
36721,NSE-ZITO,9780,2,4507,4518
36721,NSE-CARD,9355,5,5027,5041
36721,NSE-CARD,9367,8,5040,5042
36721,NSE-CARD,9382,8,4962,5042
36721,NSE-CARD,9388,8,4988,5042
36721,NSE-CARD,9388,8,5015,5042
36722,NSE-ZITO,9777,8,4464,4520
36722,NSE-ZITO,9772,1,4424,4520
36722,NSE-ZITO,9772,8,4491,4520
36740,NSE-SIMP,10034,50,4526,4537
36740,NSE-CARD,9408,18,5042,5053
36740,NSE-CARD,9407,32,5044,5053
36740,NSE-OIT,9958,50,4955,4965
36740,NSE-ZITO,9772,33,4520,4530
36740,NSE-ZITO,9773,17,4522,4530
36740,NSE-SIMP,10036,8,4475,4538
36740,NSE-SIMP,10036,42,4527,4538
36740,NSE-CARD,9407,50,5044,5055
36783,NSE-ZABA,9818,1,4320,4329
36783,NSE-DLKV,10118,1,4404,4413
36821,NSE-ZITO,9773,5,4522,4532
36821,NSE-DLKV,10128,8,4379,4414
36822,NSE-OIT,9945,8,4263,4968
36822,NSE-SIMP,10036,8,4527,4540
36830,NSE-OIT,9941,42,4968,4977
36830,NSE-OIT,9942,3,4970,4977
36840,NSE-OIT,9942,50,4970,4979
36840,NSE-ZITO,9771,50,4534,4543
36840,NSE-SIMP,10036,42,4540,4551
36840,NSE-SIMP,10035,8,4542,4551
36840,NSE-CARD,9391,50,5056,5067
36921,NSE-ZITO,9769,1,4533,4545
36921,NSE-DLKV,10133,1,4415,4425
36921,NSE-OIT,9942,6,4970,4981
36921,NSE-CARD,9393,4,5057,5068
36922,NSE-SIMP,10035,50,4542,4553
36922,NSE-SIMP,10035,42,4542,4555
36922,NSE-ZABA,9809,2,1778,4342
36922,NSE-ZABA,9802,8,4250,4342
36954,NSE-ZITO,9766,1,4547,4556
36955,NSE-OIT,9950,50,4983,4992
36955,NSE-ZITO,9766,1,4547,4557
36955,NSE-SIMP,10034,50,4555,4562
36955,NSE-SIMP,10033,50,4528,4563
36955,NSE-CARD,9428,50,5069,5080
36955,NSE-OIT,9951,31,4985,4994
37021,NSE-SIMP,10033,9,4528,4564
37022,NSE-SIMP,10033,41,4528,4566
37022,NSE-SIMP,10031,9,4552,4566
37022,NSE-SIMP,10031,41,4552,4568
37022,NSE-SIMP,10030,59,4554,4568
37022,NSE-SIMP,10030,41,4554,4570
37022,NSE-SIMP,10018,50,4513,4570
37050,NSE-CARD,9414,8,5081,5092
37050,NSE-OIT,9950,8,4997,5006
37050,NSE-SIMP,10011,8,4570,4575
37050,NSE-ZABA,9811,8,4352,4361
37050,NSE-ZITO,9756,8,4559,4568
37051,NSE-CARD,9414,10,5081,5094
37069,NSE-SIMP,10011,50,4570,4577
37069,NSE-CARD,9414,32,5081,5096
37069,NSE-CARD,9413,18,5083,5096
37069,NSE-OIT,9948,50,4996,5010
37121,NSE-CARD,9413,1,5083,5097
37121,NSE-ZABA,9807,1,4351,4363
37121,NSE-CARD,9413,4,5083,5098
37122,NSE-SIMP,10034,8,4555,4579
37123,NSE-SIMP,10036,1,4579,4589
37139,NSE-OIT,9945,50,5012,5023
37139,NSE-SIMP,10036,41,4579,4591
37139,NSE-SIMP,10035,9,4581,4591
37200,NSE-CARD,9429,8,5099,5112
37201,NSE-SIMP,10035,8,4581,4592
37221,NSE-ZABA,9825,7,4364,4376
37221,NSE-CARD,9429,2,5099,5113
37221,NSE-SIMP,10038,50,4541,4593
37321,NSE-ZITO,9765,2,4581,4591
37321,NSE-ZITO,9765,6,4581,4592
37321,NSE-SIMP,10038,7,4595,4603
37321,NSE-DLKV,10112,8,4447,4470
37321,NSE-DLKV,10127,8,4459,4470
37321,NSE-DLKV,10139,8,4402,4470
37321,NSE-OIT,9942,1,5021,5038
37401,NSE-OIT,9940,49,5038,5047
37401,NSE-OIT,9941,1,5040,5047
37401,NSE-SIMP,10040,50,4604,4616
37421,NSE-OIT,9938,7,5037,5049
37421,NSE-DLKV,10148,6,4471,4480
37421,NSE-DLKV,10148,6,4471,4481
37496,NSE-SIMP,10022,50,4618,4627
37496,NSE-CARD,9425,50,5136,5145
37496,NSE-OIT,9948,50,5050,5062
37521,NSE-ZABA,9813,4,4398,4408
37521,NSE-ZABA,9811,1,4407,4409
37521,NSE-ZABA,9809,8,4397,4409
37521,NSE-ZABA,9813,5,4398,4410
37521,NSE-ZABA,9813,6,4398,4411
37521,NSE-ZITO,9767,2,4603,4613
37522,NSE-ZITO,9755,8,4410,4615
37522,NSE-ZITO,9754,8,3676,4615
37532,NSE-OIT,9942,50,5064,5073
37532,NSE-SIMP,10029,50,4630,4639
37532,NSE-SIMP,10030,50,4632,4641
37532,NSE-OIT,9940,50,5063,5076
37551,NSE-CARD,9445,25,5146,5158
37616,NSE-CARD,9445,8,5146,5160
37616,NSE-DLKV,10136,8,4492,4503
37621,NSE-DLKV,10136,8,4492,4504
37621,NSE-DLKV,10136,7,4492,4505
37621,NSE-ZABA,9812,4,4422,4424
37621,NSE-CARD,9446,8,4648,5161
37621,NSE-CARD,9446,8,4662,5161
37621,NSE-CARD,9450,10,4546,5161
37633,NSE-SIMP,10025,50,4645,4656
37633,NSE-CARD,9455,24,5161,5172
37633,NSE-CARD,9454,26,5163,5172
37633,NSE-OIT,9951,50,5079,5090
37649,NSE-CARD,9454,1,5163,5173
37649,NSE-ZITO,9760,1,4626,4635
37721,NSE-OIT,9953,4,5080,5091
37721,NSE-DLKV,10135,4,4507,4517
37721,NSE-ZITO,9760,8,4626,4636
37721,NSE-SIMP,10027,8,4646,4657
37722,NSE-SIMP,10021,8,4643,4659
37723,NSE-ZABA,9834,8,4375,4435
37723,NSE-ZABA,9839,8,4318,4435
37723,NSE-ZABA,9841,8,4423,4435
37723,NSE-ZABA,9856,8,4274,4435
37723,NSE-ZITO,9751,8,3749,4638
37723,NSE-ZITO,9744,8,3700,4638
37763,NSE-OIT,9938,50,5093,5103
37763,NSE-SIMP,10016,42,4659,4668
37763,NSE-SIMP,10017,8,4661,4668
37763,NSE-CARD,9423,50,5175,5184
37781,NSE-CARD,9424,8,5177,5186
37781,NSE-DLKV,10118,8,4519,4528
37781,NSE-ZABA,9856,8,4435,4446
37821,NSE-ZITO,9742,7,4638,4649
37821,NSE-ZITO,9740,7,4637,4650
37821,NSE-CARD,9415,8,5159,5189
37822,NSE-OIT,9955,8,5106,5107
37852,NSE-SIMP,10027,50,4672,4682
37852,NSE-CARD,9413,42,5189,5198
37852,NSE-CARD,9414,8,5191,5198
37852,NSE-OIT,9957,42,5107,5118
37852,NSE-OIT,9956,8,5109,5118
37921,NSE-DLKV,10103,1,4516,4541
37921,NSE-DLKV,10096,8,4458,4541
37921,NSE-DLKV,10096,8,4502,4541
37921,NSE-OIT,9959,8,5078,5119
37951,NSE-SIMP,10019,50,4683,4694
37951,NSE-CARD,9424,50,5200,5211
37951,NSE-OIT,9966,42,5119,5130
37951,NSE-OIT,9965,8,5121,5130
38021,NSE-ZITO,9755,6,4662,4671
38021,NSE-CARD,9426,3,5201,5212
38021,NSE-CARD,9426,9,5201,5213
38021,NSE-OIT,9965,4,5121,5131
38021,NSE-SIMP,10021,1,4684,4695
38021,NSE-SIMP,10021,1,4684,4696
38021,NSE-CARD,9423,9,5202,5214
38021,NSE-SIMP,10018,3,4685,4697
38021,NSE-CARD,9423,5,5202,5215
38021,NSE-OIT,9978,8,4953,5132
38021,NSE-OIT,9983,10,5008,5132
38022,NSE-ZITO,9766,8,4648,4672
38056,NSE-SIMP,10040,50,4698,4708
38056,NSE-CARD,9414,50,5217,5226
38056,NSE-CARD,9412,50,5216,5227
38056,NSE-OIT,9983,32,5132,5143
38056,NSE-OIT,9982,18,5134,5143
38093,NSE-SIMP,10039,1,4700,4709
38110,NSE-DLKV,10125,8,4550,4560
38122,NSE-OIT,9985,10,5022,5144
38122,NSE-OIT,9987,8,5025,5144
38162,NSE-SIMP,10028,50,4710,4721
38162,NSE-CARD,9408,50,5229,5238
38162,NSE-OIT,9991,32,5144,5155
38162,NSE-OIT,9990,18,5146,5155
38190,NSE-CARD,9409,10,5231,5240
38190,NSE-OIT,9990,8,5146,5157
38221,NSE-SIMP,10027,6,4712,4724
38221,NSE-ZABA,9859,7,4203,4490
38221,NSE-ZABA,9859,1,4203,4491
38221,NSE-ZABA,9860,5,4479,4491
38221,NSE-CARD,9408,8,5242,5246
38221,NSE-SIMP,10030,8,4723,4725
38222,NSE-ZABA,9863,1,4159,4492
38222,NSE-ZITO,9755,8,4693,4694
38231,NSE-ZABA,9865,49,4492,4502
38231,NSE-ZABA,9863,1,4494,4502
38231,NSE-OIT,9981,50,5159,5168
38231,NSE-CARD,9407,42,5246,5255
38231,NSE-CARD,9408,8,5248,5255
38231,NSE-CARD,9408,1,5248,5257
38278,NSE-CARD,9408,8,5248,5258
38278,NSE-ZITO,9768,8,4694,4704
38321,NSE-OIT,9979,6,5158,5172
38321,NSE-DLKV,10106,4,4573,4586
38321,NSE-ZITO,9768,8,4694,4705
38322,NSE-DLKV,10108,8,4585,4587
38322,NSE-OIT,9992,10,5102,5173
38322,NSE-OIT,9994,10,4995,5173
38322,NSE-OIT,9994,10,5036,5173
38351,NSE-SIMP,10033,50,4738,4748
38351,NSE-CARD,9410,50,5260,5271
38351,NSE-OIT,9996,20,5173,5184
38351,NSE-OIT,9995,30,5175,5184
38351,NSE-CARD,9409,8,5262,5272
38416,NSE-ZITO,9742,1,4707,4716
38421,NSE-ZABA,9850,1,4506,4517
38421,NSE-ZITO,9742,6,4707,4717
38421,NSE-SIMP,10032,6,4740,4749
38421,NSE-ZABA,9846,1,4505,4518
38421,NSE-DLKV,10131,7,4572,4597
38422,NSE-OIT,9997,10,4978,5185
38422,NSE-OIT,10002,8,5007,5185
38422,NSE-OIT,10003,8,4928,5185
38468,NSE-SIMP,10033,50,4751,4760
38468,NSE-CARD,9396,50,5274,5283
38468,NSE-OIT,10015,24,5185,5196
38468,NSE-OIT,10013,26,5187,5196
38512,NSE-OIT,10013,20,5187,5197
38512,NSE-SIMP,10031,20,4750,4762
38521,NSE-ZABA,9851,1,4516,4529
38521,NSE-ZABA,9851,5,4520,4529
38521,NSE-ZABA,9847,9,4519,4530
38521,NSE-CARD,9413,10,5241,5285
38522,NSE-SIMP,10013,8,4670,4764
38522,NSE-SIMP,10011,1,4614,4764
38522,NSE-SIMP,10009,41,4225,4764
38522,NSE-SIMP,10009,9,4225,4766
38522,NSE-SIMP,10008,91,4227,4766
38522,NSE-SIMP,10008,9,4227,4768
38522,NSE-SIMP,10007,8,3937,4768
38522,NSE-SIMP,10007,50,4380,4768
38522,NSE-SIMP,10007,50,4421,4768
38522,NSE-SIMP,10007,33,4565,4768
38522,NSE-SIMP,10007,17,4565,4770
38522,NSE-SIMP,10006,100,4382,4770
38522,NSE-SIMP,10006,8,4474,4770
38522,NSE-SIMP,10006,75,4567,4770
38522,NSE-ZABA,9842,8,4488,4532
38523,NSE-ZITO,9777,8,4624,4729
38548,NSE-CARD,9421,8,5285,5296
38548,NSE-DLKV,10128,8,4608,4619
38548,NSE-SIMP,10007,8,4772,4773
38548,NSE-ZABA,9826,8,4532,4541
38548,NSE-ZITO,9788,8,4729,4740
38548,NSE-OIT,9993,50,5199,5209
38548,NSE-SIMP,10007,50,4772,4775
38548,NSE-CARD,9421,32,5285,5298
38548,NSE-CARD,9420,18,5287,5298
38621,NSE-SIMP,10034,8,4737,4777
38656,NSE-SIMP,10040,42,4777,4788
38656,NSE-SIMP,10039,8,4779,4788
38656,NSE-CARD,9413,50,5299,5310
38672,NSE-CARD,9412,8,5301,5311
38672,NSE-SIMP,10039,20,4779,4789
38672,NSE-SIMP,10039,20,4779,4790
38672,NSE-CARD,9412,10,5301,5313
38701,NSE-CARD,9412,8,5301,5315
38721,NSE-SIMP,10039,4,4779,4793
38721,NSE-CARD,9436,8,5243,5316
38721,NSE-CARD,9438,8,5259,5316
38721,NSE-CARD,9458,8,4635,5316
38721,NSE-CARD,9459,8,5187,5316
38721,NSE-CARD,9466,8,4531,5316
38721,NSE-CARD,9466,8,4563,5316
38722,NSE-ZABA,9834,8,4554,4558
38796,NSE-SIMP,10033,50,4794,4805
38796,NSE-CARD,9486,2,5316,5327
38796,NSE-CARD,9485,48,5318,5327
38796,NSE-OIT,10008,50,5224,5235
38796,NSE-SIMP,10032,20,4796,4806
38796,NSE-CARD,9485,20,5318,5328
38796,NSE-SIMP,10032,20,4796,4807
38821,NSE-SIMP,10035,6,4795,4808
38821,NSE-ZITO,9756,7,4753,4764
38821,NSE-SIMP,10035,6,4795,4809
38821,NSE-CARD,9488,1,5317,5329
38821,NSE-OIT,10012,9,5225,5238
38821,NSE-SIMP,10032,2,4796,4810
38822,NSE-DLKV,10131,1,4572,4646
38822,NSE-DLKV,10131,1,4583,4646
38822,NSE-DLKV,10145,8,4633,4646
38839,NSE-ZABA,9853,20,4567,4577
38880,NSE-OIT,10009,10,5239,5249
38895,NSE-OIT,10009,40,5239,5250
38921,NSE-ZABA,9857,9,4568,4579
38921,NSE-ZABA,9853,2,4567,4580
38921,NSE-CARD,9498,7,5330,5341
38921,NSE-SIMP,10027,6,4811,4823
38921,NSE-OIT,10007,7,5241,5251
38922,NSE-OIT,10000,8,5222,5253
38922,NSE-SIMP,10017,8,4791,4825
38941,NSE-OIT,9995,42,5253,5262
38941,NSE-OIT,9996,8,5255,5262
38941,NSE-SIMP,10016,42,4825,4835
38941,NSE-SIMP,10017,8,4827,4835
38941,NSE-CARD,9477,50,5343,5352
38941,NSE-CARD,9475,1,5342,5353
39021,NSE-DLKV,10114,8,4632,4668
39022,NSE-ZABA,9863,8,4555,4591
39022,NSE-ZABA,9865,8,4504,4591
39022,NSE-ZABA,9867,8,4362,4591
39022,NSE-ZABA,9869,8,3996,4591
39022,NSE-ZABA,9869,8,4020,4591
39022,NSE-ZABA,9870,8,4228,4591
39022,NSE-ZABA,9872,2,4489,4591
39022,NSE-ZABA,9872,6,4489,4593
39022,NSE-ZABA,9875,1,4019,4593
39022,NSE-ZABA,9878,8,4542,4593
39022,NSE-ZABA,9879,8,4136,4593
39022,NSE-ZABA,9880,8,4088,4593
39022,NSE-ZABA,9880,10,4111,4593
39022,NSE-ZABA,9882,10,4148,4593
39023,NSE-ZITO,9769,8,4752,4785
39023,NSE-CARD,9490,20,5354,5364
39023,NSE-CARD,9490,20,5354,5365
39023,NSE-CARD,9490,10,5354,5366
39023,NSE-CARD,9489,10,5356,5366
39023,NSE-ZABA,9882,20,4593,4601
39023,NSE-DLKV,10111,40,4668,4677
39036,NSE-CARD,9489,8,5356,5368
39036,NSE-OIT,9985,8,5265,5275
39036,NSE-ZABA,9882,8,4593,4603
39036,NSE-ZITO,9774,8,4785,4798
39036,NSE-OIT,9985,42,5265,5277
39036,NSE-OIT,9986,8,5267,5277
39036,NSE-SIMP,10027,50,4838,4851
39036,NSE-CARD,9492,50,5355,5369
39110,NSE-CARD,9489,20,5356,5370
39110,NSE-CARD,9489,20,5356,5371
39110,NSE-ZABA,9882,20,4593,4604
39121,NSE-ZABA,9882,1,4593,4605
39121,NSE-ZABA,9880,8,4595,4605
39121,NSE-ZITO,9776,5,4786,4800
39121,NSE-OIT,9998,10,5274,5279
39147,NSE-SIMP,10024,8,4849,4866
39147,NSE-SIMP,10023,42,4855,4866
39147,NSE-CARD,9496,50,5373,5384
39147,NSE-OIT,10005,40,5279,5291
39147,NSE-OIT,10003,10,5281,5291
39194,NSE-DLKV,10119,8,4683,4696
39194,NSE-ZABA,9829,8,4607,4617
39194,NSE-ZITO,9784,8,4801,4813
39221,NSE-DLKV,10119,1,4683,4698
39221,NSE-DLKV,10119,1,4683,4699
39247,NSE-CARD,9484,5,5385,5398
39247,NSE-DLKV,10108,1,4621,4711
39247,NSE-OIT,10012,5,5294,5305
39247,NSE-ZABA,9839,5,4620,4629
39247,NSE-ZITO,9780,5,4816,4827
39282,NSE-SIMP,10027,50,4870,4881
39282,NSE-CARD,9486,50,5388,5400
39282,NSE-OIT,10012,45,5294,5307
39282,NSE-OIT,10010,5,5296,5307
39321,NSE-ZITO,9782,1,4817,4828
39321,NSE-DLKV,10106,2,4694,4713
39321,NSE-DLKV,10108,2,4711,4714
39321,NSE-CARD,9484,3,5385,5403
39321,NSE-DLKV,10108,2,4711,4715
39321,NSE-OIT,9994,8,5292,5309
39321,NSE-OIT,9980,5,5304,5309
39322,NSE-ZITO,9793,8,4580,4829
39322,NSE-ZITO,9803,8,4517,4829
39359,NSE-CARD,9475,4,5402,5412
39359,NSE-SIMP,10037,50,4882,4893
39359,NSE-CARD,9477,47,5403,5413
39359,NSE-CARD,9478,3,5405,5413
39406,NSE-CARD,9478,8,5405,5415
39406,NSE-OIT,9968,8,5309,5320
39406,NSE-ZITO,9803,8,4829,4840
39423,NSE-ZABA,9826,8,4602,4646
39423,NSE-ZABA,9817,1,4503,4646
39423,NSE-ZABA,9812,4,4422,4646
39423,NSE-ZABA,9812,8,4643,4646
39452,NSE-CARD,9499,50,5417,5428
39452,NSE-DLKV,10119,30,4730,4740
39452,NSE-CARD,9498,5,5419,5430
39452,NSE-OIT,9974,5,5323,5333
39452,NSE-ZABA,9812,5,4646,4655
39452,NSE-ZITO,9797,5,4841,4852
39452,NSE-CARD,9498,5,5419,5432
39452,NSE-DLKV,10123,5,4731,4741
39452,NSE-OIT,9974,5,5323,5335
39452,NSE-ZABA,9812,5,4646,4657
39505,NSE-OIT,9974,20,5323,5337
39505,NSE-ZABA,9812,19,4646,4660
39505,NSE-ZABA,9814,1,4648,4660
39505,NSE-ZITO,9797,20,4841,4853
39520,NSE-ZABA,9814,1,4648,4662
39521,NSE-ZABA,9814,9,4648,4663
39521,NSE-DLKV,10119,8,4730,4744
39521,NSE-CARD,9510,8,5416,5433
39522,NSE-DLKV,10111,1,4725,4746
39522,NSE-DLKV,10106,8,4694,4746
39522,NSE-DLKV,10106,5,4710,4746
39522,NSE-DLKV,10104,8,4679,4746
39522,NSE-DLKV,10101,8,4728,4746
39522,NSE-DLKV,10100,8,4571,4746
39522,NSE-SIMP,10034,5,4908,4911
39522,NSE-SIMP,10034,5,4910,4911
39572,NSE-CARD,9512,25,5433,5443
39621,NSE-ZITO,9797,3,4855,4864
39621,NSE-DLKV,10092,8,2327,4756
39621,NSE-DLKV,10091,8,4618,4756
39621,NSE-DLKV,10081,8,4446,4756
39621,NSE-DLKV,10078,8,4584,4756
39621,NSE-DLKV,10077,8,2351,4756
39621,NSE-DLKV,10075,8,2263,4756
39621,NSE-DLKV,10070,2,2287,4756
39621,NSE-DLKV,10070,6,2287,4758
39622,NSE-SIMP,10039,50,4834,4921
39622,NSE-SIMP,10039,1,4867,4923
39622,NSE-SIMP,10039,8,4895,4923
39689,NSE-SIMP,10039,50,4923,4931
39702,NSE-SIMP,10039,25,4923,4932
39722,NSE-SIMP,10041,1,4357,4933
39722,NSE-SIMP,10042,8,4319,4933
39722,NSE-SIMP,10043,8,4671,4933
39722,NSE-SIMP,10043,8,4869,4933
39722,NSE-SIMP,10044,8,4502,4933
39722,NSE-SIMP,10045,8,4292,4933
39722,NSE-SIMP,10046,1,4156,4933
39722,NSE-SIMP,10046,8,4345,4933
39722,NSE-SIMP,10046,8,4525,4935
39722,NSE-SIMP,10046,8,4576,4935
39722,NSE-SIMP,10047,8,4792,4935
39722,NSE-SIMP,10048,8,4774,4935
39722,NSE-ZITO,9770,8,4839,4876
39818,NSE-SIMP,10049,29,4935,4943
39818,NSE-CARD,9456,50,5455,5464
39818,NSE-OIT,9974,10,5359,5370
39821,NSE-CARD,9454,8,5454,5466
39821,NSE-SIMP,10051,3,4644,4944
39821,NSE-SIMP,10051,2,4644,4945
39822,NSE-DLKV,10068,8,2312,4776
39853,NSE-DLKV,10057,4,4776,4785
39854,NSE-ZABA,9813,20,4695,4704
39905,NSE-DLKV,10057,4,4776,4788
39921,NSE-CARD,9461,4,5468,5477
39921,NSE-OIT,9970,3,5371,5385
39921,NSE-SIMP,10043,9,4946,4956
39921,NSE-ZABA,9809,2,4694,4708
39921,NSE-SIMP,10051,3,4644,4957
39921,NSE-SIMP,10052,8,4264,4957
39921,NSE-SIMP,10053,39,4117,4957
39922,NSE-SIMP,10053,5,4117,4959
39922,NSE-SIMP,10053,8,4185,4959
39922,NSE-SIMP,10053,8,4211,4959
39922,NSE-SIMP,10053,8,4238,4959
39922,NSE-SIMP,10055,8,4850,4959
40020,NSE-CARD,9454,8,5479,5490
40020,NSE-DLKV,10088,8,4790,4799
40020,NSE-SIMP,10058,8,4959,4968
40022,NSE-OIT,9965,8,5208,5399
40022,NSE-ZABA,9841,8,4720,4721
40022,NSE-ZABA,9842,8,4644,4721
40022,NSE-ZABA,9850,5,4656,4721
40022,NSE-ZABA,9853,1,4616,4721
40022,NSE-ZABA,9865,5,4630,4721
40022,NSE-ZABA,9869,8,4618,4721
40022,NSE-ZABA,9889,8,3973,4721
40022,NSE-ZABA,9896,7,3985,4721
40022,NSE-ZABA,9896,1,3985,4723
40022,NSE-ZABA,9903,8,3884,4723
40022,NSE-ZITO,9797,1,4911,4912
40022,NSE-ZITO,9804,8,4569,4912
40022,NSE-ZITO,9806,7,4283,4912
40022,NSE-ZITO,9807,8,4465,4912
40121,NSE-OIT,9981,8,5397,5408
40171,NSE-ZABA,9880,20,4731,4741
40171,NSE-ZITO,9804,20,4922,4932
40171,NSE-ZITO,9804,20,4922,4933
40221,NSE-DLKV,10127,4,4812,4821
40221,NSE-ZABA,9884,5,4732,4744
40221,NSE-OIT,9987,6,5408,5420
40318,NSE-ZITO,9792,5,4935,4946
40318,NSE-CARD,9449,5,5512,5523
40318,NSE-DLKV,10128,5,4823,4832
40318,NSE-OIT,9974,5,5422,5431
40318,NSE-ZABA,9846,5,4745,4757
40328,NSE-ZITO,9809,5,4948,4958
40328,NSE-CARD,9446,5,5525,5536
40328,NSE-OIT,9992,5,5434,5443
40328,NSE-SIMP,10050,5,4999,5010
40421,NSE-DLKV,10120,4,4835,4846
40421,NSE-DLKV,10118,5,4844,4848
40421,NSE-OIT,9994,5,5432,5445
40421,NSE-OIT,9997,5,5334,5445
40421,NSE-OIT,10012,5,5444,5445
40421,NSE-OIT,10019,5,5336,5445
40421,NSE-OIT,10020,8,4757,5445
40421,NSE-OIT,10020,8,4855,5445
40421,NSE-OIT,10021,8,5321,5445
40422,NSE-ZABA,9839,5,4768,4770
40468,NSE-CARD,9455,8,5538,5547
40491,NSE-SIMP,10043,50,5011,5021
40521,NSE-SIMP,10045,8,5012,5022
40521,NSE-SIMP,10045,9,5012,5023
40521,NSE-SIMP,10045,7,5012,5024
40521,NSE-SIMP,10045,1,5012,5025
40521,NSE-SIMP,10045,2,5012,5026
40522,NSE-SIMP,10039,5,5009,5028
40522,NSE-SIMP,10032,5,4907,5028
40522,NSE-SIMP,10032,5,4909,5028
40621,NSE-ZITO,9796,5,4970,4980
40621,NSE-SIMP,10031,7,5028,5037
40621,NSE-OIT,9996,9,5455,5465
40621,NSE-OIT,9998,3,5456,5466
40621,NSE-OIT,10025,8,5276,5467
40621,NSE-OIT,10025,8,5293,5467
40621,NSE-OIT,10027,8,4783,5467
40622,NSE-ZITO,9788,8,4909,4982
40622,NSE-ZITO,9788,5,4947,4982
40697,NSE-CARD,9447,8,5559,5569
40697,NSE-DLKV,10105,8,4869,4878
40697,NSE-OIT,10027,8,5467,5478
40697,NSE-ZABA,9826,8,4789,4800
40697,NSE-SIMP,10028,50,5039,5050
40697,NSE-CARD,9447,42,5559,5571
40697,NSE-CARD,9448,8,5561,5571
40697,NSE-SIMP,10029,50,5041,5052
40697,NSE-CARD,9448,50,5561,5573
40698,NSE-SIMP,10029,50,5041,5054
40698,NSE-CARD,9448,42,5561,5575
40698,NSE-CARD,9449,8,5563,5575
40698,NSE-SIMP,10030,50,5043,5056
40698,NSE-CARD,9449,50,5563,5577
40720,NSE-ZITO,9783,5,4981,4997
40720,NSE-CARD,9449,5,5563,5579
40720,NSE-OIT,10027,5,5467,5484
40720,NSE-SIMP,10030,5,5043,5058
40720,NSE-ZABA,9830,5,4790,4802
40720,NSE-ZITO,9783,5,4981,4999
40720,NSE-CARD,9449,5,5563,5581
40720,NSE-DLKV,10105,5,4869,4880
40720,NSE-OIT,10027,5,5467,5486
40721,NSE-DLKV,10105,5,4869,4882
40721,NSE-ZITO,9785,6,4982,5000
40721,NSE-DLKV,10105,6,4869,4883
40721,NSE-ZITO,9783,1,4981,5001
40721,NSE-CARD,9488,5,5580,5583
40721,NSE-CARD,9490,8,5491,5583
40721,NSE-CARD,9500,5,5582,5583
40721,NSE-CARD,9513,8,5386,5583
40721,NSE-CARD,9513,8,5570,5583
40721,NSE-OIT,10007,5,5485,5488
40721,NSE-OIT,10006,5,5483,5488
40721,NSE-SIMP,10022,8,4967,5061
40721,NSE-SIMP,10017,8,5048,5061
40722,NSE-ZABA,9822,5,4756,4805
40722,NSE-ZITO,9783,8,4991,5003
40821,NSE-CARD,9571,6,5584,5593
40822,NSE-ZABA,9834,5,4803,4814
40822,NSE-ZABA,9843,5,4801,4814
40822,NSE-ZABA,9851,5,4755,4814
40895,NSE-DLKV,10086,12,4895,4906
40895,NSE-OIT,9961,20,5498,5508
40895,NSE-OIT,9961,20,5498,5509
40895,NSE-ZABA,9861,12,4814,4826
40895,NSE-OIT,9961,10,5498,5510
40895,NSE-OIT,9962,10,5500,5510
40895,NSE-ZITO,9786,10,5013,5025
40921,NSE-OIT,9959,9,5497,5511
40922,NSE-ZITO,9768,5,4826,5027
40922,NSE-ZITO,9765,1,4811,5027
40923,NSE-CARD,9562,20,5604,5615
40923,NSE-ZITO,9763,20,5027,5036
40923,NSE-ZITO,9763,20,5027,5037
40923,NSE-ZITO,9763,4,5027,5038
40923,NSE-ZITO,9764,16,5029,5038
41021,NSE-OIT,9972,7,5512,5522
41021,NSE-CARD,9564,8,5605,5617
41021,NSE-OIT,9972,7,5512,5523
41021,NSE-ZITO,9761,4,5026,5039
41021,NSE-OIT,9972,5,5512,5524
41089,NSE-OIT,9971,50,5526,5535
41089,NSE-CARD,9562,50,5618,5629
41089,NSE-OIT,9972,50,5528,5536
41089,NSE-CARD,9561,50,5620,5631
41106,NSE-CARD,9561,1,5620,5632
41106,NSE-OIT,9972,1,5528,5537
41106,NSE-ZITO,9769,1,5041,5050
41106,NSE-CARD,9561,1,5620,5633
41106,NSE-CARD,9561,20,5620,5634
41106,NSE-OIT,9972,20,5528,5538
41106,NSE-DLKV,10086,20,4924,4934
41106,NSE-DLKV,10086,7,4924,4935
41106,NSE-ZABA,9846,20,4838,4849
41121,NSE-OIT,9969,2,5525,5539
41121,NSE-SIMP,10028,4,5090,5102
41121,NSE-OIT,9958,8,5477,5541
41121,NSE-OIT,9953,1,5170,5541
41121,NSE-OIT,9952,8,5396,5541
41121,NSE-OIT,9951,8,5171,5541
41121,NSE-SIMP,10012,8,4868,5104
41122,NSE-ZITO,9757,5,4996,5054
41122,NSE-ZITO,9756,5,4998,5054
41122,NSE-ZITO,9754,8,4739,5054
41122,NSE-ZITO,9754,5,4945,5054
41126,NSE-OIT,9950,1,5541,5550
41165,NSE-CARD,9562,8,5636,5647
41165,NSE-DLKV,10072,8,4938,4947
41165,NSE-OIT,9950,8,5541,5551
41165,NSE-SIMP,10009,8,5104,5113
41165,NSE-ZABA,9843,8,4850,4861
41165,NSE-ZITO,9754,8,5054,5063
41165,NSE-OIT,9950,16,5541,5553
41165,NSE-OIT,9951,34,5543,5553
41165,NSE-CARD,9562,42,5636,5649
41165,NSE-CARD,9561,8,5638,5649
41165,NSE-DLKV,10072,40,4938,4949
41180,NSE-OIT,9951,50,5543,5554
41181,NSE-CARD,9561,50,5638,5651
41221,NSE-CARD,9564,3,5637,5652
41221,NSE-OIT,9937,8,4195,5556
41221,NSE-OIT,9937,8,4210,5556
41221,NSE-OIT,9936,8,3392,5556
41221,NSE-OIT,9935,8,2467,5556
41221,NSE-OIT,9935,8,3604,5556
41221,NSE-OIT,9935,8,4299,5556
41221,NSE-OIT,9934,2,4144,5556
41221,NSE-OIT,9934,6,4144,5558
41221,NSE-OIT,9931,8,2412,5558
41221,NSE-OIT,9930,8,3441,5558
41221,NSE-OIT,9929,8,5077,5558
41221,NSE-OIT,9927,8,4116,5558
41221,NSE-OIT,9926,8,2439,5558
41221,NSE-OIT,9926,8,5105,5558
41221,NSE-OIT,9923,8,5156,5558
41221,NSE-OIT,9921,1,2358,5558
41221,NSE-SIMP,10008,8,4894,5118
41221,NSE-SIMP,10006,25,4567,5118
41222,NSE-ZITO,9749,8,4812,5068
41321,NSE-DLKV,10072,4,4952,4961
41321,NSE-ZABA,9872,9,4863,4872
41321,NSE-SIMP,10006,9,5118,5127
41321,NSE-DLKV,10072,6,4952,4962
41321,NSE-ZABA,9872,1,4863,4873
41390,NSE-ZABA,9878,20,4874,4884
41390,NSE-DLKV,10082,20,4964,4973
41390,NSE-OIT,9948,20,5566,5576
41421,NSE-DLKV,10078,8,4963,4974
41421,NSE-SIMP,10004,8,4736,5138
41421,NSE-SIMP,10004,1,5128,5138
41421,NSE-OIT,9915,8,2250,5578
41421,NSE-OIT,9910,8,1823,5578
41421,NSE-OIT,9909,8,2222,5578
41421,NSE-SIMP,10002,8,3765,5140
41421,NSE-SIMP,10000,8,4722,5140
41421,NSE-SIMP,9997,8,4392,5140
41473,NSE-DLKV,10081,20,4976,4987
41473,NSE-OIT,9908,10,5578,5587
41521,NSE-CARD,9557,4,5674,5688
41521,NSE-DLKV,10070,1,4933,4989
41523,NSE-ZABA,9883,3,4897,4909
41524,NSE-SIMP,10026,5,5150,5159
41524,NSE-ZABA,9883,5,4897,4911
41524,NSE-ZITO,9754,5,5101,5111
41564,NSE-OIT,9935,50,5589,5598
41564,NSE-CARD,9548,50,5689,5700
41588,NSE-CARD,9547,50,5691,5702
41588,NSE-CARD,9547,50,5691,5704
41617,NSE-OIT,9936,20,5591,5599
41621,NSE-SIMP,9996,8,4445,5163
41621,NSE-SIMP,9995,1,3483,5163
41621,NSE-SIMP,9995,8,3751,5163
41621,NSE-SIMP,9994,8,4419,5163
41621,NSE-SIMP,9988,8,3605,5163
41661,NSE-DLKV,10080,1,5000,5009
41710,NSE-CARD,9558,8,5707,5719
41710,NSE-OIT,9953,8,5601,5610
41721,NSE-OIT,9953,3,5601,5611
41721,NSE-CARD,9605,10,4705,5720
41721,NSE-CARD,9606,10,4783,5720
41721,NSE-DLKV,10084,8,5012,5013
41728,NSE-CARD,9653,5,5720,5731
41728,NSE-DLKV,10091,5,5014,5023
41728,NSE-OIT,9944,5,5613,5622
41728,NSE-SIMP,10008,5,5173,5182
41728,NSE-ZABA,9871,5,4925,4936
41728,NSE-CARD,9653,5,5720,5733
41728,NSE-DLKV,10091,5,5014,5025
41728,NSE-OIT,9944,5,5613,5624
41728,NSE-SIMP,10008,5,5173,5184
41728,NSE-ZABA,9875,5,4926,4937
41728,NSE-ZITO,9764,5,5132,5143
41728,NSE-CARD,9653,5,5720,5735
41728,NSE-DLKV,10091,5,5014,5027
41821,NSE-OIT,9944,5,5613,5626
41821,NSE-SIMP,10008,5,5173,5186
41821,NSE-ZABA,9871,5,4925,4940
41821,NSE-ZITO,9764,5,5132,5145
41821,NSE-SIMP,10008,35,5173,5188
41821,NSE-SIMP,10009,15,5175,5188
41821,NSE-ZITO,9764,6,5132,5148
41822,NSE-ZITO,9764,5,5142,5149
41822,NSE-ZITO,9765,5,5112,5149
41822,NSE-ZITO,9776,5,5144,5149
41822,NSE-ZITO,9786,1,5051,5149
41822,NSE-ZITO,9786,5,5146,5149
41822,NSE-CARD,9654,5,5740,5750
41822,NSE-DLKV,10094,5,5032,5041
41822,NSE-OIT,9936,5,5629,5638
41822,NSE-SIMP,10009,5,5191,5200
41822,NSE-ZABA,9869,5,4941,4952
41902,NSE-ZITO,9786,29,5149,5160
41902,NSE-ZITO,9785,21,5151,5160
41902,NSE-SIMP,10009,45,5191,5202
41902,NSE-SIMP,10010,5,5193,5202
41921,NSE-DLKV,10090,6,5031,5043
41958,NSE-OIT,9925,50,5641,5650
41958,NSE-SIMP,9988,50,5205,5214
41991,NSE-OIT,9926,50,5643,5651
41991,NSE-ZITO,9781,50,5161,5172
41991,NSE-SIMP,9989,50,5207,5216
41991,NSE-SIMP,9989,8,5207,5218
41991,NSE-ZABA,9862,8,4953,4964
41991,NSE-CARD,9647,8,5752,5765
42006,NSE-DLKV,10093,1,5045,5054
42021,NSE-DLKV,10093,3,5045,5056
42021,NSE-ZITO,9783,7,5162,5176
42021,NSE-ZABA,9861,5,4935,4967
42021,NSE-ZABA,9853,5,4910,4967
42021,NSE-ZABA,9835,5,4951,4967
42021,NSE-ZABA,9833,1,4924,4967
42121,NSE-ZITO,9785,3,5178,5187
42121,NSE-OIT,9932,3,5656,5665
42121,NSE-ZABA,9827,5,4939,4977
42121,NSE-ZABA,9822,1,4848,4977
42121,NSE-ZABA,9812,8,4719,4977
42121,NSE-ZABA,9805,8,4374,4977
42121,NSE-ZABA,9805,8,4963,4977
42130,NSE-CARD,9672,16,5778,5788
42130,NSE-CARD,9672,30,5778,5789
42197,NSE-OIT,9937,50,5667,5680
42197,NSE-ZITO,9781,50,5188,5199
42197,NSE-SIMP,10001,50,5232,5241
42221,NSE-OIT,9935,5,5666,5682
42222,NSE-ZITO,9780,5,5159,5201
42294,NSE-OIT,9910,50,5684,5694
42294,NSE-SIMP,10012,50,5243,5254
42301,NSE-CARD,9668,42,5791,5806
42301,NSE-OIT,9911,16,5686,5696
42306,NSE-OIT,9911,50,5686,5697
42306,NSE-SIMP,10011,50,5245,5256
42321,NSE-CARD,9670,2,5792,5808
42321,NSE-CARD,9668,3,5791,5809
42321,NSE-CARD,9668,4,5791,5810
42321,NSE-OIT,9904,8,2346,5699
42321,NSE-OIT,9902,8,2372,5699
42321,NSE-SIMP,10017,5,5183,5257
42321,NSE-SIMP,10025,5,5187,5257
42321,NSE-ZABA,9797,8,4445,5001
42321,NSE-ZABA,9796,8,4799,5001
42321,NSE-ZABA,9794,8,4860,5001
42421,NSE-OIT,9893,9,5698,5708
42421,NSE-ZABA,9776,3,5000,5010
42421,NSE-DLKV,10108,5,5042,5100
42421,NSE-DLKV,10111,8,4948,5100
42421,NSE-DLKV,10111,5,5026,5100
42421,NSE-ZITO,9775,8,5173,5223
42421,NSE-ZITO,9762,5,5141,5223
42521,NSE-ZABA,9784,9,5011,5021
42580,NSE-CARD,9669,15,5831,5841
42619,NSE-ZITO,9788,12,5232,5242
42619,NSE-ZABA,9751,20,5023,5032
42619,NSE-OIT,9932,20,5720,5729
42621,NSE-OIT,9932,8,5720,5730
42621,NSE-ZITO,9788,7,5232,5243
42621,NSE-ZITO,9790,3,5233,5244
42668,NSE-DLKV,10102,1,5123,5132
42668,NSE-CARD,9660,1,5842,5853
42668,NSE-OIT,9933,1,5732,5741
42721,NSE-CARD,9687,10,4499,5854
42721,NSE-CARD,9695,1,4498,5854
42721,NSE-CARD,9698,10,4487,5854
42721,NSE-CARD,9704,8,4471,5854
42721,NSE-CARD,9705,8,4440,5854
42721,NSE-CARD,9708,8,4514,5854
42721,NSE-CARD,9709,5,4411,5854
42721,NSE-CARD,9709,3,4411,5856
42721,NSE-CARD,9717,8,4381,5856
42721,NSE-CARD,9724,10,4632,5856
42721,NSE-CARD,9726,10,4661,5856
42721,NSE-CARD,9729,10,4620,5856
42721,NSE-CARD,9733,10,4606,5856
42721,NSE-CARD,9735,10,4674,5856
42721,NSE-CARD,9737,10,4591,5856
42721,NSE-CARD,9739,10,4559,5856
42721,NSE-CARD,9741,10,4576,5856
42721,NSE-CARD,9750,9,4527,5856
42721,NSE-CARD,9750,1,4527,5858
42721,NSE-CARD,9756,10,4547,5858
42721,NSE-ZITO,9769,1,5255,5257
42747,NSE-CARD,9898,50,5858,5864
42747,NSE-CARD,9898,50,5858,5865
42747,NSE-CARD,9898,15,5858,5866
42748,NSE-OIT,9925,50,5742,5753
42748,NSE-OIT,9927,50,5743,5754
42748,NSE-SIMP,10018,50,5298,5311
42748,NSE-SIMP,10017,50,5300,5313
42748,NSE-OIT,9924,50,5744,5757
42748,NSE-OIT,9928,50,5745,5758
42748,NSE-SIMP,10020,50,5299,5314
42821,NSE-CARD,9898,5,5858,5869
42821,NSE-SIMP,10021,6,5301,5315
42821,NSE-OIT,9928,1,5745,5759
42821,NSE-SIMP,10021,6,5301,5316
42821,NSE-CARD,9902,4,5855,5870
42825,NSE-OIT,9934,50,5761,5771
42825,NSE-SIMP,10018,50,5317,5329
42825,NSE-OIT,9935,50,5763,5773
42825,NSE-SIMP,10017,50,5319,5331
42826,NSE-ZITO,9764,20,5267,5276
42826,NSE-CARD,9922,5,5871,5884
42826,NSE-OIT,9935,50,5763,5775
42826,NSE-SIMP,10017,50,5319,5333
42863,NSE-SIMP,10016,50,5321,5334
42863,NSE-OIT,9932,50,5760,5778
42863,NSE-SIMP,10016,50,5321,5335
42863,NSE-OIT,9931,50,5762,5780
42863,NSE-SIMP,10016,50,5321,5336
42880,NSE-CARD,9922,42,5871,5889
42881,NSE-ZABA,9749,20,5058,5068
42881,NSE-ZITO,9764,30,5267,5280
42881,NSE-ZITO,9765,20,5269,5280
42881,NSE-DLKV,10088,50,5144,5155
42881,NSE-CARD,9922,3,5871,5890
42881,NSE-CARD,9921,1,5873,5890
42881,NSE-OIT,9936,50,5765,5782
42921,NSE-OIT,9931,1,5762,5783
42922,NSE-ZITO,9743,8,4797,5282
42922,NSE-ZITO,9740,5,4851,5282
43021,NSE-ZABA,9754,5,5069,5079
43079,NSE-CARD,9892,8,5901,5912
43079,NSE-OIT,9928,20,5795,5804
43121,NSE-ZABA,9739,8,5080,5092
43121,NSE-CARD,9892,1,5901,5914
43121,NSE-OIT,9928,1,5795,5805
43121,NSE-ZITO,9756,2,5292,5302
43122,NSE-SIMP,10026,1,5297,5358
43122,NSE-SIMP,10028,5,5185,5358
43122,NSE-SIMP,10029,5,5160,5358
43122,NSE-SIMP,10029,5,5201,5358
43124,NSE-OIT,9915,50,5806,5816
43124,NSE-OIT,9914,50,5808,5817
43124,NSE-OIT,9914,50,5808,5818
43131,NSE-ZITO,9763,50,5304,5315
43213,NSE-CARD,9895,10,5916,5930
43214,NSE-DLKV,10109,8,5178,5190
43214,NSE-OIT,9917,8,5807,5826
43214,NSE-SIMP,10030,17,5358,5377
43221,NSE-CARD,9895,8,5916,5934
43221,NSE-SIMP,10032,1,5100,5378
43221,NSE-SIMP,10032,4,5359,5378
43221,NSE-ZITO,9761,4,5303,5319
43221,NSE-ZITO,9764,1,5306,5320
43221,NSE-ZITO,9764,2,5306,5321
43234,NSE-ZABA,9727,26,5105,5114
43234,NSE-ZITO,9742,50,5323,5332
43234,NSE-CARD,9879,50,5935,5945
43234,NSE-ZITO,9743,50,5325,5333
43234,NSE-CARD,9878,35,5937,5946
43259,NSE-ZABA,9727,1,5105,5115
43295,NSE-OIT,9911,50,5828,5838
43295,NSE-CARD,9878,5,5937,5950
43295,NSE-OIT,9912,5,5830,5839
43295,NSE-SIMP,10031,5,5380,5390
43295,NSE-ZABA,9727,5,5105,5116
43321,NSE-CARD,9878,5,5937,5951
43321,NSE-CARD,9892,50,5947,5952
43321,NSE-DLKV,10119,5,5028,5207
43321,NSE-DLKV,10120,5,5206,5207
43321,NSE-DLKV,10121,5,5024,5207
43321,NSE-DLKV,10122,5,4845,5207
43321,NSE-DLKV,10131,5,4742,5207
43321,NSE-DLKV,10131,5,4833,5207
43321,NSE-DLKV,10132,8,4729,5207
43321,NSE-DLKV,10133,8,4800,5207
43322,NSE-SIMP,10035,5,5059,5392
43421,NSE-DLKV,10133,4,5207,5217
43421,NSE-DLKV,10131,2,5209,5217
43421,NSE-OIT,9924,7,5841,5851
43421,NSE-SIMP,10039,5,5391,5402
43493,NSE-ZABA,9718,20,5128,5137
43493,NSE-ZABA,9718,20,5128,5138
43493,NSE-ZITO,9742,10,5347,5356
43521,NSE-SIMP,10043,1,5101,5412
43521,NSE-SIMP,10047,8,5049,5412
43521,NSE-ZITO,9737,8,4647,5358
43599,NSE-ZITO,9737,20,5358,5367
43599,NSE-ZABA,9716,20,5142,5151
43600,NSE-ZITO,9737,22,5358,5369
43600,NSE-ZITO,9738,28,5360,5369
43600,NSE-OIT,9922,50,5863,5873
43619,NSE-ZITO,9738,50,5360,5370
43619,NSE-ZITO,9738,22,5360,5371
43619,NSE-ZITO,9739,28,5362,5371
43619,NSE-OIT,9921,50,5865,5875
43620,NSE-CARD,9914,50,5973,5983
43621,NSE-ZABA,9716,5,5142,5152
43621,NSE-DLKV,10133,8,5230,5239
43621,NSE-DLKV,10116,5,5205,5241
43621,NSE-SIMP,10052,8,5114,5422
43621,NSE-SIMP,10055,8,5219,5422
43621,NSE-ZITO,9726,8,4692,5373
43621,NSE-ZITO,9723,8,860,5373
43621,NSE-ZITO,9723,8,2177,5373
43621,NSE-ZITO,9722,8,823,5373
43621,NSE-ZITO,9720,8,984,5373
43621,NSE-ZITO,9718,8,890,5373
43621,NSE-ZITO,9718,2,923,5373
43622,NSE-ZITO,9718,6,923,5375
43622,NSE-ZITO,9717,8,936,5375
43622,NSE-ZITO,9712,8,970,5375
43622,NSE-ZITO,9710,8,2152,5375
43652,NSE-CARD,9907,25,5984,5994
43652,NSE-ZITO,9699,1,5375,5382
43652,NSE-OIT,9911,1,5877,5886
43652,NSE-CARD,9907,1,5984,5995
43652,NSE-SIMP,10057,1,5422,5432
43652,NSE-ZABA,9739,1,5154,5163
43653,NSE-ZITO,9699,37,5375,5384
43653,NSE-ZABA,9739,8,5154,5164
43653,NSE-ZITO,9699,8,5375,5385
43653,NSE-CARD,9907,8,5984,5998
43653,NSE-OIT,9911,8,5877,5888
43695,NSE-SIMP,10057,25,5422,5436
43721,NSE-OIT,9909,6,5876,5890
43721,NSE-ZABA,9739,8,5154,5167
43721,NSE-OIT,9911,2,5877,5891
43735,NSE-ZABA,9723,8,5169,5178
43735,NSE-ZITO,9748,8,5388,5397
43735,NSE-CARD,9814,8,5999,6010
43789,NSE-ZABA,9723,20,5169,5181
43790,NSE-ZABA,9723,20,5169,5182
43808,NSE-OIT,9917,50,5893,5902
43860,NSE-OIT,9919,8,5906,5915
43860,NSE-ZABA,9708,8,5184,5193
43860,NSE-ZITO,9740,8,5400,5409
43860,NSE-CARD,9834,8,6011,6024
43861,NSE-OIT,9919,8,5906,5917
43861,NSE-ZABA,9708,8,5184,5195
43914,NSE-OIT,9917,50,5905,5920
43914,NSE-OIT,9916,50,5907,5921
43921,NSE-ZABA,9704,6,5183,5196
43921,NSE-DLKV,10109,8,5251,5281
43921,NSE-SIMP,10028,8,5433,5464
43921,NSE-SIMP,10028,8,5435,5464
43921,NSE-ZITO,9754,1,5383,5411
43950,NSE-ZITO,9758,8,5412,5421
43950,NSE-CARD,9832,8,6025,6037
43950,NSE-OIT,9929,8,5923,5932
44021,NSE-CARD,9832,6,6025,6039
44021,NSE-ZITO,9756,9,5411,5425
44021,NSE-DLKV,10118,8,5279,5292
44021,NSE-DLKV,10127,8,5291,5292
44021,NSE-DLKV,10133,8,5264,5292
44021,NSE-DLKV,10135,8,4680,5292
44021,NSE-DLKV,10136,8,4879,5292
44039,NSE-OIT,9940,50,5935,5946
44039,NSE-SIMP,10026,50,5474,5483
44039,NSE-OIT,9939,5,5937,5947
44040,NSE-OIT,9939,50,5937,5948
44113,NSE-ZABA,9724,8,5209,5218
44113,NSE-ZITO,9739,8,5427,5436
44113,NSE-CARD,9818,8,6040,6052
44113,NSE-DLKV,10137,8,5292,5304
44113,NSE-OIT,9942,8,5936,5949
44113,NSE-ZABA,9724,8,5209,5220
44113,NSE-ZITO,9739,8,5427,5438
44121,NSE-CARD,9818,7,6040,6053
44121,NSE-ZITO,9737,7,5426,5440
44121,NSE-DLKV,10140,8,5252,5305
44121,NSE-DLKV,10145,1,4695,5305
44121,NSE-DLKV,10149,5,4881,5305
44121,NSE-DLKV,10153,8,4529,5305
44121,NSE-DLKV,10154,1,4307,5305
44121,NSE-DLKV,10157,10,5302,5305
44121,NSE-DLKV,10159,10,5265,5305
44121,NSE-DLKV,10160,7,4356,5305
44121,NSE-DLKV,10160,1,4356,5307
44121,NSE-DLKV,10162,8,4697,5307
44121,NSE-DLKV,10162,10,5156,5307
44121,NSE-DLKV,10171,8,4306,5307
44121,NSE-DLKV,10175,10,4693,5307
44134,NSE-SIMP,10029,50,5489,5498
44134,NSE-CARD,9833,50,6055,6064
44134,NSE-OIT,9926,50,5951,5962
44208,NSE-CARD,9831,42,6054,6065
44221,NSE-OIT,9925,1,5953,5964
44221,NSE-ZABA,9750,4,5222,5232
44222,NSE-SIMP,10030,8,5485,5500
44225,NSE-OIT,9940,50,5965,5976
44258,NSE-DLKV,10133,4,5316,5326
44258,NSE-ZABA,9755,6,5233,5246
44321,NSE-SIMP,10033,2,5501,5510
44321,NSE-OIT,9942,5,5966,5977
44321,NSE-CARD,9841,9,6066,6078
44321,NSE-CARD,9843,2,6067,6079
44321,NSE-DLKV,10133,7,5316,5328
44334,NSE-OIT,9929,50,5979,5988
44334,NSE-SIMP,10039,50,5511,5521
44408,NSE-DLKV,10169,1,5329,5339
44409,NSE-DLKV,10169,10,5329,5340
44422,NSE-ZABA,9724,1,5257,5259
44428,NSE-DLKV,10158,10,5341,5351
44428,NSE-CARD,9830,5,6093,6103
44428,NSE-DLKV,10158,5,5341,5353
44428,NSE-OIT,9937,5,5992,6001
44428,NSE-ZABA,9716,5,5259,5268
44428,NSE-ZITO,9732,5,5473,5482
44428,NSE-DLKV,10158,5,5341,5355
44428,NSE-OIT,9937,5,5992,6003
44428,NSE-SIMP,10029,5,5523,5532
44429,NSE-ZABA,9716,5,5259,5270
44429,NSE-ZITO,9732,5,5473,5484
44429,NSE-SIMP,10027,50,5522,5534
44429,NSE-OIT,9935,50,5991,6006
44496,NSE-OIT,9934,20,5993,6007
44496,NSE-ZITO,9732,20,5473,5486
44496,NSE-ZABA,9716,20,5259,5272
44510,NSE-OIT,9937,40,5992,6008
44510,NSE-OIT,9938,10,5994,6008
44511,NSE-CARD,9832,50,6094,6105
44521,NSE-ZITO,9732,8,5473,5487
44521,NSE-ZITO,9730,5,5472,5488
44576,NSE-CARD,9839,8,6107,6118
44591,NSE-OIT,9921,50,6012,6021
44591,NSE-CARD,9839,42,6107,6120
44591,NSE-CARD,9838,8,6109,6120
44621,NSE-SIMP,10025,1,5536,5545
44676,NSE-ZABA,9712,20,5284,5293
44676,NSE-ZABA,9712,20,5284,5294
44676,NSE-DLKV,10132,20,5369,5381
44704,NSE-OIT,9937,50,6025,6034
44704,NSE-OIT,9935,50,6024,6035
44704,NSE-CARD,9835,50,6121,6133
44704,NSE-OIT,9934,50,6026,6036
44721,NSE-ZABA,9712,4,5284,5295
44721,NSE-OIT,9919,1,5963,6038
44768,NSE-OIT,9916,49,6038,6047
44768,NSE-OIT,9917,1,6040,6047
44821,NSE-ZABA,9709,20,5297,5306
44821,NSE-SIMP,10023,2,5557,5567
44821,NSE-OIT,9917,7,6040,6051
44821,NSE-ZITO,9750,4,5510,5521
44821,NSE-SIMP,10014,8,5458,5569
44821,NSE-SIMP,10012,8,5460,5569
44821,NSE-SIMP,10011,8,5486,5569
44861,NSE-OIT,9921,50,6053,6062
44916,NSE-ZABA,9664,10,5308,5317
44921,NSE-DLKV,10121,2,5394,5404
44921,NSE-DLKV,10125,5,5395,5405
44921,NSE-SIMP,10026,1,5578,5579
44922,NSE-ZITO,9732,1,5532,5534
44930,NSE-OIT,9914,50,6066,6075
44986,NSE-DLKV,10124,20,5407,5416
44986,NSE-CARD,9571,20,6158,6168
44986,NSE-ZABA,9663,10,5319,5328
44986,NSE-ZABA,9663,10,5319,5329
45004,NSE-DLKV,10120,8,5406,5419
45004,NSE-OIT,9915,8,6068,6078
45004,NSE-SIMP,10032,8,5579,5590
45004,NSE-ZABA,9663,8,5319,5330
45004,NSE-ZITO,9727,8,5534,5544
45021,NSE-OIT,9912,2,6065,6080
45021,NSE-OIT,9912,8,6065,6081
45021,NSE-ZABA,9659,1,5318,5332
45022,NSE-DLKV,10119,5,5352,5421
45022,NSE-DLKV,10113,1,5315,5421
45038,NSE-OIT,9928,50,6082,6093
45038,NSE-CARD,9571,50,6173,6182
45038,NSE-OIT,9927,50,6084,6094
45088,NSE-ZABA,9650,5,5334,5343
45088,NSE-OIT,9927,5,6084,6095
45088,NSE-CARD,9572,1,6175,6183
45107,NSE-ZABA,9650,20,5334,5344
45121,NSE-ZITO,9732,10,5547,5556
45121,NSE-SIMP,10019,4,5591,5603
45157,NSE-OIT,9942,50,6096,6107
45157,NSE-CARD,9571,5,6188,6200
45157,NSE-DLKV,10141,5,5431,5442
45157,NSE-OIT,9944,5,6097,6108
45157,NSE-SIMP,10027,5,5605,5614
45157,NSE-ZABA,9657,5,5346,5355
45157,NSE-ZITO,9740,5,5558,5568
45157,NSE-CARD,9571,5,6188,6202
45157,NSE-DLKV,10141,5,5431,5444
45157,NSE-OIT,9944,5,6097,6110
45157,NSE-SIMP,10027,5,5605,5616
45157,NSE-ZABA,9657,5,5346,5357
45157,NSE-ZITO,9740,5,5558,5570
45157,NSE-CARD,9571,5,6188,6204
45157,NSE-DLKV,10141,5,5431,5446
45157,NSE-OIT,9944,5,6097,6112
45157,NSE-SIMP,10027,5,5605,5618
45157,NSE-ZABA,9657,5,5346,5359
45157,NSE-ZITO,9740,5,5558,5572
45157,NSE-CARD,9571,5,6188,6206
45157,NSE-DLKV,10141,5,5431,5448
45157,NSE-OIT,9944,5,6097,6114
45157,NSE-ZABA,9657,5,5346,5361
45157,NSE-ZITO,9740,5,5558,5574
45157,NSE-CARD,9571,5,6188,6208
45157,NSE-DLKV,10141,5,5431,5450
45157,NSE-OIT,9944,5,6097,6116
45157,NSE-SIMP,10027,5,5605,5620
45158,NSE-ZABA,9657,5,5346,5363
45158,NSE-ZITO,9740,5,5558,5576
45158,NSE-CARD,9571,5,6188,6210
45158,NSE-DLKV,10141,5,5431,5452
45158,NSE-OIT,9944,5,6097,6118
45158,NSE-SIMP,10027,5,5605,5622
45203,NSE-CARD,9573,8,6189,6211
45203,NSE-DLKV,10141,8,5431,5454
45203,NSE-SIMP,10025,8,5604,5625
45203,NSE-ZABA,9657,8,5346,5365
45203,NSE-ZITO,9740,8,5558,5578
45218,NSE-ZABA,9657,1,5346,5367
45221,NSE-ZITO,9740,1,5558,5580
45221,NSE-OIT,9922,1,6122,6124
45221,NSE-OIT,9920,8,6120,6124
45235,NSE-ZABA,9644,20,5369,5378
45235,NSE-ZITO,9722,20,5582,5591
45235,NSE-ZITO,9722,20,5582,5592
45253,NSE-CARD,9562,22,6214,6224
45253,NSE-OIT,9914,41,6124,6134
45253,NSE-OIT,9915,9,6126,6134
45253,NSE-CARD,9562,28,6214,6227
45253,NSE-CARD,9563,22,6216,6227
45321,NSE-CARD,9563,6,6216,6229
45321,NSE-OIT,9912,8,6123,6137
45321,NSE-ZITO,9722,7,5582,5593
45321,NSE-OIT,9915,8,6126,6138
45322,NSE-DLKV,10125,1,5455,5467
45322,NSE-DLKV,10123,5,5451,5467
45322,NSE-DLKV,10103,5,5449,5467
45322,NSE-DLKV,10102,8,5263,5467
45375,NSE-OIT,9933,50,6140,6149
45375,NSE-CARD,9568,50,6231,6240
45423,NSE-DLKV,10106,20,5478,5487
45423,NSE-DLKV,10106,20,5478,5488
45423,NSE-DLKV,10106,10,5478,5489
45423,NSE-DLKV,10108,10,5480,5489
45423,NSE-CARD,9557,3,6244,6255
45423,NSE-CARD,9557,7,6244,6256
45459,NSE-OIT,9932,50,6152,6163
45459,NSE-CARD,9557,40,6244,6257
45459,NSE-CARD,9558,10,6246,6257
45459,NSE-OIT,9931,50,6154,6164
45521,NSE-CARD,9558,2,6246,6259
45522,NSE-SIMP,9999,8,5484,5659
45522,NSE-SIMP,9993,8,5589,5659
45522,NSE-SIMP,9993,8,5624,5659
45539,NSE-CARD,9571,20,6260,6270
45539,NSE-ZITO,9700,10,5615,5624
45539,NSE-OIT,9931,50,6166,6175
45539,NSE-CARD,9571,30,6260,6272
45539,NSE-CARD,9570,20,6262,6272
45610,NSE-CARD,9573,20,6261,6273
45610,NSE-CARD,9570,20,6262,6274
45610,NSE-ZITO,9700,10,5615,5625
45621,NSE-DLKV,10102,3,5490,5502
45621,NSE-ZITO,9700,9,5615,5626
45621,NSE-CARD,9573,4,6261,6275
45621,NSE-CARD,9555,8,6036,6277
45621,NSE-CARD,9548,8,6051,6277
45621,NSE-CARD,9548,8,6170,6277
45621,NSE-DLKV,10137,1,5500,5503
45622,NSE-OIT,9949,8,6121,6178
45655,NSE-OIT,9955,42,6178,6189
45655,NSE-OIT,9954,8,6180,6189
45655,NSE-CARD,9543,26,6277,6286
45655,NSE-CARD,9544,24,6279,6286
45655,NSE-OIT,9954,50,6180,6190
45712,NSE-ZITO,9705,1,5628,5637
45713,NSE-SIMP,10005,1,5668,5678
45721,NSE-CARD,9560,1,6288,6289
45721,NSE-CARD,9576,8,6171,6289
45721,NSE-CARD,9632,10,6225,6289
45721,NSE-CARD,9641,10,6242,6289
45721,NSE-CARD,9669,8,6212,6289
45745,NSE-OIT,9922,50,6192,6201
45745,NSE-CARD,9720,13,6289,6300
45745,NSE-CARD,9719,37,6291,6300
45745,NSE-CARD,9719,20,6291,6301
45799,NSE-CARD,9719,43,6291,6302
45799,NSE-CARD,9718,7,6293,6302
45821,NSE-CARD,9718,4,6293,6303
45821,NSE-OIT,9920,1,6191,6205
45821,NSE-SIMP,10009,5,5680,5691
45821,NSE-ZABA,9705,7,5422,5432
45821,NSE-ZITO,9709,5,5639,5649
45845,NSE-OIT,9913,50,6207,6216
45845,NSE-CARD,9698,50,6304,6315
45845,NSE-CARD,9697,5,6306,6316
45905,NSE-CARD,9697,8,6306,6318
45905,NSE-DLKV,10149,8,5524,5535
45905,NSE-OIT,9914,8,6209,6219
45905,NSE-ZABA,9701,8,5434,5443
45905,NSE-ZITO,9732,8,5651,5660
45921,NSE-OIT,9911,2,6206,6221
45923,NSE-ZABA,9677,1,5446,5455
45951,NSE-OIT,9922,50,6223,6232
45951,NSE-OIT,9920,50,6222,6233
46021,NSE-DLKV,10145,1,5536,5547
46021,NSE-SIMP,10015,8,5704,5715
46044,NSE-ZABA,9657,5,5458,5467
46044,NSE-ZITO,9723,5,5673,5682
46045,NSE-CARD,9702,10,6333,6344
46045,NSE-CARD,9702,5,6333,6346
46045,NSE-DLKV,10144,5,5548,5559
46045,NSE-OIT,9936,5,6235,6244
46045,NSE-SIMP,10023,5,5716,5725
46045,NSE-ZABA,9657,5,5458,5469
46059,NSE-CARD,9702,35,6333,6348
46059,NSE-CARD,9701,15,6335,6348
46059,NSE-OIT,9934,50,6234,6247
46094,NSE-ZABA,9657,40,5458,5470
46094,NSE-ZABA,9659,10,5460,5470
46094,NSE-SIMP,10021,25,5715,5728
46094,NSE-CARD,9701,5,6335,6350
46094,NSE-ZABA,9659,20,5460,5471
46094,NSE-CARD,9701,10,6335,6352
46129,NSE-SIMP,9990,50,5730,5739
46129,NSE-CARD,9705,50,6353,6364
46129,NSE-OIT,9950,50,6249,6260
46221,NSE-OIT,9949,3,6251,6261
46221,NSE-DLKV,10157,10,5393,5574
46221,NSE-OIT,9951,8,6220,6262
46239,NSE-DLKV,10174,3,5574,5584
46239,NSE-SIMP,10005,50,5741,5750
46239,NSE-CARD,9701,50,6365,6375
46252,NSE-CARD,9703,50,6366,6376
46252,NSE-OIT,9954,42,6262,6274
46252,NSE-OIT,9953,8,6264,6274
46265,NSE-OIT,9953,20,6264,6275
46265,NSE-ZABA,9696,9,5483,5493
46314,NSE-CARD,9700,10,6367,6379
46321,NSE-ZABA,9696,9,5483,5494
46321,NSE-CARD,9701,1,6378,6380
46330,NSE-SIMP,9987,50,5752,5761
46330,NSE-CARD,9705,50,6381,6390
46377,NSE-DLKV,10173,3,5585,5595
46421,NSE-ZITO,9717,1,5709,5718
46421,NSE-DLKV,10173,1,5585,5596
46421,NSE-CARD,9703,2,6380,6395
46421,NSE-ZABA,9694,9,5495,5506
46421,NSE-CARD,9706,7,6383,6396
46421,NSE-DLKV,10177,4,4175,5597
46421,NSE-DLKV,10177,4,4175,5598
46421,NSE-DLKV,10181,8,3856,5598
46421,NSE-DLKV,10184,8,3799,5598
46421,NSE-DLKV,10185,10,3800,5598
46421,NSE-DLKV,10186,8,4239,5598
46421,NSE-DLKV,10187,8,4069,5598
46421,NSE-DLKV,10188,4,4080,5598
46421,NSE-DLKV,10188,4,4080,5600
46421,NSE-DLKV,10190,10,3976,5600
46421,NSE-DLKV,10190,8,4056,5600
46421,NSE-DLKV,10190,8,4218,5600
46421,NSE-DLKV,10191,8,4282,5600
46459,NSE-OIT,9943,50,6289,6298
46459,NSE-SIMP,9994,50,5767,5776
46459,NSE-CARD,9708,50,6397,6408
46515,NSE-CARD,9710,8,6398,6409
46515,NSE-DLKV,10205,8,5600,5609
46515,NSE-SIMP,9995,8,5769,5778
46515,NSE-ZABA,9689,8,5508,5517
46515,NSE-ZITO,9744,8,5720,5729
46522,NSE-SIMP,9985,8,5703,5781
46528,NSE-DLKV,10190,20,5610,5620
46528,NSE-DLKV,10190,20,5610,5621
46528,NSE-DLKV,10190,10,5610,5622
46528,NSE-DLKV,10188,10,5612,5622
46541,NSE-OIT,9942,50,6302,6311
46557,NSE-SIMP,9982,42,5781,5790
46557,NSE-SIMP,9983,8,5783,5790
46557,NSE-CARD,9722,50,6411,6422
46588,NSE-CARD,9721,49,6413,6424
46621,NSE-OIT,9940,8,6301,6312
46621,NSE-DLKV,10188,9,5612,5623
46621,NSE-OIT,9948,8,6300,6313
46637,NSE-OIT,9948,42,6313,6324
46637,NSE-OIT,9947,8,6315,6324
46653,NSE-SIMP,9992,50,5793,5802
46653,NSE-OIT,9947,50,6315,6325
46721,NSE-ZITO,9732,1,5743,5753
46721,NSE-CARD,9698,10,6343,6437
46721,NSE-CARD,9658,8,6317,6437
46721,NSE-SIMP,9980,8,3643,5805
46721,NSE-SIMP,9978,1,3349,5805
46721,NSE-SIMP,9978,8,3400,5805
46721,NSE-SIMP,9976,8,3602,5805
46741,NSE-SIMP,9975,25,5805,5814
46741,NSE-SIMP,9976,25,5807,5814
46757,NSE-ZITO,9764,5,5755,5764
46821,NSE-OIT,9964,8,6079,6339
46851,NSE-SIMP,9992,50,5817,5826
46851,NSE-SIMP,9990,50,5816,5827
46888,NSE-SIMP,9993,1,5819,5829
46889,NSE-OIT,9964,5,6339,6350
46920,NSE-SIMP,9989,50,5818,5831
46921,NSE-ZABA,9710,1,5551,5561
46921,NSE-OIT,9965,5,6117,6352
46921,NSE-OIT,9966,1,6340,6352
46921,NSE-ZABA,9714,1,5552,5562
46921,NSE-OIT,9968,5,5840,6353
46921,NSE-OIT,9971,5,6109,6353
46938,NSE-ZITO,9742,50,5779,5788
46978,NSE-DLKV,10172,20,5654,5664
46978,NSE-DLKV,10172,20,5654,5665
47021,NSE-CARD,9501,5,6199,6470
47021,NSE-CARD,9499,5,6077,6470
47021,NSE-CARD,9498,8,5646,6470
47033,NSE-OIT,9952,50,6364,6373
47033,NSE-SIMP,10002,50,5843,5854
47033,NSE-CARD,9498,32,6470,6479
47033,NSE-CARD,9499,18,6472,6479
47089,NSE-CARD,9499,8,6472,6480
47089,NSE-DLKV,10178,8,5666,5677
47089,NSE-OIT,9950,8,6363,6375
47089,NSE-SIMP,10004,8,5844,5855
47089,NSE-ZABA,9694,8,5576,5585
47105,NSE-CARD,9499,20,6472,6482
47105,NSE-CARD,9499,20,6472,6483
47105,NSE-CARD,9499,10,6472,6484
47105,NSE-CARD,9499,1,6472,6485
47105,NSE-CARD,9499,23,6472,6486
47105,NSE-CARD,9500,9,6474,6486
47105,NSE-ZITO,9731,45,5791,5802
47121,NSE-ZITO,9731,5,5791,5803
47121,NSE-SIMP,10021,1,5765,5858
47122,NSE-ZITO,9721,8,5800,5805
47147,NSE-CARD,9500,5,6488,6497
47164,NSE-OIT,9945,50,6378,6387
47165,NSE-SIMP,10027,49,5858,5869
47165,NSE-SIMP,10026,1,5860,5869
47165,NSE-CARD,9500,45,6488,6499
47165,NSE-CARD,9501,5,6490,6499
47200,NSE-CARD,9498,5,6487,6501
47200,NSE-DLKV,10140,5,5678,5689
47200,NSE-OIT,9946,5,6380,6388
47200,NSE-SIMP,10029,5,5859,5870
47200,NSE-ZABA,9704,5,5588,5597
47200,NSE-ZITO,9716,5,5805,5814
47200,NSE-CARD,9498,5,6487,6503
47200,NSE-DLKV,10140,5,5678,5691
47200,NSE-OIT,9946,5,6380,6390
47200,NSE-SIMP,10029,5,5859,5872
47200,NSE-ZABA,9704,5,5588,5599
47200,NSE-ZITO,9716,5,5805,5816
47200,NSE-CARD,9498,5,6487,6505
47200,NSE-DLKV,10140,5,5678,5693
47200,NSE-OIT,9946,5,6380,6392
47200,NSE-SIMP,10029,5,5859,5874
47200,NSE-ZABA,9704,5,5588,5601
47200,NSE-ZITO,9716,5,5805,5818
47200,NSE-CARD,9498,5,6487,6507
47221,NSE-CARD,9496,5,5734,6509
47231,NSE-SIMP,10025,20,5876,5886
47232,NSE-ZITO,9715,1,5821,5831
47249,NSE-SIMP,10025,30,5876,5888
47249,NSE-SIMP,10024,20,5878,5888
47249,NSE-CARD,9491,45,6509,6518
47249,NSE-CARD,9492,5,6511,6518
47249,NSE-OIT,9954,50,6394,6405
47299,NSE-SIMP,10024,25,5878,5889
47300,NSE-DLKV,10146,5,5694,5706
47300,NSE-OIT,9956,5,6395,6406
47300,NSE-ZABA,9710,5,5604,5613
47300,NSE-ZITO,9715,5,5821,5832
47321,NSE-SIMP,10026,5,5890,5892
47321,NSE-CARD,9489,5,5732,6521
47321,NSE-CARD,9487,8,5718,6521
47321,NSE-CARD,9485,5,5736,6521
47322,NSE-SIMP,10030,5,5891,5893
47322,NSE-SIMP,10031,5,5875,5893
47322,NSE-SIMP,10032,8,5779,5893
47349,NSE-CARD,9482,5,6521,6530
47349,NSE-DLKV,10138,5,5707,5718
47349,NSE-OIT,9969,5,6409,6418
47349,NSE-SIMP,10035,5,5893,5904
47349,NSE-ZABA,9710,5,5616,5625
47350,NSE-SIMP,10035,27,5893,5905
47350,NSE-SIMP,10034,23,5895,5905
47350,NSE-CARD,9482,27,6521,6532
47350,NSE-CARD,9483,23,6523,6532
47350,NSE-OIT,9967,50,6408,6422
47401,NSE-SIMP,10034,1,5895,5906
47401,NSE-SIMP,10034,50,5895,5907
47401,NSE-ZITO,9720,5,5835,5844
47416,NSE-ZITO,9720,5,5835,5846
47416,NSE-CARD,9483,20,6523,6535
47421,NSE-OIT,9969,6,6409,6423
47421,NSE-SIMP,10034,6,5895,5908
47421,NSE-DLKV,10138,4,5707,5719
47421,NSE-ZABA,9706,1,5615,5627
47422,NSE-SIMP,10014,5,5903,5910
47422,NSE-ZABA,9689,1,5539,5629
47450,NSE-CARD,9498,50,6536,6547
47521,NSE-OIT,9972,5,6113,6435
47521,NSE-OIT,9974,5,6002,6435
47521,NSE-OIT,9974,5,6245,6435
47521,NSE-OIT,9976,5,6111,6435
47522,NSE-ZITO,9699,1,5451,5858
47553,NSE-CARD,9506,1,6548,6558
47553,NSE-ZABA,9693,1,5639,5648
47553,NSE-CARD,9506,49,6548,6560
47553,NSE-CARD,9505,1,6550,6560
47594,NSE-CARD,9508,8,6549,6561
47594,NSE-OIT,9978,8,6435,6447
47594,NSE-ZABA,9693,8,5639,5650
47594,NSE-ZITO,9686,8,5858,5867
47621,NSE-CARD,9505,5,6550,6563
47621,NSE-ZITO,9686,6,5858,5869
47622,NSE-SIMP,10016,8,5932,5935
47645,NSE-SIMP,10013,50,5934,5944
47645,NSE-CARD,9494,50,6565,6574
47694,NSE-CARD,9492,20,6564,6576
47694,NSE-CARD,9492,20,6564,6577
47694,NSE-CARD,9492,10,6564,6578
47695,NSE-OIT,9970,1,6448,6459
47721,NSE-CARD,9491,1,6566,6579
47721,NSE-ZABA,9670,1,5652,5662
47721,NSE-DLKV,10135,8,5744,5754
47721,NSE-SIMP,10012,7,5936,5945
47721,NSE-CARD,9571,5,6531,6580
47721,NSE-DLKV,10124,5,5558,5756
47721,NSE-DLKV,10119,8,5742,5756
47721,NSE-DLKV,10118,5,5688,5756
47721,NSE-DLKV,10116,5,5692,5756
47721,NSE-DLKV,10115,8,5676,5756
47721,NSE-DLKV,10114,5,5690,5756
47721,NSE-OIT,9979,5,6115,6460
47721,NSE-OIT,9983,5,6004,6460
47721,NSE-OIT,9984,8,5652,6460
47721,NSE-OIT,9985,8,5887,6460
47721,NSE-OIT,9986,5,5625,6460
47721,NSE-OIT,9987,8,5950,6460
47726,NSE-CARD,9639,5,6580,6591
47726,NSE-DLKV,10110,5,5717,5766
47726,NSE-OIT,9987,5,6460,6471
47726,NSE-ZABA,9682,5,5664,5673
47761,NSE-CARD,9639,8,6580,6593
47761,NSE-OIT,9987,6,6460,6473
47761,NSE-OIT,9986,2,6462,6473
47761,NSE-ZABA,9678,8,5663,5676
47761,NSE-ZITO,9688,8,5881,5890
47761,NSE-CARD,9639,32,6580,6595
47761,NSE-CARD,9638,18,6582,6595
47812,NSE-ZITO,9688,5,5881,5892
47812,NSE-CARD,9638,5,6582,6597
47812,NSE-DLKV,10110,5,5755,5770
47812,NSE-OIT,9986,5,6462,6476
47812,NSE-SIMP,10018,5,5957,5960
47821,NSE-DLKV,10122,8,5768,5771
47821,NSE-DLKV,10150,8,5743,5771
47821,NSE-OIT,9972,5,6475,6478
47825,NSE-OIT,9963,45,6478,6487
47825,NSE-OIT,9964,5,6480,6487
47825,NSE-CARD,9622,50,6598,6609
47910,NSE-SIMP,10023,25,5961,5971
47962,NSE-OIT,9975,50,6489,6498
47962,NSE-CARD,9603,50,6611,6620
47977,NSE-CARD,9601,8,6610,6623
47977,NSE-DLKV,10155,8,5782,5793
47977,NSE-OIT,9973,8,6488,6500
47977,NSE-SIMP,10029,8,5972,5983
47977,NSE-ZABA,9691,8,5687,5698
47993,NSE-SIMP,10029,5,5972,5984
47993,NSE-ZABA,9695,5,5688,5699
47993,NSE-ZITO,9711,5,5908,5919
47993,NSE-DLKV,10155,20,5782,5794
48021,NSE-ZABA,9695,5,5688,5702
48062,NSE-CARD,9617,10,6625,6634
48062,NSE-CARD,9617,40,6625,6636
48062,NSE-CARD,9618,10,6627,6636
48062,NSE-OIT,9973,50,6501,6512
48106,NSE-CARD,9615,5,6624,6639
48106,NSE-DLKV,10150,5,5795,5806
48106,NSE-OIT,9972,5,6503,6514
48106,NSE-SIMP,10028,5,5986,5995
48106,NSE-ZABA,9685,5,5704,5713
48107,NSE-ZITO,9722,5,5922,5931
48107,NSE-CARD,9615,5,6624,6641
48107,NSE-DLKV,10150,5,5795,5808
48107,NSE-OIT,9972,5,6503,6517
48121,NSE-DLKV,10154,6,5796,5809
48121,NSE-CARD,9615,1,6624,6642
48121,NSE-ZITO,9722,1,5922,5933
48121,NSE-OIT,9970,5,6513,6519
48121,NSE-OIT,9960,5,6470,6519
48122,NSE-ZABA,9665,5,5716,5725
48122,NSE-ZITO,9721,5,5935,5944
48122,NSE-CARD,9612,5,6643,6654
48122,NSE-DLKV,10135,5,5810,5821
48122,NSE-OIT,9957,5,6518,6529
48154,NSE-OIT,9959,40,6519,6530
48154,NSE-OIT,9960,10,6521,6530
48154,NSE-CARD,9612,45,6643,6656
48154,NSE-CARD,9611,5,6645,6656
48217,NSE-CARD,9614,8,6644,6657
48217,NSE-OIT,9957,8,6518,6533
48217,NSE-ZABA,9665,8,5716,5727
48221,NSE-ZITO,9721,1,5935,5948
48221,NSE-OIT,9960,6,6521,6534
48221,NSE-OIT,9989,5,6119,6535
48221,NSE-OIT,9992,5,6389,6535
48221,NSE-OIT,9996,8,5552,6535
48221,NSE-OIT,9996,5,5623,6535
48221,NSE-OIT,9996,5,6419,6535
48221,NSE-OIT,9998,5,6393,6535
48221,NSE-SIMP,10022,8,6011,6012
48221,NSE-SIMP,10023,1,6007,6012
48221,NSE-SIMP,10030,5,5996,6012
48221,NSE-SIMP,10035,8,5959,6012
48222,NSE-ZABA,9636,8,5697,5730
48222,NSE-ZABA,9633,8,5675,5730
48235,NSE-SIMP,10036,5,6012,6023
48235,NSE-ZABA,9620,5,5730,5739
48235,NSE-ZITO,9730,5,5950,5959
48235,NSE-CARD,9616,5,6659,6670
48235,NSE-DLKV,10143,5,5824,5836
48235,NSE-OIT,9998,5,6535,6546
48235,NSE-SIMP,10036,5,6012,6025
48235,NSE-ZABA,9620,5,5730,5741
48252,NSE-OIT,9998,12,6535,6548
48252,NSE-OIT,9997,38,6537,6548
48252,NSE-CARD,9618,50,6660,6671
48252,NSE-CARD,9616,45,6659,6672
48252,NSE-CARD,9615,5,6661,6672
48252,NSE-OIT,9997,50,6537,6549
48290,NSE-CARD,9615,40,6661,6673
48321,NSE-DLKV,10147,6,5825,5838
48321,NSE-SIMP,10036,4,6012,6026
48321,NSE-CARD,9615,6,6661,6674
48321,NSE-SIMP,10036,1,6012,6027
48321,NSE-SIMP,10038,5,5533,6028
48321,NSE-CARD,9623,10,6635,6675
48322,NSE-ZITO,9716,8,5946,5962
48353,NSE-CARD,9623,40,6675,6686
48353,NSE-CARD,9622,10,6677,6686
48371,NSE-CARD,9625,8,6676,6687
48371,NSE-DLKV,10137,8,5840,5849
48371,NSE-OIT,9984,8,6550,6562
48371,NSE-SIMP,10038,8,6029,6040
48421,NSE-OIT,9984,8,6550,6563
48422,NSE-DLKV,10135,8,5822,5853
48422,NSE-OIT,10002,8,5889,6564
48422,NSE-ZABA,9651,8,5753,5754
48453,NSE-CARD,9627,1,6689,6699
48453,NSE-ZABA,9665,1,5755,5764
48453,NSE-CARD,9627,49,6689,6701
48453,NSE-CARD,9626,1,6691,6701
48454,NSE-OIT,10007,5,6564,6574
48491,NSE-CARD,9626,10,6691,6702
48509,NSE-CARD,9626,50,6691,6703
48521,NSE-ZABA,9665,7,5755,5766
48522,NSE-SIMP,10041,5,5615,6051
48522,NSE-SIMP,10042,8,5487,6051
48522,NSE-SIMP,10042,5,5726,6051
48522,NSE-SIMP,10043,8,5461,6051
48522,NSE-SIMP,10045,8,5459,6051
48522,NSE-SIMP,10045,5,5619,6051
48522,NSE-SIMP,10045,5,5623,6051
48522,NSE-SIMP,10045,5,5873,6051
48522,NSE-SIMP,10047,1,5933,6051
48523,NSE-ZITO,9731,8,5972,5983
48524,NSE-ZABA,9623,20,5768,5777
48524,NSE-OIT,10005,12,6575,6585
48524,NSE-ZITO,9732,5,5918,5993
48524,NSE-CARD,9631,5,6704,6715
48524,NSE-DLKV,10107,5,5862,5873
48524,NSE-OIT,10005,5,6575,6587
48524,NSE-ZABA,9623,5,5768,5779
48524,NSE-CARD,9633,8,6705,6716
48524,NSE-DLKV,10111,8,5863,5874
48524,NSE-OIT,10005,8,6575,6589
48524,NSE-SIMP,10046,8,6053,6062
48524,NSE-ZABA,9623,8,5768,5781
48524,NSE-SIMP,10046,25,6053,6063
48610,NSE-OIT,10005,1,6575,6591
48621,NSE-ZABA,9622,6,5752,5783
48621,NSE-DLKV,10111,7,5863,5876
48621,NSE-DLKV,10111,9,5863,5877
48621,NSE-SIMP,10046,1,6053,6064
48622,NSE-ZITO,9728,8,5995,5998
48622,NSE-ZITO,9705,1,5906,5998
48622,NSE-ZITO,9703,8,5917,5998
48624,NSE-OIT,10005,12,6592,6602
48653,NSE-CARD,9620,50,6720,6729
48688,NSE-CARD,9618,8,6719,6731
48688,NSE-DLKV,10104,8,5879,5888
48688,NSE-OIT,10005,8,6592,6604
48689,NSE-SIMP,10025,8,6065,6076
48689,NSE-ZABA,9647,8,5785,5795
48689,NSE-ZITO,9703,8,5998,6007
48721,NSE-ZABA,9647,9,5785,5797
48721,NSE-OIT,10009,5,5627,6605
48721,NSE-OIT,10009,8,5933,6605
48721,NSE-OIT,10011,8,5916,6605
48721,NSE-OIT,10016,5,5639,6605
48721,NSE-OIT,10025,5,6391,6605
48721,NSE-OIT,10030,8,4903,6605
48721,NSE-OIT,10030,5,6407,6605
48722,NSE-ZITO,9702,8,5971,6010
48723,NSE-CARD,9652,5,6732,6743
48723,NSE-DLKV,10116,5,5891,5902
48723,NSE-OIT,10033,5,6605,6616
48723,NSE-SIMP,10036,5,6077,6088
48723,NSE-ZABA,9667,5,5799,5808
48737,NSE-CARD,9652,5,6732,6744
48754,NSE-DLKV,10120,1,5892,5903
48755,NSE-ZITO,9681,1,6010,6019
48812,NSE-OIT,10033,1,6605,6617
48812,NSE-OIT,10031,36,6607,6617
48812,NSE-ZITO,9681,41,6010,6020
48812,NSE-ZITO,9682,9,6012,6020
48812,NSE-CARD,9652,28,6732,6746
48821,NSE-OIT,10037,8,6606,6618
48842,NSE-SIMP,10046,5,6089,6099
48856,NSE-CARD,9671,50,6747,6758
48904,NSE-CARD,9670,8,6749,6760
48904,NSE-DLKV,10112,8,5905,5914
48904,NSE-OIT,10025,8,6619,6630
48904,NSE-SIMP,10046,8,6089,6101
48904,NSE-ZABA,9671,8,5811,5820
48904,NSE-ZITO,9684,8,6022,6032
48921,NSE-CARD,9673,6,6748,6761
48921,NSE-ZABA,9667,3,5810,5822
48921,NSE-CARD,9673,1,6748,6762
48921,NSE-OIT,10043,8,5918,6631
48921,NSE-OIT,10053,8,3049,6631
48934,NSE-SIMP,10045,1,6102,6112
48934,NSE-OIT,10054,1,6631,6641
48934,NSE-ZITO,9674,5,6035,6044
48963,NSE-OIT,10054,30,6631,6642
48963,NSE-ZITO,9674,25,6035,6046
48963,NSE-CARD,9651,28,6763,6773
48979,NSE-CARD,9653,50,6764,6774
48996,NSE-OIT,10054,3,6631,6643
48996,NSE-OIT,10052,17,6633,6643
49021,NSE-CARD,9651,8,6763,6777
49021,NSE-ZITO,9672,8,6034,6047
49062,NSE-CARD,9706,10,6778,6789
49092,NSE-CARD,9706,8,6778,6792
49092,NSE-DLKV,10114,8,5929,5938
49092,NSE-OIT,10002,8,6644,6655
49092,NSE-SIMP,10034,8,6113,6124
49092,NSE-ZABA,9655,8,5836,5845
49092,NSE-ZITO,9689,8,6049,6058
49092,NSE-ZABA,9655,42,5836,5847
49108,NSE-CARD,9706,1,6778,6793
49121,NSE-SIMP,10036,2,6114,6125
49121,NSE-DLKV,10114,5,5929,5940
49121,NSE-DLKV,10114,1,5929,5941
49121,NSE-DLKV,10110,9,5928,5942
49122,NSE-SIMP,10047,7,5933,6126
49122,NSE-SIMP,10051,5,5617,6126
49122,NSE-SIMP,10052,5,5871,6126
49122,NSE-SIMP,10055,5,5621,6126
49122,NSE-SIMP,10057,1,5499,6126
49122,NSE-SIMP,10059,8,2700,6126
49122,NSE-SIMP,10059,8,5434,6126
49122,NSE-SIMP,10059,8,5447,6126
49122,NSE-SIMP,10060,3,2821,6126
49122,NSE-SIMP,10060,7,2821,6128
49161,NSE-CARD,9697,5,6794,6805
49161,NSE-DLKV,10112,5,5943,5954
49161,NSE-OIT,10021,5,6657,6669
49161,NSE-SIMP,10060,5,6128,6137
49161,NSE-ZABA,9666,5,5849,5858
49161,NSE-ZITO,9686,5,6062,6073
49161,NSE-CARD,9697,5,6794,6807
49161,NSE-DLKV,10112,5,5943,5957
49161,NSE-OIT,10021,5,6657,6671
49161,NSE-CARD,9697,40,6794,6809
49161,NSE-CARD,9696,10,6796,6809
49161,NSE-SIMP,10060,5,6128,6139
49161,NSE-ZABA,9666,5,5849,5860
49161,NSE-ZITO,9686,5,6062,6075
49162,NSE-CARD,9696,5,6796,6811
49162,NSE-DLKV,10112,5,5943,5959
49221,NSE-ZITO,9684,9,6061,6077
49221,NSE-CARD,9671,10,6788,6813
49237,NSE-ZABA,9651,1,5863,5872
49250,NSE-CARD,9659,5,6812,6822
49250,NSE-SIMP,10047,5,6140,6150
49277,NSE-CARD,9661,40,6813,6823
49277,NSE-CARD,9662,10,6815,6823
49301,NSE-CARD,9659,8,6812,6826
49301,NSE-DLKV,10117,8,5961,5970
49301,NSE-OIT,10015,8,6673,6684
49301,NSE-SIMP,10047,8,6140,6152
49301,NSE-ZABA,9651,8,5863,5873
49301,NSE-ZITO,9683,8,6079,6089
49302,NSE-OIT,10015,42,6673,6685
49321,NSE-DLKV,10117,5,5961,5973
49321,NSE-ZABA,9647,6,5862,5875
49388,NSE-CARD,9661,50,6828,6837
49421,NSE-SIMP,10054,5,6153,6163
49421,NSE-ZABA,9640,8,5876,5886
49421,NSE-ZITO,9668,10,6092,6101
49421,NSE-SIMP,10061,8,2106,6164
49421,NSE-SIMP,10062,8,2083,6164
49421,NSE-SIMP,10062,8,2208,6164
49421,NSE-SIMP,10062,8,4159,6164
49421,NSE-SIMP,10063,1,1661,6164
49421,NSE-SIMP,10064,17,1673,6164
49421,NSE-SIMP,10064,33,1673,6166
49421,NSE-SIMP,10065,8,4042,6166
49421,NSE-SIMP,10065,8,4132,6166
49421,NSE-SIMP,10065,8,5856,6166
49421,NSE-SIMP,10066,8,4068,6166
49421,NSE-SIMP,10067,10,2806,6166
49421,NSE-SIMP,10068,8,1997,6166
49421,NSE-SIMP,10068,8,4145,6166
49421,NSE-SIMP,10070,9,2675,6166
49421,NSE-SIMP,10070,1,2675,6168
49436,NSE-ZABA,9636,50,5888,5897
49436,NSE-ZITO,9682,42,6103,6112
49455,NSE-OIT,10014,5,6696,6706
49455,NSE-ZITO,9682,8,6103,6113
49455,NSE-ZITO,9683,12,6105,6113
49455,NSE-ZITO,9683,5,6105,6114
49484,NSE-CARD,9672,50,6838,6849
49522,NSE-SIMP,10072,10,2753,6174
49522,NSE-SIMP,10073,10,2779,6174
49522,NSE-SIMP,10076,10,2766,6174
49522,NSE-SIMP,10079,10,2714,6174
49541,NSE-ZABA,9632,5,5899,5908
49621,NSE-OIT,9998,8,6707,6718
49621,NSE-ZITO,9667,2,6116,6125
49621,NSE-CARD,9654,5,6810,6861
49621,NSE-CARD,9653,5,6806,6863
49621,NSE-SIMP,10086,8,213,6184
49621,NSE-SIMP,10088,10,200,6184
49629,NSE-CARD,9647,8,6862,6872
49629,NSE-OIT,9987,8,6719,6730
49629,NSE-SIMP,10088,8,6184,6195
49629,NSE-ZABA,9636,8,5910,5919
49629,NSE-ZITO,9664,8,6127,6136
49649,NSE-CARD,9649,45,6863,6873
49649,NSE-CARD,9650,5,6865,6873
49649,NSE-ZABA,9636,41,5910,5921
49649,NSE-ZITO,9664,42,6127,6138
49721,NSE-SIMP,10088,7,6184,6196
49721,NSE-CARD,9713,8,6658,6875
49721,NSE-CARD,9720,8,6688,6875
49721,NSE-CARD,9723,8,6717,6875
49721,NSE-DLKV,10152,8,6016,6017
49721,NSE-DLKV,10153,1,5837,6017
49767,NSE-CARD,9820,26,6875,6886
49767,NSE-CARD,9819,24,6877,6886
49821,NSE-DLKV,10154,3,6017,6028
49821,NSE-ZABA,9658,5,5923,5932
49821,NSE-OIT,10000,4,6732,6743
49821,NSE-DLKV,10157,6,5915,6029
49821,NSE-CARD,9830,1,6144,6887
49821,NSE-CARD,9856,8,6562,6887
49821,NSE-SIMP,10089,8,149,6207
49821,NSE-SIMP,10090,8,71,6207
49821,NSE-SIMP,10091,8,95,6207
49821,NSE-SIMP,10091,10,161,6207
49821,NSE-SIMP,10092,8,121,6207
49821,NSE-SIMP,10093,8,47,6207
49821,NSE-SIMP,10093,8,186,6209
49821,NSE-SIMP,10094,8,23,6209
49827,NSE-CARD,9860,41,6887,6898
49827,NSE-CARD,9859,9,6889,6898
49858,NSE-CARD,9859,8,6889,6900
49858,NSE-SIMP,10094,8,6209,6218
49858,NSE-ZABA,9651,8,5933,5944
49858,NSE-ZITO,9685,8,6150,6159
49877,NSE-SIMP,10094,1,6209,6219
49877,NSE-CARD,9859,5,6889,6902
49877,NSE-CARD,9859,5,6889,6903
49877,NSE-CARD,9859,5,6889,6904
49877,NSE-CARD,9859,5,6889,6905
49877,NSE-OIT,9985,50,6745,6756
49921,NSE-SIMP,10094,8,6209,6220
49921,NSE-OIT,9983,9,6744,6757
49921,NSE-DLKV,10157,2,5915,6043
49921,NSE-DLKV,10158,8,5939,6043
49921,NSE-DLKV,10160,8,6041,6043
49921,NSE-DLKV,10163,1,5704,6043
49921,NSE-DLKV,10166,8,5823,6043
49921,NSE-DLKV,10168,8,5850,6043
49921,NSE-DLKV,10172,8,5971,6043
49921,NSE-OIT,9983,8,6754,6759
50008,NSE-CARD,9834,1,6907,6917
50008,NSE-DLKV,10175,7,6043,6053
50008,NSE-DLKV,10173,13,6045,6053
50008,NSE-DLKV,10173,20,6045,6054
50021,NSE-CARD,9836,9,6908,6918
50021,NSE-CARD,9834,8,6907,6919
50021,NSE-ZABA,9666,10,5946,5956
50021,NSE-ZABA,9666,9,5946,5957
50021,NSE-ZABA,9666,3,5946,5958
50021,NSE-SIMP,10095,10,173,6231
50021,NSE-SIMP,10097,10,145,6231
50022,NSE-ZITO,9683,1,6161,6173
50071,NSE-OIT,9970,50,6770,6779
50121,NSE-SIMP,10100,3,6231,6241
50121,NSE-OIT,9971,4,6772,6781
50121,NSE-OIT,9968,2,6769,6782
50121,NSE-CARD,9860,10,6930,6933
50152,NSE-OIT,9977,50,6784,6793
50152,NSE-OIT,9975,50,6783,6794
50201,NSE-CARD,9845,8,6932,6943
50201,NSE-DLKV,10129,8,6040,6076
50201,NSE-OIT,9978,8,6786,6795
50201,NSE-SIMP,10107,8,6242,6253
50201,NSE-ZABA,9637,8,5970,5979
50237,NSE-OIT,9969,50,6798,6807
50321,NSE-OIT,9970,9,6800,6809
50321,NSE-OIT,9959,8,6683,6811
50332,NSE-OIT,9954,42,6811,6820
50332,NSE-OIT,9955,8,6813,6820
50395,NSE-ZABA,9669,20,5991,6001
50409,NSE-SIMP,10114,50,6265,6275
50409,NSE-SIMP,10113,50,6267,6275
50409,NSE-DLKV,10142,8,6089,6100
50409,NSE-OIT,9955,8,6813,6822
50409,NSE-SIMP,10113,8,6267,6277
50409,NSE-ZABA,9669,8,5991,6004
50421,NSE-OIT,9952,6,6654,6824
50421,NSE-OIT,9952,2,6654,6825
50421,NSE-OIT,9952,2,6810,6825
50421,NSE-CARD,9820,4,6955,6967
50421,NSE-CARD,9834,50,6965,6968
50421,NSE-DLKV,10147,1,6088,6101
50421,NSE-OIT,9951,5,6668,6827
50421,NSE-OIT,9949,5,6516,6827
50421,NSE-OIT,9948,8,6603,6827
50421,NSE-OIT,9946,5,6545,6827
50421,NSE-OIT,9943,8,6729,6827
50421,NSE-OIT,9942,5,6670,6827
50471,NSE-OIT,9938,14,6827,6836
50471,NSE-OIT,9939,36,6829,6836
50521,NSE-ZITO,9688,2,6217,6227
50521,NSE-CARD,9834,50,6965,6978
50522,NSE-ZABA,9677,8,5920,6015
50522,NSE-ZABA,9683,8,5980,6015
50522,NSE-ZABA,9691,8,5846,6015
50604,NSE-CARD,9835,100,6980,6988
50604,NSE-OIT,9960,8,6839,6848
50604,NSE-ZABA,9691,8,6015,6026
50604,NSE-ZITO,9685,8,6228,6239
50614,NSE-OIT,9958,50,6838,6851
50621,NSE-OIT,9960,3,6839,6852
50621,NSE-CARD,9838,7,6979,6990
50621,NSE-DLKV,10127,8,6124,6127
50622,NSE-ZITO,9696,8,6215,6240
50622,NSE-ZITO,9697,8,6193,6240
50712,NSE-CARD,9838,1,6991,7001
50721,NSE-DLKV,10158,8,6125,6137
50744,NSE-OIT,9959,50,6864,6875
50767,NSE-OIT,9958,5,6866,6876
50768,NSE-SIMP,10079,5,6313,6324
50768,NSE-ZABA,9675,5,6040,6049
50768,NSE-ZITO,9706,5,6251,6260
50768,NSE-CARD,9687,5,7002,7013
50821,NSE-SIMP,10079,3,6313,6325
50821,NSE-ZITO,9704,1,6250,6262
50900,NSE-CARD,9697,8,7016,7025
50900,NSE-OIT,9961,8,6879,6888
50900,NSE-ZABA,9670,1,6038,6064
50900,NSE-ZABA,9669,7,6052,6064
50900,NSE-ZITO,9700,8,6263,6274
50916,NSE-OIT,9959,50,6878,6891
50921,NSE-SIMP,10087,6,6327,6338
50921,NSE-OIT,9939,1,6863,6893
50921,NSE-OIT,9935,8,6561,6893
50921,NSE-SIMP,10079,8,6336,6340
50921,NSE-SIMP,10073,8,6300,6340
50922,NSE-ZITO,9723,8,6059,6275
51009,NSE-OIT,9935,41,6893,6902
51009,NSE-OIT,9936,9,6895,6902
51021,NSE-OIT,9936,8,6895,6904
51021,NSE-DLKV,10124,1,6161,6173
51021,NSE-DLKV,10121,8,6015,6173
51021,NSE-DLKV,10117,1,6042,6173
51021,NSE-DLKV,10115,8,6157,6173
51021,NSE-DLKV,10106,8,6099,6173
51021,NSE-DLKV,10101,5,5705,6173
51055,NSE-OIT,9956,50,6906,6915
51096,NSE-OIT,9957,50,6908,6917
51096,NSE-CARD,9692,50,7038,7051
51114,NSE-SIMP,10072,50,6349,6359
51114,NSE-SIMP,10071,100,6351,6359
51114,NSE-SIMP,10070,50,6353,6359
51121,NSE-CARD,9690,3,7037,7052
51121,NSE-ZABA,9666,5,6075,6086
51121,NSE-ZABA,9669,3,6085,6087
51121,NSE-DLKV,10096,8,5290,6185
51121,NSE-DLKV,10094,5,5354,6185
51121,NSE-DLKV,10094,5,5769,6185
51121,NSE-DLKV,10094,8,6075,6185
51121,NSE-DLKV,10092,1,5250,6185
51121,NSE-DLKV,10091,8,5767,6185
51121,NSE-DLKV,10090,5,5443,6185
51121,NSE-DLKV,10090,5,5958,6185
51121,NSE-DLKV,10089,5,5792,6185
51121,NSE-DLKV,10089,3,5792,6187
51121,NSE-DLKV,10087,8,5278,6187
51121,NSE-DLKV,10087,5,5956,6187
51121,NSE-DLKV,10084,5,5447,6187
51121,NSE-DLKV,10082,5,5765,6187
51121,NSE-DLKV,10082,5,5805,6187
51159,NSE-OIT,9941,50,6919,6931
51208,NSE-CARD,9703,8,7054,7064
51221,NSE-DLKV,10080,6,5303,6194
51221,NSE-CARD,9701,10,7053,7065
51221,NSE-ZITO,9724,4,6090,6306
51222,NSE-ZABA,9666,50,6098,6099
51222,NSE-ZABA,9666,50,6098,6101
51222,NSE-ZABA,9669,50,6085,6101
51222,NSE-ZABA,9669,47,6085,6103
51225,NSE-DLKV,10096,8,6196,6205
51225,NSE-OIT,9955,8,6934,6943
51225,NSE-SIMP,10084,8,6371,6380
51225,NSE-ZABA,9672,8,6103,6110
51225,NSE-ZITO,9719,8,6307,6318
51242,NSE-CARD,9683,50,7067,7077
51242,NSE-CARD,9684,50,7069,7077
51258,NSE-OIT,9955,42,6934,6945
51258,NSE-OIT,9956,8,6936,6945
51258,NSE-CARD,9684,50,7069,7078
51313,NSE-SIMP,10082,1,6370,6382
51314,NSE-OIT,9953,5,6933,6948
51314,NSE-SIMP,10082,5,6370,6384
51314,NSE-ZABA,9680,5,6100,6111
51314,NSE-ZITO,9721,5,6308,6319
51314,NSE-CARD,9681,5,7066,7081
51314,NSE-OIT,9953,5,6933,6950
51314,NSE-SIMP,10082,5,6370,6386
51314,NSE-ZITO,9721,5,6308,6321
51321,NSE-SIMP,10082,1,6370,6387
51321,NSE-ZABA,9680,1,6100,6113
51321,NSE-ZABA,9672,6,6103,6114
51321,NSE-CARD,9664,5,7080,7083
51321,NSE-DLKV,10090,5,6209,6212
51321,NSE-DLKV,10089,5,6207,6212
51347,NSE-DLKV,10082,19,6212,6221
51347,NSE-DLKV,10082,19,6212,6222
51361,NSE-OIT,9943,11,6952,6961
51361,NSE-OIT,9943,39,6952,6963
51361,NSE-CARD,9662,45,7083,7092
51361,NSE-CARD,9663,5,7085,7092
51361,NSE-OIT,9941,50,6951,6964
51404,NSE-CARD,9663,8,7085,7094
51421,NSE-ZABA,9656,6,6116,6128
51421,NSE-CARD,9663,6,7085,7096
51421,NSE-DLKV,10081,8,6223,6226
51421,NSE-DLKV,10080,2,5303,6226
51421,NSE-DLKV,10078,5,5835,6226
51421,NSE-DLKV,10077,5,5872,6226
51421,NSE-DLKV,10076,8,5453,6226
51421,NSE-DLKV,10076,5,5953,6226
51421,NSE-DLKV,10071,8,5534,6226
51421,NSE-DLKV,10071,8,5608,6226
51421,NSE-DLKV,10070,1,5807,6226
51421,NSE-DLKV,10070,4,5807,6228
51421,NSE-DLKV,10070,5,5820,6228
51421,NSE-DLKV,10068,5,5441,6228
51421,NSE-DLKV,10062,5,5901,6228
51422,NSE-OIT,9940,8,6965,6968
51422,NSE-OIT,9934,5,6615,6968
51422,NSE-OIT,9934,5,6672,6968
51422,NSE-OIT,9930,5,6949,6968
51422,NSE-OIT,9929,8,6629,6968
51422,NSE-OIT,9927,8,6588,6968
51422,NSE-OIT,9925,8,6446,6968
51422,NSE-OIT,9924,3,6947,6968
51422,NSE-OIT,9924,2,6947,6970
51449,NSE-OIT,9924,50,6970,6977
51449,NSE-CARD,9668,50,7098,7107
51523,NSE-ZABA,9665,20,6140,6149
51523,NSE-ZABA,9665,18,6140,6150
51523,NSE-DLKV,10067,20,6236,6245
51570,NSE-OIT,9921,50,6980,6989
51570,NSE-CARD,9679,50,7109,7121
51621,NSE-SIMP,10057,8,6399,6422
51621,NSE-SIMP,10055,8,6276,6422
51672,NSE-OIT,9924,50,6992,7001
51672,NSE-CARD,9668,50,7123,7132
51672,NSE-CARD,9666,50,7122,7133
51672,NSE-OIT,9922,50,6991,7002
51698,NSE-CARD,9669,20,7125,7134
51698,NSE-ZABA,9675,1,6152,6161
51699,NSE-OIT,9925,1,6994,7003
51709,NSE-OIT,9925,8,6994,7004
51709,NSE-SIMP,10042,8,6422,6432
51709,NSE-ZABA,9671,8,6151,6164
51721,NSE-CARD,9681,1,7119,7137
51721,NSE-CARD,9706,8,7095,7137
51721,NSE-CARD,9860,8,7076,7137
51721,NSE-CARD,9861,10,6931,7137
51721,NSE-CARD,9875,8,7026,7137
51721,NSE-CARD,9907,1,6038,7137
51721,NSE-OIT,9918,8,6299,7007
51721,NSE-OIT,9918,5,6528,7007
51721,NSE-OIT,9917,8,6499,7007
51721,NSE-OIT,9913,8,6472,7007
51721,NSE-OIT,9907,8,6374,7007
51721,NSE-OIT,9906,5,6586,7007
51722,NSE-ZABA,9682,8,6127,6165
51749,NSE-OIT,9900,8,7007,7017
51749,NSE-OIT,9901,42,7009,7017
51749,NSE-CARD,9920,14,7137,7148
51749,NSE-CARD,9919,36,7139,7148
51817,NSE-CARD,9919,64,7139,7149
51817,NSE-CARD,9918,36,7141,7149
51821,NSE-OIT,9901,9,7009,7019
51821,NSE-OIT,9897,8,6532,7021
51822,NSE-ZABA,9701,8,5782,6176
51822,NSE-ZABA,9707,8,5874,6176
51822,NSE-ZITO,9702,1,6295,6378
51842,NSE-OIT,9890,10,7021,7030
51889,NSE-OIT,9890,8,7021,7031
51889,NSE-SIMP,10043,8,6445,6454
51890,NSE-ZABA,9709,8,6176,6187
51890,NSE-ZITO,9700,8,6378,6387
51890,NSE-OIT,9890,24,7021,7033
51890,NSE-OIT,9891,26,7023,7033
51890,NSE-CARD,9911,50,7150,7162
51910,NSE-CARD,9910,100,7152,7163
51910,NSE-CARD,9909,150,7154,7163
51910,NSE-CARD,9908,200,7156,7163
51910,NSE-CARD,9907,250,7158,7163
51910,NSE-DLKV,10067,5,6269,6283
51910,NSE-OIT,9891,5,7023,7035
51910,NSE-SIMP,10041,5,6444,6457
51910,NSE-ZABA,9713,5,5728,6188
51910,NSE-ZITO,9700,5,6378,6389
51910,NSE-CARD,9672,5,7164,7167
51910,NSE-DLKV,10067,5,6269,6285
51910,NSE-OIT,9891,5,7023,7037
51910,NSE-SIMP,10041,5,6444,6459
51910,NSE-ZABA,9713,3,5728,6190
51910,NSE-ZABA,9713,2,6177,6190
51910,NSE-ZITO,9700,5,6378,6391
51910,NSE-CARD,9668,5,7166,7169
51910,NSE-DLKV,10067,5,6269,6287
51910,NSE-OIT,9891,5,7023,7039
51910,NSE-ZABA,9713,5,6177,6192
51910,NSE-ZITO,9700,5,6378,6393
51910,NSE-CARD,9664,5,7160,7171
51910,NSE-DLKV,10067,5,6269,6289
51910,NSE-OIT,9891,5,7023,7041
51910,NSE-SIMP,10041,5,6444,6461
51910,NSE-ZABA,9713,5,6177,6194
51910,NSE-ZITO,9700,5,6378,6395
51910,NSE-DLKV,10067,5,6269,6291
51910,NSE-OIT,9891,5,7023,7043
51910,NSE-SIMP,10041,5,6444,6463
51910,NSE-ZABA,9713,5,6177,6196
51910,NSE-ZITO,9700,5,6378,6397
51910,NSE-CARD,9669,5,7172,7175
51910,NSE-DLKV,10067,5,6269,6293
51910,NSE-OIT,9891,5,7023,7045
51910,NSE-SIMP,10041,5,6444,6465
51921,NSE-ZABA,9709,3,6176,6198
51921,NSE-OIT,9888,1,7020,7047
51921,NSE-CARD,9671,5,7173,7176
51921,NSE-CARD,9674,5,7165,7176
51922,NSE-DLKV,10066,8,6256,6296
51922,NSE-DLKV,10060,1,6278,6296
51922,NSE-ZABA,9716,8,5821,6199
51922,NSE-ZABA,9717,8,5796,6199
51922,NSE-ZABA,9728,8,5586,6199
51923,NSE-ZITO,9696,8,6365,6400
51923,NSE-ZITO,9695,8,6333,6400
52007,NSE-DLKV,10057,10,6296,6305
52007,NSE-CARD,9891,20,7176,7187
52007,NSE-ZABA,9744,20,6199,6210
52017,NSE-ZITO,9695,1,6400,6409
52021,NSE-ZABA,9744,1,6199,6212
52021,NSE-OIT,9874,8,7048,7058
52021,NSE-CARD,9923,10,5931,7188
52021,NSE-DLKV,10055,8,810,6307
52021,NSE-DLKV,10055,8,5418,6307
52021,NSE-DLKV,10055,5,5445,6307
52021,NSE-DLKV,10053,8,5011,6307
52021,NSE-DLKV,10050,8,575,6307
52021,NSE-DLKV,10049,8,6281,6307
52021,NSE-DLKV,10040,5,2178,6307
52021,NSE-DLKV,10040,3,2178,6309
52021,NSE-DLKV,10040,8,5189,6309
52027,NSE-OIT,9870,11,7060,7069
52027,NSE-CARD,9923,40,7188,7198
52027,NSE-CARD,9922,10,7190,7198
52037,NSE-DLKV,10040,8,6309,6316
52037,NSE-OIT,9870,8,7060,7071
52037,NSE-ZABA,9746,8,6213,6225
52037,NSE-ZITO,9684,8,6411,6420
52121,NSE-DLKV,10034,5,6306,6318
52122,NSE-ZABA,9751,5,6197,6226
52122,NSE-ZABA,9761,8,5518,6226
52122,NSE-ZABA,9771,8,5651,6226
52123,NSE-CARD,9918,10,7200,7211
52134,NSE-DLKV,10027,20,6320,6329
52135,NSE-DLKV,10027,20,6320,6330
52221,NSE-ZABA,9780,5,6193,6236
52221,NSE-ZABA,9788,5,6195,6236
52321,NSE-DLKV,10016,4,6331,6341
52321,NSE-CARD,9928,1,7214,7223
52321,NSE-CARD,9928,7,7214,7224
52321,NSE-DLKV,10020,6,6332,6342
52321,NSE-CARD,9929,8,6481,7225
52321,NSE-SIMP,10031,8,6252,6509
52321,NSE-ZABA,9803,5,6189,6246
52321,NSE-ZABA,9803,5,6191,6246
52321,NSE-ZABA,9811,5,5271,6246
52321,NSE-ZABA,9813,5,5360,6246
52321,NSE-ZABA,9814,5,5269,6246
52321,NSE-ZABA,9815,8,5444,6246
52321,NSE-ZABA,9817,5,5626,6246
52321,NSE-ZABA,9821,5,5358,6246
52321,NSE-ZABA,9822,5,5356,6246
52321,NSE-ZABA,9825,2,5165,6246
52321,NSE-ZABA,9825,6,5165,6248
52347,NSE-CARD,9930,2,7225,7237
52347,NSE-DLKV,10001,20,6344,6353
52347,NSE-DLKV,10001,20,6344,6354
52403,NSE-DLKV,10001,8,6344,6355
52403,NSE-SIMP,10026,8,6509,6518
52403,NSE-ZABA,9827,8,6248,6257
52403,NSE-ZABA,9827,6,6248,6258
52403,NSE-ZABA,9827,6,6248,6259
52403,NSE-CARD,9930,5,7225,7239
52403,NSE-ZABA,9827,5,6248,6260
52404,NSE-OIT,9884,8,7105,7107
52404,NSE-OIT,9883,42,7094,7107
52421,NSE-ZITO,9717,5,6443,6454
52421,NSE-SIMP,10026,1,6509,6521
52421,NSE-CARD,9930,5,7225,7241
52421,NSE-SIMP,10025,2,6486,6522
52422,NSE-SIMP,10041,1,6520,6523
52422,NSE-ZABA,9828,5,5166,6261
52422,NSE-ZABA,9829,8,5219,6261
52422,NSE-ZABA,9830,5,5614,6261
52422,NSE-ZABA,9833,5,5600,6261
52422,NSE-ZABA,9838,5,5602,6261
52422,NSE-ZABA,9842,8,5207,6261
52422,NSE-ZABA,9842,5,5362,6261
52422,NSE-ZABA,9847,5,5726,6261
52422,NSE-ZABA,9850,4,5194,6261
52422,NSE-ZABA,9850,4,5194,6263
52422,NSE-ZABA,9850,5,5550,6263
52422,NSE-ZABA,9850,5,5598,6263
52422,NSE-ZABA,9850,5,5714,6263
52422,NSE-ZABA,9859,8,5331,6263
52422,NSE-ZABA,9861,1,5044,6263
52422,NSE-ZABA,9861,5,5700,6263
52422,NSE-ZABA,9865,5,5674,6263
52422,NSE-ZABA,9866,5,6112,6263
52422,NSE-ZABA,9872,5,5740,6263
52422,NSE-ZABA,9873,8,5221,6263
52422,NSE-ZABA,9873,5,6050,6263
52487,NSE-OIT,9873,50,7108,7118
52487,NSE-OIT,9872,50,7110,7119
52487,NSE-OIT,9872,50,7110,7120
52521,NSE-CARD,9918,7,7243,7252
52522,NSE-ZABA,9875,5,5859,6271
52522,NSE-ZABA,9875,5,5861,6271
52522,NSE-ZABA,9878,5,5780,6271
52522,NSE-ZABA,9882,5,5778,6271
52522,NSE-ZABA,9884,5,5468,6271
52522,NSE-ZABA,9885,8,5366,6271
52522,NSE-ZABA,9887,5,5833,6271
52522,NSE-ZABA,9888,5,4938,6271
52522,NSE-ZABA,9896,7,5179,6271
52522,NSE-ZABA,9896,1,5179,6273
52534,NSE-ZABA,9898,20,6273,6281
52534,NSE-ZABA,9898,20,6273,6282
52534,NSE-DLKV,10002,8,6368,6377
52534,NSE-OIT,9869,8,7122,7131
52534,NSE-ZABA,9898,8,6273,6284
52534,NSE-ZITO,9714,8,6465,6476
52534,NSE-OIT,9869,1,7122,7133
52534,NSE-DLKV,10002,1,6368,6379
52534,NSE-SIMP,10042,8,6533,6545
52548,NSE-ZITO,9714,42,6465,6477
52548,NSE-ZITO,9713,58,6467,6477
52548,NSE-OIT,9869,41,7122,7134
52548,NSE-OIT,9870,59,7124,7134
52584,NSE-DLKV,10002,41,6368,6380
52584,NSE-DLKV,10004,59,6370,6380
52603,NSE-ZABA,9898,50,6273,6286
52621,NSE-ZITO,9713,4,6467,6478
52621,NSE-DLKV,10004,9,6370,6381
52621,NSE-DLKV,10004,8,6370,6382
52621,NSE-CARD,9920,7,7253,7265
52621,NSE-CARD,9922,1,7264,7266
52621,NSE-CARD,9937,8,6410,7266
52622,NSE-ZABA,9904,1,4923,6287
52622,NSE-ZABA,9909,8,3848,6287
52622,NSE-ZABA,9909,5,5364,6287
52622,NSE-ZABA,9912,8,3778,6287
52622,NSE-ZABA,9913,8,3802,6287
52622,NSE-ZABA,9917,8,3757,6287
52622,NSE-ZABA,9938,8,3663,6287
52622,NSE-ZABA,9943,4,3641,6287
52622,NSE-ZABA,9943,4,3641,6289
52622,NSE-ZABA,9944,1,3596,6289
52622,NSE-ZABA,9959,8,3563,6289
52622,NSE-ZABA,9963,8,2950,6289
52622,NSE-ZABA,9965,8,1259,6289
52622,NSE-ZABA,9966,8,2926,6289
52622,NSE-ZABA,9966,8,2974,6289
52648,NSE-OIT,9872,50,7137,7146
52648,NSE-OIT,9873,100,7139,7147
52649,NSE-CARD,9940,5,7266,7276
52674,NSE-DLKV,9993,50,6384,6393
52674,NSE-DLKV,9994,50,6386,6393
52674,NSE-ZABA,9967,5,6289,6298
52674,NSE-ZITO,9704,5,6480,6490
52674,NSE-CARD,9940,5,7266,7278
52674,NSE-DLKV,9994,5,6386,6394
52674,NSE-OIT,9874,5,7141,7149
52674,NSE-SIMP,10038,5,6546,6557
52674,NSE-ZABA,9967,5,6289,6300
52674,NSE-ZITO,9704,5,6480,6492
52674,NSE-CARD,9940,5,7266,7280
52704,NSE-DLKV,9994,5,6386,6396
52704,NSE-OIT,9874,5,7141,7151
52705,NSE-SIMP,10038,5,6546,6559
52705,NSE-ZABA,9967,5,6289,6302
52705,NSE-ZITO,9704,5,6480,6494
52721,NSE-ZITO,9702,7,6479,6496
52721,NSE-CARD,9942,8,4353,7281
52721,NSE-CARD,9977,8,4202,7281
52721,NSE-CARD,9990,8,4218,7281
52722,NSE-ZABA,9968,8,2998,6303
52722,NSE-ZABA,9969,8,1281,6303
52722,NSE-ZABA,9972,8,2903,6303
52722,NSE-ZABA,9981,8,723,6303
52722,NSE-ZABA,9994,8,699,6303
52723,NSE-CARD,10038,5,7281,7292
52723,NSE-DLKV,10028,5,6399,6408
52723,NSE-OIT,9889,5,7154,7163
52723,NSE-SIMP,10051,5,6560,6571
52723,NSE-ZABA,10024,1,6303,6314
52723,NSE-ZITO,9715,1,6498,6507
52755,NSE-OIT,9889,10,7154,7165
52755,NSE-OIT,9887,8,7153,7167
52755,NSE-ZABA,10024,8,6303,6316
52770,NSE-OIT,9887,42,7153,7169
52770,NSE-OIT,9886,8,7155,7169
52821,NSE-OIT,9895,5,7040,7170
52821,NSE-OIT,9904,8,7132,7170
52821,NSE-OIT,9907,5,7042,7170
52821,NSE-OIT,9911,5,7038,7170
52821,NSE-OIT,9914,8,7106,7170
52822,NSE-ZABA,10026,1,662,6317
52822,NSE-ZABA,10032,2,602,6317
52822,NSE-ZABA,10036,8,579,6317
52822,NSE-ZABA,10038,8,676,6317
52822,NSE-ZABA,10040,8,649,6317
52822,NSE-ZABA,10045,8,541,6317
52822,NSE-ZABA,10046,8,624,6317
52822,NSE-ZITO,9724,4,6090,6510
52822,NSE-ZITO,9724,8,6334,6510
52822,NSE-ZITO,9725,8,6366,6510
52826,NSE-ZABA,10074,1,6317,6327
52876,NSE-OIT,9916,19,7170,7181
52876,NSE-OIT,9915,31,7172,7181
52907,NSE-ZABA,10074,5,6317,6328
52907,NSE-ZITO,9728,5,6453,6520
52907,NSE-CARD,10041,5,7294,7305
52907,NSE-DLKV,10013,5,6415,6424
52907,NSE-OIT,9918,5,7171,7182
52907,NSE-SIMP,10049,5,6574,6585
52907,NSE-ZABA,10074,1,6317,6330
52907,NSE-ZABA,10072,4,6319,6330
52907,NSE-ZITO,9728,3,6453,6522
52907,NSE-ZITO,9729,2,6033,6522
52907,NSE-CARD,10041,5,7294,7307
52907,NSE-DLKV,10013,5,6415,6426
52921,NSE-SIMP,10051,6,6575,6586
52921,NSE-DLKV,10000,8,6412,6429
52922,NSE-ZABA,10106,1,433,6331
52922,NSE-ZABA,10109,10,306,6331
52922,NSE-ZABA,10111,8,475,6331
52922,NSE-ZABA,10112,8,449,6331
52922,NSE-ZABA,10113,1,290,6331
52922,NSE-ZABA,10113,1,293,6331
52922,NSE-ZABA,10116,8,421,6331
52922,NSE-ZABA,10120,8,399,6331
52922,NSE-ZABA,10121,5,365,6331
52922,NSE-ZABA,10121,3,365,6333
52922,NSE-ZABA,10125,8,342,6333
52922,NSE-ZABA,10133,8,72,6333
52922,NSE-ZABA,10133,8,98,6333
52922,NSE-ZABA,10133,10,112,6333
52922,NSE-ZABA,10134,8,152,6333
52922,NSE-ZABA,10134,8,219,6333
52922,NSE-ZABA,10135,8,243,6333
52922,NSE-ZABA,10136,8,292,6333
52922,NSE-ZABA,10138,8,126,6333
52922,NSE-ZABA,10142,10,59,6333
52922,NSE-ZABA,10144,8,267,6333
52923,NSE-ZABA,10180,5,6333,6341
52923,NSE-ZABA,10178,15,6335,6341
52923,NSE-ZABA,10178,20,6335,6342
52923,NSE-DLKV,9995,3,6429,6438
52923,NSE-ZABA,10178,1,6335,6343
52923,NSE-ZABA,10178,1,6335,6344
52923,NSE-SIMP,10040,1,6587,6597
52953,NSE-OIT,9900,8,7184,7197
52953,NSE-ZABA,10178,8,6335,6346
52953,NSE-OIT,9900,42,7184,7199
52953,NSE-OIT,9899,8,7186,7199
53021,NSE-SIMP,10042,7,6588,6600
53022,NSE-SIMP,10027,8,6572,6602
53023,NSE-ZITO,9717,8,6535,6536
53121,NSE-DLKV,10002,1,6442,6451
53121,NSE-ZITO,9717,5,6536,6546
53121,NSE-ZABA,10281,1,6348,6357
53157,NSE-ZABA,10337,1,6358,6368
53193,NSE-CARD,10049,5,7329,7339
53221,NSE-CARD,10051,6,7330,7340
53221,NSE-DLKV,9977,8,6439,6463
53221,NSE-SIMP,10054,8,6599,6622
53229,NSE-OIT,9900,5,7221,7230
53229,NSE-SIMP,10055,5,6622,6633
53229,NSE-ZABA,10411,5,6369,6380
53229,NSE-ZITO,9729,5,6033,6567
53243,NSE-CARD,10055,1,7341,7352
53254,NSE-DLKV,9975,20,6463,6473
53254,NSE-ZABA,10411,1,6369,6381
53254,NSE-ZABA,10411,1,6369,6382
53321,NSE-SIMP,10056,3,6487,6634
53322,NSE-ZITO,9729,1,6033,6569
53322,NSE-ZITO,9729,8,6421,6569
53322,NSE-ZITO,9732,3,5918,6569
53322,NSE-ZITO,9733,8,6509,6569
53322,NSE-ZITO,9734,8,6137,6569
53322,NSE-ZITO,9734,8,6388,6569
53331,NSE-CARD,10036,5,7353,7363
53331,NSE-DLKV,9985,5,6475,6484
53331,NSE-OIT,9879,5,7233,7242
53332,NSE-SIMP,10051,5,6635,6646
53332,NSE-ZABA,10453,5,6383,6394
53332,NSE-ZITO,9736,5,6570,6579
53356,NSE-ZABA,10453,45,6383,6395
53356,NSE-ZABA,10451,5,6385,6395
53356,NSE-CARD,10036,45,7353,7364
53356,NSE-CARD,10035,100,7355,7364
53356,NSE-CARD,10034,150,7357,7364
53356,NSE-CARD,10033,200,7359,7364
53356,NSE-CARD,10032,250,7361,7364
53356,NSE-CARD,9926,8,7318,7364
53356,NSE-CARD,9922,5,7279,7364
53356,NSE-CARD,9921,5,7291,7364
53386,NSE-OIT,9879,20,7233,7244
53386,NSE-ZABA,10451,20,6385,6396
53386,NSE-ZABA,10451,20,6385,6397
53387,NSE-DLKV,9985,1,6475,6486
53387,NSE-OIT,9879,1,7233,7245
53411,NSE-DLKV,9985,8,6475,6487
53411,NSE-ZABA,10451,8,6385,6399
53411,NSE-ZITO,9734,8,6569,6581
53421,NSE-ZITO,9736,7,6570,6582
53421,NSE-ZITO,9734,6,6569,6583
53421,NSE-ZITO,9733,1,6571,6583
53421,NSE-DLKV,9985,6,6475,6489
53421,NSE-OIT,9877,6,7232,7248
53422,NSE-SIMP,10056,5,6487,6649
53422,NSE-SIMP,10057,8,6544,6649
53422,NSE-SIMP,10058,8,6573,6649
53432,NSE-OIT,9898,50,7250,7259
53432,NSE-CARD,10048,5,7367,7378
53432,NSE-DLKV,9971,5,6491,6500
53432,NSE-OIT,9899,5,7252,7261
53432,NSE-SIMP,10062,5,6649,6660
53432,NSE-ZABA,10559,5,6400,6411
53432,NSE-ZITO,9710,5,6585,6595
53432,NSE-CARD,10048,5,7367,7380
53432,NSE-DLKV,9971,5,6491,6502
53432,NSE-OIT,9899,5,7252,7263
53450,NSE-OIT,9899,50,7252,7264
53483,NSE-OIT,9899,9,7252,7266
53518,NSE-ZABA,10559,5,6400,6412
53535,NSE-SIMP,10060,5,6661,6672
53535,NSE-ZABA,10625,5,6413,6424
53535,NSE-ZITO,9735,5,6598,6607
53535,NSE-CARD,10044,5,7382,7393
53535,NSE-DLKV,9959,5,6505,6514
53563,NSE-ZABA,10625,20,6413,6425
53563,NSE-DLKV,9959,8,6505,6515
53563,NSE-ZABA,10625,25,6413,6426
53563,NSE-ZABA,10623,24,6415,6426
53563,NSE-ZABA,10623,1,6415,6427
53621,NSE-OIT,9877,4,7268,7279
53621,NSE-ZABA,10623,1,6415,6428
53621,NSE-CARD,10023,8,7365,7395
53621,NSE-SIMP,10067,8,6648,6673
53621,NSE-SIMP,10071,8,6519,6673
53651,NSE-OIT,9877,50,7281,7290
53651,NSE-OIT,9878,50,7283,7292
53651,NSE-OIT,9878,50,7283,7294
53668,NSE-OIT,9879,5,7285,7296
53668,NSE-SIMP,10074,5,6673,6684
53668,NSE-ZABA,10683,5,6429,6440
53668,NSE-ZITO,9732,5,6612,6621
53683,NSE-CARD,10002,8,7395,7404
53697,NSE-DLKV,9964,8,6517,6527
53697,NSE-OIT,9879,8,7285,7298
53697,NSE-SIMP,10074,8,6673,6686
53698,NSE-ZABA,10683,8,6429,6442
53721,NSE-OIT,9875,7,7280,7300
53721,NSE-OIT,9875,5,7280,7301
53721,NSE-ZITO,9732,6,6612,6625
53722,NSE-OIT,9902,8,7247,7302
53820,NSE-ZABA,10771,20,6443,6453
53820,NSE-ZABA,10771,20,6443,6454
53820,NSE-ZABA,10771,10,6443,6455
53820,NSE-ZABA,10769,10,6445,6455
53820,NSE-ZABA,10769,5,6445,6456
53821,NSE-DLKV,9957,36,6530,6539
53821,NSE-ZABA,10769,47,6445,6457
53821,NSE-CARD,9955,5,7406,7416
53821,NSE-ZITO,9732,1,6626,6636
53822,NSE-ZITO,9738,5,6622,6637
53822,NSE-ZITO,9739,5,6521,6637
53822,NSE-ZITO,9740,5,6596,6637
53822,NSE-ZITO,9742,5,6608,6637
53822,NSE-ZITO,9742,8,6624,6637
53822,NSE-ZITO,9743,8,6160,6637
53822,NSE-ZITO,9743,5,6594,6637
53822,NSE-ZITO,9745,8,5891,6637
53822,NSE-ZITO,9745,1,5947,6637
53822,NSE-ZITO,9745,7,5947,6639
53822,NSE-ZITO,9747,5,5960,6639
53822,NSE-ZITO,9748,5,6074,6639
53822,NSE-ZITO,9750,5,5994,6639
53921,NSE-ZABA,10889,6,6459,6468
53921,NSE-OIT,9905,9,7315,7324
53955,NSE-OIT,9892,50,7325,7336
53955,NSE-OIT,9894,50,7326,7337
53955,NSE-OIT,9891,50,7327,7340
53955,NSE-CARD,9984,50,7428,7437
53955,NSE-OIT,9891,50,7327,7341
53984,NSE-CARD,9982,5,7427,7439
53984,NSE-DLKV,9972,5,6551,6560
53984,NSE-OIT,9895,5,7328,7342
53984,NSE-ZABA,10919,5,6469,6480
53984,NSE-ZITO,9737,5,6647,6658
53984,NSE-CARD,9982,5,7427,7441
53984,NSE-DLKV,9972,5,6551,6562
53984,NSE-OIT,9895,5,7328,7344
53984,NSE-SIMP,10058,5,6708,6721
54021,NSE-CARD,9985,2,7430,7443
54022,NSE-SIMP,10057,5,6718,6723
54023,NSE-ZITO,9729,1,6610,6660
54039,NSE-ZABA,11003,20,6482,6492
54056,NSE-ZITO,9727,45,6660,6669
54056,NSE-ZABA,11003,30,6482,6493
54056,NSE-ZABA,11001,7,6484,6493
54057,NSE-ZITO,9727,4,6660,6670
54057,NSE-ZITO,9728,46,6662,6670
54057,NSE-CARD,9961,50,7445,7455
54077,NSE-ZABA,11001,5,6484,6494
54077,NSE-ZITO,9728,5,6662,6671
54077,NSE-CARD,9959,5,7444,7457
54077,NSE-OIT,9886,5,7348,7360
54077,NSE-SIMP,10049,5,6683,6734
54077,NSE-ZABA,11001,5,6484,6496
54077,NSE-ZITO,9728,5,6662,6673
54077,NSE-DLKV,9979,5,6565,6576
54077,NSE-OIT,9886,5,7348,7362
54077,NSE-CARD,9962,8,7447,7459
54077,NSE-DLKV,9979,8,6565,6578
54077,NSE-ZABA,11001,8,6484,6498
54121,NSE-DLKV,9977,8,6564,6580
54123,NSE-ZITO,9729,8,6676,6677
54123,NSE-ZITO,9740,5,6674,6677
54123,NSE-ZITO,9748,5,6672,6677
54123,NSE-ZITO,9751,8,5801,6677
54123,NSE-ZITO,9754,5,5945,6677
54123,NSE-ZITO,9754,5,6045,6677
54123,NSE-ZITO,9756,5,6523,6677
54123,NSE-ZITO,9757,8,5996,6677
54123,NSE-ZITO,9758,1,6396,6677
54123,NSE-ZITO,9758,4,6396,6679
54162,NSE-SIMP,10045,5,6737,6748
54162,NSE-ZABA,11075,5,6499,6510
54162,NSE-ZITO,9758,5,6679,6688
54178,NSE-CARD,9957,50,7463,7472
54178,NSE-OIT,9907,50,7366,7377
54178,NSE-DLKV,9976,5,6582,6591
54178,NSE-OIT,9909,5,7278,7378
54178,NSE-SIMP,10045,5,6737,6750
54206,NSE-ZABA,11075,41,6499,6512
54207,NSE-ZABA,11075,4,6499,6513
54207,NSE-ZABA,11073,4,6501,6513
54207,NSE-ZABA,11073,20,6501,6514
54207,NSE-ZABA,11073,1,6501,6515
54221,NSE-ZABA,11073,6,6501,6516
54223,NSE-ZITO,9756,5,6687,6690
54260,NSE-CARD,9974,50,7475,7486
54260,NSE-OIT,9899,50,7382,7393
54321,NSE-ZABA,11121,4,6517,6527
54321,NSE-SIMP,10049,4,6752,6761
54321,NSE-DLKV,9964,1,6574,6605
54321,NSE-SIMP,10041,5,6671,6763
54321,NSE-SIMP,10036,8,6647,6763
54321,NSE-SIMP,10036,5,6659,6763
54321,NSE-SIMP,10034,8,6685,6763
54321,NSE-SIMP,10032,5,6720,6763
54354,NSE-ZABA,11164,1,6528,6538
54380,NSE-DLKV,9949,37,6605,6614
54380,NSE-ZABA,11164,4,6528,6539
54381,NSE-ZABA,11164,20,6528,6540
54421,NSE-SIMP,10030,2,6632,6772
54421,NSE-DLKV,9949,4,6605,6615
54428,NSE-ZABA,11176,5,6541,6551
54468,NSE-OIT,9906,50,7406,7415
54468,NSE-CARD,9969,50,7497,7507
54521,NSE-CARD,9968,1,7499,7508
54521,NSE-ZITO,9747,6,6711,6720
54521,NSE-SIMP,10030,3,6632,6784
54521,NSE-SIMP,10030,5,6733,6784
54521,NSE-SIMP,10029,5,6645,6784
54521,NSE-SIMP,10026,8,6543,6784
54521,NSE-SIMP,10025,6,6486,6784
54521,NSE-SIMP,10025,8,6735,6784
54521,NSE-SIMP,10025,5,6749,6784
54521,NSE-SIMP,10024,5,6087,6784
54521,NSE-SIMP,10023,5,6598,6784
54521,NSE-SIMP,10023,3,6598,6786
54521,NSE-SIMP,10021,8,6217,6786
54521,NSE-SIMP,10021,5,6570,6786
54521,NSE-SIMP,10020,5,6747,6786
54521,NSE-SIMP,10017,5,6556,6786
54521,NSE-SIMP,10016,5,5956,6786
54521,NSE-SIMP,10016,5,6558,6786
54521,NSE-SIMP,10014,8,6151,6786
54521,NSE-SIMP,10012,8,6100,6786
54521,NSE-SIMP,10012,5,6458,6786
54521,NSE-SIMP,10008,5,6323,6786
54551,NSE-ZABA,11274,20,6552,6562
54551,NSE-ZITO,9761,20,6721,6731
54551,NSE-ZABA,11274,5,6552,6563
54551,NSE-ZITO,9761,5,6721,6733
54551,NSE-DLKV,9980,5,6627,6636
54551,NSE-OIT,9907,5,7418,7427
54622,NSE-ZITO,9737,5,6732,6736
54690,NSE-CARD,9975,50,7520,7530
54690,NSE-CARD,9974,100,7522,7530
54690,NSE-CARD,9973,13,7524,7530
54721,NSE-CARD,9914,5,7377,7532
54721,NSE-CARD,9914,5,7392,7532
54721,NSE-CARD,9909,5,7379,7532
54721,NSE-CARD,9907,5,7438,7532
54721,NSE-CARD,9905,8,7238,7532
54721,NSE-CARD,9902,8,7293,7532
54721,NSE-CARD,9898,5,7277,7532
54721,NSE-CARD,9893,5,7306,7532
54721,NSE-CARD,9892,4,7304,7532
54721,NSE-CARD,9892,1,7304,7534
54721,NSE-CARD,9879,5,7351,7534
54724,NSE-DLKV,9968,50,6649,6658
54724,NSE-ZITO,9734,50,6746,6755
54724,NSE-ZABA,11261,20,6574,6584
54724,NSE-ZABA,11261,11,6574,6585
54738,NSE-SIMP,10052,1,6803,6813
54770,NSE-OIT,9904,50,7439,7452
54788,NSE-OIT,9906,50,7440,7453
54821,NSE-SIMP,10052,6,6803,6815
54821,NSE-DLKV,9969,5,6651,6659
54831,NSE-SIMP,10038,5,6816,6827
54831,NSE-ZABA,11270,5,6586,6597
54831,NSE-ZITO,9750,5,6758,6769
54857,NSE-OIT,9892,50,7456,7465
54857,NSE-OIT,9893,50,7458,7467
54883,NSE-DLKV,9956,1,6661,6670
54883,NSE-OIT,9893,1,7458,7469
54883,NSE-DLKV,9956,49,6661,6671
54883,NSE-DLKV,9957,1,6663,6671
54883,NSE-ZITO,9752,5,6759,6771
54904,NSE-OIT,9893,49,7458,7470
54904,NSE-OIT,9894,1,7460,7470
54904,NSE-CARD,9856,8,7544,7557
54904,NSE-SIMP,10040,8,6817,6828
54904,NSE-ZABA,11270,8,6586,6599
54904,NSE-ZITO,9750,8,6758,6773
54922,NSE-OIT,9892,8,7473,7474
54922,NSE-SIMP,10028,5,6826,6831
54922,NSE-ZITO,9762,5,6493,6774
54922,NSE-ZITO,9764,8,5868,6774
54922,NSE-ZITO,9764,5,5920,6774
54922,NSE-ZITO,9764,5,6076,6774
54922,NSE-ZITO,9764,5,6568,6774
54922,NSE-ZITO,9765,5,6495,6774
54980,NSE-CARD,9851,50,7560,7569
54980,NSE-OIT,9906,42,7474,7485
54980,NSE-OIT,9905,8,7476,7485
55021,NSE-ZABA,11257,5,6601,6610
55021,NSE-ZABA,11253,2,6600,6611
55021,NSE-DLKV,9943,8,6672,6685
55067,NSE-CARD,9841,50,7572,7581
55067,NSE-OIT,9894,50,7487,7497
55104,NSE-DLKV,9943,5,6685,6694
55104,NSE-OIT,9896,5,7488,7498
55104,NSE-SIMP,10024,5,6841,6851
55104,NSE-ZABA,11251,5,6612,6623
55121,NSE-DLKV,9943,8,6685,6696
55121,NSE-CARD,9841,5,7583,7586
55121,NSE-SIMP,10033,5,6852,6853
55124,NSE-ZITO,9753,5,6794,6805
55124,NSE-CARD,9839,5,7585,7596
55124,NSE-DLKV,9928,5,6698,6707
55124,NSE-OIT,9894,5,7501,7510
55144,NSE-ZITO,9753,20,6794,6806
55166,NSE-OIT,9894,45,7501,7512
55166,NSE-OIT,9895,5,7503,7512
55166,NSE-CARD,9841,45,7586,7597
55166,NSE-CARD,9842,5,7588,7597
55216,NSE-CARD,9842,8,7588,7599
55216,NSE-DLKV,9928,8,6698,6709
55216,NSE-ZABA,11236,8,6624,6636
55216,NSE-ZITO,9753,8,6794,6809
55221,NSE-SIMP,10054,1,6854,6866
55221,NSE-SIMP,10054,2,6854,6867
55221,NSE-OIT,9885,8,7364,7517
55221,NSE-OIT,9879,1,7357,7517
55221,NSE-OIT,9877,8,7514,7517
55222,NSE-SIMP,10043,8,6864,6869
55222,NSE-SIMP,10039,5,6863,6869
55261,NSE-OIT,9874,33,7517,7526
55261,NSE-OIT,9875,17,7519,7526
55261,NSE-CARD,9839,50,7602,7611
55301,NSE-ZABA,11234,5,6637,6648
55301,NSE-ZITO,9755,5,6810,6823
55321,NSE-OIT,9872,6,7246,7528
55321,NSE-CARD,9837,8,7601,7613
55321,NSE-ZABA,11234,2,6637,6649
55321,NSE-ZITO,9757,3,6811,6824
55322,NSE-OIT,9872,2,7246,7530
55322,NSE-OIT,9863,8,7472,7530
55322,NSE-SIMP,10041,5,6878,6879
55322,NSE-ZITO,9752,1,6821,6826
55322,NSE-ZITO,9749,5,6804,6826
55403,NSE-OIT,9863,20,7530,7539
55403,NSE-CARD,9842,8,7615,7624
55403,NSE-DLKV,9950,8,6722,6731
55403,NSE-OIT,9863,8,7530,7540
55403,NSE-ZABA,11234,8,6650,6662
55403,NSE-ZITO,9746,8,6825,6836
55421,NSE-ZITO,9746,2,6825,6837
55421,NSE-DLKV,9948,6,6721,6733
55421,NSE-CARD,9842,1,7615,7626
55421,NSE-ZITO,9748,1,6826,6838
55421,NSE-DLKV,9950,1,6722,6734
55421,NSE-ZITO,9746,4,6825,6839
55422,NSE-SIMP,10056,8,6736,6891
55422,NSE-ZITO,9744,5,6822,6841
55422,NSE-ZITO,9740,5,6768,6841
55430,NSE-OIT,9879,50,7543,7552
55430,NSE-CARD,9841,50,7628,7637
55430,NSE-CARD,9839,50,7627,7638
55521,NSE-ZABA,11193,6,6664,6673
55521,NSE-OIT,9880,6,7545,7554
55522,NSE-ZITO,9728,1,6757,6852
55522,NSE-ZITO,9723,8,6808,6852
55572,NSE-CARD,9841,50,7639,7650
55572,NSE-OIT,9873,50,7555,7565
55589,NSE-SIMP,10054,1,6901,6911
55621,NSE-ZITO,9723,4,6852,6862
55621,NSE-CARD,9843,5,7584,7651
55621,NSE-SIMP,10059,5,6719,6912
55622,NSE-ZITO,9767,8,5545,6863
55622,NSE-ZITO,9769,5,5932,6863
55622,NSE-ZITO,9770,5,5571,6863
55622,NSE-ZITO,9771,5,6491,6863
55649,NSE-OIT,9871,20,7567,7576
55649,NSE-ZITO,9773,19,6863,6873
55649,NSE-OIT,9871,20,7567,7577
55669,NSE-ZITO,9773,8,6863,6874
55669,NSE-ZITO,9772,42,6865,6874
55670,NSE-CARD,9857,45,7651,7662
55670,NSE-CARD,9856,5,7653,7662
55670,NSE-OIT,9869,50,7566,7578
55721,NSE-ZABA,11172,3,6685,6695
55721,NSE-CARD,9968,1,7555,7663
55721,NSE-CARD,9989,8,7625,7663
55721,NSE-CARD,9998,8,7600,7663
55721,NSE-CARD,10000,1,7454,7663
55721,NSE-CARD,10054,8,7366,7663
55721,NSE-CARD,10057,8,7405,7663
55721,NSE-CARD,10060,8,7558,7663
55721,NSE-CARD,10061,8,7460,7663
55722,NSE-SIMP,10062,1,6707,6922
55722,NSE-SIMP,10063,8,6890,6922
55764,NSE-CARD,10078,50,7665,7674
55764,NSE-OIT,9884,50,7579,7589
55810,NSE-DLKV,9924,1,6766,6775
55810,NSE-CARD,10078,1,7665,7675
55821,NSE-OIT,9875,1,7590,7592
55838,NSE-CARD,10099,50,7676,7687
55896,NSE-OIT,9870,20,7592,7602
55896,NSE-OIT,9870,20,7592,7603
55921,NSE-SIMP,10054,7,6933,6943
55921,NSE-SIMP,10054,1,6933,6944
55921,NSE-CARD,10102,8,3851,7688
55921,NSE-CARD,10104,8,3810,7688
55921,NSE-CARD,10109,8,3837,7688
55921,NSE-CARD,10111,10,58,7688
55921,NSE-CARD,10111,8,3824,7688
55952,NSE-CARD,10114,8,7688,7699
55952,NSE-CARD,10113,42,7690,7699
55952,NSE-OIT,9876,50,7604,7615
56021,NSE-ZABA,11168,3,6720,6729
56034,NSE-CARD,10100,10,7700,7711
56045,NSE-OIT,9885,50,7617,7626
56045,NSE-ZITO,9763,50,6906,6918
56045,NSE-OIT,9883,50,7616,7627
56109,NSE-ZITO,9762,50,6908,6920
56109,NSE-OIT,9882,50,7618,7629
56180,NSE-ZITO,9761,50,6921,6931
56180,NSE-OIT,9885,50,7630,7641
56212,NSE-ZABA,11176,5,6741,6751
56221,NSE-ZITO,9760,1,6923,6932
56221,NSE-DLKV,9902,6,6806,6817
56221,NSE-OIT,9887,8,7631,7643
56221,NSE-CARD,10104,3,7713,7723
56221,NSE-CARD,10104,1,7713,7724
56221,NSE-SIMP,10073,8,6865,6975
56221,NSE-SIMP,10076,8,6829,6975
56221,NSE-SIMP,10081,8,6433,6975
56222,NSE-ZITO,9735,1,6916,6934
56225,NSE-SIMP,10083,1,6975,6985
56239,NSE-OIT,9904,50,7644,7655
56321,NSE-ZITO,9728,3,6933,6944
56321,NSE-CARD,10103,1,7725,7735
56321,NSE-ZITO,9728,3,6933,6945
56321,NSE-DLKV,9901,6,6818,6828
56321,NSE-CARD,10099,10,7710,7737
56337,NSE-OIT,9888,50,7657,7668
56358,NSE-CARD,10093,8,7736,7747
56358,NSE-DLKV,9897,8,6830,6839
56358,NSE-OIT,9890,8,7658,7669
56358,NSE-SIMP,10077,8,6986,6997
56358,NSE-ZABA,11138,8,6763,6772
56409,NSE-DLKV,9897,1,6830,6841
56421,NSE-CARD,10095,1,7737,7749
56421,NSE-CARD,10100,1,7748,7750
56422,NSE-ZITO,9733,8,6957,6960
56446,NSE-CARD,10121,5,7750,7761
56446,NSE-DLKV,9906,5,6843,6852
56446,NSE-OIT,9887,5,7673,7682
56446,NSE-SIMP,10082,5,6998,7009
56446,NSE-ZABA,11115,5,6774,6785
56446,NSE-ZITO,9727,5,6960,6969
56446,NSE-CARD,10121,5,7750,7763
56446,NSE-DLKV,9906,5,6843,6854
56446,NSE-OIT,9887,5,7673,7684
56469,NSE-OIT,9887,40,7673,7686
56469,NSE-OIT,9888,10,7675,7686
56469,NSE-ZITO,9727,37,6960,6971
56469,NSE-ZITO,9728,13,6962,6971
56469,NSE-SIMP,10082,5,6998,7011
56469,NSE-ZABA,11115,5,6774,6788
56469,NSE-ZITO,9728,5,6962,6972
56469,NSE-CARD,10121,5,7750,7765
56469,NSE-DLKV,9906,5,6843,6856
56469,NSE-OIT,9888,5,7675,7688
56519,NSE-SIMP,10082,5,6998,7013
56519,NSE-ZABA,11115,5,6774,6790
56519,NSE-ZITO,9728,5,6962,6976
56519,NSE-CARD,10121,5,7750,7767
56521,NSE-CARD,10121,1,7750,7768
56521,NSE-OIT,9886,1,7671,7691
56522,NSE-ZABA,11106,8,6661,6792
56542,NSE-OIT,9885,49,7691,7700
56542,NSE-OIT,9886,1,7693,7700
56542,NSE-ZITO,9731,50,6979,6988
56621,NSE-ZITO,9732,5,6970,6991
56621,NSE-ZITO,9732,3,6981,6991
56621,NSE-ZITO,9732,10,6981,6992
56621,NSE-ZABA,11102,1,6791,6802
56621,NSE-ZITO,9730,1,6990,6994
56640,NSE-OIT,9866,20,7703,7713
56654,NSE-OIT,9866,30,7703,7714
56654,NSE-OIT,9867,20,7705,7714
56654,NSE-ZITO,9727,50,6993,7004
56708,NSE-DLKV,9908,5,6869,6878
56708,NSE-OIT,9867,5,7705,7716
56708,NSE-SIMP,10069,5,7024,7036
56708,NSE-ZABA,11112,5,6803,6814
56708,NSE-ZITO,9729,5,6994,7005
56721,NSE-CARD,10144,9,7780,7790
56721,NSE-OIT,9864,1,7702,7718
56721,NSE-OIT,9867,8,7705,7719
56721,NSE-OIT,9858,8,7166,7721
56722,NSE-SIMP,10088,8,6400,7037
56729,NSE-OIT,9858,42,7721,7730
56729,NSE-OIT,9859,8,7723,7730
56729,NSE-ZITO,9730,50,7007,7017
56729,NSE-CARD,10245,5,7791,7802
56729,NSE-DLKV,9922,5,6881,6890
56729,NSE-OIT,9859,5,7723,7732
56729,NSE-SIMP,10089,5,7037,7048
56820,NSE-CARD,10245,8,7791,7804
56820,NSE-DLKV,9922,8,6881,6892
56820,NSE-OIT,9859,8,7723,7734
56820,NSE-SIMP,10089,8,7037,7050
56820,NSE-ZABA,11091,8,6816,6827
56820,NSE-ZITO,9732,8,7008,7018
56821,NSE-SIMP,10089,4,7037,7051
56821,NSE-OIT,9857,8,7196,7736
56821,NSE-OIT,9856,1,7720,7736
56821,NSE-ZABA,11087,8,6815,6829
56880,NSE-OIT,9866,50,7738,7747
56880,NSE-ZITO,9730,50,7020,7031
56880,NSE-OIT,9864,50,7737,7748
56921,NSE-ZABA,11114,1,6831,6840
56921,NSE-ZITO,9729,1,7022,7032
56922,NSE-ZITO,9719,8,6772,7034
56927,NSE-SIMP,10089,1,7062,7072
56948,NSE-OIT,9859,50,7750,7759
56948,NSE-ZITO,9717,42,7034,7044
56948,NSE-ZITO,9718,8,7036,7044
56948,NSE-OIT,9857,50,7749,7760
57003,NSE-SIMP,10089,5,7062,7073
57021,NSE-CARD,10252,3,7815,7825
57021,NSE-ZABA,11057,2,6841,6851
57047,NSE-ZITO,9722,50,7047,7056
57047,NSE-OIT,9882,50,7761,7772
57098,NSE-DLKV,9938,20,6914,6924
57121,NSE-ZABA,11076,5,6853,6862
57121,NSE-CARD,10255,8,7827,7836
57121,NSE-SIMP,10069,1,7074,7084
57186,NSE-ZABA,11071,5,6863,6873
57186,NSE-CARD,10263,5,7837,7848
57221,NSE-OIT,9848,2,7773,7783
57221,NSE-CARD,10264,1,7847,7849
57222,NSE-ZITO,9713,8,6623,7070
57222,NSE-ZITO,9711,8,6835,7070
57222,NSE-ZITO,9704,8,6508,7070
57222,NSE-ZITO,9700,26,6489,7070
57222,NSE-ZITO,9700,74,6489,7072
57222,NSE-ZITO,9700,8,6675,7072
57222,NSE-ZITO,9699,8,6452,7072
57222,NSE-ZITO,9699,8,6580,7072
57222,NSE-ZITO,9697,2,6657,7072
57222,NSE-ZITO,9697,3,6657,7074
57257,NSE-ZITO,9696,50,7074,7079
57257,NSE-OIT,9871,50,7784,7795
57270,NSE-DLKV,9921,1,6937,6946
57300,NSE-OIT,9873,50,7785,7797
57300,NSE-ZITO,9696,50,7074,7081
57321,NSE-SIMP,10073,4,7095,7105
57322,NSE-ZITO,9734,5,7006,7083
57338,NSE-ZITO,9744,20,7083,7093
57355,NSE-ZITO,9744,25,7083,7095
57355,NSE-ZITO,9743,25,7085,7095
57355,NSE-OIT,9877,50,7799,7810
57375,NSE-ZABA,11026,5,6884,6894
57375,NSE-ZITO,9743,5,7085,7097
57375,NSE-CARD,10266,5,7859,7870
57375,NSE-DLKV,9895,5,6948,6957
57375,NSE-OIT,9879,5,7800,7811
57375,NSE-SIMP,10074,5,7106,7117
57422,NSE-ZITO,9725,5,7096,7100
57422,NSE-ZITO,9723,1,7098,7100
57477,NSE-OIT,9874,50,7814,7823
57477,NSE-ZITO,9711,50,7099,7109
57477,NSE-OIT,9872,50,7813,7824
57521,NSE-SIMP,10066,5,7118,7129
57521,NSE-OIT,9875,4,7816,7825
57521,NSE-OIT,9867,1,7796,7827
57544,NSE-OIT,9837,49,7827,7836
57544,NSE-OIT,9838,1,7829,7836
57564,NSE-ZABA,11032,5,6907,6917
57564,NSE-ZITO,9720,5,7111,7122
57582,NSE-CARD,10263,5,7881,7892
57582,NSE-DLKV,9922,5,6970,6979
57582,NSE-OIT,9838,5,7829,7838
57582,NSE-SIMP,10065,5,7130,7141
57621,NSE-OIT,9838,1,7829,7840
57621,NSE-ZABA,11032,6,6907,6919
57621,NSE-DLKV,9920,3,6969,6981
57621,NSE-ZITO,9720,3,7111,7124
57651,NSE-OIT,9849,50,7842,7851
57651,NSE-ZITO,9709,50,7126,7135
57708,NSE-SIMP,10070,1,7142,7152
57733,NSE-ZITO,9715,20,7137,7147
57758,NSE-ZITO,9717,50,7138,7148
57758,NSE-OIT,9870,50,7853,7864
57812,NSE-ZABA,11004,5,6930,6940
57812,NSE-ZITO,9718,5,7140,7150
57812,NSE-DLKV,9918,5,6993,7002
57812,NSE-OIT,9872,5,7854,7865
57812,NSE-SIMP,10063,5,7153,7165
57821,NSE-OIT,9872,1,7854,7867
57821,NSE-CARD,10106,5,7903,7915
57900,NSE-ZITO,9709,50,7152,7163
57900,NSE-OIT,9852,50,7868,7879
57921,NSE-CARD,10108,7,7916,7926
57921,NSE-ZITO,9711,7,7153,7164
57921,NSE-CARD,10108,2,7916,7927
57991,NSE-ZABA,10961,5,6952,6962
57991,NSE-DLKV,9919,5,7015,7024
57991,NSE-OIT,9865,5,7881,7890
58005,NSE-DLKV,9919,20,7015,7027
58022,NSE-ZITO,9722,5,7176,7177
58053,NSE-SIMP,10043,5,7186,7197
58053,NSE-ZABA,10951,5,6963,6974
58053,NSE-ZITO,9723,5,7177,7188
58053,NSE-DLKV,9917,5,7029,7038
58053,NSE-OIT,9835,5,7893,7902
58053,NSE-SIMP,10043,5,7186,7199
58095,NSE-OIT,9835,45,7893,7904
58095,NSE-OIT,9836,5,7895,7904
58095,NSE-ZITO,9723,40,7177,7189
58095,NSE-ZITO,9722,10,7179,7189
58095,NSE-CARD,10096,50,7941,7951
58121,NSE-CARD,10097,9,7943,7952
58121,NSE-ZITO,9725,2,7178,7190
58122,NSE-ZITO,9720,5,7175,7192
58182,NSE-CARD,10094,50,7954,7963
58182,NSE-OIT,9853,50,7906,7917
58221,NSE-OIT,9852,4,7908,7918
58221,NSE-OIT,9855,7,7907,7919
58221,NSE-SIMP,10045,50,7200,7211
58221,NSE-SIMP,10043,40,7186,7213
58227,NSE-DLKV,9884,1,7051,7060
58227,NSE-OIT,9846,1,7921,7930
58227,NSE-OIT,9846,49,7921,7931
58227,NSE-OIT,9847,1,7923,7931
58227,NSE-CARD,10108,50,7965,7974
58285,NSE-ZITO,9708,50,7204,7214
58285,NSE-CARD,10106,50,7964,7975
58285,NSE-OIT,9844,50,7920,7934
58321,NSE-ZABA,10933,1,6988,6997
58321,NSE-ZITO,9709,3,7206,7217
58321,NSE-ZITO,9706,3,7203,7218
58321,NSE-DLKV,9882,9,7050,7061
58322,NSE-ZITO,9705,5,7187,7220
58326,NSE-OIT,9853,50,7936,7945
58326,NSE-ZITO,9692,45,7220,7229
58326,NSE-ZITO,9693,5,7222,7229
58326,NSE-CARD,10092,50,7976,7986
58342,NSE-CARD,10091,8,7978,7988
58342,NSE-DLKV,9870,8,7063,7072
58342,NSE-OIT,9854,8,7938,7947
58342,NSE-ZABA,10906,8,6999,7008
58342,NSE-ZITO,9693,8,7222,7231
58369,NSE-ZABA,10904,5,6635,7010
58369,NSE-ZITO,9693,5,7222,7233
58370,NSE-DLKV,9870,5,7063,7074
58370,NSE-OIT,9854,5,7938,7949
58370,NSE-SIMP,10047,5,7220,7233
58384,NSE-ZITO,9693,1,7222,7235
58421,NSE-ZABA,10906,7,6999,7013
58421,NSE-CARD,10094,9,7977,7991
58421,NSE-SIMP,10047,45,7220,7235
58421,NSE-SIMP,10046,5,7222,7235
58421,NSE-SIMP,10046,95,7222,7237
58421,NSE-SIMP,10045,5,7224,7237
58421,NSE-SIMP,10045,145,7224,7239
58421,NSE-SIMP,10044,5,7226,7239
58421,NSE-SIMP,10044,195,7226,7241
58422,NSE-ZITO,9688,8,6534,7237
58422,NSE-ZITO,9684,8,6475,7237
58422,NSE-ZITO,9679,8,6317,7237
58465,NSE-OIT,9844,50,7952,7961
58465,NSE-ZABA,10920,5,7014,7024
58465,NSE-DLKV,9889,5,7077,7086
58465,NSE-OIT,9845,5,7954,7963
58466,NSE-SIMP,10043,5,7228,7245
58466,NSE-ZABA,10920,5,7014,7026
58466,NSE-ZITO,9674,5,7237,7247
58466,NSE-DLKV,9889,5,7077,7088
58466,NSE-OIT,9845,5,7954,7965
58521,NSE-SIMP,10043,50,7228,7247
58521,NSE-SIMP,10043,100,7228,7249
58521,NSE-SIMP,10043,95,7228,7251
58521,NSE-SIMP,10038,55,7236,7251
58521,NSE-SIMP,10038,45,7236,7253
58521,NSE-SIMP,10037,50,7210,7253
58521,NSE-SIMP,10037,105,7238,7253
58521,NSE-SIMP,10037,45,7238,7255
58521,NSE-SIMP,10036,100,7212,7255
58521,NSE-SIMP,10036,105,7240,7255
58560,NSE-ZITO,9696,50,7249,7259
58560,NSE-CARD,10102,50,8005,8016
58560,NSE-OIT,9858,50,7967,7978
58621,NSE-SIMP,10037,1,7256,7257
58621,NSE-SIMP,10044,5,7241,7257
58621,NSE-SIMP,10045,44,7243,7257
58621,NSE-SIMP,10045,100,7243,7259
58621,NSE-ZABA,10904,3,6635,7039
58622,NSE-ZITO,9702,50,7258,7261
58622,NSE-ZITO,9702,100,7258,7263
58622,NSE-ZITO,9702,100,7258,7265
58642,NSE-SIMP,10044,5,7261,7268
58643,NSE-ZABA,10896,5,7038,7049
58643,NSE-ZITO,9705,5,7248,7271
58664,NSE-OIT,9842,50,7980,7989
58665,NSE-ZITO,9702,50,7265,7273
58691,NSE-DLKV,9885,5,7101,7110
58691,NSE-OIT,9843,5,7982,7991
58691,NSE-SIMP,10044,5,7261,7270
58721,NSE-CARD,10097,9,8018,8029
58721,NSE-CARD,10104,1,8028,8030
58721,NSE-SIMP,10044,50,7261,7272
58721,NSE-SIMP,10044,90,7261,7274
58721,NSE-SIMP,10043,10,7263,7274
58721,NSE-SIMP,10043,150,7263,7276
58721,NSE-SIMP,10043,40,7263,7278
58721,NSE-SIMP,10042,160,7265,7278
58721,NSE-SIMP,10042,90,7265,7280
58744,NSE-ZABA,10919,5,7051,7061
58744,NSE-ZITO,9704,5,7275,7285
58744,NSE-DLKV,9891,5,7113,7122
58744,NSE-OIT,9850,5,7994,8003
58821,NSE-CARD,10260,4,8031,8041
58821,NSE-SIMP,10036,50,7240,7282
58821,NSE-SIMP,10036,45,7240,7284
58821,NSE-SIMP,10035,55,7242,7284
58821,NSE-SIMP,10035,150,7242,7286
58821,NSE-SIMP,10035,45,7242,7288
58821,NSE-SIMP,10032,8,6889,7288
58821,NSE-SIMP,10032,5,7047,7288
58821,NSE-SIMP,10032,142,7275,7288
58821,NSE-SIMP,10032,8,7275,7290
58826,NSE-OIT,9844,50,8006,8015
58826,NSE-ZITO,9703,50,7287,7297
58833,NSE-CARD,10250,5,8042,8052
58862,NSE-OIT,9845,1,8008,8017
58921,NSE-SIMP,10031,50,7277,7292
58921,NSE-SIMP,10031,100,7277,7294
58921,NSE-SIMP,10031,50,7277,7296
58921,NSE-SIMP,10030,100,7279,7296
58921,NSE-SIMP,10030,150,7279,7298
58921,NSE-SIMP,10028,50,7250,7298
58921,NSE-SIMP,10028,100,7250,7300
58921,NSE-SIMP,10027,5,7008,7300
58921,NSE-SIMP,10027,145,7252,7300
58922,NSE-ZITO,9707,50,7281,7298
58922,NSE-ZITO,9707,100,7281,7300
59015,NSE-ZITO,9706,20,7302,7308
59021,NSE-OIT,9825,9,8018,8028
59021,NSE-SIMP,10027,50,7252,7302
59021,NSE-SIMP,10027,5,7252,7304
59021,NSE-SIMP,10026,95,7254,7304
59021,NSE-SIMP,10026,150,7254,7306
59021,NSE-SIMP,10026,5,7254,7308
59021,NSE-SIMP,10025,5,7140,7308
59021,NSE-SIMP,10023,5,7012,7308
59021,NSE-SIMP,10023,185,7287,7308
59021,NSE-SIMP,10023,15,7287,7310
59021,NSE-SIMP,10022,235,7289,7310
59022,NSE-ZITO,9707,50,7281,7309
59022,NSE-ZITO,9707,100,7292,7311
59022,NSE-ZITO,9707,50,7292,7313
59022,NSE-ZITO,9708,100,7283,7313
59022,NSE-ZITO,9708,150,7283,7315
59022,NSE-ZITO,9708,50,7294,7315
59022,NSE-ZITO,9708,150,7294,7317
59022,NSE-ZITO,9709,5,7272,7317
59022,NSE-ZITO,9709,95,7296,7317
59121,NSE-CARD,10270,9,8064,8073
59121,NSE-DLKV,9893,6,7146,7155
59121,NSE-CARD,10268,8,8063,8074
59121,NSE-CARD,10268,3,8063,8075
59121,NSE-SIMP,10022,15,7289,7312
59121,NSE-SIMP,10019,5,7116,7312
59121,NSE-SIMP,10019,8,7230,7312
59121,NSE-SIMP,10017,5,7010,7312
59121,NSE-SIMP,10015,8,6996,7312
59122,NSE-ZITO,9709,50,7296,7319
59122,NSE-ZITO,9709,100,7296,7321
59122,NSE-ZITO,9709,5,7296,7323
59122,NSE-ZITO,9711,100,7301,7323
59122,NSE-ZITO,9712,45,7303,7323
59122,NSE-ZITO,9712,105,7303,7325
59122,NSE-ZITO,9713,95,7305,7325
59122,NSE-ZITO,9713,105,7305,7327
59122,NSE-ZITO,9714,145,7307,7327
59176,NSE-OIT,9832,50,8040,8049
59176,NSE-ZITO,9706,50,7302,7331
59221,NSE-ZITO,9714,1,7307,7332
59221,NSE-CARD,10286,1,7938,8087
59221,NSE-DLKV,9889,1,7134,7167
59221,NSE-SIMP,10012,5,7196,7323
59221,NSE-SIMP,10012,5,7198,7323
59221,NSE-SIMP,10009,40,7319,7323
59221,NSE-SIMP,10009,100,7319,7325
59221,NSE-SIMP,10009,110,7319,7327
59221,NSE-SIMP,10007,5,7267,7327
59221,NSE-SIMP,10006,5,6138,7327
59221,NSE-SIMP,10006,5,6460,7327
59221,NSE-SIMP,10006,5,7269,7327
59221,NSE-SIMP,10006,20,7299,7327
59222,NSE-ZITO,9714,50,7307,7333
59222,NSE-ZITO,9714,54,7307,7335
59222,NSE-ZITO,9719,5,7234,7335
59222,NSE-ZITO,9725,41,7312,7335
59222,NSE-ZITO,9725,59,7312,7337
59222,NSE-ZITO,9726,91,7314,7337
59222,NSE-ZITO,9726,59,7314,7339
59222,NSE-ZITO,9727,141,7316,7339
59222,NSE-ZITO,9727,59,7316,7341
59222,NSE-ZITO,9728,191,7318,7341
59272,NSE-ZITO,9706,50,7302,7344
59272,NSE-OIT,9855,50,8051,8062
59272,NSE-ZITO,9706,30,7302,7346
59272,NSE-ZITO,9706,1,7329,7346
59272,NSE-ZITO,9705,19,7304,7346
59272,NSE-OIT,9854,50,8053,8064
59300,NSE-ZABA,10887,5,7103,7114
59300,NSE-ZITO,9722,5,7347,7350
59300,NSE-OIT,9854,50,8053,8066
59321,NSE-CARD,10290,4,8087,8097
59321,NSE-SIMP,10007,5,7333,7334
59322,NSE-ZITO,9724,5,7348,7351
59322,NSE-ZITO,9728,45,7318,7351
59322,NSE-ZITO,9728,14,7318,7353
59322,NSE-ZITO,9732,5,7123,7353
59322,NSE-ZITO,9732,5,7286,7353
59322,NSE-ZITO,9740,5,7151,7353
59322,NSE-ZITO,9743,50,7334,7353
59322,NSE-ZITO,9744,21,7322,7353
59322,NSE-ZITO,9744,79,7322,7355
59322,NSE-ZITO,9744,71,7336,7355
59325,NSE-CARD,10273,5,8098,8108
59326,NSE-ZITO,9743,50,7357,7362
59326,NSE-OIT,9850,50,8067,8078
59381,NSE-ZITO,9743,50,7357,7364
59381,NSE-OIT,9849,50,8069,8080
59395,NSE-OIT,9852,8,8068,8081
59395,NSE-SIMP,10012,8,7335,7345
59396,NSE-ZABA,10893,8,7116,7125
59396,NSE-ZITO,9744,8,7336,7365
59421,NSE-DLKV,9900,5,7176,7188
59421,NSE-DLKV,9904,8,7187,7189
59422,NSE-ZITO,9744,21,7336,7367
59422,NSE-ZITO,9745,29,7324,7367
59422,NSE-ZITO,9745,100,7324,7369
59422,NSE-ZITO,9745,21,7324,7371
59422,NSE-ZITO,9745,129,7338,7371
59422,NSE-ZITO,9745,21,7338,7373
59422,NSE-ZITO,9746,179,7326,7373
59422,NSE-ZITO,9746,21,7326,7375
59422,NSE-ZITO,9746,200,7340,7375
59422,NSE-ZITO,9747,29,7328,7375
59462,NSE-SIMP,10018,50,7348,7357
59462,NSE-SIMP,10019,150,7320,7357
59478,NSE-OIT,9834,50,8084,8093
59478,NSE-CARD,10273,5,8110,8120
59516,NSE-DLKV,9918,5,7190,7199
59516,NSE-OIT,9835,5,8086,8095
59516,NSE-SIMP,10019,5,7320,7358
59516,NSE-ZABA,10892,5,7127,7138
59516,NSE-DLKV,9918,5,7190,7201
59516,NSE-OIT,9835,5,8086,8097
59516,NSE-SIMP,10016,5,7347,7361
59516,NSE-ZABA,10892,5,7127,7140
59516,NSE-ZITO,9721,5,7378,7381
59521,NSE-ZABA,10892,4,7127,7141
59521,NSE-SIMP,10006,50,7299,7363
59521,NSE-SIMP,10006,100,7299,7365
59521,NSE-SIMP,10006,80,7299,7367
59521,NSE-SIMP,10005,5,7035,7367
59521,NSE-SIMP,10005,5,7244,7367
59521,NSE-SIMP,10005,60,7309,7367
59521,NSE-SIMP,10005,190,7309,7369
59521,NSE-SIMP,10005,5,7332,7369
59521,NSE-SIMP,10004,5,5958,7369
59521,NSE-SIMP,10004,3,5958,7371
59521,NSE-SIMP,10004,5,6022,7371
59521,NSE-SIMP,10004,5,6024,7371
59521,NSE-SIMP,10004,5,6584,7371
59521,NSE-SIMP,10004,5,7164,7371
59521,NSE-SIMP,10002,5,6385,7371
59521,NSE-SIMP,10001,8,6194,7371
59521,NSE-SIMP,10000,5,6456,7371
59521,NSE-SIMP,9999,5,6464,7371
59521,NSE-SIMP,9997,8,5982,7371
59521,NSE-SIMP,9997,8,6123,7371
59521,NSE-SIMP,9991,8,6010,7371
59521,NSE-SIMP,9991,8,7049,7371
59521,NSE-SIMP,9989,5,7360,7371
59521,NSE-SIMP,9988,5,6462,7371
59521,NSE-SIMP,9987,5,6383,7371
59521,NSE-SIMP,9985,5,6136,7371
59522,NSE-ZITO,9723,5,7379,7382
59522,NSE-ZITO,9747,45,7328,7382
59522,NSE-ZITO,9747,100,7328,7384
59522,NSE-ZITO,9747,76,7328,7386
59522,NSE-ZITO,9747,74,7342,7386
59522,NSE-ZITO,9747,176,7342,7388
59522,NSE-ZITO,9748,24,7352,7388
59522,NSE-ZITO,9748,26,7352,7390
59522,NSE-ZITO,9749,100,7354,7390
59522,NSE-ZITO,9750,5,6977,7390
59522,NSE-ZITO,9750,119,7356,7390
59561,NSE-OIT,9840,50,8100,8109
59621,NSE-SIMP,9983,5,7232,7373
59622,NSE-ZITO,9750,31,7356,7394
59624,NSE-ZITO,9751,19,7394,7404
59624,NSE-ZITO,9750,1,7396,7404
59690,NSE-OIT,9848,1,8112,8121
59690,NSE-ZITO,9750,1,7396,7405
59707,NSE-ZITO,9750,45,7396,7407
59707,NSE-OIT,9846,50,8111,8123
59721,NSE-CARD,10254,6,8134,8144
59721,NSE-DLKV,9920,4,7214,7224
59721,NSE-SIMP,9981,6,7372,7382
59721,NSE-ZABA,10867,6,7152,7163
59721,NSE-CARD,10254,4,8134,8145
59721,NSE-CARD,10256,2,8135,8146
59721,NSE-OIT,9848,9,8112,8124
59721,NSE-CARD,10099,8,8109,8148
59807,NSE-OIT,9856,50,8125,8136
59821,NSE-ZITO,9731,7,7409,7418
59821,NSE-SIMP,9978,8,6061,7395
59821,NSE-SIMP,9974,8,3457,7395
59821,NSE-SIMP,9974,8,6039,7395
59821,NSE-SIMP,9973,8,3374,7395
59821,NSE-SIMP,9972,8,3584,7395
59821,NSE-SIMP,9971,8,2903,7395
59821,NSE-SIMP,9971,2,2949,7395
59821,NSE-SIMP,9971,6,2949,7397
59821,NSE-SIMP,9970,50,2686,7397
59821,NSE-SIMP,9970,8,2879,7397
59821,NSE-SIMP,9968,8,2807,7397
59848,NSE-OIT,9859,50,8137,8148
59848,NSE-DLKV,9930,5,7236,7245
59861,NSE-OIT,9861,5,8138,8149
59861,NSE-SIMP,9968,5,7397,7404
59861,NSE-ZABA,10863,5,7174,7185
59861,NSE-ZITO,9734,5,7419,7430
59862,NSE-DLKV,9930,5,7236,7247
59862,NSE-OIT,9861,5,8138,8151
59862,NSE-SIMP,9968,5,7397,7406
59921,NSE-ZITO,9736,5,7420,7431
59921,NSE-ZABA,10867,4,7175,7187
59933,NSE-SIMP,9974,1,7409,7418
60021,NSE-SIMP,9974,6,7409,7419
60021,NSE-CARD,9971,5,7803,8179
60021,NSE-ZITO,9742,8,7432,7442
60022,NSE-ZITO,9757,5,6973,7443
60022,NSE-ZITO,9757,45,7368,7443
60022,NSE-ZITO,9757,5,7368,7445
60022,NSE-ZITO,9758,95,7370,7445
60022,NSE-ZITO,9758,5,7370,7447
60026,NSE-CARD,9985,50,8181,8190
60026,NSE-OIT,9858,50,8163,8174
60110,NSE-ZITO,9758,20,7447,7454
60121,NSE-CARD,9983,7,8180,8192
60121,NSE-ZABA,10872,2,7199,7208
60121,NSE-CARD,9986,9,8183,8193
60121,NSE-DLKV,9953,5,7260,7269
60121,NSE-SIMP,9975,6,7420,7431
60121,NSE-ZABA,10872,7,7199,7209
60122,NSE-SIMP,9988,5,7407,7432
60122,NSE-ZABA,10892,1,7162,7210
60221,NSE-ZABA,10896,1,7102,7220
60221,NSE-ZABA,10898,2,7211,7220
60221,NSE-CARD,9977,4,8194,8204
60291,NSE-CARD,9992,1,8205,8215
60321,NSE-CARD,9992,5,8205,8216
60321,NSE-DLKV,9961,8,7073,7290
60321,NSE-DLKV,9962,8,6840,7290
60322,NSE-ZITO,9762,8,6958,7475
60322,NSE-ZITO,9770,8,7232,7475
60322,NSE-ZITO,9772,1,6917,7475
60322,NSE-ZITO,9773,8,7366,7475
60322,NSE-ZITO,9776,8,7019,7475
60322,NSE-ZITO,9777,8,5439,7475
60322,NSE-ZITO,9777,5,5845,7475
60322,NSE-ZITO,9777,4,6008,7475
60322,NSE-ZITO,9777,4,6008,7477
60331,NSE-CARD,9978,50,8218,8227
60421,NSE-OIT,9877,5,8196,8207
60421,NSE-CARD,9979,5,8220,8229
60421,NSE-CARD,9976,8,8217,8230
60423,NSE-CARD,9980,50,8232,8241
60446,NSE-CARD,9978,50,8231,8244
60465,NSE-CARD,9981,50,8234,8245
60480,NSE-ZITO,9764,20,7486,7496
60510,NSE-CARD,9981,8,8234,8247
60510,NSE-DLKV,9953,1,7300,7312
60510,NSE-DLKV,9953,7,7301,7312
60510,NSE-SIMP,9997,8,7464,7473
60510,NSE-ZABA,10918,8,7242,7251
60510,NSE-ZITO,9764,8,7486,7498
60521,NSE-CARD,9981,3,8234,8249
60521,NSE-CARD,9971,3,7803,8251
60521,NSE-DLKV,9972,8,6673,7313
60521,NSE-DLKV,9985,8,6710,7313
60521,NSE-DLKV,9993,8,6732,7313
60521,NSE-DLKV,9993,8,6893,7313
60525,NSE-ZABA,10926,1,7253,7263
60560,NSE-CARD,9964,47,8251,8260
60560,NSE-CARD,9965,3,8253,8260
60678,NSE-SIMP,9987,50,7487,7496
60678,NSE-CARD,9976,50,8263,8272
60721,NSE-SIMP,9985,3,7486,7497
60721,NSE-SIMP,9985,8,7486,7498
60721,NSE-DLKV,9983,3,7324,7333
60721,NSE-CARD,9952,8,7746,8276
60752,NSE-OIT,9873,50,8243,8252
60752,NSE-CARD,9936,42,8276,8285
60752,NSE-CARD,9937,8,8278,8285
60821,NSE-OIT,9871,1,8242,8253
60821,NSE-SIMP,10003,1,7485,7509
60888,NSE-OIT,9862,50,8255,8264
60888,NSE-SIMP,10004,49,7509,7519
60888,NSE-SIMP,10003,1,7511,7519
60888,NSE-CARD,9921,50,8288,8297
61021,NSE-CARD,9903,5,8300,8309
61021,NSE-OIT,9861,8,8266,8275
61021,NSE-ZABA,10952,4,7294,7304
61021,NSE-OIT,9860,1,8206,8277
61021,NSE-OIT,9850,8,8219,8277
61046,NSE-CARD,9907,10,8311,8320
61073,NSE-ZITO,9754,10,7551,7560
61104,NSE-OIT,9848,41,8277,8286
61104,NSE-OIT,9849,9,8279,8286
61104,NSE-CARD,9907,40,8311,8323
61104,NSE-CARD,9908,10,8313,8323
61121,NSE-OIT,9849,2,8279,8288
61121,NSE-OIT,9846,5,8276,8289
61138,NSE-CARD,9896,50,8326,8335
61138,NSE-OIT,9872,50,8290,8301
61182,NSE-CARD,9897,50,8328,8337
61182,NSE-OIT,9871,50,8292,8303
61217,NSE-CARD,9897,8,8328,8340
61217,NSE-DLKV,9990,8,7374,7386
61217,NSE-OIT,9871,8,8292,8306
61217,NSE-SIMP,9981,8,7541,7551
61217,NSE-ZABA,10949,8,7316,7325
61217,NSE-ZITO,9754,8,7562,7573
61221,NSE-ZABA,10949,6,7316,7327
61221,NSE-OIT,9863,1,8304,8308
61221,NSE-ZITO,9754,42,7562,7575
61257,NSE-OIT,9841,49,8308,8317
61257,NSE-OIT,9842,1,8310,8317
61257,NSE-SIMP,9987,50,7554,7563
61321,NSE-ZABA,10964,1,7328,7338
61321,NSE-ZITO,9750,4,7575,7584
61321,NSE-CARD,9900,1,8343,8353
61321,NSE-ZABA,10966,1,7012,7339
61321,NSE-ZABA,10968,4,7329,7339
61321,NSE-ZABA,10968,5,7329,7340
61321,NSE-DLKV,9990,1,7384,7398
61322,NSE-ZITO,9758,1,7561,7585
61324,NSE-CARD,9908,50,8354,8364
61324,NSE-OIT,9873,50,8319,8330
61421,NSE-SIMP,9991,6,7565,7574
61421,NSE-DLKV,9973,1,7397,7407
61493,NSE-CARD,9906,5,8365,8375
61521,NSE-ZITO,9756,4,7595,7605
61621,NSE-ZABA,10954,6,7362,7371
61621,NSE-OIT,9872,5,8342,8351
61621,NSE-DLKV,9976,1,7419,7428
61621,NSE-CARD,9916,3,8376,8387
61621,NSE-CARD,9919,1,8339,8388
61621,NSE-CARD,9921,10,8321,8388
61621,NSE-OIT,9833,8,8305,8353
61633,NSE-OIT,9824,42,8353,8362
61633,NSE-OIT,9825,8,8355,8362
61633,NSE-CARD,9928,39,8388,8398
61633,NSE-CARD,9927,11,8390,8398
61703,NSE-OIT,9825,50,8355,8364
61703,NSE-CARD,9927,50,8390,8399
61721,NSE-ZITO,9768,7,7616,7627
61721,NSE-DLKV,9992,1,7439,7440
61722,NSE-ZABA,10961,1,7382,7383
61722,NSE-ZITO,9768,43,7616,7629
61722,NSE-ZITO,9754,1,7626,7629
61747,NSE-OIT,9819,50,8367,8376
61747,NSE-SIMP,9974,50,7607,7617
61747,NSE-CARD,9964,50,8400,8410
61748,NSE-ZABA,10963,5,7383,7393
61748,NSE-ZITO,9749,5,7628,7639
61767,NSE-SIMP,9976,1,7608,7618
61787,NSE-OIT,9820,50,8369,8378
61787,NSE-CARD,9963,50,8402,8411
61821,NSE-SIMP,9976,9,7608,7619
61821,NSE-SIMP,9976,5,7608,7620
61821,NSE-ZITO,9751,1,7629,7641
61821,NSE-DLKV,9992,6,7440,7450
61821,NSE-SIMP,9976,2,7608,7621
61822,NSE-SIMP,9964,8,2726,7623
61822,NSE-SIMP,9964,8,3388,7623
61822,NSE-SIMP,9962,8,2867,7623
61822,NSE-SIMP,9960,8,6075,7623
61822,NSE-ZITO,9751,5,7629,7642
61822,NSE-ZITO,9752,45,7631,7642
61822,NSE-ZITO,9752,55,7631,7644
61850,NSE-OIT,9822,50,8382,8391
61850,NSE-CARD,9958,50,8412,8423
61915,NSE-OIT,9823,1,8384,8393
61915,NSE-CARD,9957,1,8414,8425
61921,NSE-ZITO,9758,1,7643,7652
61921,NSE-ZABA,10933,6,7394,7404
61975,NSE-OIT,9818,50,8395,8404
61975,NSE-CARD,9945,50,8427,8436
62014,NSE-CARD,9946,8,8429,8438
62014,NSE-DLKV,9936,8,7461,7472
62014,NSE-OIT,9819,8,8397,8406
62014,NSE-SIMP,9973,8,7633,7642
62014,NSE-ZABA,10934,8,7405,7416
62014,NSE-ZITO,9751,8,7653,7664
62021,NSE-SIMP,9971,1,7632,7644
62021,NSE-DLKV,9938,5,7462,7473
62021,NSE-CARD,9946,8,8429,8440
62021,NSE-ZITO,9751,42,7653,7666
62064,NSE-OIT,9820,50,8409,8418
62064,NSE-CARD,9987,50,8441,8452
62064,NSE-CARD,9986,10,8443,8454
62064,NSE-OIT,9821,5,8411,8420
62064,NSE-SIMP,9981,5,7646,7656
62064,NSE-ZABA,10924,5,7417,7428
62064,NSE-ZITO,9749,5,7628,7676
62064,NSE-DLKV,9982,5,7475,7484
62064,NSE-OIT,9821,5,8411,8422
62064,NSE-SIMP,9981,5,7646,7658
62064,NSE-ZABA,10924,5,7417,7430
62064,NSE-ZITO,9751,5,7666,7677
62064,NSE-DLKV,9982,5,7475,7486
62064,NSE-OIT,9821,5,8411,8424
62064,NSE-SIMP,9981,5,7646,7660
62064,NSE-ZABA,10924,5,7417,7432
62064,NSE-ZITO,9749,5,7628,7680
62064,NSE-DLKV,9982,5,7475,7488
62064,NSE-OIT,9821,5,8411,8426
62064,NSE-SIMP,9979,5,7645,7663
62064,NSE-ZITO,9751,3,7666,7681
62064,NSE-ZITO,9752,2,7668,7681
62121,NSE-ZABA,10924,2,7417,7434
62121,NSE-SIMP,9981,5,7646,7664
62121,NSE-CARD,9986,1,8443,8460
62121,NSE-CARD,9989,8,8442,8461
62121,NSE-CARD,9958,10,8453,8463
62122,NSE-SIMP,9974,5,7662,7666
62123,NSE-ZITO,9749,35,7628,7684
62123,NSE-ZITO,9749,15,7665,7684
62123,NSE-ZITO,9749,35,7665,7686
62123,NSE-ZITO,9748,65,7630,7686
62123,NSE-ZITO,9748,35,7630,7688
62123,NSE-ZITO,9748,100,7667,7688
62123,NSE-ZITO,9747,15,7669,7688
62123,NSE-ZITO,9747,135,7669,7690
62123,NSE-ZITO,9746,65,7671,7690
62144,NSE-OIT,9798,50,8429,8438
62144,NSE-CARD,9940,40,8463,8472
62144,NSE-CARD,9941,10,8465,8472
62221,NSE-SIMP,9974,7,7666,7676
62222,NSE-ZITO,9752,50,7668,7693
62226,NSE-ZABA,10963,1,7445,7455
62294,NSE-CARD,9967,50,8476,8485
62321,NSE-ZITO,9751,7,7695,7703
62321,NSE-SIMP,9977,3,7678,7687
62321,NSE-ZABA,10963,1,7445,7456
62321,NSE-ZITO,9751,50,7695,7705
62321,NSE-ZITO,9751,43,7695,7707
62321,NSE-ZITO,9750,57,7697,7707
62321,NSE-ZITO,9750,93,7697,7709
62321,NSE-ZITO,9746,57,7671,7709
62322,NSE-ZITO,9746,78,7671,7711
62322,NSE-ZITO,9745,122,7673,7711
62322,NSE-ZITO,9745,128,7673,7713
62322,NSE-ZITO,9742,5,7675,7713
62351,NSE-CARD,9955,50,8487,8498
62367,NSE-DLKV,9995,5,7512,7521
62367,NSE-SIMP,9973,5,7689,7698
62367,NSE-ZITO,9741,5,7683,7715
62367,NSE-DLKV,9995,5,7512,7523
62367,NSE-SIMP,9973,5,7689,7700
62368,NSE-DLKV,9995,5,7512,7525
62368,NSE-OIT,9792,5,8452,8462
62368,NSE-SIMP,9973,5,7689,7702
62368,NSE-ZITO,9741,5,7683,7719
62398,NSE-DLKV,9993,1,7511,7527
62398,NSE-ZITO,9742,1,7713,7720
62421,NSE-SIMP,9973,1,7689,7704
62421,NSE-DLKV,10007,8,6440,7528
62421,NSE-DLKV,10008,8,6579,7528
62422,NSE-ZITO,9742,50,7713,7721
62422,NSE-ZITO,9742,66,7713,7723
62422,NSE-ZITO,9743,5,7717,7723
62422,NSE-ZITO,9752,29,7668,7723
62422,NSE-ZITO,9752,19,7668,7725
62422,NSE-ZITO,9753,50,7654,7725
62422,NSE-ZITO,9753,81,7670,7725
62422,NSE-ZITO,9753,69,7670,7727
62422,NSE-ZITO,9754,131,7672,7727
62422,NSE-ZITO,9754,69,7672,7729
62422,NSE-ZITO,9754,50,7694,7729
62422,NSE-ZITO,9755,131,7674,7729
62452,NSE-CARD,9961,50,8502,8511
62521,NSE-CARD,9962,5,8504,8513
62521,NSE-SIMP,9976,7,7706,7715
62521,NSE-DLKV,10008,1,7528,7538
62521,NSE-ZITO,9755,50,7674,7731
62521,NSE-ZITO,9755,69,7674,7733
62521,NSE-ZITO,9755,31,7696,7733
62522,NSE-ZITO,9755,69,7696,7735
62522,NSE-ZITO,9756,5,7678,7735
62522,NSE-ZITO,9762,50,7722,7735
62522,NSE-ZITO,9763,26,7724,7735
62522,NSE-ZITO,9763,74,7724,7737
62522,NSE-ZITO,9764,5,7682,7737
62550,NSE-SIMP,9961,1,7717,7726
62621,NSE-DLKV,10026,8,6528,7549
62651,NSE-CARD,9952,50,8525,8534
62691,NSE-OIT,9760,1,8486,8496
62721,NSE-DLKV,10030,8,7549,7559
62721,NSE-CARD,9953,3,8527,8536
62721,NSE-CARD,10107,8,8439,8537
62721,NSE-DLKV,10031,8,6413,7560
62721,NSE-ZITO,9770,50,7732,7751
62722,NSE-ZITO,9771,100,7734,7753
62722,NSE-ZITO,9771,50,7742,7755
62722,NSE-ZITO,9772,100,7736,7755
62722,NSE-ZITO,9772,50,7736,7757
62722,NSE-ZITO,9772,100,7744,7757
62722,NSE-ZITO,9773,50,7746,7757
62722,NSE-ZITO,9773,100,7746,7759
62722,NSE-ZITO,9778,8,5730,7759
62722,NSE-ZITO,9778,5,6394,7759
62722,NSE-ZITO,9779,5,6392,7759
62722,NSE-ZITO,9782,5,5278,7759
62722,NSE-ZITO,9783,1,5334,7759
62722,NSE-ZITO,9783,5,6320,7759
62722,NSE-ZITO,9783,5,6390,7759
62754,NSE-CARD,10226,42,8537,8548
62754,NSE-CARD,10225,8,8539,8548
62781,NSE-CARD,10228,8,8538,8549
62790,NSE-DLKV,10040,8,7560,7571
62790,NSE-OIT,9773,8,8498,8508
62790,NSE-SIMP,9982,8,7738,7747
62790,NSE-ZABA,10909,8,7500,7511
62790,NSE-ZITO,9783,8,7759,7762
62821,NSE-CARD,10225,6,8539,8551
62822,NSE-SIMP,9983,5,7659,7750
62822,NSE-ZITO,9783,50,7759,7764
62822,NSE-ZITO,9783,58,7759,7766
62835,NSE-CARD,10220,5,8552,8562
62854,NSE-CARD,10220,1,8552,8563
62889,NSE-CARD,10220,44,8552,8565
62889,NSE-CARD,10219,6,8554,8565
62889,NSE-OIT,9772,50,8510,8520
62922,NSE-ZITO,9776,50,7763,7774
62922,NSE-ZITO,9775,100,7765,7776
62922,NSE-ZITO,9774,150,7767,7778
62922,NSE-ZITO,9773,200,7769,7780
62922,NSE-ZITO,9772,250,7771,7782
62933,NSE-ZITO,9769,20,7741,7783
62933,NSE-SIMP,9991,20,7762,7772
62944,NSE-CARD,10213,50,8566,8578
62996,NSE-ZITO,9769,5,7741,7784
63021,NSE-SIMP,9991,3,7762,7774
63021,NSE-DLKV,10000,5,7583,7592
63022,NSE-ZITO,9779,42,7766,7785
63022,NSE-ZITO,9780,8,7768,7785
63022,NSE-ZITO,9780,100,7768,7787
63022,NSE-ZITO,9780,42,7768,7789
63022,NSE-ZITO,9781,108,7770,7789
63022,NSE-ZITO,9781,92,7770,7791
63022,NSE-ZITO,9785,5,5833,7791
63022,NSE-ZITO,9785,5,6322,7791
63022,NSE-ZITO,9786,5,5893,7791
63022,NSE-ZITO,9788,5,5573,7791
63022,NSE-ZITO,9788,5,6261,7791
63022,NSE-ZITO,9789,5,5575,7791
63022,NSE-ZITO,9789,50,7752,7791
63022,NSE-ZITO,9790,8,5437,7791
63022,NSE-ZITO,9790,5,6398,7791
63022,NSE-ZITO,9790,15,7754,7791
63022,NSE-ZITO,9790,85,7754,7793
63022,NSE-ZITO,9791,5,5569,7793
63022,NSE-ZITO,9791,150,7756,7793
63022,NSE-ZITO,9792,10,7758,7793
63040,NSE-CARD,10204,10,8580,8589
63121,NSE-DLKV,10019,8,7593,7603
63121,NSE-ZABA,10921,1,7532,7543
63121,NSE-ZABA,10924,7,7534,7543
63121,NSE-SIMP,9963,8,7776,7785
63121,NSE-CARD,10204,4,8580,8595
63121,NSE-CARD,10221,10,8590,8596
63122,NSE-ZITO,9792,50,7758,7795
63122,NSE-ZITO,9792,100,7758,7797
63122,NSE-ZITO,9792,40,7758,7799
63122,NSE-ZITO,9794,5,5765,7799
63122,NSE-ZITO,9795,5,5817,7799
63122,NSE-ZITO,9796,8,5661,7799
63122,NSE-ZITO,9797,5,5567,7799
63122,NSE-ZITO,9798,8,5422,7799
63122,NSE-ZITO,9798,5,5819,7799
63122,NSE-ZITO,9799,5,5483,7799
63122,NSE-ZITO,9801,8,5386,7799
63122,NSE-ZITO,9801,8,5579,7799
63122,NSE-ZITO,9801,50,7786,7799
63122,NSE-ZITO,9802,3,7788,7799
63122,NSE-ZITO,9802,97,7788,7801
63122,NSE-ZITO,9803,103,7790,7801
63122,NSE-ZITO,9803,47,7790,7803
63122,NSE-ZITO,9804,8,5174,7803
63122,NSE-ZITO,9804,195,7792,7803
63154,NSE-DLKV,10021,1,7605,7614
63175,NSE-CARD,10221,40,8596,8606
63175,NSE-CARD,10220,10,8598,8606
63195,NSE-ZITO,9769,10,7741,7805
63221,NSE-DLKV,10021,4,7605,7615
63221,NSE-CARD,10223,8,8597,8607
63221,NSE-SIMP,9989,6,7786,7796
63221,NSE-DLKV,10021,6,7605,7616
63222,NSE-ZITO,9769,15,7741,7807
63222,NSE-ZITO,9768,35,7743,7807
63222,NSE-ZITO,9768,65,7743,7809
63222,NSE-ZITO,9767,35,7745,7809
63222,NSE-ZITO,9767,115,7745,7811
63245,NSE-CARD,10223,50,8608,8619
63245,NSE-OIT,9745,50,8555,8565
63321,NSE-ZABA,10910,8,7554,7564
63321,NSE-ZITO,9762,5,7806,7816
63322,NSE-ZITO,9766,35,7811,7817
63322,NSE-ZITO,9767,15,7813,7817
63341,NSE-OIT,9753,50,8566,8576
63358,NSE-CARD,10209,5,8620,8631
63421,NSE-SIMP,9987,3,7810,7821
63421,NSE-OIT,9752,3,8568,8577
63422,NSE-ZITO,9764,50,7823,7828
63422,NSE-ZITO,9764,100,7823,7830
63422,NSE-ZITO,9764,50,7823,7832
63422,NSE-ZITO,9763,100,7825,7832
63422,NSE-ZITO,9763,150,7825,7834
63443,NSE-OIT,9745,50,8579,8588
63443,NSE-ZITO,9763,1,7834,7838
63473,NSE-OIT,9746,5,8581,8590
63498,NSE-CARD,10216,8,8632,8644
63499,NSE-DLKV,9987,8,7637,7648
63499,NSE-OIT,9746,8,8581,8591
63499,NSE-SIMP,9982,8,7822,7833
63499,NSE-ZABA,10910,8,7575,7586
63499,NSE-ZITO,9760,8,7810,7840
63499,NSE-ZABA,10914,1,7576,7587
63521,NSE-ZITO,9763,1,7834,7841
63521,NSE-SIMP,9981,50,7817,7836
63521,NSE-SIMP,9981,100,7817,7838
63521,NSE-SIMP,9981,100,7817,7840
63521,NSE-SIMP,9979,50,7828,7840
63521,NSE-SIMP,9979,150,7828,7842
63521,NSE-SIMP,9978,50,7830,7842
63521,NSE-SIMP,9978,200,7830,7844
63522,NSE-ZITO,9764,50,7836,7842
63522,NSE-ZITO,9764,100,7836,7844
63522,NSE-ZITO,9764,100,7836,7846
63556,NSE-OIT,9748,50,8594,8603
63556,NSE-CARD,10242,50,8645,8656
63621,NSE-SIMP,9968,1,7835,7845
63621,NSE-SIMP,9974,50,7844,7846
63622,NSE-ZITO,9767,50,7813,7852
63622,NSE-ZITO,9767,100,7813,7854
63622,NSE-ZITO,9767,35,7813,7856
63622,NSE-ZITO,9768,115,7815,7856
63622,NSE-ZITO,9768,135,7815,7858
63622,NSE-ZITO,9771,65,7822,7858
63622,NSE-ZITO,9771,85,7822,7860
63622,NSE-ZITO,9772,165,7824,7860
63638,NSE-OIT,9741,1,8606,8615
63638,NSE-CARD,10235,1,8657,8667
63681,NSE-OIT,9741,49,8606,8616
63681,NSE-OIT,9742,1,8608,8616
63681,NSE-CARD,10235,49,8657,8668
63681,NSE-CARD,10234,1,8659,8668
63721,NSE-ZITO,9766,1,7846,7862
63721,NSE-DLKV,9972,1,7490,7670
63722,NSE-ZITO,9772,35,7824,7863
63722,NSE-ZITO,9772,15,7847,7863
63722,NSE-ZITO,9772,100,7847,7865
63722,NSE-ZITO,9772,35,7847,7867
63722,NSE-ZITO,9773,115,7826,7867
63722,NSE-ZITO,9773,135,7826,7869
63722,NSE-ZITO,9773,65,7849,7869
63722,NSE-ZITO,9773,135,7849,7871
63722,NSE-ZITO,9774,115,7851,7871
63737,NSE-DLKV,9941,5,7670,7679
63737,NSE-OIT,9740,5,8619,8628
63737,NSE-SIMP,9986,5,7827,7867
63738,NSE-ZITO,9766,5,7846,7874
63738,NSE-DLKV,9941,5,7670,7681
63738,NSE-OIT,9740,5,8619,8630
63738,NSE-ZABA,10909,20,7610,7621
63821,NSE-ZABA,10905,7,7609,7623
63821,NSE-SIMP,9986,1,7827,7869
63821,NSE-SIMP,9985,8,7857,7870
63821,NSE-OIT,9738,5,8618,8633
63821,NSE-SIMP,9985,7,7857,7871
63821,NSE-SIMP,9986,3,7827,7872
63821,NSE-SIMP,9986,50,7827,7873
63821,NSE-SIMP,9986,91,7827,7875
63821,NSE-SIMP,9987,9,7829,7875
63821,NSE-SIMP,9987,150,7829,7877
63821,NSE-SIMP,9987,41,7829,7879
63822,NSE-ZITO,9774,50,7851,7875
63822,NSE-ZITO,9774,85,7851,7877
63822,NSE-ZITO,9791,1,7837,7877
63822,NSE-ZITO,9796,14,7857,7877
63822,NSE-ZITO,9796,136,7857,7879
63822,NSE-ZITO,9797,14,7859,7879
63822,NSE-ZITO,9797,186,7859,7881
63822,NSE-ZITO,9798,14,7861,7881
63822,NSE-ZITO,9798,236,7861,7883
63822,NSE-ZITO,9804,5,7792,7883
63822,NSE-ZITO,9805,9,7794,7883
63896,NSE-CARD,10049,20,8682,8691
63896,NSE-SIMP,9987,20,7879,7884
63921,NSE-ZABA,10906,5,7625,7635
63921,NSE-DLKV,9976,4,7684,7695
63921,NSE-OIT,9733,7,8635,8645
63921,NSE-DLKV,9976,1,7694,7697
63922,NSE-ZITO,9805,50,7794,7885
63922,NSE-ZITO,9805,100,7794,7887
63922,NSE-ZITO,9805,91,7794,7889
63922,NSE-ZITO,9806,5,5683,7889
63922,NSE-ZITO,9809,5,5577,7889
63922,NSE-ZITO,9810,8,5064,7889
63922,NSE-ZITO,9811,1,4177,7889
63922,NSE-ZITO,9811,8,5410,7889
63922,NSE-ZITO,9811,5,5815,7889
63922,NSE-ZITO,9812,8,4438,7889
63922,NSE-ZITO,9812,8,4992,7889
63922,NSE-ZITO,9816,11,7798,7889
64021,NSE-CARD,10039,8,8693,8704
64021,NSE-DLKV,9971,9,7697,7706
64021,NSE-DLKV,9969,9,7696,7707
64021,NSE-SIMP,9988,50,7831,7895
64021,NSE-SIMP,9988,100,7831,7897
64021,NSE-SIMP,9988,100,7831,7899
64021,NSE-SIMP,9988,50,7886,7899
64021,NSE-SIMP,9989,200,7806,7901
64021,NSE-SIMP,9989,50,7806,7903
64021,NSE-SIMP,9989,100,7888,7903
64021,NSE-SIMP,9990,100,7864,7903
64077,NSE-ZITO,9772,5,7895,7906
64077,NSE-DLKV,9934,5,7709,7718
64077,NSE-OIT,9774,5,8658,8667
64077,NSE-SIMP,9990,5,7864,7905
64092,NSE-CARD,10042,50,8706,8716
64092,NSE-OIT,9772,50,8657,8669
64121,NSE-OIT,9771,3,8659,8670
64121,NSE-ZITO,9774,5,7896,7907
64121,NSE-SIMP,9987,6,7879,7907
64121,NSE-ZABA,10888,8,7415,7658
64145,NSE-SIMP,9988,1,7909,7918
64146,NSE-CARD,10033,8,8717,8728
64146,NSE-OIT,9759,8,8672,8681
64146,NSE-ZABA,10886,8,7658,7667
64146,NSE-ZITO,9789,50,7908,7920
64146,NSE-ZITO,9788,50,7910,7920
64146,NSE-DLKV,9941,50,7721,7732
64146,NSE-DLKV,9942,50,7723,7732
64162,NSE-ZABA,10886,20,7658,7669
64162,NSE-CARD,10035,50,8718,8729
64162,NSE-OIT,9757,50,8671,8683
64221,NSE-CARD,10033,2,8717,8730
64221,NSE-DLKV,9938,8,7730,7734
64221,NSE-SIMP,9987,50,7879,7922
64221,NSE-SIMP,9987,83,7879,7924
64221,NSE-SIMP,9986,17,7881,7924
64221,NSE-SIMP,9986,150,7881,7926
64221,NSE-SIMP,9986,83,7881,7928
64221,NSE-SIMP,9986,50,7885,7928
64221,NSE-SIMP,9986,50,7908,7928
64221,NSE-SIMP,9985,17,7887,7928
64221,NSE-SIMP,9985,83,7887,7930
64221,NSE-SIMP,9985,100,7910,7930
64221,NSE-SIMP,9984,67,7889,7930
64253,NSE-DLKV,9937,42,7734,7743
64253,NSE-DLKV,9938,58,7736,7743
64267,NSE-CARD,10043,50,8731,8742
64321,NSE-ZITO,9784,6,7923,7934
64321,NSE-DLKV,9935,6,7733,7744
64321,NSE-ZABA,10896,9,7670,7681
64321,NSE-SIMP,9988,49,7909,7931
64321,NSE-SIMP,9989,1,7911,7931
64321,NSE-SIMP,9989,99,7911,7933
64321,NSE-SIMP,9990,1,7864,7933
64322,NSE-ZITO,9766,44,7846,7936
64322,NSE-ZITO,9765,6,7848,7936
64322,NSE-ZITO,9765,100,7848,7938
64322,NSE-ZITO,9765,94,7848,7940
64328,NSE-ZITO,9765,1,7940,7946
64328,NSE-OIT,9757,1,8696,8705
64328,NSE-CARD,10054,1,8743,8753
64379,NSE-OIT,9757,49,8696,8706
64379,NSE-OIT,9758,1,8698,8706
64379,NSE-CARD,10054,49,8743,8754
64379,NSE-CARD,10053,1,8745,8754
64421,NSE-SIMP,9989,50,7935,7942
64421,NSE-SIMP,9989,100,7935,7944
64421,NSE-SIMP,9988,150,7937,7946
64421,NSE-SIMP,9988,50,7937,7948
64421,NSE-SIMP,9987,150,7939,7948
64422,NSE-ZITO,9764,50,7850,7949
64422,NSE-ZITO,9764,100,7850,7951
64422,NSE-ZITO,9764,100,7850,7953
64422,NSE-ZITO,9762,8,7918,7953
64422,NSE-ZITO,9760,42,7810,7953
64422,NSE-SIMP,9988,20,7950,7951
64460,NSE-CARD,10037,5,8755,8765
64521,NSE-CARD,10039,2,8756,8766
64521,NSE-SIMP,9987,50,7939,7953
64521,NSE-SIMP,9987,50,7939,7955
64521,NSE-SIMP,9984,50,7889,7955
64521,NSE-ZITO,9761,50,7955,7958
64521,NSE-ZITO,9761,100,7955,7960
64521,NSE-ZITO,9761,50,7955,7962
64521,NSE-ZITO,9762,100,7957,7962
64521,NSE-ZITO,9762,150,7957,7964
64521,NSE-ZITO,9766,50,7942,7964
64521,NSE-ZITO,9766,150,7942,7966
64521,NSE-ZITO,9767,100,7944,7966
64566,NSE-CARD,10064,20,8767,8778
64566,NSE-ZABA,10894,20,7703,7713
64621,NSE-ZABA,10890,3,7702,7715
64621,NSE-OIT,9763,6,8718,8728
64621,NSE-OIT,9763,8,8718,8729
64621,NSE-SIMP,9984,33,7889,7964
64621,NSE-SIMP,9984,17,7912,7964
64621,NSE-SIMP,9984,100,7912,7966
64621,NSE-SIMP,9984,33,7912,7968
64621,NSE-SIMP,9983,117,7852,7968
64621,NSE-SIMP,9983,83,7852,7970
64621,NSE-SIMP,9983,117,7891,7970
64621,NSE-SIMP,9983,83,7891,7972
64621,NSE-SIMP,9983,167,7914,7972
64621,NSE-ZABA,10896,1,7712,7716
64621,NSE-ZITO,9767,50,7944,7968
64622,NSE-ZITO,9767,100,7944,7970
64673,NSE-OIT,9771,50,8730,8741
64688,NSE-DLKV,9927,1,7776,7785
64721,NSE-ZABA,10905,4,7717,7726
64721,NSE-SIMP,9986,2,7959,7974
64721,NSE-ZABA,10905,8,7717,7727
64721,NSE-SIMP,9983,33,7914,7976
64721,NSE-SIMP,9982,17,7854,7976
64721,NSE-ZABA,10910,1,7622,7728
64722,NSE-ZITO,9773,50,7976,7979
64722,NSE-ZITO,9773,100,7976,7981
64722,NSE-ZITO,9773,100,7976,7983
64753,NSE-OIT,9761,50,8742,8752
64753,NSE-ZITO,9760,5,7810,7989
64753,NSE-DLKV,9953,5,7787,7796
64753,NSE-OIT,9763,5,8743,8753
64753,NSE-SIMP,9983,5,7978,7985
64753,NSE-ZITO,9760,5,7810,7991
64753,NSE-DLKV,9953,5,7787,7798
64815,NSE-SIMP,9983,5,7978,7987
64815,NSE-ZITO,9760,5,7810,7993
64821,NSE-OIT,9763,6,8743,8756
64821,NSE-SIMP,9982,50,7854,7990
64821,NSE-SIMP,9982,100,7854,7992
64821,NSE-SIMP,9982,83,7854,7994
64821,NSE-SIMP,9982,67,7863,7994
64821,NSE-SIMP,9982,133,7863,7996
64821,NSE-SIMP,9982,67,7893,7996
64821,NSE-SIMP,9982,183,7893,7998
64821,NSE-SIMP,9982,67,7916,7998
64848,NSE-SIMP,9983,20,7978,7999
64861,NSE-OIT,9758,50,8758,8768
64935,NSE-OIT,9752,50,8771,8780
64984,NSE-CARD,9996,8,8811,8823
64984,NSE-DLKV,9961,8,7811,7820
64984,NSE-OIT,9753,8,8773,8783
64984,NSE-ZABA,10901,8,7751,7760
65021,NSE-SIMP,9982,8,7916,8013
65021,NSE-OIT,9750,3,8770,8785
65021,NSE-OIT,9750,3,8770,8786
65021,NSE-CARD,9996,1,8811,8824
65021,NSE-SIMP,9982,50,7916,8015
65021,NSE-SIMP,9982,100,7916,8017
65021,NSE-SIMP,9982,25,7916,8019
65021,NSE-SIMP,9981,125,7865,8019
65021,NSE-SIMP,9981,125,7865,8021
65021,NSE-SIMP,9981,8,7919,8021
65021,NSE-SIMP,9980,67,8004,8021
65021,NSE-SIMP,9980,83,8004,8023
65021,NSE-SIMP,9979,167,8006,8023
65022,NSE-ZITO,9760,50,7810,8017
65022,NSE-ZITO,9760,35,7810,8019
65022,NSE-ZITO,9760,65,8000,8019
65022,NSE-ZITO,9760,135,8000,8021
65022,NSE-ZITO,9759,15,7812,8021
65052,NSE-OIT,9756,50,8788,8797
65052,NSE-SIMP,9983,50,7978,8024
65121,NSE-OIT,9754,8,8787,8800
65121,NSE-ZITO,9759,4,7812,8027
65121,NSE-SIMP,9979,7,8006,8025
65122,NSE-OIT,9756,50,8799,8801
65122,NSE-OIT,9756,50,8799,8803
65122,NSE-SIMP,9983,20,7978,8026
65122,NSE-SIMP,9984,30,7980,8026
65122,NSE-SIMP,9984,100,7980,8028
65122,NSE-SIMP,9984,20,7980,8030
65122,NSE-SIMP,9985,130,7982,8030
65122,NSE-SIMP,9985,70,7982,8032
65122,NSE-SIMP,9986,130,7959,8032
65122,NSE-SIMP,9986,68,7959,8034
65122,NSE-SIMP,9986,182,7984,8034
65122,NSE-ZITO,9759,50,7812,8029
65122,NSE-ZITO,9759,100,7812,8031
65122,NSE-ZITO,9759,31,7812,8033
65122,NSE-ZITO,9759,119,8002,8033
65122,NSE-ZITO,9759,131,8002,8035
65122,NSE-ZITO,9758,69,7775,8035
65122,NSE-ZITO,9758,31,7775,8037
65122,NSE-ZITO,9758,219,7814,8037
65123,NSE-OIT,9758,50,8803,8811
65221,NSE-OIT,9757,7,8805,8813
65221,NSE-ZABA,10907,7,7773,7782
65221,NSE-CARD,10000,1,8836,8850
65222,NSE-ZITO,9758,31,7814,8039
65222,NSE-ZITO,9758,19,7941,8039
65222,NSE-ZITO,9758,100,7941,8041
65222,NSE-ZITO,9758,81,7941,8043
65222,NSE-ZITO,9757,69,7777,8043
65222,NSE-ZITO,9757,81,7777,8045
65222,NSE-ZITO,9757,119,7943,8045
65222,NSE-ZITO,9757,131,7943,8047
65222,NSE-ZITO,9756,119,7779,8047
65228,NSE-SIMP,9984,50,8037,8049
65248,NSE-CARD,9973,5,8849,8859
65248,NSE-OIT,9759,50,8814,8825
65321,NSE-SIMP,9986,7,7984,8050
65321,NSE-ZITO,9768,2,8001,8049
65321,NSE-DLKV,9967,8,7731,7852
65321,NSE-OIT,9759,1,8824,8828
65321,NSE-OIT,9753,49,8812,8828
65321,NSE-SIMP,9986,50,7984,8051
65321,NSE-SIMP,9986,11,7984,8053
65321,NSE-SIMP,9986,89,8005,8053
65321,NSE-SIMP,9986,61,8005,8055
65321,NSE-SIMP,9986,50,8038,8055
65321,NSE-SIMP,9987,39,7961,8055
65321,NSE-SIMP,9987,200,7961,8057
65321,NSE-SIMP,9987,11,7961,8059
65321,NSE-SIMP,9987,1,7973,8059
65321,NSE-SIMP,9987,200,8007,8059
65321,NSE-SIMP,9987,38,8040,8059
65322,NSE-ZITO,9765,1,8048,8051
65322,NSE-ZITO,9756,49,7779,8051
65322,NSE-ZITO,9756,32,7779,8053
65322,NSE-ZITO,9755,68,7781,8053
65322,NSE-ZITO,9755,150,7781,8055
65322,NSE-ZITO,9755,32,7781,8057
65322,NSE-ZITO,9754,168,7835,8057
65322,NSE-ZITO,9754,82,7835,8059
65322,NSE-ZITO,9754,150,7952,8059
65322,NSE-ZITO,9754,8,8014,8059
65322,NSE-ZITO,9753,10,7954,8059
65416,NSE-DLKV,9977,8,7853,7862
65416,NSE-OIT,9754,8,8830,8838
65421,NSE-CARD,9978,3,8860,8871
65421,NSE-CARD,9969,8,8643,8873
65421,NSE-OIT,9753,50,8812,8841
65421,NSE-OIT,9753,1,8812,8843
65421,NSE-OIT,9753,99,8826,8843
65421,NSE-OIT,9753,1,8826,8845
65421,NSE-SIMP,9983,50,8039,8065
65422,NSE-SIMP,9983,50,8039,8067
65422,NSE-SIMP,9983,1,8047,8067
65422,NSE-SIMP,9982,49,8041,8067
65422,NSE-SIMP,9982,101,8041,8069
65422,NSE-SIMP,9981,49,8043,8069
65422,NSE-SIMP,9981,151,8043,8071
65422,NSE-SIMP,9980,49,8045,8071
65422,NSE-SIMP,9980,201,8045,8073
65422,NSE-SIMP,9979,26,8006,8073
65422,NSE-SIMP,9978,23,7949,8073
65422,NSE-ZABA,10900,8,7803,7806
65422,NSE-ZITO,9753,50,7954,8063
65422,NSE-ZITO,9753,100,7954,8065
65422,NSE-ZITO,9753,40,7954,8067
65422,NSE-ZITO,9752,110,7956,8067
65422,NSE-ZITO,9752,140,7956,8069
65434,NSE-ZABA,10881,1,7805,7815
65497,NSE-CARD,9969,20,8873,8883
65502,NSE-OIT,9747,50,8845,8850
65502,NSE-SIMP,9986,8,8063,8074
65502,NSE-CARD,9969,22,8873,8884
65502,NSE-CARD,9970,28,8875,8884
65521,NSE-DLKV,9955,2,7865,7874
65521,NSE-CARD,9970,7,8875,8885
65521,NSE-ZABA,10885,2,7806,7816
65521,NSE-SIMP,9987,50,8040,8075
65522,NSE-SIMP,9987,12,8040,8077
65634,NSE-SIMP,9987,1,8077,8095
65662,NSE-CARD,9960,50,8898,8907
65662,NSE-OIT,9753,50,8862,8873
65721,NSE-CARD,10007,1,8882,8908
65721,NSE-DLKV,9987,1,7683,7896
65721,NSE-SIMP,9988,50,7950,8097
65721,NSE-SIMP,9988,100,7950,8099
65721,NSE-SIMP,9988,80,7950,8101
65721,NSE-SIMP,9988,70,8009,8101
65721,NSE-SIMP,9988,180,8009,8103
65721,NSE-SIMP,9988,20,8042,8103
65721,NSE-SIMP,9988,130,8042,8105
65721,NSE-SIMP,9988,50,8086,8105
65721,NSE-SIMP,9989,70,8044,8105
65722,NSE-ZITO,9756,8,8061,8092
65732,NSE-SIMP,9987,8,8077,8107
65732,NSE-CARD,10058,49,8908,8919
65732,NSE-CARD,10057,1,8910,8919
65732,NSE-OIT,9756,50,8874,8884
65757,NSE-CARD,10057,50,8910,8921
65821,NSE-ZITO,9763,3,8093,8102
65821,NSE-DLKV,9989,4,7896,7906
65821,NSE-SIMP,9987,50,8077,8110
65821,NSE-SIMP,9987,29,8077,8112
65821,NSE-SIMP,9986,71,8079,8112
65821,NSE-SIMP,9986,79,8079,8114
65821,NSE-SIMP,9986,50,8085,8114
65821,NSE-SIMP,9985,21,8081,8114
65822,NSE-ZITO,9768,50,8001,8103
65822,NSE-ZITO,9768,100,8001,8105
65822,NSE-ZITO,9768,48,8001,8107
65822,NSE-ZITO,9769,102,8003,8107
65822,NSE-ZITO,9769,148,8003,8109
65822,NSE-ZITO,9779,52,7963,8109
65822,NSE-ZITO,9779,98,7963,8111
65822,NSE-ZITO,9780,152,7965,8111
65831,NSE-SIMP,9986,50,8116,8119
65831,NSE-OIT,9765,50,8886,8897
65921,NSE-ZITO,9780,5,7965,8113
65922,NSE-SIMP,9989,50,8044,8121
65922,NSE-SIMP,9989,80,8044,8123
65922,NSE-SIMP,9989,20,8088,8123
65922,NSE-SIMP,9989,80,8088,8125
65922,NSE-SIMP,9990,70,7864,8125
65922,NSE-SIMP,9990,24,7864,8127
65922,NSE-SIMP,9990,150,7890,8127
65922,NSE-SIMP,9990,26,7913,8127
65966,NSE-OIT,9766,50,8909,8911
66016,NSE-CARD,10053,20,8935,8945
66021,NSE-DLKV,9998,8,7821,7927
66021,NSE-OIT,9770,50,8782,8912
66021,NSE-OIT,9770,50,8782,8914
66021,NSE-SIMP,9985,50,8081,8132
66021,NSE-SIMP,9985,100,8081,8134
66021,NSE-SIMP,9985,29,8081,8136
66021,NSE-SIMP,9985,100,8087,8136
66021,NSE-SIMP,9984,21,8089,8136
66021,NSE-SIMP,9984,129,8089,8138
66021,NSE-SIMP,9983,71,8091,8138
66021,NSE-SIMP,9983,129,8091,8140
66021,NSE-SIMP,9981,50,8109,8140
66021,NSE-SIMP,9980,71,8111,8140
66048,NSE-ZITO,9751,1,8125,8134
66064,NSE-OIT,9775,50,8914,8924
66093,NSE-CARD,10060,8,8950,8960
66105,NSE-DLKV,9998,42,7927,7937
66105,NSE-DLKV,9997,58,7929,7937
66105,NSE-DLKV,10000,8,7928,7938
66105,NSE-OIT,9774,8,8916,8926
66106,NSE-SIMP,9980,8,8111,8144
66106,NSE-ZITO,9751,8,8125,8135
66121,NSE-CARD,10058,1,8949,8962
66121,NSE-CARD,10060,4,8950,8963
66121,NSE-SIMP,9990,4,7913,8145
66121,NSE-SIMP,9990,50,7913,8146
66122,NSE-SIMP,9990,70,7913,8148
66122,NSE-SIMP,9990,30,8046,8148
66122,NSE-SIMP,9990,150,8046,8150
66122,NSE-SIMP,9990,70,8046,8152
66122,NSE-SIMP,9990,50,8076,8152
66122,NSE-SIMP,9990,80,8090,8152
66122,NSE-SIMP,9990,70,8090,8154
66122,NSE-SIMP,9991,180,7818,8154
66137,NSE-OIT,9766,50,8909,8938
66193,NSE-DLKV,10005,1,7940,7950
66193,NSE-CARD,10060,1,8964,8974
66193,NSE-DLKV,10008,5,7863,7951
66193,NSE-OIT,9768,5,8928,8940
66193,NSE-SIMP,9991,5,7818,8159
66193,NSE-ZITO,9770,50,8137,8147
66215,NSE-DLKV,10005,49,7940,7953
66215,NSE-DLKV,10003,51,7942,7953
66221,NSE-ZABA,10914,5,7879,7891
66221,NSE-OIT,9767,10,8939,8942
66221,NSE-SIMP,9991,50,7818,8161
66221,NSE-SIMP,9991,15,7818,8163
66221,NSE-SIMP,9991,85,7853,8163
66221,NSE-SIMP,9991,115,7853,8165
66221,NSE-SIMP,9991,35,7866,8165
66221,NSE-SIMP,9991,200,7866,8167
66221,NSE-SIMP,9991,15,7866,8169
66221,NSE-SIMP,9991,200,7892,8169
66221,NSE-SIMP,9991,35,7915,8169
66222,NSE-ZABA,10920,1,7889,7892
66222,NSE-ZITO,9780,43,7965,8148
66253,NSE-OIT,9775,50,8944,8953
66253,NSE-SIMP,9986,1,8158,8171
66253,NSE-SIMP,9980,21,8111,8171
66297,NSE-ZITO,9780,5,8148,8159
66297,NSE-DLKV,9978,5,7955,7964
66297,NSE-OIT,9776,5,8946,8957
66321,NSE-ZITO,9780,2,8148,8160
66321,NSE-ZITO,9779,6,8150,8160
66322,NSE-ZABA,10904,8,7877,7904
66322,NSE-ZITO,9781,50,7967,8161
66322,NSE-ZITO,9781,100,7967,8163
66322,NSE-ZITO,9781,100,7967,8165
66352,NSE-ZITO,9781,5,8165,8171
66352,NSE-ZITO,9781,5,8165,8173
66352,NSE-DLKV,9992,5,7968,7977
66352,NSE-OIT,9769,5,8960,8969
66378,NSE-OIT,9767,50,8939,8972
66421,NSE-ZITO,9781,1,8165,8174
66421,NSE-OIT,9769,9,8960,8973
66421,NSE-SIMP,9989,1,8182,8183
66422,NSE-ZITO,9782,50,7975,8175
66422,NSE-ZITO,9782,100,7975,8177
66422,NSE-ZITO,9782,50,7975,8179
66422,NSE-ZITO,9783,100,7977,8179
66422,NSE-ZITO,9783,150,7977,8181
66422,NSE-ZITO,9783,8,8015,8181
66485,NSE-SIMP,9991,5,7915,8193
66486,NSE-ZITO,9787,5,8181,8186
66486,NSE-DLKV,9960,5,7980,7989
66486,NSE-OIT,9794,5,8975,8984
66486,NSE-SIMP,9991,5,7915,8195
66521,NSE-SIMP,9991,9,7915,8197
66522,NSE-SIMP,9991,50,7915,8198
66522,NSE-SIMP,9991,96,7915,8200
66522,NSE-SIMP,9991,4,8011,8200
66522,NSE-SIMP,9991,4,8011,8202
66522,NSE-SIMP,9991,100,8078,8202
66522,NSE-ZITO,9788,50,7931,8187
66564,NSE-DLKV,9965,1,7993,8002
66564,NSE-ZITO,9787,1,8189,8197
66565,NSE-OIT,9769,50,8987,8996
66579,NSE-SIMP,9991,28,8202,8209
66592,NSE-OIT,9767,40,8939,9000
66592,NSE-OIT,9767,10,8956,9000
66592,NSE-ZITO,9787,2,8189,8198
66621,NSE-CARD,10075,7,9011,9020
66621,NSE-OIT,9767,1,8956,9001
66621,NSE-DLKV,9965,1,7993,8003
66621,NSE-CARD,10075,4,9011,9021
66621,NSE-DLKV,9997,50,7966,8004
66621,NSE-DLKV,9997,50,7966,8006
66622,NSE-SIMP,9992,50,7855,8211
66622,NSE-SIMP,9992,100,7855,8213
66622,NSE-SIMP,9992,100,7855,8215
66622,NSE-SIMP,9992,50,7894,8215
66622,NSE-SIMP,9992,200,7894,8217
66622,NSE-SIMP,9992,250,7917,8219
66622,NSE-ZITO,9788,50,7931,8199
66622,NSE-ZITO,9788,100,7931,8201
66622,NSE-ZITO,9788,50,7931,8203
66622,NSE-ZITO,9792,8,7919,8203
66640,NSE-OIT,9785,50,9003,9012
66686,NSE-ZITO,9794,5,8203,8210
66686,NSE-DLKV,10001,5,8005,8014
66686,NSE-OIT,9786,5,9005,9015
66719,NSE-ZITO,9794,37,8203,8211
66721,NSE-SIMP,9990,8,8183,8222
66721,NSE-CARD,10078,9,9022,9033
66722,NSE-OIT,9805,8,8839,9017
66722,NSE-SIMP,9992,50,8080,8223
66722,NSE-SIMP,9992,100,8080,8225
66722,NSE-SIMP,9992,50,8184,8227
66722,NSE-SIMP,9993,5,7661,8227
66722,NSE-SIMP,9993,5,7699,8227
66722,NSE-SIMP,9993,90,7876,8227
66722,NSE-SIMP,9993,10,7876,8229
66722,NSE-SIMP,9994,150,7878,8229
66722,NSE-SIMP,9995,5,7657,8229
66722,NSE-SIMP,9995,35,7795,8229
66722,NSE-SIMP,9995,215,7795,8231
66722,NSE-SIMP,9995,35,7880,8231
66723,NSE-ZITO,9795,8,8136,8212
66723,NSE-ZITO,9804,1,7945,8212
66762,NSE-OIT,9812,42,9017,9028
66762,NSE-OIT,9811,8,9019,9028
66821,NSE-DLKV,9993,7,8017,8026
66821,NSE-ZABA,10913,2,7945,7955
66821,NSE-ZITO,9815,9,7933,8222
66821,NSE-SIMP,9990,8,8183,8234
66821,NSE-OIT,9814,1,9018,9030
66822,NSE-SIMP,9995,50,7880,8235
66822,NSE-SIMP,9995,100,7880,8237
66822,NSE-SIMP,9995,15,7880,8239
66822,NSE-SIMP,9995,135,7936,8239
66822,NSE-SIMP,9995,15,7936,8241
66822,NSE-SIMP,9995,50,8098,8241
66822,NSE-SIMP,9995,50,8122,8241
66822,NSE-SIMP,9996,85,7882,8241
66822,NSE-SIMP,9996,165,7882,8243
66822,NSE-SIMP,9996,85,7938,8243
66822,NSE-ZABA,10933,8,7804,7956
66822,NSE-ZABA,10936,8,7878,7956
66822,NSE-ZITO,9815,50,7933,8223
66822,NSE-ZITO,9815,41,7933,8225
66822,NSE-ZITO,9816,59,7798,8225
66822,NSE-ZITO,9816,30,7798,8227
66822,NSE-ZITO,9817,120,7800,8227
66822,NSE-ZITO,9817,30,7800,8229
66864,NSE-CARD,9970,8,9045,9054
66865,NSE-DLKV,9998,8,8027,8038
66865,NSE-OIT,9802,8,9031,9042
66865,NSE-ZABA,10936,8,7956,7967
66865,NSE-ZITO,9817,8,8229,8234
66865,NSE-OIT,9802,42,9031,9043
66865,NSE-OIT,9801,58,9033,9043
66865,NSE-OIT,9801,42,9033,9045
66865,NSE-OIT,9800,8,9035,9045
66865,NSE-OIT,9800,50,9035,9046
66921,NSE-SIMP,9996,50,7938,8248
66921,NSE-SIMP,9996,65,7938,8250
66921,NSE-SIMP,9996,35,8052,8250
66921,NSE-SIMP,9996,15,8052,8252
66921,NSE-SIMP,9996,100,8100,8252
66921,NSE-SIMP,9997,35,7896,8252
66921,NSE-SIMP,9997,15,7896,8254
66921,NSE-SIMP,9997,185,7940,8254
66921,NSE-SIMP,9997,65,7940,8256
66921,NSE-SIMP,9997,100,8054,8256
66921,NSE-SIMP,9998,85,7898,8256
66938,NSE-ZITO,9814,50,8235,8245
66938,NSE-SIMP,9998,5,7898,8258
66938,NSE-ZITO,9813,5,8237,8247
66938,NSE-DLKV,10005,5,7991,8049
66938,NSE-OIT,9800,5,9048,9057
66956,NSE-ZABA,10933,1,7968,7980
66956,NSE-DLKV,10002,1,8039,8051
66956,NSE-OIT,9800,45,9048,9059
66956,NSE-OIT,9801,5,9050,9059
66956,NSE-CARD,9970,50,9057,9068
66956,NSE-OIT,9798,50,9047,9062
66956,NSE-OIT,9797,50,9049,9062
67021,NSE-OIT,9794,1,9029,9064
67021,NSE-OIT,9767,49,8956,9064
67021,NSE-OIT,9767,40,8956,9066
67021,NSE-SIMP,9998,10,7898,8261
67021,NSE-SIMP,9998,40,8056,8261
67021,NSE-SIMP,9998,100,8056,8263
67021,NSE-SIMP,9998,10,8056,8265
67021,NSE-SIMP,9999,140,7900,8265
67021,NSE-SIMP,9999,10,7900,8267
67021,NSE-SIMP,9999,190,8058,8267
67021,NSE-SIMP,9999,10,8058,8269
67021,NSE-SIMP,10000,200,7902,8269
67021,NSE-SIMP,10001,40,7904,8269
67078,NSE-OIT,9767,50,9066,9073
67121,NSE-DLKV,10002,1,8052,8062
67121,NSE-CARD,9973,50,9070,9080
67121,NSE-CARD,9974,100,9072,9082
67121,NSE-SIMP,9990,33,8183,8273
67126,NSE-ZABA,10932,20,7992,8002
67141,NSE-DLKV,9999,8,8063,8074
67141,NSE-OIT,9797,8,9075,9086
67141,NSE-ZABA,10932,8,7992,8004
67142,NSE-ZITO,9800,8,8260,8271
67157,NSE-OIT,9799,50,9076,9087
67157,NSE-OIT,9797,42,9075,9088
67157,NSE-SIMP,9982,17,8273,8284
67157,NSE-SIMP,9983,33,8275,8284
67157,NSE-CARD,9991,50,9084,9095
67221,NSE-ZITO,9800,1,8260,8272
67221,NSE-CARD,9991,50,9084,9097
67221,NSE-DLKV,10005,50,7991,8075
67221,NSE-DLKV,10005,45,7991,8077
67221,NSE-DLKV,10008,3,7863,8077
67221,NSE-SIMP,9997,8,8283,8285
67221,NSE-SIMP,10001,42,7904,8285
67221,NSE-SIMP,10001,100,7904,8287
67221,NSE-SIMP,10001,68,7904,8289
67221,NSE-SIMP,10002,8,8246,8289
67221,NSE-SIMP,10004,5,7703,8289
67223,NSE-ZITO,9811,5,8273,8284
67223,NSE-DLKV,10016,5,8076,8085
67223,NSE-OIT,9772,5,9092,9101
67223,NSE-SIMP,10006,5,7405,8295
67237,NSE-OIT,9770,50,9091,9104
67300,NSE-DLKV,10010,8,8077,8088
67300,NSE-OIT,9769,8,9093,9106
67300,NSE-SIMP,10004,8,8289,8299
67300,NSE-ZITO,9811,8,8273,8286
67312,NSE-SIMP,10004,1,8289,8300
67321,NSE-OIT,9772,1,9092,9107
67321,NSE-OIT,9769,1,9093,9108
67321,NSE-CARD,9991,50,9084,9110
67321,NSE-CARD,9989,50,9096,9112
67321,NSE-CARD,9988,50,9098,9112
67321,NSE-CARD,9988,50,9098,9114
67321,NSE-CARD,9987,100,9100,9114
67321,NSE-CARD,9987,50,9100,9116
67321,NSE-CARD,9984,8,9091,9116
67324,NSE-OIT,9786,50,9110,9119
67324,NSE-SIMP,9996,50,8302,8311
67358,NSE-OIT,9787,50,9112,9120
67358,NSE-SIMP,9994,50,8301,8313
67358,NSE-CARD,9972,50,9116,9119
67392,NSE-ZITO,9811,5,8287,8297
67421,NSE-ZABA,10944,2,8018,8027
67421,NSE-DLKV,10005,2,8089,8099
67421,NSE-DLKV,10009,2,8090,8100
67421,NSE-CARD,9971,50,9069,9121
67422,NSE-ZABA,10948,8,7761,8028
67422,NSE-ZABA,10956,8,7668,8028
67422,NSE-ZITO,9818,8,4910,8298
67422,NSE-ZITO,9818,42,7802,8298
67465,NSE-SIMP,9997,50,8316,8325
67465,NSE-CARD,9971,50,9123,9130
67465,NSE-OIT,9784,50,9123,9134
67521,NSE-OIT,9783,1,9125,9135
67521,NSE-CARD,9971,50,9123,9131
67521,NSE-CARD,9972,92,9116,9133
67521,NSE-CARD,9972,8,9125,9133
67521,NSE-CARD,9972,142,9125,9135
67521,NSE-CARD,9973,8,9118,9135
67521,NSE-CARD,9973,200,9118,9137
67521,NSE-CARD,9973,42,9118,9139
67521,NSE-CARD,9973,200,9127,9139
67521,NSE-CARD,9974,8,9129,9139
67521,NSE-OIT,9780,50,9131,9137
67521,NSE-OIT,9780,100,9131,9139
67541,NSE-SIMP,9991,20,8327,8337
67621,NSE-ZITO,9800,9,8308,8320
67621,NSE-ZABA,10951,3,8039,8048
67621,NSE-CARD,9974,3,9129,9141
67622,NSE-ZITO,9795,1,8248,8322
67626,NSE-OIT,9782,50,9143,9156
67626,NSE-CARD,9973,50,9142,9153
67657,NSE-OIT,9782,50,9143,9160
67657,NSE-SIMP,10005,50,8338,8350
67657,NSE-CARD,9972,50,9144,9155
67721,NSE-ZITO,9793,5,8321,8333
67721,NSE-DLKV,9986,7,8122,8131
67721,NSE-CARD,9974,50,9129,9158
67721,NSE-CARD,9974,100,9129,9160
67721,NSE-CARD,9974,89,9129,9162
67721,NSE-OIT,9780,50,9131,9164
67721,NSE-OIT,9780,50,9131,9166
67733,NSE-ZITO,9808,5,8334,8345
67798,NSE-OIT,9779,50,9166,9174
67798,NSE-DLKV,9971,1,8133,8142
67798,NSE-CARD,9975,1,9162,9169
67821,NSE-SIMP,10005,3,8351,8362
67821,NSE-DLKV,9969,2,8132,8143
67821,NSE-CARD,9977,8,9147,9170
67821,NSE-CARD,9974,50,9164,9172
67821,NSE-CARD,9974,100,9164,9174
67821,NSE-CARD,9974,50,9164,9176
67821,NSE-CARD,9973,100,9166,9176
67821,NSE-CARD,9973,150,9166,9178
67821,NSE-CARD,9971,50,9146,9178
67821,NSE-OIT,9774,50,9142,9179
67821,NSE-OIT,9774,100,9142,9181
67821,NSE-OIT,9774,50,9142,9183
67821,NSE-OIT,9773,100,9144,9183
67854,NSE-OIT,9774,50,9185,9188
67854,NSE-SIMP,9982,50,8364,8373
67854,NSE-CARD,9972,50,9180,9181
67872,NSE-ZITO,9810,50,8346,8356
67921,NSE-DLKV,10002,9,8145,8154
67921,NSE-CARD,9972,50,9180,9182
67921,NSE-CARD,9972,100,9180,9184
67921,NSE-CARD,9972,50,9180,9186
67921,NSE-CARD,9977,100,9147,9186
67921,NSE-CARD,9977,42,9147,9188
67921,NSE-CARD,9978,158,9149,9188
67921,NSE-OIT,9773,50,9144,9192
67921,NSE-OIT,9773,100,9144,9194
67921,NSE-OIT,9772,150,9171,9196
67921,NSE-OIT,9772,100,9171,9198
67921,NSE-OIT,9772,1,9177,9198
67921,NSE-OIT,9767,99,9182,9198
67921,NSE-OIT,9767,51,9182,9200
67921,NSE-OIT,9766,100,8922,9200
67921,NSE-OIT,9766,99,9184,9200
67923,NSE-CARD,9977,8,9190,9193
67923,NSE-ZITO,9797,8,8357,8368
67940,NSE-OIT,9774,50,9185,9203
67957,NSE-SIMP,9997,50,8375,8386
68021,NSE-DLKV,9963,5,8155,8168
68021,NSE-CARD,9971,50,9146,9198
68021,NSE-CARD,9971,50,9146,9200
68021,NSE-CARD,9970,50,9071,9200
68021,NSE-CARD,9970,50,9071,9202
68021,NSE-CARD,9970,1,9092,9202
68021,NSE-CARD,9970,99,9148,9202
68021,NSE-CARD,9970,101,9148,9204
68021,NSE-CARD,9969,99,9150,9204
68021,NSE-CARD,9969,151,9150,9206
68021,NSE-CARD,9968,50,9056,9206
68021,NSE-CARD,9967,49,9109,9206
68021,NSE-OIT,9774,50,9185,9206
68021,NSE-OIT,9774,50,9185,9208
68021,NSE-OIT,9775,50,9187,9208
68021,NSE-OIT,9775,150,9187,9210
68021,NSE-OIT,9775,50,9187,9212
68021,NSE-OIT,9779,8,9202,9212
68021,NSE-OIT,9782,100,9143,9212
68021,NSE-OIT,9782,42,9172,9212
68021,NSE-OIT,9782,208,9172,9214
68021,NSE-OIT,9783,42,9145,9214
68036,NSE-SIMP,9987,50,8387,8398
68121,NSE-ZABA,10924,7,8091,8101
68121,NSE-SIMP,9989,5,8388,8400
68121,NSE-ZABA,10928,4,8092,8102
68121,NSE-SIMP,9986,3,8389,8401
68121,NSE-CARD,9967,1,9109,9210
68121,NSE-CARD,9966,49,9111,9210
68121,NSE-CARD,9966,51,9111,9212
68121,NSE-CARD,9966,49,9124,9212
68121,NSE-CARD,9966,101,9124,9214
68121,NSE-CARD,9965,49,9113,9214
68121,NSE-CARD,9965,101,9113,9216
68121,NSE-CARD,9965,99,9126,9216
68121,NSE-CARD,9965,101,9126,9218
68121,NSE-CARD,9964,149,9115,9218
68121,NSE-DLKV,9962,8,8037,8180
68122,NSE-OIT,9783,50,9145,9219
68122,NSE-SIMP,10002,8,8385,8402
68122,NSE-CARD,9978,8,9149,9219
68122,NSE-DLKV,9960,8,8180,8189
68123,NSE-OIT,9782,8,9221,9230
68123,NSE-ZITO,9800,8,8381,8392
68152,NSE-SIMP,10002,42,8402,8415
68152,NSE-SIMP,10001,8,8404,8415
68152,NSE-OIT,9782,50,9221,9232
68221,NSE-OIT,9783,9,9145,9233
68221,NSE-CARD,9964,1,9115,9222
68221,NSE-CARD,9978,5,9149,9223
68221,NSE-CARD,9964,50,9115,9225
68221,NSE-CARD,9964,100,9128,9227
68221,NSE-CARD,9964,150,9128,9229
68221,NSE-CARD,9963,200,9117,9231
68221,NSE-CARD,9963,50,9117,9233
68221,NSE-CARD,9962,200,9179,9233
68221,NSE-OIT,9783,50,9145,9234
68221,NSE-OIT,9783,99,9145,9236
68221,NSE-OIT,9787,1,9224,9236
68221,NSE-OIT,9787,149,9224,9238
68221,NSE-OIT,9788,1,9226,9238
68221,NSE-OIT,9788,199,9226,9240
68221,NSE-OIT,9789,1,9228,9240
68221,NSE-OIT,9789,249,9228,9242
68221,NSE-OIT,9790,1,9132,9242
68221,NSE-SIMP,9983,1,8399,8417
68222,NSE-ZITO,9811,1,8331,8393
68222,NSE-ZITO,9819,8,5398,8393
68248,NSE-SIMP,9980,49,8417,8426
68248,NSE-SIMP,9981,1,8419,8426
68248,NSE-OIT,9780,50,9225,9245
68291,NSE-ZITO,9819,41,8393,8403
68291,NSE-ZITO,9818,9,8395,8403
68315,NSE-DLKV,9977,8,8192,8201
68321,NSE-SIMP,9981,1,8419,8431
68321,NSE-CARD,9962,50,9179,9237
68321,NSE-CARD,9961,1,8959,9239
68321,NSE-CARD,9954,8,9235,9239
68321,NSE-CARD,9953,8,9108,9239
68321,NSE-OIT,9790,50,9132,9248
68321,NSE-OIT,9790,100,9132,9250
68321,NSE-OIT,9790,99,9132,9252
68321,NSE-SIMP,9978,50,7949,8433
68321,NSE-SIMP,9978,100,7949,8435
68354,NSE-OIT,9794,50,9252,9259
68354,NSE-SIMP,9979,50,8437,8442
68354,NSE-OIT,9794,1,9252,9260
68354,NSE-OIT,9793,49,9254,9260
68355,NSE-DLKV,9977,5,8204,8213
68355,NSE-OIT,9796,5,9159,9261
68355,NSE-SIMP,9979,5,8437,8443
68355,NSE-ZITO,9804,5,8406,8417
68355,NSE-DLKV,9977,5,8204,8215
68355,NSE-OIT,9796,5,9159,9263
68355,NSE-SIMP,9979,5,8437,8445
68355,NSE-ZITO,9804,5,8406,8419
68355,NSE-DLKV,9977,5,8204,8217
68355,NSE-OIT,9796,5,9159,9265
68421,NSE-ZABA,10943,4,8126,8138
68421,NSE-OIT,9796,8,9159,9266
68421,NSE-ZITO,9804,4,8406,8420
68422,NSE-OIT,9793,50,9254,9268
68422,NSE-ZABA,10921,8,8124,8140
68478,NSE-DLKV,9978,5,8220,8229
68478,NSE-OIT,9794,5,9270,9278
68478,NSE-SIMP,9982,5,8448,8457
68494,NSE-SIMP,9982,8,8448,8459
68521,NSE-CARD,9949,3,9251,9262
68521,NSE-CARD,9945,8,9192,9264
68521,NSE-CARD,9940,8,8870,9264
68521,NSE-SIMP,9986,1,8428,8460
68522,NSE-ZITO,9820,8,4205,8431
68522,NSE-ZITO,9821,8,4178,8431
68522,NSE-ZITO,9821,8,4257,8431
68544,NSE-OIT,9793,50,9254,9291
68544,NSE-SIMP,9995,49,8460,8471
68544,NSE-SIMP,9994,1,8462,8471
68544,NSE-OIT,9793,50,9254,9292
68607,NSE-SIMP,9994,20,8462,8473
68621,NSE-ZABA,10928,6,8150,8160
68622,NSE-OIT,9793,1,9254,9295
68622,NSE-OIT,9793,49,9280,9295
68622,NSE-OIT,9793,1,9280,9297
68622,NSE-OIT,9792,99,9256,9297
68622,NSE-OIT,9792,150,9256,9299
68622,NSE-OIT,9792,1,9256,9301
68622,NSE-OIT,9792,100,9282,9301
68622,NSE-OIT,9791,50,9267,9301
68622,NSE-OIT,9790,49,9269,9301
68622,NSE-OIT,9790,51,9269,9303
68622,NSE-OIT,9789,150,9271,9303
68622,NSE-OIT,9787,8,9246,9303
68622,NSE-OIT,9783,1,9293,9303
68622,NSE-OIT,9780,40,9225,9303
68622,NSE-SIMP,9978,50,7949,8475
68622,NSE-SIMP,9978,27,7949,8477
68622,NSE-SIMP,9978,73,7958,8477
68622,NSE-SIMP,9978,127,7958,8479
68622,NSE-SIMP,9978,23,7979,8479
68622,NSE-SIMP,9978,127,7979,8481
68622,NSE-SIMP,9978,73,8008,8481
68622,NSE-SIMP,9978,177,8008,8483
68622,NSE-SIMP,9978,8,8429,8483
68622,NSE-SIMP,9977,65,7960,8483
68622,NSE-ZITO,9802,8,8404,8442
68718,NSE-CARD,9939,10,9275,9284
68721,NSE-CARD,9920,8,8727,9286
68721,NSE-CARD,9913,8,8822,9286
68721,NSE-CARD,9835,5,7762,9286
68721,NSE-CARD,9834,5,7456,9286
68721,NSE-CARD,9832,5,7458,9286
68721,NSE-CARD,9832,5,7519,9286
68721,NSE-CARD,9831,5,7595,9286
68721,NSE-CARD,9831,5,7760,9286
68721,NSE-CARD,9823,4,7987,9286
68721,NSE-CARD,9823,4,7987,9288
68740,NSE-CARD,9823,8,9288,9295
68740,NSE-DLKV,9974,8,8253,8262
68821,NSE-DLKV,9974,6,8253,8264
68821,NSE-DLKV,9957,1,7895,8266
68821,NSE-DLKV,9952,8,8165,8266
68821,NSE-DLKV,9946,8,8073,8266
68821,NSE-OIT,9794,50,9270,9316
68821,NSE-OIT,9794,45,9270,9318
68821,NSE-OIT,9794,50,9305,9318
68821,NSE-OIT,9795,5,9272,9318
68821,NSE-OIT,9795,145,9272,9320
68821,NSE-OIT,9795,5,9281,9320
68821,NSE-SIMP,9996,8,8495,8496
68822,NSE-ZABA,10950,8,8182,8183
68822,NSE-ZABA,10960,1,8069,8183
68921,NSE-ZABA,10961,4,8183,8193
68921,NSE-DLKV,9939,8,8087,8275
68921,NSE-DLKV,9941,9,8266,8276
68921,NSE-CARD,9818,5,7474,9309
68921,NSE-CARD,9814,5,7440,9309
68921,NSE-OIT,9795,45,9281,9326
68921,NSE-OIT,9796,5,9159,9326
68921,NSE-OIT,9796,72,9159,9328
68921,NSE-OIT,9796,28,9173,9328
68921,NSE-OIT,9796,72,9173,9330
68921,NSE-OIT,9796,78,9209,9330
68921,NSE-OIT,9796,22,9209,9332
68921,NSE-OIT,9796,100,9283,9332
68921,NSE-OIT,9797,78,9211,9332
68921,NSE-OIT,9797,72,9211,9334
68921,NSE-OIT,9798,178,9213,9334
68921,NSE-SIMP,10003,8,8413,8506
68921,NSE-SIMP,10007,5,7701,8506
68921,NSE-SIMP,10007,8,8430,8506
68921,NSE-SIMP,10009,29,8029,8506
68921,NSE-SIMP,10009,71,8029,8508
68921,NSE-SIMP,10010,8,7920,8508
68921,NSE-SIMP,10010,21,8031,8508
68921,NSE-SIMP,10010,129,8031,8510
68921,NSE-SIMP,10011,21,8033,8510
68921,NSE-SIMP,10011,179,8033,8512
68921,NSE-SIMP,10012,21,8035,8512
68931,NSE-ZITO,9801,1,8474,8484
68955,NSE-SIMP,10011,50,8514,8517
68955,NSE-CARD,9806,40,9309,9318
68955,NSE-CARD,9807,10,9311,9318
68981,NSE-ZABA,10939,1,8194,8205
68981,NSE-DLKV,9947,35,8278,8287
68981,NSE-CARD,9807,10,9311,9321
68981,NSE-CARD,9807,20,9311,9322
69012,NSE-CARD,9807,50,9311,9323
69021,NSE-DLKV,9945,5,8277,8288
69021,NSE-SIMP,10011,4,8514,8520
69022,NSE-SIMP,10012,50,8035,8521
69022,NSE-SIMP,10012,100,8035,8523
69022,NSE-SIMP,10012,79,8035,8525
69022,NSE-SIMP,10014,5,7986,8525
69022,NSE-SIMP,10015,5,8160,8525
69038,NSE-OIT,9794,50,9340,9349
69039,NSE-CARD,9804,50,9326,9335
69064,NSE-CARD,9805,8,9328,9337
69064,NSE-DLKV,9925,8,8290,8299
69064,NSE-OIT,9792,8,9304,9353
69083,NSE-OIT,9792,8,9304,9355
69083,NSE-CARD,9805,50,9328,9339
69083,NSE-OIT,9792,8,9304,9356
69083,NSE-OIT,9792,8,9304,9358
69083,NSE-CARD,9805,42,9328,9341
69083,NSE-CARD,9806,8,9330,9341
69083,NSE-OIT,9792,8,9304,9359
69101,NSE-OIT,9795,50,9342,9360
69119,NSE-CARD,9806,50,9330,9344
69121,NSE-DLKV,9925,2,8290,8301
69121,NSE-OIT,9792,7,9304,9363
69121,NSE-OIT,9792,3,9304,9365
69121,NSE-OIT,9791,47,9306,9365
69121,NSE-OIT,9791,53,9306,9367
69135,NSE-OIT,9791,47,9367,9374
69135,NSE-OIT,9792,3,9369,9374
69135,NSE-ZITO,9805,1,8499,8510
69135,NSE-DLKV,9935,42,8303,8312
69168,NSE-OIT,9792,1,9369,9375
69168,NSE-DLKV,9935,1,8303,8313
69168,NSE-SIMP,10010,1,8537,8547
69168,NSE-CARD,9797,1,9347,9356
69219,NSE-OIT,9792,50,9369,9376
69219,NSE-SIMP,10012,50,8538,8549
69219,NSE-CARD,9797,49,9347,9358
69219,NSE-CARD,9798,1,9349,9358
69221,NSE-SIMP,10010,4,8537,8550
69221,NSE-OIT,9792,50,9369,9379
69221,NSE-OIT,9792,46,9369,9381
69221,NSE-OIT,9797,54,9346,9381
69221,NSE-OIT,9797,146,9346,9383
69221,NSE-OIT,9798,4,9213,9383
69221,NSE-OIT,9798,18,9213,9385
69221,NSE-OIT,9798,182,9348,9385
69222,NSE-ZITO,9815,8,8462,8511
69264,NSE-ZITO,9816,42,8511,8521
69264,NSE-ZITO,9815,8,8513,8521
69264,NSE-DLKV,9928,15,8315,8324
69280,NSE-CARD,9811,8,9361,9370
69280,NSE-DLKV,9928,8,8315,8325
69280,NSE-OIT,9797,8,9387,9391
69314,NSE-OIT,9797,50,9387,9393
69314,NSE-CARD,9809,50,9360,9373
69314,NSE-OIT,9797,50,9387,9394
69321,NSE-SIMP,10020,8,8533,8563
69322,NSE-ZABA,10930,8,8216,8239
69322,NSE-ZABA,10928,8,8237,8239
69330,NSE-DLKV,9938,1,8328,8337
69383,NSE-ZABA,10927,20,8239,8248
69384,NSE-ZITO,9804,1,8524,8534
69403,NSE-CARD,9798,50,9374,9386
69421,NSE-DLKV,9938,1,8328,8338
69421,NSE-SIMP,10021,8,8562,8574
69421,NSE-SIMP,10022,1,7344,8574
69421,NSE-SIMP,10023,5,7359,8574
69421,NSE-SIMP,10023,5,7988,8574
69421,NSE-SIMP,10025,5,8194,8574
69421,NSE-SIMP,10027,5,8458,8574
69421,NSE-SIMP,10028,5,8259,8574
69421,NSE-SIMP,10028,5,8446,8574
69451,NSE-SIMP,10028,11,8574,8584
69451,NSE-SIMP,10027,39,8576,8584
69451,NSE-ZITO,9813,49,8535,8545
69521,NSE-DLKV,9915,5,8340,8349
69521,NSE-OIT,9795,50,9406,9417
69521,NSE-OIT,9794,50,9395,9419
69521,NSE-OIT,9788,50,9347,9419
69521,NSE-OIT,9788,150,9347,9421
69521,NSE-OIT,9788,50,9347,9423
69521,NSE-OIT,9788,50,9364,9423
69521,NSE-OIT,9787,100,9366,9423
69528,NSE-OIT,9788,50,9425,9426
69528,NSE-SIMP,10009,50,8585,8596
69548,NSE-ZABA,10929,20,8262,8271
69566,NSE-CARD,9798,8,9398,9408
69614,NSE-CARD,9796,5,9397,9411
69614,NSE-DLKV,9946,5,8351,8362
69614,NSE-OIT,9788,5,9425,9430
69614,NSE-SIMP,10011,5,8586,8599
69621,NSE-ZABA,10929,5,8262,8275
69621,NSE-ZABA,10925,8,8261,8276
69621,NSE-DLKV,9944,8,8360,8365
69629,NSE-ZITO,9803,5,8558,8569
69629,NSE-CARD,9786,5,9412,9423
69629,NSE-DLKV,9925,5,8365,8374
69629,NSE-OIT,9789,5,9433,9442
69672,NSE-OIT,9789,45,9433,9444
69672,NSE-OIT,9790,5,9435,9444
69672,NSE-SIMP,10005,50,8602,8611
69672,NSE-CARD,9788,50,9413,9424
69685,NSE-CARD,9789,8,9415,9426
69686,NSE-DLKV,9925,8,8365,8376
69686,NSE-SIMP,10003,8,8601,8614
69721,NSE-ZITO,9804,7,8570,8572
69721,NSE-SIMP,10006,8,8604,8615
69721,NSE-CARD,9722,5,8456,9430
69721,NSE-CARD,9719,5,8457,9430
69721,NSE-CARD,9718,5,8004,9430
69721,NSE-CARD,9708,5,8455,9430
69721,NSE-CARD,9705,5,8122,9430
69721,NSE-CARD,9704,5,8168,9430
69721,NSE-CARD,9702,5,8121,9430
69721,NSE-CARD,9698,5,8027,9430
69721,NSE-CARD,9693,5,8040,9430
69721,NSE-CARD,9671,5,9422,9430
69721,NSE-CARD,9665,10,7210,9432
69721,NSE-CARD,9665,1,7240,9432
69721,NSE-CARD,9664,3,7160,9432
69721,NSE-CARD,9660,5,7174,9432
69721,NSE-CARD,9657,8,6966,9432
69721,NSE-CARD,9657,5,7168,9432
69721,NSE-CARD,9656,8,6942,9432
69721,NSE-CARD,9652,8,7199,9432
69721,NSE-CARD,9652,8,7263,9432
69721,NSE-CARD,9652,5,9410,9432
69721,NSE-CARD,9651,5,7170,9432
69721,NSE-CARD,9647,5,7012,9432
69721,NSE-CARD,9647,8,7136,9432
69721,NSE-CARD,9639,5,8986,9432
69721,NSE-CARD,9634,8,6989,9432
69721,NSE-CARD,9631,5,9249,9432
69721,NSE-OIT,9787,50,9432,9449
69721,NSE-OIT,9786,100,9368,9451
69721,NSE-OIT,9786,50,9368,9453
69721,NSE-OIT,9786,100,9434,9453
69721,NSE-OIT,9785,150,9436,9455
69721,NSE-OIT,9784,50,9438,9455
69721,NSE-OIT,9784,150,9438,9457
69721,NSE-OIT,9783,8,9314,9457
69722,NSE-ZABA,10945,1,8250,8291
69722,NSE-ZABA,10947,8,8290,8291
69722,NSE-ZABA,10949,8,8273,8291
69722,NSE-ZITO,9804,1,8570,8574
69740,NSE-OIT,9783,50,9457,9458
69740,NSE-SIMP,10009,50,8617,8626
69740,NSE-CARD,9630,3,9432,9439
69740,NSE-CARD,9631,47,9434,9439
69778,NSE-ZITO,9800,5,8573,8584
69778,NSE-CARD,9631,5,9434,9441
69778,NSE-DLKV,9931,5,8379,8388
69778,NSE-OIT,9783,5,9457,9460
69778,NSE-SIMP,10010,5,8619,8628
69778,NSE-ZITO,9800,5,8573,8586
69778,NSE-CARD,9631,5,9434,9443
69778,NSE-DLKV,9931,5,8379,8390
69798,NSE-OIT,9783,37,9457,9462
69798,NSE-SIMP,10010,50,8619,8630
69798,NSE-CARD,9631,50,9434,9445
69821,NSE-CARD,9631,5,9434,9447
69821,NSE-DLKV,9929,3,8378,8392
69821,NSE-CARD,9627,5,9248,9449
69821,NSE-CARD,9623,5,9247,9449
69821,NSE-CARD,9622,5,8997,9449
69821,NSE-CARD,9619,5,9261,9449
69821,NSE-CARD,9616,5,9032,9449
69821,NSE-OIT,9790,50,9435,9464
69821,NSE-OIT,9790,45,9435,9466
69821,NSE-OIT,9791,55,9437,9466
69821,NSE-OIT,9791,95,9437,9468
69821,NSE-OIT,9796,50,9396,9468
69821,NSE-OIT,9797,5,9429,9468
69821,NSE-OIT,9797,3,9429,9470
69821,NSE-OIT,9798,68,9348,9470
69822,NSE-ZITO,9797,8,8497,8589
69822,NSE-ZITO,9795,1,8369,8589
69822,NSE-ZITO,9794,8,8522,8589
69823,NSE-CARD,9616,25,9449,9458
69823,NSE-CARD,9617,75,9451,9458
69860,NSE-OIT,9798,50,9470,9475
69860,NSE-SIMP,10006,50,8632,8641
69860,NSE-SIMP,10004,50,8631,8642
69860,NSE-CARD,9617,25,9451,9459
69860,NSE-CARD,9618,25,9453,9459
69890,NSE-CARD,9618,8,9453,9461
69921,NSE-CARD,9618,6,9453,9463
69921,NSE-CARD,9615,5,9106,9464
69921,NSE-OIT,9798,50,9470,9480
69921,NSE-OIT,9798,29,9470,9482
69921,NSE-OIT,9797,71,9472,9482
69921,NSE-OIT,9797,150,9472,9484
69921,NSE-OIT,9797,29,9472,9486
69922,NSE-SIMP,10004,8,8644,8645
69922,NSE-ZITO,9786,8,8461,8601
69922,NSE-ZITO,9786,8,8556,8601
69929,NSE-OIT,9791,50,9486,9489
69982,NSE-OIT,9790,1,9478,9492
69982,NSE-OIT,9786,49,9479,9492
69982,NSE-SIMP,10013,42,8645,8658
69982,NSE-SIMP,10012,8,8647,8658
69982,NSE-OIT,9786,1,9479,9493
69982,NSE-OIT,9785,49,9481,9493
70021,NSE-ZITO,9781,7,8600,8611
70021,NSE-SIMP,10015,3,8646,8659
70021,NSE-CARD,9641,2,9466,9475
70021,NSE-DLKV,9949,8,8403,8418
70021,NSE-SIMP,10017,8,8598,8660
70040,NSE-CARD,9622,8,9477,9486
70040,NSE-DLKV,9943,8,8417,8428
70041,NSE-SIMP,10017,8,8660,8671
70041,NSE-ZABA,10928,8,8325,8334
70041,NSE-ZITO,9801,8,8613,8622
70041,NSE-CARD,9622,20,9477,9488
70056,NSE-CARD,9620,10,9476,9490
70070,NSE-CARD,9622,1,9477,9491
70070,NSE-SIMP,10017,1,8660,8672
70103,NSE-OIT,9799,50,9215,9506
70103,NSE-OIT,9798,50,9494,9507
70103,NSE-SIMP,10017,33,8660,8674
70103,NSE-SIMP,10016,17,8662,8674
70119,NSE-DLKV,9945,42,8418,8430
70119,NSE-DLKV,9946,8,8420,8430
70121,NSE-OIT,9797,8,9496,9509
70121,NSE-SIMP,10016,4,8662,8676
70121,NSE-OIT,9799,50,9215,9510
70121,NSE-OIT,9799,100,9215,9512
70121,NSE-OIT,9799,50,9215,9514
70121,NSE-OIT,9799,100,9251,9514
70121,NSE-OIT,9799,50,9317,9516
70121,NSE-OIT,9799,8,9447,9516
70121,NSE-OIT,9800,100,9090,9516
70121,NSE-OIT,9800,42,9237,9516
70121,NSE-OIT,9800,58,9237,9518
70121,NSE-OIT,9800,150,9253,9518
70121,NSE-OIT,9800,42,9495,9518
70175,NSE-OIT,9797,50,9496,9521
70175,NSE-SIMP,10023,50,8677,8688
70175,NSE-CARD,9651,50,9492,9502
70221,NSE-ZABA,10934,1,8336,8346
70221,NSE-OIT,9797,5,9496,9522
70221,NSE-DLKV,9949,6,8432,8442
70222,NSE-ZITO,9787,10,8626,8636
70222,NSE-ZABA,10934,2,8336,8348
70222,NSE-OIT,9800,8,9495,9523
70222,NSE-OIT,9801,42,9239,9523
70222,NSE-OIT,9801,100,9239,9525
70222,NSE-OIT,9801,8,9239,9527
70222,NSE-OIT,9801,142,9255,9527
70222,NSE-OIT,9801,58,9255,9529
70222,NSE-OIT,9801,8,9477,9529
70222,NSE-OIT,9801,100,9497,9529
70222,NSE-OIT,9802,34,9241,9529
70222,NSE-OIT,9802,166,9241,9531
70222,NSE-OIT,9802,84,9257,9531
70222,NSE-SIMP,10029,8,7748,8689
70222,NSE-SIMP,10029,5,7868,8689
70222,NSE-SIMP,10031,5,8196,8689
70222,NSE-ZITO,9780,8,8598,8638
70222,NSE-ZITO,9770,8,8233,8638
70250,NSE-CARD,9637,50,9505,9515
70265,NSE-CARD,9639,8,9506,9516
70265,NSE-SIMP,10031,8,8689,8701
70265,NSE-ZITO,9768,8,8638,8647
70321,NSE-CARD,9636,7,9507,9519
70321,NSE-SIMP,10031,5,8689,8702
70321,NSE-OIT,9797,37,9496,9537
70321,NSE-OIT,9796,13,9498,9537
70321,NSE-OIT,9796,100,9498,9539
70321,NSE-OIT,9796,37,9498,9541
70321,NSE-OIT,9795,113,9500,9541
70321,NSE-OIT,9795,87,9500,9543
70322,NSE-ZITO,9766,8,8391,8651
70403,NSE-OIT,9789,50,9543,9546
70403,NSE-SIMP,10025,50,8704,8713
70421,NSE-ZITO,9763,6,8651,8660
70421,NSE-CARD,9632,1,9521,9531
70422,NSE-OIT,9792,5,9550,9559
70422,NSE-SIMP,10016,5,8715,8724
70422,NSE-ZITO,9769,5,8661,8672
70422,NSE-CARD,9633,5,9533,9542
70422,NSE-DLKV,9926,5,8466,8475
70422,NSE-OIT,9792,5,9550,9561
70422,NSE-ZITO,9769,5,8661,8674
70422,NSE-CARD,9633,5,9533,9544
70422,NSE-DLKV,9926,5,8466,8477
70422,NSE-OIT,9792,5,9550,9563
70422,NSE-SIMP,10016,5,8715,8726
70432,NSE-CARD,9631,5,9532,9546
70432,NSE-CARD,9631,18,9532,9548
70455,NSE-ZITO,9769,5,8661,8676
70455,NSE-CARD,9633,5,9533,9549
70455,NSE-DLKV,9926,5,8466,8479
70455,NSE-OIT,9792,5,9550,9565
70455,NSE-SIMP,10016,5,8715,8728
70455,NSE-ZITO,9769,5,8661,8678
70455,NSE-CARD,9633,5,9533,9551
70455,NSE-DLKV,9926,5,8466,8481
70475,NSE-OIT,9792,5,9550,9567
70475,NSE-SIMP,10016,5,8715,8730
70475,NSE-ZITO,9769,5,8661,8680
70475,NSE-DLKV,9926,5,8466,8483
70521,NSE-DLKV,9925,1,8429,8485
70521,NSE-DLKV,9914,8,7647,8485
70521,NSE-DLKV,9912,8,8427,8485
70521,NSE-DLKV,9910,8,7311,8485
70521,NSE-DLKV,9910,8,7385,8485
70521,NSE-DLKV,9909,8,8453,8485
70521,NSE-OIT,9788,50,9553,9570
70521,NSE-OIT,9788,100,9553,9572
70521,NSE-OIT,9787,150,9555,9574
70521,NSE-OIT,9787,50,9555,9576
70521,NSE-OIT,9786,150,9557,9576
70521,NSE-OIT,9786,100,9557,9578
70521,NSE-OIT,9785,51,9481,9578
70521,NSE-OIT,9784,99,9483,9578
70522,NSE-ZABA,10917,8,8181,8387
70522,NSE-ZABA,10916,8,8272,8387
70522,NSE-ZABA,10914,8,8289,8387
70522,NSE-ZABA,10914,8,8359,8387
70522,NSE-ZABA,10913,8,8313,8387
70557,NSE-DLKV,9908,8,8485,8494
70557,NSE-ZABA,10902,8,8387,8396
70572,NSE-CARD,9635,20,9554,9566
70587,NSE-OIT,9794,50,9554,9581
70587,NSE-SIMP,10023,50,8733,8744
70621,NSE-DLKV,9906,9,8484,8496
70621,NSE-CARD,9633,9,9553,9568
70621,NSE-OIT,9794,6,9554,9583
70621,NSE-OIT,9784,7,9483,9584
70621,NSE-SIMP,10021,3,8732,8745
70621,NSE-DLKV,9908,1,8485,8497
70621,NSE-DLKV,9909,2,8487,8497
70621,NSE-OIT,9784,44,9483,9586
70621,NSE-OIT,9784,6,9536,9586
70621,NSE-OIT,9784,44,9536,9588
70621,NSE-OIT,9783,56,9485,9588
70621,NSE-OIT,9783,144,9485,9590
70621,NSE-OIT,9783,6,9538,9590
70621,NSE-OIT,9783,94,9538,9592
70621,NSE-OIT,9782,50,9416,9592
70621,NSE-OIT,9782,8,9504,9592
70621,NSE-OIT,9782,48,9540,9592
70621,NSE-OIT,9782,102,9540,9594
70621,NSE-OIT,9781,100,9418,9594
70621,NSE-OIT,9780,48,9225,9594
70621,NSE-SIMP,10028,8,8743,8746
70621,NSE-SIMP,10036,5,8725,8746
70622,NSE-ZITO,9768,1,8681,8695
70622,NSE-ZITO,9767,8,8692,8695
70688,NSE-SIMP,10036,8,8746,8756
70701,NSE-CARD,9635,8,9570,9579
70701,NSE-DLKV,9928,8,8499,8508
70701,NSE-ZITO,9759,8,8695,8705
70721,NSE-CARD,9633,1,9569,9581
70721,NSE-CARD,9625,8,9563,9583
70721,NSE-CARD,9616,10,9489,9583
70721,NSE-CARD,9612,5,9066,9583
70721,NSE-CARD,9602,8,6899,9583
70721,NSE-CARD,9602,5,9009,9583
70721,NSE-CARD,9598,8,6860,9583
70721,NSE-CARD,9588,6,6825,9583
70721,NSE-CARD,9588,2,6825,9585
70721,NSE-CARD,9572,5,6653,9585
70721,NSE-CARD,9572,5,7766,9585
70721,NSE-CARD,9571,5,7891,9585
70721,NSE-CARD,9571,5,7990,9585
70721,NSE-CARD,9570,5,7869,9585
70721,NSE-CARD,9569,5,6590,9585
70721,NSE-CARD,9569,5,7801,9585
70721,NSE-CARD,9567,5,7939,9585
70721,NSE-CARD,9563,5,7764,9585
70721,NSE-CARD,9562,5,6596,9585
70721,NSE-CARD,9562,5,6638,9585
70721,NSE-CARD,9562,5,6640,9585
70721,NSE-CARD,9561,5,7914,9585
70721,NSE-CARD,9558,5,6804,9585
70721,NSE-CARD,9557,5,6714,9585
70721,NSE-CARD,9556,8,6592,9585
70721,NSE-CARD,9556,5,7950,9585
70721,NSE-CARD,9549,5,6669,9585
70721,NSE-CARD,9546,5,6742,9585
70721,NSE-CARD,9542,8,6622,9587
70721,NSE-CARD,9542,5,8003,9587
70721,NSE-CARD,9522,5,8499,9587
70721,NSE-OIT,9783,8,9595,9598
70721,NSE-OIT,9780,42,9225,9598
70721,NSE-OIT,9780,20,9225,9600
70721,NSE-OIT,9780,80,9420,9600
70721,NSE-OIT,9780,70,9420,9602
70721,NSE-OIT,9779,80,9227,9602
70721,NSE-OIT,9779,170,9227,9604
70722,NSE-ZABA,10919,8,8409,8412
70722,NSE-ZABA,10889,8,8003,8412
70722,NSE-ZABA,10887,8,7966,8412
70722,NSE-ZABA,10874,8,8113,8412
70733,NSE-CARD,9510,15,9587,9593
70812,NSE-OIT,9778,30,9604,9607
70812,NSE-OIT,9779,20,9606,9607
70812,NSE-SIMP,10014,50,8760,8769
70821,NSE-DLKV,9926,1,8511,8520
70821,NSE-ZITO,9767,3,8707,8717
70821,NSE-DLKV,9924,6,8510,8521
70821,NSE-DLKV,9926,2,8511,8522
70821,NSE-ZITO,9767,1,8707,8718
70821,NSE-ZABA,10873,4,8412,8421
70821,NSE-CARD,9506,5,8800,9596
70821,NSE-OIT,9777,50,9448,9611
70821,NSE-OIT,9776,100,9450,9613
70821,NSE-OIT,9775,150,9452,9615
70821,NSE-OIT,9775,50,9569,9617
70821,NSE-OIT,9774,150,9454,9617
70821,NSE-SIMP,10008,8,8757,8772
70821,NSE-SIMP,9998,8,8742,8772
70867,NSE-CARD,9505,8,9596,9605
70881,NSE-SIMP,9998,8,8772,8783
70881,NSE-ZABA,10911,8,8423,8432
70882,NSE-CARD,9505,20,9596,9608
70915,NSE-OIT,9775,50,9619,9622
70915,NSE-SIMP,9998,26,8772,8785
70915,NSE-SIMP,9999,24,8774,8785
70921,NSE-CARD,9504,5,8459,9610
70921,NSE-CARD,9503,3,8458,9610
70921,NSE-SIMP,9999,8,8774,8787
70921,NSE-DLKV,9936,4,8524,8536
70921,NSE-OIT,9774,50,9454,9625
70921,NSE-OIT,9774,100,9571,9627
70921,NSE-OIT,9773,150,9456,9629
70921,NSE-OIT,9773,100,9456,9631
70921,NSE-OIT,9773,8,9534,9631
70921,NSE-OIT,9773,92,9573,9631
70921,NSE-OIT,9773,58,9573,9633
70921,NSE-OIT,9773,8,9579,9633
70921,NSE-OIT,9773,50,9597,9633
70921,NSE-OIT,9772,8,9476,9633
70921,NSE-OIT,9772,126,9575,9633
70922,NSE-ZITO,9749,8,8270,8732
70922,NSE-ZITO,9747,8,8729,8732
70966,NSE-OIT,9775,50,9619,9634
70966,NSE-SIMP,10025,50,8788,8799
70982,NSE-OIT,9775,50,9619,9636
70982,NSE-SIMP,10027,50,8789,8800
71014,NSE-OIT,9775,50,9619,9638
71014,NSE-SIMP,10024,50,8790,8803
71014,NSE-CARD,9509,1,9612,9624
71014,NSE-OIT,9775,1,9619,9640
71014,NSE-SIMP,10024,1,8790,8804
71021,NSE-CARD,9509,1,9612,9625
71021,NSE-SIMP,10024,9,8790,8805
71021,NSE-CARD,9503,2,8458,9627
71021,NSE-DLKV,9938,8,8454,8547
71021,NSE-OIT,9775,49,9619,9641
71047,NSE-CARD,9500,8,9627,9636
71047,NSE-DLKV,9944,8,8547,8557
71063,NSE-OIT,9785,1,9641,9654
71063,NSE-OIT,9784,49,9643,9654
71063,NSE-SIMP,10008,50,8806,8818
71121,NSE-ZABA,10872,7,8446,8457
71121,NSE-SIMP,10007,7,8808,8819
71121,NSE-ZABA,10876,6,8447,8458
71121,NSE-OIT,9787,7,9642,9655
71121,NSE-DLKV,9926,1,8535,8559
71121,NSE-DLKV,9921,8,8533,8559
71121,NSE-OIT,9784,50,9643,9657
71121,NSE-OIT,9784,1,9643,9659
71121,NSE-OIT,9783,99,9645,9659
71121,NSE-OIT,9783,51,9645,9661
71121,NSE-OIT,9782,99,9647,9661
71121,NSE-OIT,9782,101,9647,9663
71149,NSE-OIT,9774,8,9651,9667
71149,NSE-OIT,9774,42,9656,9667
71149,NSE-SIMP,10035,50,8820,8831
71179,NSE-CARD,9501,20,9639,9649
71179,NSE-CARD,9501,20,9639,9650
71179,NSE-CARD,9501,10,9639,9651
71179,NSE-CARD,9502,10,9641,9651
71179,NSE-CARD,9502,20,9641,9652
71179,NSE-CARD,9502,20,9641,9653
71179,NSE-ZABA,10891,20,8460,8469
71179,NSE-ZABA,10891,1,8460,8471
71179,NSE-ZITO,9773,1,8752,8762
71221,NSE-SIMP,10037,3,7906,8832
71221,NSE-CARD,9499,5,8679,9654
71221,NSE-CARD,9499,1,9638,9654
71221,NSE-SIMP,10034,7,8822,8833
71221,NSE-OIT,9779,50,9663,9668
71221,NSE-OIT,9779,49,9663,9670
71221,NSE-OIT,9787,43,9642,9670
71221,NSE-OIT,9788,8,9644,9670
71239,NSE-ZABA,10895,8,8472,8482
71274,NSE-OIT,9787,50,9672,9680
71274,NSE-SIMP,10015,50,8834,8846
71274,NSE-CARD,9505,50,9655,9666
71319,NSE-CARD,9507,20,9656,9670
71321,NSE-CARD,9498,5,8799,9672
71321,NSE-CARD,9496,5,8500,9672
71321,NSE-DLKV,9926,1,8568,8580
71321,NSE-DLKV,9939,8,8579,8580
71321,NSE-DLKV,9950,8,8534,8580
71321,NSE-OIT,9787,50,9672,9682
71321,NSE-OIT,9787,50,9672,9684
71321,NSE-OIT,9786,50,9674,9684
71321,NSE-OIT,9786,150,9674,9686
71321,NSE-OIT,9785,200,9676,9688
71321,NSE-OIT,9785,50,9676,9690
71321,NSE-OIT,9774,8,9656,9690
71321,NSE-OIT,9773,100,9658,9690
71321,NSE-OIT,9772,74,9575,9690
71321,NSE-OIT,9772,18,9599,9690
71322,NSE-ZITO,9776,8,8730,8775
71322,NSE-ZITO,9782,8,8774,8775
71322,NSE-ZITO,9784,8,8751,8775
71421,NSE-SIMP,10011,4,8848,8857
71421,NSE-ZITO,9788,1,8635,8785
71421,NSE-ZITO,9788,8,8776,8785
71421,NSE-SIMP,10011,7,8848,8858
71421,NSE-ZABA,10877,2,8486,8495
71421,NSE-DLKV,9955,1,8581,8590
71421,NSE-DLKV,9956,1,8441,8591
71421,NSE-DLKV,9962,8,8509,8591
71426,NSE-DLKV,9964,8,8591,8602
71426,NSE-SIMP,10008,8,8860,8869
71457,NSE-OIT,9779,50,9694,9705
71457,NSE-SIMP,10008,42,8860,8871
71457,NSE-SIMP,10009,8,8862,8871
71457,NSE-CARD,9501,50,9683,9694
71474,NSE-CARD,9502,20,9685,9696
71474,NSE-CARD,9502,20,9685,9697
71521,NSE-CARD,9499,10,9682,9698
71521,NSE-OIT,9774,50,9699,9708
71521,NSE-OIT,9774,100,9699,9710
71521,NSE-OIT,9774,50,9699,9712
71522,NSE-ZITO,9788,8,8797,8798
71549,NSE-OIT,9774,50,9712,9717
71549,NSE-OIT,9773,50,9701,9718
71549,NSE-CARD,9501,50,9699,9710
71605,NSE-ZITO,9791,26,8798,8808
71618,NSE-CARD,9503,20,9700,9712
71621,NSE-CARD,9500,3,9701,9714
71621,NSE-CARD,9497,50,9707,9716
71621,NSE-CARD,9497,100,9707,9718
71621,NSE-CARD,9497,100,9707,9720
71621,NSE-OIT,9773,50,9701,9720
71621,NSE-OIT,9773,100,9701,9722
71621,NSE-OIT,9773,50,9701,9724
71621,NSE-OIT,9772,82,9599,9724
71621,NSE-OIT,9772,8,9620,9724
71621,NSE-OIT,9772,10,9660,9724
71621,NSE-OIT,9772,140,9660,9726
71621,NSE-OIT,9771,60,9577,9726
71621,NSE-OIT,9771,190,9577,9728
71621,NSE-OIT,9771,60,9601,9728
71621,NSE-ZABA,10872,8,8506,8519
71621,NSE-ZABA,10866,8,8016,8519
71629,NSE-OIT,9776,5,9716,9729
71629,NSE-SIMP,10004,5,8884,8893
71630,NSE-ZITO,9775,5,8809,8820
71630,NSE-CARD,9493,5,9720,9725
71630,NSE-DLKV,9941,5,8614,8624
71630,NSE-OIT,9776,5,9716,9731
71630,NSE-ZITO,9775,5,8809,8822
71630,NSE-CARD,9493,5,9720,9727
71630,NSE-DLKV,9941,5,8614,8626
71630,NSE-OIT,9776,5,9716,9733
71630,NSE-SIMP,10004,5,8884,8895
71641,NSE-OIT,9776,50,9716,9735
71641,NSE-SIMP,10004,40,8884,8897
71641,NSE-SIMP,10005,10,8886,8897
71689,NSE-ZITO,9775,5,8809,8824
71689,NSE-CARD,9493,5,9720,9730
71689,NSE-DLKV,9941,5,8614,8628
71689,NSE-OIT,9776,5,9716,9737
71721,NSE-DLKV,9941,9,8614,8630
71721,NSE-OIT,9771,1,9601,9738
71721,NSE-DLKV,9941,9,8614,8631
71721,NSE-OIT,9771,8,9601,9739
71721,NSE-CARD,9491,5,8975,9733
71721,NSE-CARD,9490,5,8680,9733
71721,NSE-CARD,9489,8,6730,9733
71721,NSE-CARD,9487,32,9719,9733
71721,NSE-CARD,9487,100,9719,9735
71721,NSE-CARD,9487,18,9719,9737
71721,NSE-CARD,9486,8,9692,9737
71721,NSE-CARD,9486,124,9721,9737
71721,NSE-CARD,9486,76,9721,9739
71721,NSE-CARD,9485,8,6759,9739
71721,NSE-CARD,9485,116,9723,9739
71721,NSE-CARD,9485,134,9723,9741
71721,NSE-CARD,9484,8,6791,9741
71721,NSE-CARD,9481,5,8715,9741
71721,NSE-CARD,9476,5,5730,9741
71721,NSE-CARD,9476,5,5949,9741
71721,NSE-CARD,9459,5,6203,9741
71721,NSE-CARD,9454,5,6201,9741
71721,NSE-CARD,9453,5,6502,9741
71721,NSE-CARD,9452,5,6205,9741
71721,NSE-CARD,9449,1,5852,9741
71721,NSE-CARD,9449,5,6345,9741
71721,NSE-DLKV,9966,8,8495,8632
71721,NSE-DLKV,9973,8,8361,8632
71721,NSE-OIT,9771,50,9601,9741
71721,NSE-OIT,9771,31,9601,9743
71721,NSE-OIT,9771,69,9662,9743
71721,NSE-OIT,9771,131,9662,9745
71721,NSE-OIT,9770,19,9294,9745
71721,NSE-OIT,9770,31,9294,9747
71721,NSE-OIT,9770,8,9446,9747
71721,NSE-OIT,9770,161,9603,9747
71721,NSE-OIT,9770,39,9603,9749
71721,NSE-OIT,9770,211,9664,9749
71722,NSE-ZITO,9759,8,8796,8826
71722,NSE-ZITO,9753,8,8773,8826
71722,NSE-ZITO,9741,5,7716,8826
71722,NSE-ZITO,9734,5,7714,8826
71722,NSE-ZITO,9734,8,8367,8826
71722,NSE-ZITO,9733,8,8285,8826
71722,NSE-ZITO,9732,5,7429,8826
71722,NSE-ZITO,9730,3,7679,8826
71722,NSE-ZITO,9730,2,7679,8828
71758,NSE-SIMP,10000,50,8900,8909
71764,NSE-CARD,9449,50,9741,9742
71770,NSE-SIMP,10001,1,8902,8911
71776,NSE-ZABA,10871,20,8532,8541
71821,NSE-DLKV,9973,2,8632,8642
71821,NSE-CARD,9449,17,9741,9746
71821,NSE-OIT,9770,39,9664,9753
71821,NSE-OIT,9768,11,9612,9753
71821,NSE-OIT,9768,89,9612,9755
71821,NSE-OIT,9767,8,9428,9755
71821,NSE-OIT,9767,3,9614,9755
71821,NSE-OIT,9767,147,9614,9757
71884,NSE-OIT,9767,3,9757,9762
71884,NSE-OIT,9768,47,9759,9762
71884,NSE-SIMP,10012,50,8912,8923
71884,NSE-CARD,9462,50,9747,9756
71888,NSE-CARD,9463,20,9749,9758
71888,NSE-CARD,9463,20,9749,9759
71888,NSE-ZABA,10863,20,8543,8552
71921,NSE-DLKV,9962,5,8643,8653
71921,NSE-OIT,9766,2,9184,9764
71921,NSE-CARD,9457,50,9752,9761
71921,NSE-CARD,9457,100,9752,9763
71921,NSE-CARD,9457,50,9752,9765
71921,NSE-CARD,9456,100,9754,9765
71921,NSE-CARD,9456,150,9754,9767
71921,NSE-CARD,9446,5,6500,9767
71921,NSE-CARD,9445,8,5764,9767
71921,NSE-CARD,9445,5,6506,9767
71921,NSE-CARD,9439,32,9740,9767
71921,NSE-CARD,9439,218,9740,9769
71921,NSE-CARD,9433,1,5717,9769
71921,NSE-CARD,9433,5,6209,9769
71921,NSE-CARD,9432,8,6023,9769
71921,NSE-CARD,9431,5,6207,9769
71921,NSE-OIT,9769,50,9761,9765
71921,NSE-OIT,9769,100,9761,9767
72012,NSE-CARD,9431,13,9769,9770
72012,NSE-CARD,9465,7,9753,9770
72021,NSE-DLKV,9961,3,8655,8664
72021,NSE-CARD,9462,5,9772,9773
72021,NSE-CARD,9461,10,9771,9775
72021,NSE-DLKV,9978,8,8404,8665
72021,NSE-DLKV,9981,8,8166,8665
72021,NSE-DLKV,9984,1,8167,8665
72021,NSE-DLKV,9984,8,8326,8665
72021,NSE-OIT,9769,50,9761,9775
72021,NSE-OIT,9769,50,9761,9777
72022,NSE-ZABA,10860,8,8090,8564
72022,NSE-ZABA,10851,8,7510,8564
72022,NSE-ZABA,10848,8,7585,8564
72022,NSE-ZITO,9796,8,8693,8857
72074,NSE-ZITO,9796,16,8857,8867
72074,NSE-OIT,9772,50,9776,9785
72074,NSE-SIMP,10011,50,8934,8945
72091,NSE-CARD,9431,8,9775,9785
72091,NSE-DLKV,9989,8,8665,8676
72091,NSE-ZABA,10848,8,8564,8573
72091,NSE-CARD,9431,1,9775,9787
72091,NSE-OIT,9773,1,9778,9789
72091,NSE-ZABA,10848,1,8564,8575
72091,NSE-ZITO,9796,1,8857,8870
72115,NSE-OIT,9769,50,9777,9791
72115,NSE-SIMP,10013,50,8935,8948
72116,NSE-OIT,9768,50,9779,9792
72121,NSE-CARD,9431,5,9775,9789
72121,NSE-CARD,9431,26,9775,9790
72121,NSE-CARD,9432,24,9777,9790
72121,NSE-CARD,9432,76,9777,9792
72121,NSE-CARD,9433,24,9779,9792
72121,NSE-OIT,9776,50,9716,9793
72121,NSE-OIT,9776,100,9716,9795
72121,NSE-OIT,9776,30,9716,9797
72121,NSE-OIT,9776,120,9774,9797
72121,NSE-OIT,9776,130,9774,9799
72121,NSE-OIT,9782,70,9700,9799
72121,NSE-OIT,9782,130,9700,9801
72121,NSE-OIT,9783,120,9702,9801
72122,NSE-ZABA,10891,8,8574,8576
72140,NSE-CARD,9433,17,9779,9800
72140,NSE-SIMP,9995,50,8951,8960
72140,NSE-CARD,9432,50,9794,9802
72180,NSE-CARD,9433,8,9779,9803
72180,NSE-ZABA,10897,8,8576,8587
72216,NSE-ZITO,9785,5,8871,8884
72221,NSE-ZITO,9785,2,8871,8885
72221,NSE-OIT,9766,4,9184,9809
72221,NSE-SIMP,9995,2,8962,8964
72221,NSE-CARD,9433,50,9779,9805
72221,NSE-CARD,9433,51,9779,9807
72221,NSE-CARD,9434,49,9781,9807
72221,NSE-CARD,9434,150,9781,9809
72221,NSE-CARD,9434,1,9781,9811
72221,NSE-CARD,9435,199,9783,9811
72221,NSE-CARD,9435,51,9783,9813
72221,NSE-CARD,9437,100,9793,9813
72221,NSE-CARD,9438,99,9795,9813
72221,NSE-OIT,9783,50,9702,9810
72222,NSE-SIMP,10025,8,8947,8965
72222,NSE-SIMP,10026,8,8963,8965
72222,NSE-SIMP,10028,8,8844,8965
72227,NSE-SIMP,10031,1,8965,8975
72242,NSE-CARD,9438,5,9795,9816
72242,NSE-DLKV,9954,5,8690,8699
72242,NSE-OIT,9783,5,9702,9820
72242,NSE-SIMP,10033,5,8966,8976
72273,NSE-OIT,9782,50,9812,9822
72273,NSE-SIMP,10031,25,8965,8979
72273,NSE-SIMP,10030,25,8967,8979
72273,NSE-CARD,9432,50,9794,9818
72273,NSE-OIT,9782,50,9812,9823
72306,NSE-SIMP,10030,20,8967,8981
72306,NSE-ZITO,9790,20,8886,8897
72306,NSE-ZABA,10875,20,8590,8600
72321,NSE-CARD,9438,46,9795,9821
72321,NSE-CARD,9439,4,9797,9821
72321,NSE-CARD,9439,100,9797,9823
72321,NSE-CARD,9439,96,9797,9825
72321,NSE-CARD,9440,54,9799,9825
72321,NSE-CARD,9440,196,9799,9827
72321,NSE-CARD,9448,4,9810,9827
72321,NSE-CARD,9448,146,9810,9829
72321,NSE-CARD,9449,104,9812,9829
72321,NSE-OIT,9783,50,9702,9824
72321,NSE-OIT,9783,25,9702,9826
72321,NSE-OIT,9788,75,9644,9826
72321,NSE-OIT,9788,17,9644,9828
72321,NSE-OIT,9788,8,9807,9828
72344,NSE-OIT,9788,50,9828,9835
72344,NSE-SIMP,10001,50,8982,8993
72344,NSE-CARD,9432,50,9794,9831
72344,NSE-OIT,9788,50,9828,9836
72369,NSE-ZITO,9788,5,8898,8908
72421,NSE-CARD,9449,50,9812,9833
72421,NSE-CARD,9449,46,9812,9835
72421,NSE-CARD,9450,54,9814,9835
72421,NSE-CARD,9450,150,9814,9837
72421,NSE-CARD,9450,46,9814,9839
72421,NSE-DLKV,9940,8,8687,8712
72421,NSE-DLKV,9939,8,8675,8712
72444,NSE-DLKV,9938,8,8712,8721
72445,NSE-ZITO,9798,8,8909,8919
72483,NSE-OIT,9777,50,9838,9849
72484,NSE-CARD,9460,50,9839,9847
72521,NSE-CARD,9460,50,9839,9851
72521,NSE-SIMP,9997,8,9004,9008
72521,NSE-SIMP,9995,6,8962,9008
72521,NSE-SIMP,9994,8,8946,9008
72521,NSE-SIMP,9990,8,8532,9008
72521,NSE-SIMP,9990,8,8561,9008
72521,NSE-SIMP,9989,8,8700,9008
72521,NSE-SIMP,9986,4,8597,9008
72521,NSE-SIMP,9986,4,8597,9010
72521,NSE-SIMP,9985,8,8670,9010
72522,NSE-ZITO,9777,8,8881,8921
72554,NSE-OIT,9781,8,9848,9862
72554,NSE-OIT,9781,42,9853,9862
72554,NSE-SIMP,9985,50,9010,9017
72591,NSE-ZABA,10863,20,8623,8632
72591,NSE-CARD,9460,50,9839,9861
72621,NSE-ZITO,9772,1,8868,8930
72621,NSE-CARD,9460,4,9839,9863
72621,NSE-CARD,9459,46,9841,9863
72621,NSE-CARD,9459,100,9841,9865
72621,NSE-CARD,9459,104,9841,9867
72621,NSE-CARD,9457,46,9852,9867
72621,NSE-CARD,9457,54,9852,9869
72621,NSE-CARD,9456,146,9854,9869
72621,NSE-CARD,9456,4,9854,9871
72621,NSE-CARD,9455,200,9856,9871
72621,NSE-CARD,9454,46,9858,9871
72623,NSE-CARD,9454,8,9858,9873
72679,NSE-OIT,9781,50,9865,9878
72679,NSE-SIMP,9994,50,9020,9030
72679,NSE-CARD,9461,50,9853,9874
72679,NSE-OIT,9780,50,9867,9879
72693,NSE-OIT,9783,1,9866,9880
72707,NSE-DLKV,9939,8,8734,8745
72720,NSE-SIMP,9995,20,9022,9032
72721,NSE-ZABA,10870,4,8633,8645
72721,NSE-ZITO,9788,2,8931,8944
72721,NSE-CARD,9461,50,9853,9880
72721,NSE-CARD,9462,5,9772,9882
72721,NSE-CARD,9462,95,9855,9882
72721,NSE-CARD,9462,55,9855,9884
72721,NSE-CARD,9463,95,9824,9884
72721,NSE-CARD,9463,5,9824,9886
72721,NSE-CARD,9463,195,9857,9886
72721,NSE-CARD,9463,5,9857,9888
72721,NSE-CARD,9464,150,9826,9888
72721,NSE-CARD,9464,95,9859,9888
72721,NSE-DLKV,9938,8,8743,8747
72722,NSE-OIT,9789,50,9646,9881
72722,NSE-OIT,9789,100,9646,9883
72722,NSE-ZABA,10877,8,8621,8646
72722,NSE-ZITO,9800,8,8706,8945
72722,NSE-ZITO,9801,8,8869,8945
72752,NSE-OIT,9789,50,9885,9892
72752,NSE-SIMP,10005,50,9033,9044
72752,NSE-OIT,9789,50,9885,9893
72821,NSE-CARD,9464,50,9859,9892
72821,NSE-CARD,9464,100,9859,9894
72821,NSE-CARD,9464,5,9859,9896
72821,NSE-CARD,9465,145,9753,9896
72821,NSE-CARD,9465,48,9753,9898
72821,NSE-CARD,9465,152,9828,9898
72821,NSE-CARD,9465,48,9828,9900
72821,NSE-CARD,9466,202,9755,9900
72821,NSE-OIT,9791,8,9704,9894
72821,NSE-OIT,9792,42,9671,9894
72822,NSE-ZABA,10889,8,8643,8656
72822,NSE-ZITO,9772,7,8868,8956
72835,NSE-CARD,9454,8,9858,9903
72835,NSE-DLKV,9925,8,8757,8766
72835,NSE-ZABA,10889,8,8656,8668
72835,NSE-ZITO,9768,8,8956,8966
72849,NSE-DLKV,9925,26,8757,8768
72870,NSE-DLKV,9925,5,8757,8769
72870,NSE-OIT,9792,5,9671,9907
72870,NSE-SIMP,9995,5,9046,9057
72870,NSE-ZITO,9766,5,8955,8970
72870,NSE-CARD,9466,5,9755,9905
72870,NSE-DLKV,9925,5,8757,8771
72870,NSE-OIT,9792,5,9671,9909
72870,NSE-SIMP,9995,5,9046,9059
72870,NSE-ZITO,9766,5,8955,8972
72870,NSE-CARD,9466,5,9755,9907
72870,NSE-DLKV,9925,5,8757,8773
72870,NSE-OIT,9792,5,9671,9911
72870,NSE-SIMP,9995,5,9046,9061
72908,NSE-SIMP,9995,35,9046,9064
72908,NSE-SIMP,9993,50,9045,9065
72908,NSE-CARD,9454,50,9858,9911
72921,NSE-ZABA,10889,7,8656,8671
72921,NSE-OIT,9791,5,9896,9914
72921,NSE-CARD,9466,38,9755,9912
72921,NSE-CARD,9466,12,9830,9912
72921,NSE-CARD,9466,100,9830,9914
72921,NSE-CARD,9466,138,9830,9916
72921,NSE-CARD,9467,12,9838,9916
72921,NSE-CARD,9467,138,9838,9918
72921,NSE-CARD,9468,62,9840,9918
72921,NSE-CARD,9468,138,9840,9920
72921,NSE-CARD,9469,112,9842,9920
72921,NSE-OIT,9792,43,9671,9915
72921,NSE-OIT,9792,7,9678,9915
72921,NSE-OIT,9792,1,9678,9917
72921,NSE-OIT,9793,99,9673,9917
72921,NSE-OIT,9793,51,9673,9919
72921,NSE-OIT,9794,94,9554,9919
72921,NSE-OIT,9794,5,9675,9919
72921,NSE-OIT,9794,195,9675,9921
72921,NSE-OIT,9794,5,9788,9921
72921,NSE-OIT,9794,3,9788,9923
72921,NSE-OIT,9795,200,9556,9923
72921,NSE-OIT,9795,47,9677,9923
72922,NSE-ZABA,10905,8,8507,8672
73021,NSE-DLKV,9925,1,8775,8785
73021,NSE-CARD,9469,50,9842,9923
73021,NSE-CARD,9469,88,9842,9925
73021,NSE-CARD,9475,8,9844,9925
73021,NSE-CARD,9493,4,9720,9925
73021,NSE-CARD,9493,31,9720,9927
73021,NSE-CARD,9494,119,9722,9927
73021,NSE-CARD,9494,81,9722,9929
73021,NSE-CARD,9495,119,9724,9929
73021,NSE-CARD,9495,131,9724,9931
73021,NSE-CARD,9507,119,9708,9931
73021,NSE-OIT,9795,50,9677,9925
73021,NSE-OIT,9795,100,9677,9927
73021,NSE-OIT,9795,53,9677,9929
73021,NSE-OIT,9796,97,9558,9929
73021,NSE-OIT,9796,153,9558,9931
73021,NSE-OIT,9796,47,9833,9931
73021,NSE-OIT,9796,203,9833,9933
73021,NSE-OIT,9796,8,9876,9933
73021,NSE-OIT,9801,8,9621,9933
73021,NSE-OIT,9802,31,9257,9933
73050,NSE-SIMP,10010,50,9076,9087
73050,NSE-CARD,9454,50,9858,9934
73106,NSE-DLKV,9906,8,8787,8796
73106,NSE-SIMP,10009,8,9078,9089
73106,NSE-ZABA,10899,8,8683,8694
73106,NSE-ZITO,9764,8,8985,8995
73121,NSE-ZABA,10903,4,8684,8695
73121,NSE-CARD,9465,3,9936,9939
73121,NSE-ZITO,9762,2,8984,8997
73121,NSE-CARD,9465,7,9936,9940
73121,NSE-CARD,9471,8,9938,9940
73121,NSE-CARD,9507,35,9708,9940
73121,NSE-CARD,9507,96,9708,9942
73121,NSE-CARD,9509,4,9786,9942
73121,NSE-CARD,9509,4,9786,9944
73121,NSE-CARD,9514,8,9693,9944
73121,NSE-CARD,9515,8,9804,9944
73121,NSE-CARD,9522,8,9665,9944
73121,NSE-DLKV,9898,8,8601,8799
73121,NSE-OIT,9796,8,9938,9939
73121,NSE-OIT,9802,42,9257,9939
73121,NSE-OIT,9802,93,9257,9941
73121,NSE-OIT,9802,7,9499,9941
73121,NSE-OIT,9802,143,9499,9943
73121,NSE-OIT,9802,7,9580,9943
73121,NSE-OIT,9802,1,9580,9945
73121,NSE-OIT,9803,199,9243,9945
73121,NSE-OIT,9803,51,9243,9947
73121,NSE-OIT,9803,50,9380,9947
73121,NSE-OIT,9803,50,9465,9947
73121,NSE-OIT,9803,99,9501,9947
73122,NSE-SIMP,9986,8,9055,9091
73148,NSE-SIMP,9986,42,9091,9101
73148,NSE-SIMP,9987,8,9093,9101
73193,NSE-SIMP,9987,20,9093,9103
73193,NSE-SIMP,9987,8,9093,9104
73193,NSE-ZITO,9766,5,8998,9009
73193,NSE-CARD,9619,5,9941,9953
73193,NSE-DLKV,9880,5,8799,8808
73193,NSE-OIT,9803,5,9501,9950
73193,NSE-DLKV,9880,1,8799,8810
73212,NSE-OIT,9773,8,9904,9951
73213,NSE-SIMP,9987,50,9093,9105
73221,NSE-ZABA,10916,6,8456,8708
73221,NSE-CARD,9619,45,9941,9956
73221,NSE-CARD,9620,5,9943,9956
73221,NSE-CARD,9620,95,9943,9958
73221,NSE-CARD,9621,5,9945,9958
73221,NSE-CARD,9621,145,9945,9960
73221,NSE-CARD,9622,5,9947,9960
73221,NSE-CARD,9622,195,9947,9962
73221,NSE-OIT,9803,50,9501,9952
73221,NSE-OIT,9803,46,9501,9954
73221,NSE-OIT,9803,8,9535,9954
73221,NSE-OIT,9803,8,9652,9954
73221,NSE-OIT,9803,8,9905,9954
73221,NSE-OIT,9804,30,9382,9954
73221,NSE-OIT,9804,70,9382,9956
73221,NSE-OIT,9804,80,9467,9956
73221,NSE-OIT,9804,20,9467,9958
73221,NSE-OIT,9805,50,9327,9958
73221,NSE-OIT,9805,130,9469,9958
73221,NSE-OIT,9805,20,9469,9960
73221,NSE-OIT,9806,100,9329,9960
73221,NSE-OIT,9806,130,9471,9960
73222,NSE-SIMP,9992,1,9100,9107
73262,NSE-SIMP,10000,50,9108,9117
73274,NSE-CARD,9626,5,9962,9968
73274,NSE-CARD,9625,3,9964,9968
73274,NSE-DLKV,9897,8,8812,8821
73274,NSE-ZABA,10906,8,8709,8720
73274,NSE-ZITO,9769,8,9011,9020
73320,NSE-ZABA,10910,20,8710,8721
73320,NSE-CARD,9625,20,9964,9972
73321,NSE-ZABA,10910,8,8710,8722
73321,NSE-SIMP,10001,8,9110,9122
73321,NSE-OIT,9804,8,9963,9965
73321,NSE-OIT,9806,42,9471,9965
73321,NSE-OIT,9806,28,9471,9967
73321,NSE-OIT,9806,72,9924,9967
73321,NSE-OIT,9806,150,9924,9969
73321,NSE-OIT,9806,28,9924,9971
73321,NSE-OIT,9807,150,9331,9971
73321,NSE-OIT,9807,22,9473,9971
73321,NSE-OIT,9807,228,9473,9973
73321,NSE-OIT,9808,22,9333,9973
73322,NSE-ZABA,10916,2,8456,8723
73322,NSE-ZITO,9768,1,9022,9024
73353,NSE-SIMP,10005,50,9123,9134
73353,NSE-CARD,9618,50,9973,9984
73421,NSE-CARD,9617,9,9975,9985
73421,NSE-CARD,9620,50,9974,9986
73421,NSE-CARD,9629,100,9895,9988
73421,NSE-CARD,9630,150,9897,9990
73421,NSE-CARD,9630,100,9915,9992
73421,NSE-CARD,9631,100,9899,9992
73421,NSE-CARD,9631,100,9899,9994
73421,NSE-CARD,9631,150,9917,9994
73421,NSE-OIT,9808,50,9333,9975
73421,NSE-OIT,9808,100,9333,9977
73421,NSE-OIT,9808,28,9333,9979
73421,NSE-OIT,9811,100,9074,9979
73421,NSE-OIT,9812,8,9315,9979
73421,NSE-OIT,9812,8,9505,9979
73421,NSE-OIT,9813,6,9596,9979
73421,NSE-OIT,9813,2,9596,9981
73421,NSE-OIT,9815,50,9511,9981
73421,NSE-OIT,9815,50,9524,9981
73421,NSE-OIT,9816,8,9247,9981
73421,NSE-OIT,9816,90,9513,9981
73421,NSE-OIT,9816,10,9513,9983
73421,NSE-OIT,9816,100,9526,9983
73421,NSE-OIT,9817,140,9528,9983
73446,NSE-OIT,9792,1,9964,9985
73446,NSE-SIMP,10001,50,9135,9146
73474,NSE-SIMP,10003,5,9136,9147
73474,NSE-ZITO,9778,5,9033,9044
73474,NSE-DLKV,9894,5,8834,8843
73474,NSE-OIT,9817,5,9528,9987
73474,NSE-SIMP,10003,5,9136,9149
73474,NSE-ZITO,9778,5,9033,9046
73474,NSE-CARD,9631,5,9957,9998
73474,NSE-DLKV,9894,5,8834,8845
73474,NSE-OIT,9817,5,9528,9989
73474,NSE-SIMP,10003,5,9136,9151
73489,NSE-ZABA,10900,4,8734,8746
73489,NSE-CARD,9615,20,9944,10001
73501,NSE-ZABA,10900,1,8734,8747
73514,NSE-CARD,9615,8,9944,10003
73514,NSE-ZITO,9778,8,9033,9048
73515,NSE-ZITO,9778,5,9033,9050
73515,NSE-CARD,9631,5,9957,10004
73515,NSE-DLKV,9894,5,8834,8849
73515,NSE-OIT,9799,5,9992,9993
73515,NSE-SIMP,10003,5,9136,9158
73515,NSE-ZITO,9778,5,9033,9052
73515,NSE-CARD,9631,5,9957,10006
73515,NSE-DLKV,9894,5,8834,8851
73521,NSE-ZITO,9780,1,9034,9053
73521,NSE-CARD,9615,50,9944,10009
73521,NSE-CARD,9615,44,9944,10011
73521,NSE-CARD,9614,56,9946,10011
73521,NSE-CARD,9614,144,9946,10013
73521,NSE-CARD,9613,6,9948,10013
73521,NSE-OIT,9799,3,9992,9995
73563,NSE-SIMP,10002,50,9161,9170
73563,NSE-CARD,9614,50,10015,10018
73621,NSE-ZITO,9772,7,9054,9064
73621,NSE-ZABA,10916,9,8752,8761
73621,NSE-DLKV,9890,8,8847,8864
73646,NSE-OIT,9809,4,10005,10015
73646,NSE-SIMP,9997,50,9173,9182
73646,NSE-CARD,9629,50,10024,10033
73662,NSE-CARD,9627,50,10023,10034
73712,NSE-CARD,9626,5,10025,10035
73721,NSE-CARD,9630,5,10026,10036
73721,NSE-CARD,9613,50,9948,10038
73721,NSE-CARD,9613,100,9948,10040
73721,NSE-CARD,9613,94,9948,10042
73722,NSE-ZITO,9752,1,8896,9078
73722,NSE-ZITO,9748,8,9047,9078
73723,NSE-CARD,9512,8,10042,10047
73737,NSE-ZITO,9737,8,9078,9087
73771,NSE-SIMP,10011,50,9184,9197
73771,NSE-CARD,9512,48,10042,10049
73771,NSE-CARD,9513,2,10044,10049
73821,NSE-OIT,9804,1,10017,10028
73821,NSE-OIT,9802,4,10016,10029
73821,NSE-OIT,9821,8,10027,10030
73882,NSE-SIMP,10011,1,9198,9208
73882,NSE-SIMP,10011,49,9198,9210
73882,NSE-SIMP,10010,1,9200,9210
73882,NSE-CARD,9478,50,10053,10062
73882,NSE-CARD,9479,8,10055,10064
73882,NSE-OIT,9824,8,10030,10041
73920,NSE-SIMP,10010,5,9200,9213
73921,NSE-ZABA,10900,1,8785,8796
73921,NSE-CARD,9479,7,10055,10067
73921,NSE-CARD,9476,8,10052,10068
73921,NSE-DLKV,9896,8,8897,8898
73921,NSE-DLKV,9907,8,8884,8898
73921,NSE-ZABA,10914,8,8783,8797
73921,NSE-ZABA,10915,8,8795,8797
73921,NSE-ZABA,10917,8,8749,8797
73921,NSE-ZABA,10930,1,8470,8797
73939,NSE-SIMP,10010,50,9215,9224
73939,NSE-CARD,9482,50,10070,10079
74021,NSE-ZITO,9751,1,9102,9111
74021,NSE-DLKV,9919,8,8848,8908
74021,NSE-DLKV,9926,8,8822,8908
74021,NSE-OIT,9838,8,8784,10052
74021,NSE-OIT,9846,8,8509,10052
74022,NSE-SIMP,9995,8,9156,9227
74022,NSE-SIMP,9990,8,9119,9227
74022,NSE-SIMP,9986,8,9194,9227
74046,NSE-SIMP,9983,26,9227,9236
74046,NSE-SIMP,9984,24,9229,9236
74046,NSE-CARD,9478,50,10082,10093
74046,NSE-CARD,9477,10,10091,10094
74046,NSE-CARD,9476,40,10081,10094
74083,NSE-CARD,9478,10,10092,10097
74083,NSE-CARD,9479,10,10084,10097
74083,NSE-CARD,9479,20,10084,10098
74083,NSE-CARD,9479,20,10084,10099
74083,NSE-CARD,9479,20,10084,10100
74083,NSE-CARD,9479,20,10084,10101
74083,NSE-ZITO,9746,1,9113,9122
74108,NSE-DLKV,9934,8,8908,8919
74108,NSE-OIT,9846,8,10052,10063
74108,NSE-SIMP,9984,8,9229,9238
74108,NSE-ZABA,10925,8,8807,8818
74108,NSE-ZITO,9746,8,9113,9123
74121,NSE-CARD,9479,6,10084,10105
74121,NSE-SIMP,9981,1,9211,9240
74121,NSE-OIT,9846,8,10052,10064
74121,NSE-OIT,9846,4,10052,10065
74221,NSE-SIMP,10004,1,9242,9251
74221,NSE-CARD,9472,1,10107,10117
74221,NSE-CARD,9470,3,10106,10118
74221,NSE-CARD,9466,1,9969,10120
74221,NSE-CARD,9463,8,10103,10120
74234,NSE-SIMP,10011,8,9212,9262
74234,NSE-SIMP,10011,42,9253,9262
74234,NSE-SIMP,10009,50,9252,9263
74234,NSE-CARD,9461,41,10120,10129
74234,NSE-CARD,9462,9,10122,10129
74260,NSE-CARD,9462,1,10122,10131
74312,NSE-SIMP,10008,50,9254,9265
74312,NSE-CARD,9462,50,10122,10132
74321,NSE-DLKV,9942,8,8930,8940
74321,NSE-CARD,9459,2,10119,10134
74322,NSE-ZITO,9774,8,9100,9145
74377,NSE-CARD,9482,10,10135,10145
74377,NSE-CARD,9482,10,10135,10146
74398,NSE-SIMP,10007,50,9266,9278
74421,NSE-CARD,9484,9,10136,10147
74421,NSE-CARD,9482,4,10135,10148
74421,NSE-OIT,9862,2,10087,10097
74421,NSE-DLKV,9953,8,8797,8951
74447,NSE-CARD,9489,50,10149,10160
74503,NSE-DLKV,9953,1,8951,8961
74503,NSE-ZABA,10890,1,8850,8859
74516,NSE-SIMP,10003,20,9279,9289
74521,NSE-OIT,9829,3,10098,10108
74521,NSE-DLKV,9953,4,8951,8962
74521,NSE-OIT,9867,8,8407,10109
74522,NSE-ZITO,9777,8,9124,9165
74568,NSE-OIT,9871,8,10109,10120
74568,NSE-SIMP,10001,8,9290,9301
74568,NSE-ZITO,9777,8,9165,9176
74598,NSE-SIMP,10003,50,9291,9302
74598,NSE-CARD,9485,50,10162,10175
74621,NSE-DLKV,9933,1,8963,8975
74621,NSE-OIT,9832,8,10119,10122
74621,NSE-SIMP,10016,8,9056,9304
74621,NSE-SIMP,10016,8,9195,9304
74622,NSE-ZITO,9778,1,9076,9177
74641,NSE-OIT,9828,5,10122,10131
74641,NSE-SIMP,10019,5,9305,9314
74642,NSE-ZITO,9779,5,9177,9188
74642,NSE-CARD,9470,5,10177,10186
74642,NSE-DLKV,9934,5,8977,8986
74642,NSE-OIT,9828,5,10122,10133
74642,NSE-SIMP,10019,5,9305,9316
74642,NSE-ZITO,9779,5,9177,9190
74656,NSE-CARD,9470,5,10177,10188
74656,NSE-DLKV,9934,5,8977,8988
74656,NSE-OIT,9828,5,10122,10135
74656,NSE-SIMP,10019,5,9305,9318
74656,NSE-CARD,9470,5,10177,10190
74656,NSE-OIT,9828,5,10122,10137
74656,NSE-SIMP,10019,5,9305,9320
74656,NSE-ZITO,9779,5,9177,9192
74656,NSE-CARD,9470,5,10177,10192
74656,NSE-OIT,9828,5,10122,10139
74656,NSE-SIMP,10019,5,9305,9322
74656,NSE-CARD,9470,5,10177,10194
74656,NSE-DLKV,9934,5,8977,8990
74656,NSE-OIT,9828,5,10122,10141
74656,NSE-SIMP,10019,5,9305,9324
74656,NSE-SIMP,10017,1,9304,9326
74690,NSE-SIMP,10017,33,9304,9328
74690,NSE-SIMP,10016,17,9306,9328
74712,NSE-SIMP,10016,50,9306,9330
74712,NSE-CARD,9470,25,10177,10199
74712,NSE-CARD,9471,25,10179,10199
74712,NSE-OIT,9828,8,10122,10143
74721,NSE-ZABA,10927,1,8872,8888
74721,NSE-OIT,9828,1,10122,10145
74721,NSE-SIMP,10019,7,9305,9333
74721,NSE-CARD,9474,8,10202,10203
74721,NSE-CARD,9491,8,10104,10203
74721,NSE-CARD,9491,8,10173,10203
74721,NSE-CARD,9631,26,9957,10203
74721,NSE-CARD,9631,9,9957,10205
74721,NSE-CARD,9632,91,9901,10205
74721,NSE-CARD,9632,150,9901,10207
74721,NSE-CARD,9632,9,9901,10209
74721,NSE-CARD,9632,191,9919,10209
74721,NSE-CARD,9632,9,9919,10211
74721,NSE-CARD,9632,100,9959,10211
74721,NSE-CARD,9633,141,9921,10211
74722,NSE-SIMP,9994,8,9331,9335
74774,NSE-SIMP,9989,42,9335,9344
74774,NSE-SIMP,9990,8,9337,9344
74821,NSE-SIMP,9987,8,9334,9347
74821,NSE-ZABA,10936,1,8890,8899
74821,NSE-CARD,9633,50,9921,10216
74821,NSE-CARD,9633,59,9921,10218
74821,NSE-CARD,9633,41,9961,10218
74821,NSE-CARD,9633,109,9961,10220
74821,NSE-CARD,9636,41,9881,10220
74821,NSE-CARD,9636,9,9881,10222
74821,NSE-CARD,9637,100,9883,10222
74821,NSE-CARD,9637,8,10048,10222
74821,NSE-CARD,9638,83,9885,10222
74821,NSE-CARD,9638,67,9885,10224
74821,NSE-CARD,9639,183,9887,10224
74821,NSE-OIT,9826,1,10086,10157
74821,NSE-OIT,9810,8,10062,10157
74821,NSE-OIT,9795,8,10040,10157
74822,NSE-ZABA,10910,8,8870,8901
74822,NSE-ZITO,9756,8,9193,9206
74881,NSE-ZITO,9745,5,9099,9216
74921,NSE-OIT,9794,2,10157,10166
74921,NSE-ZITO,9747,5,9206,9218
74921,NSE-ZITO,9745,3,9099,9219
74921,NSE-ZITO,9745,6,9205,9219
74921,NSE-CARD,9639,17,9887,10228
74921,NSE-CARD,9639,33,9926,10228
74921,NSE-CARD,9639,67,9926,10230
74921,NSE-CARD,9640,33,9889,10230
74921,NSE-CARD,9640,150,9889,10232
74921,NSE-CARD,9640,67,9889,10234
74921,NSE-CARD,9640,133,9928,10234
74921,NSE-CARD,9640,17,9928,10236
74921,NSE-CARD,9641,200,9930,10236
74921,NSE-CARD,9642,33,9932,10236
74921,NSE-DLKV,9949,8,8974,9014
74921,NSE-DLKV,9957,8,8993,9014
74921,NSE-DLKV,9959,8,8767,9014
74933,NSE-ZABA,10931,1,8910,8920
74978,NSE-SIMP,9986,50,9360,9369
74995,NSE-DLKV,9965,8,9014,9025
74995,NSE-SIMP,9987,8,9362,9371
74995,NSE-ZITO,9744,8,9221,9230
75010,NSE-CARD,9483,8,10240,10242
75021,NSE-CARD,9463,5,10172,10244
75021,NSE-OIT,9817,3,10167,10180
75021,NSE-DLKV,9967,4,8744,9026
75021,NSE-CARD,9642,50,9932,10245
75021,NSE-CARD,9642,100,9932,10247
75021,NSE-CARD,9642,67,9932,10249
75021,NSE-CARD,9642,8,10065,10249
75021,NSE-CARD,9645,8,9606,10249
75021,NSE-CARD,9648,8,9637,10249
75021,NSE-CARD,9650,5,9726,10249
75021,NSE-CARD,9654,5,9442,10249
75021,NSE-CARD,9654,8,9564,10249
75021,NSE-CARD,9662,5,9545,10249
75021,NSE-CARD,9662,5,9550,10249
75021,NSE-CARD,9665,8,9580,10249
75021,NSE-CARD,9674,5,9552,10249
75021,NSE-CARD,9685,5,10195,10249
75021,NSE-CARD,9689,5,10007,10249
75021,NSE-CARD,9693,5,10189,10249
75021,NSE-CARD,9693,3,10191,10249
75021,NSE-CARD,9693,2,10191,10251
75021,NSE-CARD,9697,5,10187,10251
75021,NSE-CARD,9699,5,9543,10251
75021,NSE-CARD,9703,5,10193,10251
75021,NSE-CARD,9708,5,9444,10251
75021,NSE-OIT,9826,50,10179,10181
75021,NSE-OIT,9826,50,10179,10183
75022,NSE-SIMP,9981,7,9211,9375
75022,NSE-SIMP,9978,1,8548,9375
75022,NSE-SIMP,9978,8,9088,9375
75022,NSE-SIMP,9975,8,8643,9375
75036,NSE-CARD,9733,10,10251,10256
75036,NSE-CARD,9733,5,10251,10258
75036,NSE-OIT,9832,5,10182,10191
75036,NSE-SIMP,9975,5,9375,9384
75103,NSE-SIMP,9975,21,9375,9386
75103,NSE-SIMP,9976,29,9377,9386
75115,NSE-ZITO,9743,1,9233,9244
75121,NSE-SIMP,9976,1,9377,9388
75121,NSE-ZITO,9741,4,9232,9245
75121,NSE-DLKV,9930,7,9027,9038
75121,NSE-DLKV,9930,1,9037,9040
75121,NSE-DLKV,9928,8,8992,9040
75121,NSE-OIT,9828,1,10194,10196
75121,NSE-OIT,9812,8,10177,10196
75122,NSE-ZABA,10908,8,8921,8935
75201,NSE-CARD,9749,8,10261,10274
75202,NSE-DLKV,9925,8,9040,9049
75202,NSE-OIT,9811,8,10196,10205
75202,NSE-ZABA,10907,8,8935,8944
75202,NSE-ZITO,9743,8,9247,9256
75221,NSE-DLKV,9923,9,9039,9051
75233,NSE-CARD,9742,5,10275,10286
75233,NSE-DLKV,9949,5,9053,9062
75233,NSE-OIT,9830,5,10207,10218
75233,NSE-SIMP,9993,5,9403,9412
75294,NSE-CARD,9742,20,10275,10289
75294,NSE-CARD,9742,20,10275,10290
75294,NSE-ZABA,10912,20,8947,8958
75312,NSE-CARD,9742,5,10275,10292
75312,NSE-CARD,9741,3,10277,10292
75312,NSE-DLKV,9947,8,9052,9065
75312,NSE-OIT,9829,8,10208,10221
75313,NSE-DLKV,9947,1,9052,9066
75321,NSE-ZABA,10908,4,8946,8961
75321,NSE-ZITO,9753,5,9259,9270
75321,NSE-SIMP,10003,8,9401,9416
75321,NSE-SIMP,10012,8,9415,9416
75321,NSE-SIMP,10020,8,9120,9416
75321,NSE-SIMP,10024,8,9332,9416
75321,NSE-ZABA,10884,8,8748,8963
75321,NSE-ZABA,10884,8,8887,8963
75321,NSE-ZABA,10882,8,8794,8963
75321,NSE-ZABA,10881,8,8782,8963
75321,NSE-ZABA,10881,8,8817,8963
75322,NSE-ZITO,9731,8,9268,9272
75322,NSE-ZITO,9730,8,9175,9272
75322,NSE-ZITO,9729,5,7718,9272
75322,NSE-ZITO,9728,5,8344,9272
75322,NSE-ZITO,9726,8,8060,9272
75322,NSE-ZITO,9720,8,7839,9272
75322,NSE-ZITO,9720,5,8246,9272
75348,NSE-SIMP,10024,18,9416,9427
75348,NSE-SIMP,10023,32,9418,9427
75380,NSE-SIMP,10023,50,9418,9429
75380,NSE-CARD,9745,50,10293,10305
75427,NSE-CARD,9792,20,10306,10316
75455,NSE-SIMP,9985,50,9431,9440
75455,NSE-CARD,9792,30,10306,10318
75455,NSE-CARD,9791,20,10308,10318
75456,NSE-SIMP,9986,50,9433,9442
75456,NSE-CARD,9791,50,10308,10320
75456,NSE-CARD,9791,8,10308,10322
75456,NSE-DLKV,9945,8,9077,9088
75456,NSE-OIT,9806,8,10233,10242
75456,NSE-ZABA,10894,8,8973,8982
75481,NSE-ZITO,9729,5,9281,9294
75481,NSE-CARD,9791,5,10308,10324
75481,NSE-DLKV,9947,5,9078,9089
75481,NSE-OIT,9806,5,10233,10244
75521,NSE-OIT,9804,10,10232,10246
75521,NSE-OIT,9830,50,10207,10247
75521,NSE-OIT,9830,45,10207,10249
75521,NSE-OIT,9841,8,10178,10249
75521,NSE-OIT,9845,8,10206,10249
75521,NSE-OIT,9845,8,10243,10249
75521,NSE-SIMP,9989,8,9445,9447
75522,NSE-ZITO,9727,8,9291,9296
75522,NSE-ZITO,9719,5,8283,9296
75522,NSE-ZITO,9719,5,9215,9296
75522,NSE-ZITO,9718,5,7988,9296
75522,NSE-ZITO,9716,5,7380,9296
75522,NSE-ZITO,9715,8,7497,9296
75522,NSE-ZITO,9715,5,7638,9296
75522,NSE-ZITO,9714,5,7873,9296
75522,NSE-ZITO,9713,4,7905,9296
75572,NSE-ZITO,9714,50,9298,9305
75572,NSE-CARD,9757,50,10325,10336
75619,NSE-OIT,9856,8,10249,10258
75619,NSE-ZABA,10906,8,8984,8995
75619,NSE-CARD,9756,20,10327,10339
75619,NSE-CARD,9756,2,10327,10340
75621,NSE-OIT,9859,9,10248,10259
75621,NSE-CARD,9756,1,10327,10341
75621,NSE-ZITO,9714,3,9298,9308
75621,NSE-CARD,9760,8,10338,10342
75621,NSE-OIT,9874,8,8592,10260
75621,NSE-OIT,9875,8,10144,10260
75621,NSE-OIT,9879,8,8220,10260
75622,NSE-SIMP,10008,8,9458,9461
75622,NSE-ZITO,9734,8,9307,9309
75648,NSE-SIMP,10003,1,9460,9470
75693,NSE-SIMP,10003,49,9460,9472
75693,NSE-SIMP,10002,1,9462,9472
75694,NSE-CARD,9763,50,10343,10352
75708,NSE-SIMP,10005,5,9461,9473
75708,NSE-ZITO,9734,5,9309,9320
75708,NSE-CARD,9761,5,10342,10355
75708,NSE-DLKV,9936,5,9104,9113
75708,NSE-OIT,9882,5,10261,10270
75708,NSE-SIMP,10005,5,9461,9475
75708,NSE-ZITO,9734,5,9309,9322
75721,NSE-CARD,9764,6,10345,10356
75721,NSE-ZABA,10908,1,8996,9008
75721,NSE-CARD,9761,6,10342,10357
75721,NSE-CARD,9802,8,9517,10358
75721,NSE-CARD,9822,5,9728,10358
75721,NSE-CARD,9822,5,9954,10358
75721,NSE-CARD,9824,8,9487,10358
75721,NSE-CARD,9835,5,9908,10358
75721,NSE-CARD,9836,5,9817,10358
75721,NSE-CARD,9838,5,9999,10358
75721,NSE-CARD,9840,5,10005,10358
75721,NSE-CARD,9847,4,9906,10358
75721,NSE-CARD,9847,1,9906,10360
75721,NSE-CARD,9862,5,9731,10360
75721,NSE-CARD,9952,8,9462,10360
75721,NSE-CARD,9962,1,9320,10360
75721,NSE-CARD,9984,8,9427,10360
75723,NSE-CARD,9984,5,10360,10369
75724,NSE-DLKV,9927,5,9116,9125
75724,NSE-OIT,9827,5,10273,10282
75724,NSE-SIMP,10008,5,9478,9487
75803,NSE-CARD,9984,20,10360,10371
75803,NSE-CARD,9984,20,10360,10372
75803,NSE-CARD,9984,17,10360,10373
75803,NSE-CARD,9984,15,10360,10374
75803,NSE-CARD,9983,2,10362,10374
75814,NSE-ZITO,9721,50,9323,9334
75814,NSE-SIMP,10008,45,9478,9490
75814,NSE-SIMP,10009,5,9480,9490
75814,NSE-CARD,9983,50,10362,10376
75821,NSE-ZABA,10910,7,8960,9020
75821,NSE-ZITO,9723,5,9324,9335
75873,NSE-CARD,9946,8,10377,10389
75873,NSE-DLKV,9948,8,9127,9138
75873,NSE-OIT,9827,8,10285,10295
75873,NSE-ZITO,9752,8,9336,9347
75873,NSE-SIMP,10015,50,9492,9505
75873,NSE-CARD,9946,42,10377,10391
75873,NSE-CARD,9945,8,10379,10391
75921,NSE-DLKV,9926,8,9101,9140
75921,NSE-DLKV,9920,8,8973,9140
75922,NSE-ZABA,10891,8,9031,9034
75971,NSE-CARD,9963,17,10392,10402
75971,NSE-CARD,9963,20,10392,10403
76021,NSE-OIT,9807,8,10257,10308
76021,NSE-OIT,9806,1,10294,10308
76045,NSE-CARD,9964,8,10405,10414
76045,NSE-DLKV,9947,8,9149,9160
76045,NSE-OIT,9803,8,10308,10317
76045,NSE-ZITO,9743,8,9358,9370
76045,NSE-SIMP,10007,50,9517,9528
76061,NSE-CARD,9964,42,10405,10416
76061,NSE-CARD,9965,8,10407,10416
76079,NSE-CARD,9962,10,10404,10420
76097,NSE-SIMP,10008,50,9519,9530
76097,NSE-CARD,9962,40,10404,10422
76097,NSE-CARD,9961,10,10406,10422
76112,NSE-ZITO,9743,5,9358,9372
76121,NSE-ZABA,10907,2,9043,9056
76121,NSE-DLKV,9947,9,9149,9161
76121,NSE-ZITO,9745,9,9359,9373
76122,NSE-SIMP,10003,8,9502,9533
76122,NSE-ZITO,9736,1,9368,9375
76122,NSE-ZITO,9719,5,9319,9375
76125,NSE-OIT,9812,20,10320,10330
76193,NSE-CARD,9951,50,10424,10437
76208,NSE-CARD,9949,1,10423,10439
76221,NSE-CARD,9949,9,10423,10440
76222,NSE-ZABA,10908,1,9053,9067
76222,NSE-ZABA,10910,1,8960,9067
76222,NSE-ZABA,10924,8,9032,9067
76222,NSE-ZABA,10924,8,9055,9067
76243,NSE-CARD,9973,8,10441,10452
76243,NSE-DLKV,9926,8,9174,9183
76243,NSE-OIT,9804,8,10332,10341
76243,NSE-ZABA,10932,8,9067,9078
76243,NSE-ZITO,9720,8,9385,9394
76274,NSE-SIMP,10006,50,9544,9556
76274,NSE-CARD,9973,42,10441,10454
76274,NSE-CARD,9972,8,10443,10454
76321,NSE-CARD,9972,5,10443,10455
76321,NSE-DLKV,9948,1,9172,9185
76322,NSE-CARD,9982,20,10456,10467
76322,NSE-CARD,9982,20,10456,10468
76322,NSE-CARD,9982,10,10456,10469
76322,NSE-CARD,9981,2,10458,10469
76343,NSE-SIMP,10010,1,9557,9567
76375,NSE-SIMP,10010,49,9557,9569
76375,NSE-SIMP,10009,1,9559,9569
76375,NSE-CARD,9981,50,10458,10471
76421,NSE-CARD,9981,1,10458,10472
76421,NSE-CARD,9985,8,9409,10473
76421,NSE-CARD,9990,8,9371,10473
76421,NSE-DLKV,9918,8,9024,9196
76421,NSE-DLKV,9916,8,9087,9196
76421,NSE-DLKV,9914,8,9064,9196
76421,NSE-DLKV,9914,8,9137,9196
76422,NSE-SIMP,10000,8,9554,9571
76422,NSE-SIMP,9991,8,9526,9571
76422,NSE-SIMP,9983,8,9414,9571
76473,NSE-CARD,9993,8,10473,10484
76473,NSE-DLKV,9914,8,9196,9205
76473,NSE-OIT,9796,8,10354,10363
76473,NSE-SIMP,9983,8,9571,9580
76473,NSE-ZABA,10936,8,9089,9100
76473,NSE-ZITO,9736,8,9407,9418
76488,NSE-CARD,9993,26,10473,10486
76488,NSE-CARD,9992,24,10475,10486
76522,NSE-ZABA,10940,8,8983,9101
76522,NSE-ZABA,10941,8,8922,9101
76570,NSE-SIMP,9996,50,9585,9594
76570,NSE-CARD,9963,50,10488,10497
76621,NSE-OIT,9823,6,10366,10376
76621,NSE-ZABA,10945,7,9101,9111
76621,NSE-ZABA,10949,3,9102,9112
76621,NSE-CARD,9961,5,10487,10499
76621,NSE-DLKV,9949,8,9206,9217
76621,NSE-DLKV,9955,8,9102,9217
76621,NSE-DLKV,9956,8,9050,9217
76629,NSE-ZABA,10934,20,9113,9123
76629,NSE-CARD,9983,20,10500,10511
76672,NSE-SIMP,9982,50,9597,9606
76672,NSE-CARD,9985,50,10501,10512
76721,NSE-CARD,9983,6,10500,10513
76721,NSE-SIMP,9983,6,9599,9608
76721,NSE-CARD,9946,10,10419,10515
76721,NSE-CARD,9935,8,10483,10515
76721,NSE-CARD,9931,8,10451,10515
76721,NSE-CARD,9920,5,10368,10515
76722,NSE-ZITO,9714,5,9321,9441
76742,NSE-ZITO,9714,1,9441,9450
76784,NSE-SIMP,9998,50,9609,9620
76784,NSE-CARD,9861,19,10515,10524
76784,NSE-CARD,9862,31,10517,10524
76796,NSE-CARD,9859,5,10514,10527
76796,NSE-OIT,9825,5,10364,10397
76796,NSE-SIMP,10000,5,9610,9621
76796,NSE-ZITO,9713,1,7905,9452
76796,NSE-ZITO,9713,4,8185,9452
76796,NSE-DLKV,9957,5,9228,9238
76796,NSE-CARD,9862,5,10517,10528
76796,NSE-DLKV,9957,5,9228,9240
76796,NSE-OIT,9825,3,10364,10399
76796,NSE-OIT,9825,2,10388,10399
76796,NSE-SIMP,10000,5,9610,9623
76796,NSE-ZITO,9713,1,8185,9454
76796,NSE-ZITO,9713,4,9371,9454
76796,NSE-CARD,9862,5,10517,10530
76796,NSE-DLKV,9957,5,9228,9242
76796,NSE-OIT,9825,5,10388,10401
76796,NSE-SIMP,10000,5,9610,9625
76796,NSE-ZITO,9713,1,9371,9456
76796,NSE-ZITO,9712,4,8416,9456
76796,NSE-CARD,9862,5,10517,10532
76821,NSE-ZABA,10893,5,9124,9138
76835,NSE-CARD,9872,8,10535,10544
76835,NSE-DLKV,9926,8,9246,9255
76861,NSE-SIMP,10008,50,9628,9641
76861,NSE-CARD,9872,42,10535,10546
76861,NSE-CARD,9873,8,10537,10546
76921,NSE-CARD,9870,6,10534,10548
76921,NSE-SIMP,10010,2,9629,9642
76921,NSE-OIT,9830,1,10404,10416
76921,NSE-OIT,9809,8,10414,10418
76921,NSE-OIT,9804,1,10375,10418
76921,NSE-SIMP,10012,8,9581,9643
76922,NSE-ZITO,9712,1,8416,9470
76922,NSE-ZITO,9711,5,8418,9470
76922,NSE-ZITO,9710,5,9242,9470
76922,NSE-ZITO,9709,5,8209,9470
76922,NSE-ZITO,9709,5,9191,9470
76922,NSE-ZITO,9708,5,7990,9470
76922,NSE-ZITO,9708,5,9293,9470
76922,NSE-ZITO,9708,8,9467,9470
76922,NSE-ZITO,9707,8,9369,9470
76922,NSE-ZITO,9706,1,7406,9470
76922,NSE-ZITO,9705,2,9455,9470
76922,NSE-ZITO,9705,3,9455,9472
76922,NSE-ZITO,9704,5,9187,9472
76922,NSE-ZITO,9704,8,9306,9472
76922,NSE-ZITO,9703,5,8158,9472
76922,NSE-ZITO,9701,8,9417,9472
76922,NSE-ZITO,9700,5,9189,9472
76922,NSE-ZITO,9698,5,9051,9472
76922,NSE-ZITO,9698,8,9346,9472
76922,NSE-ZITO,9698,5,9451,9472
76972,NSE-SIMP,10017,42,9643,9654
76972,NSE-SIMP,10016,8,9645,9654
76973,NSE-CARD,9881,50,10549,10561
77000,NSE-SIMP,10016,20,9645,9655
77000,NSE-CARD,9883,8,10550,10562
77014,NSE-OIT,9804,8,10418,10427
77014,NSE-SIMP,10016,8,9645,9657
77014,NSE-ZABA,10911,8,9152,9161
77014,NSE-ZITO,9696,8,9472,9479
77021,NSE-ZITO,9696,1,9472,9481
77021,NSE-ZABA,10911,5,9152,9163
77021,NSE-SIMP,10019,9,9644,9658
77022,NSE-SIMP,9995,8,9638,9660
77045,NSE-CARD,9876,10,10564,10575
77045,NSE-SIMP,9994,42,9660,9669
77045,NSE-SIMP,9995,8,9662,9669
77045,NSE-CARD,9876,40,10564,10577
77045,NSE-CARD,9875,10,10566,10577
77121,NSE-SIMP,9995,3,9662,9671
77121,NSE-CARD,9873,1,10578,10580
77121,NSE-CARD,9871,10,10574,10580
77121,NSE-DLKV,9951,8,9268,9279
77121,NSE-DLKV,9963,8,9184,9279
77121,NSE-DLKV,9964,8,9256,9279
77121,NSE-DLKV,9967,4,8744,9279
77121,NSE-DLKV,9969,8,8688,9279
77122,NSE-SIMP,9980,8,9656,9673
77129,NSE-CARD,9844,20,10580,10589
77129,NSE-CARD,9844,19,10580,10590
77129,NSE-CARD,9845,1,10582,10590
77129,NSE-CARD,9845,20,10582,10591
77129,NSE-CARD,9845,20,10582,10592
77168,NSE-ZITO,9710,5,9492,9502
77168,NSE-CARD,9845,5,10582,10595
77221,NSE-SIMP,9979,3,9673,9683
77221,NSE-OIT,9794,1,10440,10451
77221,NSE-ZABA,10923,7,9174,9185
77222,NSE-ZITO,9695,8,7761,9505
77222,NSE-ZITO,9693,8,7572,9505
77222,NSE-ZITO,9693,5,8971,9505
77222,NSE-ZITO,9687,5,8671,9505
77222,NSE-ZITO,9686,5,8172,9505
77222,NSE-ZITO,9686,5,9045,9505
77222,NSE-ZITO,9685,5,9008,9505
77222,NSE-ZITO,9685,5,9049,9505
77222,NSE-ZITO,9684,4,7992,9505
77222,NSE-ZITO,9684,1,7992,9507
77222,NSE-ZITO,9684,5,8673,9507
77222,NSE-ZITO,9683,5,8883,9507
77222,NSE-ZITO,9682,5,8583,9507
77222,NSE-ZITO,9682,5,9043,9507
77222,NSE-ZITO,9682,5,9453,9507
77222,NSE-ZITO,9681,5,8675,9507
77222,NSE-ZITO,9681,5,8679,9507
77222,NSE-ZITO,9679,5,8568,9507
77222,NSE-ZITO,9676,8,7663,9507
77222,NSE-ZITO,9672,5,8585,9507
77222,NSE-ZITO,9669,8,6273,9507
77222,NSE-ZITO,9668,8,6192,9507
77222,NSE-ZITO,9668,5,8823,9507
77287,NSE-ZITO,9667,20,9507,9514
77287,NSE-DLKV,9937,1,9291,9301
77317,NSE-ZITO,9667,5,9507,9515
77317,NSE-ZITO,9668,45,9509,9515
77317,NSE-SIMP,9995,50,9685,9695
77317,NSE-CARD,9869,50,10599,10610
77321,NSE-ZABA,10913,4,9186,9196
77383,NSE-ZITO,9681,50,9517,9526
77383,NSE-SIMP,9997,50,9697,9708
77383,NSE-CARD,9848,50,10613,10622
77421,NSE-SIMP,9999,6,9698,9710
77421,NSE-SIMP,10007,1,9694,9711
77434,NSE-SIMP,10010,49,9711,9722
77434,NSE-SIMP,10009,1,9713,9722
77434,NSE-CARD,9855,50,10625,10636
77446,NSE-DLKV,9927,8,9313,9322
77446,NSE-OIT,9808,8,10474,10483
77446,NSE-ZITO,9677,8,9528,9537
77480,NSE-SIMP,10009,50,9713,9725
77480,NSE-CARD,9857,50,10626,10639
77521,NSE-ZITO,9675,5,9527,9540
77521,NSE-OIT,9808,9,10474,10485
77521,NSE-OIT,9806,9,10473,10486
77521,NSE-OIT,9792,1,10472,10488
77521,NSE-OIT,9791,8,10026,10488
77522,NSE-ZABA,10904,8,9149,9219
77551,NSE-ZITO,9678,50,9542,9553
77551,NSE-CARD,9874,50,10641,10652
77576,NSE-CARD,9873,20,10643,10653
77576,NSE-CARD,9873,20,10643,10655
77621,NSE-ZITO,9679,8,9544,9555
77621,NSE-DLKV,9948,4,9325,9335
77621,NSE-DLKV,9948,7,9325,9336
77621,NSE-DLKV,9946,3,9324,9337
77621,NSE-SIMP,9993,3,9727,9737
77621,NSE-DLKV,9922,8,9267,9339
77621,NSE-OIT,9778,8,10220,10499
77621,NSE-OIT,9775,8,9962,10499
77621,NSE-OIT,9769,8,9991,10499
77621,NSE-OIT,9767,8,9875,10499
77621,NSE-OIT,9766,8,9937,10499
77621,NSE-OIT,9765,8,9787,10499
77621,NSE-OIT,9763,2,9390,10499
77621,NSE-OIT,9763,6,9390,10501
77621,NSE-SIMP,10013,8,9724,9738
77622,NSE-ZABA,10913,1,9228,9229
77622,NSE-ZABA,10936,1,9134,9229
77622,NSE-ZABA,10937,8,9150,9229
77669,NSE-DLKV,9918,8,9339,9348
77669,NSE-OIT,9763,8,10501,10508
77669,NSE-SIMP,10014,8,9738,9748
77669,NSE-ZABA,10937,8,9229,9240
77701,NSE-SIMP,10014,34,9738,9749
77701,NSE-SIMP,10013,1,9740,9749
77701,NSE-CARD,9867,50,10657,10670
77716,NSE-DLKV,9918,1,9339,9350
77721,NSE-DLKV,9918,5,9339,9351
77721,NSE-OIT,9761,7,9703,10510
77721,NSE-CARD,9853,8,10667,10672
77721,NSE-CARD,9845,8,10637,10672
77721,NSE-CARD,9794,1,10387,10672
77721,NSE-CARD,9742,8,10388,10672
77721,NSE-CARD,9730,8,10337,10672
77721,NSE-CARD,9720,8,10321,10672
77721,NSE-CARD,9679,5,10323,10672
77721,NSE-CARD,9667,4,10285,10672
77721,NSE-CARD,9667,1,10285,10674
77721,NSE-CARD,9665,5,10354,10674
77721,NSE-CARD,9665,5,10526,10674
77721,NSE-CARD,9661,5,10257,10674
77758,NSE-OIT,9780,50,10512,10521
77758,NSE-SIMP,9987,50,9751,9760
77758,NSE-CARD,9602,50,10674,10681
77822,NSE-ZITO,9680,8,9567,9580
77852,NSE-CARD,9626,50,10684,10693
77894,NSE-CARD,9627,8,10686,10696
77907,NSE-DLKV,9943,8,9362,9372
77907,NSE-OIT,9783,8,10523,10533
77908,NSE-ZITO,9690,8,9580,9593
77921,NSE-ZABA,10937,6,9252,9261
77921,NSE-SIMP,9988,9,9763,9773
77965,NSE-SIMP,10003,50,9774,9785
77965,NSE-CARD,9593,50,10699,10708
77965,NSE-OIT,9790,50,10535,10546
78002,NSE-CARD,9594,8,10701,10710
78002,NSE-CARD,9594,20,10701,10711
78002,NSE-CARD,9594,20,10701,10712
78002,NSE-CARD,9594,20,10701,10713
78002,NSE-CARD,9594,20,10701,10714
78002,NSE-CARD,9594,12,10701,10715
78002,NSE-CARD,9595,8,10703,10715
78021,NSE-CARD,9595,10,10703,10716
78021,NSE-OIT,9789,4,10537,10547
78021,NSE-DLKV,9938,3,9373,9383
78021,NSE-CARD,9595,5,10703,10718
78021,NSE-OIT,9792,1,10536,10548
78077,NSE-OIT,9771,50,10550,10559
78077,NSE-CARD,9592,50,10720,10729
78108,NSE-CARD,9593,8,10722,10731
78125,NSE-CARD,9586,1,10734,10743
78125,NSE-OIT,9778,1,10564,10573
78171,NSE-SIMP,9988,50,9800,9809
78171,NSE-CARD,9586,49,10734,10747
78171,NSE-CARD,9587,1,10736,10747
78221,NSE-SIMP,9989,9,9802,9810
78221,NSE-ZABA,10916,4,9282,9292
78221,NSE-ZITO,9690,7,9618,9627
78221,NSE-DLKV,9914,1,9237,9407
78221,NSE-DLKV,9911,8,9159,9407
78221,NSE-OIT,9761,1,9703,10575
78222,NSE-ZITO,9667,1,9551,9629
78222,NSE-ZITO,9666,8,6214,9629
78222,NSE-ZITO,9666,5,8677,9629
78222,NSE-ZITO,9665,5,8819,9629
78234,NSE-OIT,9760,49,10575,10584
78234,NSE-OIT,9761,1,10577,10584
78234,NSE-ZITO,9665,31,9629,9638
78234,NSE-ZITO,9666,19,9631,9638
78234,NSE-CARD,9583,50,10750,10759
78281,NSE-ZITO,9666,1,9631,9639
78313,NSE-ZITO,9666,20,9631,9640
78321,NSE-CARD,9584,4,10752,10761
78322,NSE-OIT,9758,8,9806,10587
78322,NSE-OIT,9755,1,8898,10587
78322,NSE-OIT,9755,8,9352,10587
78322,NSE-OIT,9753,8,9229,10587
78322,NSE-OIT,9752,8,9847,10587
78322,NSE-OIT,9750,8,9201,10587
78322,NSE-ZITO,9663,1,6226,9642
78322,NSE-ZITO,9663,5,8821,9642
78322,NSE-ZITO,9661,5,8969,9642
78325,NSE-DLKV,9937,8,9416,9426
78325,NSE-OIT,9750,8,10587,10596
78421,NSE-CARD,9590,7,10763,10774
78421,NSE-OIT,9748,9,10586,10598
78421,NSE-SIMP,9985,3,9823,9833
78421,NSE-CARD,9590,6,10763,10775
78422,NSE-ZABA,10919,1,9313,9314
78436,NSE-OIT,9748,5,10600,10609
78452,NSE-ZITO,9661,20,9653,9662
78452,NSE-CARD,9593,20,10776,10788
78452,NSE-CARD,9593,20,10776,10789
78468,NSE-OIT,9748,45,10600,10610
78468,NSE-OIT,9749,5,10602,10610
78468,NSE-SIMP,10000,50,9834,9845
78468,NSE-CARD,9593,10,10776,10791
78468,NSE-CARD,9592,40,10778,10791
78506,NSE-DLKV,9926,8,9427,9439
78506,NSE-ZITO,9661,30,9653,9667
78506,NSE-ZITO,9662,70,9655,9667
78521,NSE-SIMP,9999,5,9836,9849
78521,NSE-CARD,9577,8,10772,10796
78522,NSE-SIMP,10001,8,9798,9850
78522,NSE-SIMP,10005,8,9832,9850
78522,NSE-SIMP,10006,8,9848,9850
78522,NSE-SIMP,10013,1,9786,9850
78522,NSE-SIMP,10022,8,9527,9850
78554,NSE-OIT,9765,50,10616,10627
78580,NSE-OIT,9764,50,10618,10630
78621,NSE-ZABA,10925,1,9325,9335
78621,NSE-SIMP,10024,4,9851,9862
78621,NSE-SIMP,10022,2,9850,9863
78621,NSE-OIT,9774,8,10615,10631
78622,NSE-CARD,9589,20,10807,10817
78633,NSE-CARD,9591,50,10808,10818
78634,NSE-OIT,9774,42,10631,10642
78634,NSE-OIT,9773,8,10633,10642
78721,NSE-CARD,9592,5,10810,10820
78721,NSE-CARD,9536,8,10291,10822
78721,NSE-CARD,9533,8,10273,10822
78721,NSE-CARD,9470,1,10260,10822
78721,NSE-CARD,9464,10,10255,10822
78721,NSE-CARD,9463,3,10172,10822
78721,NSE-CARD,9455,10,9935,10822
78721,NSE-CARD,9454,8,10239,10822
78721,NSE-CARD,9447,2,9843,10822
78721,NSE-CARD,9447,6,9843,10824
78721,NSE-CARD,9446,8,10201,10824
78721,NSE-CARD,9445,8,10002,10824
78721,NSE-CARD,9444,8,9967,10824
78721,NSE-CARD,9443,8,9937,10824
78721,NSE-CARD,9438,1,9848,10824
78721,NSE-CARD,9427,5,6504,10824
78721,NSE-CARD,9425,8,9902,10824
78721,NSE-CARD,9421,5,5522,10824
78721,NSE-CARD,9420,8,9872,10824
78721,NSE-CARD,9419,8,5997,10824
78721,NSE-CARD,9413,5,5535,10824
78721,NSE-CARD,9413,8,6009,10824
78721,NSE-CARD,9410,5,5429,10824
78721,NSE-CARD,9406,5,5397,10824
78721,NSE-CARD,9399,4,5367,10824
78721,NSE-CARD,9399,4,5367,10826
78721,NSE-CARD,9395,5,5431,10826
78721,NSE-CARD,9393,1,5109,10826
78721,NSE-CARD,9392,8,5295,10826
78721,NSE-CARD,9391,10,5093,10826
78721,NSE-CARD,9381,8,5314,10826
78722,NSE-DLKV,9943,1,9405,9461
78722,NSE-DLKV,9952,8,9349,9461
78722,NSE-OIT,9785,8,10597,10643
78722,NSE-OIT,9796,8,10562,10643
78723,NSE-ZABA,10950,8,8945,9346
78723,NSE-ZABA,10952,8,8410,9346
78723,NSE-ZABA,10957,8,8433,9346
78723,NSE-ZITO,9652,8,9566,9694
78723,NSE-ZITO,9649,8,6238,9694
78730,NSE-SIMP,10021,1,9875,9885
78766,NSE-ZITO,9644,34,9694,9703
78766,NSE-ZITO,9645,16,9696,9703
78766,NSE-SIMP,10023,50,9876,9886
78766,NSE-CARD,9375,50,10826,10831
78785,NSE-CARD,9375,8,10826,10833
78785,NSE-DLKV,9954,8,9461,9472
78785,NSE-OIT,9812,8,10643,10655
78785,NSE-SIMP,10021,8,9875,9888
78785,NSE-ZITO,9645,8,9696,9704
78786,NSE-ZITO,9645,20,9696,9706
78821,NSE-ZABA,10963,6,9162,9357
78821,NSE-ZITO,9645,9,9696,9707
78822,NSE-DLKV,9958,8,9394,9473
78822,NSE-SIMP,10025,8,9157,9889
78822,NSE-SIMP,10025,8,9239,9889
78822,NSE-SIMP,10025,8,9639,9889
78822,NSE-SIMP,10025,8,9772,9889
78823,NSE-ZABA,10963,2,9162,9358
78823,NSE-ZABA,10971,8,8335,9358
78823,NSE-ZABA,10975,8,8397,9358
78823,NSE-ZITO,9674,8,9705,9708
78919,NSE-CARD,9372,1,10836,10846
78921,NSE-DLKV,9970,8,9323,9483
78921,NSE-DLKV,9977,8,8722,9483
78922,NSE-SIMP,10027,8,9005,9900
78922,NSE-SIMP,10030,8,9555,9900
78922,NSE-SIMP,10032,8,9372,9900
78922,NSE-SIMP,10034,8,9503,9900
78922,NSE-SIMP,10037,2,7906,9900
78922,NSE-SIMP,10037,8,8816,9900
78922,NSE-SIMP,10038,5,8296,9900
78922,NSE-SIMP,10038,3,8600,9900
78922,NSE-SIMP,10038,2,8600,9902
78922,NSE-SIMP,10038,8,8758,9902
78922,NSE-SIMP,10039,8,8784,9902
78922,NSE-SIMP,10039,8,9459,9902
78922,NSE-SIMP,10040,5,8444,9902
78922,NSE-SIMP,10040,5,9846,9902
78922,NSE-SIMP,10042,5,9476,9902
78922,NSE-SIMP,10043,5,9622,9902
78922,NSE-SIMP,10044,5,9682,9902
78922,NSE-SIMP,10044,5,9736,9902
78928,NSE-CARD,9369,20,10848,10857
78928,NSE-CARD,9369,20,10848,10858
78928,NSE-CARD,9369,10,10848,10859
78928,NSE-CARD,9370,10,10850,10859
78928,NSE-ZABA,10991,20,9368,9378
78959,NSE-CARD,9370,8,10850,10862
78959,NSE-DLKV,9979,8,9483,9494
78959,NSE-SIMP,10044,8,9902,9911
78973,NSE-SIMP,10044,36,9902,9913
78973,NSE-SIMP,10043,14,9904,9913
79021,NSE-OIT,9786,2,10668,10679
79021,NSE-ZITO,9665,6,9720,9732
79021,NSE-CARD,9361,8,5091,10865
79022,NSE-ZITO,9659,8,9729,9734
79088,NSE-ZITO,9657,42,9734,9743
79088,NSE-ZITO,9658,8,9736,9743
79089,NSE-ZABA,10994,20,9380,9390
79089,NSE-CARD,9360,20,10865,10875
79089,NSE-CARD,9360,20,10865,10876
79089,NSE-CARD,9360,2,10865,10877
79089,NSE-CARD,9361,18,10867,10877
79089,NSE-CARD,9361,20,10867,10878
79121,NSE-CARD,9358,2,10864,10880
79121,NSE-SIMP,10039,1,9914,9925
79121,NSE-OIT,9789,8,10678,10691
79185,NSE-CARD,9357,5,10882,10894
79185,NSE-OIT,9805,5,10692,10703
79185,NSE-SIMP,10021,5,9927,9938
79185,NSE-ZITO,9674,5,9745,9758
79186,NSE-CARD,9357,5,10882,10895
79186,NSE-DLKV,9979,5,9517,9520
79186,NSE-OIT,9805,5,10692,10705
79186,NSE-SIMP,10021,5,9927,9940
79221,NSE-SIMP,10021,5,9927,9942
79221,NSE-CARD,9356,4,10891,10896
79221,NSE-CARD,9356,1,10891,10897
79221,NSE-DLKV,9982,8,9516,9521
79221,NSE-DLKV,9983,5,9518,9521
79221,NSE-DLKV,9990,8,8377,9521
79221,NSE-DLKV,9994,5,9437,9521
79221,NSE-DLKV,10001,5,9289,9521
79221,NSE-OIT,9786,8,10701,10708
79253,NSE-DLKV,10002,1,9521,9531
79253,NSE-ZITO,9663,1,9761,9770
79253,NSE-ZABA,11011,1,9405,9415
79270,NSE-CARD,9376,50,10898,10908
79321,NSE-CARD,9378,1,10899,10909
79321,NSE-OIT,9815,8,10702,10717
79334,NSE-DLKV,9995,8,9532,9543
79334,NSE-OIT,9817,8,10717,10728
79334,NSE-SIMP,10020,8,9954,9963
79361,NSE-ZABA,10997,20,9416,9427
79361,NSE-ZITO,9667,50,9773,9784
79361,NSE-SIMP,10020,42,9954,9965
79361,NSE-SIMP,10021,8,9956,9965
79361,NSE-CARD,9372,50,10910,10924
79421,NSE-CARD,9373,8,10921,10926
79421,NSE-CARD,9385,8,10892,10926
79422,NSE-ZITO,9661,8,9755,9787
79500,NSE-DLKV,9992,1,9545,9554
79500,NSE-ZITO,9652,20,9787,9796
79500,NSE-CARD,9394,8,10926,10938
79500,NSE-CARD,9394,20,10926,10939
79521,NSE-ZABA,11003,1,9429,9439
79521,NSE-DLKV,9990,1,9544,9555
79521,NSE-DLKV,10004,5,9334,9556
79521,NSE-DLKV,10005,8,8190,9556
79561,NSE-ZITO,9666,50,9797,9808
79621,NSE-OIT,9801,5,10739,10750
79621,NSE-SIMP,10022,7,9977,9986
79621,NSE-DLKV,10013,8,8202,9566
79621,NSE-DLKV,10015,8,8263,9566
79621,NSE-DLKV,10018,5,9290,9566
79622,NSE-ZITO,9670,8,9783,9809
79622,NSE-ZITO,9678,8,9666,9809
79624,NSE-ZABA,10992,20,9451,9460
79624,NSE-CARD,9382,10,10951,10961
79633,NSE-DLKV,10019,29,9566,9576
79633,NSE-DLKV,10017,71,9568,9576
79721,NSE-CARD,9384,9,10952,10962
79721,NSE-CARD,9384,2,10952,10963
79721,NSE-OIT,9803,1,10751,10761
79721,NSE-CARD,9356,3,10891,10965
79721,NSE-CARD,9345,8,10920,10965
79721,NSE-CARD,9342,8,5111,10965
79721,NSE-CARD,9339,8,5039,10965
79721,NSE-OIT,9821,8,10534,10762
79726,NSE-ZITO,9681,50,9819,9830
79726,NSE-SIMP,10022,50,9997,10007
79726,NSE-CARD,9315,23,10965,10974
79726,NSE-CARD,9316,27,10967,10974
79747,NSE-CARD,9316,8,10967,10976
79747,NSE-OIT,9829,8,10762,10773
79747,NSE-ZITO,9680,8,9821,9832
79756,NSE-DLKV,10015,5,9577,9589
79765,NSE-CARD,9316,20,10967,10978
79819,NSE-CARD,9316,45,10967,10980
79819,NSE-CARD,9317,5,10969,10980
79821,NSE-OIT,9831,8,10763,10774
79821,NSE-ZABA,11004,3,9461,9472
79903,NSE-CARD,9332,20,10983,10992
79903,NSE-ZITO,9657,20,9836,9845
79921,NSE-SIMP,10015,9,10012,10021
79921,NSE-ZITO,9655,4,9835,9846
79921,NSE-OIT,9834,8,10509,10785
79921,NSE-OIT,9836,8,10428,10785
79921,NSE-OIT,9838,8,10415,10785
79921,NSE-OIT,9838,8,10484,10785
79921,NSE-OIT,9840,8,10318,10785
79921,NSE-OIT,9840,8,10342,10785
79940,NSE-DLKV,10009,50,9600,9610
79940,NSE-DLKV,10007,50,9602,9610
79940,NSE-CARD,9337,50,10994,11003
79960,NSE-CARD,9338,1,10996,11005
79980,NSE-ZITO,9684,50,9847,9858
79980,NSE-CARD,9338,50,10996,11006
79980,NSE-CARD,9338,8,10996,11008
79980,NSE-DLKV,10007,8,9602,9612
79980,NSE-OIT,9850,2,10785,10797
79980,NSE-OIT,9849,6,10787,10797
79980,NSE-ZITO,9683,8,9849,9860
80005,NSE-ZITO,9683,50,9849,9861
80005,NSE-CARD,9335,50,10993,11010
80021,NSE-SIMP,10026,1,10008,10034
80021,NSE-SIMP,10026,3,10023,10034
80021,NSE-OIT,9849,2,10787,10798
80055,NSE-CARD,9321,8,11012,11025
80055,NSE-DLKV,9989,8,9614,9623
80055,NSE-OIT,9858,8,10799,10810
80104,NSE-ZITO,9681,1,9863,9875
80104,NSE-ZABA,11006,1,9494,9506
80121,NSE-ZITO,9679,2,9862,9876
80121,NSE-CARD,9319,7,11011,11028
80121,NSE-DLKV,9997,1,9625,9626
80121,NSE-ZABA,11027,8,7326,9507
80122,NSE-ZITO,9688,8,9730,9877
80122,NSE-ZITO,9690,8,9756,9877
80221,NSE-DLKV,10014,1,9626,9636
80221,NSE-ZABA,11032,5,9508,9517
80221,NSE-SIMP,10031,8,10046,10057
80221,NSE-SIMP,10041,8,9937,10057
80235,NSE-DLKV,9991,8,9638,9647
80235,NSE-SIMP,10041,8,10057,10068
80235,NSE-ZITO,9668,8,9888,9897
80261,NSE-CARD,9342,20,11039,11051
80291,NSE-CARD,9342,30,11039,11052
80291,NSE-CARD,9341,20,11041,11052
80321,NSE-CARD,9344,4,11040,11053
80321,NSE-SIMP,10041,9,10057,10069
80321,NSE-DLKV,9987,8,9587,9650
80321,NSE-SIMP,10042,8,10010,10070
80321,NSE-SIMP,10044,8,10033,10070
80322,NSE-ZITO,9667,8,9872,9902
80354,NSE-CARD,9336,50,11054,11064
80388,NSE-CARD,9335,50,11056,11065
80402,NSE-CARD,9335,8,11056,11067
80402,NSE-SIMP,10044,8,10070,10081
80402,NSE-ZITO,9663,8,9902,9913
80403,NSE-ZABA,11022,20,9529,9540
80403,NSE-ZITO,9663,10,9902,9915
80403,NSE-ZABA,11022,20,9529,9541
80403,NSE-CARD,9335,20,11056,11068
80403,NSE-CARD,9335,20,11056,11069
80421,NSE-ZITO,9661,9,9901,9916
80421,NSE-SIMP,10044,8,10070,10082
80421,NSE-CARD,9338,9,11055,11070
80421,NSE-SIMP,10046,6,9029,10083
80421,NSE-ZITO,9663,4,9902,9917
80421,NSE-DLKV,9976,8,9611,9662
80421,NSE-DLKV,9973,8,9659,9662
80421,NSE-OIT,9858,1,10843,10847
80421,NSE-OIT,9861,5,10403,10847
80421,NSE-OIT,9865,8,10832,10847
80421,NSE-OIT,9870,5,10400,10847
80421,NSE-OIT,9870,5,10497,10847
80421,NSE-OIT,9872,8,10296,10847
80421,NSE-OIT,9873,5,10402,10847
80421,NSE-OIT,9873,8,10845,10847
80421,NSE-OIT,9874,5,10612,10847
80422,NSE-SIMP,10046,2,9029,10084
80422,NSE-SIMP,10047,5,8629,10084
80506,NSE-ZITO,9666,5,9918,9928
80520,NSE-ZITO,9668,20,9919,9929
80521,NSE-ZABA,11029,4,9543,9553
80521,NSE-ZABA,11029,3,9543,9554
80521,NSE-DLKV,9965,1,9661,9671
80521,NSE-ZITO,9668,5,9919,9930
80521,NSE-ZITO,9668,3,9919,9931
80521,NSE-CARD,9330,10,11072,11082
80521,NSE-DLKV,9963,5,9519,9673
80521,NSE-DLKV,9955,8,9542,9673
80521,NSE-DLKV,9953,8,9515,9673
80521,NSE-OIT,9875,5,10450,10858
80521,NSE-SIMP,10048,5,9626,10094
80521,NSE-SIMP,10049,5,8727,10094
80521,NSE-SIMP,10050,8,7231,10094
80521,NSE-SIMP,10050,8,8870,10094
80521,NSE-SIMP,10050,5,9627,10094
80533,NSE-SIMP,10052,1,10094,10104
80533,NSE-DLKV,9931,1,9673,9682
80533,NSE-CARD,9340,1,11084,11093
80533,NSE-ZITO,9662,50,9933,9942
80621,NSE-CARD,9338,4,11083,11095
80621,NSE-DLKV,9929,7,9672,9683
80621,NSE-OIT,9877,6,10859,10868
80621,NSE-ZABA,11043,5,9556,9565
80621,NSE-CARD,9321,8,11049,11097
80691,NSE-ZABA,11045,20,9566,9576
80721,NSE-OIT,9854,6,10869,10879
80721,NSE-ZITO,9647,8,9831,9954
80721,NSE-ZITO,9642,8,9782,9954
80754,NSE-OIT,9863,1,10881,10890
80754,NSE-ZITO,9637,1,9954,9963
80819,NSE-ZITO,9637,33,9954,9964
80819,NSE-ZITO,9638,17,9956,9964
80819,NSE-CARD,9325,50,11107,11118
80821,NSE-DLKV,9939,2,9694,9704
80821,NSE-ZABA,11027,3,9577,9589
80821,NSE-SIMP,10039,6,10116,10126
80821,NSE-SIMP,10037,3,10115,10127
80870,NSE-ZITO,9664,50,9966,9975
80870,NSE-CARD,9322,50,11121,11130
80893,NSE-CARD,9323,50,11123,11132
80917,NSE-CARD,9320,20,11120,11135
80922,NSE-ZABA,11029,1,9587,9600
80938,NSE-CARD,9330,50,11136,11147
80955,NSE-CARD,9329,50,11138,11150
80956,NSE-DLKV,9923,8,9716,9725
81021,NSE-ZITO,9656,7,9978,9991
81021,NSE-OIT,9861,2,10904,10915
81046,NSE-ZITO,9664,50,9992,10003
81046,NSE-CARD,9329,50,11152,11162
81067,NSE-CARD,9328,8,11148,11164
81067,NSE-CARD,9328,2,11154,11164
81090,NSE-CARD,9331,5,11153,11165
81090,NSE-ZABA,11023,1,9612,9621
81090,NSE-OIT,9861,20,10917,10926
81090,NSE-DLKV,9923,5,9728,9737
81090,NSE-OIT,9861,5,10917,10927
81090,NSE-ZITO,9663,5,9994,10005
81090,NSE-CARD,9331,5,11153,11166
81109,NSE-DLKV,9922,1,9739,9740
81109,NSE-DLKV,9923,7,9728,9740
81121,NSE-SIMP,10032,1,10151,10162
81121,NSE-ZABA,11023,4,9612,9624
81122,NSE-SIMP,10053,5,9624,10163
81122,NSE-SIMP,10053,5,9847,10163
81122,NSE-SIMP,10055,8,9964,10163
81122,NSE-SIMP,10056,5,8729,10163
81122,NSE-SIMP,10056,8,10149,10163
81122,NSE-SIMP,10057,5,9488,10163
81122,NSE-ZABA,11016,8,9610,9626
81180,NSE-ZITO,9654,50,10009,10018
81180,NSE-CARD,9332,50,11169,11179
81221,NSE-SIMP,10059,6,10163,10173
81221,NSE-ZABA,11012,7,9626,9635
81221,NSE-CARD,9334,4,11170,11180
81221,NSE-DLKV,9913,8,9493,9753
81221,NSE-DLKV,9912,8,9471,9753
81221,NSE-ZABA,11007,8,9528,9637
81221,NSE-ZABA,11007,8,9623,9637
81238,NSE-CARD,9331,20,11181,11191
81238,NSE-CARD,9331,8,11181,11192
81254,NSE-ZITO,9662,50,10020,10029
81254,NSE-CARD,9331,22,11181,11195
81254,NSE-CARD,9330,28,11183,11195
81284,NSE-OIT,9857,5,10942,10951
81284,NSE-SIMP,10039,5,10175,10185
81284,NSE-ZITO,9660,5,10019,10031
81321,NSE-SIMP,10039,1,10175,10187
81321,NSE-SIMP,10037,4,10174,10188
81321,NSE-ZITO,9660,9,10019,10032
81321,NSE-CARD,9350,8,11050,11196
81321,NSE-CARD,9350,8,11168,11196
81321,NSE-DLKV,9904,1,9450,9763
81341,NSE-CARD,9350,8,11196,11207
81341,NSE-DLKV,9899,8,9763,9772
81341,NSE-ZABA,10997,8,9648,9657
81357,NSE-CARD,9350,26,11196,11209
81357,NSE-CARD,9349,24,11198,11209
81385,NSE-CARD,9349,20,11198,11210
81421,NSE-CARD,9352,9,11197,11212
81421,NSE-DLKV,9899,6,9763,9774
81421,NSE-CARD,9331,1,11211,11214
81421,NSE-CARD,9322,8,11167,11214
81421,NSE-CARD,9321,10,11163,11214
81421,NSE-DLKV,9894,1,8895,9776
81421,NSE-SIMP,10049,1,10184,10202
81421,NSE-SIMP,10058,8,10200,10202
81421,NSE-SIMP,10060,8,10161,10202
81422,NSE-ZABA,10996,8,9471,9660
81422,NSE-ZABA,10991,8,9539,9660
81422,NSE-ZITO,9666,8,10044,10047
81449,NSE-CARD,9320,31,11214,11223
81449,NSE-CARD,9321,19,11216,11223
81495,NSE-ZABA,10986,20,9660,9669
81509,NSE-CARD,9321,5,11216,11225
81509,NSE-DLKV,9884,5,9776,9785
81509,NSE-OIT,9847,5,10967,10976
81509,NSE-CARD,9321,5,11216,11226
81509,NSE-DLKV,9884,5,9776,9787
81509,NSE-OIT,9847,5,10967,10978
81521,NSE-CARD,9318,1,11213,11227
81521,NSE-ZABA,10984,5,9493,9672
81521,NSE-OIT,9844,8,10844,10981
81521,NSE-OIT,9841,8,10913,10981
81521,NSE-OIT,9840,8,10963,10981
81521,NSE-OIT,9838,8,10929,10981
81521,NSE-OIT,9835,8,10831,10981
81521,NSE-SIMP,10052,5,10212,10215
81522,NSE-ZABA,10984,3,9493,9674
81522,NSE-ZABA,10979,8,9426,9674
81522,NSE-ZABA,10973,8,9505,9674
81522,NSE-ZABA,10964,8,9402,9674
81522,NSE-ZITO,9676,8,10007,10058
81596,NSE-CARD,9324,50,11229,11238
81621,NSE-ZITO,9678,5,10059,10070
81621,NSE-SIMP,10029,8,10160,10225
81621,NSE-SIMP,10027,8,10199,10225
81621,NSE-SIMP,10026,8,10148,10225
81621,NSE-SIMP,10013,8,10032,10225
81621,NSE-SIMP,10011,8,9936,10225
81621,NSE-SIMP,10011,8,10009,10225
81621,NSE-SIMP,10009,2,10067,10225
81621,NSE-SIMP,10009,6,10067,10227
81622,NSE-OIT,9827,10,10991,11000
81622,NSE-ZABA,10932,20,9685,9694
81696,NSE-OIT,9827,1,10991,11001
81721,NSE-ZITO,9670,2,10071,10081
81721,NSE-SIMP,10009,6,10227,10234
81721,NSE-DLKV,9911,7,9801,9810
81721,NSE-CARD,9306,8,11066,11252
81721,NSE-CARD,9305,8,11206,11252
81721,NSE-CARD,9104,8,4932,11252
81721,NSE-CARD,9091,8,4905,11252
81767,NSE-CARD,9083,18,11252,11261
81767,NSE-CARD,9084,2,11254,11261
81798,NSE-CARD,9084,50,11254,11263
81821,NSE-DLKV,9913,4,9811,9821
81821,NSE-CARD,9084,8,11254,11265
81821,NSE-DLKV,9907,1,9799,9823
81834,NSE-CARD,9100,8,11267,11276
81834,NSE-DLKV,9899,8,9823,9832
81834,NSE-OIT,9819,8,11013,11022
81834,NSE-SIMP,10057,8,10245,10256
81834,NSE-ZABA,10937,8,9706,9715
81852,NSE-ZITO,9675,50,10094,10105
81852,NSE-CARD,9100,42,11267,11278
81852,NSE-CARD,9101,8,11269,11278
81905,NSE-CARD,9101,50,11269,11280
81921,NSE-ZITO,9676,6,10096,10107
81921,NSE-SIMP,10062,8,7346,10260
81921,NSE-SIMP,10063,8,7643,10260
81921,NSE-SIMP,10067,5,9385,10260
81921,NSE-SIMP,10072,5,8731,10260
81921,NSE-SIMP,10073,5,9319,10260
81921,NSE-SIMP,10074,5,9321,10260
81921,NSE-SIMP,10075,5,9152,10260
81921,NSE-SIMP,10076,5,9474,10260
81921,NSE-SIMP,10078,4,8977,10260
81921,NSE-SIMP,10078,1,8977,10262
81922,NSE-ZITO,9663,1,10068,10109
81922,NSE-ZABA,10951,20,9718,9727
81922,NSE-ZITO,9655,5,10108,10118
81940,NSE-ZITO,9657,49,10109,10119
81940,NSE-ZITO,9658,1,10111,10119
81957,NSE-CARD,9093,8,11283,11293
81957,NSE-DLKV,9929,8,9834,9845
81957,NSE-OIT,9845,8,11024,11035
81957,NSE-SIMP,10080,8,10262,10272
81957,NSE-ZITO,9658,8,10111,10120
82021,NSE-ZITO,9658,6,10111,10122
82021,NSE-ZITO,9658,7,10111,10123
82021,NSE-ZITO,9658,1,10111,10124
82021,NSE-DLKV,9929,3,9834,9846
82023,NSE-ZABA,10978,8,9729,9730
82062,NSE-CARD,9078,10,11296,11305
82062,NSE-CARD,9078,40,11296,11307
82062,NSE-CARD,9079,100,11298,11307
82062,NSE-CARD,9080,150,11300,11307
82062,NSE-CARD,9081,200,11302,11307
82062,NSE-CARD,9082,250,11304,11307
82121,NSE-ZITO,9660,1,10126,10135
82121,NSE-DLKV,9911,8,9848,9857
82121,NSE-DLKV,9936,8,9833,9858
82121,NSE-DLKV,9943,8,9773,9858
82121,NSE-DLKV,9945,5,9786,9858
82121,NSE-DLKV,9955,5,9788,9858
82122,NSE-ZABA,10998,1,9683,9741
82122,NSE-ZITO,9652,8,9989,10137
82122,NSE-ZITO,9650,8,10103,10137
82122,NSE-ZITO,9647,8,10006,10137
82137,NSE-CARD,9078,8,11313,11322
82137,NSE-DLKV,9963,8,9858,9869
82137,NSE-OIT,9843,8,11046,11057
82137,NSE-ZABA,11005,8,9741,9752
82137,NSE-ZITO,9644,8,10137,10146
82221,NSE-ZITO,9644,1,10137,10148
82221,NSE-CARD,9078,6,11313,11325
82221,NSE-OIT,9845,7,11047,11058
82221,NSE-SIMP,10042,8,10295,10298
82236,NSE-CARD,9098,1,11327,11336
82301,NSE-CARD,9096,50,11326,11338
82321,NSE-ZABA,10983,2,9753,9763
82321,NSE-ZITO,9674,1,10149,10159
82321,NSE-ZABA,10983,6,9753,9764
82321,NSE-CARD,9100,10,11306,11339
82407,NSE-CARD,9108,20,11339,11349
82421,NSE-ZABA,10984,2,9766,9776
82421,NSE-SIMP,10054,9,10307,10317
82421,NSE-ZITO,9655,4,10161,10170
82421,NSE-CARD,9108,6,11339,11350
82421,NSE-ZITO,9653,1,10160,10171
82421,NSE-OIT,9859,1,10965,11079
82421,NSE-OIT,9862,5,10979,11079
82421,NSE-OIT,9867,8,10930,11079
82421,NSE-OIT,9869,8,10964,11079
82421,NSE-OIT,9870,8,10914,11079
82421,NSE-OIT,9872,5,10952,11079
82421,NSE-OIT,9874,8,11023,11079
82492,NSE-CARD,9097,50,11351,11361
82521,NSE-OIT,9883,5,10977,11089
82521,NSE-OIT,9884,5,10706,11089
82521,NSE-OIT,9885,5,10449,11089
82521,NSE-OIT,9887,8,8682,11089
82521,NSE-OIT,9888,8,7948,11089
82521,NSE-OIT,9889,5,10613,11089
82521,NSE-OIT,9891,8,8082,11089
82521,NSE-OIT,9891,5,10398,11089
82522,NSE-OIT,9891,1,11089,11099
82522,NSE-ZITO,9658,1,10183,10192
82530,NSE-CARD,9112,50,11363,11373
82621,NSE-SIMP,10054,2,10329,10339
82621,NSE-CARD,9113,8,11323,11375
82621,NSE-CARD,9114,2,11364,11375
82622,NSE-ZABA,10997,1,9797,9798
82622,NSE-ZITO,9678,8,10104,10193
82622,NSE-ZITO,9682,8,9990,10193
82622,NSE-ZITO,9689,8,10147,10193
82622,NSE-ZITO,9691,8,10121,10193
82622,NSE-ZITO,9693,8,9651,10193
82625,NSE-CARD,9113,50,11376,11386
82625,NSE-CARD,9112,20,11378,11387
82625,NSE-CARD,9112,8,11378,11389
82625,NSE-SIMP,10046,8,10341,10350
82625,NSE-ZABA,11020,8,9798,9810
82625,NSE-ZITO,9693,8,10193,10204
82678,NSE-CARD,9112,50,11378,11391
82714,NSE-CARD,9112,8,11378,11393
82714,NSE-OIT,9838,8,11101,11112
82714,NSE-ZABA,11020,8,9798,9812
82714,NSE-ZITO,9693,2,10193,10206
82714,NSE-ZITO,9692,6,10195,10206
82721,NSE-CARD,9112,10,11378,11394
82721,NSE-ZABA,11020,2,9798,9813
82721,NSE-ZABA,11020,7,9798,9814
82721,NSE-ZITO,9692,6,10195,10207
82721,NSE-ZITO,9692,6,10195,10208
82721,NSE-CARD,9112,4,11378,11395
82721,NSE-CARD,9111,4,11380,11395
82721,NSE-CARD,9078,8,11388,11397
82721,NSE-CARD,9074,8,11392,11397
82721,NSE-DLKV,9915,8,9921,9927
82721,NSE-DLKV,9911,1,9910,9927
82721,NSE-OIT,9860,8,11111,11114
82752,NSE-SIMP,10049,50,10355,10364
82752,NSE-CARD,8898,34,11397,11406
82752,NSE-CARD,8899,16,11399,11406
82811,NSE-CARD,8899,20,11399,11409
82811,NSE-OIT,9872,1,11113,11125
82821,NSE-CARD,8899,1,11399,11410
82821,NSE-OIT,9871,5,11114,11126
82821,NSE-OIT,9872,2,11113,11127
82842,NSE-SIMP,10046,50,10366,10375
82842,NSE-CARD,8899,50,11412,11421
82921,NSE-DLKV,9924,2,9925,9946
82921,NSE-DLKV,9924,6,9925,9947
82921,NSE-OIT,9831,8,11110,11139
82933,NSE-OIT,9827,20,11139,11149
82933,NSE-CARD,8917,50,11423,11434
82947,NSE-CARD,8919,1,11424,11435
82993,NSE-CARD,8919,8,11424,11436
82993,NSE-DLKV,9930,8,9948,9957
83021,NSE-CARD,8919,6,11424,11439
83021,NSE-ZABA,10987,5,9836,9850
83021,NSE-CARD,8919,9,11424,11440
83022,NSE-SIMP,10039,8,10389,10393
83022,NSE-SIMP,10036,8,10352,10393
83022,NSE-ZABA,10981,8,9811,9852
83030,NSE-CARD,8905,50,11441,11451
83030,NSE-CARD,8904,10,11443,11453
83090,NSE-ZITO,9663,1,10242,10251
83090,NSE-DLKV,9908,1,9960,9969
83121,NSE-DLKV,9897,8,9844,9971
83121,NSE-DLKV,9895,8,9924,9971
83121,NSE-DLKV,9883,8,9868,9971
83121,NSE-DLKV,9880,8,8918,9971
83121,NSE-DLKV,9878,8,8883,9971
83121,NSE-DLKV,9877,8,7570,9971
83121,NSE-DLKV,9875,2,7186,9971
83121,NSE-DLKV,9875,6,7186,9973
83122,NSE-OIT,9852,8,11151,11162
83171,NSE-CARD,8910,50,11459,11468
83221,NSE-ZITO,9655,3,10252,10262
83221,NSE-ZABA,10984,2,9863,9872
83221,NSE-CARD,8898,10,11452,11472
83221,NSE-OIT,9872,5,11113,11172
83222,NSE-SIMP,10044,1,10388,10413
83222,NSE-SIMP,10057,1,10284,10413
83224,NSE-ZABA,10969,20,9874,9883
83224,NSE-ZABA,10969,20,9874,9884
83237,NSE-SIMP,10059,48,10413,10423
83237,NSE-SIMP,10058,2,10415,10423
83237,NSE-CARD,8897,40,11472,11483
83237,NSE-CARD,8898,10,11474,11483
83238,NSE-CARD,8898,8,11474,11485
83238,NSE-DLKV,9869,8,9981,9990
83238,NSE-OIT,9875,8,11172,11183
83238,NSE-SIMP,10058,8,10415,10425
83286,NSE-OIT,9875,1,11172,11184
83321,NSE-ZABA,10968,7,9885,9887
83354,NSE-SIMP,10057,50,10426,10437
83354,NSE-CARD,8910,50,11488,11497
83354,NSE-CARD,8908,50,11487,11498
83398,NSE-SIMP,10056,8,10428,10439
83421,NSE-ZITO,9656,7,10276,10287
83421,NSE-DLKV,9874,5,9993,10004
83421,NSE-DLKV,9882,8,10003,10005
83421,NSE-OIT,9838,8,11195,11198
83514,NSE-CARD,8917,50,11502,11513
83521,NSE-OIT,9830,8,11197,11207
83521,NSE-SIMP,10048,1,10440,10450
83521,NSE-ZITO,9661,2,10289,10298
83521,NSE-CARD,8919,9,11503,11514
83521,NSE-ZABA,10981,1,9900,9910
83572,NSE-CARD,8910,50,11515,11527
83621,NSE-DLKV,9891,9,10016,10025
83621,NSE-CARD,8909,7,11517,11528
83621,NSE-SIMP,10050,7,10452,10462
83621,NSE-OIT,9856,3,11209,11220
83622,NSE-ZITO,9646,8,10273,10310
83622,NSE-ZITO,9644,8,10205,10310
83653,NSE-CARD,8904,50,11530,11539
83653,NSE-OIT,9846,8,11222,11231
83653,NSE-SIMP,10030,8,10464,10473
83653,NSE-ZABA,10991,8,9922,9933
83653,NSE-ZITO,9643,8,10310,10319
83670,NSE-OIT,9846,20,11222,11233
83721,NSE-ZABA,10991,2,9922,9934
83721,NSE-OIT,9846,1,11222,11235
83721,NSE-CARD,8909,8,11542,11545
83721,NSE-CARD,8922,8,11500,11545
83721,NSE-CARD,8930,8,11486,11545
83721,NSE-DLKV,9882,8,10037,10038
83721,NSE-ZABA,10968,1,9885,9936
83721,NSE-ZABA,10965,8,9848,9936
83721,NSE-ZABA,10965,8,9898,9936
83793,NSE-CARD,8957,26,11545,11556
83793,NSE-CARD,8956,24,11547,11556
83821,NSE-DLKV,9891,7,10038,10048
83821,NSE-CARD,8959,9,11546,11557
83821,NSE-ZABA,10955,6,9935,9946
83821,NSE-DLKV,9867,1,7223,10050
83821,NSE-DLKV,9867,8,8896,10050
83822,NSE-ZABA,10952,8,9932,9948
83822,NSE-ZABA,10945,8,9728,9948
83822,NSE-ZABA,10932,8,9809,9948
83822,NSE-ZABA,10927,8,9379,9948
83822,NSE-ZITO,9642,8,10203,10332
83822,NSE-ZITO,9641,8,10285,10332
83822,NSE-ZITO,9639,8,10239,10332
83854,NSE-CARD,8969,50,11558,11569
83882,NSE-CARD,8968,8,11560,11571
83882,NSE-ZABA,10926,8,9948,9957
83883,NSE-SIMP,10051,1,10485,10497
83883,NSE-ZITO,9639,1,10332,10342
83883,NSE-DLKV,9866,1,10050,10061
83921,NSE-CARD,8968,7,11560,11573
83921,NSE-CARD,8968,9,11560,11574
83921,NSE-ZITO,9639,4,10332,10343
83921,NSE-SIMP,10042,8,10495,10499
83922,NSE-ZITO,9637,8,10043,10345
83922,NSE-ZITO,9636,8,9859,10345
83963,NSE-CARD,8957,5,11576,11586
83963,NSE-DLKV,9878,5,10063,10072
83963,NSE-OIT,9838,5,11260,11269
83963,NSE-SIMP,10036,5,10499,10508
83979,NSE-CARD,8957,45,11576,11587
83979,NSE-CARD,8958,5,11578,11587
84021,NSE-ZABA,10947,3,9961,9971
84021,NSE-OIT,9838,3,11260,11271
84021,NSE-DLKV,9876,3,10062,10074
84021,NSE-OIT,9838,7,11260,11272
84021,NSE-OIT,9836,5,11259,11273
84067,NSE-CARD,8941,50,11590,11599
84067,NSE-CARD,8942,100,11592,11599
84067,NSE-CARD,8943,150,11594,11599
84067,NSE-CARD,8944,200,11596,11599
84067,NSE-CARD,8945,250,11598,11599
84121,NSE-DLKV,9866,9,10075,10085
84121,NSE-SIMP,10046,5,10510,10520
84121,NSE-CARD,8969,10,11602,11605
84121,NSE-OIT,9833,8,11257,11285
84121,NSE-OIT,9832,1,11246,11285
84133,NSE-CARD,8941,8,11604,11614
84133,NSE-DLKV,9863,8,10087,10096
84134,NSE-CARD,8941,20,11604,11615
84162,NSE-CARD,8943,40,11605,11617
84162,NSE-CARD,8944,10,11607,11617
84213,NSE-ZABA,10926,5,9983,9993
84221,NSE-SIMP,10037,2,10522,10533
84221,NSE-CARD,8941,10,11604,11619
84221,NSE-OIT,9823,8,11150,11296
84221,NSE-ZABA,10923,50,9334,9995
84221,NSE-ZABA,10923,50,9334,9997
84221,NSE-ZABA,10918,8,9751,9997
84221,NSE-ZABA,10909,8,9356,9997
84221,NSE-ZABA,10898,8,9239,9997
84221,NSE-ZABA,10892,8,9077,9997
84221,NSE-ZABA,10891,8,9054,9997
84265,NSE-CARD,8941,50,11621,11630
84296,NSE-DLKV,9886,8,10098,10108
84296,NSE-OIT,9820,8,11296,11305
84321,NSE-ZABA,10886,1,9997,10005
84321,NSE-CARD,8942,6,11623,11633
84322,NSE-DLKV,9858,8,10059,10110
84322,NSE-DLKV,9854,8,7471,10110
84322,NSE-DLKV,9853,8,10036,10110
84322,NSE-DLKV,9852,8,10002,10110
84322,NSE-SIMP,10062,8,10544,10545
84322,NSE-SIMP,10064,8,10531,10545
84322,NSE-SIMP,10067,8,10353,10545
84322,NSE-SIMP,10070,8,10390,10545
84322,NSE-SIMP,10072,8,10496,10545
84322,NSE-SIMP,10073,8,10296,10545
84322,NSE-SIMP,10074,2,10474,10545
84323,NSE-ZITO,9647,8,10385,10386
84327,NSE-OIT,9822,7,11308,11317
84327,NSE-ZABA,10883,10,10007,10016
84345,NSE-CARD,8936,50,11635,11644
84421,NSE-ZABA,10883,5,10007,10017
84421,NSE-OIT,9822,8,11308,11318
84421,NSE-SIMP,10073,9,10547,10555
84421,NSE-SIMP,10074,6,10474,10556
84421,NSE-SIMP,10081,5,9315,10556
84421,NSE-SIMP,10081,5,9413,10556
84421,NSE-SIMP,10083,5,8894,10556
84421,NSE-SIMP,10083,5,9159,10556
84421,NSE-SIMP,10084,5,9325,10556
84421,NSE-SIMP,10085,5,8896,10556
84421,NSE-SIMP,10086,8,7552,10556
84448,NSE-ZABA,10916,50,10019,10028
84448,NSE-ZABA,10918,50,10021,10028
84448,NSE-CARD,8931,50,11647,11657
84464,NSE-CARD,8932,5,11649,11659
84464,NSE-DLKV,9862,5,10120,10129
84464,NSE-OIT,9842,5,11320,11329
84515,NSE-DLKV,9862,8,10120,10131
84515,NSE-OIT,9840,8,11319,11332
84515,NSE-SIMP,10086,6,10556,10569
84515,NSE-SIMP,10085,2,10558,10569
84515,NSE-ZABA,10912,8,10018,10032
84521,NSE-ZABA,10912,6,10018,10033
84522,NSE-SIMP,10075,5,10566,10571
84522,NSE-ZITO,9643,5,10406,10409
84554,NSE-CARD,8938,50,11664,11673
84554,NSE-CARD,8939,100,11666,11673
84554,NSE-CARD,8940,150,11668,11673
84554,NSE-CARD,8941,13,11670,11673
84621,NSE-OIT,9854,6,11333,11343
84621,NSE-SIMP,10065,4,10571,10580
84621,NSE-OIT,9854,2,11333,11344
84621,NSE-ZABA,10922,6,10035,10044
84621,NSE-ZITO,9645,5,10410,10419
84621,NSE-CARD,8927,8,11661,11675
84621,NSE-CARD,8919,1,11572,11675
84631,NSE-CARD,8919,1,11675,11684
84658,NSE-CARD,8919,40,11675,11685
84658,NSE-CARD,8920,10,11677,11685
84721,NSE-ZABA,10939,4,10045,10056
84721,NSE-CARD,8917,5,11674,11687
84721,NSE-CARD,8953,8,11662,11688
84721,NSE-CARD,8970,10,11603,11688
84721,NSE-CARD,8982,8,11632,11688
84721,NSE-DLKV,9887,8,10060,10153
84721,NSE-DLKV,9901,8,10132,10153
84741,NSE-CARD,9016,24,11688,11698
84741,NSE-CARD,9015,26,11690,11698
84796,NSE-ZABA,10948,20,10057,10067
84806,NSE-CARD,9015,8,11690,11700
84806,NSE-DLKV,9902,8,10153,10165
84806,NSE-OIT,9840,8,11356,11367
84806,NSE-SIMP,10056,8,10594,10604
84806,NSE-ZABA,10948,8,10057,10069
84821,NSE-OIT,9842,1,11357,11368
84821,NSE-DLKV,9904,7,10097,10166
84822,NSE-ZABA,10952,8,10004,10070
84921,NSE-ZABA,10958,3,10070,10080
84921,NSE-ZABA,10962,8,10071,10081
84921,NSE-ZABA,10962,7,10071,10082
84921,NSE-DLKV,9904,1,10097,10177
84921,NSE-ZITO,9641,1,10440,10454
84921,NSE-ZITO,9636,8,10441,10454
84921,NSE-ZITO,9623,8,10407,10454
84930,NSE-ZABA,10951,1,10083,10093
84993,NSE-CARD,9014,50,11712,11722
85021,NSE-CARD,9016,6,11713,11723
85021,NSE-ZITO,9618,5,10453,10463
85021,NSE-DLKV,9915,1,10177,10187
85049,NSE-CARD,9026,50,11724,11734
85069,NSE-CARD,9025,50,11726,11735
85069,NSE-CARD,9025,20,11726,11737
85069,NSE-CARD,9025,20,11726,11738
85088,NSE-CARD,9028,5,11725,11739
85088,NSE-DLKV,9923,5,10189,10198
85088,NSE-OIT,9840,5,11391,11400
85088,NSE-SIMP,10054,5,10627,10636
85088,NSE-CARD,9028,5,11725,11740
85088,NSE-DLKV,9923,5,10189,10200
85088,NSE-OIT,9840,5,11391,11402
85088,NSE-CARD,9028,5,11725,11741
85088,NSE-DLKV,9923,5,10189,10202
85088,NSE-OIT,9840,5,11391,11404
85088,NSE-CARD,9028,5,11725,11742
85105,NSE-CARD,9025,10,11726,11743
85105,NSE-CARD,9024,40,11728,11743
85120,NSE-CARD,9024,8,11728,11745
85120,NSE-DLKV,9921,8,10188,10205
85120,NSE-SIMP,10054,8,10627,10640
85120,NSE-ZABA,10961,8,10094,10110
85121,NSE-DLKV,9921,5,10188,10206
85121,NSE-CARD,9028,3,11725,11746
85121,NSE-OIT,9838,2,11390,11408
85122,NSE-SIMP,10050,5,10638,10643
85123,NSE-ZITO,9640,5,10475,10481
85123,NSE-ZITO,9642,5,10476,10481
85165,NSE-CARD,9015,50,11747,11758
85221,NSE-ZABA,10956,4,10111,10121
85221,NSE-ZABA,10956,3,10111,10122
85221,NSE-OIT,9847,4,11409,11419
85222,NSE-ZITO,9647,5,10477,10491
85222,NSE-ZITO,9652,8,10408,10491
85222,NSE-ZITO,9654,8,10480,10491
85267,NSE-CARD,9025,50,11760,11769
85310,NSE-CARD,9026,1,11762,11772
85321,NSE-ZABA,10945,2,10124,10133
85321,NSE-DLKV,9927,5,10199,10227
85321,NSE-DLKV,9929,5,10073,10227
85321,NSE-DLKV,9934,5,10130,10227
85321,NSE-DLKV,9942,5,10203,10227
85321,NSE-OIT,9826,8,11406,11431
85321,NSE-OIT,9820,1,11355,11431
85321,NSE-OIT,9815,8,11034,11431
85321,NSE-OIT,9811,8,11182,11431
85321,NSE-OIT,9810,1,10795,11431
85321,NSE-ZITO,9661,8,10374,10501
85321,NSE-ZITO,9665,8,10442,10501
85321,NSE-ZITO,9668,8,10240,10501
85321,NSE-ZITO,9669,8,10341,10501
85321,NSE-ZITO,9670,8,10286,10501
85321,NSE-ZITO,9673,8,10320,10501
85321,NSE-ZITO,9675,2,10274,10501
85322,NSE-ZITO,9675,6,10274,10503
85345,NSE-DLKV,9942,8,10227,10238
85345,NSE-OIT,9809,8,11431,11440
85345,NSE-SIMP,10034,8,10664,10673
85345,NSE-ZITO,9677,8,10503,10512
85421,NSE-SIMP,10032,2,10663,10675
85421,NSE-ZITO,9680,5,10502,10513
85421,NSE-DLKV,9942,2,10227,10239
85421,NSE-CARD,8999,8,11783,11786
85422,NSE-SIMP,10031,1,10591,10677
85422,NSE-ZABA,10976,8,10145,10147
85422,NSE-ZABA,10986,8,9958,10147
85422,NSE-ZABA,10991,1,9959,10147
85429,NSE-CARD,8992,42,11786,11795
85429,NSE-CARD,8993,8,11788,11795
85447,NSE-SIMP,10031,49,10677,10686
85447,NSE-SIMP,10032,1,10679,10686
85447,NSE-CARD,8993,50,11788,11797
85486,NSE-OIT,9830,1,11443,11452
85500,NSE-CARD,8993,8,11788,11800
85514,NSE-DLKV,9936,8,10240,10251
85514,NSE-OIT,9830,8,11443,11453
85514,NSE-ZABA,10991,8,10147,10158
85514,NSE-ZITO,9664,8,10514,10525
85514,NSE-DLKV,9938,5,10241,10252
85515,NSE-SIMP,10032,5,10679,10689
85515,NSE-ZABA,10995,5,10148,10159
85515,NSE-ZITO,9664,5,10514,10526
85515,NSE-CARD,8993,5,11788,11802
85515,NSE-DLKV,9938,5,10241,10254
85515,NSE-OIT,9830,5,11443,11455
85515,NSE-SIMP,10032,5,10679,10691
85515,NSE-ZABA,10995,5,10148,10161
85515,NSE-CARD,8993,5,11788,11803
85515,NSE-DLKV,9938,5,10241,10256
85515,NSE-OIT,9830,5,11443,11457
85515,NSE-SIMP,10032,5,10679,10693
85515,NSE-ZITO,9664,5,10514,10528
85515,NSE-CARD,8993,5,11788,11804
85521,NSE-SIMP,10026,8,10424,10696
85521,NSE-SIMP,10024,8,10687,10696
85521,NSE-SIMP,10020,8,10271,10696
85521,NSE-SIMP,10015,8,10255,10696
85521,NSE-SIMP,10014,8,10568,10696
85577,NSE-SIMP,10013,10,10696,10705
85577,NSE-SIMP,10014,40,10698,10705
85577,NSE-CARD,9024,50,11805,11816
85623,NSE-ZITO,9668,5,10527,10540
85624,NSE-SIMP,10038,1,10707,10716
85662,NSE-ZITO,9669,45,10540,10551
85662,NSE-ZITO,9668,5,10542,10551
85662,NSE-SIMP,10036,50,10706,10718
85715,NSE-DLKV,9938,5,10268,10280
85715,NSE-OIT,9829,5,11471,11480
85715,NSE-ZITO,9668,5,10542,10552
85715,NSE-CARD,9009,5,11818,11828
85715,NSE-DLKV,9938,5,10268,10281
85715,NSE-OIT,9829,5,11471,11482
85715,NSE-ZITO,9668,5,10542,10553
85715,NSE-CARD,9009,5,11818,11829
85721,NSE-OIT,9829,5,11471,11485
85721,NSE-CARD,9026,8,11784,11830
85721,NSE-CARD,9029,8,11801,11830
85721,NSE-CARD,9122,8,11437,11830
85768,NSE-ZITO,9673,50,10554,10564
85777,NSE-SIMP,10038,50,10723,10734
85777,NSE-CARD,9252,26,11830,11842
85777,NSE-CARD,9251,24,11832,11842
85821,NSE-SIMP,10040,7,10724,10735
85821,NSE-OIT,9814,5,11487,11497
85821,NSE-ZITO,9672,5,10556,10565
85821,NSE-OIT,9814,1,11487,11498
85821,NSE-DLKV,9919,1,10278,10294
85821,NSE-DLKV,9917,5,10279,10294
85822,NSE-SIMP,10053,5,10722,10736
85822,NSE-SIMP,10055,8,10688,10736
85822,NSE-ZABA,10991,1,10193,10194
85822,NSE-ZABA,10998,8,9849,10194
85822,NSE-ZABA,10998,8,9899,10194
85822,NSE-ZABA,11000,1,9861,10194
85822,NSE-ZABA,11000,8,9992,10194
85822,NSE-ZABA,11001,8,9886,10194
85823,NSE-ZITO,9659,1,10550,10567
85839,NSE-CARD,9228,5,11844,11853
85839,NSE-SIMP,10061,5,10736,10746
85839,NSE-ZABA,11012,5,10195,10204
85869,NSE-ZABA,11008,16,10194,10206
85869,NSE-ZABA,11006,4,10196,10206
85869,NSE-CARD,9226,20,11843,11857
85869,NSE-CARD,9226,20,11843,11858
85921,NSE-CARD,9226,7,11843,11860
85972,NSE-SIMP,10048,1,10748,10758
85972,NSE-ZITO,9654,50,10578,10587
85973,NSE-CARD,9252,50,11862,11872
86016,NSE-OIT,9811,4,11511,11520
86021,NSE-ZITO,9655,8,10580,10589
86021,NSE-CARD,9250,7,11861,11875
86021,NSE-SIMP,10076,8,10674,10759
86021,NSE-SIMP,10077,5,10720,10759
86021,NSE-SIMP,10077,5,10721,10759
86063,NSE-CARD,9233,8,11876,11887
86063,NSE-SIMP,10084,8,10759,10770
86063,NSE-ZABA,11012,8,10217,10228
86063,NSE-ZITO,9655,8,10591,10600
86063,NSE-CARD,9233,42,11876,11889
86063,NSE-CARD,9232,8,11878,11889
86118,NSE-ZITO,9653,5,10590,10603
86118,NSE-CARD,9235,5,11877,11890
86118,NSE-DLKV,9930,5,10315,10326
86118,NSE-OIT,9817,5,11522,11533
86118,NSE-ZITO,9653,5,10590,10604
86118,NSE-CARD,9235,5,11877,11891
86118,NSE-DLKV,9928,5,10314,10328
86118,NSE-OIT,9817,5,11522,11535
86121,NSE-DLKV,9928,5,10314,10329
86121,NSE-DLKV,9930,2,10315,10330
86121,NSE-CARD,9235,2,11877,11892
86121,NSE-ZITO,9653,9,10590,10605
86121,NSE-ZITO,9655,1,10591,10606
86121,NSE-DLKV,9930,6,10315,10331
86122,NSE-DLKV,9939,5,10327,10332
86122,NSE-DLKV,9943,8,9991,10332
86122,NSE-DLKV,9944,8,9922,10332
86122,NSE-DLKV,9945,5,10201,10332
86122,NSE-DLKV,9946,5,10255,10332
86122,NSE-DLKV,9948,5,10303,10332
86122,NSE-DLKV,9949,5,10253,10332
86122,NSE-DLKV,9950,5,10257,10332
86122,NSE-DLKV,9950,4,10282,10332
86122,NSE-DLKV,9950,1,10282,10334
86122,NSE-DLKV,9956,1,9923,10334
86122,NSE-DLKV,9957,8,10325,10334
86122,NSE-OIT,9806,8,11366,11538
86122,NSE-OIT,9804,8,11331,11538
86122,NSE-OIT,9803,8,11056,11538
86156,NSE-ZITO,9686,5,10607,10617
86156,NSE-CARD,9233,5,11894,11904
86156,NSE-DLKV,9962,5,10334,10343
86156,NSE-OIT,9800,5,11538,11547
86190,NSE-ZITO,9686,45,10607,10618
86190,NSE-ZITO,9685,5,10609,10618
86190,NSE-SIMP,10047,50,10774,10786
86190,NSE-CARD,9233,45,11894,11905
86190,NSE-CARD,9234,5,11896,11905
86221,NSE-DLKV,9968,8,9958,10344
86221,NSE-DLKV,9972,5,9738,10344
86222,NSE-OIT,9822,8,11532,11549
86222,NSE-ZABA,11020,5,10160,10239
86321,NSE-ZITO,9677,3,10620,10630
86321,NSE-CARD,9241,8,11907,11917
86321,NSE-SIMP,10042,6,10788,10797
86321,NSE-OIT,9824,2,11550,11560
86398,NSE-ZABA,11011,20,10250,10259
86398,NSE-ZABA,11011,5,10250,10260
86398,NSE-ZITO,9690,5,10631,10641
86398,NSE-DLKV,9984,5,10355,10366
86398,NSE-OIT,9828,5,11562,11571
86408,NSE-ZITO,9690,45,10631,10642
86408,NSE-ZITO,9689,5,10633,10642
86408,NSE-CARD,9256,50,11918,11929
86421,NSE-DLKV,9992,8,9741,10367
86422,NSE-SIMP,10066,5,10785,10810
86461,NSE-DLKV,9997,1,10367,10377
86521,NSE-OIT,9837,5,11574,11583
86521,NSE-SIMP,10068,3,10811,10820
86521,NSE-OIT,9838,8,11441,11584
86523,NSE-ZITO,9693,8,10601,10653
86523,NSE-ZITO,9694,8,9914,10653
86523,NSE-ZITO,9696,8,9873,10653
86523,NSE-ZITO,9699,8,9898,10653
86523,NSE-ZITO,9704,5,9665,10653
86523,NSE-ZITO,9705,8,9616,10653
86528,NSE-ZITO,9708,5,10653,10663
86528,NSE-ZITO,9707,45,10655,10663
86528,NSE-SIMP,10059,50,10821,10832
86528,NSE-CARD,9240,50,11940,11951
86549,NSE-ZITO,9707,50,10655,10665
86549,NSE-CARD,9242,50,11941,11952
86549,NSE-ZABA,11003,5,10274,10284
86549,NSE-ZITO,9707,5,10655,10666
86549,NSE-CARD,9243,5,11943,11954
86549,NSE-DLKV,9944,5,10379,10390
86549,NSE-OIT,9849,5,11585,11594
86549,NSE-ZABA,11003,5,10274,10286
86549,NSE-ZITO,9706,5,10657,10667
86549,NSE-CARD,9243,5,11943,11955
86549,NSE-DLKV,9944,5,10379,10392
86549,NSE-OIT,9849,5,11585,11596
86549,NSE-ZABA,11003,5,10274,10288
86549,NSE-ZITO,9706,5,10657,10668
86549,NSE-CARD,9243,5,11943,11956
86549,NSE-DLKV,9944,5,10379,10393
86549,NSE-OIT,9847,5,11584,11599
86549,NSE-ZITO,9706,5,10657,10669
86549,NSE-CARD,9243,5,11943,11957
86549,NSE-DLKV,9944,5,10379,10394
86549,NSE-OIT,9849,5,11585,11600
86585,NSE-ZITO,9706,50,10657,10670
86585,NSE-CARD,9243,50,11943,11958
86601,NSE-DLKV,9944,8,10379,10396
86601,NSE-OIT,9847,8,11584,11602
86601,NSE-ZITO,9706,8,10657,10672
86621,NSE-ZABA,11003,1,10274,10293
86621,NSE-OIT,9849,7,11585,11603
86621,NSE-OIT,9849,2,11585,11604
86621,NSE-ZITO,9710,2,10654,10673
86621,NSE-CARD,9239,1,11942,11963
86622,NSE-CARD,9240,8,11962,11964
86622,NSE-OIT,9844,5,11598,11606
86623,NSE-ZABA,10992,8,10291,10295
86623,NSE-ZITO,9715,5,9691,10674
86623,NSE-ZITO,9716,5,9664,10674
86623,NSE-ZITO,9717,5,9503,10674
86633,NSE-ZITO,9719,35,10674,10684
86633,NSE-ZITO,9718,15,10676,10684
86633,NSE-CARD,9244,42,11964,11975
86633,NSE-CARD,9243,8,11966,11975
86717,NSE-SIMP,10056,5,10844,10853
86717,NSE-ZABA,10991,5,10295,10304
86717,NSE-ZITO,9718,5,10676,10685
86717,NSE-CARD,9246,5,11965,11976
86717,NSE-DLKV,9974,5,10397,10408
86717,NSE-OIT,9833,5,11606,11616
86718,NSE-ZABA,10991,20,10295,10306
86721,NSE-OIT,9833,8,11606,11617
86721,NSE-ZABA,10987,8,10294,10307
86721,NSE-CARD,9337,8,11294,11977
86721,NSE-CARD,9343,8,11277,11977
86722,NSE-ZABA,11006,50,10272,10308
86722,NSE-ZABA,11006,50,10272,10310
86770,NSE-CARD,9355,34,11977,11988
86770,NSE-CARD,9354,16,11979,11988
86821,NSE-ZABA,11017,1,10309,10318
86821,NSE-CARD,9354,8,11979,11989
86822,NSE-OIT,9817,1,11559,11629
86842,NSE-ZITO,9694,5,10697,10707
86842,NSE-CARD,9341,5,11991,12000
86842,NSE-DLKV,9976,5,10419,10429
86842,NSE-OIT,9816,5,11629,11639
86842,NSE-ZITO,9694,5,10697,10708
86842,NSE-CARD,9341,5,11991,12001
86842,NSE-DLKV,9976,5,10419,10430
86842,NSE-OIT,9816,5,11629,11641
86842,NSE-ZITO,9694,5,10697,10709
86842,NSE-CARD,9341,5,11991,12002
86842,NSE-DLKV,9976,5,10419,10431
86842,NSE-OIT,9816,5,11629,11643
86842,NSE-ZITO,9694,5,10697,10710
86842,NSE-CARD,9341,5,11991,12003
86842,NSE-DLKV,9976,5,10419,10432
86842,NSE-OIT,9816,5,11629,11645
86842,NSE-ZITO,9694,5,10697,10711
86842,NSE-CARD,9341,5,11991,12004
86888,NSE-DLKV,9978,20,10420,10434
86888,NSE-ZITO,9694,20,10697,10712
86888,NSE-CARD,9339,50,11990,12006
86921,NSE-DLKV,9976,9,10419,10435
86922,NSE-ZABA,11021,1,10290,10329
86965,NSE-CARD,9351,50,12008,12017
87016,NSE-OIT,9824,20,11649,11658
87021,NSE-ZABA,11025,4,10292,10339
87021,NSE-DLKV,9948,9,10436,10446
87021,NSE-OIT,9822,8,11648,11659
87021,NSE-CARD,9349,3,12007,12020
87021,NSE-ZITO,9688,4,10715,10727
87021,NSE-CARD,9352,1,12010,12021
87021,NSE-CARD,9356,8,11151,12022
87021,NSE-OIT,9806,8,11601,11661
87039,NSE-CARD,9366,10,12022,12033
87070,NSE-ZITO,9695,50,10728,10738
87070,NSE-CARD,9366,32,12022,12035
87070,NSE-CARD,9365,18,12024,12035
87105,NSE-CARD,9365,5,12024,12036
87121,NSE-ZITO,9697,7,10729,10739
87121,NSE-CARD,9368,5,12023,12037
87121,NSE-OIT,9794,8,10796,11671
87121,NSE-OIT,9793,8,11531,11671
87121,NSE-OIT,9789,8,10809,11671
87126,NSE-OIT,9785,1,11671,11680
87144,NSE-DLKV,9969,5,10458,10468
87144,NSE-OIT,9785,5,11671,11681
87144,NSE-ZITO,9707,5,10740,10751
87144,NSE-CARD,9356,5,12039,12048
87144,NSE-DLKV,9969,5,10458,10469
87144,NSE-OIT,9785,5,11671,11683
87144,NSE-ZITO,9707,5,10740,10752
87151,NSE-CARD,9356,8,12039,12049
87151,NSE-ZITO,9707,40,10740,10753
87151,NSE-ZITO,9706,10,10742,10753
87151,NSE-CARD,9354,50,12038,12051
87205,NSE-SIMP,10063,50,10903,10915
87205,NSE-SIMP,10062,100,10905,10915
87205,NSE-SIMP,10061,50,10907,10915
87221,NSE-OIT,9783,4,11670,11685
87221,NSE-CARD,9356,4,12039,12053
87222,NSE-OIT,9776,1,10690,11687
87222,NSE-OIT,9769,8,10727,11687
87222,NSE-OIT,9767,8,10772,11687
87223,NSE-CARD,9354,5,12055,12064
87223,NSE-DLKV,9963,5,10470,10480
87223,NSE-OIT,9766,5,11687,11696
87223,NSE-ZITO,9714,5,10754,10764
87223,NSE-CARD,9354,5,12055,12065
87223,NSE-DLKV,9963,5,10470,10481
87223,NSE-OIT,9766,5,11687,11698
87263,NSE-OIT,9766,23,11687,11700
87263,NSE-OIT,9767,27,11689,11700
87263,NSE-CARD,9354,40,12055,12066
87263,NSE-CARD,9355,10,12057,12066
87283,NSE-ZITO,9714,20,10754,10766
87321,NSE-DLKV,9963,7,10470,10483
87321,NSE-DLKV,9963,6,10470,10484
87321,NSE-SIMP,10054,2,10917,10928
87321,NSE-DLKV,9951,1,10482,10486
87321,NSE-SIMP,10053,5,10834,10930
87321,NSE-SIMP,10046,8,10841,10930
87321,NSE-SIMP,10045,5,10838,10930
87321,NSE-SIMP,10035,5,10836,10930
87322,NSE-ZITO,9696,1,10750,10768
87386,NSE-OIT,9782,50,11702,11711
87386,NSE-CARD,9365,50,12069,12080
87421,NSE-DLKV,9947,3,10486,10495
87421,NSE-DLKV,9945,1,10485,10496
87421,NSE-ZITO,9681,4,10767,10777
87475,NSE-CARD,9353,50,12082,12091
87475,NSE-OIT,9789,50,11712,11723
87475,NSE-CARD,9351,8,12081,12094
87475,NSE-DLKV,9941,8,10498,10507
87475,NSE-ZABA,10990,8,10387,10396
87508,NSE-ZITO,9694,5,10778,10790
87508,NSE-CARD,9354,5,12084,12095
87508,NSE-DLKV,9939,5,10497,10509
87508,NSE-OIT,9791,5,11713,11726
87521,NSE-ZITO,9696,5,10779,10791
87521,NSE-DLKV,9941,5,10498,10510
87522,NSE-SIMP,10061,8,10950,10952
87558,NSE-OIT,9791,50,11728,11739
87558,NSE-CARD,9370,50,12096,12107
87577,NSE-CARD,9369,5,12098,12109
87613,NSE-SIMP,10062,1,10952,10963
87621,NSE-ZABA,10963,1,10399,10408
87621,NSE-OIT,9784,8,11724,11741
87622,NSE-ZITO,9701,8,10789,10803
87622,NSE-ZITO,9720,5,9552,10803
87644,NSE-OIT,9777,42,11741,11750
87644,NSE-OIT,9778,8,11743,11750
87660,NSE-CARD,9360,50,12110,12121
87721,NSE-ZITO,9726,1,10804,10814
87721,NSE-OIT,9778,5,11743,11753
87721,NSE-CARD,9339,10,12032,12123
87721,NSE-CARD,9246,1,12019,12123
87721,NSE-CARD,9228,1,11903,12123
87721,NSE-CARD,9218,8,12093,12123
87721,NSE-CARD,9213,8,11961,12123
87727,NSE-ZITO,9698,20,10815,10826
87727,NSE-CARD,9143,22,12123,12133
87727,NSE-CARD,9144,28,12125,12133
87727,NSE-CARD,9144,8,12125,12135
87727,NSE-OIT,9805,8,11755,11765
87727,NSE-ZABA,10991,8,10420,10431
87779,NSE-ZITO,9698,5,10815,10830
87779,NSE-CARD,9144,5,12125,12137
87779,NSE-DLKV,9946,5,10532,10545
87779,NSE-OIT,9805,5,11755,11767
87779,NSE-ZITO,9698,5,10815,10831
87779,NSE-CARD,9144,5,12125,12138
87779,NSE-DLKV,9946,5,10532,10546
87779,NSE-OIT,9805,5,11755,11769
87821,NSE-OIT,9805,5,11755,11771
87821,NSE-ZITO,9698,1,10815,10832
87821,NSE-CARD,9144,6,12125,12139
87823,NSE-ZITO,9703,8,10829,10833
87856,NSE-CARD,9147,50,12141,12150
87856,NSE-OIT,9803,50,11772,11783
87921,NSE-DLKV,9937,3,10548,10557
87921,NSE-DLKV,9935,8,10547,10558
87921,NSE-ZITO,9707,9,10834,10843
87921,NSE-OIT,9802,1,11774,11784
87921,NSE-DLKV,9934,8,10542,10560
87963,NSE-OIT,9795,50,11786,11795
87963,NSE-CARD,9126,50,12152,12161
87963,NSE-CARD,9127,5,12154,12162
88003,NSE-ZITO,9705,5,10844,10855
88003,NSE-CARD,9127,5,12154,12163
88003,NSE-DLKV,9930,1,10354,10569
88003,NSE-DLKV,9930,4,10559,10569
88003,NSE-OIT,9796,5,11788,11798
88021,NSE-ZITO,9705,1,10844,10856
88021,NSE-OIT,9793,8,11785,11800
88021,NSE-CARD,9127,9,12154,12164
88021,NSE-SIMP,10045,5,10998,11008
88021,NSE-DLKV,9963,1,10521,10570
88021,NSE-DLKV,9963,8,10543,10570
88026,NSE-CARD,9123,20,12166,12175
88026,NSE-ZABA,10994,20,10454,10464
88026,NSE-CARD,9123,20,12166,12176
88026,NSE-CARD,9123,10,12166,12177
88026,NSE-CARD,9124,10,12168,12177
88026,NSE-CARD,9124,20,12168,12178
88026,NSE-CARD,9124,70,12168,12179
88026,NSE-CARD,9125,127,12170,12179
88054,NSE-CARD,9125,10,12170,12180
88065,NSE-CARD,9125,8,12170,12182
88065,NSE-OIT,9791,8,11801,11812
88066,NSE-OIT,9793,50,11802,11813
88066,NSE-ZITO,9705,50,10858,10870
88066,NSE-CARD,9125,5,12170,12184
88066,NSE-CARD,9126,45,12172,12184
88109,NSE-CARD,9126,1,12172,12186
88109,NSE-ZABA,10994,1,10454,10467
88121,NSE-ZABA,10994,7,10454,10468
88121,NSE-DLKV,9968,5,10571,10583
88191,NSE-CARD,9126,19,12188,12197
88192,NSE-ZABA,10981,20,10469,10480
88192,NSE-ZITO,9707,20,10871,10882
88221,NSE-ZITO,9709,1,10872,10883
88221,NSE-DLKV,9949,8,10580,10595
88221,NSE-DLKV,9937,1,10582,10595
88221,NSE-DLKV,9928,10,10457,10595
88221,NSE-DLKV,9927,8,10324,10595
88221,NSE-SIMP,10044,8,10984,11032
88221,NSE-SIMP,10038,8,11019,11032
88222,NSE-ZITO,9727,8,9538,10884
88222,NSE-ZITO,9729,8,10869,10884
88222,NSE-ZITO,9737,8,9468,10884
88258,NSE-CARD,9124,8,12199,12208
88258,NSE-ZABA,10999,8,10481,10492
88258,NSE-ZITO,9737,8,10884,10895
88258,NSE-OIT,9807,50,11825,11838
88258,NSE-SIMP,10036,34,11032,11043
88258,NSE-SIMP,10037,16,11034,11043
88258,NSE-CARD,9124,42,12199,12210
88258,NSE-CARD,9125,8,12201,12210
88258,NSE-OIT,9806,50,11827,11839
88321,NSE-ZABA,10999,5,10481,10493
88321,NSE-ZABA,11002,1,10466,10494
88321,NSE-SIMP,10034,8,11031,11045
88322,NSE-SIMP,10044,1,11044,11046
88327,NSE-CARD,9120,50,12214,12223
88385,NSE-OIT,9802,50,11841,11851
88386,NSE-CARD,9121,50,12216,12225
88401,NSE-ZABA,10971,8,10496,10505
88401,NSE-ZITO,9733,8,10897,10910
88421,NSE-ZITO,9735,8,10898,10911
88421,NSE-OIT,9791,1,11814,11857
88421,NSE-OIT,9788,8,11835,11857
88421,NSE-SIMP,10061,8,11057,11058
88421,NSE-SIMP,10062,8,11042,11058
88421,NSE-SIMP,10066,1,10866,11058
88422,NSE-ZABA,10969,8,10465,10508
88422,NSE-ZABA,10961,8,10491,10508
88447,NSE-DLKV,9935,5,10618,10628
88447,NSE-OIT,9783,5,11857,11866
88447,NSE-DLKV,9935,5,10618,10629
88447,NSE-OIT,9783,5,11857,11868
88447,NSE-OIT,9783,31,11857,11870
88447,NSE-OIT,9784,19,11859,11870
88447,NSE-SIMP,10067,33,11058,11069
88447,NSE-SIMP,10066,17,11060,11069
88447,NSE-CARD,9137,50,12229,12242
88521,NSE-CARD,9136,9,12231,12243
88521,NSE-OIT,9781,4,11856,11871
88524,NSE-CARD,9131,5,12245,12254
88542,NSE-OIT,9805,50,11872,11883
88542,NSE-ZITO,9723,50,10924,10933
88562,NSE-CARD,9129,50,12244,12256
88562,NSE-OIT,9804,50,11874,11884
88563,NSE-DLKV,9939,5,10630,10640
88563,NSE-OIT,9807,5,11873,11885
88617,NSE-SIMP,10066,8,11070,11082
88617,NSE-ZITO,9724,20,10926,10937
88621,NSE-ZITO,9721,3,10923,10939
88621,NSE-CARD,9133,8,12258,12260
88621,NSE-DLKV,9926,5,10342,10644
88621,NSE-ZABA,10957,8,10227,10533
88621,NSE-ZABA,10953,8,10528,10533
88621,NSE-ZABA,10943,8,10144,10533
88621,NSE-ZABA,10941,8,10157,10533
88622,NSE-ZITO,9719,8,10935,10941
88685,NSE-ZITO,9718,42,10941,10950
88685,NSE-ZITO,9719,8,10943,10950
88685,NSE-CARD,9139,8,12228,12270
88685,NSE-CARD,9139,42,12261,12270
88685,NSE-CARD,9137,42,12260,12271
88685,NSE-CARD,9136,8,12262,12271
88710,NSE-CARD,9139,1,12261,12272
88720,NSE-DLKV,9921,5,10604,10654
88720,NSE-OIT,9791,5,11890,11900
88721,NSE-DLKV,9921,3,10604,10655
88721,NSE-DLKV,9921,2,10641,10655
88721,NSE-OIT,9791,5,11890,11902
88721,NSE-OIT,9791,1,11890,11904
88721,NSE-SIMP,10055,6,11084,11095
88721,NSE-OIT,9789,3,11889,11905
88721,NSE-OIT,9789,4,11889,11906
88721,NSE-ZABA,10930,1,10532,10542
88721,NSE-CARD,9139,5,12261,12273
88721,NSE-SIMP,10053,3,11083,11096
88721,NSE-CARD,9147,10,12181,12274
88721,NSE-CARD,9160,8,12209,12274
88721,NSE-DLKV,9945,8,10617,10656
88779,NSE-CARD,9338,8,12274,12285
88779,NSE-OIT,9802,8,11907,11918
88779,NSE-ZABA,10973,8,10543,10554
88821,NSE-OIT,9804,8,11908,11919
88821,NSE-CARD,9340,9,12275,12287
88821,NSE-DLKV,9950,8,10605,10668
88821,NSE-DLKV,9950,8,10642,10668
88821,NSE-DLKV,9950,8,10667,10668
88921,NSE-ZITO,9728,4,10964,10975
88921,NSE-ZABA,10974,6,10555,10566
88921,NSE-OIT,9792,2,11920,11931
89021,NSE-ZABA,10980,3,10568,10579
89021,NSE-OIT,9797,8,11932,11942
89021,NSE-ZABA,10986,8,10529,10580
89033,NSE-CARD,9338,20,12309,12319
89033,NSE-CARD,9338,20,12309,12320
89033,NSE-CARD,9338,10,12309,12321
89033,NSE-ZABA,10997,20,10580,10590
89033,NSE-ZABA,10997,20,10580,10591
89033,NSE-ZITO,9727,4,10987,10997
89033,NSE-ZABA,10997,2,10580,10592
89033,NSE-ZABA,10995,11,10582,10592
89122,NSE-OIT,9786,8,11887,11954
89122,NSE-OIT,9784,1,11930,11954
89122,NSE-OIT,9779,8,11854,11954
89165,NSE-CARD,9333,8,12323,12334
89165,NSE-OIT,9773,8,11954,11963
89165,NSE-ZABA,10987,8,10593,10604
89166,NSE-DLKV,9951,5,10698,10710
89166,NSE-OIT,9773,5,11954,11965
89221,NSE-ZABA,10991,5,10594,10605
89221,NSE-DLKV,9951,1,10698,10711
89271,NSE-ZITO,9723,50,11011,11020
89290,NSE-OIT,9769,50,11968,11977
89290,NSE-OIT,9770,50,11970,11978
89290,NSE-ZITO,9724,50,11013,11022
89291,NSE-CARD,9343,50,12336,12349
89321,NSE-OIT,9767,8,11917,11980
89321,NSE-OIT,9759,8,10677,11980
89338,NSE-OIT,9755,34,11980,11989
89338,NSE-OIT,9756,16,11982,11989
89338,NSE-ZITO,9729,50,11024,11035
89338,NSE-CARD,9332,50,12351,12360
89338,NSE-OIT,9756,50,11982,11990
89338,NSE-ZITO,9728,50,11026,11037
89338,NSE-CARD,9330,50,12350,12363
89338,NSE-CARD,9333,20,12353,12365
89383,NSE-OIT,9756,34,11982,11991
89383,NSE-OIT,9757,16,11984,11991
89383,NSE-ZITO,9728,50,11026,11039
89383,NSE-CARD,9333,50,12353,12367
89399,NSE-OIT,9757,50,11984,11992
89399,NSE-ZITO,9727,50,11028,11041
89399,NSE-CARD,9333,30,12353,12369
89399,NSE-CARD,9334,20,12355,12369
89415,NSE-CARD,9329,8,12352,12372
89415,NSE-OIT,9757,8,11984,11993
89415,NSE-ZABA,10979,8,10617,10628
89421,NSE-OIT,9753,2,11979,11995
89421,NSE-SIMP,10051,8,11107,11175
89421,NSE-SIMP,10051,8,11149,11175
89422,NSE-ZITO,9721,1,10974,11045
89466,NSE-ZITO,9711,49,11045,11054
89466,NSE-ZITO,9712,1,11047,11054
89466,NSE-CARD,9342,50,12374,12384
89466,NSE-OIT,9787,50,11996,12007
89521,NSE-OIT,9789,7,11997,12008
89521,NSE-ZITO,9712,1,11047,11055
89521,NSE-CARD,9340,8,12373,12386
89521,NSE-DLKV,9925,6,10708,10746
89521,NSE-SIMP,10038,8,11172,11186
89521,NSE-SIMP,10034,8,11081,11186
89521,NSE-SIMP,10031,5,10719,11186
89521,NSE-SIMP,10031,8,10949,11186
89521,NSE-SIMP,10031,8,11041,11186
89521,NSE-ZABA,10974,1,10639,10640
89551,NSE-ZITO,9708,1,11057,11067
89567,NSE-ZITO,9708,49,11057,11068
89567,NSE-ZITO,9709,1,11059,11068
89567,NSE-CARD,9317,50,12388,12397
89567,NSE-OIT,9793,50,12009,12020
89621,NSE-SIMP,10030,3,11056,11195
89621,NSE-ZABA,10983,4,10641,10650
89621,NSE-SIMP,10031,9,11186,11196
89621,NSE-ZITO,9709,7,11059,11069
89622,NSE-DLKV,9925,2,10708,10758
89622,NSE-OIT,9804,8,11994,12021
89623,NSE-ZITO,9707,8,11008,11071
89623,NSE-ZITO,9705,8,10962,11071
89623,NSE-ZITO,9702,8,11042,11071
89623,NSE-ZITO,9700,8,10868,11071
89623,NSE-ZITO,9696,1,10854,11071
89623,NSE-ZITO,9695,1,11071,11080
89623,NSE-CARD,9340,1,12400,12409
89623,NSE-DLKV,9923,8,10758,10767
89623,NSE-OIT,9808,8,12021,12033
89623,NSE-ZABA,10980,8,10652,10661
89623,NSE-ZITO,9695,8,11071,11081
89650,NSE-OIT,9808,34,12021,12035
89650,NSE-OIT,9807,16,12023,12035
89650,NSE-ZITO,9695,8,11071,11083
89650,NSE-ZITO,9696,42,11073,11083
89650,NSE-CARD,9340,49,12400,12412
89650,NSE-CARD,9341,1,12402,12412
89650,NSE-OIT,9807,50,12023,12036
89696,NSE-ZITO,9696,13,11073,11084
89721,NSE-OIT,9807,8,12023,12037
89721,NSE-SIMP,10056,4,11197,11209
89721,NSE-CARD,9324,8,12410,12417
89721,NSE-DLKV,9922,1,10722,10770
89721,NSE-DLKV,9921,6,10641,10770
89721,NSE-DLKV,9921,8,10666,10770
89721,NSE-SIMP,10045,8,11207,11211
89751,NSE-OIT,9783,50,12039,12048
89751,NSE-ZITO,9701,50,11086,11095
89793,NSE-DLKV,9920,1,10770,10779
89818,NSE-ZABA,10982,20,10663,10674
89818,NSE-CARD,9303,20,12417,12428
89818,NSE-CARD,9303,20,12417,12429
89818,NSE-ZITO,9702,20,11088,11097
89821,NSE-CARD,9301,5,12416,12430
89822,NSE-ZABA,11002,7,10466,10675
89916,NSE-DLKV,9917,8,10781,10790
89916,NSE-ZABA,11002,8,10675,10685
89921,NSE-ZITO,9718,3,11098,11111
89921,NSE-ZABA,11002,5,10675,10686
89921,NSE-SIMP,10045,8,11230,11231
89974,NSE-OIT,9800,50,12064,12074
90021,NSE-OIT,9802,9,12065,12075
90021,NSE-DLKV,9924,1,10793,10802
90021,NSE-OIT,9778,8,12062,12077
90057,NSE-CARD,9321,8,12454,12466
90057,NSE-ZITO,9720,8,11123,11133
90121,NSE-CARD,9302,8,12442,12468
90121,NSE-OIT,9773,8,12032,12090
90150,NSE-DLKV,9920,5,10815,10825
90150,NSE-OIT,9773,5,12090,12100
90163,NSE-DLKV,9920,5,10815,10826
90163,NSE-OIT,9773,5,12090,12102
90189,NSE-CARD,9292,6,12468,12477
90217,NSE-CARD,9292,8,12468,12478
90221,NSE-SIMP,10036,8,11252,11265
90221,NSE-SIMP,10036,1,11252,11266
90221,NSE-OIT,9771,4,12089,12105
90248,NSE-DLKV,9916,5,10391,10838
90248,NSE-OIT,9784,5,12107,12116
90249,NSE-DLKV,9916,5,10616,10840
90249,NSE-OIT,9784,5,12107,12118
90261,NSE-OIT,9782,50,12106,12121
90261,NSE-ZITO,9710,50,11150,11159
90321,NSE-CARD,9306,5,12480,12491
90321,NSE-SIMP,10034,1,11268,11280
90321,NSE-OIT,9770,1,12031,12123
90321,NSE-OIT,9767,8,12086,12123
90322,NSE-SIMP,10044,1,11277,11281
90322,NSE-SIMP,10053,8,11251,11281
90322,NSE-SIMP,10058,1,11184,11281
90421,NSE-OIT,9762,3,12122,12132
90421,NSE-ZITO,9709,6,11162,11171
90421,NSE-DLKV,9922,9,10841,10851
90421,NSE-CARD,9305,10,12493,12503
90421,NSE-CARD,9288,8,12465,12505
90421,NSE-ZABA,10947,8,10603,10741
90421,NSE-ZABA,10941,8,10553,10741
90421,NSE-ZABA,10934,1,10616,10741
90421,NSE-ZABA,10922,5,10107,10741
90458,NSE-OIT,9764,50,12134,12143
90458,NSE-ZITO,9698,50,11173,11182
90468,NSE-CARD,9279,20,12505,12514
90521,NSE-CARD,9279,7,12505,12515
90521,NSE-DLKV,9925,9,10852,10862
90521,NSE-DLKV,9933,8,10814,10863
90562,NSE-ZITO,9715,1,11184,11193
90562,NSE-CARD,9290,1,12517,12526
90621,NSE-OIT,9781,2,12146,12157
90621,NSE-SIMP,10043,3,11301,11311
90621,NSE-DLKV,9916,3,10616,10874
90621,NSE-DLKV,9914,47,10378,10874
90621,NSE-DLKV,9914,53,10378,10876
90621,NSE-OIT,9777,1,12155,12159
90662,NSE-ZITO,9709,50,11196,11205
90721,NSE-ZABA,10967,1,10761,10771
90721,NSE-CARD,9325,8,12479,12539
90721,NSE-CARD,9330,8,12443,12539
90721,NSE-CARD,9352,8,12411,12539
90721,NSE-CARD,9362,1,12383,12539
90721,NSE-CARD,9364,8,12136,12539
90721,NSE-CARD,9367,8,12183,12539
90721,NSE-CARD,9390,8,10977,12539
90721,NSE-CARD,9397,1,11026,12539
90721,NSE-CARD,9397,7,11026,12541
90721,NSE-CARD,9409,8,11009,12541
90721,NSE-DLKV,9911,5,10365,10884
90721,NSE-DLKV,9907,10,10653,10884
90721,NSE-DLKV,9906,8,10733,10884
90721,NSE-DLKV,9904,8,10813,10884
90722,NSE-ZITO,9693,8,11109,11207
90722,NSE-ZITO,9691,8,10894,11207
90722,NSE-ZITO,9691,8,10909,11207
90751,NSE-ZITO,9679,26,11207,11216
90751,NSE-ZITO,9680,24,11209,11216
90751,NSE-CARD,9440,50,12541,12549
90752,NSE-DLKV,9898,5,10395,10893
90752,NSE-OIT,9787,5,12170,12180
90796,NSE-CARD,9440,8,12541,12551
90796,NSE-DLKV,9899,8,10884,10894
90796,NSE-ZITO,9680,8,11209,11217
90796,NSE-OIT,9785,50,12169,12184
90796,NSE-ZITO,9680,50,11209,11219
90796,NSE-CARD,9440,27,12541,12552
90796,NSE-CARD,9439,23,12543,12552
90797,NSE-DLKV,9899,1,10884,10896
90821,NSE-OIT,9786,1,12183,12185
90821,NSE-DLKV,9899,2,10884,10897
90821,NSE-ZITO,9680,9,11209,11220
90821,NSE-OIT,9784,5,12171,12186
90833,NSE-CARD,9452,50,12553,12563
90848,NSE-CARD,9451,8,12555,12565
90848,NSE-SIMP,10049,8,11336,11347
90848,NSE-ZITO,9675,8,11222,11232
90896,NSE-DLKV,9926,5,10898,10910
90896,NSE-OIT,9780,5,12188,12200
90896,NSE-DLKV,9926,5,10898,10911
90896,NSE-OIT,9780,5,12188,12202
90915,NSE-DLKV,9926,5,10898,10912
90915,NSE-OIT,9780,5,12188,12204
90921,NSE-ZABA,10962,2,10784,10796
90921,NSE-OIT,9767,8,12198,12207
90921,NSE-SIMP,10052,8,11334,11351
90951,NSE-CARD,9449,8,12566,12577
90951,NSE-DLKV,9929,8,10913,10924
90951,NSE-SIMP,10063,8,11351,11361
90951,NSE-SIMP,10063,1,11351,11362
90951,NSE-ZABA,10953,1,10797,10809
90951,NSE-CARD,9449,42,12566,12579
90951,NSE-CARD,9448,8,12568,12579
91005,NSE-CARD,9448,20,12568,12580
91021,NSE-DLKV,9929,6,10913,10925
91021,NSE-ZABA,10953,8,10797,10810
91021,NSE-DLKV,9931,1,10909,10926
91021,NSE-SIMP,10063,6,11351,11363
91021,NSE-CARD,9448,3,12568,12581
91022,NSE-ZABA,10951,8,10807,10812
91022,NSE-ZABA,10943,8,10794,10812
91022,NSE-ZABA,10940,8,10782,10812
91039,NSE-CARD,9476,10,12582,12593
91091,NSE-CARD,9476,40,12582,12595
91091,NSE-CARD,9475,10,12584,12595
91102,NSE-CARD,9475,1,12584,12596
91102,NSE-OIT,9772,1,12220,12231
91121,NSE-OIT,9772,3,12220,12232
91121,NSE-SIMP,10066,1,11364,11375
91121,NSE-OIT,9770,5,12219,12233
91121,NSE-OIT,9779,8,12217,12234
91121,NSE-OIT,9786,7,12183,12234
91121,NSE-OIT,9797,8,12087,12234
91121,NSE-OIT,9797,8,12199,12234
91145,NSE-CARD,9456,10,12597,12608
91162,NSE-OIT,9797,8,12234,12245
91162,NSE-ZITO,9694,8,11256,11266
91221,NSE-OIT,9799,3,12235,12246
91221,NSE-DLKV,9913,8,10938,10949
91221,NSE-ZITO,9696,8,11257,11267
91221,NSE-CARD,9452,10,12592,12613
91222,NSE-CARD,9451,40,12613,12622
91222,NSE-CARD,9449,50,12612,12623
91287,NSE-OIT,9784,50,12247,12259
91287,NSE-ZITO,9701,50,11268,11278
91287,NSE-CARD,9452,50,12615,12624
91321,NSE-OIT,9783,6,12249,12260
91321,NSE-CARD,9466,8,12611,12626
91321,NSE-DLKV,9931,7,10909,10961
91322,NSE-ZABA,10947,8,10831,10844
91358,NSE-ZITO,9695,50,11279,11290
91358,NSE-CARD,9473,42,12626,12639
91358,NSE-CARD,9472,8,12628,12639
91421,NSE-DLKV,9933,1,10972,10973
91421,NSE-ZABA,10919,4,10843,10854
91421,NSE-DLKV,9920,1,10960,10975
91421,NSE-DLKV,9912,8,10947,10975
91421,NSE-DLKV,9904,8,10971,10975
91421,NSE-DLKV,9901,8,10908,10975
91470,NSE-ZITO,9702,50,11291,11301
91470,NSE-CARD,9481,50,12640,12651
91521,NSE-OIT,9780,2,12274,12286
91521,NSE-SIMP,10055,1,11410,11420
91522,NSE-ZABA,10918,50,10108,10866
91522,NSE-ZABA,10918,50,10108,10868
91522,NSE-ZABA,10915,8,10627,10868
91555,NSE-CARD,9465,8,12653,12663
91569,NSE-ZITO,9698,50,11302,11313
91569,NSE-CARD,9467,50,12654,12664
91621,NSE-CARD,9465,5,12653,12666
91621,NSE-ZITO,9697,7,11304,11314
91621,NSE-OIT,9773,9,12288,12299
91621,NSE-SIMP,10048,9,11422,11432
91621,NSE-CARD,9462,8,12636,12668
91621,NSE-DLKV,9911,8,10994,10997
91621,NSE-OIT,9785,8,12272,12300
91621,NSE-OIT,9799,8,12297,12300
91655,NSE-SIMP,10051,1,11433,11443
91721,NSE-OIT,9803,4,12301,12310
91721,NSE-ZABA,10904,8,10877,10886
91721,NSE-CARD,9490,8,12637,12678
91721,NSE-CARD,9596,8,10794,12678
91721,NSE-CARD,9604,8,10863,12678
91721,NSE-CARD,9605,8,10773,12678
91721,NSE-CARD,9607,8,10834,12678
91721,NSE-CARD,9626,10,10717,12678
91721,NSE-SIMP,10034,1,11335,11445
91721,NSE-SIMP,10034,8,11386,11445
91754,NSE-ZITO,9693,50,11326,11335
91754,NSE-CARD,9629,50,12680,12689
91816,NSE-ZABA,10919,1,10887,10897
91821,NSE-SIMP,10032,7,11445,11454
91821,NSE-DLKV,9933,7,10972,11016
91821,NSE-DLKV,9935,8,10895,11016
91916,NSE-ZITO,9687,50,11338,11347
91916,NSE-CARD,9620,50,12691,12702
91921,NSE-OIT,9764,8,12244,12335
91965,NSE-OIT,9764,1,12335,12344
91981,NSE-CARD,9634,8,12703,12714
91981,NSE-DLKV,9917,8,11026,11037
91981,NSE-OIT,9764,8,12335,12345
91981,NSE-ZABA,10900,8,10909,10918
91981,NSE-CARD,9634,20,12703,12715
91998,NSE-ZITO,9695,50,11349,11363
91998,NSE-CARD,9634,22,12703,12717
91998,NSE-CARD,9633,28,12705,12717
92022,NSE-ZITO,9695,1,11359,11365
92034,NSE-ZITO,9694,49,11365,11374
92034,NSE-ZITO,9692,50,11364,11375
92034,NSE-CARD,9597,50,12719,12728
92079,NSE-ZITO,9691,50,11366,11377
92079,NSE-CARD,9598,50,12721,12730
92107,NSE-CARD,9598,17,12721,12736
92122,NSE-ZABA,10898,8,10109,10931
92122,NSE-ZABA,10888,5,10106,10931
92122,NSE-ZABA,10886,1,10030,10931
92122,NSE-ZITO,9711,8,11289,11378
92122,NSE-ZITO,9716,8,11312,11378
92122,NSE-ZITO,9717,8,11361,11378
92142,NSE-ZITO,9717,26,11378,11389
92142,NSE-ZITO,9716,24,11380,11389
92142,NSE-CARD,9607,50,12738,12747
92143,NSE-DLKV,9913,8,11049,11058
92143,NSE-OIT,9765,8,12359,12369
92143,NSE-ZABA,10886,8,10931,10940
92143,NSE-ZITO,9716,8,11380,11391
92162,NSE-ZITO,9716,1,11380,11392
92213,NSE-DLKV,9913,1,11049,11060
92221,NSE-SIMP,10040,8,11476,11503
92221,NSE-SIMP,10030,5,11056,11503
92222,NSE-ZITO,9721,8,11148,11393
92222,NSE-ZITO,9722,8,11110,11393
92222,NSE-ZITO,9723,8,11244,11393
92222,NSE-ZITO,9724,8,11233,11393
92243,NSE-CARD,9619,20,12753,12762
92256,NSE-OIT,9766,50,12372,12381
92256,NSE-ZITO,9724,18,11393,11404
92256,NSE-ZITO,9723,32,11395,11404
92256,NSE-CARD,9617,50,12752,12764
92321,NSE-DLKV,9915,2,11061,11071
92321,NSE-ZITO,9723,5,11395,11405
92321,NSE-CARD,9616,3,12754,12765
92321,NSE-CARD,9606,8,12749,12767
92322,NSE-ZABA,10921,8,10941,10952
92341,NSE-SIMP,10027,8,11513,11522
92341,NSE-ZABA,10927,8,10952,10963
92341,NSE-ZITO,9723,8,11406,11417
92342,NSE-ZITO,9723,42,11406,11419
92342,NSE-ZITO,9722,8,11408,11419
92342,NSE-CARD,9600,42,12767,12778
92342,NSE-CARD,9601,8,12769,12778
92342,NSE-DLKV,9906,1,11073,11084
92416,NSE-CARD,9598,20,12766,12782
92421,NSE-OIT,9775,3,12383,12395
92421,NSE-DLKV,9898,3,10395,11087
92421,NSE-DLKV,9898,8,11082,11087
92421,NSE-DLKV,9897,8,10923,11087
92421,NSE-DLKV,9896,5,10389,11087
92453,NSE-ZITO,9726,50,11421,11430
92453,NSE-ZITO,9724,50,11420,11431
92453,NSE-CARD,9594,50,12784,12793
92467,NSE-OIT,9768,50,12396,12407
92518,NSE-ZABA,10923,1,10964,10974
92518,NSE-CARD,9595,8,12786,12795
92519,NSE-DLKV,9895,8,11087,11096
92521,NSE-SIMP,10027,2,11525,11537
92521,NSE-SIMP,10029,9,11526,11538
92521,NSE-OIT,9780,8,12409,12410
92521,NSE-OIT,9787,8,12393,12410
92521,NSE-OIT,9795,8,12346,12410
92521,NSE-OIT,9799,8,12370,12410
92565,NSE-ZITO,9710,50,11433,11442
92565,NSE-CARD,9602,50,12797,12808
92594,NSE-CARD,9604,20,12798,12809
92621,NSE-CARD,9601,7,12799,12810
92621,NSE-DLKV,9912,1,11085,11108
92622,NSE-ZABA,10929,8,10975,10986
92622,NSE-ZABA,10934,8,10919,10986
92661,NSE-ZITO,9726,50,11444,11455
92661,NSE-CARD,9605,50,12811,12822
92721,NSE-ZABA,10935,5,10986,10996
92721,NSE-CARD,9610,8,12777,12823
92721,NSE-CARD,9620,1,12732,12823
92721,NSE-CARD,9631,8,12796,12823
92721,NSE-CARD,9635,8,12750,12823
92721,NSE-CARD,9639,8,10732,12823
92721,NSE-DLKV,9927,8,11083,11118
92721,NSE-DLKV,9930,8,11097,11118
92721,NSE-DLKV,9936,8,10734,11118
92721,NSE-ZABA,10951,8,10853,10997
92722,NSE-ZITO,9728,8,11218,11456
92722,NSE-ZITO,9732,8,11043,11456
92722,NSE-ZITO,9734,8,10963,11456
92722,NSE-ZITO,9737,8,11009,11456
92722,NSE-ZITO,9740,8,11082,11456
92779,NSE-CARD,9665,8,12823,12834
92779,NSE-DLKV,9936,8,11118,11129
92779,NSE-ZABA,10956,8,10997,11008
92791,NSE-CARD,9665,9,12823,12836
92791,NSE-CARD,9664,11,12825,12836
92802,NSE-ZITO,9745,10,11456,11468
92802,NSE-ZITO,9744,40,11458,11468
92802,NSE-CARD,9664,50,12825,12839
92821,NSE-ZITO,9744,8,11458,11469
92861,NSE-ZITO,9736,50,11470,11482
92861,NSE-CARD,9666,50,12840,12851
92921,NSE-CARD,9668,10,12841,12852
92921,NSE-ZABA,10955,7,11010,11019
92921,NSE-DLKV,9927,8,11131,11140
92921,NSE-DLKV,9937,8,10827,11141
92921,NSE-DLKV,9940,8,10995,11141
92921,NSE-DLKV,9941,8,10948,11141
92921,NSE-SIMP,10026,8,11500,11583
92921,NSE-SIMP,10023,5,10808,11583
92921,NSE-SIMP,10021,8,11333,11583
92921,NSE-SIMP,10020,5,10784,11583
92921,NSE-SIMP,10017,8,10769,11583
92921,NSE-SIMP,10017,8,11346,11583
92926,NSE-CARD,9667,20,12853,12863
93005,NSE-CARD,9667,10,12853,12865
93021,NSE-ZABA,10948,1,11021,11030
93021,NSE-DLKV,9950,8,10791,11151
93021,NSE-DLKV,9950,8,11059,11151
93021,NSE-DLKV,9954,8,10709,11151
93021,NSE-DLKV,9958,1,10745,11151
93021,NSE-OIT,9783,8,12444,12465
93031,NSE-ZITO,9730,50,11494,11503
93050,NSE-CARD,9666,1,12864,12877
93058,NSE-CARD,9666,9,12864,12878
93058,NSE-CARD,9666,1,12866,12878
93122,NSE-ZITO,9727,1,11480,11506
93153,NSE-ZITO,9720,49,11506,11515
93153,NSE-ZITO,9721,1,11508,11515
93153,NSE-CARD,9656,50,12881,12890
93154,NSE-CARD,9654,8,12880,12893
93154,NSE-DLKV,9966,8,11162,11173
93154,NSE-OIT,9781,8,12476,12485
93208,NSE-ZITO,9721,50,11508,11518
93208,NSE-CARD,9657,50,12883,12896
93221,NSE-ZITO,9718,1,11505,11520
93221,NSE-CARD,9657,1,12883,12898
93221,NSE-ZITO,9721,4,11508,11521
93221,NSE-DLKV,9976,8,10768,11174
93279,NSE-ZITO,9729,50,11523,11532
93279,NSE-CARD,9662,50,12900,12909
93321,NSE-CARD,9663,9,12902,12911
93321,NSE-SIMP,10018,8,11619,11628
93321,NSE-SIMP,10016,8,11612,11629
93321,NSE-SIMP,10016,1,11618,11629
93321,NSE-SIMP,10012,8,11570,11631
93321,NSE-SIMP,10011,8,11535,11631
93321,NSE-SIMP,10009,1,10259,11631
93321,NSE-SIMP,10007,8,10438,11631
93321,NSE-SIMP,10005,8,10080,11631
93321,NSE-SIMP,10000,8,10045,11631
93335,NSE-OIT,9774,8,12498,12507
93335,NSE-SIMP,9999,8,11631,11640
93335,NSE-ZABA,10920,8,11064,11073
93335,NSE-CARD,9673,20,12912,12924
93335,NSE-CARD,9673,20,12912,12925
93367,NSE-DLKV,9971,5,11184,11196
93367,NSE-OIT,9774,5,12498,12509
93378,NSE-ZITO,9728,50,11534,11546
93378,NSE-CARD,9673,10,12912,12927
93378,NSE-CARD,9672,40,12914,12927
93421,NSE-CARD,9675,6,12913,12928
93421,NSE-CARD,9672,9,12914,12929
93421,NSE-CARD,9675,3,12913,12930
93421,NSE-OIT,9772,8,12497,12517
93421,NSE-DLKV,9973,8,11195,11197
93422,NSE-ZABA,10925,5,11076,11077
93422,NSE-ZITO,9748,8,10936,11547
93422,NSE-ZITO,9749,8,9480,11547
93465,NSE-ZITO,9751,34,11547,11558
93465,NSE-ZITO,9750,16,11549,11558
93465,NSE-SIMP,9997,50,11645,11654
93465,NSE-CARD,9657,50,12932,12941
93520,NSE-CARD,9658,20,12934,12943
93521,NSE-OIT,9792,8,12518,12530
93521,NSE-SIMP,9998,8,11647,11655
93521,NSE-ZABA,10932,8,11077,11089
93521,NSE-ZITO,9753,1,11548,11560
93521,NSE-ZITO,9750,7,11549,11561
93522,NSE-DLKV,9976,50,11207,11210
93522,NSE-DLKV,9976,50,11207,11212
93552,NSE-ZITO,9737,50,11562,11573
93552,NSE-CARD,9663,50,12948,12957
93615,NSE-SIMP,10009,1,11658,11669
93615,NSE-DLKV,9976,1,11212,11220
93621,NSE-ZITO,9736,8,11564,11574
93621,NSE-DLKV,9978,1,10508,11221
93621,NSE-DLKV,9978,7,10508,11222
93621,NSE-DLKV,9978,8,10581,11222
93621,NSE-DLKV,9991,8,11209,11222
93622,NSE-ZITO,9714,8,11544,11576
93622,NSE-ZITO,9713,8,11559,11576
93622,NSE-ZITO,9710,8,11466,11576
93648,NSE-ZITO,9709,26,11576,11585
93648,NSE-ZITO,9710,24,11578,11585
93663,NSE-CARD,9669,50,12959,12970
93702,NSE-SIMP,10011,20,11671,11681
93721,NSE-OIT,9797,8,12543,12557
93721,NSE-DLKV,9992,6,11222,11233
93721,NSE-OIT,9797,2,12543,12558
93721,NSE-CARD,9675,8,12946,12972
93721,NSE-CARD,9681,8,12923,12972
93721,NSE-CARD,9866,1,10695,12972
93721,NSE-CARD,9870,8,10697,12972
93721,NSE-CARD,9875,8,10638,12972
93721,NSE-CARD,9882,8,10668,12972
93722,NSE-ZABA,10940,8,11052,11110
93722,NSE-ZABA,10949,1,11075,11110
93722,NSE-ZABA,10967,8,11074,11110
93722,NSE-ZABA,10968,8,10719,11110
93722,NSE-ZABA,10968,8,10875,11110
93734,NSE-CARD,9891,8,12972,12983
93734,NSE-DLKV,10000,8,11234,11245
93734,NSE-SIMP,10021,8,11684,11695
93764,NSE-ZITO,9741,50,11587,11600
93764,NSE-SIMP,10021,42,11684,11697
93764,NSE-SIMP,10020,8,11686,11697
93764,NSE-CARD,9891,1,12972,12985
93764,NSE-CARD,9890,49,12974,12985
93790,NSE-CARD,9890,1,12974,12986
93790,NSE-ZITO,9743,1,11588,11601
93821,NSE-DLKV,10000,5,11234,11246
93821,NSE-DLKV,10000,2,11234,11247
93821,NSE-ZITO,9740,1,11589,11602
93822,NSE-ZITO,9736,8,11597,11604
93866,NSE-ZITO,9715,50,11603,11614
93867,NSE-CARD,9911,50,12987,12999
93921,NSE-SIMP,10026,5,11698,11710
93921,NSE-OIT,9792,3,12571,12582
93921,NSE-OIT,9792,1,12571,12583
93921,NSE-DLKV,9985,6,11249,11258
93921,NSE-CARD,9918,5,10597,13000
93921,NSE-CARD,9920,5,10531,13000
93921,NSE-CARD,9922,5,10656,13000
93921,NSE-OIT,9806,8,12508,12584
93921,NSE-OIT,9807,8,12570,12584
93921,NSE-SIMP,10032,8,11656,11711
93921,NSE-SIMP,10034,1,11614,11711
93949,NSE-ZITO,9736,50,11616,11625
93949,NSE-CARD,9924,35,13000,13011
93949,NSE-CARD,9923,15,13002,13011
93950,NSE-DLKV,9981,1,11260,11269
93996,NSE-CARD,9923,8,13002,13013
93996,NSE-SIMP,10039,8,11711,11723
93996,NSE-ZITO,9734,8,11615,11628
93996,NSE-CARD,9923,20,13002,13014
94021,NSE-OIT,9807,10,12584,12596
94021,NSE-DLKV,9979,6,11259,11272
94021,NSE-ZITO,9734,7,11615,11629
94021,NSE-DLKV,9979,2,11259,11273
94021,NSE-DLKV,9978,8,11270,11275
94034,NSE-CARD,9901,50,13015,13025
94034,NSE-CARD,9900,100,13017,13025
94034,NSE-CARD,9899,150,13019,13025
94034,NSE-CARD,9898,200,13021,13025
94034,NSE-CARD,9897,250,13023,13025
94045,NSE-CARD,9903,10,13016,13026
94046,NSE-ZITO,9749,49,11630,11641
94108,NSE-ZABA,10963,1,11142,11152
94121,NSE-ZITO,9751,7,11631,11642
94121,NSE-OIT,9795,8,12598,12607
94122,NSE-OIT,9808,8,12063,12608
94134,NSE-CARD,9891,20,13028,13038
94134,NSE-CARD,9891,20,13028,13039
94134,NSE-CARD,9891,10,13028,13040
94134,NSE-CARD,9890,10,13030,13040
94134,NSE-CARD,9890,20,13030,13041
94145,NSE-ZITO,9737,50,11643,11654
94145,NSE-SIMP,10027,50,11736,11745
94178,NSE-CARD,9893,5,13029,13043
94178,NSE-OIT,9809,5,11855,12618
94221,NSE-ZITO,9736,5,11645,11655
94221,NSE-OIT,9809,3,11855,12622
94221,NSE-OIT,9810,5,12510,12622
94221,NSE-OIT,9812,8,12595,12622
94221,NSE-OIT,9813,8,11725,12622
94221,NSE-OIT,9815,8,12104,12622
94221,NSE-OIT,9815,5,12512,12622
94221,NSE-OIT,9816,8,11888,12622
94221,NSE-OIT,9817,5,12486,12622
94221,NSE-OIT,9817,3,12486,12624
94221,NSE-OIT,9817,5,12515,12624
94221,NSE-OIT,9818,8,11836,12624
94221,NSE-OIT,9818,5,12203,12624
94221,NSE-ZABA,10973,8,10783,11163
94221,NSE-ZABA,10976,8,10795,11163
94221,NSE-ZABA,10980,8,10832,11163
94221,NSE-ZABA,10983,8,10808,11163
94239,NSE-ZITO,9729,50,11657,11666
94239,NSE-SIMP,10028,50,11747,11756
94249,NSE-CARD,9911,40,13044,13055
94310,NSE-ZITO,9730,50,11659,11669
94310,NSE-SIMP,10026,50,11746,11758
94321,NSE-SIMP,10029,2,11749,11759
94321,NSE-CARD,9912,10,13027,13058
94381,NSE-DLKV,10000,8,11305,11316
94381,NSE-OIT,9788,8,12633,12642
94381,NSE-ZITO,9715,8,11671,11680
94421,NSE-OIT,9786,7,12632,12644
94421,NSE-DLKV,10002,8,9660,11317
94421,NSE-DLKV,10004,8,9726,11317
94421,NSE-DLKV,10007,8,11271,11317
94438,NSE-CARD,9911,20,13070,13080
94438,NSE-CARD,9911,20,13070,13081
94438,NSE-CARD,9911,10,13070,13082
94438,NSE-CARD,9910,10,13072,13082
94469,NSE-ZITO,9720,50,11683,11692
94469,NSE-SIMP,10029,50,11773,11783
94469,NSE-SIMP,10027,50,11772,11784
94521,NSE-ZABA,10982,2,11185,11194
94521,NSE-CARD,9910,1,13072,13083
94521,NSE-DLKV,10011,7,11318,11327
94521,NSE-SIMP,10030,2,11775,11785
94521,NSE-CARD,9909,8,13068,13085
94522,NSE-SIMP,10040,1,11782,11786
94573,NSE-ZITO,9715,50,11694,11705
94573,NSE-SIMP,10040,49,11786,11797
94573,NSE-SIMP,10039,1,11788,11797
94621,NSE-ZITO,9714,7,11696,11706
94621,NSE-DLKV,10018,6,9588,11338
94621,NSE-ZABA,10969,4,11195,11205
94621,NSE-OIT,9802,6,12656,12665
94622,NSE-ZABA,11000,8,10707,11206
94623,NSE-CARD,9909,8,13097,13109
94623,NSE-DLKV,10015,8,11339,11350
94623,NSE-OIT,9813,8,12666,12677
94623,NSE-ZITO,9710,8,11708,11717
94684,NSE-DLKV,10015,1,11339,11351
94684,NSE-ZITO,9710,1,11708,11719
94684,NSE-ZITO,9710,41,11708,11720
94684,NSE-ZITO,9711,9,11710,11720
94685,NSE-ZABA,11001,42,11206,11217
94685,NSE-ZABA,10999,58,11208,11217
94721,NSE-DLKV,10015,1,11339,11352
94721,NSE-OIT,9815,3,12667,12679
94721,NSE-CARD,9911,1,13111,13112
94721,NSE-CARD,9925,5,10529,13112
94721,NSE-CARD,9928,5,10533,13112
94721,NSE-CARD,9932,5,10596,13112
94721,NSE-CARD,9938,8,13069,13112
94721,NSE-CARD,9942,5,10792,13112
94721,NSE-CARD,9977,8,10563,13112
94721,NSE-CARD,9983,1,10559,13112
94721,NSE-CARD,9997,8,10545,13112
94721,NSE-CARD,9998,4,10415,13112
94721,NSE-CARD,9998,4,10415,13114
94721,NSE-CARD,10006,8,9338,13114
94721,NSE-CARD,10007,8,9296,13114
94721,NSE-CARD,10013,8,9093,13114
94721,NSE-CARD,10040,5,10793,13114
94721,NSE-CARD,10063,8,9055,13114
94721,NSE-CARD,10076,8,9220,13114
94721,NSE-CARD,10078,1,9067,13114
94721,NSE-SIMP,10029,1,11810,11813
94722,NSE-ZABA,11002,1,10708,11218
94722,NSE-ZABA,11009,1,10385,11218
94722,NSE-ZABA,11011,48,10350,11218
94745,NSE-CARD,10163,20,13114,13122
94745,NSE-ZITO,9724,50,11722,11733
94745,NSE-SIMP,10027,49,11813,11822
94745,NSE-SIMP,10028,1,11815,11822
94821,NSE-SIMP,10028,3,11815,11823
94821,NSE-DLKV,10007,1,11354,11363
94822,NSE-ZABA,11011,50,10350,11228
94822,NSE-ZABA,11011,2,10350,11230
94822,NSE-ZABA,11014,8,10662,11230
94822,NSE-ZABA,11020,8,10506,11230
94822,NSE-ZABA,11021,5,10760,11230
94822,NSE-ZABA,11025,4,10292,11230
94822,NSE-ZABA,11025,8,10397,11230
94867,NSE-ZITO,9707,50,11735,11744
94896,NSE-ZABA,11031,1,11230,11238
94896,NSE-CARD,10169,8,13124,13136
94896,NSE-ZITO,9708,8,11737,11746
94896,NSE-DLKV,10008,2,11365,11375
94921,NSE-OIT,9816,1,12691,12701
94921,NSE-OIT,9816,5,12691,12702
94921,NSE-OIT,9820,8,11964,12703
94921,NSE-OIT,9820,5,12103,12703
94955,NSE-ZITO,9704,50,11749,11758
94955,NSE-SIMP,10026,50,11838,11847
94955,NSE-SIMP,10025,8,11808,11848
95008,NSE-CARD,10165,50,13137,13147
95008,NSE-CARD,10164,50,13139,13147
95021,NSE-SIMP,10024,7,11770,11849
95021,NSE-DLKV,10018,2,9588,11387
95021,NSE-DLKV,10020,5,9244,11387
95021,NSE-DLKV,10025,8,9648,11387
95021,NSE-DLKV,10027,5,9243,11387
95021,NSE-DLKV,10028,8,8300,11387
95021,NSE-DLKV,10028,5,9438,11387
95021,NSE-DLKV,10033,8,9624,11387
95021,NSE-DLKV,10036,8,7939,11387
95021,NSE-DLKV,10040,1,9241,11387
95021,NSE-DLKV,10040,4,9241,11389
95021,NSE-DLKV,10041,8,6488,11389
95021,NSE-OIT,9822,8,12643,12713
95021,NSE-OIT,9823,5,12516,12713
95021,NSE-OIT,9825,5,12332,12713
95021,NSE-OIT,9827,5,12284,12713
95021,NSE-OIT,9827,5,12357,12713
95021,NSE-OIT,9829,5,12511,12713
95021,NSE-OIT,9830,5,12229,12713
95021,NSE-OIT,9830,5,12553,12713
95089,NSE-DLKV,10044,20,11389,11397
95089,NSE-ZITO,9722,50,11760,11771
95089,NSE-SIMP,10031,50,11851,11860
95121,NSE-DLKV,10050,8,11388,11398
95121,NSE-OIT,9832,5,12117,12723
95121,NSE-OIT,9833,5,11901,12723
95121,NSE-OIT,9833,5,12333,12723
95121,NSE-OIT,9834,5,12514,12723
95121,NSE-OIT,9836,5,12181,12723
95121,NSE-OIT,9836,5,12273,12723
95121,NSE-OIT,9837,8,11766,12723
95121,NSE-OIT,9837,5,12205,12723
95121,NSE-OIT,9840,5,12513,12723
95121,NSE-OIT,9840,2,12554,12723
95121,NSE-OIT,9840,3,12554,12725
95121,NSE-OIT,9842,5,11799,12725
95121,NSE-OIT,9842,5,12285,12725
95121,NSE-OIT,9842,5,12581,12725
95121,NSE-OIT,9843,5,11869,12725
95121,NSE-OIT,9843,5,12555,12725
95122,NSE-SIMP,10024,1,11770,11863
95122,NSE-SIMP,10011,8,11835,11863
95148,NSE-ZITO,9698,50,11773,11782
95148,NSE-SIMP,10008,41,11863,11872
95148,NSE-SIMP,10009,9,11865,11872
95221,NSE-DLKV,10016,9,11400,11409
95221,NSE-SIMP,10009,4,11865,11874
95221,NSE-CARD,10157,9,13159,13169
95223,NSE-CARD,10147,20,13171,13180
95243,NSE-OIT,9824,5,12735,12744
95243,NSE-ZITO,9706,50,11784,11793
95243,NSE-SIMP,10005,50,11876,11886
95243,NSE-CARD,10147,30,13171,13183
95243,NSE-CARD,10148,20,13173,13183
95261,NSE-CARD,10145,8,13170,13184
95261,NSE-SIMP,10006,8,11878,11888
95321,NSE-SIMP,10006,2,11878,11890
95321,NSE-SIMP,10006,4,11878,11891
95321,NSE-DLKV,10035,5,11410,11423
95321,NSE-OIT,9816,1,12733,12749
95370,NSE-SIMP,10008,50,11893,11902
95370,NSE-SIMP,10006,50,11892,11903
95416,NSE-CARD,10117,8,13186,13195
95416,NSE-SIMP,10009,8,11895,11904
95421,NSE-OIT,9806,8,12758,12760
95421,NSE-OIT,9804,8,12700,12760
95421,NSE-OIT,9799,8,12746,12760
95421,NSE-OIT,9795,1,12678,12760
95431,NSE-DLKV,10011,20,11435,11445
95431,NSE-ZITO,9698,50,11811,11820
95431,NSE-SIMP,10019,50,11906,11917
95431,NSE-CARD,10139,50,13198,13209
95521,NSE-DLKV,10015,8,11436,11446
95521,NSE-OIT,9788,1,12759,12769
95521,NSE-OIT,9790,5,12760,12770
95521,NSE-SIMP,9996,5,11885,11920
95521,NSE-SIMP,9994,8,11722,11920
95521,NSE-SIMP,9993,8,9910,11920
95537,NSE-ZITO,9700,50,11822,11833
95537,NSE-SIMP,9991,29,11920,11929
95537,NSE-SIMP,9992,21,11922,11929
95537,NSE-CARD,10136,50,13212,13223
95588,NSE-DLKV,10012,8,11448,11458
95604,NSE-OIT,9809,5,12772,12783
95605,NSE-SIMP,9992,5,11922,11933
95605,NSE-OIT,9809,5,12772,12785
95605,NSE-OIT,9809,5,12772,12787
95605,NSE-SIMP,9992,5,11922,11937
95605,NSE-OIT,9809,5,12772,12789
95605,NSE-SIMP,9992,5,11922,11939
95605,NSE-OIT,9809,5,12772,12791
95605,NSE-SIMP,9992,5,11922,11942
95605,NSE-ZITO,9702,1,11823,11835
95605,NSE-SIMP,9992,1,11922,11944
95621,NSE-ZABA,11015,3,11305,11321
95621,NSE-ZITO,9699,6,11824,11836
95621,NSE-OIT,9809,8,12772,12794
95621,NSE-ZABA,11015,5,11305,11322
95622,NSE-ZABA,11000,8,11314,11324
95665,NSE-ZITO,9716,50,11837,11848
95665,NSE-SIMP,9990,50,11946,11955
95665,NSE-CARD,10139,50,13233,13244
95721,NSE-CARD,10145,1,13211,13245
95721,NSE-CARD,10161,8,13225,13245
95721,NSE-CARD,10180,8,13196,13245
95721,NSE-CARD,10218,8,8961,13245
95721,NSE-DLKV,10035,1,11466,11477
95737,NSE-ZABA,10995,1,11333,11343
95738,NSE-CARD,10253,20,13245,13256
95738,NSE-DLKV,10039,20,11477,11488
95751,NSE-ZITO,9698,50,11850,11859
95781,NSE-CARD,10253,5,13245,13259
95781,NSE-CARD,10252,3,13247,13259
95782,NSE-OIT,9814,8,12805,12816
95782,NSE-SIMP,9993,8,11958,11968
95821,NSE-DLKV,10001,8,11421,11491
95821,NSE-DLKV,9997,8,11489,11491
95822,NSE-ZABA,11002,8,11345,11346
95885,NSE-ZITO,9701,20,11862,11872
95954,NSE-ZITO,9703,50,11874,11883
96021,NSE-OIT,9812,2,12829,12838
96021,NSE-OIT,9824,5,12827,12839
96022,NSE-ZITO,9718,8,11809,11885
96106,NSE-ZITO,9720,42,11885,11896
96106,NSE-ZITO,9719,8,11887,11896
96106,NSE-CARD,10239,50,13282,13291
96121,NSE-SIMP,9994,2,11991,12002
96121,NSE-CARD,10240,5,13284,13292
96121,NSE-ZITO,9722,9,11886,11897
96121,NSE-ZABA,11006,4,11366,11376
96121,NSE-ZABA,11010,2,11367,11377
96121,NSE-CARD,10237,2,13281,13293
96121,NSE-ZITO,9722,2,11886,11898
96129,NSE-SIMP,9998,50,12004,12013
96129,NSE-SIMP,9999,100,12006,12013
96129,NSE-SIMP,10000,50,12008,12013
96130,NSE-OIT,9826,5,12849,12860
96154,NSE-ZITO,9716,50,11899,11910
96154,NSE-SIMP,10000,50,12008,12015
96154,NSE-CARD,10218,50,13295,13305
96155,NSE-CARD,10216,8,13294,13307
96194,NSE-DLKV,10018,20,11522,11536
96195,NSE-ZITO,9715,50,11901,11914
96195,NSE-CARD,10219,50,13297,13308
96221,NSE-ZITO,9715,5,11901,11915
96221,NSE-CARD,10219,7,13297,13309
96222,NSE-SIMP,10004,8,12018,12020
96222,NSE-ZABA,11037,8,9716,11389
96222,NSE-ZABA,11040,8,10432,11389
96246,NSE-ZITO,9712,50,11917,11926
96246,NSE-CARD,10252,50,13310,13321
96321,NSE-DLKV,10026,7,11537,11548
96321,NSE-CARD,10254,7,13311,13322
96321,NSE-DLKV,10032,8,11534,11549
96321,NSE-DLKV,10052,8,11459,11549
96321,NSE-DLKV,10057,5,9239,11549
96321,NSE-OIT,9830,1,12747,12874
96321,NSE-OIT,9831,5,12792,12874
96364,NSE-ZITO,9707,50,11929,11939
96365,NSE-CARD,10243,50,13323,13334
96421,NSE-SIMP,10007,4,12031,12042
96421,NSE-DLKV,10060,4,9063,11559
96421,NSE-CARD,10245,1,13324,13335
96421,NSE-SIMP,10007,5,12031,12043
96421,NSE-ZABA,11036,2,11399,11409
96421,NSE-OIT,9837,8,12782,12884
96421,NSE-OIT,9837,8,12862,12884
96421,NSE-OIT,9845,5,12790,12884
96443,NSE-ZITO,9713,50,11942,11951
96443,NSE-ZITO,9711,50,11941,11952
96443,NSE-SIMP,10015,50,12044,12055
96443,NSE-CARD,10242,50,13337,13346
96462,NSE-OIT,9846,1,12884,12894
96462,NSE-CARD,10240,1,13336,13348
96462,NSE-DLKV,10059,1,11560,11570
96493,NSE-DLKV,10059,8,11560,11572
96521,NSE-ZITO,9714,9,11944,11954
96521,NSE-CARD,10240,2,13336,13351
96521,NSE-DLKV,10059,6,11560,11573
96521,NSE-ZABA,11039,5,11410,11421
96521,NSE-OIT,9846,8,12884,12896
96521,NSE-DLKV,10060,1,9063,11574
96522,NSE-OIT,9847,5,12745,12897
96522,NSE-ZITO,9701,8,11911,11956
96522,NSE-ZITO,9694,8,11517,11956
96522,NSE-ZITO,9694,8,11795,11956
96522,NSE-ZITO,9693,8,11627,11956
96522,NSE-ZITO,9690,8,11834,11956
96522,NSE-ZITO,9688,8,11808,11956
96522,NSE-ZITO,9687,2,11360,11956
96522,NSE-ZITO,9687,6,11360,11958
96522,NSE-ZITO,9687,8,11953,11958
96522,NSE-ZITO,9682,8,11861,11958
96563,NSE-ZITO,9682,50,11958,11965
96563,NSE-SIMP,10010,50,12060,12071
96563,NSE-CARD,10245,50,13352,13363
96596,NSE-DLKV,10060,29,11574,11584
96621,NSE-DLKV,10060,2,11574,11585
96621,NSE-SIMP,10009,8,12062,12072
96622,NSE-OIT,9848,5,12201,12907
96622,NSE-OIT,9848,5,12556,12907
96622,NSE-OIT,9849,5,11770,12907
96622,NSE-OIT,9850,5,11867,12907
96641,NSE-ZITO,9695,1,11968,11977
96641,NSE-DLKV,10046,20,11586,11596
96655,NSE-ZABA,11015,8,11433,11443
96669,NSE-ZITO,9695,49,11968,11980
96669,NSE-ZITO,9696,1,11970,11980
96669,NSE-SIMP,9998,50,12074,12086
96669,NSE-CARD,10242,50,13365,13375
96669,NSE-CARD,10240,50,13364,13376
96721,NSE-CARD,10280,8,8248,13377
96721,NSE-CARD,10281,8,8550,13377
96721,NSE-CARD,10290,1,8133,13377
96721,NSE-SIMP,9996,1,12056,12089
96721,NSE-SIMP,9992,8,12084,12089
96721,NSE-SIMP,9990,8,12058,12089
96721,NSE-SIMP,9989,8,11931,12089
96722,NSE-ZITO,9691,8,11978,11982
96741,NSE-SIMP,9988,25,12089,12098
96741,NSE-SIMP,9989,25,12091,12098
96741,NSE-CARD,10290,33,13377,13388
96741,NSE-CARD,10289,17,13379,13388
96817,NSE-ZITO,9690,20,11982,11992
96821,NSE-SIMP,9987,3,11935,12101
96821,NSE-ZITO,9690,3,11982,11993
96822,NSE-SIMP,10012,1,12083,12102
96822,NSE-SIMP,10019,8,11932,12102
96822,NSE-SIMP,10021,8,12059,12102
96822,NSE-SIMP,10023,8,12085,12102
96822,NSE-ZITO,9678,8,11416,11995
96867,NSE-ZITO,9677,42,11995,12004
96867,NSE-ZITO,9678,8,11997,12004
96921,NSE-OIT,9833,6,12928,12938
96921,NSE-OIT,9853,5,11640,12939
96921,NSE-OIT,9853,5,11644,12939
96921,NSE-OIT,9854,5,12119,12939
96921,NSE-OIT,9855,8,11407,12939
96921,NSE-OIT,9856,5,12788,12939
96921,NSE-OIT,9856,5,12793,12939
96921,NSE-OIT,9857,5,11597,12939
96921,NSE-OIT,9857,5,11638,12939
96921,NSE-OIT,9857,5,11903,12939
96921,NSE-OIT,9857,2,12859,12939
96922,NSE-OIT,9857,3,12859,12941
96922,NSE-OIT,9858,1,11389,12941
96922,NSE-OIT,9858,5,12101,12941
96922,NSE-OIT,9858,5,12784,12941
96922,NSE-OIT,9859,5,12620,12941
96922,NSE-OIT,9860,5,11646,12941
96922,NSE-OIT,9860,5,12621,12941
96922,NSE-OIT,9861,8,11306,12941
96922,NSE-OIT,9861,5,11966,12941
96922,NSE-OIT,9861,5,12786,12941
96922,NSE-OIT,9862,8,11258,12941
96922,NSE-OIT,9862,5,11270,12941
96922,NSE-OIT,9862,5,11330,12941
96922,NSE-OIT,9862,8,11454,12941
96922,NSE-OIT,9862,5,11615,12941
96931,NSE-ZITO,9677,28,12006,12015
96945,NSE-SIMP,10021,8,12113,12124
96945,NSE-ZITO,9677,8,12006,12016
96960,NSE-DLKV,10053,5,11620,11631
96986,NSE-ZITO,9677,14,12006,12018
96986,NSE-ZITO,9678,36,12008,12018
97007,NSE-DLKV,10053,20,11620,11632
97021,NSE-DLKV,10053,9,11620,11633
97021,NSE-ZABA,11009,5,11465,11476
97095,NSE-DLKV,10060,50,11634,11644
97121,NSE-CARD,10296,4,13411,13421
97121,NSE-ZABA,11021,2,11478,11487
97121,NSE-ZABA,11017,5,11477,11488
97121,NSE-OIT,9837,8,12950,12962
97121,NSE-ZABA,11001,8,11420,11490
97121,NSE-ZABA,10996,8,11475,11490
97122,NSE-ZITO,9675,1,11255,12030
97122,NSE-ZITO,9674,8,10828,12030
97122,NSE-SIMP,10017,8,12136,12147
97122,NSE-ZABA,10996,8,11490,11499
97122,NSE-ZITO,9672,8,12030,12039
97122,NSE-OIT,9835,42,12962,12973
97122,NSE-SIMP,10019,50,12137,12148
97136,NSE-DLKV,10055,20,11645,11656
97221,NSE-ZABA,10992,9,11489,11501
97221,NSE-CARD,10279,7,13422,13433
97221,NSE-OIT,9855,8,12972,12975
97275,NSE-SIMP,9998,50,12154,12163
97275,NSE-CARD,10296,50,13435,13444
97314,NSE-SIMP,9999,1,12156,12166
97314,NSE-OIT,9865,1,12975,12985
97314,NSE-ZABA,11018,1,11502,11512
97315,NSE-SIMP,9999,50,12156,12167
97315,NSE-CARD,10297,50,13437,13446
97321,NSE-ZITO,9688,3,12042,12052
97321,NSE-CARD,10297,1,13445,13447
97321,NSE-CARD,10302,8,8341,13447
97321,NSE-OIT,9866,5,11886,12986
97321,NSE-OIT,9867,8,11196,12986
97321,NSE-OIT,9868,5,11642,12986
97321,NSE-OIT,9868,5,11768,12986
97321,NSE-OIT,9869,8,11294,12986
97321,NSE-OIT,9869,5,11682,12986
97321,NSE-OIT,9869,5,11684,12986
97321,NSE-OIT,9869,5,12619,12986
97321,NSE-OIT,9871,4,11727,12986
97321,NSE-OIT,9871,1,11727,12988
97321,NSE-OIT,9872,5,11699,12988
97321,NSE-OIT,9875,5,11536,12988
97321,NSE-OIT,9877,5,11405,12988
97321,NSE-OIT,9877,5,11595,12988
97321,NSE-OIT,9878,5,11572,12988
97321,NSE-OIT,9881,5,11509,12988
97321,NSE-OIT,9883,5,11458,12988
97321,NSE-OIT,9887,5,11401,12988
97329,NSE-ZITO,9693,8,12053,12064
97361,NSE-OIT,9887,42,12988,12998
97361,NSE-SIMP,10015,8,12170,12181
97421,NSE-ZITO,9695,8,12054,12066
97421,NSE-ZABA,11014,7,11514,11525
97421,NSE-DLKV,10043,8,11598,11681
97421,NSE-DLKV,10039,8,11679,11681
97421,NSE-DLKV,10032,8,11630,11681
97421,NSE-DLKV,10031,8,11655,11681
97421,NSE-OIT,9888,5,11403,13000
97421,NSE-OIT,9888,5,11697,13000
97421,NSE-OIT,9889,5,11483,13000
97421,NSE-OIT,9890,8,11232,13000
97421,NSE-OIT,9890,5,11484,13000
97421,NSE-OIT,9890,5,11534,13000
97421,NSE-OIT,9890,5,11548,13000
97421,NSE-OIT,9891,5,11456,13000
97421,NSE-OIT,9891,5,11481,13000
97442,NSE-CARD,10287,50,13460,13469
97521,NSE-DLKV,10025,8,11680,11692
97521,NSE-OIT,9893,1,10928,13011
97521,NSE-OIT,9893,1,10928,13012
97522,NSE-OIT,9893,3,10928,13013
97574,NSE-CARD,10305,50,13472,13481
97621,NSE-SIMP,10009,7,12196,12206
97621,NSE-ZABA,11017,6,11536,11546
97621,NSE-SIMP,10007,1,12195,12207
97621,NSE-CARD,10281,8,13457,13484
97621,NSE-ZABA,11027,8,11524,11547
97621,NSE-ZABA,11029,8,11500,11547
97622,NSE-ZITO,9703,8,12040,12088
97721,NSE-ZABA,11054,1,11444,11557
97721,NSE-CARD,10275,8,13432,13494
97721,NSE-CARD,10228,8,13374,13494
97721,NSE-CARD,10225,8,13410,13494
97721,NSE-CARD,10214,8,13350,13494
97721,NSE-CARD,10131,8,13224,13494
97721,NSE-CARD,10124,8,13306,13494
97721,NSE-CARD,10123,2,13258,13494
97721,NSE-CARD,10123,6,13258,13496
97722,NSE-ZITO,9709,8,12017,12098
97821,NSE-SIMP,10007,5,12219,12228
97821,NSE-CARD,10105,9,13496,13503
97821,NSE-DLKV,10041,3,11714,11723
97821,NSE-DLKV,10041,7,11714,11724
97821,NSE-ZABA,11034,1,11558,11568
97921,NSE-CARD,10117,5,13505,13514
97921,NSE-ZABA,11043,7,11569,11579
97921,NSE-ZABA,11043,1,11569,11580
97921,NSE-SIMP,10033,5,11936,12240
97921,NSE-SIMP,10034,8,11969,12240
97921,NSE-ZABA,11054,7,11444,11581
97921,NSE-ZABA,11055,1,11442,11581
97921,NSE-ZABA,11063,8,9658,11581
97921,NSE-ZABA,11072,1,6896,11581
97922,NSE-ZITO,9721,8,11979,12118
97953,NSE-SIMP,10036,37,12240,12250
97953,NSE-SIMP,10035,13,12242,12250
97953,NSE-CARD,10116,50,13516,13526
97966,NSE-SIMP,10035,50,12242,12251
97986,NSE-SIMP,10035,37,12242,12252
97986,NSE-SIMP,10034,13,12244,12252
97986,NSE-CARD,10117,50,13518,13529
98021,NSE-SIMP,10037,7,12180,12253
98121,NSE-OIT,9900,1,10704,13077
98121,NSE-SIMP,10025,8,12254,12266
98121,NSE-DLKV,10053,1,11668,11758
98121,NSE-ZABA,11092,5,10162,11601
98130,NSE-OIT,9890,1,13079,13088
98130,NSE-ZABA,11103,1,11601,11611
98142,NSE-SIMP,10028,50,12267,12278
98142,NSE-CARD,10121,50,13541,13552
98143,NSE-SIMP,10027,50,12269,12279
98143,NSE-CARD,10120,50,13543,13554
98154,NSE-SIMP,10030,50,12268,12280
98154,NSE-CARD,10120,50,13543,13556
98154,NSE-DLKV,10057,20,11758,11768
98154,NSE-CARD,10123,8,13542,13557
98154,NSE-ZABA,11103,8,11601,11613
98154,NSE-ZITO,9713,8,12140,12152
98207,NSE-SIMP,10027,50,12269,12287
98207,NSE-CARD,10119,50,13545,13560
98221,NSE-SIMP,10026,9,12271,12288
98221,NSE-SIMP,10026,5,12271,12289
98222,NSE-SIMP,10029,8,12285,12290
98222,NSE-ZITO,9708,1,12150,12154
98232,NSE-ZITO,9695,49,12154,12163
98232,NSE-ZITO,9696,1,12156,12163
98312,NSE-OIT,9886,1,13093,13104
98321,NSE-CARD,10107,2,13561,13571
98321,NSE-SIMP,10031,5,12290,12300
98321,NSE-OIT,9888,5,13094,13105
98322,NSE-ZABA,11116,1,6801,11624
98341,NSE-CARD,10117,5,13573,13583
98374,NSE-SIMP,10033,50,12301,12312
98374,NSE-CARD,10117,45,13573,13584
98374,NSE-CARD,10118,5,13575,13584
98374,NSE-ZITO,9701,50,12165,12174
98390,NSE-OIT,9884,5,13106,13118
98421,NSE-DLKV,10062,7,11771,11794
98421,NSE-SIMP,10037,1,12180,12314
98421,NSE-SIMP,10038,5,11943,12314
98443,NSE-SIMP,10038,44,12314,12325
98443,NSE-SIMP,10037,6,12316,12325
98443,NSE-CARD,10110,50,13587,13598
98509,NSE-SIMP,10037,50,12316,12327
98509,NSE-CARD,10112,50,13588,13599
98521,NSE-DLKV,10043,6,11795,11806
98521,NSE-ZITO,9688,5,12175,12185
98521,NSE-DLKV,10044,1,11805,11807
98521,NSE-ZABA,11128,8,7252,11645
98522,NSE-ZITO,9724,8,11796,12186
98613,NSE-SIMP,10040,8,11905,12338
98613,NSE-SIMP,10040,42,12329,12338
98613,NSE-SIMP,10038,50,12328,12339
98613,NSE-CARD,10110,50,13602,13611
98621,NSE-ZABA,11140,5,11645,11655
98621,NSE-OIT,9875,8,13131,13140
98621,NSE-CARD,10108,1,13601,13613
98621,NSE-ZABA,11140,1,11645,11656
98687,NSE-SIMP,10032,50,12341,12350
98687,NSE-CARD,10109,50,13614,13625
98721,NSE-CARD,9980,5,13181,13628
98721,NSE-CARD,9976,5,13227,13628
98721,NSE-CARD,9964,5,13226,13628
98721,NSE-CARD,9936,5,13228,13628
98721,NSE-CARD,9921,5,13229,13628
98721,NSE-CARD,9917,5,13586,13628
98721,NSE-CARD,9909,5,13304,13628
98721,NSE-CARD,9907,5,13231,13628
98721,NSE-CARD,9902,5,13230,13628
98721,NSE-CARD,9896,5,13135,13628
98721,NSE-CARD,9896,3,13135,13630
98721,NSE-CARD,9896,5,13232,13630
98721,NSE-CARD,9895,8,13182,13630
98721,NSE-DLKV,10044,1,11828,11830
98721,NSE-DLKV,10031,8,11770,11830
98721,NSE-OIT,9872,8,13092,13152
98753,NSE-CARD,9838,10,13630,13637
98821,NSE-OIT,9868,1,13152,13162
98821,NSE-ZITO,9698,7,12207,12216
98822,NSE-OIT,9900,4,10704,13163
98822,NSE-OIT,9901,5,10283,13163
98822,NSE-OIT,9907,8,7515,13163
98822,NSE-OIT,9911,5,7343,13163
98822,NSE-OIT,9912,5,7243,13163
98822,NSE-OIT,9914,8,7541,13163
98822,NSE-OIT,9914,5,7992,13163
98822,NSE-OIT,9915,8,7365,13163
98822,NSE-OIT,9915,2,7733,13163
98822,NSE-OIT,9915,3,7733,13165
98822,NSE-OIT,9915,5,7866,13165
98822,NSE-OIT,9917,5,7231,13165
98822,NSE-OIT,9917,5,7689,13165
98838,NSE-SIMP,10028,50,12363,12372
98838,NSE-CARD,9863,50,13640,13649
98894,NSE-ZABA,11159,1,11677,11687
98894,NSE-OIT,9917,50,13165,13173
98921,NSE-ZITO,9693,4,12217,12227
98921,NSE-SIMP,10041,8,11536,12374
98921,NSE-SIMP,10042,8,11836,12374
98921,NSE-SIMP,10042,5,11938,12374
98921,NSE-SIMP,10043,8,11571,12374
98921,NSE-SIMP,10044,5,11934,12374
98925,NSE-SIMP,10044,16,12374,12385
98925,NSE-SIMP,10043,34,12376,12385
98925,NSE-CARD,9856,50,13651,13662
98993,NSE-CARD,9858,10,13652,13663
98994,NSE-SIMP,10043,50,12376,12387
98994,NSE-CARD,9858,40,13652,13665
98994,NSE-CARD,9859,10,13654,13665
99007,NSE-ZITO,9699,1,12229,12238
99021,NSE-ZABA,11113,8,11688,11698
99021,NSE-CARD,9863,10,13664,13667
99022,NSE-ZITO,9679,8,12151,12240
99094,NSE-SIMP,10038,50,12390,12399
99094,NSE-CARD,9872,40,13667,13678
99094,NSE-CARD,9871,10,13669,13678
99121,NSE-SIMP,10046,8,11889,12401
99121,NSE-SIMP,10047,8,11613,12401
99122,NSE-ZITO,9678,1,12051,12250
99122,NSE-ZITO,9671,8,10788,12250
99122,NSE-ZITO,9671,8,11390,12250
99124,NSE-CARD,9864,1,13680,13689
99156,NSE-CARD,9864,20,13680,13690
99156,NSE-OIT,9898,20,13195,13206
99156,NSE-OIT,9898,20,13195,13207
99221,NSE-SIMP,10050,9,12402,12412
99221,NSE-CARD,9862,3,13679,13693
99221,NSE-CARD,9862,5,13679,13694
99224,NSE-SIMP,10037,50,12414,12423
99224,NSE-CARD,9863,50,13696,13705
99297,NSE-SIMP,10038,50,12416,12425
99297,NSE-CARD,9864,50,13698,13707
99321,NSE-SIMP,10038,1,12416,12427
99321,NSE-ZABA,11130,8,11720,11729
99321,NSE-OIT,9884,4,13208,13219
99321,NSE-DLKV,10001,8,11533,11892
99321,NSE-SIMP,10033,1,12388,12429
99400,NSE-SIMP,10026,49,12429,12438
99400,NSE-SIMP,10027,1,12431,12438
99400,NSE-CARD,9863,50,13710,13720
99400,NSE-CARD,9861,50,13709,13721
99400,NSE-OIT,9902,20,13220,13230
99400,NSE-DLKV,10000,20,11892,11901
99454,NSE-CARD,9845,50,13727,13737
99454,NSE-CARD,9844,100,13729,13737
99454,NSE-CARD,9843,150,13731,13737
99454,NSE-CARD,9842,200,13733,13737
99454,NSE-CARD,9841,250,13735,13737
99521,NSE-DLKV,10055,1,11912,11914
99521,NSE-SIMP,10051,5,11940,12450
99521,NSE-SIMP,10053,1,11524,12450
99521,NSE-SIMP,10053,8,11641,12450
99541,NSE-SIMP,10053,36,12450,12461
99541,NSE-SIMP,10052,14,12452,12461
99541,NSE-CARD,9829,50,13739,13748
99600,NSE-SIMP,10052,50,12452,12463
99600,NSE-CARD,9830,50,13741,13751
99600,NSE-CARD,9827,50,13738,13752
99621,NSE-CARD,9826,8,13740,13753
99621,NSE-OIT,9886,1,13252,13254
99718,NSE-ZABA,11162,1,11760,11770
99718,NSE-CARD,9849,50,13754,13765
99718,NSE-SIMP,10050,20,12464,12475
99718,NSE-CARD,9851,20,13755,13766
99718,NSE-CARD,9851,20,13755,13767
99718,NSE-CARD,9851,10,13755,13768
99718,NSE-CARD,9852,10,13757,13768
99721,NSE-ZITO,9700,1,12300,12310
99721,NSE-SIMP,10052,5,12465,12476
99721,NSE-OIT,9884,8,13253,13265
99721,NSE-SIMP,10050,5,12464,12477
99721,NSE-DLKV,10062,1,11771,11935
99721,NSE-DLKV,10065,7,11925,11935
99721,NSE-CARD,9861,1,13750,13769
99721,NSE-DLKV,10067,5,9090,11936
99721,NSE-DLKV,10077,5,9126,11936
99721,NSE-DLKV,10080,8,6282,11936
99721,NSE-DLKV,10081,8,6378,11936
99721,NSE-DLKV,10087,5,6395,11936
99721,NSE-DLKV,10088,5,9114,11936
99721,NSE-DLKV,10089,5,6284,11936
99721,NSE-DLKV,10090,5,6288,11936
99721,NSE-DLKV,10090,4,6356,11936
99721,NSE-DLKV,10090,4,6356,11938
99721,NSE-DLKV,10090,5,6397,11938
99721,NSE-DLKV,10092,5,6286,11938
99821,NSE-ZABA,11175,2,11772,11781
99821,NSE-DLKV,10093,2,6208,11946
99822,NSE-ZITO,9679,1,12309,12322
99840,NSE-SIMP,10037,50,12490,12499
99847,NSE-CARD,10040,50,13779,13790
99884,NSE-DLKV,10060,1,11948,11957
99915,NSE-SIMP,10035,50,12489,12502
99915,NSE-CARD,10039,50,13781,13792
99921,NSE-CARD,10039,6,13781,13793
99921,NSE-CARD,10039,3,13781,13794
99921,NSE-OIT,9901,8,13277,13286
99921,NSE-ZITO,9663,7,12322,12331
99921,NSE-SIMP,10034,2,12491,12503
99922,NSE-ZITO,9661,8,12063,12333
99922,NSE-ZITO,9655,1,10629,12333
99998,NSE-SIMP,10051,50,12504,12515
99998,NSE-CARD,10042,50,13795,13807
100009,NSE-CARD,10041,10,13797,13809
100021,NSE-CARD,10041,8,13797,13810
100021,NSE-CARD,10044,2,13796,13811
100021,NSE-DLKV,10058,8,11959,11968
100021,NSE-SIMP,10055,8,11771,12516
100021,NSE-SIMP,10055,8,11809,12516
100021,NSE-SIMP,10057,8,11501,12516
100021,NSE-SIMP,10060,8,11431,12516
100111,NSE-SIMP,10061,18,12516,12527
100111,NSE-SIMP,10060,32,12518,12527
100111,NSE-CARD,10055,50,13812,13823
100121,NSE-CARD,10057,9,13813,13824
100121,NSE-ZABA,11157,4,11802,11812
100121,NSE-CARD,10040,10,13808,13826
100122,NSE-ZITO,9633,8,10671,12353
100122,NSE-ZITO,9632,8,10511,12353
100122,NSE-ZITO,9629,8,10524,12353
100203,NSE-CARD,10016,40,13826,13835
100203,NSE-CARD,10017,10,13828,13835
100221,NSE-CARD,10017,5,13828,13837
100221,NSE-OIT,9887,3,13309,13318
100221,NSE-DLKV,10037,1,11934,11990
100221,NSE-SIMP,10038,1,12538,12541
100221,NSE-SIMP,10019,1,12277,12541
100299,NSE-SIMP,10018,48,12541,12551
100299,NSE-SIMP,10019,2,12543,12551
100299,NSE-CARD,10027,50,13838,13850
100299,NSE-CARD,10029,8,13839,13851
100299,NSE-OIT,9874,8,13320,13329
100299,NSE-ZITO,9667,8,12363,12372
100321,NSE-SIMP,10019,9,12543,12555
100321,NSE-OIT,9874,7,13320,13331
100321,NSE-ZABA,11168,7,11824,11834
100323,NSE-SIMP,10021,20,12557,12566
100323,NSE-CARD,10030,20,13853,13863
100323,NSE-SIMP,10021,20,12557,12567
100324,NSE-SIMP,10021,10,12557,12569
100324,NSE-SIMP,10022,10,12559,12569
100381,NSE-OIT,9886,5,13332,13344
100381,NSE-DLKV,10042,8,12000,12013
100381,NSE-DLKV,10042,12,12002,12013
100421,NSE-SIMP,10022,4,12559,12571
100421,NSE-DLKV,10042,8,12002,12014
100515,NSE-OIT,9896,15,13347,13357
100515,NSE-CARD,10030,20,13871,13882
100515,NSE-CARD,10030,20,13871,13883
100515,NSE-CARD,10030,10,13871,13885
100515,NSE-CARD,10029,100,13873,13885
100515,NSE-CARD,10028,150,13875,13885
100515,NSE-CARD,10027,200,13877,13885
100515,NSE-CARD,10026,40,13879,13885
100521,NSE-OIT,9899,1,13307,13358
100521,NSE-SIMP,10011,8,12553,12586
100532,NSE-SIMP,10009,42,12586,12595
100532,NSE-SIMP,10010,8,12588,12595
100532,NSE-CARD,10020,50,13887,13896
100553,NSE-OIT,9900,5,13358,13370
100553,NSE-OIT,9900,5,13358,13372
100621,NSE-SIMP,10007,8,12585,12599
100621,NSE-OIT,9900,4,13358,13373
100637,NSE-SIMP,10022,50,12601,12610
100637,NSE-SIMP,10020,50,12600,12611
100637,NSE-CARD,10040,50,13900,13911
100684,NSE-OIT,9895,5,13374,13385
100721,NSE-OIT,9895,8,13374,13386
100721,NSE-SIMP,10019,8,12602,12613
100721,NSE-CARD,10054,1,13848,13913
100721,NSE-CARD,10109,1,13638,13913
100721,NSE-CARD,10285,1,13525,13913
100721,NSE-CARD,10301,8,13852,13913
100721,NSE-OIT,9906,8,13330,13387
100721,NSE-OIT,9917,1,13205,13387
100785,NSE-CARD,10301,8,13913,13924
100785,NSE-OIT,9917,8,13387,13398
100785,NSE-ZITO,9665,8,12415,12424
100817,NSE-SIMP,10021,50,12615,12626
100818,NSE-CARD,10301,31,13913,13926
100818,NSE-CARD,10300,19,13915,13926
100820,NSE-DLKV,10031,20,12049,12060
100820,NSE-CARD,10300,20,13915,13927
100820,NSE-CARD,10300,20,13915,13928
100821,NSE-DLKV,10018,8,12058,12062
100821,NSE-DLKV,10011,8,11999,12062
100821,NSE-SIMP,10020,8,12624,12630
100821,NSE-SIMP,10006,8,12179,12630
100871,NSE-ZITO,9661,1,12427,12436
100871,NSE-DLKV,9996,1,12062,12071
100871,NSE-SIMP,10005,1,12630,12639
100921,NSE-DLKV,9994,2,12061,12072
100927,NSE-OIT,9891,5,13410,13421
100927,NSE-OIT,9891,5,13410,13423
100962,NSE-SIMP,10001,50,12641,12652
100997,NSE-OIT,9891,5,13410,13425
101021,NSE-OIT,9893,4,13411,13426
101021,NSE-DLKV,9998,8,12074,12086
101021,NSE-OIT,9878,8,13397,13428
101047,NSE-SIMP,10010,50,12655,12664
101121,NSE-DLKV,10010,5,12088,12097
101121,NSE-OIT,9874,1,13368,13438
101121,NSE-SIMP,9998,8,12284,12667
101129,NSE-CARD,10307,8,13965,13975
101130,NSE-DLKV,9995,8,12099,12108
101130,NSE-OIT,9872,8,13438,13447
101130,NSE-SIMP,9998,8,12667,12676
101130,NSE-ZITO,9652,8,12458,12467
101145,NSE-SIMP,9998,34,12667,12678
101145,NSE-SIMP,9999,16,12669,12678
101186,NSE-DLKV,9995,20,12099,12110
101186,NSE-SIMP,9999,20,12669,12680
101221,NSE-DLKV,9995,9,12099,12111
101221,NSE-OIT,9872,6,13438,13451
101221,NSE-DLKV,9991,1,11521,12113
101245,NSE-CARD,10310,1,13977,13987
101246,NSE-CARD,10310,8,13977,13989
101246,NSE-DLKV,9988,8,12113,12122
101246,NSE-SIMP,9997,8,12682,12691
101246,NSE-ZITO,9680,8,12470,12479
101314,NSE-SIMP,9997,42,12682,12693
101314,NSE-SIMP,9998,8,12684,12693
101321,NSE-SIMP,9995,1,12681,12694
101321,NSE-SIMP,9998,2,12684,12695
101321,NSE-SIMP,9998,4,12684,12696
101321,NSE-DLKV,9982,8,11374,12125
101321,NSE-SIMP,9987,2,11935,12698
101321,NSE-SIMP,9987,5,12313,12698
101402,NSE-SIMP,9987,43,12698,12707
101402,NSE-SIMP,9988,7,12700,12707
101421,NSE-SIMP,9985,5,9887,12708
101422,NSE-DLKV,9981,8,11434,12135
101455,NSE-CARD,10305,8,14002,14013
101455,NSE-DLKV,9977,8,12135,12144
101455,NSE-SIMP,10014,8,12710,12719
101521,NSE-DLKV,9977,5,12135,12146
101521,NSE-CARD,10305,3,14002,14015
101521,NSE-ZABA,11127,6,11956,11966
101521,NSE-DLKV,9975,8,11571,12148
101521,NSE-DLKV,9972,5,11460,12148
101521,NSE-DLKV,9965,8,11315,12148
101521,NSE-DLKV,9962,8,11208,12148
101521,NSE-DLKV,9962,5,11465,12148
101521,NSE-DLKV,9962,5,12036,12148
101521,NSE-DLKV,9961,8,11244,12148
101521,NSE-DLKV,9958,3,11463,12148
101521,NSE-DLKV,9958,2,11463,12150
101521,NSE-DLKV,9954,8,11349,12150
101521,NSE-DLKV,9953,5,12035,12150
101521,NSE-DLKV,9953,5,12085,12150
101545,NSE-ZITO,9680,8,12502,12511
101585,NSE-DLKV,9953,20,12150,12157
101614,NSE-CARD,10294,50,14017,14026
101621,NSE-ZITO,9678,3,12501,12513
101621,NSE-DLKV,9953,7,12150,12158
101621,NSE-ZABA,11143,1,11968,11977
101621,NSE-ZITO,9680,3,12502,12514
101622,NSE-ZABA,11114,8,11965,11979
101661,NSE-OIT,9888,1,13495,13505
101661,NSE-DLKV,9970,1,12160,12169
101661,NSE-SIMP,9987,1,12733,12742
101692,NSE-DLKV,9968,5,12159,12171
101692,NSE-OIT,9888,5,13495,13508
101692,NSE-DLKV,9968,5,12159,12173
101708,NSE-DLKV,9970,5,12160,12174
101721,NSE-OIT,9888,6,13495,13511
101721,NSE-CARD,10326,8,13558,14041
101721,NSE-DLKV,9964,5,12170,12177
101721,NSE-OIT,9899,8,13463,13512
101721,NSE-OIT,9913,8,13448,13512
101722,NSE-ZABA,11125,1,11988,11992
101821,NSE-DLKV,9963,4,12172,12186
101821,NSE-CARD,10401,6,14042,14053
101821,NSE-OIT,9916,4,13512,13522
101821,NSE-SIMP,9985,3,9887,12759
101821,NSE-SIMP,9983,8,9723,12759
101821,NSE-SIMP,9982,8,12123,12759
101821,NSE-SIMP,9981,8,11694,12759
101821,NSE-SIMP,9980,5,12651,12759
101821,NSE-SIMP,9977,5,12597,12759
101821,NSE-SIMP,9976,1,9446,12759
101821,NSE-SIMP,9976,5,11941,12759
101821,NSE-SIMP,9976,5,12743,12759
101821,NSE-SIMP,9975,2,12017,12759
101821,NSE-SIMP,9975,6,12017,12761
101821,NSE-SIMP,9975,5,12598,12761
101821,NSE-SIMP,9975,5,12747,12761
101821,NSE-SIMP,9974,5,12014,12761
101821,NSE-SIMP,9973,8,8412,12761
101821,NSE-SIMP,9973,8,9400,12761
101821,NSE-SIMP,9973,8,12146,12761
101821,NSE-SIMP,9973,5,12653,12761
101821,NSE-SIMP,9972,8,8245,12761
101821,NSE-SIMP,9972,8,8384,12761
101821,NSE-SIMP,9972,5,12650,12761
101821,NSE-SIMP,9972,5,12745,12761
101821,NSE-SIMP,9967,8,8282,12761
101821,NSE-SIMP,9967,8,8298,12761
101821,NSE-SIMP,9967,8,9300,12761
101822,NSE-ZITO,9704,8,12373,12536
101864,NSE-CARD,10389,8,14054,14065
101865,NSE-DLKV,9964,8,12188,12197
101865,NSE-OIT,9894,8,13524,13533
101865,NSE-SIMP,9968,8,12763,12768
101865,NSE-ZABA,11117,8,12003,12012
101865,NSE-DLKV,9964,5,12188,12199
101921,NSE-CARD,10389,3,14054,14067
101930,NSE-DLKV,9982,5,12175,12211
102002,NSE-CARD,10405,8,14068,14080
102002,NSE-DLKV,9983,8,12202,12212
102002,NSE-SIMP,9985,8,12774,12783
102002,NSE-ZABA,11130,8,12015,12026
102016,NSE-CARD,10405,1,14068,14081
102021,NSE-ZITO,9691,1,12548,12560
102021,NSE-DLKV,9963,1,12172,12215
102021,NSE-DLKV,9951,5,11461,12215
102021,NSE-DLKV,9950,5,12084,12215
102021,NSE-DLKV,9946,5,11464,12215
102021,NSE-DLKV,9944,8,11194,12215
102021,NSE-DLKV,9944,5,11793,12215
102021,NSE-OIT,9918,5,7345,13548
102021,NSE-OIT,9919,5,7361,13548
102021,NSE-OIT,9920,8,7735,13548
102021,NSE-OIT,9921,8,7670,13548
102021,NSE-OIT,9922,5,7717,13548
102021,NSE-OIT,9922,5,10245,13548
102021,NSE-OIT,9923,5,7966,13548
102021,NSE-OIT,9923,5,8004,13548
102021,NSE-OIT,9924,4,7297,13548
102062,NSE-CARD,10405,50,14082,14093
102180,NSE-CARD,10389,8,14095,14106
102180,NSE-DLKV,9977,8,12225,12234
102180,NSE-SIMP,9990,8,12798,12807
102180,NSE-ZABA,11109,8,12039,12048
102180,NSE-ZITO,9696,8,12571,12582
102221,NSE-DLKV,9977,1,12225,12236
102221,NSE-SIMP,9988,9,12797,12811
102221,NSE-OIT,9912,1,13560,13571
102321,NSE-CARD,10395,8,14110,14121
102321,NSE-CARD,10393,9,14109,14122
102344,NSE-CARD,10397,50,14124,14133
102362,NSE-ZITO,9689,1,12594,12603
102362,NSE-DLKV,9964,1,12248,12257
102408,NSE-CARD,10395,8,14123,14136
102408,NSE-DLKV,9964,8,12248,12258
102409,NSE-SIMP,10002,8,12825,12836
102409,NSE-ZABA,11104,8,12062,12072
102409,NSE-ZITO,9687,8,12593,12605
102421,NSE-CARD,10395,6,14123,14137
102421,NSE-CARD,10395,8,14123,14138
102421,NSE-SIMP,10000,8,12824,12838
102421,NSE-SIMP,9981,5,12809,12840
102422,NSE-ZABA,11106,1,12071,12074
102422,NSE-ZITO,9679,8,12546,12607
102422,NSE-ZITO,9676,8,12558,12607
102426,NSE-CARD,10402,50,14140,14149
102493,NSE-DLKV,9952,5,12261,12270
102493,NSE-SIMP,9981,5,12840,12849
102493,NSE-DLKV,9952,5,12261,12272
102494,NSE-SIMP,9981,5,12840,12851
102521,NSE-DLKV,9952,9,12261,12274
102521,NSE-OIT,9915,1,13595,13608
102521,NSE-CARD,10403,6,14142,14152
102521,NSE-DLKV,9940,5,12047,12276
102522,NSE-ZITO,9661,1,12525,12617
102581,NSE-DLKV,9938,20,12276,12285
102619,NSE-CARD,10402,8,14153,14165
102619,NSE-DLKV,9938,8,12276,12286
102619,NSE-SIMP,9975,8,12854,12863
102619,NSE-ZABA,11117,8,12087,12096
102619,NSE-ZITO,9648,8,12617,12626
102619,NSE-CARD,10402,1,14153,14166
102621,NSE-ZITO,9647,3,12581,12628
102621,NSE-CARD,10402,1,14153,14167
102660,NSE-CARD,10399,50,14168,14179
102721,NSE-ZABA,11121,2,12098,12108
102721,NSE-ZABA,11125,5,12099,12109
102758,NSE-CARD,10431,50,14180,14191
102796,NSE-DLKV,9950,5,12299,12308
102814,NSE-CARD,10430,8,14182,14194
102814,NSE-DLKV,9950,8,12299,12310
102814,NSE-SIMP,9980,8,12876,12887
102821,NSE-OIT,9905,3,13631,13643
102821,NSE-ZABA,11141,2,12111,12121
102831,NSE-DLKV,9937,20,12313,12322
102831,NSE-OIT,9917,20,13644,13654
102884,NSE-ZABA,11143,1,12122,12132
102884,NSE-DLKV,9937,1,12313,12323
102921,NSE-SIMP,9998,9,12890,12899
102921,NSE-DLKV,9923,5,11420,12325
102921,NSE-DLKV,9922,5,11462,12325
102921,NSE-OIT,9894,1,13593,13657
103021,NSE-OIT,9891,7,13656,13666
103021,NSE-CARD,10433,3,14206,14218
103021,NSE-ZABA,11145,8,12134,12143
103021,NSE-ZITO,9675,4,12662,12672
103021,NSE-DLKV,9917,1,11161,12335
103021,NSE-DLKV,9906,5,12083,12335
103021,NSE-DLKV,9893,5,10544,12335
103021,NSE-DLKV,9892,8,11172,12335
103021,NSE-DLKV,9889,5,11294,12335
103021,NSE-DLKV,9888,5,11232,12335
103022,NSE-ZITO,9697,8,12650,12673
103024,NSE-DLKV,9888,5,12335,12344
103024,NSE-SIMP,9985,5,12911,12920
103024,NSE-DLKV,9888,8,12335,12346
103024,NSE-SIMP,9985,8,12911,12922
103024,NSE-ZITO,9697,8,12673,12683
103024,NSE-DLKV,9888,5,12335,12348
103056,NSE-DLKV,9888,3,12335,12350
103056,NSE-DLKV,9889,17,12337,12350
103070,NSE-CARD,10425,50,14220,14232
103084,NSE-DLKV,9889,5,12337,12351
103084,NSE-SIMP,9985,5,12911,12926
103121,NSE-OIT,9885,8,13569,13683
103121,NSE-OIT,9881,8,13619,13683
103121,NSE-OIT,9880,8,13547,13683
103121,NSE-OIT,9878,1,13506,13683
103121,NSE-OIT,9871,8,13594,13683
103121,NSE-OIT,9870,8,13462,13683
103121,NSE-OIT,9867,8,13678,13683
103121,NSE-OIT,9862,1,13484,13683
103121,NSE-OIT,9862,7,13484,13685
103121,NSE-OIT,9862,8,13642,13685
103122,NSE-ZABA,11152,8,12049,12157
103145,NSE-SIMP,9993,1,12929,12938
103145,NSE-CARD,10419,50,14235,14244
103205,NSE-DLKV,9908,20,12354,12363
103221,NSE-ZABA,11164,1,11899,12167
103221,NSE-SIMP,9984,5,12924,12940
103223,NSE-DLKV,9924,8,12365,12374
103276,NSE-CARD,10407,50,14246,14256
103321,NSE-ZABA,11158,3,12168,12178
103321,NSE-OIT,9876,3,13692,13703
103321,NSE-OIT,9876,2,13692,13704
103321,NSE-SIMP,9981,8,12949,12950
103345,NSE-CARD,10429,1,14258,14268
103363,NSE-CARD,10429,49,14258,14270
103363,NSE-CARD,10428,1,14260,14270
103421,NSE-ZABA,11165,4,12097,12189
103452,NSE-CARD,10411,50,14272,14283
103521,NSE-DLKV,9898,8,12388,12398
103521,NSE-ZABA,11162,5,12191,12200
103521,NSE-ZITO,9668,8,12649,12729
103546,NSE-CARD,10437,50,14284,14295
103597,NSE-ZITO,9666,8,12728,12738
103621,NSE-ZITO,9668,5,12729,12739
103621,NSE-ZITO,9666,5,12728,12740
103621,NSE-DLKV,9931,8,12400,12410
103621,NSE-ZABA,11134,6,12202,12211
103621,NSE-CARD,10436,2,14286,14296
103621,NSE-SIMP,10001,8,12981,12982
103621,NSE-ZABA,11165,4,12097,12212
103621,NSE-ZABA,11170,8,12073,12212
103621,NSE-ZABA,11177,8,12013,12212
103702,NSE-DLKV,9896,6,12412,12424
103721,NSE-DLKV,9894,9,12411,12425
103721,NSE-ZABA,11179,7,12212,12222
103721,NSE-OIT,9874,2,13739,13748
103821,NSE-DLKV,9941,4,12426,12436
103821,NSE-DLKV,9941,1,12426,12437
103821,NSE-CARD,10579,2,14309,14319
103821,NSE-OIT,9853,5,13117,13760
103821,NSE-OIT,9850,8,12996,13760
103826,NSE-DLKV,9927,20,12439,12449
103886,NSE-DLKV,9925,8,12438,12451
103886,NSE-OIT,9845,8,13760,13769
103886,NSE-SIMP,10003,8,13004,13015
103886,NSE-ZITO,9678,8,12762,12771
103921,NSE-OIT,9845,7,13760,13771
103921,NSE-ZABA,11144,3,12233,12244
103922,NSE-SIMP,10006,5,12772,13016
103922,NSE-ZITO,9703,8,12717,12773
103946,NSE-DLKV,9895,5,12453,12462
103946,NSE-OIT,9854,5,13772,13782
103984,NSE-OIT,9856,15,13773,13783
104001,NSE-CARD,10583,50,14332,14342
104001,NSE-DLKV,9895,8,12453,12464
104001,NSE-SIMP,10006,8,13016,13027
104001,NSE-ZABA,11140,8,12246,12256
104001,NSE-ZITO,9704,8,12773,12783
104018,NSE-CARD,10582,100,14334,14344
104018,NSE-CARD,10581,100,14336,14344
104021,NSE-SIMP,10008,5,12886,13028
104021,NSE-SIMP,10008,4,13017,13028
104021,NSE-OIT,9856,3,13773,13785
104021,NSE-DLKV,9911,5,12463,12466
104022,NSE-SIMP,10011,8,12960,13029
104022,NSE-SIMP,10015,5,12796,13029
104022,NSE-SIMP,10018,5,12746,13029
104121,NSE-ZITO,9693,8,12784,12794
104121,NSE-CARD,10576,2,14345,14355
104121,NSE-ZITO,9695,2,12785,12795
104121,NSE-SIMP,10018,1,13029,13039
104123,NSE-DLKV,9910,5,12477,12486
104221,NSE-DLKV,9910,1,12477,12488
104221,NSE-SIMP,10012,8,13040,13050
104221,NSE-DLKV,9886,5,10839,12490
104221,NSE-DLKV,9885,8,11036,12490
104233,NSE-ZITO,9700,8,12806,12816
104250,NSE-CARD,10586,5,14367,14378
104305,NSE-DLKV,9884,20,12490,12502
104321,NSE-OIT,9869,6,13809,13822
104321,NSE-ZABA,11143,1,12280,12289
104321,NSE-DLKV,9882,1,10237,12503
104321,NSE-SIMP,10012,3,13052,13064
104321,NSE-DLKV,9882,3,10237,12504
104321,NSE-DLKV,9909,8,12500,12505
104358,NSE-SIMP,10017,50,13065,13075
104393,NSE-OIT,9879,8,13823,13833
104421,NSE-DLKV,9912,1,12506,12517
104421,NSE-CARD,10568,8,14380,14391
104421,NSE-ZITO,9699,5,12818,12828
104421,NSE-ZABA,11131,5,12243,12300
104421,NSE-ZITO,9699,8,12818,12829
104421,NSE-ZABA,11133,3,12291,12301
104421,NSE-CARD,10565,8,14390,14393
104421,NSE-ZABA,11131,3,12243,12303
104421,NSE-ZITO,9705,8,12559,12830
104421,NSE-ZITO,9705,8,12627,12830
104421,NSE-ZITO,9708,8,12547,12830
104421,NSE-ZITO,9712,8,12772,12830
104421,NSE-ZITO,9715,8,12480,12830
104421,NSE-ZITO,9716,8,12827,12830
104456,NSE-SIMP,10011,50,13078,13088
104521,NSE-ZABA,11122,1,12302,12312
104521,NSE-OIT,9877,7,13834,13844
104521,NSE-CARD,10558,3,14393,14402
104521,NSE-ZITO,9717,4,12512,12840
104521,NSE-DLKV,9894,8,12515,12529
104522,NSE-ZABA,11115,8,12120,12314
104522,NSE-ZABA,11108,8,12154,12314
104581,NSE-CARD,10586,8,14403,14414
104581,NSE-DLKV,9889,8,12529,12538
104581,NSE-ZABA,11108,8,12314,12323
104598,NSE-OIT,9883,10,13845,13857
104621,NSE-CARD,10586,1,14403,14415
104621,NSE-ZABA,11108,4,12314,12325
104659,NSE-SIMP,10012,50,13102,13112
104721,NSE-OIT,9880,6,13858,13868
104721,NSE-CARD,10553,8,14413,14428
104721,NSE-CARD,10428,8,14377,14428
104721,NSE-CARD,10408,8,14331,14428
104721,NSE-CARD,10390,8,14343,14428
104721,NSE-CARD,10378,8,14271,14428
104721,NSE-CARD,10374,8,14255,14428
104721,NSE-OIT,9865,8,13855,13870
104752,NSE-CARD,10324,2,14428,14437
104752,NSE-CARD,10325,6,14430,14437
104821,NSE-OIT,9855,8,13870,13880
104821,NSE-ZABA,11126,8,12337,12347
104821,NSE-DLKV,9882,4,10237,12561
104821,NSE-DLKV,9881,2,10250,12561
104821,NSE-ZABA,11126,2,12337,12348
104821,NSE-SIMP,10018,8,13061,13125
104821,NSE-SIMP,10019,5,12993,13125
104821,NSE-SIMP,10022,5,12744,13125
104821,NSE-SIMP,10024,8,12888,13125
104821,NSE-SIMP,10026,8,13124,13125
104821,NSE-SIMP,10027,5,12810,13125
104821,NSE-SIMP,10028,8,12923,13125
104821,NSE-SIMP,10028,3,13077,13125
104821,NSE-SIMP,10028,5,13077,13127
104821,NSE-SIMP,10029,5,12992,13127
104821,NSE-SIMP,10030,5,12850,13127
104821,NSE-SIMP,10030,5,12925,13127
104822,NSE-ZABA,11103,8,11944,12350
104901,NSE-DLKV,9908,20,12563,12573
104901,NSE-ZABA,11097,20,12350,12359
104921,NSE-ZABA,11097,1,12350,12361
104921,NSE-CARD,10325,3,14441,14450
104921,NSE-CARD,10325,2,14441,14451
104922,NSE-ZITO,9683,8,12851,12886
104998,NSE-DLKV,9905,8,12574,12585
104998,NSE-ZABA,11104,8,12363,12372
104998,NSE-ZITO,9682,8,12886,12895
105021,NSE-ZITO,9680,3,12885,12897
105021,NSE-OIT,9848,1,13891,13903
105021,NSE-OIT,9850,1,13892,13904
105021,NSE-OIT,9839,8,13901,13906
105021,NSE-OIT,9835,1,12974,13906
105022,NSE-ZABA,11092,8,12025,12375
105052,NSE-DLKV,9907,5,12587,12596
105053,NSE-DLKV,9905,5,12586,12599
105121,NSE-DLKV,9905,6,12586,12602
105221,NSE-OIT,9827,1,13917,13928
105221,NSE-OIT,9827,7,13917,13929
105221,NSE-DLKV,9905,9,12604,12614
105221,NSE-CARD,10325,50,14486,14489
105221,NSE-OIT,9826,8,12971,13931
105321,NSE-SIMP,10009,7,13173,13183
105321,NSE-DLKV,9908,5,12601,12625
105321,NSE-DLKV,9908,2,12616,12625
105321,NSE-ZABA,11108,7,12396,12406
105321,NSE-DLKV,9908,2,12616,12626
105321,NSE-ZITO,9694,2,12920,12929
105321,NSE-SIMP,10011,9,13174,13184
105321,NSE-CARD,10320,4,14488,14498
105321,NSE-OIT,9821,8,12917,13941
105321,NSE-OIT,9817,1,12873,13941
105321,NSE-ZABA,11118,8,12395,12407
105321,NSE-ZITO,9695,8,12918,12930
105376,NSE-ZABA,11129,8,12407,12417
105392,NSE-DLKV,9905,20,12627,12639
105392,NSE-DLKV,9907,20,12628,12640
105392,NSE-OIT,9816,20,13941,13951
105421,NSE-DLKV,9912,5,12600,12641
105421,NSE-DLKV,9918,8,12638,12641
105421,NSE-DLKV,9920,8,12613,12641
105421,NSE-DLKV,9923,8,12516,12641
105521,NSE-SIMP,10006,4,13197,13206
105521,NSE-SIMP,10004,9,13196,13207
105521,NSE-SIMP,10001,8,13100,13209
105522,NSE-SIMP,10000,20,13209,13218
105621,NSE-CARD,10314,50,14509,14536
105621,NSE-CARD,10313,8,14510,14538
105621,NSE-CARD,10308,8,14462,14538
105621,NSE-OIT,9808,8,12781,13975
105621,NSE-OIT,9808,8,12861,13975
105621,NSE-OIT,9805,5,13369,13975
105621,NSE-SIMP,9999,8,13146,13221
105621,NSE-SIMP,9997,8,13076,13221
105621,NSE-SIMP,9995,34,13026,13221
105621,NSE-SIMP,9995,16,13026,13223
105621,NSE-ZITO,9707,8,12941,12963
105684,NSE-CARD,10302,50,14538,14545
105701,NSE-OIT,9805,20,13975,13984
105721,NSE-CARD,10301,8,14533,14547
105721,NSE-CARD,10290,8,14231,14547
105721,NSE-CARD,10288,8,14193,14547
105721,NSE-CARD,10227,5,14107,14547
105721,NSE-CARD,10224,5,14230,14547
105721,NSE-CARD,10222,5,14229,14547
105721,NSE-CARD,10221,5,14108,14547
105777,NSE-CARD,10221,6,14547,14556
105777,NSE-CARD,10222,2,14549,14556
105777,NSE-ZITO,9702,8,12973,12983
105814,NSE-DLKV,9903,10,12674,12685
105821,NSE-DLKV,9902,5,12598,12687
105821,NSE-DLKV,9891,8,12661,12687
105821,NSE-DLKV,9889,8,12637,12687
105821,NSE-OIT,9829,8,13973,13996
105821,NSE-OIT,9840,8,13995,13996
105821,NSE-OIT,9842,8,13950,13996
105821,NSE-SIMP,10014,8,13240,13242
105870,NSE-DLKV,9886,5,12687,12696
105870,NSE-OIT,9843,5,13996,14006
105921,NSE-DLKV,9884,3,12686,12699
105921,NSE-DLKV,9884,1,12686,12700
105921,NSE-ZITO,9703,8,12984,12994
105921,NSE-DLKV,9881,6,10250,12702
105921,NSE-DLKV,9881,5,10407,12702
105921,NSE-DLKV,9880,8,12499,12702
105921,NSE-DLKV,9879,8,11128,12702
105921,NSE-DLKV,9872,8,12450,12702
105921,NSE-DLKV,9867,8,12584,12702
105921,NSE-SIMP,10000,50,13252,13254
105968,NSE-CARD,10224,20,14570,14579
105968,NSE-CARD,10224,20,14570,14581
105968,NSE-SIMP,10000,20,13256,13263
106007,NSE-DLKV,9867,7,12702,12711
106007,NSE-DLKV,9868,1,12704,12711
106021,NSE-SIMP,10000,9,13256,13266
106021,NSE-ZITO,9692,2,12996,13006
106159,NSE-CARD,10215,50,14596,14605
106221,NSE-CARD,10216,4,14598,14607
106221,NSE-ZABA,11133,8,12459,12502
106221,NSE-ZITO,9712,8,12852,13028
106221,NSE-ZITO,9716,8,12896,13028
106221,NSE-ZITO,9717,4,12512,13028
106221,NSE-ZITO,9717,8,13005,13028
106221,NSE-ZITO,9718,8,13027,13028
106221,NSE-ZITO,9719,8,12962,13028
106225,NSE-OIT,9832,20,14041,14050
106321,NSE-ZABA,11138,5,12503,12512
106322,NSE-ZITO,9721,8,12704,13038
106421,NSE-OIT,9827,5,14052,14061
106421,NSE-CARD,10230,8,14619,14632
106421,NSE-SIMP,10010,2,13300,13310
106421,NSE-CARD,10235,8,14583,14633
106421,NSE-CARD,10237,8,14606,14633
106421,NSE-DLKV,9862,1,10163,12755
106482,NSE-CARD,10254,8,14633,14644
106482,NSE-DLKV,9855,8,12755,12764
106482,NSE-DLKV,9855,41,12755,12766
106482,NSE-DLKV,9856,39,12757,12766
106521,NSE-CARD,10229,50,14629,14647
106521,NSE-OIT,9842,8,14018,14073
106521,NSE-SIMP,10025,8,13265,13323
106521,NSE-SIMP,10028,8,13195,13323
106521,NSE-SIMP,10029,8,13322,13323
106521,NSE-SIMP,10030,8,13147,13323
106521,NSE-SIMP,10032,5,12927,13323
106521,NSE-SIMP,10032,8,13101,13323
106521,NSE-SIMP,10032,5,13172,13323
106521,NSE-SIMP,10032,3,13172,13325
106521,NSE-SIMP,10033,5,13160,13325
106521,NSE-SIMP,10035,5,13159,13325
106521,NSE-SIMP,10035,8,13287,13325
106521,NSE-SIMP,10036,8,12864,13325
106521,NSE-SIMP,10036,5,12921,13325
106521,NSE-SIMP,10038,5,12852,13325
106521,NSE-SIMP,10038,8,13219,13325
106621,NSE-CARD,10229,2,14649,14656
106621,NSE-CARD,10216,50,14645,14658
106621,NSE-CARD,10214,5,14151,14660
106622,NSE-ZABA,11140,8,12346,12544
106622,NSE-ZABA,11140,8,12373,12544
106622,NSE-ZABA,11147,8,12438,12544
106721,NSE-CARD,10332,8,14534,14667
106721,NSE-CARD,10338,8,14463,14667
106721,NSE-DLKV,9846,8,10204,12789
106721,NSE-OIT,9823,8,14072,14094
106765,NSE-DLKV,9840,20,12789,12798
106765,NSE-OIT,9816,20,14094,14103
106765,NSE-SIMP,10032,20,13343,13353
106765,NSE-SIMP,10032,20,13343,13354
106765,NSE-DLKV,9840,22,12789,12799
106765,NSE-DLKV,9841,58,12791,12799
106821,NSE-OIT,9816,7,14094,14104
106821,NSE-CARD,10339,4,14667,14678
106821,NSE-ZITO,9728,8,13079,13089
106921,NSE-CARD,10342,8,14487,14690
106921,NSE-CARD,10343,8,14557,14690
106921,NSE-CARD,10344,8,14511,14690
106921,NSE-OIT,9813,8,14017,14117
106921,NSE-OIT,9803,5,13384,14117
106921,NSE-OIT,9801,8,12895,14117
106921,NSE-OIT,9801,5,13422,14117
106921,NSE-ZITO,9731,8,12874,13100
106922,NSE-CARD,10345,8,14690,14701
106922,NSE-DLKV,9849,8,12812,12821
106922,NSE-OIT,9801,8,14117,14126
106922,NSE-SIMP,10032,8,13367,13378
106922,NSE-ZABA,11106,8,12575,12584
107018,NSE-CARD,10345,18,14690,14703
107018,NSE-CARD,10344,2,14692,14703
107018,NSE-CARD,10344,20,14692,14704
107021,NSE-ZABA,11102,4,12574,12586
107021,NSE-DLKV,9847,2,12811,12823
107021,NSE-DLKV,9849,6,12812,12824
107021,NSE-DLKV,9849,10,12812,12825
107021,NSE-OIT,9801,8,14117,14128
107036,NSE-CARD,10322,8,14706,14717
107036,NSE-SIMP,10030,8,13379,13390
107036,NSE-ZABA,11095,8,12588,12597
107036,NSE-ZITO,9710,8,13112,13121
107121,NSE-ZITO,9708,2,13111,13123
107121,NSE-ZITO,9710,1,13112,13124
107121,NSE-CARD,10322,3,14706,14718
107121,NSE-DLKV,9853,7,12827,12839
107121,NSE-CARD,10322,6,14706,14719
107121,NSE-CARD,10322,5,14706,14720
107121,NSE-DLKV,9850,8,12836,12841
107122,NSE-ZABA,11093,8,12533,12600
107204,NSE-CARD,10316,8,14721,14732
107204,NSE-DLKV,9844,8,12841,12850
107204,NSE-OIT,9818,8,14142,14151
107204,NSE-SIMP,10003,8,13392,13401
107204,NSE-ZABA,11081,8,12600,12609
107220,NSE-OIT,9818,20,14142,14153
107221,NSE-ZABA,11077,4,12599,12611
107221,NSE-OIT,9811,8,14139,14155
107222,NSE-ZITO,9733,8,12468,13136
107222,NSE-ZITO,9738,8,12425,13136
107222,NSE-ZITO,9739,8,13122,13136
107222,NSE-ZITO,9743,8,11747,13136
107222,NSE-ZITO,9750,8,11681,13136
107321,NSE-DLKV,9862,20,12800,12862
107410,NSE-SIMP,10007,16,13414,13425
107421,NSE-ZITO,9748,3,13147,13156
107421,NSE-OIT,9812,6,14164,14174
107421,NSE-ZABA,11070,8,11933,12633
107421,NSE-ZABA,11058,8,11888,12633
107421,NSE-ZABA,11057,8,12481,12633
107421,NSE-ZITO,9756,8,9292,13157
107421,NSE-ZITO,9760,8,9269,13157
107421,NSE-ZITO,9764,8,11718,13157
107421,NSE-ZITO,9766,8,11598,13157
107421,NSE-ZITO,9767,8,9395,13157
107431,NSE-OIT,9835,8,14175,14186
107431,NSE-ZABA,11054,8,12633,12642
107521,NSE-DLKV,9848,1,12873,12884
107521,NSE-DLKV,9857,8,12883,12885
107553,NSE-SIMP,10003,20,13439,13448
107553,NSE-CARD,10308,20,14766,14775
107553,NSE-CARD,10308,20,14766,14776
107621,NSE-ZABA,11037,7,12645,12654
107621,NSE-CARD,10301,8,14763,14778
107621,NSE-OIT,9802,8,14185,14199
107621,NSE-OIT,9800,5,13371,14199
107621,NSE-OIT,9800,8,13972,14199
107621,NSE-OIT,9799,5,13420,14199
107621,NSE-SIMP,10001,8,13377,13450
107621,NSE-SIMP,9998,8,13321,13450
107621,NSE-SIMP,9995,8,13389,13450
107621,NSE-SIMP,9994,8,13264,13450
107721,NSE-CARD,10216,8,14700,14788
107721,NSE-CARD,10215,8,14716,14788
107721,NSE-CARD,10212,34,14702,14788
107721,NSE-CARD,10212,16,14702,14790
107721,NSE-CARD,10212,8,14731,14790
107721,NSE-CARD,10210,5,14233,14790
107721,NSE-CARD,10205,8,14582,14790
107721,NSE-CARD,10203,5,14192,14790
107721,NSE-CARD,10199,8,14643,14790
107721,NSE-CARD,10101,8,13988,14790
107721,NSE-CARD,10100,8,13923,14790
107721,NSE-CARD,10095,8,13953,14790
107721,NSE-CARD,10094,8,14012,14790
107721,NSE-DLKV,9833,8,10164,12906
107721,NSE-DLKV,9828,8,12882,12906
107821,NSE-DLKV,9824,3,12906,12916
107821,NSE-DLKV,9822,5,12905,12917
107821,NSE-CARD,10090,9,14790,14797
107821,NSE-ZABA,11047,3,12666,12675
107865,NSE-SIMP,9998,20,13470,13479
107893,NSE-DLKV,9850,5,12919,12928
107894,NSE-OIT,9798,5,14219,14230
107894,NSE-DLKV,9850,5,12919,12930
107894,NSE-OIT,9798,5,14219,14231
107921,NSE-DLKV,9863,20,12915,12932
107921,NSE-DLKV,9875,8,12851,12932
107924,NSE-CARD,10100,8,14810,14819
107924,NSE-ZABA,11024,8,12689,12698
108007,NSE-CARD,10100,20,14810,14821
108007,NSE-CARD,10100,20,14810,14822
108021,NSE-CARD,10100,2,14810,14824
108021,NSE-CARD,10101,2,14812,14824
108021,NSE-OIT,9807,6,14233,14244
108021,NSE-ZABA,11020,4,12688,12700
108021,NSE-OIT,9807,3,14233,14245
108021,NSE-DLKV,9876,2,12932,12945
108021,NSE-DLKV,9879,8,12837,12946
108021,NSE-DLKV,9881,8,12943,12946
108021,NSE-DLKV,9885,8,12765,12946
108021,NSE-DLKV,9888,8,12822,12946
108021,NSE-OIT,9798,8,14242,14247
108045,NSE-CARD,10112,8,14826,14835
108045,NSE-DLKV,9893,8,12946,12957
108045,NSE-OIT,9795,8,14247,14256
108121,NSE-DLKV,9893,1,12946,12958
108122,NSE-ZABA,11018,8,12711,12714
108151,NSE-CARD,10097,8,14838,14849
108151,NSE-DLKV,9865,8,12959,12970
108151,NSE-OIT,9813,8,14258,14270
108151,NSE-ZABA,11016,8,12714,12723
108151,NSE-CARD,10097,5,14838,14851
108203,NSE-CARD,10097,2,14838,14852
108221,NSE-SIMP,9992,9,13507,13518
108221,NSE-SIMP,9992,9,13507,13519
108221,NSE-ZITO,9747,2,13233,13244
108221,NSE-ZABA,11012,5,12713,12725
108221,NSE-DLKV,9897,5,12929,12972
108222,NSE-SIMP,9990,8,13492,13521
108222,NSE-SIMP,9989,5,13158,13521
108222,NSE-SIMP,9986,8,13436,13521
108222,NSE-SIMP,9986,8,13504,13521
108222,NSE-SIMP,9985,5,13480,13521
108222,NSE-SIMP,9976,8,13516,13521
108246,NSE-DLKV,9897,45,12972,12982
108246,NSE-DLKV,9896,35,12974,12982
108298,NSE-OIT,9800,5,14271,14281
108321,NSE-ZITO,9754,4,13245,13255
108321,NSE-DLKV,9899,8,12733,12984
108321,NSE-DLKV,9903,5,12697,12984
108321,NSE-OIT,9824,8,14257,14282
108321,NSE-OIT,9827,8,14243,14282
108322,NSE-ZABA,10997,8,11833,12738
108322,NSE-ZABA,10995,8,11612,12738
108322,NSE-ZABA,10994,8,11523,12738
108322,NSE-ZITO,9732,8,13220,13257
108408,NSE-DLKV,9906,8,12984,12996
108408,NSE-OIT,9830,8,14282,14293
108408,NSE-SIMP,9978,8,13531,13540
108408,NSE-ZABA,10994,8,12738,12747
108421,NSE-OIT,9832,8,14283,14294
108421,NSE-CARD,10106,1,14865,14877
108421,NSE-SIMP,9978,5,13531,13542
108458,NSE-OIT,9804,5,14295,14305
108512,NSE-CARD,10097,20,14879,14889
108521,NSE-SIMP,9982,7,13543,13553
108521,NSE-CARD,10095,4,14878,14890
108521,NSE-DLKV,9911,9,12998,13008
108521,NSE-CARD,10097,7,14879,14891
108521,NSE-DLKV,9911,7,12998,13009
108521,NSE-ZITO,9738,9,13270,13280
108521,NSE-OIT,9791,8,14292,14307
108521,NSE-OIT,9783,8,12594,14307
108521,NSE-OIT,9781,8,14269,14307
108521,NSE-ZITO,9726,8,13232,13282
108521,NSE-ZITO,9726,8,13267,13282
108521,NSE-ZITO,9717,8,13167,13282
108552,NSE-CARD,10089,8,14893,14902
108553,NSE-SIMP,9977,8,13555,13564
108572,NSE-DLKV,9905,50,13010,13023
108622,NSE-OIT,9779,8,12676,14319
108622,NSE-OIT,9779,5,13424,14319
108622,NSE-OIT,9779,8,14316,14319
108622,NSE-OIT,9778,8,12569,14319
108622,NSE-SIMP,9969,5,12795,13568
108622,NSE-SIMP,9969,8,13014,13568
108622,NSE-SIMP,9968,1,12835,13568
108622,NSE-SIMP,9966,8,8494,13568
108622,NSE-SIMP,9964,8,8613,13568
108622,NSE-SIMP,9963,1,7808,13568
108622,NSE-SIMP,9962,8,8010,13568
108622,NSE-SIMP,9962,5,12885,13568
108622,NSE-ZABA,11038,8,12748,12772
108622,NSE-ZITO,9709,8,13243,13294
108708,NSE-OIT,9778,20,14319,14328
108708,NSE-SIMP,9961,6,13568,13577
108708,NSE-SIMP,9962,2,13570,13577
108708,NSE-SIMP,9962,8,13570,13578
108708,NSE-CARD,10092,20,14905,14914
108708,NSE-CARD,10092,20,14905,14915
108721,NSE-CARD,10090,5,14904,14916
108721,NSE-CARD,10083,8,14875,14918
108721,NSE-CARD,10055,5,14568,14918
108721,NSE-CARD,10048,5,14366,14918
108721,NSE-CARD,10042,5,14475,14918
108721,NSE-CARD,10025,8,14105,14918
108721,NSE-CARD,10025,8,14164,14918
108721,NSE-CARD,10000,8,14135,14918
108721,NSE-CARD,9999,3,14863,14918
108721,NSE-CARD,9999,2,14863,14920
108721,NSE-CARD,9997,5,14888,14920
108721,NSE-CARD,9995,5,14808,14920
108721,NSE-CARD,9988,5,13950,14920
108722,NSE-ZABA,11041,8,12771,12782
108791,NSE-CARD,9970,25,14920,14927
108821,NSE-OIT,9780,7,14331,14340
108821,NSE-CARD,9967,5,14037,14929
108821,NSE-CARD,9965,5,13899,14929
108821,NSE-CARD,9961,5,14039,14929
108821,NSE-DLKV,9879,8,13020,13045
108852,NSE-CARD,9960,20,14929,14938
108852,NSE-CARD,9960,15,14929,14939
108852,NSE-CARD,9961,5,14931,14939
108921,NSE-DLKV,9871,1,13045,13054
108921,NSE-OIT,9774,8,12815,14353
108921,NSE-OIT,9773,5,13507,14353
108921,NSE-OIT,9773,5,13509,14353
108921,NSE-OIT,9771,1,12542,14353
108921,NSE-OIT,9770,1,12432,14353
108921,NSE-OIT,9760,5,13510,14353
108988,NSE-OIT,9760,20,14353,14362
109021,NSE-ZABA,11038,8,12802,12812
109021,NSE-ZITO,9737,2,13325,13334
109021,NSE-DLKV,9908,8,13021,13065
109022,NSE-OIT,9758,8,12392,14364
109022,NSE-OIT,9757,8,12182,14364
109022,NSE-OIT,9756,8,12271,14364
109022,NSE-OIT,9755,8,12529,14364
109022,NSE-OIT,9754,5,13570,14364
109022,NSE-OIT,9754,5,13606,14364
109022,NSE-OIT,9754,5,13916,14364
109022,NSE-OIT,9753,3,12443,14364
109022,NSE-OIT,9753,5,12443,14366
109022,NSE-OIT,9753,5,14229,14366
109022,NSE-OIT,9750,8,11811,14366
109022,NSE-OIT,9750,8,12216,14366
109022,NSE-OIT,9750,8,12408,14366
109022,NSE-OIT,9749,5,13535,14366
109022,NSE-OIT,9744,8,10614,14366
109022,NSE-OIT,9742,8,9085,14366
109022,NSE-SIMP,9960,5,12771,13613
109022,NSE-SIMP,9959,8,9444,13613
109022,NSE-SIMP,9959,5,12612,13613
109022,NSE-SIMP,9957,8,8062,13613
109022,NSE-SIMP,9951,8,7832,13613
109022,NSE-SIMP,9947,8,8143,13613
109022,NSE-ZABA,11051,8,12712,12813
109022,NSE-ZABA,11053,8,12724,12813
109050,NSE-CARD,9968,50,14954,14963
109050,NSE-CARD,9969,100,14956,14963
109050,NSE-CARD,9970,50,14958,14963
109050,NSE-ZITO,9721,50,13335,13345
109100,NSE-SIMP,9940,8,13613,13622
109100,NSE-SIMP,9941,12,13615,13622
109121,NSE-OIT,9741,5,13558,14373
109121,NSE-OIT,9739,4,14363,14373
109121,NSE-CARD,9966,2,14953,14965
109121,NSE-OIT,9739,2,14363,14374
109134,NSE-DLKV,9915,20,13076,13086
109221,NSE-ZITO,9727,1,13347,13356
109221,NSE-OIT,9758,6,14375,14385
109221,NSE-DLKV,9917,1,12712,13087
109221,NSE-DLKV,9917,1,12712,13088
109237,NSE-OIT,9760,5,14387,14396
109237,NSE-CARD,9969,20,14979,14988
109256,NSE-OIT,9758,5,14386,14397
109256,NSE-SIMP,9957,5,13634,13643
109256,NSE-OIT,9758,5,14386,14398
109256,NSE-SIMP,9957,5,13634,13645
109412,NSE-SIMP,9969,50,13648,13659
109421,NSE-ZITO,9738,5,13370,13379
109421,NSE-DLKV,9893,4,13101,13111
109421,NSE-ZITO,9736,1,13369,13380
109421,NSE-ZABA,11052,7,12844,12853
109421,NSE-SIMP,9970,9,13650,13660
109421,NSE-ZITO,9747,8,13292,13381
109427,NSE-CARD,10001,8,15002,15011
109427,NSE-OIT,9759,8,14410,14419
109521,NSE-DLKV,9912,8,13123,13124
109521,NSE-DLKV,9917,6,12712,13124
109521,NSE-DLKV,9920,8,12662,13124
109521,NSE-DLKV,9921,8,12683,13124
109521,NSE-DLKV,9923,5,12931,13124
109583,NSE-ZITO,9751,50,13393,13403
109621,NSE-ZITO,9750,1,13395,13404
109621,NSE-DLKV,9925,8,12539,13136
109621,NSE-OIT,9771,6,14422,14434
109621,NSE-DLKV,9923,6,13124,13137
109621,NSE-CARD,9982,7,15013,15028
109621,NSE-DLKV,9927,5,13100,13138
109621,NSE-DLKV,9928,5,12698,13138
109621,NSE-DLKV,9929,8,12560,13138
109621,NSE-DLKV,9929,5,13099,13138
109622,NSE-ZITO,9755,8,13268,13405
109623,NSE-DLKV,9929,8,13138,13149
109623,NSE-OIT,9750,8,14436,14445
109623,NSE-ZITO,9760,8,13405,13416
109652,NSE-CARD,9978,50,15030,15041
109703,NSE-ZITO,9760,34,13405,13417
109703,NSE-ZITO,9759,16,13407,13417
109703,NSE-CARD,9979,42,15032,15042
109703,NSE-OIT,9750,42,14436,14447
109717,NSE-CARD,9979,12,15032,15043
109717,NSE-ZITO,9759,20,13407,13418
109721,NSE-CARD,9961,50,14977,15046
109721,NSE-CARD,9959,5,13912,15048
109721,NSE-CARD,9957,5,14040,15048
109721,NSE-CARD,9956,5,14038,15048
109721,NSE-CARD,9953,8,15039,15048
109721,NSE-CARD,9952,5,14094,15048
109721,NSE-CARD,9945,5,13949,15048
109721,NSE-CARD,9940,5,13952,15048
109721,NSE-CARD,9929,5,13898,15048
109722,NSE-SIMP,9959,8,13671,13701
109722,NSE-ZABA,11040,8,12865,12888
109722,NSE-ZITO,9769,8,13392,13419
109821,NSE-ZABA,11053,1,12888,12898
109821,NSE-DLKV,9921,4,13152,13162
109821,NSE-ZITO,9776,3,13419,13429
109821,NSE-OIT,9776,2,14449,14459
109821,NSE-DLKV,9931,5,13007,13163
109821,NSE-DLKV,9932,5,12983,13163
109821,NSE-DLKV,9932,5,13022,13163
109822,NSE-ZABA,11061,8,12887,12899
109822,NSE-ZITO,9779,1,9243,13430
109822,NSE-ZITO,9780,8,9257,13430
109822,NSE-ZITO,9785,8,9194,13430
109822,NSE-ZITO,9793,8,9088,13430
109822,NSE-ZITO,9794,8,9231,13430
109844,NSE-ZITO,9795,17,13430,13440
109844,NSE-ZITO,9794,33,13432,13440
109844,NSE-CARD,9895,8,15056,15065
109844,NSE-DLKV,9933,8,13163,13175
109844,NSE-OIT,9789,8,14460,14471
109844,NSE-ZABA,11089,8,12899,12911
109844,NSE-ZITO,9794,8,13432,13442
109896,NSE-SIMP,9965,20,13711,13725
109921,NSE-SIMP,9965,7,13711,13726
109921,NSE-OIT,9789,4,14460,14473
109921,NSE-ZABA,11089,8,12899,12912
109921,NSE-DLKV,9937,8,12465,13176
109921,NSE-DLKV,9941,5,12597,13176
109921,NSE-DLKV,9946,5,12423,13176
109922,NSE-SIMP,9953,8,13720,13728
109928,NSE-SIMP,9951,42,13728,13737
109928,NSE-SIMP,9952,100,13730,13737
109928,NSE-SIMP,9953,8,13732,13737
110002,NSE-CARD,9895,50,15068,15077
110003,NSE-SIMP,9953,50,13732,13738
110021,NSE-DLKV,9948,5,12487,13187
110021,NSE-DLKV,9949,5,12422,13187
110022,NSE-SIMP,9978,8,13698,13739
110032,NSE-CARD,9893,25,15079,15088
110121,NSE-SIMP,9982,2,13721,13749
110121,NSE-CARD,9891,9,15078,15089
110121,NSE-ZABA,11092,8,12699,12934
110121,NSE-ZABA,11095,8,12643,12934
110130,NSE-CARD,9873,42,15091,15100
110192,NSE-SIMP,9960,20,13751,13760
110192,NSE-SIMP,9960,20,13751,13761
110221,NSE-ZABA,11111,5,12934,12944
110221,NSE-OIT,9774,8,14495,14505
110221,NSE-ZABA,11115,7,12935,12945
110235,NSE-CARD,9859,8,15102,15111
110235,NSE-DLKV,9915,8,13207,13218
110235,NSE-SIMP,9974,8,13762,13773
110235,NSE-ZABA,11125,8,12946,12957
110246,NSE-CARD,9859,5,15102,15113
110302,NSE-OIT,9762,20,14507,14518
110421,NSE-OIT,9771,10,14520,14529
110421,NSE-ZABA,11131,3,12959,12968
110421,NSE-SIMP,9966,2,13775,13785
110421,NSE-DLKV,9958,8,12409,13230
110421,NSE-DLKV,9959,5,12421,13230
110421,NSE-DLKV,9963,5,12352,13230
110430,NSE-CARD,9862,25,15125,15134
110521,NSE-SIMP,9969,5,13786,13796
110521,NSE-ZITO,9786,2,13500,13509
110521,NSE-DLKV,9970,4,12273,13241
110521,NSE-OIT,9770,2,14531,14540
110521,NSE-DLKV,9969,10,13230,13242
110535,NSE-ZABA,11135,5,12979,12989
110570,NSE-SIMP,9973,8,13798,13807
110570,NSE-ZITO,9786,50,13510,13520
110617,NSE-CARD,9861,8,15136,15145
110621,NSE-DLKV,9962,3,13244,13253
110621,NSE-DLKV,9970,1,12273,13254
110621,NSE-DLKV,9976,8,12387,13254
110621,NSE-DLKV,9978,8,12375,13254
110621,NSE-DLKV,9982,5,12349,13254
110653,NSE-CARD,9860,8,15147,15156
110653,NSE-DLKV,9983,8,13254,13265
110654,NSE-OIT,9772,8,14517,14561
110654,NSE-ZABA,11114,8,12990,13001
110654,NSE-ZITO,9766,8,13522,13531
110654,NSE-CARD,9860,5,15147,15158
110654,NSE-DLKV,9983,5,13254,13267
110654,NSE-SIMP,9970,5,13809,13820
110654,NSE-CARD,9860,5,15147,15159
110654,NSE-DLKV,9983,5,13254,13269
110655,NSE-OIT,9771,5,14551,14564
110655,NSE-SIMP,9970,5,13809,13822
110655,NSE-CARD,9860,5,15147,15160
110655,NSE-DLKV,9983,5,13254,13271
110655,NSE-OIT,9771,5,14551,14566
110655,NSE-CARD,9860,5,15147,15161
110715,NSE-DLKV,9983,5,13254,13273
110715,NSE-DLKV,9982,15,13256,13273
110721,NSE-ZABA,11114,1,12990,13005
110721,NSE-CARD,9908,8,15157,15162
110721,NSE-CARD,9983,8,15040,15162
110721,NSE-CARD,9992,8,15066,15162
110721,NSE-CARD,10015,8,15112,15162
110721,NSE-DLKV,9989,5,12200,13274
110760,NSE-CARD,10038,8,15162,15174
110760,NSE-DLKV,9989,8,13274,13285
110760,NSE-OIT,9754,8,14570,14579
110760,NSE-SIMP,9959,8,13825,13834
110760,NSE-ZABA,11105,8,13006,13017
110760,NSE-DLKV,9989,32,13274,13286
110822,NSE-ZITO,9756,8,13546,13549
110822,NSE-ZITO,9740,8,13391,13549
110822,NSE-ZITO,9739,8,13487,13549
110921,NSE-ZITO,9737,8,13548,13558
110921,NSE-DLKV,9954,5,13272,13298
110921,NSE-SIMP,9949,8,13697,13847
110921,NSE-SIMP,9949,8,13818,13847
110921,NSE-SIMP,9944,8,13772,13847
110957,NSE-CARD,10053,8,15185,15197
110957,NSE-SIMP,9941,8,13847,13856
110957,NSE-ZITO,9736,8,13560,13570
111017,NSE-CARD,10053,10,15185,15198
111021,NSE-CARD,10055,6,15186,15199
111021,NSE-ZITO,9734,1,13559,13572
111021,NSE-DLKV,9970,8,13309,13310
111021,NSE-DLKV,9990,8,12347,13310
111021,NSE-DLKV,9991,5,12345,13310
111021,NSE-OIT,9755,8,14601,14604
111022,NSE-ZITO,9722,8,13441,13574
111032,NSE-DLKV,9991,5,13310,13320
111032,NSE-OIT,9750,5,14603,14614
111114,NSE-CARD,10070,8,15200,15211
111114,NSE-DLKV,9991,8,13310,13322
111114,NSE-OIT,9752,8,14604,14615
111114,NSE-ZITO,9719,8,13574,13583
111121,NSE-OIT,9750,4,14603,14617
111132,NSE-SIMP,9952,42,13871,13880
111166,NSE-CARD,10081,10,15212,15222
111166,NSE-CARD,10081,10,15212,15223
111166,NSE-CARD,10081,10,15212,15224
111166,NSE-CARD,10081,10,15212,15225
111221,NSE-OIT,9747,5,14565,14630
111221,NSE-SIMP,9944,8,13868,13882
111222,NSE-ZABA,11112,8,13038,13062
111222,NSE-ZABA,11093,8,13050,13062
111254,NSE-SIMP,9938,5,13882,13891
111300,NSE-DLKV,9981,5,13334,13345
111300,NSE-OIT,9745,5,14629,14640
111300,NSE-SIMP,9938,5,13882,13892
111300,NSE-SIMP,9938,18,13882,13894
111311,NSE-OIT,9747,5,14630,14641
111321,NSE-OIT,9745,1,14629,14643
111321,NSE-DLKV,9981,1,13334,13347
111321,NSE-ZITO,9723,3,13598,13608
111321,NSE-ZITO,9721,6,13597,13609
111321,NSE-OIT,9749,5,14642,14644
111421,NSE-CARD,10088,8,15239,15249
111421,NSE-DLKV,9979,9,13348,13358
111421,NSE-ZITO,9726,8,13611,13620
111421,NSE-SIMP,9944,3,13896,13905
111421,NSE-ZITO,9726,4,13611,13621
111448,NSE-DLKV,9965,8,13360,13369
111521,NSE-DLKV,9965,5,13360,13371
111521,NSE-DLKV,9959,8,13321,13373
111521,NSE-DLKV,9959,5,13344,13373
111559,NSE-CARD,10084,10,15263,15273
111559,NSE-CARD,10084,10,15263,15274
111559,NSE-CARD,10086,8,15262,15276
111559,NSE-CARD,10086,12,15264,15276
111621,NSE-ZABA,11102,4,13095,13105
111621,NSE-DLKV,9954,5,13373,13385
111621,NSE-SIMP,9952,3,13919,13929
111621,NSE-OIT,9759,6,14667,14677
111621,NSE-ZABA,11102,6,13095,13106
111621,NSE-DLKV,9954,9,13373,13386
111622,NSE-SIMP,9935,8,2688,13931
111622,NSE-SIMP,9931,8,13916,13931
111668,NSE-ZITO,9725,20,13648,13658
111721,NSE-OIT,9746,5,14679,14688
111721,NSE-DLKV,9945,5,13266,13398
111795,NSE-OIT,9764,8,14689,14699
111795,NSE-SIMP,9955,8,13940,13951
111821,NSE-CARD,10069,9,15290,15300
111821,NSE-SIMP,9955,1,13940,13952
111821,NSE-ZABA,11128,6,13118,13128
111821,NSE-DLKV,9942,1,13284,13408
111821,NSE-ZITO,9719,5,13660,13670
111821,NSE-CARD,10066,8,15277,15302
111821,NSE-OIT,9765,8,14665,14700
111821,NSE-OIT,9778,8,14676,14700
111821,NSE-SIMP,9960,8,13917,13953
111821,NSE-SIMP,9965,8,13928,13953
111846,NSE-OIT,9781,5,14700,14710
111846,NSE-SIMP,9968,5,13954,13963
111865,NSE-ZITO,9731,50,13671,13681
111921,NSE-CARD,10066,5,15302,15313
111921,NSE-CARD,10059,5,15237,15315
111921,NSE-CARD,10059,5,15312,15315
111921,NSE-CARD,10055,8,15261,15315
111921,NSE-CARD,10053,5,15238,15315
111921,NSE-DLKV,9942,7,13284,13421
111921,NSE-DLKV,9941,8,13308,13421
111921,NSE-OIT,9743,8,14516,14712
111951,NSE-CARD,10038,8,15315,15324
111951,NSE-DLKV,9939,8,13421,13430
111986,NSE-ZITO,9727,1,13682,13693
111986,NSE-ZITO,9727,1,13682,13694
111986,NSE-CARD,10038,19,15315,15327
111986,NSE-CARD,10039,1,15317,15327
112021,NSE-SIMP,9943,9,13966,13978
112021,NSE-DLKV,9936,5,13270,13434
112021,NSE-DLKV,9923,5,13268,13434
112021,NSE-DLKV,9919,8,13264,13434
112022,NSE-SIMP,9930,8,13976,13980
112022,NSE-ZITO,9707,8,13415,13696
112022,NSE-ZITO,9706,8,13135,13696
112022,NSE-ZITO,9705,8,13110,13696
112097,NSE-SIMP,9928,25,13980,13989
112121,NSE-DLKV,9913,3,13434,13443
112121,NSE-DLKV,9913,5,13434,13444
112121,NSE-OIT,9740,8,14723,14733
112121,NSE-DLKV,9913,3,13434,13445
112121,NSE-SIMP,9926,4,13979,13990
112213,NSE-DLKV,9902,27,13447,13457
112221,NSE-ZABA,11132,8,13093,13169
112275,NSE-CARD,10036,20,15349,15359
112321,NSE-ZABA,11145,7,13170,13179
112321,NSE-DLKV,9942,7,13460,13469
112321,NSE-SIMP,9943,8,14003,14013
112421,NSE-ZABA,11117,6,13181,13190
112421,NSE-SIMP,9956,7,14015,14026
112421,NSE-SIMP,9959,8,13977,14027
112467,NSE-OIT,9765,8,14766,14775
112521,NSE-SIMP,9963,2,14027,14037
112521,NSE-SIMP,9965,8,14002,14038
112591,NSE-CARD,10069,8,15381,15392
112591,NSE-OIT,9758,8,14776,14787
112591,NSE-SIMP,9966,8,14038,14049
112591,NSE-ZITO,9704,8,13752,13762
112621,NSE-OIT,9760,2,14777,14788
112621,NSE-OIT,9760,4,14777,14789
112621,NSE-DLKV,9935,8,13491,13504
112621,NSE-DLKV,9937,9,13492,13505
112621,NSE-OIT,9758,5,14776,14790
112621,NSE-OIT,9760,1,14777,14791
112621,NSE-CARD,10069,3,15381,15393
112621,NSE-OIT,9766,8,14722,14792
112706,NSE-ZITO,9698,20,13765,13775
112706,NSE-CARD,10049,20,15394,15407
112721,NSE-OIT,9769,7,14793,14802
112722,NSE-CARD,10093,8,15325,15409
112722,NSE-CARD,10097,8,15278,15409
112722,NSE-CARD,10100,8,15299,15409
112722,NSE-CARD,10100,8,15348,15409
112722,NSE-CARD,10114,8,14876,15409
112722,NSE-CARD,10126,8,14903,15409
112722,NSE-CARD,10129,2,15012,15409
112722,NSE-CARD,10129,6,15012,15411
112737,NSE-OIT,9763,5,14803,14813
112737,NSE-SIMP,9944,5,14061,14070
112752,NSE-CARD,10159,8,15411,15420
112752,NSE-DLKV,9924,8,13516,13528
112752,NSE-ZITO,9699,8,13777,13786
112821,NSE-DLKV,9923,8,13502,13530
112822,NSE-ZABA,11087,8,13232,13234
112822,NSE-ZABA,11074,8,13211,13234
112822,NSE-ZABA,11073,8,13000,13234
112822,NSE-ZABA,11072,8,13127,13234
112837,NSE-CARD,10168,20,15421,15431
112837,NSE-SIMP,9939,50,14075,14084
112884,NSE-ZITO,9700,50,13788,13798
112901,NSE-CARD,10168,8,15421,15433
112901,NSE-DLKV,9914,8,13530,13539
112901,NSE-SIMP,9940,8,14077,14085
112901,NSE-ZABA,11060,8,13234,13243
112921,NSE-DLKV,9914,7,13530,13541
112921,NSE-DLKV,9912,3,13529,13542
112921,NSE-ZITO,9702,4,13789,13800
112921,NSE-DLKV,9914,4,13530,13543
112921,NSE-OIT,9756,1,14817,14828
112922,NSE-ZABA,11047,8,13016,13246
113021,NSE-CARD,10118,1,15434,15445
113021,NSE-ZABA,11045,2,13246,13255
113021,NSE-ZABA,11033,8,12910,13257
113021,NSE-ZABA,11028,8,12886,13257
113021,NSE-ZABA,11016,8,12956,13257
113021,NSE-ZABA,11008,8,12770,13257
113021,NSE-ZABA,11007,8,12864,13257
113029,NSE-CARD,10159,50,15446,15456
113121,NSE-OIT,9749,7,14839,14849
113121,NSE-CARD,10158,1,15448,15457
113121,NSE-DLKV,9922,7,13555,13565
113121,NSE-OIT,9751,8,14840,14850
113121,NSE-OIT,9744,8,14826,14852
113122,NSE-SIMP,9931,8,14072,14112
113219,NSE-CARD,10164,20,15458,15468
113219,NSE-CARD,10164,20,15458,15469
113219,NSE-ZITO,9697,20,13823,13832
113219,NSE-CARD,10164,10,15458,15471
113219,NSE-CARD,10163,10,15460,15471
113221,NSE-SIMP,9929,4,14111,14121
113221,NSE-OIT,9741,8,14814,14862
113221,NSE-OIT,9738,5,14639,14862
113221,NSE-OIT,9737,5,13607,14862
113221,NSE-OIT,9737,8,14721,14862
113221,NSE-OIT,9736,8,14664,14862
113221,NSE-OIT,9735,5,13680,14862
113221,NSE-OIT,9735,5,14613,14862
113221,NSE-OIT,9734,5,13677,14862
113221,NSE-OIT,9732,1,10654,14862
113221,NSE-OIT,9732,7,10654,14864
113221,NSE-OIT,9731,8,8925,14864
113221,NSE-OIT,9730,8,9105,14864
113255,NSE-ZABA,11019,10,13277,13286
113255,NSE-ZITO,9705,50,13833,13843
113255,NSE-OIT,9730,50,14864,14871
113255,NSE-DLKV,9908,34,13577,13586
113321,NSE-OIT,9728,5,13641,14873
113321,NSE-OIT,9727,5,13679,14873
113321,NSE-OIT,9727,8,14470,14873
113321,NSE-OIT,9727,8,14786,14873
113321,NSE-OIT,9726,5,14563,14873
113353,NSE-ZABA,10990,20,13288,13298
113421,NSE-ZITO,9715,8,13854,13856
113421,NSE-ZITO,9717,8,13799,13856
113421,NSE-ZITO,9722,8,13717,13856
113421,NSE-ZITO,9731,8,13787,13856
113452,NSE-CARD,10147,8,15495,15506
113452,NSE-OIT,9740,8,14886,14895
113484,NSE-CARD,10149,10,15496,15507
113484,NSE-CARD,10149,20,15496,15508
113484,NSE-CARD,10149,20,15496,15509
113521,NSE-ZABA,11024,8,13300,13311
113521,NSE-DLKV,9892,8,13611,13614
113521,NSE-SIMP,9953,8,14142,14156
113562,NSE-ZABA,10995,10,13313,13322
113562,NSE-OIT,9727,50,14898,14907
113562,NSE-ZITO,9723,50,13867,13877
113610,NSE-SIMP,9956,20,14157,14168
113610,NSE-SIMP,9956,15,14157,14170
113621,NSE-OIT,9728,1,14900,14908
113621,NSE-CARD,10169,5,15510,15523
113621,NSE-SIMP,9959,8,14155,14172
113621,NSE-SIMP,9960,8,14073,14172
113668,NSE-DLKV,9889,8,13624,13633
113668,NSE-OIT,9751,8,14909,14920
113669,NSE-DLKV,9889,16,13624,13635
113669,NSE-ZITO,9728,50,13878,13888
113721,NSE-ZABA,11033,3,13324,13335
113721,NSE-CARD,10184,8,15492,15537
113721,NSE-CARD,10200,8,15535,15537
113721,NSE-CARD,10303,8,14850,15537
113721,NSE-CARD,10322,8,14836,15537
113721,NSE-CARD,10332,8,14764,15537
113721,NSE-CARD,10340,8,14820,15537
113722,NSE-SIMP,9970,8,14183,14186
113722,NSE-ZABA,10986,8,11293,13337
113722,NSE-ZABA,10983,8,11282,13337
113722,NSE-ZABA,10979,8,11388,13337
113729,NSE-ZABA,10978,26,13337,13346
113729,NSE-ZABA,10980,24,13339,13346
113746,NSE-ZABA,10980,20,13339,13347
113821,NSE-ZABA,10974,2,13336,13349
113893,NSE-CARD,10439,20,15548,15558
113893,NSE-CARD,10439,20,15548,15559
113893,NSE-SIMP,9964,20,14197,14207
113908,NSE-OIT,9750,5,14936,14945
113908,NSE-ZABA,11000,50,13351,13360
113908,NSE-CARD,10439,2,15548,15561
113921,NSE-CARD,10441,6,15549,15562
113921,NSE-DLKV,9886,8,13217,13662
113921,NSE-DLKV,9886,8,13527,13662
113921,NSE-DLKV,9883,8,13148,13662
113921,NSE-OIT,9752,5,14883,14946
113921,NSE-OIT,9752,5,14933,14946
114021,NSE-ZITO,9723,6,13915,13924
114021,NSE-OIT,9768,5,14934,14956
114021,NSE-OIT,9769,8,14882,14956
114021,NSE-OIT,9770,8,14815,14956
114021,NSE-ZABA,10970,8,11344,13372
114021,NSE-ZABA,10969,8,11239,13372
114021,NSE-ZABA,10966,5,11866,13372
114021,NSE-ZABA,10966,5,11989,13372
114021,NSE-ZABA,10964,5,11320,13372
114021,NSE-ZABA,10955,5,11319,13372
114050,NSE-CARD,10437,8,15576,15587
114050,NSE-DLKV,9914,8,13671,13682
114050,NSE-OIT,9770,8,14956,14967
114050,NSE-ZABA,10955,8,13372,13381
114121,NSE-SIMP,9968,3,14222,14233
114122,NSE-ZABA,10953,5,11318,13384
114122,NSE-ZABA,10953,5,11634,13384
114122,NSE-ZABA,10952,5,11316,13384
114122,NSE-ZABA,10948,8,11216,13384
114122,NSE-ZABA,10944,8,11183,13384
114163,NSE-ZITO,9711,18,13937,13946
114221,NSE-CARD,10425,3,15589,15600
114221,NSE-ZABA,10941,5,11317,13394
114221,NSE-ZABA,10937,5,11910,13394
114221,NSE-ZABA,10936,5,11877,13394
114221,NSE-ZABA,10933,5,11865,13394
114221,NSE-ZABA,10931,5,12084,13394
114221,NSE-ZITO,9708,8,13935,13949
114294,NSE-CARD,10435,20,15601,15612
114294,NSE-ZABA,10930,6,13394,13403
114321,NSE-DLKV,9896,4,13693,13704
114321,NSE-DLKV,9898,8,13694,13705
114321,NSE-DLKV,9882,8,13122,13707
114321,NSE-DLKV,9879,8,13174,13707
114322,NSE-SIMP,9969,8,14232,14254
114322,NSE-ZITO,9686,8,13058,13960
114322,NSE-ZITO,9678,8,12940,13960
114322,NSE-ZITO,9664,1,12661,13960
114421,NSE-OIT,9753,1,14988,14998
114433,NSE-CARD,10447,20,15624,15634
114433,NSE-CARD,10447,20,15624,15636
114433,NSE-CARD,10447,10,15624,15637
114433,NSE-CARD,10446,10,15626,15637
114490,NSE-CARD,10446,30,15626,15638
114521,NSE-SIMP,9962,7,14264,14274
114521,NSE-CARD,10446,3,15626,15639
114521,NSE-ZITO,9671,1,13971,13981
114521,NSE-SIMP,9973,8,13869,14275
114521,NSE-SIMP,9978,8,13819,14275
114533,NSE-DLKV,9914,5,13727,13736
114533,NSE-OIT,9759,5,15010,15019
114533,NSE-ZABA,10957,5,13425,13435
114533,NSE-OIT,9757,8,15009,15022
114533,NSE-ZITO,9683,8,13983,13992
114595,NSE-ZITO,9683,20,13983,13994
114595,NSE-ZITO,9683,20,13983,13995
114621,NSE-SIMP,9981,8,13857,14288
114621,NSE-SIMP,9981,8,14086,14288
114621,NSE-SIMP,9982,6,13721,14288
114621,NSE-SIMP,9985,8,14287,14288
114621,NSE-SIMP,9988,8,13672,14288
114621,NSE-SIMP,9996,8,13835,14288
114635,NSE-DLKV,9918,8,13740,13751
114635,NSE-SIMP,10004,4,14288,14299
114635,NSE-SIMP,10003,4,14290,14299
114635,NSE-ZITO,9690,8,13997,14006
114721,NSE-CARD,10451,8,15652,15665
114721,NSE-CARD,10572,8,14438,15665
114721,NSE-DLKV,9921,8,13612,13752
114721,NSE-DLKV,9921,8,13634,13752
114721,NSE-DLKV,9927,8,13597,13752
114721,NSE-DLKV,9929,8,13739,13752
114721,NSE-DLKV,9930,5,13600,13752
114721,NSE-DLKV,9935,5,13647,13752
114734,NSE-ZABA,10969,20,13450,13461
114749,NSE-CARD,10592,34,15665,15675
114749,NSE-CARD,10591,100,15667,15675
114749,NSE-CARD,10590,66,15669,15675
114770,NSE-DLKV,9945,8,13752,13764
114770,NSE-SIMP,9988,8,14300,14311
114770,NSE-ZABA,10969,8,13450,13463
114821,NSE-SIMP,9990,6,14301,14312
114822,NSE-ZABA,10960,8,13436,13465
114822,NSE-ZABA,10955,8,13448,13465
114828,NSE-ZITO,9700,50,14021,14031
114849,NSE-DLKV,9910,5,13766,13775
114849,NSE-OIT,9752,5,15048,15057
114849,NSE-CARD,10617,5,15677,15688
114904,NSE-ZITO,9699,8,14023,14033
114921,NSE-DLKV,9927,8,13778,13779
114921,NSE-ZABA,10953,5,13474,13477
114998,NSE-DLKV,9937,42,13779,13789
114998,NSE-CARD,10610,28,15690,15700
115021,NSE-ZABA,10965,4,13478,13487
115021,NSE-CARD,10612,4,15691,15701
115021,NSE-OIT,9766,8,15046,15071
115121,NSE-SIMP,9979,2,14339,14352
115121,NSE-OIT,9743,8,15059,15082
115121,NSE-SIMP,9965,8,14324,14354
115123,NSE-OIT,9742,8,15082,15091
115123,NSE-SIMP,9963,8,14354,14363
115155,NSE-CARD,10614,5,15712,15723
115201,NSE-SIMP,9963,20,14354,14365
115221,NSE-SIMP,9961,7,14353,14366
115221,NSE-OIT,9740,7,15081,15093
115221,NSE-CARD,10614,1,15712,15724
115221,NSE-CARD,10614,5,15712,15725
115221,NSE-CARD,10616,7,15713,15726
115221,NSE-DLKV,9930,8,13811,13814
115221,NSE-OIT,9739,8,15033,15095
115221,NSE-OIT,9737,8,15045,15095
115222,NSE-ZABA,10976,8,13476,13512
115222,NSE-ZABA,10987,8,13509,13512
115222,NSE-ZABA,10988,8,13449,13512
115243,NSE-ZITO,9701,50,14068,14078
115243,NSE-CARD,10622,28,15727,15737
115255,NSE-ZITO,9700,20,14070,14079
115266,NSE-DLKV,9903,5,13813,13823
115266,NSE-OIT,9720,5,15021,15104
115321,NSE-SIMP,9961,9,14368,14380
115321,NSE-CARD,10624,5,15728,15739
115321,NSE-SIMP,9960,5,14377,14382
115390,NSE-OIT,9728,8,15106,15115
115421,NSE-ZABA,10954,4,13508,13534
115421,NSE-SIMP,9968,5,14378,14394
115421,NSE-SIMP,9971,5,14379,14394
115421,NSE-ZABA,10954,4,13508,13536
115421,NSE-ZABA,10944,8,13475,13536
115521,NSE-DLKV,9900,2,13738,13846
115521,NSE-DLKV,9900,6,13738,13848
115521,NSE-DLKV,9898,8,13777,13848
115521,NSE-DLKV,9894,8,13834,13848
115521,NSE-DLKV,9882,8,13763,13848
115521,NSE-DLKV,9875,8,13681,13848
115521,NSE-DLKV,9867,8,13750,13848
115521,NSE-DLKV,9862,4,12995,13848
115521,NSE-DLKV,9862,4,12995,13850
115522,NSE-ZITO,9681,8,14065,14103
115522,NSE-ZITO,9676,8,14019,14103
115522,NSE-ZITO,9667,8,14032,14103
115621,NSE-DLKV,9855,9,13847,13857
115621,NSE-CARD,10634,3,15761,15771
115621,NSE-OIT,9724,3,15127,15137
115621,NSE-DLKV,9852,8,12942,13859
115621,NSE-DLKV,9847,8,12956,13859
115621,NSE-OIT,9720,3,15021,15139
115621,NSE-OIT,9717,8,9041,15139
115621,NSE-OIT,9714,5,13807,15139
115621,NSE-OIT,9714,8,14919,15139
115621,NSE-OIT,9711,8,14966,15139
115621,NSE-SIMP,9986,8,14393,14417
115664,NSE-OIT,9698,18,15139,15148
115664,NSE-OIT,9699,32,15141,15148
115664,NSE-ZABA,10951,50,13558,13567
115664,NSE-DLKV,9844,20,13859,13869
115694,NSE-SIMP,9990,8,14417,14428
115721,NSE-ZABA,10953,50,13560,13570
115721,NSE-OIT,9699,34,15141,15150
115722,NSE-DLKV,9844,14,13859,13871
115722,NSE-DLKV,9845,28,13861,13871
115722,NSE-CARD,10658,50,15783,15785
115723,NSE-ZABA,10946,8,13568,13572
115805,NSE-OIT,9704,5,15151,15161
115805,NSE-SIMP,9987,5,14430,14441
115805,NSE-ZITO,9657,5,14127,14136
115821,NSE-SIMP,9987,1,14430,14442
115821,NSE-ZITO,9655,2,14126,14138
115821,NSE-ZABA,10936,5,13522,13582
115821,NSE-ZABA,10936,2,13571,13582
115821,NSE-DLKV,9826,8,12969,13883
115821,NSE-ZABA,10935,5,13581,13584
115822,NSE-ZITO,9647,5,12581,14140
115825,NSE-ZITO,9647,20,14140,14149
115825,NSE-SIMP,9991,20,14443,14453
115825,NSE-SIMP,9991,20,14443,14454
115870,NSE-OIT,9697,50,15163,15172
115870,NSE-OIT,9698,50,15165,15172
116004,NSE-DLKV,9835,14,13894,13903
116021,NSE-SIMP,9985,6,14456,14468
116044,NSE-SIMP,9983,2,14470,14479
116121,NSE-SIMP,9983,8,14470,14480
116128,NSE-SIMP,9985,8,14481,14491
116128,NSE-ZABA,10951,8,13615,13624
116128,NSE-CARD,10897,50,15825,15835
116143,NSE-ZITO,9641,20,14174,14184
116198,NSE-CARD,10896,5,15827,15836
116221,NSE-SIMP,9987,8,14482,14493
116221,NSE-CARD,10896,1,15827,15837
116221,NSE-OIT,9722,7,15195,15205
116221,NSE-ZABA,10967,8,13533,13626
116221,NSE-ZABA,10969,8,13593,13626
116221,NSE-ZABA,10979,8,13569,13626
116262,NSE-OIT,9743,5,15206,15216
116263,NSE-OIT,9743,5,15206,15217
116263,NSE-OIT,9743,5,15206,15218
116293,NSE-ZABA,10983,8,13626,13637
116293,NSE-ZITO,9635,8,14187,14196
116293,NSE-ZITO,9635,20,14187,14198
116321,NSE-DLKV,9885,8,13936,13939
116321,NSE-OIT,9746,8,15220,15221
116322,NSE-ZABA,10989,8,13625,13638
116322,NSE-ZABA,10993,8,13437,13638
116421,NSE-SIMP,9977,1,14505,14519
116421,NSE-SIMP,9977,4,14505,14520
116477,NSE-DLKV,9866,8,13948,13960
116477,NSE-OIT,9724,8,15231,15242
116477,NSE-ZABA,11006,8,13648,13659
116497,NSE-DLKV,9868,20,13949,13962
116521,NSE-ZITO,9659,8,14209,14221
116521,NSE-DLKV,9866,2,13948,13963
116521,NSE-ZABA,11006,8,13648,13660
116521,NSE-DLKV,9866,3,13948,13964
116621,NSE-CARD,10897,7,15870,15882
116721,NSE-SIMP,9977,2,14541,14551
116721,NSE-CARD,10911,50,15881,15893
116727,NSE-SIMP,9987,5,14552,14563
116821,NSE-SIMP,9989,6,14553,14565
116821,NSE-CARD,11010,7,15895,15903
116821,NSE-SIMP,9994,8,14325,14566
116821,NSE-SIMP,9994,8,14455,14566
116822,NSE-ZITO,9670,8,14220,14252
116912,NSE-SIMP,9997,20,14566,14576
116912,NSE-SIMP,9997,14,14566,14577
116912,NSE-SIMP,9996,6,14568,14577
116912,NSE-ZITO,9677,20,14252,14262
116921,NSE-SIMP,9998,5,14507,14578
116921,NSE-CARD,11013,5,15904,15914
116921,NSE-OIT,9755,8,15204,15283
117018,NSE-DLKV,9870,8,14005,14016
117018,NSE-OIT,9762,8,15283,15294
117018,NSE-ZABA,10990,8,13702,13713
117021,NSE-OIT,9762,7,15283,15295
117022,NSE-SIMP,9998,3,14507,14590
117022,NSE-SIMP,10003,8,14364,14590
117022,NSE-SIMP,10005,8,13517,14590
117022,NSE-SIMP,10015,8,13565,14590
117022,NSE-ZABA,11009,8,13382,13714
117096,NSE-CARD,10977,5,15926,15936
117120,NSE-OIT,9747,8,15296,15307
117120,NSE-ZABA,11017,8,13714,13725
117120,NSE-SIMP,10015,23,14590,14601
117120,NSE-SIMP,10014,11,14592,14601
117121,NSE-ZABA,11017,7,13714,13726
117121,NSE-SIMP,10014,6,14592,14602
117121,NSE-CARD,10977,6,15926,15938
117121,NSE-SIMP,9975,5,14504,14604
117121,NSE-SIMP,9973,8,14530,14604
117221,NSE-DLKV,9857,7,14031,14040
117221,NSE-OIT,9745,6,15309,15318
117221,NSE-DLKV,9855,9,14030,14041
117221,NSE-DLKV,9853,8,14028,14043
117221,NSE-ZABA,11033,8,13333,13737
117222,NSE-ZITO,9699,8,14183,14296
117288,NSE-ZITO,9700,42,14296,14306
117321,NSE-ZITO,9699,2,14298,14307
117321,NSE-ZABA,11050,7,13738,13747
117321,NSE-SIMP,9988,5,14615,14624
117322,NSE-ZITO,9705,8,14020,14308
117322,NSE-ZITO,9706,8,14123,14308
117322,NSE-ZITO,9707,8,14150,14308
117322,NSE-ZITO,9709,8,14197,14308
117322,NSE-ZITO,9710,8,14066,14308
117331,NSE-ZITO,9714,10,14308,14318
117331,NSE-ZITO,9713,10,14310,14318
117363,NSE-DLKV,9833,8,14054,14063
117363,NSE-ZABA,11024,8,13748,13759
117421,NSE-OIT,9718,7,15329,15341
117421,NSE-DLKV,9822,8,13959,14066
117421,NSE-DLKV,9819,8,14015,14066
117442,NSE-ZITO,9715,50,14322,14332
117498,NSE-CARD,10972,8,15971,15980
117498,NSE-DLKV,9819,8,14066,14075
117498,NSE-ZABA,11023,8,13760,13770
117510,NSE-DLKV,9819,1,14066,14077
117521,NSE-CARD,10972,5,15971,15982
117521,NSE-ZABA,11027,2,13761,13771
117521,NSE-SIMP,9982,8,14641,14652
117521,NSE-ZITO,9717,5,14323,14334
117521,NSE-OIT,9729,8,15352,15355
117521,NSE-OIT,9717,8,15219,15355
117621,NSE-SIMP,9978,8,14637,14664
117638,NSE-ZITO,9717,20,14345,14355
117719,NSE-OIT,9712,8,15365,15374
117719,NSE-ZITO,9717,30,14345,14356
117719,NSE-ZITO,9716,20,14347,14356
117721,NSE-ZITO,9719,1,14346,14357
117721,NSE-OIT,9710,2,15339,15375
117721,NSE-OIT,9710,1,15339,15376
117721,NSE-CARD,10881,8,15937,16004
117721,NSE-CARD,10878,8,15969,16004
117721,NSE-CARD,10857,8,15925,16004
117721,NSE-CARD,10848,8,15869,16004
117721,NSE-OIT,9710,5,15339,15378
117721,NSE-OIT,9706,8,15306,15378
117821,NSE-ZITO,9690,6,14358,14369
117821,NSE-DLKV,9833,1,14099,14110
117821,NSE-DLKV,9846,8,14109,14111
117854,NSE-OIT,9718,5,15388,15398
117854,NSE-SIMP,9983,5,14685,14696
117854,NSE-OIT,9718,5,15388,15399
117883,NSE-ZABA,11016,50,13804,13814
117883,NSE-OIT,9720,8,15389,15400
117921,NSE-OIT,9720,5,15389,15401
117921,NSE-OIT,9718,4,15388,15402
117921,NSE-DLKV,9817,8,14108,14124
117921,NSE-OIT,9697,8,15293,15404
117921,NSE-OIT,9694,5,13915,15404
117969,NSE-OIT,9693,8,15404,15413
118021,NSE-CARD,10743,9,16025,16035
118021,NSE-SIMP,9980,3,14700,14711
118021,NSE-ZITO,9696,7,14382,14394
118021,NSE-OIT,9690,8,15241,15415
118021,NSE-SIMP,9975,5,14695,14713
118021,NSE-SIMP,9975,5,14697,14713
118021,NSE-SIMP,9971,8,14589,14713
118021,NSE-SIMP,9971,8,14600,14713
118021,NSE-SIMP,9966,5,14564,14713
118022,NSE-ZABA,11042,8,13802,13826
118023,NSE-CARD,10710,8,16037,16046
118024,NSE-ZABA,11042,8,13826,13836
118040,NSE-SIMP,9963,5,14506,14723
118040,NSE-ZITO,9721,5,14396,14406
118121,NSE-ZABA,11046,6,13827,13837
118121,NSE-SIMP,9965,8,14713,14725
118121,NSE-DLKV,9824,9,14133,14145
118160,NSE-ZITO,9708,50,14408,14418
118160,NSE-DLKV,9836,50,14147,14156
118160,NSE-SIMP,9977,50,14727,14736
118221,NSE-ZABA,11049,1,13839,13849
118221,NSE-SIMP,9978,8,14729,14737
118258,NSE-ZITO,9702,20,14419,14429
118321,NSE-ZABA,11054,6,13851,13860
118321,NSE-OIT,9692,8,15436,15445
118321,NSE-ZABA,11059,8,13310,13861
118391,NSE-DLKV,9824,50,14168,14177
118399,NSE-DLKV,9822,8,14167,14178
118399,NSE-ZABA,11060,8,13861,13871
118421,NSE-ZITO,9704,1,14431,14442
118421,NSE-SIMP,9965,1,14749,14759
118421,NSE-CARD,10732,5,16069,16080
118421,NSE-ZABA,11060,1,13861,13872
118421,NSE-CARD,10725,8,16078,16082
118421,NSE-DLKV,9817,8,14143,14180
118421,NSE-SIMP,9957,8,14651,14761
118421,NSE-SIMP,9956,8,14286,14761
118421,NSE-ZABA,11074,8,13297,13873
118463,NSE-SIMP,9955,19,14761,14770
118463,NSE-SIMP,9955,15,14761,14771
118463,NSE-SIMP,9956,4,14763,14771
118521,NSE-SIMP,9953,2,14298,14772
118521,NSE-DLKV,9810,2,14179,14189
118521,NSE-CARD,10707,8,16082,16091
118521,NSE-CARD,10705,4,16081,16092
118521,NSE-SIMP,9953,6,14298,14774
118521,NSE-SIMP,9952,8,14310,14774
118521,NSE-SIMP,9951,5,14440,14774
118553,NSE-ZITO,9719,30,14454,14464
118621,NSE-ZITO,9719,8,14454,14465
118621,NSE-ZABA,11103,8,13244,13893
118652,NSE-ZITO,9723,20,14466,14476
118681,NSE-ZITO,9723,30,14466,14477
118681,NSE-ZITO,9722,19,14468,14477
118681,NSE-ZABA,11112,42,13893,13903
118721,NSE-DLKV,9823,5,14201,14210
118721,NSE-CARD,10747,8,16047,16113
118721,NSE-CARD,10758,8,16079,16113
118779,NSE-SIMP,9959,20,14794,14803
118780,NSE-OIT,9693,5,15488,15498
118780,NSE-SIMP,9959,5,14794,14807
118821,NSE-ZITO,9711,4,14479,14489
118821,NSE-SIMP,9957,9,14793,14809
118821,NSE-OIT,9693,7,15488,15499
118825,NSE-CARD,10880,8,16124,16135
118825,NSE-DLKV,9795,8,14222,14231
118825,NSE-OIT,9678,8,15500,15511
118825,NSE-ZABA,11111,8,13914,13925
118921,NSE-DLKV,9793,7,14221,14233
118921,NSE-SIMP,9965,2,14811,14823
118921,NSE-ZABA,11111,7,13914,13926
118921,NSE-SIMP,9968,5,14808,14824
118921,NSE-SIMP,9978,8,14821,14824
118922,NSE-ZITO,9730,20,14501,14511
119021,NSE-OIT,9686,6,15513,15522
119021,NSE-ZITO,9730,2,14501,14512
119021,NSE-ZABA,11069,4,13928,13937
119022,NSE-ZITO,9732,8,13633,14513
119022,NSE-ZITO,9736,8,13669,14513
119022,NSE-ZITO,9736,8,14007,14513
119022,NSE-ZITO,9737,8,13993,14513
119022,NSE-ZITO,9742,8,13763,14513
119022,NSE-ZITO,9744,8,13692,14513
119022,NSE-ZITO,9746,2,13646,14513
119022,NSE-ZITO,9746,6,13646,14515
119022,NSE-ZITO,9752,8,13584,14515
119030,NSE-DLKV,9802,50,14245,14254
119078,NSE-CARD,10888,8,16146,16157
119078,NSE-DLKV,9803,8,14247,14255
119079,NSE-ZABA,11093,8,13938,13950
119094,NSE-SIMP,9963,20,14834,14846
119121,NSE-OIT,9691,8,15523,15535
119121,NSE-OIT,9703,8,15534,15536
119121,NSE-OIT,9706,8,15457,15536
119221,NSE-CARD,10900,6,16159,16168
119229,NSE-ZITO,9731,20,14534,14544
119247,NSE-DLKV,9812,8,14268,14279
119247,NSE-OIT,9696,8,15546,15557
119303,NSE-CARD,10892,5,16169,16181
119321,NSE-SIMP,9963,2,14858,14871
119321,NSE-OIT,9696,1,15546,15558
119321,NSE-CARD,10897,8,16180,16182
119321,NSE-DLKV,9838,8,14256,14280
119321,NSE-OIT,9717,8,15424,15559
119337,NSE-ZABA,11126,42,13973,13983
119402,NSE-SIMP,9965,9,14873,14882
119402,NSE-SIMP,9965,20,14873,14883
119402,NSE-SIMP,9965,20,14873,14884
119421,NSE-ZITO,9739,3,14546,14557
119421,NSE-ZITO,9741,3,14547,14558
119421,NSE-DLKV,9839,8,14232,14290
119521,NSE-DLKV,9846,8,14144,14300
119521,NSE-OIT,9733,8,15387,15579
119621,NSE-ZITO,9740,8,14570,14580
119634,NSE-ZITO,9731,20,14581,14591
119721,NSE-ZABA,11136,1,14004,14014
119721,NSE-CARD,10892,2,16214,16223
119721,NSE-OIT,9732,2,15590,15599
119721,NSE-CARD,11008,8,15981,16224
119721,NSE-CARD,11008,8,16013,16224
119721,NSE-SIMP,9949,8,14820,14916
119721,NSE-SIMP,9949,8,14844,14916
119721,NSE-SIMP,9949,8,14869,14916
119767,NSE-ZABA,11140,50,14015,14025
119793,NSE-OIT,9730,5,15600,15610
119793,NSE-SIMP,9944,5,14916,14925
119802,NSE-SIMP,9944,20,14916,14928
119821,NSE-CARD,11148,8,16224,16236
119821,NSE-ZABA,11138,4,14017,14026
119821,NSE-CARD,11148,7,16224,16237
119821,NSE-SIMP,9959,5,14926,14929
119921,NSE-CARD,11155,5,16238,16248
119921,NSE-DLKV,9870,8,14076,14340
119921,NSE-DLKV,9881,8,14064,14340
119921,NSE-DLKV,9882,8,14029,14340
119922,NSE-DLKV,9882,8,14340,14351
119948,NSE-SIMP,9954,20,14940,14951
119948,NSE-SIMP,9954,20,14940,14952
119948,NSE-SIMP,9954,10,14940,14953
119948,NSE-SIMP,9955,10,14942,14953
119948,NSE-SIMP,9955,20,14942,14954
119948,NSE-SIMP,9955,20,14942,14955
119975,NSE-SIMP,9955,1,14942,14956
119975,NSE-SIMP,9955,49,14942,14957
119975,NSE-SIMP,9956,1,14944,14957
120003,NSE-CARD,11144,5,16249,16260
120021,NSE-SIMP,9952,8,14939,14958
120021,NSE-OIT,9711,8,15632,15633
120022,NSE-ZABA,11100,8,14047,14050
120022,NSE-ZABA,11096,8,13972,14050
120022,NSE-ZITO,9717,8,14623,14625
120027,NSE-DLKV,9886,8,14354,14365
120027,NSE-ZABA,11085,8,14050,14059
120027,NSE-ZITO,9709,8,14625,14634
120060,NSE-ZITO,9707,50,14624,14636
120060,NSE-ZITO,9706,50,14626,14636
120221,NSE-SIMP,9960,9,14971,14983
120221,NSE-ZABA,11087,2,14061,14073
120221,NSE-ZITO,9709,8,14637,14647
120221,NSE-OIT,9708,8,15643,15656
120221,NSE-SIMP,9949,8,14949,14985
120221,NSE-SIMP,9949,8,14969,14985
120222,NSE-ZITO,9705,8,14500,14649
120222,NSE-ZITO,9691,8,14545,14649
120222,NSE-ZITO,9688,8,14523,14649
120266,NSE-SIMP,9948,20,14985,14994
120266,NSE-SIMP,9948,10,14985,14995
120326,NSE-SIMP,9952,50,14997,15006
120389,NSE-ZABA,11074,20,14085,14095
120389,NSE-SIMP,9951,5,15007,15008
120389,NSE-SIMP,9953,15,14999,15008
120421,NSE-SIMP,9950,2,14996,15009
120421,NSE-ZITO,9702,6,14661,14670
120421,NSE-SIMP,9973,5,14927,15010
120421,NSE-SIMP,9978,8,14845,15010
120421,NSE-SIMP,9978,8,14870,15010
120421,NSE-SIMP,9978,8,14950,15010
120421,NSE-SIMP,9978,8,14970,15010
120481,NSE-SIMP,9978,8,15010,15021
120481,NSE-ZABA,11052,8,14098,14107
120518,NSE-DLKV,9886,50,14398,14410
120518,NSE-ZABA,11052,42,14098,14109
120518,NSE-ZABA,11054,8,14100,14109
120521,NSE-DLKV,9885,4,14400,14411
120521,NSE-ZITO,9713,5,14672,14683
120521,NSE-DLKV,9868,8,14408,14413
120521,NSE-OIT,9692,8,15685,15688
120522,NSE-ZITO,9706,8,14681,14685
120583,NSE-DLKV,9855,8,14413,14422
120583,NSE-ZABA,11047,8,14111,14120
120583,NSE-SIMP,9950,50,15024,15037
120621,NSE-ZABA,11047,1,14111,14122
120622,NSE-SIMP,9966,8,15036,15038
120694,NSE-ZABA,11048,20,14124,14133
120721,NSE-ZABA,11048,1,14124,14135
120721,NSE-CARD,11135,3,16327,16336
120721,NSE-OIT,9712,8,15698,15709
120721,NSE-OIT,9721,8,15686,15709
120921,NSE-ZABA,11045,4,13949,14156
121021,NSE-ZITO,9714,2,14728,14738
121021,NSE-OIT,9683,8,15697,15740
121021,NSE-OIT,9682,8,15631,15740
121021,NSE-OIT,9677,8,15456,15740
121021,NSE-OIT,9674,8,15533,15740
121022,NSE-ZITO,9715,8,14696,14739
121121,NSE-CARD,11225,6,16367,16377
121121,NSE-DLKV,9870,2,14466,14475
121173,NSE-SIMP,9987,5,15089,15099
121173,NSE-ZITO,9703,5,14751,14760
121173,NSE-SIMP,9987,5,15089,15100
121221,NSE-ZABA,11080,8,14177,14190
121221,NSE-DLKV,9833,8,14477,14486
121221,NSE-OIT,9701,8,15749,15760
121221,NSE-SIMP,9987,8,15089,15102
121221,NSE-ZABA,11080,8,14177,14192
121222,NSE-CARD,11185,7,16379,16389
121222,NSE-SIMP,9987,3,15089,15103
121222,NSE-SIMP,9987,7,15089,15104
121222,NSE-CARD,11185,5,16379,16390
121222,NSE-ZABA,11045,4,13949,14194
121222,NSE-ZABA,11029,8,14191,14194
121248,NSE-CARD,11212,5,16391,16401
121321,NSE-DLKV,9846,7,14488,14498
121321,NSE-SIMP,9989,1,15106,15115
121421,NSE-OIT,9675,8,15771,15782
121421,NSE-ZABA,11047,8,14204,14214
121421,NSE-ZITO,9694,6,14774,14786
121421,NSE-SIMP,9973,4,15116,15128
121421,NSE-OIT,9677,8,15772,15783
121421,NSE-SIMP,9986,8,15126,15129
121422,NSE-ZITO,9698,8,14784,14787
121520,NSE-ZITO,9703,20,14788,14797
121520,NSE-ZABA,11041,8,14216,14225
121521,NSE-ZITO,9701,6,14787,14798
121521,NSE-ZITO,9701,5,14787,14799
121521,NSE-ZITO,9703,1,14788,14800
121521,NSE-OIT,9669,8,15759,15795
121521,NSE-OIT,9664,8,15556,15795
121522,NSE-ZITO,9686,8,14762,14802
121522,NSE-ZITO,9683,8,14333,14802
121522,NSE-ZITO,9680,8,14441,14802
121522,NSE-ZITO,9676,8,14405,14802
121621,NSE-SIMP,9976,2,15139,15149
121621,NSE-CARD,11213,4,16424,16433
121621,NSE-OIT,9710,8,15781,15804
121621,NSE-SIMP,9990,8,14722,15150
121622,NSE-ZABA,11063,8,14213,14237
121721,NSE-DLKV,9837,7,14532,14541
121721,NSE-ZABA,11085,8,14238,14247
121721,NSE-CARD,11137,8,16388,16446
121721,NSE-DLKV,9852,8,14510,14542
121721,NSE-SIMP,9995,8,14758,15160
121821,NSE-ZABA,11048,5,14249,14258
121821,NSE-ZITO,9690,10,14821,14831
121821,NSE-OIT,9676,1,15815,15824
121821,NSE-ZITO,9690,8,14821,14832
121821,NSE-SIMP,10001,8,14683,15171
121821,NSE-ZABA,11027,8,13924,14260
121904,NSE-SIMP,10002,20,15171,15181
121921,NSE-ZABA,10996,8,14259,14270
121921,NSE-OIT,9676,1,15825,15835
121921,NSE-SIMP,10008,8,14638,15183
121921,NSE-SIMP,10017,8,13437,15183
121921,NSE-SIMP,10017,8,13505,15183
121921,NSE-SIMP,10021,8,13493,15183
121921,NSE-SIMP,10022,8,13541,15183
121972,NSE-CARD,11144,8,16468,16478
121972,NSE-OIT,9673,8,15837,15846
121972,NSE-ZABA,10996,8,14272,14281
122021,NSE-ZITO,9698,7,14844,14855
122021,NSE-OIT,9671,7,15836,15848
122021,NSE-DLKV,9867,8,14573,14574
122021,NSE-DLKV,9868,8,14487,14574
122022,NSE-ZABA,10990,8,13758,14284
122022,NSE-ZITO,9684,8,14853,14857
122121,NSE-ZITO,9676,9,14856,14866
122121,NSE-ZITO,9676,4,14856,14867
122121,NSE-ZITO,9678,6,14857,14868
122160,NSE-ZITO,9663,20,14870,14879
122160,NSE-SIMP,10011,20,15204,15214
122160,NSE-ZITO,9663,18,14870,14880
122160,NSE-SIMP,10011,20,15204,15216
122221,NSE-CARD,11152,4,16490,16502
122221,NSE-ZITO,9663,2,14870,14881
122221,NSE-DLKV,9838,8,14572,14595
122221,NSE-SIMP,10028,5,13566,15217
122222,NSE-ZITO,9657,8,14274,14883
122231,NSE-CARD,11161,8,16504,16513
122232,NSE-ZABA,10997,8,14305,14314
122232,NSE-ZITO,9650,8,14883,14892
122268,NSE-SIMP,10029,45,15217,15229
122268,NSE-SIMP,10028,100,15219,15229
122268,NSE-SIMP,10027,55,15221,15229
122291,NSE-SIMP,10027,10,15221,15230
122321,NSE-ZABA,10997,6,14305,14316
122321,NSE-DLKV,9828,1,14595,14606
122321,NSE-DLKV,9823,8,14364,14608
122321,NSE-DLKV,9823,8,14509,14608
122321,NSE-DLKV,9815,8,14604,14608
122322,NSE-SIMP,10031,5,13481,15231
122322,NSE-SIMP,10031,5,13644,15231
122322,NSE-SIMP,10031,5,13646,15231
122322,NSE-SIMP,10032,5,13821,15231
122322,NSE-SIMP,10032,5,13823,15231
122322,NSE-SIMP,10034,5,13893,15231
122322,NSE-SIMP,10035,5,13964,15231
122322,NSE-SIMP,10036,5,14001,15231
122322,NSE-SIMP,10036,5,14071,15231
122393,NSE-SIMP,10036,5,15231,15241
122393,NSE-SIMP,10035,15,15233,15241
122393,NSE-SIMP,10035,20,15233,15242
122393,NSE-SIMP,10035,10,15233,15243
122393,NSE-ZITO,9668,20,14895,14904
122393,NSE-SIMP,10035,20,15233,15244
122421,NSE-SIMP,10035,6,15233,15245
122421,NSE-DLKV,9813,1,14608,14617
122421,NSE-ZITO,9668,5,14895,14905
122421,NSE-OIT,9675,8,15880,15891
122521,NSE-DLKV,9799,2,14619,14628
122521,NSE-DLKV,9798,7,14350,14629
122521,NSE-OIT,9678,1,15891,15901
122521,NSE-DLKV,9798,1,14350,14631
122530,NSE-ZITO,9660,12,14917,14926
122530,NSE-SIMP,10029,10,15256,15266
122530,NSE-SIMP,10029,20,15256,15267
122530,NSE-SIMP,10029,20,15256,15268
122560,NSE-CARD,11152,8,16535,16546
122560,NSE-DLKV,9793,8,14631,14640
122621,NSE-ZITO,9658,7,14916,14928
122621,NSE-DLKV,9791,6,14630,14642
122621,NSE-OIT,9676,8,15903,15914
122621,NSE-CARD,11154,1,16536,16548
122622,NSE-SIMP,10037,5,14196,15270
122622,NSE-SIMP,10040,5,14285,15270
122622,NSE-SIMP,10041,8,12677,15270
122622,NSE-SIMP,10041,5,14323,15270
122622,NSE-SIMP,10042,8,12554,15270
122622,NSE-SIMP,10042,8,12769,15270
122632,NSE-SIMP,10042,10,15270,15280
122692,NSE-SIMP,10042,1,15270,15281
122692,NSE-SIMP,10041,19,15272,15281
122721,NSE-DLKV,9825,1,14643,14653
122721,NSE-DLKV,9827,1,14644,14654
122721,NSE-CARD,11128,8,16313,16560
122721,NSE-CARD,11123,8,16325,16560
122721,NSE-CARD,11112,8,16545,16560
122722,NSE-ZABA,11014,8,14347,14358
122739,NSE-CARD,10967,8,16560,16569
122739,NSE-DLKV,9843,8,14656,14665
122739,NSE-ZABA,11023,8,14358,14368
122739,NSE-ZITO,9654,8,14941,14950
122804,NSE-ZITO,9654,30,14941,14952
122804,NSE-SIMP,10039,35,15282,15293
122804,NSE-SIMP,10039,15,15282,15294
122804,NSE-SIMP,10038,35,15284,15294
122820,NSE-SIMP,10038,20,15284,15295
122820,NSE-ZITO,9654,12,14941,14953
122820,NSE-ZITO,9655,8,14943,14953
122820,NSE-SIMP,10038,20,15284,15296
122837,NSE-ZITO,9676,5,14955,14964
122919,NSE-ZABA,10988,8,14370,14380
122921,NSE-DLKV,9836,1,14668,14678
122921,NSE-OIT,9662,8,15912,15948
122921,NSE-OIT,9657,8,15935,15948
122921,NSE-OIT,9648,8,15510,15948
122921,NSE-OIT,9646,8,15879,15948
122921,NSE-SIMP,10008,8,15292,15309
123021,NSE-ZABA,11016,3,14382,14391
123022,NSE-ZITO,9645,8,14321,14977
123044,NSE-ZITO,9642,20,14977,14986
123121,NSE-SIMP,10035,1,15319,15332
123121,NSE-ZITO,9641,6,14219,14987
123121,NSE-SIMP,10037,9,15320,15333
123121,NSE-DLKV,9779,8,14278,14700
123122,NSE-ZITO,9641,2,14219,14989
123122,NSE-ZITO,9625,8,10479,14989
123122,NSE-ZITO,9625,8,14285,14989
123122,NSE-ZITO,9611,8,12604,14989
123203,NSE-DLKV,9772,42,14700,14709
123203,NSE-ZITO,9611,12,14989,14998
123312,NSE-ZITO,9622,20,15000,15009
123321,NSE-ZABA,10964,5,14379,14424
123321,NSE-ZABA,10964,3,14413,14424
123321,NSE-DLKV,9807,6,14710,14720
123321,NSE-DLKV,9809,3,14711,14721
123330,NSE-ZITO,9629,50,15011,15020
123348,NSE-DLKV,9799,8,14723,14732
123349,NSE-ZABA,10998,8,14425,14436
123349,NSE-ZITO,9630,8,15013,15021
123421,NSE-CARD,10968,4,16623,16635
123421,NSE-DLKV,9799,7,14723,14734
123488,NSE-ZITO,9641,20,15024,15033
123531,NSE-SIMP,10012,50,15380,15390
123579,NSE-ZITO,9649,5,15035,15045
123579,NSE-ZITO,9649,5,15035,15047
123621,NSE-CARD,10962,5,16646,16659
123696,NSE-SIMP,10025,50,15393,15403
123721,NSE-CARD,11159,8,16570,16670
123721,NSE-CARD,11169,8,16634,16670
123725,NSE-ZITO,9620,20,15060,15069
123821,NSE-OIT,9615,3,16028,16038
123921,NSE-DLKV,9826,8,14776,14785
123921,NSE-ZITO,9633,10,15070,15080
123936,NSE-ZITO,9630,40,15082,15091
123936,NSE-SIMP,10015,50,15424,15434
124002,NSE-CARD,11197,5,16691,16701
124022,NSE-ZABA,11062,8,14315,14499
124022,NSE-ZABA,11088,8,14121,14499
124022,NSE-ZABA,11088,8,14282,14499
124078,NSE-ZITO,9603,30,15093,15102
124078,NSE-SIMP,10008,30,15435,15446
124121,NSE-OIT,9628,3,16059,16070
124121,NSE-ZITO,9601,7,15092,15103
124221,NSE-OIT,9616,1,16071,16081
124221,NSE-ZITO,9641,3,15105,15116
124321,NSE-DLKV,9844,7,14605,14828
124321,NSE-CARD,11184,1,16726,16735
124321,NSE-SIMP,10012,7,15457,15467
124387,NSE-ZABA,11024,50,14532,14542
124416,NSE-CARD,11186,25,16736,16746
124421,NSE-CARD,11193,50,16713,16747
124421,NSE-SIMP,10027,8,15368,15478
124515,NSE-CARD,11202,8,16749,16758
124515,NSE-OIT,9635,8,16103,16112
124515,NSE-ZABA,11017,8,14543,14554
124515,NSE-ZITO,9627,8,15138,15147
124522,NSE-ZITO,9663,8,15148,15149
124588,NSE-CARD,11184,5,16759,16769
124621,NSE-DLKV,9812,8,14850,14863
124661,NSE-SIMP,10026,50,15499,15509
124721,NSE-CARD,11188,1,16771,16780
124721,NSE-DLKV,9801,6,14862,14872
124721,NSE-OIT,9648,2,16125,16134
124721,NSE-CARD,11143,8,16757,16782
124721,NSE-SIMP,10041,50,15318,15510
124814,NSE-ZITO,9665,50,15170,15180
124814,NSE-DLKV,9818,8,14874,14883
124814,NSE-ZITO,9664,42,15172,15181
124835,NSE-SIMP,10027,50,15520,15530
124921,NSE-ZABA,11044,8,14586,14596
124921,NSE-ZITO,9656,9,15183,15192
124921,NSE-DLKV,9841,8,14851,14894
124921,NSE-DLKV,9844,1,14605,14894
124984,NSE-CARD,10934,20,16804,16813
125021,NSE-SIMP,10041,6,15532,15541
125121,NSE-SIMP,10013,8,15488,15553
125130,NSE-CARD,10956,20,16825,16836
125221,NSE-ZABA,11046,2,14617,14628
125221,NSE-DLKV,9837,6,14915,14925
125299,NSE-ZABA,11018,50,14630,14639
125321,NSE-OIT,9647,5,16186,16195
125321,NSE-CARD,10910,8,16271,16849
125421,NSE-OIT,9632,10,16196,16206
125421,NSE-CARD,10907,3,16848,16858
125421,NSE-ZITO,9657,10,15236,15245
125521,NSE-ZITO,9643,1,15247,15257
125521,NSE-ZABA,10996,50,14541,14661
125521,NSE-ZABA,10996,50,14541,14663
125534,NSE-CARD,10946,8,16870,16879
125534,NSE-DLKV,9820,8,14957,14968
125534,NSE-OIT,9655,8,16217,16228
125534,NSE-ZITO,9645,8,15258,15269
125621,NSE-SIMP,10022,2,15594,15605
125621,NSE-OIT,9657,8,16218,16229
125621,NSE-OIT,9657,1,16218,16230
125621,NSE-SIMP,10022,8,15604,15606
125646,NSE-ZABA,11002,50,14673,14682
125721,NSE-OIT,9680,1,16231,16241
125721,NSE-CARD,10932,3,16881,16891
125721,NSE-CARD,11007,8,16880,16892
125721,NSE-CARD,11213,42,16466,16892
125721,NSE-CARD,11213,8,16466,16894
125721,NSE-CARD,11228,8,16514,16894
125721,NSE-CARD,11249,8,16479,16894
125814,NSE-CARD,11261,5,16894,16902
125821,NSE-ZABA,11021,2,14684,14693
125821,NSE-SIMP,9996,7,15617,15627
125821,NSE-OIT,9682,8,15997,16252
125821,NSE-OIT,9686,8,15936,16252
125821,NSE-OIT,9686,8,16113,16252
125821,NSE-OIT,9691,8,15913,16252
125921,NSE-SIMP,10021,7,15629,15638
125921,NSE-OIT,9693,4,16252,16262
125921,NSE-ZITO,9653,5,15292,15301
125921,NSE-ZABA,10979,8,14670,14705
125921,NSE-ZABA,10978,8,14553,14705
125921,NSE-ZABA,10963,5,13691,14705
125921,NSE-ZABA,10957,5,14458,14705
126021,NSE-CARD,11265,6,16914,16924
126021,NSE-OIT,9704,7,16264,16273
126022,NSE-ZABA,10948,5,14457,14715
126022,NSE-ZABA,10947,5,13636,14715
126022,NSE-ZABA,10941,5,13813,14715
126121,NSE-CARD,11258,8,16926,16935
126156,NSE-CARD,11274,5,16936,16946
126221,NSE-CARD,11274,3,16936,16947
126221,NSE-ZABA,10951,4,14725,14734
126243,NSE-ZABA,10937,50,14736,14745
126321,NSE-CARD,11269,6,16948,16958
126321,NSE-OIT,9692,2,16295,16304
126321,NSE-OIT,9692,1,16295,16305
126402,NSE-CARD,11257,5,16959,16970
126521,NSE-ZABA,10989,2,14757,14766
126521,NSE-CARD,11252,3,16971,16981
126521,NSE-ZABA,10932,8,13724,14768
126521,NSE-ZABA,10931,5,14188,14768
126521,NSE-ZABA,10929,5,11315,14768
126521,NSE-ZABA,10929,5,12014,14768
126522,NSE-ZITO,9676,8,15022,15363
126522,NSE-ZITO,9685,8,14893,15363
126568,NSE-ZITO,9688,34,15363,15373
126568,NSE-ZITO,9687,6,15365,15373
126568,NSE-ZITO,9687,40,15365,15374
126621,NSE-OIT,9659,2,16327,16336
126622,NSE-ZABA,10927,5,11911,14778
126622,NSE-ZABA,10924,5,12037,14778
126622,NSE-ZABA,10923,8,11141,14778
126622,NSE-ZABA,10923,5,13072,14778
126622,NSE-ZABA,10922,5,11922,14778
126622,NSE-ZABA,10921,8,13658,14778
126622,NSE-ZABA,10919,5,12085,14778
126622,NSE-ZABA,10919,5,13071,14778
126622,NSE-ZABA,10918,4,11990,14778
126622,NSE-ZABA,10918,1,11990,14780
126622,NSE-ZABA,10917,1,11087,14780
126622,NSE-ZABA,10917,8,11120,14780
126622,NSE-ZABA,10917,5,11281,14780
126622,NSE-ZABA,10916,5,12687,14780
126721,NSE-CARD,11262,7,16992,17002
126721,NSE-ZITO,9663,3,15375,15385
126721,NSE-ZITO,9663,9,15375,15386
126821,NSE-CARD,10989,8,17004,17013
126821,NSE-ZABA,10915,5,11991,14798
126821,NSE-ZABA,10914,8,13712,14798
126921,NSE-ZITO,9646,10,15398,15407
126921,NSE-OIT,9664,8,16358,16367
126921,NSE-ZABA,10914,3,14798,14807
126921,NSE-ZABA,10913,5,12155,14809
126921,NSE-ZABA,10913,5,13049,14809
126921,NSE-ZABA,10913,8,13462,14809
126921,NSE-ZABA,10912,5,12050,14809
126921,NSE-ZABA,10912,5,14187,14809
126921,NSE-ZABA,10909,5,12384,14809
126921,NSE-ZABA,10908,8,11007,14809
126921,NSE-ZABA,10908,5,12156,14809
126921,NSE-ZABA,10908,4,12255,14809
126921,NSE-ZABA,10908,1,12255,14811
126921,NSE-ZABA,10908,5,13002,14811
126921,NSE-ZABA,10907,8,11051,14811
126921,NSE-ZABA,10907,5,12736,14811
126921,NSE-ZABA,10905,5,12278,14811
126921,NSE-ZABA,10904,5,12686,14811
126921,NSE-ZABA,10900,5,12470,14811
126921,NSE-ZABA,10900,5,12759,14811
126921,NSE-ZABA,10898,8,11088,14811
126943,NSE-CARD,10991,8,17027,17036
126956,NSE-DLKV,9828,8,15100,15111
126956,NSE-OIT,9681,8,16368,16379
126956,NSE-ZABA,10887,8,14811,14818
127021,NSE-OIT,9683,8,16369,16380
127021,NSE-OIT,9681,7,16368,16381
127021,NSE-DLKV,9830,5,15101,15112
127021,NSE-OIT,9681,4,16368,16382
127121,NSE-CARD,10990,4,17039,17050
127121,NSE-DLKV,9808,9,15113,15123
127121,NSE-SIMP,10017,9,15750,15760
127121,NSE-DLKV,9808,9,15113,15124
127122,NSE-ZITO,9643,8,15419,15430
127221,NSE-DLKV,9803,3,15126,15135
127321,NSE-ZABA,10969,4,14841,14850
127322,NSE-ZITO,9614,8,15418,15451
127421,NSE-OIT,9649,7,16413,16423
127421,NSE-OIT,9651,4,16414,16424
127521,NSE-ZITO,9622,6,15461,15470
127521,NSE-SIMP,10000,8,15749,15802
127621,NSE-CARD,10986,8,17094,17104
127621,NSE-ZABA,10959,8,14873,14883
127721,NSE-OIT,9687,3,16445,16455
127721,NSE-ZITO,9637,7,15482,15491
127721,NSE-CARD,10876,8,16259,17116
127740,NSE-CARD,10867,8,17116,17125
127740,NSE-DLKV,9813,8,15188,15197
127740,NSE-OIT,9682,8,16456,16467
127740,NSE-ZABA,10977,8,14895,14904
127740,NSE-ZITO,9639,8,15493,15502
127821,NSE-SIMP,10018,5,15822,15833
127821,NSE-ZABA,10973,3,14894,14906
127921,NSE-DLKV,9814,7,15199,15209
127921,NSE-SIMP,10009,8,15831,15845
127966,NSE-DLKV,9811,42,15211,15220
128021,NSE-DLKV,9809,6,15210,15221
128021,NSE-DLKV,9811,1,15211,15222
128021,NSE-OIT,9666,1,16479,16488
128021,NSE-DLKV,9811,1,15211,15223
128021,NSE-DLKV,9809,8,15210,15224
128021,NSE-ZABA,10949,4,14918,14927
128121,NSE-ZITO,9663,5,15525,15535
128121,NSE-DLKV,9828,1,15226,15235
128221,NSE-ZABA,10943,3,14939,14948
128321,NSE-CARD,10888,3,17171,17180
128321,NSE-SIMP,10015,4,15875,15884
128321,NSE-CARD,10886,4,17170,17181
128322,NSE-ZITO,9678,8,15503,15556
128387,NSE-CARD,10884,8,17183,17192
128401,NSE-ZABA,10976,8,14960,14969
128401,NSE-ZITO,9680,8,15556,15566
128421,NSE-DLKV,9848,9,15257,15268
128421,NSE-ZITO,9682,6,15557,15567
128421,NSE-CARD,10884,7,17183,17194
128472,NSE-ZITO,9683,5,15568,15578
128521,NSE-ZITO,9685,6,15569,15579
128521,NSE-SIMP,10011,1,15897,15907
128521,NSE-CARD,10895,6,17195,17205
128521,NSE-OIT,9664,8,16529,16542
128621,NSE-ZABA,10932,2,14981,14991
128621,NSE-DLKV,9841,8,15279,15289
128621,NSE-OIT,9647,2,16542,16551
128721,NSE-ZITO,9673,4,15591,15600
128721,NSE-SIMP,10012,9,15919,15928
128721,NSE-OIT,9651,4,16552,16562
128721,NSE-CARD,10864,8,16179,17227
128721,NSE-DLKV,9852,8,14641,15301
128721,NSE-DLKV,9853,8,15267,15301
128721,NSE-DLKV,9855,8,15198,15301
128920,NSE-CARD,10869,8,17237,17246
128920,NSE-OIT,9639,8,16574,16583
128921,NSE-DLKV,9835,8,15322,15323
128921,NSE-OIT,9621,8,16227,16586
128921,NSE-OIT,9618,8,16378,16586
128921,NSE-OIT,9617,8,16466,16586
128921,NSE-ZABA,10952,8,15023,15024
128922,NSE-ZITO,9658,8,15621,15622
129021,NSE-SIMP,10019,1,15951,15960
129021,NSE-DLKV,9844,6,15323,15334
129221,NSE-OIT,9609,2,16605,16615
129221,NSE-ZABA,10982,8,15045,15054
129221,NSE-CARD,10858,3,17268,17278
129221,NSE-SIMP,10000,3,15971,15981
129321,NSE-SIMP,10021,6,15896,15992
129321,NSE-ZABA,10999,1,15056,15065
129321,NSE-ZABA,11012,8,14970,15066
129421,NSE-OIT,9665,3,16628,16637
129421,NSE-OIT,9663,7,16627,16638
129421,NSE-ZABA,11013,4,15066,15076
129521,NSE-SIMP,10016,2,16004,16013
129521,NSE-ZITO,9639,6,15673,15682
129521,NSE-ZITO,9639,1,15673,15683
129521,NSE-CARD,10853,7,17299,17309
129521,NSE-DLKV,9844,1,15376,15386
129621,NSE-ZITO,9616,6,15685,15694
129621,NSE-SIMP,10006,1,16014,16024
129621,NSE-SIMP,10006,5,16014,16025
129621,NSE-CARD,10891,7,17310,17320
129621,NSE-ZITO,9616,9,15685,15695
129621,NSE-CARD,10891,3,17310,17321
129721,NSE-ZITO,9623,6,15696,15706
129721,NSE-DLKV,9824,8,15266,15409
129721,NSE-SIMP,10021,2,15896,16036
129784,NSE-CARD,10724,8,17333,17343
129784,NSE-OIT,9637,8,16670,16679
129784,NSE-ZABA,10985,8,15107,15118
129821,NSE-DLKV,9820,3,15408,15420
129821,NSE-DLKV,9822,2,15409,15421
129821,NSE-SIMP,10024,5,16037,16047
129821,NSE-DLKV,9820,3,15408,15422
129821,NSE-CARD,10714,8,16156,17346
129821,NSE-DLKV,9823,8,15419,15423
129821,NSE-SIMP,10039,50,15572,16048
129821,NSE-ZITO,9637,8,15718,15719
129921,NSE-SIMP,10040,8,15832,16058
129921,NSE-SIMP,10041,9,16049,16059
129921,NSE-ZITO,9658,7,15720,15729
130021,NSE-ZABA,10996,5,15130,15139
130121,NSE-CARD,10709,7,17365,17375
130128,NSE-CARD,10702,20,17377,17386
130221,NSE-ZABA,10948,6,15151,15160
130221,NSE-CARD,10702,4,17377,17387
130221,NSE-CARD,10700,8,17376,17388
130221,NSE-ZITO,9635,10,15751,15760
130321,NSE-DLKV,9841,1,15463,15473
130321,NSE-CARD,10693,4,17389,17401
130321,NSE-OIT,9667,3,16722,16732
130421,NSE-DLKV,9839,1,15474,15484
130421,NSE-SIMP,10033,6,16100,16110
130421,NSE-SIMP,10035,5,16101,16111
130512,NSE-CARD,10710,8,17413,17422
130512,NSE-OIT,9688,8,16743,16754
130512,NSE-ZABA,10969,8,15181,15191
130512,NSE-ZITO,9650,8,15781,15792
130521,NSE-ZABA,10973,8,15182,15192
130521,NSE-DLKV,9825,9,15486,15497
130521,NSE-DLKV,9825,8,15486,15498
130521,NSE-DLKV,9829,8,15496,15499
130521,NSE-SIMP,10046,8,12720,16123
130521,NSE-SIMP,10048,8,12692,16123
130521,NSE-SIMP,10050,8,12625,16123
130521,NSE-SIMP,10051,8,12808,16123
130621,NSE-ZITO,9657,7,15793,15803
130721,NSE-CARD,10700,1,17434,17444
130721,NSE-CARD,10692,8,16134,17446
130721,NSE-CARD,10615,8,15848,17446
130821,NSE-CARD,10602,8,15750,17456
130821,NSE-SIMP,10055,8,13402,16154
130833,NSE-SIMP,10058,42,16154,16164
130833,NSE-SIMP,10057,100,16156,16164
130833,NSE-SIMP,10056,58,16158,16164
130921,NSE-DLKV,9806,5,15321,15539
131021,NSE-DLKV,9834,4,15541,15550
131021,NSE-OIT,9677,7,16795,16805
131021,NSE-ZABA,11004,7,15233,15243
131021,NSE-ZITO,9610,8,15791,15845
131021,NSE-ZITO,9608,8,15717,15845
131093,NSE-CARD,10639,20,17476,17486
131121,NSE-OIT,9672,7,16806,16816
131121,NSE-ZABA,10988,1,15245,15254
131121,NSE-ZABA,10988,3,15245,15255
131121,NSE-CARD,10639,7,17476,17487
131121,NSE-OIT,9652,8,16753,16818
131121,NSE-ZITO,9595,8,15268,15855
131221,NSE-ZABA,10962,5,15256,15266
131221,NSE-SIMP,10051,5,16186,16195
131221,NSE-SIMP,10051,4,16186,16196
131221,NSE-ZITO,9591,6,15854,15864
131321,NSE-DLKV,9818,3,15572,15581
131391,NSE-CARD,10625,8,17509,17519
131391,NSE-DLKV,9807,8,15583,15592
131391,NSE-OIT,9673,8,16837,16848
131391,NSE-ZABA,10967,8,15277,15288
131391,NSE-ZITO,9578,8,15876,15885
131521,NSE-ZITO,9557,4,15887,15897
131521,NSE-OIT,9672,7,16850,16859
131521,NSE-OIT,9672,2,16850,16860
131521,NSE-DLKV,9840,7,15594,15604
131521,NSE-OIT,9670,3,16849,16861
131621,NSE-ZABA,10973,6,15299,15309
131621,NSE-ZABA,10973,4,15299,15310
131821,NSE-CARD,10830,5,17552,17561
131821,NSE-DLKV,9830,9,15626,15635
131821,NSE-ZITO,9551,1,15919,15928
132021,NSE-SIMP,10013,3,16268,16278
132021,NSE-CARD,10831,9,17572,17583
132021,NSE-DLKV,9806,3,15321,15657
132021,NSE-DLKV,9800,8,15495,15657
132067,NSE-SIMP,10018,50,16280,16289
132067,NSE-SIMP,10019,100,16282,16289
132121,NSE-ZITO,9527,8,15950,15959
132121,NSE-SIMP,10020,5,16284,16290
132121,NSE-ZITO,9527,1,15950,15960
132221,NSE-SIMP,10034,3,16292,16301
132221,NSE-CARD,10833,6,17595,17606
132319,NSE-CARD,10838,8,17608,17617
132319,NSE-DLKV,9809,8,15677,15686
132319,NSE-OIT,9660,8,16932,16943
132321,NSE-SIMP,10033,3,16303,16313
132321,NSE-OIT,9660,8,16932,16944
132321,NSE-SIMP,10033,5,16303,16314
132321,NSE-DLKV,9809,1,15677,15688
132321,NSE-ZABA,10998,8,15381,15382
132421,NSE-ZABA,11001,6,15382,15392
132421,NSE-SIMP,10026,8,16315,16325
132421,NSE-ZITO,9551,2,15982,15992
132521,NSE-OIT,9693,8,16530,16965
132621,NSE-DLKV,9817,6,15710,15719
132621,NSE-DLKV,9852,8,15687,15720
132621,NSE-DLKV,9869,8,14733,15720
132721,NSE-SIMP,10037,7,16346,16356
132721,NSE-OIT,9703,4,16976,16985
132721,NSE-SIMP,10037,6,16346,16357
132721,NSE-CARD,10877,8,17520,17659
132721,NSE-CARD,10880,8,17423,17659
132721,NSE-CARD,10908,8,17618,17659
132721,NSE-CARD,10947,8,17193,17659
132962,NSE-CARD,10998,8,17680,17691
132962,NSE-DLKV,9870,8,15750,15761
132962,NSE-OIT,9702,8,17007,17018
132962,NSE-ZABA,10999,8,15443,15454
132962,NSE-ZITO,9557,8,16044,16053
133019,NSE-CARD,10998,5,17680,17692
133021,NSE-OIT,9702,10,17007,17019
133021,NSE-ZABA,11003,4,15444,15455
133021,NSE-DLKV,9873,8,14666,15762
133021,NSE-DLKV,9873,8,15593,15762
133121,NSE-DLKV,9876,5,15763,15772
133121,NSE-OIT,9705,8,16584,17030
133221,NSE-OIT,9708,5,17030,17040
133221,NSE-DLKV,9832,5,15774,15783
133321,NSE-CARD,10966,1,17713,17723
133321,NSE-OIT,9706,2,17042,17051
133321,NSE-DLKV,9843,7,15785,15794
133333,NSE-CARD,10963,8,17724,17735
133333,NSE-OIT,9703,8,17052,17063
133333,NSE-SIMP,10020,8,16422,16431
133333,NSE-ZITO,9578,8,16086,16095
133349,NSE-OIT,9703,42,17052,17064
133349,NSE-OIT,9702,58,17054,17064
133421,NSE-CARD,10965,6,17725,17736
133421,NSE-ZITO,9576,1,16085,16097
133421,NSE-DLKV,9850,8,15806,15807
133421,NSE-SIMP,10018,8,16389,16434
133521,NSE-OIT,9695,1,17065,17075
133521,NSE-ZABA,10968,8,15496,15509
133621,NSE-DLKV,9849,4,15817,15827
133621,NSE-OIT,9707,5,17077,17086
133621,NSE-SIMP,10008,8,16122,16455
133621,NSE-SIMP,10002,8,16046,16455
133621,NSE-ZABA,11001,8,15497,15518
133721,NSE-SIMP,9998,3,16455,16464
133721,NSE-OIT,9685,9,17087,17097
133721,NSE-OIT,9685,1,17087,17098
133721,NSE-OIT,9676,50,17006,17100
133721,NSE-OIT,9676,50,17006,17102
133821,NSE-DLKV,9850,5,15839,15848
133821,NSE-CARD,10970,5,17767,17777
133821,NSE-OIT,9671,4,17102,17110
133821,NSE-DLKV,9848,1,15838,15849
133821,NSE-ZITO,9562,8,16128,16138
133917,NSE-ZITO,9585,5,16139,16149
133921,NSE-CARD,10973,3,17779,17788
133921,NSE-OIT,9656,9,17112,17121
133921,NSE-OIT,9654,1,17111,17122
134021,NSE-DLKV,9852,8,15861,15870
134121,NSE-ZABA,10980,4,15558,15568
134121,NSE-OIT,9697,2,17134,17143
134121,NSE-OIT,9695,3,17133,17144
134221,NSE-ZITO,9580,4,16171,16180
134321,NSE-DLKV,9857,7,15892,15901
134521,NSE-DLKV,9860,6,15912,15922
134521,NSE-DLKV,9862,8,15913,15923
134521,NSE-DLKV,9862,9,15913,15924
134521,NSE-DLKV,9860,6,15912,15925
134588,NSE-CARD,10981,8,17852,17863
134588,NSE-DLKV,9847,8,15926,15938
134588,NSE-OIT,9675,8,17185,17196
134588,NSE-ZABA,11007,8,15609,15620
134588,NSE-ZITO,9582,8,16211,16222
134621,NSE-CARD,10981,8,17852,17864
134621,NSE-ZITO,9582,7,16211,16223
134621,NSE-SIMP,10016,2,16547,16558
134621,NSE-SIMP,10016,3,16547,16559
134621,NSE-OIT,9704,50,17109,17197
134621,NSE-OIT,9704,50,17109,17199
134721,NSE-ZITO,9575,9,16225,16235
134721,NSE-CARD,11005,8,17344,17875
134721,NSE-CARD,11201,8,17126,17875
134721,NSE-CARD,11214,8,17037,17875
134721,NSE-ZABA,11025,50,14671,15631
134721,NSE-ZABA,11025,50,14671,15633
134754,NSE-SIMP,10016,50,16571,16580
134821,NSE-DLKV,9876,4,15950,15959
134821,NSE-SIMP,10017,6,16573,16581
134821,NSE-ZITO,9581,5,16237,16246
134821,NSE-SIMP,10009,8,16556,16583
134879,NSE-DLKV,9875,50,15960,15970
134921,NSE-ZABA,11019,4,15642,15651
134921,NSE-DLKV,9887,8,14423,15971
134921,NSE-DLKV,9897,8,14409,15971
134921,NSE-OIT,9720,8,16680,17227
135021,NSE-OIT,9737,8,15644,17237
135021,NSE-OIT,9739,8,15340,17237
135121,NSE-DLKV,9872,3,15982,15992
135221,NSE-CARD,11256,1,17915,17925
135221,NSE-ZITO,9564,9,16278,16287
135226,NSE-ZITO,9559,50,16289,16298
135321,NSE-SIMP,10010,2,16622,16632
135321,NSE-ZITO,9560,3,16291,16299
135321,NSE-ZABA,11007,4,15682,15692
135321,NSE-ZABA,11007,8,15682,15693
135321,NSE-ZABA,11011,8,15683,15694
135387,NSE-DLKV,9880,50,16013,16023
135421,NSE-DLKV,9882,8,16014,16024
135421,NSE-ZITO,9553,8,16221,16312
135428,NSE-CARD,11248,8,17946,17957
135428,NSE-OIT,9689,8,17277,17288
135428,NSE-SIMP,10005,8,16644,16653
135521,NSE-OIT,9689,1,17277,17289
135521,NSE-ZABA,11000,7,15706,15717
135521,NSE-OIT,9691,10,17278,17290
135521,NSE-OIT,9689,7,17277,17291
135523,NSE-DLKV,9904,50,16036,16046
135621,NSE-CARD,11250,6,17958,17968
135621,NSE-CARD,11250,5,17958,17969
135621,NSE-CARD,11252,5,17959,17970
135621,NSE-DLKV,9915,8,13937,16047
135677,NSE-ZITO,9540,50,16334,16343
135677,NSE-DLKV,9917,42,16047,16057
135677,NSE-DLKV,9916,8,16049,16057
135721,NSE-OIT,9682,2,17303,17312
135721,NSE-ZITO,9538,8,16333,16344
135721,NSE-ZABA,10991,3,15729,15738
135721,NSE-SIMP,9993,8,15949,16676
135721,NSE-SIMP,9991,8,15603,16676
135721,NSE-SIMP,9991,8,16312,16676
135721,NSE-SIMP,9990,8,15895,16676
135721,NSE-SIMP,9988,5,15391,16676
135721,NSE-SIMP,9987,8,15269,16676
135721,NSE-ZABA,10986,8,15715,15740
135721,NSE-ZITO,9537,8,16321,16346
135884,NSE-ZABA,11006,50,15750,15759
135921,NSE-ZITO,9543,1,16356,16366
136004,NSE-DLKV,9920,20,16079,16089
136021,NSE-DLKV,9920,2,16079,16090
136021,NSE-CARD,11274,8,18001,18011
136121,NSE-ZABA,11018,4,15771,15780
136121,NSE-SIMP,10005,2,16706,16715
136121,NSE-CARD,11286,8,17247,18022
136202,NSE-SIMP,9999,5,16716,16726
136221,NSE-OIT,9722,3,17354,17363
136221,NSE-OIT,9720,3,17353,17364
136221,NSE-ZABA,11013,3,15781,15792
136221,NSE-DLKV,9923,8,13835,16111
136221,NSE-ZABA,11019,8,15716,15793
136221,NSE-ZITO,9566,8,16322,16397
136230,NSE-DLKV,9931,42,16111,16121
136230,NSE-DLKV,9930,8,16113,16121
136297,NSE-DLKV,9930,20,16113,16122
136321,NSE-CARD,11298,8,18032,18042
136321,NSE-DLKV,9948,5,13526,16123
136321,NSE-DLKV,9950,8,13540,16123
136321,NSE-DLKV,9952,8,13503,16123
136321,NSE-DLKV,9952,8,13870,16123
136321,NSE-DLKV,9952,8,13892,16123
136352,NSE-CARD,11306,8,18043,18054
136352,NSE-SIMP,10015,8,16738,16747
136352,NSE-ZABA,10999,8,15804,15815
136410,NSE-DLKV,9954,13,16123,16134
136410,NSE-DLKV,9953,37,16125,16134
136410,NSE-ZITO,9550,50,16409,16420
136410,NSE-DLKV,9953,50,16125,16135
136410,NSE-ZITO,9551,50,16411,16421
136421,NSE-CARD,11306,8,18043,18055
136421,NSE-CARD,11306,7,18043,18056
136421,NSE-ZITO,9551,9,16411,16422
136422,NSE-OIT,9690,8,17385,17388
136422,NSE-SIMP,9983,8,16217,16750
136423,NSE-ZABA,11036,8,14905,15816
136521,NSE-SIMP,9982,5,16750,16759
136521,NSE-SIMP,9980,5,15392,16761
136521,NSE-SIMP,9975,45,15170,16761
136521,NSE-SIMP,9975,5,15170,16763
136563,NSE-ZABA,11024,8,15827,15836
136621,NSE-CARD,11288,4,18067,18077
136717,NSE-SIMP,9996,5,16770,16780
136718,NSE-DLKV,9936,50,16159,16169
136718,NSE-ZABA,11034,50,15838,15848
136721,NSE-OIT,9670,2,17408,17417
136721,NSE-SIMP,9996,6,16770,16781
136740,NSE-DLKV,9923,20,16170,16180
136821,NSE-ZITO,9565,8,16419,16464
136921,NSE-OIT,9677,3,17428,17438
136921,NSE-OIT,9677,8,17428,17439
137121,NSE-OIT,9695,6,17450,17460
137121,NSE-OIT,9697,1,17451,17461
137121,NSE-OIT,9660,8,17287,17463
137161,NSE-ZABA,11020,50,15891,15900
137221,NSE-ZABA,11016,6,15890,15901
137221,NSE-DLKV,9923,3,16213,16225
137304,NSE-ZABA,11027,50,15903,15912
137343,NSE-CARD,11368,8,18151,18161
137344,NSE-OIT,9652,8,17483,17492
137344,NSE-SIMP,10000,8,16843,16852
137344,NSE-ZABA,11015,8,15913,15924
137344,NSE-ZITO,9539,8,16518,16527
137421,NSE-ZITO,9537,6,16517,16529
137427,NSE-DLKV,9879,20,16250,16259
137521,NSE-SIMP,9996,4,16854,16864
137621,NSE-SIMP,9995,6,16865,16875
137621,NSE-OIT,9661,10,17505,17514
137621,NSE-DLKV,9893,4,16262,16271
137667,NSE-DLKV,9878,50,16272,16283
137721,NSE-SIMP,10015,2,16876,16886
137721,NSE-CARD,11358,5,18183,18194
137721,NSE-ZABA,11065,1,14819,15955
137721,NSE-OIT,9645,8,17062,17526
137721,NSE-OIT,9642,8,17017,17526
137721,NSE-OIT,9640,8,17195,17526
137821,NSE-ZABA,11034,3,15956,15966
137855,NSE-DLKV,9886,50,16295,16305
137907,NSE-CARD,11218,20,18206,18215
137907,NSE-CARD,11218,20,18206,18216
137921,NSE-SIMP,10005,3,16898,16907
137921,NSE-OIT,9634,50,16721,17546
137921,NSE-OIT,9634,50,16721,17548
137921,NSE-ZABA,11065,7,14819,15977
137950,NSE-CARD,11243,8,18219,18230
137950,NSE-OIT,9626,8,17548,17555
137950,NSE-ZABA,11072,8,15977,15988
138021,NSE-ZABA,11072,3,15977,15990
138021,NSE-DLKV,9917,8,16306,16317
138022,NSE-SIMP,9999,8,16918,16921
138023,NSE-ZITO,9568,8,16590,16593
138121,NSE-CARD,11225,8,18232,18245
138148,NSE-ZITO,9565,50,16603,16612
138148,NSE-DLKV,9905,16,16328,16338
138219,NSE-DLKV,9905,20,16328,16339
138219,NSE-CARD,11217,20,18246,18256
138219,NSE-CARD,11217,20,18246,18257
138219,NSE-ZABA,11059,20,16001,16013
138221,NSE-SIMP,10007,1,16931,16940
138221,NSE-OIT,9627,9,17567,17577
138221,NSE-ZABA,11059,3,16001,16014
138221,NSE-ZITO,9566,3,16605,16613
138221,NSE-OIT,9618,8,16847,17579
138221,NSE-OIT,9603,8,16942,17579
138221,NSE-SIMP,10030,8,16919,16941
138302,NSE-DLKV,9923,16,16341,16351
138321,NSE-ZITO,9578,6,16614,16625
138321,NSE-ZITO,9578,9,16614,16626
138321,NSE-ZITO,9578,3,16614,16627
138323,NSE-ZITO,9588,8,16528,16628
138329,NSE-OIT,9608,5,17589,17598
138406,NSE-SIMP,10005,10,16951,16962
138406,NSE-SIMP,10005,10,16951,16963
138421,NSE-OIT,9608,2,17589,17599
138422,NSE-ZITO,9597,8,16591,16638
138521,NSE-ZITO,9603,5,16638,16649
138521,NSE-CARD,11211,8,18279,18288
138538,NSE-CARD,11229,8,18290,18299
138538,NSE-DLKV,9948,20,16372,16382
138538,NSE-DLKV,9948,20,16372,16383
138538,NSE-OIT,9644,8,17611,17620
138538,NSE-ZABA,11083,8,16046,16057
138538,NSE-ZITO,9592,8,16650,16661
138621,NSE-ZABA,11083,4,16046,16058
138621,NSE-SIMP,10019,8,16985,16986
138696,NSE-ZITO,9602,50,16663,16672
138721,NSE-ZABA,11115,8,16060,16071
138721,NSE-DLKV,9947,5,16386,16395
138721,NSE-OIT,9633,7,17623,17632
138721,NSE-DLKV,9955,8,13924,16396
138721,NSE-DLKV,9960,8,13812,16396
138721,NSE-DLKV,9962,5,13599,16396
138721,NSE-DLKV,9963,5,13737,16396
138721,NSE-DLKV,9967,8,13458,16396
138721,NSE-DLKV,9970,5,13419,16396
138721,NSE-DLKV,9970,5,13776,16396
138721,NSE-DLKV,9971,5,13648,16396
138721,NSE-DLKV,9978,1,13431,16396
138821,NSE-DLKV,9978,6,13431,16406
138821,NSE-ZITO,9582,8,16674,16683
138821,NSE-DLKV,9978,1,13431,16407
138821,NSE-DLKV,9978,5,13456,16407
138878,NSE-ZABA,11112,20,16082,16093
138921,NSE-DLKV,9986,8,16408,16417
138921,NSE-DLKV,9986,7,16408,16418
139017,NSE-DLKV,9967,20,16419,16429
139017,NSE-DLKV,9967,20,16419,16430
139019,NSE-ZITO,9599,5,16695,16704
139021,NSE-SIMP,10012,6,17017,17028
139021,NSE-CARD,11261,2,18332,18343
139087,NSE-ZABA,11105,50,16105,16115
139221,NSE-ZABA,11085,6,16117,16126
139231,NSE-CARD,11219,8,18366,18375
139231,NSE-OIT,9658,8,17684,17693
139231,NSE-ZITO,9615,8,16726,16737
139265,NSE-CARD,11219,8,18366,18377
139265,NSE-ZITO,9615,8,16726,16739
139321,NSE-DLKV,9989,8,16453,16464
139321,NSE-SIMP,10011,7,17050,17063
139321,NSE-DLKV,9993,5,12309,16465
139321,NSE-SIMP,10011,8,17062,17064
139321,NSE-SIMP,10015,8,17060,17064
139371,NSE-ZITO,9619,5,16740,16750
139421,NSE-SIMP,10024,8,17064,17074
139421,NSE-ZABA,11125,8,16140,16150
139421,NSE-DLKV,9996,8,13407,16475
139421,NSE-DLKV,9998,8,13384,16475
139421,NSE-DLKV,10006,8,13370,16475
139421,NSE-OIT,9654,8,17695,17708
139422,NSE-ZITO,9629,8,15981,16751
139434,NSE-DLKV,10006,20,16475,16485
139521,NSE-OIT,9646,8,17708,17717
139521,NSE-ZABA,11098,4,16151,16161
139594,NSE-ZITO,9616,50,16763,16772
139594,NSE-ZABA,11105,50,16162,16172
139594,NSE-DLKV,9996,20,16486,16496
139594,NSE-ZABA,11103,20,16164,16174
139621,NSE-ZABA,11103,7,16164,16175
139621,NSE-ZITO,9617,3,16765,16773
139621,NSE-DLKV,10011,5,12271,16497
139721,NSE-CARD,11220,5,18409,18419
139721,NSE-OIT,9673,8,17729,17738
139721,NSE-CARD,10965,8,18229,18421
139721,NSE-CARD,10957,8,18150,18421
139721,NSE-CARD,10950,8,18053,18421
139832,NSE-CARD,10902,8,18431,18440
139832,NSE-SIMP,10011,8,17115,17126
139832,NSE-ZITO,9639,8,16794,16805
139846,NSE-DLKV,10002,20,16517,16528
139921,NSE-ZITO,9641,7,16795,16807
139921,NSE-DLKV,10023,8,12311,16530
139921,NSE-OIT,9677,8,17760,17761
139921,NSE-OIT,9683,8,17696,17761
139921,NSE-OIT,9690,8,17556,17761
139996,NSE-DLKV,10025,20,16530,16540
139997,NSE-CARD,10895,8,18443,18452
139997,NSE-OIT,9697,8,17761,17772
139997,NSE-SIMP,9997,8,17128,17137
139997,NSE-ZITO,9636,8,16808,16819
140021,NSE-CARD,10895,5,18443,18454
140021,NSE-OIT,9697,1,17761,17773
140121,NSE-CARD,10885,20,18456,18465
140121,NSE-CARD,10885,8,18456,18466
140121,NSE-CARD,10885,20,18456,18467
140121,NSE-ZABA,11084,4,16220,16230
140121,NSE-SIMP,10014,7,17140,17149
140234,NSE-ZITO,9637,42,16841,16851
140321,NSE-ZITO,9639,9,16842,16852
140321,NSE-DLKV,10035,9,16563,16572
140321,NSE-OIT,9704,8,17621,17804
140348,NSE-ZITO,9647,50,16853,16863
140374,NSE-DLKV,10033,20,16573,16583
140374,NSE-DLKV,10033,20,16573,16584
140421,NSE-ZITO,9646,2,16855,16864
140421,NSE-SIMP,9989,4,17170,17180
140421,NSE-SIMP,10031,8,17138,17181
140521,NSE-ZITO,9622,4,16865,16875
140621,NSE-OIT,9698,9,17824,17834
140621,NSE-OIT,9698,7,17824,17835
140621,NSE-SIMP,10005,2,17192,17201
140621,NSE-OIT,9710,8,17493,17836
140621,NSE-OIT,9719,8,17386,17836
140621,NSE-OIT,9731,8,17694,17836
140698,NSE-ZABA,11086,50,16285,16294
140721,NSE-ZABA,11088,4,16287,16295
140721,NSE-CARD,10838,8,17956,18532
140721,NSE-CARD,10703,8,17690,18532
140726,NSE-CARD,10620,20,18532,18541
140726,NSE-DLKV,10006,20,16615,16625
140726,NSE-DLKV,10006,20,16615,16626
140821,NSE-ZITO,9593,3,16897,16907
140821,NSE-SIMP,10031,6,17212,17222
140821,NSE-CARD,10620,5,18532,18542
140821,NSE-CARD,10608,50,17594,18544
140821,NSE-CARD,10608,50,17594,18546
140821,NSE-CARD,10608,50,17605,18546
140821,NSE-CARD,10608,50,17605,18548
140822,NSE-CARD,10603,8,18548,18553
140837,NSE-OIT,9731,8,17856,17867
140837,NSE-SIMP,10028,8,17223,17234
140837,NSE-ZITO,9616,8,16908,16919
140921,NSE-ZITO,9618,9,16909,16920
140921,NSE-DLKV,9995,9,16627,16638
141008,NSE-ZITO,9618,5,16922,16931
141027,NSE-CARD,10612,14,18567,18576
141064,NSE-CARD,10610,10,18566,18578
141064,NSE-CARD,10612,14,18567,18579
141064,NSE-CARD,10612,6,18567,18580
141121,NSE-CARD,10612,5,18567,18581
141121,NSE-OIT,9722,4,17878,17888
141121,NSE-ZITO,9628,9,16933,16944
141216,NSE-CARD,10630,8,18583,18595
141221,NSE-DLKV,9984,5,16659,16669
141221,NSE-ZITO,9623,4,16945,16955
141221,NSE-CARD,10600,10,18577,18597
141221,NSE-OIT,9748,8,15847,17899
141221,NSE-SIMP,10040,8,16557,17265
141221,NSE-SIMP,10042,8,16654,17265
141227,NSE-OIT,9750,8,17899,17910
141227,NSE-SIMP,10043,8,17265,17276
141227,NSE-ZABA,11093,8,16351,16360
141227,NSE-CARD,10598,10,18597,18607
141227,NSE-CARD,10598,20,18597,18608
141321,NSE-DLKV,9959,6,16670,16682
141321,NSE-SIMP,10043,4,17265,17277
141322,NSE-OIT,9758,8,15353,17911
141322,NSE-SIMP,10060,1,12550,17278
141322,NSE-ZABA,11046,8,16218,16363
141333,NSE-ZABA,11045,42,16363,16372
141333,NSE-ZABA,11047,8,16365,16372
141421,NSE-OIT,9760,7,17911,17921
141421,NSE-ZABA,11047,1,16365,16373
141421,NSE-SIMP,10060,5,17278,17288
141469,NSE-CARD,10608,50,18620,18629
141521,NSE-CARD,10606,4,18619,18630
141521,NSE-ZITO,9611,10,16978,16988
141521,NSE-CARD,10596,50,17582,18632
141521,NSE-CARD,10596,50,17582,18634
141521,NSE-CARD,10595,8,15784,18634
141521,NSE-DLKV,9953,8,16680,16705
141552,NSE-CARD,10592,10,18634,18641
141602,NSE-CARD,10592,8,18634,18642
141602,NSE-DLKV,9936,8,16705,16714
141602,NSE-OIT,9749,8,17932,17943
141602,NSE-SIMP,10030,8,17299,17310
141602,NSE-ZABA,11059,8,16385,16394
141621,NSE-ZITO,9606,5,16989,17000
141621,NSE-OIT,9749,2,17932,17944
141621,NSE-OIT,9763,8,15149,17945
141621,NSE-OIT,9765,8,15116,17945
141621,NSE-OIT,9768,8,15034,17945
141622,NSE-ZITO,9604,8,16999,17002
141667,NSE-OIT,9769,26,17945,17955
141667,NSE-OIT,9768,16,17947,17955
141685,NSE-CARD,10623,8,18645,18654
141685,NSE-DLKV,9937,8,16717,16727
141685,NSE-OIT,9768,8,17947,17957
141685,NSE-ZABA,11098,8,16397,16406
141685,NSE-ZITO,9604,8,17002,17011
141721,NSE-SIMP,10019,7,17312,17324
141721,NSE-CARD,10621,5,18644,18656
141821,NSE-DLKV,9956,4,16729,16739
141821,NSE-CARD,10692,2,18657,18668
141821,NSE-DLKV,9958,1,16730,16740
141821,NSE-SIMP,10027,8,17323,17335
141921,NSE-ZITO,9601,6,17023,17033
141921,NSE-DLKV,9938,6,16742,16752
141921,NSE-OIT,9772,8,14744,17978
141921,NSE-OIT,9772,8,15060,17978
141921,NSE-OIT,9773,8,14827,17978
141921,NSE-OIT,9776,8,15092,17978
141921,NSE-OIT,9777,5,14884,17978
141921,NSE-OIT,9780,8,14896,17978
141921,NSE-OIT,9782,5,15173,17978
141921,NSE-OIT,9782,3,15173,17980
141921,NSE-OIT,9783,8,14580,17980
141924,NSE-OIT,9783,50,17980,17988
142003,NSE-CARD,10669,20,18679,18689
142022,NSE-OIT,9784,8,14602,17989
142022,NSE-OIT,9787,5,15058,17989
142022,NSE-OIT,9793,8,14446,17989
142022,NSE-OIT,9795,8,14616,17989
142022,NSE-OIT,9796,5,15020,17989
142114,NSE-CARD,10675,8,18692,18701
142114,NSE-DLKV,9960,8,16765,16774
142115,NSE-OIT,9801,8,17989,18001
142115,NSE-ZITO,9599,8,17045,17055
142121,NSE-ZABA,11084,1,16439,16450
142221,NSE-CARD,10687,3,18703,18717
142285,NSE-CARD,10677,20,18718,18728
142321,NSE-CARD,10677,2,18718,18729
142386,NSE-CARD,10694,8,18731,18740
142386,NSE-DLKV,9962,8,16798,16807
142386,NSE-OIT,9777,8,18022,18034
142386,NSE-ZITO,9610,8,17079,17088
142391,NSE-CARD,10692,14,18730,18742
142421,NSE-ZITO,9610,7,17079,17090
142421,NSE-ZABA,11092,1,16473,16483
142422,NSE-ZABA,11098,8,16449,16484
142458,NSE-CARD,10668,50,18744,18753
142570,NSE-CARD,10698,8,18756,18765
142570,NSE-DLKV,9968,8,16821,16830
142570,NSE-OIT,9768,8,18045,18056
142570,NSE-SIMP,10010,8,17409,17418
142609,NSE-OIT,9768,42,18045,18057
142621,NSE-ZABA,11131,8,16361,16506
142622,NSE-ZITO,9583,8,16966,17114
142721,NSE-CARD,10692,7,18768,18778
142721,NSE-CARD,10630,50,18667,18780
142721,NSE-CARD,10630,50,18667,18782
142721,NSE-CARD,10598,50,18690,18782
142721,NSE-CARD,10598,50,18690,18784
142721,NSE-CARD,10598,100,18713,18784
142721,NSE-CARD,10592,100,18754,18786
142721,NSE-CARD,10589,8,17734,18786
142721,NSE-CARD,10584,8,17862,18786
142721,NSE-CARD,10576,8,15722,18786
142722,NSE-ZABA,11136,8,16395,16516
142722,NSE-ZABA,11144,8,14060,16516
142722,NSE-ZABA,11144,8,16407,16516
142722,NSE-ZABA,11145,8,14108,16516
142722,NSE-ZABA,11146,8,12598,16516
142722,NSE-ZABA,11148,8,12324,16516
142821,NSE-CARD,10497,3,18779,18789
142821,NSE-DLKV,9981,1,16842,16853
142921,NSE-DLKV,9984,6,16855,16864
142921,NSE-CARD,10495,9,18791,18800
142997,NSE-CARD,10507,42,18802,18812
142997,NSE-ZABA,11148,50,16536,16546
142997,NSE-OIT,9786,50,18089,18099
143021,NSE-SIMP,10019,3,17450,17460
143022,NSE-ZABA,11152,8,12585,16547
143022,NSE-ZABA,11152,8,13104,16547
143121,NSE-OIT,9776,10,18101,18110
143121,NSE-SIMP,10019,1,17462,17471
143124,NSE-CARD,10495,20,18824,18833
143133,NSE-CARD,10495,30,18824,18834
143133,NSE-CARD,10496,20,18826,18834
143133,NSE-ZITO,9596,50,17165,17174
143221,NSE-SIMP,10025,8,17473,17482
143221,NSE-SIMP,10028,8,17366,17483
143256,NSE-CARD,10491,8,18836,18846
143256,NSE-ZITO,9572,50,17176,17185
143321,NSE-DLKV,9955,4,16898,16907
143321,NSE-CARD,10489,1,18835,18847
143385,NSE-CARD,10473,9,18849,18858
143385,NSE-ZABA,11134,50,16580,16590
143421,NSE-OIT,9741,1,18133,18143
143518,NSE-DLKV,9943,20,16921,16930
143521,NSE-CARD,10499,7,18861,18871
143521,NSE-SIMP,10034,7,17503,17514
143522,NSE-ZITO,9559,8,16818,17207
143596,NSE-CARD,10507,8,18873,18882
143608,NSE-DLKV,9970,8,16932,16941
143608,NSE-OIT,9733,8,18154,18165
143608,NSE-ZITO,9558,8,17207,17216
143621,NSE-DLKV,9968,5,16931,16943
143621,NSE-OIT,9733,2,18154,18166
143621,NSE-DLKV,9922,8,16463,16945
143622,NSE-ZITO,9556,8,16736,17219
143622,NSE-ZITO,9550,8,16918,17219
143700,NSE-CARD,10505,20,18884,18896
143721,NSE-SIMP,10042,1,17526,17536
143721,NSE-OIT,9727,2,18168,18178
143721,NSE-SIMP,10044,5,17527,17537
143721,NSE-ZABA,11118,1,16615,16624
143721,NSE-CARD,10420,8,15651,18898
143721,NSE-CARD,10420,8,15676,18898
143721,NSE-CARD,10420,8,15689,18898
143721,NSE-CARD,10417,8,15663,18898
143741,NSE-CARD,10400,8,18898,18907
143741,NSE-DLKV,9929,8,16955,16964
143741,NSE-OIT,9742,8,18180,18189
143741,NSE-ZITO,9576,8,17229,17238
143771,NSE-ZABA,11125,50,16625,16636
143816,NSE-DLKV,9929,20,16955,16966
143821,NSE-ZABA,11123,4,16627,16637
143821,NSE-DLKV,9927,3,16954,16967
143821,NSE-SIMP,10023,3,17538,17549
143921,NSE-CARD,10395,8,18910,18921
143921,NSE-OIT,9717,4,18191,18201
143921,NSE-OIT,9717,7,18191,18202
143922,NSE-ZITO,9537,8,16738,17251
143922,NSE-ZITO,9536,8,16418,17251
143991,NSE-OIT,9711,42,18204,18214
144021,NSE-OIT,9711,2,18204,18215
144021,NSE-OIT,9702,8,18164,18217
144021,NSE-OIT,9693,8,18033,18217
144021,NSE-OIT,9693,8,18055,18217
144067,NSE-CARD,10379,5,18935,18944
144103,NSE-CARD,10379,10,18935,18946
144103,NSE-CARD,10379,8,18935,18947
144127,NSE-CARD,10385,10,18949,18958
144127,NSE-ZITO,9551,42,17272,17281
144221,NSE-CARD,10383,5,18948,18960
144221,NSE-ZITO,9551,1,17272,17283
144221,NSE-DLKV,9920,3,17002,17012
144222,NSE-SIMP,10045,50,17590,17600
144222,NSE-SIMP,10044,100,17592,17600
144235,NSE-DLKV,9937,20,17014,17023
144307,NSE-OIT,9690,8,18238,18247
144321,NSE-ZABA,11113,2,16680,16690
144321,NSE-ZABA,11109,8,16679,16691
144321,NSE-SIMP,10052,8,17419,17601
144371,NSE-DLKV,9936,20,17025,17034
144371,NSE-CARD,10417,18,18972,18982
144383,NSE-CARD,10419,8,18973,18983
144421,NSE-ZABA,11086,6,16693,16702
144521,NSE-CARD,10395,1,18985,18995
144521,NSE-SIMP,10062,8,16853,17621
144521,NSE-SIMP,10064,8,12837,17621
144521,NSE-SIMP,10064,8,16748,17621
144521,NSE-SIMP,10065,8,11387,17621
144521,NSE-SIMP,10067,8,11264,17621
144521,NSE-SIMP,10067,8,16432,17621
144521,NSE-SIMP,10068,2,11020,17621
144553,NSE-CARD,10402,8,18997,19006
144569,NSE-OIT,9664,8,18270,18279
144621,NSE-ZITO,9556,1,17315,17327
144621,NSE-SIMP,10068,2,11020,17632
144621,NSE-CARD,10402,9,18997,19008
144622,NSE-DLKV,9927,8,17056,17059
144622,NSE-DLKV,9916,8,16462,17059
144622,NSE-OIT,9663,8,18000,18282
144623,NSE-ZITO,9547,8,17325,17329
144721,NSE-SIMP,10045,4,17633,17643
144721,NSE-SIMP,10047,1,17634,17644
144721,NSE-CARD,10169,8,15534,19020
144721,NSE-CARD,10154,8,15586,19020
144721,NSE-CARD,10103,8,15505,19020
144721,NSE-DLKV,9909,8,16527,17069
144721,NSE-DLKV,9891,8,16637,17069
144721,NSE-DLKV,9885,8,16384,17069
144721,NSE-OIT,9658,8,17956,18292
144721,NSE-OIT,9657,8,17942,18292
144721,NSE-OIT,9649,8,17771,18292
144721,NSE-OIT,9648,8,17759,18292
144722,NSE-ZABA,11114,8,16724,16736
144821,NSE-CARD,10100,1,19019,19029
144821,NSE-SIMP,10054,6,17645,17655
144821,NSE-ZITO,9537,7,17339,17348
144822,NSE-SIMP,10068,4,11020,17656
144822,NSE-SIMP,10068,8,12784,17656
144822,NSE-SIMP,10069,5,10809,17656
144822,NSE-SIMP,10069,8,11173,17656
144822,NSE-SIMP,10069,8,11523,17656
144822,NSE-SIMP,10071,8,11477,17656
144901,NSE-SIMP,10073,9,17656,17666
144901,NSE-SIMP,10072,41,17658,17666
144921,NSE-ZABA,11111,2,16748,16757
144921,NSE-SIMP,10072,7,17658,17667
145019,NSE-DLKV,9905,20,17089,17098
145019,NSE-DLKV,9905,20,17089,17099
145021,NSE-ZITO,9536,1,17360,17369
145021,NSE-CARD,10090,4,19040,19050
145121,NSE-ZABA,11090,7,16769,16779
145121,NSE-OIT,9671,7,18322,18332
145122,NSE-ZITO,9576,8,17326,17380
145183,NSE-CARD,10083,8,19063,19072
145183,NSE-DLKV,9882,8,17111,17120
145183,NSE-OIT,9652,8,18334,18343
145183,NSE-ZABA,11099,8,16781,16790
145183,NSE-ZITO,9582,8,17380,17391
145184,NSE-CARD,10083,20,19063,19074
145184,NSE-CARD,10083,20,19063,19075
145184,NSE-ZABA,11095,20,16780,16793
145184,NSE-DLKV,9882,20,17111,17122
145221,NSE-OIT,9650,4,18333,18345
145221,NSE-CARD,10081,1,19062,19077
145221,NSE-OIT,9652,5,18334,18346
145221,NSE-OIT,9650,2,18333,18347
145223,NSE-ZABA,11085,8,16482,16796
145223,NSE-ZABA,11080,8,16613,16796
145321,NSE-ZABA,11076,2,16796,16805
145321,NSE-ZITO,9544,7,17393,17402
145321,NSE-ZITO,9544,5,17393,17403
145339,NSE-CARD,10094,8,19089,19098
145403,NSE-ZABA,11114,30,16806,16818
145421,NSE-DLKV,9875,9,17134,17144
145421,NSE-DLKV,9873,6,17133,17145
145421,NSE-OIT,9637,8,17909,18370
145421,NSE-OIT,9613,8,17866,18370
145503,NSE-CARD,10102,20,19100,19111
145503,NSE-DLKV,9873,20,17147,17157
145521,NSE-OIT,9608,6,18370,18380
145521,NSE-OIT,9606,2,18369,18381
145521,NSE-DLKV,9873,4,17147,17158
145521,NSE-DLKV,9863,8,16541,17160
145522,NSE-ZITO,9534,8,17390,17427
145522,NSE-ZITO,9533,8,16804,17427
145522,NSE-ZITO,9529,8,16660,17427
145621,NSE-ZITO,9523,5,17427,17436
145621,NSE-CARD,10100,1,19113,19122
145621,NSE-SIMP,10027,8,17699,17741
145644,NSE-DLKV,9870,20,17170,17179
145644,NSE-DLKV,9870,20,17170,17180
145721,NSE-CARD,10116,4,19123,19136
145721,NSE-DLKV,9868,9,17169,17181
145721,NSE-OIT,9610,2,18392,18402
145721,NSE-ZITO,9538,1,17437,17447
145821,NSE-OIT,9585,1,18404,18413
145821,NSE-ZITO,9528,9,17449,17458
145864,NSE-CARD,10264,20,19147,19157
145902,NSE-ZABA,11104,8,16865,16875
145902,NSE-ZITO,9509,8,17460,17469
145921,NSE-SIMP,10025,3,17760,17771
146021,NSE-DLKV,9896,5,17203,17215
146021,NSE-DLKV,9898,1,17204,17216
146021,NSE-ZITO,9532,9,17471,17482
146021,NSE-OIT,9586,4,18425,18436
146021,NSE-SIMP,10040,6,17772,17782
146021,NSE-DLKV,9896,7,17203,17217
146021,NSE-OIT,9588,9,18426,18437
146025,NSE-CARD,10254,20,19170,19181
146025,NSE-CARD,10254,20,19170,19182
146025,NSE-CARD,10254,10,19170,19183
146025,NSE-CARD,10253,10,19172,19183
146109,NSE-ZABA,11108,42,16886,16897
146121,NSE-CARD,10253,1,19172,19184
146149,NSE-OIT,9586,5,18449,18458
146200,NSE-ZABA,11103,16,16898,16908
146200,NSE-CARD,10250,20,19185,19196
146221,NSE-OIT,9584,4,18448,18459
146221,NSE-SIMP,10019,8,17631,17804
146242,NSE-CARD,10261,8,19197,19207
146321,NSE-OIT,9576,9,18460,18471
146321,NSE-ZABA,11116,6,16910,16919
146349,NSE-CARD,10242,8,19208,19218
146349,NSE-DLKV,9894,8,17251,17262
146349,NSE-OIT,9569,8,18473,18482
146421,NSE-ZITO,9506,4,17515,17525
146421,NSE-DLKV,9896,9,17252,17263
146470,NSE-OIT,9544,50,18485,18494
146521,NSE-DLKV,9881,8,17249,17275
146578,NSE-CARD,10247,8,19229,19239
146578,NSE-DLKV,9877,8,17274,17285
146621,NSE-SIMP,10033,7,17834,17845
146621,NSE-ZITO,9515,6,17537,17546
146621,NSE-OIT,9561,8,18505,18508
146721,NSE-SIMP,10039,5,17847,17856
146721,NSE-SIMP,10039,2,17847,17857
146721,NSE-CARD,10241,1,19240,19250
146721,NSE-SIMP,10037,6,17846,17858
146721,NSE-ZABA,11107,1,16952,16961
146721,NSE-CARD,10399,8,19110,19251
146721,NSE-CARD,10414,8,19099,19251
146721,NSE-CARD,10416,8,19169,19251
146721,NSE-CARD,10433,8,19158,19251
146721,NSE-OIT,9590,8,18506,18517
146755,NSE-ZITO,9519,50,17558,17568
146821,NSE-DLKV,9905,8,17296,17307
146821,NSE-ZITO,9517,2,17557,17569
146821,NSE-DLKV,9910,8,17250,17308
146866,NSE-CARD,10486,8,19263,19274
146866,NSE-ZITO,9523,8,17571,17580
146921,NSE-ZITO,9521,1,17570,17582
146967,NSE-ZABA,11115,50,16985,16995
146967,NSE-ZABA,11113,50,16987,16996
147015,NSE-SIMP,10025,20,17881,17891
147015,NSE-DLKV,9917,20,17319,17329
147021,NSE-OIT,9620,1,18541,18550
147021,NSE-OIT,9625,8,18539,18551
147026,NSE-CARD,10462,8,19287,19297
147027,NSE-OIT,9637,8,18551,18562
147121,NSE-ZABA,11106,4,16998,17008
147121,NSE-DLKV,9932,1,17332,17342
147122,NSE-ZITO,9512,8,17603,17605
147180,NSE-CARD,10440,8,19298,19308
147221,NSE-ZABA,11118,2,17009,17019
147221,NSE-SIMP,10016,8,17525,17914
147221,NSE-SIMP,10012,8,17548,17914
147221,NSE-SIMP,10009,8,17880,17914
147221,NSE-SIMP,10005,8,17902,17914
147310,NSE-ZITO,9500,50,17616,17625
147310,NSE-OIT,9598,50,18575,18584
147321,NSE-ZABA,11082,8,17020,17030
147321,NSE-ZABA,11082,1,17020,17031
147358,NSE-CARD,10479,8,19319,19329
147421,NSE-CARD,10481,7,19320,19330
147421,NSE-OIT,9620,8,18586,18595
147421,NSE-DLKV,9933,8,17156,17376
147421,NSE-DLKV,9934,8,17121,17376
147521,NSE-ZITO,9516,5,17637,17646
147521,NSE-SIMP,10012,2,17934,17945
147521,NSE-DLKV,9935,1,17376,17387
147621,NSE-ZITO,9501,1,17647,17657
147651,NSE-CARD,10502,8,19351,19363
147721,NSE-OIT,9621,2,18616,18627
147721,NSE-SIMP,10024,3,17957,17967
147721,NSE-CARD,10513,8,18984,19364
147721,NSE-CARD,10513,8,19007,19364
147721,NSE-CARD,10515,8,18959,19364
147721,NSE-CARD,10521,8,19073,19364
147721,NSE-CARD,10644,8,18883,19364
147721,NSE-CARD,10690,8,18908,19364
147721,NSE-CARD,10713,2,18932,19364
147721,NSE-CARD,10713,6,18932,19366
147803,NSE-ZABA,11091,50,17073,17083
147821,NSE-OIT,9605,7,18629,18638
147821,NSE-CARD,10752,1,19366,19374
147821,NSE-ZITO,9468,4,17669,17678
147821,NSE-OIT,9603,4,18628,18639
147822,NSE-SIMP,10057,8,17966,17978
147891,NSE-CARD,10733,8,19375,19386
147891,NSE-OIT,9604,8,18641,18650
147891,NSE-SIMP,10059,8,17978,17989
147921,NSE-OIT,9602,7,18640,18652
147921,NSE-ZITO,9499,7,17679,17690
147921,NSE-CARD,10735,2,19376,19387
147921,NSE-DLKV,9942,8,17143,17431
147921,NSE-SIMP,10060,8,17933,17990
147921,NSE-SIMP,10063,8,17813,17990
147922,NSE-ZABA,11126,8,16829,17096
147922,NSE-ZABA,11132,8,16791,17096
147993,NSE-CARD,10749,8,19388,19399
147993,NSE-SIMP,10069,8,17990,18001
148021,NSE-ZABA,11134,8,17096,17107
148021,NSE-DLKV,9943,1,17431,17443
148021,NSE-ZABA,11138,8,17097,17108
148021,NSE-OIT,9633,8,18651,18665
148092,NSE-CARD,10738,8,19400,19411
148121,NSE-ZABA,11100,1,17109,17120
148121,NSE-DLKV,9949,8,17202,17455
148121,NSE-DLKV,9953,8,17214,17455
148121,NSE-OIT,9650,8,18573,18676
148121,NSE-OIT,9655,8,18483,18676
148221,NSE-SIMP,10041,8,18013,18023
148221,NSE-ZITO,9502,9,17713,17723
148221,NSE-ZABA,11111,1,17122,17132
148221,NSE-ZABA,11111,3,17122,17133
148221,NSE-OIT,9659,1,18676,18686
148222,NSE-ZABA,11099,8,17095,17135
148222,NSE-ZITO,9492,8,17689,17725
148222,NSE-ZITO,9492,8,17701,17725
148240,NSE-CARD,10762,8,19423,19434
148240,NSE-ZABA,11089,8,17135,17144
148240,NSE-ZITO,9479,8,17725,17734
148304,NSE-CARD,10762,42,19423,19435
148321,NSE-ZABA,11089,6,17135,17146
148321,NSE-DLKV,9949,9,17465,17476
148321,NSE-SIMP,10064,4,18025,18035
148321,NSE-DLKV,9949,6,17465,17477
148321,NSE-ZABA,11085,7,17134,17147
148322,NSE-ZITO,9473,8,17712,17737
148404,NSE-CARD,10766,8,19436,19447
148419,NSE-CARD,10766,42,19436,19448
148419,NSE-CARD,10765,8,19438,19448
148419,NSE-OIT,9647,18,18700,18710
148422,NSE-SIMP,10072,8,17770,18046
148422,NSE-SIMP,10075,8,10985,18046
148422,NSE-SIMP,10076,8,11208,18046
148422,NSE-SIMP,10077,8,10842,18046
148422,NSE-SIMP,10077,5,11642,18046
148422,NSE-SIMP,10077,5,11643,18046
148521,NSE-ZABA,11118,8,17158,17169
148532,NSE-DLKV,9958,20,17499,17509
148597,NSE-ZITO,9479,26,17758,17767
148621,NSE-CARD,10761,1,19460,19470
148721,NSE-ZITO,9473,8,17768,17778
148721,NSE-CARD,10883,8,18741,19481
148721,NSE-CARD,10900,8,18702,19481
148721,NSE-CARD,10901,8,18766,19481
148721,NSE-CARD,10917,8,18655,19481
148721,NSE-OIT,9626,8,18709,18742
148776,NSE-OIT,9618,18,18742,18751
148776,NSE-CARD,10920,18,19481,19491
148776,NSE-CARD,10919,24,19483,19491
148776,NSE-ZITO,9475,50,17780,17789
148821,NSE-OIT,9618,2,18742,18752
148916,NSE-DLKV,9964,20,17531,17541
148921,NSE-ZITO,9483,1,17791,17800
148921,NSE-OIT,9607,8,18675,18764
148921,NSE-OIT,9604,8,18664,18764
148921,NSE-SIMP,10081,5,10837,18097
148921,NSE-SIMP,10081,8,11408,18097
148921,NSE-SIMP,10082,8,11108,18097
148921,NSE-SIMP,10082,8,11150,18097
148972,NSE-CARD,10926,50,19502,19512
149021,NSE-DLKV,9942,9,17543,17552
149121,NSE-ZABA,11077,8,17119,17233
149121,NSE-ZABA,11075,8,17106,17233
149121,NSE-ZABA,11074,8,16984,17233
149121,NSE-ZABA,11070,8,17231,17233
149121,NSE-ZABA,11065,8,16448,17233
149121,NSE-ZABA,11065,8,16635,17233
149122,NSE-ZITO,9492,8,17822,17823
149124,NSE-ZABA,11051,2,17233,17242
149124,NSE-ZABA,11053,48,17235,17242
149124,NSE-CARD,10930,50,19526,19536
149221,NSE-CARD,10932,1,19527,19537
149221,NSE-OIT,9631,4,18787,18797
149221,NSE-DLKV,9935,8,17563,17575
149221,NSE-SIMP,10085,5,10772,18128
149221,NSE-SIMP,10085,5,11374,18128
149221,NSE-SIMP,10085,5,11465,18128
149221,NSE-SIMP,10086,1,10603,18128
149221,NSE-SIMP,10087,5,9317,18128
149221,NSE-SIMP,10087,5,9941,18128
149221,NSE-SIMP,10087,5,10913,18128
149221,NSE-SIMP,10088,8,10605,18128
149221,NSE-SIMP,10090,1,6298,18128
149221,NSE-SIMP,10090,10,6299,18128
149221,NSE-SIMP,10090,90,6299,18130
149221,NSE-SIMP,10090,8,6455,18130
149221,NSE-SIMP,10090,2,9323,18130
149221,NSE-SIMP,10090,3,9323,18132
149221,NSE-SIMP,10090,5,11349,18132
149221,NSE-SIMP,10091,8,7474,18132
149221,NSE-SIMP,10091,5,10839,18132
149321,NSE-ZITO,9470,6,17835,17845
149353,NSE-CARD,10945,12,19548,19559
149353,NSE-ZITO,9485,50,17847,17856
149421,NSE-ZITO,9483,2,17846,17857
149421,NSE-CARD,10945,2,19548,19560
149421,NSE-SIMP,10092,5,9062,18148
149421,NSE-SIMP,10092,5,10692,18148
149421,NSE-SIMP,10092,5,11350,18148
149421,NSE-SIMP,10093,5,10881,18148
149441,NSE-ZITO,9473,8,17858,17869
149521,NSE-ZITO,9475,5,17859,17870
149521,NSE-ZABA,11113,6,17265,17276
149521,NSE-SIMP,10093,8,18148,18159
149522,NSE-ZITO,9514,8,17735,17871
149522,NSE-ZITO,9514,8,17746,17871
149612,NSE-OIT,9634,8,18830,18841
149612,NSE-ZABA,11105,8,17277,17291
149621,NSE-SIMP,10091,2,18161,18171
149621,NSE-DLKV,9973,8,16965,17620
149621,NSE-DLKV,9978,8,17607,17620
149621,NSE-DLKV,9981,8,16988,17620
149621,NSE-DLKV,9996,8,17011,17620
149621,NSE-DLKV,9999,8,16942,17620
149621,NSE-SIMP,10094,5,9150,18172
149621,NSE-SIMP,10094,5,10186,18172
149621,NSE-SIMP,10094,5,10694,18172
149621,NSE-SIMP,10094,5,11409,18172
149621,NSE-SIMP,10095,8,10351,18172
149621,NSE-SIMP,10096,5,9939,18172
149621,NSE-SIMP,10096,5,10639,18172
149621,NSE-SIMP,10096,5,10690,18172
149621,NSE-SIMP,10097,5,10914,18172
149621,NSE-SIMP,10098,2,10213,18172
149621,NSE-SIMP,10098,3,10213,18174
149621,NSE-SIMP,10099,5,10771,18174
149621,NSE-SIMP,10099,5,10835,18174
149621,NSE-SIMP,10099,5,10880,18174
149685,NSE-ZABA,11118,50,17292,17302
149721,NSE-ZITO,9494,6,17884,17894
149721,NSE-OIT,9631,8,18828,18852
149721,NSE-ZABA,11116,1,17294,17305
149721,NSE-CARD,10926,8,19582,19594
149721,NSE-CARD,10750,8,19571,19594
149721,NSE-CARD,10746,8,19523,19594
149722,NSE-SIMP,10101,8,10641,18182
149722,NSE-SIMP,10101,5,10877,18182
149722,NSE-SIMP,10102,5,9058,18182
149722,NSE-SIMP,10103,8,6301,18182
149722,NSE-SIMP,10103,5,10854,18182
149722,NSE-SIMP,10104,5,11332,18182
149722,NSE-SIMP,10105,5,10637,18182
149722,NSE-SIMP,10106,5,10878,18182
149722,NSE-SIMP,10107,4,10509,18182
149722,NSE-SIMP,10107,1,10509,18184
149722,NSE-SIMP,10109,8,6337,18184
149722,NSE-SIMP,10109,5,9060,18184
149722,NSE-SIMP,10110,5,10879,18184
149722,NSE-SIMP,10110,5,11279,18184
149722,NSE-SIMP,10112,5,11263,18184
149722,NSE-SIMP,10113,5,11262,18184
149722,NSE-ZABA,11130,8,17275,17306
149723,NSE-ZITO,9522,8,17614,17895
149821,NSE-DLKV,9989,9,17631,17640
149822,NSE-CARD,10717,8,19433,19604
149822,NSE-DLKV,10010,8,16831,17641
149822,NSE-DLKV,10019,8,16728,17641
149822,NSE-OIT,9628,50,18796,18864
149822,NSE-OIT,9628,50,18796,18866
149822,NSE-OIT,9619,8,18784,18866
149822,NSE-OIT,9605,8,18840,18866
149822,NSE-ZABA,11097,8,17274,17317
149918,NSE-DLKV,10022,20,17641,17651
149918,NSE-DLKV,10022,14,17641,17652
149918,NSE-DLKV,10020,6,17643,17652
149921,NSE-SIMP,10082,8,18193,18202
149921,NSE-ZITO,9507,1,17906,17915
149986,NSE-CARD,10720,8,19614,19623
149986,NSE-OIT,9613,8,18874,18883
149986,NSE-SIMP,10074,8,18204,18213
149986,NSE-ZABA,11085,8,17328,17337
150012,NSE-ZITO,9492,5,17917,17927
150012,NSE-ZITO,9492,5,17917,17929
150022,NSE-SIMP,10106,8,18214,18217
150024,NSE-ZITO,9517,5,17932,17941
150121,NSE-CARD,10709,1,19628,19638
150121,NSE-ZABA,11089,6,17341,17354
150162,NSE-CARD,10726,8,19640,19651
150221,NSE-ZABA,11111,1,17355,17367
150221,NSE-ZABA,11094,8,17365,17369
150321,NSE-SIMP,10087,8,18241,18250
150321,NSE-SIMP,10087,1,18241,18251
150321,NSE-OIT,9620,8,18905,18918
150421,NSE-OIT,9602,1,18918,18927
150421,NSE-DLKV,9994,6,17698,17708
150521,NSE-ZABA,11089,8,17390,17399
150521,NSE-OIT,9615,3,18929,18938
150621,NSE-DLKV,9992,5,17720,17730
150621,NSE-CARD,10699,7,19684,19693
150621,NSE-ZITO,9527,1,17988,17998
150621,NSE-DLKV,9994,5,17721,17731
150721,NSE-ZABA,11110,2,17410,17420
150721,NSE-SIMP,10078,8,18239,18293
150724,NSE-ZITO,9526,50,18010,18019
150821,NSE-CARD,10682,7,19705,19714
150821,NSE-SIMP,10077,2,18293,18302
150821,NSE-CARD,10682,4,19705,19715
150821,NSE-OIT,9648,8,18785,18969
150821,NSE-OIT,9649,8,18906,18969
150835,NSE-CARD,10696,10,19717,19726
150835,NSE-CARD,10696,8,19717,19728
150835,NSE-OIT,9649,8,18969,18980
150835,NSE-SIMP,10091,8,18304,18313
150835,NSE-ZABA,11101,8,17433,17442
150902,NSE-ZITO,9536,50,18021,18031
150963,NSE-CARD,10684,8,19732,19741
150963,NSE-OIT,9635,8,18981,18991
151021,NSE-DLKV,10002,7,17766,17775
151021,NSE-ZITO,9536,6,18033,18042
151021,NSE-OIT,9618,8,18979,18993
151025,NSE-DLKV,10009,20,17776,17787
151121,NSE-ZITO,9525,1,18044,18053
151121,NSE-CARD,10734,8,19729,19753
151121,NSE-CARD,10735,8,19742,19753
151121,NSE-DLKV,10027,8,16775,17788
151121,NSE-DLKV,10028,8,16715,17788
151121,NSE-ZITO,9512,8,18030,18055
151204,NSE-DLKV,10034,20,17788,17798
151221,NSE-DLKV,10034,2,17788,17799
151221,NSE-ZABA,11087,2,17468,17477
151221,NSE-SIMP,10061,8,18170,18348
151232,NSE-ZITO,9508,50,18065,18074
151321,NSE-SIMP,10060,3,18348,18357
151321,NSE-OIT,9640,1,19013,19022
151353,NSE-CARD,10697,8,19774,19783
151353,NSE-OIT,9633,8,19023,19034
151353,NSE-SIMP,10069,8,18359,18368
151379,NSE-ZITO,9505,5,18076,18086
151421,NSE-CARD,10695,8,19773,19785
151421,NSE-CARD,10695,4,19773,19786
151421,NSE-SIMP,10057,8,18325,18372
151421,NSE-SIMP,10049,8,18158,18372
151421,NSE-SIMP,10047,8,18117,18372
151521,NSE-ZITO,9525,8,18088,18099
151521,NSE-ZABA,11083,6,17501,17513
151521,NSE-OIT,9630,6,19036,19046
151521,NSE-OIT,9635,8,19045,19047
151521,NSE-OIT,9650,8,18884,19047
151521,NSE-OIT,9660,8,18829,19047
151621,NSE-DLKV,9993,1,17834,17843
151621,NSE-ZITO,9525,6,18101,18110
151621,NSE-SIMP,10044,8,18034,18393
151721,NSE-ZITO,9521,8,18112,18121
151721,NSE-CARD,10714,8,19797,19818
151721,NSE-DLKV,9981,8,17820,17855
151723,NSE-ZABA,11088,50,17535,17545
151821,NSE-CARD,10748,4,19818,19829
151821,NSE-DLKV,9976,6,17855,17864
151821,NSE-ZITO,9528,9,18123,18132
151821,NSE-CARD,10763,8,19784,19830
151821,NSE-DLKV,9973,8,17764,17866
151821,NSE-ZABA,11092,8,17499,17546
151859,NSE-DLKV,9964,20,17866,17875
151875,NSE-ZABA,11095,42,17546,17556
151875,NSE-ZABA,11093,8,17548,17556
151915,NSE-CARD,10774,8,19830,19841
151915,NSE-DLKV,9964,8,17866,17876
151915,NSE-SIMP,10034,8,18413,18422
151915,NSE-ZITO,9502,8,18134,18143
151921,NSE-ZITO,9500,4,18133,18145
151921,NSE-CARD,10776,5,19831,19842
151921,NSE-ZITO,9502,2,18134,18146
151921,NSE-CARD,10776,4,19831,19843
152021,NSE-CARD,10756,7,19845,19854
152044,NSE-ZITO,9507,50,18158,18167
152079,NSE-DLKV,9972,20,17889,17898
152121,NSE-ZABA,11090,1,17570,17579
152121,NSE-ZABA,11090,6,17570,17580
152221,NSE-OIT,9609,3,19108,19118
152221,NSE-OIT,9603,8,19087,19120
152221,NSE-OIT,9599,42,18773,19120
152321,NSE-ZITO,9526,1,18179,18188
152321,NSE-OIT,9599,50,18773,19130
152321,NSE-ZABA,11088,8,17557,17603
152377,NSE-OIT,9600,5,19132,19140
152414,NSE-ZITO,9516,50,18190,18199
152421,NSE-ZITO,9517,2,18192,18201
152421,NSE-DLKV,9949,8,17606,17933
152521,NSE-ZABA,11072,1,17614,17625
152521,NSE-ZABA,11076,3,17615,17626
152521,NSE-OIT,9608,6,19142,19151
152521,NSE-ZABA,11072,8,17614,17627
152521,NSE-OIT,9599,8,18773,19153
152621,NSE-SIMP,10021,4,18486,18496
152621,NSE-ZABA,11081,1,17629,17639
152621,NSE-OIT,9596,8,18538,19163
152692,NSE-ZABA,11073,8,17640,17651
152692,NSE-ZABA,11073,8,17640,17652
152714,NSE-ZITO,9510,50,18223,18232
152714,NSE-ZABA,11073,34,17640,17653
152715,NSE-ZITO,9511,5,18225,18233
152721,NSE-SIMP,10030,9,18498,18510
152721,NSE-OIT,9588,8,18697,19172
152721,NSE-CARD,10765,8,19896,19932
152721,NSE-CARD,10791,8,19908,19932
152721,NSE-OIT,9586,8,19033,19174
152721,NSE-OIT,9581,8,18626,19174
152721,NSE-SIMP,10010,8,17988,18512
152721,NSE-SIMP,10007,8,18012,18512
152822,NSE-ZABA,11062,8,17290,17668
152822,NSE-ZABA,11059,8,17498,17668
152870,NSE-ZITO,9515,5,18246,18255
152910,NSE-ZITO,9515,5,18246,18257
152910,NSE-ZITO,9515,5,18246,18259
152921,NSE-CARD,10891,1,19943,19956
152921,NSE-CARD,10891,6,19943,19957
152921,NSE-OIT,9573,7,19184,19194
152921,NSE-ZITO,9515,6,18246,18261
152921,NSE-ZABA,11044,2,16316,17682
152921,NSE-DLKV,9956,8,17986,17989
152921,NSE-OIT,9613,8,19193,19195
152921,NSE-ZABA,11044,6,16316,17684
153021,NSE-SIMP,10028,1,18535,18546
153021,NSE-OIT,9623,6,19196,19205
153022,NSE-OIT,9625,8,19139,19206
153022,NSE-ZABA,11017,8,16137,17694
153022,NSE-ZABA,11015,8,16139,17694
153050,NSE-DLKV,9948,8,17999,18008
153050,NSE-OIT,9625,8,19206,19216
153121,NSE-DLKV,9946,8,17998,18010
153121,NSE-ZITO,9518,10,18273,18282
153125,NSE-OIT,9617,8,19217,19227
153221,NSE-ZITO,9489,1,18283,18293
153221,NSE-DLKV,9952,3,18011,18022
153221,NSE-DLKV,9954,6,18012,18023
153221,NSE-DLKV,9944,8,17685,18025
153221,NSE-DLKV,9937,8,17619,18025
153221,NSE-SIMP,10035,8,18531,18571
153282,NSE-DLKV,9924,20,18025,18034
153282,NSE-DLKV,9924,14,18025,18035
153282,NSE-DLKV,9925,6,18027,18035
153282,NSE-ZABA,11040,20,17715,17726
153321,NSE-CARD,10899,7,19991,20001
153321,NSE-DLKV,9922,3,18024,18036
153321,NSE-CARD,10901,4,19992,20002
153421,NSE-DLKV,9922,5,18037,18047
153421,NSE-ZITO,9510,6,18305,18314
153521,NSE-OIT,9622,9,19248,19259
153521,NSE-DLKV,9919,8,17663,18059
153521,NSE-DLKV,9918,8,17454,18059
153521,NSE-DLKV,9913,8,17442,18059
153521,NSE-DLKV,9909,8,17488,18059
153599,NSE-DLKV,9909,18,18059,18068
153599,NSE-DLKV,9910,2,18061,18068
153621,NSE-DLKV,9907,4,18058,18069
153621,NSE-CARD,10897,1,20024,20033
153621,NSE-DLKV,9903,8,17430,18071
153621,NSE-DLKV,9900,8,17475,18071
153621,NSE-SIMP,10037,8,18558,18611
153621,NSE-SIMP,10044,8,18570,18611
153621,NSE-SIMP,10048,8,18485,18611
153721,NSE-DLKV,9896,9,18070,18080
153721,NSE-ZABA,11053,5,17758,17767
153730,NSE-DLKV,9904,20,18082,18091
153730,NSE-ZABA,11043,16,17768,17779
153769,NSE-CARD,10830,8,20045,20054
153769,NSE-DLKV,9904,8,18082,18092
153769,NSE-OIT,9615,8,19280,19291
153769,NSE-SIMP,10051,8,18621,18632
153769,NSE-ZABA,11047,8,17769,17780
153821,NSE-DLKV,9891,8,17408,18095
153821,NSE-DLKV,9881,8,17341,18095
153821,NSE-ZITO,9493,8,18355,18357
153821,NSE-ZITO,9476,8,17882,18357
153921,NSE-SIMP,10050,5,18633,18643
153921,NSE-DLKV,9876,8,17375,18105
153921,NSE-DLKV,9871,8,17353,18105
154021,NSE-ZABA,11027,6,17794,17803
154021,NSE-ZITO,9479,10,18367,18376
154021,NSE-OIT,9631,1,19302,19312
154021,NSE-SIMP,10073,8,18474,18654
154045,NSE-DLKV,9894,20,18115,18124
154062,NSE-CARD,10851,8,20077,20086
154121,NSE-DLKV,9892,7,18114,18126
154121,NSE-DLKV,9892,3,18114,18127
154121,NSE-ZABA,11039,8,17805,17815
154190,NSE-DLKV,9903,20,18129,18138
154190,NSE-CARD,10845,20,20089,20099
154221,NSE-ZITO,9471,5,18389,18398
154321,NSE-SIMP,10084,3,18674,18684
154321,NSE-OIT,9647,2,19333,19343
154321,NSE-ZABA,11011,8,16207,17837
154332,NSE-SIMP,10084,50,18685,18695
154421,NSE-ZABA,10999,4,17837,17847
154421,NSE-DLKV,9899,7,18150,18160
154421,NSE-SIMP,10083,3,18687,18696
154421,NSE-CARD,10863,5,20110,20120
154422,NSE-ZITO,9463,8,17821,18421
154422,NSE-ZITO,9459,8,17954,18421
154422,NSE-ZITO,9456,8,17926,18421
154521,NSE-CARD,10862,7,20121,20132
154521,NSE-CARD,10864,2,20122,20133
154621,NSE-SIMP,10072,3,18707,18717
154621,NSE-ZABA,11014,1,17859,17868
154714,NSE-SIMP,10049,50,18719,18728
154721,NSE-CARD,10734,8,19979,20155
154721,NSE-CARD,10732,8,19895,20155
154721,NSE-CARD,10729,8,19952,20155
154721,NSE-CARD,10664,8,19840,20155
154721,NSE-ZABA,10992,8,15987,17880
154721,NSE-ZABA,10981,8,16056,17880
154721,NSE-ZABA,10965,8,15923,17880
154821,NSE-SIMP,10059,1,18729,18739
154821,NSE-SIMP,10059,5,18729,18740
154873,NSE-CARD,10609,10,20166,20176
154873,NSE-ZABA,11004,10,17891,17900
154921,NSE-SIMP,10047,3,18741,18754
154921,NSE-ZABA,11004,3,17891,17902
154921,NSE-ZITO,9482,3,18463,18472
154921,NSE-DLKV,9862,1,18202,18212
154921,NSE-DLKV,9911,8,18201,18213
155039,NSE-CARD,10593,8,20189,20199
155039,NSE-DLKV,9928,8,18223,18233
155084,NSE-CARD,10593,18,20189,20201
155121,NSE-OIT,9644,8,19424,19426
155121,NSE-ZABA,11013,8,17923,17925
155136,NSE-CARD,10603,8,20204,20213
155136,NSE-DLKV,9912,8,18234,18244
155221,NSE-CARD,10601,7,20203,20215
155221,NSE-DLKV,9914,7,18235,18245
155246,NSE-CARD,10608,10,20217,20228
155321,NSE-ZABA,11018,1,17937,17948
155321,NSE-CARD,10620,8,20233,20234
155322,NSE-ZITO,9488,8,18493,18515
155322,NSE-ZITO,9499,8,18387,18515
155324,NSE-CARD,10620,10,20234,20244
155324,NSE-DLKV,9904,50,18258,18267
155421,NSE-CARD,10622,1,20235,20245
155421,NSE-ZITO,9502,7,18515,18525
155421,NSE-SIMP,10022,2,18799,18811
155421,NSE-OIT,9651,8,19436,19457
155422,NSE-ZITO,9512,8,18504,18526
155422,NSE-ZITO,9513,8,18461,18526
155422,NSE-ZITO,9514,8,18419,18526
155521,NSE-OIT,9656,3,19457,19467
155521,NSE-OIT,9658,8,19458,19468
155521,NSE-ZITO,9523,3,18526,18536
155618,NSE-ZABA,10998,8,17972,17982
155621,NSE-DLKV,9906,9,18278,18290
155635,NSE-CARD,10610,20,20274,20284
155721,NSE-CARD,10622,8,20273,20285
155733,NSE-ZABA,10974,10,17995,18004
155765,NSE-OIT,9637,10,19492,19501
155779,NSE-ZITO,9487,10,18560,18569
155779,NSE-SIMP,10045,10,18844,18854
155779,NSE-CARD,10701,8,20285,20299
155779,NSE-DLKV,9900,8,18302,18311
155779,NSE-OIT,9637,8,19492,19502
155821,NSE-ZABA,10974,8,17995,18005
155821,NSE-DLKV,9882,8,18288,18314
155822,NSE-ZABA,10958,8,15619,18007
155822,NSE-ZABA,10951,8,15814,18007
155822,NSE-ZABA,10940,5,17681,18007
155822,NSE-ZABA,10935,5,16104,18007
155822,NSE-ZABA,10934,8,15453,18007
155822,NSE-ZABA,10927,5,17340,18007
155822,NSE-ZABA,10926,5,16601,18007
155822,NSE-ZABA,10926,5,17500,18007
155921,NSE-CARD,10725,7,20301,20311
155921,NSE-ZITO,9488,8,18571,18580
155921,NSE-DLKV,9859,8,17261,18324
155921,NSE-DLKV,9854,8,17318,18324
155921,NSE-OIT,9627,8,19480,19516
155921,NSE-OIT,9622,8,19435,19516
155922,NSE-SIMP,10013,8,18569,18867
155922,NSE-CARD,10727,10,20312,20322
155923,NSE-ZABA,10940,10,18018,18027
155923,NSE-ZABA,10940,10,18018,18028
155923,NSE-SIMP,10007,42,18867,18876
155923,NSE-SIMP,10008,100,18869,18876
155923,NSE-SIMP,10009,58,18871,18876
156000,NSE-DLKV,9852,10,18324,18333
156000,NSE-OIT,9620,10,19516,19525
156000,NSE-ZABA,10940,10,18018,18029
156021,NSE-ZABA,10940,3,18018,18030
156021,NSE-CARD,10727,6,20312,20324
156022,NSE-SIMP,10006,8,18557,18879
156022,NSE-SIMP,10004,8,18832,18879
156022,NSE-SIMP,9997,8,17365,18879
156022,NSE-SIMP,9996,8,17322,18879
156022,NSE-SIMP,9996,8,18000,18879
156022,NSE-SIMP,9995,8,17275,18879
156045,NSE-DLKV,9850,5,18335,18344
156097,NSE-CARD,10713,14,20325,20335
156110,NSE-CARD,10713,10,20325,20336
156110,NSE-CARD,10713,10,20325,20338
156110,NSE-ZITO,9478,10,18592,18601
156121,NSE-CARD,10715,5,20326,20339
156121,NSE-CARD,10715,4,20326,20340
156122,NSE-SIMP,9990,8,17233,18891
156122,NSE-SIMP,9989,8,18631,18891
156122,NSE-SIMP,9988,8,16984,18891
156122,NSE-SIMP,9987,5,17513,18891
156122,NSE-SIMP,9987,5,18227,18891
156122,NSE-SIMP,9985,8,17059,18891
156122,NSE-SIMP,9984,5,18533,18891
156122,NSE-SIMP,9982,3,17061,18891
156122,NSE-SIMP,9982,5,17061,18893
156122,NSE-SIMP,9981,8,17309,18893
156122,NSE-SIMP,9980,5,18509,18893
156122,NSE-SIMP,9979,5,17026,18893
156122,NSE-SIMP,9978,5,18216,18893
156122,NSE-SIMP,9975,8,17397,18893
156221,NSE-OIT,9613,6,19537,19546
156235,NSE-CARD,10706,10,20351,20361
156235,NSE-ZABA,10948,10,18052,18061
156253,NSE-CARD,10706,10,20351,20362
156253,NSE-OIT,9613,10,19548,19557
156270,NSE-ZABA,10948,10,18052,18062
156270,NSE-DLKV,9859,10,18356,18365
156270,NSE-OIT,9613,10,19548,19558
156321,NSE-ZABA,10944,6,18051,18066
156321,NSE-DLKV,9844,8,16248,18367
156321,NSE-DLKV,9837,8,17284,18367
156322,NSE-SIMP,9971,5,15307,18911
156322,NSE-SIMP,9970,5,15445,18911
156322,NSE-SIMP,9969,8,17125,18911
156322,NSE-SIMP,9968,5,18215,18911
156322,NSE-SIMP,9967,5,18508,18911
156322,NSE-SIMP,9963,5,18228,18911
156322,NSE-SIMP,9963,5,18507,18911
156322,NSE-SIMP,9962,8,15227,18911
156322,NSE-SIMP,9961,4,18532,18911
156347,NSE-CARD,10726,10,20365,20375
156347,NSE-DLKV,9837,10,18367,18376
156347,NSE-SIMP,9962,10,18913,18920
156347,NSE-ZITO,9477,10,18624,18633
156372,NSE-DLKV,9837,24,18367,18377
156373,NSE-CARD,10724,10,20364,20378
156373,NSE-SIMP,9962,2,18913,18921
156414,NSE-CARD,10724,10,20364,20379
156414,NSE-SIMP,9962,2,18913,18923
156415,NSE-SIMP,9962,20,18913,18924
156415,NSE-ZABA,10977,10,18067,18079
156474,NSE-DLKV,9843,10,18379,18388
156521,NSE-ZITO,9485,5,18634,18645
156521,NSE-OIT,9623,9,19569,19582
156521,NSE-DLKV,9843,4,18379,18390
156521,NSE-OIT,9625,7,19570,19583
156522,NSE-DLKV,9833,8,16316,18392
156522,NSE-DLKV,9827,8,16133,18392
156522,NSE-DLKV,9825,8,15760,18392
156522,NSE-DLKV,9821,8,15805,18392
156522,NSE-DLKV,9810,8,15937,18392
156522,NSE-SIMP,9994,5,18922,18937
156583,NSE-CARD,10702,10,20392,20403
156607,NSE-ZITO,9494,10,18647,18656
156621,NSE-OIT,9626,5,19584,19594
156628,NSE-OIT,9612,24,19596,19605
156628,NSE-ZITO,9482,50,18658,18667
156628,NSE-OIT,9612,10,19596,19606
156628,NSE-ZITO,9483,10,18660,18668
156679,NSE-ZABA,10974,10,18104,18114
156704,NSE-CARD,10697,10,20407,20418
156717,NSE-DLKV,9821,10,18402,18411
156717,NSE-DLKV,9821,10,18402,18412
156717,NSE-ZABA,10978,10,18105,18116
156721,NSE-ZITO,9480,5,18657,18670
156721,NSE-OIT,9612,4,19596,19609
156721,NSE-ZITO,9480,9,18657,18671
156821,NSE-OIT,9621,7,19610,19620
156821,NSE-ZABA,10967,1,18117,18127
156841,NSE-ZABA,10961,8,18128,18138
156841,NSE-ZITO,9469,8,18683,18692
156868,NSE-CARD,10728,10,20431,20441
156868,NSE-ZITO,9469,10,18683,18694
156882,NSE-CARD,10728,10,20431,20442
156882,NSE-CARD,10728,10,20431,20443
156882,NSE-CARD,10728,10,20431,20444
156882,NSE-OIT,9621,10,19622,19632
156882,NSE-SIMP,9978,10,18977,18989
156882,NSE-SIMP,9978,10,18977,18990
156882,NSE-SIMP,9978,10,18977,18991
156882,NSE-ZABA,10965,10,18129,18139
156882,NSE-ZITO,9469,10,18683,18695
156914,NSE-DLKV,9827,30,18424,18435
156914,NSE-OIT,9621,40,19622,19633
156914,NSE-OIT,9622,10,19624,19633
156914,NSE-ZITO,9469,22,18683,18696
156914,NSE-ZITO,9470,28,18685,18696
156941,NSE-CARD,10702,10,20446,20455
156971,NSE-DLKV,9828,10,18437,18446
156971,NSE-ZABA,10967,10,18141,18152
157021,NSE-DLKV,9828,1,18437,18448
157021,NSE-SIMP,9969,3,18993,19004
157021,NSE-DLKV,9828,9,18437,18449
157021,NSE-DLKV,9826,7,18436,18450
157021,NSE-SIMP,9980,5,18974,19005
157022,NSE-ZABA,10995,8,18092,18153
157034,NSE-SIMP,9986,20,19005,19015
157034,NSE-SIMP,9986,20,19005,19016
157076,NSE-SIMP,9988,10,19006,19017
157102,NSE-CARD,10743,10,20457,20468
157102,NSE-CARD,10743,10,20457,20469
157102,NSE-CARD,10743,10,20457,20470
157102,NSE-CARD,10743,10,20457,20471
157102,NSE-OIT,9616,10,19647,19656
157102,NSE-ZITO,9484,10,18709,18718
157102,NSE-ZITO,9484,10,18709,18719
157121,NSE-CARD,10743,1,20457,20472
157121,NSE-DLKV,9824,7,18451,18461
157199,NSE-DLKV,9808,10,18463,18472
157199,NSE-DLKV,9808,10,18463,18473
157199,NSE-OIT,9612,10,19658,19667
157199,NSE-OIT,9612,10,19658,19668
157199,NSE-ZABA,10975,10,18164,18174
157221,NSE-ZABA,10975,8,18164,18176
157221,NSE-DLKV,9797,8,15110,18475
157221,NSE-DLKV,9797,8,16035,18475
157221,NSE-DLKV,9794,8,15418,18475
157274,NSE-SIMP,9971,10,19033,19042
157381,NSE-OIT,9587,10,19680,19689
157381,NSE-SIMP,9980,10,19044,19054
157381,NSE-SIMP,9980,10,19044,19055
157381,NSE-ZITO,9469,10,18742,18751
157381,NSE-ZITO,9469,10,18742,18752
157381,NSE-DLKV,9780,5,18485,18494
157392,NSE-DLKV,9780,45,18485,18495
157392,NSE-DLKV,9781,5,18487,18495
157421,NSE-ZITO,9467,10,18741,18753
157421,NSE-SIMP,9961,1,18532,19058
157421,NSE-SIMP,9956,49,15228,19058
157421,NSE-SIMP,9956,51,15228,19060
157421,NSE-SIMP,9956,5,18534,19060
157421,NSE-SIMP,9954,5,17698,19060
157437,NSE-ZABA,11005,10,18200,18210
157438,NSE-ZABA,11005,8,18200,18211
157438,NSE-ZITO,9467,8,18755,18764
157458,NSE-DLKV,9793,10,18497,18507
157458,NSE-DLKV,9793,10,18497,18508
157458,NSE-OIT,9588,10,19691,19700
157458,NSE-OIT,9588,10,19691,19701
157458,NSE-SIMP,9954,10,19060,19068
157458,NSE-ZITO,9467,2,18755,18766
157521,NSE-CARD,10740,3,20509,20522
157521,NSE-ZITO,9465,1,18754,18767
157521,NSE-OIT,9586,2,19690,19702
157521,NSE-ZITO,9467,5,18755,18768
157559,NSE-CARD,10738,10,20524,20533
157559,NSE-SIMP,9962,10,19071,19080
157576,NSE-SIMP,9962,10,19071,19082
157591,NSE-OIT,9605,40,19704,19713
157591,NSE-ZITO,9466,30,18770,18779
157621,NSE-OIT,9605,1,19704,19714
157621,NSE-ZABA,11012,7,18215,18225
157623,NSE-ZABA,10982,5,18213,18227
157715,NSE-CARD,10744,10,20536,20546
157715,NSE-DLKV,9771,10,18521,18530
157715,NSE-DLKV,9771,10,18521,18531
157715,NSE-SIMP,9966,10,19084,19095
157715,NSE-SIMP,9966,10,19084,19096
157715,NSE-ZABA,10965,10,18227,18236
157715,NSE-ZITO,9451,10,18781,18790
157715,NSE-ZITO,9451,10,18781,18791
157715,NSE-ZITO,9451,10,18781,18792
157721,NSE-ZITO,9451,1,18781,18793
157721,NSE-CARD,10703,8,20519,20548
157721,NSE-CARD,10595,8,20298,20548
157721,NSE-CARD,10591,8,20272,20548
157721,NSE-DLKV,9756,8,14967,18533
157776,NSE-CARD,10566,10,20548,20557
157776,NSE-ZABA,10989,10,18237,18247
157821,NSE-OIT,9633,8,19631,19739
157893,NSE-DLKV,9792,10,18543,18552
157893,NSE-ZITO,9460,10,18805,18814
157893,NSE-ZITO,9460,10,18805,18815
157909,NSE-DLKV,9792,30,18543,18553
157921,NSE-CARD,10563,1,20561,20571
157921,NSE-ZABA,11001,3,18250,18259
157921,NSE-DLKV,9792,9,18543,18554
157922,NSE-OIT,9647,8,19581,19750
157922,NSE-OIT,9671,8,19503,19750
157924,NSE-CARD,10559,20,20573,20582
157924,NSE-DLKV,9768,10,18556,18565
157924,NSE-DLKV,9768,10,18556,18566
158016,NSE-CARD,10559,10,20573,20586
158021,NSE-DLKV,9768,6,18556,18567
158021,NSE-DLKV,9766,10,18555,18568
158021,NSE-ZABA,11013,1,18261,18272
158021,NSE-CARD,10559,1,20573,20587
158021,NSE-DLKV,9768,7,18556,18569
158071,NSE-SIMP,9957,2,19138,19147
158086,NSE-CARD,10561,8,20589,20599
158086,NSE-DLKV,9784,8,18571,18580
158086,NSE-CARD,10561,16,20589,20601
158099,NSE-DLKV,9784,10,18571,18582
158109,NSE-CARD,10561,16,20589,20602
158109,NSE-CARD,10561,10,20589,20603
158109,NSE-CARD,10562,16,20591,20604
158109,NSE-CARD,10562,10,20591,20605
158109,NSE-CARD,10562,10,20591,20606
158109,NSE-CARD,10562,10,20591,20607
158109,NSE-CARD,10562,10,20591,20608
158109,NSE-SIMP,9957,10,19138,19150
158109,NSE-SIMP,9957,10,19138,19151
158110,NSE-SIMP,9957,10,19138,19152
158122,NSE-DLKV,9805,50,18584,18594
158150,NSE-CARD,10532,5,20610,20619
158221,NSE-ZITO,9484,9,18840,18851
158221,NSE-SIMP,9960,1,19153,19164
158221,NSE-CARD,10530,8,20609,20620
158221,NSE-DLKV,9807,4,18585,18595
158221,NSE-SIMP,9962,7,19154,19165
158221,NSE-SIMP,9952,5,17027,19167
158221,NSE-SIMP,9951,8,15193,19167
158221,NSE-SIMP,9950,37,15037,19167
158221,NSE-SIMP,9950,13,15037,19169
158230,NSE-CARD,10531,10,20622,20631
158230,NSE-SIMP,9950,10,19169,19176
158230,NSE-SIMP,9950,10,19169,19177
158246,NSE-SIMP,9950,20,19169,19178
158246,NSE-SIMP,9950,20,19169,19179
158246,NSE-SIMP,9950,20,19169,19180
158322,NSE-DLKV,9807,8,18596,18608
158322,NSE-DLKV,9809,1,18597,18609
158322,NSE-SIMP,9947,4,18370,19182
158322,NSE-ZABA,11008,3,18295,18304
158322,NSE-SIMP,9947,1,18370,19183
158322,NSE-SIMP,9947,6,19166,19183
158338,NSE-SIMP,9959,10,19185,19194
158388,NSE-SIMP,9959,40,19185,19195
158388,NSE-SIMP,9960,100,19187,19195
158388,NSE-SIMP,9961,60,19189,19195
158421,NSE-ZITO,9470,7,18864,18874
158437,NSE-CARD,10531,10,20644,20653
158437,NSE-SIMP,9976,10,19197,19206
158437,NSE-CARD,10531,10,20644,20654
158437,NSE-CARD,10531,10,20644,20655
158437,NSE-SIMP,9976,10,19197,19207
158444,NSE-CARD,10531,10,20644,20656
158444,NSE-CARD,10531,10,20644,20657
158502,NSE-CARD,10532,20,20646,20658
158521,NSE-ZABA,10972,6,18317,18327
158521,NSE-ZITO,9487,6,18876,18888
158595,NSE-ZITO,9467,10,18890,18899
158604,NSE-CARD,10519,10,20660,20669
158604,NSE-SIMP,9946,10,19211,19220
158621,NSE-OIT,9665,10,19820,19829
158621,NSE-OIT,9665,3,19820,19830
158666,NSE-CARD,10525,10,20671,20680
158666,NSE-CARD,10525,10,20671,20681
158666,NSE-DLKV,9795,10,18645,18654
158666,NSE-SIMP,9947,7,19222,19231
158666,NSE-SIMP,9947,7,19222,19232
158666,NSE-ZITO,9452,10,18901,18910
158667,NSE-CARD,10525,25,20671,20682
158702,NSE-SIMP,9947,18,19222,19233
158702,NSE-ZITO,9452,40,18901,18911
158718,NSE-SIMP,9947,7,19222,19234
158718,NSE-SIMP,9947,7,19222,19235
158721,NSE-CARD,10523,1,20670,20683
158721,NSE-CARD,10525,5,20671,20684
158721,NSE-CARD,10526,1,20673,20684
158721,NSE-CARD,10523,3,20670,20685
158721,NSE-CARD,10487,8,19410,20687
158721,NSE-CARD,10464,8,19398,20687
158721,NSE-CARD,10443,8,19385,20687
158721,NSE-CARD,10442,8,19362,20687
158754,NSE-CARD,10380,5,20687,20696
158760,NSE-CARD,10380,13,20687,20697
158760,NSE-CARD,10381,12,20689,20697
158777,NSE-CARD,10381,10,20689,20698
158793,NSE-CARD,10381,25,20689,20699
158821,NSE-SIMP,9966,7,19238,19248
158821,NSE-ZABA,10989,1,18352,18361
158821,NSE-ZITO,9472,6,18912,18922
158821,NSE-OIT,9667,2,19842,19852
158835,NSE-CARD,10389,10,20701,20710
158835,NSE-DLKV,9785,10,18666,18675
158849,NSE-DLKV,9785,10,18666,18676
158849,NSE-SIMP,9956,10,19250,19259
158849,NSE-SIMP,9956,10,19250,19260
158849,NSE-ZITO,9465,10,18924,18933
158849,NSE-ZITO,9465,10,18924,18934
158849,NSE-ZITO,9465,10,18924,18935
158849,NSE-CARD,10389,10,20701,20711
158849,NSE-SIMP,9956,10,19250,19261
158864,NSE-CARD,10389,10,20701,20712
158881,NSE-CARD,10389,10,20701,20713
158881,NSE-DLKV,9785,10,18666,18677
158881,NSE-SIMP,9956,10,19250,19262
158881,NSE-ZITO,9465,10,18924,18936
158881,NSE-CARD,10389,10,20701,20715
158881,NSE-CARD,10390,10,20703,20715
158882,NSE-CARD,10390,10,20703,20716
158882,NSE-CARD,10390,10,20703,20717
158921,NSE-OIT,9657,2,19853,19864
158927,NSE-CARD,10380,10,20719,20728
158927,NSE-CARD,10380,5,20719,20729
158956,NSE-DLKV,9785,10,18679,18689
158956,NSE-ZABA,10967,10,18377,18386
158956,NSE-ZABA,10967,10,18377,18387
159021,NSE-ZABA,10963,7,18376,18388
159021,NSE-SIMP,9952,8,19267,19282
159021,NSE-SIMP,9950,8,19266,19283
159022,NSE-SIMP,9941,8,14182,19285
159022,NSE-SIMP,9940,8,14231,19285
159022,NSE-SIMP,9939,8,15020,19285
159022,NSE-SIMP,9936,8,15035,19285
159022,NSE-SIMP,9935,8,15101,19285
159023,NSE-ZABA,10967,10,18390,18399
159069,NSE-CARD,10382,5,20731,20740
159088,NSE-CARD,10382,10,20731,20741
159088,NSE-DLKV,9789,10,18692,18701
159088,NSE-SIMP,9931,10,19285,19297
159088,NSE-ZITO,9463,10,18951,18960
159121,NSE-CARD,10380,4,20730,20745
159121,NSE-CARD,10389,10,20742,20746
159172,NSE-SIMP,9950,10,19299,19310
159205,NSE-DLKV,9774,10,18703,18712
159205,NSE-DLKV,9774,10,18703,18713
159205,NSE-OIT,9626,10,19887,19896
159218,NSE-SIMP,9950,10,19299,19311
159219,NSE-SIMP,9950,10,19299,19312
159219,NSE-SIMP,9950,10,19299,19313
159219,NSE-ZABA,10946,10,18401,18411
159221,NSE-CARD,10394,1,20746,20762
159221,NSE-ZABA,10946,8,18401,18412
159231,NSE-SIMP,9939,40,19315,19324
159231,NSE-ZITO,9453,2,18975,18984
159231,NSE-OIT,9653,24,19897,19907
159231,NSE-OIT,9653,26,19897,19908
159231,NSE-OIT,9652,24,19899,19908
159310,NSE-DLKV,9766,10,18715,18724
159310,NSE-SIMP,9939,10,19315,19326
159310,NSE-ZABA,10941,10,18414,18423
159310,NSE-ZITO,9453,10,18975,18985
159321,NSE-CARD,10404,5,20763,20777
159321,NSE-OIT,9652,3,19899,19909
159321,NSE-ZABA,10937,7,18413,18424
159321,NSE-CARD,10404,4,20763,20778
159321,NSE-ZITO,9451,10,18974,18986
159369,NSE-ZABA,10941,10,18426,18435
159421,NSE-OIT,9647,5,19911,19920
159421,NSE-SIMP,9960,2,19327,19339
159421,NSE-ZITO,9487,9,18987,18997
159421,NSE-OIT,9645,1,19910,19921
159421,NSE-ZITO,9489,7,18988,18998
159457,NSE-DLKV,9742,10,18737,18746
159457,NSE-DLKV,9742,10,18737,18747
159458,NSE-ZABA,10962,10,18438,18447
159513,NSE-DLKV,9742,10,18737,18748
159514,NSE-OIT,9667,40,19922,19934
159514,NSE-DLKV,9742,20,18737,18749
159514,NSE-DLKV,9743,20,18739,18749
159621,NSE-ZABA,10971,8,18450,18459
159716,NSE-DLKV,9741,10,18761,18771
159716,NSE-DLKV,9741,10,18761,18772
159716,NSE-OIT,9643,10,19947,19956
159716,NSE-SIMP,9961,10,19371,19384
159716,NSE-SIMP,9961,10,19371,19385
159716,NSE-ZITO,9473,10,19025,19035
159716,NSE-ZITO,9473,10,19025,19036
159721,NSE-CARD,10410,1,20821,20836
159721,NSE-OIT,9643,2,19947,19957
159721,NSE-DLKV,9741,5,18761,18773
159721,NSE-ZITO,9471,8,19024,19037
159754,NSE-CARD,10305,10,20838,20847
159754,NSE-DLKV,9727,5,18775,18784
159796,NSE-CARD,10305,10,20838,20848
159796,NSE-ZABA,10935,10,18473,18483
159821,NSE-OIT,9638,9,19958,19968
159821,NSE-ZABA,10931,6,18472,18484
159821,NSE-OIT,9640,1,19959,19969
159823,NSE-CARD,10326,10,20850,20859
159823,NSE-DLKV,9740,10,18786,18795
159823,NSE-SIMP,9972,10,19399,19409
159852,NSE-CARD,10326,10,20850,20860
159868,NSE-SIMP,9970,8,19398,19410
159868,NSE-ZABA,10940,8,18486,18495
159885,NSE-CARD,10326,25,20850,20862
159918,NSE-SIMP,9972,10,19399,19411
159918,NSE-CARD,10326,5,20850,20863
159918,NSE-CARD,10327,11,20852,20863
159921,NSE-ZITO,9492,1,19048,19059
159921,NSE-ZITO,9494,2,19049,19060
159921,NSE-ZITO,9492,7,19048,19061
159921,NSE-DLKV,9740,2,18786,18797
159921,NSE-ZITO,9494,7,19049,19062
159958,NSE-CARD,10331,10,20865,20874
159958,NSE-CARD,10331,10,20865,20875
159958,NSE-CARD,10331,10,20865,20876
159958,NSE-CARD,10331,10,20865,20877
159958,NSE-DLKV,9748,10,18799,18808
159958,NSE-DLKV,9748,10,18799,18809
159958,NSE-OIT,9610,10,19981,19990
159959,NSE-CARD,10331,10,20865,20878
159959,NSE-CARD,10332,40,20867,20878
160021,NSE-OIT,9610,5,19981,19991
160021,NSE-ZABA,10953,7,18497,18508
160030,NSE-CARD,10333,10,20880,20890
160030,NSE-CARD,10333,10,20880,20891
160030,NSE-CARD,10333,10,20880,20892
160030,NSE-DLKV,9737,10,18811,18820
160030,NSE-ZABA,10963,10,18510,18519
160055,NSE-CARD,10333,10,20880,20894
160121,NSE-DLKV,9735,5,18810,18821
160121,NSE-OIT,9636,9,19993,20002
160134,NSE-SIMP,9963,20,19443,19453
160188,NSE-ZABA,10933,10,18520,18530
160221,NSE-DLKV,9741,7,18822,18832
160221,NSE-ZITO,9476,2,19087,19097
160235,NSE-DLKV,9752,42,18834,18843
160235,NSE-ZITO,9469,30,19099,19108
160267,NSE-CARD,10315,5,20907,20916
160283,NSE-CARD,10315,5,20907,20917
160321,NSE-SIMP,9975,8,19338,19467
160357,NSE-SIMP,9975,20,19467,19477
160421,NSE-ZABA,10926,6,18541,18552
160421,NSE-OIT,9605,8,19772,20037
160422,NSE-ZABA,10923,5,15847,18554
160422,NSE-ZABA,10923,5,17655,18554
160422,NSE-ZABA,10922,8,15287,18554
160422,NSE-ZABA,10916,5,17654,18554
160422,NSE-ZABA,10915,5,17352,18554
160422,NSE-ZABA,10910,5,17351,18554
160422,NSE-ZABA,10905,5,17678,18554
160422,NSE-ZABA,10903,5,17679,18554
160422,NSE-ZABA,10902,7,15117,18554
160422,NSE-ZABA,10902,1,15117,18556
160422,NSE-ZABA,10902,5,15791,18556
160422,NSE-ZABA,10902,5,16328,18556
160518,NSE-CARD,10326,10,20929,20939
160518,NSE-ZITO,9456,50,19120,19129
160530,NSE-CARD,10320,8,20941,20950
160542,NSE-SIMP,9967,8,19491,19501
160542,NSE-ZABA,10898,8,18564,18573
160575,NSE-SIMP,9967,6,19491,19502
160622,NSE-ZABA,10896,5,17339,18576
160721,NSE-ZITO,9461,4,19140,19150
160721,NSE-ZITO,9461,2,19140,19151
160721,NSE-ZITO,9463,6,19141,19152
160722,NSE-ZITO,9444,8,18548,19154
160722,NSE-ZITO,9442,8,17868,19154
160821,NSE-DLKV,9746,2,18886,18896
160821,NSE-CARD,10262,8,20963,20972
160821,NSE-OIT,9609,8,20067,20077
160821,NSE-CARD,10260,4,20962,20973
160842,NSE-CARD,10250,25,20975,20984
160855,NSE-CARD,10250,5,20975,20985
160890,NSE-DLKV,9753,8,18897,18907
160890,NSE-OIT,9602,8,20079,20088
160890,NSE-SIMP,9984,8,19528,19538
160989,NSE-CARD,10232,42,20988,20997
161021,NSE-CARD,10231,5,19285,20998
161021,NSE-CARD,10232,4,20988,20999
161021,NSE-SIMP,9985,5,19454,19549
161021,NSE-SIMP,9985,2,19540,19549
161021,NSE-ZABA,10916,8,18606,18620
161121,NSE-ZITO,9437,7,19185,19194
161122,NSE-ZABA,10906,20,18629,18639
161122,NSE-CARD,10237,25,21011,21020
161205,NSE-DLKV,9756,50,18929,18938
161205,NSE-ZITO,9440,50,19196,19206
161221,NSE-CARD,10235,9,21010,21021
161221,NSE-DLKV,9754,1,18928,18939
161221,NSE-DLKV,9754,9,18928,18940
161222,NSE-ZABA,10903,10,18640,18650
161237,NSE-CARD,10238,10,21023,21032
161297,NSE-SIMP,9986,20,19570,19580
161297,NSE-SIMP,9986,20,19570,19581
161321,NSE-SIMP,9986,1,19570,19582
161321,NSE-OIT,9592,5,20121,20131
161421,NSE-ZITO,9443,8,19218,19228
161421,NSE-SIMP,9987,5,19425,19595
161421,NSE-SIMP,9987,8,19593,19595
161421,NSE-SIMP,9989,8,19383,19595
161491,NSE-CARD,10254,25,21045,21054
161491,NSE-ZABA,10903,5,18664,18673
161521,NSE-SIMP,9991,3,19148,19605
161521,NSE-ZITO,9450,9,19230,19239
161591,NSE-CARD,10237,8,21058,21067
161591,NSE-ZABA,10909,10,18674,18685
161591,NSE-CARD,10237,10,21058,21069
161621,NSE-ZITO,9457,5,19241,19250
161621,NSE-CARD,10235,1,21057,21070
161621,NSE-SIMP,9965,7,19607,19618
161621,NSE-ZABA,10887,50,15012,18687
161621,NSE-ZABA,10887,50,15012,18689
161621,NSE-ZABA,10884,5,13003,18689
161621,NSE-ZABA,10883,45,10104,18689
161721,NSE-ZABA,10883,2,10104,18696
161721,NSE-ZITO,9447,3,19251,19261
161721,NSE-CARD,10231,3,19285,21082
161721,NSE-ZABA,10883,50,10104,18698
161721,NSE-ZABA,10883,3,10104,18700
161721,NSE-ZABA,10883,8,10962,18700
161721,NSE-ZABA,10878,8,9099,18700
161721,NSE-ZABA,10878,8,9217,18700
161721,NSE-ZABA,10878,5,13004,18700
161721,NSE-ZABA,10877,8,8959,18700
161721,NSE-ZABA,10871,8,8719,18700
161721,NSE-ZABA,10866,8,10031,18700
161727,NSE-DLKV,9735,50,18995,19004
161727,NSE-OIT,9574,14,20173,20182
161727,NSE-ZITO,9439,40,19263,19272
161821,NSE-DLKV,9733,6,18994,19006
161821,NSE-OIT,9572,8,20172,20183
161821,NSE-CARD,10101,8,19273,21093
161821,NSE-DLKV,9738,8,19005,19007
161821,NSE-DLKV,9743,8,18983,19007
161846,NSE-CARD,10100,5,21093,21102
161921,NSE-DLKV,9761,8,18961,19017
161979,NSE-CARD,10112,8,21104,21113
161979,NSE-DLKV,9773,8,19017,19028
161993,NSE-SIMP,9978,20,19651,19663
162008,NSE-CARD,10112,40,21104,21115
162021,NSE-CARD,10112,2,21104,21116
162021,NSE-CARD,10113,4,21106,21116
162021,NSE-DLKV,9773,9,19017,19029
162021,NSE-ZABA,10871,4,18719,18730
162021,NSE-SIMP,9978,4,19651,19664
162021,NSE-OIT,9569,8,18561,20206
162021,NSE-OIT,9565,8,19290,20206
162021,NSE-OIT,9564,8,20204,20206
162021,NSE-SIMP,9971,8,19661,19666
162043,NSE-ZABA,10901,10,18731,18741
162083,NSE-CARD,10110,25,21118,21127
162083,NSE-CARD,10110,10,21118,21128
162121,NSE-SIMP,9967,2,19665,19675
162122,NSE-SIMP,9986,8,19640,19676
162122,NSE-SIMP,9990,8,19616,19676
162123,NSE-ZABA,10906,8,18742,18753
162216,NSE-OIT,9552,14,20216,20225
162216,NSE-ZITO,9445,40,19304,19313
162221,NSE-SIMP,9990,1,19676,19687
162221,NSE-SIMP,9991,5,19148,19688
162221,NSE-SIMP,9991,5,19295,19688
162221,NSE-SIMP,9991,5,19325,19688
162221,NSE-SIMP,9992,8,19067,19688
162221,NSE-SIMP,9992,5,19381,19688
162221,NSE-SIMP,9992,5,19490,19688
162221,NSE-SIMP,9994,5,18992,19688
162221,NSE-SIMP,9994,5,19442,19688
162269,NSE-CARD,10093,2,21140,21149
162321,NSE-DLKV,9778,1,19052,19061
162321,NSE-OIT,9528,2,20227,20236
162321,NSE-ZITO,9428,9,19315,19324
162322,NSE-SIMP,9996,5,19489,19698
162322,NSE-SIMP,9998,5,19296,19698
162322,NSE-SIMP,10000,5,19380,19698
162322,NSE-SIMP,10000,8,19662,19698
162322,NSE-SIMP,10001,5,19523,19698
162322,NSE-SIMP,10004,8,19081,19698
162343,NSE-ZABA,10886,10,18765,18775
162343,NSE-CARD,10104,2,21151,21160
162343,NSE-DLKV,9775,10,19063,19072
162343,NSE-CARD,10104,8,21151,21161
162343,NSE-DLKV,9773,8,19062,19074
162343,NSE-OIT,9551,8,20238,20247
162343,NSE-SIMP,10005,8,19698,19709
162343,NSE-ZABA,10890,8,18766,18776
162343,NSE-ZITO,9439,8,19326,19335
162377,NSE-CARD,10104,15,21151,21163
162393,NSE-CARD,10104,2,21151,21164
162421,NSE-SIMP,10005,5,19698,19710
162421,NSE-CARD,10104,2,21151,21165
162421,NSE-CARD,10104,1,21151,21166
162421,NSE-SIMP,10005,1,19698,19711
162421,NSE-SIMP,10004,3,19700,19711
162472,NSE-SIMP,10005,20,19712,19722
162472,NSE-SIMP,10005,20,19712,19723
162489,NSE-SIMP,10007,5,19713,19724
162489,NSE-ZABA,10873,5,18779,18788
162489,NSE-ZITO,9440,5,19338,19347
162521,NSE-DLKV,9786,3,19076,19085
162521,NSE-ZITO,9438,9,19337,19349
162620,NSE-SIMP,10004,7,19726,19736
162621,NSE-ZITO,9456,1,19350,19360
162646,NSE-DLKV,9758,8,19097,19106
162646,NSE-SIMP,9999,8,19737,19747
162646,NSE-ZABA,10874,5,18801,18812
162646,NSE-ZITO,9433,5,19362,19371
162721,NSE-DLKV,9756,1,19096,19108
162721,NSE-CARD,10095,8,21200,21203
162721,NSE-CARD,10054,8,15432,21203
162721,NSE-CARD,10043,8,15419,21203
162721,NSE-CARD,10022,8,15391,21203
162721,NSE-CARD,10016,8,15210,21203
162721,NSE-CARD,9977,5,16234,21203
162721,NSE-CARD,9977,5,16302,21203
162721,NSE-CARD,9973,5,15650,21205
162721,NSE-CARD,9970,5,15738,21205
162721,NSE-CARD,9969,5,15687,21205
162722,NSE-ZABA,10864,8,10068,18814
162722,NSE-ZABA,10862,8,8994,18814
162722,NSE-ZABA,10856,8,18810,18814
162722,NSE-ZABA,10855,8,8693,18814
162727,NSE-CARD,9910,23,21205,21212
162821,NSE-ZABA,10851,4,18814,18824
162821,NSE-OIT,9553,10,20281,20291
162847,NSE-DLKV,9756,8,19120,19130
162847,NSE-OIT,9529,8,20293,20302
162847,NSE-ZABA,10857,20,18826,18836
162921,NSE-CARD,9898,7,21214,21224
162921,NSE-ZABA,10853,7,18825,18838
162921,NSE-ZABA,10857,3,18826,18839
162921,NSE-OIT,9527,2,20292,20304
162921,NSE-ZABA,10888,8,18835,18840
162958,NSE-ZABA,10889,5,18811,18850
162958,NSE-ZITO,9448,5,19395,19404
162980,NSE-CARD,9904,5,21226,21236
163020,NSE-CARD,9904,45,21226,21237
163020,NSE-CARD,9905,55,21228,21237
163021,NSE-DLKV,9736,6,19027,19141
163021,NSE-ZABA,10889,3,18811,18851
163021,NSE-ZABA,10892,4,18841,18851
163062,NSE-CARD,9915,8,21239,21248
163090,NSE-DLKV,9750,42,19143,19154
163090,NSE-OIT,9522,50,20316,20326
163119,NSE-CARD,9915,42,21239,21251
163121,NSE-CARD,9916,8,21241,21252
163121,NSE-OIT,9520,1,20315,20327
163121,NSE-DLKV,9742,8,19152,19156
163121,NSE-DLKV,9736,2,19027,19156
163121,NSE-ZABA,10888,8,18862,18864
163215,NSE-ZABA,10895,10,18864,18874
163221,NSE-SIMP,9994,4,19796,19806
163221,NSE-ZABA,10899,2,18865,18875
163221,NSE-SIMP,10011,5,19294,19807
163247,NSE-ZITO,9452,10,19428,19437
163307,NSE-ZABA,10905,14,18876,18888
163321,NSE-CARD,9903,7,21264,21277
163406,NSE-SIMP,9996,50,19817,19827
163421,NSE-ZABA,10884,2,18889,18899
163421,NSE-DLKV,9744,5,19176,19185
163421,NSE-CARD,9905,8,21279,21289
163421,NSE-CARD,9905,4,21279,21290
163440,NSE-CARD,9899,18,21292,21301
163441,NSE-ZABA,10911,10,18900,18910
163463,NSE-CARD,9899,10,21292,21302
163485,NSE-CARD,9899,5,21292,21304
163485,NSE-OIT,9513,5,20359,20368
163521,NSE-SIMP,10013,1,19828,19839
163521,NSE-ZABA,10911,2,18900,18911
163521,NSE-OIT,9513,1,20359,20369
163521,NSE-SIMP,10014,5,19838,19840
163521,NSE-SIMP,10015,8,19795,19840
163521,NSE-SIMP,10016,5,19093,19840
163521,NSE-SIMP,10016,5,19725,19840
163552,NSE-CARD,9904,50,21306,21315
163552,NSE-CARD,9905,100,21308,21315
163552,NSE-CARD,9906,8,21310,21315
163567,NSE-CARD,9906,50,21310,21316
163582,NSE-ZABA,10906,8,18912,18922
163595,NSE-CARD,9902,50,21305,21319
163595,NSE-CARD,9901,50,21307,21319
163607,NSE-CARD,9906,20,21310,21320
163607,NSE-ZABA,10906,6,18912,18923
163621,NSE-ZABA,10910,3,18913,18924
163621,NSE-SIMP,10019,8,19841,19851
163621,NSE-CARD,9906,8,21310,21322
163622,NSE-SIMP,10020,8,19771,19852
163622,NSE-SIMP,10022,8,18986,19852
163622,NSE-SIMP,10023,8,19850,19852
163622,NSE-ZITO,9436,8,19469,19471
163650,NSE-CARD,9899,25,21324,21333
163650,NSE-ZABA,10898,5,18926,18935
163685,NSE-ZABA,10894,10,18925,18936
163685,NSE-ZITO,9433,10,19471,19480
163721,NSE-ZABA,10894,6,18925,18939
163721,NSE-SIMP,10044,1,19852,19863
163721,NSE-OIT,9491,2,20381,20391
163721,NSE-CARD,9893,8,21317,21336
163721,NSE-CARD,9882,5,19626,21336
163721,NSE-CARD,9877,8,15173,21336
163721,NSE-CARD,9877,5,19637,21336
163721,NSE-CARD,9874,5,19953,21336
163721,NSE-CARD,9872,5,19625,21336
163721,NSE-CARD,9868,5,19929,21336
163721,NSE-CARD,9868,5,19954,21336
163721,NSE-CARD,9862,4,15195,21336
163721,NSE-CARD,9862,4,15195,21338
163721,NSE-CARD,9861,5,19459,21338
163721,NSE-CARD,9857,5,19931,21338
163721,NSE-CARD,9848,5,19930,21338
163721,NSE-CARD,9847,8,14064,21338
163721,NSE-CARD,9844,5,19730,21338
163721,NSE-CARD,9813,8,14079,21338
163721,NSE-CARD,9810,5,16658,21338
163721,NSE-CARD,9805,5,16656,21338
163721,NSE-CARD,9796,5,16657,21338
163721,NSE-CARD,9763,8,13108,21338
163721,NSE-CARD,9655,1,13110,21338
163721,NSE-CARD,9654,8,13012,21338
163721,NSE-DLKV,9751,8,19206,19219
163731,NSE-CARD,9653,10,21338,21345
163747,NSE-SIMP,10014,50,19864,19874
163747,NSE-SIMP,10013,100,19866,19874
163766,NSE-CARD,9653,8,21338,21346
163766,NSE-SIMP,10012,8,19868,19875
163809,NSE-OIT,9511,50,20393,20403
163821,NSE-SIMP,10016,8,19865,19876
163822,NSE-OIT,9503,8,20402,20405
163921,NSE-CARD,9652,8,12922,21359
163921,NSE-CARD,9652,2,21348,21359
163921,NSE-CARD,9654,8,21349,21360
163921,NSE-ZITO,9459,9,19493,19503
163921,NSE-OIT,9498,7,20405,20415
163921,NSE-SIMP,10007,5,19862,19889
163921,NSE-SIMP,10007,1,19877,19889
163921,NSE-ZITO,9459,9,19493,19504
163921,NSE-DLKV,9728,8,19228,19243
163921,NSE-DLKV,9714,8,18982,19243
163945,NSE-CARD,9651,20,21362,21372
163963,NSE-CARD,9649,5,21361,21373
163964,NSE-ZABA,10890,5,18964,18974
163964,NSE-CARD,9649,5,21361,21374
164021,NSE-OIT,9506,7,20416,20426
164021,NSE-CARD,9647,8,12945,21376
164021,NSE-DLKV,9704,8,19073,19253
164092,NSE-CARD,9646,25,21376,21385
164120,NSE-CARD,9646,17,21376,21386
164120,NSE-CARD,9647,83,21378,21386
164121,NSE-CARD,9647,1,21378,21387
164121,NSE-OIT,9512,4,20427,20437
164121,NSE-CARD,9642,8,12982,21389
164195,NSE-CARD,9638,20,21389,21398
164195,NSE-CARD,9638,10,21389,21399
164195,NSE-CARD,9638,10,21389,21400
164195,NSE-CARD,9638,2,21389,21401
164195,NSE-CARD,9639,8,21391,21401
164195,NSE-CARD,9639,10,21391,21402
164221,NSE-SIMP,10014,3,19900,19923
164221,NSE-SIMP,10013,2,19913,19924
164222,NSE-SIMP,10014,2,19900,19925
164321,NSE-OIT,9501,6,20448,20458
164321,NSE-SIMP,10028,8,19887,19935
164321,NSE-ZABA,10869,8,18950,19007
164383,NSE-DLKV,9684,50,19283,19292
164398,NSE-SIMP,10028,17,19935,19946
164398,NSE-CARD,9640,20,21415,21424
164398,NSE-SIMP,10028,20,19935,19948
164421,NSE-CARD,9640,1,21415,21426
164421,NSE-ZITO,9468,1,19545,19556
164421,NSE-CARD,9640,5,21415,21427
164521,NSE-SIMP,10029,8,19959,19960
164522,NSE-ZITO,9470,8,19336,19567
164522,NSE-ZITO,9472,8,19491,19567
164522,NSE-ZITO,9487,8,19173,19567
164533,NSE-CARD,9664,20,21441,21450
164533,NSE-CARD,9664,20,21441,21451
164533,NSE-CARD,9664,10,21441,21452
164533,NSE-CARD,9665,10,21443,21452
164613,NSE-DLKV,9674,50,19305,19314
164621,NSE-ZITO,9497,7,19567,19577
164674,NSE-ZABA,10884,5,19039,19048
164674,NSE-ZITO,9483,5,19579,19588
164674,NSE-ZABA,10880,10,19038,19049
164721,NSE-SIMP,10022,7,19970,19981
164721,NSE-CARD,9638,8,21438,21465
164721,NSE-CARD,9619,5,18088,21465
164721,NSE-CARD,9601,5,19955,21465
164721,NSE-CARD,9591,5,20429,21465
164721,NSE-CARD,9588,8,12892,21465
164721,NSE-CARD,9582,8,12776,21465
164721,NSE-CARD,9579,8,12833,21465
164722,NSE-ZITO,9500,8,18693,19590
164722,NSE-ZITO,9500,8,18765,19590
164722,NSE-ZITO,9502,8,19227,19590
164722,NSE-CARD,9555,3,21465,21474
164722,NSE-CARD,9556,5,21467,21474
164722,NSE-DLKV,9704,8,19326,19335
164722,NSE-OIT,9478,8,20501,20510
164722,NSE-SIMP,10023,8,19982,19993
164762,NSE-CARD,9556,10,21467,21476
164821,NSE-ZABA,10883,5,19052,19064
164821,NSE-OIT,9476,4,20500,20512
164821,NSE-CARD,9553,4,21464,21477
164853,NSE-CARD,9563,20,21479,21488
164872,NSE-OIT,9489,50,20514,20523
164892,NSE-CARD,9561,5,21478,21490
164892,NSE-ZABA,10887,5,19066,19075
164892,NSE-CARD,9561,5,21478,21491
164892,NSE-ZABA,10883,10,19065,19076
164922,NSE-OIT,9511,8,20511,20524
164922,NSE-ZABA,10902,8,18951,19077
164922,NSE-ZABA,10911,8,19063,19077
164922,NSE-ZABA,10914,8,19027,19077
164934,NSE-ZITO,9487,5,19614,19623
164952,NSE-CARD,9542,10,21493,21502
164967,NSE-CARD,9542,8,21493,21503
164967,NSE-DLKV,9735,8,19347,19358
164967,NSE-ZABA,10915,8,19077,19088
165021,NSE-SIMP,10023,5,20007,20017
165022,NSE-ZABA,10916,8,18729,19089
165022,NSE-ZABA,10919,8,18707,19089
165031,NSE-CARD,9566,20,21506,21515
165032,NSE-CARD,9566,20,21506,21516
165032,NSE-CARD,9566,10,21506,21517
165032,NSE-CARD,9567,10,21508,21517
165032,NSE-CARD,9567,16,21508,21518
165110,NSE-DLKV,9723,30,19359,19369
165121,NSE-ZABA,10927,1,18777,19099
165121,NSE-OIT,9512,8,20535,20546
165121,NSE-OIT,9509,8,20534,20548
165221,NSE-ZITO,9488,6,19637,19647
165221,NSE-OIT,9485,2,20548,20557
165221,NSE-ZABA,10903,7,19100,19110
165321,NSE-CARD,9567,4,21530,21540
165321,NSE-DLKV,9743,8,19241,19391
165322,NSE-ZABA,10927,7,18777,19122
165322,NSE-ZABA,10929,8,18962,19122
165340,NSE-CARD,9550,5,21541,21551
165340,NSE-ZABA,10938,5,19123,19132
165398,NSE-SIMP,10024,10,20050,20060
165398,NSE-SIMP,10024,10,20050,20061
165398,NSE-ZITO,9511,10,19658,19668
165399,NSE-DLKV,9745,8,19391,19402
165421,NSE-DLKV,9745,7,19391,19403
165421,NSE-OIT,9485,4,20568,20580
165421,NSE-DLKV,9751,8,19336,19404
165421,NSE-DLKV,9754,8,19303,19404
165421,NSE-DLKV,9757,8,19229,19404
165421,NSE-DLKV,9771,8,19153,19404
165521,NSE-SIMP,10014,3,20064,20073
165521,NSE-SIMP,10012,9,20063,20074
165521,NSE-CARD,9547,8,21552,21565
165616,NSE-CARD,9547,25,21565,21574
165621,NSE-DLKV,9774,1,19414,19424
165621,NSE-SIMP,10034,8,20075,20085
165621,NSE-CARD,9576,8,21553,21575
165621,NSE-DLKV,9780,8,19207,19425
165621,NSE-DLKV,9788,8,19107,19425
165721,NSE-OIT,9496,5,20602,20611
165721,NSE-CARD,9577,9,21575,21585
165721,NSE-OIT,9494,9,20601,20612
165721,NSE-CARD,9651,8,21504,21586
165721,NSE-CARD,9666,8,21439,21586
165721,NSE-CARD,9667,8,21475,21586
165721,NSE-OIT,9502,8,20579,20613
165726,NSE-SIMP,10027,10,20096,20106
165726,NSE-SIMP,10027,10,20096,20107
165726,NSE-ZITO,9504,10,19700,19710
165821,NSE-OIT,9526,8,20414,20623
165921,NSE-ZABA,10894,5,19174,19185
166021,NSE-SIMP,10022,1,20118,20128
166021,NSE-ZITO,9508,2,19721,19732
166021,NSE-ZABA,10878,8,19062,19197
166052,NSE-SIMP,10029,10,20129,20139
166121,NSE-CARD,9747,3,21616,21626
166121,NSE-DLKV,9786,9,19467,19476
166121,NSE-SIMP,10031,1,20130,20140
166121,NSE-ZABA,10873,1,19197,19206
166121,NSE-SIMP,10045,8,18936,20141
166134,NSE-CARD,9744,10,21627,21637
166134,NSE-SIMP,10054,10,20141,20151
166161,NSE-SIMP,10054,10,20141,20152
166185,NSE-CARD,9744,5,21627,21638
166185,NSE-ZABA,10884,5,19208,19217
166185,NSE-CARD,9744,5,21627,21639
166185,NSE-ZITO,9493,5,19744,19753
166215,NSE-SIMP,10054,10,20141,20153
166272,NSE-CARD,9753,8,21641,21652
166272,NSE-DLKV,9787,8,19487,19498
166272,NSE-ZABA,10883,8,19219,19228
166373,NSE-SIMP,10049,10,20165,20175
166373,NSE-SIMP,10049,10,20165,20176
166396,NSE-CARD,9764,50,21653,21663
166396,NSE-CARD,9763,50,21655,21663
166421,NSE-DLKV,9768,5,19499,19509
166421,NSE-DLKV,9768,5,19499,19510
166421,NSE-ZABA,10876,4,19231,19240
166421,NSE-DLKV,9795,8,18735,19511
166481,NSE-CARD,9746,20,21664,21674
166498,NSE-SIMP,10029,10,20177,20187
166521,NSE-SIMP,10031,1,20178,20188
166521,NSE-SIMP,10031,1,20178,20189
166556,NSE-CARD,9756,10,21675,21685
166556,NSE-CARD,9756,5,21675,21686
166556,NSE-ZABA,10885,5,19252,19261
166621,NSE-DLKV,9781,9,19521,19531
166621,NSE-ZABA,10885,8,19252,19262
166621,NSE-ZABA,10881,5,19251,19263
166621,NSE-ZITO,9507,8,19787,19796
166621,NSE-SIMP,10022,2,20190,20200
166621,NSE-OIT,9528,5,20696,20705
166622,NSE-SIMP,10038,10,20201,20211
166622,NSE-SIMP,10038,10,20201,20212
166737,NSE-CARD,9745,8,21697,21708
166751,NSE-SIMP,10062,10,20213,20224
166785,NSE-SIMP,10062,40,20213,20225
166785,NSE-SIMP,10061,100,20215,20225
166785,NSE-SIMP,10060,60,20217,20225
166816,NSE-DLKV,9779,50,19542,19555
166821,NSE-SIMP,10060,1,20217,20226
166821,NSE-ZABA,10906,5,19275,19286
166821,NSE-SIMP,10064,1,20214,20227
166821,NSE-SIMP,10064,5,20214,20228
166821,NSE-ZABA,10902,6,19274,19287
166821,NSE-DLKV,9790,8,19553,19557
166821,NSE-DLKV,9798,8,18796,19557
166832,NSE-CARD,9754,10,21710,21720
166907,NSE-DLKV,9799,8,19557,19568
166921,NSE-CARD,9756,6,21711,21723
166921,NSE-DLKV,9799,1,19557,19569
166921,NSE-CARD,9758,8,21722,21724
166923,NSE-ZITO,9515,8,19818,19831
166958,NSE-CARD,9769,20,21724,21735
166958,NSE-CARD,9769,20,21724,21737
166976,NSE-CARD,9769,2,21724,21739
166976,NSE-CARD,9768,3,21726,21739
166976,NSE-ZITO,9512,5,19831,19840
166976,NSE-CARD,9768,5,21726,21740
167060,NSE-ZITO,9514,50,19842,19853
167060,NSE-ZITO,9516,5,19843,19854
167091,NSE-CARD,9758,10,21741,21751
167121,NSE-ZITO,9516,2,19843,19856
167121,NSE-CARD,9760,8,21742,21752
167170,NSE-CARD,9769,50,21753,21763
167170,NSE-CARD,9768,50,21755,21763
167170,NSE-CARD,9768,50,21755,21764
167170,NSE-CARD,9767,50,21757,21764
167170,NSE-SIMP,10032,8,20265,20274
167170,NSE-ZITO,9504,8,19858,19867
167170,NSE-SIMP,10030,10,20264,20276
167170,NSE-SIMP,10030,10,20264,20277
167221,NSE-OIT,9546,6,20760,20771
167221,NSE-ZABA,10900,5,19321,19331
167221,NSE-SIMP,10032,8,20265,20278
167221,NSE-SIMP,10030,2,20264,20279
167221,NSE-CARD,9767,4,21757,21767
167221,NSE-CARD,9768,8,21766,21768
167221,NSE-OIT,9561,8,20303,20772
167222,NSE-ZABA,10896,8,19284,19333
167322,NSE-ZABA,10879,8,19298,19343
167349,NSE-CARD,9757,20,21779,21789
167361,NSE-CARD,9757,10,21779,21791
167421,NSE-OIT,9559,10,20783,20793
167421,NSE-OIT,9566,8,20380,20794
167521,NSE-ZABA,10879,4,19353,19363
167521,NSE-ZABA,10868,8,19133,19365
167521,NSE-ZABA,10864,8,19330,19365
167521,NSE-ZABA,10861,8,19087,19365
167521,NSE-ZABA,10846,1,8666,19365
167522,NSE-ZITO,9482,8,19829,19901
167522,NSE-ZITO,9481,8,19765,19901
167621,NSE-CARD,9750,6,21803,21813
167621,NSE-ZABA,10826,8,8667,19375
167638,NSE-SIMP,10034,10,20321,20331
167638,NSE-SIMP,10034,10,20321,20332
167638,NSE-SIMP,10034,10,20321,20333
167651,NSE-ZITO,9517,50,19912,19922
167651,NSE-DLKV,9790,30,19643,19653
167701,NSE-ZABA,10824,20,19375,19384
167713,NSE-CARD,9782,10,21814,21824
167721,NSE-ZABA,10824,4,19375,19385
167721,NSE-CARD,9912,8,21358,21825
167721,NSE-CARD,9918,8,21347,21825
167721,NSE-CARD,9923,8,21318,21825
167736,NSE-SIMP,10046,10,20334,20344
167736,NSE-SIMP,10046,8,20334,20345
167786,NSE-ZITO,9497,42,19924,19933
167786,NSE-ZABA,10823,42,19387,19396
167786,NSE-CARD,10051,10,21825,21836
167821,NSE-CARD,10053,1,21826,21837
167821,NSE-OIT,9558,9,20825,20834
167821,NSE-DLKV,9788,9,19655,19664
167821,NSE-ZABA,10819,6,19386,19397
167822,NSE-OIT,9531,8,20739,20836
167822,NSE-OIT,9513,8,20770,20836
167859,NSE-CARD,10080,10,21838,21848
167859,NSE-CARD,10080,12,21838,21850
167859,NSE-ZABA,10807,20,19399,19408
167881,NSE-DLKV,9780,50,19666,19675
167881,NSE-OIT,9503,34,20836,20845
167881,NSE-OIT,9504,16,20838,20845
167881,NSE-DLKV,9778,24,19665,19676
167921,NSE-CARD,10080,7,21838,21851
167921,NSE-SIMP,10032,2,20347,20357
167921,NSE-ZABA,10807,8,19399,19409
168017,NSE-CARD,10058,5,21852,21862
168017,NSE-ZITO,9490,5,19946,19955
168021,NSE-OIT,9517,5,20847,20856
168021,NSE-CARD,10058,4,21852,21863
168021,NSE-ZITO,9490,1,19946,19957
168021,NSE-DLKV,9802,8,18875,19687
168114,NSE-CARD,10048,50,21864,21877
168114,NSE-CARD,10047,10,21866,21878
168121,NSE-DLKV,9806,5,19688,19697
168204,NSE-CARD,10080,16,21879,21889
168204,NSE-CARD,10080,16,21879,21890
168204,NSE-CARD,10080,16,21879,21891
168204,NSE-CARD,10080,2,21879,21892
168204,NSE-CARD,10079,14,21881,21892
168204,NSE-CARD,10079,16,21881,21893
168219,NSE-CARD,10079,5,21881,21895
168219,NSE-ZABA,10842,5,19432,19441
168221,NSE-DLKV,9800,1,19699,19708
168221,NSE-CARD,10082,9,21880,21896
168221,NSE-ZITO,9494,6,19968,19978
168247,NSE-CARD,10038,5,21897,21907
168247,NSE-ZITO,9499,5,19980,19989
168247,NSE-CARD,10038,5,21897,21908
168321,NSE-CARD,10040,6,21898,21909
168321,NSE-SIMP,10040,9,20394,20403
168321,NSE-ZITO,9497,5,19979,19991
168421,NSE-ZITO,9520,4,19993,20003
168436,NSE-ZABA,10847,5,19464,19473
168521,NSE-SIMP,10021,9,20414,20426
168568,NSE-ZITO,9521,50,20014,20024
168621,NSE-ZITO,9523,6,20015,20025
168721,NSE-OIT,9535,9,20919,20928
168721,NSE-SIMP,10020,9,20438,20447
168721,NSE-CARD,10050,2,21945,21956
168815,NSE-OIT,9524,50,20930,20939
168815,NSE-OIT,9525,50,20932,20939
168815,NSE-OIT,9525,50,20932,20940
168815,NSE-OIT,9526,50,20934,20940
168821,NSE-CARD,9924,4,21958,21967
168821,NSE-CARD,9922,2,21957,21968
168856,NSE-CARD,9930,5,21969,21979
168856,NSE-ZITO,9512,5,20047,20056
168921,NSE-CARD,9932,6,21970,21980
168921,NSE-OIT,9507,6,20941,20951
168974,NSE-ZITO,9528,50,20058,20069
168990,NSE-ZABA,10851,20,19515,19524
169021,NSE-CARD,9934,3,21981,21996
169043,NSE-CARD,9917,8,21997,22008
169043,NSE-OIT,9545,8,20962,20973
169043,NSE-ZABA,10837,8,19526,19535
169121,NSE-ZITO,9524,4,20071,20082
169122,NSE-ZITO,9529,8,20081,20083
169122,NSE-ZITO,9533,8,19868,20083
169144,NSE-SIMP,10050,10,20492,20502
169144,NSE-SIMP,10050,10,20492,20503
169216,NSE-DLKV,9814,10,19804,19814
169221,NSE-SIMP,10050,3,20492,20505
169260,NSE-CARD,9907,20,22021,22030
169260,NSE-ZITO,9519,50,20093,20103
169321,NSE-SIMP,10018,4,20506,20516
169321,NSE-DLKV,9820,7,19815,19825
169321,NSE-ZITO,9521,7,20094,20104
169321,NSE-DLKV,9830,8,18770,19826
169321,NSE-DLKV,9834,8,18519,19826
169321,NSE-DLKV,9840,8,18581,19826
169323,NSE-CARD,9905,5,22031,22041
169323,NSE-ZITO,9519,5,20106,20115
169373,NSE-CARD,9905,5,22031,22042
169373,NSE-ZABA,10839,5,19558,19567
169373,NSE-CARD,9905,5,22031,22043
169421,NSE-CARD,9905,5,22031,22044
169421,NSE-ZABA,10839,3,19558,19568
169421,NSE-CARD,9905,2,22031,22045
169421,NSE-DLKV,9856,8,18506,19836
169521,NSE-SIMP,10027,1,20528,20539
169522,NSE-ZITO,9500,8,20080,20128
169528,NSE-CARD,9920,50,22057,22066
169528,NSE-ZABA,10818,30,19580,19589
169528,NSE-CARD,9921,50,22059,22067
169555,NSE-ZABA,10818,20,19580,19590
169555,NSE-CARD,9921,20,22059,22073
169622,NSE-ZITO,9493,8,20127,20139
169721,NSE-DLKV,9864,7,19858,19867
169721,NSE-DLKV,9865,8,18434,19868
169821,NSE-ZITO,9495,4,20150,20161
169821,NSE-OIT,9514,6,21037,21046
169821,NSE-OIT,9504,8,20972,21048
169822,NSE-SIMP,10060,10,20570,20580
169921,NSE-OIT,9502,8,21047,21057
169921,NSE-SIMP,10062,4,20571,20581
169949,NSE-ZITO,9497,50,20172,20182
169949,NSE-OIT,9511,50,21059,21068
169949,NSE-ZABA,10791,40,19622,19631
169949,NSE-ZABA,10791,10,19622,19632
169949,NSE-ZABA,10793,10,19624,19632
169949,NSE-CARD,10008,20,22105,22117
169949,NSE-CARD,10008,20,22105,22118
169949,NSE-ZABA,10793,20,19624,19633
169968,NSE-DLKV,9873,10,19888,19898
169968,NSE-SIMP,10065,10,20582,20592
170021,NSE-ZABA,10793,5,19624,19634
170021,NSE-SIMP,10065,9,20582,20594
170022,NSE-OIT,9498,8,20674,21070
170048,NSE-ZITO,9497,50,20183,20193
170116,NSE-DLKV,9892,10,19899,19909
170121,NSE-DLKV,9894,1,19900,19910
170173,NSE-CARD,10012,10,22130,22141
170173,NSE-CARD,10012,10,22130,22143
170173,NSE-ZITO,9505,5,20195,20204
170192,NSE-SIMP,10038,10,20605,20615
170221,NSE-CARD,10012,7,22130,22144
170221,NSE-ZABA,10822,5,19645,19656
170221,NSE-ZITO,9505,4,20195,20206
170221,NSE-DLKV,9862,1,19912,19922
170221,NSE-OIT,9502,6,21079,21089
170256,NSE-SIMP,10050,18,20616,20626
170360,NSE-OIT,9503,10,21102,21111
170360,NSE-OIT,9503,10,21102,21112
170360,NSE-OIT,9503,10,21102,21113
170404,NSE-SIMP,10046,10,20628,20638
170421,NSE-CARD,10035,3,22156,22170
170491,NSE-ZABA,10829,10,19681,19691
170509,NSE-OIT,9498,42,21115,21124
170577,NSE-OIT,9511,10,21126,21135
170577,NSE-OIT,9511,10,21126,21136
170577,NSE-OIT,9511,10,21126,21137
170577,NSE-OIT,9511,10,21126,21138
170577,NSE-ZABA,10821,10,19693,19702
170577,NSE-ZABA,10821,10,19693,19703
170577,NSE-ZABA,10821,10,19693,19704
170577,NSE-ZITO,9474,10,20239,20248
170590,NSE-SIMP,10027,10,20651,20660
170621,NSE-ZABA,10817,2,19692,19705
170659,NSE-CARD,10014,5,22197,22207
170659,NSE-ZITO,9491,5,20251,20260
170659,NSE-CARD,10014,5,22197,22208
170685,NSE-CARD,10014,8,22197,22210
170686,NSE-OIT,9506,8,21140,21149
170686,NSE-ZABA,10828,8,19707,19716
170721,NSE-ZABA,10824,1,19706,19719
170721,NSE-OIT,9506,7,21140,21151
170721,NSE-CARD,10016,2,22198,22211
170722,NSE-SIMP,10014,8,20491,20675
170723,NSE-ZITO,9482,8,20262,20265
170785,NSE-CARD,9927,8,22213,22222
170785,NSE-OIT,9549,8,21152,21163
170785,NSE-ZABA,10805,10,19721,19732
170818,NSE-ZABA,10805,5,19721,19733
170819,NSE-CARD,9927,10,22213,22224
170819,NSE-CARD,9927,10,22213,22225
170819,NSE-CARD,9927,10,22213,22226
170819,NSE-CARD,9927,10,22213,22227
170819,NSE-CARD,9927,2,22213,22228
170819,NSE-CARD,9928,8,22215,22228
170821,NSE-DLKV,9855,1,19981,19992
170821,NSE-OIT,9551,8,21153,21167
170834,NSE-SIMP,10022,10,20687,20696
170834,NSE-ZABA,10821,10,19735,19744
170834,NSE-ZABA,10821,10,19735,19745
170834,NSE-ZITO,9486,10,20276,20285
170864,NSE-CARD,9923,20,22230,22239
170893,NSE-DLKV,9871,10,19993,20003
170893,NSE-ZITO,9486,10,20276,20286
170921,NSE-ZABA,10821,6,19735,19746
170921,NSE-SIMP,10020,4,20686,20697
170921,NSE-SIMP,10022,9,20687,20698
170927,NSE-ZITO,9495,50,20287,20297
171022,NSE-ZITO,9503,8,20274,20299
171022,NSE-ZITO,9511,8,20263,20299
171065,NSE-ZABA,10807,10,19758,19767
171073,NSE-CARD,9912,10,22251,22261
171073,NSE-CARD,9912,10,22251,22262
171073,NSE-CARD,9912,10,22251,22263
171073,NSE-CARD,9912,10,22251,22264
171073,NSE-CARD,9912,10,22251,22265
171073,NSE-OIT,9515,10,21191,21201
171073,NSE-OIT,9515,10,21191,21202
171073,NSE-OIT,9515,10,21191,21203
171121,NSE-CARD,9913,6,22253,22266
171121,NSE-CARD,9910,4,22250,22267
171149,NSE-SIMP,10012,50,20723,20732
171149,NSE-SIMP,10013,100,20725,20732
171149,NSE-SIMP,10014,50,20727,20732
171166,NSE-CARD,9909,5,22268,22278
171166,NSE-ZITO,9501,5,20313,20322
171175,NSE-CARD,9911,20,22269,22279
171175,NSE-CARD,9911,20,22269,22280
171197,NSE-ZABA,10811,50,19771,19780
171221,NSE-CARD,9911,10,22269,22281
171221,NSE-ZABA,10807,1,19770,19781
171221,NSE-DLKV,9862,1,20025,20037
171221,NSE-ZABA,10813,8,19773,19782
171221,NSE-OIT,9501,8,21162,21215
171221,NSE-SIMP,10011,8,20240,20736
171221,NSE-SIMP,10005,8,20684,20736
171221,NSE-SIMP,9998,8,20016,20736
171221,NSE-SIMP,9998,8,20062,20736
171221,NSE-SIMP,9997,8,20223,20736
171221,NSE-SIMP,9996,8,20671,20736
171237,NSE-ZABA,10802,10,19784,19793
171304,NSE-CARD,9909,20,22283,22297
171304,NSE-SIMP,9995,2,20736,20745
171304,NSE-SIMP,9996,8,20738,20745
171304,NSE-OIT,9489,10,21215,21224
171321,NSE-ZITO,9496,6,20325,20336
171321,NSE-SIMP,9992,8,19992,20747
171321,NSE-SIMP,9985,8,20164,20747
171350,NSE-OIT,9510,50,21226,21235
171350,NSE-OIT,9511,10,21228,21236
171350,NSE-OIT,9511,10,21228,21237
171350,NSE-OIT,9511,10,21228,21238
171350,NSE-ZITO,9495,10,20338,20347
171421,NSE-SIMP,9980,9,20746,20756
171421,NSE-SIMP,9980,7,20746,20757
171430,NSE-CARD,9928,8,22314,22323
171450,NSE-ZITO,9516,8,20349,20359
171465,NSE-DLKV,9872,10,20059,20070
171479,NSE-DLKV,9872,10,20059,20071
171557,NSE-ZITO,9516,50,20360,20370
171557,NSE-CARD,9901,10,22330,22339
171586,NSE-CARD,9899,5,22329,22340
171586,NSE-ZITO,9518,5,20361,20371
171586,NSE-CARD,9899,5,22329,22341
171586,NSE-ZABA,10815,5,19819,19828
171586,NSE-CARD,9899,5,22329,22342
171621,NSE-ZITO,9515,3,20362,20373
171622,NSE-CARD,9907,10,22344,22353
171622,NSE-CARD,9907,10,22344,22354
171622,NSE-CARD,9907,10,22344,22355
171717,NSE-DLKV,9875,10,20082,20092
171717,NSE-DLKV,9875,10,20082,20093
171721,NSE-DLKV,9875,1,20082,20094
171721,NSE-CARD,10066,8,22324,22356
171721,NSE-CARD,10074,8,22223,22356
171721,NSE-CARD,10124,8,21249,22356
171721,NSE-CARD,10126,8,21201,22356
171721,NSE-CARD,10129,8,21223,22356
171745,NSE-CARD,10135,10,22356,22368
171745,NSE-CARD,10134,10,22358,22368
171772,NSE-ZITO,9526,42,20385,20395
171820,NSE-ZABA,10805,10,19840,19850
171820,NSE-ZABA,10805,10,19840,19851
171820,NSE-ZITO,9526,8,20385,20396
171820,NSE-ZITO,9525,2,20387,20396
171821,NSE-DLKV,9865,1,20095,20105
171821,NSE-OIT,9499,4,21271,21284
171888,NSE-ZITO,9493,5,20399,20408
171889,NSE-ZABA,10812,45,19853,19862
171889,NSE-ZABA,10812,5,19853,19863
171889,NSE-ZABA,10814,45,19855,19863
171921,NSE-SIMP,10011,9,20807,20820
171921,NSE-CARD,10141,1,22375,22386
171923,NSE-ZABA,10805,10,19865,19874
171973,NSE-SIMP,10004,10,20821,20831
171973,NSE-CARD,10156,5,22387,22397
171973,NSE-ZITO,9497,5,20412,20421
171973,NSE-CARD,10156,5,22387,22398
172021,NSE-ZITO,9497,10,20412,20423
172021,NSE-CARD,10156,6,22387,22399
172023,NSE-ZABA,10795,8,19730,19876
172023,NSE-ZABA,10785,42,19876,19885
172023,NSE-ZABA,10787,8,19878,19885
172037,NSE-CARD,10154,20,22400,22410
172037,NSE-CARD,10154,20,22400,22411
172037,NSE-CARD,10154,10,22400,22412
172037,NSE-CARD,10153,10,22402,22412
172037,NSE-CARD,10153,20,22402,22413
172037,NSE-CARD,10153,20,22402,22414
172037,NSE-ZABA,10787,20,19878,19886
172071,NSE-ZABA,10787,5,19878,19887
172101,NSE-CARD,10153,10,22402,22415
172101,NSE-OIT,9483,10,21307,21316
172121,NSE-ZITO,9475,5,20424,20435
172191,NSE-DLKV,9875,10,20138,20148
172191,NSE-SIMP,10020,10,20842,20852
172221,NSE-ZABA,10782,3,19888,19898
172221,NSE-OIT,9474,8,20578,21328
172221,NSE-OIT,9469,8,20726,21328
172227,NSE-CARD,10172,20,22431,22441
172269,NSE-CARD,10172,5,22431,22443
172269,NSE-ZITO,9483,5,20448,20457
172293,NSE-OIT,9469,10,21328,21337
172293,NSE-OIT,9469,10,21328,21338
172321,NSE-DLKV,9853,7,20149,20161
172342,NSE-SIMP,9993,40,20865,20875
172421,NSE-ZABA,10797,1,19909,19919
172421,NSE-SIMP,9995,7,20866,20876
172421,NSE-DLKV,9856,5,20162,20172
172421,NSE-DLKV,9858,1,20163,20173
172421,NSE-ZABA,10801,1,19910,19920
172422,NSE-CARD,10157,20,22458,22468
172621,NSE-DLKV,9870,4,20185,20194
172621,NSE-CARD,10143,3,22469,22479
172621,NSE-OIT,9477,4,21359,21369
172621,NSE-ZABA,10791,9,19931,19942
172621,NSE-SIMP,10012,3,20887,20897
172621,NSE-DLKV,9870,8,20185,20195
172621,NSE-ZABA,10791,5,19931,19943
172700,NSE-OIT,9462,50,21371,21380
172721,NSE-OIT,9463,7,21373,21381
172721,NSE-ZITO,9503,2,20490,20500
172774,NSE-SIMP,10010,10,20909,20919
172774,NSE-ZABA,10783,10,19956,19966
172775,NSE-CARD,10115,5,22490,22500
172821,NSE-ZITO,9514,1,20502,20511
172847,NSE-ZABA,10797,5,19968,19977
172847,NSE-CARD,10102,5,22501,22511
172922,NSE-ZABA,10774,5,10105,19979
172932,NSE-OIT,9451,50,21403,21412
172964,NSE-SIMP,10025,20,20931,20942
172992,NSE-SIMP,10025,10,20931,20943
173021,NSE-OIT,9452,5,21405,21413
173021,NSE-DLKV,9828,2,20233,20242
173021,NSE-ZABA,10729,4,19978,19988
173035,NSE-CARD,10103,10,22523,22533
173035,NSE-SIMP,9998,10,20944,20954
173035,NSE-SIMP,9998,10,20944,20957
173035,NSE-ZABA,10747,10,19990,19999
173035,NSE-ZABA,10747,10,19990,20000
173114,NSE-CARD,10103,20,22523,22535
173114,NSE-CARD,10103,20,22523,22537
173121,NSE-OIT,9460,4,21414,21424
173121,NSE-OIT,9460,4,21414,21425
173221,NSE-ZABA,10729,8,20004,20013
173221,NSE-DLKV,9827,5,20255,20264
173221,NSE-SIMP,10003,6,20960,20969
173237,NSE-CARD,10108,10,22549,22559
173257,NSE-SIMP,10029,10,20970,20980
173274,NSE-CARD,10110,10,22550,22560
173274,NSE-CARD,10110,10,22550,22561
173274,NSE-DLKV,9850,10,20265,20275
173274,NSE-SIMP,10029,10,20970,20981
173274,NSE-ZITO,9516,5,20558,20568
173346,NSE-CARD,10112,8,22562,22573
173346,NSE-OIT,9490,8,21451,21460
173346,NSE-ZABA,10769,8,20029,20038
173346,NSE-ZITO,9531,8,20570,20581
173386,NSE-ZITO,9531,42,20570,20582
173386,NSE-ZITO,9530,8,20572,20582
173421,NSE-ZABA,10765,3,20028,20041
173421,NSE-OIT,9488,4,21450,21463
173421,NSE-CARD,10112,2,22562,22574
173421,NSE-DLKV,9842,8,20286,20288
173424,NSE-DLKV,9826,10,20288,20297
173465,NSE-CARD,10091,20,22576,22585
173465,NSE-CARD,10091,20,22576,22587
173504,NSE-CARD,10091,10,22576,22588
173504,NSE-SIMP,10026,10,20994,21004
173504,NSE-SIMP,10026,10,20994,21005
173521,NSE-ZABA,10734,7,20043,20054
173521,NSE-OIT,9479,1,21465,21474
173521,NSE-OIT,9479,1,21465,21475
173588,NSE-CARD,10083,20,22590,22600
173588,NSE-SIMP,10013,4,21006,21017
173602,NSE-CARD,10083,10,22590,22603
173602,NSE-ZABA,10723,10,20056,20067
173615,NSE-ZABA,10723,40,20056,20069
173615,NSE-ZABA,10725,5,20058,20069
173621,NSE-ZITO,9515,10,20596,20607
173621,NSE-DLKV,9823,5,20300,20309
173621,NSE-ZITO,9513,9,20595,20608
173682,NSE-ZITO,9533,10,20609,20619
173721,NSE-ZITO,9535,5,20610,20620
173721,NSE-SIMP,10019,8,21020,21029
173721,NSE-OIT,9486,1,21486,21496
173721,NSE-SIMP,10019,3,21020,21030
173768,NSE-OIT,9487,10,21498,21507
173784,NSE-CARD,10179,10,22614,22625
173784,NSE-DLKV,9825,10,20321,20330
173784,NSE-DLKV,9825,32,20321,20332
173821,NSE-OIT,9487,9,21498,21508
173821,NSE-OIT,9485,10,21497,21509
173876,NSE-CARD,10221,10,22629,22639
173921,NSE-SIMP,10014,4,21043,21053
173921,NSE-SIMP,10010,8,20992,21055
173951,NSE-CARD,10206,20,22640,22651
173987,NSE-ZITO,9493,10,20642,20652
174021,NSE-ZITO,9493,2,20642,20653
174021,NSE-CARD,10206,5,22640,22654
174021,NSE-OIT,9494,9,21521,21532
174021,NSE-SIMP,10007,3,21054,21065
174066,NSE-CARD,10203,10,22655,22665
174066,NSE-DLKV,9830,10,20355,20364
174066,NSE-SIMP,10023,10,21066,21076
174066,NSE-ZABA,10733,10,20112,20121
174077,NSE-CARD,10203,20,22655,22670
174121,NSE-SIMP,10025,9,21067,21077
174121,NSE-CARD,10205,2,22656,22671
174160,NSE-ZITO,9514,50,20666,20676
174251,NSE-CARD,10209,10,22683,22693
174251,NSE-DLKV,9825,10,20378,20387
174265,NSE-SIMP,10014,10,21088,21099
174321,NSE-ZABA,10752,5,20133,20146
174341,NSE-ZITO,9516,50,20690,20700
174355,NSE-ZABA,10750,10,20148,20158
174421,NSE-CARD,10209,8,22698,22707
174421,NSE-ZITO,9515,3,20692,20701
174421,NSE-CARD,10207,2,22697,22708
174421,NSE-SIMP,10034,8,20768,21111
174421,NSE-SIMP,10036,8,20685,21111
174422,NSE-ZITO,9539,8,18144,20702
174429,NSE-SIMP,10037,10,21111,21121
174429,NSE-CARD,10205,8,22709,22720
174429,NSE-DLKV,9832,8,20400,20409
174429,NSE-OIT,9519,8,21574,21585
174429,NSE-ZABA,10764,8,20160,20169
174464,NSE-SIMP,10037,10,21111,21124
174464,NSE-ZABA,10760,20,20159,20171
174482,NSE-CARD,10207,50,22710,22721
174482,NSE-ZITO,9540,42,20702,20713
174482,NSE-ZITO,9539,8,20704,20713
174482,NSE-CARD,10205,10,22709,22722
174515,NSE-DLKV,9830,10,20399,20412
174521,NSE-ZITO,9539,3,20704,20714
174530,NSE-SIMP,10024,10,21125,21135
174563,NSE-CARD,10226,5,22724,22737
174563,NSE-ZITO,9536,10,20715,20727
174621,NSE-SIMP,10024,3,21125,21137
174621,NSE-ZITO,9538,8,20716,20728
174621,NSE-ZITO,9538,8,20716,20729
174621,NSE-OIT,9522,5,21588,21600
174686,NSE-SIMP,10023,8,21122,21148
174686,NSE-SIMP,10023,2,21138,21148
174721,NSE-OIT,9518,4,21602,21612
174721,NSE-OIT,9516,1,21601,21613
174721,NSE-SIMP,10023,5,21138,21149
174721,NSE-OIT,9516,8,21601,21614
174721,NSE-SIMP,10025,1,21139,21150
174721,NSE-CARD,10251,8,21162,22750
174721,NSE-CARD,10265,8,21114,22750
174721,NSE-CARD,10283,8,21091,22750
174721,NSE-CARD,10311,8,21068,22750
174721,NSE-CARD,10319,8,20986,22750
174791,NSE-ZABA,10746,5,20197,20206
174791,NSE-CARD,10330,5,22750,22760
174791,NSE-ZABA,10746,5,20197,20207
174821,NSE-SIMP,10015,1,21152,21161
174830,NSE-ZABA,10794,20,20208,20218
174850,NSE-DLKV,9869,10,20445,20456
174850,NSE-OIT,9495,10,21626,21635
174850,NSE-OIT,9495,10,21626,21636
174850,NSE-OIT,9495,10,21626,21637
174850,NSE-ZITO,9539,10,20751,20762
174872,NSE-ZABA,10794,10,20208,20221
174879,NSE-OIT,9495,10,21626,21638
174921,NSE-DLKV,9871,8,20446,20458
174921,NSE-SIMP,10038,5,21163,21174
174921,NSE-ZITO,9539,6,20751,20763
174921,NSE-OIT,9493,1,21625,21639
174921,NSE-SIMP,10038,4,21163,21175
174921,NSE-DLKV,9875,8,20410,20459
174921,NSE-OIT,9488,8,21584,21641
174921,NSE-SIMP,10041,8,20993,21176
174946,NSE-OIT,9484,42,21641,21650
174946,NSE-OIT,9485,8,21643,21650
174971,NSE-SIMP,10044,2,21176,21186
174997,NSE-SIMP,10044,10,21176,21187
174997,NSE-OIT,9485,92,21643,21651
174997,NSE-OIT,9486,8,21645,21651
175010,NSE-DLKV,9888,10,20459,20470
175010,NSE-OIT,9486,10,21645,21652
175010,NSE-OIT,9486,10,21645,21653
175010,NSE-OIT,9486,10,21645,21654
175010,NSE-SIMP,10044,10,21176,21188
175010,NSE-ZITO,9531,10,20764,20775
175021,NSE-SIMP,10053,50,21098,21189
175021,NSE-SIMP,10053,50,21098,21191
175021,NSE-SIMP,10053,50,21110,21191
175055,NSE-OIT,9464,50,21656,21665
175055,NSE-OIT,9465,50,21658,21665
175068,NSE-CARD,10324,20,22791,22802
175163,NSE-DLKV,9868,10,20482,20492
175163,NSE-OIT,9494,10,21667,21676
175163,NSE-CARD,10303,10,22804,22814
175221,NSE-CARD,10303,1,22804,22815
175221,NSE-ZABA,10774,6,20245,20255
175221,NSE-CARD,10303,5,22804,22816
175221,NSE-ZABA,10804,8,20039,20256
175222,NSE-ZITO,9545,8,18085,20799
175237,NSE-ZITO,9551,42,20799,20809
175237,NSE-ZITO,9550,8,20801,20809
175237,NSE-CARD,10325,50,22818,22828
175261,NSE-SIMP,10046,10,21209,21219
175261,NSE-OIT,9494,50,21678,21687
175261,NSE-OIT,9495,50,21680,21687
175307,NSE-OIT,9495,50,21680,21688
175307,NSE-OIT,9496,50,21682,21688
175308,NSE-CARD,10323,8,22817,22830
175308,NSE-OIT,9496,8,21682,21689
175308,NSE-SIMP,10046,8,21209,21221
175308,NSE-ZITO,9550,50,20801,20811
175321,NSE-ZITO,9550,1,20801,20812
175321,NSE-DLKV,9845,7,20493,20508
175321,NSE-ZABA,10818,6,20257,20270
175321,NSE-CARD,10326,3,22820,22831
175326,NSE-CARD,10308,10,22833,22842
175342,NSE-ZITO,9541,30,20813,20823
175342,NSE-CARD,10308,10,22833,22843
175342,NSE-CARD,10308,10,22833,22844
175342,NSE-CARD,10308,10,22833,22845
175342,NSE-DLKV,9868,10,20510,20519
175343,NSE-SIMP,10045,2,21222,21232
175343,NSE-SIMP,10045,10,21222,21233
175343,NSE-ZITO,9541,10,20813,20824
175343,NSE-ZITO,9541,10,20813,20825
175357,NSE-ZABA,10804,20,20271,20285
175357,NSE-ZABA,10804,20,20271,20286
175389,NSE-CARD,10306,5,22832,22847
175389,NSE-ZITO,9543,5,20814,20827
175406,NSE-SIMP,10045,10,21222,21234
175421,NSE-CARD,10306,8,22832,22848
175421,NSE-OIT,9513,4,21691,21701
175422,NSE-DLKV,9872,8,20507,20521
175423,NSE-ZABA,10821,8,20269,20287
175501,NSE-CARD,10321,5,22849,22859
175501,NSE-ZABA,10828,5,19731,20297
175501,NSE-CARD,10321,5,22849,22860
175521,NSE-OIT,9512,8,21703,21712
175521,NSE-ZABA,10828,3,19731,20298
175538,NSE-CARD,10333,10,22861,22871
175538,NSE-DLKV,9877,10,20532,20542
175552,NSE-ZITO,9539,50,20839,20849
175552,NSE-ZITO,9541,5,20840,20850
175552,NSE-CARD,10333,5,22861,22874
175553,NSE-ZABA,10840,5,20170,20310
175612,NSE-CARD,10333,10,22861,22875
175621,NSE-CARD,10335,9,22862,22876
175621,NSE-ZITO,9538,1,20841,20852
175621,NSE-OIT,9528,8,21690,21723
175683,NSE-ZABA,10833,20,20311,20321
175721,NSE-ZITO,9546,2,20854,20865
175721,NSE-CARD,10324,8,22877,22887
175721,NSE-ZITO,9544,6,20853,20866
175721,NSE-CARD,10326,7,22878,22888
175721,NSE-CARD,10345,8,21043,22889
175721,NSE-CARD,10394,8,20861,22889
175721,NSE-CARD,10396,8,20951,22889
175721,NSE-ZABA,10840,3,20170,20322
175753,NSE-CARD,10507,10,22889,22899
175797,NSE-DLKV,9880,10,20554,20564
175797,NSE-DLKV,9880,10,20554,20565
175810,NSE-DLKV,9880,26,20554,20566
175821,NSE-DLKV,9880,3,20554,20567
175821,NSE-SIMP,10044,9,21271,21283
175823,NSE-CARD,10499,10,22901,22911
175902,NSE-ZABA,10841,20,20333,20343
175921,NSE-ZITO,9538,8,20879,20889
175921,NSE-DLKV,9843,8,20506,20579
175975,NSE-CARD,10477,10,22912,22922
176008,NSE-ZABA,10839,3,20345,20354
176021,NSE-CARD,10479,2,22913,22924
176021,NSE-DLKV,9819,1,20579,20591
176021,NSE-DLKV,9819,3,20579,20592
176104,NSE-CARD,10522,50,22925,22935
176104,NSE-CARD,10521,100,22927,22935
176104,NSE-CARD,10520,50,22929,22935
176121,NSE-CARD,10520,7,22929,22936
176121,NSE-SIMP,10053,7,21110,21317
176159,NSE-CARD,10499,10,22937,22947
176221,NSE-ZITO,9499,2,20810,20923
176221,NSE-OIT,9525,2,21775,21785
176221,NSE-DLKV,9828,1,20603,20613
176291,NSE-CARD,10530,10,22948,22958
176321,NSE-ZITO,9508,6,20925,20934
176380,NSE-CARD,10507,8,22959,22970
176380,NSE-DLKV,9834,8,20626,20635
176380,NSE-OIT,9519,8,21796,21807
176380,NSE-SIMP,10029,8,21340,21351
176400,NSE-ZABA,10816,50,20387,20398
176400,NSE-CARD,10509,50,22960,22971
176400,NSE-DLKV,9834,42,20626,20637
176400,NSE-DLKV,9835,8,20628,20637
176400,NSE-CARD,10507,5,22959,22972
176400,NSE-ZABA,10818,5,20389,20399
176421,NSE-CARD,10507,6,22959,22974
176423,NSE-ZABA,10827,8,20397,20400
176514,NSE-SIMP,10033,47,21352,21365
176521,NSE-ZABA,10850,4,20401,20410
176527,NSE-DLKV,9847,10,20649,20659
176591,NSE-ZABA,10862,20,20411,20421
176621,NSE-DLKV,9847,9,20649,20660
176621,NSE-ZABA,10875,8,19816,20422
176677,NSE-ZITO,9523,50,20969,20979
176677,NSE-CARD,10499,50,22999,23011
176677,NSE-ZITO,9522,50,20971,20980
176718,NSE-CARD,10497,5,22998,23012
176718,NSE-ZABA,10884,5,20423,20434
176718,NSE-CARD,10497,5,22998,23013
176721,NSE-SIMP,10009,5,21378,21391
176721,NSE-ZABA,10884,5,20423,20435
176797,NSE-DLKV,9858,10,20673,20683
176821,NSE-ZITO,9503,10,20981,20991
176821,NSE-ZABA,10852,6,20436,20446
176821,NSE-DLKV,9866,8,20636,20684
176921,NSE-DLKV,9870,8,20685,20694
176952,NSE-CARD,10435,50,23038,23047
176952,NSE-ZITO,9540,50,21002,21012
176952,NSE-CARD,10436,50,23040,23048
176952,NSE-ZABA,10858,50,20458,20469
176952,NSE-OIT,9524,50,21860,21869
177010,NSE-DLKV,9897,10,20695,20706
177021,NSE-OIT,9522,8,21859,21870
177021,NSE-ZABA,10860,2,20460,20470
177021,NSE-DLKV,9899,9,20696,20707
177021,NSE-DLKV,9905,8,18389,20708
177034,NSE-ZITO,9536,5,21014,21023
177034,NSE-CARD,10425,5,23050,23060
177055,NSE-ZABA,10889,5,20472,20481
177055,NSE-DLKV,9908,10,20708,20718
177094,NSE-ZITO,9534,50,21013,21025
177094,NSE-DLKV,9908,32,20708,20719
177094,NSE-DLKV,9907,18,20710,20719
177094,NSE-CARD,10427,50,23051,23061
177094,NSE-DLKV,9907,42,20710,20720
177114,NSE-ZABA,10885,20,20471,20483
177114,NSE-ZABA,10885,10,20471,20484
177115,NSE-CARD,10425,8,23050,23063
177115,NSE-DLKV,9907,8,20710,20722
177115,NSE-OIT,9523,8,21871,21882
177115,NSE-ZABA,10885,8,20471,20486
177121,NSE-ZITO,9536,2,21014,21027
177121,NSE-CARD,10428,1,23053,23064
177121,NSE-DLKV,9911,8,18289,20723
177121,NSE-DLKV,9912,10,20159,20723
177121,NSE-DLKV,9912,10,20218,20723
177121,NSE-DLKV,9912,10,20219,20723
177121,NSE-DLKV,9930,8,18312,20723
177121,NSE-DLKV,9934,4,18159,20723
177121,NSE-DLKV,9934,4,18159,20725
177122,NSE-SIMP,10007,8,21438,21439
177141,NSE-SIMP,10016,10,21439,21449
177155,NSE-CARD,10448,5,23065,23076
177155,NSE-ZABA,10857,5,20488,20497
177155,NSE-CARD,10448,5,23065,23077
177172,NSE-ZITO,9532,10,21028,21038
177221,NSE-DLKV,9935,4,20725,20733
177221,NSE-ZABA,10853,7,20487,20498
177226,NSE-DLKV,9918,42,20734,20744
177294,NSE-ZABA,10850,20,20500,20509
177303,NSE-DLKV,9918,8,20734,20745
177303,NSE-DLKV,9917,2,20736,20745
177303,NSE-DLKV,9917,10,20736,20746
177329,NSE-ZITO,9551,5,21051,21060
177382,NSE-CARD,10454,10,23089,23099
177421,NSE-DLKV,9927,3,20747,20757
177421,NSE-CARD,10456,4,23090,23100
177480,NSE-ZABA,10823,45,20521,20532
177503,NSE-CARD,10436,10,23101,23112
177503,NSE-SIMP,10024,10,21473,21483
177521,NSE-SIMP,10024,6,21473,21484
177521,NSE-DLKV,9913,1,20758,20768
177587,NSE-CARD,10449,10,23113,23123
177621,NSE-CARD,10451,8,23114,23124
177621,NSE-SIMP,10019,9,21485,21495
177621,NSE-DLKV,9915,4,20769,20781
177621,NSE-SIMP,9998,8,21220,21497
177650,NSE-OIT,9510,50,21934,21943
177721,NSE-OIT,9508,7,21933,21944
177721,NSE-CARD,10546,8,20833,23136
177721,NSE-SIMP,9994,8,21350,21507
177722,NSE-ZABA,10796,8,20485,20554
177722,NSE-ZABA,10794,8,20396,20554
177722,NSE-ZABA,10788,8,20268,20554
177755,NSE-CARD,10642,10,23136,23146
177772,NSE-ZABA,10786,26,20554,20563
177772,NSE-ZABA,10788,4,20556,20563
177810,NSE-CARD,10642,10,23136,23148
177821,NSE-CARD,10642,4,23136,23149
177821,NSE-DLKV,9907,9,20793,20804
177821,NSE-CARD,10644,5,23137,23150
177863,NSE-ZABA,10797,20,20565,20574
177905,NSE-ZABA,10797,5,20565,20575
177905,NSE-CARD,10629,10,23151,23161
177921,NSE-SIMP,10006,6,21518,21528
177922,NSE-ZITO,9553,8,17581,21115
177922,NSE-ZITO,9562,8,17470,21115
177922,NSE-ZITO,9564,8,17425,21115
177963,NSE-CARD,10633,5,23162,23172
177963,NSE-ZABA,10799,5,20577,20586
177980,NSE-CARD,10633,10,23162,23173
177981,NSE-DLKV,9919,10,20815,20825
177981,NSE-DLKV,9919,10,20815,20826
177981,NSE-SIMP,10006,10,21529,21539
177981,NSE-SIMP,10006,10,21529,21540
177981,NSE-OIT,9499,50,21966,21975
177981,NSE-OIT,9500,48,21968,21975
178021,NSE-OIT,9500,1,21968,21976
178021,NSE-CARD,10635,5,23163,23174
178021,NSE-CARD,10633,6,23162,23175
178021,NSE-OIT,9480,8,21806,21978
178043,NSE-ZABA,10801,20,20588,20597
178043,NSE-ZABA,10801,20,20588,20598
178044,NSE-CARD,10633,10,23176,23186
178121,NSE-CARD,10635,7,23177,23188
178121,NSE-CARD,10635,8,23177,23189
178121,NSE-DLKV,9897,6,20827,20837
178126,NSE-ZITO,9546,10,21135,21145
178126,NSE-ZITO,9546,10,21135,21146
178126,NSE-CARD,10628,8,23190,23203
178126,NSE-OIT,9487,8,21987,21998
178126,NSE-ZABA,10796,8,20599,20610
178195,NSE-SIMP,10027,10,21551,21563
178195,NSE-SIMP,10027,10,21551,21564
178221,NSE-ZABA,10796,5,20599,20611
178221,NSE-OIT,9489,10,21988,21999
178221,NSE-OIT,9489,4,21988,22000
178221,NSE-CARD,10630,8,23191,23205
178221,NSE-DLKV,9890,3,20838,20852
178359,NSE-ZITO,9565,10,21158,21168
178359,NSE-ZITO,9565,10,21158,21169
178359,NSE-ZITO,9565,10,21158,21170
178421,NSE-ZITO,9566,4,17524,21171
178421,NSE-CARD,10613,7,23217,23230
178421,NSE-SIMP,10010,3,21561,21585
178421,NSE-SIMP,10010,5,21561,21587
178486,NSE-DLKV,9929,10,20873,20883
178486,NSE-DLKV,9929,10,20873,20884
178486,NSE-SIMP,10003,10,21586,21596
178521,NSE-DLKV,9931,6,20874,20885
178521,NSE-SIMP,10003,3,21586,21597
178530,NSE-DLKV,9923,34,20886,20896
178530,NSE-CARD,10620,5,23244,23254
178530,NSE-ZABA,10782,5,20646,20655
178582,NSE-CARD,10620,45,23244,23257
178582,NSE-CARD,10619,5,23246,23257
178602,NSE-CARD,10619,5,23246,23258
178602,NSE-ZABA,10782,5,20646,20656
178602,NSE-CARD,10619,5,23246,23259
178621,NSE-ZITO,9545,2,21182,21194
178672,NSE-ZABA,10788,20,20658,20667
178686,NSE-ZABA,10788,5,20658,20668
178686,NSE-CARD,10622,5,23260,23270
178721,NSE-ZABA,10788,7,20658,20669
178721,NSE-DLKV,9889,1,20897,20907
178770,NSE-SIMP,10013,10,21619,21629
178810,NSE-ZABA,10771,20,20671,20680
178821,NSE-DLKV,9900,9,20908,20920
178834,NSE-ZABA,10774,5,20682,20691
178834,NSE-OIT,9494,36,22062,22071
178921,NSE-ZITO,9533,9,21218,21228
178921,NSE-ZITO,9535,4,21219,21229
179021,NSE-CARD,10407,8,23297,23306
179021,NSE-CARD,10407,1,23297,23307
179121,NSE-ZITO,9522,3,21241,21250
179121,NSE-ZABA,10826,6,20704,20714
179221,NSE-CARD,10409,4,23319,23332
179221,NSE-ZABA,10825,4,20715,20726
179321,NSE-SIMP,10011,5,21675,21684
179421,NSE-DLKV,9859,9,20976,20987
179421,NSE-DLKV,9859,1,20976,20988
179483,NSE-CARD,10409,10,23356,23366
179483,NSE-ZITO,9549,10,21283,21293
179483,NSE-ZITO,9549,10,21283,21294
179521,NSE-DLKV,9893,4,20989,20999
179551,NSE-CARD,10416,5,23367,23377
179551,NSE-ZITO,9549,5,21296,21305
179584,NSE-SIMP,10019,10,21707,21717
179584,NSE-SIMP,10019,10,21707,21718
179584,NSE-SIMP,10019,10,21707,21719
179621,NSE-ZABA,10839,2,20757,20768
179621,NSE-OIT,9447,8,21881,22143
179693,NSE-CARD,10432,8,23381,23392
179693,NSE-OIT,9438,8,22143,22152
179693,NSE-ZABA,10842,8,20769,20780
179721,NSE-ZABA,10842,9,20769,20781
179721,NSE-OIT,9436,8,21997,22155
179734,NSE-ZABA,10823,20,20783,20792
179781,NSE-DLKV,9839,40,21024,21034
179781,NSE-DLKV,9839,10,21024,21035
179781,NSE-DLKV,9838,32,21026,21035
179781,NSE-ZITO,9522,40,21318,21330
179781,NSE-CARD,10174,5,23393,23404
179821,NSE-SIMP,10019,8,21732,21742
179821,NSE-DLKV,9838,6,21026,21036
179821,NSE-ZABA,10823,8,20783,20793
179822,NSE-SIMP,10028,8,21731,21743
179905,NSE-ZABA,10821,5,20795,20804
179906,NSE-CARD,10180,5,23405,23416
179921,NSE-CARD,10180,4,23405,23417
179993,NSE-ZITO,9546,10,21341,21351
179993,NSE-ZITO,9546,10,21341,21352
180007,NSE-ZABA,10810,30,20806,20815
180021,NSE-CARD,10168,20,23419,23431
180021,NSE-OIT,9444,8,22175,22185
180021,NSE-DLKV,9855,9,21049,21059
180021,NSE-CARD,10166,6,23062,23432
180021,NSE-CARD,10166,2,23062,23434
180021,NSE-CARD,10164,8,23391,23434
180021,NSE-DLKV,9837,8,20721,21061
180118,NSE-ZITO,9534,5,21354,21363
180204,NSE-ZABA,10813,20,20827,20836
180221,NSE-CARD,10159,6,23443,23454
180221,NSE-DLKV,9820,9,21071,21082
180221,NSE-ZITO,9537,3,21365,21375
180221,NSE-SIMP,10022,2,21773,21783
180287,NSE-CARD,10173,10,23455,23466
180321,NSE-SIMP,10002,6,21785,21794
180372,NSE-DLKV,9836,10,21094,21104
180421,NSE-CARD,10145,8,23468,23477
180421,NSE-OIT,9451,8,22218,22227
180421,NSE-ZABA,10813,8,20847,20858
180421,NSE-SIMP,10039,1,21795,21807
180436,NSE-CARD,10153,20,23480,23489
180521,NSE-OIT,9472,7,22229,22239
180521,NSE-ZITO,9566,4,17524,21409
180521,NSE-ZITO,9570,8,17513,21409
180521,NSE-ZITO,9571,8,17481,21409
180621,NSE-CARD,10158,10,23491,23501
180621,NSE-SIMP,10012,3,21819,21828
180621,NSE-SIMP,10012,5,21819,21829
180622,NSE-ZABA,10817,10,20881,20890
180622,NSE-ZABA,10817,10,20881,20891
180622,NSE-OIT,9466,10,22252,22263
180622,NSE-OIT,9466,10,22252,22264
180622,NSE-ZITO,9574,10,21419,21429
180622,NSE-ZITO,9574,10,21419,21430
180651,NSE-DLKV,9841,10,21127,21139
180651,NSE-CARD,10162,5,23502,23516
180651,NSE-ZABA,10817,5,20881,20895
180678,NSE-CARD,10164,10,23503,23517
180721,NSE-ZITO,9576,7,21420,21432
180721,NSE-DLKV,9841,1,21127,21140
180721,NSE-CARD,10124,8,22969,23519
180721,NSE-CARD,10101,8,23202,23519
180721,NSE-CARD,9997,8,22719,23519
180721,NSE-DLKV,9863,8,21106,21141
180752,NSE-CARD,9990,10,23519,23528
180752,NSE-CARD,9990,10,23519,23529
180752,NSE-CARD,9990,6,23519,23530
180752,NSE-CARD,9991,4,23521,23530
180752,NSE-CARD,9991,10,23521,23531
180752,NSE-CARD,9991,10,23521,23532
180763,NSE-ZITO,9561,10,21433,21443
180763,NSE-ZITO,9561,10,21433,21444
180763,NSE-DLKV,9870,10,21141,21153
180763,NSE-CARD,9988,5,23518,23533
180763,NSE-ZITO,9563,5,21434,21446
180763,NSE-CARD,9988,5,23518,23534
180806,NSE-ZITO,9561,10,21433,21448
180821,NSE-DLKV,9872,3,21142,21154
180821,NSE-OIT,9471,4,22266,22279
180821,NSE-CARD,9991,8,23521,23535
180826,NSE-ZITO,9580,5,21450,21459
180826,NSE-CARD,9999,5,23536,23546
180903,NSE-CARD,10001,10,23537,23547
180903,NSE-DLKV,9872,10,21155,21165
180903,NSE-OIT,9444,10,22281,22290
180903,NSE-ZABA,10794,10,20912,20921
180921,NSE-DLKV,9874,4,21156,21166
180921,NSE-SIMP,10030,4,21852,21862
180921,NSE-DLKV,9872,8,21155,21167
180921,NSE-SIMP,10009,8,21805,21864
180982,NSE-CARD,9987,10,23549,23558
180982,NSE-CARD,9987,10,23549,23559
180982,NSE-CARD,9987,10,23549,23560
180982,NSE-CARD,9987,10,23549,23561
180982,NSE-DLKV,9862,10,21168,21179
180982,NSE-OIT,9463,10,22292,22301
180982,NSE-OIT,9463,10,22292,22302
180982,NSE-OIT,9463,10,22292,22303
180982,NSE-ZITO,9584,10,21461,21471
180982,NSE-ZITO,9584,10,21461,21472
181057,NSE-CARD,9994,50,23563,23573
181057,NSE-CARD,9995,100,23565,23573
181057,NSE-CARD,9996,50,23567,23573
181072,NSE-OIT,9446,30,22305,22314
181089,NSE-CARD,9996,5,23567,23574
181172,NSE-CARD,9980,10,23578,23587
181172,NSE-OIT,9437,10,22316,22325
181172,NSE-CARD,9980,8,23578,23588
181173,NSE-OIT,9437,8,22316,22326
181173,NSE-SIMP,10018,8,21884,21893
181212,NSE-CARD,9980,20,23578,23590
181212,NSE-CARD,9980,12,23578,23591
181212,NSE-CARD,9981,8,23580,23591
181221,NSE-ZITO,9552,2,21485,21495
181221,NSE-DLKV,9859,4,21192,21203
181221,NSE-ZABA,10799,8,20957,20960
181259,NSE-ZABA,10795,5,20960,20971
181268,NSE-OIT,9413,10,22329,22338
181316,NSE-CARD,9983,10,23594,23603
181316,NSE-CARD,9983,10,23594,23604
181316,NSE-CARD,9983,10,23594,23605
181316,NSE-CARD,9983,10,23594,23606
181316,NSE-DLKV,9849,10,21205,21215
181317,NSE-DLKV,9849,10,21205,21217
181317,NSE-OIT,9413,10,22329,22339
181317,NSE-OIT,9413,10,22329,22340
181317,NSE-ZABA,10795,10,20960,20973
181317,NSE-ZABA,10795,10,20960,20974
181321,NSE-DLKV,9847,6,21204,21218
181421,NSE-ZABA,10798,5,20976,20986
181422,NSE-ZITO,9537,8,21494,21520
181519,NSE-ZABA,10783,20,20988,20997
181521,NSE-SIMP,10036,2,21916,21926
181521,NSE-ZITO,9534,9,21519,21529
181521,NSE-ZABA,10783,5,20988,20998
181521,NSE-CARD,9984,1,23618,23629
181577,NSE-OIT,9386,32,22362,22371
181586,NSE-CARD,9976,10,23631,23640
181586,NSE-CARD,9976,10,23631,23641
181586,NSE-OIT,9386,10,22362,22372
181586,NSE-ZABA,10801,10,21000,21009
181586,NSE-ZITO,9538,10,21531,21540
181586,NSE-OIT,9386,8,22362,22373
181586,NSE-OIT,9387,2,22364,22373
181586,NSE-ZABA,10801,10,21000,21010
181586,NSE-ZABA,10801,10,21000,21011
181586,NSE-ZABA,10801,10,21000,21012
181617,NSE-CARD,9976,10,23631,23642
181621,NSE-SIMP,10038,7,21928,21937
181621,NSE-CARD,9976,4,23631,23643
181621,NSE-DLKV,9864,9,21239,21250
181621,NSE-CARD,9976,5,23631,23644
181621,NSE-SIMP,10040,8,21806,21938
181621,NSE-SIMP,10041,8,21562,21938
181622,NSE-ZITO,9522,8,21398,21544
181708,NSE-CARD,9996,20,23645,23656
181721,NSE-ZITO,9514,6,21543,21553
181721,NSE-OIT,9384,5,22375,22384
181721,NSE-DLKV,9836,7,21252,21261
181791,NSE-DLKV,9854,40,21262,21272
181808,NSE-OIT,9387,10,22386,22395
181808,NSE-CARD,9942,10,23660,23669
181808,NSE-CARD,9942,10,23660,23670
181808,NSE-OIT,9387,10,22386,22396
181808,NSE-CARD,9942,10,23660,23671
181808,NSE-CARD,9942,10,23660,23672
181808,NSE-CARD,9942,10,23660,23673
181808,NSE-OIT,9387,10,22386,22397
181808,NSE-OIT,9387,10,22386,22398
181821,NSE-CARD,9943,2,23662,23674
181821,NSE-ZITO,9540,7,21555,21566
181821,NSE-CARD,9940,7,23659,23675
181821,NSE-ZITO,9538,3,21554,21567
181821,NSE-ZITO,9540,7,21555,21568
181870,NSE-OIT,9360,5,22400,22409
181884,NSE-CARD,9963,20,23677,23686
181921,NSE-ZABA,10811,1,21039,21048
181921,NSE-ZABA,10811,6,21039,21049
181946,NSE-ZABA,10788,10,21051,21060
181946,NSE-ZABA,10788,10,21051,21061
181946,NSE-CARD,9946,10,23688,23697
181955,NSE-ZABA,10788,10,21051,21062
181984,NSE-CARD,9946,10,23688,23698
181984,NSE-OIT,9381,10,22411,22420
181984,NSE-ZABA,10788,10,21051,21063
182021,NSE-ZITO,9503,3,21580,21589
182086,NSE-CARD,9946,20,23700,23710
182099,NSE-OIT,9378,10,22422,22431
182121,NSE-ZITO,9514,5,21591,21600
182221,NSE-OIT,9388,2,22433,22443
182221,NSE-ZITO,9505,1,21601,21611
182223,NSE-CARD,9943,10,23724,23733
182223,NSE-CARD,9943,10,23724,23734
182223,NSE-CARD,9943,10,23724,23735
182223,NSE-CARD,9943,10,23724,23736
182223,NSE-OIT,9369,10,22445,22454
182223,NSE-OIT,9369,10,22445,22455
182248,NSE-OIT,9369,10,22445,22456
182248,NSE-ZITO,9521,10,21613,21624
182296,NSE-DLKV,9862,10,21316,21327
182296,NSE-DLKV,9862,40,21316,21328
182321,NSE-ZABA,10825,2,21084,21098
182321,NSE-ZITO,9521,6,21613,21625
182321,NSE-OIT,9367,7,22444,22458
182321,NSE-CARD,9943,5,23724,23737
182321,NSE-ZITO,9521,6,21613,21626
182322,NSE-ZABA,10832,8,20958,21099
182346,NSE-CARD,9959,5,23738,23749
182347,NSE-ZITO,9507,5,21628,21637
182347,NSE-ZITO,9505,10,21627,21639
182347,NSE-CARD,9961,8,23739,23752
182361,NSE-OIT,9383,8,22460,22469
182362,NSE-ZITO,9507,10,21628,21642
182422,NSE-SIMP,10036,8,22018,22021
182422,NSE-ZABA,10836,8,21109,21114
182490,NSE-CARD,9945,10,23758,23767
182490,NSE-DLKV,9873,10,21341,21351
182490,NSE-CARD,9945,30,23758,23768
182503,NSE-ZABA,10821,10,21114,21123
182514,NSE-CARD,9945,10,23758,23770
182514,NSE-CARD,9946,10,23760,23770
182621,NSE-SIMP,10032,4,22030,22040
182621,NSE-ZITO,9519,3,21654,21664
182621,NSE-ZITO,9524,8,21641,21665
182692,NSE-OIT,9366,20,22496,22505
182692,NSE-ZITO,9527,2,21665,21675
182721,NSE-OIT,9366,5,22496,22506
182721,NSE-CARD,9949,8,23783,23792
182721,NSE-ZABA,10829,2,21136,21146
182721,NSE-CARD,9931,50,22973,23794
182721,NSE-CARD,9931,50,22973,23796
182721,NSE-CARD,9896,8,22572,23796
182721,NSE-CARD,9896,8,22829,23796
182721,NSE-CARD,9757,8,22209,23796
182721,NSE-CARD,9739,8,21765,23796
182721,NSE-CARD,9732,8,22007,23796
182721,NSE-CARD,9729,8,21721,23796
182821,NSE-CARD,9706,8,23793,23803
182828,NSE-CARD,9688,10,23805,23814
182828,NSE-ZABA,10789,20,21158,21167
182898,NSE-ZITO,9525,10,21686,21696
182914,NSE-CARD,9686,5,23804,23816
182915,NSE-ZITO,9527,5,21687,21698
182915,NSE-ZABA,10789,30,21158,21168
182915,NSE-ZABA,10791,2,21160,21168
182921,NSE-ZITO,9525,3,21686,21700
182921,NSE-ZITO,9499,6,20810,21702
182921,NSE-ZITO,9497,8,21317,21702
182921,NSE-ZITO,9495,8,21640,21702
182946,NSE-CARD,9683,10,23818,23827
182946,NSE-DLKV,9876,10,21394,21404
182997,NSE-CARD,9683,2,23818,23828
183021,NSE-OIT,9401,5,22527,22538
183076,NSE-DLKV,9848,10,21406,21415
183107,NSE-CARD,9689,2,23831,23840
183107,NSE-CARD,9689,2,23831,23841
183107,NSE-CARD,9689,2,23831,23842
183107,NSE-CARD,9689,2,23831,23843
183107,NSE-ZABA,10781,20,21181,21190
183107,NSE-CARD,9689,2,23831,23844
183121,NSE-OIT,9385,8,22539,22549
183121,NSE-CARD,9689,9,23831,23845
183121,NSE-ZABA,10781,2,21181,21191
183193,NSE-CARD,9704,5,23846,23856
183193,NSE-ZITO,9519,5,21722,21732
183221,NSE-CARD,9706,5,23847,23857
183221,NSE-ZITO,9489,8,20712,21735
183221,NSE-ZITO,9489,8,21026,21735
183238,NSE-ZABA,10772,20,21203,21212
183321,NSE-OIT,9419,2,22561,22571
183321,NSE-ZABA,10768,2,21202,21213
183321,NSE-CARD,9705,1,23858,23869
183321,NSE-OIT,9419,10,22561,22572
183322,NSE-ZITO,9487,8,20580,21745
183373,NSE-ZABA,10785,1,21215,21224
183392,NSE-DLKV,9855,10,21438,21448
183392,NSE-ZITO,9485,10,21745,21755
183421,NSE-OIT,9431,10,22574,22587
183434,NSE-CARD,9690,20,23881,23890
183521,NSE-ZABA,10784,1,21226,21235
183521,NSE-SIMP,10046,9,22122,22131
183521,NSE-ZITO,9485,1,21757,21766
183521,NSE-ZABA,10756,8,20857,21237
183621,NSE-ZABA,10745,2,21236,21246
183621,NSE-DLKV,9875,3,21461,21470
183621,NSE-ZITO,9483,9,21768,21777
183621,NSE-ZITO,9483,9,21768,21778
183622,NSE-DLKV,9872,10,21471,21481
183622,NSE-OIT,9421,10,22609,22618
183693,NSE-CARD,9710,5,23901,23913
183693,NSE-ZABA,10747,5,21248,21258
183693,NSE-CARD,9710,5,23901,23914
183710,NSE-CARD,9712,8,23902,23915
183710,NSE-DLKV,9874,8,21472,21482
183710,NSE-OIT,9421,8,22609,22619
183710,NSE-ZABA,10747,8,21248,21259
183710,NSE-ZITO,9483,8,21780,21790
183721,NSE-SIMP,10024,9,22142,22154
183722,NSE-SIMP,10027,8,22153,22155
183722,NSE-ZABA,10741,8,20779,21262
183806,NSE-ZABA,10719,8,21262,21271
183821,NSE-SIMP,10027,7,22155,22166
183886,NSE-ZITO,9499,10,21802,21812
183921,NSE-OIT,9401,6,22632,22641
183921,NSE-ZABA,10714,8,20609,21283
183927,NSE-ZABA,10710,12,21283,21292
183927,NSE-CARD,9797,20,23938,23948
184001,NSE-ZABA,10710,30,21283,21293
184001,NSE-ZABA,10712,12,21285,21293
184012,NSE-ZABA,10712,5,21285,21294
184021,NSE-SIMP,10011,6,22178,22187
184026,NSE-DLKV,9834,8,21105,21517
184121,NSE-OIT,9381,10,22654,22663
184121,NSE-DLKV,9834,2,21517,21526
184219,NSE-ZITO,9493,5,21836,21845
184219,NSE-CARD,9796,20,23966,23975
184221,NSE-SIMP,10005,6,22198,22208
184221,NSE-ZABA,10718,1,21306,21316
184221,NSE-OIT,9360,4,22664,22674
184221,NSE-ZABA,10718,8,21306,21317
184233,NSE-CARD,9788,10,23977,23987
184321,NSE-CARD,9786,9,23976,23988
184321,NSE-DLKV,9839,1,21539,21550
184321,NSE-DLKV,9839,8,21539,21551
184420,NSE-CARD,9793,5,23989,24003
184420,NSE-ZITO,9503,5,21859,21868
184420,NSE-CARD,9793,5,23989,24004
184421,NSE-ZITO,9503,1,21859,21870
184436,NSE-OIT,9329,3,22696,22705
184474,NSE-DLKV,9862,10,21562,21572
184474,NSE-OIT,9329,10,22696,22706
184474,NSE-ZITO,9504,10,21871,21881
184521,NSE-ZITO,9506,6,21872,21883
184521,NSE-DLKV,9864,9,21563,21573
184521,NSE-OIT,9329,8,22696,22707
184553,NSE-ZITO,9503,5,21885,21894
184600,NSE-CARD,9786,10,24016,24025
184621,NSE-DLKV,9865,9,21575,21584
184621,NSE-SIMP,10008,7,22239,22249
184683,NSE-CARD,9775,20,24027,24036
184721,NSE-CARD,9775,1,24027,24037
184721,NSE-DLKV,9843,6,21585,21598
184721,NSE-SIMP,10034,7,22251,22260
184721,NSE-OIT,9320,6,22719,22728
184721,NSE-CARD,9773,8,24026,24038
184721,NSE-ZITO,9495,6,21897,21907
184736,NSE-CARD,10048,8,24040,24049
184751,NSE-DLKV,9851,8,21600,21609
184751,NSE-OIT,9334,8,22730,22739
184751,NSE-SIMP,10025,8,22261,22271
184751,NSE-ZITO,9489,8,21909,21918
184802,NSE-OIT,9334,5,22730,22741
184816,NSE-CARD,10046,5,24039,24051
184816,NSE-ZABA,10748,5,21371,21381
184816,NSE-CARD,10046,5,24039,24052
184921,NSE-SIMP,10007,6,22272,22282
184921,NSE-SIMP,10009,4,22273,22283
184921,NSE-SIMP,10007,4,22272,22284
184921,NSE-SIMP,10007,3,22272,22285
184921,NSE-ZABA,10735,4,21382,21392
185021,NSE-DLKV,9845,3,21622,21633
185021,NSE-SIMP,10004,5,22286,22296
185022,NSE-ZITO,9481,8,21147,21942
185022,NSE-ZITO,9477,8,20945,21942
185022,NSE-ZITO,9468,8,19669,21942
185121,NSE-CARD,10029,2,24077,24088
185121,NSE-DLKV,9865,1,21634,21644
185121,NSE-ZABA,10732,5,21404,21413
185193,NSE-CARD,10034,30,24089,24104
185193,NSE-ZITO,9464,5,21952,21961
185221,NSE-ZITO,9462,8,21951,21963
185221,NSE-CARD,10036,9,24090,24105
185221,NSE-SIMP,9997,8,21730,22318
185221,NSE-SIMP,9996,8,22152,22318
185222,NSE-ZITO,9453,8,19625,21965
185222,NSE-ZITO,9449,42,20677,21965
185222,NSE-ZITO,9449,58,20677,21967
185222,NSE-ZITO,9445,8,19600,21967
185321,NSE-OIT,9334,1,22782,22792
185321,NSE-OIT,9336,5,22783,22793
185321,NSE-ZITO,9442,1,21964,21974
185421,NSE-DLKV,9841,1,21665,21675
185421,NSE-ZITO,9436,5,21976,21985
185521,NSE-SIMP,10005,5,22338,22347
185521,NSE-ZITO,9436,3,21987,21996
185521,NSE-DLKV,9841,7,21677,21686
185521,NSE-ZITO,9434,9,21986,21997
185621,NSE-SIMP,9998,9,22349,22358
185621,NSE-ZITO,9464,9,21998,22008
185621,NSE-OIT,9348,9,22815,22824
185652,NSE-CARD,10016,20,24148,24159
185721,NSE-DLKV,9871,3,21698,21707
185781,NSE-CARD,10229,5,24160,24170
185781,NSE-ZABA,10699,5,21477,21486
185816,NSE-CARD,10229,20,24160,24171
185816,NSE-ZABA,10699,20,21477,21487
185821,NSE-OIT,9336,9,22835,22845
185821,NSE-DLKV,9847,2,21709,21718
185821,NSE-ZITO,9467,4,22019,22030
185821,NSE-CARD,10242,8,23478,24172
185839,NSE-OIT,9356,5,22847,22856
185921,NSE-DLKV,9851,9,21720,21729
185921,NSE-DLKV,9849,2,21719,21730
185997,NSE-CARD,10242,20,24182,24192
185997,NSE-CARD,10242,20,24182,24193
185997,NSE-CARD,10242,10,24182,24194
185997,NSE-CARD,10241,10,24184,24194
186021,NSE-DLKV,9853,1,21731,21741
186029,NSE-CARD,10244,8,24196,24205
186045,NSE-CARD,10242,5,24195,24207
186045,NSE-ZITO,9465,5,22052,22062
186045,NSE-CARD,10242,5,24195,24208
186121,NSE-ZITO,9465,8,22052,22064
186221,NSE-ZITO,9481,9,22065,22075
186221,NSE-ZABA,10703,3,21520,21529
186221,NSE-CARD,10217,6,24210,24222
186221,NSE-DLKV,9858,3,21754,21763
186221,NSE-ZABA,10686,5,10029,21531
186265,NSE-ZABA,10686,5,21531,21540
186286,NSE-ZABA,10686,28,21531,21541
186321,NSE-ZABA,10686,4,21531,21543
186321,NSE-OIT,9345,8,22890,22899
186321,NSE-DLKV,9831,8,21202,21775
186321,NSE-DLKV,9825,8,21339,21775
186321,NSE-SIMP,10019,8,22409,22430
186421,NSE-ZITO,9453,3,22086,22096
186424,NSE-CARD,10241,5,24244,24254
186424,NSE-ZABA,10720,5,21555,21564
186424,NSE-CARD,10241,5,24244,24255
186510,NSE-ZITO,9450,50,22097,22107
186521,NSE-ZABA,10720,3,21555,21566
186521,NSE-SIMP,9990,9,22440,22450
186621,NSE-ZITO,9476,3,22108,22118
186721,NSE-CARD,10339,8,23589,24277
186721,NSE-CARD,10450,8,23916,24277
186721,NSE-CARD,10458,8,24050,24277
186786,NSE-CARD,10501,20,24277,24287
186798,NSE-OIT,9358,50,22941,22950
186821,NSE-ZITO,9486,3,22130,22139
186821,NSE-OIT,9359,8,22943,22951
186836,NSE-ZITO,9482,5,22141,22150
186871,NSE-CARD,10468,5,24288,24298
186871,NSE-ZABA,10685,5,21598,21607
186871,NSE-CARD,10468,5,24288,24299
186921,NSE-DLKV,9866,9,21825,21834
186921,NSE-SIMP,10003,1,22481,22491
186921,NSE-ZITO,9480,2,22140,22152
186921,NSE-ZITO,9480,7,22140,22153
186921,NSE-ZITO,9480,6,22140,22154
187021,NSE-ZITO,9484,6,22156,22165
187077,NSE-CARD,10507,40,24311,24321
187121,NSE-DLKV,9863,5,21846,21855
187121,NSE-CARD,10507,8,24311,24322
187137,NSE-CARD,10503,50,24323,24333
187137,NSE-CARD,10502,100,24325,24333
187137,NSE-CARD,10501,50,24327,24333
187221,NSE-DLKV,9876,1,21857,21866
187221,NSE-OIT,9372,10,22982,22992
187221,NSE-CARD,10505,3,24324,24334
187230,NSE-CARD,10468,20,24335,24345
187230,NSE-CARD,10468,20,24335,24347
187230,NSE-ZABA,10745,20,21638,21648
187230,NSE-ZABA,10745,20,21638,21649
187256,NSE-CARD,10468,8,24335,24349
187256,NSE-DLKV,9869,8,21868,21877
187256,NSE-OIT,9372,8,22994,23003
187256,NSE-SIMP,9993,8,22523,22532
187256,NSE-ZABA,10749,8,21639,21650
187321,NSE-SIMP,9993,5,22523,22534
187321,NSE-OIT,9372,2,22994,23005
187402,NSE-ZABA,10723,5,21653,21662
187402,NSE-CARD,10491,5,24350,24360
187402,NSE-ZABA,10723,5,21653,21663
187402,NSE-CARD,10491,5,24350,24361
187421,NSE-OIT,9395,5,23007,23017
187521,NSE-ZITO,9513,8,22207,22217
187521,NSE-OIT,9403,1,23018,23028
187521,NSE-CARD,10502,9,24362,24372
187621,NSE-OIT,9376,8,23030,23039
187641,NSE-ZABA,10771,10,21685,21695
187641,NSE-ZABA,10771,10,21685,21696
187641,NSE-ZABA,10771,10,21685,21697
187658,NSE-ZITO,9507,5,22229,22238
187721,NSE-CARD,10394,8,24348,24394
187821,NSE-CARD,10285,7,24394,24403
187921,NSE-CARD,10284,1,24405,24414
187969,NSE-ZABA,10775,20,21718,21728
188021,NSE-ZITO,9533,5,22260,22270
188121,NSE-ZABA,10767,4,21729,21739
188121,NSE-ZABA,10771,8,21730,21740
188121,NSE-SIMP,10007,3,22606,22615
188121,NSE-ZABA,10771,5,21730,21741
188157,NSE-CARD,10285,8,24436,24446
188157,NSE-DLKV,9854,8,21959,21970
188157,NSE-OIT,9363,8,23093,23102
188157,NSE-ZITO,9533,8,22281,22291
188221,NSE-CARD,10285,8,24436,24448
188221,NSE-OIT,9361,3,23092,23104
188236,NSE-CARD,10283,5,24449,24459
188236,NSE-ZITO,9528,5,22293,22302
188294,NSE-CARD,10283,8,24449,24461
188321,NSE-OIT,9351,7,23105,23116
188321,NSE-DLKV,9848,8,21981,21984
188321,NSE-SIMP,10016,8,22626,22638
188321,NSE-SIMP,10017,8,22637,22638
188421,NSE-ZABA,10707,1,21767,21776
188421,NSE-DLKV,9843,4,21983,21993
188481,NSE-OIT,9335,45,23128,23137
188521,NSE-ZITO,9527,8,22315,22325
188521,NSE-ZABA,10706,3,21777,21789
224821,NSE-SIMP,10041,9,26608,26618
224833,NSE-OIT,9518,50,27074,27083
224833,NSE-OIT,9519,50,27076,27084
224833,NSE-OIT,9519,50,27076,27085
224833,NSE-OIT,9520,50,27078,27086
224921,NSE-SIMP,10030,8,26620,26629
224921,NSE-CARD,9941,6,28883,28893
224921,NSE-SIMP,10028,9,26619,26630
224921,NSE-OIT,9516,4,27073,27087
224921,NSE-ZABA,10541,4,25869,25880
224921,NSE-SIMP,10021,10,25067,26632
224921,NSE-SIMP,10020,10,24926,26632
224921,NSE-SIMP,10020,10,25117,26632
224921,NSE-SIMP,10015,10,24904,26632
224921,NSE-SIMP,10014,10,24701,26632
224932,NSE-ZABA,10530,10,25881,25891
225010,NSE-OIT,9544,50,27088,27098
225021,NSE-SIMP,10010,1,25044,26643
225021,NSE-SIMP,10010,2,26631,26643
225023,NSE-ZABA,10545,10,25879,25892
225032,NSE-ZABA,10569,22,25892,25902
225032,NSE-CARD,9920,10,28907,28916
225032,NSE-CARD,9920,40,28907,28918
225032,NSE-CARD,9921,100,28909,28918
225032,NSE-CARD,9922,60,28911,28918
225121,NSE-CARD,9922,1,28911,28919
225121,NSE-OIT,9549,7,27103,27116
225121,NSE-ZITO,9626,7,26292,26303
225132,NSE-CARD,9913,20,28921,28930
225132,NSE-CARD,9913,20,28921,28931
225185,NSE-SIMP,10045,50,26654,26664
225222,NSE-CARD,9923,8,28935,28944
225222,NSE-SIMP,10010,8,26666,26675
225222,NSE-ZABA,10571,8,25915,25924
225238,NSE-SIMP,10010,42,26666,26677
225238,NSE-SIMP,10011,100,26668,26677
225238,NSE-SIMP,10012,58,26670,26677
225266,NSE-CARD,9923,10,28935,28946
225266,NSE-DLKV,9847,10,26053,26065
225277,NSE-SIMP,10012,5,26670,26679
225277,NSE-ZABA,10571,5,25915,25926
225277,NSE-ZITO,9637,5,26316,26326
225289,NSE-SIMP,10012,20,26670,26681
225321,NSE-ZABA,10567,2,25914,25927
225322,NSE-OIT,9562,8,27138,27148
225421,NSE-ZABA,10570,4,25928,25938
225521,NSE-SIMP,10019,1,26694,26704
225525,NSE-CARD,9913,20,28973,28983
225567,NSE-OIT,9556,50,27168,27178
225621,NSE-ZABA,10586,1,25950,25959
225621,NSE-ZITO,9627,7,26347,26357
225621,NSE-ZITO,9629,5,26348,26358
225621,NSE-SIMP,10018,8,26705,26716
225643,NSE-ZABA,10604,22,25960,25970
225670,NSE-CARD,9931,20,28984,28994
225721,NSE-SIMP,10008,10,24652,26729
225721,NSE-SIMP,10008,10,24844,26729
225721,NSE-SIMP,10007,5,24309,26729
225721,NSE-SIMP,10007,5,24675,26729
225721,NSE-SIMP,10007,5,26277,26729
225721,NSE-SIMP,10006,5,26155,26729
225721,NSE-SIMP,10005,5,24064,26729
225721,NSE-SIMP,10005,5,24891,26729
225721,NSE-SIMP,10005,5,24891,26731
225721,NSE-SIMP,10005,5,26055,26731
225721,NSE-SIMP,10004,10,24845,26731
225721,NSE-SIMP,10003,5,26513,26731
225721,NSE-SIMP,10002,5,23995,26731
225721,NSE-SIMP,10002,10,25078,26731
225721,NSE-SIMP,10002,5,25797,26731
225721,NSE-SIMP,10001,5,24678,26731
225721,NSE-SIMP,10001,10,24877,26731
225721,NSE-SIMP,10001,10,25160,26731
225721,NSE-SIMP,10000,10,24674,26731
225721,NSE-SIMP,10000,5,26054,26731
225721,NSE-SIMP,9999,8,24063,26731
225721,NSE-SIMP,9999,7,24606,26731
225721,NSE-SIMP,9999,3,24606,26733
225721,NSE-SIMP,9999,5,25919,26733
225721,NSE-SIMP,9998,5,24398,26733
225721,NSE-SIMP,9998,5,24676,26733
225721,NSE-SIMP,9998,5,26234,26733
225721,NSE-SIMP,9997,8,23983,26733
225721,NSE-SIMP,9997,5,24076,26733
225721,NSE-SIMP,9997,5,24833,26733
225721,NSE-SIMP,9997,10,25138,26733
225721,NSE-SIMP,9995,8,24062,26733
225721,NSE-SIMP,9995,10,24768,26733
225721,NSE-SIMP,9994,5,24298,26733
225721,NSE-SIMP,9994,5,24564,26733
225721,NSE-SIMP,9994,10,24832,26733
225721,NSE-SIMP,9994,10,24866,26733
225721,NSE-SIMP,9994,5,25468,26733
225721,NSE-SIMP,9994,5,25684,26733
225721,NSE-SIMP,9994,10,25729,26733
225721,NSE-SIMP,9994,5,25898,26733
225721,NSE-SIMP,9993,8,24225,26733
225721,NSE-SIMP,9993,5,24397,26733
225721,NSE-SIMP,9993,5,24677,26733
225721,NSE-SIMP,9993,5,25773,26733
225721,NSE-SIMP,9993,3,25798,26733
225721,NSE-SIMP,9993,2,25798,26735
225821,NSE-OIT,9553,5,27190,27206
225822,NSE-SIMP,10022,5,26680,26738
225845,NSE-SIMP,10034,10,26738,26748
225846,NSE-ZABA,10571,10,25981,25991
225863,NSE-SIMP,10034,5,26738,26750
225863,NSE-ZABA,10575,5,25982,25992
225863,NSE-ZITO,9640,5,26381,26390
225917,NSE-CARD,9941,20,29007,29019
225921,NSE-OIT,9538,6,27207,27218
225921,NSE-CARD,9943,9,29008,29020
225921,NSE-SIMP,10034,3,26738,26751
225921,NSE-ZABA,10575,1,25982,25993
225921,NSE-ZABA,10571,2,25981,25994
225921,NSE-ZITO,9640,2,26381,26391
225959,NSE-SIMP,10019,5,26752,26762
225959,NSE-ZABA,10548,5,25996,26005
226021,NSE-ZITO,9640,5,26393,26402
226022,NSE-ZITO,9660,5,20828,26403
226022,NSE-ZITO,9661,8,17089,26403
226022,NSE-ZITO,9662,5,19589,26403
226022,NSE-ZITO,9663,5,21364,26403
226022,NSE-ZITO,9664,8,16054,26403
226022,NSE-ZITO,9665,5,19624,26403
226022,NSE-ZITO,9665,5,19855,26403
226022,NSE-ZITO,9665,5,20323,26403
226022,NSE-ZITO,9666,4,20116,26403
226022,NSE-ZITO,9666,1,20116,26405
226022,NSE-ZITO,9667,5,20458,26405
226022,NSE-ZITO,9667,5,21061,26405
226022,NSE-ZITO,9668,5,19956,26405
226022,NSE-ZITO,9668,5,20372,26405
226022,NSE-ZITO,9669,5,20409,26405
226022,NSE-ZITO,9670,5,20261,26405
226022,NSE-ZITO,9674,8,16096,26405
226022,NSE-ZITO,9676,5,20205,26405
226028,NSE-SIMP,10039,25,26764,26774
226121,NSE-CARD,9952,3,29031,29041
226121,NSE-OIT,9543,6,27230,27242
226121,NSE-DLKV,9869,6,26137,26146
226133,NSE-ZABA,10560,10,26016,26026
226221,NSE-OIT,9564,3,27243,27253
226221,NSE-OIT,9564,1,27243,27254
226259,NSE-ZABA,10583,50,26027,26037
226259,NSE-SIMP,10026,10,26785,26796
226259,NSE-DLKV,9879,10,26157,26168
226321,NSE-CARD,9937,3,29053,29064
226321,NSE-OIT,9566,9,27256,27267
226321,NSE-OIT,9564,8,27255,27268
226421,NSE-OIT,9560,7,27269,27279
226443,NSE-OIT,9555,50,27281,27294
226521,NSE-OIT,9556,6,27283,27298
226521,NSE-ZITO,9659,2,26444,26454
226547,NSE-SIMP,10041,25,26817,26827
226547,NSE-CARD,9930,8,29086,29095
226556,NSE-SIMP,10043,8,26818,26828
226556,NSE-ZABA,10614,8,26060,26071
226556,NSE-CARD,9930,20,29086,29097
226556,NSE-OIT,9539,50,27300,27311
226621,NSE-DLKV,9877,9,26190,26200
226717,NSE-SIMP,10022,5,26830,26841
226717,NSE-ZABA,10609,5,26074,26083
226721,NSE-SIMP,10022,7,26830,26842
226721,NSE-CARD,9919,5,29099,29108
226721,NSE-CARD,9917,7,29098,29109
226721,NSE-CARD,9983,10,28947,29110
226721,NSE-CARD,10004,10,28917,29110
226721,NSE-CARD,10019,10,28904,29110
226721,NSE-CARD,10024,10,28892,29110
226722,NSE-ZITO,9680,5,19754,26479
226722,NSE-ZITO,9683,5,19841,26479
226722,NSE-ZITO,9684,5,19990,26479
226722,NSE-ZITO,9685,5,21447,26479
226722,NSE-ZITO,9687,8,15886,26479
226738,NSE-CARD,10101,6,29110,29120
226773,NSE-OIT,9539,29,27323,27333
226821,NSE-SIMP,10026,8,26843,26854
226821,NSE-ZABA,10575,6,26085,26094
226821,NSE-SIMP,10028,7,26844,26855
226821,NSE-ZITO,9694,5,26479,26489
226821,NSE-DLKV,9824,8,26199,26223
226822,NSE-OIT,9551,8,27310,27334
226829,NSE-SIMP,10022,50,26856,26866
226921,NSE-OIT,9564,6,27334,27344
226921,NSE-SIMP,10024,7,26857,26867
226921,NSE-ZITO,9683,4,26491,26501
226921,NSE-DLKV,9821,8,26223,26232
226921,NSE-SIMP,10044,25,26715,26868
226971,NSE-SIMP,10050,25,26868,26878
226971,NSE-SIMP,10049,25,26870,26878
227004,NSE-CARD,10120,4,29133,29143
227004,NSE-CARD,10120,4,29133,29144
227004,NSE-CARD,10120,4,29133,29145
227004,NSE-CARD,10120,4,29133,29146
227021,NSE-DLKV,9824,2,26233,26244
227021,NSE-DLKV,9824,2,26233,26245
227021,NSE-SIMP,10049,1,26870,26880
227048,NSE-ZABA,10589,10,26117,26128
227072,NSE-SIMP,10026,25,26881,26892
227121,NSE-ZITO,9686,5,26514,26523
227121,NSE-CARD,10121,2,29147,29157
227122,NSE-OIT,9533,8,27137,27367
227122,NSE-OIT,9522,8,27309,27367
227175,NSE-CARD,10119,20,29158,29168
227221,NSE-SIMP,10032,2,26894,26904
227221,NSE-ZABA,10586,7,26130,26140
227221,NSE-OIT,9518,3,27366,27377
227222,NSE-ZITO,9662,5,26478,26536
227306,NSE-SIMP,10031,5,26905,26917
227306,NSE-ZABA,10587,5,26142,26151
227321,NSE-DLKV,9828,7,26268,26277
227321,NSE-OIT,9553,4,27379,27388
227340,NSE-SIMP,10045,5,26918,26929
227340,NSE-ZABA,10595,5,26153,26162
227421,NSE-ZABA,10591,7,26152,26163
227421,NSE-CARD,10137,7,29180,29189
227421,NSE-DLKV,9811,8,25753,26289
227421,NSE-SIMP,10028,5,26928,26931
227425,NSE-CARD,10149,20,29190,29200
227521,NSE-CARD,10151,3,29191,29201
227521,NSE-SIMP,10023,2,26930,26940
227521,NSE-ZABA,10562,8,26070,26175
227522,NSE-ZITO,9662,5,26557,26569
227522,NSE-ZITO,9652,5,26546,26569
227594,NSE-CARD,10141,20,29202,29212
227594,NSE-CARD,10141,4,29202,29213
227621,NSE-ZABA,10552,4,26174,26184
227621,NSE-SIMP,10020,2,26941,26951
227621,NSE-OIT,9510,6,26187,27420
227621,NSE-OIT,9502,8,26221,27420
227621,NSE-SIMP,10018,5,26749,26953
227621,NSE-SIMP,10018,5,26916,26953
227621,NSE-SIMP,10003,5,26840,26953
227621,NSE-SIMP,9992,10,24757,26953
227621,NSE-SIMP,9992,5,24790,26953
227621,NSE-SIMP,9989,10,25002,26953
227621,NSE-SIMP,9989,5,25479,26953
227641,NSE-ZABA,10565,10,26185,26195
227821,NSE-DLKV,9789,8,26063,26329
227821,NSE-DLKV,9787,8,25893,26329
227822,NSE-ZITO,9610,10,26545,26600
