time,instrument,order_id,expired
122,NYSE-ETFA,1,False
122,NYSE-ETFA,2,False
122,NYSE-ETFA,3,False
122,NYSE-ETFA,4,False
122,NYSE-ETFA,5,False
122,NYSE-ETFA,6,False
122,NYSE-ETFA,7,False
122,NYSE-ETFA,8,False
122,NYSE-ETFA,9,False
122,NYSE-ETFA,10,False
123,NYSE-ZABA,1,False
123,NYSE-ZABA,2,False
123,NYSE-ZABA,3,False
123,NYSE-ZABA,4,False
123,NYSE-ZABA,5,False
123,NYSE-ZABA,6,False
123,NYSE-ZABA,7,False
123,NYSE-ZABA,8,False
123,NYSE-ZABA,9,False
123,NYSE-ZABA,10,False
214,NYSE-ZABA,22,False
214,NYSE-ETFA,22,False
214,NYSE-NGUP,23,False
222,NYSE-ETFA,20,False
222,NYSE-ETFA,19,False
222,NYSE-ETFA,18,False
222,NYSE-ETFA,17,False
222,NYSE-ETFA,16,False
222,NYSE-ETFA,15,False
222,NYSE-ETFA,14,False
222,NYSE-ETFA,11,False
222,NYSE-ETFA,13,False
223,NYSE-ZABA,20,False
223,NYSE-ZABA,19,False
223,NYSE-ZABA,18,False
223,NYSE-ZABA,17,False
223,NYSE-ZABA,16,False
223,NYSE-ZABA,15,False
223,NYSE-ZABA,14,False
223,NYSE-ZABA,12,False
223,NYSE-ZABA,13,False
242,NYSE-NGUP,35,False
294,NYSE-KTST,33,False
296,NYSE-JZRO,33,False
296,NYSE-INA,31,False
313,NYSE-SIMP,33,False
313,NYSE-XFR,31,False
313,NYSE-INA,32,False
320,NYSE-DDJH,33,False
322,NYSE-ETFA3,22,False
322,NYSE-ETFA,31,False
322,NYSE-ETFA,30,False
322,NYSE-ETFA,29,False
322,NYSE-ETFA,28,False
322,NYSE-ETFA,27,False
322,NYSE-ETFA,26,False
322,NYSE-ETFA,25,False
322,NYSE-ETFA,23,False
323,NYSE-XFR,22,False
323,NYSE-ZABA,32,False
323,NYSE-ZABA,31,False
323,NYSE-ZABA,30,False
323,NYSE-ZABA,29,False
323,NYSE-ZABA,28,False
323,NYSE-ZABA,27,False
323,NYSE-ZABA,26,False
323,NYSE-ZABA,25,False
323,NYSE-ZABA,24,False
323,NYSE-ZABA,23,False
353,NYSE-JNAF,43,False
404,NYSE-KTST,44,False
404,NYSE-JZRO,44,False
404,NYSE-INA,43,False
422,NYSE-ETFA3,33,False
422,NYSE-ETFA3,32,False
422,NYSE-ETFA,42,False
422,NYSE-ETFA,40,False
422,NYSE-ETFA,39,False
422,NYSE-ETFA,38,False
422,NYSE-ETFA,37,False
422,NYSE-ETFA,36,False
422,NYSE-ETFA,34,False
422,NYSE-ETFA,41,False
423,NYSE-ZABA,42,False
423,NYSE-ZABA,41,False
423,NYSE-ZABA,39,False
423,NYSE-ZABA,38,False
423,NYSE-ZABA,37,False
423,NYSE-ZABA,36,False
423,NYSE-ZABA,35,False
423,NYSE-ZABA,33,False
423,NYSE-ZABA,40,False
522,NYSE-ETFA3,44,False
522,NYSE-ETFA3,43,False
522,NYSE-ETFA,54,False
522,NYSE-ETFA,52,False
522,NYSE-ETFA,51,False
522,NYSE-ETFA,50,False
522,NYSE-ETFA,49,False
522,NYSE-ETFA,48,False
522,NYSE-ETFA,47,False
522,NYSE-ETFA,45,False
522,NYSE-ETFA,53,False
523,NYSE-NGUP,54,False
523,NYSE-NGUP,55,False
523,NYSE-NGUP,56,False
523,NYSE-XFR,43,False
523,NYSE-ZABA,50,False
523,NYSE-ZABA,44,False
523,NYSE-ZABA,46,False
523,NYSE-ZABA,47,False
523,NYSE-ZABA,48,False
523,NYSE-ZABA,49,False
523,NYSE-ZABA,51,False
523,NYSE-ZABA,52,False
523,NYSE-ZABA,53,False
564,NYSE-KTST,72,False
566,NYSE-XFR,67,False
566,NYSE-SIMP,68,False
566,NYSE-ZABA,69,False
566,NYSE-JNAF,70,False
566,NYSE-DDJH,70,False
623,NYSE-ETFA3,59,False
623,NYSE-ETFA3,58,False
623,NYSE-ETFA3,57,False
623,NYSE-ETFA,67,False
623,NYSE-ETFA,66,False
623,NYSE-ETFA,65,False
623,NYSE-ETFA,63,False
623,NYSE-ETFA,62,False
623,NYSE-ETFA,60,False
623,NYSE-ETFA,64,False
623,NYSE-ZABA,63,False
623,NYSE-ZABA,57,False
623,NYSE-ZABA,58,False
623,NYSE-ZABA,59,False
623,NYSE-ZABA,60,False
623,NYSE-ZABA,61,False
623,NYSE-ZABA,62,False
623,NYSE-ZABA,64,False
623,NYSE-ZABA,65,False
623,NYSE-ZABA,66,False
632,NYSE-ZABA,80,False
639,NYSE-CARD,77,False
722,NYSE-ETFA3,69,False
722,NYSE-ETFA3,68,False
722,NYSE-ETFA3,70,False
722,NYSE-ETFA,77,False
722,NYSE-ETFA,76,False
722,NYSE-ETFA,74,False
722,NYSE-ETFA,73,False
722,NYSE-ETFA,72,False
722,NYSE-ETFA,71,False
722,NYSE-ETFA,75,False
723,NYSE-XFR,69,False
723,NYSE-ZABA,77,False
723,NYSE-ZABA,76,False
723,NYSE-ZABA,75,False
723,NYSE-ZABA,74,False
723,NYSE-ZABA,73,False
723,NYSE-ZABA,72,False
723,NYSE-ZABA,71,False
723,NYSE-ZABA,70,False
739,NYSE-XFR,89,False
739,NYSE-ETFA3,88,False
739,NYSE-JNAF,92,False
739,NYSE-INA,91,False
739,NYSE-SIMP,90,False
739,NYSE-KTST,94,False
748,NYSE-KRAS,88,False
748,NYSE-ZABA,91,False
748,NYSE-CARD,88,False
819,NYSE-CARD,89,False
819,NYSE-KTST,95,False
819,NYSE-INA,92,False
819,NYSE-KTST,96,False
819,NYSE-KRAS,89,False
823,NYSE-ETFA3,81,False
823,NYSE-ETFA3,80,False
823,NYSE-ETFA3,79,False
823,NYSE-ETFA3,78,False
823,NYSE-ETFA,88,False
823,NYSE-ETFA,87,False
823,NYSE-ETFA,86,False
823,NYSE-ETFA,85,False
823,NYSE-ETFA,84,False
823,NYSE-ETFA,83,False
823,NYSE-ETFA,82,False
823,NYSE-KRAS,78,False
823,NYSE-XFR,80,False
823,NYSE-ZABA,89,False
823,NYSE-ZABA,88,False
823,NYSE-ZABA,87,False
823,NYSE-ZABA,86,False
823,NYSE-ZABA,85,False
823,NYSE-ZABA,84,False
823,NYSE-ZABA,83,False
823,NYSE-ZABA,82,False
823,NYSE-ZABA,81,False
828,NYSE-NGUP,108,False
839,NYSE-INA,105,False
839,NYSE-SIMP,103,False
839,NYSE-JNAF,105,False
839,NYSE-JZRO,102,False
839,NYSE-NGUP,109,False
865,NYSE-KTST,111,False
865,NYSE-XFR,104,False
882,NYSE-CARD,104,False
890,NYSE-ZABA,108,False
890,NYSE-CARD,107,False
914,NYSE-CARD,108,False
922,NYSE-ETFA3,91,False
923,NYSE-ETFA3,89,False
923,NYSE-ETFA3,90,False
923,NYSE-ETFA,101,False
923,NYSE-ETFA,100,False
923,NYSE-ETFA,98,False
923,NYSE-ETFA,97,False
923,NYSE-ETFA,96,False
923,NYSE-ETFA,95,False
923,NYSE-ETFA,94,False
923,NYSE-ETFA,92,False
923,NYSE-ETFA,93,False
923,NYSE-ETFA,99,False
923,NYSE-KRAS,90,False
923,NYSE-NGUP,104,False
923,NYSE-XFR,92,False
923,NYSE-XFR,93,False
923,NYSE-ZABA,103,False
923,NYSE-ZABA,102,False
923,NYSE-ZABA,101,False
923,NYSE-ZABA,100,False
923,NYSE-ZABA,99,False
923,NYSE-ZABA,98,False
923,NYSE-ZABA,97,False
923,NYSE-ZABA,96,False
923,NYSE-ZABA,95,False
923,NYSE-ZABA,94,False
925,NYSE-NGUP,126,False
957,NYSE-DDJH,117,False
998,NYSE-ETFA3,112,False
998,NYSE-XFR,115,False
998,NYSE-INA,122,False
998,NYSE-MDKA,120,False
1022,NYSE-ETFA3,103,False
1022,NYSE-ETFA3,102,False
1022,NYSE-ETFA3,104,False
1022,NYSE-ETFA,112,False
1022,NYSE-ETFA,110,False
1023,NYSE-ETFA,109,False
1023,NYSE-ETFA,108,False
1023,NYSE-ETFA,107,False
1023,NYSE-ETFA,105,False
1023,NYSE-ETFA,111,False
1023,NYSE-XFR,110,False
1023,NYSE-XFR,108,False
1023,NYSE-XFR,106,False
1023,NYSE-ZABA,115,False
1023,NYSE-ZABA,113,False
1023,NYSE-ZABA,111,False
1028,NYSE-DDJH,130,False
1028,NYSE-KRAS,127,False
1028,NYSE-ZABA,134,False
1028,NYSE-CARD,131,False
1039,NYSE-NGUP,137,False
1082,NYSE-ZABA,137,False
1109,NYSE-CARD,135,False
1110,NYSE-KTST,137,False
1110,NYSE-INA,137,False
1122,NYSE-ETFA3,115,False
1122,NYSE-ETFA3,114,False
1122,NYSE-ETFA3,113,False
1123,NYSE-ETFA,124,False
1123,NYSE-ETFA,123,False
1123,NYSE-ETFA,121,False
1123,NYSE-ETFA,120,False
1123,NYSE-ETFA,118,False
1123,NYSE-ETFA,117,False
1123,NYSE-ETFA,116,False
1123,NYSE-ETFA,119,False
1123,NYSE-ETFA,122,False
1123,NYSE-KRAS,117,False
1123,NYSE-XFR,122,False
1123,NYSE-XFR,120,False
1123,NYSE-XFR,118,False
1123,NYSE-ZABA,128,False
1123,NYSE-ZABA,124,False
1123,NYSE-ZABA,126,False
1123,NYSE-CARD,146,False
1123,NYSE-NGUP,150,False
1123,NYSE-MDKA,145,False
1123,NYSE-KRAS,139,False
1123,NYSE-ZABA,148,False
1141,NYSE-NGUP,153,False
1168,NYSE-CARD,151,False
1168,NYSE-KTST,153,False
1168,NYSE-INA,149,False
1180,NYSE-CARD,152,False
1180,NYSE-KTST,154,False
1180,NYSE-INA,150,False
1180,NYSE-MDKA,146,False
1180,NYSE-NGUP,154,False
1180,NYSE-JZRO,145,False
1180,NYSE-INA,151,False
1180,NYSE-JNAF,149,False
1180,NYSE-XFR,144,False
1191,NYSE-JNAF,150,False
1222,NYSE-ETFA3,127,False
1222,NYSE-ETFA3,126,False
1223,NYSE-ETFA3,125,False
1223,NYSE-ETFA,134,False
1223,NYSE-ETFA,132,False
1223,NYSE-ETFA,131,False
1223,NYSE-ETFA,130,False
1223,NYSE-ETFA,129,False
1223,NYSE-ETFA,135,False
1223,NYSE-ETFA,133,False
1223,NYSE-ETFA,128,False
1223,NYSE-KRAS,129,False
1223,NYSE-XFR,137,False
1223,NYSE-XFR,135,False
1223,NYSE-XFR,133,False
1223,NYSE-XFR,131,False
1223,NYSE-ZABA,142,False
1223,NYSE-ZABA,141,False
1223,NYSE-ZABA,140,False
1223,NYSE-ZABA,138,False
1257,NYSE-CARD,166,False
1257,NYSE-NGUP,165,False
1257,NYSE-JZRO,156,False
1257,NYSE-MDKA,157,False
1257,NYSE-KRAS,154,False
1286,NYSE-CARD,168,False
1286,NYSE-KTST,169,False
1287,NYSE-CARD,169,False
1287,NYSE-ZABA,166,False
1287,NYSE-KRAS,158,False
1287,NYSE-DDJH,155,False
1287,NYSE-XFR,157,False
1287,NYSE-SIMP,158,False
1310,NYSE-KTST,58,False
1310,NYSE-KTST,59,False
1310,NYSE-DDJH,57,False
1310,NYSE-ETFA,58,False
1310,NYSE-ETFA,59,False
1310,NYSE-NGUP,60,False
1310,NYSE-INA,57,False
1310,NYSE-INA,58,False
1310,NYSE-JZRO,57,False
1310,NYSE-JNAF,57,False
1310,NYSE-JNAF,58,False
1310,NYSE-MDKA,57,False
1310,NYSE-CARD,56,False
1310,NYSE-KRAS,57,False
1310,NYSE-ETFA3,55,False
1310,NYSE-ETFA3,56,False
1310,NYSE-SIMP,56,False
1310,NYSE-SIMP,57,False
1310,NYSE-ZABA,67,False
1310,NYSE-ZABA,68,False
1310,NYSE-XFR,55,False
1310,NYSE-XFR,56,False
1316,NYSE-ETFA,152,False
1316,NYSE-NGUP,170,False
1316,NYSE-MDKA,162,False
1323,NYSE-ETFA3,138,False
1323,NYSE-ETFA3,137,False
1323,NYSE-ETFA3,136,False
1323,NYSE-ETFA,147,False
1323,NYSE-ETFA,146,False
1323,NYSE-ETFA,145,False
1323,NYSE-ETFA,144,False
1323,NYSE-ETFA,143,False
1323,NYSE-ETFA,142,False
1323,NYSE-ETFA,141,False
1323,NYSE-ETFA,139,False
1323,NYSE-ETFA,148,False
1323,NYSE-SIMP,144,False
1323,NYSE-XFR,150,False
1323,NYSE-XFR,146,False
1323,NYSE-XFR,148,False
1323,NYSE-ZABA,152,False
1323,NYSE-ZABA,155,False
1323,NYSE-ZABA,154,False
1348,NYSE-ZABA,178,False
1380,NYSE-INA,178,False
1407,NYSE-KTST,181,False
1416,NYSE-KTST,184,False
1416,NYSE-CARD,183,False
1416,NYSE-KTST,185,False
1416,NYSE-INA,181,False
1422,NYSE-ETFA3,152,False
1422,NYSE-ETFA3,150,False
1422,NYSE-ETFA3,149,False
1422,NYSE-ETFA3,151,False
1422,NYSE-ETFA,158,False
1422,NYSE-ETFA,156,False
1422,NYSE-ETFA,155,False
1422,NYSE-ETFA,154,False
1422,NYSE-ETFA,153,False
1422,NYSE-ETFA,157,False
1423,NYSE-CARD,181,False
1423,NYSE-DDJH,157,False
1423,NYSE-XFR,167,False
1423,NYSE-XFR,166,False
1423,NYSE-XFR,163,False
1423,NYSE-XFR,164,False
1423,NYSE-XFR,158,False
1423,NYSE-XFR,159,False
1423,NYSE-XFR,160,False
1423,NYSE-XFR,161,False
1423,NYSE-XFR,162,False
1423,NYSE-XFR,165,False
1423,NYSE-ZABA,168,False
1423,NYSE-ZABA,169,False
1427,NYSE-CARD,194,False
1427,NYSE-KTST,197,False
1427,NYSE-INA,192,False
1427,NYSE-MDKA,184,False
1427,NYSE-NGUP,191,False
1470,NYSE-CARD,195,False
1470,NYSE-KTST,199,False
1470,NYSE-KRAS,180,False
1470,NYSE-DDJH,180,False
1483,NYSE-CARD,196,False
1483,NYSE-MDKA,185,False
1497,NYSE-KTST,200,False
1497,NYSE-CARD,199,False
1498,NYSE-KTST,201,False
1498,NYSE-INA,193,False
1512,NYSE-INA,194,False
1512,NYSE-MDKA,186,False
1513,NYSE-DDJH,181,False
1522,NYSE-ETFA3,161,False
1522,NYSE-ETFA3,160,False
1522,NYSE-ETFA3,159,False
1522,NYSE-ETFA3,162,False
1522,NYSE-ETFA,168,False
1522,NYSE-ETFA,167,False
1522,NYSE-ETFA,166,False
1522,NYSE-ETFA,165,False
1522,NYSE-ETFA,163,False
1522,NYSE-ETFA,164,False
1523,NYSE-SIMP,180,False
1523,NYSE-XFR,170,False
1523,NYSE-XFR,178,False
1523,NYSE-XFR,172,False
1523,NYSE-XFR,174,False
1523,NYSE-XFR,176,False
1597,NYSE-KTST,215,False
1597,NYSE-INA,209,False
1597,NYSE-MDKA,201,False
1597,NYSE-SIMP,197,False
1597,NYSE-INA,212,False
1597,NYSE-KTST,218,False
1597,NYSE-CARD,216,False
1597,NYSE-INA,213,False
1622,NYSE-ETFA3,172,False
1623,NYSE-ETFA3,171,False
1623,NYSE-ETFA3,170,False
1623,NYSE-ETFA3,169,False
1623,NYSE-ETFA,182,False
1623,NYSE-ETFA,181,False
1623,NYSE-ETFA,179,False
1623,NYSE-ETFA,178,False
1623,NYSE-ETFA,176,False
1623,NYSE-ETFA,175,False
1623,NYSE-ETFA,174,False
1623,NYSE-ETFA,173,False
1623,NYSE-ETFA,177,False
1623,NYSE-ETFA,180,False
1623,NYSE-KTST,211,False
1623,NYSE-NGUP,192,False
1623,NYSE-SIMP,191,False
1623,NYSE-SIMP,190,False
1623,NYSE-XFR,180,False
1623,NYSE-XFR,182,False
1623,NYSE-XFR,189,False
1623,NYSE-XFR,188,False
1623,NYSE-XFR,187,False
1623,NYSE-XFR,186,False
1623,NYSE-XFR,184,False
1637,NYSE-JNAF,209,False
1637,NYSE-INA,224,False
1637,NYSE-ZABA,217,False
1637,NYSE-NGUP,218,False
1637,NYSE-SIMP,208,False
1637,NYSE-MDKA,216,False
1655,NYSE-CARD,227,False
1655,NYSE-KRAS,205,False
1655,NYSE-CARD,229,False
1655,NYSE-JZRO,211,False
1655,NYSE-DDJH,207,False
1714,NYSE-JZRO,212,False
1714,NYSE-MDKA,218,False
1715,NYSE-KTST,231,False
1715,NYSE-CARD,232,False
1715,NYSE-KTST,232,False
1715,NYSE-INA,228,False
1722,NYSE-ETFA3,185,False
1722,NYSE-ETFA3,184,False
1722,NYSE-ETFA3,183,False
1722,NYSE-ETFA3,186,False
1723,NYSE-ETFA,192,False
1723,NYSE-ETFA,190,False
1723,NYSE-ETFA,189,False
1723,NYSE-ETFA,188,False
1723,NYSE-ETFA,187,False
1723,NYSE-ETFA,193,False
1723,NYSE-ETFA,191,False
1723,NYSE-KTST,227,False
1723,NYSE-KTST,225,False
1723,NYSE-SIMP,205,False
1723,NYSE-SIMP,204,False
1723,NYSE-SIMP,203,False
1723,NYSE-XFR,199,False
1723,NYSE-XFR,198,False
1723,NYSE-XFR,197,False
1723,NYSE-XFR,196,False
1723,NYSE-XFR,202,False
1723,NYSE-XFR,201,False
1723,NYSE-XFR,200,False
1723,NYSE-XFR,193,False
1723,NYSE-XFR,195,False
1753,NYSE-NGUP,229,False
1805,NYSE-JZRO,227,False
1805,NYSE-KTST,246,False
1810,NYSE-KTST,136,False
1810,NYSE-DDJH,131,False
1810,NYSE-ETFA,126,False
1810,NYSE-ETFA,127,False
1810,NYSE-NGUP,139,False
1810,NYSE-INA,135,False
1810,NYSE-INA,136,False
1810,NYSE-JZRO,130,False
1810,NYSE-JNAF,132,False
1810,NYSE-JNAF,133,False
1810,NYSE-MDKA,134,False
1810,NYSE-CARD,133,False
1810,NYSE-KRAS,128,False
1810,NYSE-ETFA3,123,False
1810,NYSE-ETFA3,124,False
1810,NYSE-SIMP,130,False
1810,NYSE-SIMP,131,False
1810,NYSE-ZABA,136,False
1810,NYSE-ZABA,135,False
1810,NYSE-XFR,128,False
1810,NYSE-XFR,129,False
1819,NYSE-ETFA,211,False
1819,NYSE-SIMP,223,False
1819,NYSE-KTST,248,False
1819,NYSE-NGUP,233,False
1822,NYSE-ETFA3,197,False
1822,NYSE-ETFA3,196,False
1823,NYSE-ETFA3,195,False
1823,NYSE-ETFA3,194,False
1823,NYSE-ETFA,205,False
1823,NYSE-ETFA,204,False
1823,NYSE-ETFA,203,False
1823,NYSE-ETFA,202,False
1823,NYSE-ETFA,201,False
1823,NYSE-ETFA,200,False
1823,NYSE-ETFA,206,False
1823,NYSE-ETFA,198,False
1823,NYSE-KTST,242,False
1823,NYSE-KTST,240,False
1823,NYSE-KTST,239,False
1823,NYSE-KTST,241,False
1823,NYSE-SIMP,216,False
1823,NYSE-SIMP,218,False
1823,NYSE-XFR,213,False
1823,NYSE-XFR,211,False
1823,NYSE-XFR,215,False
1823,NYSE-XFR,214,False
1823,NYSE-XFR,209,False
1823,NYSE-XFR,207,False
1831,NYSE-DDJH,235,False
1831,NYSE-JZRO,239,False
1831,NYSE-XFR,229,False
1855,NYSE-DDJH,236,False
1855,NYSE-NGUP,246,False
1900,NYSE-KTST,259,False
1900,NYSE-CARD,258,False
1922,NYSE-ETFA3,211,False
1922,NYSE-ETFA3,210,False
1922,NYSE-ETFA3,208,False
1923,NYSE-ETFA3,207,False
1923,NYSE-ETFA3,209,False
1923,NYSE-ETFA,216,False
1923,NYSE-ETFA,214,False
1923,NYSE-ETFA,213,False
1923,NYSE-ETFA,212,False
1923,NYSE-ETFA,215,False
1923,NYSE-INA,248,False
1923,NYSE-KTST,255,False
1923,NYSE-KTST,253,False
1923,NYSE-KTST,251,False
1923,NYSE-SIMP,230,False
1923,NYSE-XFR,227,False
1923,NYSE-XFR,225,False
1923,NYSE-XFR,228,False
1923,NYSE-XFR,226,False
1923,NYSE-XFR,224,False
1923,NYSE-XFR,223,False
1923,NYSE-XFR,222,False
1923,NYSE-XFR,221,False
1923,NYSE-XFR,220,False
1923,NYSE-XFR,219,False
1926,NYSE-XFR,241,False
1926,NYSE-NGUP,257,False
1995,NYSE-JNAF,243,False
2022,NYSE-ETFA3,221,False
2022,NYSE-ETFA3,219,False
2022,NYSE-ETFA3,218,False
2022,NYSE-ETFA3,217,False
2022,NYSE-ETFA3,220,False
2023,NYSE-ETFA,226,False
2023,NYSE-ETFA,225,False
2023,NYSE-ETFA,224,False
2023,NYSE-ETFA,223,False
2023,NYSE-ETFA,222,False
2023,NYSE-INA,260,False
2023,NYSE-INA,261,False
2023,NYSE-KTST,264,False
2023,NYSE-KTST,262,False
2023,NYSE-KTST,265,False
2023,NYSE-KTST,263,False
2023,NYSE-XFR,240,False
2023,NYSE-XFR,231,False
2023,NYSE-XFR,238,False
2023,NYSE-XFR,237,False
2023,NYSE-XFR,235,False
2023,NYSE-XFR,233,False
2023,NYSE-XFR,236,False
2023,NYSE-XFR,239,False
2032,NYSE-ZABA,263,False
2032,NYSE-SIMP,254,False
2048,NYSE-INA,277,False
2063,NYSE-NGUP,207,False
2063,NYSE-XFR,169,False
2063,NYSE-ZABA,206,False
2063,NYSE-NGUP,270,False
2064,NYSE-CARD,281,False
2096,NYSE-NGUP,273,False
2096,NYSE-CARD,284,False
2096,NYSE-KTST,288,False
2113,NYSE-NGUP,274,False
2113,NYSE-SIMP,195,False
2122,NYSE-ETFA3,231,False
2122,NYSE-ETFA3,230,False
2122,NYSE-ETFA3,229,False
2122,NYSE-ETFA3,227,False
2123,NYSE-ETFA,239,False
2123,NYSE-ETFA,237,False
2123,NYSE-ETFA,236,False
2123,NYSE-ETFA,234,False
2123,NYSE-ETFA,233,False
2123,NYSE-ETFA,232,False
2123,NYSE-ETFA,235,False
2123,NYSE-ETFA,238,False
2123,NYSE-KRAS,242,False
2123,NYSE-KRAS,241,False
2123,NYSE-KTST,279,False
2123,NYSE-KTST,277,False
2123,NYSE-KTST,273,False
2123,NYSE-KTST,275,False
2123,NYSE-KTST,278,False
2123,NYSE-KTST,280,False
2124,NYSE-XFR,251,False
2124,NYSE-XFR,244,False
2124,NYSE-XFR,249,False
2124,NYSE-XFR,247,False
2124,NYSE-XFR,246,False
2124,NYSE-XFR,248,False
2124,NYSE-XFR,250,False
2124,NYSE-XFR,252,False
2124,NYSE-KRAS,263,False
2124,NYSE-CARD,296,False
2124,NYSE-JZRO,273,False
2124,NYSE-INA,291,False
2133,NYSE-JZRO,274,False
2133,NYSE-DDJH,273,False
2134,NYSE-INA,292,False
2159,NYSE-JZRO,275,False
2159,NYSE-XFR,266,False
2182,NYSE-SIMP,269,False
2182,NYSE-INA,295,False
2206,NYSE-CARD,301,False
2206,NYSE-SIMP,274,False
2222,NYSE-ETFA3,243,False
2222,NYSE-ETFA3,242,False
2222,NYSE-ETFA3,240,False
2222,NYSE-ETFA3,244,False
2223,NYSE-ETFA,252,False
2223,NYSE-ETFA,250,False
2223,NYSE-ETFA,248,False
2223,NYSE-ETFA,247,False
2223,NYSE-ETFA,245,False
2223,NYSE-ETFA,251,False
2223,NYSE-ETFA,249,False
2223,NYSE-INA,289,False
2223,NYSE-INA,287,False
2223,NYSE-KRAS,255,False
2223,NYSE-KRAS,253,False
2223,NYSE-KTST,297,False
2223,NYSE-KTST,296,False
2223,NYSE-KTST,295,False
2223,NYSE-KTST,294,False
2223,NYSE-KTST,293,False
2223,NYSE-KTST,292,False
2223,NYSE-KTST,291,False
2223,NYSE-KTST,290,False
2224,NYSE-XFR,264,False
2224,NYSE-XFR,262,False
2224,NYSE-XFR,260,False
2224,NYSE-XFR,258,False
2224,NYSE-XFR,256,False
2224,NYSE-XFR,257,False
2224,NYSE-XFR,259,False
2224,NYSE-XFR,261,False
2224,NYSE-XFR,263,False
2290,NYSE-SIMP,285,False
2290,NYSE-CARD,315,False
2290,NYSE-SIMP,286,False
2290,NYSE-JNAF,222,False
2310,NYSE-KTST,212,False
2310,NYSE-DDJH,192,False
2310,NYSE-ETFA,183,False
2310,NYSE-ETFA,184,False
2310,NYSE-NGUP,203,False
2310,NYSE-INA,205,False
2310,NYSE-INA,206,False
2310,NYSE-JZRO,196,False
2310,NYSE-JNAF,193,False
2310,NYSE-JNAF,194,False
2310,NYSE-MDKA,197,False
2310,NYSE-CARD,211,False
2310,NYSE-KRAS,191,False
2310,NYSE-ETFA3,179,False
2310,NYSE-ETFA3,180,False
2310,NYSE-SIMP,209,False
2310,NYSE-SIMP,192,False
2310,NYSE-ZABA,218,False
2310,NYSE-ZABA,219,False
2310,NYSE-XFR,204,False
2310,NYSE-XFR,205,False
2315,NYSE-DDJH,287,False
2315,NYSE-CARD,317,False
2315,NYSE-KRAS,275,False
2315,NYSE-MDKA,295,False
2315,NYSE-XFR,281,False
2315,NYSE-KTST,313,False
2323,NYSE-ETFA3,255,False
2323,NYSE-ETFA3,254,False
2323,NYSE-ETFA3,253,False
2323,NYSE-ETFA3,257,False
2323,NYSE-ETFA3,256,False
2323,NYSE-ETFA,262,False
2323,NYSE-ETFA,261,False
2323,NYSE-ETFA,260,False
2323,NYSE-ETFA,259,False
2323,NYSE-ETFA,258,False
2323,NYSE-CARD,313,False
2323,NYSE-INA,301,False
2323,NYSE-INA,300,False
2323,NYSE-INA,302,False
2323,NYSE-KRAS,269,False
2323,NYSE-KRAS,267,False
2323,NYSE-KRAS,265,False
2323,NYSE-KTST,303,False
2323,NYSE-KTST,307,False
2323,NYSE-KTST,305,False
2324,NYSE-XFR,273,False
2324,NYSE-XFR,271,False
2324,NYSE-XFR,270,False
2324,NYSE-XFR,272,False
2324,NYSE-XFR,274,False
2324,NYSE-XFR,275,False
2330,NYSE-JNAF,293,False
2330,NYSE-SIMP,297,False
2330,NYSE-DDJH,298,False
2330,NYSE-JNAF,294,False
2404,NYSE-JZRO,303,False
2404,NYSE-SIMP,300,False
2404,NYSE-KTST,326,False
2404,NYSE-CARD,331,False
2423,NYSE-ETFA3,266,False
2423,NYSE-ETFA3,264,False
2423,NYSE-ETFA,273,False
2423,NYSE-ETFA,270,False
2423,NYSE-ETFA,275,False
2423,NYSE-ETFA,268,False
2423,NYSE-ETFA,269,False
2423,NYSE-ETFA,271,False
2423,NYSE-ETFA,272,False
2423,NYSE-ETFA,274,False
2423,NYSE-ETFA,276,False
2423,NYSE-CARD,327,False
2423,NYSE-CARD,326,False
2423,NYSE-CARD,325,False
2423,NYSE-CARD,324,False
2423,NYSE-INA,313,False
2423,NYSE-KRAS,279,False
2423,NYSE-KRAS,277,False
2423,NYSE-KRAS,281,False
2423,NYSE-KTST,316,False
2423,NYSE-KTST,318,False
2423,NYSE-KTST,314,False
2423,NYSE-XFR,287,False
2423,NYSE-XFR,284,False
2424,NYSE-XFR,282,False
2424,NYSE-XFR,286,False
2457,NYSE-SIMP,312,False
2457,NYSE-JZRO,314,False
2457,NYSE-XFR,304,False
2487,NYSE-CARD,342,False
2488,NYSE-SIMP,313,False
2495,NYSE-ETFA3,287,False
2499,NYSE-CARD,345,False
2499,NYSE-KTST,338,False
2523,NYSE-ETFA3,278,False
2523,NYSE-ETFA3,280,False
2523,NYSE-ETFA,286,False
2523,NYSE-ETFA,285,False
2523,NYSE-ETFA,284,False
2523,NYSE-ETFA,283,False
2523,NYSE-ETFA,287,False
2523,NYSE-ETFA,281,False
2523,NYSE-ETFA,282,False
2523,NYSE-CARD,340,False
2523,NYSE-CARD,338,False
2524,NYSE-INA,327,False
2524,NYSE-KRAS,293,False
2524,NYSE-KRAS,292,False
2524,NYSE-KRAS,291,False
2524,NYSE-KRAS,290,False
2524,NYSE-KRAS,289,False
2524,NYSE-KRAS,288,False
2524,NYSE-KTST,330,False
2524,NYSE-KTST,328,False
2525,NYSE-XFR,297,False
2525,NYSE-XFR,296,False
2525,NYSE-XFR,295,False
2525,NYSE-XFR,294,False
2525,NYSE-DDJH,322,False
2525,NYSE-ZABA,325,False
2525,NYSE-CARD,357,False
2525,NYSE-KRAS,308,False
2544,NYSE-JNAF,318,False
2544,NYSE-DDJH,323,False
2544,NYSE-SIMP,326,False
2589,NYSE-DDJH,324,False
2589,NYSE-SIMP,327,False
2623,NYSE-ETFA3,289,False
2623,NYSE-ETFA,296,False
2623,NYSE-ETFA,295,False
2623,NYSE-ETFA,294,False
2623,NYSE-ETFA,293,False
2623,NYSE-ETFA,292,False
2623,NYSE-ETFA,291,False
2623,NYSE-ETFA,297,False
2623,NYSE-CARD,355,False
2623,NYSE-CARD,354,False
2623,NYSE-CARD,353,False
2623,NYSE-CARD,352,False
2623,NYSE-CARD,351,False
2623,NYSE-CARD,349,False
2623,NYSE-CARD,356,False
2624,NYSE-KRAS,305,False
2624,NYSE-KRAS,303,False
2624,NYSE-KRAS,301,False
2624,NYSE-KRAS,298,False
2624,NYSE-KRAS,300,False
2624,NYSE-KRAS,302,False
2624,NYSE-KRAS,304,False
2624,NYSE-NGUP,339,False
2624,NYSE-XFR,307,False
2624,NYSE-XFR,309,False
2624,NYSE-XFR,308,False
2624,NYSE-XFR,306,False
2635,NYSE-ETFA3,308,False
2635,NYSE-CARD,369,False
2635,NYSE-ZABA,336,False
2684,NYSE-ETFA3,309,False
2684,NYSE-JZRO,339,False
2684,NYSE-SIMP,339,False
2684,NYSE-KRAS,320,False
2684,NYSE-CARD,370,False
2702,NYSE-ETFA,311,False
2702,NYSE-ETFA3,310,False
2702,NYSE-JZRO,340,False
2702,NYSE-INA,352,False
2702,NYSE-SIMP,340,False
2702,NYSE-XFR,327,False
2702,NYSE-ZABA,338,False
44022,NYSE-ETFA3,4938,False
44023,NYSE-ETFA3,4935,False
44023,NYSE-ETFA3,4933,False
44023,NYSE-ETFA3,4931,False
44023,NYSE-ETFA3,4936,False
44023,NYSE-ETFA3,4934,False
44023,NYSE-ETFA3,4932,False
44023,NYSE-ETFA3,4939,False
44023,NYSE-ETFA3,4937,False
44023,NYSE-ETFA3,4940,False
44023,NYSE-ETFA,4921,False
44023,NYSE-ETFA,4917,False
44023,NYSE-ETFA,4913,False
44023,NYSE-ETFA,4914,False
44023,NYSE-ETFA,4920,False
44023,NYSE-ETFA,4918,False
44023,NYSE-ETFA,4915,False
44023,NYSE-ETFA,4922,False
44023,NYSE-ETFA,4916,False
44023,NYSE-ETFA,4919,False
44023,NYSE-CARD,5659,False
44023,NYSE-CARD,5656,False
44023,NYSE-CARD,5654,False
44023,NYSE-CARD,5651,False
44023,NYSE-CARD,5658,False
44023,NYSE-CARD,5657,False
44023,NYSE-CARD,5652,False
44023,NYSE-CARD,5650,False
44023,NYSE-CARD,5655,False
44023,NYSE-CARD,5653,False
44023,NYSE-DDJH,4955,False
44023,NYSE-DDJH,4949,False
44023,NYSE-DDJH,4947,False
44023,NYSE-DDJH,4951,False
44023,NYSE-DDJH,4953,False
44023,NYSE-INA,5201,False
44023,NYSE-INA,5199,False
44024,NYSE-INA,5197,False
44024,NYSE-INA,5195,False
44024,NYSE-INA,5193,False
44024,NYSE-INA,5196,False
44024,NYSE-INA,5200,False
44024,NYSE-INA,5198,False
44024,NYSE-INA,5194,False
44024,NYSE-INA,5202,False
44024,NYSE-JNAF,4851,False
44024,NYSE-JNAF,4850,False
44024,NYSE-JNAF,4849,False
44024,NYSE-JNAF,4848,False
44024,NYSE-JNAF,4847,False
44024,NYSE-JNAF,4846,False
44024,NYSE-JNAF,4845,False
44024,NYSE-JNAF,4843,False
44024,NYSE-JNAF,4844,False
44024,NYSE-JNAF,4852,False
44024,NYSE-JZRO,5249,False
44024,NYSE-JZRO,5247,False
44024,NYSE-JZRO,5256,False
44024,NYSE-JZRO,5254,False
44024,NYSE-JZRO,5252,False
44024,NYSE-JZRO,5253,False
44024,NYSE-JZRO,5251,False
44024,NYSE-JZRO,5255,False
44024,NYSE-JZRO,5248,False
44024,NYSE-JZRO,5250,False
44024,NYSE-KRAS,4407,False
44024,NYSE-KRAS,4409,False
44024,NYSE-KRAS,4979,False
44024,NYSE-KRAS,4977,False
44024,NYSE-KRAS,4973,False
44024,NYSE-KRAS,4975,False
44024,NYSE-KTST,5059,False
44024,NYSE-KTST,5057,False
44024,NYSE-KTST,5055,False
44024,NYSE-KTST,5053,False
44024,NYSE-KTST,5051,False
44024,NYSE-KTST,5058,False
44024,NYSE-KTST,5056,False
44024,NYSE-KTST,5050,False
44024,NYSE-KTST,5052,False
44024,NYSE-KTST,5054,False
44024,NYSE-MDKA,4806,False
44024,NYSE-MDKA,4805,False
44024,NYSE-MDKA,4804,False
44024,NYSE-MDKA,4803,False
44024,NYSE-MDKA,4802,False
44024,NYSE-MDKA,4800,False
44024,NYSE-MDKA,4798,False
44024,NYSE-MDKA,4797,False
44024,NYSE-MDKA,4799,False
44024,NYSE-MDKA,4801,False
44024,NYSE-NGUP,5191,False
44024,NYSE-NGUP,5189,False
44024,NYSE-NGUP,5187,False
44024,NYSE-NGUP,5185,False
44024,NYSE-NGUP,5184,False
44024,NYSE-NGUP,5183,False
44024,NYSE-NGUP,5186,False
44024,NYSE-NGUP,5192,False
44024,NYSE-NGUP,5188,False
44024,NYSE-NGUP,5190,False
44024,NYSE-SIMP,5164,False
44024,NYSE-SIMP,5160,False
44024,NYSE-SIMP,5158,False
44024,NYSE-SIMP,5156,False
44024,NYSE-SIMP,5162,False
44024,NYSE-SIMP,5159,False
44024,NYSE-SIMP,5157,False
44024,NYSE-SIMP,5165,False
44024,NYSE-SIMP,5163,False
44024,NYSE-SIMP,5161,False
44024,NYSE-XFR,4916,False
44024,NYSE-XFR,4912,False
44024,NYSE-XFR,4910,False
44024,NYSE-XFR,4908,False
44024,NYSE-XFR,4909,False
44024,NYSE-XFR,4914,False
44024,NYSE-XFR,4907,False
44024,NYSE-XFR,4911,False
44024,NYSE-XFR,4915,False
44024,NYSE-XFR,4913,False
44024,NYSE-ZABA,4967,False
44024,NYSE-ZABA,4969,False
44024,NYSE-ZABA,4971,False
44025,NYSE-ZABA,4410,False
44025,NYSE-ZABA,4404,False
44025,NYSE-ZABA,4406,False
44025,NYSE-ZABA,4985,False
44094,NYSE-KRAS,4992,False
44094,NYSE-NGUP,5207,False
44114,NYSE-NGUP,5208,False
44123,NYSE-ETFA3,4949,False
44123,NYSE-ETFA3,4948,False
44123,NYSE-ETFA3,4946,False
44123,NYSE-ETFA3,4944,False
44123,NYSE-ETFA3,4942,False
44123,NYSE-ETFA3,4947,False
44123,NYSE-ETFA3,4945,False
44123,NYSE-ETFA3,4943,False
44123,NYSE-ETFA3,4941,False
44123,NYSE-ETFA3,4950,False
44123,NYSE-ETFA,4929,False
44123,NYSE-ETFA,4927,False
44123,NYSE-ETFA,4925,False
44123,NYSE-ETFA,4923,False
44123,NYSE-ETFA,4931,False
44123,NYSE-ETFA,4932,False
44123,NYSE-ETFA,4928,False
44123,NYSE-ETFA,4926,False
44123,NYSE-ETFA,4924,False
44123,NYSE-ETFA,4930,False
44124,NYSE-CARD,5668,False
44124,NYSE-CARD,5665,False
44124,NYSE-CARD,5663,False
44124,NYSE-CARD,5662,False
44124,NYSE-CARD,5669,False
44124,NYSE-CARD,5667,False
44124,NYSE-CARD,5666,False
44124,NYSE-CARD,5660,False
44124,NYSE-CARD,5664,False
44124,NYSE-DDJH,4961,False
44124,NYSE-DDJH,4957,False
44124,NYSE-DDJH,4965,False
44124,NYSE-DDJH,4963,False
44124,NYSE-DDJH,4959,False
44124,NYSE-INA,5212,False
44124,NYSE-INA,5210,False
44124,NYSE-INA,5209,False
44124,NYSE-INA,5207,False
44124,NYSE-INA,5205,False
44124,NYSE-INA,5203,False
44124,NYSE-INA,5211,False
44124,NYSE-INA,5208,False
44124,NYSE-INA,5206,False
44124,NYSE-INA,5204,False
44124,NYSE-JNAF,4862,False
44124,NYSE-JNAF,4859,False
44124,NYSE-JNAF,4857,False
44124,NYSE-JNAF,4855,False
44124,NYSE-JNAF,4853,False
44124,NYSE-JNAF,4861,False
44124,NYSE-JNAF,4860,False
44124,NYSE-JNAF,4856,False
44124,NYSE-JNAF,4858,False
44124,NYSE-JNAF,4854,False
44124,NYSE-JZRO,5262,False
44124,NYSE-JZRO,5260,False
44124,NYSE-JZRO,5258,False
44124,NYSE-JZRO,5264,False
44124,NYSE-JZRO,5263,False
44124,NYSE-JZRO,5265,False
44124,NYSE-JZRO,5261,False
44124,NYSE-JZRO,5259,False
44124,NYSE-JZRO,5266,False
44124,NYSE-KRAS,4415,False
44124,NYSE-KRAS,4419,False
44124,NYSE-KRAS,4417,False
44125,NYSE-KRAS,4989,False
44125,NYSE-KRAS,4987,False
44125,NYSE-KRAS,4985,False
44125,NYSE-KTST,5068,False
44125,NYSE-KTST,5066,False
44125,NYSE-KTST,5064,False
44125,NYSE-KTST,5062,False
44125,NYSE-KTST,5061,False
44125,NYSE-KTST,5069,False
44125,NYSE-KTST,5070,False
44125,NYSE-KTST,5067,False
44125,NYSE-KTST,5065,False
44125,NYSE-KTST,5063,False
44125,NYSE-MDKA,4817,False
44125,NYSE-MDKA,4816,False
44125,NYSE-MDKA,4813,False
44125,NYSE-MDKA,4812,False
44125,NYSE-MDKA,4811,False
44125,NYSE-MDKA,4810,False
44125,NYSE-MDKA,4808,False
44125,NYSE-MDKA,4809,False
44125,NYSE-MDKA,4814,False
44125,NYSE-MDKA,4815,False
44125,NYSE-NGUP,5201,False
44125,NYSE-NGUP,5199,False
44125,NYSE-NGUP,5197,False
44125,NYSE-NGUP,5195,False
44125,NYSE-NGUP,5196,False
44125,NYSE-NGUP,5200,False
44125,NYSE-NGUP,5198,False
44125,NYSE-NGUP,5202,False
44125,NYSE-SIMP,5175,False
44125,NYSE-SIMP,5174,False
44125,NYSE-SIMP,5173,False
44125,NYSE-SIMP,5172,False
44125,NYSE-SIMP,5171,False
44125,NYSE-SIMP,5169,False
44125,NYSE-SIMP,5167,False
44125,NYSE-SIMP,5166,False
44125,NYSE-SIMP,5170,False
44125,NYSE-SIMP,5168,False
44125,NYSE-XFR,4923,False
44125,NYSE-XFR,4921,False
44125,NYSE-XFR,4926,False
44125,NYSE-XFR,4924,False
44125,NYSE-XFR,4922,False
44125,NYSE-XFR,4920,False
44125,NYSE-XFR,4918,False
44125,NYSE-XFR,4919,False
44125,NYSE-XFR,4917,False
44125,NYSE-XFR,4925,False
44125,NYSE-ZABA,4984,False
44125,NYSE-ZABA,4982,False
44125,NYSE-ZABA,4980,False
44208,NYSE-KTST,5083,False
44208,NYSE-DDJH,4979,False
44208,NYSE-INA,5226,False
44208,NYSE-KTST,5084,False
44208,NYSE-MDKA,4830,False
44208,NYSE-MDKA,4831,False
44208,NYSE-ZABA,5000,False
44209,NYSE-KRAS,5004,False
44223,NYSE-ETFA3,4961,False
44223,NYSE-ETFA3,4959,False
44223,NYSE-ETFA3,4955,False
44223,NYSE-ETFA3,4953,False
44223,NYSE-ETFA3,4960,False
44223,NYSE-ETFA3,4958,False
44223,NYSE-ETFA3,4956,False
44223,NYSE-ETFA3,4954,False
44223,NYSE-ETFA3,4957,False
44223,NYSE-ETFA3,4962,False
44223,NYSE-ETFA,4944,False
44223,NYSE-ETFA,4942,False
44223,NYSE-ETFA,4938,False
44223,NYSE-ETFA,4935,False
44223,NYSE-ETFA,4936,False
44223,NYSE-ETFA,4943,False
44223,NYSE-ETFA,4941,False
44223,NYSE-ETFA,4939,False
44223,NYSE-ETFA,4937,False
44223,NYSE-ETFA,4940,False
44224,NYSE-CARD,5681,False
44224,NYSE-CARD,5679,False
44224,NYSE-CARD,5677,False
44224,NYSE-CARD,5674,False
44224,NYSE-CARD,5683,False
44224,NYSE-CARD,5682,False
44224,NYSE-CARD,5680,False
44224,NYSE-CARD,5678,False
44224,NYSE-CARD,5676,False
44224,NYSE-DDJH,4972,False
44224,NYSE-DDJH,4970,False
44224,NYSE-DDJH,4976,False
44224,NYSE-DDJH,4974,False
44224,NYSE-DDJH,4978,False
44224,NYSE-INA,5224,False
44224,NYSE-INA,5222,False
44224,NYSE-INA,5220,False
44224,NYSE-INA,5223,False
44224,NYSE-INA,5219,False
44224,NYSE-INA,5225,False
44224,NYSE-INA,5221,False
44224,NYSE-JNAF,4875,False
44224,NYSE-JNAF,4873,False
44224,NYSE-JNAF,4870,False
44224,NYSE-JNAF,4869,False
44224,NYSE-JNAF,4868,False
44224,NYSE-JNAF,4867,False
44224,NYSE-JNAF,4866,False
44224,NYSE-JNAF,4871,False
44224,NYSE-JNAF,4872,False
44224,NYSE-JNAF,4874,False
44224,NYSE-JZRO,5278,False
44224,NYSE-JZRO,5276,False
44224,NYSE-JZRO,5274,False
44224,NYSE-JZRO,5272,False
44224,NYSE-JZRO,5270,False
44224,NYSE-JZRO,5271,False
44224,NYSE-JZRO,5273,False
44224,NYSE-JZRO,5275,False
44224,NYSE-JZRO,5277,False
44224,NYSE-JZRO,5279,False
44224,NYSE-KRAS,4427,False
44224,NYSE-KRAS,4431,False
44224,NYSE-KRAS,4433,False
44224,NYSE-KRAS,4429,False
44224,NYSE-KRAS,5002,False
44224,NYSE-KRAS,5000,False
44224,NYSE-KTST,5082,False
44224,NYSE-KTST,5080,False
44224,NYSE-KTST,5074,False
44224,NYSE-KTST,5078,False
44224,NYSE-KTST,5076,False
44224,NYSE-KTST,5073,False
44224,NYSE-KTST,5081,False
44224,NYSE-KTST,5079,False
44224,NYSE-KTST,5077,False
44224,NYSE-KTST,5075,False
44225,NYSE-MDKA,4828,False
44225,NYSE-MDKA,4827,False
44225,NYSE-MDKA,4826,False
44225,NYSE-MDKA,4825,False
44225,NYSE-MDKA,4824,False
44225,NYSE-MDKA,4823,False
44225,NYSE-MDKA,4822,False
44225,NYSE-MDKA,4821,False
44225,NYSE-MDKA,4820,False
44225,NYSE-MDKA,4829,False
44225,NYSE-NGUP,5214,False
44225,NYSE-NGUP,5212,False
44225,NYSE-NGUP,5218,False
44225,NYSE-NGUP,5216,False
44225,NYSE-NGUP,5215,False
44225,NYSE-NGUP,5211,False
44225,NYSE-NGUP,5217,False
44225,NYSE-NGUP,5213,False
44225,NYSE-SIMP,5187,False
44225,NYSE-SIMP,5185,False
44225,NYSE-SIMP,5184,False
44225,NYSE-SIMP,5182,False
44225,NYSE-SIMP,5180,False
44225,NYSE-SIMP,5178,False
44225,NYSE-SIMP,5183,False
44225,NYSE-SIMP,5186,False
44225,NYSE-SIMP,5179,False
44225,NYSE-SIMP,5181,False
44225,NYSE-XFR,4934,False
44225,NYSE-XFR,4932,False
44225,NYSE-XFR,4938,False
44225,NYSE-XFR,4930,False
44225,NYSE-XFR,4931,False
44225,NYSE-XFR,4935,False
44225,NYSE-XFR,4933,False
44225,NYSE-XFR,4936,False
44226,NYSE-XFR,4929,False
44226,NYSE-XFR,4937,False
44226,NYSE-ZABA,4998,False
44226,NYSE-ZABA,4997,False
44226,NYSE-ZABA,4990,False
44226,NYSE-ZABA,4996,False
44226,NYSE-ZABA,4992,False
44226,NYSE-ZABA,4994,False
44293,NYSE-CARD,5697,False
44310,NYSE-KTST,5038,False
44310,NYSE-DDJH,4935,False
44310,NYSE-ETFA,4902,False
44310,NYSE-INA,5180,False
44310,NYSE-JZRO,5235,False
44310,NYSE-JNAF,4830,False
44310,NYSE-KRAS,4953,False
44310,NYSE-XFR,4906,False
44315,NYSE-SIMP,5200,False
44323,NYSE-ETFA3,4972,False
44323,NYSE-ETFA3,4969,False
44323,NYSE-ETFA3,4967,False
44323,NYSE-ETFA3,4965,False
44323,NYSE-ETFA3,4964,False
44323,NYSE-ETFA3,4968,False
44323,NYSE-ETFA3,4966,False
44323,NYSE-ETFA3,4963,False
44323,NYSE-ETFA3,4971,False
44323,NYSE-ETFA3,4970,False
44323,NYSE-ETFA,4953,False
44323,NYSE-ETFA,4951,False
44323,NYSE-ETFA,4949,False
44323,NYSE-ETFA,4948,False
44323,NYSE-ETFA,4946,False
44323,NYSE-ETFA,4952,False
44323,NYSE-ETFA,4954,False
44323,NYSE-ETFA,4947,False
44323,NYSE-ETFA,4945,False
44323,NYSE-ETFA,4950,False
44323,NYSE-CARD,5691,False
44323,NYSE-CARD,5689,False
44323,NYSE-CARD,5687,False
44323,NYSE-CARD,5694,False
44323,NYSE-CARD,5692,False
44323,NYSE-CARD,5695,False
44323,NYSE-CARD,5693,False
44323,NYSE-CARD,5690,False
44323,NYSE-DDJH,4984,False
44323,NYSE-DDJH,4982,False
44323,NYSE-DDJH,4980,False
44323,NYSE-DDJH,4986,False
44323,NYSE-DDJH,4989,False
44323,NYSE-DDJH,4987,False
44323,NYSE-DDJH,4981,False
44323,NYSE-DDJH,4988,False
44323,NYSE-DDJH,4985,False
44323,NYSE-DDJH,4983,False
44323,NYSE-INA,5236,False
44323,NYSE-INA,5234,False
44323,NYSE-INA,5232,False
44323,NYSE-INA,5233,False
44323,NYSE-INA,5231,False
44323,NYSE-INA,5235,False
44323,NYSE-INA,5237,False
44323,NYSE-JNAF,4885,False
44323,NYSE-JNAF,4884,False
44323,NYSE-JNAF,4883,False
44323,NYSE-JNAF,4882,False
44323,NYSE-JNAF,4879,False
44323,NYSE-JNAF,4877,False
44323,NYSE-JNAF,4880,False
44323,NYSE-JNAF,4876,False
44324,NYSE-JNAF,4878,False
44324,NYSE-JNAF,4881,False
44324,NYSE-JZRO,5288,False
44324,NYSE-JZRO,5286,False
44324,NYSE-JZRO,5284,False
44324,NYSE-JZRO,5281,False
44324,NYSE-JZRO,5283,False
44324,NYSE-JZRO,5282,False
44324,NYSE-JZRO,5289,False
44324,NYSE-JZRO,5280,False
44324,NYSE-JZRO,5285,False
44324,NYSE-JZRO,5287,False
44324,NYSE-KRAS,4437,False
44324,NYSE-KRAS,4443,False
44324,NYSE-KRAS,4439,False
44324,NYSE-KRAS,4441,False
44324,NYSE-KRAS,5014,False
44324,NYSE-KRAS,5012,False
44324,NYSE-KTST,5093,False
44324,NYSE-KTST,5091,False
44324,NYSE-KTST,5090,False
44324,NYSE-KTST,5087,False
44324,NYSE-KTST,5085,False
44324,NYSE-KTST,5092,False
44324,NYSE-KTST,5089,False
44324,NYSE-KTST,5088,False
44324,NYSE-KTST,5094,False
44324,NYSE-KTST,5086,False
44324,NYSE-MDKA,4841,False
44324,NYSE-MDKA,4839,False
44324,NYSE-MDKA,4837,False
44324,NYSE-MDKA,4836,False
44324,NYSE-MDKA,4835,False
44324,NYSE-MDKA,4833,False
44324,NYSE-MDKA,4838,False
44324,NYSE-MDKA,4840,False
44324,NYSE-MDKA,4832,False
44324,NYSE-MDKA,4834,False
44324,NYSE-NGUP,5226,False
44324,NYSE-NGUP,5224,False
44324,NYSE-NGUP,5222,False
44324,NYSE-NGUP,5229,False
44324,NYSE-NGUP,5230,False
44324,NYSE-NGUP,5228,False
44324,NYSE-NGUP,5227,False
44324,NYSE-NGUP,5223,False
44324,NYSE-NGUP,5225,False
44324,NYSE-NGUP,5221,False
44324,NYSE-SIMP,5199,False
44324,NYSE-SIMP,5197,False
44324,NYSE-SIMP,5195,False
44324,NYSE-SIMP,5191,False
44324,NYSE-SIMP,5193,False
44324,NYSE-SIMP,5196,False
44324,NYSE-SIMP,5198,False
44324,NYSE-SIMP,5194,False
44324,NYSE-SIMP,5192,False
44324,NYSE-SIMP,5190,False
44324,NYSE-XFR,4946,False
44324,NYSE-XFR,4940,False
44324,NYSE-XFR,4944,False
44324,NYSE-XFR,4942,False
44324,NYSE-XFR,4949,False
44324,NYSE-XFR,4947,False
44324,NYSE-XFR,4943,False
44324,NYSE-XFR,4948,False
44324,NYSE-XFR,4941,False
44324,NYSE-XFR,4945,False
44324,NYSE-ZABA,5004,False
44324,NYSE-ZABA,5011,False
44324,NYSE-ZABA,5010,False
44324,NYSE-ZABA,5009,False
44324,NYSE-ZABA,5007,False
44324,NYSE-ZABA,5006,False
44324,NYSE-ZABA,5005,False
44324,NYSE-ZABA,5003,False
44324,NYSE-ZABA,5008,False
44352,NYSE-SIMP,5211,False
44389,NYSE-NGUP,5241,False
44389,NYSE-KRAS,5026,False
44389,NYSE-JZRO,5301,False
44390,NYSE-MDKA,4852,False
44423,NYSE-ETFA3,4981,False
44423,NYSE-ETFA3,4973,False
44423,NYSE-ETFA3,4975,False
44423,NYSE-ETFA3,4977,False
44423,NYSE-ETFA3,4979,False
44423,NYSE-ETFA3,4978,False
44423,NYSE-ETFA3,4980,False
44423,NYSE-ETFA3,4974,False
44423,NYSE-ETFA3,4976,False
44423,NYSE-ETFA3,4982,False
44423,NYSE-ETFA,4961,False
44423,NYSE-ETFA,4959,False
44423,NYSE-ETFA,4955,False
44423,NYSE-ETFA,4964,False
44423,NYSE-ETFA,4960,False
44423,NYSE-ETFA,4958,False
44423,NYSE-ETFA,4956,False
44423,NYSE-ETFA,4963,False
44423,NYSE-ETFA,4957,False
44423,NYSE-ETFA,4962,False
44423,NYSE-CARD,5707,False
44423,NYSE-CARD,5705,False
44423,NYSE-CARD,5701,False
44423,NYSE-CARD,5703,False
44423,NYSE-CARD,5700,False
44423,NYSE-CARD,5698,False
44423,NYSE-CARD,5706,False
44423,NYSE-CARD,5704,False
44423,NYSE-CARD,5702,False
44423,NYSE-DDJH,4998,False
44423,NYSE-DDJH,4997,False
44423,NYSE-DDJH,4995,False
44423,NYSE-DDJH,4990,False
44423,NYSE-DDJH,4991,False
44423,NYSE-DDJH,4993,False
44423,NYSE-DDJH,4996,False
44423,NYSE-DDJH,4992,False
44423,NYSE-DDJH,4994,False
44423,NYSE-DDJH,4999,False
44423,NYSE-INA,5247,False
44423,NYSE-INA,5245,False
44423,NYSE-INA,5243,False
44423,NYSE-INA,5241,False
44423,NYSE-INA,5242,False
44423,NYSE-INA,5244,False
44423,NYSE-INA,5246,False
44423,NYSE-JNAF,4895,False
44423,NYSE-JNAF,4894,False
44423,NYSE-JNAF,4893,False
44423,NYSE-JNAF,4892,False
44423,NYSE-JNAF,4891,False
44424,NYSE-JNAF,4889,False
44424,NYSE-JNAF,4888,False
44424,NYSE-JNAF,4887,False
44424,NYSE-JNAF,4886,False
44424,NYSE-JNAF,4890,False
44424,NYSE-JZRO,5300,False
44424,NYSE-JZRO,5298,False
44424,NYSE-JZRO,5293,False
44424,NYSE-JZRO,5291,False
44424,NYSE-JZRO,5292,False
44424,NYSE-JZRO,5296,False
44424,NYSE-JZRO,5294,False
44424,NYSE-JZRO,5297,False
44424,NYSE-JZRO,5299,False
44424,NYSE-JZRO,5295,False
44424,NYSE-KRAS,5023,False
44424,NYSE-KRAS,5025,False
44424,NYSE-KTST,5104,False
44424,NYSE-KTST,5102,False
44424,NYSE-KTST,5099,False
44424,NYSE-KTST,5097,False
44424,NYSE-KTST,5095,False
44424,NYSE-KTST,5100,False
44424,NYSE-KTST,5096,False
44424,NYSE-KTST,5098,False
44424,NYSE-KTST,5101,False
44424,NYSE-KTST,5103,False
44424,NYSE-MDKA,4851,False
44424,NYSE-MDKA,4850,False
44424,NYSE-MDKA,4849,False
44424,NYSE-MDKA,4848,False
44424,NYSE-MDKA,4847,False
44424,NYSE-MDKA,4846,False
44424,NYSE-MDKA,4845,False
44424,NYSE-MDKA,4843,False
44424,NYSE-MDKA,4842,False
44424,NYSE-MDKA,4844,False
44424,NYSE-NGUP,5236,False
44424,NYSE-NGUP,5240,False
44424,NYSE-NGUP,5238,False
44424,NYSE-NGUP,5234,False
44424,NYSE-NGUP,5232,False
44424,NYSE-NGUP,5233,False
44424,NYSE-NGUP,5235,False
44424,NYSE-NGUP,5237,False
44424,NYSE-NGUP,5239,False
44424,NYSE-SIMP,5207,False
44424,NYSE-SIMP,5205,False
44424,NYSE-SIMP,5203,False
44424,NYSE-SIMP,5201,False
44424,NYSE-SIMP,5210,False
44424,NYSE-SIMP,5209,False
44424,NYSE-SIMP,5208,False
44424,NYSE-SIMP,5206,False
44424,NYSE-SIMP,5204,False
44424,NYSE-SIMP,5202,False
44424,NYSE-XFR,4957,False
44424,NYSE-XFR,4955,False
44424,NYSE-XFR,4952,False
44424,NYSE-XFR,4956,False
44424,NYSE-XFR,4959,False
44424,NYSE-XFR,4954,False
44424,NYSE-XFR,4951,False
44424,NYSE-XFR,4953,False
44424,NYSE-XFR,4958,False
44424,NYSE-XFR,4960,False
44424,NYSE-ZABA,5021,False
44424,NYSE-ZABA,5019,False
44424,NYSE-ZABA,5017,False
44424,NYSE-ZABA,5015,False
44424,NYSE-ZABA,5013,False
44424,NYSE-ZABA,5014,False
44424,NYSE-ZABA,5016,False
44424,NYSE-ZABA,5018,False
44424,NYSE-ZABA,5020,False
44514,NYSE-MDKA,4864,False
44515,NYSE-ZABA,5035,False
44515,NYSE-ZABA,5036,False
44515,NYSE-JNAF,4906,False
44515,NYSE-KTST,5115,False
44515,NYSE-NGUP,5254,False
44515,NYSE-NGUP,5255,False
44523,NYSE-ETFA3,4991,False
44523,NYSE-ETFA3,4983,False
44523,NYSE-ETFA3,4986,False
44523,NYSE-ETFA3,4988,False
44523,NYSE-ETFA3,4990,False
44523,NYSE-ETFA3,4992,False
44523,NYSE-ETFA3,4984,False
44523,NYSE-ETFA3,4985,False
44523,NYSE-ETFA3,4987,False
44523,NYSE-ETFA3,4989,False
44523,NYSE-ETFA,4973,False
44523,NYSE-ETFA,4972,False
44523,NYSE-ETFA,4969,False
44523,NYSE-ETFA,4967,False
44523,NYSE-ETFA,4965,False
44523,NYSE-ETFA,4968,False
44523,NYSE-ETFA,4966,False
44523,NYSE-ETFA,4971,False
44523,NYSE-ETFA,4974,False
44523,NYSE-ETFA,4970,False
44523,NYSE-CARD,5718,False
44523,NYSE-CARD,5717,False
44523,NYSE-CARD,5716,False
44523,NYSE-CARD,5715,False
44523,NYSE-CARD,5714,False
44523,NYSE-CARD,5713,False
44523,NYSE-CARD,5712,False
44523,NYSE-CARD,5710,False
44523,NYSE-CARD,5711,False
44523,NYSE-CARD,5709,False
44523,NYSE-DDJH,5009,False
44524,NYSE-DDJH,5007,False
44524,NYSE-DDJH,5006,False
44524,NYSE-DDJH,5004,False
44524,NYSE-DDJH,5002,False
44524,NYSE-DDJH,5001,False
44524,NYSE-DDJH,5005,False
44524,NYSE-DDJH,5003,False
44524,NYSE-DDJH,5008,False
44524,NYSE-INA,5256,False
44524,NYSE-INA,5254,False
44524,NYSE-INA,5253,False
44524,NYSE-INA,5257,False
44524,NYSE-INA,5255,False
44524,NYSE-JNAF,4902,False
44524,NYSE-JNAF,4901,False
44524,NYSE-JNAF,4900,False
44524,NYSE-JNAF,4899,False
44524,NYSE-JNAF,4898,False
44524,NYSE-JNAF,4897,False
44524,NYSE-JNAF,4896,False
44524,NYSE-JNAF,4904,False
44524,NYSE-JNAF,4905,False
44524,NYSE-JNAF,4903,False
44524,NYSE-JZRO,5311,False
44524,NYSE-JZRO,5310,False
44524,NYSE-JZRO,5309,False
44524,NYSE-JZRO,5308,False
44524,NYSE-JZRO,5307,False
44524,NYSE-JZRO,5306,False
44524,NYSE-JZRO,5303,False
44524,NYSE-JZRO,5304,False
44524,NYSE-JZRO,5302,False
44524,NYSE-JZRO,5305,False
44524,NYSE-KRAS,4462,False
44524,NYSE-KRAS,4470,False
44524,NYSE-KRAS,4466,False
44524,NYSE-KRAS,4464,False
44524,NYSE-KRAS,4468,False
44524,NYSE-KRAS,5036,False
44524,NYSE-KRAS,5034,False
44524,NYSE-KTST,5113,False
44524,NYSE-KTST,5110,False
44524,NYSE-KTST,5108,False
44524,NYSE-KTST,5106,False
44524,NYSE-KTST,5111,False
44524,NYSE-KTST,5109,False
44524,NYSE-KTST,5107,False
44524,NYSE-KTST,5105,False
44524,NYSE-KTST,5114,False
44524,NYSE-KTST,5112,False
44524,NYSE-MDKA,4862,False
44524,NYSE-MDKA,4859,False
44524,NYSE-MDKA,4857,False
44524,NYSE-MDKA,4855,False
44524,NYSE-MDKA,4853,False
44525,NYSE-MDKA,4861,False
44525,NYSE-MDKA,4860,False
44525,NYSE-MDKA,4856,False
44525,NYSE-MDKA,4858,False
44525,NYSE-MDKA,4854,False
44525,NYSE-NGUP,5247,False
44525,NYSE-NGUP,5245,False
44525,NYSE-NGUP,5243,False
44525,NYSE-NGUP,5249,False
44525,NYSE-NGUP,5252,False
44525,NYSE-NGUP,5244,False
44525,NYSE-NGUP,5246,False
44525,NYSE-NGUP,5251,False
44525,NYSE-NGUP,5248,False
44525,NYSE-NGUP,5250,False
44525,NYSE-SIMP,5220,False
44525,NYSE-SIMP,5218,False
44525,NYSE-SIMP,5216,False
44525,NYSE-SIMP,5214,False
44525,NYSE-SIMP,5212,False
44525,NYSE-SIMP,5215,False
44525,NYSE-SIMP,5219,False
44525,NYSE-SIMP,5217,False
44525,NYSE-SIMP,5213,False
44525,NYSE-SIMP,5221,False
44525,NYSE-XFR,4970,False
44525,NYSE-XFR,4967,False
44525,NYSE-XFR,4965,False
44525,NYSE-XFR,4963,False
44525,NYSE-XFR,4961,False
44525,NYSE-XFR,4968,False
44525,NYSE-XFR,4969,False
44525,NYSE-XFR,4962,False
44525,NYSE-XFR,4964,False
44525,NYSE-XFR,4966,False
44525,NYSE-ZABA,5023,False
44525,NYSE-ZABA,5031,False
44525,NYSE-ZABA,5029,False
44525,NYSE-ZABA,5027,False
44525,NYSE-ZABA,5024,False
44525,NYSE-ZABA,5032,False
44525,NYSE-ZABA,5030,False
44525,NYSE-ZABA,5028,False
44525,NYSE-ZABA,5026,False
44525,NYSE-ZABA,5025,False
44545,NYSE-NGUP,5267,False
44545,NYSE-KRAS,5047,False
44545,NYSE-CARD,5735,False
44545,NYSE-JZRO,5324,False
44623,NYSE-ETFA3,5003,False
44623,NYSE-ETFA3,5001,False
44623,NYSE-ETFA3,4999,False
44623,NYSE-ETFA3,4997,False
44623,NYSE-ETFA3,4995,False
44623,NYSE-ETFA3,4998,False
44623,NYSE-ETFA3,5000,False
44623,NYSE-ETFA3,5002,False
44623,NYSE-ETFA3,4994,False
44623,NYSE-ETFA3,4996,False
44623,NYSE-ETFA,4983,False
44623,NYSE-ETFA,4981,False
44623,NYSE-ETFA,4977,False
44623,NYSE-ETFA,4979,False
44623,NYSE-ETFA,4978,False
44623,NYSE-ETFA,4980,False
44623,NYSE-ETFA,4986,False
44623,NYSE-ETFA,4982,False
44623,NYSE-ETFA,4984,False
44623,NYSE-ETFA,4985,False
44624,NYSE-CARD,5730,False
44624,NYSE-CARD,5728,False
44624,NYSE-CARD,5726,False
44624,NYSE-CARD,5725,False
44624,NYSE-CARD,5723,False
44624,NYSE-CARD,5721,False
44624,NYSE-CARD,5724,False
44624,NYSE-CARD,5727,False
44624,NYSE-CARD,5729,False
44624,NYSE-DDJH,5021,False
44624,NYSE-DDJH,5019,False
44624,NYSE-DDJH,5017,False
44624,NYSE-DDJH,5015,False
44624,NYSE-DDJH,5013,False
44624,NYSE-DDJH,5014,False
44624,NYSE-DDJH,5016,False
44624,NYSE-DDJH,5018,False
44624,NYSE-DDJH,5020,False
44624,NYSE-DDJH,5012,False
44624,NYSE-INA,5267,False
44624,NYSE-INA,5266,False
44624,NYSE-INA,5268,False
44624,NYSE-JNAF,4916,False
44624,NYSE-JNAF,4912,False
44624,NYSE-JNAF,4910,False
44624,NYSE-JNAF,4908,False
44624,NYSE-JNAF,4909,False
44624,NYSE-JNAF,4914,False
44624,NYSE-JNAF,4907,False
44624,NYSE-JNAF,4911,False
44624,NYSE-JNAF,4915,False
44624,NYSE-JNAF,4913,False
44625,NYSE-JZRO,5321,False
44625,NYSE-JZRO,5319,False
44625,NYSE-JZRO,5317,False
44625,NYSE-JZRO,5316,False
44625,NYSE-JZRO,5315,False
44625,NYSE-JZRO,5313,False
44625,NYSE-JZRO,5314,False
44625,NYSE-JZRO,5320,False
44625,NYSE-JZRO,5318,False
44625,NYSE-JZRO,5322,False
44625,NYSE-KRAS,4480,False
44625,NYSE-KRAS,4482,False
44625,NYSE-KRAS,4474,False
44625,NYSE-KRAS,4476,False
44625,NYSE-KRAS,4478,False
44625,NYSE-KTST,5124,False
44625,NYSE-KTST,5122,False
44625,NYSE-KTST,5121,False
44625,NYSE-KTST,5118,False
44625,NYSE-KTST,5120,False
44625,NYSE-KTST,5117,False
44625,NYSE-KTST,5125,False
44625,NYSE-KTST,5116,False
44625,NYSE-KTST,5119,False
44625,NYSE-KTST,5123,False
44625,NYSE-MDKA,4875,False
44625,NYSE-MDKA,4873,False
44625,NYSE-MDKA,4870,False
44625,NYSE-MDKA,4869,False
44625,NYSE-MDKA,4868,False
44625,NYSE-MDKA,4867,False
44625,NYSE-MDKA,4866,False
44625,NYSE-MDKA,4871,False
44625,NYSE-MDKA,4872,False
44625,NYSE-MDKA,4874,False
44625,NYSE-NGUP,5262,False
44625,NYSE-NGUP,5260,False
44625,NYSE-NGUP,5258,False
44625,NYSE-NGUP,5264,False
44625,NYSE-NGUP,5263,False
44625,NYSE-NGUP,5265,False
44625,NYSE-NGUP,5261,False
44625,NYSE-NGUP,5257,False
44625,NYSE-NGUP,5259,False
44625,NYSE-SIMP,5229,False
44625,NYSE-SIMP,5226,False
44625,NYSE-SIMP,5224,False
44625,NYSE-SIMP,5230,False
44625,NYSE-SIMP,5228,False
44625,NYSE-SIMP,5232,False
44625,NYSE-SIMP,5233,False
44625,NYSE-SIMP,5231,False
44625,NYSE-SIMP,5227,False
44625,NYSE-SIMP,5225,False
44625,NYSE-XFR,4982,False
44625,NYSE-XFR,4980,False
44625,NYSE-XFR,4979,False
44625,NYSE-XFR,4976,False
44625,NYSE-XFR,4974,False
44625,NYSE-XFR,4981,False
44625,NYSE-XFR,4977,False
44625,NYSE-XFR,4978,False
44625,NYSE-XFR,4973,False
44625,NYSE-XFR,4975,False
44625,NYSE-ZABA,5039,False
44625,NYSE-ZABA,5037,False
44625,NYSE-ZABA,5045,False
44625,NYSE-ZABA,5043,False
44625,NYSE-ZABA,5041,False
44625,NYSE-ZABA,5042,False
44625,NYSE-ZABA,5044,False
44625,NYSE-ZABA,5046,False
44671,NYSE-KRAS,5058,False
44671,NYSE-CARD,5747,False
44671,NYSE-NGUP,5280,False
44671,NYSE-JZRO,5336,False
44690,NYSE-SIMP,5140,False
44723,NYSE-ETFA3,5005,False
44723,NYSE-ETFA3,5013,False
44723,NYSE-ETFA3,5011,False
44723,NYSE-ETFA3,5014,False
44723,NYSE-ETFA3,5006,False
44723,NYSE-ETFA3,5008,False
44723,NYSE-ETFA3,5010,False
44723,NYSE-ETFA3,5012,False
44723,NYSE-ETFA3,5007,False
44723,NYSE-ETFA3,5009,False
44723,NYSE-ETFA,4997,False
44723,NYSE-ETFA,4995,False
44723,NYSE-ETFA,4993,False
44723,NYSE-ETFA,4991,False
44723,NYSE-ETFA,4988,False
44723,NYSE-ETFA,4990,False
44723,NYSE-ETFA,4992,False
44723,NYSE-ETFA,4989,False
44723,NYSE-ETFA,4994,False
44723,NYSE-ETFA,4996,False
44724,NYSE-CARD,5744,False
44724,NYSE-CARD,5742,False
44724,NYSE-CARD,5740,False
44724,NYSE-CARD,5738,False
44724,NYSE-CARD,5736,False
44724,NYSE-CARD,5741,False
44724,NYSE-CARD,5739,False
44724,NYSE-CARD,5745,False
44724,NYSE-CARD,5743,False
44724,NYSE-DDJH,5031,False
44724,NYSE-DDJH,5029,False
44724,NYSE-DDJH,5027,False
44724,NYSE-DDJH,5024,False
44724,NYSE-DDJH,5023,False
44724,NYSE-DDJH,5032,False
44724,NYSE-DDJH,5030,False
44724,NYSE-DDJH,5028,False
44724,NYSE-DDJH,5026,False
44724,NYSE-DDJH,5025,False
44724,NYSE-INA,5279,False
44724,NYSE-JNAF,4926,False
44724,NYSE-JNAF,4924,False
44724,NYSE-JNAF,4923,False
44724,NYSE-JNAF,4922,False
44724,NYSE-JNAF,4921,False
44724,NYSE-JNAF,4920,False
44724,NYSE-JNAF,4918,False
44724,NYSE-JNAF,4919,False
44724,NYSE-JNAF,4917,False
44724,NYSE-JNAF,4925,False
44724,NYSE-JZRO,5335,False
44724,NYSE-JZRO,5334,False
44724,NYSE-JZRO,5333,False
44724,NYSE-JZRO,5332,False
44724,NYSE-JZRO,5331,False
44724,NYSE-JZRO,5330,False
44724,NYSE-JZRO,5329,False
44724,NYSE-JZRO,5328,False
44724,NYSE-JZRO,5327,False
44724,NYSE-JZRO,5326,False
44724,NYSE-KRAS,5057,False
44724,NYSE-KTST,5136,False
44724,NYSE-KTST,5133,False
44724,NYSE-KTST,5131,False
44724,NYSE-KTST,5129,False
44724,NYSE-KTST,5127,False
44724,NYSE-KTST,5134,False
44724,NYSE-KTST,5132,False
44724,NYSE-KTST,5130,False
44724,NYSE-KTST,5128,False
44724,NYSE-KTST,5135,False
44724,NYSE-MDKA,4885,False
44724,NYSE-MDKA,4884,False
44724,NYSE-MDKA,4883,False
44724,NYSE-MDKA,4882,False
44724,NYSE-MDKA,4879,False
44724,NYSE-MDKA,4877,False
44724,NYSE-MDKA,4886,False
44724,NYSE-MDKA,4880,False
44724,NYSE-MDKA,4878,False
44724,NYSE-MDKA,4881,False
44724,NYSE-NGUP,5269,False
44724,NYSE-NGUP,5278,False
44724,NYSE-NGUP,5276,False
44724,NYSE-NGUP,5274,False
44724,NYSE-NGUP,5272,False
44724,NYSE-NGUP,5271,False
44724,NYSE-NGUP,5273,False
44724,NYSE-NGUP,5275,False
44724,NYSE-NGUP,5277,False
44724,NYSE-SIMP,5243,False
44724,NYSE-SIMP,5241,False
44724,NYSE-SIMP,5236,False
44724,NYSE-SIMP,5240,False
44724,NYSE-SIMP,5238,False
44724,NYSE-SIMP,5235,False
44724,NYSE-SIMP,5237,False
44724,NYSE-SIMP,5239,False
44724,NYSE-SIMP,5242,False
44724,NYSE-SIMP,5244,False
44724,NYSE-XFR,4986,False
44724,NYSE-XFR,4984,False
44724,NYSE-XFR,4989,False
44724,NYSE-XFR,4987,False
44724,NYSE-XFR,4988,False
44724,NYSE-XFR,4990,False
44724,NYSE-XFR,4985,False
44724,NYSE-XFR,4991,False
44724,NYSE-XFR,4993,False
44724,NYSE-XFR,4992,False
44724,NYSE-ZABA,5047,False
44724,NYSE-ZABA,5055,False
44724,NYSE-ZABA,5053,False
44724,NYSE-ZABA,5051,False
44724,NYSE-ZABA,5049,False
44724,NYSE-ZABA,5056,False
44724,NYSE-ZABA,5050,False
44724,NYSE-ZABA,5052,False
44724,NYSE-ZABA,5054,False
44724,NYSE-ZABA,5048,False
44734,NYSE-DDJH,5043,False
44734,NYSE-ZABA,5070,False
44734,NYSE-MDKA,4897,False
44734,NYSE-DDJH,5045,False
44734,NYSE-MDKA,4898,False
44734,NYSE-JNAF,4937,False
44734,NYSE-JNAF,4938,False
44786,NYSE-SIMP,5260,False
44786,NYSE-KRAS,5074,False
44786,NYSE-CARD,5763,False
44786,NYSE-NGUP,5296,False
44786,NYSE-JZRO,5353,False
44823,NYSE-ETFA3,5015,False
44823,NYSE-ETFA3,5023,False
44823,NYSE-ETFA3,5017,False
44823,NYSE-ETFA3,5019,False
44823,NYSE-ETFA3,5021,False
44823,NYSE-ETFA3,5022,False
44824,NYSE-ETFA3,5024,False
44824,NYSE-ETFA3,5016,False
44824,NYSE-ETFA3,5018,False
44824,NYSE-ETFA3,5020,False
44824,NYSE-ETFA,5005,False
44824,NYSE-ETFA,5003,False
44824,NYSE-ETFA,5001,False
44824,NYSE-ETFA,4999,False
44824,NYSE-ETFA,4998,False
44824,NYSE-ETFA,5000,False
44824,NYSE-ETFA,5002,False
44824,NYSE-ETFA,5004,False
44824,NYSE-ETFA,5006,False
44824,NYSE-ETFA,5007,False
44824,NYSE-CARD,5757,False
44824,NYSE-CARD,5755,False
44824,NYSE-CARD,5753,False
44824,NYSE-CARD,5751,False
44824,NYSE-CARD,5750,False
44824,NYSE-CARD,5748,False
44824,NYSE-CARD,5756,False
44824,NYSE-CARD,5752,False
44824,NYSE-CARD,5754,False
44824,NYSE-DDJH,5039,False
44824,NYSE-DDJH,5037,False
44824,NYSE-DDJH,5036,False
44824,NYSE-DDJH,5034,False
44824,NYSE-DDJH,5033,False
44824,NYSE-DDJH,5035,False
44824,NYSE-DDJH,5041,False
44824,NYSE-DDJH,5038,False
44824,NYSE-DDJH,5042,False
44824,NYSE-DDJH,5040,False
44824,NYSE-INA,5291,False
44824,NYSE-JNAF,4934,False
44824,NYSE-JNAF,4932,False
44824,NYSE-JNAF,4930,False
44824,NYSE-JNAF,4928,False
44824,NYSE-JNAF,4931,False
44824,NYSE-JNAF,4927,False
44824,NYSE-JNAF,4935,False
44824,NYSE-JNAF,4933,False
44824,NYSE-JNAF,4936,False
44824,NYSE-JNAF,4929,False
44825,NYSE-JZRO,5347,False
44825,NYSE-JZRO,5346,False
44825,NYSE-JZRO,5345,False
44825,NYSE-JZRO,5344,False
44825,NYSE-JZRO,5343,False
44825,NYSE-JZRO,5341,False
44825,NYSE-JZRO,5338,False
44825,NYSE-JZRO,5340,False
44825,NYSE-JZRO,5342,False
44825,NYSE-KRAS,4501,False
44825,NYSE-KRAS,4503,False
44825,NYSE-KRAS,4499,False
44825,NYSE-KRAS,5068,False
44825,NYSE-KTST,5146,False
44825,NYSE-KTST,5140,False
44825,NYSE-KTST,5138,False
44825,NYSE-KTST,5144,False
44825,NYSE-KTST,5142,False
44825,NYSE-KTST,5141,False
44825,NYSE-KTST,5139,False
44825,NYSE-KTST,5143,False
44825,NYSE-KTST,5137,False
44825,NYSE-KTST,5145,False
44825,NYSE-MDKA,4896,False
44825,NYSE-MDKA,4895,False
44825,NYSE-MDKA,4894,False
44825,NYSE-MDKA,4893,False
44825,NYSE-MDKA,4892,False
44825,NYSE-MDKA,4891,False
44825,NYSE-MDKA,4889,False
44825,NYSE-MDKA,4888,False
44825,NYSE-MDKA,4887,False
44825,NYSE-MDKA,4890,False
44826,NYSE-NGUP,5290,False
44826,NYSE-NGUP,5288,False
44826,NYSE-NGUP,5286,False
44826,NYSE-NGUP,5284,False
44826,NYSE-NGUP,5281,False
44826,NYSE-NGUP,5283,False
44826,NYSE-NGUP,5289,False
44826,NYSE-NGUP,5285,False
44826,NYSE-NGUP,5287,False
44826,NYSE-SIMP,5249,False
44826,NYSE-SIMP,5247,False
44826,NYSE-SIMP,5254,False
44826,NYSE-SIMP,5252,False
44826,NYSE-SIMP,5253,False
44826,NYSE-SIMP,5246,False
44826,NYSE-SIMP,5251,False
44826,NYSE-SIMP,5255,False
44826,NYSE-SIMP,5248,False
44826,NYSE-SIMP,5250,False
44826,NYSE-XFR,5002,False
44826,NYSE-XFR,4998,False
44826,NYSE-XFR,5000,False
44826,NYSE-XFR,4997,False
44826,NYSE-XFR,4995,False
44826,NYSE-XFR,5001,False
44826,NYSE-XFR,4996,False
44826,NYSE-XFR,5003,False
44826,NYSE-XFR,4994,False
44826,NYSE-XFR,4999,False
44826,NYSE-ZABA,5066,False
44826,NYSE-ZABA,5064,False
44826,NYSE-ZABA,5062,False
44826,NYSE-ZABA,5061,False
44826,NYSE-ZABA,5067,False
44826,NYSE-ZABA,5065,False
44826,NYSE-ZABA,5060,False
44826,NYSE-ZABA,5063,False
44916,NYSE-ZABA,5086,False
44916,NYSE-ZABA,5087,False
44916,NYSE-KRAS,5086,False
44916,NYSE-CARD,5776,False
44916,NYSE-NGUP,5309,False
44923,NYSE-ETFA3,5037,False
44923,NYSE-ETFA3,5035,False
44923,NYSE-ETFA3,5029,False
44923,NYSE-ETFA3,5033,False
44923,NYSE-ETFA3,5031,False
44923,NYSE-ETFA3,5030,False
44923,NYSE-ETFA3,5032,False
44923,NYSE-ETFA3,5034,False
44923,NYSE-ETFA3,5036,False
44923,NYSE-ETFA3,5038,False
44923,NYSE-ETFA,5015,False
44923,NYSE-ETFA,5017,False
44923,NYSE-ETFA,5013,False
44923,NYSE-ETFA,5019,False
44923,NYSE-ETFA,5021,False
44923,NYSE-ETFA,5014,False
44923,NYSE-ETFA,5012,False
44923,NYSE-ETFA,5016,False
44923,NYSE-ETFA,5018,False
44923,NYSE-ETFA,5020,False
44923,NYSE-CARD,5770,False
44923,NYSE-CARD,5767,False
44923,NYSE-CARD,5771,False
44923,NYSE-CARD,5769,False
44923,NYSE-CARD,5773,False
44923,NYSE-CARD,5772,False
44923,NYSE-CARD,5768,False
44923,NYSE-CARD,5764,False
44923,NYSE-CARD,5766,False
44923,NYSE-DDJH,5057,False
44923,NYSE-DDJH,5055,False
44923,NYSE-DDJH,5053,False
44923,NYSE-DDJH,5051,False
44923,NYSE-DDJH,5059,False
44923,NYSE-DDJH,5058,False
44923,NYSE-DDJH,5056,False
44923,NYSE-DDJH,5050,False
44923,NYSE-DDJH,5052,False
44923,NYSE-DDJH,5054,False
44923,NYSE-INA,5297,False
44924,NYSE-JNAF,4952,False
44924,NYSE-JNAF,4946,False
44924,NYSE-JNAF,4944,False
44924,NYSE-JNAF,4950,False
44924,NYSE-JNAF,4949,False
44924,NYSE-JNAF,4947,False
44924,NYSE-JNAF,4943,False
44924,NYSE-JNAF,4948,False
44924,NYSE-JNAF,4951,False
44924,NYSE-JNAF,4945,False
44924,NYSE-JZRO,5364,False
44924,NYSE-JZRO,5363,False
44924,NYSE-JZRO,5362,False
44924,NYSE-JZRO,5361,False
44924,NYSE-JZRO,5359,False
44924,NYSE-JZRO,5358,False
44924,NYSE-JZRO,5357,False
44924,NYSE-JZRO,5355,False
44924,NYSE-JZRO,5356,False
44924,NYSE-JZRO,5360,False
44924,NYSE-KRAS,4512,False
44924,NYSE-KRAS,4506,False
44924,NYSE-KRAS,4510,False
44924,NYSE-KRAS,4508,False
44924,NYSE-KRAS,5075,False
44925,NYSE-KTST,5160,False
44925,NYSE-KTST,5156,False
44925,NYSE-KTST,5155,False
44925,NYSE-KTST,5158,False
44925,NYSE-KTST,5159,False
44925,NYSE-KTST,5157,False
44925,NYSE-KTST,5153,False
44925,NYSE-KTST,5151,False
44925,NYSE-KTST,5154,False
44925,NYSE-KTST,5152,False
44925,NYSE-MDKA,4912,False
44925,NYSE-MDKA,4910,False
44925,NYSE-MDKA,4908,False
44925,NYSE-MDKA,4906,False
44925,NYSE-MDKA,4904,False
44925,NYSE-MDKA,4909,False
44925,NYSE-MDKA,4905,False
44925,NYSE-MDKA,4907,False
44925,NYSE-MDKA,4911,False
44925,NYSE-MDKA,4903,False
44925,NYSE-NGUP,5307,False
44925,NYSE-NGUP,5306,False
44925,NYSE-NGUP,5303,False
44925,NYSE-NGUP,5300,False
44925,NYSE-NGUP,5298,False
44925,NYSE-NGUP,5301,False
44925,NYSE-NGUP,5304,False
44925,NYSE-NGUP,5302,False
44925,NYSE-NGUP,5305,False
44925,NYSE-SIMP,5269,False
44925,NYSE-SIMP,5267,False
44925,NYSE-SIMP,5270,False
44925,NYSE-SIMP,5262,False
44925,NYSE-SIMP,5264,False
44925,NYSE-SIMP,5263,False
44925,NYSE-SIMP,5265,False
44925,NYSE-SIMP,5261,False
44925,NYSE-SIMP,5266,False
44925,NYSE-SIMP,5268,False
44925,NYSE-XFR,5011,False
44925,NYSE-XFR,5010,False
44925,NYSE-XFR,5009,False
44925,NYSE-XFR,5017,False
44925,NYSE-XFR,5015,False
44925,NYSE-XFR,5013,False
44925,NYSE-XFR,5014,False
44925,NYSE-XFR,5016,False
44925,NYSE-XFR,5018,False
44925,NYSE-XFR,5012,False
44925,NYSE-ZABA,5082,False
44925,NYSE-ZABA,5080,False
44925,NYSE-ZABA,5084,False
44925,NYSE-ZABA,5078,False
44925,NYSE-ZABA,5076,False
44931,NYSE-CARD,5787,False
44948,NYSE-INA,5319,False
44986,NYSE-JZRO,5377,False
44986,NYSE-ZABA,5098,False
44986,NYSE-KTST,5172,False
44986,NYSE-DDJH,5072,False
44986,NYSE-NGUP,5322,False
44986,NYSE-SIMP,5284,False
44986,NYSE-SIMP,5285,False
45022,NYSE-INA,5320,False
45022,NYSE-ZABA,5099,False
45022,NYSE-CARD,5789,False
45022,NYSE-NGUP,5323,False
45023,NYSE-ETFA3,5048,False
45023,NYSE-ETFA3,5045,False
45023,NYSE-ETFA3,5043,False
45023,NYSE-ETFA3,5047,False
45023,NYSE-ETFA3,5041,False
45023,NYSE-ETFA3,5039,False
45023,NYSE-ETFA3,5040,False
45023,NYSE-ETFA3,5042,False
45023,NYSE-ETFA3,5044,False
45023,NYSE-ETFA3,5046,False
45024,NYSE-ETFA,5029,False
45024,NYSE-ETFA,5027,False
45024,NYSE-ETFA,5025,False
45024,NYSE-ETFA,5031,False
45024,NYSE-ETFA,5023,False
45024,NYSE-ETFA,5026,False
45024,NYSE-ETFA,5028,False
45024,NYSE-ETFA,5030,False
45024,NYSE-ETFA,5032,False
45024,NYSE-ETFA,5024,False
45024,NYSE-CARD,5786,False
45024,NYSE-CARD,5784,False
45024,NYSE-CARD,5782,False
45024,NYSE-CARD,5777,False
45024,NYSE-CARD,5781,False
45024,NYSE-CARD,5779,False
45024,NYSE-CARD,5778,False
45024,NYSE-CARD,5780,False
45024,NYSE-CARD,5783,False
45024,NYSE-CARD,5785,False
45024,NYSE-DDJH,5068,False
45024,NYSE-DDJH,5066,False
45024,NYSE-DDJH,5064,False
45024,NYSE-DDJH,5062,False
45024,NYSE-DDJH,5061,False
45024,NYSE-DDJH,5069,False
45024,NYSE-DDJH,5070,False
45024,NYSE-DDJH,5067,False
45024,NYSE-DDJH,5065,False
45024,NYSE-DDJH,5063,False
45024,NYSE-INA,5309,False
45024,NYSE-JNAF,4963,False
45024,NYSE-JNAF,4961,False
45024,NYSE-JNAF,4957,False
45024,NYSE-JNAF,4955,False
45024,NYSE-JNAF,4956,False
45024,NYSE-JNAF,4959,False
45024,NYSE-JNAF,4954,False
45024,NYSE-JNAF,4958,False
45024,NYSE-JNAF,4960,False
45024,NYSE-JNAF,4962,False
45024,NYSE-JZRO,5374,False
45024,NYSE-JZRO,5371,False
45024,NYSE-JZRO,5369,False
45024,NYSE-JZRO,5368,False
45024,NYSE-JZRO,5367,False
45024,NYSE-JZRO,5366,False
45024,NYSE-JZRO,5373,False
45024,NYSE-JZRO,5375,False
45024,NYSE-JZRO,5370,False
45024,NYSE-JZRO,5372,False
45024,NYSE-KRAS,5087,False
45024,NYSE-KTST,5171,False
45024,NYSE-KTST,5169,False
45024,NYSE-KTST,5167,False
45024,NYSE-KTST,5166,False
45024,NYSE-KTST,5164,False
45024,NYSE-KTST,5162,False
45024,NYSE-KTST,5170,False
45024,NYSE-KTST,5165,False
45024,NYSE-KTST,5163,False
45024,NYSE-KTST,5168,False
45024,NYSE-MDKA,4923,False
45024,NYSE-MDKA,4922,False
45024,NYSE-MDKA,4921,False
45024,NYSE-MDKA,4916,False
45025,NYSE-MDKA,4920,False
45025,NYSE-MDKA,4918,False
45025,NYSE-MDKA,4914,False
45025,NYSE-MDKA,4915,False
45025,NYSE-MDKA,4919,False
45025,NYSE-MDKA,4917,False
45025,NYSE-NGUP,5319,False
45025,NYSE-NGUP,5317,False
45025,NYSE-NGUP,5316,False
45025,NYSE-NGUP,5315,False
45025,NYSE-NGUP,5313,False
45025,NYSE-NGUP,5311,False
45025,NYSE-NGUP,5310,False
45025,NYSE-NGUP,5314,False
45025,NYSE-NGUP,5318,False
45025,NYSE-NGUP,5312,False
45025,NYSE-SIMP,5278,False
45025,NYSE-SIMP,5276,False
45025,NYSE-SIMP,5274,False
45025,NYSE-SIMP,5281,False
45025,NYSE-SIMP,5273,False
45025,NYSE-SIMP,5275,False
45025,NYSE-SIMP,5282,False
45025,NYSE-SIMP,5277,False
45025,NYSE-SIMP,5279,False
45025,NYSE-SIMP,5280,False
45025,NYSE-XFR,5027,False
45025,NYSE-XFR,5024,False
45025,NYSE-XFR,5023,False
45025,NYSE-XFR,5021,False
45025,NYSE-XFR,5028,False
45025,NYSE-XFR,5026,False
45025,NYSE-XFR,5019,False
45025,NYSE-XFR,5025,False
45025,NYSE-XFR,5020,False
45025,NYSE-XFR,5022,False
45025,NYSE-ZABA,4516,False
45025,NYSE-ZABA,4518,False
45025,NYSE-ZABA,5090,False
45025,NYSE-ZABA,5092,False
45025,NYSE-ZABA,5088,False
45025,NYSE-ZABA,5096,False
45025,NYSE-ZABA,5094,False
45107,NYSE-INA,5331,False
45107,NYSE-ZABA,5110,False
45107,NYSE-CARD,5800,False
45110,NYSE-KRAS,4519,False
45110,NYSE-KRAS,4521,False
45110,NYSE-KRAS,4523,False
45123,NYSE-ETFA3,5059,False
45123,NYSE-ETFA3,5055,False
45123,NYSE-ETFA3,5053,False
45123,NYSE-ETFA3,5050,False
45123,NYSE-ETFA3,5057,False
45123,NYSE-ETFA3,5051,False
45123,NYSE-ETFA3,5052,False
45123,NYSE-ETFA3,5054,False
45123,NYSE-ETFA3,5056,False
45123,NYSE-ETFA3,5058,False
45123,NYSE-ETFA,5043,False
45123,NYSE-ETFA,5037,False
45123,NYSE-ETFA,5035,False
45123,NYSE-ETFA,5041,False
45123,NYSE-ETFA,5039,False
45123,NYSE-ETFA,5040,False
45123,NYSE-ETFA,5042,False
45123,NYSE-ETFA,5044,False
45123,NYSE-ETFA,5036,False
45123,NYSE-ETFA,5038,False
45124,NYSE-CARD,5790,False
45124,NYSE-CARD,5799,False
45124,NYSE-CARD,5797,False
45124,NYSE-CARD,5795,False
45124,NYSE-CARD,5793,False
45124,NYSE-CARD,5794,False
45124,NYSE-CARD,5792,False
45124,NYSE-CARD,5798,False
45124,NYSE-CARD,5796,False
45124,NYSE-CARD,5791,False
45124,NYSE-DDJH,5082,False
45124,NYSE-DDJH,5080,False
45124,NYSE-DDJH,5078,False
45124,NYSE-DDJH,5073,False
45124,NYSE-DDJH,5081,False
45124,NYSE-DDJH,5079,False
45124,NYSE-DDJH,5077,False
45124,NYSE-DDJH,5075,False
45125,NYSE-INA,5323,False
45125,NYSE-INA,5321,False
45125,NYSE-JNAF,4972,False
45125,NYSE-JNAF,4970,False
45125,NYSE-JNAF,4967,False
45125,NYSE-JNAF,4965,False
45125,NYSE-JNAF,4968,False
45125,NYSE-JNAF,4969,False
45125,NYSE-JNAF,4973,False
45125,NYSE-JNAF,4971,False
45125,NYSE-JNAF,4964,False
45125,NYSE-JNAF,4966,False
45125,NYSE-JZRO,5388,False
45125,NYSE-JZRO,5387,False
45125,NYSE-JZRO,5386,False
45125,NYSE-JZRO,5384,False
45125,NYSE-JZRO,5382,False
45125,NYSE-JZRO,5380,False
45125,NYSE-JZRO,5379,False
45125,NYSE-JZRO,5381,False
45125,NYSE-JZRO,5383,False
45125,NYSE-JZRO,5385,False
45125,NYSE-KRAS,4531,False
45125,NYSE-KRAS,4529,False
45125,NYSE-KRAS,4533,False
45125,NYSE-KRAS,5098,False
45125,NYSE-KTST,5177,False
45125,NYSE-KTST,5176,False
45125,NYSE-KTST,5175,False
45125,NYSE-KTST,5174,False
45125,NYSE-KTST,5173,False
45125,NYSE-KTST,5182,False
45125,NYSE-KTST,5180,False
45125,NYSE-KTST,5178,False
45125,NYSE-KTST,5179,False
45125,NYSE-KTST,5181,False
45125,NYSE-MDKA,4934,False
45125,NYSE-MDKA,4932,False
45125,NYSE-MDKA,4930,False
45125,NYSE-MDKA,4928,False
45125,NYSE-MDKA,4926,False
45125,NYSE-MDKA,4931,False
45125,NYSE-MDKA,4927,False
45125,NYSE-MDKA,4933,False
45125,NYSE-MDKA,4929,False
45125,NYSE-MDKA,4925,False
45125,NYSE-NGUP,5331,False
45125,NYSE-NGUP,5330,False
45125,NYSE-NGUP,5329,False
45125,NYSE-NGUP,5328,False
45125,NYSE-NGUP,5327,False
45125,NYSE-NGUP,5325,False
45125,NYSE-NGUP,5324,False
45125,NYSE-NGUP,5326,False
45125,NYSE-SIMP,5293,False
45125,NYSE-SIMP,5291,False
45125,NYSE-SIMP,5290,False
45125,NYSE-SIMP,5288,False
45125,NYSE-SIMP,5292,False
45125,NYSE-SIMP,5296,False
45126,NYSE-SIMP,5294,False
45126,NYSE-SIMP,5289,False
45126,NYSE-SIMP,5295,False
45126,NYSE-SIMP,5287,False
45126,NYSE-XFR,5037,False
45126,NYSE-XFR,5036,False
45126,NYSE-XFR,5035,False
45126,NYSE-XFR,5034,False
45126,NYSE-XFR,5033,False
45126,NYSE-XFR,5031,False
45126,NYSE-XFR,5029,False
45126,NYSE-XFR,5038,False
45126,NYSE-XFR,5032,False
45126,NYSE-XFR,5030,False
45126,NYSE-ZABA,4528,False
45126,NYSE-ZABA,4526,False
45126,NYSE-ZABA,4530,False
45126,NYSE-ZABA,4532,False
45126,NYSE-ZABA,5106,False
45126,NYSE-ZABA,5104,False
45126,NYSE-ZABA,5102,False
45126,NYSE-ZABA,5105,False
45126,NYSE-ZABA,5100,False
45126,NYSE-ZABA,5103,False
45126,NYSE-NGUP,5344,False
45126,NYSE-ZABA,5121,False
45126,NYSE-DDJH,5093,False
45126,NYSE-JNAF,4984,False
45126,NYSE-MDKA,4945,False
45127,NYSE-ZABA,5122,False
45210,NYSE-KTST,5161,False
45210,NYSE-DDJH,5060,False
45210,NYSE-ETFA,5022,False
45210,NYSE-INA,5307,False
45210,NYSE-JZRO,5365,False
45210,NYSE-JNAF,4953,False
45210,NYSE-CARD,5774,False
45210,NYSE-KRAS,5085,False
45223,NYSE-ETFA3,5069,False
45223,NYSE-ETFA3,5067,False
45223,NYSE-ETFA3,5065,False
45223,NYSE-ETFA3,5063,False
45223,NYSE-ETFA3,5061,False
45223,NYSE-ETFA3,5060,False
45223,NYSE-ETFA3,5062,False
45223,NYSE-ETFA3,5064,False
45223,NYSE-ETFA3,5066,False
45223,NYSE-ETFA3,5068,False
45223,NYSE-ETFA,5053,False
45223,NYSE-ETFA,5050,False
45223,NYSE-ETFA,5048,False
45223,NYSE-ETFA,5045,False
45223,NYSE-ETFA,5047,False
45223,NYSE-ETFA,5051,False
45223,NYSE-ETFA,5049,False
45223,NYSE-ETFA,5046,False
45223,NYSE-ETFA,5052,False
45223,NYSE-ETFA,5054,False
45224,NYSE-CARD,5810,False
45224,NYSE-CARD,5808,False
45224,NYSE-CARD,5803,False
45224,NYSE-CARD,5801,False
45224,NYSE-CARD,5805,False
45224,NYSE-CARD,5804,False
45224,NYSE-CARD,5806,False
45224,NYSE-CARD,5802,False
45224,NYSE-CARD,5807,False
45224,NYSE-CARD,5809,False
45224,NYSE-DDJH,5087,False
45224,NYSE-DDJH,5091,False
45224,NYSE-DDJH,5085,False
45224,NYSE-DDJH,5083,False
45224,NYSE-DDJH,5089,False
45224,NYSE-INA,5332,False
45224,NYSE-JNAF,4982,False
45224,NYSE-JNAF,4980,False
45224,NYSE-JNAF,4979,False
45224,NYSE-JNAF,4976,False
45224,NYSE-JNAF,4974,False
45224,NYSE-JNAF,4981,False
45224,NYSE-JNAF,4977,False
45224,NYSE-JNAF,4978,False
45224,NYSE-JNAF,4975,False
45224,NYSE-JNAF,4983,False
45224,NYSE-JZRO,5398,False
45224,NYSE-JZRO,5396,False
45224,NYSE-JZRO,5394,False
45224,NYSE-JZRO,5392,False
45224,NYSE-JZRO,5391,False
45224,NYSE-JZRO,5390,False
45224,NYSE-JZRO,5389,False
45224,NYSE-JZRO,5397,False
45224,NYSE-JZRO,5395,False
45224,NYSE-JZRO,5393,False
45224,NYSE-KRAS,4547,False
45224,NYSE-KRAS,4541,False
45224,NYSE-KRAS,4545,False
45224,NYSE-KRAS,4543,False
45224,NYSE-KRAS,5110,False
45224,NYSE-KRAS,5108,False
45224,NYSE-KRAS,5109,False
45224,NYSE-KRAS,5107,False
45224,NYSE-KTST,5191,False
45224,NYSE-KTST,5189,False
45224,NYSE-KTST,5187,False
45224,NYSE-KTST,5185,False
45224,NYSE-KTST,5184,False
45224,NYSE-KTST,5183,False
45224,NYSE-KTST,5186,False
45224,NYSE-KTST,5192,False
45224,NYSE-KTST,5188,False
45224,NYSE-KTST,5190,False
45224,NYSE-MDKA,4944,False
45224,NYSE-MDKA,4942,False
45224,NYSE-MDKA,4940,False
45224,NYSE-MDKA,4938,False
45224,NYSE-MDKA,4943,False
45224,NYSE-MDKA,4939,False
45224,NYSE-MDKA,4935,False
45224,NYSE-MDKA,4936,False
45224,NYSE-MDKA,4941,False
45224,NYSE-MDKA,4937,False
45224,NYSE-NGUP,5341,False
45224,NYSE-NGUP,5338,False
45224,NYSE-NGUP,5336,False
45224,NYSE-NGUP,5334,False
45224,NYSE-NGUP,5339,False
45224,NYSE-NGUP,5340,False
45224,NYSE-SIMP,5306,False
45224,NYSE-SIMP,5303,False
45224,NYSE-SIMP,5301,False
45224,NYSE-SIMP,5300,False
45224,NYSE-SIMP,5298,False
45224,NYSE-SIMP,5304,False
45224,NYSE-SIMP,5302,False
45224,NYSE-SIMP,5297,False
45224,NYSE-SIMP,5299,False
45224,NYSE-SIMP,5305,False
45224,NYSE-XFR,5047,False
45224,NYSE-XFR,5039,False
45224,NYSE-XFR,5045,False
45224,NYSE-XFR,5043,False
45224,NYSE-XFR,5041,False
45224,NYSE-XFR,5048,False
45224,NYSE-XFR,5042,False
45224,NYSE-XFR,5040,False
45224,NYSE-XFR,5044,False
45224,NYSE-XFR,5046,False
45224,NYSE-ZABA,5117,False
45224,NYSE-ZABA,5115,False
45224,NYSE-ZABA,5113,False
45224,NYSE-ZABA,5116,False
45224,NYSE-ZABA,5111,False
45224,NYSE-ZABA,5114,False
45224,NYSE-ZABA,5112,False
45235,NYSE-INA,5352,False
45235,NYSE-ZABA,4540,False
45235,NYSE-ZABA,4542,False
45235,NYSE-ZABA,5134,False
45235,NYSE-CARD,5822,False
45235,NYSE-NGUP,5356,False
45271,NYSE-JNAF,4997,False
45271,NYSE-JNAF,4998,False
45271,NYSE-CARD,5823,False
45271,NYSE-CARD,5824,False
45271,NYSE-CARD,5825,False
45323,NYSE-ETFA3,5074,False
45323,NYSE-ETFA3,5072,False
45323,NYSE-ETFA3,5079,False
45323,NYSE-ETFA3,5077,False
45323,NYSE-ETFA3,5075,False
45323,NYSE-ETFA3,5073,False
45323,NYSE-ETFA3,5071,False
45323,NYSE-ETFA3,5070,False
45323,NYSE-ETFA3,5076,False
45323,NYSE-ETFA3,5078,False
45324,NYSE-ETFA,5059,False
45324,NYSE-ETFA,5055,False
45324,NYSE-ETFA,5063,False
45324,NYSE-ETFA,5061,False
45324,NYSE-ETFA,5057,False
45324,NYSE-ETFA,5056,False
45324,NYSE-ETFA,5058,False
45324,NYSE-ETFA,5060,False
45324,NYSE-ETFA,5062,False
45324,NYSE-ETFA,5064,False
45324,NYSE-CARD,5819,False
45324,NYSE-CARD,5817,False
45324,NYSE-CARD,5815,False
45324,NYSE-CARD,5812,False
45324,NYSE-CARD,5814,False
45324,NYSE-CARD,5816,False
45324,NYSE-CARD,5818,False
45324,NYSE-CARD,5820,False
45324,NYSE-CARD,5821,False
45324,NYSE-DDJH,5104,False
45324,NYSE-DDJH,5102,False
45324,NYSE-DDJH,5099,False
45324,NYSE-DDJH,5097,False
45324,NYSE-DDJH,5095,False
45324,NYSE-DDJH,5100,False
45324,NYSE-DDJH,5096,False
45324,NYSE-DDJH,5098,False
45324,NYSE-DDJH,5101,False
45324,NYSE-DDJH,5103,False
45324,NYSE-INA,5344,False
45324,NYSE-INA,5342,False
45324,NYSE-JNAF,4995,False
45324,NYSE-JNAF,4989,False
45324,NYSE-JNAF,4987,False
45324,NYSE-JNAF,4988,False
45324,NYSE-JNAF,4990,False
45324,NYSE-JNAF,4991,False
45324,NYSE-JNAF,4993,False
45324,NYSE-JNAF,4996,False
45324,NYSE-JNAF,4992,False
45324,NYSE-JNAF,4994,False
45324,NYSE-JZRO,5409,False
45324,NYSE-JZRO,5408,False
45324,NYSE-JZRO,5407,False
45324,NYSE-JZRO,5406,False
45324,NYSE-JZRO,5405,False
45324,NYSE-JZRO,5403,False
45324,NYSE-JZRO,5400,False
45324,NYSE-JZRO,5402,False
45324,NYSE-JZRO,5404,False
45324,NYSE-JZRO,5401,False
45325,NYSE-KRAS,5122,False
45325,NYSE-KRAS,5121,False
45325,NYSE-KRAS,5118,False
45325,NYSE-KRAS,5120,False
45325,NYSE-KRAS,5119,False
45325,NYSE-KRAS,5123,False
45325,NYSE-KTST,5201,False
45325,NYSE-KTST,5199,False
45325,NYSE-KTST,5197,False
45325,NYSE-KTST,5195,False
45325,NYSE-KTST,5193,False
45325,NYSE-KTST,5196,False
45325,NYSE-KTST,5200,False
45325,NYSE-KTST,5198,False
45325,NYSE-KTST,5194,False
45325,NYSE-KTST,5202,False
45325,NYSE-MDKA,4955,False
45325,NYSE-MDKA,4952,False
45325,NYSE-MDKA,4950,False
45325,NYSE-MDKA,4956,False
45325,NYSE-MDKA,4954,False
45325,NYSE-MDKA,4949,False
45325,NYSE-MDKA,4947,False
45325,NYSE-MDKA,4948,False
45325,NYSE-MDKA,4951,False
45325,NYSE-MDKA,4953,False
45325,NYSE-NGUP,5352,False
45325,NYSE-NGUP,5351,False
45325,NYSE-NGUP,5349,False
45325,NYSE-NGUP,5348,False
45325,NYSE-NGUP,5347,False
45325,NYSE-NGUP,5346,False
45325,NYSE-NGUP,5350,False
45325,NYSE-SIMP,5317,False
45325,NYSE-SIMP,5316,False
45325,NYSE-SIMP,5315,False
45325,NYSE-SIMP,5313,False
45325,NYSE-SIMP,5311,False
45325,NYSE-SIMP,5310,False
45325,NYSE-SIMP,5309,False
45325,NYSE-SIMP,5308,False
45325,NYSE-SIMP,5314,False
45325,NYSE-SIMP,5312,False
45325,NYSE-XFR,5059,False
45325,NYSE-XFR,5057,False
45325,NYSE-XFR,5055,False
45325,NYSE-XFR,5053,False
45325,NYSE-XFR,5051,False
45325,NYSE-XFR,5060,False
45325,NYSE-XFR,5058,False
45325,NYSE-XFR,5056,False
45325,NYSE-XFR,5052,False
45325,NYSE-XFR,5054,False
45325,NYSE-ZABA,5124,False
45325,NYSE-ZABA,5126,False
45337,NYSE-INA,5363,False
45337,NYSE-ZABA,5145,False
45337,NYSE-CARD,5839,False
45338,NYSE-NGUP,5367,False
45423,NYSE-ETFA3,5089,False
45423,NYSE-ETFA3,5087,False
45423,NYSE-ETFA3,5085,False
45423,NYSE-ETFA3,5083,False
45423,NYSE-ETFA3,5081,False
45423,NYSE-ETFA3,5088,False
45423,NYSE-ETFA3,5086,False
45423,NYSE-ETFA3,5084,False
45423,NYSE-ETFA3,5080,False
45423,NYSE-ETFA3,5082,False
45423,NYSE-ETFA,5074,False
45423,NYSE-ETFA,5072,False
45423,NYSE-ETFA,5069,False
45423,NYSE-ETFA,5067,False
45423,NYSE-ETFA,5073,False
45423,NYSE-ETFA,5071,False
45423,NYSE-ETFA,5065,False
45423,NYSE-ETFA,5070,False
45423,NYSE-ETFA,5066,False
45423,NYSE-ETFA,5068,False
45423,NYSE-CARD,5834,False
45423,NYSE-CARD,5832,False
45423,NYSE-CARD,5831,False
45423,NYSE-CARD,5829,False
45423,NYSE-CARD,5833,False
45423,NYSE-CARD,5837,False
45423,NYSE-CARD,5835,False
45423,NYSE-CARD,5838,False
45423,NYSE-CARD,5830,False
45423,NYSE-CARD,5836,False
45423,NYSE-DDJH,5113,False
45423,NYSE-DDJH,5110,False
45423,NYSE-DDJH,5108,False
45423,NYSE-DDJH,5106,False
45423,NYSE-DDJH,5111,False
45423,NYSE-DDJH,5109,False
45423,NYSE-DDJH,5107,False
45423,NYSE-DDJH,5105,False
45423,NYSE-DDJH,5114,False
45423,NYSE-DDJH,5112,False
45424,NYSE-INA,5353,False
45424,NYSE-INA,5355,False
45424,NYSE-JNAF,5007,False
45424,NYSE-JNAF,5006,False
45424,NYSE-JNAF,5004,False
45424,NYSE-JNAF,5002,False
45424,NYSE-JNAF,5000,False
45424,NYSE-JNAF,5001,False
45424,NYSE-JNAF,5005,False
45424,NYSE-JNAF,5003,False
45424,NYSE-JNAF,5008,False
45424,NYSE-JNAF,4999,False
45424,NYSE-JZRO,5418,False
45424,NYSE-JZRO,5416,False
45424,NYSE-JZRO,5414,False
45424,NYSE-JZRO,5411,False
45424,NYSE-JZRO,5410,False
45424,NYSE-JZRO,5417,False
45424,NYSE-JZRO,5412,False
45424,NYSE-JZRO,5419,False
45424,NYSE-JZRO,5413,False
45424,NYSE-JZRO,5415,False
45424,NYSE-KRAS,5133,False
45424,NYSE-KRAS,5131,False
45424,NYSE-KRAS,5129,False
45424,NYSE-KTST,5212,False
45424,NYSE-KTST,5210,False
45424,NYSE-KTST,5209,False
45424,NYSE-KTST,5207,False
45424,NYSE-KTST,5205,False
45424,NYSE-KTST,5203,False
45424,NYSE-KTST,5211,False
45424,NYSE-KTST,5208,False
45424,NYSE-KTST,5206,False
45424,NYSE-KTST,5204,False
45424,NYSE-MDKA,4965,False
45424,NYSE-MDKA,4963,False
45424,NYSE-MDKA,4961,False
45424,NYSE-MDKA,4957,False
45424,NYSE-MDKA,4959,False
45424,NYSE-MDKA,4958,False
45424,NYSE-MDKA,4960,False
45424,NYSE-MDKA,4962,False
45424,NYSE-MDKA,4964,False
45424,NYSE-MDKA,4966,False
45424,NYSE-NGUP,5363,False
45424,NYSE-NGUP,5362,False
45424,NYSE-NGUP,5361,False
45424,NYSE-NGUP,5359,False
45424,NYSE-NGUP,5358,False
45424,NYSE-NGUP,5357,False
45424,NYSE-NGUP,5360,False
45424,NYSE-SIMP,5327,False
45424,NYSE-SIMP,5325,False
45424,NYSE-SIMP,5324,False
45424,NYSE-SIMP,5323,False
45424,NYSE-SIMP,5321,False
45424,NYSE-SIMP,5319,False
45424,NYSE-SIMP,5326,False
45424,NYSE-SIMP,5320,False
45424,NYSE-SIMP,5318,False
45424,NYSE-SIMP,5322,False
45424,NYSE-XFR,5068,False
45424,NYSE-XFR,5066,False
45424,NYSE-XFR,5064,False
45424,NYSE-XFR,5062,False
45424,NYSE-XFR,5061,False
45424,NYSE-XFR,5069,False
45424,NYSE-XFR,5070,False
45424,NYSE-XFR,5067,False
45424,NYSE-XFR,5065,False
45424,NYSE-XFR,5063,False
45424,NYSE-ZABA,5138,False
45424,NYSE-ZABA,5136,False
45442,NYSE-CARD,5850,False
45442,NYSE-MDKA,4981,False
45442,NYSE-CARD,5852,False
45442,NYSE-NGUP,5378,False
45442,NYSE-SIMP,5339,False
45442,NYSE-INA,5374,False
45442,NYSE-ZABA,4566,False
45442,NYSE-ZABA,4568,False
45442,NYSE-ZABA,5156,False
45442,NYSE-CARD,5853,False
45442,NYSE-NGUP,5379,False
45523,NYSE-ETFA3,5099,False
45523,NYSE-ETFA3,5095,False
45523,NYSE-ETFA3,5093,False
45523,NYSE-ETFA3,5091,False
45523,NYSE-ETFA3,5100,False
45523,NYSE-ETFA3,5098,False
45523,NYSE-ETFA3,5096,False
45523,NYSE-ETFA3,5094,False
45523,NYSE-ETFA3,5092,False
45523,NYSE-ETFA3,5097,False
45523,NYSE-ETFA,5083,False
45523,NYSE-ETFA,5081,False
45523,NYSE-ETFA,5084,False
45523,NYSE-ETFA,5079,False
45523,NYSE-ETFA,5077,False
45523,NYSE-ETFA,5075,False
45523,NYSE-ETFA,5076,False
45523,NYSE-ETFA,5078,False
45523,NYSE-ETFA,5080,False
45523,NYSE-ETFA,5082,False
45524,NYSE-KRAS,4584,False
45524,NYSE-KRAS,4582,False
45524,NYSE-KRAS,4580,False
45524,NYSE-CARD,5849,False
45524,NYSE-CARD,5848,False
45524,NYSE-CARD,5847,False
45524,NYSE-CARD,5844,False
45524,NYSE-CARD,5842,False
45524,NYSE-CARD,5841,False
45524,NYSE-CARD,5845,False
45524,NYSE-CARD,5843,False
45524,NYSE-CARD,5840,False
45524,NYSE-CARD,5846,False
45524,NYSE-DDJH,5124,False
45524,NYSE-DDJH,5122,False
45524,NYSE-DDJH,5121,False
45524,NYSE-DDJH,5118,False
45524,NYSE-DDJH,5117,False
45524,NYSE-DDJH,5115,False
45524,NYSE-DDJH,5120,False
45524,NYSE-DDJH,5116,False
45524,NYSE-DDJH,5119,False
45524,NYSE-DDJH,5123,False
45524,NYSE-INA,5366,False
45524,NYSE-INA,5364,False
45524,NYSE-JNAF,5011,False
45524,NYSE-JNAF,5010,False
45524,NYSE-JNAF,5009,False
45524,NYSE-JNAF,5017,False
45525,NYSE-JNAF,5015,False
45525,NYSE-JNAF,5013,False
45525,NYSE-JNAF,5014,False
45525,NYSE-JNAF,5016,False
45525,NYSE-JNAF,5018,False
45525,NYSE-JNAF,5012,False
45525,NYSE-JZRO,5429,False
45525,NYSE-JZRO,5428,False
45525,NYSE-JZRO,5426,False
45525,NYSE-JZRO,5425,False
45525,NYSE-JZRO,5424,False
45525,NYSE-JZRO,5423,False
45525,NYSE-JZRO,5420,False
45525,NYSE-JZRO,5427,False
45525,NYSE-JZRO,5421,False
45525,NYSE-JZRO,5422,False
45525,NYSE-KRAS,5144,False
45525,NYSE-KRAS,5142,False
45525,NYSE-KRAS,5140,False
45525,NYSE-KTST,5222,False
45525,NYSE-KTST,5220,False
45525,NYSE-KTST,5218,False
45525,NYSE-KTST,5216,False
45525,NYSE-KTST,5214,False
45525,NYSE-KTST,5215,False
45525,NYSE-KTST,5219,False
45525,NYSE-KTST,5217,False
45525,NYSE-KTST,5213,False
45525,NYSE-KTST,5221,False
45525,NYSE-MDKA,4972,False
45525,NYSE-MDKA,4970,False
45525,NYSE-MDKA,4976,False
45525,NYSE-MDKA,4974,False
45525,NYSE-MDKA,4969,False
45525,NYSE-MDKA,4977,False
45525,NYSE-MDKA,4978,False
45525,NYSE-MDKA,4973,False
45525,NYSE-MDKA,4975,False
45525,NYSE-MDKA,4971,False
45525,NYSE-NGUP,5374,False
45525,NYSE-NGUP,5371,False
45525,NYSE-NGUP,5369,False
45525,NYSE-NGUP,5373,False
45525,NYSE-NGUP,5375,False
45525,NYSE-SIMP,5338,False
45525,NYSE-SIMP,5336,False
45525,NYSE-SIMP,5334,False
45525,NYSE-SIMP,5332,False
45525,NYSE-SIMP,5331,False
45525,NYSE-SIMP,5330,False
45525,NYSE-SIMP,5329,False
45525,NYSE-SIMP,5335,False
45525,NYSE-SIMP,5333,False
45525,NYSE-SIMP,5337,False
45525,NYSE-XFR,5080,False
45525,NYSE-XFR,5072,False
45525,NYSE-XFR,5074,False
45525,NYSE-XFR,5071,False
45525,NYSE-XFR,5078,False
45525,NYSE-XFR,5076,False
45525,NYSE-XFR,5073,False
45525,NYSE-XFR,5079,False
45525,NYSE-XFR,5077,False
45525,NYSE-XFR,5075,False
45526,NYSE-ZABA,5150,False
45526,NYSE-ZABA,5148,False
45526,NYSE-ZABA,5147,False
45526,NYSE-ZABA,5149,False
45578,NYSE-ZABA,5167,False
45578,NYSE-CARD,5865,False
45578,NYSE-NGUP,5391,False
45597,NYSE-INA,5386,False
45597,NYSE-INA,5387,False
45598,NYSE-SIMP,5350,False
45598,NYSE-CARD,5866,False
45598,NYSE-JNAF,5030,False
45598,NYSE-MDKA,4992,False
45598,NYSE-JNAF,5031,False
45598,NYSE-JNAF,5032,False
45598,NYSE-CARD,5867,False
45623,NYSE-ETFA3,5108,False
45623,NYSE-ETFA3,5104,False
45623,NYSE-ETFA3,5102,False
45623,NYSE-ETFA3,5101,False
45623,NYSE-ETFA3,5109,False
45623,NYSE-ETFA3,5107,False
45623,NYSE-ETFA3,5105,False
45623,NYSE-ETFA3,5103,False
45623,NYSE-ETFA3,5110,False
45623,NYSE-ETFA3,5106,False
45623,NYSE-ETFA,5095,False
45623,NYSE-ETFA,5093,False
45623,NYSE-ETFA,5091,False
45623,NYSE-ETFA,5089,False
45623,NYSE-ETFA,5087,False
45623,NYSE-ETFA,5094,False
45623,NYSE-ETFA,5092,False
45623,NYSE-ETFA,5090,False
45623,NYSE-ETFA,5088,False
45623,NYSE-ETFA,5086,False
45624,NYSE-CARD,5864,False
45624,NYSE-CARD,5862,False
45624,NYSE-CARD,5860,False
45624,NYSE-CARD,5858,False
45624,NYSE-CARD,5857,False
45624,NYSE-CARD,5856,False
45624,NYSE-CARD,5855,False
45624,NYSE-CARD,5861,False
45624,NYSE-CARD,5859,False
45624,NYSE-CARD,5863,False
45624,NYSE-DDJH,5133,False
45624,NYSE-DDJH,5131,False
45624,NYSE-DDJH,5129,False
45624,NYSE-DDJH,5127,False
45624,NYSE-DDJH,5134,False
45624,NYSE-DDJH,5132,False
45624,NYSE-DDJH,5130,False
45624,NYSE-DDJH,5128,False
45624,NYSE-DDJH,5126,False
45624,NYSE-DDJH,5135,False
45624,NYSE-INA,5380,False
45624,NYSE-INA,5378,False
45624,NYSE-INA,5376,False
45624,NYSE-JNAF,5029,False
45624,NYSE-JNAF,5027,False
45624,NYSE-JNAF,5024,False
45624,NYSE-JNAF,5023,False
45624,NYSE-JNAF,5021,False
45624,NYSE-JNAF,5028,False
45624,NYSE-JNAF,5026,False
45624,NYSE-JNAF,5025,False
45624,NYSE-JNAF,5020,False
45624,NYSE-JNAF,5022,False
45624,NYSE-JZRO,5440,False
45624,NYSE-JZRO,5439,False
45624,NYSE-JZRO,5438,False
45624,NYSE-JZRO,5437,False
45624,NYSE-JZRO,5436,False
45624,NYSE-JZRO,5435,False
45624,NYSE-JZRO,5434,False
45624,NYSE-JZRO,5433,False
45624,NYSE-JZRO,5432,False
45624,NYSE-JZRO,5431,False
45624,NYSE-KRAS,4587,False
45624,NYSE-KRAS,4593,False
45624,NYSE-KRAS,4595,False
45624,NYSE-KRAS,4589,False
45624,NYSE-KRAS,4591,False
45624,NYSE-KRAS,5156,False
45624,NYSE-KRAS,5154,False
45625,NYSE-KRAS,5152,False
45625,NYSE-KTST,5229,False
45625,NYSE-KTST,5226,False
45625,NYSE-KTST,5230,False
45625,NYSE-KTST,5228,False
45625,NYSE-KTST,5234,False
45625,NYSE-KTST,5232,False
45625,NYSE-KTST,5233,False
45625,NYSE-KTST,5231,False
45625,NYSE-KTST,5227,False
45625,NYSE-KTST,5225,False
45625,NYSE-MDKA,4986,False
45625,NYSE-MDKA,4984,False
45625,NYSE-MDKA,4982,False
45625,NYSE-MDKA,4989,False
45625,NYSE-MDKA,4987,False
45625,NYSE-MDKA,4988,False
45625,NYSE-MDKA,4990,False
45625,NYSE-MDKA,4985,False
45625,NYSE-MDKA,4991,False
45625,NYSE-MDKA,4983,False
45625,NYSE-NGUP,5388,False
45625,NYSE-NGUP,5386,False
45625,NYSE-NGUP,5384,False
45625,NYSE-NGUP,5382,False
45625,NYSE-SIMP,5349,False
45625,NYSE-SIMP,5348,False
45625,NYSE-SIMP,5347,False
45625,NYSE-SIMP,5346,False
45625,NYSE-SIMP,5344,False
45625,NYSE-SIMP,5341,False
45625,NYSE-SIMP,5345,False
45625,NYSE-SIMP,5343,False
45625,NYSE-SIMP,5340,False
45625,NYSE-SIMP,5342,False
45625,NYSE-XFR,5087,False
45625,NYSE-XFR,5085,False
45625,NYSE-XFR,5083,False
45625,NYSE-XFR,5082,False
45625,NYSE-XFR,5090,False
45625,NYSE-XFR,5089,False
45625,NYSE-XFR,5088,False
45625,NYSE-XFR,5084,False
45625,NYSE-XFR,5081,False
45625,NYSE-XFR,5086,False
45625,NYSE-ZABA,5160,False
45625,NYSE-ZABA,5158,False
45655,NYSE-NGUP,5402,False
45655,NYSE-JZRO,5451,False
45691,NYSE-ZABA,5178,False
45710,NYSE-KTST,5224,False
45710,NYSE-DDJH,5125,False
45710,NYSE-ETFA,5085,False
45710,NYSE-INA,5375,False
45710,NYSE-JZRO,5430,False
45710,NYSE-JNAF,5019,False
45710,NYSE-CARD,5854,False
45710,NYSE-KRAS,5149,False
45720,NYSE-JZRO,5453,False
45720,NYSE-MDKA,5004,False
45720,NYSE-CARD,5879,False
45720,NYSE-CARD,5880,False
45720,NYSE-SIMP,5362,False
45720,NYSE-CARD,5881,False
45722,NYSE-ETFA3,5120,False
45722,NYSE-ETFA3,5118,False
45722,NYSE-ETFA3,5116,False
45722,NYSE-ETFA3,5114,False
45722,NYSE-ETFA3,5112,False
45722,NYSE-ETFA3,5119,False
45722,NYSE-ETFA3,5117,False
45722,NYSE-ETFA3,5113,False
45722,NYSE-ETFA3,5111,False
45723,NYSE-ETFA3,5115,False
45723,NYSE-ETFA,5104,False
45723,NYSE-ETFA,5102,False
45723,NYSE-ETFA,5101,False
45723,NYSE-ETFA,5099,False
45723,NYSE-ETFA,5105,False
45723,NYSE-ETFA,5103,False
45723,NYSE-ETFA,5100,False
45723,NYSE-ETFA,5098,False
45723,NYSE-ETFA,5096,False
45723,NYSE-ETFA,5097,False
45723,NYSE-CARD,5877,False
45723,NYSE-CARD,5876,False
45723,NYSE-CARD,5875,False
45723,NYSE-CARD,5874,False
45723,NYSE-CARD,5873,False
45723,NYSE-CARD,5872,False
45723,NYSE-CARD,5871,False
45723,NYSE-CARD,5870,False
45723,NYSE-CARD,5869,False
45723,NYSE-CARD,5868,False
45723,NYSE-DDJH,5144,False
45723,NYSE-DDJH,5142,False
45723,NYSE-DDJH,5140,False
45723,NYSE-DDJH,5138,False
45723,NYSE-DDJH,5146,False
45723,NYSE-DDJH,5141,False
45723,NYSE-DDJH,5139,False
45723,NYSE-DDJH,5143,False
45723,NYSE-DDJH,5147,False
45723,NYSE-DDJH,5145,False
45723,NYSE-INA,5390,False
45723,NYSE-JNAF,5039,False
45723,NYSE-JNAF,5037,False
45723,NYSE-JNAF,5036,False
45723,NYSE-JNAF,5035,False
45723,NYSE-JNAF,5034,False
45723,NYSE-JNAF,5033,False
45723,NYSE-JNAF,5041,False
45723,NYSE-JNAF,5038,False
45723,NYSE-JNAF,5042,False
45723,NYSE-JNAF,5040,False
45723,NYSE-JZRO,5449,False
45723,NYSE-JZRO,5447,False
45723,NYSE-JZRO,5443,False
45723,NYSE-JZRO,5442,False
45723,NYSE-JZRO,5441,False
45723,NYSE-JZRO,5445,False
45723,NYSE-JZRO,5450,False
45723,NYSE-JZRO,5446,False
45723,NYSE-JZRO,5448,False
45723,NYSE-JZRO,5444,False
45723,NYSE-KRAS,5166,False
45723,NYSE-KRAS,5164,False
45723,NYSE-KRAS,5162,False
45723,NYSE-KTST,5243,False
45723,NYSE-KTST,5241,False
45723,NYSE-KTST,5236,False
45723,NYSE-KTST,5240,False
45723,NYSE-KTST,5238,False
45723,NYSE-KTST,5235,False
45723,NYSE-KTST,5237,False
45723,NYSE-KTST,5239,False
45723,NYSE-KTST,5242,False
45723,NYSE-KTST,5244,False
45723,NYSE-MDKA,5002,False
45723,NYSE-MDKA,5000,False
45723,NYSE-MDKA,4998,False
45723,NYSE-MDKA,4997,False
45723,NYSE-MDKA,4995,False
45723,NYSE-MDKA,5001,False
45723,NYSE-MDKA,4993,False
45723,NYSE-MDKA,4996,False
45723,NYSE-MDKA,4994,False
45723,NYSE-MDKA,4999,False
45723,NYSE-NGUP,5397,False
45723,NYSE-NGUP,5399,False
45723,NYSE-NGUP,5395,False
45723,NYSE-NGUP,5393,False
45723,NYSE-SIMP,5359,False
45723,NYSE-SIMP,5358,False
45723,NYSE-SIMP,5357,False
45723,NYSE-SIMP,5353,False
45723,NYSE-SIMP,5352,False
45723,NYSE-SIMP,5351,False
45723,NYSE-SIMP,5354,False
45723,NYSE-SIMP,5355,False
45723,NYSE-SIMP,5356,False
45723,NYSE-SIMP,5360,False
45723,NYSE-XFR,5099,False
45723,NYSE-XFR,5093,False
45723,NYSE-XFR,5097,False
45723,NYSE-XFR,5095,False
45723,NYSE-XFR,5092,False
45723,NYSE-XFR,5100,False
45723,NYSE-XFR,5096,False
45723,NYSE-XFR,5094,False
45723,NYSE-XFR,5098,False
45723,NYSE-XFR,5101,False
45723,NYSE-ZABA,5169,False
45800,NYSE-INA,5410,False
45800,NYSE-KRAS,4606,False
45800,NYSE-KRAS,5181,False
45818,NYSE-SIMP,5374,False
45818,NYSE-SIMP,5375,False
45818,NYSE-NGUP,5416,False
45823,NYSE-ETFA3,5130,False
45823,NYSE-ETFA3,5128,False
45823,NYSE-ETFA3,5126,False
45823,NYSE-ETFA3,5124,False
45823,NYSE-ETFA3,5122,False
45823,NYSE-ETFA3,5131,False
45823,NYSE-ETFA3,5129,False
45823,NYSE-ETFA3,5127,False
45823,NYSE-ETFA3,5125,False
45823,NYSE-ETFA3,5123,False
45823,NYSE-ETFA,5116,False
45823,NYSE-ETFA,5114,False
45823,NYSE-ETFA,5112,False
45824,NYSE-ETFA,5108,False
45824,NYSE-ETFA,5117,False
45824,NYSE-ETFA,5113,False
45824,NYSE-ETFA,5111,False
45824,NYSE-ETFA,5109,False
45824,NYSE-ETFA,5110,False
45824,NYSE-ETFA,5115,False
45824,NYSE-CARD,5890,False
45824,NYSE-CARD,5889,False
45824,NYSE-CARD,5888,False
45824,NYSE-CARD,5887,False
45824,NYSE-CARD,5886,False
45824,NYSE-CARD,5885,False
45824,NYSE-CARD,5884,False
45824,NYSE-CARD,5891,False
45824,NYSE-CARD,5883,False
45824,NYSE-DDJH,5155,False
45824,NYSE-DDJH,5157,False
45824,NYSE-DDJH,5153,False
45824,NYSE-DDJH,5151,False
45824,NYSE-DDJH,5149,False
45824,NYSE-INA,5403,False
45824,NYSE-INA,5401,False
45824,NYSE-JNAF,5051,False
45824,NYSE-JNAF,5049,False
45824,NYSE-JNAF,5047,False
45824,NYSE-JNAF,5045,False
45824,NYSE-JNAF,5043,False
45824,NYSE-JNAF,5050,False
45824,NYSE-JNAF,5052,False
45824,NYSE-JNAF,5048,False
45824,NYSE-JNAF,5044,False
45824,NYSE-JNAF,5046,False
45824,NYSE-JZRO,5464,False
45824,NYSE-JZRO,5463,False
45824,NYSE-JZRO,5462,False
45824,NYSE-JZRO,5457,False
45824,NYSE-JZRO,5461,False
45824,NYSE-JZRO,5459,False
45824,NYSE-JZRO,5455,False
45824,NYSE-JZRO,5456,False
45824,NYSE-JZRO,5460,False
45824,NYSE-JZRO,5458,False
45824,NYSE-KRAS,5176,False
45824,NYSE-KRAS,5174,False
45824,NYSE-KRAS,5172,False
45824,NYSE-KRAS,5178,False
45825,NYSE-KTST,5249,False
45825,NYSE-KTST,5247,False
45825,NYSE-KTST,5245,False
45825,NYSE-KTST,5254,False
45825,NYSE-KTST,5252,False
45825,NYSE-KTST,5253,False
45825,NYSE-KTST,5246,False
45825,NYSE-KTST,5251,False
45825,NYSE-KTST,5248,False
45825,NYSE-KTST,5250,False
45825,NYSE-MDKA,5011,False
45825,NYSE-MDKA,5010,False
45825,NYSE-MDKA,5009,False
45825,NYSE-MDKA,5007,False
45825,NYSE-MDKA,5006,False
45825,NYSE-MDKA,5013,False
45825,NYSE-MDKA,5005,False
45825,NYSE-MDKA,5008,False
45825,NYSE-MDKA,5014,False
45825,NYSE-MDKA,5012,False
45825,NYSE-NGUP,5410,False
45825,NYSE-NGUP,5408,False
45825,NYSE-NGUP,5406,False
45825,NYSE-SIMP,5371,False
45825,NYSE-SIMP,5369,False
45825,NYSE-SIMP,5366,False
45825,NYSE-SIMP,5364,False
45825,NYSE-SIMP,5363,False
45825,NYSE-SIMP,5368,False
45825,NYSE-SIMP,5367,False
45825,NYSE-SIMP,5365,False
45825,NYSE-SIMP,5370,False
45825,NYSE-SIMP,5372,False
45825,NYSE-XFR,5110,False
45825,NYSE-XFR,5108,False
45825,NYSE-XFR,5106,False
45825,NYSE-XFR,5104,False
45825,NYSE-XFR,5102,False
45825,NYSE-XFR,5111,False
45825,NYSE-XFR,5109,False
45825,NYSE-XFR,5107,False
45825,NYSE-XFR,5105,False
45825,NYSE-XFR,5103,False
45825,NYSE-ZABA,4610,False
45825,NYSE-ZABA,4612,False
45825,NYSE-ZABA,4608,False
45825,NYSE-ZABA,4614,False
45825,NYSE-ZABA,5180,False
45905,NYSE-NGUP,5427,False
45905,NYSE-KRAS,5193,False
45905,NYSE-INA,5425,False
45905,NYSE-SIMP,5389,False
45905,NYSE-CARD,5905,False
45905,NYSE-CARD,5906,False
45905,NYSE-DDJH,5169,False
45905,NYSE-JNAF,5064,False
45905,NYSE-KTST,5266,False
45923,NYSE-ETFA3,5142,False
45923,NYSE-ETFA3,5135,False
45923,NYSE-ETFA3,5133,False
45923,NYSE-ETFA3,5141,False
45923,NYSE-ETFA3,5137,False
45923,NYSE-ETFA3,5138,False
45923,NYSE-ETFA3,5140,False
45923,NYSE-ETFA3,5134,False
45923,NYSE-ETFA3,5136,False
45923,NYSE-ETFA3,5139,False
45923,NYSE-ETFA,5126,False
45923,NYSE-ETFA,5124,False
45923,NYSE-ETFA,5122,False
45923,NYSE-ETFA,5120,False
45923,NYSE-ETFA,5118,False
45923,NYSE-ETFA,5127,False
45923,NYSE-ETFA,5125,False
45923,NYSE-ETFA,5123,False
45923,NYSE-ETFA,5121,False
45923,NYSE-ETFA,5119,False
45923,NYSE-CARD,5903,False
45923,NYSE-CARD,5902,False
45923,NYSE-CARD,5900,False
45923,NYSE-CARD,5899,False
45923,NYSE-CARD,5898,False
45923,NYSE-CARD,5895,False
45923,NYSE-CARD,5904,False
45923,NYSE-CARD,5896,False
45923,NYSE-CARD,5897,False
45923,NYSE-CARD,5901,False
45923,NYSE-DDJH,5167,False
45923,NYSE-DDJH,5159,False
45923,NYSE-DDJH,5165,False
45923,NYSE-DDJH,5163,False
45923,NYSE-DDJH,5161,False
45923,NYSE-INA,5416,False
45923,NYSE-INA,5414,False
45923,NYSE-INA,5412,False
45923,NYSE-INA,5413,False
45923,NYSE-INA,5415,False
45923,NYSE-JNAF,5062,False
45923,NYSE-JNAF,5061,False
45923,NYSE-JNAF,5059,False
45923,NYSE-JNAF,5057,False
45923,NYSE-JNAF,5055,False
45923,NYSE-JNAF,5053,False
45923,NYSE-JNAF,5060,False
45923,NYSE-JNAF,5058,False
45923,NYSE-JNAF,5056,False
45923,NYSE-JNAF,5054,False
45923,NYSE-JZRO,5473,False
45923,NYSE-JZRO,5471,False
45923,NYSE-JZRO,5469,False
45923,NYSE-JZRO,5467,False
45923,NYSE-JZRO,5465,False
45923,NYSE-JZRO,5472,False
45923,NYSE-JZRO,5468,False
45923,NYSE-JZRO,5474,False
45923,NYSE-JZRO,5470,False
45923,NYSE-JZRO,5466,False
45923,NYSE-KRAS,5189,False
45923,NYSE-KRAS,5187,False
45923,NYSE-KRAS,5185,False
45923,NYSE-KRAS,5183,False
45923,NYSE-KTST,5262,False
45923,NYSE-KTST,5260,False
45923,NYSE-KTST,5258,False
45923,NYSE-KTST,5264,False
45923,NYSE-KTST,5256,False
45923,NYSE-KTST,5263,False
45923,NYSE-KTST,5261,False
45923,NYSE-KTST,5257,False
45923,NYSE-KTST,5259,False
45923,NYSE-KTST,5255,False
45923,NYSE-MDKA,5024,False
45923,NYSE-MDKA,5023,False
45923,NYSE-MDKA,5021,False
45923,NYSE-MDKA,5019,False
45923,NYSE-MDKA,5017,False
45923,NYSE-MDKA,5015,False
45923,NYSE-MDKA,5016,False
45923,NYSE-MDKA,5018,False
45923,NYSE-MDKA,5020,False
45923,NYSE-MDKA,5022,False
45924,NYSE-NGUP,5425,False
45924,NYSE-NGUP,5424,False
45924,NYSE-NGUP,5423,False
45924,NYSE-NGUP,5420,False
45924,NYSE-NGUP,5418,False
45924,NYSE-NGUP,5422,False
45924,NYSE-SIMP,5384,False
45924,NYSE-SIMP,5382,False
45924,NYSE-SIMP,5380,False
45924,NYSE-SIMP,5378,False
45924,NYSE-SIMP,5376,False
45924,NYSE-SIMP,5379,False
45924,NYSE-SIMP,5381,False
45924,NYSE-SIMP,5383,False
45924,NYSE-SIMP,5385,False
45924,NYSE-XFR,5121,False
45924,NYSE-XFR,5118,False
45924,NYSE-XFR,5117,False
45924,NYSE-XFR,5115,False
45924,NYSE-XFR,5113,False
45924,NYSE-XFR,5120,False
45924,NYSE-XFR,5116,False
45924,NYSE-XFR,5119,False
45924,NYSE-XFR,5114,False
45924,NYSE-XFR,5112,False
45924,NYSE-ZABA,5194,False
45924,NYSE-ZABA,5192,False
45924,NYSE-ZABA,5190,False
46009,NYSE-KRAS,4619,False
46009,NYSE-KRAS,4623,False
46009,NYSE-KRAS,4625,False
46009,NYSE-KRAS,4621,False
46009,NYSE-NGUP,5439,False
46023,NYSE-ETFA3,5152,False
46023,NYSE-ETFA3,5150,False
46023,NYSE-ETFA3,5145,False
46023,NYSE-ETFA3,5144,False
46023,NYSE-ETFA3,5147,False
46023,NYSE-ETFA3,5151,False
46023,NYSE-ETFA3,5149,False
46023,NYSE-ETFA3,5143,False
46023,NYSE-ETFA3,5148,False
46023,NYSE-ETFA3,5146,False
46023,NYSE-ETFA,5135,False
46023,NYSE-ETFA,5133,False
46023,NYSE-ETFA,5130,False
46023,NYSE-ETFA,5137,False
46023,NYSE-ETFA,5131,False
46023,NYSE-ETFA,5129,False
46023,NYSE-ETFA,5138,False
46023,NYSE-ETFA,5132,False
46023,NYSE-ETFA,5134,False
46023,NYSE-ETFA,5136,False
46023,NYSE-CARD,5915,False
46023,NYSE-CARD,5912,False
46023,NYSE-CARD,5910,False
46023,NYSE-CARD,5909,False
46023,NYSE-CARD,5908,False
46023,NYSE-CARD,5907,False
46023,NYSE-CARD,5914,False
46023,NYSE-CARD,5916,False
46023,NYSE-CARD,5911,False
46023,NYSE-CARD,5913,False
46023,NYSE-DDJH,5176,False
46023,NYSE-DDJH,5174,False
46023,NYSE-DDJH,5172,False
46023,NYSE-DDJH,5178,False
46023,NYSE-DDJH,5170,False
46023,NYSE-INA,5428,False
46023,NYSE-INA,5426,False
46023,NYSE-JNAF,5074,False
46023,NYSE-JNAF,5072,False
46023,NYSE-JNAF,5068,False
46023,NYSE-JNAF,5066,False
46023,NYSE-JNAF,5071,False
46023,NYSE-JNAF,5069,False
46023,NYSE-JNAF,5073,False
46023,NYSE-JNAF,5070,False
46023,NYSE-JNAF,5067,False
46023,NYSE-JNAF,5065,False
46023,NYSE-JZRO,5485,False
46023,NYSE-JZRO,5483,False
46023,NYSE-JZRO,5481,False
46023,NYSE-JZRO,5479,False
46023,NYSE-JZRO,5484,False
46023,NYSE-JZRO,5480,False
46023,NYSE-JZRO,5476,False
46023,NYSE-JZRO,5477,False
46023,NYSE-JZRO,5482,False
46023,NYSE-JZRO,5478,False
46023,NYSE-KRAS,5196,False
46023,NYSE-KRAS,5200,False
46023,NYSE-KRAS,5198,False
46023,NYSE-KTST,5276,False
46023,NYSE-KTST,5274,False
46023,NYSE-KTST,5270,False
46023,NYSE-KTST,5269,False
46023,NYSE-KTST,5267,False
46023,NYSE-KTST,5272,False
46023,NYSE-KTST,5271,False
46023,NYSE-KTST,5273,False
46023,NYSE-KTST,5275,False
46023,NYSE-KTST,5268,False
46023,NYSE-MDKA,5034,False
46023,NYSE-MDKA,5033,False
46023,NYSE-MDKA,5031,False
46023,NYSE-MDKA,5029,False
46023,NYSE-MDKA,5027,False
46023,NYSE-MDKA,5032,False
46023,NYSE-MDKA,5030,False
46023,NYSE-MDKA,5028,False
46023,NYSE-MDKA,5026,False
46023,NYSE-MDKA,5025,False
46023,NYSE-NGUP,5438,False
46023,NYSE-NGUP,5437,False
46023,NYSE-NGUP,5436,False
46023,NYSE-NGUP,5435,False
46023,NYSE-NGUP,5434,False
46023,NYSE-NGUP,5433,False
46023,NYSE-NGUP,5432,False
46023,NYSE-NGUP,5430,False
46023,NYSE-NGUP,5429,False
46023,NYSE-NGUP,5431,False
46023,NYSE-SIMP,5390,False
46023,NYSE-SIMP,5398,False
46023,NYSE-SIMP,5396,False
46023,NYSE-SIMP,5394,False
46023,NYSE-SIMP,5392,False
46023,NYSE-SIMP,5391,False
46023,NYSE-SIMP,5397,False
46023,NYSE-SIMP,5399,False
46023,NYSE-SIMP,5395,False
46023,NYSE-SIMP,5393,False
46024,NYSE-XFR,5131,False
46024,NYSE-XFR,5129,False
46024,NYSE-XFR,5127,False
46024,NYSE-XFR,5124,False
46024,NYSE-XFR,5132,False
46024,NYSE-XFR,5130,False
46024,NYSE-XFR,5128,False
46024,NYSE-XFR,5126,False
46024,NYSE-XFR,5125,False
46024,NYSE-XFR,5123,False
46024,NYSE-ZABA,5206,False
46024,NYSE-ZABA,5204,False
46024,NYSE-ZABA,5202,False
46029,NYSE-ZABA,4628,False
46029,NYSE-ZABA,4630,False
46029,NYSE-ZABA,4632,False
46029,NYSE-ZABA,4634,False
46029,NYSE-KRAS,5217,False
46029,NYSE-MDKA,5045,False
46029,NYSE-SIMP,5411,False
46029,NYSE-ZABA,5224,False
46029,NYSE-SIMP,5412,False
46029,NYSE-CARD,5929,False
46029,NYSE-JNAF,5086,False
46029,NYSE-JNAF,5087,False
46114,NYSE-NGUP,5451,False
46114,NYSE-KRAS,5218,False
46123,NYSE-ETFA3,5162,False
46123,NYSE-ETFA3,5160,False
46123,NYSE-ETFA3,5158,False
46123,NYSE-ETFA3,5156,False
46123,NYSE-ETFA3,5154,False
46123,NYSE-ETFA3,5161,False
46123,NYSE-ETFA3,5155,False
46123,NYSE-ETFA3,5153,False
46123,NYSE-ETFA3,5157,False
46123,NYSE-ETFA3,5159,False
46123,NYSE-ETFA,5145,False
46123,NYSE-ETFA,5144,False
46123,NYSE-ETFA,5142,False
46123,NYSE-ETFA,5147,False
46123,NYSE-ETFA,5149,False
46123,NYSE-ETFA,5143,False
46123,NYSE-ETFA,5141,False
46123,NYSE-ETFA,5148,False
46123,NYSE-ETFA,5146,False
46123,NYSE-ETFA,5140,False
46123,NYSE-CARD,5927,False
46123,NYSE-CARD,5925,False
46123,NYSE-CARD,5923,False
46123,NYSE-CARD,5921,False
46123,NYSE-CARD,5919,False
46123,NYSE-CARD,5920,False
46123,NYSE-CARD,5922,False
46123,NYSE-CARD,5924,False
46123,NYSE-CARD,5926,False
46123,NYSE-DDJH,5189,False
46123,NYSE-DDJH,5187,False
46123,NYSE-DDJH,5185,False
46123,NYSE-DDJH,5183,False
46123,NYSE-DDJH,5188,False
46123,NYSE-DDJH,5181,False
46123,NYSE-DDJH,5190,False
46123,NYSE-JNAF,5085,False
46123,NYSE-JNAF,5083,False
46123,NYSE-JNAF,5082,False
46123,NYSE-JNAF,5080,False
46123,NYSE-JNAF,5084,False
46123,NYSE-JNAF,5078,False
46123,NYSE-JNAF,5076,False
46123,NYSE-JNAF,5081,False
46123,NYSE-JNAF,5079,False
46123,NYSE-JNAF,5077,False
46124,NYSE-JZRO,5496,False
46124,NYSE-JZRO,5493,False
46124,NYSE-JZRO,5491,False
46124,NYSE-JZRO,5487,False
46124,NYSE-JZRO,5495,False
46124,NYSE-JZRO,5490,False
46124,NYSE-JZRO,5488,False
46124,NYSE-JZRO,5489,False
46124,NYSE-JZRO,5492,False
46124,NYSE-JZRO,5494,False
46124,NYSE-KRAS,4646,False
46124,NYSE-KRAS,4640,False
46124,NYSE-KRAS,4644,False
46124,NYSE-KRAS,4642,False
46124,NYSE-KRAS,5210,False
46124,NYSE-KRAS,5208,False
46124,NYSE-KTST,5286,False
46124,NYSE-KTST,5284,False
46124,NYSE-KTST,5278,False
46124,NYSE-KTST,5281,False
46124,NYSE-KTST,5283,False
46124,NYSE-KTST,5282,False
46124,NYSE-KTST,5279,False
46124,NYSE-KTST,5280,False
46124,NYSE-KTST,5285,False
46124,NYSE-KTST,5287,False
46124,NYSE-MDKA,5039,False
46124,NYSE-MDKA,5037,False
46124,NYSE-MDKA,5036,False
46124,NYSE-MDKA,5035,False
46124,NYSE-MDKA,5043,False
46124,NYSE-MDKA,5041,False
46124,NYSE-MDKA,5038,False
46124,NYSE-MDKA,5042,False
46124,NYSE-MDKA,5040,False
46124,NYSE-MDKA,5044,False
46125,NYSE-NGUP,5449,False
46125,NYSE-NGUP,5447,False
46125,NYSE-NGUP,5443,False
46125,NYSE-NGUP,5441,False
46125,NYSE-NGUP,5445,False
46125,NYSE-NGUP,5446,False
46125,NYSE-NGUP,5448,False
46125,NYSE-NGUP,5444,False
46125,NYSE-SIMP,5408,False
46125,NYSE-SIMP,5406,False
46125,NYSE-SIMP,5403,False
46125,NYSE-SIMP,5409,False
46125,NYSE-SIMP,5407,False
46125,NYSE-SIMP,5405,False
46125,NYSE-SIMP,5400,False
46125,NYSE-SIMP,5402,False
46125,NYSE-SIMP,5404,False
46125,NYSE-XFR,5142,False
46125,NYSE-XFR,5140,False
46125,NYSE-XFR,5138,False
46125,NYSE-XFR,5136,False
46125,NYSE-XFR,5133,False
46125,NYSE-XFR,5134,False
46125,NYSE-XFR,5141,False
46125,NYSE-XFR,5139,False
46125,NYSE-XFR,5137,False
46125,NYSE-XFR,5135,False
46125,NYSE-ZABA,5218,False
46125,NYSE-ZABA,5216,False
46125,NYSE-ZABA,5214,False
46125,NYSE-ZABA,5215,False
46125,NYSE-ZABA,5217,False
46125,NYSE-ZABA,5213,False
46147,NYSE-CARD,5941,False
46147,NYSE-CARD,5942,False
46147,NYSE-JZRO,5508,False
46147,NYSE-MDKA,5057,False
46147,NYSE-MDKA,5058,False
46147,NYSE-NGUP,5463,False
46147,NYSE-SIMP,5425,False
46147,NYSE-CARD,5943,False
46147,NYSE-SIMP,5426,False
46204,NYSE-NGUP,5464,False
46210,NYSE-KTST,5277,False
46210,NYSE-DDJH,5180,False
46210,NYSE-ETFA,5139,False
46210,NYSE-INA,5437,False
46210,NYSE-JZRO,5486,False
46210,NYSE-JNAF,5075,False
46210,NYSE-KRAS,5205,False
46222,NYSE-ETFA3,5172,False
46222,NYSE-ETFA3,5168,False
46222,NYSE-ETFA3,5166,False
46222,NYSE-ETFA3,5164,False
46222,NYSE-ETFA3,5171,False
46222,NYSE-ETFA3,5165,False
46222,NYSE-ETFA3,5163,False
46223,NYSE-ETFA3,5169,False
46223,NYSE-ETFA3,5167,False
46223,NYSE-ETFA3,5170,False
46223,NYSE-ETFA,5158,False
46223,NYSE-ETFA,5156,False
46223,NYSE-ETFA,5154,False
46223,NYSE-ETFA,5152,False
46223,NYSE-ETFA,5150,False
46223,NYSE-ETFA,5155,False
46223,NYSE-ETFA,5153,False
46223,NYSE-ETFA,5151,False
46223,NYSE-ETFA,5157,False
46223,NYSE-ETFA,5159,False
46223,NYSE-CARD,5939,False
46223,NYSE-CARD,5937,False
46223,NYSE-CARD,5935,False
46223,NYSE-CARD,5933,False
46223,NYSE-CARD,5932,False
46223,NYSE-CARD,5931,False
46223,NYSE-CARD,5938,False
46223,NYSE-CARD,5940,False
46223,NYSE-CARD,5936,False
46223,NYSE-CARD,5934,False
46223,NYSE-DDJH,5201,False
46223,NYSE-DDJH,5199,False
46223,NYSE-DDJH,5197,False
46223,NYSE-DDJH,5195,False
46223,NYSE-DDJH,5193,False
46223,NYSE-DDJH,5196,False
46223,NYSE-DDJH,5200,False
46223,NYSE-DDJH,5198,False
46223,NYSE-DDJH,5194,False
46223,NYSE-DDJH,5192,False
46223,NYSE-INA,5452,False
46223,NYSE-JNAF,5093,False
46223,NYSE-JNAF,5091,False
46223,NYSE-JNAF,5090,False
46223,NYSE-JNAF,5097,False
46223,NYSE-JNAF,5095,False
46223,NYSE-JNAF,5092,False
46223,NYSE-JNAF,5089,False
46223,NYSE-JNAF,5088,False
46223,NYSE-JNAF,5096,False
46223,NYSE-JNAF,5094,False
46223,NYSE-JZRO,5506,False
46223,NYSE-JZRO,5504,False
46223,NYSE-JZRO,5502,False
46223,NYSE-JZRO,5498,False
46223,NYSE-JZRO,5500,False
46223,NYSE-JZRO,5499,False
46223,NYSE-JZRO,5501,False
46223,NYSE-JZRO,5503,False
46223,NYSE-JZRO,5505,False
46223,NYSE-JZRO,5507,False
46223,NYSE-KRAS,5226,False
46223,NYSE-KRAS,5222,False
46223,NYSE-KRAS,5220,False
46223,NYSE-KRAS,5224,False
46223,NYSE-KTST,5293,False
46223,NYSE-KTST,5291,False
46223,NYSE-KTST,5290,False
46223,NYSE-KTST,5288,False
46223,NYSE-KTST,5292,False
46223,NYSE-KTST,5296,False
46223,NYSE-KTST,5294,False
46223,NYSE-KTST,5297,False
46223,NYSE-KTST,5289,False
46223,NYSE-KTST,5295,False
46223,NYSE-MDKA,5055,False
46223,NYSE-MDKA,5053,False
46223,NYSE-MDKA,5051,False
46223,NYSE-MDKA,5049,False
46223,NYSE-MDKA,5047,False
46223,NYSE-MDKA,5056,False
46223,NYSE-MDKA,5050,False
46223,NYSE-MDKA,5052,False
46223,NYSE-MDKA,5054,False
46223,NYSE-MDKA,5048,False
46223,NYSE-NGUP,5457,False
46223,NYSE-NGUP,5461,False
46223,NYSE-NGUP,5459,False
46223,NYSE-NGUP,5455,False
46223,NYSE-NGUP,5456,False
46223,NYSE-NGUP,5454,False
46223,NYSE-NGUP,5460,False
46223,NYSE-NGUP,5458,False
46223,NYSE-SIMP,5424,False
46223,NYSE-SIMP,5423,False
46223,NYSE-SIMP,5420,False
46223,NYSE-SIMP,5418,False
46223,NYSE-SIMP,5421,False
46223,NYSE-SIMP,5417,False
46223,NYSE-SIMP,5419,False
46223,NYSE-SIMP,5422,False
46223,NYSE-SIMP,5415,False
46223,NYSE-XFR,5148,False
46223,NYSE-XFR,5146,False
46223,NYSE-XFR,5144,False
46223,NYSE-XFR,5150,False
46223,NYSE-XFR,5153,False
46223,NYSE-XFR,5151,False
46223,NYSE-XFR,5147,False
46223,NYSE-XFR,5145,False
46223,NYSE-XFR,5152,False
46224,NYSE-XFR,5149,False
46224,NYSE-ZABA,4652,False
46224,NYSE-ZABA,4654,False
46224,NYSE-ZABA,4656,False
46224,NYSE-ZABA,5227,False
46225,NYSE-INA,5473,False
46225,NYSE-KRAS,5239,False
46255,NYSE-INA,5475,False
46255,NYSE-INA,5476,False
46315,NYSE-NGUP,5477,False
46315,NYSE-SIMP,5439,False
46315,NYSE-SIMP,5440,False
46315,NYSE-NGUP,5478,False
46315,NYSE-SIMP,5441,False
46315,NYSE-CARD,5957,False
46315,NYSE-CARD,5958,False
46322,NYSE-ETFA3,5182,False
46322,NYSE-ETFA3,5179,False
46323,NYSE-ETFA3,5178,False
46323,NYSE-ETFA3,5176,False
46323,NYSE-ETFA3,5174,False
46323,NYSE-ETFA3,5177,False
46323,NYSE-ETFA3,5175,False
46323,NYSE-ETFA3,5173,False
46323,NYSE-ETFA3,5181,False
46323,NYSE-ETFA3,5180,False
46323,NYSE-ETFA,5168,False
46323,NYSE-ETFA,5166,False
46323,NYSE-ETFA,5164,False
46323,NYSE-ETFA,5162,False
46323,NYSE-ETFA,5160,False
46323,NYSE-ETFA,5165,False
46323,NYSE-ETFA,5163,False
46323,NYSE-ETFA,5161,False
46323,NYSE-ETFA,5169,False
46323,NYSE-ETFA,5167,False
46323,NYSE-CARD,5951,False
46323,NYSE-CARD,5950,False
46323,NYSE-CARD,5949,False
46323,NYSE-CARD,5948,False
46323,NYSE-CARD,5947,False
46323,NYSE-CARD,5946,False
46323,NYSE-CARD,5952,False
46323,NYSE-CARD,5945,False
46323,NYSE-CARD,5953,False
46323,NYSE-DDJH,5210,False
46323,NYSE-DDJH,5209,False
46323,NYSE-DDJH,5207,False
46323,NYSE-DDJH,5205,False
46323,NYSE-DDJH,5203,False
46323,NYSE-DDJH,5211,False
46323,NYSE-DDJH,5208,False
46323,NYSE-DDJH,5206,False
46323,NYSE-DDJH,5204,False
46323,NYSE-DDJH,5202,False
46323,NYSE-INA,5463,False
46323,NYSE-JNAF,5106,False
46323,NYSE-JNAF,5104,False
46323,NYSE-JNAF,5102,False
46323,NYSE-JNAF,5099,False
46323,NYSE-JNAF,5107,False
46323,NYSE-JNAF,5105,False
46323,NYSE-JNAF,5100,False
46323,NYSE-JNAF,5098,False
46323,NYSE-JNAF,5101,False
46323,NYSE-JNAF,5103,False
46323,NYSE-JZRO,5513,False
46323,NYSE-JZRO,5511,False
46323,NYSE-JZRO,5509,False
46323,NYSE-JZRO,5517,False
46323,NYSE-JZRO,5515,False
46323,NYSE-JZRO,5510,False
46323,NYSE-JZRO,5518,False
46323,NYSE-JZRO,5514,False
46323,NYSE-JZRO,5516,False
46323,NYSE-JZRO,5512,False
46323,NYSE-KRAS,4669,False
46323,NYSE-KRAS,5236,False
46323,NYSE-KRAS,5230,False
46323,NYSE-KRAS,5234,False
46323,NYSE-KRAS,5232,False
46323,NYSE-KTST,5307,False
46323,NYSE-KTST,5306,False
46323,NYSE-KTST,5303,False
46323,NYSE-KTST,5301,False
46323,NYSE-KTST,5300,False
46323,NYSE-KTST,5298,False
46323,NYSE-KTST,5304,False
46323,NYSE-KTST,5302,False
46323,NYSE-KTST,5299,False
46323,NYSE-KTST,5305,False
46323,NYSE-MDKA,5068,False
46323,NYSE-MDKA,5066,False
46323,NYSE-MDKA,5064,False
46323,NYSE-MDKA,5062,False
46323,NYSE-MDKA,5061,False
46323,NYSE-MDKA,5059,False
46323,NYSE-MDKA,5067,False
46323,NYSE-MDKA,5065,False
46323,NYSE-MDKA,5060,False
46323,NYSE-MDKA,5063,False
46323,NYSE-NGUP,5473,False
46323,NYSE-NGUP,5471,False
46323,NYSE-NGUP,5469,False
46323,NYSE-NGUP,5467,False
46323,NYSE-NGUP,5465,False
46323,NYSE-NGUP,5472,False
46323,NYSE-NGUP,5468,False
46323,NYSE-NGUP,5474,False
46323,NYSE-NGUP,5470,False
46323,NYSE-NGUP,5466,False
46323,NYSE-SIMP,5437,False
46323,NYSE-SIMP,5436,False
46323,NYSE-SIMP,5435,False
46323,NYSE-SIMP,5434,False
46323,NYSE-SIMP,5433,False
46323,NYSE-SIMP,5432,False
46323,NYSE-SIMP,5430,False
46323,NYSE-SIMP,5429,False
46323,NYSE-SIMP,5428,False
46323,NYSE-SIMP,5431,False
46323,NYSE-XFR,5155,False
46323,NYSE-XFR,5160,False
46323,NYSE-XFR,5156,False
46323,NYSE-XFR,5158,False
46323,NYSE-XFR,5162,False
46324,NYSE-XFR,5159,False
46324,NYSE-XFR,5157,False
46324,NYSE-XFR,5163,False
46324,NYSE-XFR,5161,False
46324,NYSE-XFR,5154,False
46324,NYSE-ZABA,4662,False
46324,NYSE-ZABA,4666,False
46324,NYSE-ZABA,4664,False
46324,NYSE-ZABA,5238,False
46331,NYSE-INA,5488,False
46331,NYSE-ZABA,5259,False
46331,NYSE-KRAS,5250,False
46331,NYSE-SIMP,5452,False
46415,NYSE-CARD,5969,False
46415,NYSE-JNAF,5118,False
46415,NYSE-ZABA,5261,False
46415,NYSE-INA,5491,False
46415,NYSE-DDJH,5225,False
46415,NYSE-MDKA,5080,False
46422,NYSE-ETFA3,5193,False
46423,NYSE-ETFA3,5191,False
46423,NYSE-ETFA3,5190,False
46423,NYSE-ETFA3,5188,False
46423,NYSE-ETFA3,5192,False
46423,NYSE-ETFA3,5189,False
46423,NYSE-ETFA3,5187,False
46423,NYSE-ETFA3,5185,False
46423,NYSE-ETFA3,5194,False
46423,NYSE-ETFA3,5186,False
46423,NYSE-ETFA,5179,False
46423,NYSE-ETFA,5178,False
46423,NYSE-ETFA,5176,False
46423,NYSE-ETFA,5174,False
46423,NYSE-ETFA,5172,False
46423,NYSE-ETFA,5177,False
46423,NYSE-ETFA,5175,False
46423,NYSE-ETFA,5173,False
46423,NYSE-ETFA,5171,False
46423,NYSE-ETFA,5180,False
46423,NYSE-CARD,5967,False
46423,NYSE-CARD,5966,False
46423,NYSE-CARD,5965,False
46423,NYSE-CARD,5964,False
46423,NYSE-CARD,5961,False
46423,NYSE-CARD,5959,False
46423,NYSE-CARD,5968,False
46423,NYSE-CARD,5962,False
46423,NYSE-CARD,5960,False
46423,NYSE-CARD,5963,False
46423,NYSE-DDJH,5222,False
46423,NYSE-DDJH,5220,False
46423,NYSE-DDJH,5218,False
46423,NYSE-DDJH,5216,False
46423,NYSE-DDJH,5224,False
46423,NYSE-DDJH,5223,False
46423,NYSE-DDJH,5215,False
46423,NYSE-DDJH,5219,False
46423,NYSE-DDJH,5217,False
46423,NYSE-DDJH,5221,False
46423,NYSE-INA,5479,False
46423,NYSE-JNAF,5117,False
46423,NYSE-JNAF,5115,False
46423,NYSE-JNAF,5113,False
46423,NYSE-JNAF,5110,False
46423,NYSE-JNAF,5108,False
46423,NYSE-JNAF,5116,False
46423,NYSE-JNAF,5111,False
46423,NYSE-JNAF,5109,False
46423,NYSE-JNAF,5114,False
46423,NYSE-JNAF,5112,False
46423,NYSE-JZRO,5527,False
46423,NYSE-JZRO,5525,False
46423,NYSE-JZRO,5523,False
46423,NYSE-JZRO,5521,False
46423,NYSE-JZRO,5530,False
46423,NYSE-JZRO,5528,False
46423,NYSE-JZRO,5522,False
46423,NYSE-JZRO,5529,False
46423,NYSE-JZRO,5526,False
46423,NYSE-JZRO,5524,False
46423,NYSE-KRAS,5247,False
46423,NYSE-KRAS,5245,False
46423,NYSE-KRAS,5243,False
46423,NYSE-KRAS,5241,False
46423,NYSE-KTST,5317,False
46423,NYSE-KTST,5316,False
46423,NYSE-KTST,5315,False
46423,NYSE-KTST,5313,False
46423,NYSE-KTST,5311,False
46423,NYSE-KTST,5310,False
46423,NYSE-KTST,5309,False
46423,NYSE-KTST,5308,False
46423,NYSE-KTST,5314,False
46423,NYSE-KTST,5312,False
46423,NYSE-MDKA,5074,False
46423,NYSE-MDKA,5072,False
46423,NYSE-MDKA,5071,False
46423,NYSE-MDKA,5078,False
46423,NYSE-MDKA,5076,False
46423,NYSE-MDKA,5073,False
46423,NYSE-MDKA,5070,False
46423,NYSE-MDKA,5079,False
46423,NYSE-MDKA,5077,False
46423,NYSE-MDKA,5075,False
46424,NYSE-NGUP,5487,False
46424,NYSE-NGUP,5485,False
46424,NYSE-NGUP,5483,False
46424,NYSE-NGUP,5481,False
46424,NYSE-NGUP,5488,False
46424,NYSE-NGUP,5484,False
46424,NYSE-NGUP,5480,False
46424,NYSE-NGUP,5489,False
46424,NYSE-NGUP,5482,False
46424,NYSE-NGUP,5486,False
46424,NYSE-SIMP,5451,False
46424,NYSE-SIMP,5449,False
46424,NYSE-SIMP,5447,False
46424,NYSE-SIMP,5443,False
46424,NYSE-SIMP,5442,False
46424,NYSE-SIMP,5445,False
46424,NYSE-SIMP,5450,False
46424,NYSE-SIMP,5446,False
46424,NYSE-SIMP,5448,False
46424,NYSE-SIMP,5444,False
46424,NYSE-XFR,5174,False
46424,NYSE-XFR,5172,False
46424,NYSE-XFR,5169,False
46424,NYSE-XFR,5167,False
46424,NYSE-XFR,5166,False
46424,NYSE-XFR,5173,False
46424,NYSE-XFR,5171,False
46424,NYSE-XFR,5170,False
46424,NYSE-XFR,5165,False
46424,NYSE-XFR,5168,False
46424,NYSE-ZABA,5249,False
46424,NYSE-ZABA,5250,False
46494,NYSE-CARD,5980,False
46494,NYSE-JNAF,5129,False
46494,NYSE-JNAF,5130,False
46494,NYSE-CARD,5981,False
46494,NYSE-DDJH,5236,False
46494,NYSE-SIMP,5463,False
46494,NYSE-MDKA,5092,False
46510,NYSE-ZABA,4672,False
46510,NYSE-ZABA,4674,False
46510,NYSE-ZABA,4676,False
46523,NYSE-ETFA3,5201,False
46523,NYSE-ETFA3,5199,False
46523,NYSE-ETFA3,5197,False
46523,NYSE-ETFA3,5195,False
46523,NYSE-ETFA3,5204,False
46523,NYSE-ETFA3,5202,False
46523,NYSE-ETFA3,5200,False
46523,NYSE-ETFA3,5198,False
46523,NYSE-ETFA3,5196,False
46523,NYSE-ETFA3,5203,False
46523,NYSE-ETFA,5190,False
46523,NYSE-ETFA,5188,False
46523,NYSE-ETFA,5184,False
46523,NYSE-ETFA,5182,False
46523,NYSE-ETFA,5189,False
46523,NYSE-ETFA,5187,False
46523,NYSE-ETFA,5185,False
46523,NYSE-ETFA,5183,False
46523,NYSE-ETFA,5181,False
46523,NYSE-ETFA,5186,False
46524,NYSE-CARD,5979,False
46524,NYSE-CARD,5978,False
46524,NYSE-CARD,5977,False
46524,NYSE-CARD,5976,False
46524,NYSE-CARD,5975,False
46524,NYSE-CARD,5974,False
46524,NYSE-CARD,5973,False
46524,NYSE-CARD,5971,False
46524,NYSE-CARD,5970,False
46524,NYSE-CARD,5972,False
46524,NYSE-DDJH,5226,False
46524,NYSE-DDJH,5229,False
46524,NYSE-DDJH,5230,False
46524,NYSE-DDJH,5228,False
46524,NYSE-DDJH,5234,False
46524,NYSE-DDJH,5232,False
46524,NYSE-DDJH,5233,False
46524,NYSE-DDJH,5231,False
46524,NYSE-DDJH,5227,False
46524,NYSE-DDJH,5235,False
46524,NYSE-INA,5501,False
46524,NYSE-JNAF,5127,False
46524,NYSE-JNAF,5124,False
46524,NYSE-JNAF,5122,False
46524,NYSE-JNAF,5121,False
46524,NYSE-JNAF,5120,False
46524,NYSE-JNAF,5128,False
46524,NYSE-JNAF,5126,False
46524,NYSE-JNAF,5125,False
46524,NYSE-JNAF,5119,False
46524,NYSE-JNAF,5123,False
46524,NYSE-JZRO,5539,False
46524,NYSE-JZRO,5538,False
46524,NYSE-JZRO,5536,False
46524,NYSE-JZRO,5531,False
46524,NYSE-JZRO,5532,False
46524,NYSE-JZRO,5534,False
46524,NYSE-JZRO,5537,False
46524,NYSE-JZRO,5533,False
46524,NYSE-JZRO,5535,False
46524,NYSE-JZRO,5540,False
46524,NYSE-KRAS,4688,False
46524,NYSE-KRAS,4690,False
46524,NYSE-KRAS,4692,False
46524,NYSE-KRAS,5260,False
46524,NYSE-KRAS,5258,False
46524,NYSE-KRAS,5256,False
46524,NYSE-KRAS,5254,False
46524,NYSE-KRAS,5252,False
46524,NYSE-KTST,5327,False
46524,NYSE-KTST,5325,False
46524,NYSE-KTST,5324,False
46524,NYSE-KTST,5323,False
46524,NYSE-KTST,5321,False
46524,NYSE-KTST,5319,False
46524,NYSE-KTST,5326,False
46524,NYSE-KTST,5320,False
46524,NYSE-KTST,5318,False
46524,NYSE-KTST,5322,False
46524,NYSE-MDKA,5091,False
46524,NYSE-MDKA,5090,False
46524,NYSE-MDKA,5087,False
46524,NYSE-MDKA,5085,False
46524,NYSE-MDKA,5083,False
46525,NYSE-MDKA,5082,False
46525,NYSE-MDKA,5089,False
46525,NYSE-MDKA,5088,False
46525,NYSE-MDKA,5084,False
46525,NYSE-MDKA,5086,False
46525,NYSE-NGUP,5491,False
46525,NYSE-NGUP,5498,False
46525,NYSE-NGUP,5496,False
46525,NYSE-NGUP,5493,False
46525,NYSE-NGUP,5497,False
46525,NYSE-NGUP,5495,False
46525,NYSE-NGUP,5490,False
46525,NYSE-NGUP,5492,False
46525,NYSE-NGUP,5494,False
46525,NYSE-NGUP,5499,False
46525,NYSE-SIMP,5457,False
46525,NYSE-SIMP,5462,False
46525,NYSE-SIMP,5453,False
46525,NYSE-SIMP,5461,False
46525,NYSE-SIMP,5459,False
46525,NYSE-SIMP,5455,False
46525,NYSE-SIMP,5456,False
46525,NYSE-SIMP,5454,False
46525,NYSE-SIMP,5460,False
46525,NYSE-SIMP,5458,False
46525,NYSE-XFR,5185,False
46525,NYSE-XFR,5176,False
46525,NYSE-XFR,5177,False
46525,NYSE-XFR,5184,False
46525,NYSE-XFR,5182,False
46525,NYSE-XFR,5180,False
46525,NYSE-XFR,5178,False
46525,NYSE-XFR,5183,False
46525,NYSE-XFR,5179,False
46525,NYSE-XFR,5181,False
46525,NYSE-ZABA,4690,False
46525,NYSE-ZABA,4688,False
46529,NYSE-MDKA,5103,False
46529,NYSE-JZRO,5553,False
46623,NYSE-ETFA3,5213,False
46623,NYSE-ETFA3,5208,False
46623,NYSE-ETFA3,5206,False
46623,NYSE-ETFA3,5212,False
46623,NYSE-ETFA3,5207,False
46623,NYSE-ETFA3,5205,False
46623,NYSE-ETFA3,5211,False
46623,NYSE-ETFA3,5209,False
46623,NYSE-ETFA3,5210,False
46623,NYSE-ETFA3,5214,False
46623,NYSE-ETFA,5199,False
46623,NYSE-ETFA,5197,False
46623,NYSE-ETFA,5195,False
46623,NYSE-ETFA,5193,False
46623,NYSE-ETFA,5191,False
46623,NYSE-ETFA,5192,False
46623,NYSE-ETFA,5200,False
46623,NYSE-ETFA,5198,False
46623,NYSE-ETFA,5196,False
46623,NYSE-ETFA,5194,False
46623,NYSE-CARD,5992,False
46623,NYSE-CARD,5990,False
46623,NYSE-CARD,5988,False
46623,NYSE-CARD,5984,False
46623,NYSE-CARD,5983,False
46623,NYSE-CARD,5986,False
46623,NYSE-CARD,5991,False
46623,NYSE-CARD,5987,False
46623,NYSE-CARD,5989,False
46623,NYSE-CARD,5985,False
46623,NYSE-DDJH,5245,False
46623,NYSE-DDJH,5243,False
46623,NYSE-DDJH,5241,False
46623,NYSE-DDJH,5240,False
46623,NYSE-DDJH,5238,False
46623,NYSE-DDJH,5237,False
46623,NYSE-DDJH,5239,False
46623,NYSE-DDJH,5242,False
46623,NYSE-DDJH,5244,False
46623,NYSE-DDJH,5246,False
46623,NYSE-INA,5511,False
46623,NYSE-JNAF,5140,False
46623,NYSE-JNAF,5138,False
46623,NYSE-JNAF,5136,False
46623,NYSE-JNAF,5133,False
46623,NYSE-JNAF,5134,False
46623,NYSE-JNAF,5141,False
46623,NYSE-JNAF,5139,False
46623,NYSE-JNAF,5132,False
46624,NYSE-JNAF,5137,False
46624,NYSE-JNAF,5135,False
46624,NYSE-JZRO,5551,False
46624,NYSE-JZRO,5550,False
46624,NYSE-JZRO,5548,False
46624,NYSE-JZRO,5547,False
46624,NYSE-JZRO,5545,False
46624,NYSE-JZRO,5543,False
46624,NYSE-JZRO,5542,False
46624,NYSE-JZRO,5546,False
46624,NYSE-JZRO,5544,False
46624,NYSE-JZRO,5549,False
46624,NYSE-KRAS,5269,False
46624,NYSE-KRAS,5267,False
46624,NYSE-KRAS,5263,False
46624,NYSE-KRAS,5265,False
46624,NYSE-KRAS,5271,False
46624,NYSE-KTST,5336,False
46624,NYSE-KTST,5335,False
46624,NYSE-KTST,5334,False
46624,NYSE-KTST,5333,False
46624,NYSE-KTST,5332,False
46624,NYSE-KTST,5331,False
46624,NYSE-KTST,5330,False
46624,NYSE-KTST,5329,False
46624,NYSE-KTST,5328,False
46624,NYSE-KTST,5337,False
46624,NYSE-MDKA,5102,False
46624,NYSE-MDKA,5099,False
46624,NYSE-MDKA,5093,False
46624,NYSE-MDKA,5097,False
46624,NYSE-MDKA,5095,False
46624,NYSE-MDKA,5100,False
46624,NYSE-MDKA,5096,False
46624,NYSE-MDKA,5094,False
46624,NYSE-MDKA,5098,False
46624,NYSE-MDKA,5101,False
46624,NYSE-NGUP,5508,False
46624,NYSE-NGUP,5506,False
46624,NYSE-NGUP,5504,False
46624,NYSE-NGUP,5502,False
46624,NYSE-NGUP,5509,False
46624,NYSE-NGUP,5500,False
46624,NYSE-NGUP,5501,False
46624,NYSE-NGUP,5503,False
46624,NYSE-NGUP,5505,False
46624,NYSE-NGUP,5507,False
46624,NYSE-SIMP,5473,False
46624,NYSE-SIMP,5471,False
46624,NYSE-SIMP,5469,False
46624,NYSE-SIMP,5467,False
46624,NYSE-SIMP,5465,False
46624,NYSE-SIMP,5464,False
46624,NYSE-SIMP,5472,False
46624,NYSE-SIMP,5468,False
46624,NYSE-SIMP,5470,False
46624,NYSE-SIMP,5466,False
46624,NYSE-XFR,5195,False
46624,NYSE-XFR,5193,False
46624,NYSE-XFR,5189,False
46624,NYSE-XFR,5187,False
46624,NYSE-XFR,5191,False
46624,NYSE-XFR,5194,False
46624,NYSE-XFR,5186,False
46624,NYSE-XFR,5192,False
46624,NYSE-XFR,5188,False
46624,NYSE-XFR,5190,False
46624,NYSE-ZABA,5273,False
46639,NYSE-SIMP,5485,False
46639,NYSE-ZABA,4702,False
46639,NYSE-ZABA,4704,False
46639,NYSE-ZABA,4700,False
46639,NYSE-SIMP,5486,False
46639,NYSE-NGUP,4894,False
46639,NYSE-NGUP,4892,False
46639,NYSE-NGUP,5520,False
46639,NYSE-SIMP,5487,False
46639,NYSE-SIMP,5488,False
46654,NYSE-INA,5523,False
46654,NYSE-INA,5524,False
46654,NYSE-SIMP,5328,False
46710,NYSE-KTST,5338,False
46710,NYSE-DDJH,5247,False
46710,NYSE-ETFA,5201,False
46710,NYSE-INA,5512,False
46710,NYSE-JZRO,5552,False
46710,NYSE-JNAF,5142,False
46710,NYSE-KRAS,5272,False
46723,NYSE-ETFA3,5223,False
46723,NYSE-ETFA3,5221,False
46723,NYSE-ETFA3,5219,False
46723,NYSE-ETFA3,5217,False
46723,NYSE-ETFA3,5215,False
46723,NYSE-ETFA3,5224,False
46723,NYSE-ETFA3,5220,False
46723,NYSE-ETFA3,5218,False
46723,NYSE-ETFA3,5216,False
46723,NYSE-ETFA3,5222,False
46723,NYSE-ETFA,5208,False
46723,NYSE-ETFA,5206,False
46723,NYSE-ETFA,5204,False
46723,NYSE-ETFA,5202,False
46723,NYSE-ETFA,5207,False
46723,NYSE-ETFA,5205,False
46723,NYSE-ETFA,5211,False
46723,NYSE-ETFA,5209,False
46723,NYSE-ETFA,5210,False
46723,NYSE-ETFA,5203,False
46723,NYSE-CARD,6003,False
46723,NYSE-CARD,5998,False
46723,NYSE-CARD,6002,False
46723,NYSE-CARD,6000,False
46723,NYSE-CARD,5996,False
46723,NYSE-CARD,5997,False
46723,NYSE-CARD,5995,False
46723,NYSE-CARD,6001,False
46723,NYSE-CARD,5999,False
46724,NYSE-DDJH,4708,False
46724,NYSE-DDJH,4706,False
46724,NYSE-DDJH,5249,False
46724,NYSE-DDJH,5256,False
46724,NYSE-DDJH,5254,False
46724,NYSE-DDJH,5252,False
46724,NYSE-DDJH,5253,False
46724,NYSE-DDJH,5251,False
46724,NYSE-DDJH,5257,False
46724,NYSE-DDJH,5255,False
46724,NYSE-DDJH,5248,False
46724,NYSE-DDJH,5250,False
46724,NYSE-INA,5520,False
46724,NYSE-INA,5522,False
46724,NYSE-JNAF,5150,False
46724,NYSE-JNAF,5148,False
46724,NYSE-JNAF,5146,False
46724,NYSE-JNAF,5144,False
46724,NYSE-JNAF,5151,False
46724,NYSE-JNAF,5143,False
46724,NYSE-JNAF,5147,False
46724,NYSE-JNAF,5145,False
46724,NYSE-JNAF,5152,False
46724,NYSE-JNAF,5149,False
46724,NYSE-JZRO,5564,False
46724,NYSE-JZRO,5562,False
46724,NYSE-JZRO,5560,False
46724,NYSE-JZRO,5558,False
46724,NYSE-JZRO,5556,False
46724,NYSE-JZRO,5555,False
46724,NYSE-JZRO,5557,False
46724,NYSE-JZRO,5559,False
46724,NYSE-JZRO,5561,False
46724,NYSE-JZRO,5563,False
46724,NYSE-KRAS,4710,False
46724,NYSE-KRAS,4718,False
46724,NYSE-KRAS,4712,False
46724,NYSE-KRAS,4714,False
46724,NYSE-KRAS,4716,False
46724,NYSE-KRAS,5281,False
46724,NYSE-KRAS,5275,False
46724,NYSE-KRAS,5277,False
46724,NYSE-KRAS,5279,False
46724,NYSE-KTST,5349,False
46724,NYSE-KTST,5348,False
46724,NYSE-KTST,5347,False
46724,NYSE-KTST,5346,False
46724,NYSE-KTST,5345,False
46724,NYSE-KTST,5344,False
46724,NYSE-KTST,5343,False
46724,NYSE-KTST,5341,False
46724,NYSE-KTST,5340,False
46724,NYSE-KTST,5342,False
46724,NYSE-MDKA,5113,False
46724,NYSE-MDKA,5110,False
46724,NYSE-MDKA,5108,False
46724,NYSE-MDKA,5106,False
46724,NYSE-MDKA,5104,False
46724,NYSE-MDKA,5111,False
46724,NYSE-MDKA,5109,False
46724,NYSE-MDKA,5107,False
46724,NYSE-MDKA,5105,False
46724,NYSE-MDKA,5112,False
46724,NYSE-NGUP,5511,False
46724,NYSE-NGUP,5513,False
46724,NYSE-NGUP,5517,False
46724,NYSE-NGUP,5515,False
46725,NYSE-NGUP,5510,False
46725,NYSE-NGUP,5518,False
46725,NYSE-NGUP,5519,False
46725,NYSE-NGUP,5514,False
46725,NYSE-NGUP,5516,False
46725,NYSE-NGUP,5512,False
46725,NYSE-SIMP,5483,False
46725,NYSE-SIMP,5481,False
46725,NYSE-SIMP,5479,False
46725,NYSE-SIMP,5475,False
46725,NYSE-SIMP,5480,False
46725,NYSE-SIMP,5476,False
46725,NYSE-SIMP,5474,False
46725,NYSE-SIMP,5477,False
46725,NYSE-SIMP,5482,False
46725,NYSE-SIMP,5478,False
46725,NYSE-XFR,5205,False
46725,NYSE-XFR,5203,False
46725,NYSE-XFR,5201,False
46725,NYSE-XFR,5199,False
46725,NYSE-XFR,5197,False
46725,NYSE-XFR,5196,False
46725,NYSE-XFR,5200,False
46725,NYSE-XFR,5198,False
46725,NYSE-XFR,5204,False
46725,NYSE-XFR,5202,False
46725,NYSE-ZABA,5284,False
46757,NYSE-NGUP,5534,False
46757,NYSE-INA,5535,False
46757,NYSE-KRAS,5295,False
46757,NYSE-CARD,6016,False
46774,NYSE-NGUP,5535,False
46823,NYSE-ETFA3,5234,False
46823,NYSE-ETFA3,5232,False
46823,NYSE-ETFA3,5230,False
46823,NYSE-ETFA3,5228,False
46823,NYSE-ETFA3,5226,False
46823,NYSE-ETFA3,5233,False
46823,NYSE-ETFA3,5231,False
46823,NYSE-ETFA3,5235,False
46823,NYSE-ETFA3,5227,False
46823,NYSE-ETFA3,5229,False
46823,NYSE-ETFA,5221,False
46823,NYSE-ETFA,5219,False
46823,NYSE-ETFA,5217,False
46823,NYSE-ETFA,5215,False
46823,NYSE-ETFA,5213,False
46823,NYSE-ETFA,5220,False
46823,NYSE-ETFA,5218,False
46823,NYSE-ETFA,5216,False
46823,NYSE-ETFA,5222,False
46823,NYSE-ETFA,5214,False
46823,NYSE-CARD,6014,False
46823,NYSE-CARD,6012,False
46823,NYSE-CARD,6010,False
46823,NYSE-CARD,6008,False
46823,NYSE-CARD,6006,False
46823,NYSE-CARD,6013,False
46823,NYSE-CARD,6009,False
46823,NYSE-CARD,6015,False
46823,NYSE-CARD,6011,False
46823,NYSE-CARD,6007,False
46823,NYSE-DDJH,5269,False
46823,NYSE-DDJH,5267,False
46823,NYSE-DDJH,5262,False
46823,NYSE-DDJH,5260,False
46823,NYSE-DDJH,5264,False
46823,NYSE-DDJH,5263,False
46823,NYSE-DDJH,5265,False
46823,NYSE-DDJH,5261,False
46823,NYSE-DDJH,5266,False
46823,NYSE-DDJH,5268,False
46823,NYSE-INA,5534,False
46823,NYSE-JNAF,5160,False
46823,NYSE-JNAF,5156,False
46823,NYSE-JNAF,5155,False
46823,NYSE-JNAF,5158,False
46823,NYSE-JNAF,5162,False
46823,NYSE-JNAF,5159,False
46823,NYSE-JNAF,5157,False
46823,NYSE-JNAF,5161,False
46823,NYSE-JNAF,5153,False
46823,NYSE-JNAF,5154,False
46823,NYSE-JZRO,5576,False
46823,NYSE-JZRO,5575,False
46823,NYSE-JZRO,5574,False
46823,NYSE-JZRO,5572,False
46823,NYSE-JZRO,5570,False
46823,NYSE-JZRO,5568,False
46823,NYSE-JZRO,5573,False
46823,NYSE-JZRO,5571,False
46823,NYSE-JZRO,5569,False
46823,NYSE-JZRO,5567,False
46823,NYSE-KRAS,5290,False
46823,NYSE-KRAS,5288,False
46823,NYSE-KRAS,5286,False
46823,NYSE-KRAS,5292,False
46823,NYSE-KRAS,5294,False
46823,NYSE-KTST,5361,False
46823,NYSE-KTST,5359,False
46823,NYSE-KTST,5358,False
46823,NYSE-KTST,5357,False
46823,NYSE-KTST,5354,False
46823,NYSE-KTST,5353,False
46823,NYSE-KTST,5352,False
46823,NYSE-KTST,5355,False
46823,NYSE-KTST,5356,False
46823,NYSE-KTST,5360,False
46823,NYSE-MDKA,5124,False
46823,NYSE-MDKA,5122,False
46823,NYSE-MDKA,5121,False
46823,NYSE-MDKA,5118,False
46823,NYSE-MDKA,5117,False
46823,NYSE-MDKA,5115,False
46823,NYSE-MDKA,5120,False
46823,NYSE-MDKA,5116,False
46823,NYSE-MDKA,5119,False
46823,NYSE-MDKA,5123,False
46823,NYSE-NGUP,5523,False
46823,NYSE-NGUP,5527,False
46823,NYSE-NGUP,5525,False
46823,NYSE-NGUP,5530,False
46823,NYSE-NGUP,5528,False
46823,NYSE-NGUP,5529,False
46823,NYSE-NGUP,5531,False
46823,NYSE-NGUP,5526,False
46823,NYSE-NGUP,5532,False
46823,NYSE-SIMP,5498,False
46823,NYSE-SIMP,5497,False
46823,NYSE-SIMP,5496,False
46823,NYSE-SIMP,5493,False
46823,NYSE-SIMP,5491,False
46823,NYSE-SIMP,5495,False
46823,NYSE-SIMP,5492,False
46823,NYSE-SIMP,5494,False
46823,NYSE-SIMP,5499,False
46823,NYSE-XFR,5216,False
46823,NYSE-XFR,5214,False
46823,NYSE-XFR,5210,False
46823,NYSE-XFR,5209,False
46823,NYSE-XFR,5207,False
46823,NYSE-XFR,5212,False
46824,NYSE-XFR,5215,False
46824,NYSE-XFR,5211,False
46824,NYSE-XFR,5208,False
46824,NYSE-XFR,5213,False
46824,NYSE-ZABA,4722,False
46824,NYSE-ZABA,4724,False
46838,NYSE-KRAS,4724,False
46838,NYSE-KRAS,4728,False
46838,NYSE-KRAS,4726,False
46838,NYSE-KRAS,5306,False
46838,NYSE-NGUP,5547,False
46838,NYSE-SIMP,5513,False
46838,NYSE-ZABA,5319,False
46838,NYSE-INA,5547,False
46838,NYSE-MDKA,5135,False
46838,NYSE-JNAF,5174,False
46923,NYSE-ETFA3,5241,False
46923,NYSE-ETFA3,5239,False
46923,NYSE-ETFA3,5238,False
46923,NYSE-ETFA3,5237,False
46923,NYSE-ETFA3,5236,False
46923,NYSE-ETFA3,5243,False
46923,NYSE-ETFA3,5245,False
46923,NYSE-ETFA3,5244,False
46923,NYSE-ETFA3,5242,False
46923,NYSE-ETFA3,5240,False
46923,NYSE-ETFA,5232,False
46923,NYSE-ETFA,5230,False
46923,NYSE-ETFA,5228,False
46923,NYSE-ETFA,5226,False
46923,NYSE-ETFA,5225,False
46923,NYSE-ETFA,5224,False
46923,NYSE-ETFA,5233,False
46923,NYSE-ETFA,5231,False
46923,NYSE-ETFA,5227,False
46923,NYSE-ETFA,5229,False
46923,NYSE-CARD,6026,False
46923,NYSE-CARD,6024,False
46923,NYSE-CARD,6022,False
46923,NYSE-CARD,6020,False
46923,NYSE-CARD,6025,False
46923,NYSE-CARD,6021,False
46923,NYSE-CARD,6017,False
46923,NYSE-CARD,6018,False
46923,NYSE-CARD,6023,False
46923,NYSE-CARD,6019,False
46923,NYSE-DDJH,5278,False
46923,NYSE-DDJH,5276,False
46923,NYSE-DDJH,5274,False
46923,NYSE-DDJH,5272,False
46923,NYSE-DDJH,5271,False
46923,NYSE-DDJH,5273,False
46923,NYSE-DDJH,5275,False
46923,NYSE-DDJH,5277,False
46923,NYSE-DDJH,5279,False
46923,NYSE-DDJH,5280,False
46923,NYSE-JNAF,5173,False
46923,NYSE-JNAF,5172,False
46923,NYSE-JNAF,5171,False
46923,NYSE-JNAF,5169,False
46923,NYSE-JNAF,5167,False
46923,NYSE-JNAF,5166,False
46923,NYSE-JNAF,5164,False
46923,NYSE-JNAF,5170,False
46923,NYSE-JNAF,5165,False
46923,NYSE-JNAF,5168,False
46923,NYSE-JZRO,5580,False
46923,NYSE-JZRO,5578,False
46923,NYSE-JZRO,5577,False
46923,NYSE-JZRO,5586,False
46923,NYSE-JZRO,5584,False
46923,NYSE-JZRO,5582,False
46923,NYSE-JZRO,5579,False
46923,NYSE-JZRO,5583,False
46923,NYSE-JZRO,5581,False
46923,NYSE-JZRO,5585,False
46924,NYSE-KRAS,5303,False
46924,NYSE-KRAS,5301,False
46924,NYSE-KRAS,5297,False
46924,NYSE-KRAS,5299,False
46924,NYSE-KRAS,5305,False
46924,NYSE-KTST,5371,False
46924,NYSE-KTST,5369,False
46924,NYSE-KTST,5368,False
46924,NYSE-KTST,5367,False
46924,NYSE-KTST,5366,False
46924,NYSE-KTST,5365,False
46924,NYSE-KTST,5364,False
46924,NYSE-KTST,5363,False
46924,NYSE-KTST,5362,False
46924,NYSE-KTST,5370,False
46924,NYSE-MDKA,5133,False
46924,NYSE-MDKA,5131,False
46924,NYSE-MDKA,5129,False
46924,NYSE-MDKA,5127,False
46924,NYSE-MDKA,5134,False
46924,NYSE-MDKA,5132,False
46924,NYSE-MDKA,5130,False
46924,NYSE-MDKA,5128,False
46924,NYSE-MDKA,5126,False
46924,NYSE-MDKA,5125,False
46924,NYSE-NGUP,5545,False
46924,NYSE-NGUP,5543,False
46924,NYSE-NGUP,5541,False
46924,NYSE-NGUP,5539,False
46924,NYSE-NGUP,5538,False
46924,NYSE-NGUP,5536,False
46924,NYSE-NGUP,5542,False
46924,NYSE-NGUP,5544,False
46924,NYSE-NGUP,5540,False
46924,NYSE-SIMP,5511,False
46924,NYSE-SIMP,5508,False
46924,NYSE-SIMP,5506,False
46924,NYSE-SIMP,5504,False
46924,NYSE-SIMP,5509,False
46924,NYSE-SIMP,5510,False
46924,NYSE-SIMP,5503,False
46924,NYSE-SIMP,5505,False
46924,NYSE-SIMP,5507,False
46924,NYSE-XFR,5226,False
46924,NYSE-XFR,5222,False
46924,NYSE-XFR,5220,False
46924,NYSE-XFR,5218,False
46924,NYSE-XFR,5224,False
46924,NYSE-XFR,5223,False
46924,NYSE-XFR,5219,False
46924,NYSE-XFR,5217,False
46924,NYSE-XFR,5225,False
46924,NYSE-XFR,5221,False
46924,NYSE-ZABA,4734,False
46956,NYSE-SIMP,5525,False
46956,NYSE-ZABA,5330,False
46956,NYSE-KRAS,5317,False
46956,NYSE-NGUP,5562,False
46977,NYSE-XFR,5239,False
47022,NYSE-ETFA3,5255,False
47023,NYSE-ETFA3,5253,False
47023,NYSE-ETFA3,5252,False
47023,NYSE-ETFA3,5251,False
47023,NYSE-ETFA3,5250,False
47023,NYSE-ETFA3,5249,False
47023,NYSE-ETFA3,5247,False
47023,NYSE-ETFA3,5254,False
47023,NYSE-ETFA3,5248,False
47023,NYSE-ETFA3,5246,False
47023,NYSE-ETFA,5241,False
47023,NYSE-ETFA,5239,False
47023,NYSE-ETFA,5238,False
47023,NYSE-ETFA,5237,False
47023,NYSE-ETFA,5236,False
47023,NYSE-ETFA,5234,False
47023,NYSE-ETFA,5243,False
47023,NYSE-ETFA,5235,False
47023,NYSE-ETFA,5242,False
47023,NYSE-ETFA,5240,False
47023,NYSE-CARD,6038,False
47023,NYSE-CARD,6037,False
47023,NYSE-CARD,6034,False
47023,NYSE-CARD,6032,False
47023,NYSE-CARD,6036,False
47023,NYSE-CARD,6031,False
47023,NYSE-CARD,6029,False
47023,NYSE-CARD,6030,False
47023,NYSE-CARD,6033,False
47023,NYSE-CARD,6035,False
47023,NYSE-DDJH,5290,False
47023,NYSE-DDJH,5288,False
47023,NYSE-DDJH,5286,False
47023,NYSE-DDJH,5284,False
47023,NYSE-DDJH,5281,False
47023,NYSE-DDJH,5283,False
47023,NYSE-DDJH,5282,False
47023,NYSE-DDJH,5289,False
47023,NYSE-DDJH,5285,False
47023,NYSE-DDJH,5287,False
47023,NYSE-JNAF,5177,False
47023,NYSE-JNAF,5176,False
47023,NYSE-JNAF,5175,False
47023,NYSE-JNAF,5184,False
47023,NYSE-JNAF,5182,False
47023,NYSE-JNAF,5180,False
47023,NYSE-JNAF,5178,False
47023,NYSE-JNAF,5183,False
47023,NYSE-JNAF,5179,False
47023,NYSE-JNAF,5181,False
47023,NYSE-JZRO,5596,False
47023,NYSE-JZRO,5594,False
47023,NYSE-JZRO,5592,False
47023,NYSE-JZRO,5590,False
47023,NYSE-JZRO,5588,False
47023,NYSE-JZRO,5591,False
47023,NYSE-JZRO,5593,False
47023,NYSE-JZRO,5595,False
47023,NYSE-JZRO,5589,False
47023,NYSE-JZRO,5587,False
47023,NYSE-KRAS,5316,False
47023,NYSE-KRAS,5315,False
47023,NYSE-KRAS,5313,False
47023,NYSE-KRAS,5311,False
47023,NYSE-KRAS,5310,False
47023,NYSE-KRAS,5314,False
47023,NYSE-KRAS,5312,False
47023,NYSE-KTST,5380,False
47023,NYSE-KTST,5378,False
47023,NYSE-KTST,5376,False
47023,NYSE-KTST,5374,False
47023,NYSE-KTST,5377,False
47023,NYSE-KTST,5379,False
47023,NYSE-KTST,5381,False
47023,NYSE-KTST,5373,False
47023,NYSE-KTST,5375,False
47023,NYSE-KTST,5372,False
47023,NYSE-MDKA,5144,False
47023,NYSE-MDKA,5142,False
47023,NYSE-MDKA,5140,False
47023,NYSE-MDKA,5138,False
47023,NYSE-MDKA,5136,False
47023,NYSE-MDKA,5141,False
47023,NYSE-MDKA,5139,False
47023,NYSE-MDKA,5143,False
47023,NYSE-MDKA,5137,False
47023,NYSE-MDKA,5145,False
47023,NYSE-NGUP,5552,False
47023,NYSE-NGUP,5550,False
47023,NYSE-NGUP,5558,False
47023,NYSE-NGUP,5556,False
47023,NYSE-NGUP,5554,False
47023,NYSE-NGUP,5555,False
47023,NYSE-NGUP,5557,False
47023,NYSE-NGUP,5559,False
47023,NYSE-NGUP,5553,False
47023,NYSE-SIMP,5523,False
47023,NYSE-SIMP,5521,False
47023,NYSE-SIMP,5520,False
47023,NYSE-SIMP,5517,False
47023,NYSE-SIMP,5515,False
47023,NYSE-SIMP,5522,False
47023,NYSE-SIMP,5518,False
47023,NYSE-SIMP,5519,False
47023,NYSE-SIMP,5516,False
47023,NYSE-XFR,5236,False
47024,NYSE-XFR,5229,False
47024,NYSE-XFR,5238,False
47024,NYSE-XFR,5230,False
47024,NYSE-XFR,5234,False
47024,NYSE-XFR,5232,False
47024,NYSE-XFR,5233,False
47024,NYSE-XFR,5231,False
47024,NYSE-XFR,5235,False
47024,NYSE-XFR,5237,False
47107,NYSE-JNAF,5203,False
47107,NYSE-JZRO,5615,False
47107,NYSE-JZRO,5616,False
47108,NYSE-NGUP,5580,False
47110,NYSE-KRAS,4751,False
47110,NYSE-KRAS,4749,False
47123,NYSE-ETFA3,5272,False
47123,NYSE-ETFA3,5270,False
47123,NYSE-ETFA3,5269,False
47123,NYSE-ETFA3,5268,False
47123,NYSE-ETFA3,5267,False
47123,NYSE-ETFA3,5263,False
47123,NYSE-ETFA3,5264,False
47123,NYSE-ETFA3,5271,False
47123,NYSE-ETFA3,5265,False
47123,NYSE-ETFA3,5266,False
47123,NYSE-ETFA,5261,False
47123,NYSE-ETFA,5260,False
47123,NYSE-ETFA,5259,False
47123,NYSE-ETFA,5258,False
47123,NYSE-ETFA,5257,False
47123,NYSE-ETFA,5256,False
47123,NYSE-ETFA,5255,False
47123,NYSE-ETFA,5253,False
47123,NYSE-ETFA,5252,False
47123,NYSE-ETFA,5254,False
47123,NYSE-CARD,6054,False
47123,NYSE-CARD,6052,False
47123,NYSE-CARD,6049,False
47123,NYSE-CARD,6047,False
47123,NYSE-CARD,6050,False
47123,NYSE-CARD,6051,False
47123,NYSE-CARD,6055,False
47123,NYSE-CARD,6053,False
47123,NYSE-CARD,6046,False
47123,NYSE-CARD,6048,False
47123,NYSE-DDJH,5306,False
47123,NYSE-DDJH,5303,False
47123,NYSE-DDJH,5301,False
47123,NYSE-DDJH,5308,False
47123,NYSE-DDJH,5307,False
47123,NYSE-DDJH,5300,False
47123,NYSE-DDJH,5304,False
47123,NYSE-DDJH,5302,False
47123,NYSE-DDJH,5305,False
47123,NYSE-INA,5568,False
47123,NYSE-INA,5565,False
47123,NYSE-INA,5567,False
47123,NYSE-INA,5566,False
47123,NYSE-JNAF,5199,False
47123,NYSE-JNAF,5197,False
47123,NYSE-JNAF,5195,False
47123,NYSE-JNAF,5193,False
47123,NYSE-JNAF,5191,False
47124,NYSE-JNAF,5196,False
47124,NYSE-JNAF,5200,False
47124,NYSE-JNAF,5198,False
47124,NYSE-JNAF,5194,False
47124,NYSE-JNAF,5192,False
47124,NYSE-JZRO,5613,False
47124,NYSE-JZRO,5609,False
47124,NYSE-JZRO,5607,False
47124,NYSE-JZRO,5605,False
47124,NYSE-JZRO,5612,False
47124,NYSE-JZRO,5610,False
47124,NYSE-JZRO,5611,False
47124,NYSE-JZRO,5608,False
47124,NYSE-JZRO,5606,False
47124,NYSE-JZRO,5604,False
47124,NYSE-KRAS,4756,False
47124,NYSE-KRAS,4758,False
47124,NYSE-KRAS,4760,False
47124,NYSE-KRAS,4762,False
47124,NYSE-KRAS,5329,False
47124,NYSE-KRAS,5328,False
47124,NYSE-KRAS,5327,False
47124,NYSE-KRAS,5325,False
47124,NYSE-KRAS,5324,False
47124,NYSE-KRAS,5323,False
47124,NYSE-KRAS,5326,False
47124,NYSE-KRAS,5322,False
47124,NYSE-KTST,5396,False
47124,NYSE-KTST,5394,False
47124,NYSE-KTST,5392,False
47124,NYSE-KTST,5391,False
47124,NYSE-KTST,5390,False
47124,NYSE-KTST,5388,False
47124,NYSE-KTST,5389,False
47124,NYSE-KTST,5397,False
47124,NYSE-KTST,5395,False
47124,NYSE-KTST,5393,False
47124,NYSE-MDKA,5160,False
47124,NYSE-MDKA,5156,False
47124,NYSE-MDKA,5155,False
47124,NYSE-MDKA,5158,False
47124,NYSE-MDKA,5162,False
47124,NYSE-MDKA,5159,False
47124,NYSE-MDKA,5157,False
47124,NYSE-MDKA,5163,False
47124,NYSE-MDKA,5161,False
47124,NYSE-MDKA,5154,False
47124,NYSE-NGUP,5576,False
47124,NYSE-NGUP,5575,False
47124,NYSE-NGUP,5574,False
47124,NYSE-NGUP,5572,False
47124,NYSE-NGUP,5573,False
47124,NYSE-NGUP,5571,False
47124,NYSE-NGUP,5569,False
47124,NYSE-SIMP,5539,False
47124,NYSE-SIMP,5538,False
47124,NYSE-SIMP,5536,False
47124,NYSE-SIMP,5531,False
47124,NYSE-SIMP,5532,False
47124,NYSE-SIMP,5534,False
47124,NYSE-SIMP,5537,False
47124,NYSE-SIMP,5533,False
47124,NYSE-SIMP,5535,False
47124,NYSE-SIMP,5540,False
47124,NYSE-XFR,5249,False
47124,NYSE-XFR,5247,False
47124,NYSE-XFR,5245,False
47124,NYSE-XFR,5252,False
47124,NYSE-XFR,5253,False
47124,NYSE-XFR,5244,False
47124,NYSE-XFR,5246,False
47124,NYSE-XFR,5251,False
47124,NYSE-XFR,5248,False
47124,NYSE-XFR,5250,False
47124,NYSE-ZABA,5344,False
47124,NYSE-ZABA,5343,False
47124,NYSE-ZABA,5341,False
47124,NYSE-ZABA,5340,False
47124,NYSE-ZABA,5342,False
47223,NYSE-ETFA3,5284,False
47223,NYSE-ETFA3,5283,False
47223,NYSE-ETFA3,5282,False
47223,NYSE-ETFA3,5281,False
47223,NYSE-ETFA3,5280,False
47223,NYSE-ETFA3,5279,False
47223,NYSE-ETFA3,5278,False
47223,NYSE-ETFA3,5285,False
47223,NYSE-ETFA3,5277,False
47223,NYSE-ETFA3,5276,False
47223,NYSE-ETFA,5273,False
47223,NYSE-ETFA,5272,False
47223,NYSE-ETFA,5270,False
47223,NYSE-ETFA,5269,False
47223,NYSE-ETFA,5268,False
47223,NYSE-ETFA,5267,False
47223,NYSE-ETFA,5264,False
47223,NYSE-ETFA,5271,False
47223,NYSE-ETFA,5265,False
47223,NYSE-ETFA,5266,False
47223,NYSE-CARD,6066,False
47223,NYSE-CARD,6064,False
47223,NYSE-CARD,6062,False
47223,NYSE-CARD,6061,False
47223,NYSE-CARD,6058,False
47223,NYSE-CARD,6063,False
47223,NYSE-CARD,6059,False
47223,NYSE-CARD,6060,False
47223,NYSE-CARD,6067,False
47223,NYSE-CARD,6065,False
47223,NYSE-DDJH,5319,False
47223,NYSE-DDJH,5317,False
47223,NYSE-DDJH,5315,False
47223,NYSE-DDJH,5313,False
47223,NYSE-DDJH,5321,False
47223,NYSE-DDJH,5320,False
47223,NYSE-DDJH,5318,False
47224,NYSE-INA,5580,False
47224,NYSE-INA,5577,False
47224,NYSE-INA,5579,False
47224,NYSE-JNAF,5214,False
47224,NYSE-JNAF,5212,False
47224,NYSE-JNAF,5210,False
47224,NYSE-JNAF,5209,False
47224,NYSE-JNAF,5207,False
47224,NYSE-JNAF,5205,False
47224,NYSE-JNAF,5211,False
47224,NYSE-JNAF,5208,False
47224,NYSE-JNAF,5213,False
47224,NYSE-JNAF,5206,False
47224,NYSE-JZRO,5626,False
47224,NYSE-JZRO,5624,False
47224,NYSE-JZRO,5623,False
47224,NYSE-JZRO,5621,False
47224,NYSE-JZRO,5625,False
47224,NYSE-JZRO,5619,False
47224,NYSE-JZRO,5617,False
47224,NYSE-JZRO,5622,False
47224,NYSE-JZRO,5620,False
47224,NYSE-JZRO,5618,False
47224,NYSE-KRAS,4772,False
47224,NYSE-KRAS,4774,False
47224,NYSE-KRAS,4768,False
47224,NYSE-KRAS,4766,False
47224,NYSE-KRAS,4770,False
47224,NYSE-KRAS,5334,False
47224,NYSE-KRAS,5333,False
47224,NYSE-KRAS,5339,False
47224,NYSE-KRAS,5338,False
47224,NYSE-KRAS,5336,False
47224,NYSE-KRAS,5335,False
47224,NYSE-KRAS,5337,False
47224,NYSE-KTST,5407,False
47224,NYSE-KTST,5406,False
47224,NYSE-KTST,5405,False
47224,NYSE-KTST,5400,False
47224,NYSE-KTST,5398,False
47224,NYSE-KTST,5403,False
47224,NYSE-KTST,5402,False
47224,NYSE-KTST,5404,False
47224,NYSE-KTST,5401,False
47224,NYSE-KTST,5399,False
47224,NYSE-MDKA,5173,False
47224,NYSE-MDKA,5172,False
47224,NYSE-MDKA,5171,False
47224,NYSE-MDKA,5169,False
47224,NYSE-MDKA,5167,False
47224,NYSE-MDKA,5166,False
47224,NYSE-MDKA,5164,False
47224,NYSE-MDKA,5170,False
47224,NYSE-MDKA,5165,False
47224,NYSE-MDKA,5168,False
47224,NYSE-NGUP,5586,False
47224,NYSE-NGUP,5583,False
47224,NYSE-NGUP,5581,False
47224,NYSE-NGUP,5585,False
47224,NYSE-NGUP,5587,False
47224,NYSE-SIMP,5552,False
47224,NYSE-SIMP,5550,False
47224,NYSE-SIMP,5548,False
47224,NYSE-SIMP,5547,False
47224,NYSE-SIMP,5545,False
47224,NYSE-SIMP,5551,False
47224,NYSE-SIMP,5554,False
47224,NYSE-SIMP,5546,False
47224,NYSE-SIMP,5549,False
47224,NYSE-SIMP,5553,False
47224,NYSE-XFR,5262,False
47224,NYSE-XFR,5260,False
47224,NYSE-XFR,5258,False
47224,NYSE-XFR,5264,False
47224,NYSE-XFR,5256,False
47224,NYSE-XFR,5263,False
47224,NYSE-XFR,5265,False
47224,NYSE-XFR,5261,False
47225,NYSE-XFR,5257,False
47225,NYSE-XFR,5259,False
47225,NYSE-ZABA,5353,False
47225,NYSE-ZABA,5351,False
47225,NYSE-ZABA,5355,False
47267,NYSE-SIMP,5568,False
47300,NYSE-DDJH,5341,False
47300,NYSE-INA,5606,False
47300,NYSE-INA,5608,False
47310,NYSE-KTST,5408,False
47310,NYSE-DDJH,5322,False
47310,NYSE-ETFA,5275,False
47310,NYSE-INA,5587,False
47310,NYSE-JZRO,5627,False
47310,NYSE-JNAF,5215,False
47310,NYSE-CARD,6068,False
47310,NYSE-KRAS,5340,False
47323,NYSE-ETFA3,5294,False
47323,NYSE-ETFA3,5293,False
47323,NYSE-ETFA3,5292,False
47323,NYSE-ETFA3,5291,False
47323,NYSE-ETFA3,5290,False
47323,NYSE-ETFA3,5289,False
47323,NYSE-ETFA3,5288,False
47323,NYSE-ETFA3,5295,False
47323,NYSE-ETFA3,5287,False
47323,NYSE-ETFA3,5286,False
47323,NYSE-ETFA,5284,False
47323,NYSE-ETFA,5283,False
47323,NYSE-ETFA,5282,False
47323,NYSE-ETFA,5281,False
47323,NYSE-ETFA,5280,False
47323,NYSE-ETFA,5279,False
47323,NYSE-ETFA,5278,False
47323,NYSE-ETFA,5285,False
47323,NYSE-ETFA,5277,False
47323,NYSE-ETFA,5276,False
47323,NYSE-CARD,6077,False
47323,NYSE-CARD,6071,False
47323,NYSE-CARD,6069,False
47323,NYSE-CARD,6070,False
47323,NYSE-CARD,6072,False
47323,NYSE-CARD,6073,False
47323,NYSE-CARD,6075,False
47323,NYSE-CARD,6078,False
47323,NYSE-CARD,6074,False
47323,NYSE-CARD,6076,False
47323,NYSE-DDJH,5329,False
47323,NYSE-DDJH,5328,False
47323,NYSE-DDJH,5327,False
47323,NYSE-DDJH,5325,False
47323,NYSE-DDJH,5324,False
47323,NYSE-DDJH,5323,False
47323,NYSE-DDJH,5332,False
47323,NYSE-DDJH,5331,False
47323,NYSE-DDJH,5330,False
47323,NYSE-DDJH,5326,False
47323,NYSE-INA,5592,False
47323,NYSE-INA,5591,False
47323,NYSE-INA,5589,False
47323,NYSE-JNAF,5222,False
47323,NYSE-JNAF,5220,False
47323,NYSE-JNAF,5218,False
47323,NYSE-JNAF,5216,False
47323,NYSE-JNAF,5224,False
47323,NYSE-JNAF,5223,False
47323,NYSE-JNAF,5219,False
47323,NYSE-JNAF,5217,False
47323,NYSE-JNAF,5225,False
47323,NYSE-JNAF,5221,False
47323,NYSE-JZRO,5634,False
47323,NYSE-JZRO,5632,False
47323,NYSE-JZRO,5631,False
47323,NYSE-JZRO,5638,False
47323,NYSE-JZRO,5636,False
47323,NYSE-JZRO,5633,False
47323,NYSE-JZRO,5629,False
47323,NYSE-JZRO,5637,False
47323,NYSE-JZRO,5635,False
47323,NYSE-KRAS,5341,False
47323,NYSE-KTST,5420,False
47323,NYSE-KTST,5418,False
47323,NYSE-KTST,5414,False
47323,NYSE-KTST,5416,False
47323,NYSE-KTST,5421,False
47323,NYSE-KTST,5417,False
47323,NYSE-KTST,5412,False
47323,NYSE-KTST,5419,False
47323,NYSE-KTST,5413,False
47323,NYSE-KTST,5415,False
47323,NYSE-MDKA,5185,False
47323,NYSE-MDKA,5177,False
47323,NYSE-MDKA,5176,False
47323,NYSE-MDKA,5184,False
47323,NYSE-MDKA,5182,False
47323,NYSE-MDKA,5180,False
47323,NYSE-MDKA,5178,False
47323,NYSE-MDKA,5183,False
47323,NYSE-MDKA,5179,False
47323,NYSE-MDKA,5181,False
47323,NYSE-NGUP,5602,False
47323,NYSE-NGUP,5600,False
47323,NYSE-NGUP,5598,False
47323,NYSE-NGUP,5596,False
47323,NYSE-NGUP,5594,False
47323,NYSE-NGUP,5601,False
47323,NYSE-NGUP,5599,False
47323,NYSE-NGUP,5597,False
47323,NYSE-NGUP,5593,False
47323,NYSE-NGUP,5595,False
47323,NYSE-SIMP,5565,False
47323,NYSE-SIMP,5564,False
47323,NYSE-SIMP,5562,False
47323,NYSE-SIMP,5567,False
47323,NYSE-SIMP,5560,False
47323,NYSE-SIMP,5558,False
47323,NYSE-SIMP,5566,False
47323,NYSE-SIMP,5559,False
47323,NYSE-SIMP,5561,False
47323,NYSE-SIMP,5563,False
47324,NYSE-XFR,5274,False
47324,NYSE-XFR,5269,False
47324,NYSE-XFR,5267,False
47324,NYSE-XFR,5270,False
47324,NYSE-XFR,5272,False
47324,NYSE-XFR,5271,False
47324,NYSE-XFR,5273,False
47324,NYSE-XFR,5275,False
47324,NYSE-XFR,5266,False
47324,NYSE-XFR,5268,False
47324,NYSE-ZABA,5366,False
47324,NYSE-ZABA,5365,False
47324,NYSE-ZABA,5364,False
47324,NYSE-ZABA,5363,False
47324,NYSE-ZABA,5362,False
47324,NYSE-ZABA,5361,False
47423,NYSE-ETFA3,5312,False
47423,NYSE-ETFA3,5310,False
47423,NYSE-ETFA3,5308,False
47423,NYSE-ETFA3,5306,False
47423,NYSE-ETFA3,5313,False
47423,NYSE-ETFA3,5311,False
47423,NYSE-ETFA3,5309,False
47423,NYSE-ETFA3,5307,False
47423,NYSE-ETFA3,5305,False
47423,NYSE-ETFA3,5304,False
47423,NYSE-ETFA,5302,False
47423,NYSE-ETFA,5298,False
47423,NYSE-ETFA,5296,False
47423,NYSE-ETFA,5294,False
47423,NYSE-ETFA,5303,False
47423,NYSE-ETFA,5301,False
47423,NYSE-ETFA,5299,False
47423,NYSE-ETFA,5297,False
47423,NYSE-ETFA,5295,False
47423,NYSE-ETFA,5300,False
47423,NYSE-CARD,6093,False
47423,NYSE-CARD,6092,False
47423,NYSE-CARD,6091,False
47423,NYSE-CARD,6089,False
47423,NYSE-CARD,6088,False
47423,NYSE-CARD,6095,False
47423,NYSE-CARD,6087,False
47423,NYSE-CARD,6090,False
47423,NYSE-CARD,6096,False
47423,NYSE-CARD,6094,False
47423,NYSE-DDJH,5346,False
47423,NYSE-DDJH,5345,False
47423,NYSE-DDJH,5344,False
47423,NYSE-DDJH,5343,False
47423,NYSE-DDJH,5349,False
47423,NYSE-DDJH,5348,False
47423,NYSE-DDJH,5347,False
47423,NYSE-DDJH,5350,False
47423,NYSE-DDJH,5342,False
47423,NYSE-JNAF,5241,False
47423,NYSE-JNAF,5236,False
47423,NYSE-JNAF,5240,False
47423,NYSE-JNAF,5238,False
47423,NYSE-JNAF,5234,False
47423,NYSE-JNAF,5233,False
47423,NYSE-JNAF,5235,False
47423,NYSE-JNAF,5237,False
47423,NYSE-JNAF,5239,False
47423,NYSE-JNAF,5242,False
47424,NYSE-JZRO,5656,False
47424,NYSE-JZRO,5654,False
47424,NYSE-JZRO,5651,False
47424,NYSE-JZRO,5649,False
47424,NYSE-JZRO,5657,False
47424,NYSE-JZRO,5652,False
47424,NYSE-JZRO,5650,False
47424,NYSE-JZRO,5648,False
47424,NYSE-JZRO,5655,False
47424,NYSE-JZRO,5653,False
47424,NYSE-KRAS,5352,False
47424,NYSE-KTST,5437,False
47424,NYSE-KTST,5436,False
47424,NYSE-KTST,5435,False
47424,NYSE-KTST,5434,False
47424,NYSE-KTST,5433,False
47424,NYSE-KTST,5432,False
47424,NYSE-KTST,5430,False
47424,NYSE-KTST,5429,False
47424,NYSE-KTST,5428,False
47424,NYSE-KTST,5431,False
47424,NYSE-MDKA,5201,False
47424,NYSE-MDKA,5199,False
47424,NYSE-MDKA,5197,False
47424,NYSE-MDKA,5195,False
47424,NYSE-MDKA,5193,False
47424,NYSE-MDKA,5196,False
47424,NYSE-MDKA,5200,False
47424,NYSE-MDKA,5198,False
47424,NYSE-MDKA,5194,False
47424,NYSE-MDKA,5192,False
47424,NYSE-NGUP,5615,False
47424,NYSE-NGUP,5613,False
47424,NYSE-NGUP,5612,False
47424,NYSE-NGUP,5610,False
47424,NYSE-NGUP,5609,False
47424,NYSE-NGUP,5617,False
47424,NYSE-NGUP,5614,False
47424,NYSE-NGUP,5611,False
47424,NYSE-NGUP,5618,False
47424,NYSE-NGUP,5616,False
47424,NYSE-SIMP,5580,False
47424,NYSE-SIMP,5577,False
47424,NYSE-SIMP,5576,False
47424,NYSE-SIMP,5578,False
47424,NYSE-SIMP,5584,False
47424,NYSE-SIMP,5582,False
47424,NYSE-SIMP,5579,False
47424,NYSE-SIMP,5583,False
47424,NYSE-SIMP,5581,False
47424,NYSE-SIMP,5585,False
47424,NYSE-XFR,5290,False
47424,NYSE-XFR,5288,False
47424,NYSE-XFR,5286,False
47424,NYSE-XFR,5284,False
47424,NYSE-XFR,5293,False
47424,NYSE-XFR,5291,False
47424,NYSE-XFR,5292,False
47424,NYSE-XFR,5289,False
47424,NYSE-XFR,5285,False
47424,NYSE-XFR,5287,False
47424,NYSE-ZABA,5384,False
47424,NYSE-ZABA,5382,False
47424,NYSE-ZABA,5377,False
47424,NYSE-ZABA,5379,False
47424,NYSE-ZABA,5381,False
47424,NYSE-ZABA,5375,False
47424,NYSE-ZABA,5383,False
47523,NYSE-ETFA3,5322,False
47523,NYSE-ETFA3,5320,False
47523,NYSE-ETFA3,5318,False
47523,NYSE-ETFA3,5316,False
47523,NYSE-ETFA3,5321,False
47523,NYSE-ETFA3,5315,False
47523,NYSE-ETFA3,5319,False
47523,NYSE-ETFA3,5317,False
47523,NYSE-ETFA3,5324,False
47523,NYSE-ETFA3,5323,False
47523,NYSE-ETFA,5314,False
47523,NYSE-ETFA,5312,False
47523,NYSE-ETFA,5310,False
47523,NYSE-ETFA,5308,False
47523,NYSE-ETFA,5306,False
47523,NYSE-ETFA,5313,False
47523,NYSE-ETFA,5311,False
47523,NYSE-ETFA,5309,False
47523,NYSE-ETFA,5307,False
47523,NYSE-ETFA,5305,False
47523,NYSE-CARD,6106,False
47523,NYSE-CARD,6105,False
47523,NYSE-CARD,6103,False
47523,NYSE-CARD,6101,False
47523,NYSE-CARD,6099,False
47523,NYSE-CARD,6107,False
47523,NYSE-CARD,6098,False
47523,NYSE-CARD,6100,False
47523,NYSE-CARD,6102,False
47523,NYSE-CARD,6104,False
47523,NYSE-DDJH,5362,False
47523,NYSE-DDJH,5361,False
47523,NYSE-DDJH,5359,False
47523,NYSE-DDJH,5358,False
47523,NYSE-DDJH,5357,False
47523,NYSE-DDJH,5354,False
47523,NYSE-DDJH,5356,False
47523,NYSE-DDJH,5360,False
47523,NYSE-JNAF,5249,False
47523,NYSE-JNAF,5247,False
47523,NYSE-JNAF,5245,False
47523,NYSE-JNAF,5252,False
47523,NYSE-JNAF,5253,False
47523,NYSE-JNAF,5244,False
47523,NYSE-JNAF,5246,False
47523,NYSE-JNAF,5251,False
47523,NYSE-JNAF,5248,False
47523,NYSE-JNAF,5250,False
47524,NYSE-JZRO,5670,False
47524,NYSE-JZRO,5668,False
47524,NYSE-JZRO,5665,False
47524,NYSE-JZRO,5663,False
47524,NYSE-JZRO,5662,False
47524,NYSE-JZRO,5661,False
47524,NYSE-JZRO,5669,False
47524,NYSE-JZRO,5667,False
47524,NYSE-JZRO,5666,False
47524,NYSE-JZRO,5664,False
47524,NYSE-KRAS,4807,False
47524,NYSE-KRAS,4801,False
47524,NYSE-KRAS,4805,False
47524,NYSE-KRAS,4803,False
47524,NYSE-KRAS,5364,False
47524,NYSE-KTST,5449,False
47524,NYSE-KTST,5447,False
47524,NYSE-KTST,5443,False
47524,NYSE-KTST,5442,False
47524,NYSE-KTST,5441,False
47524,NYSE-KTST,5445,False
47524,NYSE-KTST,5450,False
47524,NYSE-KTST,5446,False
47524,NYSE-KTST,5448,False
47524,NYSE-KTST,5444,False
47524,NYSE-MDKA,5214,False
47524,NYSE-MDKA,5212,False
47524,NYSE-MDKA,5210,False
47524,NYSE-MDKA,5209,False
47524,NYSE-MDKA,5207,False
47524,NYSE-MDKA,5205,False
47524,NYSE-MDKA,5211,False
47524,NYSE-MDKA,5208,False
47524,NYSE-MDKA,5213,False
47524,NYSE-MDKA,5206,False
47524,NYSE-NGUP,5628,False
47524,NYSE-NGUP,5626,False
47524,NYSE-NGUP,5624,False
47524,NYSE-NGUP,5623,False
47524,NYSE-NGUP,5621,False
47524,NYSE-NGUP,5630,False
47524,NYSE-NGUP,5629,False
47524,NYSE-NGUP,5625,False
47524,NYSE-NGUP,5627,False
47524,NYSE-SIMP,5596,False
47524,NYSE-SIMP,5594,False
47524,NYSE-SIMP,5592,False
47524,NYSE-SIMP,5590,False
47524,NYSE-SIMP,5588,False
47524,NYSE-SIMP,5597,False
47524,NYSE-SIMP,5591,False
47524,NYSE-SIMP,5593,False
47524,NYSE-SIMP,5595,False
47524,NYSE-SIMP,5589,False
47524,NYSE-XFR,5303,False
47524,NYSE-XFR,5301,False
47524,NYSE-XFR,5300,False
47524,NYSE-XFR,5298,False
47524,NYSE-XFR,5304,False
47524,NYSE-XFR,5302,False
47524,NYSE-XFR,5296,False
47524,NYSE-XFR,5297,False
47524,NYSE-XFR,5299,False
47524,NYSE-XFR,5295,False
47524,NYSE-ZABA,5394,False
47524,NYSE-ZABA,5391,False
47524,NYSE-ZABA,5389,False
47524,NYSE-ZABA,5387,False
47524,NYSE-ZABA,5393,False
47592,NYSE-JNAF,5267,False
47592,NYSE-JNAF,5268,False
47592,NYSE-DDJH,5376,False
47592,NYSE-INA,5643,False
47623,NYSE-ETFA3,5334,False
47623,NYSE-ETFA3,5332,False
47623,NYSE-ETFA3,5330,False
47623,NYSE-ETFA3,5328,False
47623,NYSE-ETFA3,5335,False
47623,NYSE-ETFA3,5327,False
47623,NYSE-ETFA3,5331,False
47623,NYSE-ETFA3,5329,False
47623,NYSE-ETFA3,5336,False
47623,NYSE-ETFA3,5333,False
47623,NYSE-ETFA,5326,False
47623,NYSE-ETFA,5322,False
47623,NYSE-ETFA,5320,False
47623,NYSE-ETFA,5318,False
47623,NYSE-ETFA,5325,False
47623,NYSE-ETFA,5321,False
47623,NYSE-ETFA,5319,False
47623,NYSE-ETFA,5317,False
47623,NYSE-ETFA,5324,False
47623,NYSE-ETFA,5323,False
47623,NYSE-CARD,6119,False
47623,NYSE-CARD,6118,False
47623,NYSE-CARD,6117,False
47623,NYSE-CARD,6116,False
47623,NYSE-CARD,6115,False
47623,NYSE-CARD,6113,False
47623,NYSE-CARD,6111,False
47623,NYSE-CARD,6114,False
47623,NYSE-CARD,6112,False
47623,NYSE-CARD,6110,False
47623,NYSE-DDJH,5374,False
47623,NYSE-DDJH,5371,False
47623,NYSE-DDJH,5369,False
47623,NYSE-DDJH,5368,False
47623,NYSE-DDJH,5367,False
47623,NYSE-DDJH,5366,False
47623,NYSE-DDJH,5373,False
47623,NYSE-DDJH,5375,False
47623,NYSE-DDJH,5370,False
47623,NYSE-DDJH,5372,False
47623,NYSE-JNAF,5262,False
47623,NYSE-JNAF,5260,False
47623,NYSE-JNAF,5258,False
47623,NYSE-JNAF,5264,False
47623,NYSE-JNAF,5263,False
47623,NYSE-JNAF,5265,False
47623,NYSE-JNAF,5261,False
47623,NYSE-JNAF,5257,False
47623,NYSE-JNAF,5259,False
47623,NYSE-JNAF,5266,False
47623,NYSE-JZRO,5683,False
47623,NYSE-JZRO,5681,False
47623,NYSE-JZRO,5679,False
47623,NYSE-JZRO,5677,False
47623,NYSE-JZRO,5674,False
47623,NYSE-JZRO,5675,False
47623,NYSE-JZRO,5682,False
47623,NYSE-JZRO,5680,False
47623,NYSE-JZRO,5678,False
47623,NYSE-JZRO,5676,False
47623,NYSE-KRAS,5376,False
47624,NYSE-KTST,5463,False
47624,NYSE-KTST,5462,False
47624,NYSE-KTST,5457,False
47624,NYSE-KTST,5461,False
47624,NYSE-KTST,5459,False
47624,NYSE-KTST,5455,False
47624,NYSE-KTST,5456,False
47624,NYSE-KTST,5454,False
47624,NYSE-KTST,5460,False
47624,NYSE-KTST,5458,False
47624,NYSE-MDKA,5226,False
47624,NYSE-MDKA,5222,False
47624,NYSE-MDKA,5220,False
47624,NYSE-MDKA,5218,False
47624,NYSE-MDKA,5224,False
47624,NYSE-MDKA,5223,False
47624,NYSE-MDKA,5219,False
47624,NYSE-MDKA,5217,False
47624,NYSE-MDKA,5225,False
47624,NYSE-MDKA,5221,False
47624,NYSE-NGUP,5640,False
47624,NYSE-NGUP,5638,False
47624,NYSE-NGUP,5636,False
47624,NYSE-NGUP,5634,False
47624,NYSE-NGUP,5633,False
47624,NYSE-NGUP,5641,False
47624,NYSE-NGUP,5637,False
47624,NYSE-NGUP,5635,False
47624,NYSE-NGUP,5639,False
47624,NYSE-NGUP,5642,False
47624,NYSE-SIMP,5609,False
47624,NYSE-SIMP,5607,False
47624,NYSE-SIMP,5605,False
47624,NYSE-SIMP,5603,False
47624,NYSE-SIMP,5602,False
47624,NYSE-SIMP,5600,False
47624,NYSE-SIMP,5608,False
47624,NYSE-SIMP,5606,False
47624,NYSE-SIMP,5601,False
47624,NYSE-SIMP,5604,False
47624,NYSE-XFR,5315,False
47624,NYSE-XFR,5313,False
47624,NYSE-XFR,5311,False
47624,NYSE-XFR,5310,False
47624,NYSE-XFR,5308,False
47624,NYSE-XFR,5307,False
47624,NYSE-XFR,5316,False
47624,NYSE-XFR,5309,False
47624,NYSE-XFR,5314,False
47624,NYSE-XFR,5312,False
47624,NYSE-ZABA,5407,False
47624,NYSE-ZABA,5406,False
47624,NYSE-ZABA,5405,False
47624,NYSE-ZABA,5400,False
47624,NYSE-ZABA,5398,False
47624,NYSE-ZABA,5403,False
47624,NYSE-ZABA,5402,False
47624,NYSE-ZABA,5404,False
47624,NYSE-ZABA,5401,False
47624,NYSE-ZABA,5399,False
47647,NYSE-NGUP,5656,False
47647,NYSE-SIMP,5621,False
47647,NYSE-ZABA,5418,False
47723,NYSE-ETFA3,5346,False
47723,NYSE-ETFA3,5344,False
47723,NYSE-ETFA3,5342,False
47723,NYSE-ETFA3,5338,False
47723,NYSE-ETFA3,5339,False
47723,NYSE-ETFA3,5341,False
47723,NYSE-ETFA3,5345,False
47723,NYSE-ETFA3,5347,False
47723,NYSE-ETFA3,5343,False
47723,NYSE-ETFA3,5340,False
47723,NYSE-ETFA,5334,False
47723,NYSE-ETFA,5332,False
47723,NYSE-ETFA,5330,False
47723,NYSE-ETFA,5328,False
47723,NYSE-ETFA,5335,False
47723,NYSE-ETFA,5327,False
47723,NYSE-ETFA,5331,False
47723,NYSE-ETFA,5329,False
47723,NYSE-ETFA,5336,False
47723,NYSE-ETFA,5333,False
47723,NYSE-CARD,6129,False
47723,NYSE-CARD,6121,False
47723,NYSE-CARD,6127,False
47723,NYSE-CARD,6125,False
47723,NYSE-CARD,6123,False
47723,NYSE-CARD,6120,False
47723,NYSE-CARD,6124,False
47723,NYSE-CARD,6122,False
47723,NYSE-CARD,6126,False
47723,NYSE-CARD,6128,False
47723,NYSE-DDJH,5384,False
47723,NYSE-DDJH,5382,False
47723,NYSE-DDJH,5380,False
47723,NYSE-DDJH,5378,False
47723,NYSE-DDJH,5379,False
47723,NYSE-DDJH,5381,False
47723,NYSE-DDJH,5383,False
47723,NYSE-DDJH,5385,False
47723,NYSE-JNAF,5278,False
47723,NYSE-JNAF,5276,False
47723,NYSE-JNAF,5274,False
47723,NYSE-JNAF,5270,False
47723,NYSE-JNAF,5272,False
47723,NYSE-JNAF,5271,False
47723,NYSE-JNAF,5273,False
47723,NYSE-JNAF,5275,False
47723,NYSE-JNAF,5277,False
47723,NYSE-JNAF,5279,False
47723,NYSE-JZRO,5691,False
47723,NYSE-JZRO,5689,False
47723,NYSE-JZRO,5687,False
47723,NYSE-JZRO,5685,False
47723,NYSE-JZRO,5692,False
47723,NYSE-JZRO,5684,False
47723,NYSE-JZRO,5688,False
47723,NYSE-JZRO,5686,False
47723,NYSE-JZRO,5693,False
47723,NYSE-JZRO,5690,False
47723,NYSE-KRAS,5387,False
47723,NYSE-KTST,5473,False
47723,NYSE-KTST,5471,False
47723,NYSE-KTST,5469,False
47723,NYSE-KTST,5467,False
47723,NYSE-KTST,5465,False
47723,NYSE-KTST,5464,False
47723,NYSE-KTST,5472,False
47723,NYSE-KTST,5468,False
47723,NYSE-KTST,5470,False
47723,NYSE-KTST,5466,False
47723,NYSE-MDKA,5236,False
47723,NYSE-MDKA,5229,False
47723,NYSE-MDKA,5230,False
47723,NYSE-MDKA,5228,False
47723,NYSE-MDKA,5234,False
47723,NYSE-MDKA,5232,False
47723,NYSE-MDKA,5233,False
47723,NYSE-MDKA,5231,False
47723,NYSE-MDKA,5227,False
47723,NYSE-MDKA,5235,False
47724,NYSE-NGUP,5654,False
47724,NYSE-NGUP,5651,False
47724,NYSE-NGUP,5649,False
47724,NYSE-NGUP,5647,False
47724,NYSE-NGUP,5645,False
47724,NYSE-NGUP,5652,False
47724,NYSE-NGUP,5650,False
47724,NYSE-NGUP,5648,False
47724,NYSE-NGUP,5653,False
47724,NYSE-SIMP,5615,False
47724,NYSE-SIMP,5613,False
47724,NYSE-SIMP,5612,False
47724,NYSE-SIMP,5619,False
47724,NYSE-SIMP,5617,False
47724,NYSE-SIMP,5614,False
47724,NYSE-SIMP,5620,False
47724,NYSE-SIMP,5618,False
47724,NYSE-SIMP,5616,False
47724,NYSE-XFR,5325,False
47724,NYSE-XFR,5324,False
47724,NYSE-XFR,5323,False
47724,NYSE-XFR,5321,False
47724,NYSE-XFR,5319,False
47724,NYSE-XFR,5317,False
47724,NYSE-XFR,5326,False
47724,NYSE-XFR,5320,False
47724,NYSE-XFR,5318,False
47724,NYSE-XFR,5322,False
47724,NYSE-ZABA,5416,False
47724,NYSE-ZABA,5414,False
47724,NYSE-ZABA,5410,False
47724,NYSE-ZABA,5409,False
47724,NYSE-ZABA,5408,False
47724,NYSE-ZABA,5411,False
47724,NYSE-ZABA,5417,False
47724,NYSE-ZABA,5412,False
47724,NYSE-ZABA,5413,False
47724,NYSE-ZABA,5415,False
47745,NYSE-KRAS,4824,False
47745,NYSE-KRAS,4828,False
47745,NYSE-KRAS,4826,False
47745,NYSE-KRAS,5407,False
47745,NYSE-CARD,6141,False
47745,NYSE-NGUP,5667,False
47745,NYSE-SIMP,5633,False
47745,NYSE-KRAS,5408,False
47745,NYSE-CARD,6142,False
47745,NYSE-NGUP,5669,False
47745,NYSE-NGUP,5671,False
47762,NYSE-CARD,6143,False
47762,NYSE-NGUP,5672,False
47762,NYSE-NGUP,5673,False
47822,NYSE-ETFA3,5356,False
47823,NYSE-ETFA3,5354,False
47823,NYSE-ETFA3,5352,False
47823,NYSE-ETFA3,5351,False
47823,NYSE-ETFA3,5357,False
47823,NYSE-ETFA3,5355,False
47823,NYSE-ETFA3,5353,False
47823,NYSE-ETFA3,5349,False
47823,NYSE-ETFA3,5348,False
47823,NYSE-ETFA3,5350,False
47823,NYSE-ETFA,5346,False
47823,NYSE-ETFA,5344,False
47823,NYSE-ETFA,5342,False
47823,NYSE-ETFA,5338,False
47823,NYSE-ETFA,5339,False
47823,NYSE-ETFA,5341,False
47823,NYSE-ETFA,5345,False
47823,NYSE-ETFA,5347,False
47823,NYSE-ETFA,5343,False
47823,NYSE-ETFA,5340,False
47823,NYSE-CARD,6139,False
47823,NYSE-CARD,6137,False
47823,NYSE-CARD,6135,False
47823,NYSE-CARD,6133,False
47823,NYSE-CARD,6131,False
47823,NYSE-CARD,6140,False
47823,NYSE-CARD,6138,False
47823,NYSE-CARD,6132,False
47823,NYSE-CARD,6134,False
47823,NYSE-CARD,6136,False
47823,NYSE-DDJH,5396,False
47823,NYSE-DDJH,5394,False
47823,NYSE-DDJH,5391,False
47823,NYSE-DDJH,5389,False
47823,NYSE-DDJH,5395,False
47823,NYSE-DDJH,5393,False
47823,NYSE-INA,5667,False
47823,NYSE-JNAF,5290,False
47823,NYSE-JNAF,5288,False
47823,NYSE-JNAF,5286,False
47823,NYSE-JNAF,5284,False
47823,NYSE-JNAF,5281,False
47823,NYSE-JNAF,5283,False
47823,NYSE-JNAF,5282,False
47823,NYSE-JNAF,5289,False
47823,NYSE-JNAF,5285,False
47823,NYSE-JNAF,5287,False
47823,NYSE-JZRO,5701,False
47823,NYSE-JZRO,5697,False
47823,NYSE-JZRO,5696,False
47823,NYSE-JZRO,5699,False
47823,NYSE-JZRO,5703,False
47823,NYSE-JZRO,5700,False
47823,NYSE-JZRO,5698,False
47823,NYSE-JZRO,5704,False
47823,NYSE-JZRO,5702,False
47823,NYSE-JZRO,5695,False
47823,NYSE-KRAS,5398,False
47823,NYSE-KRAS,5397,False
47824,NYSE-KRAS,4840,False
47824,NYSE-KRAS,4842,False
47824,NYSE-KRAS,4838,False
47824,NYSE-KTST,5483,False
47824,NYSE-KTST,5481,False
47824,NYSE-KTST,5479,False
47824,NYSE-KTST,5475,False
47824,NYSE-KTST,5484,False
47824,NYSE-KTST,5480,False
47824,NYSE-KTST,5476,False
47824,NYSE-KTST,5477,False
47824,NYSE-KTST,5482,False
47824,NYSE-KTST,5478,False
47824,NYSE-MDKA,5245,False
47824,NYSE-MDKA,5243,False
47824,NYSE-MDKA,5241,False
47824,NYSE-MDKA,5240,False
47824,NYSE-MDKA,5238,False
47824,NYSE-MDKA,5237,False
47824,NYSE-MDKA,5239,False
47824,NYSE-MDKA,5242,False
47824,NYSE-MDKA,5244,False
47824,NYSE-MDKA,5246,False
47824,NYSE-NGUP,5665,False
47824,NYSE-NGUP,5663,False
47824,NYSE-NGUP,5662,False
47824,NYSE-NGUP,5661,False
47824,NYSE-NGUP,5659,False
47824,NYSE-NGUP,5666,False
47824,NYSE-NGUP,5657,False
47824,NYSE-NGUP,5660,False
47824,NYSE-NGUP,5664,False
47824,NYSE-SIMP,5632,False
47824,NYSE-SIMP,5631,False
47824,NYSE-SIMP,5628,False
47824,NYSE-SIMP,5626,False
47824,NYSE-SIMP,5624,False
47824,NYSE-SIMP,5623,False
47824,NYSE-SIMP,5630,False
47824,NYSE-SIMP,5629,False
47824,NYSE-SIMP,5625,False
47824,NYSE-SIMP,5627,False
47824,NYSE-XFR,5336,False
47824,NYSE-XFR,5335,False
47824,NYSE-XFR,5334,False
47824,NYSE-XFR,5333,False
47824,NYSE-XFR,5332,False
47824,NYSE-XFR,5331,False
47824,NYSE-XFR,5330,False
47824,NYSE-XFR,5329,False
47824,NYSE-XFR,5328,False
47824,NYSE-XFR,5337,False
47824,NYSE-ZABA,5428,False
47824,NYSE-ZABA,5425,False
47824,NYSE-ZABA,5423,False
47824,NYSE-ZABA,5427,False
47824,NYSE-ZABA,5421,False
47824,NYSE-ZABA,5419,False
47910,NYSE-KTST,5474,False
47910,NYSE-DDJH,5388,False
47910,NYSE-ETFA,5337,False
47910,NYSE-INA,5656,False
47910,NYSE-JZRO,5694,False
47910,NYSE-JNAF,5280,False
47910,NYSE-KRAS,5396,False
47910,NYSE-XFR,5338,False
47922,NYSE-ETFA3,5366,False
47922,NYSE-ETFA3,5364,False
47922,NYSE-ETFA3,5363,False
47923,NYSE-ETFA3,5362,False
47923,NYSE-ETFA3,5360,False
47923,NYSE-ETFA3,5361,False
47923,NYSE-ETFA3,5365,False
47923,NYSE-ETFA3,5359,False
47923,NYSE-ETFA3,5367,False
47923,NYSE-ETFA3,5358,False
47923,NYSE-ETFA,5356,False
47923,NYSE-ETFA,5354,False
47923,NYSE-ETFA,5352,False
47923,NYSE-ETFA,5351,False
47923,NYSE-ETFA,5357,False
47923,NYSE-ETFA,5355,False
47923,NYSE-ETFA,5353,False
47923,NYSE-ETFA,5349,False
47923,NYSE-ETFA,5348,False
47923,NYSE-ETFA,5350,False
47923,NYSE-CARD,6153,False
47923,NYSE-CARD,6151,False
47923,NYSE-CARD,6150,False
47923,NYSE-CARD,6148,False
47923,NYSE-CARD,6146,False
47923,NYSE-CARD,6144,False
47923,NYSE-CARD,6152,False
47923,NYSE-CARD,6149,False
47923,NYSE-CARD,6147,False
47923,NYSE-CARD,6145,False
47923,NYSE-DDJH,5408,False
47923,NYSE-DDJH,5407,False
47923,NYSE-DDJH,5406,False
47923,NYSE-DDJH,5405,False
47923,NYSE-DDJH,5400,False
47923,NYSE-DDJH,5403,False
47923,NYSE-DDJH,5402,False
47923,NYSE-DDJH,5404,False
47923,NYSE-INA,5672,False
47923,NYSE-INA,5670,False
47923,NYSE-INA,5668,False
47923,NYSE-INA,5673,False
47923,NYSE-INA,5671,False
47923,NYSE-INA,5669,False
47923,NYSE-JNAF,5300,False
47923,NYSE-JNAF,5298,False
47923,NYSE-JNAF,5293,False
47923,NYSE-JNAF,5291,False
47923,NYSE-JNAF,5292,False
47923,NYSE-JNAF,5296,False
47923,NYSE-JNAF,5294,False
47923,NYSE-JNAF,5297,False
47923,NYSE-JNAF,5299,False
47923,NYSE-JNAF,5295,False
47923,NYSE-JZRO,5714,False
47923,NYSE-JZRO,5713,False
47923,NYSE-JZRO,5712,False
47923,NYSE-JZRO,5710,False
47923,NYSE-JZRO,5708,False
47923,NYSE-JZRO,5707,False
47923,NYSE-JZRO,5705,False
47923,NYSE-JZRO,5711,False
47923,NYSE-JZRO,5706,False
47923,NYSE-JZRO,5709,False
47923,NYSE-KTST,5493,False
47923,NYSE-KTST,5491,False
47923,NYSE-KTST,5487,False
47923,NYSE-KTST,5485,False
47923,NYSE-KTST,5490,False
47923,NYSE-KTST,5488,False
47923,NYSE-KTST,5489,False
47923,NYSE-KTST,5492,False
47923,NYSE-KTST,5494,False
47923,NYSE-KTST,5486,False
47924,NYSE-MDKA,5249,False
47924,NYSE-MDKA,5247,False
47924,NYSE-MDKA,5256,False
47924,NYSE-MDKA,5254,False
47924,NYSE-MDKA,5252,False
47924,NYSE-MDKA,5253,False
47924,NYSE-MDKA,5251,False
47924,NYSE-MDKA,5255,False
47924,NYSE-MDKA,5248,False
47924,NYSE-MDKA,5250,False
47924,NYSE-NGUP,5677,False
47924,NYSE-NGUP,5675,False
47924,NYSE-SIMP,5643,False
47924,NYSE-SIMP,5640,False
47924,NYSE-SIMP,5638,False
47924,NYSE-SIMP,5636,False
47924,NYSE-SIMP,5634,False
47924,NYSE-SIMP,5641,False
47924,NYSE-SIMP,5637,False
47924,NYSE-SIMP,5635,False
47924,NYSE-SIMP,5639,False
47924,NYSE-SIMP,5642,False
47924,NYSE-XFR,5348,False
47924,NYSE-XFR,5347,False
47924,NYSE-XFR,5346,False
47924,NYSE-XFR,5345,False
47924,NYSE-XFR,5344,False
47924,NYSE-XFR,5343,False
47924,NYSE-XFR,5339,False
47924,NYSE-XFR,5341,False
47924,NYSE-XFR,5340,False
47924,NYSE-XFR,5342,False
47924,NYSE-ZABA,5437,False
47924,NYSE-ZABA,5435,False
47924,NYSE-ZABA,5433,False
47924,NYSE-ZABA,5439,False
47924,NYSE-ZABA,5431,False
47928,NYSE-INA,5688,False
47928,NYSE-JNAF,5312,False
47928,NYSE-JZRO,5725,False
48010,NYSE-KRAS,4849,False
48010,NYSE-KRAS,4847,False
48010,NYSE-KRAS,4845,False
48010,NYSE-KRAS,4851,False
48010,NYSE-KRAS,4853,False
48023,NYSE-ETFA3,5377,False
48023,NYSE-ETFA3,5376,False
48023,NYSE-ETFA3,5375,False
48023,NYSE-ETFA3,5374,False
48023,NYSE-ETFA3,5373,False
48023,NYSE-ETFA3,5372,False
48023,NYSE-ETFA3,5370,False
48023,NYSE-ETFA3,5368,False
48023,NYSE-ETFA3,5371,False
48023,NYSE-ETFA3,5369,False
48023,NYSE-ETFA,5366,False
48023,NYSE-ETFA,5364,False
48023,NYSE-ETFA,5363,False
48023,NYSE-ETFA,5362,False
48023,NYSE-ETFA,5360,False
48023,NYSE-ETFA,5361,False
48023,NYSE-ETFA,5365,False
48023,NYSE-ETFA,5359,False
48023,NYSE-ETFA,5367,False
48023,NYSE-ETFA,5358,False
48023,NYSE-CARD,6162,False
48023,NYSE-CARD,6156,False
48023,NYSE-CARD,6154,False
48023,NYSE-CARD,6160,False
48023,NYSE-CARD,6158,False
48023,NYSE-CARD,6155,False
48023,NYSE-CARD,6163,False
48023,NYSE-CARD,6161,False
48023,NYSE-CARD,6159,False
48023,NYSE-CARD,6157,False
48023,NYSE-DDJH,5418,False
48023,NYSE-DDJH,5416,False
48023,NYSE-DDJH,5414,False
48023,NYSE-DDJH,5411,False
48023,NYSE-DDJH,5410,False
48023,NYSE-DDJH,5409,False
48023,NYSE-DDJH,5417,False
48023,NYSE-DDJH,5412,False
48023,NYSE-DDJH,5413,False
48023,NYSE-DDJH,5415,False
48023,NYSE-INA,5683,False
48023,NYSE-INA,5681,False
48023,NYSE-INA,5679,False
48023,NYSE-JNAF,5310,False
48023,NYSE-JNAF,5309,False
48023,NYSE-JNAF,5308,False
48023,NYSE-JNAF,5307,False
48023,NYSE-JNAF,5306,False
48023,NYSE-JNAF,5303,False
48023,NYSE-JNAF,5301,False
48023,NYSE-JNAF,5304,False
48023,NYSE-JNAF,5302,False
48023,NYSE-JNAF,5305,False
48023,NYSE-JZRO,5718,False
48023,NYSE-JZRO,5717,False
48023,NYSE-JZRO,5716,False
48023,NYSE-JZRO,5715,False
48023,NYSE-JZRO,5723,False
48023,NYSE-JZRO,5721,False
48023,NYSE-JZRO,5719,False
48023,NYSE-JZRO,5724,False
48023,NYSE-JZRO,5720,False
48023,NYSE-JZRO,5722,False
48024,NYSE-KRAS,4861,False
48024,NYSE-KRAS,4865,False
48024,NYSE-KRAS,4863,False
48024,NYSE-KRAS,5419,False
48024,NYSE-KTST,5504,False
48024,NYSE-KTST,5498,False
48024,NYSE-KTST,5497,False
48024,NYSE-KTST,5496,False
48024,NYSE-KTST,5502,False
48024,NYSE-KTST,5500,False
48024,NYSE-KTST,5495,False
48024,NYSE-KTST,5499,False
48024,NYSE-KTST,5501,False
48024,NYSE-KTST,5503,False
48024,NYSE-MDKA,5262,False
48024,NYSE-MDKA,5260,False
48024,NYSE-MDKA,5258,False
48024,NYSE-MDKA,5264,False
48024,NYSE-MDKA,5263,False
48024,NYSE-MDKA,5265,False
48024,NYSE-MDKA,5261,False
48024,NYSE-MDKA,5257,False
48024,NYSE-MDKA,5259,False
48024,NYSE-MDKA,5266,False
48024,NYSE-NGUP,5689,False
48024,NYSE-NGUP,5687,False
48024,NYSE-NGUP,5685,False
48024,NYSE-SIMP,5656,False
48024,NYSE-SIMP,5654,False
48024,NYSE-SIMP,5651,False
48024,NYSE-SIMP,5649,False
48024,NYSE-SIMP,5647,False
48024,NYSE-SIMP,5652,False
48024,NYSE-SIMP,5650,False
48024,NYSE-SIMP,5648,False
48024,NYSE-SIMP,5655,False
48024,NYSE-SIMP,5653,False
48024,NYSE-XFR,5359,False
48024,NYSE-XFR,5358,False
48024,NYSE-XFR,5357,False
48024,NYSE-XFR,5354,False
48024,NYSE-XFR,5352,False
48024,NYSE-XFR,5353,False
48024,NYSE-XFR,5351,False
48024,NYSE-XFR,5355,False
48024,NYSE-XFR,5356,False
48024,NYSE-XFR,5360,False
48024,NYSE-ZABA,4856,False
48024,NYSE-ZABA,5451,False
48024,NYSE-ZABA,5449,False
48024,NYSE-ZABA,5447,False
48024,NYSE-ZABA,5443,False
48024,NYSE-ZABA,5445,False
48123,NYSE-ETFA3,5389,False
48123,NYSE-ETFA3,5388,False
48123,NYSE-ETFA3,5387,False
48123,NYSE-ETFA3,5386,False
48123,NYSE-ETFA3,5384,False
48123,NYSE-ETFA3,5383,False
48123,NYSE-ETFA3,5381,False
48123,NYSE-ETFA3,5385,False
48123,NYSE-ETFA3,5382,False
48123,NYSE-ETFA,5379,False
48123,NYSE-ETFA,5378,False
48123,NYSE-ETFA,5377,False
48123,NYSE-ETFA,5376,False
48123,NYSE-ETFA,5375,False
48123,NYSE-ETFA,5374,False
48123,NYSE-ETFA,5373,False
48123,NYSE-ETFA,5372,False
48123,NYSE-ETFA,5380,False
48123,NYSE-ETFA,5371,False
48123,NYSE-CARD,6175,False
48123,NYSE-CARD,6173,False
48123,NYSE-CARD,6172,False
48123,NYSE-CARD,6169,False
48123,NYSE-CARD,6167,False
48123,NYSE-CARD,6174,False
48123,NYSE-CARD,6171,False
48123,NYSE-CARD,6170,False
48123,NYSE-CARD,6166,False
48123,NYSE-CARD,6168,False
48123,NYSE-DDJH,5428,False
48123,NYSE-DDJH,5425,False
48123,NYSE-DDJH,5423,False
48123,NYSE-DDJH,5426,False
48123,NYSE-DDJH,5424,False
48123,NYSE-DDJH,5427,False
48123,NYSE-DDJH,5421,False
48123,NYSE-DDJH,5422,False
48123,NYSE-INA,5694,False
48123,NYSE-INA,5692,False
48124,NYSE-JNAF,5324,False
48124,NYSE-JNAF,5323,False
48124,NYSE-JNAF,5321,False
48124,NYSE-JNAF,5319,False
48124,NYSE-JNAF,5317,False
48124,NYSE-JNAF,5316,False
48124,NYSE-JNAF,5315,False
48124,NYSE-JNAF,5320,False
48124,NYSE-JNAF,5318,False
48124,NYSE-JNAF,5322,False
48124,NYSE-JZRO,5738,False
48124,NYSE-JZRO,5736,False
48124,NYSE-JZRO,5734,False
48124,NYSE-JZRO,5732,False
48124,NYSE-JZRO,5730,False
48124,NYSE-JZRO,5737,False
48124,NYSE-JZRO,5735,False
48124,NYSE-JZRO,5733,False
48124,NYSE-JZRO,5729,False
48124,NYSE-JZRO,5731,False
48124,NYSE-KRAS,4873,False
48124,NYSE-KRAS,4871,False
48124,NYSE-KRAS,4875,False
48124,NYSE-KRAS,5433,False
48124,NYSE-KRAS,5429,False
48124,NYSE-KRAS,5432,False
48124,NYSE-KRAS,5431,False
48124,NYSE-KTST,5513,False
48124,NYSE-KTST,5511,False
48124,NYSE-KTST,5508,False
48124,NYSE-KTST,5509,False
48124,NYSE-KTST,5515,False
48124,NYSE-KTST,5510,False
48124,NYSE-KTST,5514,False
48124,NYSE-KTST,5516,False
48124,NYSE-KTST,5512,False
48124,NYSE-KTST,5507,False
48124,NYSE-MDKA,5278,False
48124,NYSE-MDKA,5276,False
48124,NYSE-MDKA,5274,False
48124,NYSE-MDKA,5270,False
48124,NYSE-MDKA,5272,False
48124,NYSE-MDKA,5271,False
48124,NYSE-MDKA,5273,False
48124,NYSE-MDKA,5275,False
48124,NYSE-MDKA,5277,False
48124,NYSE-MDKA,5279,False
48124,NYSE-NGUP,5701,False
48124,NYSE-NGUP,5699,False
48124,NYSE-NGUP,5697,False
48124,NYSE-NGUP,5696,False
48124,NYSE-NGUP,5703,False
48124,NYSE-NGUP,5700,False
48124,NYSE-NGUP,5698,False
48124,NYSE-NGUP,5702,False
48124,NYSE-SIMP,5665,False
48124,NYSE-SIMP,5663,False
48124,NYSE-SIMP,5662,False
48124,NYSE-SIMP,5661,False
48124,NYSE-SIMP,5659,False
48124,NYSE-SIMP,5658,False
48124,NYSE-SIMP,5667,False
48124,NYSE-SIMP,5666,False
48124,NYSE-SIMP,5660,False
48124,NYSE-SIMP,5664,False
48124,NYSE-XFR,5369,False
48124,NYSE-XFR,5368,False
48124,NYSE-XFR,5367,False
48124,NYSE-XFR,5366,False
48124,NYSE-XFR,5364,False
48124,NYSE-XFR,5363,False
48124,NYSE-XFR,5362,False
48124,NYSE-XFR,5361,False
48124,NYSE-XFR,5365,False
48124,NYSE-XFR,5370,False
48124,NYSE-ZABA,5457,False
48124,NYSE-ZABA,5453,False
48124,NYSE-ZABA,5461,False
48124,NYSE-ZABA,5459,False
48124,NYSE-ZABA,5455,False
48172,NYSE-ZABA,4866,False
48222,NYSE-ETFA3,5399,False
48222,NYSE-ETFA3,5398,False
48222,NYSE-ETFA3,5397,False
48222,NYSE-ETFA3,5395,False
48222,NYSE-ETFA3,5396,False
48222,NYSE-ETFA3,5394,False
48222,NYSE-ETFA3,5401,False
48223,NYSE-ETFA3,5402,False
48223,NYSE-ETFA3,5400,False
48223,NYSE-ETFA,5391,False
48223,NYSE-ETFA,5389,False
48223,NYSE-ETFA,5388,False
48223,NYSE-ETFA,5387,False
48223,NYSE-ETFA,5386,False
48223,NYSE-ETFA,5384,False
48223,NYSE-ETFA,5393,False
48223,NYSE-ETFA,5392,False
48223,NYSE-ETFA,5385,False
48223,NYSE-ETFA,5390,False
48223,NYSE-CARD,6188,False
48223,NYSE-CARD,6186,False
48223,NYSE-CARD,6184,False
48223,NYSE-CARD,6181,False
48223,NYSE-CARD,6179,False
48223,NYSE-CARD,6187,False
48223,NYSE-CARD,6182,False
48223,NYSE-CARD,6180,False
48223,NYSE-CARD,6183,False
48223,NYSE-CARD,6185,False
48223,NYSE-DDJH,5438,False
48223,NYSE-DDJH,5436,False
48223,NYSE-DDJH,5434,False
48223,NYSE-INA,5707,False
48223,NYSE-INA,5705,False
48223,NYSE-INA,5709,False
48223,NYSE-JNAF,5336,False
48223,NYSE-JNAF,5335,False
48223,NYSE-JNAF,5334,False
48223,NYSE-JNAF,5333,False
48223,NYSE-JNAF,5332,False
48223,NYSE-JNAF,5331,False
48223,NYSE-JNAF,5330,False
48223,NYSE-JNAF,5329,False
48223,NYSE-JNAF,5328,False
48223,NYSE-JNAF,5327,False
48223,NYSE-JZRO,5751,False
48223,NYSE-JZRO,5750,False
48223,NYSE-JZRO,5748,False
48223,NYSE-JZRO,5746,False
48223,NYSE-JZRO,5744,False
48223,NYSE-JZRO,5752,False
48223,NYSE-JZRO,5749,False
48223,NYSE-JZRO,5747,False
48223,NYSE-JZRO,5745,False
48223,NYSE-JZRO,5743,False
48223,NYSE-KRAS,5442,False
48223,NYSE-KRAS,5440,False
48223,NYSE-KRAS,5446,False
48223,NYSE-KRAS,5444,False
48223,NYSE-KTST,5527,False
48223,NYSE-KTST,5525,False
48223,NYSE-KTST,5523,False
48223,NYSE-KTST,5521,False
48223,NYSE-KTST,5528,False
48223,NYSE-KTST,5520,False
48223,NYSE-KTST,5522,False
48223,NYSE-KTST,5529,False
48223,NYSE-KTST,5526,False
48223,NYSE-KTST,5524,False
48223,NYSE-MDKA,5291,False
48223,NYSE-MDKA,5290,False
48223,NYSE-MDKA,5288,False
48223,NYSE-MDKA,5286,False
48223,NYSE-MDKA,5284,False
48223,NYSE-MDKA,5283,False
48223,NYSE-MDKA,5282,False
48223,NYSE-MDKA,5289,False
48223,NYSE-MDKA,5285,False
48223,NYSE-MDKA,5287,False
48223,NYSE-NGUP,5717,False
48223,NYSE-NGUP,5716,False
48223,NYSE-NGUP,5715,False
48223,NYSE-NGUP,5714,False
48223,NYSE-NGUP,5713,False
48223,NYSE-NGUP,5712,False
48223,NYSE-NGUP,5711,False
48223,NYSE-SIMP,5679,False
48223,NYSE-SIMP,5677,False
48223,NYSE-SIMP,5675,False
48223,NYSE-SIMP,5672,False
48223,NYSE-SIMP,5674,False
48223,NYSE-SIMP,5680,False
48223,NYSE-SIMP,5673,False
48223,NYSE-SIMP,5671,False
48223,NYSE-SIMP,5678,False
48223,NYSE-SIMP,5676,False
48223,NYSE-XFR,5382,False
48223,NYSE-XFR,5380,False
48223,NYSE-XFR,5378,False
48223,NYSE-XFR,5376,False
48223,NYSE-XFR,5374,False
48223,NYSE-XFR,5377,False
48223,NYSE-XFR,5379,False
48223,NYSE-XFR,5381,False
48223,NYSE-XFR,5373,False
48223,NYSE-XFR,5375,False
48223,NYSE-ZABA,5473,False
48223,NYSE-ZABA,5471,False
48223,NYSE-ZABA,5469,False
48223,NYSE-ZABA,5467,False
48223,NYSE-ZABA,5465,False
48223,NYSE-ZABA,5464,False
48223,NYSE-ZABA,5472,False
48223,NYSE-ZABA,5468,False
48223,NYSE-ZABA,5470,False
48223,NYSE-ZABA,5466,False
48236,NYSE-KRAS,4885,False
48236,NYSE-KRAS,4883,False
48236,NYSE-INA,5729,False
48310,NYSE-ZABA,4876,False
48323,NYSE-ETFA3,5416,False
48323,NYSE-ETFA3,5412,False
48323,NYSE-ETFA3,5410,False
48323,NYSE-ETFA3,5408,False
48323,NYSE-ETFA3,5415,False
48323,NYSE-ETFA3,5409,False
48323,NYSE-ETFA3,5411,False
48323,NYSE-ETFA3,5413,False
48323,NYSE-ETFA3,5414,False
48323,NYSE-ETFA,5405,False
48323,NYSE-ETFA,5399,False
48323,NYSE-ETFA,5398,False
48323,NYSE-ETFA,5407,False
48323,NYSE-ETFA,5406,False
48323,NYSE-ETFA,5401,False
48323,NYSE-ETFA,5402,False
48323,NYSE-ETFA,5400,False
48323,NYSE-ETFA,5403,False
48323,NYSE-ETFA,5404,False
48323,NYSE-CARD,6203,False
48323,NYSE-CARD,6202,False
48323,NYSE-CARD,6200,False
48323,NYSE-CARD,6199,False
48323,NYSE-CARD,6197,False
48323,NYSE-CARD,6195,False
48323,NYSE-CARD,6198,False
48323,NYSE-CARD,6201,False
48323,NYSE-CARD,6196,False
48323,NYSE-CARD,6194,False
48323,NYSE-DDJH,5448,False
48323,NYSE-INA,5721,False
48323,NYSE-INA,5719,False
48323,NYSE-JNAF,5352,False
48323,NYSE-JNAF,5351,False
48323,NYSE-JNAF,5349,False
48323,NYSE-JNAF,5348,False
48323,NYSE-JNAF,5347,False
48323,NYSE-JNAF,5346,False
48323,NYSE-JNAF,5345,False
48323,NYSE-JNAF,5344,False
48323,NYSE-JNAF,5343,False
48323,NYSE-JNAF,5350,False
48323,NYSE-JZRO,5763,False
48323,NYSE-JZRO,5761,False
48323,NYSE-JZRO,5759,False
48323,NYSE-JZRO,5757,False
48323,NYSE-JZRO,5765,False
48323,NYSE-JZRO,5764,False
48324,NYSE-JZRO,5760,False
48324,NYSE-JZRO,5758,False
48324,NYSE-JZRO,5766,False
48324,NYSE-JZRO,5762,False
48324,NYSE-KRAS,5450,False
48324,NYSE-KRAS,5452,False
48324,NYSE-KRAS,5456,False
48324,NYSE-KRAS,5454,False
48324,NYSE-KRAS,5458,False
48324,NYSE-KTST,5541,False
48324,NYSE-KTST,5539,False
48324,NYSE-KTST,5538,False
48324,NYSE-KTST,5536,False
48324,NYSE-KTST,5542,False
48324,NYSE-KTST,5534,False
48324,NYSE-KTST,5537,False
48324,NYSE-KTST,5533,False
48324,NYSE-KTST,5535,False
48324,NYSE-KTST,5540,False
48324,NYSE-MDKA,5303,False
48324,NYSE-MDKA,5301,False
48324,NYSE-MDKA,5300,False
48324,NYSE-MDKA,5298,False
48324,NYSE-MDKA,5304,False
48324,NYSE-MDKA,5302,False
48324,NYSE-MDKA,5296,False
48324,NYSE-MDKA,5297,False
48324,NYSE-MDKA,5299,False
48324,NYSE-MDKA,5295,False
48324,NYSE-NGUP,5732,False
48324,NYSE-NGUP,5730,False
48324,NYSE-NGUP,5728,False
48324,NYSE-NGUP,5726,False
48324,NYSE-NGUP,5725,False
48324,NYSE-NGUP,5723,False
48324,NYSE-NGUP,5724,False
48324,NYSE-NGUP,5727,False
48324,NYSE-NGUP,5729,False
48324,NYSE-NGUP,5731,False
48324,NYSE-SIMP,5689,False
48324,NYSE-SIMP,5687,False
48324,NYSE-SIMP,5685,False
48324,NYSE-SIMP,5691,False
48324,NYSE-SIMP,5694,False
48324,NYSE-SIMP,5692,False
48324,NYSE-SIMP,5688,False
48324,NYSE-SIMP,5686,False
48324,NYSE-SIMP,5693,False
48324,NYSE-SIMP,5690,False
48324,NYSE-XFR,5396,False
48324,NYSE-XFR,5394,False
48324,NYSE-XFR,5391,False
48324,NYSE-XFR,5389,False
48324,NYSE-XFR,5387,False
48324,NYSE-XFR,5392,False
48324,NYSE-XFR,5390,False
48324,NYSE-XFR,5388,False
48324,NYSE-XFR,5395,False
48324,NYSE-XFR,5393,False
48324,NYSE-ZABA,5487,False
48324,NYSE-ZABA,5485,False
48324,NYSE-ZABA,5483,False
48324,NYSE-ZABA,5481,False
48324,NYSE-ZABA,5479,False
48324,NYSE-ZABA,5488,False
48324,NYSE-ZABA,5484,False
48324,NYSE-ZABA,5486,False
48390,NYSE-CARD,6215,False
48390,NYSE-NGUP,5747,False
48390,NYSE-CARD,6216,False
48390,NYSE-NGUP,5748,False
48390,NYSE-CARD,6217,False
48390,NYSE-NGUP,5749,False
48390,NYSE-NGUP,5750,False
48413,NYSE-NGUP,5751,False
48422,NYSE-ETFA3,5423,False
48423,NYSE-ETFA3,5421,False
48423,NYSE-ETFA3,5428,False
48423,NYSE-ETFA3,5426,False
48423,NYSE-ETFA3,5424,False
48423,NYSE-ETFA3,5422,False
48423,NYSE-ETFA3,5425,False
48423,NYSE-ETFA3,5427,False
48423,NYSE-ETFA,5418,False
48423,NYSE-ETFA,5416,False
48423,NYSE-ETFA,5412,False
48423,NYSE-ETFA,5420,False
48423,NYSE-ETFA,5419,False
48423,NYSE-ETFA,5417,False
48423,NYSE-ETFA,5415,False
48423,NYSE-ETFA,5411,False
48423,NYSE-ETFA,5413,False
48423,NYSE-ETFA,5414,False
48423,NYSE-CARD,6213,False
48423,NYSE-CARD,6211,False
48423,NYSE-CARD,6209,False
48423,NYSE-CARD,6206,False
48423,NYSE-CARD,6214,False
48423,NYSE-CARD,6212,False
48423,NYSE-CARD,6210,False
48423,NYSE-CARD,6208,False
48423,NYSE-CARD,6207,False
48423,NYSE-DDJH,5461,False
48423,NYSE-JNAF,5367,False
48423,NYSE-JNAF,5366,False
48423,NYSE-JNAF,5365,False
48423,NYSE-JNAF,5364,False
48423,NYSE-JNAF,5363,False
48423,NYSE-JNAF,5362,False
48423,NYSE-JNAF,5361,False
48423,NYSE-JNAF,5359,False
48423,NYSE-JNAF,5358,False
48423,NYSE-JNAF,5360,False
48423,NYSE-JZRO,5777,False
48423,NYSE-JZRO,5770,False
48423,NYSE-JZRO,5779,False
48423,NYSE-JZRO,5771,False
48423,NYSE-JZRO,5775,False
48423,NYSE-JZRO,5773,False
48423,NYSE-JZRO,5774,False
48423,NYSE-JZRO,5772,False
48423,NYSE-JZRO,5776,False
48423,NYSE-JZRO,5778,False
48423,NYSE-KRAS,5469,False
48423,NYSE-KRAS,5467,False
48423,NYSE-KRAS,5465,False
48423,NYSE-KRAS,5464,False
48423,NYSE-KRAS,5463,False
48423,NYSE-KRAS,5462,False
48423,NYSE-KRAS,5468,False
48423,NYSE-KRAS,5470,False
48423,NYSE-KRAS,5466,False
48423,NYSE-KTST,5552,False
48423,NYSE-KTST,5551,False
48423,NYSE-KTST,5550,False
48423,NYSE-KTST,5548,False
48423,NYSE-KTST,5547,False
48423,NYSE-KTST,5556,False
48423,NYSE-KTST,5554,False
48423,NYSE-KTST,5549,False
48423,NYSE-KTST,5555,False
48423,NYSE-KTST,5553,False
48423,NYSE-MDKA,5317,False
48423,NYSE-MDKA,5316,False
48423,NYSE-MDKA,5315,False
48423,NYSE-MDKA,5313,False
48423,NYSE-MDKA,5311,False
48423,NYSE-MDKA,5310,False
48423,NYSE-MDKA,5309,False
48423,NYSE-MDKA,5314,False
48423,NYSE-MDKA,5318,False
48423,NYSE-MDKA,5312,False
48424,NYSE-NGUP,5744,False
48424,NYSE-NGUP,5742,False
48424,NYSE-NGUP,5740,False
48424,NYSE-NGUP,5738,False
48424,NYSE-NGUP,5745,False
48424,NYSE-NGUP,5743,False
48424,NYSE-SIMP,5705,False
48424,NYSE-SIMP,5701,False
48424,NYSE-SIMP,5699,False
48424,NYSE-SIMP,5697,False
48424,NYSE-SIMP,5703,False
48424,NYSE-SIMP,5700,False
48424,NYSE-SIMP,5698,False
48424,NYSE-SIMP,5706,False
48424,NYSE-SIMP,5704,False
48424,NYSE-SIMP,5702,False
48424,NYSE-XFR,5411,False
48424,NYSE-XFR,5410,False
48424,NYSE-XFR,5409,False
48424,NYSE-XFR,5408,False
48424,NYSE-XFR,5407,False
48424,NYSE-XFR,5406,False
48424,NYSE-XFR,5405,False
48424,NYSE-XFR,5403,False
48424,NYSE-XFR,5402,False
48424,NYSE-XFR,5404,False
48424,NYSE-ZABA,5497,False
48424,NYSE-ZABA,5493,False
48424,NYSE-ZABA,5491,False
48424,NYSE-ZABA,5495,False
48424,NYSE-ZABA,5489,False
48510,NYSE-KTST,5543,False
48510,NYSE-DDJH,5458,False
48510,NYSE-ETFA,5408,False
48510,NYSE-JZRO,5767,False
48510,NYSE-JNAF,5353,False
48510,NYSE-KRAS,5459,False
48510,NYSE-XFR,5397,False
48523,NYSE-ETFA3,5435,False
48523,NYSE-ETFA3,5433,False
48523,NYSE-ETFA3,5432,False
48523,NYSE-ETFA3,5431,False
48523,NYSE-ETFA3,5436,False
48523,NYSE-ETFA3,5438,False
48523,NYSE-ETFA3,5434,False
48523,NYSE-ETFA3,5437,False
48523,NYSE-ETFA,5423,False
48523,NYSE-ETFA,5421,False
48523,NYSE-ETFA,5429,False
48523,NYSE-ETFA,5428,False
48523,NYSE-ETFA,5426,False
48523,NYSE-ETFA,5424,False
48523,NYSE-ETFA,5422,False
48523,NYSE-ETFA,5425,False
48523,NYSE-ETFA,5427,False
48523,NYSE-ETFA,5430,False
48523,NYSE-CARD,6228,False
48523,NYSE-CARD,6226,False
48523,NYSE-CARD,6224,False
48523,NYSE-CARD,6222,False
48523,NYSE-CARD,6220,False
48523,NYSE-CARD,6223,False
48523,NYSE-CARD,6221,False
48523,NYSE-CARD,6225,False
48523,NYSE-CARD,6219,False
48523,NYSE-CARD,6227,False
48523,NYSE-DDJH,5471,False
48523,NYSE-INA,5751,False
48523,NYSE-INA,5749,False
48523,NYSE-INA,5747,False
48523,NYSE-JNAF,5376,False
48523,NYSE-JNAF,5374,False
48523,NYSE-JNAF,5371,False
48523,NYSE-JNAF,5369,False
48523,NYSE-JNAF,5368,False
48523,NYSE-JNAF,5377,False
48523,NYSE-JNAF,5373,False
48523,NYSE-JNAF,5375,False
48523,NYSE-JNAF,5370,False
48523,NYSE-JNAF,5372,False
48523,NYSE-JZRO,5788,False
48523,NYSE-JZRO,5786,False
48523,NYSE-JZRO,5784,False
48523,NYSE-JZRO,5782,False
48523,NYSE-JZRO,5781,False
48523,NYSE-JZRO,5780,False
48523,NYSE-JZRO,5783,False
48523,NYSE-JZRO,5785,False
48523,NYSE-JZRO,5787,False
48523,NYSE-JZRO,5789,False
48523,NYSE-KRAS,5479,False
48523,NYSE-KRAS,5475,False
48523,NYSE-KRAS,5473,False
48523,NYSE-KRAS,5477,False
48523,NYSE-KTST,5565,False
48523,NYSE-KTST,5564,False
48523,NYSE-KTST,5562,False
48523,NYSE-KTST,5560,False
48523,NYSE-KTST,5558,False
48523,NYSE-KTST,5566,False
48523,NYSE-KTST,5557,False
48523,NYSE-KTST,5559,False
48523,NYSE-KTST,5561,False
48523,NYSE-KTST,5563,False
48524,NYSE-MDKA,5328,False
48524,NYSE-MDKA,5327,False
48524,NYSE-MDKA,5325,False
48524,NYSE-MDKA,5324,False
48524,NYSE-MDKA,5323,False
48524,NYSE-MDKA,5321,False
48524,NYSE-MDKA,5319,False
48524,NYSE-MDKA,5326,False
48524,NYSE-MDKA,5320,False
48524,NYSE-MDKA,5322,False
48524,NYSE-NGUP,5755,False
48524,NYSE-NGUP,5753,False
48524,NYSE-SIMP,5716,False
48524,NYSE-SIMP,5715,False
48524,NYSE-SIMP,5714,False
48524,NYSE-SIMP,5713,False
48524,NYSE-SIMP,5712,False
48524,NYSE-SIMP,5707,False
48524,NYSE-SIMP,5710,False
48524,NYSE-SIMP,5708,False
48524,NYSE-SIMP,5711,False
48524,NYSE-SIMP,5709,False
48524,NYSE-XFR,5418,False
48524,NYSE-XFR,5416,False
48524,NYSE-XFR,5414,False
48524,NYSE-XFR,5420,False
48524,NYSE-XFR,5421,False
48524,NYSE-XFR,5417,False
48524,NYSE-XFR,5412,False
48524,NYSE-XFR,5419,False
48524,NYSE-XFR,5413,False
48524,NYSE-XFR,5415,False
48524,NYSE-ZABA,5508,False
48524,NYSE-ZABA,5506,False
48524,NYSE-ZABA,5504,False
48524,NYSE-ZABA,5502,False
48524,NYSE-ZABA,5500,False
48524,NYSE-ZABA,5499,False
48524,NYSE-ZABA,5501,False
48524,NYSE-ZABA,5503,False
48524,NYSE-ZABA,5505,False
48524,NYSE-ZABA,5507,False
48526,NYSE-CARD,6239,False
48541,NYSE-JZRO,5800,False
48541,NYSE-JNAF,5388,False
48541,NYSE-INA,5766,False
48541,NYSE-JNAF,5389,False
48623,NYSE-ETFA3,5448,False
48623,NYSE-ETFA3,5446,False
48623,NYSE-ETFA3,5444,False
48623,NYSE-ETFA3,5447,False
48623,NYSE-ETFA3,5442,False
48623,NYSE-ETFA3,5445,False
48623,NYSE-ETFA3,5441,False
48623,NYSE-ETFA3,5443,False
48623,NYSE-ETFA,5435,False
48623,NYSE-ETFA,5433,False
48623,NYSE-ETFA,5432,False
48623,NYSE-ETFA,5431,False
48623,NYSE-ETFA,5440,False
48623,NYSE-ETFA,5436,False
48623,NYSE-ETFA,5438,False
48623,NYSE-ETFA,5434,False
48623,NYSE-ETFA,5437,False
48623,NYSE-ETFA,5439,False
48623,NYSE-CARD,6238,False
48623,NYSE-CARD,6237,False
48623,NYSE-CARD,6232,False
48623,NYSE-CARD,6230,False
48623,NYSE-CARD,6235,False
48623,NYSE-CARD,6233,False
48623,NYSE-CARD,6236,False
48623,NYSE-CARD,6229,False
48623,NYSE-CARD,6234,False
48623,NYSE-CARD,6231,False
48623,NYSE-INA,5761,False
48623,NYSE-INA,5759,False
48623,NYSE-INA,5757,False
48623,NYSE-JNAF,5387,False
48623,NYSE-JNAF,5384,False
48623,NYSE-JNAF,5382,False
48623,NYSE-JNAF,5380,False
48623,NYSE-JNAF,5378,False
48623,NYSE-JNAF,5386,False
48623,NYSE-JNAF,5379,False
48623,NYSE-JNAF,5381,False
48623,NYSE-JNAF,5383,False
48623,NYSE-JNAF,5385,False
48623,NYSE-JZRO,5790,False
48623,NYSE-JZRO,5799,False
48623,NYSE-JZRO,5797,False
48623,NYSE-JZRO,5795,False
48623,NYSE-JZRO,5793,False
48623,NYSE-JZRO,5794,False
48623,NYSE-JZRO,5792,False
48623,NYSE-JZRO,5798,False
48623,NYSE-JZRO,5796,False
48623,NYSE-JZRO,5791,False
48623,NYSE-KRAS,5487,False
48623,NYSE-KRAS,5485,False
48623,NYSE-KRAS,5483,False
48623,NYSE-KRAS,5489,False
48623,NYSE-KTST,5576,False
48623,NYSE-KTST,5575,False
48623,NYSE-KTST,5574,False
48623,NYSE-KTST,5572,False
48623,NYSE-KTST,5568,False
48623,NYSE-KTST,5570,False
48623,NYSE-KTST,5573,False
48623,NYSE-KTST,5571,False
48623,NYSE-KTST,5569,False
48623,NYSE-KTST,5567,False
48624,NYSE-MDKA,5339,False
48624,NYSE-MDKA,5338,False
48624,NYSE-MDKA,5336,False
48624,NYSE-MDKA,5335,False
48624,NYSE-MDKA,5334,False
48624,NYSE-MDKA,5333,False
48624,NYSE-MDKA,5332,False
48624,NYSE-MDKA,5331,False
48624,NYSE-MDKA,5330,False
48624,NYSE-MDKA,5337,False
48624,NYSE-NGUP,5767,False
48624,NYSE-NGUP,5765,False
48624,NYSE-NGUP,5763,False
48624,NYSE-NGUP,5764,False
48624,NYSE-NGUP,5766,False
48624,NYSE-NGUP,5762,False
48624,NYSE-SIMP,5726,False
48624,NYSE-SIMP,5717,False
48624,NYSE-SIMP,5718,False
48624,NYSE-SIMP,5725,False
48624,NYSE-SIMP,5723,False
48624,NYSE-SIMP,5721,False
48624,NYSE-SIMP,5719,False
48624,NYSE-SIMP,5724,False
48624,NYSE-SIMP,5720,False
48624,NYSE-SIMP,5722,False
48624,NYSE-XFR,5429,False
48624,NYSE-XFR,5428,False
48624,NYSE-XFR,5426,False
48624,NYSE-XFR,5425,False
48624,NYSE-XFR,5424,False
48624,NYSE-XFR,5423,False
48624,NYSE-XFR,5430,False
48624,NYSE-XFR,5427,False
48624,NYSE-XFR,5431,False
48624,NYSE-XFR,5422,False
48624,NYSE-ZABA,4929,False
48624,NYSE-ZABA,4927,False
48624,NYSE-ZABA,5513,False
48624,NYSE-ZABA,5511,False
48624,NYSE-ZABA,5509,False
48624,NYSE-ZABA,5517,False
48624,NYSE-ZABA,5515,False
48706,NYSE-SIMP,5737,False
48723,NYSE-ETFA3,5458,False
48723,NYSE-ETFA3,5455,False
48723,NYSE-ETFA3,5453,False
48723,NYSE-ETFA3,5451,False
48723,NYSE-ETFA3,5456,False
48723,NYSE-ETFA3,5457,False
48723,NYSE-ETFA,5448,False
48723,NYSE-ETFA,5446,False
48723,NYSE-ETFA,5444,False
48723,NYSE-ETFA,5450,False
48723,NYSE-ETFA,5447,False
48723,NYSE-ETFA,5442,False
48723,NYSE-ETFA,5445,False
48723,NYSE-ETFA,5449,False
48723,NYSE-ETFA,5441,False
48723,NYSE-ETFA,5443,False
48723,NYSE-CARD,6249,False
48723,NYSE-CARD,6248,False
48723,NYSE-CARD,6246,False
48723,NYSE-CARD,6242,False
48723,NYSE-CARD,6240,False
48723,NYSE-CARD,6244,False
48723,NYSE-CARD,6241,False
48723,NYSE-CARD,6247,False
48723,NYSE-CARD,6245,False
48723,NYSE-CARD,6243,False
48723,NYSE-DDJH,5492,False
48723,NYSE-INA,5770,False
48723,NYSE-INA,5771,False
48723,NYSE-INA,5769,False
48723,NYSE-INA,5773,False
48723,NYSE-INA,5774,False
48723,NYSE-INA,5772,False
48723,NYSE-INA,5768,False
48723,NYSE-JNAF,5398,False
48723,NYSE-JNAF,5396,False
48723,NYSE-JNAF,5394,False
48723,NYSE-JNAF,5392,False
48723,NYSE-JNAF,5391,False
48723,NYSE-JNAF,5390,False
48723,NYSE-JNAF,5397,False
48723,NYSE-JNAF,5399,False
48723,NYSE-JNAF,5395,False
48723,NYSE-JNAF,5393,False
48723,NYSE-JZRO,5811,False
48723,NYSE-JZRO,5810,False
48723,NYSE-JZRO,5808,False
48723,NYSE-JZRO,5803,False
48723,NYSE-JZRO,5805,False
48723,NYSE-JZRO,5804,False
48723,NYSE-JZRO,5806,False
48723,NYSE-JZRO,5802,False
48723,NYSE-JZRO,5807,False
48723,NYSE-JZRO,5809,False
48723,NYSE-KRAS,5497,False
48723,NYSE-KRAS,5493,False
48723,NYSE-KRAS,5498,False
48723,NYSE-KRAS,5496,False
48723,NYSE-KRAS,5500,False
48723,NYSE-KRAS,5495,False
48723,NYSE-KRAS,5494,False
48723,NYSE-KRAS,5499,False
48723,NYSE-KTST,5580,False
48723,NYSE-KTST,5578,False
48723,NYSE-KTST,5577,False
48723,NYSE-KTST,5586,False
48723,NYSE-KTST,5584,False
48723,NYSE-KTST,5582,False
48723,NYSE-KTST,5579,False
48723,NYSE-KTST,5583,False
48723,NYSE-KTST,5581,False
48723,NYSE-KTST,5585,False
48724,NYSE-MDKA,5349,False
48724,NYSE-MDKA,5348,False
48724,NYSE-MDKA,5347,False
48724,NYSE-MDKA,5346,False
48724,NYSE-MDKA,5345,False
48724,NYSE-MDKA,5344,False
48724,NYSE-MDKA,5343,False
48724,NYSE-MDKA,5341,False
48724,NYSE-MDKA,5340,False
48724,NYSE-MDKA,5342,False
48724,NYSE-NGUP,5777,False
48724,NYSE-NGUP,5775,False
48724,NYSE-NGUP,5776,False
48724,NYSE-SIMP,5734,False
48724,NYSE-SIMP,5732,False
48724,NYSE-SIMP,5730,False
48724,NYSE-SIMP,5728,False
48724,NYSE-SIMP,5736,False
48724,NYSE-SIMP,5735,False
48724,NYSE-SIMP,5727,False
48724,NYSE-SIMP,5733,False
48724,NYSE-SIMP,5729,False
48724,NYSE-SIMP,5731,False
48724,NYSE-XFR,5440,False
48724,NYSE-XFR,5438,False
48724,NYSE-XFR,5436,False
48724,NYSE-XFR,5434,False
48724,NYSE-XFR,5433,False
48724,NYSE-XFR,5432,False
48724,NYSE-XFR,5441,False
48724,NYSE-XFR,5439,False
48724,NYSE-XFR,5437,False
48724,NYSE-XFR,5435,False
48724,NYSE-ZABA,5527,False
48724,NYSE-ZABA,5525,False
48724,NYSE-ZABA,5523,False
48724,NYSE-ZABA,5521,False
48724,NYSE-ZABA,5528,False
48724,NYSE-ZABA,5522,False
48724,NYSE-ZABA,5519,False
48724,NYSE-ZABA,5526,False
48724,NYSE-ZABA,5524,False
48814,NYSE-NGUP,5797,False
48823,NYSE-ETFA3,5468,False
48823,NYSE-ETFA3,5466,False
48823,NYSE-ETFA3,5464,False
48823,NYSE-ETFA3,5462,False
48823,NYSE-ETFA3,5469,False
48823,NYSE-ETFA3,5467,False
48823,NYSE-ETFA3,5461,False
48823,NYSE-ETFA3,5465,False
48823,NYSE-ETFA3,5463,False
48823,NYSE-ETFA,5458,False
48823,NYSE-ETFA,5454,False
48823,NYSE-ETFA,5452,False
48823,NYSE-ETFA,5455,False
48823,NYSE-ETFA,5453,False
48823,NYSE-ETFA,5451,False
48823,NYSE-ETFA,5459,False
48823,NYSE-ETFA,5456,False
48823,NYSE-ETFA,5457,False
48823,NYSE-ETFA,5460,False
48823,NYSE-CARD,6259,False
48823,NYSE-CARD,6258,False
48823,NYSE-CARD,6257,False
48823,NYSE-CARD,6256,False
48823,NYSE-CARD,6255,False
48823,NYSE-CARD,6254,False
48823,NYSE-CARD,6253,False
48823,NYSE-CARD,6251,False
48823,NYSE-CARD,6260,False
48823,NYSE-CARD,6252,False
48823,NYSE-DDJH,5501,False
48823,NYSE-INA,5784,False
48823,NYSE-INA,5782,False
48823,NYSE-INA,5781,False
48823,NYSE-INA,5779,False
48823,NYSE-INA,5778,False
48823,NYSE-INA,5780,False
48823,NYSE-INA,5783,False
48823,NYSE-JNAF,5409,False
48823,NYSE-JNAF,5408,False
48823,NYSE-JNAF,5407,False
48823,NYSE-JNAF,5406,False
48823,NYSE-JNAF,5405,False
48823,NYSE-JNAF,5400,False
48823,NYSE-JNAF,5403,False
48823,NYSE-JNAF,5402,False
48823,NYSE-JNAF,5404,False
48823,NYSE-JNAF,5401,False
48823,NYSE-JZRO,5819,False
48823,NYSE-JZRO,5817,False
48823,NYSE-JZRO,5815,False
48823,NYSE-JZRO,5813,False
48823,NYSE-JZRO,5812,False
48823,NYSE-JZRO,5814,False
48823,NYSE-JZRO,5816,False
48823,NYSE-JZRO,5818,False
48823,NYSE-JZRO,5820,False
48823,NYSE-JZRO,5821,False
48823,NYSE-KRAS,5508,False
48823,NYSE-KRAS,5506,False
48823,NYSE-KRAS,5504,False
48823,NYSE-KRAS,5510,False
48823,NYSE-KTST,5596,False
48823,NYSE-KTST,5594,False
48823,NYSE-KTST,5592,False
48823,NYSE-KTST,5590,False
48823,NYSE-KTST,5588,False
48823,NYSE-KTST,5591,False
48823,NYSE-KTST,5593,False
48823,NYSE-KTST,5595,False
48823,NYSE-KTST,5589,False
48823,NYSE-KTST,5587,False
48823,NYSE-MDKA,5359,False
48823,NYSE-MDKA,5358,False
48823,NYSE-MDKA,5357,False
48823,NYSE-MDKA,5354,False
48823,NYSE-MDKA,5353,False
48823,NYSE-MDKA,5352,False
48823,NYSE-MDKA,5351,False
48823,NYSE-MDKA,5355,False
48823,NYSE-MDKA,5356,False
48823,NYSE-MDKA,5360,False
48824,NYSE-NGUP,5786,False
48824,NYSE-NGUP,5785,False
48824,NYSE-NGUP,5787,False
48824,NYSE-SIMP,5744,False
48824,NYSE-SIMP,5742,False
48824,NYSE-SIMP,5740,False
48824,NYSE-SIMP,5738,False
48824,NYSE-SIMP,5746,False
48824,NYSE-SIMP,5741,False
48824,NYSE-SIMP,5739,False
48824,NYSE-SIMP,5747,False
48824,NYSE-SIMP,5745,False
48824,NYSE-SIMP,5743,False
48824,NYSE-XFR,5442,False
48824,NYSE-XFR,5451,False
48824,NYSE-XFR,5449,False
48824,NYSE-XFR,5447,False
48824,NYSE-XFR,5443,False
48824,NYSE-XFR,5445,False
48824,NYSE-XFR,5450,False
48824,NYSE-XFR,5446,False
48824,NYSE-XFR,5448,False
48824,NYSE-XFR,5444,False
48824,NYSE-ZABA,5539,False
48824,NYSE-ZABA,5538,False
48824,NYSE-ZABA,5536,False
48824,NYSE-ZABA,5530,False
48824,NYSE-ZABA,5531,False
48824,NYSE-ZABA,5532,False
48824,NYSE-ZABA,5534,False
48824,NYSE-ZABA,5537,False
48824,NYSE-ZABA,5533,False
48824,NYSE-ZABA,5535,False
48873,NYSE-XFR,5464,False
48923,NYSE-ETFA3,5479,False
48923,NYSE-ETFA3,5476,False
48923,NYSE-ETFA3,5474,False
48923,NYSE-ETFA3,5472,False
48923,NYSE-ETFA3,5477,False
48923,NYSE-ETFA3,5475,False
48923,NYSE-ETFA3,5473,False
48923,NYSE-ETFA3,5480,False
48923,NYSE-ETFA3,5478,False
48923,NYSE-ETFA3,5471,False
48923,NYSE-ETFA,5470,False
48923,NYSE-ETFA,5468,False
48923,NYSE-ETFA,5466,False
48923,NYSE-ETFA,5464,False
48923,NYSE-ETFA,5462,False
48923,NYSE-ETFA,5469,False
48923,NYSE-ETFA,5467,False
48923,NYSE-ETFA,5461,False
48923,NYSE-ETFA,5465,False
48923,NYSE-ETFA,5463,False
48923,NYSE-CARD,6271,False
48923,NYSE-CARD,6269,False
48923,NYSE-CARD,6267,False
48923,NYSE-CARD,6266,False
48923,NYSE-CARD,6264,False
48923,NYSE-CARD,6265,False
48923,NYSE-CARD,6268,False
48923,NYSE-CARD,6270,False
48923,NYSE-CARD,6263,False
48923,NYSE-CARD,6272,False
48923,NYSE-DDJH,5512,False
48923,NYSE-INA,5790,False
48923,NYSE-INA,5788,False
48923,NYSE-INA,5797,False
48923,NYSE-INA,5795,False
48923,NYSE-INA,5793,False
48923,NYSE-INA,5794,False
48923,NYSE-INA,5792,False
48923,NYSE-INA,5796,False
48923,NYSE-INA,5791,False
48923,NYSE-JNAF,5418,False
48923,NYSE-JNAF,5416,False
48923,NYSE-JNAF,5414,False
48923,NYSE-JNAF,5411,False
48923,NYSE-JNAF,5410,False
48923,NYSE-JNAF,5417,False
48923,NYSE-JNAF,5412,False
48923,NYSE-JNAF,5419,False
48923,NYSE-JNAF,5413,False
48923,NYSE-JNAF,5415,False
48923,NYSE-JZRO,5831,False
48923,NYSE-JZRO,5829,False
48923,NYSE-JZRO,5827,False
48923,NYSE-JZRO,5825,False
48923,NYSE-JZRO,5822,False
48923,NYSE-JZRO,5824,False
48923,NYSE-JZRO,5823,False
48923,NYSE-JZRO,5830,False
48923,NYSE-JZRO,5826,False
48923,NYSE-JZRO,5828,False
48923,NYSE-KRAS,5521,False
48923,NYSE-KRAS,5517,False
48923,NYSE-KRAS,5515,False
48923,NYSE-KRAS,5519,False
48923,NYSE-KTST,5605,False
48923,NYSE-KTST,5603,False
48923,NYSE-KTST,5602,False
48923,NYSE-KTST,5600,False
48923,NYSE-KTST,5598,False
48923,NYSE-KTST,5606,False
48923,NYSE-KTST,5601,False
48923,NYSE-KTST,5599,False
48923,NYSE-KTST,5597,False
48923,NYSE-KTST,5604,False
48924,NYSE-MDKA,5369,False
48924,NYSE-MDKA,5368,False
48924,NYSE-MDKA,5367,False
48924,NYSE-MDKA,5366,False
48924,NYSE-MDKA,5365,False
48924,NYSE-MDKA,5364,False
48924,NYSE-MDKA,5363,False
48924,NYSE-MDKA,5362,False
48924,NYSE-MDKA,5361,False
48924,NYSE-MDKA,5370,False
48924,NYSE-NGUP,5799,False
48924,NYSE-SIMP,5759,False
48924,NYSE-SIMP,5757,False
48924,NYSE-SIMP,5755,False
48924,NYSE-SIMP,5753,False
48924,NYSE-SIMP,5751,False
48924,NYSE-SIMP,5750,False
48924,NYSE-SIMP,5756,False
48924,NYSE-SIMP,5752,False
48924,NYSE-SIMP,5758,False
48924,NYSE-SIMP,5754,False
48924,NYSE-XFR,5463,False
48924,NYSE-XFR,5462,False
48924,NYSE-XFR,5457,False
48924,NYSE-XFR,5461,False
48924,NYSE-XFR,5459,False
48924,NYSE-XFR,5455,False
48924,NYSE-XFR,5456,False
48924,NYSE-XFR,5454,False
48924,NYSE-XFR,5460,False
48924,NYSE-XFR,5458,False
48924,NYSE-ZABA,5551,False
48924,NYSE-ZABA,5550,False
48924,NYSE-ZABA,5548,False
48924,NYSE-ZABA,5547,False
48924,NYSE-ZABA,5545,False
48924,NYSE-ZABA,5543,False
48924,NYSE-ZABA,5542,False
48924,NYSE-ZABA,5546,False
48924,NYSE-ZABA,5544,False
48924,NYSE-ZABA,5549,False
48936,NYSE-JZRO,5842,False
48936,NYSE-JNAF,5431,False
48936,NYSE-INA,5811,False
49022,NYSE-ETFA3,5490,False
49023,NYSE-ETFA3,5489,False
49023,NYSE-ETFA3,5487,False
49023,NYSE-ETFA3,5485,False
49023,NYSE-ETFA3,5483,False
49023,NYSE-ETFA3,5488,False
49023,NYSE-ETFA3,5486,False
49023,NYSE-ETFA3,5484,False
49023,NYSE-ETFA3,5482,False
49023,NYSE-ETFA3,5481,False
49023,NYSE-ETFA,5479,False
49023,NYSE-ETFA,5476,False
49023,NYSE-ETFA,5474,False
49023,NYSE-ETFA,5472,False
49023,NYSE-ETFA,5477,False
49023,NYSE-ETFA,5475,False
49023,NYSE-ETFA,5473,False
49023,NYSE-ETFA,5480,False
49023,NYSE-ETFA,5478,False
49023,NYSE-ETFA,5471,False
49023,NYSE-CARD,6281,False
49023,NYSE-CARD,6279,False
49023,NYSE-CARD,6277,False
49023,NYSE-CARD,6275,False
49023,NYSE-CARD,6273,False
49023,NYSE-CARD,6278,False
49023,NYSE-CARD,6282,False
49023,NYSE-CARD,6280,False
49023,NYSE-CARD,6276,False
49023,NYSE-CARD,6274,False
49023,NYSE-DDJH,5523,False
49023,NYSE-INA,5803,False
49023,NYSE-INA,5801,False
49023,NYSE-INA,5805,False
49023,NYSE-INA,5804,False
49023,NYSE-INA,5806,False
49023,NYSE-INA,5802,False
49023,NYSE-INA,5807,False
49023,NYSE-JNAF,5429,False
49023,NYSE-JNAF,5428,False
49023,NYSE-JNAF,5426,False
49023,NYSE-JNAF,5425,False
49023,NYSE-JNAF,5424,False
49023,NYSE-JNAF,5423,False
49023,NYSE-JNAF,5420,False
49023,NYSE-JNAF,5427,False
49023,NYSE-JNAF,5421,False
49023,NYSE-JNAF,5422,False
49023,NYSE-JZRO,5841,False
49023,NYSE-JZRO,5839,False
49023,NYSE-JZRO,5834,False
49023,NYSE-JZRO,5832,False
49023,NYSE-JZRO,5833,False
49023,NYSE-JZRO,5837,False
49023,NYSE-JZRO,5835,False
49023,NYSE-JZRO,5838,False
49023,NYSE-JZRO,5840,False
49023,NYSE-JZRO,5836,False
49023,NYSE-KRAS,5527,False
49023,NYSE-KRAS,5525,False
49023,NYSE-KRAS,5529,False
49023,NYSE-KRAS,5531,False
49023,NYSE-KTST,5615,False
49023,NYSE-KTST,5613,False
49023,NYSE-KTST,5612,False
49023,NYSE-KTST,5610,False
49023,NYSE-KTST,5609,False
49023,NYSE-KTST,5607,False
49023,NYSE-KTST,5614,False
49023,NYSE-KTST,5611,False
49023,NYSE-KTST,5608,False
49023,NYSE-KTST,5616,False
49023,NYSE-MDKA,5380,False
49023,NYSE-MDKA,5378,False
49023,NYSE-MDKA,5376,False
49023,NYSE-MDKA,5374,False
49023,NYSE-MDKA,5377,False
49023,NYSE-MDKA,5379,False
49023,NYSE-MDKA,5381,False
49023,NYSE-MDKA,5373,False
49023,NYSE-MDKA,5375,False
49023,NYSE-MDKA,5372,False
49023,NYSE-NGUP,5811,False
49023,NYSE-NGUP,5809,False
49023,NYSE-SIMP,5767,False
49023,NYSE-SIMP,5765,False
49023,NYSE-SIMP,5763,False
49023,NYSE-SIMP,5761,False
49023,NYSE-SIMP,5769,False
49023,NYSE-SIMP,5768,False
49023,NYSE-SIMP,5764,False
49023,NYSE-SIMP,5760,False
49023,NYSE-SIMP,5766,False
49023,NYSE-SIMP,5762,False
49023,NYSE-XFR,5473,False
49023,NYSE-XFR,5471,False
49023,NYSE-XFR,5469,False
49023,NYSE-XFR,5467,False
49023,NYSE-XFR,5465,False
49023,NYSE-XFR,5472,False
49023,NYSE-XFR,5468,False
49023,NYSE-XFR,5474,False
49023,NYSE-XFR,5470,False
49023,NYSE-XFR,5466,False
49023,NYSE-ZABA,5552,False
49023,NYSE-ZABA,5560,False
49023,NYSE-ZABA,5558,False
49023,NYSE-ZABA,5556,False
49023,NYSE-ZABA,5554,False
49023,NYSE-ZABA,5555,False
49023,NYSE-ZABA,5557,False
49023,NYSE-ZABA,5559,False
49023,NYSE-ZABA,5561,False
49023,NYSE-ZABA,5553,False
49024,NYSE-ZABA,4978,False
49024,NYSE-ZABA,4976,False
49123,NYSE-ETFA3,5500,False
49123,NYSE-ETFA3,5496,False
49123,NYSE-ETFA3,5494,False
49123,NYSE-ETFA3,5492,False
49123,NYSE-ETFA3,5493,False
49123,NYSE-ETFA3,5499,False
49123,NYSE-ETFA3,5497,False
49123,NYSE-ETFA3,5495,False
49123,NYSE-ETFA3,5491,False
49123,NYSE-ETFA3,5498,False
49123,NYSE-ETFA,5490,False
49123,NYSE-ETFA,5489,False
49123,NYSE-ETFA,5487,False
49123,NYSE-ETFA,5485,False
49123,NYSE-ETFA,5483,False
49123,NYSE-ETFA,5488,False
49123,NYSE-ETFA,5486,False
49123,NYSE-ETFA,5484,False
49123,NYSE-ETFA,5482,False
49123,NYSE-ETFA,5481,False
49123,NYSE-CARD,6292,False
49123,NYSE-CARD,6291,False
49123,NYSE-CARD,6287,False
49123,NYSE-CARD,6285,False
49123,NYSE-CARD,6283,False
49123,NYSE-CARD,6289,False
49123,NYSE-CARD,6290,False
49123,NYSE-CARD,6288,False
49123,NYSE-CARD,6286,False
49123,NYSE-CARD,6284,False
49123,NYSE-DDJH,5533,False
49123,NYSE-INA,5819,False
49123,NYSE-INA,5817,False
49123,NYSE-INA,5815,False
49123,NYSE-INA,5813,False
49123,NYSE-INA,5812,False
49123,NYSE-INA,5814,False
49123,NYSE-INA,5816,False
49123,NYSE-INA,5818,False
49123,NYSE-JNAF,5441,False
49123,NYSE-JNAF,5440,False
49123,NYSE-JNAF,5439,False
49123,NYSE-JNAF,5438,False
49123,NYSE-JNAF,5437,False
49123,NYSE-JNAF,5436,False
49123,NYSE-JNAF,5435,False
49123,NYSE-JNAF,5434,False
49123,NYSE-JNAF,5433,False
49123,NYSE-JNAF,5432,False
49123,NYSE-JZRO,5852,False
49123,NYSE-JZRO,5851,False
49123,NYSE-JZRO,5850,False
49123,NYSE-JZRO,5849,False
49123,NYSE-JZRO,5848,False
49123,NYSE-JZRO,5847,False
49123,NYSE-JZRO,5844,False
49123,NYSE-JZRO,5845,False
49123,NYSE-JZRO,5843,False
49123,NYSE-JZRO,5846,False
49123,NYSE-KRAS,5541,False
49123,NYSE-KRAS,5539,False
49123,NYSE-KRAS,5538,False
49123,NYSE-KRAS,5536,False
49123,NYSE-KRAS,5542,False
49123,NYSE-KRAS,5534,False
49123,NYSE-KRAS,5537,False
49123,NYSE-KRAS,5535,False
49123,NYSE-KRAS,5540,False
49123,NYSE-KTST,5626,False
49123,NYSE-KTST,5624,False
49123,NYSE-KTST,5623,False
49123,NYSE-KTST,5621,False
49123,NYSE-KTST,5625,False
49123,NYSE-KTST,5619,False
49123,NYSE-KTST,5617,False
49123,NYSE-KTST,5622,False
49123,NYSE-KTST,5620,False
49123,NYSE-KTST,5618,False
49123,NYSE-MDKA,5391,False
49123,NYSE-MDKA,5390,False
49123,NYSE-MDKA,5389,False
49123,NYSE-MDKA,5388,False
49123,NYSE-MDKA,5387,False
49123,NYSE-MDKA,5386,False
49123,NYSE-MDKA,5384,False
49123,NYSE-MDKA,5382,False
49124,NYSE-MDKA,5383,False
49124,NYSE-MDKA,5385,False
49124,NYSE-NGUP,5821,False
49124,NYSE-SIMP,5777,False
49124,NYSE-SIMP,5770,False
49124,NYSE-SIMP,5779,False
49124,NYSE-SIMP,5771,False
49124,NYSE-SIMP,5775,False
49124,NYSE-SIMP,5773,False
49124,NYSE-SIMP,5774,False
49124,NYSE-SIMP,5772,False
49124,NYSE-SIMP,5776,False
49124,NYSE-SIMP,5778,False
49124,NYSE-XFR,5483,False
49124,NYSE-XFR,5479,False
49124,NYSE-XFR,5475,False
49124,NYSE-XFR,5481,False
49124,NYSE-XFR,5484,False
49124,NYSE-XFR,5480,False
49124,NYSE-XFR,5476,False
49124,NYSE-XFR,5477,False
49124,NYSE-XFR,5482,False
49124,NYSE-XFR,5478,False
49124,NYSE-ZABA,5572,False
49124,NYSE-ZABA,5570,False
49124,NYSE-ZABA,5568,False
49124,NYSE-ZABA,5565,False
49124,NYSE-ZABA,5564,False
49124,NYSE-ZABA,5571,False
49124,NYSE-ZABA,5569,False
49124,NYSE-ZABA,5567,False
49124,NYSE-ZABA,5566,False
49124,NYSE-ZABA,5563,False
49144,NYSE-NGUP,5842,False
49144,NYSE-JZRO,5863,False
49162,NYSE-NGUP,5843,False
49162,NYSE-JZRO,5864,False
49162,NYSE-NGUP,5844,False
49194,NYSE-JZRO,5865,False
49209,NYSE-NGUP,5846,False
49209,NYSE-JZRO,5866,False
49209,NYSE-SIMP,5791,False
49209,NYSE-INA,5833,False
49209,NYSE-JZRO,5867,False
49223,NYSE-ETFA3,5510,False
49223,NYSE-ETFA3,5508,False
49223,NYSE-ETFA3,5506,False
49223,NYSE-ETFA3,5502,False
49223,NYSE-ETFA3,5505,False
49223,NYSE-ETFA3,5509,False
49223,NYSE-ETFA3,5507,False
49223,NYSE-ETFA3,5504,False
49223,NYSE-ETFA3,5503,False
49223,NYSE-ETFA,5500,False
49223,NYSE-ETFA,5496,False
49223,NYSE-ETFA,5494,False
49223,NYSE-ETFA,5492,False
49223,NYSE-ETFA,5493,False
49223,NYSE-ETFA,5499,False
49223,NYSE-ETFA,5497,False
49223,NYSE-ETFA,5495,False
49223,NYSE-ETFA,5491,False
49223,NYSE-ETFA,5498,False
49223,NYSE-CARD,6302,False
49223,NYSE-CARD,6300,False
49223,NYSE-CARD,6298,False
49223,NYSE-CARD,6296,False
49223,NYSE-CARD,6294,False
49223,NYSE-CARD,6297,False
49223,NYSE-CARD,6293,False
49223,NYSE-CARD,6301,False
49223,NYSE-CARD,6299,False
49223,NYSE-CARD,6295,False
49223,NYSE-DDJH,5543,False
49223,NYSE-INA,5829,False
49223,NYSE-INA,5827,False
49223,NYSE-INA,5825,False
49223,NYSE-INA,5823,False
49223,NYSE-INA,5830,False
49223,NYSE-JNAF,5451,False
49223,NYSE-JNAF,5449,False
49223,NYSE-JNAF,5447,False
49223,NYSE-JNAF,5443,False
49223,NYSE-JNAF,5442,False
49223,NYSE-JNAF,5445,False
49224,NYSE-JNAF,5450,False
49224,NYSE-JNAF,5446,False
49224,NYSE-JNAF,5448,False
49224,NYSE-JNAF,5444,False
49224,NYSE-JZRO,5862,False
49224,NYSE-JZRO,5860,False
49224,NYSE-JZRO,5858,False
49224,NYSE-JZRO,5857,False
49224,NYSE-JZRO,5856,False
49224,NYSE-JZRO,5854,False
49224,NYSE-JZRO,5855,False
49224,NYSE-JZRO,5861,False
49224,NYSE-JZRO,5859,False
49224,NYSE-JZRO,5853,False
49224,NYSE-KRAS,5552,False
49224,NYSE-KRAS,5551,False
49224,NYSE-KRAS,5550,False
49224,NYSE-KRAS,5548,False
49224,NYSE-KRAS,5547,False
49224,NYSE-KRAS,5545,False
49224,NYSE-KRAS,5546,False
49224,NYSE-KRAS,5544,False
49224,NYSE-KRAS,5549,False
49224,NYSE-KTST,5636,False
49224,NYSE-KTST,5634,False
49224,NYSE-KTST,5632,False
49224,NYSE-KTST,5631,False
49224,NYSE-KTST,5628,False
49224,NYSE-KTST,5633,False
49224,NYSE-KTST,5630,False
49224,NYSE-KTST,5629,False
49224,NYSE-KTST,5635,False
49224,NYSE-KTST,5627,False
49224,NYSE-MDKA,5400,False
49224,NYSE-MDKA,5398,False
49224,NYSE-MDKA,5396,False
49224,NYSE-MDKA,5394,False
49224,NYSE-MDKA,5392,False
49224,NYSE-MDKA,5401,False
49224,NYSE-MDKA,5397,False
49224,NYSE-MDKA,5399,False
49224,NYSE-MDKA,5395,False
49224,NYSE-MDKA,5393,False
49224,NYSE-NGUP,5831,False
49224,NYSE-NGUP,5833,False
49224,NYSE-SIMP,5788,False
49224,NYSE-SIMP,5786,False
49224,NYSE-SIMP,5784,False
49224,NYSE-SIMP,5782,False
49224,NYSE-SIMP,5780,False
49224,NYSE-SIMP,5783,False
49224,NYSE-SIMP,5785,False
49224,NYSE-SIMP,5787,False
49224,NYSE-SIMP,5789,False
49224,NYSE-XFR,5493,False
49224,NYSE-XFR,5487,False
49224,NYSE-XFR,5485,False
49224,NYSE-XFR,5491,False
49224,NYSE-XFR,5490,False
49224,NYSE-XFR,5488,False
49224,NYSE-XFR,5489,False
49224,NYSE-XFR,5492,False
49224,NYSE-XFR,5494,False
49224,NYSE-XFR,5486,False
49224,NYSE-ZABA,5580,False
49224,NYSE-ZABA,5578,False
49224,NYSE-ZABA,5577,False
49224,NYSE-ZABA,5576,False
49224,NYSE-ZABA,5575,False
49224,NYSE-ZABA,5574,False
49224,NYSE-ZABA,5582,False
49224,NYSE-ZABA,5579,False
49224,NYSE-ZABA,5573,False
49224,NYSE-ZABA,5581,False
49253,NYSE-NGUP,5858,False
49253,NYSE-JZRO,5878,False
49253,NYSE-SIMP,5803,False
49279,NYSE-NGUP,5860,False
49279,NYSE-JZRO,5879,False
49279,NYSE-SIMP,5804,False
49280,NYSE-ZABA,5593,False
49280,NYSE-CARD,6313,False
49291,NYSE-NGUP,5862,False
49291,NYSE-JZRO,5880,False
49291,NYSE-SIMP,5806,False
49291,NYSE-ZABA,5594,False
49291,NYSE-CARD,6314,False
49291,NYSE-NGUP,5864,False
49291,NYSE-JZRO,5881,False
49291,NYSE-ZABA,5595,False
49291,NYSE-CARD,6315,False
49316,NYSE-NGUP,5866,False
49316,NYSE-JZRO,5882,False
49316,NYSE-SIMP,5809,False
49317,NYSE-ZABA,5596,False
49317,NYSE-KRAS,5567,False
49317,NYSE-CARD,6316,False
49323,NYSE-ETFA3,5514,False
49323,NYSE-ETFA3,5513,False
49323,NYSE-ETFA3,5516,False
49323,NYSE-ETFA3,5518,False
49323,NYSE-ETFA3,5520,False
49323,NYSE-ETFA3,5512,False
49323,NYSE-ETFA3,5519,False
49323,NYSE-ETFA3,5515,False
49323,NYSE-ETFA3,5517,False
49323,NYSE-ETFA,5510,False
49323,NYSE-ETFA,5508,False
49323,NYSE-ETFA,5506,False
49323,NYSE-ETFA,5502,False
49323,NYSE-ETFA,5505,False
49323,NYSE-ETFA,5501,False
49323,NYSE-ETFA,5509,False
49323,NYSE-ETFA,5507,False
49323,NYSE-ETFA,5504,False
49323,NYSE-ETFA,5503,False
49323,NYSE-CARD,6311,False
49323,NYSE-CARD,6308,False
49323,NYSE-CARD,6306,False
49323,NYSE-CARD,6304,False
49323,NYSE-CARD,6312,False
49323,NYSE-CARD,6310,False
49323,NYSE-CARD,6309,False
49323,NYSE-CARD,6305,False
49323,NYSE-CARD,6307,False
49323,NYSE-CARD,6303,False
49323,NYSE-DDJH,5553,False
49323,NYSE-INA,5842,False
49323,NYSE-INA,5841,False
49323,NYSE-INA,5839,False
49323,NYSE-INA,5843,False
49323,NYSE-INA,5837,False
49323,NYSE-INA,5835,False
49323,NYSE-INA,5840,False
49323,NYSE-JNAF,5462,False
49323,NYSE-JNAF,5457,False
49323,NYSE-JNAF,5453,False
49323,NYSE-JNAF,5461,False
49323,NYSE-JNAF,5459,False
49323,NYSE-JNAF,5455,False
49323,NYSE-JNAF,5456,False
49323,NYSE-JNAF,5454,False
49323,NYSE-JNAF,5460,False
49323,NYSE-JNAF,5458,False
49323,NYSE-JZRO,5877,False
49323,NYSE-JZRO,5876,False
49323,NYSE-JZRO,5875,False
49323,NYSE-JZRO,5874,False
49323,NYSE-JZRO,5873,False
49323,NYSE-JZRO,5872,False
49323,NYSE-JZRO,5871,False
49323,NYSE-JZRO,5870,False
49323,NYSE-JZRO,5869,False
49323,NYSE-JZRO,5868,False
49323,NYSE-KRAS,5562,False
49323,NYSE-KRAS,5560,False
49323,NYSE-KRAS,5558,False
49324,NYSE-KRAS,5556,False
49324,NYSE-KRAS,5554,False
49324,NYSE-KRAS,5559,False
49324,NYSE-KRAS,5561,False
49324,NYSE-KTST,5647,False
49324,NYSE-KTST,5645,False
49324,NYSE-KTST,5643,False
49324,NYSE-KTST,5640,False
49324,NYSE-KTST,5638,False
49324,NYSE-KTST,5646,False
49324,NYSE-KTST,5641,False
49324,NYSE-KTST,5639,False
49324,NYSE-KTST,5642,False
49324,NYSE-KTST,5644,False
49324,NYSE-MDKA,5411,False
49324,NYSE-MDKA,5410,False
49324,NYSE-MDKA,5409,False
49324,NYSE-MDKA,5408,False
49324,NYSE-MDKA,5407,False
49324,NYSE-MDKA,5406,False
49324,NYSE-MDKA,5405,False
49324,NYSE-MDKA,5403,False
49324,NYSE-MDKA,5404,False
49324,NYSE-MDKA,5412,False
49324,NYSE-NGUP,5857,False
49324,NYSE-NGUP,5856,False
49324,NYSE-NGUP,5854,False
49324,NYSE-NGUP,5855,False
49324,NYSE-SIMP,5801,False
49324,NYSE-SIMP,5799,False
49324,NYSE-SIMP,5797,False
49324,NYSE-SIMP,5795,False
49324,NYSE-SIMP,5794,False
49324,NYSE-SIMP,5798,False
49324,NYSE-SIMP,5800,False
49324,NYSE-SIMP,5796,False
49324,NYSE-XFR,5504,False
49324,NYSE-XFR,5498,False
49324,NYSE-XFR,5497,False
49324,NYSE-XFR,5496,False
49324,NYSE-XFR,5502,False
49324,NYSE-XFR,5500,False
49324,NYSE-XFR,5495,False
49324,NYSE-XFR,5499,False
49324,NYSE-XFR,5501,False
49324,NYSE-XFR,5503,False
49324,NYSE-ZABA,5592,False
49324,NYSE-ZABA,5590,False
49324,NYSE-ZABA,5588,False
49324,NYSE-ZABA,5586,False
49324,NYSE-ZABA,5584,False
49324,NYSE-ZABA,5591,False
49324,NYSE-ZABA,5589,False
49324,NYSE-ZABA,5585,False
49324,NYSE-ZABA,5587,False
49330,NYSE-JZRO,5893,False
49330,NYSE-ZABA,5609,False
49330,NYSE-KRAS,5578,False
49330,NYSE-CARD,6327,False
49344,NYSE-NGUP,5880,False
49344,NYSE-JZRO,5894,False
49344,NYSE-SIMP,5821,False
49344,NYSE-ZABA,5611,False
49344,NYSE-KRAS,5579,False
49344,NYSE-CARD,6328,False
49377,NYSE-NGUP,5881,False
49377,NYSE-JZRO,5895,False
49377,NYSE-SIMP,5822,False
49377,NYSE-ZABA,5613,False
49422,NYSE-ETFA3,5524,False
49422,NYSE-ETFA3,5522,False
49423,NYSE-ETFA3,5521,False
49423,NYSE-ETFA3,5527,False
49423,NYSE-ETFA3,5529,False
49423,NYSE-ETFA3,5523,False
49423,NYSE-ETFA3,5525,False
49423,NYSE-ETFA3,5526,False
49423,NYSE-ETFA3,5528,False
49423,NYSE-ETFA3,5530,False
49423,NYSE-ETFA,5514,False
49423,NYSE-ETFA,5513,False
49423,NYSE-ETFA,5516,False
49423,NYSE-ETFA,5518,False
49423,NYSE-ETFA,5520,False
49423,NYSE-ETFA,5512,False
49423,NYSE-ETFA,5519,False
49423,NYSE-ETFA,5515,False
49423,NYSE-ETFA,5517,False
49423,NYSE-ETFA,5511,False
49423,NYSE-CARD,6325,False
49423,NYSE-CARD,6323,False
49423,NYSE-CARD,6318,False
49423,NYSE-CARD,6322,False
49423,NYSE-CARD,6320,False
49423,NYSE-CARD,6317,False
49423,NYSE-CARD,6319,False
49423,NYSE-CARD,6321,False
49423,NYSE-CARD,6324,False
49423,NYSE-CARD,6326,False
49423,NYSE-DDJH,5565,False
49423,NYSE-DDJH,5567,False
49423,NYSE-DDJH,5563,False
49423,NYSE-INA,5847,False
49423,NYSE-INA,5852,False
49423,NYSE-INA,5851,False
49423,NYSE-INA,5850,False
49423,NYSE-INA,5849,False
49423,NYSE-INA,5848,False
49423,NYSE-INA,5845,False
49423,NYSE-INA,5853,False
49423,NYSE-JNAF,5471,False
49423,NYSE-JNAF,5469,False
49423,NYSE-JNAF,5467,False
49423,NYSE-JNAF,5465,False
49423,NYSE-JNAF,5464,False
49423,NYSE-JNAF,5463,False
49423,NYSE-JNAF,5472,False
49423,NYSE-JNAF,5468,False
49423,NYSE-JNAF,5470,False
49423,NYSE-JNAF,5466,False
49423,NYSE-JZRO,5892,False
49423,NYSE-JZRO,5890,False
49423,NYSE-JZRO,5889,False
49423,NYSE-JZRO,5888,False
49423,NYSE-JZRO,5887,False
49423,NYSE-JZRO,5886,False
49423,NYSE-JZRO,5885,False
49423,NYSE-JZRO,5884,False
49423,NYSE-JZRO,5891,False
49423,NYSE-JZRO,5883,False
49423,NYSE-KRAS,5572,False
49423,NYSE-KRAS,5573,False
49423,NYSE-KRAS,5571,False
49423,NYSE-KRAS,5569,False
49423,NYSE-KTST,5656,False
49423,NYSE-KTST,5654,False
49423,NYSE-KTST,5651,False
49423,NYSE-KTST,5649,False
49423,NYSE-KTST,5657,False
49423,NYSE-KTST,5652,False
49423,NYSE-KTST,5650,False
49423,NYSE-KTST,5648,False
49423,NYSE-KTST,5655,False
49423,NYSE-KTST,5653,False
49423,NYSE-MDKA,5420,False
49423,NYSE-MDKA,5418,False
49423,NYSE-MDKA,5416,False
49423,NYSE-MDKA,5414,False
49423,NYSE-MDKA,5421,False
49423,NYSE-MDKA,5417,False
49423,NYSE-MDKA,5419,False
49423,NYSE-MDKA,5422,False
49423,NYSE-MDKA,5413,False
49423,NYSE-MDKA,5415,False
49423,NYSE-NGUP,5877,False
49423,NYSE-NGUP,5876,False
49423,NYSE-NGUP,5875,False
49423,NYSE-NGUP,5874,False
49423,NYSE-NGUP,5873,False
49423,NYSE-NGUP,5872,False
49423,NYSE-NGUP,5871,False
49423,NYSE-NGUP,5870,False
49423,NYSE-NGUP,5869,False
49423,NYSE-NGUP,5868,False
49423,NYSE-SIMP,5819,False
49423,NYSE-SIMP,5817,False
49423,NYSE-SIMP,5815,False
49423,NYSE-SIMP,5813,False
49423,NYSE-SIMP,5810,False
49423,NYSE-SIMP,5812,False
49423,NYSE-SIMP,5814,False
49423,NYSE-SIMP,5816,False
49423,NYSE-SIMP,5818,False
49423,NYSE-XFR,5508,False
49423,NYSE-XFR,5506,False
49423,NYSE-XFR,5513,False
49423,NYSE-XFR,5511,False
49423,NYSE-XFR,5509,False
49423,NYSE-XFR,5510,False
49423,NYSE-XFR,5514,False
49423,NYSE-XFR,5512,False
49423,NYSE-XFR,5505,False
49423,NYSE-XFR,5507,False
49423,NYSE-ZABA,5607,False
49423,NYSE-ZABA,5605,False
49423,NYSE-ZABA,5603,False
49423,NYSE-ZABA,5602,False
49423,NYSE-ZABA,5600,False
49423,NYSE-ZABA,5598,False
49423,NYSE-ZABA,5606,False
49423,NYSE-ZABA,5604,False
49430,NYSE-JZRO,5909,False
49430,NYSE-ZABA,5624,False
49440,NYSE-JZRO,5910,False
49440,NYSE-ZABA,5625,False
49450,NYSE-JZRO,5911,False
49450,NYSE-ZABA,5626,False
49459,NYSE-ZABA,5627,False
49469,NYSE-JZRO,5912,False
49498,NYSE-ZABA,5628,False
49510,NYSE-KTST,5658,False
49510,NYSE-DDJH,5573,False
49510,NYSE-ETFA,5521,False
49510,NYSE-JZRO,5896,False
49510,NYSE-JNAF,5473,False
49510,NYSE-CARD,6329,False
49510,NYSE-KRAS,5580,False
49510,NYSE-XFR,5515,False
49522,NYSE-ETFA3,5540,False
49522,NYSE-ETFA3,5538,False
49522,NYSE-ETFA3,5536,False
49522,NYSE-ETFA3,5534,False
49523,NYSE-ETFA3,5539,False
49523,NYSE-ETFA3,5533,False
49523,NYSE-ETFA3,5535,False
49523,NYSE-ETFA3,5537,False
49523,NYSE-ETFA,5524,False
49523,NYSE-ETFA,5522,False
49523,NYSE-ETFA,5527,False
49523,NYSE-ETFA,5529,False
49523,NYSE-ETFA,5531,False
49523,NYSE-ETFA,5523,False
49523,NYSE-ETFA,5525,False
49523,NYSE-ETFA,5526,False
49523,NYSE-ETFA,5528,False
49523,NYSE-ETFA,5530,False
49523,NYSE-CARD,6331,False
49523,NYSE-CARD,6338,False
49523,NYSE-CARD,6336,False
49523,NYSE-CARD,6334,False
49523,NYSE-CARD,6335,False
49523,NYSE-CARD,6333,False
49523,NYSE-CARD,6339,False
49523,NYSE-CARD,6337,False
49523,NYSE-CARD,6330,False
49523,NYSE-CARD,6332,False
49523,NYSE-DDJH,5580,False
49523,NYSE-DDJH,5578,False
49523,NYSE-DDJH,5576,False
49523,NYSE-DDJH,5574,False
49523,NYSE-INA,5864,False
49523,NYSE-INA,5862,False
49523,NYSE-INA,5860,False
49523,NYSE-INA,5858,False
49523,NYSE-INA,5856,False
49523,NYSE-JNAF,5483,False
49523,NYSE-JNAF,5481,False
49523,NYSE-JNAF,5479,False
49523,NYSE-JNAF,5475,False
49523,NYSE-JNAF,5480,False
49523,NYSE-JNAF,5476,False
49523,NYSE-JNAF,5474,False
49523,NYSE-JNAF,5477,False
49523,NYSE-JNAF,5482,False
49523,NYSE-JNAF,5478,False
49523,NYSE-JZRO,5908,False
49523,NYSE-JZRO,5907,False
49523,NYSE-JZRO,5906,False
49523,NYSE-JZRO,5905,False
49523,NYSE-JZRO,5904,False
49523,NYSE-JZRO,5903,False
49523,NYSE-JZRO,5902,False
49523,NYSE-JZRO,5900,False
49523,NYSE-JZRO,5899,False
49523,NYSE-JZRO,5901,False
49523,NYSE-KRAS,5583,False
49523,NYSE-KRAS,5581,False
49523,NYSE-KTST,5668,False
49523,NYSE-KTST,5665,False
49523,NYSE-KTST,5663,False
49523,NYSE-KTST,5662,False
49523,NYSE-KTST,5661,False
49523,NYSE-KTST,5659,False
49523,NYSE-KTST,5667,False
49523,NYSE-KTST,5666,False
49523,NYSE-KTST,5660,False
49523,NYSE-KTST,5664,False
49523,NYSE-MDKA,5432,False
49523,NYSE-MDKA,5430,False
49523,NYSE-MDKA,5429,False
49523,NYSE-MDKA,5428,False
49523,NYSE-MDKA,5426,False
49523,NYSE-MDKA,5425,False
49523,NYSE-MDKA,5424,False
49523,NYSE-MDKA,5423,False
49523,NYSE-MDKA,5427,False
49523,NYSE-MDKA,5431,False
49523,NYSE-NGUP,5890,False
49523,NYSE-NGUP,5889,False
49523,NYSE-NGUP,5888,False
49523,NYSE-NGUP,5887,False
49523,NYSE-NGUP,5885,False
49523,NYSE-NGUP,5891,False
49523,NYSE-NGUP,5883,False
49523,NYSE-SIMP,5831,False
49523,NYSE-SIMP,5829,False
49523,NYSE-SIMP,5827,False
49523,NYSE-SIMP,5825,False
49523,NYSE-SIMP,5832,False
49523,NYSE-SIMP,5824,False
49523,NYSE-SIMP,5823,False
49523,NYSE-SIMP,5830,False
49523,NYSE-SIMP,5826,False
49523,NYSE-SIMP,5828,False
49523,NYSE-XFR,5525,False
49523,NYSE-XFR,5523,False
49523,NYSE-XFR,5521,False
49523,NYSE-XFR,5520,False
49523,NYSE-XFR,5517,False
49523,NYSE-XFR,5522,False
49523,NYSE-XFR,5518,False
49523,NYSE-XFR,5519,False
49523,NYSE-XFR,5516,False
49523,NYSE-XFR,5524,False
49523,NYSE-ZABA,5614,False
49523,NYSE-ZABA,5622,False
49523,NYSE-ZABA,5620,False
49523,NYSE-ZABA,5618,False
49523,NYSE-ZABA,5616,False
49546,NYSE-JZRO,5925,False
49546,NYSE-ZABA,5640,False
49616,NYSE-ZABA,5642,False
49623,NYSE-ETFA3,5546,False
49623,NYSE-ETFA3,5544,False
49623,NYSE-ETFA3,5545,False
49623,NYSE-ETFA3,5547,False
49623,NYSE-ETFA3,5549,False
49623,NYSE-ETFA3,5548,False
49623,NYSE-ETFA3,5550,False
49623,NYSE-ETFA,5540,False
49623,NYSE-ETFA,5538,False
49623,NYSE-ETFA,5536,False
49623,NYSE-ETFA,5534,False
49623,NYSE-ETFA,5542,False
49623,NYSE-ETFA,5539,False
49623,NYSE-ETFA,5541,False
49623,NYSE-ETFA,5543,False
49623,NYSE-ETFA,5535,False
49623,NYSE-ETFA,5537,False
49623,NYSE-CARD,6351,False
49623,NYSE-CARD,6349,False
49623,NYSE-CARD,6344,False
49623,NYSE-CARD,6342,False
49623,NYSE-CARD,6346,False
49623,NYSE-CARD,6345,False
49623,NYSE-CARD,6347,False
49623,NYSE-CARD,6343,False
49623,NYSE-CARD,6348,False
49623,NYSE-CARD,6350,False
49623,NYSE-DDJH,5590,False
49623,NYSE-DDJH,5588,False
49623,NYSE-DDJH,5586,False
49623,NYSE-DDJH,5584,False
49623,NYSE-INA,5875,False
49623,NYSE-INA,5874,False
49623,NYSE-INA,5873,False
49623,NYSE-INA,5872,False
49623,NYSE-INA,5871,False
49623,NYSE-INA,5870,False
49623,NYSE-INA,5869,False
49623,NYSE-INA,5868,False
49623,NYSE-INA,5867,False
49623,NYSE-JNAF,5493,False
49623,NYSE-JNAF,5491,False
49623,NYSE-JNAF,5487,False
49623,NYSE-JNAF,5485,False
49623,NYSE-JNAF,5490,False
49623,NYSE-JNAF,5488,False
49623,NYSE-JNAF,5489,False
49623,NYSE-JNAF,5492,False
49623,NYSE-JNAF,5494,False
49623,NYSE-JNAF,5486,False
49623,NYSE-JZRO,5923,False
49623,NYSE-JZRO,5921,False
49623,NYSE-JZRO,5919,False
49623,NYSE-JZRO,5917,False
49623,NYSE-JZRO,5915,False
49623,NYSE-JZRO,5918,False
49623,NYSE-JZRO,5920,False
49623,NYSE-JZRO,5922,False
49623,NYSE-JZRO,5916,False
49623,NYSE-JZRO,5924,False
49623,NYSE-KRAS,5591,False
49623,NYSE-KRAS,5593,False
49623,NYSE-KTST,5679,False
49623,NYSE-KTST,5677,False
49623,NYSE-KTST,5675,False
49623,NYSE-KTST,5674,False
49623,NYSE-KTST,5672,False
49623,NYSE-KTST,5670,False
49623,NYSE-KTST,5673,False
49623,NYSE-KTST,5671,False
49623,NYSE-KTST,5678,False
49623,NYSE-KTST,5676,False
49623,NYSE-MDKA,5443,False
49623,NYSE-MDKA,5442,False
49623,NYSE-MDKA,5441,False
49623,NYSE-MDKA,5440,False
49623,NYSE-MDKA,5439,False
49623,NYSE-MDKA,5438,False
49623,NYSE-MDKA,5437,False
49623,NYSE-MDKA,5436,False
49623,NYSE-MDKA,5435,False
49623,NYSE-MDKA,5434,False
49624,NYSE-NGUP,5902,False
49624,NYSE-NGUP,5900,False
49624,NYSE-NGUP,5899,False
49624,NYSE-NGUP,5895,False
49624,NYSE-NGUP,5893,False
49624,NYSE-NGUP,5897,False
49624,NYSE-NGUP,5901,False
49624,NYSE-SIMP,5842,False
49624,NYSE-SIMP,5841,False
49624,NYSE-SIMP,5839,False
49624,NYSE-SIMP,5834,False
49624,NYSE-SIMP,5833,False
49624,NYSE-SIMP,5837,False
49624,NYSE-SIMP,5835,False
49624,NYSE-SIMP,5838,False
49624,NYSE-SIMP,5840,False
49624,NYSE-SIMP,5836,False
49624,NYSE-XFR,5527,False
49624,NYSE-XFR,5530,False
49624,NYSE-XFR,5528,False
49624,NYSE-XFR,5529,False
49624,NYSE-XFR,5531,False
49624,NYSE-XFR,5526,False
49624,NYSE-XFR,5532,False
49624,NYSE-XFR,5534,False
49624,NYSE-XFR,5533,False
49624,NYSE-XFR,5535,False
49624,NYSE-ZABA,5638,False
49624,NYSE-ZABA,5631,False
49624,NYSE-ZABA,5633,False
49624,NYSE-ZABA,5629,False
49624,NYSE-ZABA,5637,False
49624,NYSE-ZABA,5635,False
49632,NYSE-MDKA,5454,False
49632,NYSE-JNAF,5505,False
49632,NYSE-NGUP,5914,False
49632,NYSE-SIMP,5853,False
49632,NYSE-JZRO,5937,False
49632,NYSE-KRAS,5611,False
49662,NYSE-ZABA,5655,False
49662,NYSE-CARD,6362,False
49723,NYSE-ETFA3,5556,False
49723,NYSE-ETFA3,5558,False
49723,NYSE-ETFA3,5554,False
49723,NYSE-ETFA3,5560,False
49723,NYSE-ETFA3,5555,False
49723,NYSE-ETFA3,5557,False
49723,NYSE-ETFA3,5559,False
49723,NYSE-ETFA,5546,False
49723,NYSE-ETFA,5544,False
49723,NYSE-ETFA,5552,False
49723,NYSE-ETFA,5545,False
49723,NYSE-ETFA,5547,False
49723,NYSE-ETFA,5549,False
49723,NYSE-ETFA,5551,False
49723,NYSE-ETFA,5553,False
49723,NYSE-ETFA,5548,False
49723,NYSE-ETFA,5550,False
49723,NYSE-CARD,6360,False
49723,NYSE-CARD,6358,False
49723,NYSE-CARD,6356,False
49723,NYSE-CARD,6354,False
49723,NYSE-CARD,6352,False
49723,NYSE-CARD,6353,False
49723,NYSE-CARD,6355,False
49723,NYSE-CARD,6357,False
49723,NYSE-CARD,6359,False
49723,NYSE-CARD,6361,False
49723,NYSE-DDJH,5600,False
49723,NYSE-DDJH,5598,False
49723,NYSE-DDJH,5596,False
49723,NYSE-DDJH,5594,False
49723,NYSE-DDJH,5599,False
49723,NYSE-DDJH,5597,False
49723,NYSE-DDJH,5595,False
49723,NYSE-INA,5887,False
49723,NYSE-INA,5885,False
49723,NYSE-INA,5879,False
49723,NYSE-INA,5886,False
49723,NYSE-INA,5884,False
49723,NYSE-INA,5882,False
49723,NYSE-INA,5881,False
49723,NYSE-INA,5883,False
49723,NYSE-JNAF,5504,False
49723,NYSE-JNAF,5502,False
49723,NYSE-JNAF,5498,False
49723,NYSE-JNAF,5497,False
49723,NYSE-JNAF,5496,False
49723,NYSE-JNAF,5500,False
49723,NYSE-JNAF,5495,False
49723,NYSE-JNAF,5499,False
49723,NYSE-JNAF,5501,False
49723,NYSE-JNAF,5503,False
49723,NYSE-JZRO,5935,False
49723,NYSE-JZRO,5933,False
49723,NYSE-JZRO,5932,False
49723,NYSE-JZRO,5931,False
49723,NYSE-JZRO,5930,False
49723,NYSE-JZRO,5929,False
49723,NYSE-JZRO,5928,False
49723,NYSE-JZRO,5936,False
49723,NYSE-JZRO,5934,False
49723,NYSE-KRAS,5602,False
49723,NYSE-KTST,5689,False
49723,NYSE-KTST,5687,False
49723,NYSE-KTST,5685,False
49723,NYSE-KTST,5683,False
49723,NYSE-KTST,5681,False
49723,NYSE-KTST,5682,False
49723,NYSE-KTST,5680,False
49723,NYSE-KTST,5684,False
49723,NYSE-KTST,5688,False
49723,NYSE-KTST,5686,False
49723,NYSE-MDKA,5451,False
49723,NYSE-MDKA,5449,False
49723,NYSE-MDKA,5447,False
49723,NYSE-MDKA,5453,False
49723,NYSE-MDKA,5445,False
49723,NYSE-MDKA,5450,False
49723,NYSE-MDKA,5446,False
49723,NYSE-MDKA,5448,False
49723,NYSE-MDKA,5452,False
49723,NYSE-MDKA,5444,False
49723,NYSE-NGUP,5912,False
49723,NYSE-NGUP,5910,False
49723,NYSE-NGUP,5909,False
49723,NYSE-NGUP,5908,False
49723,NYSE-NGUP,5907,False
49723,NYSE-NGUP,5906,False
49723,NYSE-NGUP,5904,False
49723,NYSE-NGUP,5911,False
49723,NYSE-NGUP,5913,False
49723,NYSE-SIMP,5852,False
49723,NYSE-SIMP,5851,False
49723,NYSE-SIMP,5850,False
49723,NYSE-SIMP,5849,False
49723,NYSE-SIMP,5848,False
49723,NYSE-SIMP,5847,False
49723,NYSE-SIMP,5845,False
49723,NYSE-SIMP,5843,False
49723,NYSE-SIMP,5846,False
49723,NYSE-XFR,5545,False
49723,NYSE-XFR,5543,False
49723,NYSE-XFR,5541,False
49723,NYSE-XFR,5539,False
49723,NYSE-XFR,5538,False
49723,NYSE-XFR,5536,False
49723,NYSE-XFR,5542,False
49723,NYSE-XFR,5537,False
49723,NYSE-XFR,5544,False
49723,NYSE-XFR,5540,False
49724,NYSE-ZABA,5651,False
49724,NYSE-ZABA,5649,False
49724,NYSE-ZABA,5647,False
49724,NYSE-ZABA,5645,False
49724,NYSE-ZABA,5643,False
49724,NYSE-ZABA,5652,False
49724,NYSE-ZABA,5650,False
49724,NYSE-ZABA,5648,False
49724,NYSE-ZABA,5646,False
49733,NYSE-JZRO,5949,False
49733,NYSE-JNAF,5516,False
49733,NYSE-INA,5900,False
49733,NYSE-JZRO,5950,False
49733,NYSE-KRAS,5623,False
49740,NYSE-ZABA,5667,False
49781,NYSE-ZABA,5669,False
49781,NYSE-NGUP,5928,False
49822,NYSE-ETFA3,5570,False
49822,NYSE-ETFA3,5568,False
49822,NYSE-ETFA3,5566,False
49822,NYSE-ETFA3,5564,False
49823,NYSE-ETFA3,5567,False
49823,NYSE-ETFA3,5569,False
49823,NYSE-ETFA3,5565,False
49823,NYSE-ETFA,5556,False
49823,NYSE-ETFA,5558,False
49823,NYSE-ETFA,5554,False
49823,NYSE-ETFA,5560,False
49823,NYSE-ETFA,5562,False
49823,NYSE-ETFA,5555,False
49823,NYSE-ETFA,5563,False
49823,NYSE-ETFA,5557,False
49823,NYSE-ETFA,5559,False
49823,NYSE-ETFA,5561,False
49823,NYSE-CARD,6372,False
49823,NYSE-CARD,6370,False
49823,NYSE-CARD,6368,False
49823,NYSE-CARD,6366,False
49823,NYSE-CARD,6365,False
49823,NYSE-CARD,6364,False
49823,NYSE-CARD,6371,False
49823,NYSE-CARD,6367,False
49823,NYSE-CARD,6369,False
49823,NYSE-DDJH,5609,False
49823,NYSE-DDJH,5607,False
49823,NYSE-DDJH,5605,False
49823,NYSE-DDJH,5611,False
49823,NYSE-INA,5899,False
49823,NYSE-INA,5895,False
49823,NYSE-INA,5893,False
49823,NYSE-INA,5892,False
49823,NYSE-INA,5898,False
49823,NYSE-INA,5894,False
49823,NYSE-INA,5891,False
49823,NYSE-INA,5896,False
49823,NYSE-INA,5897,False
49823,NYSE-JNAF,5513,False
49823,NYSE-JNAF,5511,False
49823,NYSE-JNAF,5508,False
49823,NYSE-JNAF,5506,False
49823,NYSE-JNAF,5509,False
49823,NYSE-JNAF,5515,False
49823,NYSE-JNAF,5510,False
49823,NYSE-JNAF,5514,False
49823,NYSE-JNAF,5512,False
49823,NYSE-JNAF,5507,False
49823,NYSE-JZRO,5948,False
49823,NYSE-JZRO,5947,False
49823,NYSE-JZRO,5946,False
49823,NYSE-JZRO,5941,False
49823,NYSE-JZRO,5939,False
49823,NYSE-JZRO,5944,False
49823,NYSE-JZRO,5943,False
49823,NYSE-JZRO,5945,False
49823,NYSE-JZRO,5942,False
49823,NYSE-JZRO,5940,False
49823,NYSE-KRAS,5613,False
49823,NYSE-KTST,5699,False
49823,NYSE-KTST,5697,False
49823,NYSE-KTST,5696,False
49823,NYSE-KTST,5691,False
49823,NYSE-KTST,5700,False
49823,NYSE-KTST,5698,False
49823,NYSE-KTST,5694,False
49823,NYSE-KTST,5692,False
49823,NYSE-KTST,5695,False
49823,NYSE-KTST,5693,False
49823,NYSE-MDKA,5464,False
49823,NYSE-MDKA,5463,False
49823,NYSE-MDKA,5462,False
49823,NYSE-MDKA,5457,False
49823,NYSE-MDKA,5461,False
49823,NYSE-MDKA,5459,False
49823,NYSE-MDKA,5455,False
49823,NYSE-MDKA,5456,False
49823,NYSE-MDKA,5460,False
49823,NYSE-MDKA,5458,False
49823,NYSE-NGUP,5923,False
49823,NYSE-NGUP,5921,False
49823,NYSE-NGUP,5919,False
49823,NYSE-NGUP,5917,False
49823,NYSE-NGUP,5915,False
49823,NYSE-NGUP,5920,False
49823,NYSE-NGUP,5922,False
49823,NYSE-NGUP,5924,False
49823,NYSE-SIMP,5864,False
49823,NYSE-SIMP,5862,False
49823,NYSE-SIMP,5860,False
49823,NYSE-SIMP,5858,False
49823,NYSE-SIMP,5856,False
49823,NYSE-SIMP,5857,False
49823,NYSE-SIMP,5855,False
49823,NYSE-SIMP,5861,False
49823,NYSE-SIMP,5859,False
49823,NYSE-SIMP,5863,False
49823,NYSE-XFR,5552,False
49823,NYSE-XFR,5551,False
49823,NYSE-XFR,5550,False
49823,NYSE-XFR,5548,False
49823,NYSE-XFR,5547,False
49823,NYSE-XFR,5556,False
49823,NYSE-XFR,5554,False
49823,NYSE-XFR,5549,False
49823,NYSE-XFR,5555,False
49823,NYSE-XFR,5553,False
49823,NYSE-ZABA,5665,False
49823,NYSE-ZABA,5663,False
49823,NYSE-ZABA,5662,False
49823,NYSE-ZABA,5661,False
49823,NYSE-ZABA,5659,False
49823,NYSE-ZABA,5658,False
49823,NYSE-ZABA,5656,False
49823,NYSE-ZABA,5660,False
49823,NYSE-ZABA,5664,False
49829,NYSE-JNAF,5527,False
49843,NYSE-NGUP,5939,False
49898,NYSE-KRAS,5077,False
49898,NYSE-KRAS,5083,False
49898,NYSE-KRAS,5081,False
49898,NYSE-KRAS,5079,False
49898,NYSE-KRAS,5634,False
49898,NYSE-INA,5915,False
49898,NYSE-ZABA,5681,False
49923,NYSE-ETFA3,5578,False
49923,NYSE-ETFA3,5576,False
49923,NYSE-ETFA3,5580,False
49923,NYSE-ETFA3,5574,False
49923,NYSE-ETFA3,5575,False
49923,NYSE-ETFA3,5581,False
49923,NYSE-ETFA3,5577,False
49923,NYSE-ETFA3,5579,False
49923,NYSE-ETFA,5570,False
49923,NYSE-ETFA,5568,False
49923,NYSE-ETFA,5566,False
49923,NYSE-ETFA,5572,False
49923,NYSE-ETFA,5564,False
49923,NYSE-ETFA,5567,False
49923,NYSE-ETFA,5569,False
49923,NYSE-ETFA,5571,False
49923,NYSE-ETFA,5573,False
49923,NYSE-ETFA,5565,False
49923,NYSE-CARD,6383,False
49923,NYSE-CARD,6382,False
49923,NYSE-CARD,6380,False
49923,NYSE-CARD,6384,False
49923,NYSE-CARD,6378,False
49923,NYSE-CARD,6376,False
49923,NYSE-CARD,6379,False
49923,NYSE-CARD,6381,False
49923,NYSE-CARD,6377,False
49923,NYSE-DDJH,5623,False
49923,NYSE-DDJH,5621,False
49923,NYSE-DDJH,5615,False
49923,NYSE-DDJH,5619,False
49923,NYSE-DDJH,5617,False
49923,NYSE-DDJH,5622,False
49923,NYSE-DDJH,5620,False
49923,NYSE-DDJH,5618,False
49923,NYSE-INA,5912,False
49923,NYSE-INA,5910,False
49923,NYSE-INA,5909,False
49923,NYSE-INA,5908,False
49923,NYSE-INA,5907,False
49923,NYSE-INA,5906,False
49923,NYSE-INA,5904,False
49923,NYSE-INA,5905,False
49923,NYSE-INA,5911,False
49923,NYSE-INA,5913,False
49923,NYSE-JNAF,5525,False
49923,NYSE-JNAF,5523,False
49923,NYSE-JNAF,5521,False
49923,NYSE-JNAF,5520,False
49923,NYSE-JNAF,5517,False
49923,NYSE-JNAF,5522,False
49923,NYSE-JNAF,5518,False
49923,NYSE-JNAF,5519,False
49923,NYSE-JNAF,5526,False
49923,NYSE-JNAF,5524,False
49923,NYSE-JZRO,5959,False
49923,NYSE-JZRO,5957,False
49923,NYSE-JZRO,5955,False
49923,NYSE-JZRO,5952,False
49923,NYSE-JZRO,5951,False
49923,NYSE-JZRO,5958,False
49923,NYSE-JZRO,5953,False
49923,NYSE-JZRO,5960,False
49923,NYSE-JZRO,5954,False
49923,NYSE-JZRO,5956,False
49923,NYSE-KTST,5710,False
49923,NYSE-KTST,5708,False
49923,NYSE-KTST,5707,False
49923,NYSE-KTST,5705,False
49923,NYSE-KTST,5701,False
49923,NYSE-KTST,5703,False
49923,NYSE-KTST,5706,False
49923,NYSE-KTST,5704,False
49923,NYSE-KTST,5702,False
49923,NYSE-KTST,5709,False
49923,NYSE-MDKA,5473,False
49924,NYSE-MDKA,5471,False
49924,NYSE-MDKA,5469,False
49924,NYSE-MDKA,5467,False
49924,NYSE-MDKA,5465,False
49924,NYSE-MDKA,5472,False
49924,NYSE-MDKA,5468,False
49924,NYSE-MDKA,5474,False
49924,NYSE-MDKA,5470,False
49924,NYSE-MDKA,5466,False
49924,NYSE-NGUP,5937,False
49924,NYSE-NGUP,5935,False
49924,NYSE-NGUP,5933,False
49924,NYSE-NGUP,5932,False
49924,NYSE-NGUP,5930,False
49924,NYSE-NGUP,5938,False
49924,NYSE-NGUP,5936,False
49924,NYSE-NGUP,5934,False
49924,NYSE-SIMP,5874,False
49924,NYSE-SIMP,5873,False
49924,NYSE-SIMP,5872,False
49924,NYSE-SIMP,5871,False
49924,NYSE-SIMP,5870,False
49924,NYSE-SIMP,5869,False
49924,NYSE-SIMP,5868,False
49924,NYSE-SIMP,5866,False
49924,NYSE-SIMP,5867,False
49924,NYSE-XFR,5565,False
49924,NYSE-XFR,5562,False
49924,NYSE-XFR,5564,False
49924,NYSE-XFR,5560,False
49924,NYSE-XFR,5558,False
49924,NYSE-XFR,5566,False
49924,NYSE-XFR,5557,False
49924,NYSE-XFR,5559,False
49924,NYSE-XFR,5561,False
49924,NYSE-XFR,5563,False
49924,NYSE-ZABA,5679,False
49924,NYSE-ZABA,5677,False
49924,NYSE-ZABA,5675,False
49924,NYSE-ZABA,5674,False
49924,NYSE-ZABA,5672,False
49924,NYSE-ZABA,5670,False
49924,NYSE-ZABA,5673,False
49924,NYSE-ZABA,5678,False
49924,NYSE-ZABA,5676,False
49963,NYSE-NGUP,5951,False
49963,NYSE-SIMP,5887,False
49963,NYSE-INA,5926,False
49963,NYSE-ZABA,5692,False
49963,NYSE-KRAS,5095,False
49963,NYSE-KRAS,5093,False
49963,NYSE-KRAS,5091,False
49963,NYSE-KRAS,5089,False
49963,NYSE-KRAS,5646,False
49963,NYSE-CARD,6397,False
50023,NYSE-ETFA3,5591,False
50023,NYSE-ETFA3,5589,False
50023,NYSE-ETFA3,5586,False
50023,NYSE-ETFA3,5588,False
50023,NYSE-ETFA3,5590,False
50023,NYSE-ETFA3,5587,False
50023,NYSE-ETFA,5578,False
50023,NYSE-ETFA,5576,False
50023,NYSE-ETFA,5584,False
50023,NYSE-ETFA,5582,False
50023,NYSE-ETFA,5580,False
50023,NYSE-ETFA,5581,False
50023,NYSE-ETFA,5583,False
50023,NYSE-ETFA,5585,False
50023,NYSE-ETFA,5577,False
50023,NYSE-ETFA,5579,False
50023,NYSE-CARD,6395,False
50023,NYSE-CARD,6393,False
50023,NYSE-CARD,6392,False
50023,NYSE-CARD,6391,False
50023,NYSE-CARD,6390,False
50023,NYSE-CARD,6389,False
50023,NYSE-CARD,6388,False
50023,NYSE-CARD,6396,False
50023,NYSE-CARD,6394,False
50023,NYSE-CARD,6387,False
50023,NYSE-DDJH,5631,False
50023,NYSE-DDJH,5628,False
50023,NYSE-DDJH,5626,False
50023,NYSE-DDJH,5634,False
50023,NYSE-DDJH,5632,False
50023,NYSE-DDJH,5633,False
50023,NYSE-DDJH,5630,False
50023,NYSE-DDJH,5629,False
50023,NYSE-DDJH,5625,False
50023,NYSE-DDJH,5627,False
50023,NYSE-INA,5925,False
50023,NYSE-INA,5923,False
50023,NYSE-INA,5921,False
50023,NYSE-INA,5919,False
50023,NYSE-INA,5917,False
50024,NYSE-INA,5329,False
50024,NYSE-INA,5327,False
50024,NYSE-INA,5325,False
50024,NYSE-JNAF,5538,False
50024,NYSE-JNAF,5536,False
50024,NYSE-JNAF,5530,False
50024,NYSE-JNAF,5529,False
50024,NYSE-JNAF,5531,False
50024,NYSE-JNAF,5532,False
50024,NYSE-JNAF,5534,False
50024,NYSE-JNAF,5537,False
50024,NYSE-JNAF,5533,False
50024,NYSE-JNAF,5535,False
50024,NYSE-JZRO,5971,False
50024,NYSE-JZRO,5970,False
50024,NYSE-JZRO,5969,False
50024,NYSE-JZRO,5967,False
50024,NYSE-JZRO,5966,False
50024,NYSE-JZRO,5965,False
50024,NYSE-JZRO,5964,False
50024,NYSE-JZRO,5968,False
50024,NYSE-JZRO,5962,False
50024,NYSE-JZRO,5963,False
50024,NYSE-KRAS,5645,False
50024,NYSE-KTST,5718,False
50024,NYSE-KTST,5717,False
50024,NYSE-KTST,5716,False
50024,NYSE-KTST,5715,False
50024,NYSE-KTST,5714,False
50024,NYSE-KTST,5713,False
50024,NYSE-KTST,5721,False
50024,NYSE-KTST,5719,False
50024,NYSE-KTST,5720,False
50024,NYSE-KTST,5722,False
50024,NYSE-MDKA,5483,False
50024,NYSE-MDKA,5481,False
50024,NYSE-MDKA,5479,False
50024,NYSE-MDKA,5475,False
50024,NYSE-MDKA,5484,False
50024,NYSE-MDKA,5480,False
50024,NYSE-MDKA,5476,False
50024,NYSE-MDKA,5477,False
50024,NYSE-MDKA,5482,False
50024,NYSE-MDKA,5478,False
50024,NYSE-NGUP,5950,False
50024,NYSE-NGUP,5948,False
50024,NYSE-NGUP,5946,False
50024,NYSE-NGUP,5944,False
50024,NYSE-NGUP,5942,False
50024,NYSE-SIMP,5885,False
50024,NYSE-SIMP,5884,False
50024,NYSE-SIMP,5882,False
50024,NYSE-SIMP,5879,False
50024,NYSE-SIMP,5876,False
50024,NYSE-SIMP,5880,False
50024,NYSE-SIMP,5878,False
50024,NYSE-SIMP,5881,False
50024,NYSE-SIMP,5883,False
50024,NYSE-XFR,5576,False
50024,NYSE-XFR,5574,False
50024,NYSE-XFR,5572,False
50024,NYSE-XFR,5575,False
50024,NYSE-XFR,5570,False
50024,NYSE-XFR,5568,False
50024,NYSE-XFR,5573,False
50024,NYSE-XFR,5571,False
50024,NYSE-XFR,5569,False
50024,NYSE-XFR,5567,False
50024,NYSE-ZABA,5691,False
50024,NYSE-ZABA,5689,False
50024,NYSE-ZABA,5687,False
50024,NYSE-ZABA,5685,False
50024,NYSE-ZABA,5683,False
50024,NYSE-ZABA,5684,False
50024,NYSE-ZABA,5688,False
50024,NYSE-ZABA,5686,False
50024,NYSE-ZABA,5690,False
50058,NYSE-CARD,6408,False
50058,NYSE-CARD,6409,False
50058,NYSE-JZRO,5982,False
50058,NYSE-KRAS,5661,False
50058,NYSE-JNAF,5549,False
50058,NYSE-MDKA,5495,False
50058,NYSE-ZABA,5705,False
50058,NYSE-SIMP,5899,False
50122,NYSE-ETFA3,5600,False
50122,NYSE-ETFA3,5596,False
50123,NYSE-ETFA3,5598,False
50123,NYSE-ETFA3,5597,False
50123,NYSE-ETFA3,5599,False
50123,NYSE-ETFA3,5601,False
50123,NYSE-ETFA,5591,False
50123,NYSE-ETFA,5589,False
50123,NYSE-ETFA,5586,False
50123,NYSE-ETFA,5594,False
50123,NYSE-ETFA,5588,False
50123,NYSE-ETFA,5592,False
50123,NYSE-ETFA,5590,False
50123,NYSE-ETFA,5593,False
50123,NYSE-ETFA,5595,False
50123,NYSE-CARD,6407,False
50123,NYSE-CARD,6405,False
50123,NYSE-CARD,6403,False
50123,NYSE-CARD,6401,False
50123,NYSE-CARD,6399,False
50123,NYSE-CARD,6398,False
50123,NYSE-CARD,6406,False
50123,NYSE-CARD,6402,False
50123,NYSE-CARD,6400,False
50123,NYSE-CARD,6404,False
50123,NYSE-DDJH,5643,False
50123,NYSE-DDJH,5640,False
50123,NYSE-DDJH,5638,False
50123,NYSE-DDJH,5641,False
50123,NYSE-DDJH,5637,False
50123,NYSE-DDJH,5635,False
50123,NYSE-DDJH,5639,False
50123,NYSE-DDJH,5642,False
50123,NYSE-DDJH,5644,False
50123,NYSE-INA,5935,False
50123,NYSE-INA,5933,False
50123,NYSE-INA,5932,False
50123,NYSE-INA,5930,False
50123,NYSE-INA,5928,False
50123,NYSE-INA,5931,False
50123,NYSE-INA,5929,False
50123,NYSE-INA,5936,False
50123,NYSE-INA,5934,False
50123,NYSE-JNAF,5548,False
50123,NYSE-JNAF,5547,False
50123,NYSE-JNAF,5545,False
50123,NYSE-JNAF,5543,False
50123,NYSE-JNAF,5541,False
50123,NYSE-JNAF,5539,False
50123,NYSE-JNAF,5542,False
50123,NYSE-JNAF,5546,False
50123,NYSE-JNAF,5544,False
50123,NYSE-JNAF,5540,False
50123,NYSE-JZRO,5981,False
50123,NYSE-JZRO,5980,False
50123,NYSE-JZRO,5979,False
50123,NYSE-JZRO,5978,False
50123,NYSE-JZRO,5977,False
50123,NYSE-JZRO,5976,False
50123,NYSE-JZRO,5975,False
50123,NYSE-JZRO,5974,False
50123,NYSE-JZRO,5973,False
50123,NYSE-JZRO,5972,False
50123,NYSE-KRAS,5657,False
50123,NYSE-KTST,5732,False
50123,NYSE-KTST,5730,False
50123,NYSE-KTST,5728,False
50123,NYSE-KTST,5726,False
50123,NYSE-KTST,5725,False
50123,NYSE-KTST,5724,False
50123,NYSE-KTST,5727,False
50123,NYSE-KTST,5733,False
50123,NYSE-KTST,5729,False
50123,NYSE-KTST,5731,False
50123,NYSE-MDKA,5493,False
50123,NYSE-MDKA,5491,False
50123,NYSE-MDKA,5487,False
50123,NYSE-MDKA,5485,False
50123,NYSE-MDKA,5490,False
50123,NYSE-MDKA,5488,False
50123,NYSE-MDKA,5489,False
50123,NYSE-MDKA,5492,False
50123,NYSE-MDKA,5494,False
50123,NYSE-MDKA,5486,False
50123,NYSE-NGUP,5961,False
50123,NYSE-NGUP,5959,False
50123,NYSE-NGUP,5957,False
50123,NYSE-NGUP,5955,False
50123,NYSE-NGUP,5958,False
50123,NYSE-NGUP,5953,False
50123,NYSE-NGUP,5960,False
50123,NYSE-SIMP,5895,False
50123,NYSE-SIMP,5894,False
50123,NYSE-SIMP,5893,False
50123,NYSE-SIMP,5892,False
50123,NYSE-SIMP,5889,False
50123,NYSE-SIMP,5888,False
50123,NYSE-SIMP,5890,False
50123,NYSE-SIMP,5891,False
50123,NYSE-SIMP,5896,False
50123,NYSE-SIMP,5897,False
50123,NYSE-XFR,5580,False
50123,NYSE-XFR,5578,False
50123,NYSE-XFR,5586,False
50123,NYSE-XFR,5584,False
50123,NYSE-XFR,5582,False
50123,NYSE-XFR,5579,False
50123,NYSE-XFR,5583,False
50123,NYSE-XFR,5581,False
50123,NYSE-XFR,5585,False
50123,NYSE-ZABA,5701,False
50123,NYSE-ZABA,5699,False
50123,NYSE-ZABA,5697,False
50123,NYSE-ZABA,5696,False
50123,NYSE-ZABA,5703,False
50123,NYSE-ZABA,5700,False
50123,NYSE-ZABA,5698,False
50123,NYSE-ZABA,5702,False
50123,NYSE-ZABA,5694,False
50123,NYSE-ZABA,5695,False
50138,NYSE-NGUP,5342,False
50138,NYSE-NGUP,5973,False
50138,NYSE-SIMP,5910,False
50138,NYSE-ZABA,5716,False
50138,NYSE-KRAS,5115,False
50138,NYSE-KRAS,5113,False
50138,NYSE-KRAS,5111,False
50138,NYSE-KRAS,5673,False
50138,NYSE-CARD,6420,False
50203,NYSE-INA,5951,False
50203,NYSE-JNAF,5561,False
50203,NYSE-CARD,6421,False
50210,NYSE-KTST,5712,False
50210,NYSE-DDJH,5624,False
50210,NYSE-ETFA,5575,False
50210,NYSE-JZRO,5961,False
50210,NYSE-JNAF,5528,False
50210,NYSE-KRAS,5635,False
50223,NYSE-ETFA3,5613,False
50223,NYSE-ETFA3,5610,False
50223,NYSE-ETFA3,5614,False
50223,NYSE-ETFA3,5612,False
50223,NYSE-ETFA3,5611,False
50223,NYSE-ETFA,5600,False
50223,NYSE-ETFA,5608,False
50223,NYSE-ETFA,5606,False
50223,NYSE-ETFA,5604,False
50223,NYSE-ETFA,5602,False
50223,NYSE-ETFA,5601,False
50223,NYSE-ETFA,5603,False
50223,NYSE-ETFA,5605,False
50223,NYSE-ETFA,5607,False
50223,NYSE-ETFA,5609,False
50223,NYSE-CARD,6417,False
50223,NYSE-CARD,6416,False
50223,NYSE-CARD,6415,False
50223,NYSE-CARD,6414,False
50223,NYSE-CARD,6413,False
50223,NYSE-CARD,6412,False
50223,NYSE-CARD,6411,False
50223,NYSE-CARD,6410,False
50223,NYSE-CARD,6418,False
50223,NYSE-CARD,6419,False
50223,NYSE-DDJH,5647,False
50223,NYSE-DDJH,5656,False
50223,NYSE-DDJH,5654,False
50223,NYSE-DDJH,5651,False
50223,NYSE-DDJH,5649,False
50223,NYSE-DDJH,5652,False
50223,NYSE-DDJH,5650,False
50223,NYSE-DDJH,5648,False
50223,NYSE-DDJH,5655,False
50223,NYSE-DDJH,5653,False
50223,NYSE-INA,5948,False
50223,NYSE-INA,5946,False
50223,NYSE-INA,5944,False
50223,NYSE-INA,5949,False
50223,NYSE-INA,5947,False
50223,NYSE-INA,5941,False
50223,NYSE-INA,5943,False
50223,NYSE-INA,5945,False
50223,NYSE-INA,5942,False
50223,NYSE-JNAF,5552,False
50223,NYSE-JNAF,5551,False
50223,NYSE-JNAF,5560,False
50223,NYSE-JNAF,5558,False
50223,NYSE-JNAF,5556,False
50223,NYSE-JNAF,5554,False
50223,NYSE-JNAF,5555,False
50223,NYSE-JNAF,5557,False
50223,NYSE-JNAF,5559,False
50223,NYSE-JNAF,5553,False
50223,NYSE-JZRO,5992,False
50223,NYSE-JZRO,5990,False
50223,NYSE-JZRO,5988,False
50223,NYSE-JZRO,5984,False
50223,NYSE-JZRO,5983,False
50223,NYSE-JZRO,5986,False
50223,NYSE-JZRO,5991,False
50223,NYSE-JZRO,5987,False
50223,NYSE-JZRO,5989,False
50223,NYSE-JZRO,5985,False
50223,NYSE-KRAS,5670,False
50223,NYSE-KRAS,5668,False
50223,NYSE-KRAS,5671,False
50223,NYSE-KRAS,5669,False
50223,NYSE-KTST,5744,False
50223,NYSE-KTST,5742,False
50223,NYSE-KTST,5740,False
50223,NYSE-KTST,5738,False
50223,NYSE-KTST,5736,False
50223,NYSE-KTST,5737,False
50223,NYSE-KTST,5741,False
50223,NYSE-KTST,5739,False
50223,NYSE-KTST,5745,False
50223,NYSE-KTST,5743,False
50223,NYSE-MDKA,5504,False
50223,NYSE-MDKA,5502,False
50223,NYSE-MDKA,5498,False
50223,NYSE-MDKA,5497,False
50223,NYSE-MDKA,5496,False
50224,NYSE-MDKA,5500,False
50224,NYSE-MDKA,5499,False
50224,NYSE-MDKA,5501,False
50224,NYSE-MDKA,5503,False
50224,NYSE-MDKA,5505,False
50224,NYSE-NGUP,5354,False
50224,NYSE-NGUP,5971,False
50224,NYSE-NGUP,5970,False
50224,NYSE-NGUP,5969,False
50224,NYSE-NGUP,5967,False
50224,NYSE-NGUP,5966,False
50224,NYSE-NGUP,5968,False
50224,NYSE-NGUP,5972,False
50224,NYSE-SIMP,5909,False
50224,NYSE-SIMP,5908,False
50224,NYSE-SIMP,5907,False
50224,NYSE-SIMP,5906,False
50224,NYSE-SIMP,5905,False
50224,NYSE-SIMP,5904,False
50224,NYSE-SIMP,5903,False
50224,NYSE-SIMP,5902,False
50224,NYSE-SIMP,5901,False
50224,NYSE-XFR,5596,False
50224,NYSE-XFR,5594,False
50224,NYSE-XFR,5590,False
50224,NYSE-XFR,5588,False
50224,NYSE-XFR,5592,False
50224,NYSE-XFR,5597,False
50224,NYSE-XFR,5591,False
50224,NYSE-XFR,5593,False
50224,NYSE-XFR,5595,False
50224,NYSE-XFR,5589,False
50224,NYSE-ZABA,5132,False
50224,NYSE-ZABA,5715,False
50224,NYSE-ZABA,5714,False
50224,NYSE-ZABA,5713,False
50224,NYSE-ZABA,5712,False
50224,NYSE-ZABA,5710,False
50224,NYSE-ZABA,5708,False
50224,NYSE-ZABA,5707,False
50224,NYSE-ZABA,5711,False
50224,NYSE-ZABA,5709,False
50255,NYSE-NGUP,5985,False
50255,NYSE-SIMP,5922,False
50255,NYSE-KRAS,5126,False
50255,NYSE-KRAS,5124,False
50255,NYSE-KRAS,5685,False
50255,NYSE-CARD,6432,False
50322,NYSE-ETFA3,5624,False
50322,NYSE-ETFA3,5622,False
50322,NYSE-ETFA3,5620,False
50323,NYSE-ETFA3,5621,False
50323,NYSE-ETFA3,5623,False
50323,NYSE-ETFA,5613,False
50323,NYSE-ETFA,5610,False
50323,NYSE-ETFA,5615,False
50323,NYSE-ETFA,5618,False
50323,NYSE-ETFA,5616,False
50323,NYSE-ETFA,5614,False
50323,NYSE-ETFA,5612,False
50323,NYSE-ETFA,5611,False
50323,NYSE-ETFA,5617,False
50323,NYSE-ETFA,5619,False
50323,NYSE-CARD,6431,False
50323,NYSE-CARD,6430,False
50323,NYSE-CARD,6429,False
50323,NYSE-CARD,6428,False
50323,NYSE-CARD,6427,False
50323,NYSE-CARD,6426,False
50323,NYSE-CARD,6425,False
50323,NYSE-CARD,6423,False
50323,NYSE-CARD,6422,False
50323,NYSE-CARD,6424,False
50323,NYSE-DDJH,5661,False
50323,NYSE-DDJH,5659,False
50323,NYSE-DDJH,5665,False
50323,NYSE-DDJH,5663,False
50323,NYSE-DDJH,5662,False
50323,NYSE-DDJH,5658,False
50323,NYSE-DDJH,5667,False
50323,NYSE-DDJH,5666,False
50323,NYSE-DDJH,5660,False
50323,NYSE-DDJH,5664,False
50323,NYSE-INA,5961,False
50323,NYSE-INA,5959,False
50323,NYSE-INA,5957,False
50323,NYSE-INA,5965,False
50323,NYSE-INA,5964,False
50323,NYSE-INA,5962,False
50323,NYSE-INA,5958,False
50323,NYSE-INA,5960,False
50323,NYSE-INA,5963,False
50323,NYSE-JNAF,5570,False
50323,NYSE-JNAF,5568,False
50323,NYSE-JNAF,5565,False
50323,NYSE-JNAF,5564,False
50323,NYSE-JNAF,5562,False
50323,NYSE-JNAF,5571,False
50323,NYSE-JNAF,5569,False
50323,NYSE-JNAF,5567,False
50323,NYSE-JNAF,5566,False
50323,NYSE-JNAF,5563,False
50323,NYSE-JZRO,6003,False
50323,NYSE-JZRO,5998,False
50323,NYSE-JZRO,5994,False
50323,NYSE-JZRO,6002,False
50323,NYSE-JZRO,6000,False
50323,NYSE-JZRO,5996,False
50323,NYSE-JZRO,5997,False
50323,NYSE-JZRO,5995,False
50323,NYSE-JZRO,6001,False
50323,NYSE-JZRO,5999,False
50323,NYSE-KRAS,5683,False
50323,NYSE-KRAS,5681,False
50323,NYSE-KRAS,5682,False
50323,NYSE-KRAS,5680,False
50323,NYSE-KRAS,5684,False
50323,NYSE-KRAS,5678,False
50324,NYSE-KTST,5755,False
50324,NYSE-KTST,5753,False
50324,NYSE-KTST,5751,False
50324,NYSE-KTST,5750,False
50324,NYSE-KTST,5746,False
50324,NYSE-KTST,5748,False
50324,NYSE-KTST,5752,False
50324,NYSE-KTST,5749,False
50324,NYSE-KTST,5754,False
50324,NYSE-KTST,5747,False
50324,NYSE-MDKA,5513,False
50324,NYSE-MDKA,5511,False
50324,NYSE-MDKA,5508,False
50324,NYSE-MDKA,5509,False
50324,NYSE-MDKA,5515,False
50324,NYSE-MDKA,5510,False
50324,NYSE-MDKA,5514,False
50324,NYSE-MDKA,5516,False
50324,NYSE-MDKA,5512,False
50324,NYSE-MDKA,5507,False
50324,NYSE-NGUP,5984,False
50324,NYSE-NGUP,5983,False
50324,NYSE-NGUP,5982,False
50324,NYSE-NGUP,5981,False
50324,NYSE-NGUP,5980,False
50324,NYSE-NGUP,5979,False
50324,NYSE-NGUP,5978,False
50324,NYSE-NGUP,5977,False
50324,NYSE-SIMP,5921,False
50324,NYSE-SIMP,5919,False
50324,NYSE-SIMP,5917,False
50324,NYSE-SIMP,5915,False
50324,NYSE-SIMP,5918,False
50324,NYSE-SIMP,5920,False
50324,NYSE-SIMP,5916,False
50324,NYSE-SIMP,5913,False
50324,NYSE-XFR,5607,False
50324,NYSE-XFR,5605,False
50324,NYSE-XFR,5602,False
50324,NYSE-XFR,5600,False
50324,NYSE-XFR,5603,False
50324,NYSE-XFR,5608,False
50324,NYSE-XFR,5606,False
50324,NYSE-XFR,5601,False
50324,NYSE-XFR,5599,False
50324,NYSE-XFR,5604,False
50324,NYSE-ZABA,5726,False
50324,NYSE-ZABA,5725,False
50324,NYSE-ZABA,5723,False
50324,NYSE-ZABA,5721,False
50324,NYSE-ZABA,5724,False
50324,NYSE-ZABA,5727,False
50324,NYSE-ZABA,5720,False
50324,NYSE-ZABA,5722,False
50332,NYSE-NGUP,5365,False
50332,NYSE-NGUP,5996,False
50332,NYSE-SIMP,5934,False
50332,NYSE-INA,5357,False
50332,NYSE-INA,5359,False
50332,NYSE-INA,5361,False
50332,NYSE-ZABA,5740,False
50332,NYSE-KRAS,5697,False
50349,NYSE-CARD,6443,False
50383,NYSE-ZABA,5742,False
50383,NYSE-SIMP,5936,False
50383,NYSE-JNAF,5582,False
50383,NYSE-KRAS,5699,False
50383,NYSE-CARD,6444,False
50398,NYSE-KRAS,5700,False
50422,NYSE-ETFA3,5634,False
50422,NYSE-ETFA3,5632,False
50422,NYSE-ETFA3,5630,False
50422,NYSE-ETFA3,5635,False
50422,NYSE-ETFA3,5633,False
50422,NYSE-ETFA3,5631,False
50423,NYSE-ETFA,5624,False
50423,NYSE-ETFA,5622,False
50423,NYSE-ETFA,5628,False
50423,NYSE-ETFA,5626,False
50423,NYSE-ETFA,5629,False
50423,NYSE-ETFA,5627,False
50423,NYSE-ETFA,5625,False
50423,NYSE-ETFA,5620,False
50423,NYSE-ETFA,5623,False
50423,NYSE-CARD,6440,False
50423,NYSE-CARD,6439,False
50423,NYSE-CARD,6436,False
50423,NYSE-CARD,6435,False
50423,NYSE-CARD,6434,False
50423,NYSE-CARD,6433,False
50423,NYSE-CARD,6441,False
50423,NYSE-CARD,6437,False
50423,NYSE-CARD,6438,False
50423,NYSE-CARD,6442,False
50423,NYSE-DDJH,5674,False
50423,NYSE-DDJH,5672,False
50423,NYSE-DDJH,5670,False
50423,NYSE-DDJH,5668,False
50423,NYSE-DDJH,5677,False
50423,NYSE-DDJH,5675,False
50423,NYSE-DDJH,5673,False
50423,NYSE-DDJH,5671,False
50423,NYSE-DDJH,5669,False
50423,NYSE-DDJH,5676,False
50423,NYSE-INA,5974,False
50423,NYSE-INA,5973,False
50423,NYSE-INA,5971,False
50423,NYSE-INA,5970,False
50423,NYSE-INA,5969,False
50423,NYSE-INA,5976,False
50423,NYSE-INA,5975,False
50423,NYSE-INA,5968,False
50423,NYSE-INA,5972,False
50423,NYSE-JNAF,5580,False
50423,NYSE-JNAF,5578,False
50423,NYSE-JNAF,5576,False
50423,NYSE-JNAF,5575,False
50423,NYSE-JNAF,5574,False
50423,NYSE-JNAF,5572,False
50423,NYSE-JNAF,5577,False
50423,NYSE-JNAF,5579,False
50423,NYSE-JNAF,5573,False
50423,NYSE-JNAF,5581,False
50423,NYSE-JZRO,6014,False
50423,NYSE-JZRO,6012,False
50423,NYSE-JZRO,6010,False
50423,NYSE-JZRO,6008,False
50423,NYSE-JZRO,6006,False
50423,NYSE-JZRO,6013,False
50423,NYSE-JZRO,6009,False
50423,NYSE-JZRO,6011,False
50423,NYSE-JZRO,6007,False
50423,NYSE-KRAS,5696,False
50423,NYSE-KRAS,5691,False
50423,NYSE-KRAS,5694,False
50423,NYSE-KRAS,5692,False
50423,NYSE-KRAS,5695,False
50423,NYSE-KRAS,5693,False
50423,NYSE-KRAS,5690,False
50423,NYSE-KTST,5765,False
50423,NYSE-KTST,5763,False
50423,NYSE-KTST,5761,False
50423,NYSE-KTST,5759,False
50423,NYSE-KTST,5757,False
50423,NYSE-KTST,5764,False
50423,NYSE-KTST,5760,False
50423,NYSE-KTST,5758,False
50423,NYSE-KTST,5766,False
50423,NYSE-KTST,5762,False
50423,NYSE-MDKA,5525,False
50423,NYSE-MDKA,5523,False
50423,NYSE-MDKA,5521,False
50423,NYSE-MDKA,5520,False
50423,NYSE-MDKA,5517,False
50423,NYSE-MDKA,5522,False
50423,NYSE-MDKA,5518,False
50423,NYSE-MDKA,5519,False
50423,NYSE-MDKA,5526,False
50423,NYSE-MDKA,5524,False
50423,NYSE-NGUP,5991,False
50423,NYSE-NGUP,5993,False
50423,NYSE-NGUP,5995,False
50423,NYSE-SIMP,5933,False
50424,NYSE-SIMP,5932,False
50424,NYSE-SIMP,5931,False
50424,NYSE-SIMP,5930,False
50424,NYSE-SIMP,5929,False
50424,NYSE-SIMP,5928,False
50424,NYSE-SIMP,5925,False
50424,NYSE-SIMP,5927,False
50424,NYSE-SIMP,5926,False
50424,NYSE-XFR,5615,False
50424,NYSE-XFR,5613,False
50424,NYSE-XFR,5612,False
50424,NYSE-XFR,5610,False
50424,NYSE-XFR,5617,False
50424,NYSE-XFR,5614,False
50424,NYSE-XFR,5611,False
50424,NYSE-XFR,5618,False
50424,NYSE-XFR,5616,False
50424,NYSE-ZABA,5738,False
50424,NYSE-ZABA,5736,False
50424,NYSE-ZABA,5734,False
50424,NYSE-ZABA,5732,False
50424,NYSE-ZABA,5737,False
50424,NYSE-ZABA,5739,False
50424,NYSE-ZABA,5735,False
50424,NYSE-ZABA,5733,False
50424,NYSE-ZABA,5731,False
50424,NYSE-NGUP,5376,False
50424,NYSE-NGUP,6007,False
50424,NYSE-JZRO,6026,False
50438,NYSE-SIMP,5947,False
50438,NYSE-INA,5370,False
50438,NYSE-INA,5372,False
50438,NYSE-INA,5368,False
50438,NYSE-ZABA,5753,False
50438,NYSE-ZABA,5754,False
50438,NYSE-KRAS,5712,False
50438,NYSE-CARD,6456,False
50452,NYSE-CARD,6457,False
50474,NYSE-CARD,6459,False
50474,NYSE-CARD,6460,False
50474,NYSE-CARD,6461,False
50522,NYSE-ETFA3,5645,False
50522,NYSE-ETFA3,5643,False
50522,NYSE-ETFA3,5642,False
50522,NYSE-ETFA3,5644,False
50522,NYSE-ETFA3,5641,False
50523,NYSE-ETFA,5634,False
50523,NYSE-ETFA,5632,False
50523,NYSE-ETFA,5640,False
50523,NYSE-ETFA,5636,False
50523,NYSE-ETFA,5639,False
50523,NYSE-ETFA,5637,False
50523,NYSE-ETFA,5635,False
50523,NYSE-ETFA,5633,False
50523,NYSE-ETFA,5631,False
50523,NYSE-ETFA,5638,False
50523,NYSE-CARD,6451,False
50523,NYSE-CARD,6449,False
50523,NYSE-CARD,6447,False
50523,NYSE-CARD,6453,False
50523,NYSE-CARD,6455,False
50523,NYSE-DDJH,5685,False
50523,NYSE-DDJH,5683,False
50523,NYSE-DDJH,5681,False
50523,NYSE-DDJH,5687,False
50523,NYSE-DDJH,5679,False
50523,NYSE-DDJH,5682,False
50523,NYSE-DDJH,5680,False
50523,NYSE-DDJH,5684,False
50523,NYSE-DDJH,5688,False
50523,NYSE-DDJH,5686,False
50523,NYSE-INA,5983,False
50523,NYSE-INA,5981,False
50523,NYSE-INA,5988,False
50523,NYSE-INA,5987,False
50523,NYSE-INA,5989,False
50523,NYSE-INA,5985,False
50523,NYSE-JNAF,5592,False
50523,NYSE-JNAF,5590,False
50523,NYSE-JNAF,5588,False
50523,NYSE-JNAF,5586,False
50523,NYSE-JNAF,5584,False
50523,NYSE-JNAF,5591,False
50523,NYSE-JNAF,5589,False
50523,NYSE-JNAF,5583,False
50523,NYSE-JNAF,5585,False
50523,NYSE-JNAF,5587,False
50523,NYSE-JZRO,6024,False
50523,NYSE-JZRO,6022,False
50523,NYSE-JZRO,6020,False
50523,NYSE-JZRO,6025,False
50523,NYSE-JZRO,6021,False
50523,NYSE-JZRO,6017,False
50523,NYSE-JZRO,6018,False
50523,NYSE-JZRO,6023,False
50523,NYSE-JZRO,6019,False
50523,NYSE-KRAS,5710,False
50523,NYSE-KRAS,5708,False
50523,NYSE-KRAS,5707,False
50523,NYSE-KRAS,5705,False
50524,NYSE-KRAS,5703,False
50524,NYSE-KRAS,5711,False
50524,NYSE-KRAS,5706,False
50524,NYSE-KRAS,5709,False
50524,NYSE-KTST,5777,False
50524,NYSE-KTST,5770,False
50524,NYSE-KTST,5771,False
50524,NYSE-KTST,5769,False
50524,NYSE-KTST,5775,False
50524,NYSE-KTST,5773,False
50524,NYSE-KTST,5774,False
50524,NYSE-KTST,5772,False
50524,NYSE-KTST,5768,False
50524,NYSE-KTST,5776,False
50524,NYSE-MDKA,5527,False
50524,NYSE-MDKA,5536,False
50524,NYSE-MDKA,5530,False
50524,NYSE-MDKA,5528,False
50524,NYSE-MDKA,5529,False
50524,NYSE-MDKA,5531,False
50524,NYSE-MDKA,5532,False
50524,NYSE-MDKA,5534,False
50524,NYSE-MDKA,5533,False
50524,NYSE-MDKA,5535,False
50524,NYSE-NGUP,6006,False
50524,NYSE-NGUP,6004,False
50524,NYSE-NGUP,6002,False
50524,NYSE-SIMP,5946,False
50524,NYSE-SIMP,5944,False
50524,NYSE-SIMP,5941,False
50524,NYSE-SIMP,5943,False
50524,NYSE-SIMP,5945,False
50524,NYSE-SIMP,5942,False
50524,NYSE-SIMP,5938,False
50524,NYSE-SIMP,5940,False
50524,NYSE-XFR,5628,False
50524,NYSE-XFR,5626,False
50524,NYSE-XFR,5623,False
50524,NYSE-XFR,5621,False
50524,NYSE-XFR,5624,False
50524,NYSE-XFR,5629,False
50524,NYSE-XFR,5625,False
50524,NYSE-XFR,5622,False
50524,NYSE-XFR,5627,False
50524,NYSE-XFR,5620,False
50524,NYSE-ZABA,5750,False
50524,NYSE-ZABA,5748,False
50524,NYSE-ZABA,5746,False
50524,NYSE-ZABA,5744,False
50524,NYSE-ZABA,5752,False
50524,NYSE-NGUP,6018,False
50524,NYSE-JZRO,6039,False
50524,NYSE-SIMP,5958,False
50524,NYSE-INA,5384,False
50524,NYSE-INA,5382,False
50524,NYSE-ZABA,5765,False
50524,NYSE-KRAS,5725,False
50524,NYSE-CARD,6473,False
50610,NYSE-ZABA,5166,False
50610,NYSE-ZABA,5162,False
50610,NYSE-ZABA,5164,False
50622,NYSE-ETFA3,5655,False
50622,NYSE-ETFA3,5653,False
50622,NYSE-ETFA3,5654,False
50622,NYSE-ETFA3,5652,False
50623,NYSE-ETFA,5645,False
50623,NYSE-ETFA,5643,False
50623,NYSE-ETFA,5642,False
50623,NYSE-ETFA,5649,False
50623,NYSE-ETFA,5650,False
50623,NYSE-ETFA,5648,False
50623,NYSE-ETFA,5646,False
50623,NYSE-ETFA,5644,False
50623,NYSE-ETFA,5651,False
50623,NYSE-ETFA,5647,False
50623,NYSE-CARD,6471,False
50623,NYSE-CARD,6470,False
50623,NYSE-CARD,6469,False
50623,NYSE-CARD,6468,False
50623,NYSE-CARD,6466,False
50623,NYSE-CARD,6464,False
50623,NYSE-CARD,6462,False
50623,NYSE-CARD,6465,False
50623,NYSE-CARD,6467,False
50623,NYSE-DDJH,5699,False
50623,NYSE-DDJH,5697,False
50623,NYSE-DDJH,5696,False
50623,NYSE-DDJH,5691,False
50623,NYSE-DDJH,5698,False
50623,NYSE-DDJH,5694,False
50623,NYSE-DDJH,5692,False
50623,NYSE-DDJH,5695,False
50623,NYSE-DDJH,5693,False
50623,NYSE-DDJH,5690,False
50623,NYSE-INA,5998,False
50623,NYSE-INA,5994,False
50623,NYSE-INA,6000,False
50623,NYSE-INA,5996,False
50623,NYSE-INA,5993,False
50623,NYSE-INA,5997,False
50623,NYSE-INA,5995,False
50623,NYSE-INA,6001,False
50623,NYSE-INA,5999,False
50623,NYSE-JNAF,5603,False
50623,NYSE-JNAF,5602,False
50623,NYSE-JNAF,5600,False
50623,NYSE-JNAF,5598,False
50623,NYSE-JNAF,5596,False
50623,NYSE-JNAF,5594,False
50623,NYSE-JNAF,5601,False
50623,NYSE-JNAF,5599,False
50623,NYSE-JNAF,5597,False
50623,NYSE-JNAF,5595,False
50623,NYSE-JZRO,6038,False
50623,NYSE-JZRO,6037,False
50623,NYSE-JZRO,6034,False
50623,NYSE-JZRO,6032,False
50623,NYSE-JZRO,6036,False
50623,NYSE-JZRO,6031,False
50623,NYSE-JZRO,6029,False
50623,NYSE-JZRO,6030,False
50623,NYSE-JZRO,6033,False
50623,NYSE-JZRO,6035,False
50623,NYSE-KRAS,5716,False
50623,NYSE-KRAS,5718,False
50623,NYSE-KRAS,5723,False
50623,NYSE-KRAS,5724,False
50623,NYSE-KRAS,5720,False
50623,NYSE-KRAS,5722,False
50623,NYSE-KTST,5788,False
50623,NYSE-KTST,5786,False
50623,NYSE-KTST,5784,False
50623,NYSE-KTST,5782,False
50623,NYSE-KTST,5781,False
50623,NYSE-KTST,5779,False
50623,NYSE-KTST,5780,False
50623,NYSE-KTST,5783,False
50623,NYSE-KTST,5785,False
50623,NYSE-KTST,5787,False
50623,NYSE-MDKA,5545,False
50623,NYSE-MDKA,5543,False
50623,NYSE-MDKA,5541,False
50623,NYSE-MDKA,5539,False
50623,NYSE-MDKA,5538,False
50623,NYSE-MDKA,5542,False
50623,NYSE-MDKA,5546,False
50623,NYSE-MDKA,5537,False
50623,NYSE-MDKA,5544,False
50623,NYSE-MDKA,5540,False
50623,NYSE-NGUP,6013,False
50623,NYSE-NGUP,6017,False
50623,NYSE-NGUP,6015,False
50623,NYSE-SIMP,5957,False
50623,NYSE-SIMP,5955,False
50623,NYSE-SIMP,5951,False
50623,NYSE-SIMP,5950,False
50623,NYSE-SIMP,5949,False
50623,NYSE-SIMP,5948,False
50623,NYSE-SIMP,5952,False
50623,NYSE-SIMP,5953,False
50623,NYSE-SIMP,5954,False
50623,NYSE-SIMP,5956,False
50623,NYSE-XFR,5640,False
50623,NYSE-XFR,5638,False
50623,NYSE-XFR,5634,False
50623,NYSE-XFR,5632,False
50623,NYSE-XFR,5631,False
50623,NYSE-XFR,5636,False
50623,NYSE-XFR,5633,False
50624,NYSE-XFR,5637,False
50624,NYSE-XFR,5635,False
50624,NYSE-XFR,5639,False
50624,NYSE-ZABA,5764,False
50624,NYSE-ZABA,5756,False
50624,NYSE-ZABA,5760,False
50624,NYSE-ZABA,5758,False
50624,NYSE-ZABA,5762,False
50665,NYSE-NGUP,6029,False
50665,NYSE-JZRO,6051,False
50665,NYSE-SIMP,5969,False
50665,NYSE-INA,5393,False
50665,NYSE-INA,5395,False
50665,NYSE-INA,5397,False
50665,NYSE-ZABA,5177,False
50665,NYSE-KRAS,5736,False
50665,NYSE-CARD,6486,False
50704,NYSE-CARD,6487,False
50704,NYSE-INA,6014,False
50704,NYSE-CARD,6489,False
50704,NYSE-DDJH,5710,False
50710,NYSE-KTST,5778,False
50710,NYSE-DDJH,5689,False
50710,NYSE-ETFA,5641,False
50710,NYSE-JZRO,6028,False
50710,NYSE-JNAF,5593,False
50710,NYSE-KRAS,5714,False
50723,NYSE-ETFA3,5665,False
50723,NYSE-ETFA3,5663,False
50723,NYSE-ETFA3,5664,False
50723,NYSE-ETFA,5655,False
50723,NYSE-ETFA,5653,False
50723,NYSE-ETFA,5661,False
50723,NYSE-ETFA,5659,False
50723,NYSE-ETFA,5657,False
50723,NYSE-ETFA,5662,False
50723,NYSE-ETFA,5660,False
50723,NYSE-ETFA,5658,False
50723,NYSE-ETFA,5654,False
50723,NYSE-ETFA,5656,False
50723,NYSE-CARD,6482,False
50723,NYSE-CARD,6480,False
50723,NYSE-CARD,6478,False
50723,NYSE-CARD,6484,False
50723,NYSE-CARD,6483,False
50723,NYSE-CARD,6479,False
50723,NYSE-CARD,6481,False
50723,NYSE-CARD,6477,False
50723,NYSE-CARD,6475,False
50723,NYSE-DDJH,5708,False
50723,NYSE-DDJH,5700,False
50723,NYSE-DDJH,5706,False
50723,NYSE-DDJH,5704,False
50723,NYSE-DDJH,5702,False
50723,NYSE-INA,6006,False
50723,NYSE-INA,6004,False
50723,NYSE-INA,6012,False
50723,NYSE-INA,6010,False
50723,NYSE-INA,6008,False
50723,NYSE-INA,6005,False
50723,NYSE-INA,6009,False
50723,NYSE-INA,6011,False
50723,NYSE-INA,6007,False
50723,NYSE-JNAF,5613,False
50723,NYSE-JNAF,5612,False
50723,NYSE-JNAF,5610,False
50723,NYSE-JNAF,5607,False
50723,NYSE-JNAF,5605,False
50723,NYSE-JNAF,5609,False
50723,NYSE-JNAF,5611,False
50723,NYSE-JNAF,5608,False
50723,NYSE-JNAF,5606,False
50723,NYSE-JNAF,5604,False
50723,NYSE-JZRO,6049,False
50723,NYSE-JZRO,6047,False
50723,NYSE-JZRO,6045,False
50723,NYSE-JZRO,6043,False
50723,NYSE-JZRO,6050,False
50723,NYSE-JZRO,6042,False
50723,NYSE-JZRO,6044,False
50723,NYSE-JZRO,6046,False
50723,NYSE-JZRO,6048,False
50723,NYSE-KRAS,5735,False
50723,NYSE-KRAS,5727,False
50723,NYSE-KRAS,5733,False
50723,NYSE-KRAS,5729,False
50723,NYSE-KRAS,5731,False
50724,NYSE-KTST,5790,False
50724,NYSE-KTST,5797,False
50724,NYSE-KTST,5795,False
50724,NYSE-KTST,5793,False
50724,NYSE-KTST,5794,False
50724,NYSE-KTST,5792,False
50724,NYSE-KTST,5798,False
50724,NYSE-KTST,5796,False
50724,NYSE-KTST,5789,False
50724,NYSE-KTST,5791,False
50724,NYSE-MDKA,5552,False
50724,NYSE-MDKA,5551,False
50724,NYSE-MDKA,5550,False
50724,NYSE-MDKA,5548,False
50724,NYSE-MDKA,5547,False
50724,NYSE-MDKA,5556,False
50724,NYSE-MDKA,5554,False
50724,NYSE-MDKA,5549,False
50724,NYSE-MDKA,5555,False
50724,NYSE-MDKA,5553,False
50724,NYSE-NGUP,6028,False
50724,NYSE-NGUP,6026,False
50724,NYSE-NGUP,6025,False
50724,NYSE-NGUP,6027,False
50724,NYSE-SIMP,5966,False
50724,NYSE-SIMP,5965,False
50724,NYSE-SIMP,5964,False
50724,NYSE-SIMP,5961,False
50724,NYSE-SIMP,5959,False
50724,NYSE-SIMP,5967,False
50724,NYSE-SIMP,5968,False
50724,NYSE-SIMP,5962,False
50724,NYSE-SIMP,5960,False
50724,NYSE-SIMP,5963,False
50724,NYSE-XFR,5649,False
50724,NYSE-XFR,5647,False
50724,NYSE-XFR,5645,False
50724,NYSE-XFR,5643,False
50724,NYSE-XFR,5650,False
50724,NYSE-XFR,5648,False
50724,NYSE-XFR,5646,False
50724,NYSE-XFR,5641,False
50724,NYSE-XFR,5642,False
50724,NYSE-XFR,5644,False
50724,NYSE-ZABA,5184,False
50724,NYSE-ZABA,5182,False
50724,NYSE-ZABA,5188,False
50724,NYSE-ZABA,5186,False
50724,NYSE-ZABA,5770,False
50724,NYSE-ZABA,5767,False
50724,NYSE-ZABA,5771,False
50724,NYSE-ZABA,5769,False
50724,NYSE-ZABA,5775,False
50724,NYSE-ZABA,5773,False
50724,NYSE-ZABA,5774,False
50724,NYSE-ZABA,5772,False
50724,NYSE-ZABA,5768,False
50725,NYSE-NGUP,6041,False
50725,NYSE-JZRO,6065,False
50725,NYSE-SIMP,5980,False
50725,NYSE-KRAS,5748,False
50725,NYSE-CARD,6504,False
50822,NYSE-ETFA3,5676,False
50823,NYSE-ETFA3,5674,False
50823,NYSE-ETFA3,5675,False
50823,NYSE-ETFA3,5677,False
50823,NYSE-ETFA,5667,False
50823,NYSE-ETFA,5665,False
50823,NYSE-ETFA,5671,False
50823,NYSE-ETFA,5669,False
50823,NYSE-ETFA,5672,False
50823,NYSE-ETFA,5670,False
50823,NYSE-ETFA,5668,False
50823,NYSE-ETFA,5666,False
50823,NYSE-ETFA,5664,False
50823,NYSE-ETFA,5673,False
50823,NYSE-CARD,6498,False
50823,NYSE-CARD,6496,False
50823,NYSE-CARD,6493,False
50823,NYSE-CARD,6502,False
50823,NYSE-CARD,6500,False
50823,NYSE-CARD,6499,False
50823,NYSE-CARD,6501,False
50823,NYSE-CARD,6495,False
50823,NYSE-CARD,6497,False
50823,NYSE-DDJH,5718,False
50823,NYSE-DDJH,5716,False
50823,NYSE-DDJH,5714,False
50823,NYSE-DDJH,5712,False
50823,NYSE-DDJH,5720,False
50823,NYSE-INA,6024,False
50823,NYSE-INA,6022,False
50823,NYSE-INA,6020,False
50823,NYSE-INA,6016,False
50823,NYSE-INA,6021,False
50823,NYSE-INA,6017,False
50823,NYSE-INA,6015,False
50823,NYSE-INA,6018,False
50823,NYSE-INA,6023,False
50823,NYSE-INA,6019,False
50823,NYSE-JNAF,5623,False
50823,NYSE-JNAF,5621,False
50823,NYSE-JNAF,5615,False
50823,NYSE-JNAF,5619,False
50823,NYSE-JNAF,5617,False
50823,NYSE-JNAF,5614,False
50823,NYSE-JNAF,5622,False
50823,NYSE-JNAF,5620,False
50823,NYSE-JNAF,5618,False
50823,NYSE-JNAF,5616,False
50823,NYSE-JZRO,6064,False
50823,NYSE-JZRO,6062,False
50823,NYSE-JZRO,6061,False
50823,NYSE-JZRO,6058,False
50823,NYSE-JZRO,6056,False
50823,NYSE-JZRO,6063,False
50823,NYSE-JZRO,6059,False
50823,NYSE-JZRO,6060,False
50823,NYSE-JZRO,6055,False
50823,NYSE-JZRO,6057,False
50823,NYSE-KRAS,5741,False
50823,NYSE-KRAS,5739,False
50823,NYSE-KRAS,5747,False
50823,NYSE-KRAS,5745,False
50823,NYSE-KRAS,5743,False
50823,NYSE-KTST,5808,False
50823,NYSE-KTST,5803,False
50823,NYSE-KTST,5801,False
50823,NYSE-KTST,5799,False
50823,NYSE-KTST,5805,False
50823,NYSE-KTST,5804,False
50823,NYSE-KTST,5806,False
50823,NYSE-KTST,5802,False
50823,NYSE-KTST,5800,False
50823,NYSE-KTST,5807,False
50823,NYSE-MDKA,5565,False
50823,NYSE-MDKA,5564,False
50823,NYSE-MDKA,5562,False
50823,NYSE-MDKA,5560,False
50823,NYSE-MDKA,5558,False
50823,NYSE-MDKA,5566,False
50823,NYSE-MDKA,5557,False
50823,NYSE-MDKA,5559,False
50823,NYSE-MDKA,5561,False
50823,NYSE-MDKA,5563,False
50823,NYSE-NGUP,6039,False
50823,NYSE-NGUP,6038,False
50823,NYSE-NGUP,6037,False
50823,NYSE-NGUP,6036,False
50823,NYSE-NGUP,6035,False
50823,NYSE-NGUP,6040,False
50823,NYSE-SIMP,5979,False
50823,NYSE-SIMP,5978,False
50823,NYSE-SIMP,5977,False
50823,NYSE-SIMP,5976,False
50823,NYSE-SIMP,5975,False
50823,NYSE-SIMP,5974,False
50823,NYSE-SIMP,5973,False
50823,NYSE-SIMP,5971,False
50823,NYSE-SIMP,5970,False
50824,NYSE-SIMP,5972,False
50824,NYSE-XFR,5659,False
50824,NYSE-XFR,5658,False
50824,NYSE-XFR,5656,False
50824,NYSE-XFR,5654,False
50824,NYSE-XFR,5651,False
50824,NYSE-XFR,5657,False
50824,NYSE-XFR,5652,False
50824,NYSE-XFR,5660,False
50824,NYSE-XFR,5655,False
50824,NYSE-XFR,5653,False
50824,NYSE-ZABA,5786,False
50824,NYSE-ZABA,5784,False
50824,NYSE-ZABA,5782,False
50824,NYSE-ZABA,5778,False
50824,NYSE-ZABA,5780,False
50827,NYSE-INA,5420,False
50890,NYSE-NGUP,5426,False
50890,NYSE-NGUP,6052,False
50890,NYSE-JZRO,6076,False
50890,NYSE-SIMP,5991,False
50891,NYSE-KRAS,5760,False
50891,NYSE-CARD,6518,False
50904,NYSE-DDJH,5731,False
50904,NYSE-KTST,5820,False
50904,NYSE-NGUP,6053,False
50904,NYSE-MDKA,5577,False
50904,NYSE-JZRO,6077,False
50904,NYSE-XFR,5671,False
50904,NYSE-KTST,5821,False
50922,NYSE-ETFA3,5685,False
50923,NYSE-ETFA3,5687,False
50923,NYSE-ETFA,5676,False
50923,NYSE-ETFA,5674,False
50923,NYSE-ETFA,5683,False
50923,NYSE-ETFA,5682,False
50923,NYSE-ETFA,5678,False
50923,NYSE-ETFA,5679,False
50923,NYSE-ETFA,5681,False
50923,NYSE-ETFA,5675,False
50923,NYSE-ETFA,5677,False
50923,NYSE-ETFA,5680,False
50923,NYSE-CARD,6510,False
50923,NYSE-CARD,6507,False
50923,NYSE-CARD,6516,False
50923,NYSE-CARD,6515,False
50923,NYSE-CARD,6514,False
50923,NYSE-CARD,6512,False
50923,NYSE-CARD,6511,False
50923,NYSE-CARD,6509,False
50923,NYSE-CARD,6513,False
50923,NYSE-DDJH,5728,False
50923,NYSE-DDJH,5726,False
50923,NYSE-DDJH,5730,False
50923,NYSE-DDJH,5724,False
50923,NYSE-DDJH,5729,False
50923,NYSE-DDJH,5722,False
50923,NYSE-INA,5432,False
50923,NYSE-INA,5434,False
50923,NYSE-INA,5430,False
50923,NYSE-INA,6028,False
50923,NYSE-INA,6026,False
50923,NYSE-INA,6034,False
50923,NYSE-INA,6032,False
50923,NYSE-INA,6031,False
50923,NYSE-INA,6030,False
50923,NYSE-INA,6033,False
50923,NYSE-JNAF,5632,False
50923,NYSE-JNAF,5631,False
50923,NYSE-JNAF,5628,False
50923,NYSE-JNAF,5626,False
50923,NYSE-JNAF,5624,False
50923,NYSE-JNAF,5633,False
50923,NYSE-JNAF,5630,False
50923,NYSE-JNAF,5629,False
50923,NYSE-JNAF,5625,False
50923,NYSE-JNAF,5627,False
50923,NYSE-JZRO,6068,False
50923,NYSE-JZRO,6066,False
50923,NYSE-JZRO,6071,False
50923,NYSE-JZRO,6069,False
50923,NYSE-JZRO,6070,False
50923,NYSE-JZRO,6072,False
50923,NYSE-JZRO,6067,False
50923,NYSE-JZRO,6073,False
50923,NYSE-JZRO,6075,False
50923,NYSE-JZRO,6074,False
50923,NYSE-KRAS,5753,False
50923,NYSE-KRAS,5759,False
50923,NYSE-KRAS,5757,False
50923,NYSE-KRAS,5755,False
50923,NYSE-KRAS,5751,False
50924,NYSE-KTST,5819,False
50924,NYSE-KTST,5817,False
50924,NYSE-KTST,5815,False
50924,NYSE-KTST,5813,False
50924,NYSE-KTST,5810,False
50924,NYSE-KTST,5811,False
50924,NYSE-KTST,5812,False
50924,NYSE-KTST,5814,False
50924,NYSE-KTST,5816,False
50924,NYSE-KTST,5818,False
50924,NYSE-MDKA,5576,False
50924,NYSE-MDKA,5575,False
50924,NYSE-MDKA,5574,False
50924,NYSE-MDKA,5572,False
50924,NYSE-MDKA,5570,False
50924,NYSE-MDKA,5568,False
50924,NYSE-MDKA,5573,False
50924,NYSE-MDKA,5571,False
50924,NYSE-MDKA,5569,False
50924,NYSE-MDKA,5567,False
50924,NYSE-NGUP,6049,False
50924,NYSE-NGUP,6047,False
50924,NYSE-NGUP,6050,False
50924,NYSE-NGUP,6051,False
50924,NYSE-NGUP,6048,False
50924,NYSE-SIMP,5988,False
50924,NYSE-SIMP,5983,False
50924,NYSE-SIMP,5981,False
50924,NYSE-SIMP,5984,False
50924,NYSE-SIMP,5982,False
50924,NYSE-SIMP,5990,False
50924,NYSE-SIMP,5986,False
50924,NYSE-SIMP,5987,False
50924,NYSE-SIMP,5989,False
50924,NYSE-SIMP,5985,False
50924,NYSE-XFR,5670,False
50924,NYSE-XFR,5668,False
50924,NYSE-XFR,5665,False
50924,NYSE-XFR,5663,False
50924,NYSE-XFR,5662,False
50924,NYSE-XFR,5661,False
50924,NYSE-XFR,5669,False
50924,NYSE-XFR,5667,False
50924,NYSE-XFR,5666,False
50924,NYSE-XFR,5664,False
50924,NYSE-ZABA,5797,False
50924,NYSE-ZABA,5795,False
50924,NYSE-ZABA,5793,False
50924,NYSE-ZABA,5789,False
50924,NYSE-ZABA,5791,False
50949,NYSE-NGUP,6064,False
50949,NYSE-JZRO,6088,False
50949,NYSE-SIMP,6003,False
50949,NYSE-ZABA,5809,False
50949,NYSE-KRAS,5771,False
50949,NYSE-CARD,6529,False
50949,NYSE-CARD,6530,False
50949,NYSE-CARD,6531,False
50949,NYSE-CARD,6532,False
50949,NYSE-SIMP,6004,False
50949,NYSE-CARD,6533,False
50949,NYSE-JNAF,5646,False
50961,NYSE-CARD,6535,False
51023,NYSE-ETFA3,5697,False
51023,NYSE-ETFA3,5695,False
51023,NYSE-ETFA3,5696,False
51023,NYSE-ETFA3,5698,False
51023,NYSE-ETFA,5685,False
51023,NYSE-ETFA,5693,False
51023,NYSE-ETFA,5691,False
51023,NYSE-ETFA,5686,False
51023,NYSE-ETFA,5688,False
51023,NYSE-ETFA,5694,False
51023,NYSE-ETFA,5692,False
51023,NYSE-ETFA,5690,False
51023,NYSE-ETFA,5689,False
51023,NYSE-ETFA,5687,False
51023,NYSE-CARD,6519,False
51023,NYSE-CARD,6524,False
51023,NYSE-CARD,6522,False
51023,NYSE-CARD,6525,False
51023,NYSE-CARD,6523,False
51023,NYSE-CARD,6521,False
51023,NYSE-CARD,6527,False
51023,NYSE-CARD,6528,False
51023,NYSE-CARD,6526,False
51023,NYSE-DDJH,5740,False
51023,NYSE-DDJH,5737,False
51023,NYSE-DDJH,5741,False
51023,NYSE-DDJH,5739,False
51023,NYSE-DDJH,5735,False
51023,NYSE-DDJH,5733,False
51023,NYSE-INA,5447,False
51023,NYSE-INA,6038,False
51023,NYSE-INA,6045,False
51023,NYSE-INA,6043,False
51023,NYSE-INA,6041,False
51023,NYSE-INA,6040,False
51023,NYSE-INA,6042,False
51023,NYSE-INA,6044,False
51023,NYSE-INA,6046,False
51023,NYSE-JNAF,5643,False
51023,NYSE-JNAF,5640,False
51023,NYSE-JNAF,5638,False
51023,NYSE-JNAF,5636,False
51023,NYSE-JNAF,5641,False
51023,NYSE-JNAF,5637,False
51023,NYSE-JNAF,5635,False
51023,NYSE-JNAF,5639,False
51023,NYSE-JNAF,5642,False
51023,NYSE-JNAF,5644,False
51023,NYSE-JZRO,6086,False
51023,NYSE-JZRO,6084,False
51023,NYSE-JZRO,6082,False
51023,NYSE-JZRO,6080,False
51023,NYSE-JZRO,6079,False
51023,NYSE-JZRO,6083,False
51023,NYSE-JZRO,6087,False
51023,NYSE-JZRO,6078,False
51023,NYSE-JZRO,6085,False
51023,NYSE-JZRO,6081,False
51023,NYSE-KRAS,5770,False
51023,NYSE-KRAS,5767,False
51023,NYSE-KRAS,5769,False
51023,NYSE-KRAS,5768,False
51023,NYSE-KRAS,5764,False
51023,NYSE-KRAS,5766,False
51023,NYSE-KRAS,5762,False
51024,NYSE-KTST,5831,False
51024,NYSE-KTST,5829,False
51024,NYSE-KTST,5827,False
51024,NYSE-KTST,5825,False
51024,NYSE-KTST,5822,False
51024,NYSE-KTST,5824,False
51024,NYSE-KTST,5823,False
51024,NYSE-KTST,5830,False
51024,NYSE-KTST,5826,False
51024,NYSE-KTST,5828,False
51024,NYSE-MDKA,5580,False
51024,NYSE-MDKA,5578,False
51024,NYSE-MDKA,5586,False
51024,NYSE-MDKA,5584,False
51024,NYSE-MDKA,5582,False
51024,NYSE-MDKA,5579,False
51024,NYSE-MDKA,5583,False
51024,NYSE-MDKA,5581,False
51024,NYSE-MDKA,5585,False
51024,NYSE-MDKA,5587,False
51024,NYSE-NGUP,6062,False
51024,NYSE-NGUP,6061,False
51024,NYSE-NGUP,6063,False
51024,NYSE-NGUP,6060,False
51024,NYSE-SIMP,5998,False
51024,NYSE-SIMP,5994,False
51024,NYSE-SIMP,5992,False
51024,NYSE-SIMP,6000,False
51024,NYSE-SIMP,5996,False
51024,NYSE-SIMP,5997,False
51024,NYSE-SIMP,5995,False
51024,NYSE-SIMP,6001,False
51024,NYSE-SIMP,5999,False
51024,NYSE-XFR,5681,False
51024,NYSE-XFR,5679,False
51024,NYSE-XFR,5677,False
51024,NYSE-XFR,5675,False
51024,NYSE-XFR,5674,False
51024,NYSE-XFR,5672,False
51024,NYSE-XFR,5680,False
51024,NYSE-XFR,5673,False
51024,NYSE-XFR,5678,False
51024,NYSE-XFR,5676,False
51024,NYSE-ZABA,5808,False
51024,NYSE-ZABA,5803,False
51024,NYSE-ZABA,5801,False
51024,NYSE-ZABA,5805,False
51024,NYSE-ZABA,5804,False
51024,NYSE-ZABA,5806,False
51024,NYSE-ZABA,5802,False
51024,NYSE-ZABA,5800,False
51024,NYSE-ZABA,5807,False
51025,NYSE-NGUP,6075,False
51025,NYSE-JZRO,6100,False
51025,NYSE-SIMP,6017,False
51025,NYSE-INA,6059,False
51026,NYSE-ZABA,5821,False
51026,NYSE-KRAS,5783,False
51026,NYSE-CARD,6548,False
51026,NYSE-INA,6061,False
51055,NYSE-NGUP,6076,False
51055,NYSE-JZRO,6102,False
51055,NYSE-INA,6062,False
51055,NYSE-ZABA,5823,False
51055,NYSE-KRAS,5784,False
51055,NYSE-CARD,6550,False
51055,NYSE-INA,6063,False
51094,NYSE-NGUP,6077,False
51094,NYSE-JZRO,6104,False
51094,NYSE-INA,6064,False
51094,NYSE-ZABA,5824,False
51094,NYSE-KRAS,5785,False
51094,NYSE-INA,6065,False
51122,NYSE-ETFA3,5707,False
51122,NYSE-ETFA3,5705,False
51122,NYSE-ETFA3,5706,False
51123,NYSE-ETFA3,5708,False
51123,NYSE-ETFA,5697,False
51123,NYSE-ETFA,5695,False
51123,NYSE-ETFA,5703,False
51123,NYSE-ETFA,5701,False
51123,NYSE-ETFA,5699,False
51123,NYSE-ETFA,5704,False
51123,NYSE-ETFA,5702,False
51123,NYSE-ETFA,5696,False
51123,NYSE-ETFA,5698,False
51123,NYSE-ETFA,5700,False
51123,NYSE-CARD,6546,False
51123,NYSE-CARD,6545,False
51123,NYSE-CARD,6539,False
51123,NYSE-CARD,6544,False
51123,NYSE-CARD,6543,False
51123,NYSE-CARD,6541,False
51123,NYSE-CARD,6537,False
51123,NYSE-CARD,6542,False
51123,NYSE-DDJH,5751,False
51123,NYSE-DDJH,5749,False
51123,NYSE-DDJH,5747,False
51123,NYSE-DDJH,5745,False
51123,NYSE-DDJH,5743,False
51123,NYSE-INA,5456,False
51123,NYSE-INA,5454,False
51123,NYSE-INA,5458,False
51123,NYSE-INA,5460,False
51123,NYSE-INA,6052,False
51123,NYSE-INA,6054,False
51123,NYSE-INA,6050,False
51123,NYSE-INA,6058,False
51123,NYSE-INA,6056,False
51123,NYSE-INA,6051,False
51123,NYSE-INA,6055,False
51123,NYSE-INA,6057,False
51123,NYSE-INA,6053,False
51123,NYSE-JNAF,5656,False
51123,NYSE-JNAF,5654,False
51123,NYSE-JNAF,5651,False
51123,NYSE-JNAF,5649,False
51123,NYSE-JNAF,5647,False
51123,NYSE-JNAF,5652,False
51123,NYSE-JNAF,5650,False
51123,NYSE-JNAF,5648,False
51123,NYSE-JNAF,5655,False
51123,NYSE-JNAF,5653,False
51123,NYSE-JZRO,6093,False
51123,NYSE-JZRO,6091,False
51123,NYSE-JZRO,6099,False
51123,NYSE-JZRO,6097,False
51123,NYSE-JZRO,6095,False
51123,NYSE-JZRO,6096,False
51123,NYSE-JZRO,6098,False
51123,NYSE-JZRO,6094,False
51123,NYSE-KRAS,5782,False
51123,NYSE-KRAS,5774,False
51123,NYSE-KRAS,5776,False
51123,NYSE-KRAS,5778,False
51123,NYSE-KRAS,5780,False
51123,NYSE-KTST,5841,False
51123,NYSE-KTST,5839,False
51123,NYSE-KTST,5832,False
51123,NYSE-KTST,5834,False
51123,NYSE-KTST,5833,False
51123,NYSE-KTST,5837,False
51123,NYSE-KTST,5835,False
51123,NYSE-KTST,5838,False
51123,NYSE-KTST,5840,False
51123,NYSE-KTST,5836,False
51123,NYSE-MDKA,5596,False
51123,NYSE-MDKA,5594,False
51123,NYSE-MDKA,5592,False
51123,NYSE-MDKA,5590,False
51123,NYSE-MDKA,5588,False
51124,NYSE-MDKA,5597,False
51124,NYSE-MDKA,5591,False
51124,NYSE-MDKA,5593,False
51124,NYSE-MDKA,5595,False
51124,NYSE-MDKA,5589,False
51124,NYSE-NGUP,6065,False
51124,NYSE-SIMP,6012,False
51124,NYSE-SIMP,6010,False
51124,NYSE-SIMP,6008,False
51124,NYSE-SIMP,6006,False
51124,NYSE-SIMP,6014,False
51124,NYSE-SIMP,6013,False
51124,NYSE-SIMP,6015,False
51124,NYSE-SIMP,6011,False
51124,NYSE-XFR,5691,False
51124,NYSE-XFR,5687,False
51124,NYSE-XFR,5685,False
51124,NYSE-XFR,5683,False
51124,NYSE-XFR,5689,False
51124,NYSE-XFR,5682,False
51124,NYSE-XFR,5684,False
51124,NYSE-XFR,5688,False
51124,NYSE-XFR,5686,False
51124,NYSE-XFR,5690,False
51124,NYSE-ZABA,5819,False
51124,NYSE-ZABA,5817,False
51124,NYSE-ZABA,5815,False
51124,NYSE-ZABA,5813,False
51124,NYSE-ZABA,5812,False
51124,NYSE-ZABA,5814,False
51124,NYSE-ZABA,5816,False
51124,NYSE-ZABA,5818,False
51124,NYSE-ZABA,5820,False
51130,NYSE-ZABA,5231,False
51130,NYSE-ZABA,5233,False
51130,NYSE-ZABA,5235,False
51130,NYSE-NGUP,5462,False
51130,NYSE-JZRO,6117,False
51131,NYSE-NGUP,6089,False
51131,NYSE-INA,6076,False
51131,NYSE-ZABA,5836,False
51131,NYSE-KRAS,5796,False
51131,NYSE-CARD,6564,False
51131,NYSE-INA,6077,False
51161,NYSE-CARD,6565,False
51161,NYSE-CARD,6566,False
51161,NYSE-JZRO,6118,False
51161,NYSE-DDJH,5762,False
51161,NYSE-SIMP,6032,False
51161,NYSE-KRAS,5798,False
51175,NYSE-NGUP,6090,False
51175,NYSE-JZRO,6120,False
51191,NYSE-INA,6078,False
51191,NYSE-ZABA,5837,False
51191,NYSE-KRAS,5799,False
51191,NYSE-CARD,6568,False
51191,NYSE-INA,6079,False
51191,NYSE-CARD,6569,False
51191,NYSE-KRAS,5800,False
51208,NYSE-JNAF,5668,False
51208,NYSE-NGUP,6092,False
51222,NYSE-ETFA3,5717,False
51222,NYSE-ETFA3,5715,False
51222,NYSE-ETFA3,5718,False
51222,NYSE-ETFA3,5716,False
51223,NYSE-ETFA,5707,False
51223,NYSE-ETFA,5705,False
51223,NYSE-ETFA,5713,False
51223,NYSE-ETFA,5709,False
51223,NYSE-ETFA,5714,False
51223,NYSE-ETFA,5712,False
51223,NYSE-ETFA,5710,False
51223,NYSE-ETFA,5708,False
51223,NYSE-ETFA,5711,False
51223,NYSE-CARD,6561,False
51223,NYSE-CARD,6557,False
51223,NYSE-CARD,6555,False
51223,NYSE-CARD,6554,False
51223,NYSE-CARD,6558,False
51223,NYSE-CARD,6556,False
51223,NYSE-CARD,6559,False
51223,NYSE-CARD,6552,False
51223,NYSE-CARD,6560,False
51223,NYSE-DDJH,5759,False
51223,NYSE-DDJH,5757,False
51223,NYSE-DDJH,5755,False
51223,NYSE-DDJH,5753,False
51223,NYSE-DDJH,5761,False
51223,NYSE-DDJH,5756,False
51223,NYSE-DDJH,5752,False
51223,NYSE-DDJH,5760,False
51223,NYSE-DDJH,5758,False
51223,NYSE-DDJH,5754,False
51223,NYSE-INA,6071,False
51223,NYSE-INA,6069,False
51223,NYSE-INA,6067,False
51223,NYSE-INA,6073,False
51223,NYSE-INA,6075,False
51223,NYSE-JNAF,5665,False
51223,NYSE-JNAF,5663,False
51223,NYSE-JNAF,5662,False
51223,NYSE-JNAF,5661,False
51223,NYSE-JNAF,5659,False
51223,NYSE-JNAF,5658,False
51223,NYSE-JNAF,5666,False
51223,NYSE-JNAF,5657,False
51223,NYSE-JNAF,5660,False
51223,NYSE-JNAF,5664,False
51223,NYSE-JZRO,6115,False
51223,NYSE-JZRO,6113,False
51223,NYSE-JZRO,6111,False
51223,NYSE-JZRO,6109,False
51223,NYSE-JZRO,6106,False
51223,NYSE-JZRO,6114,False
51223,NYSE-JZRO,6112,False
51223,NYSE-JZRO,6110,False
51223,NYSE-JZRO,6108,False
51223,NYSE-KRAS,5238,False
51223,NYSE-KRAS,5795,False
51223,NYSE-KRAS,5793,False
51223,NYSE-KRAS,5787,False
51223,NYSE-KRAS,5789,False
51223,NYSE-KRAS,5791,False
51223,NYSE-KTST,5851,False
51223,NYSE-KTST,5850,False
51223,NYSE-KTST,5849,False
51223,NYSE-KTST,5848,False
51223,NYSE-KTST,5847,False
51223,NYSE-KTST,5842,False
51223,NYSE-KTST,5844,False
51223,NYSE-KTST,5845,False
51223,NYSE-KTST,5843,False
51223,NYSE-KTST,5846,False
51223,NYSE-MDKA,5607,False
51223,NYSE-MDKA,5605,False
51223,NYSE-MDKA,5603,False
51223,NYSE-MDKA,5602,False
51223,NYSE-MDKA,5600,False
51223,NYSE-MDKA,5598,False
51223,NYSE-MDKA,5606,False
51223,NYSE-MDKA,5601,False
51223,NYSE-MDKA,5599,False
51223,NYSE-MDKA,5604,False
51223,NYSE-NGUP,6080,False
51223,NYSE-NGUP,6078,False
51223,NYSE-SIMP,6027,False
51223,NYSE-SIMP,6023,False
51223,NYSE-SIMP,6021,False
51223,NYSE-SIMP,6025,False
51223,NYSE-SIMP,6029,False
51224,NYSE-SIMP,6030,False
51224,NYSE-SIMP,6024,False
51224,NYSE-SIMP,6026,False
51224,NYSE-SIMP,6028,False
51224,NYSE-XFR,5693,False
51224,NYSE-XFR,5695,False
51224,NYSE-XFR,5694,False
51224,NYSE-XFR,5702,False
51224,NYSE-XFR,5698,False
51224,NYSE-XFR,5700,False
51224,NYSE-XFR,5701,False
51224,NYSE-XFR,5696,False
51224,NYSE-XFR,5697,False
51224,NYSE-XFR,5699,False
51224,NYSE-ZABA,5826,False
51224,NYSE-ZABA,5828,False
51224,NYSE-ZABA,5830,False
51224,NYSE-ZABA,5833,False
51224,NYSE-ZABA,5834,False
51224,NYSE-ZABA,5825,False
51224,NYSE-ZABA,5827,False
51224,NYSE-ZABA,5829,False
51224,NYSE-ZABA,5831,False
51224,NYSE-ZABA,5832,False
51224,NYSE-JZRO,6132,False
51224,NYSE-SIMP,6045,False
51224,NYSE-INA,6091,False
51224,NYSE-KRAS,5811,False
51224,NYSE-CARD,6580,False
51224,NYSE-INA,6092,False
51258,NYSE-JZRO,6134,False
51258,NYSE-SIMP,6046,False
51258,NYSE-INA,6093,False
51258,NYSE-KRAS,5812,False
51258,NYSE-CARD,6583,False
51258,NYSE-INA,6094,False
51323,NYSE-ETFA3,5728,False
51323,NYSE-ETFA3,5726,False
51323,NYSE-ETFA3,5727,False
51323,NYSE-ETFA,5717,False
51323,NYSE-ETFA,5725,False
51323,NYSE-ETFA,5723,False
51323,NYSE-ETFA,5720,False
51323,NYSE-ETFA,5719,False
51323,NYSE-ETFA,5724,False
51323,NYSE-ETFA,5718,False
51323,NYSE-ETFA,5716,False
51323,NYSE-ETFA,5722,False
51323,NYSE-ETFA,5721,False
51323,NYSE-CARD,6576,False
51323,NYSE-CARD,6574,False
51323,NYSE-CARD,6571,False
51323,NYSE-CARD,6570,False
51323,NYSE-CARD,6572,False
51323,NYSE-CARD,6577,False
51323,NYSE-CARD,6578,False
51323,NYSE-CARD,6573,False
51323,NYSE-CARD,6575,False
51323,NYSE-CARD,6579,False
51323,NYSE-DDJH,5766,False
51323,NYSE-DDJH,5764,False
51323,NYSE-DDJH,5772,False
51323,NYSE-DDJH,5768,False
51323,NYSE-DDJH,5773,False
51323,NYSE-DDJH,5769,False
51323,NYSE-DDJH,5771,False
51323,NYSE-DDJH,5765,False
51323,NYSE-DDJH,5767,False
51323,NYSE-DDJH,5770,False
51323,NYSE-INA,6090,False
51323,NYSE-INA,6082,False
51323,NYSE-INA,6084,False
51323,NYSE-INA,6086,False
51323,NYSE-INA,6088,False
51323,NYSE-INA,6089,False
51323,NYSE-JNAF,5676,False
51323,NYSE-JNAF,5678,False
51323,NYSE-JNAF,5669,False
51323,NYSE-JNAF,5671,False
51323,NYSE-JNAF,5673,False
51323,NYSE-JNAF,5670,False
51323,NYSE-JNAF,5672,False
51323,NYSE-JNAF,5674,False
51323,NYSE-JNAF,5675,False
51323,NYSE-JNAF,5677,False
51323,NYSE-JZRO,6128,False
51323,NYSE-JZRO,6124,False
51323,NYSE-JZRO,6130,False
51323,NYSE-JZRO,6126,False
51323,NYSE-JZRO,6123,False
51323,NYSE-JZRO,6125,False
51323,NYSE-JZRO,6127,False
51323,NYSE-JZRO,6121,False
51323,NYSE-JZRO,6129,False
51323,NYSE-KRAS,5249,False
51323,NYSE-KRAS,5809,False
51323,NYSE-KRAS,5807,False
51323,NYSE-KRAS,5802,False
51323,NYSE-KRAS,5806,False
51323,NYSE-KRAS,5804,False
51323,NYSE-KRAS,5805,False
51323,NYSE-KRAS,5808,False
51323,NYSE-KRAS,5810,False
51323,NYSE-KTST,5853,False
51323,NYSE-KTST,5859,False
51323,NYSE-KTST,5861,False
51323,NYSE-KTST,5855,False
51323,NYSE-KTST,5854,False
51323,NYSE-KTST,5856,False
51323,NYSE-KTST,5857,False
51323,NYSE-KTST,5858,False
51323,NYSE-KTST,5860,False
51323,NYSE-KTST,5862,False
51323,NYSE-MDKA,5616,False
51323,NYSE-MDKA,5608,False
51323,NYSE-MDKA,5611,False
51323,NYSE-MDKA,5614,False
51323,NYSE-MDKA,5617,False
51324,NYSE-MDKA,5609,False
51324,NYSE-MDKA,5610,False
51324,NYSE-MDKA,5612,False
51324,NYSE-MDKA,5613,False
51324,NYSE-MDKA,5615,False
51324,NYSE-NGUP,6093,False
51324,NYSE-SIMP,6044,False
51324,NYSE-SIMP,6043,False
51324,NYSE-SIMP,6042,False
51324,NYSE-SIMP,6041,False
51324,NYSE-SIMP,6040,False
51324,NYSE-SIMP,6038,False
51324,NYSE-SIMP,6035,False
51324,NYSE-SIMP,6036,False
51324,NYSE-SIMP,6037,False
51324,NYSE-SIMP,6039,False
51324,NYSE-XFR,5712,False
51324,NYSE-XFR,5710,False
51324,NYSE-XFR,5708,False
51324,NYSE-XFR,5706,False
51324,NYSE-XFR,5704,False
51324,NYSE-XFR,5709,False
51324,NYSE-XFR,5711,False
51324,NYSE-XFR,5703,False
51324,NYSE-XFR,5705,False
51324,NYSE-XFR,5707,False
51324,NYSE-ZABA,5846,False
51324,NYSE-ZABA,5843,False
51324,NYSE-ZABA,5842,False
51324,NYSE-ZABA,5841,False
51324,NYSE-ZABA,5840,False
51324,NYSE-ZABA,5844,False
51324,NYSE-ZABA,5847,False
51324,NYSE-ZABA,5845,False
51348,NYSE-JZRO,6146,False
51349,NYSE-SIMP,6058,False
51349,NYSE-INA,6106,False
51349,NYSE-ZABA,5863,False
51349,NYSE-KRAS,5823,False
51378,NYSE-XFR,5723,False
51378,NYSE-KRAS,5824,False
51391,NYSE-CARD,6594,False
51391,NYSE-CARD,6595,False
51391,NYSE-CARD,6596,False
51391,NYSE-DDJH,5784,False
51391,NYSE-SIMP,6059,False
51391,NYSE-CARD,6597,False
51420,NYSE-JZRO,6147,False
51420,NYSE-ZABA,5865,False
51423,NYSE-ETFA3,5737,False
51423,NYSE-ETFA,5734,False
51423,NYSE-ETFA,5732,False
51423,NYSE-ETFA,5731,False
51423,NYSE-ETFA,5729,False
51423,NYSE-ETFA,5733,False
51423,NYSE-ETFA,5730,False
51423,NYSE-ETFA,5728,False
51423,NYSE-ETFA,5726,False
51423,NYSE-ETFA,5735,False
51423,NYSE-ETFA,5727,False
51423,NYSE-CARD,6593,False
51423,NYSE-CARD,6592,False
51423,NYSE-CARD,6591,False
51423,NYSE-CARD,6590,False
51423,NYSE-CARD,6589,False
51423,NYSE-CARD,6588,False
51423,NYSE-CARD,6586,False
51423,NYSE-CARD,6585,False
51423,NYSE-CARD,6587,False
51423,NYSE-DDJH,5782,False
51423,NYSE-DDJH,5780,False
51423,NYSE-DDJH,5778,False
51423,NYSE-DDJH,5776,False
51423,NYSE-DDJH,5783,False
51423,NYSE-DDJH,5774,False
51423,NYSE-DDJH,5775,False
51423,NYSE-DDJH,5779,False
51423,NYSE-DDJH,5781,False
51423,NYSE-DDJH,5777,False
51423,NYSE-INA,6103,False
51423,NYSE-INA,6102,False
51423,NYSE-INA,6101,False
51423,NYSE-INA,6100,False
51423,NYSE-INA,6099,False
51423,NYSE-INA,6097,False
51423,NYSE-JNAF,5687,False
51423,NYSE-JNAF,5686,False
51423,NYSE-JNAF,5685,False
51423,NYSE-JNAF,5683,False
51423,NYSE-JNAF,5682,False
51423,NYSE-JNAF,5680,False
51423,NYSE-JNAF,5688,False
51423,NYSE-JNAF,5684,False
51423,NYSE-JNAF,5679,False
51423,NYSE-JNAF,5681,False
51423,NYSE-JZRO,6141,False
51423,NYSE-JZRO,6140,False
51423,NYSE-JZRO,6139,False
51423,NYSE-JZRO,6138,False
51423,NYSE-JZRO,6137,False
51423,NYSE-JZRO,6135,False
51423,NYSE-JZRO,6142,False
51423,NYSE-JZRO,6143,False
51423,NYSE-JZRO,6144,False
51423,NYSE-KRAS,5822,False
51423,NYSE-KRAS,5820,False
51423,NYSE-KRAS,5818,False
51423,NYSE-KRAS,5816,False
51423,NYSE-KRAS,5814,False
51423,NYSE-KTST,5871,False
51423,NYSE-KTST,5869,False
51423,NYSE-KTST,5867,False
51423,NYSE-KTST,5863,False
51423,NYSE-KTST,5866,False
51423,NYSE-KTST,5864,False
51423,NYSE-KTST,5870,False
51423,NYSE-KTST,5868,False
51423,NYSE-KTST,5872,False
51423,NYSE-KTST,5865,False
51423,NYSE-MDKA,5627,False
51423,NYSE-MDKA,5626,False
51423,NYSE-MDKA,5625,False
51423,NYSE-MDKA,5623,False
51423,NYSE-MDKA,5622,False
51423,NYSE-MDKA,5621,False
51423,NYSE-MDKA,5620,False
51423,NYSE-MDKA,5618,False
51423,NYSE-MDKA,5624,False
51423,NYSE-NGUP,6109,False
51423,NYSE-NGUP,6106,False
51423,NYSE-NGUP,6104,False
51423,NYSE-NGUP,6108,False
51423,NYSE-SIMP,6056,False
51423,NYSE-SIMP,6055,False
51424,NYSE-SIMP,6054,False
51424,NYSE-SIMP,6053,False
51424,NYSE-SIMP,6052,False
51424,NYSE-SIMP,6050,False
51424,NYSE-SIMP,6051,False
51424,NYSE-SIMP,6049,False
51424,NYSE-XFR,5714,False
51424,NYSE-XFR,5722,False
51424,NYSE-XFR,5720,False
51424,NYSE-XFR,5716,False
51424,NYSE-XFR,5718,False
51424,NYSE-XFR,5719,False
51424,NYSE-XFR,5721,False
51424,NYSE-XFR,5715,False
51424,NYSE-XFR,5717,False
51424,NYSE-XFR,5713,False
51424,NYSE-ZABA,5861,False
51424,NYSE-ZABA,5860,False
51424,NYSE-ZABA,5858,False
51424,NYSE-ZABA,5856,False
51424,NYSE-ZABA,5854,False
51424,NYSE-ZABA,5852,False
51424,NYSE-ZABA,5859,False
51424,NYSE-ZABA,5855,False
51424,NYSE-ZABA,5857,False
51513,NYSE-JZRO,6158,False
51522,NYSE-ETFA3,5747,False
51522,NYSE-ETFA3,5748,False
51522,NYSE-ETFA3,5746,False
51523,NYSE-ETFA,5742,False
51523,NYSE-ETFA,5740,False
51523,NYSE-ETFA,5738,False
51523,NYSE-ETFA,5736,False
51523,NYSE-ETFA,5745,False
51523,NYSE-ETFA,5743,False
51523,NYSE-ETFA,5741,False
51523,NYSE-ETFA,5739,False
51523,NYSE-ETFA,5737,False
51523,NYSE-ETFA,5744,False
51523,NYSE-CARD,6607,False
51523,NYSE-CARD,6606,False
51523,NYSE-CARD,6605,False
51523,NYSE-CARD,6604,False
51523,NYSE-CARD,6603,False
51523,NYSE-CARD,6602,False
51523,NYSE-CARD,6601,False
51523,NYSE-CARD,6599,False
51523,NYSE-CARD,6600,False
51523,NYSE-CARD,6608,False
51523,NYSE-DDJH,5793,False
51523,NYSE-DDJH,5791,False
51523,NYSE-DDJH,5789,False
51523,NYSE-DDJH,5787,False
51523,NYSE-DDJH,5785,False
51523,NYSE-DDJH,5794,False
51523,NYSE-DDJH,5792,False
51523,NYSE-DDJH,5788,False
51523,NYSE-DDJH,5790,False
51523,NYSE-DDJH,5786,False
51523,NYSE-INA,6115,False
51523,NYSE-INA,6114,False
51523,NYSE-INA,6113,False
51523,NYSE-INA,6112,False
51523,NYSE-INA,6111,False
51523,NYSE-INA,6110,False
51523,NYSE-JNAF,5697,False
51523,NYSE-JNAF,5695,False
51523,NYSE-JNAF,5693,False
51523,NYSE-JNAF,5691,False
51523,NYSE-JNAF,5692,False
51523,NYSE-JNAF,5690,False
51523,NYSE-JNAF,5694,False
51523,NYSE-JNAF,5698,False
51523,NYSE-JNAF,5696,False
51523,NYSE-JNAF,5699,False
51523,NYSE-JZRO,6157,False
51523,NYSE-JZRO,6155,False
51523,NYSE-JZRO,6153,False
51523,NYSE-JZRO,6151,False
51523,NYSE-JZRO,6149,False
51523,NYSE-JZRO,6154,False
51523,NYSE-JZRO,6150,False
51523,NYSE-JZRO,6152,False
51523,NYSE-JZRO,6148,False
51523,NYSE-JZRO,6156,False
51523,NYSE-KRAS,5834,False
51523,NYSE-KRAS,5832,False
51523,NYSE-KRAS,5826,False
51523,NYSE-KRAS,5828,False
51523,NYSE-KRAS,5830,False
51523,NYSE-KTST,5881,False
51523,NYSE-KTST,5879,False
51523,NYSE-KTST,5878,False
51523,NYSE-KTST,5880,False
51523,NYSE-KTST,5882,False
51523,NYSE-KTST,5876,False
51523,NYSE-KTST,5877,False
51523,NYSE-MDKA,5638,False
51523,NYSE-MDKA,5637,False
51523,NYSE-MDKA,5635,False
51523,NYSE-MDKA,5634,False
51523,NYSE-MDKA,5633,False
51523,NYSE-MDKA,5632,False
51523,NYSE-MDKA,5631,False
51523,NYSE-MDKA,5630,False
51523,NYSE-MDKA,5629,False
51523,NYSE-MDKA,5636,False
51523,NYSE-NGUP,6118,False
51523,NYSE-NGUP,6116,False
51523,NYSE-SIMP,6067,False
51523,NYSE-SIMP,6065,False
51523,NYSE-SIMP,6064,False
51523,NYSE-SIMP,6063,False
51523,NYSE-SIMP,6062,False
51523,NYSE-SIMP,6069,False
51523,NYSE-SIMP,6061,False
51523,NYSE-SIMP,6070,False
51523,NYSE-SIMP,6066,False
51523,NYSE-SIMP,6068,False
51523,NYSE-XFR,5733,False
51523,NYSE-XFR,5731,False
51523,NYSE-XFR,5729,False
51523,NYSE-XFR,5724,False
51523,NYSE-XFR,5730,False
51523,NYSE-XFR,5728,False
51523,NYSE-XFR,5726,False
51523,NYSE-XFR,5727,False
51523,NYSE-XFR,5725,False
51523,NYSE-XFR,5732,False
51524,NYSE-ZABA,5871,False
51524,NYSE-ZABA,5869,False
51524,NYSE-ZABA,5867,False
51524,NYSE-ZABA,5875,False
51524,NYSE-ZABA,5873,False
51524,NYSE-ZABA,5866,False
51524,NYSE-ZABA,5870,False
51524,NYSE-ZABA,5874,False
51524,NYSE-ZABA,5868,False
51524,NYSE-ZABA,5872,False
51524,NYSE-SIMP,6081,False
51524,NYSE-KRAS,5845,False
51524,NYSE-CARD,6620,False
51524,NYSE-NGUP,6136,False
51620,NYSE-CARD,6621,False
51620,NYSE-CARD,6623,False
51620,NYSE-KRAS,5846,False
51620,NYSE-SIMP,6082,False
51620,NYSE-CARD,6624,False
51622,NYSE-ETFA3,5758,False
51622,NYSE-ETFA3,5756,False
51622,NYSE-ETFA3,5757,False
51623,NYSE-ETFA,5747,False
51623,NYSE-ETFA,5754,False
51623,NYSE-ETFA,5749,False
51623,NYSE-ETFA,5753,False
51623,NYSE-ETFA,5748,False
51623,NYSE-ETFA,5746,False
51623,NYSE-ETFA,5752,False
51623,NYSE-ETFA,5750,False
51623,NYSE-ETFA,5751,False
51623,NYSE-ETFA,5755,False
51623,NYSE-CARD,6618,False
51623,NYSE-CARD,6617,False
51623,NYSE-CARD,6616,False
51623,NYSE-CARD,6615,False
51623,NYSE-CARD,6614,False
51623,NYSE-CARD,6613,False
51623,NYSE-CARD,6612,False
51623,NYSE-CARD,6611,False
51623,NYSE-CARD,6610,False
51623,NYSE-CARD,6619,False
51623,NYSE-DDJH,5804,False
51623,NYSE-DDJH,5802,False
51623,NYSE-DDJH,5800,False
51623,NYSE-DDJH,5798,False
51623,NYSE-DDJH,5797,False
51623,NYSE-DDJH,5795,False
51623,NYSE-DDJH,5796,False
51623,NYSE-DDJH,5799,False
51623,NYSE-DDJH,5801,False
51623,NYSE-DDJH,5803,False
51623,NYSE-INA,6125,False
51623,NYSE-INA,6123,False
51623,NYSE-INA,6120,False
51623,NYSE-INA,6124,False
51623,NYSE-INA,6122,False
51623,NYSE-JNAF,5709,False
51623,NYSE-JNAF,5708,False
51623,NYSE-JNAF,5707,False
51623,NYSE-JNAF,5706,False
51623,NYSE-JNAF,5705,False
51623,NYSE-JNAF,5704,False
51623,NYSE-JNAF,5703,False
51623,NYSE-JNAF,5702,False
51623,NYSE-JNAF,5700,False
51623,NYSE-JNAF,5701,False
51623,NYSE-JZRO,6167,False
51623,NYSE-JZRO,6165,False
51623,NYSE-JZRO,6163,False
51623,NYSE-JZRO,6161,False
51623,NYSE-JZRO,6159,False
51623,NYSE-JZRO,6162,False
51623,NYSE-JZRO,6168,False
51623,NYSE-JZRO,6160,False
51623,NYSE-JZRO,6164,False
51623,NYSE-JZRO,6166,False
51623,NYSE-KRAS,5843,False
51623,NYSE-KRAS,5842,False
51623,NYSE-KRAS,5841,False
51623,NYSE-KRAS,5840,False
51623,NYSE-KRAS,5837,False
51623,NYSE-KRAS,5836,False
51623,NYSE-KRAS,5835,False
51623,NYSE-KRAS,5839,False
51623,NYSE-KRAS,5838,False
51623,NYSE-KRAS,5844,False
51623,NYSE-KTST,5892,False
51623,NYSE-KTST,5890,False
51623,NYSE-KTST,5888,False
51623,NYSE-KTST,5886,False
51623,NYSE-KTST,5889,False
51623,NYSE-KTST,5887,False
51623,NYSE-KTST,5891,False
51623,NYSE-MDKA,5648,False
51623,NYSE-MDKA,5647,False
51623,NYSE-MDKA,5646,False
51623,NYSE-MDKA,5645,False
51623,NYSE-MDKA,5644,False
51623,NYSE-MDKA,5643,False
51623,NYSE-MDKA,5642,False
51623,NYSE-MDKA,5640,False
51623,NYSE-MDKA,5639,False
51623,NYSE-MDKA,5641,False
51623,NYSE-NGUP,6128,False
51623,NYSE-NGUP,6130,False
51623,NYSE-NGUP,6126,False
51623,NYSE-SIMP,6078,False
51623,NYSE-SIMP,6076,False
51623,NYSE-SIMP,6074,False
51623,NYSE-SIMP,6080,False
51623,NYSE-SIMP,6071,False
51623,NYSE-SIMP,6075,False
51623,NYSE-SIMP,6073,False
51623,NYSE-SIMP,6077,False
51623,NYSE-SIMP,6072,False
51623,NYSE-SIMP,6079,False
51623,NYSE-XFR,5743,False
51623,NYSE-XFR,5741,False
51623,NYSE-XFR,5740,False
51623,NYSE-XFR,5737,False
51623,NYSE-XFR,5735,False
51623,NYSE-XFR,5739,False
51623,NYSE-XFR,5734,False
51623,NYSE-XFR,5738,False
51623,NYSE-XFR,5742,False
51623,NYSE-XFR,5736,False
51623,NYSE-ZABA,5881,False
51624,NYSE-ZABA,5879,False
51624,NYSE-ZABA,5877,False
51624,NYSE-ZABA,5885,False
51624,NYSE-ZABA,5883,False
51624,NYSE-ZABA,5878,False
51624,NYSE-ZABA,5880,False
51624,NYSE-ZABA,5882,False
51624,NYSE-ZABA,5884,False
51624,NYSE-ZABA,5876,False
51672,NYSE-SIMP,6093,False
51672,NYSE-KRAS,5857,False
51672,NYSE-NGUP,6147,False
51689,NYSE-XFR,5755,False
51722,NYSE-ETFA3,5767,False
51723,NYSE-ETFA3,5768,False
51723,NYSE-ETFA,5758,False
51723,NYSE-ETFA,5766,False
51723,NYSE-ETFA,5764,False
51723,NYSE-ETFA,5762,False
51723,NYSE-ETFA,5760,False
51723,NYSE-ETFA,5765,False
51723,NYSE-ETFA,5761,False
51723,NYSE-ETFA,5759,False
51723,NYSE-ETFA,5757,False
51723,NYSE-ETFA,5763,False
51723,NYSE-CARD,6634,False
51723,NYSE-CARD,6633,False
51723,NYSE-CARD,6632,False
51723,NYSE-CARD,6631,False
51723,NYSE-CARD,6630,False
51723,NYSE-CARD,6628,False
51723,NYSE-CARD,6627,False
51723,NYSE-CARD,6626,False
51723,NYSE-CARD,6629,False
51723,NYSE-DDJH,5814,False
51723,NYSE-DDJH,5812,False
51723,NYSE-DDJH,5810,False
51723,NYSE-DDJH,5809,False
51723,NYSE-DDJH,5808,False
51723,NYSE-DDJH,5807,False
51723,NYSE-DDJH,5806,False
51723,NYSE-DDJH,5805,False
51723,NYSE-DDJH,5813,False
51723,NYSE-DDJH,5811,False
51723,NYSE-INA,6135,False
51723,NYSE-INA,6133,False
51723,NYSE-JNAF,5719,False
51723,NYSE-JNAF,5717,False
51723,NYSE-JNAF,5715,False
51723,NYSE-JNAF,5714,False
51723,NYSE-JNAF,5713,False
51723,NYSE-JNAF,5712,False
51723,NYSE-JNAF,5711,False
51723,NYSE-JNAF,5720,False
51723,NYSE-JNAF,5716,False
51723,NYSE-JNAF,5718,False
51723,NYSE-JZRO,6178,False
51723,NYSE-JZRO,6176,False
51723,NYSE-JZRO,6174,False
51723,NYSE-JZRO,6173,False
51723,NYSE-JZRO,6172,False
51723,NYSE-JZRO,6179,False
51723,NYSE-JZRO,6177,False
51723,NYSE-JZRO,6175,False
51723,NYSE-JZRO,6170,False
51723,NYSE-JZRO,6171,False
51723,NYSE-KRAS,5856,False
51723,NYSE-KRAS,5854,False
51723,NYSE-KRAS,5852,False
51723,NYSE-KRAS,5851,False
51723,NYSE-KRAS,5850,False
51723,NYSE-KRAS,5849,False
51723,NYSE-KRAS,5848,False
51723,NYSE-KRAS,5853,False
51723,NYSE-KRAS,5847,False
51723,NYSE-KRAS,5855,False
51723,NYSE-KTST,5902,False
51723,NYSE-KTST,5898,False
51723,NYSE-KTST,5897,False
51723,NYSE-KTST,5901,False
51723,NYSE-KTST,5899,False
51723,NYSE-KTST,5900,False
51723,NYSE-MDKA,5658,False
51723,NYSE-MDKA,5656,False
51723,NYSE-MDKA,5655,False
51723,NYSE-MDKA,5653,False
51723,NYSE-MDKA,5651,False
51723,NYSE-MDKA,5649,False
51723,NYSE-MDKA,5654,False
51723,NYSE-MDKA,5657,False
51723,NYSE-MDKA,5650,False
51723,NYSE-MDKA,5652,False
51724,NYSE-NGUP,6141,False
51724,NYSE-NGUP,6140,False
51724,NYSE-NGUP,6139,False
51724,NYSE-NGUP,6138,False
51724,NYSE-NGUP,6137,False
51724,NYSE-NGUP,6142,False
51724,NYSE-NGUP,6143,False
51724,NYSE-NGUP,6144,False
51724,NYSE-SIMP,6090,False
51724,NYSE-SIMP,6086,False
51724,NYSE-SIMP,6084,False
51724,NYSE-SIMP,6091,False
51724,NYSE-SIMP,6085,False
51724,NYSE-SIMP,6087,False
51724,NYSE-SIMP,6083,False
51724,NYSE-SIMP,6092,False
51724,NYSE-SIMP,6088,False
51724,NYSE-SIMP,6089,False
51724,NYSE-XFR,5754,False
51724,NYSE-XFR,5752,False
51724,NYSE-XFR,5749,False
51724,NYSE-XFR,5745,False
51724,NYSE-XFR,5751,False
51724,NYSE-XFR,5753,False
51724,NYSE-XFR,5747,False
51724,NYSE-XFR,5746,False
51724,NYSE-XFR,5750,False
51724,NYSE-XFR,5748,False
51724,NYSE-ZABA,5892,False
51724,NYSE-ZABA,5890,False
51724,NYSE-ZABA,5888,False
51724,NYSE-ZABA,5896,False
51724,NYSE-ZABA,5889,False
51724,NYSE-ZABA,5893,False
51724,NYSE-ZABA,5895,False
51724,NYSE-ZABA,5891,False
51724,NYSE-ZABA,5894,False
51743,NYSE-CARD,6649,False
51743,NYSE-KRAS,5868,False
51743,NYSE-SIMP,6104,False
51743,NYSE-ZABA,5909,False
51822,NYSE-ETFA3,5780,False
51823,NYSE-ETFA3,5779,False
51823,NYSE-ETFA,5769,False
51823,NYSE-ETFA,5778,False
51823,NYSE-ETFA,5777,False
51823,NYSE-ETFA,5775,False
51823,NYSE-ETFA,5773,False
51823,NYSE-ETFA,5771,False
51823,NYSE-ETFA,5774,False
51823,NYSE-ETFA,5772,False
51823,NYSE-ETFA,5776,False
51823,NYSE-ETFA,5770,False
51823,NYSE-CARD,6647,False
51823,NYSE-CARD,6646,False
51823,NYSE-CARD,6645,False
51823,NYSE-CARD,6644,False
51823,NYSE-CARD,6643,False
51823,NYSE-CARD,6642,False
51823,NYSE-CARD,6641,False
51823,NYSE-CARD,6639,False
51823,NYSE-CARD,6640,False
51823,NYSE-DDJH,5826,False
51823,NYSE-DDJH,5824,False
51823,NYSE-DDJH,5822,False
51823,NYSE-DDJH,5820,False
51823,NYSE-DDJH,5818,False
51823,NYSE-DDJH,5819,False
51823,NYSE-DDJH,5817,False
51823,NYSE-DDJH,5821,False
51823,NYSE-DDJH,5823,False
51823,NYSE-DDJH,5825,False
51823,NYSE-INA,5542,False
51823,NYSE-INA,5544,False
51823,NYSE-INA,6147,False
51823,NYSE-INA,6145,False
51823,NYSE-JNAF,5733,False
51823,NYSE-JNAF,5732,False
51823,NYSE-JNAF,5731,False
51823,NYSE-JNAF,5729,False
51823,NYSE-JNAF,5727,False
51823,NYSE-JNAF,5725,False
51823,NYSE-JNAF,5724,False
51823,NYSE-JNAF,5730,False
51823,NYSE-JNAF,5728,False
51823,NYSE-JNAF,5726,False
51823,NYSE-JZRO,6191,False
51823,NYSE-JZRO,6189,False
51823,NYSE-JZRO,6187,False
51823,NYSE-JZRO,6184,False
51823,NYSE-JZRO,6182,False
51823,NYSE-JZRO,6183,False
51823,NYSE-JZRO,6188,False
51823,NYSE-JZRO,6190,False
51823,NYSE-JZRO,6186,False
51823,NYSE-JZRO,6185,False
51823,NYSE-KRAS,5867,False
51823,NYSE-KRAS,5865,False
51823,NYSE-KRAS,5863,False
51823,NYSE-KRAS,5861,False
51823,NYSE-KRAS,5860,False
51823,NYSE-KRAS,5858,False
51823,NYSE-KRAS,5866,False
51823,NYSE-KRAS,5864,False
51823,NYSE-KRAS,5859,False
51823,NYSE-KRAS,5862,False
51823,NYSE-KTST,5916,False
51823,NYSE-KTST,5910,False
51823,NYSE-KTST,5914,False
51823,NYSE-KTST,5915,False
51823,NYSE-KTST,5913,False
51823,NYSE-KTST,5911,False
51823,NYSE-KTST,5909,False
51823,NYSE-KTST,5912,False
51823,NYSE-MDKA,5669,False
51823,NYSE-MDKA,5667,False
51823,NYSE-MDKA,5665,False
51823,NYSE-MDKA,5663,False
51823,NYSE-MDKA,5668,False
51823,NYSE-MDKA,5661,False
51823,NYSE-MDKA,5666,False
51824,NYSE-MDKA,5664,False
51824,NYSE-MDKA,5662,False
51824,NYSE-MDKA,5670,False
51824,NYSE-NGUP,6153,False
51824,NYSE-NGUP,6151,False
51824,NYSE-NGUP,6149,False
51824,NYSE-NGUP,6154,False
51824,NYSE-NGUP,6152,False
51824,NYSE-SIMP,6103,False
51824,NYSE-SIMP,6102,False
51824,NYSE-SIMP,6101,False
51824,NYSE-SIMP,6100,False
51824,NYSE-SIMP,6099,False
51824,NYSE-SIMP,6097,False
51824,NYSE-SIMP,6096,False
51824,NYSE-SIMP,6094,False
51824,NYSE-SIMP,6098,False
51824,NYSE-SIMP,6095,False
51824,NYSE-XFR,5765,False
51824,NYSE-XFR,5764,False
51824,NYSE-XFR,5761,False
51824,NYSE-XFR,5760,False
51824,NYSE-XFR,5759,False
51824,NYSE-XFR,5758,False
51824,NYSE-XFR,5756,False
51824,NYSE-XFR,5762,False
51824,NYSE-XFR,5757,False
51824,NYSE-XFR,5763,False
51824,NYSE-ZABA,5906,False
51824,NYSE-ZABA,5905,False
51824,NYSE-ZABA,5904,False
51824,NYSE-ZABA,5902,False
51824,NYSE-ZABA,5900,False
51824,NYSE-ZABA,5908,False
51824,NYSE-ZABA,5901,False
51824,NYSE-ZABA,5899,False
51824,NYSE-ZABA,5903,False
51824,NYSE-ZABA,5907,False
51870,NYSE-INA,6165,False
51870,NYSE-ZABA,5920,False
51870,NYSE-NGUP,6170,False
51922,NYSE-ETFA3,5790,False
51922,NYSE-ETFA3,5789,False
51923,NYSE-ETFA,5780,False
51923,NYSE-ETFA,5779,False
51923,NYSE-ETFA,5788,False
51923,NYSE-ETFA,5782,False
51923,NYSE-ETFA,5784,False
51923,NYSE-ETFA,5786,False
51923,NYSE-ETFA,5787,False
51923,NYSE-ETFA,5785,False
51923,NYSE-ETFA,5783,False
51923,NYSE-ETFA,5781,False
51923,NYSE-CARD,6660,False
51923,NYSE-CARD,6659,False
51923,NYSE-CARD,6658,False
51923,NYSE-CARD,6657,False
51923,NYSE-CARD,6656,False
51923,NYSE-CARD,6655,False
51923,NYSE-CARD,6654,False
51923,NYSE-CARD,6653,False
51923,NYSE-CARD,6652,False
51923,NYSE-DDJH,5835,False
51923,NYSE-DDJH,5833,False
51923,NYSE-DDJH,5831,False
51923,NYSE-DDJH,5829,False
51923,NYSE-DDJH,5827,False
51923,NYSE-INA,6157,False
51923,NYSE-INA,6158,False
51923,NYSE-INA,6156,False
51923,NYSE-JNAF,5743,False
51923,NYSE-JNAF,5742,False
51923,NYSE-JNAF,5741,False
51923,NYSE-JNAF,5740,False
51923,NYSE-JNAF,5738,False
51923,NYSE-JNAF,5737,False
51923,NYSE-JNAF,5736,False
51923,NYSE-JNAF,5735,False
51923,NYSE-JNAF,5734,False
51923,NYSE-JNAF,5739,False
51923,NYSE-JZRO,6201,False
51923,NYSE-JZRO,6199,False
51923,NYSE-JZRO,6197,False
51923,NYSE-JZRO,6195,False
51923,NYSE-JZRO,6193,False
51923,NYSE-JZRO,6200,False
51923,NYSE-JZRO,6202,False
51923,NYSE-JZRO,6194,False
51923,NYSE-JZRO,6198,False
51923,NYSE-JZRO,6196,False
51923,NYSE-KRAS,5877,False
51923,NYSE-KRAS,5875,False
51923,NYSE-KRAS,5873,False
51923,NYSE-KRAS,5871,False
51923,NYSE-KRAS,5869,False
51923,NYSE-KRAS,5878,False
51923,NYSE-KRAS,5874,False
51923,NYSE-KRAS,5876,False
51923,NYSE-KRAS,5872,False
51923,NYSE-KTST,5925,False
51923,NYSE-KTST,5923,False
51923,NYSE-KTST,5921,False
51923,NYSE-KTST,5926,False
51923,NYSE-KTST,5924,False
51923,NYSE-KTST,5920,False
51923,NYSE-KTST,5922,False
51923,NYSE-MDKA,5680,False
51923,NYSE-MDKA,5678,False
51923,NYSE-MDKA,5676,False
51923,NYSE-MDKA,5674,False
51923,NYSE-MDKA,5673,False
51923,NYSE-MDKA,5671,False
51923,NYSE-MDKA,5679,False
51923,NYSE-MDKA,5672,False
51923,NYSE-MDKA,5675,False
51923,NYSE-MDKA,5677,False
51924,NYSE-NGUP,6165,False
51924,NYSE-NGUP,6163,False
51924,NYSE-NGUP,6161,False
51924,NYSE-NGUP,6159,False
51924,NYSE-NGUP,6164,False
51924,NYSE-NGUP,6166,False
51924,NYSE-SIMP,6115,False
51924,NYSE-SIMP,6114,False
51924,NYSE-SIMP,6113,False
51924,NYSE-SIMP,6112,False
51924,NYSE-SIMP,6111,False
51924,NYSE-SIMP,6109,False
51924,NYSE-SIMP,6107,False
51924,NYSE-SIMP,6108,False
51924,NYSE-SIMP,6110,False
51924,NYSE-XFR,5775,False
51924,NYSE-XFR,5773,False
51924,NYSE-XFR,5772,False
51924,NYSE-XFR,5771,False
51924,NYSE-XFR,5770,False
51924,NYSE-XFR,5769,False
51924,NYSE-XFR,5767,False
51924,NYSE-XFR,5766,False
51924,NYSE-XFR,5774,False
51924,NYSE-XFR,5768,False
51924,NYSE-ZABA,5916,False
51924,NYSE-ZABA,5914,False
51924,NYSE-ZABA,5912,False
51924,NYSE-ZABA,5919,False
51924,NYSE-ZABA,5917,False
51924,NYSE-ZABA,5918,False
51924,NYSE-ZABA,5915,False
51924,NYSE-ZABA,5913,False
51924,NYSE-ZABA,5911,False
51955,NYSE-JZRO,6215,False
52001,NYSE-XFR,5786,False
52001,NYSE-KRAS,5891,False
52022,NYSE-ETFA3,5801,False
52023,NYSE-ETFA,5791,False
52023,NYSE-ETFA,5800,False
52023,NYSE-ETFA,5799,False
52023,NYSE-ETFA,5798,False
52023,NYSE-ETFA,5797,False
52023,NYSE-ETFA,5796,False
52023,NYSE-ETFA,5794,False
52023,NYSE-ETFA,5793,False
52023,NYSE-ETFA,5792,False
52023,NYSE-ETFA,5795,False
52023,NYSE-CARD,6671,False
52023,NYSE-CARD,6670,False
52023,NYSE-CARD,6669,False
52023,NYSE-CARD,6668,False
52023,NYSE-CARD,6667,False
52023,NYSE-CARD,6666,False
52023,NYSE-CARD,6664,False
52023,NYSE-CARD,6663,False
52023,NYSE-CARD,6665,False
52023,NYSE-CARD,6672,False
52023,NYSE-DDJH,5846,False
52023,NYSE-DDJH,5843,False
52023,NYSE-DDJH,5841,False
52023,NYSE-DDJH,5839,False
52023,NYSE-DDJH,5837,False
52023,NYSE-DDJH,5844,False
52023,NYSE-DDJH,5845,False
52023,NYSE-INA,5573,False
52023,NYSE-INA,5569,False
52023,NYSE-INA,5571,False
52023,NYSE-INA,6170,False
52023,NYSE-INA,6168,False
52023,NYSE-INA,6171,False
52023,NYSE-JNAF,5752,False
52023,NYSE-JNAF,5750,False
52023,NYSE-JNAF,5749,False
52023,NYSE-JNAF,5748,False
52023,NYSE-JNAF,5746,False
52023,NYSE-JNAF,5745,False
52023,NYSE-JNAF,5751,False
52023,NYSE-JNAF,5753,False
52023,NYSE-JNAF,5747,False
52023,NYSE-JNAF,5744,False
52023,NYSE-JZRO,6213,False
52023,NYSE-JZRO,6211,False
52023,NYSE-JZRO,6209,False
52023,NYSE-JZRO,6207,False
52023,NYSE-JZRO,6210,False
52023,NYSE-JZRO,6208,False
52023,NYSE-JZRO,6206,False
52023,NYSE-JZRO,6212,False
52023,NYSE-JZRO,6214,False
52023,NYSE-JZRO,6205,False
52023,NYSE-KRAS,5890,False
52023,NYSE-KRAS,5888,False
52023,NYSE-KRAS,5885,False
52023,NYSE-KRAS,5883,False
52023,NYSE-KRAS,5881,False
52023,NYSE-KRAS,5889,False
52023,NYSE-KRAS,5887,False
52023,NYSE-KTST,5936,False
52023,NYSE-KTST,5934,False
52023,NYSE-KTST,5935,False
52023,NYSE-KTST,5933,False
52023,NYSE-KTST,5937,False
52023,NYSE-MDKA,5691,False
52023,NYSE-MDKA,5689,False
52023,NYSE-MDKA,5687,False
52023,NYSE-MDKA,5686,False
52023,NYSE-MDKA,5685,False
52023,NYSE-MDKA,5683,False
52024,NYSE-MDKA,5682,False
52024,NYSE-MDKA,5688,False
52024,NYSE-MDKA,5690,False
52024,NYSE-MDKA,5684,False
52024,NYSE-NGUP,6176,False
52024,NYSE-NGUP,6174,False
52024,NYSE-NGUP,6172,False
52024,NYSE-SIMP,6125,False
52024,NYSE-SIMP,6123,False
52024,NYSE-SIMP,6118,False
52024,NYSE-SIMP,6121,False
52024,NYSE-SIMP,6119,False
52024,NYSE-SIMP,6117,False
52024,NYSE-SIMP,6120,False
52024,NYSE-SIMP,6124,False
52024,NYSE-SIMP,6122,False
52024,NYSE-SIMP,6126,False
52024,NYSE-XFR,5785,False
52024,NYSE-XFR,5784,False
52024,NYSE-XFR,5783,False
52024,NYSE-XFR,5782,False
52024,NYSE-XFR,5781,False
52024,NYSE-XFR,5780,False
52024,NYSE-XFR,5778,False
52024,NYSE-XFR,5776,False
52024,NYSE-XFR,5779,False
52024,NYSE-XFR,5777,False
52024,NYSE-ZABA,5925,False
52024,NYSE-ZABA,5923,False
52024,NYSE-ZABA,5930,False
52024,NYSE-ZABA,5928,False
52024,NYSE-ZABA,5926,False
52024,NYSE-ZABA,5924,False
52024,NYSE-ZABA,5931,False
52024,NYSE-ZABA,5927,False
52024,NYSE-ZABA,5929,False
52024,NYSE-ZABA,5932,False
52031,NYSE-CARD,6684,False
52031,NYSE-SIMP,6137,False
52031,NYSE-CARD,6685,False
52031,NYSE-CARD,6686,False
52031,NYSE-KRAS,5902,False
52031,NYSE-JNAF,5764,False
52073,NYSE-SIMP,6138,False
52073,NYSE-INA,6187,False
52073,NYSE-NGUP,6194,False
52123,NYSE-ETFA3,5811,False
52123,NYSE-ETFA,5801,False
52123,NYSE-ETFA,5810,False
52123,NYSE-ETFA,5809,False
52123,NYSE-ETFA,5808,False
52123,NYSE-ETFA,5804,False
52123,NYSE-ETFA,5803,False
52123,NYSE-ETFA,5802,False
52123,NYSE-ETFA,5805,False
52123,NYSE-ETFA,5806,False
52123,NYSE-ETFA,5807,False
52123,NYSE-CARD,6683,False
52123,NYSE-CARD,6682,False
52123,NYSE-CARD,6681,False
52123,NYSE-CARD,6680,False
52123,NYSE-CARD,6679,False
52123,NYSE-CARD,6678,False
52123,NYSE-CARD,6677,False
52123,NYSE-CARD,6676,False
52123,NYSE-CARD,6675,False
52123,NYSE-DDJH,5856,False
52123,NYSE-DDJH,5854,False
52123,NYSE-DDJH,5853,False
52123,NYSE-DDJH,5852,False
52123,NYSE-DDJH,5851,False
52123,NYSE-DDJH,5850,False
52123,NYSE-DDJH,5849,False
52123,NYSE-DDJH,5848,False
52123,NYSE-DDJH,5847,False
52123,NYSE-DDJH,5855,False
52123,NYSE-INA,5585,False
52123,NYSE-INA,5581,False
52123,NYSE-INA,5583,False
52123,NYSE-INA,6182,False
52123,NYSE-INA,6181,False
52123,NYSE-INA,6179,False
52123,NYSE-INA,6177,False
52123,NYSE-JNAF,5763,False
52123,NYSE-JNAF,5761,False
52123,NYSE-JNAF,5760,False
52123,NYSE-JNAF,5759,False
52123,NYSE-JNAF,5758,False
52123,NYSE-JNAF,5756,False
52123,NYSE-JNAF,5754,False
52123,NYSE-JNAF,5755,False
52123,NYSE-JNAF,5762,False
52123,NYSE-JNAF,5757,False
52123,NYSE-JZRO,6226,False
52123,NYSE-JZRO,6225,False
52123,NYSE-JZRO,6224,False
52123,NYSE-JZRO,6223,False
52123,NYSE-JZRO,6221,False
52123,NYSE-JZRO,6219,False
52123,NYSE-JZRO,6217,False
52123,NYSE-JZRO,6218,False
52123,NYSE-JZRO,6220,False
52123,NYSE-JZRO,6222,False
52123,NYSE-KRAS,5900,False
52123,NYSE-KRAS,5898,False
52123,NYSE-KRAS,5896,False
52123,NYSE-KRAS,5892,False
52123,NYSE-KRAS,5897,False
52123,NYSE-KRAS,5901,False
52123,NYSE-KRAS,5895,False
52123,NYSE-KRAS,5899,False
52123,NYSE-KRAS,5894,False
52123,NYSE-KTST,5946,False
52123,NYSE-KTST,5944,False
52123,NYSE-KTST,5947,False
52123,NYSE-KTST,5943,False
52123,NYSE-KTST,5945,False
52123,NYSE-MDKA,5700,False
52123,NYSE-MDKA,5697,False
52123,NYSE-MDKA,5695,False
52123,NYSE-MDKA,5693,False
52124,NYSE-MDKA,5692,False
52124,NYSE-MDKA,5694,False
52124,NYSE-MDKA,5698,False
52124,NYSE-MDKA,5701,False
52124,NYSE-MDKA,5696,False
52124,NYSE-MDKA,5699,False
52124,NYSE-NGUP,5589,False
52124,NYSE-NGUP,6187,False
52124,NYSE-NGUP,6183,False
52124,NYSE-NGUP,6185,False
52124,NYSE-SIMP,6135,False
52124,NYSE-SIMP,6133,False
52124,NYSE-SIMP,6131,False
52124,NYSE-SIMP,6129,False
52124,NYSE-SIMP,6127,False
52124,NYSE-SIMP,6134,False
52124,NYSE-SIMP,6136,False
52124,NYSE-SIMP,6132,False
52124,NYSE-SIMP,6128,False
52124,NYSE-SIMP,6130,False
52124,NYSE-XFR,5796,False
52124,NYSE-XFR,5795,False
52124,NYSE-XFR,5794,False
52124,NYSE-XFR,5793,False
52124,NYSE-XFR,5791,False
52124,NYSE-XFR,5789,False
52124,NYSE-XFR,5787,False
52124,NYSE-XFR,5792,False
52124,NYSE-XFR,5788,False
52124,NYSE-XFR,5790,False
52124,NYSE-ZABA,5936,False
52124,NYSE-ZABA,5934,False
52124,NYSE-ZABA,5940,False
52124,NYSE-ZABA,5938,False
52124,NYSE-ZABA,5942,False
52124,NYSE-ZABA,5935,False
52124,NYSE-ZABA,5941,False
52124,NYSE-ZABA,5937,False
52124,NYSE-ZABA,5939,False
52136,NYSE-SIMP,6150,False
52136,NYSE-ZABA,5955,False
52136,NYSE-KRAS,5330,False
52136,NYSE-KRAS,5332,False
52136,NYSE-KRAS,5914,False
52136,NYSE-NGUP,6205,False
52223,NYSE-ETFA3,5821,False
52223,NYSE-ETFA,5811,False
52223,NYSE-ETFA,5820,False
52223,NYSE-ETFA,5819,False
52223,NYSE-ETFA,5816,False
52223,NYSE-ETFA,5814,False
52223,NYSE-ETFA,5813,False
52223,NYSE-ETFA,5815,False
52223,NYSE-ETFA,5818,False
52223,NYSE-ETFA,5812,False
52223,NYSE-ETFA,5817,False
52224,NYSE-CARD,6698,False
52224,NYSE-CARD,6697,False
52224,NYSE-CARD,6696,False
52224,NYSE-CARD,6695,False
52224,NYSE-CARD,6694,False
52224,NYSE-CARD,6692,False
52224,NYSE-CARD,6691,False
52224,NYSE-CARD,6690,False
52224,NYSE-CARD,6689,False
52224,NYSE-CARD,6693,False
52224,NYSE-DDJH,5867,False
52224,NYSE-DDJH,5865,False
52224,NYSE-DDJH,5863,False
52224,NYSE-DDJH,5861,False
52224,NYSE-DDJH,5860,False
52224,NYSE-DDJH,5858,False
52224,NYSE-DDJH,5866,False
52224,NYSE-DDJH,5864,False
52224,NYSE-DDJH,5859,False
52224,NYSE-DDJH,5862,False
52224,NYSE-INA,5596,False
52224,NYSE-INA,5594,False
52224,NYSE-INA,6193,False
52224,NYSE-INA,6191,False
52224,NYSE-INA,6189,False
52224,NYSE-JNAF,5773,False
52224,NYSE-JNAF,5772,False
52224,NYSE-JNAF,5771,False
52224,NYSE-JNAF,5770,False
52224,NYSE-JNAF,5769,False
52224,NYSE-JNAF,5767,False
52224,NYSE-JNAF,5766,False
52224,NYSE-JNAF,5765,False
52224,NYSE-JNAF,5774,False
52224,NYSE-JNAF,5768,False
52224,NYSE-JZRO,6229,False
52224,NYSE-JZRO,6230,False
52224,NYSE-JZRO,6232,False
52224,NYSE-JZRO,6234,False
52224,NYSE-JZRO,6236,False
52224,NYSE-JZRO,6228,False
52224,NYSE-JZRO,6231,False
52224,NYSE-JZRO,6233,False
52224,NYSE-JZRO,6235,False
52224,NYSE-KRAS,5349,False
52224,NYSE-KRAS,5345,False
52224,NYSE-KRAS,5347,False
52224,NYSE-KRAS,5912,False
52224,NYSE-KRAS,5908,False
52224,NYSE-KRAS,5906,False
52224,NYSE-KRAS,5904,False
52224,NYSE-KRAS,5910,False
52224,NYSE-KTST,5957,False
52224,NYSE-KTST,5956,False
52224,NYSE-KTST,5955,False
52224,NYSE-MDKA,5713,False
52224,NYSE-MDKA,5712,False
52224,NYSE-MDKA,5711,False
52224,NYSE-MDKA,5710,False
52224,NYSE-MDKA,5709,False
52224,NYSE-MDKA,5708,False
52224,NYSE-MDKA,5707,False
52224,NYSE-MDKA,5706,False
52224,NYSE-MDKA,5705,False
52224,NYSE-MDKA,5704,False
52224,NYSE-NGUP,6198,False
52224,NYSE-NGUP,6196,False
52224,NYSE-SIMP,6147,False
52224,NYSE-SIMP,6145,False
52224,NYSE-SIMP,6141,False
52224,NYSE-SIMP,6139,False
52224,NYSE-SIMP,6142,False
52224,NYSE-SIMP,6143,False
52224,NYSE-SIMP,6146,False
52224,NYSE-SIMP,6148,False
52224,NYSE-SIMP,6144,False
52224,NYSE-XFR,5806,False
52224,NYSE-XFR,5805,False
52224,NYSE-XFR,5804,False
52224,NYSE-XFR,5803,False
52224,NYSE-XFR,5802,False
52224,NYSE-XFR,5801,False
52224,NYSE-XFR,5800,False
52224,NYSE-XFR,5798,False
52224,NYSE-XFR,5797,False
52225,NYSE-XFR,5799,False
52225,NYSE-ZABA,5946,False
52225,NYSE-ZABA,5954,False
52225,NYSE-ZABA,5952,False
52225,NYSE-ZABA,5950,False
52225,NYSE-ZABA,5948,False
52225,NYSE-ZABA,5953,False
52225,NYSE-ZABA,5951,False
52225,NYSE-ZABA,5949,False
52225,NYSE-ZABA,5947,False
52225,NYSE-ZABA,5945,False
52234,NYSE-ZABA,5966,False
52234,NYSE-XFR,5818,False
52234,NYSE-SIMP,6161,False
52234,NYSE-ZABA,5967,False
52234,NYSE-ZABA,5968,False
52234,NYSE-KRAS,5926,False
52234,NYSE-CARD,6709,False
52234,NYSE-CARD,6710,False
52243,NYSE-KRAS,5927,False
52310,NYSE-KTST,5958,False
52310,NYSE-DDJH,5868,False
52310,NYSE-ETFA,5821,False
52310,NYSE-JZRO,6238,False
52310,NYSE-JNAF,5775,False
52310,NYSE-KRAS,5915,False
52310,NYSE-XFR,5807,False
52317,NYSE-JZRO,6249,False
52317,NYSE-INA,6211,False
52317,NYSE-NGUP,6216,False
52323,NYSE-ETFA,5831,False
52323,NYSE-ETFA,5830,False
52323,NYSE-ETFA,5829,False
52323,NYSE-ETFA,5825,False
52323,NYSE-ETFA,5824,False
52323,NYSE-ETFA,5823,False
52323,NYSE-ETFA,5822,False
52323,NYSE-ETFA,5828,False
52323,NYSE-ETFA,5826,False
52323,NYSE-ETFA,5827,False
52323,NYSE-CARD,6708,False
52324,NYSE-CARD,6707,False
52324,NYSE-CARD,6706,False
52324,NYSE-CARD,6705,False
52324,NYSE-CARD,6704,False
52324,NYSE-CARD,6703,False
52324,NYSE-CARD,6702,False
52324,NYSE-CARD,6701,False
52324,NYSE-CARD,6700,False
52324,NYSE-CARD,6699,False
52324,NYSE-DDJH,5351,False
52324,NYSE-DDJH,5877,False
52324,NYSE-DDJH,5875,False
52324,NYSE-DDJH,5873,False
52324,NYSE-DDJH,5871,False
52324,NYSE-DDJH,5869,False
52324,NYSE-DDJH,5878,False
52324,NYSE-DDJH,5870,False
52324,NYSE-DDJH,5874,False
52324,NYSE-DDJH,5876,False
52324,NYSE-DDJH,5872,False
52324,NYSE-INA,6203,False
52324,NYSE-INA,6200,False
52324,NYSE-INA,6202,False
52324,NYSE-INA,6204,False
52324,NYSE-INA,6205,False
52324,NYSE-JNAF,5785,False
52324,NYSE-JNAF,5784,False
52324,NYSE-JNAF,5783,False
52324,NYSE-JNAF,5782,False
52324,NYSE-JNAF,5781,False
52324,NYSE-JNAF,5780,False
52324,NYSE-JNAF,5778,False
52324,NYSE-JNAF,5776,False
52324,NYSE-JNAF,5779,False
52324,NYSE-JNAF,5777,False
52324,NYSE-JZRO,6247,False
52324,NYSE-JZRO,6245,False
52324,NYSE-JZRO,6243,False
52324,NYSE-JZRO,6242,False
52324,NYSE-JZRO,6241,False
52324,NYSE-JZRO,6239,False
52324,NYSE-JZRO,6244,False
52324,NYSE-JZRO,6240,False
52324,NYSE-JZRO,6246,False
52324,NYSE-JZRO,6248,False
52324,NYSE-KRAS,5925,False
52324,NYSE-KRAS,5916,False
52324,NYSE-KRAS,5924,False
52324,NYSE-KRAS,5920,False
52324,NYSE-KRAS,5918,False
52324,NYSE-KRAS,5922,False
52324,NYSE-KTST,5968,False
52324,NYSE-KTST,5966,False
52324,NYSE-KTST,5969,False
52324,NYSE-MDKA,5721,False
52324,NYSE-MDKA,5719,False
52324,NYSE-MDKA,5717,False
52324,NYSE-MDKA,5715,False
52324,NYSE-MDKA,5714,False
52324,NYSE-MDKA,5722,False
52324,NYSE-MDKA,5720,False
52324,NYSE-MDKA,5716,False
52324,NYSE-MDKA,5718,False
52324,NYSE-MDKA,5723,False
52324,NYSE-NGUP,6211,False
52324,NYSE-NGUP,6209,False
52324,NYSE-NGUP,6207,False
52324,NYSE-SIMP,6159,False
52324,NYSE-SIMP,6157,False
52324,NYSE-SIMP,6153,False
52324,NYSE-SIMP,6155,False
52324,NYSE-SIMP,6154,False
52324,NYSE-SIMP,6158,False
52324,NYSE-SIMP,6152,False
52324,NYSE-SIMP,6156,False
52324,NYSE-SIMP,6160,False
52324,NYSE-XFR,5817,False
52325,NYSE-XFR,5816,False
52325,NYSE-XFR,5814,False
52325,NYSE-XFR,5812,False
52325,NYSE-XFR,5810,False
52325,NYSE-XFR,5809,False
52325,NYSE-XFR,5808,False
52325,NYSE-XFR,5815,False
52325,NYSE-XFR,5813,False
52325,NYSE-XFR,5811,False
52325,NYSE-ZABA,5959,False
52325,NYSE-ZABA,5957,False
52325,NYSE-ZABA,5964,False
52325,NYSE-ZABA,5960,False
52325,NYSE-ZABA,5962,False
52325,NYSE-ZABA,5963,False
52325,NYSE-ZABA,5961,False
52325,NYSE-ZABA,5956,False
52325,NYSE-ZABA,5965,False
52325,NYSE-ZABA,5958,False
52371,NYSE-CARD,6722,False
52384,NYSE-JZRO,6260,False
52385,NYSE-INA,6223,False
52385,NYSE-CARD,6723,False
52419,NYSE-DDJH,5889,False
52419,NYSE-JNAF,5796,False
52419,NYSE-CARD,6724,False
52419,NYSE-CARD,6725,False
52419,NYSE-ZABA,5979,False
52419,NYSE-ZABA,5980,False
52419,NYSE-ZABA,5981,False
52422,NYSE-ETFA3,5842,False
52423,NYSE-ETFA,5832,False
52423,NYSE-ETFA,5839,False
52423,NYSE-ETFA,5837,False
52423,NYSE-ETFA,5835,False
52423,NYSE-ETFA,5834,False
52423,NYSE-ETFA,5833,False
52423,NYSE-ETFA,5840,False
52423,NYSE-ETFA,5838,False
52423,NYSE-ETFA,5836,False
52423,NYSE-ETFA,5841,False
52423,NYSE-CARD,6720,False
52423,NYSE-CARD,6719,False
52423,NYSE-CARD,6718,False
52423,NYSE-CARD,6716,False
52423,NYSE-CARD,6715,False
52423,NYSE-CARD,6714,False
52423,NYSE-CARD,6713,False
52423,NYSE-CARD,6712,False
52423,NYSE-CARD,6717,False
52423,NYSE-CARD,6721,False
52423,NYSE-DDJH,5888,False
52423,NYSE-DDJH,5885,False
52423,NYSE-DDJH,5883,False
52423,NYSE-DDJH,5881,False
52423,NYSE-DDJH,5879,False
52423,NYSE-DDJH,5886,False
52423,NYSE-DDJH,5880,False
52423,NYSE-DDJH,5882,False
52423,NYSE-DDJH,5884,False
52423,NYSE-DDJH,5887,False
52423,NYSE-INA,6217,False
52423,NYSE-INA,6215,False
52423,NYSE-INA,6212,False
52423,NYSE-INA,6214,False
52423,NYSE-INA,6216,False
52423,NYSE-JNAF,5795,False
52423,NYSE-JNAF,5794,False
52423,NYSE-JNAF,5793,False
52423,NYSE-JNAF,5791,False
52423,NYSE-JNAF,5789,False
52423,NYSE-JNAF,5787,False
52423,NYSE-JNAF,5786,False
52423,NYSE-JNAF,5792,False
52423,NYSE-JNAF,5788,False
52423,NYSE-JNAF,5790,False
52423,NYSE-JZRO,6259,False
52423,NYSE-JZRO,6258,False
52423,NYSE-JZRO,6256,False
52423,NYSE-JZRO,6254,False
52423,NYSE-JZRO,6252,False
52423,NYSE-JZRO,6251,False
52423,NYSE-JZRO,6253,False
52423,NYSE-JZRO,6250,False
52423,NYSE-JZRO,6255,False
52423,NYSE-JZRO,6257,False
52423,NYSE-KRAS,5938,False
52423,NYSE-KRAS,5936,False
52423,NYSE-KRAS,5934,False
52423,NYSE-KRAS,5930,False
52423,NYSE-KRAS,5931,False
52423,NYSE-KRAS,5935,False
52423,NYSE-KRAS,5933,False
52423,NYSE-KRAS,5929,False
52423,NYSE-KRAS,5932,False
52423,NYSE-KRAS,5937,False
52423,NYSE-KTST,5979,False
52423,NYSE-MDKA,5733,False
52423,NYSE-MDKA,5732,False
52423,NYSE-MDKA,5731,False
52423,NYSE-MDKA,5729,False
52423,NYSE-MDKA,5727,False
52423,NYSE-MDKA,5725,False
52423,NYSE-MDKA,5724,False
52423,NYSE-MDKA,5730,False
52423,NYSE-MDKA,5728,False
52423,NYSE-MDKA,5726,False
52423,NYSE-NGUP,6223,False
52423,NYSE-NGUP,6221,False
52423,NYSE-NGUP,6219,False
52423,NYSE-SIMP,6176,False
52423,NYSE-SIMP,6174,False
52423,NYSE-SIMP,6172,False
52423,NYSE-SIMP,6173,False
52423,NYSE-SIMP,6169,False
52423,NYSE-SIMP,6177,False
52423,NYSE-SIMP,6175,False
52423,NYSE-SIMP,6170,False
52424,NYSE-SIMP,6171,False
52424,NYSE-XFR,5827,False
52424,NYSE-XFR,5826,False
52424,NYSE-XFR,5824,False
52424,NYSE-XFR,5822,False
52424,NYSE-XFR,5820,False
52424,NYSE-XFR,5819,False
52424,NYSE-XFR,5828,False
52424,NYSE-XFR,5821,False
52424,NYSE-XFR,5823,False
52424,NYSE-XFR,5825,False
52424,NYSE-ZABA,5978,False
52424,NYSE-ZABA,5977,False
52424,NYSE-ZABA,5976,False
52424,NYSE-ZABA,5974,False
52424,NYSE-ZABA,5972,False
52424,NYSE-ZABA,5970,False
52424,NYSE-ZABA,5971,False
52424,NYSE-ZABA,5975,False
52424,NYSE-ZABA,5973,False
52424,NYSE-ZABA,5969,False
52505,NYSE-KTST,5990,False
52505,NYSE-XFR,5839,False
52505,NYSE-KRAS,5372,False
52505,NYSE-KRAS,5368,False
52505,NYSE-KRAS,5370,False
52505,NYSE-KRAS,5949,False
52522,NYSE-ETFA3,5852,False
52523,NYSE-ETFA,5851,False
52523,NYSE-ETFA,5849,False
52523,NYSE-ETFA,5847,False
52523,NYSE-ETFA,5843,False
52523,NYSE-ETFA,5850,False
52523,NYSE-ETFA,5848,False
52523,NYSE-ETFA,5846,False
52523,NYSE-ETFA,5844,False
52523,NYSE-ETFA,5842,False
52523,NYSE-ETFA,5845,False
52523,NYSE-CARD,6735,False
52523,NYSE-CARD,6734,False
52523,NYSE-CARD,6732,False
52523,NYSE-CARD,6731,False
52523,NYSE-CARD,6730,False
52523,NYSE-CARD,6729,False
52523,NYSE-CARD,6727,False
52523,NYSE-CARD,6728,False
52523,NYSE-CARD,6733,False
52523,NYSE-DDJH,5898,False
52523,NYSE-DDJH,5896,False
52523,NYSE-DDJH,5892,False
52523,NYSE-DDJH,5890,False
52523,NYSE-DDJH,5897,False
52523,NYSE-DDJH,5893,False
52523,NYSE-DDJH,5895,False
52523,NYSE-DDJH,5891,False
52523,NYSE-DDJH,5899,False
52523,NYSE-DDJH,5894,False
52523,NYSE-INA,6226,False
52523,NYSE-INA,6227,False
52523,NYSE-INA,6228,False
52523,NYSE-JNAF,5807,False
52523,NYSE-JNAF,5806,False
52523,NYSE-JNAF,5805,False
52523,NYSE-JNAF,5804,False
52523,NYSE-JNAF,5803,False
52523,NYSE-JNAF,5802,False
52523,NYSE-JNAF,5801,False
52523,NYSE-JNAF,5800,False
52523,NYSE-JNAF,5798,False
52523,NYSE-JNAF,5799,False
52523,NYSE-JZRO,6270,False
52523,NYSE-JZRO,6269,False
52523,NYSE-JZRO,6267,False
52523,NYSE-JZRO,6264,False
52523,NYSE-JZRO,6262,False
52523,NYSE-JZRO,6265,False
52523,NYSE-JZRO,6271,False
52523,NYSE-JZRO,6263,False
52523,NYSE-JZRO,6266,False
52523,NYSE-JZRO,6268,False
52523,NYSE-KRAS,5948,False
52523,NYSE-KRAS,5947,False
52523,NYSE-KRAS,5941,False
52523,NYSE-KRAS,5943,False
52523,NYSE-KRAS,5945,False
52523,NYSE-KRAS,5939,False
52523,NYSE-KTST,5981,False
52523,NYSE-KTST,5980,False
52523,NYSE-MDKA,5743,False
52523,NYSE-MDKA,5742,False
52523,NYSE-MDKA,5741,False
52523,NYSE-MDKA,5740,False
52523,NYSE-MDKA,5738,False
52523,NYSE-MDKA,5737,False
52523,NYSE-MDKA,5736,False
52523,NYSE-MDKA,5735,False
52523,NYSE-MDKA,5734,False
52523,NYSE-MDKA,5739,False
52523,NYSE-NGUP,6230,False
52523,NYSE-NGUP,6232,False
52523,NYSE-NGUP,6234,False
52524,NYSE-SIMP,6189,False
52524,NYSE-SIMP,6187,False
52524,NYSE-SIMP,6182,False
52524,NYSE-SIMP,6184,False
52524,NYSE-SIMP,6180,False
52524,NYSE-SIMP,6183,False
52524,NYSE-SIMP,6181,False
52524,NYSE-SIMP,6188,False
52524,NYSE-SIMP,6186,False
52524,NYSE-SIMP,6185,False
52524,NYSE-XFR,5837,False
52524,NYSE-XFR,5835,False
52524,NYSE-XFR,5833,False
52524,NYSE-XFR,5831,False
52524,NYSE-XFR,5829,False
52524,NYSE-XFR,5838,False
52524,NYSE-XFR,5836,False
52524,NYSE-XFR,5834,False
52524,NYSE-XFR,5832,False
52524,NYSE-XFR,5830,False
52524,NYSE-ZABA,5990,False
52524,NYSE-ZABA,5989,False
52524,NYSE-ZABA,5988,False
52524,NYSE-ZABA,5987,False
52524,NYSE-ZABA,5986,False
52524,NYSE-ZABA,5985,False
52524,NYSE-ZABA,5984,False
52524,NYSE-ZABA,5983,False
52524,NYSE-ZABA,5982,False
52582,NYSE-KRAS,5382,False
52582,NYSE-KRAS,5384,False
52582,NYSE-KRAS,5380,False
52582,NYSE-KRAS,5378,False
52604,NYSE-JZRO,6283,False
52604,NYSE-SIMP,6200,False
52604,NYSE-INA,6245,False
52621,NYSE-KRAS,5961,False
52621,NYSE-CARD,6747,False
52623,NYSE-ETFA3,5862,False
52623,NYSE-ETFA,5861,False
52623,NYSE-ETFA,5859,False
52623,NYSE-ETFA,5857,False
52623,NYSE-ETFA,5855,False
52623,NYSE-ETFA,5853,False
52623,NYSE-ETFA,5856,False
52623,NYSE-ETFA,5854,False
52623,NYSE-ETFA,5852,False
52623,NYSE-ETFA,5860,False
52623,NYSE-ETFA,5858,False
52623,NYSE-CARD,6744,False
52623,NYSE-CARD,6743,False
52623,NYSE-CARD,6742,False
52623,NYSE-CARD,6741,False
52623,NYSE-CARD,6740,False
52623,NYSE-CARD,6739,False
52623,NYSE-CARD,6738,False
52623,NYSE-CARD,6737,False
52623,NYSE-CARD,6736,False
52623,NYSE-CARD,6745,False
52623,NYSE-DDJH,5387,False
52623,NYSE-DDJH,5910,False
52623,NYSE-DDJH,5908,False
52623,NYSE-DDJH,5906,False
52623,NYSE-DDJH,5904,False
52623,NYSE-DDJH,5902,False
52623,NYSE-DDJH,5905,False
52623,NYSE-DDJH,5901,False
52623,NYSE-DDJH,5903,False
52623,NYSE-DDJH,5907,False
52623,NYSE-DDJH,5909,False
52623,NYSE-INA,6237,False
52623,NYSE-INA,6235,False
52623,NYSE-JNAF,5817,False
52623,NYSE-JNAF,5816,False
52623,NYSE-JNAF,5815,False
52623,NYSE-JNAF,5814,False
52623,NYSE-JNAF,5812,False
52623,NYSE-JNAF,5810,False
52623,NYSE-JNAF,5809,False
52623,NYSE-JNAF,5808,False
52624,NYSE-JNAF,5813,False
52624,NYSE-JNAF,5811,False
52624,NYSE-JZRO,6281,False
52624,NYSE-JZRO,6280,False
52624,NYSE-JZRO,6277,False
52624,NYSE-JZRO,6275,False
52624,NYSE-JZRO,6273,False
52624,NYSE-JZRO,6272,False
52624,NYSE-JZRO,6276,False
52624,NYSE-JZRO,6274,False
52624,NYSE-JZRO,6278,False
52624,NYSE-JZRO,6279,False
52624,NYSE-KRAS,5954,False
52624,NYSE-KRAS,5952,False
52624,NYSE-KRAS,5950,False
52624,NYSE-KRAS,5956,False
52624,NYSE-KRAS,5958,False
52624,NYSE-KTST,5992,False
52624,NYSE-KTST,5991,False
52624,NYSE-MDKA,5752,False
52624,NYSE-MDKA,5750,False
52624,NYSE-MDKA,5749,False
52624,NYSE-MDKA,5748,False
52624,NYSE-MDKA,5746,False
52624,NYSE-MDKA,5745,False
52624,NYSE-MDKA,5744,False
52624,NYSE-MDKA,5751,False
52624,NYSE-MDKA,5753,False
52624,NYSE-MDKA,5747,False
52624,NYSE-NGUP,6245,False
52624,NYSE-NGUP,6242,False
52624,NYSE-NGUP,6244,False
52624,NYSE-NGUP,6240,False
52624,NYSE-NGUP,6246,False
52624,NYSE-SIMP,6193,False
52624,NYSE-SIMP,6191,False
52624,NYSE-SIMP,6199,False
52624,NYSE-SIMP,6197,False
52624,NYSE-SIMP,6195,False
52624,NYSE-SIMP,6192,False
52624,NYSE-SIMP,6190,False
52624,NYSE-SIMP,6194,False
52624,NYSE-SIMP,6198,False
52624,NYSE-SIMP,6196,False
52624,NYSE-XFR,5849,False
52624,NYSE-XFR,5848,False
52624,NYSE-XFR,5846,False
52624,NYSE-XFR,5843,False
52624,NYSE-XFR,5841,False
52624,NYSE-XFR,5842,False
52624,NYSE-XFR,5840,False
52624,NYSE-XFR,5844,False
52624,NYSE-XFR,5847,False
52624,NYSE-XFR,5845,False
52624,NYSE-ZABA,6001,False
52624,NYSE-ZABA,6000,False
52624,NYSE-ZABA,5999,False
52624,NYSE-ZABA,5998,False
52624,NYSE-ZABA,5997,False
52624,NYSE-ZABA,5996,False
52624,NYSE-ZABA,5995,False
52624,NYSE-ZABA,5994,False
52650,NYSE-JZRO,6294,False
52650,NYSE-SIMP,6211,False
52650,NYSE-INA,6257,False
52650,NYSE-KRAS,5972,False
52650,NYSE-CARD,6759,False
52650,NYSE-XFR,5861,False
52665,NYSE-ZABA,6013,False
52665,NYSE-JNAF,5829,False
52665,NYSE-SIMP,6212,False
52665,NYSE-CARD,6760,False
52665,NYSE-JZRO,6295,False
52705,NYSE-INA,6259,False
52705,NYSE-INA,6260,False
52705,NYSE-ZABA,6014,False
52705,NYSE-KRAS,5974,False
52705,NYSE-KRAS,5975,False
52705,NYSE-CARD,6761,False
52705,NYSE-INA,6261,False
97123,NYSE-ETFA3,11021,False
97123,NYSE-ETFA3,11020,False
97123,NYSE-ETFA3,11019,False
97123,NYSE-ETFA3,11018,False
97123,NYSE-ETFA3,11017,False
97123,NYSE-ETFA3,11015,False
97123,NYSE-ETFA3,11014,False
97123,NYSE-ETFA3,11013,False
97123,NYSE-ETFA3,11012,False
97123,NYSE-ETFA3,11016,False
97123,NYSE-ETFA,10931,False
97123,NYSE-ETFA,10930,False
97123,NYSE-ETFA,10929,False
97123,NYSE-ETFA,10928,False
97123,NYSE-ETFA,10927,False
97123,NYSE-ETFA,10925,False
97123,NYSE-ETFA,10923,False
97123,NYSE-ETFA,10926,False
97123,NYSE-ETFA,10924,False
97123,NYSE-CARD,12604,False
97123,NYSE-CARD,12602,False
97123,NYSE-CARD,12600,False
97123,NYSE-CARD,12598,False
97123,NYSE-CARD,12596,False
97123,NYSE-CARD,12605,False
97123,NYSE-CARD,12603,False
97123,NYSE-CARD,12601,False
97123,NYSE-CARD,12597,False
97123,NYSE-CARD,12599,False
97123,NYSE-DDJH,10945,False
97123,NYSE-DDJH,10944,False
97123,NYSE-DDJH,10943,False
97123,NYSE-DDJH,10941,False
97123,NYSE-DDJH,10939,False
97123,NYSE-DDJH,10937,False
97123,NYSE-DDJH,10936,False
97123,NYSE-DDJH,10942,False
97123,NYSE-DDJH,10938,False
97123,NYSE-DDJH,10940,False
97123,NYSE-INA,11497,False
97123,NYSE-INA,11499,False
97123,NYSE-INA,11500,False
97123,NYSE-INA,11498,False
97123,NYSE-INA,11496,False
97123,NYSE-INA,11494,False
97123,NYSE-INA,11492,False
97123,NYSE-JNAF,10802,False
97123,NYSE-JNAF,10799,False
97123,NYSE-JNAF,10798,False
97123,NYSE-JNAF,10797,False
97123,NYSE-JNAF,10800,False
97123,NYSE-JNAF,10795,False
97123,NYSE-JNAF,10793,False
97123,NYSE-JNAF,10801,False
97124,NYSE-JNAF,10794,False
97124,NYSE-JNAF,10796,False
97124,NYSE-JZRO,11517,False
97124,NYSE-JZRO,11515,False
97124,NYSE-JZRO,11513,False
97124,NYSE-JZRO,11516,False
97124,NYSE-JZRO,11518,False
97124,NYSE-JZRO,11512,False
97124,NYSE-JZRO,11514,False
97124,NYSE-KRAS,10950,False
97124,NYSE-KRAS,10948,False
97124,NYSE-KRAS,10947,False
97124,NYSE-KRAS,10946,False
97124,NYSE-KRAS,10949,False
97124,NYSE-KTST,11112,False
97124,NYSE-KTST,11110,False
97124,NYSE-KTST,11109,False
97124,NYSE-KTST,11107,False
97124,NYSE-KTST,11106,False
97124,NYSE-KTST,11105,False
97124,NYSE-KTST,11104,False
97124,NYSE-KTST,11103,False
97124,NYSE-KTST,11111,False
97124,NYSE-KTST,11108,False
97124,NYSE-MDKA,10738,False
97124,NYSE-MDKA,10736,False
97124,NYSE-MDKA,10734,False
97124,NYSE-MDKA,10743,False
97124,NYSE-MDKA,10741,False
97124,NYSE-MDKA,10739,False
97124,NYSE-MDKA,10740,False
97124,NYSE-MDKA,10735,False
97124,NYSE-MDKA,10737,False
97124,NYSE-MDKA,10742,False
97124,NYSE-NGUP,11557,False
97124,NYSE-NGUP,11556,False
97124,NYSE-NGUP,11555,False
97124,NYSE-NGUP,11554,False
97124,NYSE-NGUP,11553,False
97124,NYSE-NGUP,11552,False
97124,NYSE-NGUP,11551,False
97124,NYSE-NGUP,11549,False
97124,NYSE-NGUP,11550,False
97124,NYSE-SIMP,11406,False
97124,NYSE-SIMP,11410,False
97124,NYSE-SIMP,11405,False
97124,NYSE-SIMP,11408,False
97124,NYSE-SIMP,11401,False
97124,NYSE-SIMP,11403,False
97124,NYSE-SIMP,11409,False
97124,NYSE-SIMP,11404,False
97124,NYSE-SIMP,11402,False
97124,NYSE-SIMP,11407,False
97124,NYSE-XFR,10760,False
97124,NYSE-XFR,10759,False
97124,NYSE-XFR,10757,False
97124,NYSE-XFR,10755,False
97124,NYSE-XFR,10754,False
97124,NYSE-XFR,10756,False
97124,NYSE-XFR,10758,False
97124,NYSE-ZABA,10977,False
97124,NYSE-ZABA,10976,False
97124,NYSE-ZABA,10974,False
97124,NYSE-ZABA,10973,False
97124,NYSE-ZABA,10972,False
97124,NYSE-ZABA,10970,False
97124,NYSE-ZABA,10968,False
97124,NYSE-ZABA,10975,False
97160,NYSE-XFR,10216,False
97160,NYSE-XFR,10214,False
97160,NYSE-XFR,10222,False
97160,NYSE-XFR,10218,False
97160,NYSE-XFR,10220,False
97183,NYSE-DDJH,10961,False
97196,NYSE-ETFA,10946,False
97196,NYSE-INA,11512,False
97196,NYSE-ETFA,10947,False
97196,NYSE-KTST,11124,False
97196,NYSE-CARD,12617,False
97196,NYSE-NGUP,11570,False
97208,NYSE-SIMP,11424,False
97223,NYSE-ETFA3,11031,False
97223,NYSE-ETFA3,11030,False
97223,NYSE-ETFA3,11029,False
97223,NYSE-ETFA3,11028,False
97223,NYSE-ETFA3,11027,False
97223,NYSE-ETFA3,11026,False
97223,NYSE-ETFA3,11024,False
97223,NYSE-ETFA3,11023,False
97223,NYSE-ETFA3,11022,False
97223,NYSE-ETFA3,11025,False
97223,NYSE-ETFA,10943,False
97223,NYSE-ETFA,10941,False
97223,NYSE-ETFA,10939,False
97223,NYSE-ETFA,10937,False
97223,NYSE-ETFA,10942,False
97223,NYSE-ETFA,10944,False
97223,NYSE-ETFA,10940,False
97223,NYSE-ETFA,10938,False
97223,NYSE-ETFA,10936,False
97224,NYSE-CARD,12614,False
97224,NYSE-CARD,12613,False
97224,NYSE-CARD,12611,False
97224,NYSE-CARD,12608,False
97224,NYSE-CARD,12616,False
97224,NYSE-CARD,12615,False
97224,NYSE-CARD,12610,False
97224,NYSE-CARD,12609,False
97224,NYSE-CARD,12607,False
97224,NYSE-CARD,12612,False
97224,NYSE-DDJH,10957,False
97224,NYSE-DDJH,10956,False
97224,NYSE-DDJH,10954,False
97224,NYSE-DDJH,10952,False
97224,NYSE-INA,11505,False
97224,NYSE-INA,11504,False
97224,NYSE-INA,11502,False
97224,NYSE-INA,11511,False
97224,NYSE-INA,11509,False
97224,NYSE-INA,11507,False
97224,NYSE-INA,11508,False
97224,NYSE-INA,11506,False
97224,NYSE-INA,11510,False
97224,NYSE-JNAF,10809,False
97224,NYSE-JNAF,10807,False
97224,NYSE-JNAF,10805,False
97224,NYSE-JNAF,10803,False
97224,NYSE-JNAF,10811,False
97224,NYSE-JNAF,10812,False
97224,NYSE-JNAF,10804,False
97224,NYSE-JNAF,10806,False
97224,NYSE-JNAF,10808,False
97224,NYSE-JNAF,10810,False
97224,NYSE-JZRO,11530,False
97224,NYSE-JZRO,11528,False
97224,NYSE-JZRO,11524,False
97224,NYSE-JZRO,11526,False
97224,NYSE-KRAS,10959,False
97224,NYSE-KRAS,10961,False
97224,NYSE-KTST,11122,False
97224,NYSE-KTST,11121,False
97224,NYSE-KTST,11120,False
97224,NYSE-KTST,11118,False
97224,NYSE-KTST,11116,False
97224,NYSE-KTST,11115,False
97224,NYSE-KTST,11114,False
97224,NYSE-KTST,11117,False
97224,NYSE-KTST,11119,False
97224,NYSE-KTST,11123,False
97224,NYSE-MDKA,10750,False
97224,NYSE-MDKA,10749,False
97224,NYSE-MDKA,10748,False
97224,NYSE-MDKA,10747,False
97224,NYSE-MDKA,10746,False
97224,NYSE-MDKA,10745,False
97224,NYSE-MDKA,10744,False
97224,NYSE-MDKA,10753,False
97224,NYSE-MDKA,10751,False
97224,NYSE-MDKA,10752,False
97224,NYSE-NGUP,11569,False
97224,NYSE-NGUP,11568,False
97224,NYSE-NGUP,11567,False
97224,NYSE-NGUP,11565,False
97224,NYSE-NGUP,11564,False
97225,NYSE-NGUP,11562,False
97225,NYSE-NGUP,11560,False
97225,NYSE-NGUP,11566,False
97225,NYSE-NGUP,11563,False
97225,NYSE-NGUP,11561,False
97225,NYSE-SIMP,11418,False
97225,NYSE-SIMP,11420,False
97225,NYSE-SIMP,11416,False
97225,NYSE-SIMP,11414,False
97225,NYSE-SIMP,11412,False
97225,NYSE-SIMP,11415,False
97225,NYSE-SIMP,11419,False
97225,NYSE-SIMP,11421,False
97225,NYSE-SIMP,11413,False
97225,NYSE-SIMP,11417,False
97225,NYSE-XFR,10232,False
97225,NYSE-XFR,10230,False
97225,NYSE-XFR,10768,False
97225,NYSE-XFR,10766,False
97225,NYSE-XFR,10764,False
97225,NYSE-XFR,10770,False
97225,NYSE-XFR,10771,False
97225,NYSE-XFR,10769,False
97225,NYSE-ZABA,10988,False
97225,NYSE-ZABA,10986,False
97225,NYSE-ZABA,10985,False
97225,NYSE-ZABA,10982,False
97225,NYSE-ZABA,10979,False
97225,NYSE-ZABA,10984,False
97225,NYSE-ZABA,10987,False
97225,NYSE-ZABA,10983,False
97225,NYSE-ZABA,10980,False
97225,NYSE-ZABA,10981,False
97304,NYSE-ETFA,10959,False
97304,NYSE-ETFA,10960,False
97305,NYSE-KTST,11135,False
97305,NYSE-CARD,12628,False
97310,NYSE-KTST,11102,False
97310,NYSE-ETFA,10909,False
97310,NYSE-JZRO,11497,False
97310,NYSE-JNAF,10780,False
97310,NYSE-MDKA,10733,False
97310,NYSE-KRAS,10945,False
97310,NYSE-ETFA3,11001,False
97310,NYSE-XFR,10749,False
97323,NYSE-ETFA3,11041,False
97323,NYSE-ETFA3,11040,False
97323,NYSE-ETFA3,11038,False
97323,NYSE-ETFA3,11037,False
97323,NYSE-ETFA3,11036,False
97323,NYSE-ETFA3,11035,False
97323,NYSE-ETFA3,11034,False
97323,NYSE-ETFA3,11033,False
97323,NYSE-ETFA3,11032,False
97323,NYSE-ETFA3,11039,False
97323,NYSE-ETFA,10957,False
97323,NYSE-ETFA,10956,False
97323,NYSE-ETFA,10954,False
97323,NYSE-ETFA,10953,False
97323,NYSE-ETFA,10952,False
97323,NYSE-ETFA,10951,False
97323,NYSE-ETFA,10949,False
97323,NYSE-ETFA,10955,False
97323,NYSE-ETFA,10958,False
97323,NYSE-ETFA,10950,False
97323,NYSE-CARD,12626,False
97323,NYSE-CARD,12624,False
97323,NYSE-CARD,12622,False
97323,NYSE-CARD,12620,False
97323,NYSE-CARD,12618,False
97324,NYSE-CARD,12625,False
97324,NYSE-CARD,12619,False
97324,NYSE-CARD,12627,False
97324,NYSE-CARD,12621,False
97324,NYSE-CARD,12623,False
97324,NYSE-DDJH,10968,False
97324,NYSE-DDJH,10967,False
97324,NYSE-DDJH,10963,False
97324,NYSE-DDJH,10965,False
97324,NYSE-INA,11519,False
97324,NYSE-INA,11517,False
97324,NYSE-INA,11515,False
97324,NYSE-INA,11523,False
97324,NYSE-INA,11522,False
97324,NYSE-INA,11521,False
97324,NYSE-INA,11516,False
97324,NYSE-INA,11520,False
97324,NYSE-INA,11518,False
97324,NYSE-JNAF,10821,False
97324,NYSE-JNAF,10820,False
97324,NYSE-JNAF,10819,False
97324,NYSE-JNAF,10818,False
97324,NYSE-JNAF,10817,False
97324,NYSE-JNAF,10816,False
97324,NYSE-JNAF,10815,False
97324,NYSE-JNAF,10814,False
97324,NYSE-JNAF,10813,False
97324,NYSE-JNAF,10822,False
97324,NYSE-JZRO,11541,False
97324,NYSE-JZRO,11540,False
97324,NYSE-JZRO,11539,False
97324,NYSE-JZRO,11538,False
97324,NYSE-JZRO,11537,False
97324,NYSE-JZRO,11536,False
97324,NYSE-KRAS,10971,False
97324,NYSE-KRAS,10969,False
97324,NYSE-KTST,11134,False
97324,NYSE-KTST,11133,False
97324,NYSE-KTST,11132,False
97324,NYSE-KTST,11130,False
97324,NYSE-KTST,11128,False
97324,NYSE-KTST,11127,False
97324,NYSE-KTST,11125,False
97324,NYSE-KTST,11131,False
97324,NYSE-KTST,11126,False
97324,NYSE-KTST,11129,False
97324,NYSE-MDKA,10760,False
97324,NYSE-MDKA,10759,False
97324,NYSE-MDKA,10757,False
97324,NYSE-MDKA,10755,False
97324,NYSE-MDKA,10762,False
97324,NYSE-MDKA,10763,False
97324,NYSE-MDKA,10754,False
97324,NYSE-MDKA,10756,False
97324,NYSE-MDKA,10758,False
97324,NYSE-MDKA,10761,False
97324,NYSE-NGUP,11580,False
97324,NYSE-NGUP,11579,False
97324,NYSE-NGUP,11578,False
97324,NYSE-NGUP,11577,False
97324,NYSE-NGUP,11576,False
97324,NYSE-NGUP,11572,False
97324,NYSE-NGUP,11574,False
97324,NYSE-NGUP,11575,False
97324,NYSE-NGUP,11573,False
97324,NYSE-SIMP,11431,False
97324,NYSE-SIMP,11433,False
97324,NYSE-SIMP,11428,False
97324,NYSE-SIMP,11426,False
97324,NYSE-SIMP,11430,False
97324,NYSE-SIMP,11425,False
97324,NYSE-SIMP,11427,False
97324,NYSE-SIMP,11434,False
97324,NYSE-SIMP,11429,False
97324,NYSE-SIMP,11432,False
97324,NYSE-XFR,10782,False
97324,NYSE-XFR,10780,False
97324,NYSE-XFR,10778,False
97324,NYSE-XFR,10776,False
97324,NYSE-XFR,10774,False
97324,NYSE-XFR,10781,False
97324,NYSE-XFR,10775,False
97324,NYSE-XFR,10777,False
97324,NYSE-XFR,10779,False
97324,NYSE-XFR,10783,False
97324,NYSE-ZABA,10999,False
97324,NYSE-ZABA,10998,False
97324,NYSE-ZABA,10997,False
97324,NYSE-ZABA,10996,False
97324,NYSE-ZABA,10995,False
97324,NYSE-ZABA,10994,False
97324,NYSE-ZABA,10993,False
97324,NYSE-ZABA,10992,False
97324,NYSE-ZABA,10991,False
97371,NYSE-INA,11536,False
97371,NYSE-ZABA,11012,False
97371,NYSE-KTST,11147,False
97410,NYSE-XFR,10240,False
97410,NYSE-XFR,10242,False
97410,NYSE-XFR,10244,False
97410,NYSE-XFR,10246,False
97421,NYSE-ETFA,10975,False
97421,NYSE-ETFA,10976,False
97421,NYSE-ZABA,11014,False
97421,NYSE-KTST,11149,False
97423,NYSE-ETFA3,11051,False
97423,NYSE-ETFA3,11050,False
97423,NYSE-ETFA3,11049,False
97423,NYSE-ETFA3,11048,False
97423,NYSE-ETFA3,11047,False
97423,NYSE-ETFA3,11046,False
97423,NYSE-ETFA3,11044,False
97423,NYSE-ETFA3,11042,False
97423,NYSE-ETFA3,11043,False
97423,NYSE-ETFA3,11045,False
97423,NYSE-ETFA,10969,False
97423,NYSE-ETFA,10968,False
97423,NYSE-ETFA,10967,False
97423,NYSE-ETFA,10965,False
97423,NYSE-ETFA,10963,False
97423,NYSE-ETFA,10964,False
97423,NYSE-ETFA,10966,False
97423,NYSE-ETFA,10970,False
97423,NYSE-CARD,12637,False
97423,NYSE-CARD,12638,False
97423,NYSE-CARD,12636,False
97423,NYSE-CARD,12634,False
97423,NYSE-CARD,12632,False
97423,NYSE-CARD,12631,False
97423,NYSE-CARD,12630,False
97423,NYSE-CARD,12633,False
97423,NYSE-CARD,12635,False
97423,NYSE-CARD,12629,False
97423,NYSE-DDJH,10978,False
97423,NYSE-DDJH,10976,False
97423,NYSE-DDJH,10974,False
97423,NYSE-INA,11531,False
97423,NYSE-INA,11535,False
97423,NYSE-INA,11533,False
97423,NYSE-INA,11529,False
97423,NYSE-INA,11527,False
97423,NYSE-JNAF,10831,False
97423,NYSE-JNAF,10830,False
97423,NYSE-JNAF,10829,False
97423,NYSE-JNAF,10828,False
97423,NYSE-JNAF,10827,False
97423,NYSE-JNAF,10826,False
97423,NYSE-JNAF,10824,False
97423,NYSE-JNAF,10823,False
97423,NYSE-JNAF,10832,False
97423,NYSE-JNAF,10825,False
97423,NYSE-JZRO,11551,False
97423,NYSE-JZRO,11549,False
97423,NYSE-JZRO,11548,False
97423,NYSE-JZRO,11550,False
97423,NYSE-KRAS,10979,False
97423,NYSE-KRAS,10983,False
97423,NYSE-KRAS,10981,False
97424,NYSE-KTST,11144,False
97424,NYSE-KTST,11142,False
97424,NYSE-KTST,11138,False
97424,NYSE-KTST,11136,False
97424,NYSE-KTST,11145,False
97424,NYSE-KTST,11143,False
97424,NYSE-KTST,11141,False
97424,NYSE-KTST,11139,False
97424,NYSE-KTST,11137,False
97424,NYSE-KTST,11140,False
97424,NYSE-MDKA,10772,False
97424,NYSE-MDKA,10768,False
97424,NYSE-MDKA,10766,False
97424,NYSE-MDKA,10764,False
97424,NYSE-MDKA,10770,False
97424,NYSE-MDKA,10771,False
97424,NYSE-MDKA,10773,False
97424,NYSE-MDKA,10769,False
97424,NYSE-MDKA,10765,False
97424,NYSE-MDKA,10767,False
97424,NYSE-NGUP,11586,False
97424,NYSE-NGUP,11585,False
97424,NYSE-NGUP,11584,False
97424,NYSE-NGUP,11583,False
97424,NYSE-NGUP,11582,False
97424,NYSE-NGUP,11590,False
97424,NYSE-NGUP,11589,False
97424,NYSE-NGUP,11587,False
97424,NYSE-NGUP,11588,False
97424,NYSE-NGUP,11591,False
97424,NYSE-SIMP,11443,False
97424,NYSE-SIMP,11441,False
97424,NYSE-SIMP,11437,False
97424,NYSE-SIMP,11435,False
97424,NYSE-SIMP,11442,False
97424,NYSE-SIMP,11438,False
97424,NYSE-SIMP,11440,False
97424,NYSE-SIMP,11436,False
97424,NYSE-SIMP,11444,False
97424,NYSE-SIMP,11439,False
97424,NYSE-XFR,10792,False
97424,NYSE-XFR,10790,False
97424,NYSE-XFR,10788,False
97424,NYSE-XFR,10793,False
97424,NYSE-XFR,10794,False
97424,NYSE-XFR,10787,False
97424,NYSE-XFR,10789,False
97424,NYSE-XFR,10791,False
97424,NYSE-XFR,10785,False
97424,NYSE-ZABA,11010,False
97424,NYSE-ZABA,11009,False
97424,NYSE-ZABA,11007,False
97424,NYSE-ZABA,11005,False
97424,NYSE-ZABA,11003,False
97424,NYSE-ZABA,11001,False
97481,NYSE-ETFA3,11064,False
97481,NYSE-JZRO,10947,False
97481,NYSE-JZRO,11564,False
97481,NYSE-KRAS,11000,False
97481,NYSE-XFR,10255,False
97481,NYSE-XFR,10257,False
97481,NYSE-XFR,10253,False
97481,NYSE-XFR,10251,False
97497,NYSE-DDJH,10995,False
97497,NYSE-ZABA,11025,False
97497,NYSE-ZABA,11026,False
97497,NYSE-JZRO,11566,False
97497,NYSE-DDJH,10997,False
97497,NYSE-JZRO,11567,False
97510,NYSE-INA,10945,False
97510,NYSE-INA,10941,False
97510,NYSE-INA,10943,False
97514,NYSE-ETFA,10988,False
97514,NYSE-ZABA,11028,False
97514,NYSE-KTST,11161,False
97514,NYSE-SIMP,11455,False
97523,NYSE-ETFA3,11063,False
97523,NYSE-ETFA3,11062,False
97523,NYSE-ETFA3,11059,False
97523,NYSE-ETFA3,11058,False
97523,NYSE-ETFA3,11056,False
97523,NYSE-ETFA3,11055,False
97523,NYSE-ETFA3,11054,False
97523,NYSE-ETFA3,11061,False
97523,NYSE-ETFA3,11060,False
97523,NYSE-ETFA3,11057,False
97523,NYSE-ETFA,10985,False
97523,NYSE-ETFA,10983,False
97523,NYSE-ETFA,10982,False
97523,NYSE-ETFA,10981,False
97523,NYSE-ETFA,10979,False
97523,NYSE-ETFA,10986,False
97523,NYSE-ETFA,10980,False
97523,NYSE-ETFA,10984,False
97524,NYSE-CARD,12648,False
97524,NYSE-CARD,12647,False
97524,NYSE-CARD,12646,False
97524,NYSE-CARD,12645,False
97524,NYSE-CARD,12639,False
97524,NYSE-CARD,12644,False
97524,NYSE-CARD,12643,False
97524,NYSE-CARD,12642,False
97524,NYSE-CARD,12641,False
97524,NYSE-DDJH,10989,False
97524,NYSE-DDJH,10985,False
97524,NYSE-DDJH,10987,False
97524,NYSE-INA,11541,False
97524,NYSE-INA,11540,False
97524,NYSE-INA,11539,False
97524,NYSE-INA,11547,False
97524,NYSE-INA,11545,False
97524,NYSE-INA,11544,False
97524,NYSE-INA,11543,False
97524,NYSE-INA,11542,False
97524,NYSE-INA,11546,False
97524,NYSE-JNAF,10842,False
97524,NYSE-JNAF,10841,False
97524,NYSE-JNAF,10840,False
97524,NYSE-JNAF,10839,False
97524,NYSE-JNAF,10838,False
97524,NYSE-JNAF,10837,False
97524,NYSE-JNAF,10836,False
97524,NYSE-JNAF,10835,False
97524,NYSE-JNAF,10834,False
97524,NYSE-JNAF,10843,False
97524,NYSE-JZRO,11559,False
97524,NYSE-JZRO,11563,False
97524,NYSE-JZRO,11561,False
97524,NYSE-KRAS,10997,False
97524,NYSE-KRAS,10995,False
97524,NYSE-KRAS,10993,False
97524,NYSE-KRAS,10991,False
97524,NYSE-KTST,11160,False
97524,NYSE-KTST,11155,False
97524,NYSE-KTST,11152,False
97524,NYSE-KTST,11151,False
97524,NYSE-KTST,11156,False
97524,NYSE-KTST,11154,False
97524,NYSE-KTST,11159,False
97524,NYSE-KTST,11153,False
97524,NYSE-KTST,11157,False
97524,NYSE-KTST,11158,False
97524,NYSE-MDKA,10782,False
97524,NYSE-MDKA,10780,False
97524,NYSE-MDKA,10778,False
97524,NYSE-MDKA,10781,False
97524,NYSE-MDKA,10775,False
97525,NYSE-MDKA,10777,False
97525,NYSE-MDKA,10779,False
97525,NYSE-MDKA,10783,False
97525,NYSE-NGUP,11600,False
97525,NYSE-NGUP,11599,False
97525,NYSE-NGUP,11598,False
97525,NYSE-NGUP,11597,False
97525,NYSE-NGUP,11595,False
97525,NYSE-NGUP,11592,False
97525,NYSE-NGUP,11601,False
97525,NYSE-NGUP,11596,False
97525,NYSE-NGUP,11594,False
97525,NYSE-SIMP,11453,False
97525,NYSE-SIMP,11451,False
97525,NYSE-SIMP,11449,False
97525,NYSE-SIMP,11447,False
97525,NYSE-SIMP,11445,False
97525,NYSE-SIMP,11450,False
97525,NYSE-SIMP,11446,False
97525,NYSE-SIMP,11448,False
97525,NYSE-SIMP,11452,False
97525,NYSE-SIMP,11454,False
97525,NYSE-XFR,10265,False
97525,NYSE-XFR,10263,False
97525,NYSE-XFR,10267,False
97525,NYSE-XFR,10803,False
97525,NYSE-XFR,10802,False
97525,NYSE-XFR,10800,False
97525,NYSE-XFR,10799,False
97525,NYSE-XFR,10798,False
97525,NYSE-XFR,10797,False
97525,NYSE-XFR,10795,False
97525,NYSE-XFR,10801,False
97525,NYSE-XFR,10804,False
97525,NYSE-ZABA,11024,False
97525,NYSE-ZABA,11022,False
97525,NYSE-ZABA,11021,False
97525,NYSE-ZABA,11020,False
97525,NYSE-ZABA,11019,False
97525,NYSE-ZABA,11015,False
97525,NYSE-ZABA,11018,False
97525,NYSE-ZABA,11023,False
97525,NYSE-ZABA,11017,False
97619,NYSE-INA,11560,False
97619,NYSE-ETFA,11003,False
97619,NYSE-ZABA,11040,False
97619,NYSE-KTST,11173,False
97619,NYSE-CARD,12661,False
97623,NYSE-ETFA3,11074,False
97623,NYSE-ETFA3,11073,False
97623,NYSE-ETFA3,11072,False
97623,NYSE-ETFA3,11070,False
97623,NYSE-ETFA3,11069,False
97623,NYSE-ETFA3,11067,False
97623,NYSE-ETFA3,11066,False
97623,NYSE-ETFA3,11065,False
97623,NYSE-ETFA3,11068,False
97623,NYSE-ETFA3,11071,False
97623,NYSE-ETFA,10999,False
97623,NYSE-ETFA,10998,False
97623,NYSE-ETFA,10997,False
97623,NYSE-ETFA,10996,False
97623,NYSE-ETFA,10994,False
97623,NYSE-ETFA,10993,False
97623,NYSE-ETFA,10992,False
97623,NYSE-ETFA,10990,False
97623,NYSE-ETFA,10995,False
97623,NYSE-CARD,12658,False
97623,NYSE-CARD,12657,False
97623,NYSE-CARD,12650,False
97623,NYSE-CARD,12656,False
97623,NYSE-CARD,12654,False
97623,NYSE-CARD,12653,False
97623,NYSE-CARD,12652,False
97623,NYSE-CARD,12651,False
97623,NYSE-CARD,12655,False
97623,NYSE-CARD,12659,False
97623,NYSE-DDJH,11000,False
97623,NYSE-INA,11553,False
97623,NYSE-INA,11551,False
97623,NYSE-INA,11549,False
97623,NYSE-INA,11557,False
97623,NYSE-INA,11555,False
97623,NYSE-JNAF,10852,False
97623,NYSE-JNAF,10850,False
97623,NYSE-JNAF,10848,False
97623,NYSE-JNAF,10846,False
97623,NYSE-JNAF,10844,False
97623,NYSE-JNAF,10853,False
97623,NYSE-JNAF,10847,False
97623,NYSE-JNAF,10851,False
97623,NYSE-JNAF,10845,False
97623,NYSE-JNAF,10849,False
97623,NYSE-JZRO,11577,False
97623,NYSE-JZRO,11576,False
97623,NYSE-JZRO,11574,False
97623,NYSE-JZRO,11572,False
97623,NYSE-JZRO,11571,False
97623,NYSE-JZRO,11575,False
97623,NYSE-JZRO,11573,False
97623,NYSE-KRAS,11010,False
97623,NYSE-KRAS,11008,False
97623,NYSE-KRAS,11006,False
97623,NYSE-KRAS,11004,False
97623,NYSE-KRAS,11002,False
97624,NYSE-KTST,11171,False
97624,NYSE-KTST,11170,False
97624,NYSE-KTST,11168,False
97624,NYSE-KTST,11167,False
97624,NYSE-KTST,11166,False
97624,NYSE-KTST,11165,False
97624,NYSE-KTST,11163,False
97624,NYSE-KTST,11162,False
97624,NYSE-KTST,11164,False
97624,NYSE-KTST,11169,False
97624,NYSE-MDKA,10792,False
97624,NYSE-MDKA,10790,False
97624,NYSE-MDKA,10788,False
97624,NYSE-MDKA,10786,False
97624,NYSE-MDKA,10793,False
97624,NYSE-MDKA,10794,False
97624,NYSE-MDKA,10787,False
97624,NYSE-MDKA,10789,False
97624,NYSE-MDKA,10791,False
97624,NYSE-MDKA,10785,False
97624,NYSE-NGUP,11613,False
97624,NYSE-NGUP,11612,False
97624,NYSE-NGUP,11611,False
97624,NYSE-NGUP,11610,False
97624,NYSE-NGUP,11609,False
97624,NYSE-NGUP,11608,False
97624,NYSE-NGUP,11605,False
97624,NYSE-NGUP,11607,False
97624,NYSE-NGUP,11606,False
97624,NYSE-NGUP,11604,False
97624,NYSE-SIMP,11464,False
97624,NYSE-SIMP,11462,False
97624,NYSE-SIMP,11461,False
97624,NYSE-SIMP,11457,False
97624,NYSE-SIMP,11459,False
97624,NYSE-SIMP,11465,False
97624,NYSE-SIMP,11463,False
97624,NYSE-SIMP,11460,False
97624,NYSE-SIMP,11458,False
97624,NYSE-SIMP,11456,False
97624,NYSE-XFR,10272,False
97624,NYSE-XFR,10274,False
97624,NYSE-XFR,10815,False
97624,NYSE-XFR,10814,False
97624,NYSE-XFR,10813,False
97624,NYSE-XFR,10809,False
97624,NYSE-XFR,10807,False
97624,NYSE-XFR,10811,False
97624,NYSE-XFR,10812,False
97624,NYSE-XFR,10806,False
97624,NYSE-XFR,10808,False
97624,NYSE-XFR,10810,False
97624,NYSE-ZABA,11038,False
97624,NYSE-ZABA,11037,False
97624,NYSE-ZABA,11035,False
97624,NYSE-ZABA,11033,False
97624,NYSE-ZABA,11031,False
97624,NYSE-ZABA,11029,False
97624,NYSE-ZABA,11030,False
97624,NYSE-ZABA,11036,False
97624,NYSE-ZABA,11034,False
97624,NYSE-ZABA,11032,False
97630,NYSE-INA,10968,False
97673,NYSE-KRAS,11022,False
97673,NYSE-ETFA3,11086,False
97673,NYSE-JZRO,10971,False
97673,NYSE-JZRO,11588,False
97710,NYSE-XFR,10278,False
97710,NYSE-XFR,10280,False
97710,NYSE-XFR,10276,False
97723,NYSE-ETFA3,11085,False
97723,NYSE-ETFA3,11084,False
97723,NYSE-ETFA3,11083,False
97723,NYSE-ETFA3,11082,False
97723,NYSE-ETFA3,11078,False
97723,NYSE-ETFA3,11080,False
97723,NYSE-ETFA3,11079,False
97723,NYSE-ETFA3,11076,False
97723,NYSE-ETFA3,11081,False
97723,NYSE-ETFA3,11077,False
97723,NYSE-ETFA,11013,False
97723,NYSE-ETFA,11012,False
97723,NYSE-ETFA,11011,False
97723,NYSE-ETFA,11010,False
97723,NYSE-ETFA,11009,False
97723,NYSE-ETFA,11008,False
97723,NYSE-ETFA,11007,False
97723,NYSE-ETFA,11006,False
97723,NYSE-ETFA,11004,False
97723,NYSE-CARD,12668,False
97723,NYSE-CARD,12662,False
97723,NYSE-CARD,12671,False
97723,NYSE-CARD,12669,False
97723,NYSE-CARD,12666,False
97723,NYSE-CARD,12665,False
97723,NYSE-CARD,12664,False
97723,NYSE-CARD,12663,False
97723,NYSE-CARD,12670,False
97723,NYSE-CARD,12667,False
97723,NYSE-DDJH,11011,False
97723,NYSE-INA,11567,False
97723,NYSE-INA,11565,False
97723,NYSE-INA,11564,False
97723,NYSE-INA,11570,False
97723,NYSE-INA,11569,False
97723,NYSE-INA,11568,False
97723,NYSE-INA,11566,False
97723,NYSE-INA,11563,False
97723,NYSE-INA,11561,False
97723,NYSE-JNAF,10863,False
97723,NYSE-JNAF,10862,False
97723,NYSE-JNAF,10861,False
97723,NYSE-JNAF,10859,False
97723,NYSE-JNAF,10857,False
97723,NYSE-JNAF,10855,False
97723,NYSE-JNAF,10858,False
97723,NYSE-JNAF,10860,False
97723,NYSE-JNAF,10856,False
97723,NYSE-JNAF,10864,False
97723,NYSE-JZRO,11586,False
97723,NYSE-JZRO,11585,False
97723,NYSE-JZRO,11584,False
97723,NYSE-JZRO,11583,False
97723,NYSE-JZRO,11582,False
97723,NYSE-JZRO,11587,False
97724,NYSE-KRAS,11019,False
97724,NYSE-KRAS,11015,False
97724,NYSE-KRAS,11013,False
97724,NYSE-KRAS,11017,False
97724,NYSE-KTST,11183,False
97724,NYSE-KTST,11180,False
97724,NYSE-KTST,11179,False
97724,NYSE-KTST,11178,False
97724,NYSE-KTST,11177,False
97724,NYSE-KTST,11175,False
97724,NYSE-KTST,11174,False
97724,NYSE-KTST,11176,False
97724,NYSE-KTST,11182,False
97724,NYSE-KTST,11181,False
97724,NYSE-MDKA,10805,False
97724,NYSE-MDKA,10803,False
97724,NYSE-MDKA,10802,False
97724,NYSE-MDKA,10800,False
97724,NYSE-MDKA,10799,False
97724,NYSE-MDKA,10798,False
97724,NYSE-MDKA,10797,False
97724,NYSE-MDKA,10801,False
97724,NYSE-MDKA,10796,False
97724,NYSE-MDKA,10804,False
97724,NYSE-NGUP,11624,False
97724,NYSE-NGUP,11623,False
97724,NYSE-NGUP,11621,False
97724,NYSE-NGUP,11619,False
97724,NYSE-NGUP,11617,False
97724,NYSE-NGUP,11615,False
97724,NYSE-NGUP,11616,False
97724,NYSE-NGUP,11620,False
97724,NYSE-NGUP,11618,False
97724,NYSE-NGUP,11622,False
97724,NYSE-SIMP,11475,False
97724,NYSE-SIMP,11473,False
97724,NYSE-SIMP,11468,False
97724,NYSE-SIMP,11466,False
97724,NYSE-SIMP,11470,False
97724,NYSE-SIMP,11471,False
97724,NYSE-SIMP,11469,False
97724,NYSE-SIMP,11472,False
97724,NYSE-SIMP,11474,False
97724,NYSE-SIMP,11467,False
97724,NYSE-XFR,10827,False
97724,NYSE-XFR,10826,False
97724,NYSE-XFR,10824,False
97724,NYSE-XFR,10823,False
97724,NYSE-XFR,10821,False
97724,NYSE-XFR,10820,False
97724,NYSE-XFR,10819,False
97724,NYSE-XFR,10818,False
97724,NYSE-XFR,10825,False
97724,NYSE-XFR,10822,False
97724,NYSE-ZABA,11049,False
97724,NYSE-ZABA,11048,False
97724,NYSE-ZABA,11047,False
97724,NYSE-ZABA,11046,False
97724,NYSE-ZABA,11045,False
97724,NYSE-ZABA,11043,False
97724,NYSE-ZABA,11042,False
97724,NYSE-ZABA,11041,False
97724,NYSE-ZABA,11050,False
97724,NYSE-ZABA,11044,False
97810,NYSE-INA,10976,False
97810,NYSE-INA,10978,False
97810,NYSE-INA,10974,False
97810,NYSE-JZRO,10982,False
97810,NYSE-XFR,10286,False
97810,NYSE-XFR,10288,False
97810,NYSE-XFR,10290,False
97823,NYSE-ETFA3,11096,False
97823,NYSE-ETFA3,11095,False
97823,NYSE-ETFA3,11092,False
97823,NYSE-ETFA3,11090,False
97823,NYSE-ETFA3,11089,False
97823,NYSE-ETFA3,11088,False
97823,NYSE-ETFA3,11087,False
97823,NYSE-ETFA3,11093,False
97823,NYSE-ETFA3,11091,False
97823,NYSE-ETFA3,11094,False
97823,NYSE-ETFA,11024,False
97823,NYSE-ETFA,11023,False
97823,NYSE-ETFA,11022,False
97823,NYSE-ETFA,11021,False
97823,NYSE-ETFA,11020,False
97823,NYSE-ETFA,11019,False
97823,NYSE-ETFA,11018,False
97823,NYSE-ETFA,11017,False
97823,NYSE-ETFA,11015,False
97823,NYSE-ETFA,11016,False
97824,NYSE-CARD,12681,False
97824,NYSE-CARD,12680,False
97824,NYSE-CARD,12676,False
97824,NYSE-CARD,12674,False
97824,NYSE-CARD,12673,False
97824,NYSE-CARD,12679,False
97824,NYSE-CARD,12678,False
97824,NYSE-CARD,12677,False
97824,NYSE-CARD,12675,False
97824,NYSE-CARD,12672,False
97824,NYSE-DDJH,11022,False
97824,NYSE-INA,11577,False
97824,NYSE-INA,11579,False
97824,NYSE-INA,11581,False
97824,NYSE-INA,11575,False
97824,NYSE-INA,11573,False
97824,NYSE-JNAF,10873,False
97824,NYSE-JNAF,10871,False
97824,NYSE-JNAF,10867,False
97824,NYSE-JNAF,10865,False
97824,NYSE-JNAF,10869,False
97824,NYSE-JNAF,10874,False
97824,NYSE-JNAF,10872,False
97824,NYSE-JNAF,10870,False
97824,NYSE-JNAF,10868,False
97824,NYSE-JNAF,10866,False
97824,NYSE-JZRO,11598,False
97824,NYSE-JZRO,11597,False
97824,NYSE-JZRO,11595,False
97824,NYSE-JZRO,11592,False
97824,NYSE-JZRO,11596,False
97824,NYSE-JZRO,11594,False
97824,NYSE-KRAS,11024,False
97824,NYSE-KRAS,11030,False
97824,NYSE-KRAS,11028,False
97824,NYSE-KRAS,11026,False
97824,NYSE-KRAS,11032,False
97824,NYSE-KTST,11193,False
97824,NYSE-KTST,11191,False
97824,NYSE-KTST,11190,False
97824,NYSE-KTST,11189,False
97824,NYSE-KTST,11188,False
97824,NYSE-KTST,11187,False
97824,NYSE-KTST,11185,False
97824,NYSE-KTST,11194,False
97824,NYSE-KTST,11192,False
97824,NYSE-KTST,11186,False
97825,NYSE-MDKA,10815,False
97825,NYSE-MDKA,10814,False
97825,NYSE-MDKA,10813,False
97825,NYSE-MDKA,10809,False
97825,NYSE-MDKA,10807,False
97825,NYSE-MDKA,10811,False
97825,NYSE-MDKA,10812,False
97825,NYSE-MDKA,10806,False
97825,NYSE-MDKA,10808,False
97825,NYSE-MDKA,10810,False
97825,NYSE-NGUP,11632,False
97825,NYSE-NGUP,11631,False
97825,NYSE-NGUP,11630,False
97825,NYSE-NGUP,11629,False
97825,NYSE-NGUP,11628,False
97825,NYSE-NGUP,11627,False
97825,NYSE-NGUP,11626,False
97825,NYSE-NGUP,11625,False
97825,NYSE-NGUP,11633,False
97825,NYSE-NGUP,11634,False
97825,NYSE-SIMP,11485,False
97825,NYSE-SIMP,11483,False
97825,NYSE-SIMP,11481,False
97825,NYSE-SIMP,11479,False
97825,NYSE-SIMP,11476,False
97825,NYSE-SIMP,11480,False
97825,NYSE-SIMP,11478,False
97825,NYSE-SIMP,11477,False
97825,NYSE-SIMP,11482,False
97825,NYSE-SIMP,11484,False
97825,NYSE-XFR,10837,False
97825,NYSE-XFR,10836,False
97825,NYSE-XFR,10835,False
97825,NYSE-XFR,10834,False
97825,NYSE-XFR,10833,False
97825,NYSE-XFR,10832,False
97825,NYSE-XFR,10831,False
97825,NYSE-XFR,10830,False
97825,NYSE-XFR,10829,False
97825,NYSE-XFR,10828,False
97825,NYSE-ZABA,11060,False
97825,NYSE-ZABA,11059,False
97825,NYSE-ZABA,11054,False
97825,NYSE-ZABA,11053,False
97825,NYSE-ZABA,11051,False
97825,NYSE-ZABA,11056,False
97825,NYSE-ZABA,11052,False
97825,NYSE-ZABA,11058,False
97825,NYSE-ZABA,11057,False
97825,NYSE-ZABA,11055,False
97852,NYSE-JZRO,10995,False
97853,NYSE-XFR,10301,False
97853,NYSE-XFR,10303,False
97853,NYSE-XFR,10305,False
97853,NYSE-XFR,10297,False
97853,NYSE-XFR,10299,False
97853,NYSE-KRAS,11045,False
97853,NYSE-ZABA,11071,False
97853,NYSE-KRAS,11046,False
97910,NYSE-ETFA,10974,False
97910,NYSE-JZRO,11553,False
97910,NYSE-MDKA,10795,False
97910,NYSE-KRAS,10989,False
97910,NYSE-ETFA3,11053,False
97910,NYSE-XFR,10816,False
97915,NYSE-JZRO,11611,False
97923,NYSE-ETFA3,11106,False
97923,NYSE-ETFA3,11104,False
97923,NYSE-ETFA3,11100,False
97923,NYSE-ETFA3,11099,False
97923,NYSE-ETFA3,11098,False
97923,NYSE-ETFA3,11097,False
97923,NYSE-ETFA3,11105,False
97923,NYSE-ETFA3,11103,False
97923,NYSE-ETFA3,11101,False
97923,NYSE-ETFA3,11102,False
97923,NYSE-ETFA,11035,False
97923,NYSE-ETFA,11034,False
97923,NYSE-ETFA,11033,False
97923,NYSE-ETFA,11032,False
97923,NYSE-ETFA,11031,False
97923,NYSE-ETFA,11030,False
97923,NYSE-ETFA,11029,False
97923,NYSE-ETFA,11028,False
97923,NYSE-ETFA,11026,False
97924,NYSE-CARD,12692,False
97924,NYSE-CARD,12691,False
97924,NYSE-CARD,12686,False
97924,NYSE-CARD,12685,False
97924,NYSE-CARD,12683,False
97924,NYSE-CARD,12689,False
97924,NYSE-CARD,12688,False
97924,NYSE-CARD,12687,False
97924,NYSE-CARD,12690,False
97924,NYSE-CARD,12684,False
97924,NYSE-INA,11585,False
97924,NYSE-INA,11583,False
97924,NYSE-INA,11589,False
97924,NYSE-INA,11587,False
97924,NYSE-INA,11591,False
97924,NYSE-JNAF,10883,False
97924,NYSE-JNAF,10879,False
97924,NYSE-JNAF,10877,False
97924,NYSE-JNAF,10875,False
97924,NYSE-JNAF,10881,False
97924,NYSE-JNAF,10876,False
97924,NYSE-JNAF,10878,False
97924,NYSE-JNAF,10880,False
97924,NYSE-JNAF,10882,False
97924,NYSE-JNAF,10884,False
97924,NYSE-JZRO,11006,False
97924,NYSE-JZRO,11004,False
97924,NYSE-JZRO,11608,False
97924,NYSE-JZRO,11606,False
97924,NYSE-JZRO,11604,False
97924,NYSE-KRAS,11043,False
97924,NYSE-KRAS,11041,False
97924,NYSE-KRAS,11037,False
97924,NYSE-KRAS,11035,False
97924,NYSE-KRAS,11039,False
97924,NYSE-KTST,11203,False
97924,NYSE-KTST,11201,False
97924,NYSE-KTST,11200,False
97924,NYSE-KTST,11198,False
97924,NYSE-KTST,11196,False
97924,NYSE-KTST,11204,False
97924,NYSE-KTST,11199,False
97924,NYSE-KTST,11202,False
97924,NYSE-KTST,11195,False
97924,NYSE-KTST,11197,False
97924,NYSE-MDKA,10824,False
97925,NYSE-MDKA,10823,False
97925,NYSE-MDKA,10821,False
97925,NYSE-MDKA,10820,False
97925,NYSE-MDKA,10819,False
97925,NYSE-MDKA,10818,False
97925,NYSE-MDKA,10817,False
97925,NYSE-MDKA,10816,False
97925,NYSE-MDKA,10825,False
97925,NYSE-MDKA,10822,False
97925,NYSE-NGUP,11644,False
97925,NYSE-NGUP,11642,False
97925,NYSE-NGUP,11641,False
97925,NYSE-NGUP,11639,False
97925,NYSE-NGUP,11637,False
97925,NYSE-NGUP,11635,False
97925,NYSE-NGUP,11636,False
97925,NYSE-NGUP,11643,False
97925,NYSE-NGUP,11640,False
97925,NYSE-NGUP,11638,False
97925,NYSE-SIMP,11495,False
97925,NYSE-SIMP,11493,False
97925,NYSE-SIMP,11491,False
97925,NYSE-SIMP,11489,False
97925,NYSE-SIMP,11487,False
97925,NYSE-SIMP,11494,False
97925,NYSE-SIMP,11492,False
97925,NYSE-SIMP,11486,False
97925,NYSE-SIMP,11488,False
97925,NYSE-SIMP,11490,False
97925,NYSE-XFR,10309,False
97925,NYSE-XFR,10307,False
97925,NYSE-XFR,10311,False
97925,NYSE-XFR,10315,False
97925,NYSE-XFR,10313,False
97925,NYSE-XFR,10846,False
97925,NYSE-XFR,10844,False
97925,NYSE-XFR,10842,False
97925,NYSE-XFR,10841,False
97925,NYSE-XFR,10840,False
97925,NYSE-XFR,10839,False
97925,NYSE-XFR,10838,False
97925,NYSE-XFR,10847,False
97925,NYSE-XFR,10843,False
97925,NYSE-XFR,10845,False
97925,NYSE-ZABA,11070,False
97925,NYSE-ZABA,11069,False
97925,NYSE-ZABA,11067,False
97925,NYSE-ZABA,11066,False
97925,NYSE-ZABA,11064,False
97925,NYSE-ZABA,11063,False
97925,NYSE-ZABA,11062,False
97925,NYSE-ZABA,11061,False
97925,NYSE-ZABA,11068,False
97925,NYSE-ZABA,11065,False
97986,NYSE-ZABA,11082,False
97986,NYSE-KRAS,11058,False
97986,NYSE-JZRO,11623,False
98023,NYSE-ETFA3,11115,False
98023,NYSE-ETFA3,11113,False
98023,NYSE-ETFA3,11112,False
98023,NYSE-ETFA3,11111,False
98023,NYSE-ETFA3,11110,False
98023,NYSE-ETFA3,11109,False
98023,NYSE-ETFA3,11108,False
98023,NYSE-ETFA3,11107,False
98023,NYSE-ETFA3,11116,False
98023,NYSE-ETFA3,11114,False
98023,NYSE-ETFA,11047,False
98023,NYSE-ETFA,11046,False
98023,NYSE-ETFA,11044,False
98023,NYSE-ETFA,11042,False
98023,NYSE-ETFA,11041,False
98023,NYSE-ETFA,11040,False
98023,NYSE-ETFA,11038,False
98023,NYSE-ETFA,11043,False
98023,NYSE-ETFA,11045,False
98023,NYSE-ETFA,11039,False
98023,NYSE-INA,11011,False
98023,NYSE-INA,11013,False
98023,NYSE-INA,11009,False
98023,NYSE-CARD,12701,False
98023,NYSE-CARD,12695,False
98023,NYSE-CARD,12694,False
98023,NYSE-CARD,12699,False
98023,NYSE-CARD,12698,False
98023,NYSE-CARD,12696,False
98023,NYSE-CARD,12697,False
98023,NYSE-CARD,12702,False
98023,NYSE-CARD,12700,False
98023,NYSE-CARD,12703,False
98023,NYSE-INA,11598,False
98023,NYSE-INA,11602,False
98023,NYSE-INA,11600,False
98023,NYSE-INA,11596,False
98023,NYSE-INA,11594,False
98023,NYSE-JNAF,10895,False
98023,NYSE-JNAF,10894,False
98023,NYSE-JNAF,10893,False
98023,NYSE-JNAF,10891,False
98023,NYSE-JNAF,10889,False
98023,NYSE-JNAF,10887,False
98023,NYSE-JNAF,10892,False
98023,NYSE-JNAF,10890,False
98023,NYSE-JNAF,10888,False
98023,NYSE-JNAF,10886,False
98023,NYSE-JZRO,11621,False
98023,NYSE-JZRO,11619,False
98023,NYSE-JZRO,11617,False
98023,NYSE-JZRO,11615,False
98023,NYSE-KRAS,11054,False
98023,NYSE-KRAS,11048,False
98023,NYSE-KRAS,11056,False
98023,NYSE-KRAS,11052,False
98023,NYSE-KRAS,11050,False
98024,NYSE-KTST,11214,False
98024,NYSE-KTST,11212,False
98024,NYSE-KTST,11208,False
98024,NYSE-KTST,11210,False
98024,NYSE-KTST,11213,False
98024,NYSE-KTST,11206,False
98024,NYSE-KTST,11211,False
98024,NYSE-KTST,11209,False
98024,NYSE-KTST,11207,False
98024,NYSE-KTST,11215,False
98024,NYSE-MDKA,10836,False
98024,NYSE-MDKA,10835,False
98024,NYSE-MDKA,10834,False
98024,NYSE-MDKA,10833,False
98024,NYSE-MDKA,10832,False
98024,NYSE-MDKA,10831,False
98024,NYSE-MDKA,10830,False
98024,NYSE-MDKA,10829,False
98024,NYSE-MDKA,10828,False
98024,NYSE-MDKA,10827,False
98024,NYSE-NGUP,11652,False
98024,NYSE-NGUP,11651,False
98024,NYSE-NGUP,11650,False
98024,NYSE-NGUP,11649,False
98024,NYSE-NGUP,11648,False
98024,NYSE-NGUP,11647,False
98024,NYSE-NGUP,11646,False
98024,NYSE-NGUP,11645,False
98024,NYSE-NGUP,11654,False
98024,NYSE-NGUP,11653,False
98024,NYSE-SIMP,11505,False
98024,NYSE-SIMP,11504,False
98024,NYSE-SIMP,11502,False
98024,NYSE-SIMP,11499,False
98024,NYSE-SIMP,11507,False
98024,NYSE-SIMP,11508,False
98024,NYSE-SIMP,11506,False
98024,NYSE-SIMP,11501,False
98024,NYSE-SIMP,11500,False
98024,NYSE-SIMP,11503,False
98024,NYSE-XFR,10325,False
98024,NYSE-XFR,10852,False
98024,NYSE-XFR,10850,False
98024,NYSE-XFR,10857,False
98024,NYSE-XFR,10855,False
98024,NYSE-XFR,10853,False
98024,NYSE-XFR,10851,False
98024,NYSE-XFR,10849,False
98024,NYSE-XFR,10858,False
98024,NYSE-XFR,10854,False
98024,NYSE-XFR,10856,False
98024,NYSE-ZABA,11081,False
98024,NYSE-ZABA,11079,False
98024,NYSE-ZABA,11078,False
98024,NYSE-ZABA,11077,False
98024,NYSE-ZABA,11075,False
98024,NYSE-ZABA,11080,False
98024,NYSE-ZABA,11073,False
98024,NYSE-ZABA,11076,False
98123,NYSE-ETFA3,11127,False
98123,NYSE-ETFA3,11123,False
98123,NYSE-ETFA3,11122,False
98123,NYSE-ETFA3,11121,False
98123,NYSE-ETFA3,11120,False
98123,NYSE-ETFA3,11119,False
98123,NYSE-ETFA3,11126,False
98123,NYSE-ETFA3,11124,False
98123,NYSE-ETFA3,11118,False
98123,NYSE-ETFA3,11125,False
98123,NYSE-ETFA,11058,False
98123,NYSE-ETFA,11056,False
98123,NYSE-ETFA,11055,False
98123,NYSE-ETFA,11054,False
98123,NYSE-ETFA,11053,False
98123,NYSE-ETFA,11051,False
98123,NYSE-ETFA,11050,False
98123,NYSE-ETFA,11049,False
98123,NYSE-ETFA,11052,False
98123,NYSE-ETFA,11057,False
98123,NYSE-CARD,12707,False
98123,NYSE-CARD,12706,False
98123,NYSE-CARD,12704,False
98123,NYSE-CARD,12711,False
98123,NYSE-CARD,12709,False
98123,NYSE-CARD,12708,False
98123,NYSE-CARD,12710,False
98123,NYSE-CARD,12712,False
98123,NYSE-CARD,12705,False
98123,NYSE-CARD,12713,False
98123,NYSE-DDJH,11058,False
98123,NYSE-INA,11611,False
98123,NYSE-INA,11609,False
98123,NYSE-INA,11613,False
98123,NYSE-INA,11605,False
98123,NYSE-INA,11607,False
98123,NYSE-JNAF,10906,False
98123,NYSE-JNAF,10902,False
98123,NYSE-JNAF,10900,False
98123,NYSE-JNAF,10898,False
98123,NYSE-JNAF,10904,False
98124,NYSE-JNAF,10905,False
98124,NYSE-JNAF,10903,False
98124,NYSE-JNAF,10901,False
98124,NYSE-JNAF,10897,False
98124,NYSE-JNAF,10899,False
98124,NYSE-JZRO,11632,False
98124,NYSE-JZRO,11631,False
98124,NYSE-JZRO,11630,False
98124,NYSE-JZRO,11629,False
98124,NYSE-JZRO,11628,False
98124,NYSE-JZRO,11627,False
98124,NYSE-JZRO,11626,False
98124,NYSE-JZRO,11625,False
98124,NYSE-JZRO,11633,False
98124,NYSE-JZRO,11634,False
98124,NYSE-KRAS,11066,False
98124,NYSE-KRAS,11064,False
98124,NYSE-KRAS,11062,False
98124,NYSE-KRAS,11060,False
98124,NYSE-KRAS,11068,False
98124,NYSE-KTST,11225,False
98124,NYSE-KTST,11223,False
98124,NYSE-KTST,11218,False
98124,NYSE-KTST,11221,False
98124,NYSE-KTST,11219,False
98124,NYSE-KTST,11224,False
98124,NYSE-KTST,11226,False
98124,NYSE-KTST,11217,False
98124,NYSE-KTST,11220,False
98124,NYSE-KTST,11222,False
98124,NYSE-MDKA,10846,False
98124,NYSE-MDKA,10844,False
98124,NYSE-MDKA,10842,False
98124,NYSE-MDKA,10841,False
98124,NYSE-MDKA,10840,False
98124,NYSE-MDKA,10839,False
98124,NYSE-MDKA,10838,False
98124,NYSE-MDKA,10847,False
98124,NYSE-MDKA,10843,False
98124,NYSE-MDKA,10845,False
98124,NYSE-NGUP,11663,False
98124,NYSE-NGUP,11662,False
98124,NYSE-NGUP,11661,False
98124,NYSE-NGUP,11660,False
98124,NYSE-NGUP,11659,False
98124,NYSE-NGUP,11658,False
98124,NYSE-NGUP,11657,False
98124,NYSE-NGUP,11656,False
98124,NYSE-NGUP,11664,False
98124,NYSE-NGUP,11655,False
98124,NYSE-SIMP,11519,False
98124,NYSE-SIMP,11517,False
98124,NYSE-SIMP,11515,False
98124,NYSE-SIMP,11513,False
98124,NYSE-SIMP,11511,False
98124,NYSE-SIMP,11516,False
98124,NYSE-SIMP,11510,False
98124,NYSE-SIMP,11518,False
98124,NYSE-SIMP,11512,False
98124,NYSE-SIMP,11514,False
98124,NYSE-XFR,10336,False
98124,NYSE-XFR,10330,False
98124,NYSE-XFR,10334,False
98124,NYSE-XFR,10332,False
98124,NYSE-XFR,10867,False
98124,NYSE-XFR,10865,False
98124,NYSE-XFR,10863,False
98124,NYSE-XFR,10862,False
98124,NYSE-XFR,10861,False
98124,NYSE-XFR,10859,False
98124,NYSE-XFR,10868,False
98124,NYSE-XFR,10860,False
98124,NYSE-XFR,10864,False
98124,NYSE-XFR,10866,False
98124,NYSE-ZABA,11095,False
98124,NYSE-ZABA,11093,False
98124,NYSE-ZABA,11092,False
98124,NYSE-ZABA,11091,False
98124,NYSE-ZABA,11090,False
98124,NYSE-ZABA,11089,False
98124,NYSE-ZABA,11088,False
98124,NYSE-ZABA,11087,False
98124,NYSE-ZABA,11094,False
98174,NYSE-KRAS,11079,False
98174,NYSE-ETFA3,11138,False
98217,NYSE-ETFA,11070,False
98217,NYSE-JZRO,11645,False
98217,NYSE-DDJH,11079,False
98223,NYSE-ETFA3,11137,False
98223,NYSE-ETFA3,11135,False
98223,NYSE-ETFA3,11133,False
98223,NYSE-ETFA3,11131,False
98223,NYSE-ETFA3,11130,False
98223,NYSE-ETFA3,11128,False
98223,NYSE-ETFA3,11129,False
98223,NYSE-ETFA3,11134,False
98223,NYSE-ETFA3,11132,False
98223,NYSE-ETFA3,11136,False
98223,NYSE-ETFA,11067,False
98223,NYSE-ETFA,11066,False
98223,NYSE-ETFA,11065,False
98223,NYSE-ETFA,11063,False
98223,NYSE-ETFA,11062,False
98223,NYSE-ETFA,11059,False
98223,NYSE-ETFA,11061,False
98223,NYSE-ETFA,11068,False
98223,NYSE-ETFA,11064,False
98224,NYSE-CARD,12720,False
98224,NYSE-CARD,12719,False
98224,NYSE-CARD,12718,False
98224,NYSE-CARD,12717,False
98224,NYSE-CARD,12722,False
98224,NYSE-CARD,12721,False
98224,NYSE-CARD,12714,False
98224,NYSE-CARD,12716,False
98224,NYSE-CARD,12723,False
98224,NYSE-CARD,12715,False
98224,NYSE-INA,11623,False
98224,NYSE-INA,11621,False
98224,NYSE-INA,11619,False
98224,NYSE-INA,11617,False
98224,NYSE-INA,11615,False
98224,NYSE-INA,11620,False
98224,NYSE-INA,11622,False
98224,NYSE-JNAF,10916,False
98224,NYSE-JNAF,10914,False
98224,NYSE-JNAF,10910,False
98224,NYSE-JNAF,10908,False
98224,NYSE-JNAF,10912,False
98224,NYSE-JNAF,10913,False
98224,NYSE-JNAF,10911,False
98224,NYSE-JNAF,10915,False
98224,NYSE-JNAF,10909,False
98224,NYSE-JNAF,10907,False
98224,NYSE-JZRO,11644,False
98224,NYSE-JZRO,11642,False
98224,NYSE-JZRO,11641,False
98224,NYSE-JZRO,11636,False
98224,NYSE-JZRO,11643,False
98224,NYSE-JZRO,11640,False
98224,NYSE-JZRO,11638,False
98224,NYSE-KRAS,11078,False
98224,NYSE-KRAS,11077,False
98224,NYSE-KRAS,11075,False
98224,NYSE-KRAS,11070,False
98224,NYSE-KRAS,11074,False
98224,NYSE-KRAS,11072,False
98224,NYSE-KRAS,11076,False
98225,NYSE-KTST,11236,False
98225,NYSE-KTST,11234,False
98225,NYSE-KTST,11231,False
98225,NYSE-KTST,11228,False
98225,NYSE-KTST,11227,False
98225,NYSE-KTST,11232,False
98225,NYSE-KTST,11230,False
98225,NYSE-KTST,11233,False
98225,NYSE-KTST,11235,False
98225,NYSE-KTST,11229,False
98225,NYSE-MDKA,10852,False
98225,NYSE-MDKA,10850,False
98225,NYSE-MDKA,10848,False
98225,NYSE-MDKA,10857,False
98225,NYSE-MDKA,10855,False
98225,NYSE-MDKA,10853,False
98225,NYSE-MDKA,10851,False
98225,NYSE-MDKA,10849,False
98225,NYSE-MDKA,10854,False
98225,NYSE-MDKA,10856,False
98225,NYSE-NGUP,11672,False
98225,NYSE-NGUP,11670,False
98225,NYSE-NGUP,11668,False
98225,NYSE-NGUP,11666,False
98225,NYSE-NGUP,11674,False
98225,NYSE-NGUP,11673,False
98225,NYSE-NGUP,11669,False
98225,NYSE-NGUP,11667,False
98225,NYSE-NGUP,11675,False
98225,NYSE-NGUP,11671,False
98225,NYSE-SIMP,11529,False
98225,NYSE-SIMP,11527,False
98225,NYSE-SIMP,11523,False
98225,NYSE-SIMP,11522,False
98225,NYSE-SIMP,11521,False
98225,NYSE-SIMP,11528,False
98225,NYSE-SIMP,11525,False
98225,NYSE-SIMP,11524,False
98225,NYSE-SIMP,11526,False
98225,NYSE-SIMP,11520,False
98225,NYSE-XFR,10341,False
98225,NYSE-XFR,10343,False
98225,NYSE-XFR,10339,False
98225,NYSE-XFR,10345,False
98225,NYSE-XFR,10347,False
98225,NYSE-XFR,10879,False
98225,NYSE-XFR,10877,False
98225,NYSE-XFR,10875,False
98225,NYSE-XFR,10873,False
98225,NYSE-XFR,10871,False
98225,NYSE-XFR,10876,False
98225,NYSE-XFR,10874,False
98225,NYSE-XFR,10872,False
98225,NYSE-XFR,10870,False
98225,NYSE-XFR,10878,False
98225,NYSE-ZABA,11106,False
98225,NYSE-ZABA,11105,False
98225,NYSE-ZABA,11104,False
98225,NYSE-ZABA,11102,False
98225,NYSE-ZABA,11100,False
98225,NYSE-ZABA,11099,False
98225,NYSE-ZABA,11097,False
98225,NYSE-ZABA,11103,False
98225,NYSE-ZABA,11098,False
98225,NYSE-ZABA,11101,False
98231,NYSE-ZABA,11117,False
98231,NYSE-KTST,11249,False
98242,NYSE-SIMP,11540,False
98323,NYSE-ETFA3,11147,False
98323,NYSE-ETFA3,11145,False
98323,NYSE-ETFA3,11143,False
98323,NYSE-ETFA3,11141,False
98323,NYSE-ETFA3,11139,False
98323,NYSE-ETFA3,11148,False
98323,NYSE-ETFA3,11146,False
98323,NYSE-ETFA3,11144,False
98323,NYSE-ETFA3,11142,False
98323,NYSE-ETFA3,11140,False
98323,NYSE-ETFA,11078,False
98323,NYSE-ETFA,11075,False
98323,NYSE-ETFA,11074,False
98323,NYSE-ETFA,11073,False
98323,NYSE-ETFA,11080,False
98323,NYSE-ETFA,11079,False
98323,NYSE-ETFA,11076,False
98323,NYSE-ETFA,11077,False
98323,NYSE-CARD,12733,False
98323,NYSE-CARD,12732,False
98323,NYSE-CARD,12730,False
98323,NYSE-CARD,12728,False
98323,NYSE-CARD,12726,False
98323,NYSE-CARD,12724,False
98323,NYSE-CARD,12729,False
98323,NYSE-CARD,12727,False
98323,NYSE-CARD,12731,False
98323,NYSE-INA,11632,False
98323,NYSE-INA,11631,False
98323,NYSE-INA,11630,False
98323,NYSE-INA,11629,False
98323,NYSE-INA,11628,False
98323,NYSE-INA,11627,False
98323,NYSE-INA,11626,False
98323,NYSE-INA,11625,False
98323,NYSE-INA,11633,False
98324,NYSE-JNAF,10924,False
98324,NYSE-JNAF,10923,False
98324,NYSE-JNAF,10921,False
98324,NYSE-JNAF,10920,False
98324,NYSE-JNAF,10917,False
98324,NYSE-JNAF,10925,False
98324,NYSE-JNAF,10919,False
98324,NYSE-JNAF,10922,False
98324,NYSE-JNAF,10926,False
98324,NYSE-JNAF,10918,False
98324,NYSE-JZRO,11652,False
98324,NYSE-JZRO,11651,False
98324,NYSE-JZRO,11650,False
98324,NYSE-JZRO,11649,False
98324,NYSE-JZRO,11648,False
98324,NYSE-JZRO,11647,False
98324,NYSE-JZRO,11646,False
98324,NYSE-JZRO,11654,False
98324,NYSE-JZRO,11653,False
98324,NYSE-JZRO,11655,False
98324,NYSE-KRAS,11089,False
98324,NYSE-KRAS,11088,False
98324,NYSE-KRAS,11085,False
98324,NYSE-KRAS,11084,False
98324,NYSE-KRAS,11083,False
98324,NYSE-KRAS,11082,False
98324,NYSE-KRAS,11081,False
98324,NYSE-KRAS,11086,False
98324,NYSE-KRAS,11080,False
98324,NYSE-KRAS,11087,False
98324,NYSE-KTST,11245,False
98324,NYSE-KTST,11242,False
98324,NYSE-KTST,11240,False
98324,NYSE-KTST,11238,False
98324,NYSE-KTST,11247,False
98324,NYSE-KTST,11239,False
98324,NYSE-KTST,11243,False
98324,NYSE-KTST,11246,False
98324,NYSE-KTST,11241,False
98324,NYSE-KTST,11244,False
98324,NYSE-MDKA,10867,False
98324,NYSE-MDKA,10865,False
98324,NYSE-MDKA,10863,False
98324,NYSE-MDKA,10862,False
98324,NYSE-MDKA,10861,False
98324,NYSE-MDKA,10859,False
98324,NYSE-MDKA,10858,False
98324,NYSE-MDKA,10860,False
98324,NYSE-MDKA,10864,False
98324,NYSE-MDKA,10866,False
98324,NYSE-NGUP,11686,False
98324,NYSE-NGUP,11685,False
98324,NYSE-NGUP,11684,False
98324,NYSE-NGUP,11683,False
98324,NYSE-NGUP,11682,False
98324,NYSE-NGUP,11680,False
98324,NYSE-NGUP,11678,False
98324,NYSE-NGUP,11679,False
98324,NYSE-NGUP,11681,False
98324,NYSE-NGUP,11677,False
98324,NYSE-SIMP,11539,False
98324,NYSE-SIMP,11537,False
98324,NYSE-SIMP,11536,False
98324,NYSE-SIMP,11535,False
98324,NYSE-SIMP,11533,False
98324,NYSE-SIMP,11538,False
98324,NYSE-SIMP,11531,False
98324,NYSE-SIMP,11530,False
98324,NYSE-SIMP,11534,False
98324,NYSE-SIMP,11532,False
98324,NYSE-XFR,10351,False
98324,NYSE-XFR,10357,False
98324,NYSE-XFR,10353,False
98324,NYSE-XFR,10355,False
98324,NYSE-XFR,10889,False
98324,NYSE-XFR,10887,False
98324,NYSE-XFR,10885,False
98324,NYSE-XFR,10883,False
98324,NYSE-XFR,10881,False
98324,NYSE-XFR,10880,False
98324,NYSE-XFR,10888,False
98324,NYSE-XFR,10882,False
98324,NYSE-XFR,10884,False
98324,NYSE-XFR,10886,False
98324,NYSE-ZABA,11116,False
98324,NYSE-ZABA,11115,False
98324,NYSE-ZABA,11114,False
98324,NYSE-ZABA,11113,False
98324,NYSE-ZABA,11112,False
98324,NYSE-ZABA,11110,False
98324,NYSE-ZABA,11109,False
98324,NYSE-ZABA,11107,False
98324,NYSE-ZABA,11111,False
98324,NYSE-ZABA,11108,False
98423,NYSE-ETFA3,11157,False
98423,NYSE-ETFA3,11155,False
98423,NYSE-ETFA3,11153,False
98423,NYSE-ETFA3,11149,False
98423,NYSE-ETFA3,11158,False
98423,NYSE-ETFA3,11154,False
98423,NYSE-ETFA3,11152,False
98423,NYSE-ETFA3,11156,False
98423,NYSE-ETFA3,11150,False
98423,NYSE-ETFA3,11151,False
98423,NYSE-ETFA,11092,False
98423,NYSE-ETFA,11090,False
98423,NYSE-ETFA,11089,False
98423,NYSE-ETFA,11088,False
98423,NYSE-ETFA,11087,False
98423,NYSE-ETFA,11086,False
98423,NYSE-ETFA,11085,False
98423,NYSE-ETFA,11084,False
98423,NYSE-ETFA,11083,False
98423,NYSE-ETFA,11091,False
98423,NYSE-CARD,12741,False
98423,NYSE-CARD,12740,False
98423,NYSE-CARD,12739,False
98423,NYSE-CARD,12738,False
98423,NYSE-CARD,12737,False
98423,NYSE-CARD,12736,False
98423,NYSE-CARD,12744,False
98423,NYSE-CARD,12745,False
98423,NYSE-CARD,12742,False
98423,NYSE-CARD,12743,False
98424,NYSE-INA,11645,False
98424,NYSE-INA,11644,False
98424,NYSE-INA,11642,False
98424,NYSE-INA,11641,False
98424,NYSE-INA,11639,False
98424,NYSE-INA,11637,False
98424,NYSE-INA,11643,False
98424,NYSE-INA,11640,False
98424,NYSE-JNAF,10936,False
98424,NYSE-JNAF,10935,False
98424,NYSE-JNAF,10934,False
98424,NYSE-JNAF,10933,False
98424,NYSE-JNAF,10932,False
98424,NYSE-JNAF,10931,False
98424,NYSE-JNAF,10929,False
98424,NYSE-JNAF,10927,False
98424,NYSE-JNAF,10928,False
98424,NYSE-JNAF,10930,False
98424,NYSE-JZRO,11666,False
98424,NYSE-JZRO,11664,False
98424,NYSE-JZRO,11663,False
98424,NYSE-JZRO,11662,False
98424,NYSE-JZRO,11661,False
98424,NYSE-JZRO,11660,False
98424,NYSE-JZRO,11659,False
98424,NYSE-JZRO,11658,False
98424,NYSE-JZRO,11657,False
98424,NYSE-JZRO,11665,False
98424,NYSE-KRAS,11099,False
98424,NYSE-KRAS,11097,False
98424,NYSE-KRAS,11095,False
98424,NYSE-KRAS,11093,False
98424,NYSE-KRAS,11091,False
98424,NYSE-KRAS,11098,False
98424,NYSE-KTST,11259,False
98424,NYSE-KTST,11258,False
98424,NYSE-KTST,11257,False
98424,NYSE-KTST,11256,False
98424,NYSE-KTST,11255,False
98424,NYSE-KTST,11254,False
98424,NYSE-KTST,11253,False
98424,NYSE-KTST,11252,False
98424,NYSE-KTST,11251,False
98424,NYSE-KTST,11250,False
98424,NYSE-MDKA,10877,False
98424,NYSE-MDKA,10875,False
98424,NYSE-MDKA,10873,False
98424,NYSE-MDKA,10871,False
98424,NYSE-MDKA,10869,False
98424,NYSE-MDKA,10876,False
98424,NYSE-MDKA,10874,False
98424,NYSE-MDKA,10872,False
98424,NYSE-MDKA,10870,False
98424,NYSE-MDKA,10868,False
98424,NYSE-NGUP,11698,False
98424,NYSE-NGUP,11694,False
98424,NYSE-NGUP,11692,False
98424,NYSE-NGUP,11696,False
98424,NYSE-NGUP,11691,False
98424,NYSE-NGUP,11695,False
98424,NYSE-NGUP,11697,False
98424,NYSE-NGUP,11693,False
98424,NYSE-NGUP,11689,False
98424,NYSE-SIMP,11549,False
98424,NYSE-SIMP,11548,False
98424,NYSE-SIMP,11547,False
98424,NYSE-SIMP,11546,False
98424,NYSE-SIMP,11545,False
98424,NYSE-SIMP,11544,False
98424,NYSE-SIMP,11543,False
98424,NYSE-SIMP,11542,False
98424,NYSE-SIMP,11541,False
98424,NYSE-SIMP,11550,False
98424,NYSE-XFR,10362,False
98424,NYSE-XFR,10364,False
98424,NYSE-XFR,10370,False
98424,NYSE-XFR,10368,False
98424,NYSE-XFR,10366,False
98424,NYSE-XFR,10898,False
98424,NYSE-XFR,10896,False
98424,NYSE-XFR,10895,False
98424,NYSE-XFR,10894,False
98424,NYSE-XFR,10893,False
98424,NYSE-XFR,10891,False
98424,NYSE-XFR,10892,False
98424,NYSE-XFR,10897,False
98424,NYSE-XFR,10899,False
98424,NYSE-XFR,10890,False
98424,NYSE-ZABA,11127,False
98424,NYSE-ZABA,11125,False
98424,NYSE-ZABA,11122,False
98424,NYSE-ZABA,11121,False
98424,NYSE-ZABA,11120,False
98424,NYSE-ZABA,11118,False
98424,NYSE-ZABA,11119,False
98424,NYSE-ZABA,11126,False
98424,NYSE-ZABA,11123,False
98424,NYSE-ZABA,11124,False
98523,NYSE-ETFA3,11167,False
98523,NYSE-ETFA3,11165,False
98523,NYSE-ETFA3,11163,False
98523,NYSE-ETFA3,11161,False
98523,NYSE-ETFA3,11159,False
98523,NYSE-ETFA3,11168,False
98523,NYSE-ETFA3,11164,False
98523,NYSE-ETFA3,11162,False
98523,NYSE-ETFA3,11160,False
98523,NYSE-ETFA3,11166,False
98523,NYSE-ETFA,11100,False
98523,NYSE-ETFA,11099,False
98523,NYSE-ETFA,11098,False
98523,NYSE-ETFA,11097,False
98523,NYSE-ETFA,11096,False
98523,NYSE-ETFA,11095,False
98523,NYSE-ETFA,11103,False
98523,NYSE-ETFA,11101,False
98523,NYSE-ETFA,11102,False
98523,NYSE-ETFA,11094,False
98524,NYSE-CARD,12756,False
98524,NYSE-CARD,12755,False
98524,NYSE-CARD,12754,False
98524,NYSE-CARD,12753,False
98524,NYSE-CARD,12751,False
98524,NYSE-CARD,12750,False
98524,NYSE-CARD,12748,False
98524,NYSE-CARD,12752,False
98524,NYSE-CARD,12749,False
98524,NYSE-CARD,12747,False
98524,NYSE-INA,11652,False
98524,NYSE-INA,11651,False
98524,NYSE-INA,11650,False
98524,NYSE-INA,11649,False
98524,NYSE-INA,11648,False
98524,NYSE-INA,11647,False
98524,NYSE-INA,11646,False
98524,NYSE-INA,11654,False
98524,NYSE-INA,11653,False
98524,NYSE-INA,11655,False
98524,NYSE-JNAF,10947,False
98524,NYSE-JNAF,10946,False
98524,NYSE-JNAF,10945,False
98524,NYSE-JNAF,10944,False
98524,NYSE-JNAF,10943,False
98524,NYSE-JNAF,10941,False
98524,NYSE-JNAF,10939,False
98524,NYSE-JNAF,10942,False
98524,NYSE-JNAF,10938,False
98524,NYSE-JNAF,10940,False
98524,NYSE-JZRO,11678,False
98524,NYSE-JZRO,11676,False
98524,NYSE-JZRO,11672,False
98524,NYSE-JZRO,11670,False
98524,NYSE-JZRO,11674,False
98524,NYSE-JZRO,11677,False
98524,NYSE-JZRO,11673,False
98524,NYSE-JZRO,11669,False
98524,NYSE-JZRO,11675,False
98524,NYSE-JZRO,11671,False
98524,NYSE-KRAS,11110,False
98524,NYSE-KRAS,11109,False
98524,NYSE-KRAS,11107,False
98524,NYSE-KRAS,11106,False
98524,NYSE-KRAS,11105,False
98524,NYSE-KRAS,11104,False
98524,NYSE-KRAS,11102,False
98524,NYSE-KRAS,11103,False
98524,NYSE-KRAS,11101,False
98524,NYSE-KRAS,11108,False
98524,NYSE-KTST,11268,False
98524,NYSE-KTST,11266,False
98524,NYSE-KTST,11264,False
98524,NYSE-KTST,11262,False
98524,NYSE-KTST,11260,False
98524,NYSE-KTST,11267,False
98524,NYSE-KTST,11265,False
98524,NYSE-KTST,11261,False
98524,NYSE-KTST,11263,False
98524,NYSE-KTST,11269,False
98524,NYSE-MDKA,10889,False
98524,NYSE-MDKA,10887,False
98524,NYSE-MDKA,10885,False
98524,NYSE-MDKA,10883,False
98524,NYSE-MDKA,10881,False
98524,NYSE-MDKA,10880,False
98524,NYSE-MDKA,10888,False
98524,NYSE-MDKA,10882,False
98524,NYSE-MDKA,10884,False
98524,NYSE-MDKA,10886,False
98524,NYSE-NGUP,11706,False
98524,NYSE-NGUP,11704,False
98524,NYSE-NGUP,11702,False
98524,NYSE-NGUP,11700,False
98524,NYSE-NGUP,11708,False
98524,NYSE-NGUP,11707,False
98524,NYSE-NGUP,11703,False
98524,NYSE-NGUP,11701,False
98524,NYSE-NGUP,11705,False
98524,NYSE-NGUP,11709,False
98524,NYSE-SIMP,11559,False
98524,NYSE-SIMP,11557,False
98524,NYSE-SIMP,11555,False
98524,NYSE-SIMP,11553,False
98524,NYSE-SIMP,11551,False
98524,NYSE-SIMP,11552,False
98524,NYSE-SIMP,11560,False
98524,NYSE-SIMP,11556,False
98524,NYSE-SIMP,11554,False
98524,NYSE-SIMP,11558,False
98524,NYSE-XFR,10380,False
98524,NYSE-XFR,10378,False
98524,NYSE-XFR,10910,False
98525,NYSE-XFR,10908,False
98525,NYSE-XFR,10906,False
98525,NYSE-XFR,10904,False
98525,NYSE-XFR,10902,False
98525,NYSE-XFR,10905,False
98525,NYSE-XFR,10903,False
98525,NYSE-XFR,10909,False
98525,NYSE-XFR,10907,False
98525,NYSE-ZABA,11136,False
98525,NYSE-ZABA,11134,False
98525,NYSE-ZABA,11133,False
98525,NYSE-ZABA,11132,False
98525,NYSE-ZABA,11130,False
98525,NYSE-ZABA,11128,False
98525,NYSE-ZABA,11137,False
98525,NYSE-ZABA,11131,False
98525,NYSE-ZABA,11135,False
98525,NYSE-ZABA,11129,False
98525,NYSE-DDJH,11122,False
98623,NYSE-ETFA3,11179,False
98623,NYSE-ETFA3,11177,False
98623,NYSE-ETFA3,11175,False
98623,NYSE-ETFA3,11174,False
98623,NYSE-ETFA3,11171,False
98623,NYSE-ETFA3,11180,False
98623,NYSE-ETFA3,11178,False
98623,NYSE-ETFA3,11173,False
98623,NYSE-ETFA3,11172,False
98623,NYSE-ETFA3,11176,False
98623,NYSE-ETFA,11115,False
98623,NYSE-ETFA,11113,False
98623,NYSE-ETFA,11112,False
98623,NYSE-ETFA,11111,False
98623,NYSE-ETFA,11110,False
98623,NYSE-ETFA,11109,False
98623,NYSE-ETFA,11108,False
98623,NYSE-ETFA,11106,False
98623,NYSE-ETFA,11107,False
98623,NYSE-ETFA,11114,False
98623,NYSE-CARD,12768,False
98623,NYSE-CARD,12767,False
98623,NYSE-CARD,12766,False
98623,NYSE-CARD,12765,False
98623,NYSE-CARD,12761,False
98623,NYSE-CARD,12760,False
98623,NYSE-CARD,12759,False
98623,NYSE-CARD,12763,False
98623,NYSE-CARD,12762,False
98623,NYSE-CARD,12764,False
98624,NYSE-INA,11666,False
98624,NYSE-INA,11664,False
98624,NYSE-INA,11663,False
98624,NYSE-INA,11662,False
98624,NYSE-INA,11661,False
98624,NYSE-INA,11660,False
98624,NYSE-INA,11659,False
98624,NYSE-INA,11658,False
98624,NYSE-INA,11665,False
98624,NYSE-INA,11667,False
98624,NYSE-JNAF,10957,False
98624,NYSE-JNAF,10956,False
98624,NYSE-JNAF,10954,False
98624,NYSE-JNAF,10952,False
98624,NYSE-JNAF,10950,False
98624,NYSE-JNAF,10955,False
98624,NYSE-JNAF,10953,False
98624,NYSE-JNAF,10951,False
98624,NYSE-JNAF,10958,False
98624,NYSE-JNAF,10949,False
98624,NYSE-JZRO,11090,False
98624,NYSE-JZRO,11686,False
98624,NYSE-JZRO,11685,False
98624,NYSE-JZRO,11684,False
98624,NYSE-JZRO,11682,False
98624,NYSE-JZRO,11680,False
98624,NYSE-JZRO,11687,False
98624,NYSE-JZRO,11688,False
98624,NYSE-JZRO,11689,False
98624,NYSE-KRAS,11121,False
98624,NYSE-KRAS,11120,False
98624,NYSE-KRAS,11118,False
98624,NYSE-KRAS,11116,False
98624,NYSE-KRAS,11115,False
98624,NYSE-KRAS,11114,False
98624,NYSE-KRAS,11113,False
98624,NYSE-KRAS,11112,False
98624,NYSE-KRAS,11117,False
98624,NYSE-KRAS,11119,False
98624,NYSE-KTST,11280,False
98624,NYSE-KTST,11277,False
98624,NYSE-KTST,11276,False
98624,NYSE-KTST,11274,False
98624,NYSE-KTST,11272,False
98624,NYSE-KTST,11281,False
98624,NYSE-KTST,11279,False
98624,NYSE-KTST,11278,False
98624,NYSE-KTST,11275,False
98624,NYSE-KTST,11273,False
98624,NYSE-MDKA,10900,False
98624,NYSE-MDKA,10898,False
98624,NYSE-MDKA,10896,False
98624,NYSE-MDKA,10895,False
98624,NYSE-MDKA,10894,False
98624,NYSE-MDKA,10893,False
98624,NYSE-MDKA,10892,False
98624,NYSE-MDKA,10901,False
98624,NYSE-MDKA,10897,False
98624,NYSE-MDKA,10899,False
98624,NYSE-NGUP,11721,False
98624,NYSE-NGUP,11719,False
98624,NYSE-NGUP,11718,False
98624,NYSE-NGUP,11717,False
98624,NYSE-NGUP,11714,False
98624,NYSE-NGUP,11722,False
98624,NYSE-NGUP,11720,False
98624,NYSE-NGUP,11715,False
98624,NYSE-NGUP,11713,False
98624,NYSE-NGUP,11716,False
98624,NYSE-SIMP,11571,False
98624,NYSE-SIMP,11570,False
98624,NYSE-SIMP,11569,False
98624,NYSE-SIMP,11568,False
98624,NYSE-SIMP,11567,False
98624,NYSE-SIMP,11565,False
98624,NYSE-SIMP,11564,False
98624,NYSE-SIMP,11572,False
98624,NYSE-SIMP,11566,False
98624,NYSE-SIMP,11563,False
98624,NYSE-XFR,10921,False
98624,NYSE-XFR,10920,False
98624,NYSE-XFR,10917,False
98624,NYSE-XFR,10916,False
98624,NYSE-XFR,10919,False
98624,NYSE-XFR,10922,False
98624,NYSE-XFR,10913,False
98624,NYSE-XFR,10915,False
98624,NYSE-XFR,10918,False
98624,NYSE-ZABA,11148,False
98624,NYSE-ZABA,11147,False
98624,NYSE-ZABA,11146,False
98624,NYSE-ZABA,11144,False
98624,NYSE-ZABA,11142,False
98624,NYSE-ZABA,11145,False
98624,NYSE-ZABA,11143,False
98624,NYSE-ZABA,11141,False
98624,NYSE-ZABA,11139,False
98624,NYSE-ZABA,11140,False
98650,NYSE-DDJH,11134,False
98710,NYSE-ETFA,11048,False
98710,NYSE-JZRO,11622,False
98710,NYSE-ETFA3,11117,False
98710,NYSE-XFR,10383,False
98710,NYSE-XFR,10389,False
98710,NYSE-XFR,10391,False
98710,NYSE-XFR,10385,False
98710,NYSE-XFR,10387,False
98710,NYSE-XFR,10869,False
98723,NYSE-ETFA3,11191,False
98723,NYSE-ETFA3,11189,False
98723,NYSE-ETFA3,11185,False
98723,NYSE-ETFA3,11183,False
98723,NYSE-ETFA3,11190,False
98723,NYSE-ETFA3,11188,False
98723,NYSE-ETFA3,11186,False
98723,NYSE-ETFA3,11184,False
98723,NYSE-ETFA3,11182,False
98723,NYSE-ETFA3,11187,False
98723,NYSE-ETFA,11123,False
98723,NYSE-ETFA,11122,False
98723,NYSE-ETFA,11121,False
98723,NYSE-ETFA,11120,False
98723,NYSE-ETFA,11119,False
98723,NYSE-ETFA,11117,False
98723,NYSE-ETFA,11124,False
98723,NYSE-ETFA,11116,False
98723,NYSE-ETFA,11118,False
98723,NYSE-ETFA,11125,False
98723,NYSE-CARD,12777,False
98723,NYSE-CARD,12775,False
98723,NYSE-CARD,12773,False
98723,NYSE-CARD,12772,False
98723,NYSE-CARD,12771,False
98723,NYSE-CARD,12770,False
98723,NYSE-CARD,12769,False
98723,NYSE-CARD,12774,False
98723,NYSE-CARD,12778,False
98723,NYSE-CARD,12776,False
98723,NYSE-DDJH,11132,False
98723,NYSE-INA,11676,False
98723,NYSE-INA,11672,False
98723,NYSE-INA,11670,False
98723,NYSE-INA,11668,False
98723,NYSE-INA,11674,False
98723,NYSE-INA,11677,False
98723,NYSE-INA,11673,False
98723,NYSE-INA,11669,False
98723,NYSE-INA,11675,False
98723,NYSE-INA,11671,False
98723,NYSE-JNAF,10969,False
98723,NYSE-JNAF,10968,False
98723,NYSE-JNAF,10967,False
98723,NYSE-JNAF,10963,False
98723,NYSE-JNAF,10966,False
98723,NYSE-JNAF,10964,False
98723,NYSE-JNAF,10962,False
98723,NYSE-JNAF,10960,False
98723,NYSE-JNAF,10961,False
98723,NYSE-JNAF,10965,False
98723,NYSE-JZRO,11700,False
98723,NYSE-JZRO,11698,False
98723,NYSE-JZRO,11699,False
98723,NYSE-JZRO,11691,False
98723,NYSE-JZRO,11695,False
98723,NYSE-JZRO,11697,False
98723,NYSE-JZRO,11693,False
98723,NYSE-KRAS,11122,False
98723,NYSE-KRAS,11130,False
98723,NYSE-KRAS,11128,False
98723,NYSE-KRAS,11127,False
98724,NYSE-KRAS,11125,False
98724,NYSE-KRAS,11131,False
98724,NYSE-KRAS,11126,False
98724,NYSE-KRAS,11123,False
98724,NYSE-KRAS,11124,False
98724,NYSE-KRAS,11129,False
98724,NYSE-KTST,11291,False
98724,NYSE-KTST,11290,False
98724,NYSE-KTST,11288,False
98724,NYSE-KTST,11287,False
98724,NYSE-KTST,11286,False
98724,NYSE-KTST,11282,False
98724,NYSE-KTST,11285,False
98724,NYSE-KTST,11283,False
98724,NYSE-KTST,11289,False
98724,NYSE-KTST,11284,False
98724,NYSE-MDKA,10910,False
98724,NYSE-MDKA,10908,False
98724,NYSE-MDKA,10906,False
98724,NYSE-MDKA,10904,False
98724,NYSE-MDKA,10902,False
98724,NYSE-MDKA,10911,False
98724,NYSE-MDKA,10905,False
98724,NYSE-MDKA,10903,False
98724,NYSE-MDKA,10909,False
98724,NYSE-MDKA,10907,False
98724,NYSE-NGUP,11732,False
98724,NYSE-NGUP,11729,False
98724,NYSE-NGUP,11727,False
98724,NYSE-NGUP,11725,False
98724,NYSE-NGUP,11723,False
98724,NYSE-NGUP,11728,False
98724,NYSE-NGUP,11726,False
98724,NYSE-NGUP,11724,False
98724,NYSE-NGUP,11731,False
98724,NYSE-NGUP,11730,False
98724,NYSE-SIMP,11579,False
98724,NYSE-SIMP,11577,False
98724,NYSE-SIMP,11582,False
98724,NYSE-SIMP,11576,False
98724,NYSE-SIMP,11574,False
98724,NYSE-SIMP,11580,False
98724,NYSE-SIMP,11578,False
98724,NYSE-SIMP,11581,False
98724,NYSE-SIMP,11575,False
98724,NYSE-XFR,10935,False
98724,NYSE-XFR,10934,False
98724,NYSE-XFR,10933,False
98724,NYSE-XFR,10932,False
98724,NYSE-XFR,10931,False
98724,NYSE-XFR,10929,False
98724,NYSE-XFR,10927,False
98724,NYSE-XFR,10926,False
98724,NYSE-XFR,10928,False
98724,NYSE-XFR,10930,False
98724,NYSE-ZABA,11156,False
98724,NYSE-ZABA,11155,False
98724,NYSE-ZABA,11154,False
98724,NYSE-ZABA,11152,False
98724,NYSE-ZABA,11151,False
98724,NYSE-ZABA,11150,False
98724,NYSE-ZABA,11149,False
98724,NYSE-ZABA,11153,False
98724,NYSE-ZABA,11157,False
98724,NYSE-ZABA,11158,False
98755,NYSE-SIMP,11594,False
98771,NYSE-DDJH,11146,False
98786,NYSE-CARD,12790,False
98786,NYSE-CARD,12791,False
98786,NYSE-ZABA,11170,False
98786,NYSE-NGUP,11743,False
98820,NYSE-SIMP,11595,False
98820,NYSE-ETFA,11138,False
98820,NYSE-ZABA,11172,False
98820,NYSE-KTST,11304,False
98820,NYSE-INA,11690,False
98821,NYSE-ZABA,11173,False
98823,NYSE-ETFA3,11201,False
98823,NYSE-ETFA3,11199,False
98823,NYSE-ETFA3,11197,False
98823,NYSE-ETFA3,11195,False
98823,NYSE-ETFA3,11200,False
98823,NYSE-ETFA3,11194,False
98823,NYSE-ETFA3,11192,False
98823,NYSE-ETFA3,11198,False
98823,NYSE-ETFA3,11193,False
98823,NYSE-ETFA3,11196,False
98823,NYSE-ETFA,11135,False
98823,NYSE-ETFA,11133,False
98823,NYSE-ETFA,11131,False
98823,NYSE-ETFA,11130,False
98823,NYSE-ETFA,11128,False
98823,NYSE-ETFA,11134,False
98823,NYSE-ETFA,11132,False
98823,NYSE-CARD,12787,False
98823,NYSE-CARD,12785,False
98823,NYSE-CARD,12781,False
98823,NYSE-CARD,12779,False
98823,NYSE-CARD,12783,False
98823,NYSE-CARD,12788,False
98823,NYSE-CARD,12786,False
98823,NYSE-CARD,12782,False
98823,NYSE-CARD,12784,False
98823,NYSE-CARD,12780,False
98823,NYSE-DDJH,11144,False
98823,NYSE-DDJH,11142,False
98823,NYSE-DDJH,11143,False
98824,NYSE-INA,11686,False
98824,NYSE-INA,11685,False
98824,NYSE-INA,11684,False
98824,NYSE-INA,11682,False
98824,NYSE-INA,11680,False
98824,NYSE-INA,11683,False
98824,NYSE-INA,11687,False
98824,NYSE-INA,11681,False
98824,NYSE-INA,11688,False
98824,NYSE-JNAF,10979,False
98824,NYSE-JNAF,10978,False
98824,NYSE-JNAF,10976,False
98824,NYSE-JNAF,10974,False
98824,NYSE-JNAF,10971,False
98824,NYSE-JNAF,10977,False
98824,NYSE-JNAF,10973,False
98824,NYSE-JNAF,10972,False
98824,NYSE-JNAF,10970,False
98824,NYSE-JNAF,10975,False
98824,NYSE-JZRO,11113,False
98824,NYSE-JZRO,11710,False
98824,NYSE-JZRO,11708,False
98824,NYSE-JZRO,11706,False
98824,NYSE-JZRO,11704,False
98824,NYSE-JZRO,11702,False
98824,NYSE-JZRO,11707,False
98824,NYSE-JZRO,11703,False
98824,NYSE-JZRO,11705,False
98824,NYSE-JZRO,11709,False
98824,NYSE-JZRO,11711,False
98824,NYSE-KRAS,11134,False
98824,NYSE-KRAS,11132,False
98824,NYSE-KRAS,11138,False
98824,NYSE-KRAS,11136,False
98824,NYSE-KRAS,11133,False
98824,NYSE-KRAS,11141,False
98824,NYSE-KRAS,11139,False
98824,NYSE-KRAS,11137,False
98824,NYSE-KRAS,11140,False
98824,NYSE-KRAS,11135,False
98824,NYSE-KTST,11299,False
98824,NYSE-KTST,11297,False
98824,NYSE-KTST,11295,False
98824,NYSE-KTST,11294,False
98824,NYSE-KTST,11293,False
98824,NYSE-KTST,11301,False
98824,NYSE-KTST,11296,False
98824,NYSE-KTST,11298,False
98824,NYSE-KTST,11300,False
98824,NYSE-KTST,11292,False
98824,NYSE-MDKA,10921,False
98824,NYSE-MDKA,10920,False
98824,NYSE-MDKA,10917,False
98824,NYSE-MDKA,10916,False
98824,NYSE-MDKA,10914,False
98824,NYSE-MDKA,10919,False
98824,NYSE-MDKA,10912,False
98824,NYSE-MDKA,10913,False
98824,NYSE-MDKA,10915,False
98824,NYSE-MDKA,10918,False
98824,NYSE-NGUP,11742,False
98824,NYSE-NGUP,11740,False
98824,NYSE-NGUP,11738,False
98824,NYSE-NGUP,11736,False
98824,NYSE-NGUP,11734,False
98824,NYSE-NGUP,11733,False
98824,NYSE-NGUP,11737,False
98824,NYSE-NGUP,11735,False
98824,NYSE-NGUP,11739,False
98824,NYSE-NGUP,11741,False
98824,NYSE-SIMP,11592,False
98824,NYSE-SIMP,11585,False
98824,NYSE-SIMP,11586,False
98824,NYSE-SIMP,11584,False
98824,NYSE-SIMP,11590,False
98824,NYSE-SIMP,11589,False
98824,NYSE-SIMP,11587,False
98824,NYSE-SIMP,11588,False
98824,NYSE-SIMP,11593,False
98824,NYSE-SIMP,11591,False
98824,NYSE-XFR,10407,False
98824,NYSE-XFR,10411,False
98824,NYSE-XFR,10409,False
98824,NYSE-XFR,10945,False
98824,NYSE-XFR,10944,False
98824,NYSE-XFR,10943,False
98824,NYSE-XFR,10941,False
98824,NYSE-XFR,10939,False
98824,NYSE-XFR,10937,False
98824,NYSE-XFR,10936,False
98824,NYSE-XFR,10942,False
98824,NYSE-XFR,10938,False
98824,NYSE-XFR,10940,False
98824,NYSE-ZABA,11168,False
98824,NYSE-ZABA,11167,False
98824,NYSE-ZABA,11166,False
98824,NYSE-ZABA,11165,False
98824,NYSE-ZABA,11163,False
98824,NYSE-ZABA,11162,False
98824,NYSE-ZABA,11161,False
98824,NYSE-ZABA,11160,False
98824,NYSE-ZABA,11164,False
98824,NYSE-ZABA,11169,False
98837,NYSE-INA,11702,False
98838,NYSE-ZABA,11184,False
98838,NYSE-INA,11704,False
98838,NYSE-ETFA,11156,False
98838,NYSE-ETFA,11157,False
98838,NYSE-CARD,12802,False
98838,NYSE-INA,11706,False
98856,NYSE-ETFA,11159,False
98856,NYSE-ETFA,11160,False
98856,NYSE-CARD,12804,False
98856,NYSE-INA,11708,False
98921,NYSE-DDJH,11157,False
98923,NYSE-ETFA3,11212,False
98923,NYSE-ETFA3,11210,False
98923,NYSE-ETFA3,11208,False
98923,NYSE-ETFA3,11206,False
98923,NYSE-ETFA3,11205,False
98923,NYSE-ETFA3,11203,False
98923,NYSE-ETFA3,11211,False
98923,NYSE-ETFA3,11209,False
98923,NYSE-ETFA3,11207,False
98923,NYSE-ETFA3,11204,False
98923,NYSE-ETFA,11149,False
98923,NYSE-ETFA,11147,False
98923,NYSE-ETFA,11152,False
98923,NYSE-ETFA,11148,False
98923,NYSE-ETFA,11146,False
98923,NYSE-ETFA,11150,False
98923,NYSE-ETFA,11151,False
98923,NYSE-JZRO,11124,False
98923,NYSE-CARD,12795,False
98923,NYSE-CARD,12794,False
98923,NYSE-CARD,12801,False
98923,NYSE-CARD,12792,False
98923,NYSE-CARD,12799,False
98923,NYSE-CARD,12796,False
98923,NYSE-CARD,12797,False
98923,NYSE-CARD,12800,False
98923,NYSE-CARD,12798,False
98923,NYSE-DDJH,11155,False
98923,NYSE-DDJH,11153,False
98923,NYSE-INA,11700,False
98923,NYSE-INA,11698,False
98923,NYSE-INA,11696,False
98923,NYSE-INA,11699,False
98923,NYSE-INA,11695,False
98923,NYSE-INA,11697,False
98923,NYSE-INA,11693,False
98923,NYSE-INA,11701,False
98923,NYSE-JNAF,10989,False
98923,NYSE-JNAF,10985,False
98923,NYSE-JNAF,10988,False
98923,NYSE-JNAF,10986,False
98923,NYSE-JNAF,10984,False
98923,NYSE-JNAF,10982,False
98923,NYSE-JNAF,10990,False
98923,NYSE-JNAF,10987,False
98923,NYSE-JNAF,10983,False
98923,NYSE-JNAF,10981,False
98923,NYSE-JZRO,11721,False
98923,NYSE-JZRO,11719,False
98923,NYSE-JZRO,11722,False
98923,NYSE-JZRO,11720,False
98923,NYSE-KRAS,11146,False
98923,NYSE-KRAS,11144,False
98923,NYSE-KRAS,11152,False
98923,NYSE-KRAS,11151,False
98923,NYSE-KRAS,11150,False
98923,NYSE-KRAS,11148,False
98923,NYSE-KRAS,11147,False
98923,NYSE-KRAS,11145,False
98923,NYSE-KRAS,11143,False
98924,NYSE-KRAS,11149,False
98924,NYSE-KTST,11315,False
98924,NYSE-KTST,11314,False
98924,NYSE-KTST,11312,False
98924,NYSE-KTST,11311,False
98924,NYSE-KTST,11309,False
98924,NYSE-KTST,11308,False
98924,NYSE-KTST,11306,False
98924,NYSE-KTST,11310,False
98924,NYSE-KTST,11307,False
98924,NYSE-KTST,11313,False
98924,NYSE-MDKA,10933,False
98924,NYSE-MDKA,10932,False
98924,NYSE-MDKA,10931,False
98924,NYSE-MDKA,10929,False
98924,NYSE-MDKA,10927,False
98924,NYSE-MDKA,10925,False
98924,NYSE-MDKA,10924,False
98924,NYSE-MDKA,10926,False
98924,NYSE-MDKA,10928,False
98924,NYSE-MDKA,10930,False
98924,NYSE-NGUP,11752,False
98924,NYSE-NGUP,11748,False
98924,NYSE-NGUP,11746,False
98924,NYSE-NGUP,11744,False
98924,NYSE-NGUP,11745,False
98924,NYSE-NGUP,11753,False
98924,NYSE-NGUP,11747,False
98924,NYSE-NGUP,11749,False
98924,NYSE-NGUP,11751,False
98924,NYSE-NGUP,11750,False
98924,NYSE-SIMP,11602,False
98924,NYSE-SIMP,11600,False
98924,NYSE-SIMP,11598,False
98924,NYSE-SIMP,11597,False
98924,NYSE-SIMP,11599,False
98924,NYSE-SIMP,11601,False
98924,NYSE-SIMP,11605,False
98924,NYSE-SIMP,11603,False
98924,NYSE-SIMP,11606,False
98924,NYSE-SIMP,11604,False
98924,NYSE-XFR,10416,False
98924,NYSE-XFR,10418,False
98924,NYSE-XFR,10420,False
98924,NYSE-XFR,10422,False
98924,NYSE-XFR,10956,False
98924,NYSE-XFR,10955,False
98924,NYSE-XFR,10954,False
98924,NYSE-XFR,10953,False
98924,NYSE-XFR,10952,False
98924,NYSE-XFR,10951,False
98924,NYSE-XFR,10950,False
98924,NYSE-XFR,10948,False
98924,NYSE-XFR,10947,False
98924,NYSE-XFR,10949,False
98924,NYSE-ZABA,11183,False
98924,NYSE-ZABA,11180,False
98924,NYSE-ZABA,11179,False
98924,NYSE-ZABA,11178,False
98924,NYSE-ZABA,11177,False
98924,NYSE-ZABA,11175,False
98924,NYSE-ZABA,11176,False
98924,NYSE-ZABA,11182,False
98924,NYSE-ZABA,11181,False
98951,NYSE-CARD,12816,False
99023,NYSE-ETFA3,11221,False
99023,NYSE-ETFA3,11217,False
99023,NYSE-ETFA3,11216,False
99023,NYSE-ETFA3,11214,False
99023,NYSE-ETFA3,11219,False
99023,NYSE-ETFA3,11222,False
99023,NYSE-ETFA3,11220,False
99023,NYSE-ETFA3,11218,False
99023,NYSE-ETFA3,11215,False
99023,NYSE-ETFA3,11213,False
99023,NYSE-ETFA,11171,False
99023,NYSE-ETFA,11167,False
99023,NYSE-ETFA,11165,False
99023,NYSE-ETFA,11163,False
99023,NYSE-ETFA,11170,False
99023,NYSE-ETFA,11168,False
99023,NYSE-ETFA,11164,False
99023,NYSE-ETFA,11162,False
99023,NYSE-ETFA,11166,False
99023,NYSE-ETFA,11169,False
99023,NYSE-CARD,12815,False
99023,NYSE-CARD,12813,False
99023,NYSE-CARD,12811,False
99023,NYSE-CARD,12809,False
99023,NYSE-CARD,12807,False
99023,NYSE-CARD,12808,False
99023,NYSE-CARD,12812,False
99023,NYSE-CARD,12806,False
99023,NYSE-CARD,12810,False
99023,NYSE-CARD,12814,False
99023,NYSE-DDJH,11167,False
99023,NYSE-DDJH,11166,False
99023,NYSE-DDJH,11165,False
99023,NYSE-DDJH,11163,False
99023,NYSE-DDJH,11164,False
99024,NYSE-INA,11712,False
99024,NYSE-INA,11710,False
99024,NYSE-INA,11718,False
99024,NYSE-INA,11717,False
99024,NYSE-INA,11714,False
99024,NYSE-INA,11715,False
99024,NYSE-INA,11713,False
99024,NYSE-INA,11709,False
99024,NYSE-INA,11711,False
99024,NYSE-INA,11716,False
99024,NYSE-JNAF,11000,False
99024,NYSE-JNAF,10997,False
99024,NYSE-JNAF,10995,False
99024,NYSE-JNAF,10993,False
99024,NYSE-JNAF,10991,False
99024,NYSE-JNAF,10999,False
99024,NYSE-JNAF,10998,False
99024,NYSE-JNAF,10996,False
99024,NYSE-JNAF,10994,False
99024,NYSE-JNAF,10992,False
99024,NYSE-JZRO,11135,False
99024,NYSE-JZRO,11732,False
99024,NYSE-JZRO,11729,False
99024,NYSE-JZRO,11733,False
99024,NYSE-JZRO,11731,False
99024,NYSE-JZRO,11730,False
99024,NYSE-KRAS,11155,False
99024,NYSE-KRAS,11162,False
99024,NYSE-KRAS,11161,False
99024,NYSE-KRAS,11160,False
99024,NYSE-KRAS,11156,False
99024,NYSE-KRAS,11154,False
99024,NYSE-KRAS,11159,False
99024,NYSE-KRAS,11153,False
99024,NYSE-KRAS,11157,False
99024,NYSE-KRAS,11158,False
99024,NYSE-KTST,11323,False
99024,NYSE-KTST,11321,False
99024,NYSE-KTST,11320,False
99024,NYSE-KTST,11318,False
99024,NYSE-KTST,11317,False
99024,NYSE-KTST,11316,False
99024,NYSE-KTST,11325,False
99024,NYSE-KTST,11319,False
99024,NYSE-KTST,11324,False
99024,NYSE-KTST,11322,False
99024,NYSE-MDKA,10943,False
99024,NYSE-MDKA,10941,False
99024,NYSE-MDKA,10939,False
99024,NYSE-MDKA,10937,False
99024,NYSE-MDKA,10936,False
99024,NYSE-MDKA,10935,False
99024,NYSE-MDKA,10934,False
99024,NYSE-MDKA,10942,False
99024,NYSE-MDKA,10938,False
99024,NYSE-MDKA,10940,False
99024,NYSE-NGUP,11760,False
99024,NYSE-NGUP,11758,False
99024,NYSE-NGUP,11754,False
99024,NYSE-NGUP,11762,False
99024,NYSE-NGUP,11756,False
99024,NYSE-NGUP,11755,False
99024,NYSE-NGUP,11757,False
99024,NYSE-NGUP,11759,False
99024,NYSE-NGUP,11761,False
99024,NYSE-NGUP,11763,False
99024,NYSE-SIMP,11615,False
99024,NYSE-SIMP,11613,False
99024,NYSE-SIMP,11611,False
99024,NYSE-SIMP,11609,False
99024,NYSE-SIMP,11610,False
99024,NYSE-SIMP,11608,False
99024,NYSE-SIMP,11612,False
99024,NYSE-SIMP,11607,False
99024,NYSE-SIMP,11614,False
99024,NYSE-SIMP,11616,False
99024,NYSE-XFR,10966,False
99024,NYSE-XFR,10964,False
99024,NYSE-XFR,10963,False
99024,NYSE-XFR,10962,False
99024,NYSE-XFR,10960,False
99024,NYSE-XFR,10959,False
99024,NYSE-XFR,10957,False
99024,NYSE-XFR,10961,False
99024,NYSE-XFR,10958,False
99024,NYSE-XFR,10965,False
99024,NYSE-ZABA,10642,False
99024,NYSE-ZABA,11193,False
99024,NYSE-ZABA,11191,False
99024,NYSE-ZABA,11190,False
99024,NYSE-ZABA,11189,False
99024,NYSE-ZABA,11188,False
99024,NYSE-ZABA,11187,False
99024,NYSE-ZABA,11194,False
99024,NYSE-ZABA,11192,False
99024,NYSE-ZABA,11186,False
99024,NYSE-ZABA,11195,False
99073,NYSE-XFR,10977,False
99110,NYSE-KTST,11302,False
99110,NYSE-ETFA,11136,False
99110,NYSE-JZRO,11712,False
99110,NYSE-ETFA3,11202,False
99110,NYSE-XFR,10946,False
99123,NYSE-ETFA3,11232,False
99123,NYSE-ETFA3,11228,False
99123,NYSE-ETFA3,11227,False
99123,NYSE-ETFA3,11225,False
99123,NYSE-ETFA3,11223,False
99123,NYSE-ETFA3,11231,False
99123,NYSE-ETFA3,11226,False
99123,NYSE-ETFA3,11224,False
99123,NYSE-ETFA3,11230,False
99123,NYSE-ETFA3,11229,False
99123,NYSE-ETFA,11181,False
99123,NYSE-ETFA,11179,False
99123,NYSE-ETFA,11177,False
99123,NYSE-ETFA,11175,False
99123,NYSE-ETFA,11174,False
99123,NYSE-ETFA,11180,False
99123,NYSE-ETFA,11178,False
99123,NYSE-ETFA,11173,False
99123,NYSE-ETFA,11172,False
99123,NYSE-ETFA,11176,False
99123,NYSE-CARD,12817,False
99123,NYSE-CARD,12821,False
99123,NYSE-CARD,12819,False
99123,NYSE-CARD,12826,False
99123,NYSE-CARD,12823,False
99123,NYSE-CARD,12824,False
99124,NYSE-CARD,12822,False
99124,NYSE-CARD,12818,False
99124,NYSE-CARD,12820,False
99124,NYSE-CARD,12825,False
99124,NYSE-DDJH,11177,False
99124,NYSE-DDJH,11175,False
99124,NYSE-DDJH,11173,False
99124,NYSE-DDJH,11174,False
99124,NYSE-DDJH,11176,False
99124,NYSE-INA,11721,False
99124,NYSE-INA,11719,False
99124,NYSE-INA,11727,False
99124,NYSE-INA,11725,False
99124,NYSE-INA,11723,False
99124,NYSE-INA,11728,False
99124,NYSE-INA,11726,False
99124,NYSE-INA,11724,False
99124,NYSE-INA,11722,False
99124,NYSE-INA,11720,False
99124,NYSE-JNAF,11010,False
99124,NYSE-JNAF,11008,False
99124,NYSE-JNAF,11006,False
99124,NYSE-JNAF,11004,False
99124,NYSE-JNAF,11002,False
99124,NYSE-JNAF,11009,False
99124,NYSE-JNAF,11007,False
99124,NYSE-JNAF,11005,False
99124,NYSE-JNAF,11003,False
99124,NYSE-JNAF,11001,False
99124,NYSE-JZRO,11147,False
99124,NYSE-JZRO,11742,False
99124,NYSE-JZRO,11740,False
99124,NYSE-JZRO,11743,False
99124,NYSE-JZRO,11741,False
99124,NYSE-KRAS,11167,False
99124,NYSE-KRAS,11166,False
99124,NYSE-KRAS,11165,False
99124,NYSE-KRAS,11163,False
99124,NYSE-KRAS,11172,False
99124,NYSE-KRAS,11171,False
99124,NYSE-KRAS,11170,False
99124,NYSE-KRAS,11168,False
99124,NYSE-KRAS,11164,False
99124,NYSE-KRAS,11169,False
99124,NYSE-KTST,11331,False
99124,NYSE-KTST,11330,False
99124,NYSE-KTST,11329,False
99124,NYSE-KTST,11328,False
99124,NYSE-KTST,11327,False
99124,NYSE-KTST,11326,False
99124,NYSE-KTST,11334,False
99124,NYSE-KTST,11332,False
99124,NYSE-KTST,11333,False
99124,NYSE-KTST,11335,False
99124,NYSE-MDKA,10953,False
99124,NYSE-MDKA,10952,False
99124,NYSE-MDKA,10951,False
99124,NYSE-MDKA,10950,False
99124,NYSE-MDKA,10948,False
99124,NYSE-MDKA,10947,False
99124,NYSE-MDKA,10946,False
99124,NYSE-MDKA,10945,False
99124,NYSE-MDKA,10944,False
99124,NYSE-MDKA,10949,False
99124,NYSE-NGUP,11774,False
99124,NYSE-NGUP,11772,False
99124,NYSE-NGUP,11771,False
99124,NYSE-NGUP,11770,False
99124,NYSE-NGUP,11769,False
99124,NYSE-NGUP,11766,False
99124,NYSE-NGUP,11768,False
99124,NYSE-NGUP,11765,False
99124,NYSE-NGUP,11767,False
99124,NYSE-NGUP,11773,False
99124,NYSE-SIMP,11627,False
99124,NYSE-SIMP,11626,False
99124,NYSE-SIMP,11623,False
99124,NYSE-SIMP,11621,False
99124,NYSE-SIMP,11619,False
99124,NYSE-SIMP,11624,False
99124,NYSE-SIMP,11625,False
99124,NYSE-SIMP,11620,False
99124,NYSE-SIMP,11618,False
99124,NYSE-SIMP,11622,False
99124,NYSE-XFR,10976,False
99124,NYSE-XFR,10974,False
99124,NYSE-XFR,10973,False
99124,NYSE-XFR,10972,False
99124,NYSE-XFR,10971,False
99124,NYSE-XFR,10970,False
99124,NYSE-XFR,10969,False
99124,NYSE-XFR,10968,False
99124,NYSE-XFR,10967,False
99124,NYSE-XFR,10975,False
99124,NYSE-ZABA,10650,False
99124,NYSE-ZABA,10652,False
99124,NYSE-ZABA,10654,False
99124,NYSE-ZABA,11205,False
99124,NYSE-ZABA,11203,False
99124,NYSE-ZABA,11201,False
99124,NYSE-ZABA,11200,False
99124,NYSE-ZABA,11198,False
99124,NYSE-ZABA,11204,False
99124,NYSE-ZABA,11206,False
99124,NYSE-ZABA,11199,False
99124,NYSE-ZABA,11202,False
99124,NYSE-ZABA,11197,False
99126,NYSE-KRAS,11185,False
99159,NYSE-NGUP,11785,False
99159,NYSE-JZRO,11754,False
99159,NYSE-KTST,11347,False
99223,NYSE-ETFA3,11241,False
99223,NYSE-ETFA3,11239,False
99223,NYSE-ETFA3,11236,False
99223,NYSE-ETFA3,11234,False
99223,NYSE-ETFA3,11242,False
99223,NYSE-ETFA3,11240,False
99223,NYSE-ETFA3,11238,False
99223,NYSE-ETFA3,11237,False
99223,NYSE-ETFA3,11235,False
99223,NYSE-ETFA3,11233,False
99223,NYSE-ETFA,11191,False
99223,NYSE-ETFA,11189,False
99223,NYSE-ETFA,11185,False
99223,NYSE-ETFA,11183,False
99223,NYSE-ETFA,11190,False
99223,NYSE-ETFA,11188,False
99223,NYSE-ETFA,11186,False
99223,NYSE-ETFA,11184,False
99223,NYSE-ETFA,11182,False
99223,NYSE-ETFA,11187,False
99223,NYSE-CARD,12830,False
99223,NYSE-CARD,12828,False
99223,NYSE-CARD,12836,False
99223,NYSE-CARD,12834,False
99223,NYSE-CARD,12832,False
99223,NYSE-CARD,12837,False
99223,NYSE-CARD,12835,False
99223,NYSE-CARD,12833,False
99223,NYSE-CARD,12831,False
99223,NYSE-CARD,12829,False
99223,NYSE-DDJH,11188,False
99223,NYSE-DDJH,11186,False
99223,NYSE-INA,11155,False
99223,NYSE-INA,11151,False
99223,NYSE-INA,11153,False
99223,NYSE-INA,11732,False
99223,NYSE-INA,11738,False
99223,NYSE-INA,11736,False
99223,NYSE-INA,11734,False
99223,NYSE-INA,11733,False
99223,NYSE-INA,11737,False
99223,NYSE-INA,11735,False
99223,NYSE-INA,11739,False
99223,NYSE-INA,11731,False
99223,NYSE-INA,11730,False
99223,NYSE-JNAF,11019,False
99223,NYSE-JNAF,11015,False
99223,NYSE-JNAF,11013,False
99223,NYSE-JNAF,11020,False
99223,NYSE-JNAF,11014,False
99223,NYSE-JNAF,11012,False
99223,NYSE-JNAF,11016,False
99223,NYSE-JNAF,11018,False
99223,NYSE-JNAF,11017,False
99223,NYSE-JZRO,11744,False
99223,NYSE-KRAS,11178,False
99223,NYSE-KRAS,11177,False
99223,NYSE-KRAS,11184,False
99223,NYSE-KRAS,11183,False
99223,NYSE-KRAS,11180,False
99223,NYSE-KRAS,11179,False
99224,NYSE-KRAS,11176,False
99224,NYSE-KRAS,11182,False
99224,NYSE-KRAS,11181,False
99224,NYSE-KTST,11346,False
99224,NYSE-KTST,11345,False
99224,NYSE-KTST,11343,False
99224,NYSE-KTST,11342,False
99224,NYSE-KTST,11341,False
99224,NYSE-KTST,11340,False
99224,NYSE-KTST,11339,False
99224,NYSE-KTST,11338,False
99224,NYSE-KTST,11337,False
99224,NYSE-KTST,11344,False
99224,NYSE-MDKA,10964,False
99224,NYSE-MDKA,10963,False
99224,NYSE-MDKA,10962,False
99224,NYSE-MDKA,10960,False
99224,NYSE-MDKA,10959,False
99224,NYSE-MDKA,10957,False
99224,NYSE-MDKA,10956,False
99224,NYSE-MDKA,10955,False
99224,NYSE-MDKA,10961,False
99224,NYSE-MDKA,10958,False
99224,NYSE-NGUP,11783,False
99224,NYSE-NGUP,11782,False
99224,NYSE-NGUP,11784,False
99224,NYSE-NGUP,11779,False
99224,NYSE-NGUP,11781,False
99224,NYSE-NGUP,11778,False
99224,NYSE-NGUP,11780,False
99224,NYSE-SIMP,11637,False
99224,NYSE-SIMP,11632,False
99224,NYSE-SIMP,11631,False
99224,NYSE-SIMP,11630,False
99224,NYSE-SIMP,11629,False
99224,NYSE-SIMP,11628,False
99224,NYSE-SIMP,11635,False
99224,NYSE-SIMP,11636,False
99224,NYSE-SIMP,11633,False
99224,NYSE-SIMP,11634,False
99224,NYSE-XFR,10450,False
99224,NYSE-XFR,10452,False
99224,NYSE-XFR,10454,False
99224,NYSE-XFR,10987,False
99224,NYSE-ZABA,11216,False
99224,NYSE-ZABA,11214,False
99224,NYSE-ZABA,11212,False
99224,NYSE-ZABA,11210,False
99224,NYSE-ZABA,11213,False
99224,NYSE-ZABA,11211,False
99224,NYSE-ZABA,11215,False
99224,NYSE-ZABA,11217,False
99319,NYSE-DDJH,11211,False
99323,NYSE-ETFA3,11262,False
99323,NYSE-ETFA3,11260,False
99323,NYSE-ETFA3,11259,False
99323,NYSE-ETFA3,11257,False
99323,NYSE-ETFA3,11255,False
99323,NYSE-ETFA3,11253,False
99323,NYSE-ETFA3,11261,False
99323,NYSE-ETFA3,11258,False
99323,NYSE-ETFA3,11256,False
99323,NYSE-ETFA3,11254,False
99323,NYSE-ETFA,11212,False
99323,NYSE-ETFA,11210,False
99323,NYSE-ETFA,11208,False
99323,NYSE-ETFA,11206,False
99323,NYSE-ETFA,11205,False
99323,NYSE-ETFA,11213,False
99323,NYSE-ETFA,11211,False
99323,NYSE-ETFA,11209,False
99323,NYSE-ETFA,11207,False
99323,NYSE-ETFA,11204,False
99323,NYSE-CARD,12851,False
99323,NYSE-CARD,12857,False
99323,NYSE-CARD,12855,False
99323,NYSE-CARD,12853,False
99323,NYSE-CARD,12854,False
99324,NYSE-CARD,12856,False
99324,NYSE-CARD,12852,False
99324,NYSE-CARD,12850,False
99324,NYSE-CARD,12858,False
99324,NYSE-CARD,12859,False
99324,NYSE-DDJH,11209,False
99324,NYSE-DDJH,11207,False
99324,NYSE-INA,11754,False
99324,NYSE-INA,11752,False
99324,NYSE-INA,11748,False
99324,NYSE-INA,11746,False
99324,NYSE-INA,11745,False
99324,NYSE-INA,11753,False
99324,NYSE-INA,11747,False
99324,NYSE-INA,11749,False
99324,NYSE-INA,11751,False
99324,NYSE-INA,11750,False
99324,NYSE-JNAF,11043,False
99324,NYSE-JNAF,11041,False
99324,NYSE-JNAF,11037,False
99324,NYSE-JNAF,11035,False
99324,NYSE-JNAF,11042,False
99324,NYSE-JNAF,11038,False
99324,NYSE-JNAF,11040,False
99324,NYSE-JNAF,11039,False
99324,NYSE-JNAF,11036,False
99324,NYSE-JZRO,11771,False
99324,NYSE-JZRO,11769,False
99324,NYSE-JZRO,11775,False
99324,NYSE-JZRO,11777,False
99324,NYSE-JZRO,11773,False
99324,NYSE-KRAS,11198,False
99324,NYSE-KRAS,11205,False
99324,NYSE-KRAS,11203,False
99324,NYSE-KRAS,11201,False
99324,NYSE-KRAS,11200,False
99324,NYSE-KRAS,11204,False
99324,NYSE-KRAS,11206,False
99324,NYSE-KRAS,11199,False
99324,NYSE-KRAS,11202,False
99324,NYSE-KRAS,11197,False
99324,NYSE-KTST,11363,False
99324,NYSE-KTST,11362,False
99324,NYSE-KTST,11360,False
99324,NYSE-KTST,11357,False
99324,NYSE-KTST,11355,False
99324,NYSE-KTST,11354,False
99324,NYSE-KTST,11361,False
99324,NYSE-KTST,11359,False
99324,NYSE-KTST,11358,False
99324,NYSE-KTST,11356,False
99324,NYSE-MDKA,10977,False
99324,NYSE-MDKA,10986,False
99324,NYSE-MDKA,10985,False
99324,NYSE-MDKA,10984,False
99324,NYSE-MDKA,10982,False
99324,NYSE-MDKA,10979,False
99324,NYSE-MDKA,10978,False
99324,NYSE-MDKA,10983,False
99324,NYSE-MDKA,10980,False
99324,NYSE-MDKA,10981,False
99324,NYSE-NGUP,11804,False
99324,NYSE-NGUP,11801,False
99324,NYSE-NGUP,11799,False
99324,NYSE-NGUP,11797,False
99324,NYSE-NGUP,11796,False
99324,NYSE-NGUP,11803,False
99324,NYSE-NGUP,11798,False
99324,NYSE-NGUP,11795,False
99324,NYSE-NGUP,11800,False
99324,NYSE-NGUP,11802,False
99324,NYSE-SIMP,11658,False
99324,NYSE-SIMP,11657,False
99324,NYSE-SIMP,11656,False
99324,NYSE-SIMP,11652,False
99324,NYSE-SIMP,11651,False
99324,NYSE-SIMP,11650,False
99324,NYSE-SIMP,11649,False
99324,NYSE-SIMP,11654,False
99324,NYSE-SIMP,11653,False
99324,NYSE-SIMP,11655,False
99324,NYSE-XFR,11005,False
99324,NYSE-XFR,11004,False
99324,NYSE-XFR,11003,False
99324,NYSE-XFR,11002,False
99324,NYSE-XFR,11000,False
99324,NYSE-XFR,10999,False
99324,NYSE-XFR,10998,False
99324,NYSE-XFR,10997,False
99325,NYSE-XFR,11001,False
99325,NYSE-ZABA,11231,False
99325,NYSE-ZABA,11228,False
99325,NYSE-ZABA,11225,False
99325,NYSE-ZABA,11223,False
99325,NYSE-ZABA,11227,False
99325,NYSE-ZABA,11232,False
99325,NYSE-ZABA,11230,False
99325,NYSE-ZABA,11229,False
99325,NYSE-ZABA,11226,False
99382,NYSE-JNAF,11056,False
99396,NYSE-JZRO,11791,False
99396,NYSE-KTST,11375,False
99396,NYSE-ZABA,11243,False
99423,NYSE-ETFA3,11272,False
99423,NYSE-ETFA3,11271,False
99423,NYSE-ETFA3,11270,False
99423,NYSE-ETFA3,11268,False
99423,NYSE-ETFA3,11266,False
99423,NYSE-ETFA3,11264,False
99423,NYSE-ETFA3,11269,False
99423,NYSE-ETFA3,11267,False
99423,NYSE-ETFA3,11265,False
99423,NYSE-ETFA3,11263,False
99423,NYSE-ETFA,11223,False
99423,NYSE-ETFA,11221,False
99423,NYSE-ETFA,11217,False
99423,NYSE-ETFA,11216,False
99423,NYSE-ETFA,11214,False
99423,NYSE-ETFA,11219,False
99423,NYSE-ETFA,11222,False
99423,NYSE-ETFA,11220,False
99423,NYSE-ETFA,11218,False
99423,NYSE-ETFA,11215,False
99424,NYSE-CARD,12869,False
99424,NYSE-CARD,12867,False
99424,NYSE-CARD,12863,False
99424,NYSE-CARD,12861,False
99424,NYSE-CARD,12865,False
99424,NYSE-CARD,12864,False
99424,NYSE-CARD,12862,False
99424,NYSE-CARD,12860,False
99424,NYSE-CARD,12866,False
99424,NYSE-CARD,12868,False
99424,NYSE-DDJH,11221,False
99424,NYSE-DDJH,11219,False
99424,NYSE-INA,11177,False
99424,NYSE-INA,11764,False
99424,NYSE-INA,11760,False
99424,NYSE-INA,11758,False
99424,NYSE-INA,11762,False
99424,NYSE-INA,11756,False
99424,NYSE-INA,11757,False
99424,NYSE-INA,11759,False
99424,NYSE-INA,11761,False
99424,NYSE-INA,11763,False
99424,NYSE-INA,11765,False
99424,NYSE-JNAF,11054,False
99424,NYSE-JNAF,11048,False
99424,NYSE-JNAF,11046,False
99424,NYSE-JNAF,11045,False
99424,NYSE-JNAF,11053,False
99424,NYSE-JNAF,11051,False
99424,NYSE-JNAF,11049,False
99424,NYSE-JNAF,11047,False
99424,NYSE-JNAF,11052,False
99424,NYSE-JNAF,11050,False
99425,NYSE-JZRO,11788,False
99425,NYSE-JZRO,11786,False
99425,NYSE-JZRO,11784,False
99425,NYSE-JZRO,11782,False
99425,NYSE-JZRO,11780,False
99425,NYSE-KRAS,11216,False
99425,NYSE-KRAS,11214,False
99425,NYSE-KRAS,11212,False
99425,NYSE-KRAS,11210,False
99425,NYSE-KRAS,11213,False
99425,NYSE-KRAS,11211,False
99425,NYSE-KRAS,11209,False
99425,NYSE-KRAS,11215,False
99425,NYSE-KRAS,11217,False
99425,NYSE-KTST,11372,False
99425,NYSE-KTST,11371,False
99425,NYSE-KTST,11367,False
99425,NYSE-KTST,11365,False
99425,NYSE-KTST,11364,False
99425,NYSE-KTST,11369,False
99425,NYSE-KTST,11373,False
99425,NYSE-KTST,11366,False
99425,NYSE-KTST,11368,False
99425,NYSE-KTST,11370,False
99425,NYSE-MDKA,10995,False
99425,NYSE-MDKA,10994,False
99425,NYSE-MDKA,10993,False
99425,NYSE-MDKA,10992,False
99425,NYSE-MDKA,10991,False
99425,NYSE-MDKA,10990,False
99425,NYSE-MDKA,10989,False
99425,NYSE-MDKA,10988,False
99425,NYSE-MDKA,10996,False
99425,NYSE-MDKA,10987,False
99425,NYSE-NGUP,11814,False
99425,NYSE-NGUP,11812,False
99425,NYSE-NGUP,11809,False
99425,NYSE-NGUP,11807,False
99425,NYSE-NGUP,11806,False
99425,NYSE-NGUP,11810,False
99425,NYSE-NGUP,11805,False
99425,NYSE-NGUP,11808,False
99425,NYSE-NGUP,11811,False
99425,NYSE-NGUP,11813,False
99425,NYSE-SIMP,11668,False
99425,NYSE-SIMP,11666,False
99425,NYSE-SIMP,11664,False
99425,NYSE-SIMP,11663,False
99425,NYSE-SIMP,11662,False
99425,NYSE-SIMP,11661,False
99425,NYSE-SIMP,11660,False
99425,NYSE-SIMP,11665,False
99425,NYSE-SIMP,11669,False
99425,NYSE-SIMP,11667,False
99425,NYSE-XFR,11015,False
99425,NYSE-XFR,11014,False
99425,NYSE-XFR,11013,False
99425,NYSE-XFR,11012,False
99425,NYSE-XFR,11010,False
99425,NYSE-XFR,11009,False
99425,NYSE-XFR,11008,False
99425,NYSE-XFR,11011,False
99425,NYSE-ZABA,11242,False
99425,NYSE-ZABA,11240,False
99425,NYSE-ZABA,11236,False
99425,NYSE-ZABA,11234,False
99425,NYSE-ZABA,11238,False
99425,NYSE-ZABA,11233,False
99425,NYSE-ZABA,11237,False
99425,NYSE-ZABA,11235,False
99425,NYSE-ZABA,11239,False
99425,NYSE-ZABA,11241,False
99443,NYSE-KRAS,11232,False
99443,NYSE-KTST,11386,False
99443,NYSE-NGUP,11826,False
99443,NYSE-JZRO,11802,False
99481,NYSE-ETFA,11236,False
99481,NYSE-ETFA,11237,False
99481,NYSE-CARD,12881,False
99481,NYSE-INA,11776,False
99523,NYSE-ETFA3,11284,False
99523,NYSE-ETFA3,11283,False
99523,NYSE-ETFA3,11281,False
99523,NYSE-ETFA3,11279,False
99523,NYSE-ETFA3,11277,False
99523,NYSE-ETFA3,11285,False
99523,NYSE-ETFA3,11282,False
99523,NYSE-ETFA3,11280,False
99523,NYSE-ETFA3,11278,False
99523,NYSE-ETFA3,11276,False
99523,NYSE-ETFA,11234,False
99523,NYSE-ETFA,11232,False
99523,NYSE-ETFA,11228,False
99523,NYSE-ETFA,11227,False
99523,NYSE-ETFA,11235,False
99523,NYSE-ETFA,11233,False
99523,NYSE-ETFA,11231,False
99523,NYSE-ETFA,11226,False
99523,NYSE-ETFA,11230,False
99523,NYSE-ETFA,11229,False
99523,NYSE-CARD,12878,False
99523,NYSE-CARD,12875,False
99523,NYSE-CARD,12873,False
99523,NYSE-CARD,12879,False
99523,NYSE-CARD,12877,False
99523,NYSE-CARD,12870,False
99523,NYSE-CARD,12872,False
99523,NYSE-CARD,12874,False
99523,NYSE-CARD,12876,False
99523,NYSE-DDJH,11232,False
99523,NYSE-INA,11771,False
99523,NYSE-INA,11769,False
99523,NYSE-INA,11766,False
99523,NYSE-INA,11774,False
99523,NYSE-INA,11772,False
99523,NYSE-INA,11770,False
99523,NYSE-INA,11768,False
99523,NYSE-INA,11775,False
99523,NYSE-INA,11767,False
99523,NYSE-INA,11773,False
99523,NYSE-JNAF,11066,False
99523,NYSE-JNAF,11064,False
99523,NYSE-JNAF,11062,False
99523,NYSE-JNAF,11060,False
99523,NYSE-JNAF,11063,False
99523,NYSE-JNAF,11061,False
99523,NYSE-JNAF,11059,False
99523,NYSE-JNAF,11058,False
99523,NYSE-JNAF,11065,False
99523,NYSE-JNAF,11057,False
99523,NYSE-JZRO,11801,False
99523,NYSE-JZRO,11799,False
99523,NYSE-JZRO,11797,False
99523,NYSE-JZRO,11793,False
99523,NYSE-JZRO,11795,False
99524,NYSE-KRAS,11231,False
99524,NYSE-KRAS,11228,False
99524,NYSE-KRAS,11225,False
99524,NYSE-KRAS,11223,False
99524,NYSE-KRAS,11227,False
99524,NYSE-KRAS,11230,False
99524,NYSE-KRAS,11229,False
99524,NYSE-KRAS,11224,False
99524,NYSE-KRAS,11226,False
99524,NYSE-KRAS,11222,False
99524,NYSE-KTST,11385,False
99524,NYSE-KTST,11384,False
99524,NYSE-KTST,11383,False
99524,NYSE-KTST,11382,False
99524,NYSE-KTST,11381,False
99524,NYSE-KTST,11380,False
99524,NYSE-KTST,11379,False
99524,NYSE-KTST,11377,False
99524,NYSE-KTST,11378,False
99524,NYSE-KTST,11376,False
99524,NYSE-MDKA,11005,False
99524,NYSE-MDKA,11004,False
99524,NYSE-MDKA,11003,False
99524,NYSE-MDKA,11002,False
99524,NYSE-MDKA,11000,False
99524,NYSE-MDKA,10999,False
99524,NYSE-MDKA,10998,False
99524,NYSE-MDKA,11007,False
99524,NYSE-MDKA,11006,False
99524,NYSE-MDKA,11001,False
99524,NYSE-NGUP,11825,False
99524,NYSE-NGUP,11822,False
99524,NYSE-NGUP,11820,False
99524,NYSE-NGUP,11818,False
99524,NYSE-NGUP,11817,False
99524,NYSE-NGUP,11821,False
99524,NYSE-NGUP,11816,False
99524,NYSE-NGUP,11819,False
99524,NYSE-NGUP,11823,False
99524,NYSE-NGUP,11824,False
99524,NYSE-SIMP,11678,False
99524,NYSE-SIMP,11676,False
99524,NYSE-SIMP,11672,False
99524,NYSE-SIMP,11670,False
99524,NYSE-SIMP,11674,False
99524,NYSE-SIMP,11679,False
99524,NYSE-SIMP,11677,False
99524,NYSE-SIMP,11673,False
99524,NYSE-SIMP,11675,False
99524,NYSE-SIMP,11671,False
99524,NYSE-XFR,11019,False
99524,NYSE-XFR,11027,False
99524,NYSE-XFR,11021,False
99524,NYSE-XFR,11025,False
99524,NYSE-XFR,11023,False
99524,NYSE-ZABA,11253,False
99524,NYSE-ZABA,11252,False
99524,NYSE-ZABA,11251,False
99524,NYSE-ZABA,11249,False
99524,NYSE-ZABA,11245,False
99524,NYSE-ZABA,11250,False
99524,NYSE-ZABA,11247,False
99524,NYSE-ZABA,11248,False
99524,NYSE-ZABA,11246,False
99610,NYSE-ZABA,10695,False
99610,NYSE-XFR,10485,False
99623,NYSE-ETFA3,11296,False
99623,NYSE-ETFA3,11295,False
99623,NYSE-ETFA3,11294,False
99623,NYSE-ETFA3,11292,False
99623,NYSE-ETFA3,11290,False
99623,NYSE-ETFA3,11288,False
99623,NYSE-ETFA3,11287,False
99623,NYSE-ETFA3,11293,False
99623,NYSE-ETFA3,11291,False
99623,NYSE-ETFA3,11289,False
99623,NYSE-ETFA,11247,False
99623,NYSE-ETFA,11245,False
99623,NYSE-ETFA,11243,False
99623,NYSE-ETFA,11241,False
99623,NYSE-ETFA,11239,False
99623,NYSE-ETFA,11248,False
99623,NYSE-ETFA,11246,False
99623,NYSE-ETFA,11244,False
99623,NYSE-ETFA,11242,False
99623,NYSE-ETFA,11240,False
99623,NYSE-CARD,12891,False
99623,NYSE-CARD,12883,False
99623,NYSE-CARD,12884,False
99623,NYSE-CARD,12886,False
99623,NYSE-CARD,12888,False
99623,NYSE-CARD,12890,False
99623,NYSE-CARD,12882,False
99623,NYSE-CARD,12885,False
99623,NYSE-CARD,12887,False
99623,NYSE-CARD,12889,False
99624,NYSE-INA,11788,False
99624,NYSE-INA,11786,False
99624,NYSE-INA,11784,False
99624,NYSE-INA,11782,False
99624,NYSE-INA,11787,False
99624,NYSE-INA,11783,False
99624,NYSE-INA,11785,False
99624,NYSE-INA,11779,False
99624,NYSE-INA,11781,False
99624,NYSE-INA,11780,False
99624,NYSE-JNAF,11075,False
99624,NYSE-JNAF,11074,False
99624,NYSE-JNAF,11072,False
99624,NYSE-JNAF,11070,False
99624,NYSE-JNAF,11069,False
99624,NYSE-JNAF,11067,False
99624,NYSE-JNAF,11068,False
99624,NYSE-JNAF,11073,False
99624,NYSE-JNAF,11071,False
99624,NYSE-JNAF,11076,False
99624,NYSE-JZRO,11207,False
99624,NYSE-JZRO,11209,False
99624,NYSE-JZRO,11812,False
99624,NYSE-JZRO,11809,False
99624,NYSE-JZRO,11807,False
99624,NYSE-JZRO,11806,False
99624,NYSE-JZRO,11804,False
99624,NYSE-JZRO,11810,False
99624,NYSE-JZRO,11808,False
99624,NYSE-JZRO,11811,False
99624,NYSE-KRAS,11242,False
99624,NYSE-KRAS,11240,False
99624,NYSE-KRAS,11236,False
99624,NYSE-KRAS,11234,False
99624,NYSE-KRAS,11238,False
99624,NYSE-KRAS,11233,False
99624,NYSE-KRAS,11237,False
99624,NYSE-KRAS,11235,False
99624,NYSE-KRAS,11239,False
99624,NYSE-KRAS,11241,False
99624,NYSE-KTST,11396,False
99624,NYSE-KTST,11395,False
99624,NYSE-KTST,11394,False
99624,NYSE-KTST,11393,False
99624,NYSE-KTST,11391,False
99624,NYSE-KTST,11388,False
99624,NYSE-KTST,11387,False
99624,NYSE-KTST,11389,False
99624,NYSE-KTST,11392,False
99624,NYSE-KTST,11390,False
99624,NYSE-MDKA,11016,False
99624,NYSE-MDKA,11015,False
99624,NYSE-MDKA,11014,False
99624,NYSE-MDKA,11013,False
99624,NYSE-MDKA,11012,False
99624,NYSE-MDKA,11010,False
99624,NYSE-MDKA,11009,False
99624,NYSE-MDKA,11008,False
99624,NYSE-MDKA,11017,False
99624,NYSE-MDKA,11011,False
99624,NYSE-NGUP,11836,False
99624,NYSE-NGUP,11834,False
99624,NYSE-NGUP,11832,False
99624,NYSE-NGUP,11830,False
99624,NYSE-NGUP,11828,False
99624,NYSE-NGUP,11833,False
99624,NYSE-NGUP,11829,False
99624,NYSE-NGUP,11831,False
99624,NYSE-NGUP,11835,False
99624,NYSE-NGUP,11827,False
99624,NYSE-SIMP,11686,False
99624,NYSE-SIMP,11685,False
99624,NYSE-SIMP,11683,False
99624,NYSE-SIMP,11682,False
99624,NYSE-SIMP,11680,False
99624,NYSE-SIMP,11684,False
99624,NYSE-SIMP,11687,False
99624,NYSE-SIMP,11681,False
99624,NYSE-SIMP,11688,False
99624,NYSE-SIMP,11689,False
99624,NYSE-XFR,10490,False
99624,NYSE-XFR,10498,False
99624,NYSE-XFR,10492,False
99624,NYSE-XFR,10496,False
99624,NYSE-XFR,10494,False
99624,NYSE-XFR,11038,False
99624,NYSE-XFR,11037,False
99624,NYSE-XFR,11035,False
99624,NYSE-XFR,11033,False
99624,NYSE-XFR,11031,False
99624,NYSE-XFR,11029,False
99624,NYSE-XFR,11036,False
99624,NYSE-XFR,11034,False
99624,NYSE-ZABA,10707,False
99624,NYSE-ZABA,11264,False
99624,NYSE-ZABA,11262,False
99624,NYSE-ZABA,11260,False
99624,NYSE-ZABA,11259,False
99624,NYSE-ZABA,11258,False
99624,NYSE-ZABA,11257,False
99624,NYSE-ZABA,11256,False
99624,NYSE-ZABA,11265,False
99624,NYSE-ZABA,11261,False
99624,NYSE-ZABA,11263,False
99723,NYSE-ETFA3,11305,False
99723,NYSE-ETFA3,11303,False
99723,NYSE-ETFA3,11301,False
99723,NYSE-ETFA3,11299,False
99723,NYSE-ETFA3,11297,False
99723,NYSE-ETFA3,11302,False
99723,NYSE-ETFA3,11300,False
99723,NYSE-ETFA3,11298,False
99723,NYSE-ETFA3,11306,False
99723,NYSE-ETFA3,11304,False
99723,NYSE-ETFA,11257,False
99723,NYSE-ETFA,11255,False
99723,NYSE-ETFA,11253,False
99723,NYSE-ETFA,11249,False
99723,NYSE-ETFA,11258,False
99723,NYSE-ETFA,11256,False
99723,NYSE-ETFA,11254,False
99723,NYSE-ETFA,11252,False
99723,NYSE-ETFA,11250,False
99723,NYSE-ETFA,11251,False
99723,NYSE-CARD,12897,False
99723,NYSE-CARD,12895,False
99723,NYSE-CARD,12893,False
99723,NYSE-CARD,12901,False
99723,NYSE-CARD,12896,False
99723,NYSE-CARD,12892,False
99723,NYSE-CARD,12899,False
99723,NYSE-CARD,12898,False
99723,NYSE-CARD,12894,False
99723,NYSE-CARD,12900,False
99723,NYSE-INA,11797,False
99723,NYSE-INA,11796,False
99723,NYSE-INA,11794,False
99723,NYSE-INA,11792,False
99723,NYSE-INA,11790,False
99723,NYSE-INA,11798,False
99723,NYSE-INA,11789,False
99723,NYSE-INA,11791,False
99723,NYSE-INA,11793,False
99723,NYSE-INA,11795,False
99723,NYSE-JNAF,11086,False
99723,NYSE-JNAF,11085,False
99723,NYSE-JNAF,11084,False
99723,NYSE-JNAF,11083,False
99723,NYSE-JNAF,11082,False
99723,NYSE-JNAF,11081,False
99723,NYSE-JNAF,11079,False
99723,NYSE-JNAF,11078,False
99723,NYSE-JNAF,11077,False
99723,NYSE-JNAF,11080,False
99723,NYSE-JZRO,11822,False
99723,NYSE-JZRO,11820,False
99723,NYSE-JZRO,11818,False
99723,NYSE-JZRO,11817,False
99723,NYSE-JZRO,11814,False
99723,NYSE-JZRO,11815,False
99723,NYSE-JZRO,11821,False
99723,NYSE-JZRO,11816,False
99723,NYSE-JZRO,11813,False
99723,NYSE-JZRO,11819,False
99724,NYSE-KRAS,11252,False
99724,NYSE-KRAS,11251,False
99724,NYSE-KRAS,11249,False
99724,NYSE-KRAS,11245,False
99724,NYSE-KRAS,11250,False
99724,NYSE-KRAS,11247,False
99724,NYSE-KRAS,11248,False
99724,NYSE-KRAS,11246,False
99724,NYSE-KRAS,11244,False
99724,NYSE-KTST,11406,False
99724,NYSE-KTST,11405,False
99724,NYSE-KTST,11399,False
99724,NYSE-KTST,11398,False
99724,NYSE-KTST,11397,False
99724,NYSE-KTST,11401,False
99724,NYSE-KTST,11403,False
99724,NYSE-KTST,11404,False
99724,NYSE-KTST,11400,False
99724,NYSE-KTST,11402,False
99724,NYSE-MDKA,11027,False
99724,NYSE-MDKA,11021,False
99724,NYSE-MDKA,11019,False
99724,NYSE-MDKA,11024,False
99724,NYSE-MDKA,11022,False
99724,NYSE-MDKA,11020,False
99724,NYSE-MDKA,11028,False
99724,NYSE-MDKA,11026,False
99724,NYSE-MDKA,11025,False
99724,NYSE-MDKA,11023,False
99724,NYSE-NGUP,11845,False
99724,NYSE-NGUP,11843,False
99724,NYSE-NGUP,11841,False
99724,NYSE-NGUP,11839,False
99724,NYSE-NGUP,11837,False
99724,NYSE-NGUP,11838,False
99724,NYSE-NGUP,11840,False
99724,NYSE-NGUP,11842,False
99724,NYSE-NGUP,11844,False
99724,NYSE-NGUP,11846,False
99724,NYSE-SIMP,11698,False
99724,NYSE-SIMP,11696,False
99724,NYSE-SIMP,11694,False
99724,NYSE-SIMP,11692,False
99724,NYSE-SIMP,11690,False
99724,NYSE-SIMP,11699,False
99724,NYSE-SIMP,11691,False
99724,NYSE-SIMP,11695,False
99724,NYSE-SIMP,11697,False
99724,NYSE-SIMP,11693,False
99724,NYSE-XFR,11048,False
99724,NYSE-XFR,11047,False
99724,NYSE-XFR,11045,False
99724,NYSE-XFR,11043,False
99724,NYSE-XFR,11041,False
99724,NYSE-ZABA,11274,False
99724,NYSE-ZABA,11272,False
99724,NYSE-ZABA,11270,False
99724,NYSE-ZABA,11268,False
99724,NYSE-ZABA,11266,False
99724,NYSE-ZABA,11267,False
99724,NYSE-ZABA,11269,False
99724,NYSE-ZABA,11275,False
99724,NYSE-ZABA,11273,False
99724,NYSE-ZABA,11271,False
99726,NYSE-CARD,12912,False
99726,NYSE-CARD,12913,False
99726,NYSE-CARD,12914,False
99726,NYSE-JZRO,11833,False
99810,NYSE-XFR,10505,False
99810,NYSE-XFR,10503,False
99810,NYSE-XFR,10509,False
99810,NYSE-XFR,10507,False
99823,NYSE-ETFA3,11316,False
99823,NYSE-ETFA3,11314,False
99823,NYSE-ETFA3,11312,False
99823,NYSE-ETFA3,11310,False
99823,NYSE-ETFA3,11308,False
99823,NYSE-ETFA3,11313,False
99823,NYSE-ETFA3,11311,False
99823,NYSE-ETFA3,11309,False
99823,NYSE-ETFA3,11317,False
99823,NYSE-ETFA3,11315,False
99823,NYSE-ETFA,11268,False
99823,NYSE-ETFA,11266,False
99823,NYSE-ETFA,11264,False
99823,NYSE-ETFA,11262,False
99823,NYSE-ETFA,11260,False
99823,NYSE-ETFA,11259,False
99823,NYSE-ETFA,11261,False
99823,NYSE-ETFA,11267,False
99823,NYSE-ETFA,11265,False
99823,NYSE-ETFA,11263,False
99823,NYSE-CARD,12910,False
99823,NYSE-CARD,12908,False
99823,NYSE-CARD,12906,False
99823,NYSE-CARD,12905,False
99823,NYSE-CARD,12903,False
99823,NYSE-CARD,12907,False
99823,NYSE-CARD,12902,False
99823,NYSE-CARD,12904,False
99823,NYSE-CARD,12909,False
99823,NYSE-CARD,12911,False
99823,NYSE-INA,11807,False
99823,NYSE-INA,11806,False
99823,NYSE-INA,11804,False
99823,NYSE-INA,11801,False
99823,NYSE-INA,11799,False
99823,NYSE-INA,11803,False
99823,NYSE-INA,11800,False
99823,NYSE-INA,11802,False
99823,NYSE-INA,11805,False
99823,NYSE-INA,11808,False
99823,NYSE-JNAF,11095,False
99823,NYSE-JNAF,11093,False
99823,NYSE-JNAF,11091,False
99823,NYSE-JNAF,11089,False
99823,NYSE-JNAF,11088,False
99823,NYSE-JNAF,11096,False
99823,NYSE-JNAF,11092,False
99823,NYSE-JNAF,11090,False
99823,NYSE-JNAF,11087,False
99823,NYSE-JNAF,11094,False
99823,NYSE-JZRO,11832,False
99823,NYSE-JZRO,11830,False
99823,NYSE-JZRO,11828,False
99823,NYSE-JZRO,11825,False
99823,NYSE-JZRO,11826,False
99823,NYSE-JZRO,11829,False
99823,NYSE-JZRO,11831,False
99823,NYSE-JZRO,11823,False
99823,NYSE-JZRO,11824,False
99823,NYSE-JZRO,11827,False
99823,NYSE-KRAS,11262,False
99823,NYSE-KRAS,11260,False
99823,NYSE-KRAS,11259,False
99823,NYSE-KRAS,11258,False
99823,NYSE-KRAS,11257,False
99823,NYSE-KRAS,11256,False
99823,NYSE-KRAS,11255,False
99823,NYSE-KRAS,11254,False
99823,NYSE-KRAS,11253,False
99823,NYSE-KRAS,11261,False
99824,NYSE-KTST,11416,False
99824,NYSE-KTST,11414,False
99824,NYSE-KTST,11412,False
99824,NYSE-KTST,11410,False
99824,NYSE-KTST,11408,False
99824,NYSE-KTST,11411,False
99824,NYSE-KTST,11409,False
99824,NYSE-KTST,11415,False
99824,NYSE-KTST,11413,False
99824,NYSE-KTST,11407,False
99824,NYSE-MDKA,11038,False
99824,NYSE-MDKA,11037,False
99824,NYSE-MDKA,11035,False
99824,NYSE-MDKA,11033,False
99824,NYSE-MDKA,11031,False
99824,NYSE-MDKA,11039,False
99824,NYSE-MDKA,11030,False
99824,NYSE-MDKA,11036,False
99824,NYSE-MDKA,11034,False
99824,NYSE-MDKA,11032,False
99824,NYSE-NGUP,11856,False
99824,NYSE-NGUP,11855,False
99824,NYSE-NGUP,11854,False
99824,NYSE-NGUP,11853,False
99824,NYSE-NGUP,11852,False
99824,NYSE-NGUP,11850,False
99824,NYSE-NGUP,11848,False
99824,NYSE-NGUP,11847,False
99824,NYSE-NGUP,11849,False
99824,NYSE-NGUP,11851,False
99824,NYSE-SIMP,11708,False
99824,NYSE-SIMP,11706,False
99824,NYSE-SIMP,11704,False
99824,NYSE-SIMP,11702,False
99824,NYSE-SIMP,11700,False
99824,NYSE-SIMP,11707,False
99824,NYSE-SIMP,11703,False
99824,NYSE-SIMP,11701,False
99824,NYSE-SIMP,11705,False
99824,NYSE-SIMP,11709,False
99824,NYSE-XFR,11054,False
99824,NYSE-XFR,11053,False
99824,NYSE-XFR,11051,False
99824,NYSE-XFR,11056,False
99824,NYSE-XFR,11052,False
99824,NYSE-XFR,11050,False
99824,NYSE-XFR,11058,False
99824,NYSE-XFR,11057,False
99824,NYSE-XFR,11055,False
99824,NYSE-ZABA,11282,False
99824,NYSE-ZABA,11280,False
99824,NYSE-ZABA,11277,False
99824,NYSE-ZABA,11276,False
99824,NYSE-ZABA,11285,False
99824,NYSE-ZABA,11283,False
99824,NYSE-ZABA,11281,False
99824,NYSE-ZABA,11279,False
99824,NYSE-ZABA,11278,False
99824,NYSE-ZABA,11284,False
99885,NYSE-DDJH,11273,False
99923,NYSE-ETFA3,11327,False
99923,NYSE-ETFA3,11326,False
99923,NYSE-ETFA3,11324,False
99923,NYSE-ETFA3,11322,False
99923,NYSE-ETFA3,11320,False
99923,NYSE-ETFA3,11325,False
99923,NYSE-ETFA3,11323,False
99923,NYSE-ETFA3,11321,False
99923,NYSE-ETFA3,11319,False
99923,NYSE-ETFA3,11318,False
99923,NYSE-ETFA,11279,False
99923,NYSE-ETFA,11277,False
99923,NYSE-ETFA,11275,False
99923,NYSE-ETFA,11273,False
99923,NYSE-ETFA,11272,False
99923,NYSE-ETFA,11271,False
99923,NYSE-ETFA,11270,False
99923,NYSE-ETFA,11274,False
99923,NYSE-ETFA,11278,False
99923,NYSE-ETFA,11276,False
99923,NYSE-CARD,12927,False
99923,NYSE-CARD,12926,False
99923,NYSE-CARD,12923,False
99923,NYSE-CARD,12921,False
99923,NYSE-CARD,12918,False
99923,NYSE-CARD,12924,False
99923,NYSE-CARD,12919,False
99923,NYSE-CARD,12925,False
99923,NYSE-CARD,12920,False
99923,NYSE-CARD,12922,False
99923,NYSE-INA,11818,False
99923,NYSE-INA,11817,False
99923,NYSE-INA,11814,False
99923,NYSE-INA,11812,False
99923,NYSE-INA,11809,False
99923,NYSE-INA,11815,False
99923,NYSE-INA,11810,False
99923,NYSE-INA,11816,False
99923,NYSE-INA,11811,False
99923,NYSE-INA,11813,False
99924,NYSE-JNAF,11106,False
99924,NYSE-JNAF,11105,False
99924,NYSE-JNAF,11104,False
99924,NYSE-JNAF,11102,False
99924,NYSE-JNAF,11100,False
99924,NYSE-JNAF,11099,False
99924,NYSE-JNAF,11097,False
99924,NYSE-JNAF,11103,False
99924,NYSE-JNAF,11098,False
99924,NYSE-JNAF,11101,False
99924,NYSE-JZRO,11843,False
99924,NYSE-JZRO,11841,False
99924,NYSE-JZRO,11839,False
99924,NYSE-JZRO,11837,False
99924,NYSE-JZRO,11836,False
99924,NYSE-JZRO,11834,False
99924,NYSE-JZRO,11838,False
99924,NYSE-JZRO,11835,False
99924,NYSE-JZRO,11840,False
99924,NYSE-JZRO,11842,False
99924,NYSE-KRAS,11272,False
99924,NYSE-KRAS,11270,False
99924,NYSE-KRAS,11268,False
99924,NYSE-KRAS,11266,False
99924,NYSE-KRAS,11264,False
99924,NYSE-KRAS,11267,False
99924,NYSE-KRAS,11265,False
99924,NYSE-KRAS,11263,False
99924,NYSE-KRAS,11269,False
99924,NYSE-KRAS,11271,False
99924,NYSE-KTST,11426,False
99924,NYSE-KTST,11420,False
99924,NYSE-KTST,11418,False
99924,NYSE-KTST,11424,False
99924,NYSE-KTST,11422,False
99924,NYSE-KTST,11423,False
99924,NYSE-KTST,11425,False
99924,NYSE-KTST,11419,False
99924,NYSE-KTST,11421,False
99924,NYSE-KTST,11417,False
99924,NYSE-MDKA,11048,False
99924,NYSE-MDKA,11047,False
99924,NYSE-MDKA,11045,False
99924,NYSE-MDKA,11043,False
99924,NYSE-MDKA,11041,False
99924,NYSE-MDKA,11049,False
99924,NYSE-MDKA,11046,False
99924,NYSE-MDKA,11042,False
99924,NYSE-MDKA,11040,False
99924,NYSE-MDKA,11044,False
99924,NYSE-NGUP,11866,False
99924,NYSE-NGUP,11864,False
99924,NYSE-NGUP,11862,False
99924,NYSE-NGUP,11859,False
99924,NYSE-NGUP,11858,False
99924,NYSE-NGUP,11857,False
99924,NYSE-NGUP,11860,False
99924,NYSE-NGUP,11861,False
99924,NYSE-NGUP,11863,False
99924,NYSE-NGUP,11865,False
99924,NYSE-SIMP,11719,False
99924,NYSE-SIMP,11718,False
99924,NYSE-SIMP,11717,False
99924,NYSE-SIMP,11714,False
99924,NYSE-SIMP,11712,False
99924,NYSE-SIMP,11710,False
99924,NYSE-SIMP,11715,False
99924,NYSE-SIMP,11713,False
99924,NYSE-SIMP,11711,False
99924,NYSE-SIMP,11716,False
99924,NYSE-XFR,11067,False
99924,NYSE-XFR,11066,False
99924,NYSE-XFR,11064,False
99924,NYSE-XFR,11063,False
99924,NYSE-XFR,11062,False
99924,NYSE-XFR,11061,False
99924,NYSE-XFR,11068,False
99924,NYSE-XFR,11065,False
99924,NYSE-ZABA,11295,False
99924,NYSE-ZABA,11294,False
99924,NYSE-ZABA,11293,False
99924,NYSE-ZABA,11291,False
99924,NYSE-ZABA,11290,False
99924,NYSE-ZABA,11288,False
99924,NYSE-ZABA,11287,False
99924,NYSE-ZABA,11286,False
99924,NYSE-ZABA,11289,False
99924,NYSE-ZABA,11292,False
100010,NYSE-ETFA,11224,False
100010,NYSE-JZRO,11789,False
100010,NYSE-ETFA3,11273,False
100010,NYSE-XFR,11017,False
100023,NYSE-ETFA3,11337,False
100023,NYSE-ETFA3,11335,False
100023,NYSE-ETFA3,11334,False
100023,NYSE-ETFA3,11332,False
100023,NYSE-ETFA3,11330,False
100023,NYSE-ETFA3,11329,False
100023,NYSE-ETFA3,11328,False
100023,NYSE-ETFA3,11333,False
100023,NYSE-ETFA3,11336,False
100023,NYSE-ETFA3,11331,False
100023,NYSE-ETFA,11288,False
100023,NYSE-ETFA,11286,False
100023,NYSE-ETFA,11284,False
100023,NYSE-ETFA,11283,False
100023,NYSE-ETFA,11281,False
100023,NYSE-ETFA,11287,False
100023,NYSE-ETFA,11285,False
100023,NYSE-ETFA,11282,False
100023,NYSE-ETFA,11280,False
100023,NYSE-ETFA,11289,False
100023,NYSE-CARD,12937,False
100023,NYSE-CARD,12934,False
100023,NYSE-CARD,12931,False
100023,NYSE-CARD,12929,False
100023,NYSE-CARD,12935,False
100023,NYSE-CARD,12930,False
100023,NYSE-CARD,12928,False
100023,NYSE-CARD,12932,False
100023,NYSE-CARD,12933,False
100023,NYSE-CARD,12936,False
100023,NYSE-DDJH,11283,False
100023,NYSE-INA,11828,False
100023,NYSE-INA,11825,False
100023,NYSE-INA,11822,False
100023,NYSE-INA,11820,False
100023,NYSE-INA,11826,False
100023,NYSE-INA,11821,False
100023,NYSE-INA,11819,False
100023,NYSE-INA,11823,False
100023,NYSE-INA,11824,False
100023,NYSE-INA,11827,False
100023,NYSE-JNAF,11116,False
100023,NYSE-JNAF,11115,False
100023,NYSE-JNAF,11114,False
100023,NYSE-JNAF,11113,False
100023,NYSE-JNAF,11112,False
100023,NYSE-JNAF,11110,False
100023,NYSE-JNAF,11109,False
100023,NYSE-JNAF,11117,False
100023,NYSE-JNAF,11111,False
100024,NYSE-JNAF,11108,False
100024,NYSE-JZRO,11265,False
100024,NYSE-JZRO,11853,False
100024,NYSE-JZRO,11852,False
100024,NYSE-JZRO,11850,False
100024,NYSE-JZRO,11848,False
100024,NYSE-JZRO,11844,False
100024,NYSE-JZRO,11846,False
100024,NYSE-KRAS,11282,False
100024,NYSE-KRAS,11280,False
100024,NYSE-KRAS,11277,False
100024,NYSE-KRAS,11276,False
100024,NYSE-KRAS,11274,False
100024,NYSE-KRAS,11281,False
100024,NYSE-KRAS,11279,False
100024,NYSE-KRAS,11278,False
100024,NYSE-KRAS,11275,False
100024,NYSE-KRAS,11273,False
100024,NYSE-KTST,11435,False
100024,NYSE-KTST,11433,False
100024,NYSE-KTST,11431,False
100024,NYSE-KTST,11430,False
100024,NYSE-KTST,11428,False
100024,NYSE-KTST,11427,False
100024,NYSE-KTST,11434,False
100024,NYSE-KTST,11429,False
100024,NYSE-KTST,11432,False
100024,NYSE-KTST,11436,False
100024,NYSE-MDKA,11054,False
100024,NYSE-MDKA,11053,False
100024,NYSE-MDKA,11051,False
100024,NYSE-MDKA,11059,False
100024,NYSE-MDKA,11056,False
100024,NYSE-MDKA,11052,False
100024,NYSE-MDKA,11050,False
100024,NYSE-MDKA,11058,False
100024,NYSE-MDKA,11057,False
100024,NYSE-MDKA,11055,False
100024,NYSE-NGUP,11875,False
100024,NYSE-NGUP,11873,False
100024,NYSE-NGUP,11871,False
100024,NYSE-NGUP,11869,False
100024,NYSE-NGUP,11868,False
100024,NYSE-NGUP,11872,False
100024,NYSE-NGUP,11867,False
100024,NYSE-NGUP,11874,False
100024,NYSE-NGUP,11876,False
100024,NYSE-NGUP,11870,False
100024,NYSE-SIMP,11729,False
100024,NYSE-SIMP,11727,False
100024,NYSE-SIMP,11725,False
100024,NYSE-SIMP,11721,False
100024,NYSE-SIMP,11723,False
100024,NYSE-SIMP,11728,False
100024,NYSE-SIMP,11726,False
100024,NYSE-SIMP,11724,False
100024,NYSE-SIMP,11722,False
100024,NYSE-SIMP,11720,False
100024,NYSE-XFR,11079,False
100024,NYSE-XFR,11078,False
100024,NYSE-XFR,11077,False
100024,NYSE-XFR,11075,False
100024,NYSE-XFR,11074,False
100024,NYSE-XFR,11072,False
100024,NYSE-XFR,11070,False
100024,NYSE-XFR,11073,False
100024,NYSE-XFR,11071,False
100024,NYSE-XFR,11076,False
100024,NYSE-ZABA,11305,False
100024,NYSE-ZABA,11304,False
100024,NYSE-ZABA,11303,False
100024,NYSE-ZABA,11299,False
100024,NYSE-ZABA,11297,False
100024,NYSE-ZABA,11301,False
100024,NYSE-ZABA,11296,False
100024,NYSE-ZABA,11298,False
100024,NYSE-ZABA,11300,False
100024,NYSE-ZABA,11302,False
100123,NYSE-ETFA3,11347,False
100123,NYSE-ETFA3,11346,False
100123,NYSE-ETFA3,11345,False
100123,NYSE-ETFA3,11344,False
100123,NYSE-ETFA3,11343,False
100123,NYSE-ETFA3,11341,False
100123,NYSE-ETFA3,11340,False
100123,NYSE-ETFA3,11339,False
100123,NYSE-ETFA3,11338,False
100123,NYSE-ETFA3,11342,False
100123,NYSE-ETFA,11299,False
100123,NYSE-ETFA,11296,False
100123,NYSE-ETFA,11295,False
100123,NYSE-ETFA,11294,False
100123,NYSE-ETFA,11292,False
100123,NYSE-ETFA,11290,False
100123,NYSE-ETFA,11297,False
100123,NYSE-ETFA,11298,False
100123,NYSE-ETFA,11293,False
100123,NYSE-ETFA,11291,False
100123,NYSE-CARD,12946,False
100123,NYSE-CARD,12945,False
100123,NYSE-CARD,12943,False
100123,NYSE-CARD,12941,False
100123,NYSE-CARD,12939,False
100123,NYSE-CARD,12947,False
100123,NYSE-CARD,12942,False
100123,NYSE-CARD,12938,False
100123,NYSE-CARD,12940,False
100123,NYSE-CARD,12944,False
100123,NYSE-DDJH,11293,False
100123,NYSE-INA,11837,False
100123,NYSE-INA,11836,False
100123,NYSE-INA,11834,False
100123,NYSE-INA,11832,False
100123,NYSE-INA,11830,False
100123,NYSE-INA,11838,False
100123,NYSE-INA,11833,False
100123,NYSE-INA,11829,False
100123,NYSE-INA,11831,False
100123,NYSE-INA,11835,False
100123,NYSE-JNAF,11128,False
100123,NYSE-JNAF,11127,False
100123,NYSE-JNAF,11125,False
100123,NYSE-JNAF,11122,False
100123,NYSE-JNAF,11121,False
100123,NYSE-JNAF,11120,False
100123,NYSE-JNAF,11119,False
100123,NYSE-JNAF,11126,False
100123,NYSE-JNAF,11123,False
100123,NYSE-JNAF,11124,False
100123,NYSE-JZRO,11862,False
100123,NYSE-JZRO,11859,False
100123,NYSE-JZRO,11858,False
100123,NYSE-JZRO,11857,False
100123,NYSE-JZRO,11856,False
100123,NYSE-JZRO,11855,False
100123,NYSE-JZRO,11854,False
100123,NYSE-JZRO,11860,False
100123,NYSE-JZRO,11861,False
100123,NYSE-JZRO,11863,False
100123,NYSE-KRAS,11291,False
100123,NYSE-KRAS,11290,False
100123,NYSE-KRAS,11288,False
100123,NYSE-KRAS,11287,False
100123,NYSE-KRAS,11286,False
100123,NYSE-KRAS,11285,False
100123,NYSE-KRAS,11283,False
100123,NYSE-KRAS,11289,False
100123,NYSE-KRAS,11284,False
100124,NYSE-KRAS,11292,False
100124,NYSE-KTST,11445,False
100124,NYSE-KTST,11443,False
100124,NYSE-KTST,11441,False
100124,NYSE-KTST,11437,False
100124,NYSE-KTST,11442,False
100124,NYSE-KTST,11446,False
100124,NYSE-KTST,11438,False
100124,NYSE-KTST,11440,False
100124,NYSE-KTST,11444,False
100124,NYSE-KTST,11439,False
100124,NYSE-MDKA,11069,False
100124,NYSE-MDKA,11067,False
100124,NYSE-MDKA,11066,False
100124,NYSE-MDKA,11064,False
100124,NYSE-MDKA,11063,False
100124,NYSE-MDKA,11062,False
100124,NYSE-MDKA,11061,False
100124,NYSE-MDKA,11060,False
100124,NYSE-MDKA,11068,False
100124,NYSE-MDKA,11065,False
100124,NYSE-NGUP,11881,False
100124,NYSE-NGUP,11877,False
100124,NYSE-NGUP,11885,False
100124,NYSE-NGUP,11883,False
100124,NYSE-NGUP,11879,False
100124,NYSE-NGUP,11884,False
100124,NYSE-NGUP,11880,False
100124,NYSE-NGUP,11882,False
100124,NYSE-NGUP,11878,False
100124,NYSE-NGUP,11886,False
100124,NYSE-SIMP,11738,False
100124,NYSE-SIMP,11736,False
100124,NYSE-SIMP,11734,False
100124,NYSE-SIMP,11732,False
100124,NYSE-SIMP,11733,False
100124,NYSE-SIMP,11737,False
100124,NYSE-SIMP,11735,False
100124,NYSE-SIMP,11739,False
100124,NYSE-SIMP,11731,False
100124,NYSE-SIMP,11730,False
100124,NYSE-XFR,11089,False
100124,NYSE-XFR,11088,False
100124,NYSE-XFR,11086,False
100124,NYSE-XFR,11085,False
100124,NYSE-XFR,11083,False
100124,NYSE-XFR,11081,False
100124,NYSE-XFR,11087,False
100124,NYSE-ZABA,11315,False
100124,NYSE-ZABA,11314,False
100124,NYSE-ZABA,11312,False
100124,NYSE-ZABA,11311,False
100124,NYSE-ZABA,11309,False
100124,NYSE-ZABA,11308,False
100124,NYSE-ZABA,11306,False
100124,NYSE-ZABA,11310,False
100124,NYSE-ZABA,11307,False
100124,NYSE-ZABA,11313,False
100223,NYSE-ETFA3,11358,False
100223,NYSE-ETFA3,11356,False
100223,NYSE-ETFA3,11352,False
100223,NYSE-ETFA3,11351,False
100223,NYSE-ETFA3,11350,False
100223,NYSE-ETFA3,11349,False
100223,NYSE-ETFA3,11354,False
100223,NYSE-ETFA3,11357,False
100223,NYSE-ETFA3,11355,False
100223,NYSE-ETFA3,11353,False
100223,NYSE-ETFA,11308,False
100223,NYSE-ETFA,11307,False
100223,NYSE-ETFA,11305,False
100223,NYSE-ETFA,11303,False
100223,NYSE-ETFA,11301,False
100223,NYSE-ETFA,11309,False
100223,NYSE-ETFA,11302,False
100223,NYSE-ETFA,11300,False
100223,NYSE-ETFA,11306,False
100223,NYSE-ETFA,11304,False
100223,NYSE-CARD,12957,False
100223,NYSE-CARD,12952,False
100223,NYSE-CARD,12950,False
100223,NYSE-CARD,12948,False
100223,NYSE-CARD,12956,False
100223,NYSE-CARD,12954,False
100223,NYSE-CARD,12949,False
100223,NYSE-CARD,12951,False
100223,NYSE-CARD,12953,False
100223,NYSE-CARD,12955,False
100223,NYSE-DDJH,11303,False
100223,NYSE-INA,11848,False
100223,NYSE-INA,11843,False
100223,NYSE-INA,11841,False
100223,NYSE-INA,11839,False
100223,NYSE-INA,11847,False
100223,NYSE-INA,11845,False
100223,NYSE-INA,11840,False
100223,NYSE-INA,11842,False
100223,NYSE-INA,11844,False
100223,NYSE-INA,11846,False
100223,NYSE-JNAF,11138,False
100223,NYSE-JNAF,11136,False
100223,NYSE-JNAF,11134,False
100223,NYSE-JNAF,11133,False
100223,NYSE-JNAF,11132,False
100223,NYSE-JNAF,11130,False
100223,NYSE-JNAF,11137,False
100223,NYSE-JNAF,11131,False
100223,NYSE-JNAF,11135,False
100223,NYSE-JNAF,11129,False
100223,NYSE-JZRO,11873,False
100223,NYSE-JZRO,11871,False
100223,NYSE-JZRO,11869,False
100223,NYSE-JZRO,11868,False
100223,NYSE-JZRO,11866,False
100223,NYSE-JZRO,11864,False
100223,NYSE-JZRO,11872,False
100223,NYSE-JZRO,11870,False
100223,NYSE-KRAS,11293,False
100223,NYSE-KRAS,11299,False
100224,NYSE-KRAS,11297,False
100224,NYSE-KRAS,11295,False
100224,NYSE-KRAS,11294,False
100224,NYSE-KRAS,11301,False
100224,NYSE-KRAS,11296,False
100224,NYSE-KRAS,11298,False
100224,NYSE-KRAS,11300,False
100224,NYSE-KRAS,11302,False
100224,NYSE-KTST,11455,False
100224,NYSE-KTST,11453,False
100224,NYSE-KTST,11451,False
100224,NYSE-KTST,11449,False
100224,NYSE-KTST,11447,False
100224,NYSE-KTST,11450,False
100224,NYSE-KTST,11456,False
100224,NYSE-KTST,11448,False
100224,NYSE-KTST,11452,False
100224,NYSE-KTST,11454,False
100224,NYSE-MDKA,11079,False
100224,NYSE-MDKA,11078,False
100224,NYSE-MDKA,11077,False
100224,NYSE-MDKA,11075,False
100224,NYSE-MDKA,11074,False
100224,NYSE-MDKA,11072,False
100224,NYSE-MDKA,11070,False
100224,NYSE-MDKA,11073,False
100224,NYSE-MDKA,11071,False
100224,NYSE-MDKA,11076,False
100224,NYSE-NGUP,11895,False
100224,NYSE-NGUP,11893,False
100224,NYSE-NGUP,11891,False
100224,NYSE-NGUP,11889,False
100224,NYSE-NGUP,11887,False
100224,NYSE-NGUP,11890,False
100224,NYSE-NGUP,11888,False
100224,NYSE-NGUP,11896,False
100224,NYSE-NGUP,11892,False
100224,NYSE-NGUP,11894,False
100224,NYSE-SIMP,11748,False
100224,NYSE-SIMP,11746,False
100224,NYSE-SIMP,11744,False
100224,NYSE-SIMP,11742,False
100224,NYSE-SIMP,11740,False
100224,NYSE-SIMP,11745,False
100224,NYSE-SIMP,11747,False
100224,NYSE-SIMP,11743,False
100224,NYSE-SIMP,11741,False
100224,NYSE-SIMP,11749,False
100224,NYSE-XFR,11099,False
100224,NYSE-XFR,11097,False
100224,NYSE-XFR,11096,False
100224,NYSE-XFR,11095,False
100224,NYSE-XFR,11093,False
100224,NYSE-XFR,11092,False
100224,NYSE-XFR,11091,False
100224,NYSE-XFR,11090,False
100224,NYSE-XFR,11098,False
100224,NYSE-XFR,11094,False
100224,NYSE-ZABA,11323,False
100224,NYSE-ZABA,11321,False
100224,NYSE-ZABA,11320,False
100224,NYSE-ZABA,11318,False
100224,NYSE-ZABA,11317,False
100224,NYSE-ZABA,11316,False
100224,NYSE-ZABA,11325,False
100224,NYSE-ZABA,11319,False
100224,NYSE-ZABA,11324,False
100224,NYSE-ZABA,11322,False
100310,NYSE-KRAS,10752,False
100310,NYSE-XFR,10558,False
100310,NYSE-XFR,10560,False
100321,NYSE-CARD,12968,False
100321,NYSE-KTST,11469,False
100323,NYSE-ETFA3,11368,False
100323,NYSE-ETFA3,11366,False
100323,NYSE-ETFA3,11365,False
100323,NYSE-ETFA3,11364,False
100323,NYSE-ETFA3,11363,False
100323,NYSE-ETFA3,11362,False
100323,NYSE-ETFA3,11361,False
100323,NYSE-ETFA3,11360,False
100323,NYSE-ETFA3,11359,False
100323,NYSE-ETFA3,11367,False
100323,NYSE-ETFA,11316,False
100323,NYSE-ETFA,11314,False
100323,NYSE-ETFA,11312,False
100323,NYSE-ETFA,11310,False
100323,NYSE-ETFA,11319,False
100323,NYSE-ETFA,11313,False
100323,NYSE-ETFA,11311,False
100323,NYSE-ETFA,11317,False
100323,NYSE-ETFA,11315,False
100323,NYSE-ETFA,11318,False
100323,NYSE-CARD,12967,False
100323,NYSE-CARD,12966,False
100323,NYSE-CARD,12965,False
100323,NYSE-CARD,12964,False
100323,NYSE-CARD,12963,False
100323,NYSE-CARD,12962,False
100323,NYSE-CARD,12961,False
100323,NYSE-CARD,12959,False
100323,NYSE-CARD,12958,False
100323,NYSE-CARD,12960,False
100323,NYSE-DDJH,11313,False
100323,NYSE-INA,11858,False
100323,NYSE-INA,11857,False
100323,NYSE-INA,11856,False
100323,NYSE-INA,11855,False
100323,NYSE-INA,11854,False
100323,NYSE-INA,11853,False
100323,NYSE-INA,11852,False
100323,NYSE-INA,11850,False
100323,NYSE-INA,11849,False
100323,NYSE-INA,11851,False
100323,NYSE-JNAF,11148,False
100323,NYSE-JNAF,11147,False
100323,NYSE-JNAF,11146,False
100323,NYSE-JNAF,11144,False
100323,NYSE-JNAF,11142,False
100323,NYSE-JNAF,11145,False
100323,NYSE-JNAF,11143,False
100323,NYSE-JNAF,11141,False
100323,NYSE-JNAF,11139,False
100323,NYSE-JNAF,11140,False
100324,NYSE-JZRO,11883,False
100324,NYSE-JZRO,11880,False
100324,NYSE-JZRO,11882,False
100324,NYSE-JZRO,11878,False
100324,NYSE-JZRO,11874,False
100324,NYSE-JZRO,11876,False
100324,NYSE-KRAS,11312,False
100324,NYSE-KRAS,11311,False
100324,NYSE-KRAS,11309,False
100324,NYSE-KRAS,11308,False
100324,NYSE-KRAS,11306,False
100324,NYSE-KRAS,11305,False
100324,NYSE-KRAS,11304,False
100324,NYSE-KRAS,11310,False
100324,NYSE-KRAS,11307,False
100324,NYSE-KTST,11466,False
100324,NYSE-KTST,11464,False
100324,NYSE-KTST,11462,False
100324,NYSE-KTST,11461,False
100324,NYSE-KTST,11459,False
100324,NYSE-KTST,11465,False
100324,NYSE-KTST,11463,False
100324,NYSE-KTST,11460,False
100324,NYSE-KTST,11458,False
100324,NYSE-KTST,11467,False
100324,NYSE-MDKA,11089,False
100324,NYSE-MDKA,11088,False
100324,NYSE-MDKA,11086,False
100324,NYSE-MDKA,11085,False
100324,NYSE-MDKA,11083,False
100324,NYSE-MDKA,11081,False
100324,NYSE-MDKA,11084,False
100324,NYSE-MDKA,11082,False
100324,NYSE-MDKA,11080,False
100324,NYSE-MDKA,11087,False
100324,NYSE-NGUP,11906,False
100324,NYSE-NGUP,11901,False
100324,NYSE-NGUP,11899,False
100324,NYSE-NGUP,11897,False
100324,NYSE-NGUP,11904,False
100324,NYSE-NGUP,11902,False
100324,NYSE-NGUP,11903,False
100324,NYSE-NGUP,11898,False
100324,NYSE-NGUP,11900,False
100324,NYSE-NGUP,11905,False
100324,NYSE-SIMP,11758,False
100324,NYSE-SIMP,11754,False
100324,NYSE-SIMP,11752,False
100324,NYSE-SIMP,11756,False
100324,NYSE-SIMP,11755,False
100324,NYSE-SIMP,11753,False
100324,NYSE-SIMP,11751,False
100324,NYSE-SIMP,11757,False
100324,NYSE-SIMP,11759,False
100324,NYSE-SIMP,11750,False
100324,NYSE-XFR,11109,False
100324,NYSE-XFR,11107,False
100324,NYSE-XFR,11106,False
100324,NYSE-XFR,11105,False
100324,NYSE-XFR,11104,False
100324,NYSE-XFR,11102,False
100324,NYSE-XFR,11100,False
100324,NYSE-XFR,11103,False
100324,NYSE-XFR,11101,False
100324,NYSE-XFR,11108,False
100324,NYSE-ZABA,10780,False
100324,NYSE-ZABA,10782,False
100324,NYSE-ZABA,11331,False
100324,NYSE-ZABA,11330,False
100324,NYSE-ZABA,11329,False
100324,NYSE-ZABA,11328,False
100324,NYSE-ZABA,11327,False
100324,NYSE-ZABA,11326,False
100324,NYSE-ZABA,11334,False
100324,NYSE-ZABA,11332,False
100324,NYSE-ZABA,11333,False
100324,NYSE-ZABA,11335,False
100345,NYSE-CARD,12979,False
100376,NYSE-ZABA,11347,False
100376,NYSE-CARD,12980,False
100376,NYSE-CARD,12981,False
100376,NYSE-KTST,11481,False
100423,NYSE-ETFA3,11376,False
100423,NYSE-ETFA3,11375,False
100423,NYSE-ETFA3,11374,False
100423,NYSE-ETFA3,11373,False
100423,NYSE-ETFA3,11372,False
100423,NYSE-ETFA3,11371,False
100423,NYSE-ETFA3,11370,False
100423,NYSE-ETFA3,11377,False
100423,NYSE-ETFA3,11378,False
100423,NYSE-ETFA3,11369,False
100423,NYSE-ETFA,11329,False
100423,NYSE-ETFA,11328,False
100423,NYSE-ETFA,11327,False
100423,NYSE-ETFA,11326,False
100423,NYSE-ETFA,11324,False
100423,NYSE-ETFA,11322,False
100423,NYSE-ETFA,11320,False
100423,NYSE-ETFA,11325,False
100423,NYSE-ETFA,11323,False
100423,NYSE-ETFA,11321,False
100423,NYSE-CARD,12978,False
100423,NYSE-CARD,12977,False
100423,NYSE-CARD,12975,False
100423,NYSE-CARD,12973,False
100423,NYSE-CARD,12971,False
100423,NYSE-CARD,12969,False
100423,NYSE-CARD,12970,False
100423,NYSE-CARD,12972,False
100423,NYSE-CARD,12974,False
100423,NYSE-CARD,12976,False
100423,NYSE-DDJH,11314,False
100423,NYSE-INA,11859,False
100423,NYSE-INA,11868,False
100423,NYSE-INA,11866,False
100423,NYSE-INA,11864,False
100423,NYSE-INA,11862,False
100423,NYSE-INA,11860,False
100423,NYSE-INA,11861,False
100423,NYSE-INA,11863,False
100423,NYSE-INA,11865,False
100423,NYSE-INA,11867,False
100424,NYSE-JNAF,11156,False
100424,NYSE-JNAF,11155,False
100424,NYSE-JNAF,11154,False
100424,NYSE-JNAF,11152,False
100424,NYSE-JNAF,11151,False
100424,NYSE-JNAF,11150,False
100424,NYSE-JNAF,11149,False
100424,NYSE-JNAF,11153,False
100424,NYSE-JNAF,11157,False
100424,NYSE-JNAF,11158,False
100424,NYSE-JZRO,11893,False
100424,NYSE-JZRO,11891,False
100424,NYSE-JZRO,11890,False
100424,NYSE-JZRO,11889,False
100424,NYSE-JZRO,11887,False
100424,NYSE-JZRO,11885,False
100424,NYSE-JZRO,11888,False
100424,NYSE-JZRO,11892,False
100424,NYSE-JZRO,11894,False
100424,NYSE-KRAS,11323,False
100424,NYSE-KRAS,11321,False
100424,NYSE-KRAS,11320,False
100424,NYSE-KRAS,11318,False
100424,NYSE-KRAS,11317,False
100424,NYSE-KRAS,11319,False
100424,NYSE-KRAS,11324,False
100424,NYSE-KRAS,11322,False
100424,NYSE-KTST,11475,False
100424,NYSE-KTST,11473,False
100424,NYSE-KTST,11479,False
100424,NYSE-KTST,11471,False
100424,NYSE-KTST,11476,False
100424,NYSE-KTST,11480,False
100424,NYSE-KTST,11478,False
100424,NYSE-KTST,11472,False
100424,NYSE-KTST,11474,False
100424,NYSE-KTST,11477,False
100424,NYSE-MDKA,11099,False
100424,NYSE-MDKA,11097,False
100424,NYSE-MDKA,11096,False
100424,NYSE-MDKA,11095,False
100424,NYSE-MDKA,11093,False
100424,NYSE-MDKA,11092,False
100424,NYSE-MDKA,11091,False
100424,NYSE-MDKA,11090,False
100424,NYSE-MDKA,11098,False
100424,NYSE-MDKA,11094,False
100424,NYSE-NGUP,11916,False
100424,NYSE-NGUP,11914,False
100424,NYSE-NGUP,11912,False
100424,NYSE-NGUP,11911,False
100424,NYSE-NGUP,11910,False
100424,NYSE-NGUP,11913,False
100424,NYSE-NGUP,11915,False
100424,NYSE-SIMP,11769,False
100424,NYSE-SIMP,11768,False
100424,NYSE-SIMP,11766,False
100424,NYSE-SIMP,11764,False
100424,NYSE-SIMP,11760,False
100424,NYSE-SIMP,11762,False
100424,NYSE-SIMP,11761,False
100424,NYSE-SIMP,11763,False
100424,NYSE-SIMP,11765,False
100424,NYSE-SIMP,11767,False
100424,NYSE-XFR,11118,False
100424,NYSE-XFR,11116,False
100424,NYSE-XFR,11115,False
100424,NYSE-XFR,11114,False
100424,NYSE-XFR,11113,False
100424,NYSE-XFR,11112,False
100424,NYSE-XFR,11117,False
100424,NYSE-XFR,11119,False
100424,NYSE-XFR,11111,False
100424,NYSE-ZABA,11346,False
100424,NYSE-ZABA,11345,False
100424,NYSE-ZABA,11343,False
100424,NYSE-ZABA,11342,False
100424,NYSE-ZABA,11344,False
100437,NYSE-ETFA,11342,False
100437,NYSE-SIMP,11781,False
100437,NYSE-INA,11880,False
100437,NYSE-ETFA,11343,False
100437,NYSE-ZABA,10790,False
100437,NYSE-ZABA,10792,False
100437,NYSE-CARD,12995,False
100437,NYSE-INA,11881,False
100437,NYSE-ETFA,11344,False
100437,NYSE-INA,11882,False
100437,NYSE-ETFA,11345,False
100437,NYSE-CARD,12997,False
100437,NYSE-INA,11883,False
100437,NYSE-CARD,12998,False
100437,NYSE-JZRO,11912,False
100437,NYSE-CARD,12999,False
100463,NYSE-ETFA,11346,False
100463,NYSE-NGUP,11928,False
100463,NYSE-INA,11884,False
100463,NYSE-ETFA,11347,False
100463,NYSE-CARD,13001,False
100463,NYSE-INA,11885,False
100493,NYSE-CARD,13002,False
100510,NYSE-XFR,10579,False
149923,NYSE-ETFA3,16668,False
149923,NYSE-ETFA3,16667,False
149923,NYSE-ETFA3,16666,False
149923,NYSE-ETFA3,16672,False
149923,NYSE-ETFA3,16675,False
149923,NYSE-ETFA3,16673,False
149923,NYSE-ETFA3,16671,False
149923,NYSE-ETFA3,16669,False
149923,NYSE-ETFA3,16674,False
149923,NYSE-ETFA3,16670,False
149924,NYSE-ETFA,16730,False
149924,NYSE-ETFA,16728,False
149924,NYSE-ETFA,16734,False
149924,NYSE-ETFA,16726,False
149924,NYSE-ETFA,16733,False
149924,NYSE-ETFA,16731,False
149924,NYSE-ETFA,16729,False
149924,NYSE-ETFA,16727,False
149924,NYSE-ETFA,16725,False
149924,NYSE-ETFA,16732,False
149924,NYSE-CARD,18356,False
149924,NYSE-CARD,18354,False
149924,NYSE-CARD,18352,False
149924,NYSE-CARD,18350,False
149924,NYSE-CARD,18348,False
149924,NYSE-CARD,18353,False
149924,NYSE-CARD,18357,False
149924,NYSE-CARD,18349,False
149924,NYSE-CARD,18351,False
149924,NYSE-CARD,18355,False
149924,NYSE-DDJH,16708,False
149924,NYSE-DDJH,16707,False
149924,NYSE-DDJH,16706,False
149924,NYSE-DDJH,16705,False
149924,NYSE-DDJH,16700,False
149924,NYSE-DDJH,16704,False
149924,NYSE-DDJH,16709,False
149924,NYSE-DDJH,16702,False
149924,NYSE-DDJH,16703,False
149924,NYSE-INA,17076,False
149924,NYSE-INA,17075,False
149924,NYSE-INA,17074,False
149924,NYSE-INA,17073,False
149924,NYSE-INA,17072,False
149924,NYSE-INA,17070,False
149924,NYSE-INA,17068,False
149924,NYSE-INA,17069,False
149924,NYSE-INA,17071,False
149924,NYSE-JNAF,16428,False
149924,NYSE-JNAF,16424,False
149924,NYSE-JNAF,16420,False
149924,NYSE-JNAF,16422,False
149924,NYSE-JNAF,16426,False
149924,NYSE-JNAF,16421,False
149924,NYSE-JNAF,16419,False
149925,NYSE-JNAF,15922,False
149925,NYSE-JNAF,16423,False
149925,NYSE-JNAF,16425,False
149925,NYSE-JNAF,16427,False
149925,NYSE-JZRO,17289,False
149925,NYSE-JZRO,17287,False
149925,NYSE-JZRO,17293,False
149925,NYSE-JZRO,17291,False
149925,NYSE-JZRO,17290,False
149925,NYSE-JZRO,17292,False
149925,NYSE-JZRO,17288,False
149925,NYSE-JZRO,17286,False
149925,NYSE-JZRO,17294,False
149925,NYSE-JZRO,17295,False
149925,NYSE-KRAS,16764,False
149925,NYSE-KRAS,16761,False
149925,NYSE-KRAS,16759,False
149925,NYSE-KRAS,16757,False
149925,NYSE-KRAS,16763,False
149925,NYSE-KRAS,16758,False
149925,NYSE-KRAS,16756,False
149925,NYSE-KRAS,16760,False
149925,NYSE-KRAS,16762,False
149925,NYSE-KRAS,16765,False
149925,NYSE-KTST,16860,False
149925,NYSE-KTST,16859,False
149925,NYSE-KTST,16857,False
149925,NYSE-KTST,16856,False
149925,NYSE-KTST,16854,False
149925,NYSE-KTST,16853,False
149925,NYSE-KTST,16851,False
149925,NYSE-KTST,16855,False
149925,NYSE-KTST,16852,False
149925,NYSE-KTST,16858,False
149925,NYSE-MDKA,16397,False
149925,NYSE-MDKA,16395,False
149925,NYSE-MDKA,16393,False
149925,NYSE-MDKA,16391,False
149925,NYSE-MDKA,16389,False
149925,NYSE-MDKA,16398,False
149925,NYSE-MDKA,16392,False
149925,NYSE-MDKA,16396,False
149925,NYSE-MDKA,16390,False
149925,NYSE-MDKA,16394,False
149925,NYSE-NGUP,17309,False
149925,NYSE-NGUP,17307,False
149925,NYSE-NGUP,17310,False
149925,NYSE-SIMP,17066,False
149925,NYSE-SIMP,17064,False
149925,NYSE-SIMP,17062,False
149925,NYSE-SIMP,17060,False
149925,NYSE-SIMP,17067,False
149925,NYSE-SIMP,17058,False
149925,NYSE-SIMP,17061,False
149925,NYSE-SIMP,17065,False
149925,NYSE-SIMP,17063,False
149925,NYSE-SIMP,17059,False
149925,NYSE-XFR,16439,False
149925,NYSE-ZABA,16615,False
149925,NYSE-ZABA,16614,False
149925,NYSE-ZABA,16613,False
149925,NYSE-ZABA,16612,False
149925,NYSE-ZABA,16611,False
149925,NYSE-ZABA,16609,False
149925,NYSE-ZABA,16617,False
149925,NYSE-ZABA,16618,False
149925,NYSE-ZABA,16616,False
149925,NYSE-ZABA,16610,False
150010,NYSE-KTST,16807,False
150010,NYSE-DDJH,16658,False
150010,NYSE-ETFA,16683,False
150010,NYSE-MDKA,16347,False
150010,NYSE-KRAS,16714,False
150010,NYSE-ETFA3,16621,False
150010,NYSE-XFR,15923,False
150010,NYSE-XFR,15925,False
150010,NYSE-XFR,16389,False
150023,NYSE-ETFA3,16686,False
150023,NYSE-ETFA3,16678,False
150023,NYSE-ETFA3,16684,False
150023,NYSE-ETFA3,16682,False
150023,NYSE-ETFA3,16680,False
150023,NYSE-ETFA3,16687,False
150023,NYSE-ETFA3,16685,False
150023,NYSE-ETFA3,16683,False
150023,NYSE-ETFA3,16679,False
150023,NYSE-ETFA3,16681,False
150024,NYSE-ETFA,16744,False
150024,NYSE-ETFA,16742,False
150024,NYSE-ETFA,16740,False
150024,NYSE-ETFA,16736,False
150024,NYSE-ETFA,16745,False
150024,NYSE-ETFA,16739,False
150024,NYSE-ETFA,16737,False
150024,NYSE-ETFA,16743,False
150024,NYSE-ETFA,16738,False
150024,NYSE-ETFA,16741,False
150024,NYSE-CARD,18368,False
150024,NYSE-CARD,18366,False
150024,NYSE-CARD,18364,False
150024,NYSE-CARD,18362,False
150024,NYSE-CARD,18371,False
150024,NYSE-CARD,18369,False
150024,NYSE-CARD,18367,False
150024,NYSE-CARD,18363,False
150024,NYSE-CARD,18365,False
150024,NYSE-CARD,18370,False
150024,NYSE-DDJH,16721,False
150024,NYSE-DDJH,16720,False
150024,NYSE-DDJH,16719,False
150024,NYSE-DDJH,16718,False
150024,NYSE-DDJH,16717,False
150024,NYSE-DDJH,16716,False
150024,NYSE-DDJH,16715,False
150024,NYSE-DDJH,16713,False
150024,NYSE-DDJH,16712,False
150024,NYSE-DDJH,16714,False
150024,NYSE-INA,17086,False
150024,NYSE-INA,17085,False
150024,NYSE-INA,17084,False
150024,NYSE-INA,17083,False
150024,NYSE-INA,17082,False
150024,NYSE-INA,17081,False
150024,NYSE-INA,17080,False
150024,NYSE-INA,17079,False
150024,NYSE-JNAF,16438,False
150024,NYSE-JNAF,16436,False
150024,NYSE-JNAF,16434,False
150024,NYSE-JNAF,16432,False
150024,NYSE-JNAF,16430,False
150024,NYSE-JNAF,16437,False
150024,NYSE-JNAF,16435,False
150024,NYSE-JNAF,16433,False
150024,NYSE-JNAF,16429,False
150024,NYSE-JNAF,16431,False
150025,NYSE-JZRO,17299,False
150025,NYSE-JZRO,17297,False
150025,NYSE-JZRO,17305,False
150025,NYSE-JZRO,17303,False
150025,NYSE-JZRO,17301,False
150025,NYSE-JZRO,17300,False
150025,NYSE-JZRO,17298,False
150025,NYSE-JZRO,17296,False
150025,NYSE-JZRO,17302,False
150025,NYSE-JZRO,17304,False
150025,NYSE-KRAS,16773,False
150025,NYSE-KRAS,16772,False
150025,NYSE-KRAS,16770,False
150025,NYSE-KRAS,16768,False
150025,NYSE-KRAS,16776,False
150025,NYSE-KRAS,16777,False
150025,NYSE-KRAS,16775,False
150025,NYSE-KRAS,16774,False
150025,NYSE-KRAS,16769,False
150025,NYSE-KRAS,16771,False
150025,NYSE-KTST,16872,False
150025,NYSE-KTST,16871,False
150025,NYSE-KTST,16868,False
150025,NYSE-KTST,16866,False
150025,NYSE-KTST,16865,False
150025,NYSE-KTST,16863,False
150025,NYSE-KTST,16870,False
150025,NYSE-KTST,16864,False
150025,NYSE-KTST,16869,False
150025,NYSE-KTST,16867,False
150025,NYSE-MDKA,16408,False
150025,NYSE-MDKA,16407,False
150025,NYSE-MDKA,16406,False
150025,NYSE-MDKA,16404,False
150025,NYSE-MDKA,16402,False
150025,NYSE-MDKA,16400,False
150025,NYSE-MDKA,16403,False
150025,NYSE-MDKA,16405,False
150025,NYSE-MDKA,16401,False
150025,NYSE-MDKA,16409,False
150025,NYSE-NGUP,17319,False
150025,NYSE-NGUP,17316,False
150025,NYSE-NGUP,17320,False
150025,NYSE-NGUP,17318,False
150025,NYSE-NGUP,17321,False
150025,NYSE-SIMP,17076,False
150025,NYSE-SIMP,17075,False
150025,NYSE-SIMP,17074,False
150025,NYSE-SIMP,17073,False
150025,NYSE-SIMP,17072,False
150025,NYSE-SIMP,17070,False
150025,NYSE-SIMP,17068,False
150025,NYSE-SIMP,17077,False
150025,NYSE-SIMP,17069,False
150025,NYSE-SIMP,17071,False
150025,NYSE-XFR,15935,False
150025,NYSE-XFR,16449,False
150025,NYSE-XFR,16450,False
150025,NYSE-ZABA,16629,False
150025,NYSE-ZABA,16628,False
150025,NYSE-ZABA,16627,False
150025,NYSE-ZABA,16626,False
150025,NYSE-ZABA,16625,False
150025,NYSE-ZABA,16624,False
150025,NYSE-ZABA,16623,False
150025,NYSE-ZABA,16622,False
150025,NYSE-ZABA,16620,False
150025,NYSE-ZABA,16621,False
150026,NYSE-ETFA,16756,False
150026,NYSE-SIMP,17088,False
150123,NYSE-ETFA3,16694,False
150123,NYSE-ETFA3,16692,False
150123,NYSE-ETFA3,16690,False
150123,NYSE-ETFA3,16688,False
150123,NYSE-ETFA3,16697,False
150123,NYSE-ETFA3,16693,False
150123,NYSE-ETFA3,16691,False
150123,NYSE-ETFA3,16689,False
150123,NYSE-ETFA3,16695,False
150123,NYSE-ETFA3,16696,False
150123,NYSE-ETFA,16755,False
150123,NYSE-ETFA,16753,False
150123,NYSE-ETFA,16751,False
150123,NYSE-ETFA,16750,False
150123,NYSE-ETFA,16748,False
150123,NYSE-ETFA,16746,False
150123,NYSE-ETFA,16754,False
150123,NYSE-ETFA,16752,False
150123,NYSE-ETFA,16749,False
150123,NYSE-ETFA,16747,False
150124,NYSE-CARD,18373,False
150124,NYSE-CARD,18379,False
150124,NYSE-CARD,18375,False
150124,NYSE-CARD,18381,False
150124,NYSE-CARD,18377,False
150124,NYSE-CARD,18382,False
150124,NYSE-CARD,18380,False
150124,NYSE-CARD,18378,False
150124,NYSE-CARD,18376,False
150124,NYSE-CARD,18374,False
150124,NYSE-DDJH,16730,False
150124,NYSE-DDJH,16729,False
150124,NYSE-DDJH,16728,False
150124,NYSE-DDJH,16725,False
150124,NYSE-DDJH,16724,False
150124,NYSE-DDJH,16723,False
150124,NYSE-DDJH,16722,False
150124,NYSE-DDJH,16727,False
150124,NYSE-DDJH,16731,False
150124,NYSE-DDJH,16726,False
150124,NYSE-INA,17096,False
150124,NYSE-INA,17094,False
150124,NYSE-INA,17093,False
150124,NYSE-INA,17092,False
150124,NYSE-INA,17091,False
150124,NYSE-INA,17090,False
150124,NYSE-INA,17089,False
150124,NYSE-INA,17095,False
150124,NYSE-JNAF,16440,False
150124,NYSE-JNAF,16439,False
150124,NYSE-JNAF,16447,False
150124,NYSE-JNAF,16445,False
150124,NYSE-JNAF,16443,False
150124,NYSE-JNAF,16441,False
150124,NYSE-JNAF,16448,False
150124,NYSE-JNAF,16446,False
150124,NYSE-JNAF,16442,False
150124,NYSE-JNAF,16444,False
150124,NYSE-JZRO,17311,False
150124,NYSE-JZRO,17309,False
150124,NYSE-JZRO,17315,False
150124,NYSE-JZRO,17314,False
150124,NYSE-JZRO,17313,False
150124,NYSE-JZRO,17307,False
150124,NYSE-JZRO,17306,False
150124,NYSE-JZRO,17308,False
150124,NYSE-JZRO,17310,False
150124,NYSE-JZRO,17312,False
150124,NYSE-KRAS,16787,False
150124,NYSE-KRAS,16785,False
150124,NYSE-KRAS,16783,False
150124,NYSE-KRAS,16781,False
150124,NYSE-KRAS,16779,False
150124,NYSE-KRAS,16778,False
150124,NYSE-KRAS,16782,False
150124,NYSE-KRAS,16780,False
150124,NYSE-KRAS,16784,False
150124,NYSE-KRAS,16786,False
150124,NYSE-KTST,16876,False
150124,NYSE-KTST,16875,False
150124,NYSE-KTST,16874,False
150124,NYSE-KTST,16873,False
150124,NYSE-KTST,16881,False
150124,NYSE-KTST,16879,False
150124,NYSE-KTST,16877,False
150124,NYSE-KTST,16882,False
150124,NYSE-KTST,16878,False
150124,NYSE-KTST,16880,False
150124,NYSE-MDKA,16418,False
150124,NYSE-MDKA,16416,False
150124,NYSE-MDKA,16412,False
150124,NYSE-MDKA,16410,False
150124,NYSE-MDKA,16414,False
150124,NYSE-MDKA,16419,False
150124,NYSE-MDKA,16417,False
150124,NYSE-MDKA,16415,False
150124,NYSE-MDKA,16413,False
150124,NYSE-MDKA,16411,False
150125,NYSE-NGUP,17331,False
150125,NYSE-NGUP,17329,False
150125,NYSE-NGUP,17328,False
150125,NYSE-NGUP,17327,False
150125,NYSE-NGUP,17330,False
150125,NYSE-SIMP,17086,False
150125,NYSE-SIMP,17085,False
150125,NYSE-SIMP,17084,False
150125,NYSE-SIMP,17083,False
150125,NYSE-SIMP,17082,False
150125,NYSE-SIMP,17081,False
150125,NYSE-SIMP,17080,False
150125,NYSE-SIMP,17079,False
150125,NYSE-SIMP,17087,False
150125,NYSE-SIMP,17078,False
150125,NYSE-XFR,15947,False
150125,NYSE-XFR,16459,False
150125,NYSE-XFR,16460,False
150125,NYSE-ZABA,16638,False
150125,NYSE-ZABA,16637,False
150125,NYSE-ZABA,16636,False
150125,NYSE-ZABA,16635,False
150125,NYSE-ZABA,16634,False
150125,NYSE-ZABA,16633,False
150125,NYSE-ZABA,16631,False
150125,NYSE-ZABA,16630,False
150125,NYSE-ZABA,16632,False
150125,NYSE-ZABA,16639,False
150216,NYSE-CARD,18396,False
150216,NYSE-KRAS,16798,False
150223,NYSE-ETFA3,16706,False
150223,NYSE-ETFA3,16698,False
150223,NYSE-ETFA3,16700,False
150223,NYSE-ETFA3,16704,False
150223,NYSE-ETFA3,16702,False
150223,NYSE-ETFA3,16707,False
150223,NYSE-ETFA3,16705,False
150223,NYSE-ETFA3,16703,False
150223,NYSE-ETFA3,16699,False
150223,NYSE-ETFA3,16701,False
150223,NYSE-ETFA,16762,False
150223,NYSE-ETFA,16761,False
150223,NYSE-ETFA,16759,False
150223,NYSE-ETFA,16766,False
150223,NYSE-ETFA,16764,False
150223,NYSE-ETFA,16767,False
150223,NYSE-ETFA,16765,False
150223,NYSE-ETFA,16763,False
150223,NYSE-ETFA,16760,False
150223,NYSE-ETFA,16758,False
150224,NYSE-CARD,18394,False
150224,NYSE-CARD,18392,False
150224,NYSE-CARD,18390,False
150224,NYSE-CARD,18388,False
150224,NYSE-CARD,18386,False
150224,NYSE-CARD,18387,False
150224,NYSE-CARD,18391,False
150224,NYSE-CARD,18389,False
150224,NYSE-CARD,18393,False
150224,NYSE-CARD,18385,False
150224,NYSE-DDJH,16741,False
150224,NYSE-DDJH,16738,False
150224,NYSE-DDJH,16736,False
150224,NYSE-DDJH,16735,False
150224,NYSE-DDJH,16734,False
150224,NYSE-DDJH,16733,False
150224,NYSE-DDJH,16732,False
150224,NYSE-DDJH,16739,False
150224,NYSE-DDJH,16737,False
150224,NYSE-DDJH,16740,False
150224,NYSE-INA,17105,False
150224,NYSE-INA,17104,False
150224,NYSE-INA,17102,False
150224,NYSE-INA,17101,False
150224,NYSE-INA,17100,False
150224,NYSE-INA,17099,False
150224,NYSE-INA,17106,False
150224,NYSE-INA,17103,False
150224,NYSE-JNAF,16449,False
150224,NYSE-JNAF,16453,False
150224,NYSE-JNAF,16451,False
150224,NYSE-JNAF,16455,False
150224,NYSE-JNAF,16457,False
150224,NYSE-JNAF,16458,False
150224,NYSE-JNAF,16456,False
150224,NYSE-JNAF,16450,False
150224,NYSE-JNAF,16454,False
150224,NYSE-JNAF,16452,False
150224,NYSE-JZRO,17319,False
150224,NYSE-JZRO,17317,False
150224,NYSE-JZRO,17320,False
150224,NYSE-JZRO,17322,False
150224,NYSE-JZRO,17324,False
150224,NYSE-JZRO,17326,False
150224,NYSE-JZRO,17318,False
150224,NYSE-JZRO,17321,False
150224,NYSE-JZRO,17323,False
150224,NYSE-JZRO,17325,False
150224,NYSE-KRAS,16797,False
150224,NYSE-KRAS,16796,False
150224,NYSE-KRAS,16794,False
150224,NYSE-KRAS,16790,False
150224,NYSE-KRAS,16795,False
150224,NYSE-KRAS,16792,False
150224,NYSE-KRAS,16793,False
150224,NYSE-KRAS,16788,False
150224,NYSE-KRAS,16791,False
150224,NYSE-KRAS,16789,False
150224,NYSE-KTST,16892,False
150224,NYSE-KTST,16891,False
150224,NYSE-KTST,16890,False
150224,NYSE-KTST,16888,False
150224,NYSE-KTST,16887,False
150224,NYSE-KTST,16886,False
150224,NYSE-KTST,16885,False
150224,NYSE-KTST,16884,False
150224,NYSE-KTST,16883,False
150224,NYSE-KTST,16889,False
150224,NYSE-MDKA,16428,False
150224,NYSE-MDKA,16424,False
150224,NYSE-MDKA,16420,False
150224,NYSE-MDKA,16422,False
150224,NYSE-MDKA,16426,False
150224,NYSE-MDKA,16421,False
150224,NYSE-MDKA,16423,False
150224,NYSE-MDKA,16425,False
150224,NYSE-MDKA,16427,False
150224,NYSE-MDKA,16429,False
150225,NYSE-NGUP,17342,False
150225,NYSE-NGUP,17341,False
150225,NYSE-NGUP,17339,False
150225,NYSE-NGUP,17337,False
150225,NYSE-NGUP,17338,False
150225,NYSE-NGUP,17340,False
150225,NYSE-SIMP,17096,False
150225,NYSE-SIMP,17094,False
150225,NYSE-SIMP,17093,False
150225,NYSE-SIMP,17092,False
150225,NYSE-SIMP,17091,False
150225,NYSE-SIMP,17090,False
150225,NYSE-SIMP,17089,False
150225,NYSE-SIMP,17098,False
150225,NYSE-SIMP,17097,False
150225,NYSE-SIMP,17095,False
150225,NYSE-XFR,15955,False
150225,NYSE-XFR,15957,False
150225,NYSE-XFR,15953,False
150225,NYSE-XFR,16470,False
150225,NYSE-XFR,16469,False
150225,NYSE-ZABA,16649,False
150225,NYSE-ZABA,16648,False
150225,NYSE-ZABA,16647,False
150225,NYSE-ZABA,16645,False
150225,NYSE-ZABA,16644,False
150225,NYSE-ZABA,16642,False
150225,NYSE-ZABA,16641,False
150225,NYSE-ZABA,16640,False
150225,NYSE-ZABA,16643,False
150225,NYSE-ZABA,16646,False
150323,NYSE-ETFA3,16716,False
150323,NYSE-ETFA3,16712,False
150323,NYSE-ETFA3,16710,False
150323,NYSE-ETFA3,16708,False
150323,NYSE-ETFA3,16717,False
150323,NYSE-ETFA3,16715,False
150323,NYSE-ETFA3,16713,False
150323,NYSE-ETFA3,16709,False
150323,NYSE-ETFA3,16711,False
150323,NYSE-ETFA3,16714,False
150323,NYSE-ETFA,16777,False
150323,NYSE-ETFA,16773,False
150323,NYSE-ETFA,16772,False
150323,NYSE-ETFA,16770,False
150323,NYSE-ETFA,16768,False
150323,NYSE-ETFA,16776,False
150323,NYSE-ETFA,16771,False
150323,NYSE-ETFA,16769,False
150323,NYSE-ETFA,16775,False
150323,NYSE-ETFA,16774,False
150323,NYSE-CARD,18406,False
150323,NYSE-CARD,18402,False
150323,NYSE-CARD,18400,False
150323,NYSE-CARD,18398,False
150323,NYSE-CARD,18399,False
150323,NYSE-CARD,18401,False
150323,NYSE-CARD,18397,False
150323,NYSE-CARD,18403,False
150323,NYSE-CARD,18405,False
150323,NYSE-CARD,18404,False
150323,NYSE-DDJH,16750,False
150323,NYSE-DDJH,16748,False
150323,NYSE-DDJH,16746,False
150323,NYSE-DDJH,16745,False
150323,NYSE-DDJH,16743,False
150323,NYSE-DDJH,16749,False
150323,NYSE-DDJH,16751,False
150323,NYSE-DDJH,16744,False
150323,NYSE-DDJH,16747,False
150323,NYSE-DDJH,16752,False
150323,NYSE-INA,17116,False
150323,NYSE-INA,17115,False
150323,NYSE-INA,17114,False
150323,NYSE-INA,17113,False
150323,NYSE-INA,17110,False
150323,NYSE-INA,17112,False
150323,NYSE-INA,17109,False
150323,NYSE-INA,17111,False
150323,NYSE-JNAF,16459,False
150323,NYSE-JNAF,16468,False
150323,NYSE-JNAF,16466,False
150323,NYSE-JNAF,16465,False
150323,NYSE-JNAF,16464,False
150323,NYSE-JNAF,16462,False
150323,NYSE-JNAF,16461,False
150323,NYSE-JNAF,16467,False
150323,NYSE-JNAF,16460,False
150324,NYSE-JNAF,16463,False
150324,NYSE-JZRO,17332,False
150324,NYSE-JZRO,17331,False
150324,NYSE-JZRO,17329,False
150324,NYSE-JZRO,17328,False
150324,NYSE-JZRO,17327,False
150324,NYSE-JZRO,17333,False
150324,NYSE-JZRO,17335,False
150324,NYSE-JZRO,17334,False
150324,NYSE-JZRO,17330,False
150324,NYSE-JZRO,17336,False
150324,NYSE-KRAS,16807,False
150324,NYSE-KRAS,16805,False
150324,NYSE-KRAS,16804,False
150324,NYSE-KRAS,16803,False
150324,NYSE-KRAS,16802,False
150324,NYSE-KRAS,16801,False
150324,NYSE-KRAS,16800,False
150324,NYSE-KRAS,16799,False
150324,NYSE-KRAS,16806,False
150324,NYSE-KRAS,16808,False
150324,NYSE-KTST,16902,False
150324,NYSE-KTST,16900,False
150324,NYSE-KTST,16899,False
150324,NYSE-KTST,16898,False
150324,NYSE-KTST,16897,False
150324,NYSE-KTST,16896,False
150324,NYSE-KTST,16895,False
150324,NYSE-KTST,16904,False
150324,NYSE-KTST,16903,False
150324,NYSE-KTST,16901,False
150324,NYSE-MDKA,16441,False
150324,NYSE-MDKA,16440,False
150324,NYSE-MDKA,16439,False
150324,NYSE-MDKA,16438,False
150324,NYSE-MDKA,16436,False
150324,NYSE-MDKA,16434,False
150324,NYSE-MDKA,16432,False
150324,NYSE-MDKA,16437,False
150324,NYSE-MDKA,16435,False
150324,NYSE-MDKA,16433,False
150324,NYSE-NGUP,17352,False
150324,NYSE-NGUP,17351,False
150324,NYSE-NGUP,17349,False
150324,NYSE-NGUP,17348,False
150324,NYSE-NGUP,17350,False
150324,NYSE-SIMP,17105,False
150324,NYSE-SIMP,17104,False
150324,NYSE-SIMP,17102,False
150324,NYSE-SIMP,17101,False
150324,NYSE-SIMP,17100,False
150324,NYSE-SIMP,17099,False
150324,NYSE-SIMP,17107,False
150324,NYSE-SIMP,17108,False
150324,NYSE-SIMP,17106,False
150324,NYSE-SIMP,17103,False
150324,NYSE-XFR,16481,False
150324,NYSE-ZABA,16659,False
150324,NYSE-ZABA,16658,False
150324,NYSE-ZABA,16657,False
150324,NYSE-ZABA,16655,False
150324,NYSE-ZABA,16654,False
150324,NYSE-ZABA,16652,False
150324,NYSE-ZABA,16651,False
150324,NYSE-ZABA,16650,False
150324,NYSE-ZABA,16656,False
150324,NYSE-ZABA,16653,False
150393,NYSE-DDJH,16764,False
150410,NYSE-JZRO,16818,False
150410,NYSE-JZRO,16820,False
150410,NYSE-XFR,15968,False
150410,NYSE-XFR,15964,False
150410,NYSE-XFR,15966,False
150423,NYSE-ETFA3,16728,False
150423,NYSE-ETFA3,16720,False
150423,NYSE-ETFA3,16719,False
150423,NYSE-ETFA3,16722,False
150423,NYSE-ETFA3,16726,False
150423,NYSE-ETFA3,16724,False
150423,NYSE-ETFA3,16727,False
150423,NYSE-ETFA3,16725,False
150423,NYSE-ETFA3,16723,False
150423,NYSE-ETFA3,16721,False
150423,NYSE-ETFA,16781,False
150423,NYSE-ETFA,16786,False
150423,NYSE-ETFA,16784,False
150423,NYSE-ETFA,16788,False
150423,NYSE-ETFA,16789,False
150423,NYSE-ETFA,16787,False
150423,NYSE-ETFA,16785,False
150423,NYSE-ETFA,16783,False
150423,NYSE-ETFA,16782,False
150423,NYSE-ETFA,16780,False
150424,NYSE-CARD,18418,False
150424,NYSE-CARD,18414,False
150424,NYSE-CARD,18412,False
150424,NYSE-CARD,18416,False
150424,NYSE-CARD,18410,False
150424,NYSE-CARD,18409,False
150424,NYSE-CARD,18411,False
150424,NYSE-CARD,18413,False
150424,NYSE-CARD,18415,False
150424,NYSE-CARD,18417,False
150424,NYSE-DDJH,16761,False
150424,NYSE-DDJH,16759,False
150424,NYSE-DDJH,16757,False
150424,NYSE-DDJH,16763,False
150424,NYSE-DDJH,16755,False
150424,NYSE-DDJH,16758,False
150424,NYSE-DDJH,16756,False
150424,NYSE-DDJH,16754,False
150424,NYSE-DDJH,16760,False
150424,NYSE-DDJH,16762,False
150424,NYSE-INA,17127,False
150424,NYSE-INA,17125,False
150424,NYSE-INA,17123,False
150424,NYSE-INA,17122,False
150424,NYSE-INA,17121,False
150424,NYSE-INA,17124,False
150424,NYSE-INA,17126,False
150424,NYSE-INA,17120,False
150424,NYSE-JNAF,15972,False
150424,NYSE-JNAF,16470,False
150424,NYSE-JNAF,16479,False
150424,NYSE-JNAF,16478,False
150424,NYSE-JNAF,16477,False
150424,NYSE-JNAF,16476,False
150424,NYSE-JNAF,16474,False
150424,NYSE-JNAF,16472,False
150424,NYSE-JNAF,16471,False
150424,NYSE-JNAF,16473,False
150424,NYSE-JNAF,16475,False
150424,NYSE-JZRO,17342,False
150424,NYSE-JZRO,17341,False
150424,NYSE-JZRO,17339,False
150424,NYSE-JZRO,17346,False
150424,NYSE-JZRO,17344,False
150424,NYSE-JZRO,17343,False
150424,NYSE-JZRO,17338,False
150424,NYSE-JZRO,17340,False
150424,NYSE-JZRO,17345,False
150424,NYSE-JZRO,17347,False
150424,NYSE-KRAS,16817,False
150424,NYSE-KRAS,16815,False
150424,NYSE-KRAS,16813,False
150424,NYSE-KRAS,16811,False
150424,NYSE-KRAS,16809,False
150424,NYSE-KRAS,16812,False
150424,NYSE-KRAS,16810,False
150424,NYSE-KRAS,16814,False
150424,NYSE-KRAS,16818,False
150424,NYSE-KRAS,16816,False
150424,NYSE-KTST,16912,False
150424,NYSE-KTST,16910,False
150424,NYSE-KTST,16909,False
150424,NYSE-KTST,16908,False
150424,NYSE-KTST,16907,False
150424,NYSE-KTST,16914,False
150424,NYSE-KTST,16906,False
150424,NYSE-KTST,16911,False
150424,NYSE-KTST,16913,False
150424,NYSE-KTST,16915,False
150425,NYSE-MDKA,16451,False
150425,NYSE-MDKA,16449,False
150425,NYSE-MDKA,16447,False
150425,NYSE-MDKA,16445,False
150425,NYSE-MDKA,16443,False
150425,NYSE-MDKA,16450,False
150425,NYSE-MDKA,16448,False
150425,NYSE-MDKA,16446,False
150425,NYSE-MDKA,16444,False
150425,NYSE-MDKA,16452,False
150425,NYSE-NGUP,17363,False
150425,NYSE-NGUP,17362,False
150425,NYSE-NGUP,17359,False
150425,NYSE-NGUP,17360,False
150425,NYSE-NGUP,17361,False
150425,NYSE-NGUP,17358,False
150425,NYSE-SIMP,17117,False
150425,NYSE-SIMP,17116,False
150425,NYSE-SIMP,17115,False
150425,NYSE-SIMP,17114,False
150425,NYSE-SIMP,17113,False
150425,NYSE-SIMP,17110,False
150425,NYSE-SIMP,17119,False
150425,NYSE-SIMP,17112,False
150425,NYSE-SIMP,17111,False
150425,NYSE-SIMP,17118,False
150425,NYSE-XFR,15976,False
150425,NYSE-XFR,15978,False
150425,NYSE-XFR,15974,False
150425,NYSE-XFR,16493,False
150425,NYSE-XFR,16491,False
150425,NYSE-ZABA,16670,False
150425,NYSE-ZABA,16667,False
150425,NYSE-ZABA,16666,False
150425,NYSE-ZABA,16665,False
150425,NYSE-ZABA,16663,False
150425,NYSE-ZABA,16662,False
150425,NYSE-ZABA,16661,False
150425,NYSE-ZABA,16664,False
150425,NYSE-ZABA,16668,False
150425,NYSE-ZABA,16669,False
150446,NYSE-DDJH,16775,False
150446,NYSE-CARD,18429,False
150523,NYSE-ETFA3,16730,False
150523,NYSE-ETFA3,16736,False
150523,NYSE-ETFA3,16734,False
150523,NYSE-ETFA3,16737,False
150523,NYSE-ETFA3,16735,False
150523,NYSE-ETFA3,16733,False
150523,NYSE-ETFA3,16731,False
150523,NYSE-ETFA3,16729,False
150523,NYSE-ETFA3,16738,False
150523,NYSE-ETFA3,16732,False
150523,NYSE-ETFA,16798,False
150523,NYSE-ETFA,16794,False
150523,NYSE-ETFA,16792,False
150523,NYSE-ETFA,16790,False
150523,NYSE-ETFA,16799,False
150523,NYSE-ETFA,16797,False
150523,NYSE-ETFA,16795,False
150523,NYSE-ETFA,16793,False
150523,NYSE-ETFA,16791,False
150523,NYSE-ETFA,16796,False
150523,NYSE-CARD,18428,False
150523,NYSE-CARD,18426,False
150523,NYSE-CARD,18425,False
150523,NYSE-CARD,18424,False
150523,NYSE-CARD,18423,False
150523,NYSE-CARD,18422,False
150523,NYSE-CARD,18420,False
150523,NYSE-CARD,18419,False
150523,NYSE-CARD,18421,False
150523,NYSE-CARD,18427,False
150523,NYSE-DDJH,16773,False
150523,NYSE-DDJH,16772,False
150523,NYSE-DDJH,16770,False
150523,NYSE-DDJH,16768,False
150523,NYSE-DDJH,16766,False
150523,NYSE-DDJH,16774,False
150523,NYSE-DDJH,16769,False
150523,NYSE-DDJH,16771,False
150523,NYSE-DDJH,16765,False
150523,NYSE-DDJH,16767,False
150523,NYSE-INA,17137,False
150523,NYSE-INA,17131,False
150523,NYSE-INA,17130,False
150523,NYSE-INA,17135,False
150523,NYSE-INA,17134,False
150523,NYSE-INA,17132,False
150523,NYSE-INA,17133,False
150523,NYSE-INA,17136,False
150523,NYSE-JNAF,16482,False
150523,NYSE-JNAF,16481,False
150523,NYSE-JNAF,16489,False
150523,NYSE-JNAF,16488,False
150523,NYSE-JNAF,16486,False
150523,NYSE-JNAF,16484,False
150523,NYSE-JNAF,16480,False
150523,NYSE-JNAF,16487,False
150524,NYSE-JNAF,15982,False
150524,NYSE-JNAF,16483,False
150524,NYSE-JNAF,16485,False
150524,NYSE-JZRO,16842,False
150524,NYSE-JZRO,17352,False
150524,NYSE-JZRO,17351,False
150524,NYSE-JZRO,17349,False
150524,NYSE-JZRO,17357,False
150524,NYSE-JZRO,17354,False
150524,NYSE-JZRO,17348,False
150524,NYSE-JZRO,17355,False
150524,NYSE-JZRO,17350,False
150524,NYSE-JZRO,17353,False
150524,NYSE-JZRO,17356,False
150524,NYSE-KRAS,16828,False
150524,NYSE-KRAS,16827,False
150524,NYSE-KRAS,16826,False
150524,NYSE-KRAS,16825,False
150524,NYSE-KRAS,16824,False
150524,NYSE-KRAS,16821,False
150524,NYSE-KRAS,16819,False
150524,NYSE-KRAS,16823,False
150524,NYSE-KTST,16925,False
150524,NYSE-KTST,16924,False
150524,NYSE-KTST,16922,False
150524,NYSE-KTST,16919,False
150524,NYSE-KTST,16917,False
150524,NYSE-KTST,16916,False
150524,NYSE-KTST,16923,False
150524,NYSE-KTST,16921,False
150524,NYSE-KTST,16918,False
150524,NYSE-KTST,16920,False
150524,NYSE-MDKA,16462,False
150524,NYSE-MDKA,16461,False
150524,NYSE-MDKA,16459,False
150524,NYSE-MDKA,16455,False
150524,NYSE-MDKA,16457,False
150524,NYSE-MDKA,16458,False
150524,NYSE-MDKA,16456,False
150524,NYSE-MDKA,16460,False
150524,NYSE-MDKA,16454,False
150524,NYSE-MDKA,16463,False
150524,NYSE-NGUP,17373,False
150524,NYSE-NGUP,17370,False
150524,NYSE-NGUP,17371,False
150524,NYSE-NGUP,17369,False
150524,NYSE-NGUP,17372,False
150524,NYSE-SIMP,17127,False
150524,NYSE-SIMP,17125,False
150524,NYSE-SIMP,17123,False
150524,NYSE-SIMP,17122,False
150524,NYSE-SIMP,17121,False
150524,NYSE-SIMP,17129,False
150524,NYSE-SIMP,17128,False
150524,NYSE-SIMP,17124,False
150524,NYSE-SIMP,17126,False
150524,NYSE-SIMP,17120,False
150524,NYSE-XFR,15988,False
150524,NYSE-XFR,15990,False
150524,NYSE-XFR,15984,False
150524,NYSE-XFR,15986,False
150524,NYSE-XFR,16502,False
150524,NYSE-XFR,16501,False
150524,NYSE-XFR,16500,False
150524,NYSE-XFR,16503,False
150524,NYSE-ZABA,16679,False
150524,NYSE-ZABA,16678,False
150524,NYSE-ZABA,16677,False
150524,NYSE-ZABA,16675,False
150524,NYSE-ZABA,16673,False
150524,NYSE-ZABA,16672,False
150524,NYSE-ZABA,16676,False
150524,NYSE-ZABA,16671,False
150524,NYSE-ZABA,16680,False
150524,NYSE-ZABA,16674,False
150565,NYSE-JZRO,17370,False
150565,NYSE-ZABA,16691,False
150565,NYSE-JZRO,17371,False
150610,NYSE-KTST,16862,False
150610,NYSE-DDJH,16711,False
150610,NYSE-ETFA,16735,False
150610,NYSE-MDKA,16399,False
150610,NYSE-KRAS,16767,False
150610,NYSE-ETFA3,16677,False
150610,NYSE-XFR,16440,False
150623,NYSE-ETFA3,16744,False
150623,NYSE-ETFA3,16742,False
150623,NYSE-ETFA3,16750,False
150623,NYSE-ETFA3,16748,False
150623,NYSE-ETFA3,16746,False
150623,NYSE-ETFA3,16749,False
150623,NYSE-ETFA3,16747,False
150623,NYSE-ETFA3,16745,False
150623,NYSE-ETFA3,16743,False
150623,NYSE-ETFA3,16741,False
150623,NYSE-ETFA,16804,False
150623,NYSE-ETFA,16805,False
150623,NYSE-ETFA,16811,False
150623,NYSE-ETFA,16809,False
150623,NYSE-ETFA,16807,False
150623,NYSE-ETFA,16802,False
150623,NYSE-ETFA,16806,False
150623,NYSE-ETFA,16810,False
150623,NYSE-ETFA,16808,False
150623,NYSE-ETFA,16803,False
150624,NYSE-CARD,18438,False
150624,NYSE-CARD,18437,False
150624,NYSE-CARD,18436,False
150624,NYSE-CARD,18439,False
150624,NYSE-CARD,18431,False
150624,NYSE-CARD,18433,False
150624,NYSE-CARD,18435,False
150624,NYSE-CARD,18430,False
150624,NYSE-CARD,18432,False
150624,NYSE-CARD,18434,False
150624,NYSE-DDJH,16785,False
150624,NYSE-DDJH,16783,False
150624,NYSE-DDJH,16781,False
150624,NYSE-DDJH,16779,False
150624,NYSE-DDJH,16777,False
150624,NYSE-DDJH,16778,False
150624,NYSE-DDJH,16782,False
150624,NYSE-DDJH,16780,False
150624,NYSE-DDJH,16784,False
150624,NYSE-DDJH,16786,False
150624,NYSE-INA,17147,False
150624,NYSE-INA,17145,False
150624,NYSE-INA,17144,False
150624,NYSE-INA,17143,False
150624,NYSE-INA,17142,False
150624,NYSE-INA,17140,False
150624,NYSE-INA,17146,False
150624,NYSE-INA,17141,False
150624,NYSE-JNAF,16493,False
150624,NYSE-JNAF,16491,False
150624,NYSE-JNAF,16499,False
150624,NYSE-JNAF,16498,False
150624,NYSE-JNAF,16497,False
150624,NYSE-JNAF,16496,False
150624,NYSE-JNAF,16495,False
150624,NYSE-JNAF,16492,False
150624,NYSE-JNAF,16490,False
150624,NYSE-JNAF,16494,False
150624,NYSE-JZRO,17363,False
150624,NYSE-JZRO,17362,False
150624,NYSE-JZRO,17359,False
150624,NYSE-JZRO,17367,False
150624,NYSE-JZRO,17365,False
150624,NYSE-JZRO,17360,False
150624,NYSE-JZRO,17366,False
150624,NYSE-JZRO,17361,False
150624,NYSE-JZRO,17364,False
150624,NYSE-JZRO,17368,False
150624,NYSE-KRAS,16839,False
150624,NYSE-KRAS,16838,False
150624,NYSE-KRAS,16836,False
150624,NYSE-KRAS,16835,False
150624,NYSE-KRAS,16833,False
150624,NYSE-KRAS,16832,False
150624,NYSE-KRAS,16831,False
150624,NYSE-KRAS,16830,False
150624,NYSE-KRAS,16834,False
150624,NYSE-KRAS,16837,False
150624,NYSE-KTST,16936,False
150624,NYSE-KTST,16933,False
150624,NYSE-KTST,16932,False
150624,NYSE-KTST,16930,False
150624,NYSE-KTST,16929,False
150624,NYSE-KTST,16928,False
150624,NYSE-KTST,16927,False
150624,NYSE-KTST,16931,False
150624,NYSE-KTST,16934,False
150624,NYSE-KTST,16935,False
150624,NYSE-MDKA,16474,False
150624,NYSE-MDKA,16472,False
150624,NYSE-MDKA,16470,False
150624,NYSE-MDKA,16469,False
150624,NYSE-MDKA,16468,False
150624,NYSE-MDKA,16466,False
150624,NYSE-MDKA,16465,False
150624,NYSE-MDKA,16467,False
150624,NYSE-MDKA,16471,False
150624,NYSE-MDKA,16473,False
150624,NYSE-NGUP,17382,False
150624,NYSE-NGUP,17383,False
150624,NYSE-SIMP,17137,False
150625,NYSE-SIMP,17131,False
150625,NYSE-SIMP,17130,False
150625,NYSE-SIMP,17135,False
150625,NYSE-SIMP,17134,False
150625,NYSE-SIMP,17132,False
150625,NYSE-SIMP,17133,False
150625,NYSE-SIMP,17138,False
150625,NYSE-SIMP,17136,False
150625,NYSE-SIMP,17139,False
150625,NYSE-XFR,15997,False
150625,NYSE-XFR,16514,False
150625,NYSE-XFR,16513,False
150625,NYSE-XFR,16512,False
150625,NYSE-XFR,16511,False
150625,NYSE-XFR,16510,False
150625,NYSE-ZABA,16690,False
150625,NYSE-ZABA,16689,False
150625,NYSE-ZABA,16688,False
150625,NYSE-ZABA,16687,False
150625,NYSE-ZABA,16686,False
150625,NYSE-ZABA,16684,False
150625,NYSE-ZABA,16683,False
150625,NYSE-ZABA,16682,False
150625,NYSE-ZABA,16681,False
150625,NYSE-ZABA,16685,False
150710,NYSE-JNAF,15992,False
150710,NYSE-XFR,16001,False
150710,NYSE-XFR,15999,False
150723,NYSE-ETFA3,16759,False
150723,NYSE-ETFA3,16757,False
150723,NYSE-ETFA3,16755,False
150723,NYSE-ETFA3,16753,False
150723,NYSE-ETFA3,16751,False
150723,NYSE-ETFA3,16760,False
150723,NYSE-ETFA3,16758,False
150723,NYSE-ETFA3,16756,False
150723,NYSE-ETFA3,16754,False
150723,NYSE-ETFA3,16752,False
150724,NYSE-ETFA,16817,False
150724,NYSE-ETFA,16815,False
150724,NYSE-ETFA,16822,False
150724,NYSE-ETFA,16820,False
150724,NYSE-ETFA,16818,False
150724,NYSE-ETFA,16816,False
150724,NYSE-ETFA,16813,False
150724,NYSE-ETFA,16819,False
150724,NYSE-ETFA,16821,False
150724,NYSE-ETFA,16814,False
150724,NYSE-CARD,18448,False
150724,NYSE-CARD,18446,False
150724,NYSE-CARD,18442,False
150724,NYSE-CARD,18441,False
150724,NYSE-CARD,18440,False
150724,NYSE-CARD,18444,False
150724,NYSE-CARD,18443,False
150724,NYSE-CARD,18445,False
150724,NYSE-CARD,18447,False
150724,NYSE-CARD,18449,False
150724,NYSE-DDJH,16798,False
150724,NYSE-DDJH,16797,False
150724,NYSE-DDJH,16796,False
150724,NYSE-DDJH,16794,False
150724,NYSE-DDJH,16790,False
150724,NYSE-DDJH,16795,False
150724,NYSE-DDJH,16792,False
150724,NYSE-DDJH,16793,False
150724,NYSE-DDJH,16791,False
150724,NYSE-DDJH,16789,False
150724,NYSE-INA,17157,False
150724,NYSE-INA,17156,False
150724,NYSE-INA,17155,False
150724,NYSE-INA,17154,False
150724,NYSE-INA,17153,False
150724,NYSE-INA,17152,False
150724,NYSE-JNAF,16504,False
150724,NYSE-JNAF,16502,False
150724,NYSE-JNAF,16501,False
150724,NYSE-JNAF,16500,False
150724,NYSE-JNAF,16509,False
150724,NYSE-JNAF,16508,False
150724,NYSE-JNAF,16507,False
150724,NYSE-JNAF,16505,False
150724,NYSE-JNAF,16506,False
150724,NYSE-JNAF,16503,False
150725,NYSE-JZRO,16859,False
150725,NYSE-JZRO,16861,False
150725,NYSE-JZRO,16865,False
150725,NYSE-JZRO,16863,False
150725,NYSE-JZRO,17373,False
150725,NYSE-JZRO,17381,False
150725,NYSE-JZRO,17379,False
150725,NYSE-JZRO,17375,False
150725,NYSE-JZRO,17377,False
150725,NYSE-JZRO,17378,False
150725,NYSE-JZRO,17374,False
150725,NYSE-JZRO,17376,False
150725,NYSE-JZRO,17380,False
150725,NYSE-JZRO,17372,False
150725,NYSE-KRAS,16850,False
150725,NYSE-KRAS,16849,False
150725,NYSE-KRAS,16848,False
150725,NYSE-KRAS,16844,False
150725,NYSE-KRAS,16842,False
150725,NYSE-KRAS,16846,False
150725,NYSE-KRAS,16841,False
150725,NYSE-KRAS,16843,False
150725,NYSE-KRAS,16845,False
150725,NYSE-KRAS,16847,False
150725,NYSE-KTST,16944,False
150725,NYSE-KTST,16943,False
150725,NYSE-KTST,16942,False
150725,NYSE-KTST,16940,False
150725,NYSE-KTST,16938,False
150725,NYSE-KTST,16941,False
150725,NYSE-KTST,16939,False
150725,NYSE-KTST,16946,False
150725,NYSE-KTST,16937,False
150725,NYSE-KTST,16945,False
150725,NYSE-MDKA,16484,False
150725,NYSE-MDKA,16482,False
150725,NYSE-MDKA,16481,False
150725,NYSE-MDKA,16480,False
150725,NYSE-MDKA,16479,False
150725,NYSE-MDKA,16478,False
150725,NYSE-MDKA,16477,False
150725,NYSE-MDKA,16476,False
150725,NYSE-MDKA,16483,False
150725,NYSE-MDKA,16475,False
150725,NYSE-NGUP,17393,False
150725,NYSE-NGUP,17392,False
150725,NYSE-SIMP,17147,False
150725,NYSE-SIMP,17145,False
150725,NYSE-SIMP,17144,False
150725,NYSE-SIMP,17143,False
150725,NYSE-SIMP,17142,False
150725,NYSE-SIMP,17146,False
150725,NYSE-SIMP,17150,False
150725,NYSE-SIMP,17148,False
150725,NYSE-SIMP,17151,False
150725,NYSE-SIMP,17149,False
150725,NYSE-XFR,16010,False
150725,NYSE-XFR,16006,False
150725,NYSE-XFR,16008,False
150725,NYSE-XFR,16524,False
150725,NYSE-XFR,16522,False
150725,NYSE-ZABA,16700,False
150725,NYSE-ZABA,16699,False
150726,NYSE-ZABA,16697,False
150726,NYSE-ZABA,16696,False
150726,NYSE-ZABA,16695,False
150726,NYSE-ZABA,16693,False
150726,NYSE-ZABA,16692,False
150726,NYSE-ZABA,16701,False
150726,NYSE-ZABA,16694,False
150726,NYSE-ZABA,16698,False
150799,NYSE-KTST,16957,False
150799,NYSE-KTST,16958,False
150822,NYSE-NGUP,17404,False
150823,NYSE-ETFA3,16762,False
150823,NYSE-ETFA3,16761,False
150823,NYSE-ETFA3,16770,False
150823,NYSE-ETFA3,16768,False
150823,NYSE-ETFA3,16766,False
150823,NYSE-ETFA3,16764,False
150823,NYSE-ETFA3,16769,False
150823,NYSE-ETFA3,16767,False
150823,NYSE-ETFA3,16765,False
150823,NYSE-ETFA3,16763,False
150823,NYSE-ETFA,16831,False
150823,NYSE-ETFA,16829,False
150823,NYSE-ETFA,16828,False
150823,NYSE-ETFA,16826,False
150823,NYSE-ETFA,16824,False
150823,NYSE-ETFA,16832,False
150823,NYSE-ETFA,16830,False
150823,NYSE-ETFA,16827,False
150823,NYSE-ETFA,16825,False
150823,NYSE-ETFA,16823,False
150824,NYSE-CARD,18458,False
150824,NYSE-CARD,18455,False
150824,NYSE-CARD,18453,False
150824,NYSE-CARD,18451,False
150824,NYSE-CARD,18450,False
150824,NYSE-CARD,18457,False
150824,NYSE-CARD,18452,False
150824,NYSE-CARD,18454,False
150824,NYSE-CARD,18456,False
150824,NYSE-CARD,18459,False
150824,NYSE-DDJH,16807,False
150824,NYSE-DDJH,16805,False
150824,NYSE-DDJH,16804,False
150824,NYSE-DDJH,16803,False
150824,NYSE-DDJH,16802,False
150824,NYSE-DDJH,16801,False
150824,NYSE-DDJH,16800,False
150824,NYSE-DDJH,16799,False
150824,NYSE-DDJH,16806,False
150824,NYSE-DDJH,16808,False
150824,NYSE-INA,17168,False
150824,NYSE-INA,17166,False
150824,NYSE-INA,17164,False
150824,NYSE-INA,17165,False
150824,NYSE-INA,17167,False
150824,NYSE-JNAF,16014,False
150824,NYSE-JNAF,16514,False
150824,NYSE-JNAF,16513,False
150824,NYSE-JNAF,16512,False
150824,NYSE-JNAF,16511,False
150824,NYSE-JNAF,16519,False
150824,NYSE-JNAF,16518,False
150824,NYSE-JNAF,16517,False
150824,NYSE-JNAF,16516,False
150824,NYSE-JNAF,16515,False
150824,NYSE-JNAF,16520,False
150824,NYSE-JZRO,16875,False
150824,NYSE-JZRO,17382,False
150824,NYSE-JZRO,17390,False
150824,NYSE-JZRO,17388,False
150824,NYSE-JZRO,17386,False
150824,NYSE-JZRO,17384,False
150824,NYSE-JZRO,17383,False
150824,NYSE-JZRO,17385,False
150824,NYSE-JZRO,17387,False
150824,NYSE-JZRO,17389,False
150824,NYSE-JZRO,17391,False
150824,NYSE-KRAS,16861,False
150824,NYSE-KRAS,16860,False
150824,NYSE-KRAS,16859,False
150824,NYSE-KRAS,16857,False
150824,NYSE-KRAS,16856,False
150824,NYSE-KRAS,16854,False
150824,NYSE-KRAS,16853,False
150824,NYSE-KRAS,16855,False
150824,NYSE-KRAS,16852,False
150824,NYSE-KRAS,16858,False
150824,NYSE-KTST,16955,False
150824,NYSE-KTST,16953,False
150824,NYSE-KTST,16951,False
150824,NYSE-KTST,16950,False
150824,NYSE-KTST,16948,False
150824,NYSE-KTST,16956,False
150824,NYSE-KTST,16954,False
150824,NYSE-KTST,16949,False
150824,NYSE-KTST,16947,False
150824,NYSE-KTST,16952,False
150824,NYSE-MDKA,16493,False
150824,NYSE-MDKA,16492,False
150824,NYSE-MDKA,16491,False
150824,NYSE-MDKA,16490,False
150824,NYSE-MDKA,16489,False
150824,NYSE-MDKA,16488,False
150824,NYSE-MDKA,16486,False
150824,NYSE-MDKA,16487,False
150824,NYSE-MDKA,16485,False
150824,NYSE-MDKA,16494,False
150824,NYSE-NGUP,17403,False
150824,NYSE-NGUP,17402,False
150825,NYSE-SIMP,17158,False
150825,NYSE-SIMP,17157,False
150825,NYSE-SIMP,17156,False
150825,NYSE-SIMP,17155,False
150825,NYSE-SIMP,17154,False
150825,NYSE-SIMP,17162,False
150825,NYSE-SIMP,17160,False
150825,NYSE-SIMP,17159,False
150825,NYSE-SIMP,17161,False
150825,NYSE-SIMP,17163,False
150825,NYSE-XFR,16534,False
150825,NYSE-XFR,16532,False
150825,NYSE-ZABA,16710,False
150825,NYSE-ZABA,16708,False
150825,NYSE-ZABA,16707,False
150825,NYSE-ZABA,16706,False
150825,NYSE-ZABA,16705,False
150825,NYSE-ZABA,16711,False
150825,NYSE-ZABA,16704,False
150825,NYSE-ZABA,16709,False
150825,NYSE-ZABA,16702,False
150825,NYSE-ZABA,16703,False
150923,NYSE-ETFA3,16781,False
150923,NYSE-ETFA3,16779,False
150923,NYSE-ETFA3,16777,False
150923,NYSE-ETFA3,16773,False
150923,NYSE-ETFA3,16772,False
150923,NYSE-ETFA3,16780,False
150923,NYSE-ETFA3,16778,False
150923,NYSE-ETFA3,16776,False
150923,NYSE-ETFA3,16775,False
150923,NYSE-ETFA3,16774,False
150923,NYSE-ETFA,16841,False
150923,NYSE-ETFA,16839,False
150923,NYSE-ETFA,16837,False
150923,NYSE-ETFA,16835,False
150923,NYSE-ETFA,16844,False
150923,NYSE-ETFA,16840,False
150923,NYSE-ETFA,16842,False
150923,NYSE-ETFA,16843,False
150923,NYSE-ETFA,16838,False
150923,NYSE-ETFA,16836,False
150923,NYSE-CARD,18468,False
150923,NYSE-CARD,18466,False
150923,NYSE-CARD,18463,False
150923,NYSE-CARD,18461,False
150923,NYSE-CARD,18469,False
150923,NYSE-CARD,18464,False
150923,NYSE-CARD,18470,False
150923,NYSE-CARD,18462,False
150923,NYSE-CARD,18465,False
150923,NYSE-CARD,18467,False
150923,NYSE-DDJH,16819,False
150923,NYSE-DDJH,16817,False
150923,NYSE-DDJH,16815,False
150923,NYSE-DDJH,16813,False
150923,NYSE-DDJH,16811,False
150923,NYSE-DDJH,16812,False
150923,NYSE-DDJH,16810,False
150923,NYSE-DDJH,16814,False
150923,NYSE-DDJH,16818,False
150923,NYSE-DDJH,16816,False
150923,NYSE-INA,17177,False
150923,NYSE-INA,17176,False
150923,NYSE-INA,17178,False
150923,NYSE-JNAF,16524,False
150923,NYSE-JNAF,16522,False
150923,NYSE-JNAF,16530,False
150923,NYSE-JNAF,16529,False
150923,NYSE-JNAF,16527,False
150923,NYSE-JNAF,16523,False
150923,NYSE-JNAF,16521,False
150923,NYSE-JNAF,16528,False
150924,NYSE-JNAF,16525,False
150924,NYSE-JNAF,16526,False
150924,NYSE-JZRO,17393,False
150924,NYSE-JZRO,17392,False
150924,NYSE-JZRO,17401,False
150924,NYSE-JZRO,17400,False
150924,NYSE-JZRO,17399,False
150924,NYSE-JZRO,17398,False
150924,NYSE-JZRO,17397,False
150924,NYSE-JZRO,17395,False
150924,NYSE-JZRO,17394,False
150924,NYSE-JZRO,17396,False
150924,NYSE-KRAS,16872,False
150924,NYSE-KRAS,16871,False
150924,NYSE-KRAS,16868,False
150924,NYSE-KRAS,16866,False
150924,NYSE-KRAS,16865,False
150924,NYSE-KRAS,16863,False
150924,NYSE-KRAS,16870,False
150924,NYSE-KRAS,16864,False
150924,NYSE-KRAS,16869,False
150924,NYSE-KRAS,16867,False
150924,NYSE-KTST,16967,False
150924,NYSE-KTST,16965,False
150924,NYSE-KTST,16963,False
150924,NYSE-KTST,16961,False
150924,NYSE-KTST,16959,False
150924,NYSE-KTST,16968,False
150924,NYSE-KTST,16960,False
150924,NYSE-KTST,16964,False
150924,NYSE-KTST,16966,False
150924,NYSE-KTST,16962,False
150924,NYSE-MDKA,16504,False
150924,NYSE-MDKA,16502,False
150924,NYSE-MDKA,16501,False
150924,NYSE-MDKA,16500,False
150924,NYSE-MDKA,16499,False
150924,NYSE-MDKA,16498,False
150924,NYSE-MDKA,16497,False
150924,NYSE-MDKA,16496,False
150924,NYSE-MDKA,16495,False
150924,NYSE-MDKA,16503,False
150924,NYSE-NGUP,17414,False
150924,NYSE-NGUP,17413,False
150924,NYSE-NGUP,17415,False
150924,NYSE-SIMP,17168,False
150924,NYSE-SIMP,17166,False
150924,NYSE-SIMP,17175,False
150924,NYSE-SIMP,17174,False
150924,NYSE-SIMP,17173,False
150924,NYSE-SIMP,17172,False
150924,NYSE-SIMP,17171,False
150924,NYSE-SIMP,17169,False
150924,NYSE-SIMP,17170,False
150924,NYSE-SIMP,17167,False
150924,NYSE-XFR,16544,False
150924,NYSE-XFR,16543,False
150924,NYSE-XFR,16542,False
150924,NYSE-ZABA,16721,False
150924,NYSE-ZABA,16720,False
150924,NYSE-ZABA,16719,False
150924,NYSE-ZABA,16718,False
150924,NYSE-ZABA,16717,False
150924,NYSE-ZABA,16716,False
150924,NYSE-ZABA,16715,False
150924,NYSE-ZABA,16713,False
150924,NYSE-ZABA,16712,False
150924,NYSE-ZABA,16714,False
151010,NYSE-XFR,16031,False
151010,NYSE-XFR,16029,False
151010,NYSE-XFR,16027,False
151018,NYSE-JZRO,17413,False
151018,NYSE-SIMP,17186,False
151018,NYSE-SIMP,17187,False
151023,NYSE-ETFA3,16786,False
151023,NYSE-ETFA3,16784,False
151023,NYSE-ETFA3,16792,False
151023,NYSE-ETFA3,16790,False
151023,NYSE-ETFA3,16788,False
151023,NYSE-ETFA3,16791,False
151023,NYSE-ETFA3,16789,False
151023,NYSE-ETFA3,16787,False
151023,NYSE-ETFA3,16785,False
151023,NYSE-ETFA3,16783,False
151023,NYSE-ETFA,16855,False
151023,NYSE-ETFA,16853,False
151023,NYSE-ETFA,16850,False
151023,NYSE-ETFA,16852,False
151023,NYSE-ETFA,16848,False
151023,NYSE-ETFA,16846,False
151023,NYSE-ETFA,16854,False
151023,NYSE-ETFA,16847,False
151023,NYSE-ETFA,16851,False
151023,NYSE-ETFA,16849,False
151024,NYSE-CARD,18479,False
151024,NYSE-CARD,18476,False
151024,NYSE-CARD,18474,False
151024,NYSE-CARD,18472,False
151024,NYSE-CARD,18480,False
151024,NYSE-CARD,18475,False
151024,NYSE-CARD,18473,False
151024,NYSE-CARD,18477,False
151024,NYSE-CARD,18478,False
151024,NYSE-CARD,18481,False
151024,NYSE-DDJH,16830,False
151024,NYSE-DDJH,16828,False
151024,NYSE-DDJH,16827,False
151024,NYSE-DDJH,16826,False
151024,NYSE-DDJH,16825,False
151024,NYSE-DDJH,16824,False
151024,NYSE-DDJH,16821,False
151024,NYSE-DDJH,16822,False
151024,NYSE-DDJH,16823,False
151024,NYSE-DDJH,16829,False
151024,NYSE-INA,17189,False
151024,NYSE-INA,17187,False
151024,NYSE-INA,17186,False
151024,NYSE-INA,17188,False
151024,NYSE-JNAF,16534,False
151024,NYSE-JNAF,16532,False
151024,NYSE-JNAF,16541,False
151024,NYSE-JNAF,16540,False
151024,NYSE-JNAF,16539,False
151024,NYSE-JNAF,16538,False
151024,NYSE-JNAF,16537,False
151024,NYSE-JNAF,16536,False
151024,NYSE-JNAF,16535,False
151024,NYSE-JNAF,16533,False
151024,NYSE-JZRO,17404,False
151024,NYSE-JZRO,17403,False
151024,NYSE-JZRO,17411,False
151024,NYSE-JZRO,17409,False
151024,NYSE-JZRO,17407,False
151024,NYSE-JZRO,17405,False
151024,NYSE-JZRO,17406,False
151024,NYSE-JZRO,17408,False
151024,NYSE-JZRO,17410,False
151024,NYSE-JZRO,17412,False
151024,NYSE-KRAS,16876,False
151024,NYSE-KRAS,16875,False
151024,NYSE-KRAS,16874,False
151024,NYSE-KRAS,16873,False
151024,NYSE-KRAS,16881,False
151024,NYSE-KRAS,16879,False
151024,NYSE-KRAS,16877,False
151024,NYSE-KRAS,16882,False
151024,NYSE-KRAS,16878,False
151024,NYSE-KRAS,16880,False
151024,NYSE-KTST,16978,False
151024,NYSE-KTST,16976,False
151024,NYSE-KTST,16975,False
151024,NYSE-KTST,16973,False
151024,NYSE-KTST,16971,False
151024,NYSE-KTST,16970,False
151024,NYSE-KTST,16972,False
151024,NYSE-KTST,16979,False
151024,NYSE-KTST,16974,False
151024,NYSE-KTST,16977,False
151025,NYSE-MDKA,16515,False
151025,NYSE-MDKA,16514,False
151025,NYSE-MDKA,16513,False
151025,NYSE-MDKA,16512,False
151025,NYSE-MDKA,16511,False
151025,NYSE-MDKA,16509,False
151025,NYSE-MDKA,16508,False
151025,NYSE-MDKA,16507,False
151025,NYSE-MDKA,16506,False
151025,NYSE-MDKA,16510,False
151025,NYSE-SIMP,17177,False
151025,NYSE-SIMP,17176,False
151025,NYSE-SIMP,17184,False
151025,NYSE-SIMP,17182,False
151025,NYSE-SIMP,17180,False
151025,NYSE-SIMP,17181,False
151025,NYSE-SIMP,17185,False
151025,NYSE-SIMP,17178,False
151025,NYSE-SIMP,17179,False
151025,NYSE-SIMP,17183,False
151025,NYSE-XFR,16039,False
151025,NYSE-XFR,16041,False
151025,NYSE-XFR,16037,False
151025,NYSE-XFR,16554,False
151025,NYSE-XFR,16553,False
151025,NYSE-XFR,16552,False
151025,NYSE-ZABA,16730,False
151025,NYSE-ZABA,16729,False
151025,NYSE-ZABA,16728,False
151025,NYSE-ZABA,16725,False
151025,NYSE-ZABA,16724,False
151025,NYSE-ZABA,16723,False
151025,NYSE-ZABA,16722,False
151025,NYSE-ZABA,16727,False
151025,NYSE-ZABA,16731,False
151025,NYSE-ZABA,16726,False
151110,NYSE-KTST,16926,False
151110,NYSE-DDJH,16776,False
151110,NYSE-ETFA,16801,False
151110,NYSE-MDKA,16464,False
151110,NYSE-KRAS,16829,False
151110,NYSE-ETFA3,16740,False
151110,NYSE-XFR,16504,False
151123,NYSE-ETFA3,16802,False
151123,NYSE-ETFA3,16800,False
151123,NYSE-ETFA3,16798,False
151123,NYSE-ETFA3,16794,False
151123,NYSE-ETFA3,16803,False
151123,NYSE-ETFA3,16801,False
151123,NYSE-ETFA3,16799,False
151123,NYSE-ETFA3,16797,False
151123,NYSE-ETFA3,16795,False
151123,NYSE-ETFA3,16796,False
151123,NYSE-ETFA,16865,False
151123,NYSE-ETFA,16861,False
151123,NYSE-ETFA,16859,False
151123,NYSE-ETFA,16857,False
151123,NYSE-ETFA,16866,False
151123,NYSE-ETFA,16864,False
151123,NYSE-ETFA,16858,False
151123,NYSE-ETFA,16862,False
151123,NYSE-ETFA,16860,False
151123,NYSE-ETFA,16863,False
151123,NYSE-CARD,18491,False
151123,NYSE-CARD,18490,False
151123,NYSE-CARD,18488,False
151123,NYSE-CARD,18484,False
151123,NYSE-CARD,18482,False
151123,NYSE-CARD,18486,False
151123,NYSE-CARD,18487,False
151123,NYSE-CARD,18483,False
151123,NYSE-CARD,18485,False
151123,NYSE-CARD,18489,False
151123,NYSE-DDJH,16842,False
151123,NYSE-DDJH,16840,False
151123,NYSE-DDJH,16839,False
151123,NYSE-DDJH,16838,False
151123,NYSE-DDJH,16836,False
151123,NYSE-DDJH,16835,False
151123,NYSE-DDJH,16833,False
151123,NYSE-DDJH,16834,False
151123,NYSE-DDJH,16841,False
151123,NYSE-DDJH,16837,False
151123,NYSE-INA,17198,False
151123,NYSE-JNAF,16544,False
151123,NYSE-JNAF,16543,False
151123,NYSE-JNAF,16542,False
151123,NYSE-JNAF,16551,False
151123,NYSE-JNAF,16550,False
151123,NYSE-JNAF,16549,False
151123,NYSE-JNAF,16548,False
151123,NYSE-JNAF,16547,False
151124,NYSE-JNAF,16546,False
151124,NYSE-JNAF,16545,False
151124,NYSE-JZRO,17422,False
151124,NYSE-JZRO,17420,False
151124,NYSE-JZRO,17418,False
151124,NYSE-JZRO,17416,False
151124,NYSE-JZRO,17424,False
151124,NYSE-JZRO,17417,False
151124,NYSE-JZRO,17423,False
151124,NYSE-JZRO,17419,False
151124,NYSE-JZRO,17421,False
151124,NYSE-JZRO,17415,False
151124,NYSE-KRAS,16894,False
151124,NYSE-KRAS,16893,False
151124,NYSE-KRAS,16892,False
151124,NYSE-KRAS,16891,False
151124,NYSE-KRAS,16890,False
151124,NYSE-KRAS,16888,False
151124,NYSE-KRAS,16887,False
151124,NYSE-KRAS,16886,False
151124,NYSE-KRAS,16885,False
151124,NYSE-KRAS,16889,False
151124,NYSE-KTST,16990,False
151124,NYSE-KTST,16988,False
151124,NYSE-KTST,16986,False
151124,NYSE-KTST,16982,False
151124,NYSE-KTST,16987,False
151124,NYSE-KTST,16983,False
151124,NYSE-KTST,16985,False
151124,NYSE-KTST,16981,False
151124,NYSE-KTST,16989,False
151124,NYSE-KTST,16984,False
151124,NYSE-MDKA,16524,False
151124,NYSE-MDKA,16523,False
151124,NYSE-MDKA,16522,False
151124,NYSE-MDKA,16521,False
151124,NYSE-MDKA,16519,False
151124,NYSE-MDKA,16518,False
151124,NYSE-MDKA,16517,False
151124,NYSE-MDKA,16516,False
151124,NYSE-MDKA,16520,False
151124,NYSE-MDKA,16525,False
151124,NYSE-NGUP,17435,False
151124,NYSE-SIMP,17189,False
151124,NYSE-SIMP,17197,False
151124,NYSE-SIMP,17196,False
151124,NYSE-SIMP,17195,False
151124,NYSE-SIMP,17194,False
151124,NYSE-SIMP,17193,False
151124,NYSE-SIMP,17192,False
151124,NYSE-SIMP,17191,False
151124,NYSE-SIMP,17190,False
151124,NYSE-SIMP,17188,False
151124,NYSE-XFR,16564,False
151124,NYSE-XFR,16563,False
151124,NYSE-XFR,16562,False
151124,NYSE-ZABA,16741,False
151124,NYSE-ZABA,16738,False
151124,NYSE-ZABA,16736,False
151124,NYSE-ZABA,16735,False
151124,NYSE-ZABA,16734,False
151124,NYSE-ZABA,16733,False
151124,NYSE-ZABA,16739,False
151124,NYSE-ZABA,16737,False
151124,NYSE-ZABA,16740,False
151124,NYSE-ZABA,16742,False
151141,NYSE-CARD,18502,False
151210,NYSE-XFR,16052,False
151210,NYSE-XFR,16048,False
151210,NYSE-XFR,16050,False
151223,NYSE-ETFA3,16805,False
151223,NYSE-ETFA3,16813,False
151223,NYSE-ETFA3,16811,False
151223,NYSE-ETFA3,16809,False
151223,NYSE-ETFA3,16807,False
151223,NYSE-ETFA3,16806,False
151223,NYSE-ETFA3,16814,False
151223,NYSE-ETFA3,16812,False
151223,NYSE-ETFA3,16810,False
151223,NYSE-ETFA3,16808,False
151223,NYSE-ETFA,16877,False
151223,NYSE-ETFA,16875,False
151223,NYSE-ETFA,16873,False
151223,NYSE-ETFA,16871,False
151223,NYSE-ETFA,16869,False
151223,NYSE-ETFA,16874,False
151223,NYSE-ETFA,16872,False
151223,NYSE-ETFA,16870,False
151223,NYSE-ETFA,16878,False
151223,NYSE-ETFA,16876,False
151224,NYSE-CARD,18501,False
151224,NYSE-CARD,18499,False
151224,NYSE-CARD,18497,False
151224,NYSE-CARD,18495,False
151224,NYSE-CARD,18493,False
151224,NYSE-CARD,18492,False
151224,NYSE-CARD,18494,False
151224,NYSE-CARD,18496,False
151224,NYSE-CARD,18498,False
151224,NYSE-CARD,18500,False
151224,NYSE-DDJH,16853,False
151224,NYSE-DDJH,16851,False
151224,NYSE-DDJH,16850,False
151224,NYSE-DDJH,16849,False
151224,NYSE-DDJH,16848,False
151224,NYSE-DDJH,16844,False
151224,NYSE-DDJH,16846,False
151224,NYSE-DDJH,16845,False
151224,NYSE-DDJH,16852,False
151224,NYSE-DDJH,16847,False
151224,NYSE-INA,17209,False
151224,NYSE-INA,17208,False
151224,NYSE-INA,17210,False
151224,NYSE-JNAF,16554,False
151224,NYSE-JNAF,16553,False
151224,NYSE-JNAF,16552,False
151224,NYSE-JNAF,16561,False
151224,NYSE-JNAF,16560,False
151224,NYSE-JNAF,16559,False
151224,NYSE-JNAF,16558,False
151224,NYSE-JNAF,16557,False
151224,NYSE-JNAF,16555,False
151224,NYSE-JNAF,16556,False
151224,NYSE-JZRO,17434,False
151224,NYSE-JZRO,17432,False
151224,NYSE-JZRO,17426,False
151224,NYSE-JZRO,17430,False
151224,NYSE-JZRO,17428,False
151224,NYSE-JZRO,17429,False
151224,NYSE-JZRO,17425,False
151224,NYSE-JZRO,17427,False
151224,NYSE-JZRO,17431,False
151224,NYSE-JZRO,17433,False
151224,NYSE-KRAS,16905,False
151224,NYSE-KRAS,16902,False
151224,NYSE-KRAS,16900,False
151224,NYSE-KRAS,16899,False
151224,NYSE-KRAS,16898,False
151224,NYSE-KRAS,16897,False
151224,NYSE-KRAS,16896,False
151224,NYSE-KRAS,16904,False
151224,NYSE-KRAS,16903,False
151224,NYSE-KRAS,16901,False
151224,NYSE-KTST,17000,False
151224,NYSE-KTST,16998,False
151224,NYSE-KTST,16996,False
151224,NYSE-KTST,16994,False
151224,NYSE-KTST,16992,False
151224,NYSE-KTST,16995,False
151224,NYSE-KTST,17001,False
151224,NYSE-KTST,16993,False
151224,NYSE-KTST,16997,False
151224,NYSE-KTST,16999,False
151224,NYSE-MDKA,16536,False
151224,NYSE-MDKA,16535,False
151224,NYSE-MDKA,16534,False
151224,NYSE-MDKA,16533,False
151224,NYSE-MDKA,16532,False
151224,NYSE-MDKA,16530,False
151224,NYSE-MDKA,16529,False
151224,NYSE-MDKA,16527,False
151224,NYSE-MDKA,16531,False
151224,NYSE-MDKA,16528,False
151224,NYSE-SIMP,17207,False
151224,NYSE-SIMP,17206,False
151224,NYSE-SIMP,17205,False
151224,NYSE-SIMP,17204,False
151224,NYSE-SIMP,17203,False
151224,NYSE-SIMP,17202,False
151224,NYSE-SIMP,17201,False
151224,NYSE-SIMP,17199,False
151224,NYSE-SIMP,17198,False
151224,NYSE-SIMP,17200,False
151224,NYSE-XFR,16576,False
151224,NYSE-XFR,16572,False
151224,NYSE-XFR,16574,False
151224,NYSE-ZABA,16753,False
151224,NYSE-ZABA,16750,False
151224,NYSE-ZABA,16748,False
151224,NYSE-ZABA,16746,False
151224,NYSE-ZABA,16745,False
151224,NYSE-ZABA,16749,False
151224,NYSE-ZABA,16751,False
151224,NYSE-ZABA,16744,False
151224,NYSE-ZABA,16747,False
151224,NYSE-ZABA,16752,False
151250,NYSE-KTST,17012,False
151250,NYSE-ETFA3,16825,False
151250,NYSE-DDJH,16866,False
151310,NYSE-XFR,16060,False
151310,NYSE-XFR,16062,False
151310,NYSE-XFR,16056,False
151310,NYSE-XFR,16058,False
151323,NYSE-ETFA3,16817,False
151323,NYSE-ETFA3,16815,False
151323,NYSE-ETFA3,16824,False
151323,NYSE-ETFA3,16822,False
151323,NYSE-ETFA3,16820,False
151323,NYSE-ETFA3,16818,False
151323,NYSE-ETFA3,16816,False
151323,NYSE-ETFA3,16819,False
151323,NYSE-ETFA3,16823,False
151323,NYSE-ETFA3,16821,False
151323,NYSE-ETFA,16889,False
151323,NYSE-ETFA,16888,False
151323,NYSE-ETFA,16886,False
151323,NYSE-ETFA,16884,False
151323,NYSE-ETFA,16882,False
151323,NYSE-ETFA,16880,False
151323,NYSE-ETFA,16885,False
151323,NYSE-ETFA,16883,False
151323,NYSE-ETFA,16887,False
151323,NYSE-ETFA,16881,False
151324,NYSE-CARD,18512,False
151324,NYSE-CARD,18511,False
151324,NYSE-CARD,18510,False
151324,NYSE-CARD,18509,False
151324,NYSE-CARD,18508,False
151324,NYSE-CARD,18507,False
151324,NYSE-CARD,18506,False
151324,NYSE-CARD,18504,False
151324,NYSE-CARD,18503,False
151324,NYSE-CARD,18505,False
151324,NYSE-DDJH,16863,False
151324,NYSE-DDJH,16862,False
151324,NYSE-DDJH,16861,False
151324,NYSE-DDJH,16860,False
151324,NYSE-DDJH,16859,False
151324,NYSE-DDJH,16857,False
151324,NYSE-DDJH,16856,False
151324,NYSE-DDJH,16855,False
151324,NYSE-DDJH,16864,False
151324,NYSE-DDJH,16858,False
151324,NYSE-INA,17221,False
151324,NYSE-INA,17219,False
151324,NYSE-INA,17218,False
151324,NYSE-INA,17220,False
151324,NYSE-JNAF,16064,False
151324,NYSE-JNAF,16567,False
151324,NYSE-JNAF,16566,False
151324,NYSE-JNAF,16565,False
151324,NYSE-JNAF,16564,False
151324,NYSE-JNAF,16569,False
151324,NYSE-JNAF,16563,False
151324,NYSE-JNAF,16571,False
151324,NYSE-JNAF,16570,False
151324,NYSE-JNAF,16568,False
151324,NYSE-JNAF,16562,False
151324,NYSE-JZRO,17444,False
151324,NYSE-JZRO,17442,False
151324,NYSE-JZRO,17438,False
151324,NYSE-JZRO,17436,False
151324,NYSE-JZRO,17440,False
151324,NYSE-JZRO,17441,False
151324,NYSE-JZRO,17443,False
151324,NYSE-JZRO,17445,False
151324,NYSE-JZRO,17437,False
151324,NYSE-JZRO,17439,False
151324,NYSE-KRAS,16912,False
151324,NYSE-KRAS,16910,False
151324,NYSE-KRAS,16909,False
151324,NYSE-KRAS,16908,False
151324,NYSE-KRAS,16907,False
151324,NYSE-KRAS,16914,False
151324,NYSE-KRAS,16906,False
151324,NYSE-KRAS,16911,False
151324,NYSE-KRAS,16913,False
151324,NYSE-KRAS,16915,False
151324,NYSE-KTST,17011,False
151324,NYSE-KTST,17009,False
151324,NYSE-KTST,17007,False
151324,NYSE-KTST,17006,False
151324,NYSE-KTST,17002,False
151324,NYSE-KTST,17004,False
151324,NYSE-KTST,17010,False
151324,NYSE-KTST,17008,False
151324,NYSE-KTST,17005,False
151324,NYSE-KTST,17003,False
151324,NYSE-MDKA,16546,False
151324,NYSE-MDKA,16545,False
151324,NYSE-MDKA,16544,False
151324,NYSE-MDKA,16543,False
151324,NYSE-MDKA,16542,False
151324,NYSE-MDKA,16541,False
151324,NYSE-MDKA,16540,False
151324,NYSE-MDKA,16539,False
151324,NYSE-MDKA,16538,False
151324,NYSE-MDKA,16537,False
151324,NYSE-SIMP,17211,False
151324,NYSE-SIMP,17209,False
151324,NYSE-SIMP,17208,False
151324,NYSE-SIMP,17217,False
151324,NYSE-SIMP,17215,False
151324,NYSE-SIMP,17213,False
151324,NYSE-SIMP,17210,False
151324,NYSE-SIMP,17214,False
151324,NYSE-SIMP,17212,False
151325,NYSE-SIMP,17216,False
151325,NYSE-XFR,16067,False
151325,NYSE-XFR,16071,False
151325,NYSE-XFR,16073,False
151325,NYSE-XFR,16069,False
151325,NYSE-XFR,16587,False
151325,NYSE-XFR,16585,False
151325,NYSE-XFR,16583,False
151325,NYSE-XFR,16582,False
151325,NYSE-XFR,16586,False
151325,NYSE-XFR,16584,False
151325,NYSE-ZABA,16761,False
151325,NYSE-ZABA,16759,False
151325,NYSE-ZABA,16757,False
151325,NYSE-ZABA,16763,False
151325,NYSE-ZABA,16755,False
151325,NYSE-ZABA,16758,False
151325,NYSE-ZABA,16756,False
151325,NYSE-ZABA,16754,False
151325,NYSE-ZABA,16760,False
151325,NYSE-ZABA,16762,False
151384,NYSE-KRAS,16927,False
151384,NYSE-ETFA3,16836,False
151384,NYSE-KTST,17023,False
151384,NYSE-DDJH,16877,False
151384,NYSE-SIMP,17229,False
151399,NYSE-MDKA,16557,False
151423,NYSE-ETFA3,16835,False
151423,NYSE-ETFA3,16833,False
151423,NYSE-ETFA3,16831,False
151423,NYSE-ETFA3,16829,False
151423,NYSE-ETFA3,16828,False
151423,NYSE-ETFA3,16826,False
151423,NYSE-ETFA3,16832,False
151423,NYSE-ETFA3,16830,False
151423,NYSE-ETFA3,16827,False
151423,NYSE-ETFA3,16834,False
151423,NYSE-ETFA,16897,False
151423,NYSE-ETFA,16896,False
151423,NYSE-ETFA,16895,False
151423,NYSE-ETFA,16894,False
151423,NYSE-ETFA,16893,False
151423,NYSE-ETFA,16892,False
151423,NYSE-ETFA,16891,False
151423,NYSE-ETFA,16890,False
151423,NYSE-ETFA,16899,False
151424,NYSE-ETFA,16898,False
151424,NYSE-CARD,18522,False
151424,NYSE-CARD,18520,False
151424,NYSE-CARD,18518,False
151424,NYSE-CARD,18516,False
151424,NYSE-CARD,18513,False
151424,NYSE-CARD,18514,False
151424,NYSE-CARD,18515,False
151424,NYSE-CARD,18517,False
151424,NYSE-CARD,18519,False
151424,NYSE-CARD,18521,False
151424,NYSE-DDJH,16876,False
151424,NYSE-DDJH,16875,False
151424,NYSE-DDJH,16874,False
151424,NYSE-DDJH,16873,False
151424,NYSE-DDJH,16872,False
151424,NYSE-DDJH,16871,False
151424,NYSE-DDJH,16868,False
151424,NYSE-DDJH,16870,False
151424,NYSE-DDJH,16869,False
151424,NYSE-DDJH,16867,False
151424,NYSE-INA,17231,False
151424,NYSE-INA,17230,False
151424,NYSE-INA,17229,False
151424,NYSE-INA,17228,False
151424,NYSE-JNAF,16576,False
151424,NYSE-JNAF,16572,False
151424,NYSE-JNAF,16580,False
151424,NYSE-JNAF,16578,False
151424,NYSE-JNAF,16574,False
151424,NYSE-JNAF,16575,False
151424,NYSE-JNAF,16573,False
151424,NYSE-JNAF,16581,False
151424,NYSE-JNAF,16579,False
151424,NYSE-JNAF,16577,False
151424,NYSE-JZRO,17454,False
151424,NYSE-JZRO,17453,False
151424,NYSE-JZRO,17452,False
151424,NYSE-JZRO,17451,False
151424,NYSE-JZRO,17449,False
151424,NYSE-JZRO,17446,False
151424,NYSE-JZRO,17447,False
151424,NYSE-JZRO,17455,False
151424,NYSE-JZRO,17448,False
151424,NYSE-JZRO,17450,False
151424,NYSE-KRAS,16926,False
151424,NYSE-KRAS,16925,False
151424,NYSE-KRAS,16924,False
151424,NYSE-KRAS,16922,False
151424,NYSE-KRAS,16919,False
151424,NYSE-KRAS,16917,False
151424,NYSE-KRAS,16923,False
151424,NYSE-KRAS,16921,False
151424,NYSE-KRAS,16918,False
151424,NYSE-KRAS,16920,False
151424,NYSE-KTST,17020,False
151424,NYSE-KTST,17018,False
151424,NYSE-KTST,17015,False
151424,NYSE-KTST,17013,False
151424,NYSE-KTST,17016,False
151424,NYSE-KTST,17014,False
151424,NYSE-KTST,17021,False
151424,NYSE-KTST,17017,False
151424,NYSE-KTST,17019,False
151424,NYSE-KTST,17022,False
151424,NYSE-MDKA,16555,False
151424,NYSE-MDKA,16554,False
151424,NYSE-MDKA,16553,False
151424,NYSE-MDKA,16552,False
151424,NYSE-MDKA,16551,False
151424,NYSE-MDKA,16550,False
151424,NYSE-MDKA,16549,False
151424,NYSE-MDKA,16548,False
151424,NYSE-MDKA,16547,False
151425,NYSE-MDKA,16556,False
151425,NYSE-NGUP,17456,False
151425,NYSE-SIMP,17221,False
151425,NYSE-SIMP,17227,False
151425,NYSE-SIMP,17225,False
151425,NYSE-SIMP,17223,False
151425,NYSE-SIMP,17219,False
151425,NYSE-SIMP,17224,False
151425,NYSE-SIMP,17226,False
151425,NYSE-SIMP,17222,False
151425,NYSE-SIMP,17218,False
151425,NYSE-SIMP,17220,False
151425,NYSE-XFR,16081,False
151425,NYSE-XFR,16083,False
151425,NYSE-XFR,16079,False
151425,NYSE-XFR,16596,False
151425,NYSE-XFR,16594,False
151425,NYSE-XFR,16593,False
151425,NYSE-XFR,16592,False
151425,NYSE-XFR,16597,False
151425,NYSE-XFR,16595,False
151425,NYSE-ZABA,16773,False
151425,NYSE-ZABA,16772,False
151425,NYSE-ZABA,16770,False
151425,NYSE-ZABA,16768,False
151425,NYSE-ZABA,16766,False
151425,NYSE-ZABA,16764,False
151425,NYSE-ZABA,16769,False
151425,NYSE-ZABA,16771,False
151425,NYSE-ZABA,16765,False
151425,NYSE-ZABA,16767,False
151520,NYSE-ZABA,16785,False
151523,NYSE-ETFA3,16841,False
151523,NYSE-ETFA3,16839,False
151523,NYSE-ETFA3,16837,False
151523,NYSE-ETFA3,16846,False
151523,NYSE-ETFA3,16844,False
151523,NYSE-ETFA3,16840,False
151523,NYSE-ETFA3,16842,False
151523,NYSE-ETFA3,16845,False
151523,NYSE-ETFA3,16843,False
151523,NYSE-ETFA3,16838,False
151523,NYSE-ETFA,16911,False
151523,NYSE-ETFA,16910,False
151523,NYSE-ETFA,16909,False
151523,NYSE-ETFA,16908,False
151523,NYSE-ETFA,16907,False
151523,NYSE-ETFA,16906,False
151523,NYSE-ETFA,16905,False
151523,NYSE-ETFA,16904,False
151523,NYSE-ETFA,16903,False
151523,NYSE-ETFA,16902,False
151524,NYSE-CARD,18531,False
151524,NYSE-CARD,18529,False
151524,NYSE-CARD,18527,False
151524,NYSE-CARD,18525,False
151524,NYSE-CARD,18523,False
151524,NYSE-CARD,18526,False
151524,NYSE-CARD,18532,False
151524,NYSE-CARD,18528,False
151524,NYSE-CARD,18530,False
151524,NYSE-CARD,18524,False
151524,NYSE-DDJH,16887,False
151524,NYSE-DDJH,16886,False
151524,NYSE-DDJH,16885,False
151524,NYSE-DDJH,16884,False
151524,NYSE-DDJH,16883,False
151524,NYSE-DDJH,16881,False
151524,NYSE-DDJH,16879,False
151524,NYSE-DDJH,16882,False
151524,NYSE-DDJH,16878,False
151524,NYSE-DDJH,16880,False
151524,NYSE-INA,17241,False
151524,NYSE-INA,17240,False
151524,NYSE-JNAF,16587,False
151524,NYSE-JNAF,16585,False
151524,NYSE-JNAF,16583,False
151524,NYSE-JNAF,16582,False
151524,NYSE-JNAF,16591,False
151524,NYSE-JNAF,16590,False
151524,NYSE-JNAF,16588,False
151524,NYSE-JNAF,16586,False
151524,NYSE-JNAF,16584,False
151524,NYSE-JNAF,16589,False
151524,NYSE-JZRO,17463,False
151524,NYSE-JZRO,17461,False
151524,NYSE-JZRO,17459,False
151524,NYSE-JZRO,17457,False
151524,NYSE-JZRO,17465,False
151524,NYSE-JZRO,17458,False
151524,NYSE-JZRO,17460,False
151524,NYSE-JZRO,17462,False
151524,NYSE-JZRO,17464,False
151524,NYSE-KRAS,16936,False
151524,NYSE-KRAS,16933,False
151524,NYSE-KRAS,16932,False
151524,NYSE-KRAS,16930,False
151524,NYSE-KRAS,16929,False
151524,NYSE-KRAS,16928,False
151524,NYSE-KRAS,16931,False
151524,NYSE-KRAS,16934,False
151524,NYSE-KRAS,16937,False
151524,NYSE-KRAS,16935,False
151524,NYSE-KTST,17030,False
151524,NYSE-KTST,17028,False
151524,NYSE-KTST,17026,False
151524,NYSE-KTST,17024,False
151524,NYSE-KTST,17032,False
151524,NYSE-KTST,17025,False
151524,NYSE-KTST,17031,False
151524,NYSE-KTST,17033,False
151524,NYSE-KTST,17027,False
151524,NYSE-KTST,17029,False
151524,NYSE-MDKA,16567,False
151524,NYSE-MDKA,16566,False
151524,NYSE-MDKA,16565,False
151524,NYSE-MDKA,16564,False
151524,NYSE-MDKA,16561,False
151524,NYSE-MDKA,16560,False
151524,NYSE-MDKA,16559,False
151524,NYSE-MDKA,16558,False
151524,NYSE-MDKA,16563,False
151525,NYSE-MDKA,16562,False
151525,NYSE-NGUP,17466,False
151525,NYSE-SIMP,17231,False
151525,NYSE-SIMP,17230,False
151525,NYSE-SIMP,17239,False
151525,NYSE-SIMP,17237,False
151525,NYSE-SIMP,17235,False
151525,NYSE-SIMP,17232,False
151525,NYSE-SIMP,17233,False
151525,NYSE-SIMP,17236,False
151525,NYSE-SIMP,17238,False
151525,NYSE-SIMP,17234,False
151525,NYSE-XFR,16092,False
151525,NYSE-XFR,16094,False
151525,NYSE-XFR,16088,False
151525,NYSE-XFR,16090,False
151525,NYSE-XFR,16606,False
151525,NYSE-XFR,16604,False
151525,NYSE-XFR,16602,False
151525,NYSE-ZABA,16783,False
151525,NYSE-ZABA,16781,False
151525,NYSE-ZABA,16779,False
151525,NYSE-ZABA,16776,False
151525,NYSE-ZABA,16777,False
151525,NYSE-ZABA,16775,False
151525,NYSE-ZABA,16778,False
151525,NYSE-ZABA,16782,False
151525,NYSE-ZABA,16780,False
151525,NYSE-ZABA,16784,False
151623,NYSE-ETFA3,16857,False
151623,NYSE-ETFA3,16855,False
151623,NYSE-ETFA3,16853,False
151623,NYSE-ETFA3,16850,False
151623,NYSE-ETFA3,16852,False
151623,NYSE-ETFA3,16848,False
151623,NYSE-ETFA3,16856,False
151623,NYSE-ETFA3,16854,False
151623,NYSE-ETFA3,16851,False
151623,NYSE-ETFA3,16849,False
151623,NYSE-ETFA,16921,False
151623,NYSE-ETFA,16920,False
151623,NYSE-ETFA,16919,False
151623,NYSE-ETFA,16918,False
151623,NYSE-ETFA,16917,False
151623,NYSE-ETFA,16915,False
151623,NYSE-ETFA,16913,False
151623,NYSE-ETFA,16916,False
151623,NYSE-ETFA,16912,False
151623,NYSE-ETFA,16914,False
151624,NYSE-CARD,18541,False
151624,NYSE-CARD,18535,False
151624,NYSE-CARD,18539,False
151624,NYSE-CARD,18537,False
151624,NYSE-CARD,18533,False
151624,NYSE-CARD,18538,False
151624,NYSE-CARD,18534,False
151624,NYSE-CARD,18536,False
151624,NYSE-CARD,18540,False
151624,NYSE-CARD,18542,False
151624,NYSE-DDJH,16898,False
151624,NYSE-DDJH,16897,False
151624,NYSE-DDJH,16896,False
151624,NYSE-DDJH,16895,False
151624,NYSE-DDJH,16894,False
151624,NYSE-DDJH,16893,False
151624,NYSE-DDJH,16892,False
151624,NYSE-DDJH,16891,False
151624,NYSE-DDJH,16890,False
151624,NYSE-DDJH,16889,False
151624,NYSE-INA,17251,False
151624,NYSE-INA,17250,False
151624,NYSE-JNAF,16593,False
151624,NYSE-JNAF,16601,False
151624,NYSE-JNAF,16599,False
151624,NYSE-JNAF,16598,False
151624,NYSE-JNAF,16597,False
151624,NYSE-JNAF,16595,False
151624,NYSE-JNAF,16600,False
151624,NYSE-JZRO,17475,False
151624,NYSE-JZRO,17474,False
151624,NYSE-JZRO,17473,False
151624,NYSE-JZRO,17472,False
151624,NYSE-JZRO,17471,False
151624,NYSE-JZRO,17470,False
151624,NYSE-JZRO,17469,False
151624,NYSE-JZRO,17468,False
151624,NYSE-JZRO,17467,False
151624,NYSE-KRAS,16944,False
151624,NYSE-KRAS,16943,False
151624,NYSE-KRAS,16942,False
151624,NYSE-KRAS,16941,False
151624,NYSE-KRAS,16940,False
151624,NYSE-KRAS,16939,False
151624,NYSE-KRAS,16946,False
151624,NYSE-KRAS,16948,False
151624,NYSE-KRAS,16945,False
151624,NYSE-KRAS,16947,False
151624,NYSE-KTST,17042,False
151624,NYSE-KTST,17040,False
151624,NYSE-KTST,17038,False
151624,NYSE-KTST,17036,False
151624,NYSE-KTST,17034,False
151624,NYSE-KTST,17043,False
151624,NYSE-KTST,17041,False
151624,NYSE-KTST,17039,False
151624,NYSE-KTST,17037,False
151624,NYSE-KTST,17035,False
151624,NYSE-MDKA,16576,False
151624,NYSE-MDKA,16572,False
151624,NYSE-MDKA,16569,False
151624,NYSE-MDKA,16574,False
151624,NYSE-MDKA,16575,False
151624,NYSE-MDKA,16573,False
151624,NYSE-MDKA,16571,False
151624,NYSE-MDKA,16570,False
151624,NYSE-MDKA,16568,False
151624,NYSE-MDKA,16577,False
151624,NYSE-NGUP,16962,False
151624,NYSE-NGUP,17478,False
151624,NYSE-NGUP,17477,False
151624,NYSE-NGUP,17479,False
151624,NYSE-NGUP,17476,False
151624,NYSE-SIMP,17241,False
151625,NYSE-SIMP,17249,False
151625,NYSE-SIMP,17247,False
151625,NYSE-SIMP,17245,False
151625,NYSE-SIMP,17243,False
151625,NYSE-SIMP,17244,False
151625,NYSE-SIMP,17248,False
151625,NYSE-SIMP,17240,False
151625,NYSE-SIMP,17242,False
151625,NYSE-SIMP,17246,False
151625,NYSE-XFR,16105,False
151625,NYSE-XFR,16103,False
151625,NYSE-XFR,16101,False
151625,NYSE-XFR,16617,False
151625,NYSE-XFR,16615,False
151625,NYSE-XFR,16614,False
151625,NYSE-XFR,16613,False
151625,NYSE-XFR,16618,False
151625,NYSE-XFR,16616,False
151625,NYSE-ZABA,16794,False
151625,NYSE-ZABA,16790,False
151625,NYSE-ZABA,16787,False
151625,NYSE-ZABA,16795,False
151625,NYSE-ZABA,16792,False
151625,NYSE-ZABA,16793,False
151625,NYSE-ZABA,16788,False
151625,NYSE-ZABA,16791,False
151625,NYSE-ZABA,16786,False
151625,NYSE-ZABA,16789,False
151710,NYSE-KTST,16991,False
151710,NYSE-DDJH,16843,False
151710,NYSE-ETFA,16868,False
151710,NYSE-MDKA,16526,False
151710,NYSE-KRAS,16895,False
151710,NYSE-ETFA3,16804,False
151710,NYSE-XFR,16565,False
151719,NYSE-KRAS,16960,False
151719,NYSE-ETFA3,16871,False
151723,NYSE-ETFA3,16869,False
151723,NYSE-ETFA3,16867,False
151723,NYSE-ETFA3,16865,False
151723,NYSE-ETFA3,16861,False
151723,NYSE-ETFA3,16868,False
151723,NYSE-ETFA3,16866,False
151723,NYSE-ETFA3,16864,False
151723,NYSE-ETFA3,16862,False
151723,NYSE-ETFA3,16860,False
151723,NYSE-ETFA3,16863,False
151723,NYSE-ETFA,16932,False
151723,NYSE-ETFA,16931,False
151723,NYSE-ETFA,16930,False
151723,NYSE-ETFA,16929,False
151723,NYSE-ETFA,16927,False
151723,NYSE-ETFA,16928,False
151723,NYSE-ETFA,16926,False
151723,NYSE-ETFA,16924,False
151723,NYSE-ETFA,16925,False
151723,NYSE-ETFA,16923,False
151723,NYSE-CARD,18553,False
151723,NYSE-CARD,18551,False
151723,NYSE-CARD,18547,False
151723,NYSE-CARD,18545,False
151723,NYSE-CARD,18544,False
151723,NYSE-CARD,18549,False
151723,NYSE-CARD,18550,False
151723,NYSE-CARD,18552,False
151723,NYSE-CARD,18546,False
151723,NYSE-CARD,18548,False
151723,NYSE-DDJH,16909,False
151723,NYSE-DDJH,16908,False
151723,NYSE-DDJH,16907,False
151723,NYSE-DDJH,16905,False
151723,NYSE-DDJH,16902,False
151723,NYSE-DDJH,16900,False
151723,NYSE-DDJH,16906,False
151723,NYSE-DDJH,16904,False
151723,NYSE-DDJH,16903,False
151723,NYSE-DDJH,16901,False
151723,NYSE-JNAF,16608,False
151723,NYSE-JNAF,16606,False
151723,NYSE-JNAF,16604,False
151723,NYSE-JNAF,16612,False
151723,NYSE-JNAF,16611,False
151723,NYSE-JNAF,16609,False
151723,NYSE-JNAF,16607,False
151723,NYSE-JNAF,16605,False
151723,NYSE-JNAF,16603,False
151723,NYSE-JNAF,16610,False
151724,NYSE-JZRO,16965,False
151724,NYSE-JZRO,16969,False
151724,NYSE-JZRO,16971,False
151724,NYSE-JZRO,16967,False
151724,NYSE-JZRO,17485,False
151724,NYSE-JZRO,17484,False
151724,NYSE-JZRO,17483,False
151724,NYSE-JZRO,17482,False
151724,NYSE-JZRO,17481,False
151724,NYSE-JZRO,17480,False
151724,NYSE-KRAS,16957,False
151724,NYSE-KRAS,16955,False
151724,NYSE-KRAS,16953,False
151724,NYSE-KRAS,16951,False
151724,NYSE-KRAS,16950,False
151724,NYSE-KRAS,16956,False
151724,NYSE-KRAS,16954,False
151724,NYSE-KRAS,16958,False
151724,NYSE-KRAS,16949,False
151724,NYSE-KRAS,16952,False
151724,NYSE-KTST,17050,False
151724,NYSE-KTST,17049,False
151724,NYSE-KTST,17047,False
151724,NYSE-KTST,17044,False
151724,NYSE-KTST,17052,False
151724,NYSE-KTST,17053,False
151724,NYSE-KTST,17051,False
151724,NYSE-KTST,17046,False
151724,NYSE-KTST,17045,False
151724,NYSE-KTST,17048,False
151724,NYSE-MDKA,16587,False
151724,NYSE-MDKA,16585,False
151724,NYSE-MDKA,16583,False
151724,NYSE-MDKA,16582,False
151724,NYSE-MDKA,16580,False
151724,NYSE-MDKA,16578,False
151724,NYSE-MDKA,16586,False
151724,NYSE-MDKA,16584,False
151724,NYSE-MDKA,16581,False
151724,NYSE-MDKA,16579,False
151724,NYSE-NGUP,17489,False
151724,NYSE-NGUP,17487,False
151724,NYSE-SIMP,17259,False
151724,NYSE-SIMP,17257,False
151724,NYSE-SIMP,17255,False
151724,NYSE-SIMP,17253,False
151724,NYSE-SIMP,17262,False
151724,NYSE-SIMP,17260,False
151724,NYSE-SIMP,17258,False
151724,NYSE-SIMP,17254,False
151724,NYSE-SIMP,17256,False
151724,NYSE-SIMP,17261,False
151724,NYSE-XFR,16627,False
151724,NYSE-XFR,16625,False
151724,NYSE-XFR,16623,False
151724,NYSE-ZABA,16805,False
151724,NYSE-ZABA,16804,False
151724,NYSE-ZABA,16803,False
151724,NYSE-ZABA,16802,False
151724,NYSE-ZABA,16801,False
151724,NYSE-ZABA,16800,False
151724,NYSE-ZABA,16799,False
151724,NYSE-ZABA,16798,False
151724,NYSE-ZABA,16797,False
151724,NYSE-ZABA,16796,False
151757,NYSE-CARD,18564,False
151801,NYSE-ZABA,16816,False
151810,NYSE-NGUP,16972,False
151810,NYSE-XFR,16107,False
151810,NYSE-XFR,16113,False
151810,NYSE-XFR,16115,False
151810,NYSE-XFR,16109,False
151810,NYSE-XFR,16111,False
151823,NYSE-ETFA3,16880,False
151823,NYSE-ETFA3,16877,False
151823,NYSE-ETFA3,16875,False
151823,NYSE-ETFA3,16873,False
151823,NYSE-ETFA3,16879,False
151823,NYSE-ETFA3,16874,False
151823,NYSE-ETFA3,16872,False
151823,NYSE-ETFA3,16878,False
151823,NYSE-ETFA3,16881,False
151823,NYSE-ETFA3,16876,False
151823,NYSE-ETFA,16943,False
151823,NYSE-ETFA,16942,False
151823,NYSE-ETFA,16941,False
151823,NYSE-ETFA,16940,False
151823,NYSE-ETFA,16934,False
151823,NYSE-ETFA,16939,False
151823,NYSE-ETFA,16937,False
151823,NYSE-ETFA,16938,False
151824,NYSE-ETFA,16936,False
151824,NYSE-ETFA,16935,False
151824,NYSE-CARD,18563,False
151824,NYSE-CARD,18562,False
151824,NYSE-CARD,18561,False
151824,NYSE-CARD,18560,False
151824,NYSE-CARD,18558,False
151824,NYSE-CARD,18555,False
151824,NYSE-CARD,18556,False
151824,NYSE-CARD,18557,False
151824,NYSE-CARD,18554,False
151824,NYSE-CARD,18559,False
151824,NYSE-DDJH,16919,False
151824,NYSE-DDJH,16917,False
151824,NYSE-DDJH,16916,False
151824,NYSE-DDJH,16912,False
151824,NYSE-DDJH,16914,False
151824,NYSE-DDJH,16921,False
151824,NYSE-DDJH,16918,False
151824,NYSE-DDJH,16913,False
151824,NYSE-DDJH,16920,False
151824,NYSE-DDJH,16915,False
151824,NYSE-JNAF,16617,False
151824,NYSE-JNAF,16615,False
151824,NYSE-JNAF,16614,False
151824,NYSE-JNAF,16613,False
151824,NYSE-JNAF,16622,False
151824,NYSE-JNAF,16620,False
151824,NYSE-JNAF,16619,False
151824,NYSE-JNAF,16618,False
151824,NYSE-JNAF,16616,False
151824,NYSE-JNAF,16621,False
151824,NYSE-JZRO,17495,False
151824,NYSE-JZRO,17493,False
151824,NYSE-JZRO,17491,False
151824,NYSE-KRAS,16969,False
151824,NYSE-KRAS,16967,False
151824,NYSE-KRAS,16965,False
151824,NYSE-KRAS,16963,False
151824,NYSE-KRAS,16961,False
151824,NYSE-KRAS,16968,False
151824,NYSE-KRAS,16970,False
151824,NYSE-KRAS,16964,False
151824,NYSE-KRAS,16966,False
151824,NYSE-KRAS,16962,False
151824,NYSE-KTST,17064,False
151824,NYSE-KTST,17062,False
151824,NYSE-KTST,17060,False
151824,NYSE-KTST,17058,False
151824,NYSE-KTST,17056,False
151824,NYSE-KTST,17061,False
151824,NYSE-KTST,17065,False
151824,NYSE-KTST,17063,False
151824,NYSE-KTST,17057,False
151824,NYSE-KTST,17059,False
151824,NYSE-MDKA,16598,False
151824,NYSE-MDKA,16593,False
151824,NYSE-MDKA,16591,False
151824,NYSE-MDKA,16590,False
151824,NYSE-MDKA,16596,False
151824,NYSE-MDKA,16594,False
151824,NYSE-MDKA,16592,False
151824,NYSE-MDKA,16597,False
151824,NYSE-MDKA,16595,False
151825,NYSE-MDKA,16589,False
151825,NYSE-NGUP,17498,False
151825,NYSE-NGUP,17496,False
151825,NYSE-SIMP,17263,False
151825,NYSE-SIMP,17264,False
151825,NYSE-SIMP,17270,False
151825,NYSE-SIMP,17266,False
151825,NYSE-SIMP,17272,False
151825,NYSE-SIMP,17268,False
151825,NYSE-SIMP,17271,False
151825,NYSE-SIMP,17269,False
151825,NYSE-SIMP,17267,False
151825,NYSE-SIMP,17265,False
151825,NYSE-XFR,16127,False
151825,NYSE-XFR,16125,False
151825,NYSE-XFR,16119,False
151825,NYSE-XFR,16123,False
151825,NYSE-XFR,16121,False
151825,NYSE-XFR,16638,False
151825,NYSE-XFR,16637,False
151825,NYSE-XFR,16636,False
151825,NYSE-XFR,16635,False
151825,NYSE-XFR,16634,False
151825,NYSE-XFR,16639,False
151825,NYSE-ZABA,16815,False
151825,NYSE-ZABA,16813,False
151825,NYSE-ZABA,16811,False
151825,NYSE-ZABA,16809,False
151825,NYSE-ZABA,16807,False
151825,NYSE-ZABA,16812,False
151825,NYSE-ZABA,16810,False
151825,NYSE-ZABA,16806,False
151825,NYSE-ZABA,16808,False
151825,NYSE-ZABA,16814,False
151880,NYSE-ETFA,16954,False
151880,NYSE-KTST,17077,False
151880,NYSE-ETFA,16955,False
151880,NYSE-ZABA,16827,False
151910,NYSE-JZRO,16975,False
151910,NYSE-JZRO,16981,False
151910,NYSE-JZRO,16977,False
151910,NYSE-JZRO,16979,False
151923,NYSE-ETFA3,16892,False
151923,NYSE-ETFA3,16891,False
151923,NYSE-ETFA3,16890,False
151923,NYSE-ETFA3,16889,False
151923,NYSE-ETFA3,16888,False
151923,NYSE-ETFA3,16886,False
151923,NYSE-ETFA3,16884,False
151923,NYSE-ETFA3,16885,False
151923,NYSE-ETFA3,16883,False
151923,NYSE-ETFA3,16887,False
151923,NYSE-ETFA,16952,False
151923,NYSE-ETFA,16951,False
151923,NYSE-ETFA,16950,False
151923,NYSE-ETFA,16949,False
151923,NYSE-ETFA,16945,False
151923,NYSE-ETFA,16944,False
151923,NYSE-ETFA,16953,False
151923,NYSE-ETFA,16948,False
151923,NYSE-ETFA,16946,False
151923,NYSE-ETFA,16947,False
151924,NYSE-CARD,18572,False
151924,NYSE-CARD,18570,False
151924,NYSE-CARD,18568,False
151924,NYSE-CARD,18566,False
151924,NYSE-CARD,18565,False
151924,NYSE-CARD,18574,False
151924,NYSE-CARD,18567,False
151924,NYSE-CARD,18569,False
151924,NYSE-CARD,18571,False
151924,NYSE-CARD,18573,False
151924,NYSE-DDJH,16932,False
151924,NYSE-DDJH,16930,False
151924,NYSE-DDJH,16929,False
151924,NYSE-DDJH,16928,False
151924,NYSE-DDJH,16927,False
151924,NYSE-DDJH,16926,False
151924,NYSE-DDJH,16925,False
151924,NYSE-DDJH,16924,False
151924,NYSE-DDJH,16931,False
151924,NYSE-DDJH,16923,False
151924,NYSE-INA,17283,False
151924,NYSE-JNAF,16629,False
151924,NYSE-JNAF,16627,False
151924,NYSE-JNAF,16625,False
151924,NYSE-JNAF,16633,False
151924,NYSE-JNAF,16631,False
151924,NYSE-JNAF,16630,False
151924,NYSE-JNAF,16628,False
151924,NYSE-JNAF,16626,False
151924,NYSE-JNAF,16624,False
151924,NYSE-JNAF,16632,False
151924,NYSE-JZRO,17504,False
151924,NYSE-JZRO,17501,False
151924,NYSE-JZRO,17505,False
151924,NYSE-JZRO,17503,False
151924,NYSE-KRAS,16980,False
151924,NYSE-KRAS,16978,False
151924,NYSE-KRAS,16976,False
151924,NYSE-KRAS,16975,False
151924,NYSE-KRAS,16973,False
151924,NYSE-KRAS,16971,False
151924,NYSE-KRAS,16972,False
151924,NYSE-KRAS,16979,False
151924,NYSE-KRAS,16974,False
151924,NYSE-KRAS,16977,False
151924,NYSE-KTST,17076,False
151924,NYSE-KTST,17075,False
151924,NYSE-KTST,17074,False
151924,NYSE-KTST,17073,False
151924,NYSE-KTST,17072,False
151924,NYSE-KTST,17070,False
151924,NYSE-KTST,17068,False
151924,NYSE-KTST,17067,False
151924,NYSE-KTST,17069,False
151924,NYSE-KTST,17071,False
151924,NYSE-MDKA,16608,False
151924,NYSE-MDKA,16607,False
151924,NYSE-MDKA,16606,False
151924,NYSE-MDKA,16605,False
151924,NYSE-MDKA,16604,False
151924,NYSE-MDKA,16601,False
151924,NYSE-MDKA,16599,False
151924,NYSE-MDKA,16603,False
151924,NYSE-MDKA,16602,False
151924,NYSE-MDKA,16600,False
151924,NYSE-NGUP,17506,False
151924,NYSE-NGUP,17509,False
151924,NYSE-NGUP,17507,False
151924,NYSE-NGUP,17508,False
151924,NYSE-SIMP,17281,False
151924,NYSE-SIMP,17279,False
151925,NYSE-SIMP,17277,False
151925,NYSE-SIMP,17274,False
151925,NYSE-SIMP,17273,False
151925,NYSE-SIMP,17278,False
151925,NYSE-SIMP,17282,False
151925,NYSE-SIMP,17280,False
151925,NYSE-SIMP,17276,False
151925,NYSE-SIMP,17275,False
151925,NYSE-XFR,16649,False
151925,NYSE-XFR,16648,False
151925,NYSE-XFR,16647,False
151925,NYSE-XFR,16646,False
151925,NYSE-ZABA,16826,False
151925,NYSE-ZABA,16825,False
151925,NYSE-ZABA,16824,False
151925,NYSE-ZABA,16822,False
151925,NYSE-ZABA,16821,False
151925,NYSE-ZABA,16819,False
151925,NYSE-ZABA,16817,False
151925,NYSE-ZABA,16823,False
151925,NYSE-ZABA,16820,False
151925,NYSE-ZABA,16818,False
151934,NYSE-XFR,16129,False
151934,NYSE-XFR,16135,False
151934,NYSE-XFR,16137,False
151934,NYSE-XFR,16131,False
151934,NYSE-XFR,16133,False
152018,NYSE-DDJH,16945,False
152018,NYSE-SIMP,17293,False
152023,NYSE-ETFA3,16901,False
152023,NYSE-ETFA3,16897,False
152023,NYSE-ETFA3,16896,False
152023,NYSE-ETFA3,16895,False
152023,NYSE-ETFA3,16894,False
152023,NYSE-ETFA3,16893,False
152023,NYSE-ETFA3,16899,False
152023,NYSE-ETFA3,16902,False
152023,NYSE-ETFA3,16900,False
152023,NYSE-ETFA3,16898,False
152023,NYSE-ETFA,16965,False
152023,NYSE-ETFA,16963,False
152023,NYSE-ETFA,16961,False
152023,NYSE-ETFA,16959,False
152023,NYSE-ETFA,16958,False
152023,NYSE-ETFA,16957,False
152023,NYSE-ETFA,16956,False
152023,NYSE-ETFA,16960,False
152023,NYSE-ETFA,16962,False
152023,NYSE-ETFA,16964,False
152023,NYSE-CARD,18584,False
152023,NYSE-CARD,18583,False
152023,NYSE-CARD,18582,False
152023,NYSE-CARD,18581,False
152023,NYSE-CARD,18580,False
152023,NYSE-CARD,18579,False
152023,NYSE-CARD,18578,False
152023,NYSE-CARD,18577,False
152023,NYSE-CARD,18576,False
152023,NYSE-CARD,18575,False
152023,NYSE-DDJH,16944,False
152023,NYSE-DDJH,16943,False
152023,NYSE-DDJH,16942,False
152023,NYSE-DDJH,16941,False
152023,NYSE-DDJH,16940,False
152023,NYSE-DDJH,16939,False
152023,NYSE-DDJH,16938,False
152023,NYSE-DDJH,16936,False
152023,NYSE-DDJH,16937,False
152023,NYSE-DDJH,16935,False
152023,NYSE-INA,17293,False
152023,NYSE-JNAF,16638,False
152023,NYSE-JNAF,16637,False
152023,NYSE-JNAF,16636,False
152023,NYSE-JNAF,16645,False
152023,NYSE-JNAF,16644,False
152023,NYSE-JNAF,16642,False
152023,NYSE-JNAF,16641,False
152023,NYSE-JNAF,16640,False
152023,NYSE-JNAF,16643,False
152023,NYSE-JNAF,16639,False
152024,NYSE-JZRO,17515,False
152024,NYSE-JZRO,17513,False
152024,NYSE-JZRO,17511,False
152024,NYSE-JZRO,17512,False
152024,NYSE-JZRO,17514,False
152024,NYSE-JZRO,17510,False
152024,NYSE-KRAS,16992,False
152024,NYSE-KRAS,16990,False
152024,NYSE-KRAS,16988,False
152024,NYSE-KRAS,16986,False
152024,NYSE-KRAS,16987,False
152024,NYSE-KRAS,16991,False
152024,NYSE-KRAS,16983,False
152024,NYSE-KRAS,16985,False
152024,NYSE-KRAS,16989,False
152024,NYSE-KRAS,16984,False
152024,NYSE-KTST,17087,False
152024,NYSE-KTST,17086,False
152024,NYSE-KTST,17085,False
152024,NYSE-KTST,17084,False
152024,NYSE-KTST,17083,False
152024,NYSE-KTST,17082,False
152024,NYSE-KTST,17081,False
152024,NYSE-KTST,17080,False
152024,NYSE-KTST,17079,False
152024,NYSE-KTST,17078,False
152024,NYSE-MDKA,16617,False
152024,NYSE-MDKA,16615,False
152024,NYSE-MDKA,16614,False
152024,NYSE-MDKA,16613,False
152024,NYSE-MDKA,16612,False
152024,NYSE-MDKA,16611,False
152024,NYSE-MDKA,16609,False
152024,NYSE-MDKA,16618,False
152024,NYSE-MDKA,16616,False
152024,NYSE-MDKA,16610,False
152024,NYSE-NGUP,17516,False
152024,NYSE-NGUP,17518,False
152024,NYSE-SIMP,17283,False
152024,NYSE-SIMP,17291,False
152024,NYSE-SIMP,17289,False
152024,NYSE-SIMP,17287,False
152024,NYSE-SIMP,17285,False
152024,NYSE-SIMP,17290,False
152024,NYSE-SIMP,17292,False
152024,NYSE-SIMP,17284,False
152024,NYSE-SIMP,17288,False
152024,NYSE-SIMP,17286,False
152024,NYSE-XFR,16659,False
152024,NYSE-XFR,16658,False
152024,NYSE-XFR,16657,False
152024,NYSE-XFR,16656,False
152024,NYSE-ZABA,16838,False
152024,NYSE-ZABA,16836,False
152024,NYSE-ZABA,16835,False
152024,NYSE-ZABA,16833,False
152024,NYSE-ZABA,16832,False
152024,NYSE-ZABA,16831,False
152024,NYSE-ZABA,16830,False
152024,NYSE-ZABA,16834,False
152024,NYSE-ZABA,16837,False
152110,NYSE-NGUP,17007,False
152110,NYSE-JNAF,16138,False
152110,NYSE-XFR,16147,False
152110,NYSE-XFR,16143,False
152110,NYSE-XFR,16145,False
152110,NYSE-XFR,16139,False
152110,NYSE-XFR,16141,False
152123,NYSE-ETFA3,16911,False
152123,NYSE-ETFA3,16910,False
152123,NYSE-ETFA3,16909,False
152123,NYSE-ETFA3,16908,False
152123,NYSE-ETFA3,16907,False
152123,NYSE-ETFA3,16906,False
152123,NYSE-ETFA3,16905,False
152123,NYSE-ETFA3,16904,False
152123,NYSE-ETFA3,16903,False
152123,NYSE-ETFA3,16912,False
152123,NYSE-ETFA,16974,False
152123,NYSE-ETFA,16972,False
152123,NYSE-ETFA,16970,False
152123,NYSE-ETFA,16969,False
152123,NYSE-ETFA,16968,False
152123,NYSE-ETFA,16967,False
152123,NYSE-ETFA,16975,False
152123,NYSE-ETFA,16971,False
152123,NYSE-ETFA,16973,False
152123,NYSE-ETFA,16966,False
152123,NYSE-CARD,18594,False
152123,NYSE-CARD,18593,False
152123,NYSE-CARD,18592,False
152123,NYSE-CARD,18591,False
152123,NYSE-CARD,18590,False
152123,NYSE-CARD,18589,False
152123,NYSE-CARD,18587,False
152123,NYSE-CARD,18586,False
152123,NYSE-CARD,18588,False
152123,NYSE-CARD,18585,False
152123,NYSE-DDJH,16955,False
152123,NYSE-DDJH,16953,False
152123,NYSE-DDJH,16951,False
152123,NYSE-DDJH,16950,False
152124,NYSE-DDJH,16946,False
152124,NYSE-DDJH,16948,False
152124,NYSE-DDJH,16954,False
152124,NYSE-DDJH,16949,False
152124,NYSE-DDJH,16947,False
152124,NYSE-DDJH,16952,False
152124,NYSE-JNAF,16649,False
152124,NYSE-JNAF,16648,False
152124,NYSE-JNAF,16647,False
152124,NYSE-JNAF,16655,False
152124,NYSE-JNAF,16654,False
152124,NYSE-JNAF,16652,False
152124,NYSE-JNAF,16651,False
152124,NYSE-JNAF,16650,False
152124,NYSE-JNAF,16646,False
152124,NYSE-JNAF,16653,False
152124,NYSE-JZRO,17525,False
152124,NYSE-JZRO,17521,False
152124,NYSE-JZRO,17523,False
152124,NYSE-JZRO,17524,False
152124,NYSE-JZRO,17522,False
152124,NYSE-JZRO,17520,False
152124,NYSE-KRAS,17002,False
152124,NYSE-KRAS,17000,False
152124,NYSE-KRAS,16998,False
152124,NYSE-KRAS,16996,False
152124,NYSE-KRAS,16994,False
152124,NYSE-KRAS,16995,False
152124,NYSE-KRAS,17003,False
152124,NYSE-KRAS,17001,False
152124,NYSE-KRAS,16997,False
152124,NYSE-KRAS,16999,False
152124,NYSE-KTST,17096,False
152124,NYSE-KTST,17094,False
152124,NYSE-KTST,17093,False
152124,NYSE-KTST,17092,False
152124,NYSE-KTST,17091,False
152124,NYSE-KTST,17090,False
152124,NYSE-KTST,17089,False
152124,NYSE-KTST,17088,False
152124,NYSE-KTST,17097,False
152124,NYSE-KTST,17095,False
152124,NYSE-MDKA,16628,False
152124,NYSE-MDKA,16627,False
152124,NYSE-MDKA,16626,False
152124,NYSE-MDKA,16625,False
152124,NYSE-MDKA,16624,False
152124,NYSE-MDKA,16623,False
152124,NYSE-MDKA,16622,False
152124,NYSE-MDKA,16620,False
152124,NYSE-MDKA,16619,False
152124,NYSE-MDKA,16621,False
152124,NYSE-NGUP,17529,False
152124,NYSE-NGUP,17527,False
152124,NYSE-NGUP,17528,False
152124,NYSE-NGUP,17526,False
152124,NYSE-SIMP,17303,False
152124,NYSE-SIMP,17299,False
152124,NYSE-SIMP,17297,False
152124,NYSE-SIMP,17301,False
152124,NYSE-SIMP,17300,False
152124,NYSE-SIMP,17298,False
152124,NYSE-SIMP,17294,False
152124,NYSE-SIMP,17296,False
152124,NYSE-SIMP,17302,False
152124,NYSE-SIMP,17295,False
152125,NYSE-XFR,16670,False
152125,NYSE-XFR,16667,False
152125,NYSE-XFR,16666,False
152125,NYSE-XFR,16668,False
152125,NYSE-XFR,16669,False
152125,NYSE-ZABA,16850,False
152125,NYSE-ZABA,16849,False
152125,NYSE-ZABA,16848,False
152125,NYSE-ZABA,16844,False
152125,NYSE-ZABA,16842,False
152125,NYSE-ZABA,16846,False
152125,NYSE-ZABA,16841,False
152125,NYSE-ZABA,16843,False
152125,NYSE-ZABA,16845,False
152125,NYSE-ZABA,16847,False
152165,NYSE-KTST,17108,False
152180,NYSE-XFR,16155,False
152180,NYSE-XFR,16157,False
152180,NYSE-XFR,16153,False
152188,NYSE-DDJH,16967,False
152210,NYSE-NGUP,17018,False
152210,NYSE-NGUP,17016,False
152210,NYSE-NGUP,17014,False
152210,NYSE-NGUP,17012,False
152210,NYSE-JNAF,16148,False
152223,NYSE-ETFA3,16921,False
152223,NYSE-ETFA3,16920,False
152223,NYSE-ETFA3,16919,False
152223,NYSE-ETFA3,16918,False
152223,NYSE-ETFA3,16917,False
152223,NYSE-ETFA3,16915,False
152223,NYSE-ETFA3,16913,False
152223,NYSE-ETFA3,16916,False
152223,NYSE-ETFA3,16922,False
152223,NYSE-ETFA3,16914,False
152223,NYSE-ETFA,16985,False
152223,NYSE-ETFA,16983,False
152223,NYSE-ETFA,16981,False
152223,NYSE-ETFA,16979,False
152223,NYSE-ETFA,16976,False
152223,NYSE-ETFA,16980,False
152223,NYSE-ETFA,16978,False
152224,NYSE-ETFA,16977,False
152224,NYSE-ETFA,16982,False
152224,NYSE-ETFA,16984,False
152224,NYSE-CARD,18604,False
152224,NYSE-CARD,18602,False
152224,NYSE-CARD,18600,False
152224,NYSE-CARD,18598,False
152224,NYSE-CARD,18596,False
152224,NYSE-CARD,18603,False
152224,NYSE-CARD,18601,False
152224,NYSE-CARD,18599,False
152224,NYSE-CARD,18597,False
152224,NYSE-CARD,18595,False
152224,NYSE-DDJH,16965,False
152224,NYSE-DDJH,16963,False
152224,NYSE-DDJH,16961,False
152224,NYSE-DDJH,16959,False
152224,NYSE-DDJH,16957,False
152224,NYSE-DDJH,16956,False
152224,NYSE-DDJH,16960,False
152224,NYSE-DDJH,16964,False
152224,NYSE-DDJH,16958,False
152224,NYSE-DDJH,16962,False
152224,NYSE-INA,17314,False
152224,NYSE-JNAF,16660,False
152224,NYSE-JNAF,16659,False
152224,NYSE-JNAF,16658,False
152224,NYSE-JNAF,16657,False
152224,NYSE-JNAF,16665,False
152224,NYSE-JNAF,16663,False
152224,NYSE-JNAF,16662,False
152224,NYSE-JNAF,16661,False
152224,NYSE-JNAF,16664,False
152224,NYSE-JNAF,16656,False
152224,NYSE-JZRO,17533,False
152224,NYSE-JZRO,17535,False
152224,NYSE-JZRO,17530,False
152224,NYSE-JZRO,17532,False
152224,NYSE-JZRO,17534,False
152224,NYSE-KRAS,17013,False
152224,NYSE-KRAS,17011,False
152224,NYSE-KRAS,17009,False
152224,NYSE-KRAS,17007,False
152224,NYSE-KRAS,17006,False
152224,NYSE-KRAS,17004,False
152224,NYSE-KRAS,17010,False
152224,NYSE-KRAS,17008,False
152224,NYSE-KRAS,17005,False
152224,NYSE-KRAS,17012,False
152225,NYSE-KTST,17107,False
152225,NYSE-KTST,17105,False
152225,NYSE-KTST,17104,False
152225,NYSE-KTST,17102,False
152225,NYSE-KTST,17101,False
152225,NYSE-KTST,17100,False
152225,NYSE-KTST,17099,False
152225,NYSE-KTST,17098,False
152225,NYSE-KTST,17106,False
152225,NYSE-KTST,17103,False
152225,NYSE-MDKA,16638,False
152225,NYSE-MDKA,16637,False
152225,NYSE-MDKA,16636,False
152225,NYSE-MDKA,16635,False
152225,NYSE-MDKA,16634,False
152225,NYSE-MDKA,16633,False
152225,NYSE-MDKA,16631,False
152225,NYSE-MDKA,16630,False
152225,NYSE-MDKA,16629,False
152225,NYSE-MDKA,16632,False
152225,NYSE-NGUP,17536,False
152225,NYSE-NGUP,17538,False
152225,NYSE-NGUP,17540,False
152225,NYSE-SIMP,17313,False
152225,NYSE-SIMP,17311,False
152225,NYSE-SIMP,17309,False
152225,NYSE-SIMP,17305,False
152225,NYSE-SIMP,17307,False
152225,NYSE-SIMP,17304,False
152225,NYSE-SIMP,17306,False
152225,NYSE-SIMP,17308,False
152225,NYSE-SIMP,17310,False
152225,NYSE-SIMP,17312,False
152225,NYSE-XFR,16164,False
152225,NYSE-XFR,16168,False
152225,NYSE-XFR,16166,False
152225,NYSE-XFR,16160,False
152225,NYSE-XFR,16162,False
152225,NYSE-XFR,16679,False
152225,NYSE-XFR,16678,False
152225,NYSE-XFR,16677,False
152225,NYSE-XFR,16676,False
152225,NYSE-XFR,16680,False
152225,NYSE-ZABA,16860,False
152225,NYSE-ZABA,16859,False
152225,NYSE-ZABA,16857,False
152225,NYSE-ZABA,16856,False
152225,NYSE-ZABA,16854,False
152225,NYSE-ZABA,16853,False
152225,NYSE-ZABA,16851,False
152225,NYSE-ZABA,16855,False
152225,NYSE-ZABA,16852,False
152225,NYSE-ZABA,16858,False
152270,NYSE-CARD,18615,False
152285,NYSE-ETFA,16998,False
152285,NYSE-KTST,17120,False
152285,NYSE-MDKA,16650,False
152310,NYSE-KTST,17054,False
152310,NYSE-DDJH,16910,False
152310,NYSE-ETFA,16933,False
152310,NYSE-MDKA,16588,False
152310,NYSE-KRAS,16959,False
152310,NYSE-ETFA3,16870,False
152310,NYSE-XFR,16629,False
152323,NYSE-ETFA3,16932,False
152323,NYSE-ETFA3,16931,False
152323,NYSE-ETFA3,16930,False
152323,NYSE-ETFA3,16929,False
152323,NYSE-ETFA3,16927,False
152323,NYSE-ETFA3,16928,False
152323,NYSE-ETFA3,16926,False
152323,NYSE-ETFA3,16924,False
152323,NYSE-ETFA3,16933,False
152323,NYSE-ETFA3,16925,False
152323,NYSE-ETFA,16996,False
152323,NYSE-ETFA,16994,False
152323,NYSE-ETFA,16992,False
152323,NYSE-ETFA,16991,False
152323,NYSE-ETFA,16990,False
152323,NYSE-ETFA,16987,False
152323,NYSE-ETFA,16995,False
152324,NYSE-ETFA,16993,False
152324,NYSE-ETFA,16989,False
152324,NYSE-CARD,18613,False
152324,NYSE-CARD,18607,False
152324,NYSE-CARD,18605,False
152324,NYSE-CARD,18611,False
152324,NYSE-CARD,18609,False
152324,NYSE-CARD,18610,False
152324,NYSE-CARD,18614,False
152324,NYSE-CARD,18606,False
152324,NYSE-CARD,18608,False
152324,NYSE-CARD,18612,False
152324,NYSE-DDJH,16976,False
152324,NYSE-DDJH,16975,False
152324,NYSE-DDJH,16973,False
152324,NYSE-DDJH,16971,False
152324,NYSE-DDJH,16968,False
152324,NYSE-DDJH,16970,False
152324,NYSE-DDJH,16972,False
152324,NYSE-DDJH,16974,False
152324,NYSE-DDJH,16977,False
152324,NYSE-INA,17324,False
152324,NYSE-JNAF,16670,False
152324,NYSE-JNAF,16667,False
152324,NYSE-JNAF,16666,False
152324,NYSE-JNAF,16675,False
152324,NYSE-JNAF,16673,False
152324,NYSE-JNAF,16672,False
152324,NYSE-JNAF,16671,False
152324,NYSE-JNAF,16668,False
152324,NYSE-JNAF,16669,False
152324,NYSE-JNAF,16674,False
152324,NYSE-JZRO,17545,False
152324,NYSE-JZRO,17543,False
152324,NYSE-JZRO,17541,False
152324,NYSE-JZRO,17544,False
152324,NYSE-KRAS,17020,False
152324,NYSE-KRAS,17018,False
152324,NYSE-KRAS,17024,False
152324,NYSE-KRAS,17016,False
152324,NYSE-KRAS,17021,False
152324,NYSE-KRAS,17025,False
152324,NYSE-KRAS,17023,False
152324,NYSE-KRAS,17017,False
152324,NYSE-KRAS,17019,False
152324,NYSE-KRAS,17022,False
152324,NYSE-KTST,17119,False
152324,NYSE-KTST,17117,False
152324,NYSE-KTST,17116,False
152324,NYSE-KTST,17115,False
152324,NYSE-KTST,17114,False
152324,NYSE-KTST,17113,False
152324,NYSE-KTST,17110,False
152324,NYSE-KTST,17112,False
152324,NYSE-KTST,17111,False
152324,NYSE-KTST,17118,False
152324,NYSE-MDKA,16649,False
152324,NYSE-MDKA,16648,False
152324,NYSE-MDKA,16647,False
152324,NYSE-MDKA,16645,False
152324,NYSE-MDKA,16644,False
152324,NYSE-MDKA,16642,False
152324,NYSE-MDKA,16641,False
152324,NYSE-MDKA,16640,False
152324,NYSE-MDKA,16643,False
152325,NYSE-MDKA,16646,False
152325,NYSE-NGUP,17039,False
152325,NYSE-NGUP,17033,False
152325,NYSE-NGUP,17035,False
152325,NYSE-NGUP,17037,False
152325,NYSE-NGUP,17549,False
152325,NYSE-NGUP,17547,False
152325,NYSE-NGUP,17551,False
152325,NYSE-SIMP,17314,False
152325,NYSE-SIMP,17319,False
152325,NYSE-SIMP,17317,False
152325,NYSE-SIMP,17316,False
152325,NYSE-SIMP,17315,False
152325,NYSE-SIMP,17320,False
152325,NYSE-SIMP,17322,False
152325,NYSE-SIMP,17318,False
152325,NYSE-SIMP,17321,False
152325,NYSE-SIMP,17323,False
152325,NYSE-XFR,16691,False
152325,NYSE-XFR,16689,False
152325,NYSE-XFR,16687,False
152325,NYSE-ZABA,16868,False
152325,NYSE-ZABA,16866,False
152325,NYSE-ZABA,16865,False
152325,NYSE-ZABA,16863,False
152325,NYSE-ZABA,16862,False
152325,NYSE-ZABA,16870,False
152325,NYSE-ZABA,16864,False
152325,NYSE-ZABA,16869,False
152325,NYSE-ZABA,16867,False
152410,NYSE-XFR,16178,False
152410,NYSE-XFR,16177,False
152410,NYSE-XFR,16176,False
152423,NYSE-ETFA3,16943,False
152423,NYSE-ETFA3,16942,False
152423,NYSE-ETFA3,16941,False
152423,NYSE-ETFA3,16940,False
152423,NYSE-ETFA3,16934,False
152423,NYSE-ETFA3,16939,False
152423,NYSE-ETFA3,16937,False
152423,NYSE-ETFA3,16938,False
152423,NYSE-ETFA3,16936,False
152423,NYSE-ETFA3,16935,False
152423,NYSE-ETFA,17007,False
152423,NYSE-ETFA,17005,False
152423,NYSE-ETFA,17004,False
152423,NYSE-ETFA,17003,False
152423,NYSE-ETFA,17002,False
152423,NYSE-ETFA,17000,False
152423,NYSE-ETFA,17006,False
152423,NYSE-ETFA,17008,False
152423,NYSE-ETFA,17001,False
152423,NYSE-ETFA,16999,False
152423,NYSE-CARD,18625,False
152423,NYSE-CARD,18624,False
152423,NYSE-CARD,18622,False
152423,NYSE-CARD,18620,False
152423,NYSE-CARD,18618,False
152423,NYSE-CARD,18616,False
152423,NYSE-CARD,18621,False
152423,NYSE-CARD,18623,False
152423,NYSE-CARD,18617,False
152423,NYSE-CARD,18619,False
152423,NYSE-DDJH,16988,False
152423,NYSE-DDJH,16986,False
152423,NYSE-DDJH,16982,False
152423,NYSE-DDJH,16980,False
152423,NYSE-DDJH,16987,False
152423,NYSE-DDJH,16979,False
152423,NYSE-DDJH,16983,False
152423,NYSE-DDJH,16985,False
152423,NYSE-DDJH,16981,False
152423,NYSE-DDJH,16984,False
152423,NYSE-JNAF,16681,False
152423,NYSE-JNAF,16679,False
152423,NYSE-JNAF,16678,False
152423,NYSE-JNAF,16677,False
152423,NYSE-JNAF,16684,False
152423,NYSE-JNAF,16683,False
152423,NYSE-JNAF,16682,False
152423,NYSE-JNAF,16676,False
152423,NYSE-JNAF,16685,False
152423,NYSE-JNAF,16680,False
152424,NYSE-JZRO,17554,False
152424,NYSE-JZRO,17552,False
152424,NYSE-JZRO,17555,False
152424,NYSE-KRAS,17030,False
152424,NYSE-KRAS,17028,False
152424,NYSE-KRAS,17036,False
152424,NYSE-KRAS,17034,False
152424,NYSE-KRAS,17032,False
152424,NYSE-KRAS,17031,False
152424,NYSE-KRAS,17033,False
152424,NYSE-KRAS,17035,False
152424,NYSE-KRAS,17027,False
152424,NYSE-KRAS,17029,False
152424,NYSE-KTST,17130,False
152424,NYSE-KTST,17129,False
152424,NYSE-KTST,17128,False
152424,NYSE-KTST,17127,False
152424,NYSE-KTST,17125,False
152424,NYSE-KTST,17123,False
152424,NYSE-KTST,17122,False
152424,NYSE-KTST,17121,False
152424,NYSE-KTST,17124,False
152424,NYSE-KTST,17126,False
152424,NYSE-MDKA,16660,False
152424,NYSE-MDKA,16659,False
152424,NYSE-MDKA,16658,False
152424,NYSE-MDKA,16657,False
152424,NYSE-MDKA,16655,False
152424,NYSE-MDKA,16654,False
152424,NYSE-MDKA,16652,False
152424,NYSE-MDKA,16651,False
152424,NYSE-MDKA,16656,False
152424,NYSE-MDKA,16653,False
152424,NYSE-NGUP,17559,False
152424,NYSE-NGUP,17557,False
152424,NYSE-NGUP,17561,False
152424,NYSE-SIMP,17333,False
152424,NYSE-SIMP,17332,False
152424,NYSE-SIMP,17331,False
152424,NYSE-SIMP,17329,False
152424,NYSE-SIMP,17328,False
152424,NYSE-SIMP,17327,False
152424,NYSE-SIMP,17334,False
152424,NYSE-SIMP,17330,False
152424,NYSE-SIMP,17326,False
152424,NYSE-SIMP,17325,False
152424,NYSE-XFR,16701,False
152424,NYSE-XFR,16699,False
152424,NYSE-XFR,16697,False
152424,NYSE-ZABA,16876,False
152424,NYSE-ZABA,16875,False
152424,NYSE-ZABA,16874,False
152424,NYSE-ZABA,16873,False
152424,NYSE-ZABA,16872,False
152424,NYSE-ZABA,16881,False
152424,NYSE-ZABA,16879,False
152424,NYSE-ZABA,16877,False
152424,NYSE-ZABA,16878,False
152424,NYSE-ZABA,16880,False
152435,NYSE-ZABA,16892,False
152451,NYSE-XFR,16188,False
152451,NYSE-XFR,16184,False
152451,NYSE-XFR,16186,False
152451,NYSE-XFR,16712,False
152523,NYSE-ETFA3,16952,False
152523,NYSE-ETFA3,16951,False
152523,NYSE-ETFA3,16950,False
152523,NYSE-ETFA3,16949,False
152523,NYSE-ETFA3,16945,False
152523,NYSE-ETFA3,16944,False
152523,NYSE-ETFA3,16953,False
152523,NYSE-ETFA3,16948,False
152523,NYSE-ETFA3,16946,False
152523,NYSE-ETFA3,16947,False
152523,NYSE-ETFA,17018,False
152523,NYSE-ETFA,17017,False
152523,NYSE-ETFA,17016,False
152523,NYSE-ETFA,17015,False
152523,NYSE-ETFA,17013,False
152523,NYSE-ETFA,17011,False
152523,NYSE-ETFA,17009,False
152523,NYSE-ETFA,17010,False
152523,NYSE-ETFA,17012,False
152523,NYSE-ETFA,17014,False
152524,NYSE-CARD,18634,False
152524,NYSE-CARD,18630,False
152524,NYSE-CARD,18628,False
152524,NYSE-CARD,18626,False
152524,NYSE-CARD,18632,False
152524,NYSE-CARD,18635,False
152524,NYSE-CARD,18633,False
152524,NYSE-CARD,18631,False
152524,NYSE-CARD,18627,False
152524,NYSE-CARD,18629,False
152524,NYSE-DDJH,16998,False
152524,NYSE-DDJH,16996,False
152524,NYSE-DDJH,16994,False
152524,NYSE-DDJH,16992,False
152524,NYSE-DDJH,16990,False
152524,NYSE-DDJH,16995,False
152524,NYSE-DDJH,16991,False
152524,NYSE-DDJH,16989,False
152524,NYSE-DDJH,16993,False
152524,NYSE-DDJH,16997,False
152524,NYSE-JNAF,16691,False
152524,NYSE-JNAF,16689,False
152524,NYSE-JNAF,16687,False
152524,NYSE-JNAF,16695,False
152524,NYSE-JNAF,16693,False
152524,NYSE-JNAF,16692,False
152524,NYSE-JNAF,16690,False
152524,NYSE-JNAF,16688,False
152524,NYSE-JNAF,16686,False
152524,NYSE-JNAF,16694,False
152524,NYSE-JZRO,17565,False
152524,NYSE-JZRO,17563,False
152524,NYSE-KRAS,17044,False
152524,NYSE-KRAS,17042,False
152524,NYSE-KRAS,17040,False
152524,NYSE-KRAS,17038,False
152524,NYSE-KRAS,17046,False
152524,NYSE-KRAS,17045,False
152524,NYSE-KRAS,17043,False
152524,NYSE-KRAS,17041,False
152524,NYSE-KRAS,17039,False
152524,NYSE-KRAS,17037,False
152524,NYSE-KTST,17140,False
152524,NYSE-KTST,17137,False
152524,NYSE-KTST,17131,False
152524,NYSE-KTST,17135,False
152524,NYSE-KTST,17134,False
152524,NYSE-KTST,17132,False
152524,NYSE-KTST,17133,False
152524,NYSE-KTST,17138,False
152524,NYSE-KTST,17136,False
152524,NYSE-KTST,17139,False
152524,NYSE-MDKA,16670,False
152524,NYSE-MDKA,16667,False
152524,NYSE-MDKA,16666,False
152524,NYSE-MDKA,16665,False
152524,NYSE-MDKA,16663,False
152524,NYSE-MDKA,16662,False
152524,NYSE-MDKA,16664,False
152524,NYSE-MDKA,16671,False
152524,NYSE-MDKA,16668,False
152524,NYSE-MDKA,16669,False
152525,NYSE-NGUP,17061,False
152525,NYSE-NGUP,17063,False
152525,NYSE-NGUP,17059,False
152525,NYSE-NGUP,17571,False
152525,NYSE-NGUP,17567,False
152525,NYSE-NGUP,17569,False
152525,NYSE-SIMP,17344,False
152525,NYSE-SIMP,17342,False
152525,NYSE-SIMP,17341,False
152525,NYSE-SIMP,17339,False
152525,NYSE-SIMP,17337,False
152525,NYSE-SIMP,17335,False
152525,NYSE-SIMP,17343,False
152525,NYSE-SIMP,17336,False
152525,NYSE-SIMP,17338,False
152525,NYSE-SIMP,17340,False
152525,NYSE-XFR,16197,False
152525,NYSE-XFR,16191,False
152525,NYSE-XFR,16193,False
152525,NYSE-XFR,16195,False
152525,NYSE-XFR,16707,False
152525,NYSE-XFR,16711,False
152525,NYSE-XFR,16709,False
152525,NYSE-ZABA,16891,False
152525,NYSE-ZABA,16890,False
152525,NYSE-ZABA,16888,False
152525,NYSE-ZABA,16887,False
152525,NYSE-ZABA,16886,False
152525,NYSE-ZABA,16885,False
152525,NYSE-ZABA,16884,False
152525,NYSE-ZABA,16883,False
152525,NYSE-ZABA,16882,False
152525,NYSE-ZABA,16889,False
152623,NYSE-ETFA3,16963,False
152623,NYSE-ETFA3,16961,False
152623,NYSE-ETFA3,16959,False
152623,NYSE-ETFA3,16958,False
152623,NYSE-ETFA3,16957,False
152623,NYSE-ETFA3,16956,False
152623,NYSE-ETFA3,16955,False
152623,NYSE-ETFA3,16954,False
152623,NYSE-ETFA3,16960,False
152623,NYSE-ETFA3,16962,False
152623,NYSE-ETFA,17029,False
152623,NYSE-ETFA,17028,False
152623,NYSE-ETFA,17027,False
152623,NYSE-ETFA,17026,False
152623,NYSE-ETFA,17024,False
152623,NYSE-ETFA,17023,False
152623,NYSE-ETFA,17022,False
152623,NYSE-ETFA,17021,False
152623,NYSE-ETFA,17025,False
152623,NYSE-ETFA,17020,False
152623,NYSE-CARD,18642,False
152624,NYSE-CARD,18638,False
152624,NYSE-CARD,18636,False
152624,NYSE-CARD,18640,False
152624,NYSE-CARD,18644,False
152624,NYSE-CARD,18639,False
152624,NYSE-CARD,18637,False
152624,NYSE-CARD,18641,False
152624,NYSE-CARD,18643,False
152624,NYSE-CARD,18645,False
152624,NYSE-DDJH,17007,False
152624,NYSE-DDJH,17006,False
152624,NYSE-DDJH,17002,False
152624,NYSE-DDJH,17000,False
152624,NYSE-DDJH,17004,False
152624,NYSE-DDJH,17008,False
152624,NYSE-DDJH,17005,False
152624,NYSE-DDJH,17003,False
152624,NYSE-DDJH,17001,False
152624,NYSE-DDJH,16999,False
152624,NYSE-INA,17346,False
152624,NYSE-JNAF,16701,False
152624,NYSE-JNAF,16699,False
152624,NYSE-JNAF,16697,False
152624,NYSE-JNAF,16705,False
152624,NYSE-JNAF,16700,False
152624,NYSE-JNAF,16696,False
152624,NYSE-JNAF,16704,False
152624,NYSE-JNAF,16698,False
152624,NYSE-JNAF,16702,False
152624,NYSE-JNAF,16703,False
152624,NYSE-JZRO,17574,False
152624,NYSE-JZRO,17572,False
152624,NYSE-KRAS,17056,False
152624,NYSE-KRAS,17054,False
152624,NYSE-KRAS,17050,False
152624,NYSE-KRAS,17049,False
152624,NYSE-KRAS,17047,False
152624,NYSE-KRAS,17052,False
152624,NYSE-KRAS,17053,False
152624,NYSE-KRAS,17051,False
152624,NYSE-KRAS,17055,False
152624,NYSE-KRAS,17048,False
152624,NYSE-KTST,17147,False
152624,NYSE-KTST,17145,False
152624,NYSE-KTST,17144,False
152624,NYSE-KTST,17143,False
152624,NYSE-KTST,17142,False
152624,NYSE-KTST,17146,False
152624,NYSE-KTST,17150,False
152624,NYSE-KTST,17148,False
152624,NYSE-KTST,17141,False
152624,NYSE-KTST,17149,False
152624,NYSE-MDKA,16681,False
152624,NYSE-MDKA,16679,False
152624,NYSE-MDKA,16678,False
152624,NYSE-MDKA,16677,False
152624,NYSE-MDKA,16675,False
152624,NYSE-MDKA,16673,False
152624,NYSE-MDKA,16672,False
152624,NYSE-MDKA,16676,False
152624,NYSE-MDKA,16680,False
152624,NYSE-MDKA,16674,False
152624,NYSE-NGUP,17581,False
152624,NYSE-NGUP,17579,False
152624,NYSE-NGUP,17578,False
152624,NYSE-NGUP,17577,False
152624,NYSE-NGUP,17576,False
152624,NYSE-NGUP,17580,False
152624,NYSE-SIMP,17354,False
152624,NYSE-SIMP,17352,False
152624,NYSE-SIMP,17351,False
152624,NYSE-SIMP,17349,False
152624,NYSE-SIMP,17348,False
152624,NYSE-SIMP,17355,False
152624,NYSE-SIMP,17347,False
152624,NYSE-SIMP,17350,False
152624,NYSE-SIMP,17353,False
152624,NYSE-XFR,16722,False
152624,NYSE-XFR,16721,False
152624,NYSE-XFR,16720,False
152624,NYSE-XFR,16719,False
152624,NYSE-XFR,16718,False
152624,NYSE-XFR,16717,False
152624,NYSE-XFR,16716,False
152625,NYSE-XFR,16201,False
152625,NYSE-XFR,16207,False
152625,NYSE-XFR,16203,False
152625,NYSE-XFR,16205,False
152625,NYSE-ZABA,16902,False
152625,NYSE-ZABA,16900,False
152625,NYSE-ZABA,16899,False
152625,NYSE-ZABA,16898,False
152625,NYSE-ZABA,16897,False
152625,NYSE-ZABA,16896,False
152625,NYSE-ZABA,16895,False
152625,NYSE-ZABA,16894,False
152625,NYSE-ZABA,16893,False
152625,NYSE-ZABA,16901,False
152637,NYSE-KRAS,17067,False
152637,NYSE-ZABA,16914,False
152637,NYSE-CARD,18657,False
152637,NYSE-ZABA,16915,False
152665,NYSE-ZABA,16916,False
152710,NYSE-NGUP,17072,False
152723,NYSE-ETFA3,16972,False
152723,NYSE-ETFA3,16970,False
152723,NYSE-ETFA3,16969,False
152723,NYSE-ETFA3,16968,False
152723,NYSE-ETFA3,16967,False
152723,NYSE-ETFA3,16965,False
152723,NYSE-ETFA3,16971,False
152723,NYSE-ETFA3,16973,False
152723,NYSE-ETFA3,16964,False
152723,NYSE-ETFA3,16966,False
152724,NYSE-ETFA,17039,False
152724,NYSE-ETFA,17038,False
152724,NYSE-ETFA,17037,False
152724,NYSE-ETFA,17036,False
152724,NYSE-ETFA,17034,False
152724,NYSE-ETFA,17033,False
152724,NYSE-ETFA,17032,False
152724,NYSE-ETFA,17031,False
152724,NYSE-ETFA,17030,False
152724,NYSE-ETFA,17035,False
152724,NYSE-CARD,18654,False
152724,NYSE-CARD,18652,False
152724,NYSE-CARD,18650,False
152724,NYSE-CARD,18648,False
152724,NYSE-CARD,18646,False
152724,NYSE-CARD,18655,False
152724,NYSE-CARD,18653,False
152724,NYSE-CARD,18651,False
152724,NYSE-CARD,18647,False
152724,NYSE-CARD,18649,False
152724,NYSE-DDJH,17018,False
152724,NYSE-DDJH,17015,False
152724,NYSE-DDJH,17013,False
152724,NYSE-DDJH,17011,False
152724,NYSE-DDJH,17009,False
152724,NYSE-DDJH,17016,False
152724,NYSE-DDJH,17014,False
152724,NYSE-DDJH,17017,False
152724,NYSE-DDJH,17010,False
152724,NYSE-DDJH,17012,False
152724,NYSE-INA,17356,False
152724,NYSE-JNAF,16712,False
152724,NYSE-JNAF,16707,False
152724,NYSE-JNAF,16715,False
152724,NYSE-JNAF,16713,False
152724,NYSE-JNAF,16710,False
152724,NYSE-JNAF,16708,False
152724,NYSE-JNAF,16706,False
152724,NYSE-JNAF,16711,False
152724,NYSE-JNAF,16709,False
152725,NYSE-JNAF,16714,False
152725,NYSE-JZRO,17582,False
152725,NYSE-JZRO,17584,False
152725,NYSE-KRAS,17066,False
152725,NYSE-KRAS,17064,False
152725,NYSE-KRAS,17062,False
152725,NYSE-KRAS,17060,False
152725,NYSE-KRAS,17058,False
152725,NYSE-KRAS,17061,False
152725,NYSE-KRAS,17065,False
152725,NYSE-KRAS,17063,False
152725,NYSE-KRAS,17057,False
152725,NYSE-KRAS,17059,False
152725,NYSE-KTST,17160,False
152725,NYSE-KTST,17158,False
152725,NYSE-KTST,17157,False
152725,NYSE-KTST,17156,False
152725,NYSE-KTST,17155,False
152725,NYSE-KTST,17154,False
152725,NYSE-KTST,17153,False
152725,NYSE-KTST,17152,False
152725,NYSE-KTST,17159,False
152725,NYSE-KTST,17151,False
152725,NYSE-MDKA,16691,False
152725,NYSE-MDKA,16690,False
152725,NYSE-MDKA,16689,False
152725,NYSE-MDKA,16688,False
152725,NYSE-MDKA,16687,False
152725,NYSE-MDKA,16686,False
152725,NYSE-MDKA,16684,False
152725,NYSE-MDKA,16683,False
152725,NYSE-MDKA,16682,False
152725,NYSE-MDKA,16685,False
152725,NYSE-NGUP,17080,False
152725,NYSE-NGUP,17078,False
152725,NYSE-NGUP,17076,False
152725,NYSE-NGUP,17082,False
152725,NYSE-NGUP,17084,False
152725,NYSE-NGUP,17593,False
152725,NYSE-NGUP,17591,False
152725,NYSE-NGUP,17589,False
152725,NYSE-NGUP,17587,False
152725,NYSE-SIMP,17365,False
152725,NYSE-SIMP,17363,False
152725,NYSE-SIMP,17362,False
152725,NYSE-SIMP,17360,False
152725,NYSE-SIMP,17366,False
152725,NYSE-SIMP,17361,False
152725,NYSE-SIMP,17358,False
152725,NYSE-SIMP,17364,False
152725,NYSE-XFR,16215,False
152725,NYSE-XFR,16211,False
152725,NYSE-XFR,16217,False
152725,NYSE-XFR,16213,False
152725,NYSE-XFR,16732,False
152725,NYSE-XFR,16730,False
152725,NYSE-XFR,16729,False
152725,NYSE-XFR,16728,False
152725,NYSE-XFR,16731,False
152725,NYSE-ZABA,16912,False
152725,NYSE-ZABA,16910,False
152725,NYSE-ZABA,16909,False
152725,NYSE-ZABA,16908,False
152725,NYSE-ZABA,16907,False
152726,NYSE-ZABA,16905,False
152726,NYSE-ZABA,16906,False
152726,NYSE-ZABA,16904,False
152726,NYSE-ZABA,16911,False
152726,NYSE-ZABA,16913,False
152793,NYSE-SIMP,17380,False
152801,NYSE-ZABA,16927,False
152820,NYSE-ZABA,16928,False
152823,NYSE-ETFA3,16985,False
152823,NYSE-ETFA3,16983,False
152823,NYSE-ETFA3,16981,False
152823,NYSE-ETFA3,16979,False
152823,NYSE-ETFA3,16980,False
152823,NYSE-ETFA3,16978,False
152823,NYSE-ETFA3,16977,False
152823,NYSE-ETFA3,16982,False
152823,NYSE-ETFA3,16984,False
152823,NYSE-ETFA3,16986,False
152823,NYSE-ETFA,17053,False
152823,NYSE-ETFA,17050,False
152823,NYSE-ETFA,17046,False
152823,NYSE-ETFA,17044,False
152823,NYSE-ETFA,17048,False
152823,NYSE-ETFA,17047,False
152823,NYSE-ETFA,17049,False
152823,NYSE-ETFA,17051,False
152823,NYSE-ETFA,17052,False
152823,NYSE-ETFA,17045,False
152824,NYSE-CARD,18663,False
152824,NYSE-CARD,18661,False
152824,NYSE-CARD,18669,False
152824,NYSE-CARD,18667,False
152824,NYSE-CARD,18665,False
152824,NYSE-CARD,18668,False
152824,NYSE-CARD,18666,False
152824,NYSE-CARD,18664,False
152824,NYSE-CARD,18662,False
152824,NYSE-CARD,18670,False
152824,NYSE-DDJH,17030,False
152824,NYSE-DDJH,17028,False
152824,NYSE-DDJH,17026,False
152824,NYSE-DDJH,17024,False
152824,NYSE-DDJH,17025,False
152824,NYSE-DDJH,17023,False
152824,NYSE-DDJH,17031,False
152824,NYSE-DDJH,17022,False
152824,NYSE-DDJH,17027,False
152824,NYSE-DDJH,17029,False
152824,NYSE-JNAF,16722,False
152824,NYSE-JNAF,16721,False
152824,NYSE-JNAF,16720,False
152824,NYSE-JNAF,16719,False
152824,NYSE-JNAF,16718,False
152824,NYSE-JNAF,16725,False
152824,NYSE-JNAF,16724,False
152824,NYSE-JNAF,16723,False
152824,NYSE-JNAF,16727,False
152824,NYSE-JNAF,16726,False
152824,NYSE-JZRO,17594,False
152824,NYSE-KRAS,17078,False
152824,NYSE-KRAS,17077,False
152824,NYSE-KRAS,17076,False
152824,NYSE-KRAS,17075,False
152824,NYSE-KRAS,17074,False
152824,NYSE-KRAS,17073,False
152824,NYSE-KRAS,17072,False
152824,NYSE-KRAS,17070,False
152824,NYSE-KRAS,17069,False
152824,NYSE-KRAS,17071,False
152824,NYSE-KTST,17171,False
152824,NYSE-KTST,17169,False
152824,NYSE-KTST,17168,False
152824,NYSE-KTST,17166,False
152824,NYSE-KTST,17164,False
152824,NYSE-KTST,17162,False
152824,NYSE-KTST,17170,False
152824,NYSE-KTST,17165,False
152824,NYSE-KTST,17163,False
152824,NYSE-KTST,17167,False
152824,NYSE-MDKA,16701,False
152824,NYSE-MDKA,16700,False
152824,NYSE-MDKA,16699,False
152824,NYSE-MDKA,16697,False
152824,NYSE-MDKA,16696,False
152824,NYSE-MDKA,16695,False
152824,NYSE-MDKA,16694,False
152824,NYSE-MDKA,16698,False
152824,NYSE-MDKA,16702,False
152824,NYSE-NGUP,17601,False
152824,NYSE-NGUP,17599,False
152824,NYSE-NGUP,17597,False
152824,NYSE-NGUP,17603,False
152825,NYSE-SIMP,17375,False
152825,NYSE-SIMP,17373,False
152825,NYSE-SIMP,17370,False
152825,NYSE-SIMP,17377,False
152825,NYSE-SIMP,17371,False
152825,NYSE-SIMP,17378,False
152825,NYSE-SIMP,17374,False
152825,NYSE-SIMP,17376,False
152825,NYSE-SIMP,17372,False
152825,NYSE-XFR,16228,False
152825,NYSE-XFR,16226,False
152825,NYSE-XFR,16743,False
152825,NYSE-XFR,16741,False
152825,NYSE-XFR,16739,False
152825,NYSE-ZABA,16926,False
152825,NYSE-ZABA,16925,False
152825,NYSE-ZABA,16924,False
152825,NYSE-ZABA,16922,False
152825,NYSE-ZABA,16919,False
152825,NYSE-ZABA,16917,False
152825,NYSE-ZABA,16923,False
152825,NYSE-ZABA,16921,False
152825,NYSE-ZABA,16918,False
152825,NYSE-ZABA,16920,False
152910,NYSE-KTST,17109,False
152910,NYSE-DDJH,16966,False
152910,NYSE-ETFA,16986,False
152910,NYSE-MDKA,16639,False
152910,NYSE-KRAS,17015,False
152910,NYSE-ETFA3,16923,False
152910,NYSE-XFR,16681,False
152923,NYSE-ETFA3,16996,False
152923,NYSE-ETFA3,16994,False
152923,NYSE-ETFA3,16992,False
152923,NYSE-ETFA3,16991,False
152923,NYSE-ETFA3,16990,False
152923,NYSE-ETFA3,16995,False
152923,NYSE-ETFA3,16988,False
152923,NYSE-ETFA3,16993,False
152923,NYSE-ETFA3,16989,False
152923,NYSE-ETFA3,16997,False
152924,NYSE-ETFA,17065,False
152924,NYSE-ETFA,17063,False
152924,NYSE-ETFA,17061,False
152924,NYSE-ETFA,17060,False
152924,NYSE-ETFA,17058,False
152924,NYSE-ETFA,17057,False
152924,NYSE-ETFA,17059,False
152924,NYSE-ETFA,17056,False
152924,NYSE-ETFA,17064,False
152924,NYSE-ETFA,17062,False
152924,NYSE-CARD,18680,False
152924,NYSE-CARD,18679,False
152924,NYSE-CARD,18677,False
152924,NYSE-CARD,18671,False
152924,NYSE-CARD,18673,False
152924,NYSE-CARD,18675,False
152924,NYSE-CARD,18676,False
152924,NYSE-CARD,18674,False
152924,NYSE-CARD,18678,False
152924,NYSE-CARD,18672,False
152924,NYSE-DDJH,17042,False
152924,NYSE-DDJH,17040,False
152924,NYSE-DDJH,17038,False
152924,NYSE-DDJH,17036,False
152924,NYSE-DDJH,17034,False
152924,NYSE-DDJH,17041,False
152924,NYSE-DDJH,17039,False
152924,NYSE-DDJH,17037,False
152924,NYSE-DDJH,17033,False
152924,NYSE-DDJH,17035,False
152924,NYSE-INA,17380,False
152925,NYSE-JNAF,16734,False
152925,NYSE-JNAF,16733,False
152925,NYSE-JNAF,16732,False
152925,NYSE-JNAF,16730,False
152925,NYSE-JNAF,16729,False
152925,NYSE-JNAF,16728,False
152925,NYSE-JNAF,16736,False
152925,NYSE-JNAF,16735,False
152925,NYSE-JNAF,16737,False
152925,NYSE-JNAF,16731,False
152925,NYSE-JZRO,17604,False
152925,NYSE-KRAS,17089,False
152925,NYSE-KRAS,17088,False
152925,NYSE-KRAS,17087,False
152925,NYSE-KRAS,17086,False
152925,NYSE-KRAS,17085,False
152925,NYSE-KRAS,17084,False
152925,NYSE-KRAS,17083,False
152925,NYSE-KRAS,17082,False
152925,NYSE-KRAS,17081,False
152925,NYSE-KRAS,17080,False
152925,NYSE-KTST,17180,False
152925,NYSE-KTST,17177,False
152925,NYSE-KTST,17176,False
152925,NYSE-KTST,17175,False
152925,NYSE-KTST,17174,False
152925,NYSE-KTST,17173,False
152925,NYSE-KTST,17172,False
152925,NYSE-KTST,17181,False
152925,NYSE-KTST,17178,False
152925,NYSE-KTST,17179,False
152925,NYSE-MDKA,16713,False
152925,NYSE-MDKA,16712,False
152925,NYSE-MDKA,16710,False
152925,NYSE-MDKA,16708,False
152925,NYSE-MDKA,16707,False
152925,NYSE-MDKA,16706,False
152925,NYSE-MDKA,16705,False
152925,NYSE-MDKA,16711,False
152925,NYSE-MDKA,16704,False
152925,NYSE-MDKA,16709,False
152925,NYSE-NGUP,17104,False
152925,NYSE-NGUP,17102,False
152925,NYSE-NGUP,17100,False
152925,NYSE-NGUP,17106,False
152925,NYSE-NGUP,17614,False
152925,NYSE-NGUP,17613,False
152925,NYSE-NGUP,17611,False
152925,NYSE-NGUP,17609,False
152925,NYSE-NGUP,17607,False
152925,NYSE-SIMP,17388,False
152925,NYSE-SIMP,17386,False
152925,NYSE-SIMP,17384,False
152925,NYSE-SIMP,17382,False
152925,NYSE-SIMP,17381,False
152925,NYSE-SIMP,17383,False
152925,NYSE-SIMP,17385,False
152925,NYSE-SIMP,17387,False
152925,NYSE-XFR,16233,False
152925,NYSE-XFR,16239,False
152925,NYSE-XFR,16241,False
152925,NYSE-XFR,16235,False
152925,NYSE-XFR,16237,False
152925,NYSE-XFR,16753,False
152925,NYSE-XFR,16749,False
152925,NYSE-XFR,16751,False
152926,NYSE-ZABA,16939,False
152926,NYSE-ZABA,16938,False
152926,NYSE-ZABA,16936,False
152926,NYSE-ZABA,16933,False
152926,NYSE-ZABA,16932,False
152926,NYSE-ZABA,16930,False
152926,NYSE-ZABA,16931,False
152926,NYSE-ZABA,16934,False
152926,NYSE-ZABA,16937,False
152926,NYSE-ZABA,16935,False
152946,NYSE-MDKA,16725,False
153002,NYSE-SIMP,17402,False
153002,NYSE-ZABA,16950,False
153002,NYSE-SIMP,17403,False
153023,NYSE-ETFA3,17007,False
153023,NYSE-ETFA3,17005,False
153023,NYSE-ETFA3,17004,False
153023,NYSE-ETFA3,17003,False
153023,NYSE-ETFA3,17002,False
153023,NYSE-ETFA3,17000,False
153023,NYSE-ETFA3,17006,False
153023,NYSE-ETFA3,17008,False
153023,NYSE-ETFA3,17001,False
153023,NYSE-ETFA3,16999,False
153024,NYSE-ETFA,17068,False
153024,NYSE-ETFA,17067,False
153024,NYSE-ETFA,17066,False
153024,NYSE-ETFA,17072,False
153024,NYSE-ETFA,17071,False
153024,NYSE-ETFA,17069,False
153024,NYSE-ETFA,17075,False
153024,NYSE-ETFA,17074,False
153024,NYSE-ETFA,17070,False
153024,NYSE-ETFA,17073,False
153024,NYSE-CARD,18690,False
153024,NYSE-CARD,18688,False
153024,NYSE-CARD,18687,False
153024,NYSE-CARD,18686,False
153024,NYSE-CARD,18683,False
153024,NYSE-CARD,18684,False
153024,NYSE-CARD,18682,False
153024,NYSE-CARD,18685,False
153024,NYSE-CARD,18689,False
153024,NYSE-CARD,18691,False
153024,NYSE-DDJH,17050,False
153024,NYSE-DDJH,17049,False
153024,NYSE-DDJH,17047,False
153024,NYSE-DDJH,17044,False
153024,NYSE-DDJH,17052,False
153024,NYSE-DDJH,17053,False
153024,NYSE-DDJH,17051,False
153024,NYSE-DDJH,17046,False
153024,NYSE-DDJH,17045,False
153024,NYSE-DDJH,17048,False
153025,NYSE-INA,17389,False
153025,NYSE-INA,17391,False
153025,NYSE-JNAF,16743,False
153025,NYSE-JNAF,16741,False
153025,NYSE-JNAF,16746,False
153025,NYSE-JNAF,16745,False
153025,NYSE-JNAF,16738,False
153025,NYSE-JNAF,16739,False
153025,NYSE-JNAF,16744,False
153025,NYSE-JNAF,16747,False
153025,NYSE-JNAF,16740,False
153025,NYSE-JNAF,16742,False
153025,NYSE-JZRO,17615,False
153025,NYSE-KRAS,17100,False
153025,NYSE-KRAS,17099,False
153025,NYSE-KRAS,17098,False
153025,NYSE-KRAS,17096,False
153025,NYSE-KRAS,17094,False
153025,NYSE-KRAS,17093,False
153025,NYSE-KRAS,17092,False
153025,NYSE-KRAS,17091,False
153025,NYSE-KRAS,17097,False
153025,NYSE-KRAS,17095,False
153025,NYSE-KTST,17192,False
153025,NYSE-KTST,17191,False
153025,NYSE-KTST,17190,False
153025,NYSE-KTST,17189,False
153025,NYSE-KTST,17187,False
153025,NYSE-KTST,17186,False
153025,NYSE-KTST,17184,False
153025,NYSE-KTST,17188,False
153025,NYSE-KTST,17185,False
153025,NYSE-KTST,17183,False
153025,NYSE-MDKA,16724,False
153025,NYSE-MDKA,16723,False
153025,NYSE-MDKA,16722,False
153025,NYSE-MDKA,16721,False
153025,NYSE-MDKA,16720,False
153025,NYSE-MDKA,16719,False
153025,NYSE-MDKA,16718,False
153025,NYSE-MDKA,16717,False
153025,NYSE-MDKA,16716,False
153025,NYSE-MDKA,16715,False
153025,NYSE-NGUP,17624,False
153025,NYSE-NGUP,17622,False
153025,NYSE-NGUP,17620,False
153025,NYSE-NGUP,17618,False
153025,NYSE-SIMP,17398,False
153025,NYSE-SIMP,17397,False
153025,NYSE-SIMP,17395,False
153025,NYSE-SIMP,17393,False
153025,NYSE-SIMP,17394,False
153025,NYSE-SIMP,17396,False
153026,NYSE-XFR,16252,False
153026,NYSE-XFR,16250,False
153026,NYSE-XFR,16251,False
153026,NYSE-XFR,16764,False
153026,NYSE-XFR,16758,False
153026,NYSE-XFR,16760,False
153026,NYSE-XFR,16762,False
153026,NYSE-ZABA,16944,False
153026,NYSE-ZABA,16943,False
153026,NYSE-ZABA,16942,False
153026,NYSE-ZABA,16941,False
153026,NYSE-ZABA,16940,False
153026,NYSE-ZABA,16946,False
153026,NYSE-ZABA,16948,False
153026,NYSE-ZABA,16949,False
153026,NYSE-ZABA,16945,False
153026,NYSE-ZABA,16947,False
153123,NYSE-ETFA3,17018,False
153123,NYSE-ETFA3,17017,False
153123,NYSE-ETFA3,17016,False
153123,NYSE-ETFA3,17015,False
153123,NYSE-ETFA3,17013,False
153123,NYSE-ETFA3,17011,False
153123,NYSE-ETFA3,17009,False
153123,NYSE-ETFA3,17010,False
153123,NYSE-ETFA3,17012,False
153123,NYSE-ETFA3,17014,False
153123,NYSE-ETFA,17083,False
153123,NYSE-ETFA,17081,False
153123,NYSE-ETFA,17079,False
153123,NYSE-ETFA,17078,False
153123,NYSE-ETFA,17077,False
153123,NYSE-ETFA,17080,False
153123,NYSE-ETFA,17085,False
153123,NYSE-ETFA,17082,False
153123,NYSE-ETFA,17076,False
153123,NYSE-ETFA,17084,False
153124,NYSE-CARD,18700,False
153124,NYSE-CARD,18698,False
153124,NYSE-CARD,18696,False
153124,NYSE-CARD,18699,False
153124,NYSE-CARD,18697,False
153124,NYSE-CARD,18695,False
153124,NYSE-CARD,18694,False
153124,NYSE-CARD,18692,False
153124,NYSE-CARD,18701,False
153124,NYSE-CARD,18693,False
153124,NYSE-DDJH,17062,False
153124,NYSE-DDJH,17060,False
153124,NYSE-DDJH,17058,False
153124,NYSE-DDJH,17056,False
153124,NYSE-DDJH,17054,False
153124,NYSE-DDJH,17061,False
153124,NYSE-DDJH,17055,False
153124,NYSE-DDJH,17063,False
153124,NYSE-DDJH,17057,False
153124,NYSE-DDJH,17059,False
153124,NYSE-INA,17403,False
153124,NYSE-INA,17402,False
153124,NYSE-INA,17400,False
153124,NYSE-JNAF,16753,False
153124,NYSE-JNAF,16757,False
153124,NYSE-JNAF,16750,False
153124,NYSE-JNAF,16748,False
153124,NYSE-JNAF,16755,False
153124,NYSE-JNAF,16749,False
153124,NYSE-JNAF,16751,False
153124,NYSE-JNAF,16756,False
153124,NYSE-JNAF,16754,False
153124,NYSE-JNAF,16752,False
153124,NYSE-KRAS,17110,False
153124,NYSE-KRAS,17107,False
153124,NYSE-KRAS,17105,False
153124,NYSE-KRAS,17104,False
153124,NYSE-KRAS,17102,False
153124,NYSE-KRAS,17101,False
153124,NYSE-KRAS,17109,False
153124,NYSE-KRAS,17108,False
153124,NYSE-KRAS,17106,False
153124,NYSE-KRAS,17103,False
153124,NYSE-KTST,17202,False
153124,NYSE-KTST,17201,False
153124,NYSE-KTST,17197,False
153124,NYSE-KTST,17196,False
153124,NYSE-KTST,17195,False
153124,NYSE-KTST,17194,False
153124,NYSE-KTST,17193,False
153124,NYSE-KTST,17199,False
153124,NYSE-KTST,17198,False
153124,NYSE-KTST,17200,False
153124,NYSE-MDKA,16735,False
153124,NYSE-MDKA,16734,False
153124,NYSE-MDKA,16733,False
153124,NYSE-MDKA,16732,False
153124,NYSE-MDKA,16730,False
153124,NYSE-MDKA,16729,False
153124,NYSE-MDKA,16728,False
153124,NYSE-MDKA,16727,False
153124,NYSE-MDKA,16731,False
153124,NYSE-MDKA,16726,False
153124,NYSE-NGUP,17636,False
153124,NYSE-NGUP,17633,False
153124,NYSE-NGUP,17632,False
153124,NYSE-NGUP,17631,False
153124,NYSE-NGUP,17630,False
153124,NYSE-NGUP,17628,False
153124,NYSE-NGUP,17629,False
153124,NYSE-NGUP,17634,False
153124,NYSE-NGUP,17635,False
153124,NYSE-SIMP,17409,False
153124,NYSE-SIMP,17407,False
153124,NYSE-SIMP,17405,False
153124,NYSE-SIMP,17406,False
153124,NYSE-SIMP,17408,False
153124,NYSE-XFR,16773,False
153124,NYSE-XFR,16775,False
153125,NYSE-XFR,16769,False
153125,NYSE-XFR,16771,False
153125,NYSE-ZABA,16961,False
153125,NYSE-ZABA,16959,False
153125,NYSE-ZABA,16957,False
153125,NYSE-ZABA,16955,False
153125,NYSE-ZABA,16953,False
153125,NYSE-ZABA,16956,False
153125,NYSE-ZABA,16954,False
153125,NYSE-ZABA,16960,False
153125,NYSE-ZABA,16958,False
153125,NYSE-ZABA,16952,False
153147,NYSE-INA,17420,False
153147,NYSE-MDKA,16747,False
153147,NYSE-CARD,18713,False
153147,NYSE-CARD,18714,False
153147,NYSE-CARD,18715,False
153147,NYSE-SIMP,17425,False
153210,NYSE-NGUP,17128,False
153210,NYSE-NGUP,17126,False
153210,NYSE-NGUP,17124,False
153210,NYSE-XFR,16262,False
153210,NYSE-XFR,16254,False
153210,NYSE-XFR,16258,False
153210,NYSE-XFR,16260,False
153210,NYSE-XFR,16256,False
153223,NYSE-ETFA3,17029,False
153223,NYSE-ETFA3,17028,False
153223,NYSE-ETFA3,17027,False
153223,NYSE-ETFA3,17026,False
153223,NYSE-ETFA3,17024,False
153223,NYSE-ETFA3,17023,False
153223,NYSE-ETFA3,17022,False
153223,NYSE-ETFA3,17021,False
153223,NYSE-ETFA3,17025,False
153223,NYSE-ETFA3,17020,False
153224,NYSE-ETFA,17095,False
153224,NYSE-ETFA,17093,False
153224,NYSE-ETFA,17092,False
153224,NYSE-ETFA,17091,False
153224,NYSE-ETFA,17090,False
153224,NYSE-ETFA,17089,False
153224,NYSE-ETFA,17088,False
153224,NYSE-ETFA,17087,False
153224,NYSE-ETFA,17094,False
153224,NYSE-ETFA,17086,False
153224,NYSE-CARD,18710,False
153224,NYSE-CARD,18708,False
153224,NYSE-CARD,18706,False
153224,NYSE-CARD,18711,False
153224,NYSE-CARD,18709,False
153224,NYSE-CARD,18707,False
153224,NYSE-CARD,18704,False
153224,NYSE-CARD,18705,False
153224,NYSE-CARD,18703,False
153224,NYSE-CARD,18712,False
153225,NYSE-DDJH,17074,False
153225,NYSE-DDJH,17073,False
153225,NYSE-DDJH,17072,False
153225,NYSE-DDJH,17070,False
153225,NYSE-DDJH,17068,False
153225,NYSE-DDJH,17067,False
153225,NYSE-DDJH,17066,False
153225,NYSE-DDJH,17069,False
153225,NYSE-DDJH,17071,False
153225,NYSE-DDJH,17065,False
153225,NYSE-INA,17413,False
153225,NYSE-INA,17411,False
153225,NYSE-JNAF,16766,False
153225,NYSE-JNAF,16764,False
153225,NYSE-JNAF,16761,False
153225,NYSE-JNAF,16759,False
153225,NYSE-JNAF,16763,False
153225,NYSE-JNAF,16758,False
153225,NYSE-JNAF,16760,False
153225,NYSE-JNAF,16762,False
153225,NYSE-JNAF,16765,False
153225,NYSE-JNAF,16767,False
153225,NYSE-JZRO,17637,False
153225,NYSE-KRAS,17122,False
153225,NYSE-KRAS,17121,False
153225,NYSE-KRAS,17119,False
153225,NYSE-KRAS,17117,False
153225,NYSE-KRAS,17116,False
153225,NYSE-KRAS,17115,False
153225,NYSE-KRAS,17114,False
153225,NYSE-KRAS,17113,False
153225,NYSE-KRAS,17120,False
153225,NYSE-KRAS,17118,False
153225,NYSE-KTST,17213,False
153225,NYSE-KTST,17211,False
153225,NYSE-KTST,17209,False
153225,NYSE-KTST,17208,False
153225,NYSE-KTST,17207,False
153225,NYSE-KTST,17206,False
153225,NYSE-KTST,17205,False
153225,NYSE-KTST,17204,False
153225,NYSE-KTST,17210,False
153225,NYSE-KTST,17212,False
153225,NYSE-MDKA,16746,False
153225,NYSE-MDKA,16745,False
153225,NYSE-MDKA,16743,False
153225,NYSE-MDKA,16741,False
153225,NYSE-MDKA,16738,False
153225,NYSE-MDKA,16739,False
153225,NYSE-MDKA,16737,False
153225,NYSE-MDKA,16744,False
153225,NYSE-MDKA,16740,False
153225,NYSE-MDKA,16742,False
153226,NYSE-NGUP,17646,False
153226,NYSE-NGUP,17645,False
153226,NYSE-NGUP,17644,False
153226,NYSE-NGUP,17643,False
153226,NYSE-NGUP,17642,False
153226,NYSE-NGUP,17641,False
153226,NYSE-NGUP,17640,False
153226,NYSE-NGUP,17639,False
153226,NYSE-NGUP,17638,False
153226,NYSE-SIMP,17420,False
153226,NYSE-SIMP,17418,False
153226,NYSE-SIMP,17416,False
153226,NYSE-XFR,16271,False
153226,NYSE-XFR,16269,False
153226,NYSE-XFR,16782,False
153226,NYSE-XFR,16780,False
153226,NYSE-XFR,16784,False
153226,NYSE-XFR,16786,False
153226,NYSE-ZABA,16973,False
153226,NYSE-ZABA,16971,False
153226,NYSE-ZABA,16967,False
153226,NYSE-ZABA,16965,False
153226,NYSE-ZABA,16969,False
153226,NYSE-ZABA,16968,False
153226,NYSE-ZABA,16970,False
153226,NYSE-ZABA,16972,False
153226,NYSE-ZABA,16974,False
153226,NYSE-ZABA,16966,False
153323,NYSE-ETFA3,17039,False
153323,NYSE-ETFA3,17038,False
153323,NYSE-ETFA3,17037,False
153323,NYSE-ETFA3,17036,False
153323,NYSE-ETFA3,17034,False
153323,NYSE-ETFA3,17033,False
153323,NYSE-ETFA3,17032,False
153323,NYSE-ETFA3,17031,False
153323,NYSE-ETFA3,17030,False
153323,NYSE-ETFA3,17035,False
153323,NYSE-ETFA,17105,False
153323,NYSE-ETFA,17103,False
153323,NYSE-ETFA,17102,False
153323,NYSE-ETFA,17101,False
153323,NYSE-ETFA,17100,False
153323,NYSE-ETFA,17099,False
153323,NYSE-ETFA,17098,False
153324,NYSE-ETFA,17096,False
153324,NYSE-ETFA,17097,False
153324,NYSE-ETFA,17104,False
153324,NYSE-CARD,18723,False
153324,NYSE-CARD,18722,False
153324,NYSE-CARD,18720,False
153324,NYSE-CARD,18718,False
153324,NYSE-CARD,18726,False
153324,NYSE-CARD,18725,False
153324,NYSE-CARD,18719,False
153324,NYSE-CARD,18717,False
153324,NYSE-CARD,18724,False
153324,NYSE-CARD,18721,False
153324,NYSE-DDJH,17084,False
153324,NYSE-DDJH,17083,False
153324,NYSE-DDJH,17082,False
153324,NYSE-DDJH,17081,False
153324,NYSE-DDJH,17080,False
153324,NYSE-DDJH,17079,False
153324,NYSE-DDJH,17078,False
153324,NYSE-DDJH,17077,False
153324,NYSE-DDJH,17076,False
153324,NYSE-DDJH,17075,False
153324,NYSE-INA,17426,False
153324,NYSE-INA,17422,False
153324,NYSE-INA,17424,False
153324,NYSE-INA,17425,False
153324,NYSE-INA,17423,False
153324,NYSE-INA,17421,False
153324,NYSE-JNAF,16773,False
153324,NYSE-JNAF,16779,False
153324,NYSE-JNAF,16772,False
153324,NYSE-JNAF,16770,False
153324,NYSE-JNAF,16776,False
153324,NYSE-JNAF,16777,False
153324,NYSE-JNAF,16775,False
153324,NYSE-JNAF,16778,False
153324,NYSE-JNAF,16774,False
153324,NYSE-JNAF,16771,False
153324,NYSE-JZRO,17647,False
153324,NYSE-KRAS,17131,False
153324,NYSE-KRAS,17130,False
153324,NYSE-KRAS,17129,False
153324,NYSE-KRAS,17128,False
153324,NYSE-KRAS,17127,False
153324,NYSE-KRAS,17125,False
153324,NYSE-KRAS,17124,False
153324,NYSE-KRAS,17132,False
153324,NYSE-KRAS,17133,False
153324,NYSE-KRAS,17126,False
153324,NYSE-KTST,17223,False
153324,NYSE-KTST,17221,False
153324,NYSE-KTST,17217,False
153324,NYSE-KTST,17215,False
153325,NYSE-KTST,17219,False
153325,NYSE-KTST,17222,False
153325,NYSE-KTST,17218,False
153325,NYSE-KTST,17214,False
153325,NYSE-KTST,17220,False
153325,NYSE-KTST,17216,False
153325,NYSE-MDKA,16757,False
153325,NYSE-MDKA,16753,False
153325,NYSE-MDKA,16750,False
153325,NYSE-MDKA,16748,False
153325,NYSE-MDKA,16755,False
153325,NYSE-MDKA,16749,False
153325,NYSE-MDKA,16751,False
153325,NYSE-MDKA,16756,False
153325,NYSE-MDKA,16754,False
153325,NYSE-MDKA,16752,False
153325,NYSE-NGUP,17657,False
153325,NYSE-NGUP,17655,False
153325,NYSE-NGUP,17653,False
153325,NYSE-NGUP,17651,False
153325,NYSE-NGUP,17649,False
153325,NYSE-SIMP,17430,False
153325,NYSE-SIMP,17428,False
153325,NYSE-XFR,16278,False
153325,NYSE-XFR,16282,False
153325,NYSE-XFR,16280,False
153325,NYSE-XFR,16276,False
153325,NYSE-XFR,16796,False
153325,NYSE-XFR,16794,False
153325,NYSE-XFR,16790,False
153325,NYSE-XFR,16792,False
153325,NYSE-ZABA,16982,False
153325,NYSE-ZABA,16980,False
153325,NYSE-ZABA,16978,False
153325,NYSE-ZABA,16976,False
153325,NYSE-ZABA,16975,False
153325,NYSE-ZABA,16979,False
153325,NYSE-ZABA,16983,False
153325,NYSE-ZABA,16977,False
153325,NYSE-ZABA,16981,False
153325,NYSE-ZABA,16984,False
153342,NYSE-ZABA,16997,False
153379,NYSE-ZABA,16999,False
153379,NYSE-ZABA,17000,False
153410,NYSE-KTST,17161,False
153410,NYSE-DDJH,17021,False
153410,NYSE-ETFA,17043,False
153410,NYSE-JNAF,16274,False
153410,NYSE-MDKA,16692,False
153410,NYSE-KRAS,17068,False
153410,NYSE-ETFA3,16976,False
153410,NYSE-XFR,16733,False
153423,NYSE-ETFA3,17050,False
153423,NYSE-ETFA3,17046,False
153423,NYSE-ETFA3,17044,False
153423,NYSE-ETFA3,17043,False
153423,NYSE-ETFA3,17042,False
153423,NYSE-ETFA3,17048,False
153423,NYSE-ETFA3,17047,False
153423,NYSE-ETFA3,17049,False
153423,NYSE-ETFA3,17045,False
153423,NYSE-ETFA3,17041,False
153423,NYSE-ETFA,17112,False
153423,NYSE-ETFA,17110,False
153423,NYSE-ETFA,17108,False
153423,NYSE-ETFA,17109,False
153423,NYSE-ETFA,17115,False
153423,NYSE-ETFA,17111,False
153423,NYSE-ETFA,17107,False
153423,NYSE-ETFA,17113,False
153423,NYSE-ETFA,17106,False
153423,NYSE-ETFA,17114,False
153423,NYSE-CARD,18737,False
153423,NYSE-CARD,18733,False
153423,NYSE-CARD,18731,False
153423,NYSE-CARD,18729,False
153423,NYSE-CARD,18736,False
153423,NYSE-CARD,18735,False
153423,NYSE-CARD,18734,False
153423,NYSE-CARD,18732,False
153423,NYSE-CARD,18730,False
153423,NYSE-CARD,18728,False
153423,NYSE-DDJH,17094,False
153423,NYSE-DDJH,17093,False
153423,NYSE-DDJH,17092,False
153423,NYSE-DDJH,17091,False
153423,NYSE-DDJH,17090,False
153423,NYSE-DDJH,17089,False
153423,NYSE-DDJH,17088,False
153423,NYSE-DDJH,17087,False
153423,NYSE-DDJH,17086,False
153423,NYSE-DDJH,17095,False
153423,NYSE-INA,17435,False
153423,NYSE-INA,17431,False
153423,NYSE-INA,17433,False
153423,NYSE-JNAF,16787,False
153423,NYSE-JNAF,16785,False
153423,NYSE-JNAF,16783,False
153423,NYSE-JNAF,16781,False
153423,NYSE-JNAF,16782,False
153423,NYSE-JNAF,16780,False
153423,NYSE-JNAF,16784,False
153424,NYSE-JNAF,16788,False
153424,NYSE-JNAF,16786,False
153424,NYSE-JNAF,16789,False
153424,NYSE-KRAS,17144,False
153424,NYSE-KRAS,17143,False
153424,NYSE-KRAS,17142,False
153424,NYSE-KRAS,17140,False
153424,NYSE-KRAS,17137,False
153424,NYSE-KRAS,17135,False
153424,NYSE-KRAS,17138,False
153424,NYSE-KRAS,17136,False
153424,NYSE-KRAS,17141,False
153424,NYSE-KRAS,17139,False
153424,NYSE-KTST,17231,False
153424,NYSE-KTST,17230,False
153424,NYSE-KTST,17229,False
153424,NYSE-KTST,17227,False
153424,NYSE-KTST,17225,False
153424,NYSE-KTST,17228,False
153424,NYSE-KTST,17232,False
153424,NYSE-KTST,17226,False
153424,NYSE-KTST,17233,False
153424,NYSE-KTST,17234,False
153424,NYSE-MDKA,16766,False
153424,NYSE-MDKA,16764,False
153424,NYSE-MDKA,16761,False
153424,NYSE-MDKA,16759,False
153424,NYSE-MDKA,16768,False
153424,NYSE-MDKA,16763,False
153424,NYSE-MDKA,16760,False
153424,NYSE-MDKA,16762,False
153424,NYSE-MDKA,16765,False
153424,NYSE-MDKA,16767,False
153424,NYSE-NGUP,17668,False
153424,NYSE-NGUP,17666,False
153424,NYSE-NGUP,17664,False
153424,NYSE-NGUP,17662,False
153424,NYSE-NGUP,17660,False
153424,NYSE-SIMP,17442,False
153424,NYSE-SIMP,17438,False
153424,NYSE-SIMP,17440,False
153424,NYSE-SIMP,17441,False
153424,NYSE-SIMP,17437,False
153424,NYSE-SIMP,17439,False
153424,NYSE-XFR,16807,False
153424,NYSE-XFR,16805,False
153424,NYSE-XFR,16804,False
153424,NYSE-XFR,16803,False
153424,NYSE-XFR,16802,False
153424,NYSE-XFR,16801,False
153424,NYSE-XFR,16800,False
153424,NYSE-XFR,16806,False
153424,NYSE-ZABA,16996,False
153424,NYSE-ZABA,16994,False
153424,NYSE-ZABA,16992,False
153424,NYSE-ZABA,16990,False
153424,NYSE-ZABA,16988,False
153424,NYSE-ZABA,16995,False
153424,NYSE-ZABA,16987,False
153424,NYSE-ZABA,16991,False
153424,NYSE-ZABA,16989,False
153424,NYSE-ZABA,16993,False
153436,NYSE-XFR,16290,False
153436,NYSE-XFR,16292,False
153436,NYSE-XFR,16286,False
153436,NYSE-XFR,16288,False
153479,NYSE-XFR,16823,False
153498,NYSE-KTST,17247,False
153498,NYSE-KTST,17248,False
153523,NYSE-ETFA3,17063,False
153523,NYSE-ETFA3,17061,False
153523,NYSE-ETFA3,17060,False
153523,NYSE-ETFA3,17058,False
153523,NYSE-ETFA3,17057,False
153523,NYSE-ETFA3,17054,False
153523,NYSE-ETFA3,17059,False
153523,NYSE-ETFA3,17056,False
153523,NYSE-ETFA3,17062,False
153523,NYSE-ETFA3,17055,False
153523,NYSE-ETFA,17124,False
153523,NYSE-ETFA,17120,False
153523,NYSE-ETFA,17118,False
153523,NYSE-ETFA,17122,False
153523,NYSE-ETFA,17126,False
153523,NYSE-ETFA,17119,False
153523,NYSE-ETFA,17121,False
153523,NYSE-ETFA,17123,False
153523,NYSE-ETFA,17125,False
153523,NYSE-ETFA,17127,False
153523,NYSE-CARD,18749,False
153523,NYSE-CARD,18748,False
153523,NYSE-CARD,18747,False
153523,NYSE-CARD,18745,False
153523,NYSE-CARD,18742,False
153523,NYSE-CARD,18741,False
153523,NYSE-CARD,18740,False
153523,NYSE-CARD,18746,False
153523,NYSE-CARD,18743,False
153523,NYSE-CARD,18744,False
153523,NYSE-DDJH,17107,False
153523,NYSE-DDJH,17105,False
153523,NYSE-DDJH,17104,False
153523,NYSE-DDJH,17102,False
153523,NYSE-DDJH,17101,False
153523,NYSE-DDJH,17100,False
153523,NYSE-DDJH,17099,False
153523,NYSE-DDJH,17098,False
153523,NYSE-DDJH,17106,False
153523,NYSE-DDJH,17103,False
153523,NYSE-INA,17446,False
153523,NYSE-INA,17444,False
153523,NYSE-INA,17447,False
153523,NYSE-INA,17443,False
153523,NYSE-INA,17445,False
153523,NYSE-JNAF,16796,False
153523,NYSE-JNAF,16794,False
153523,NYSE-JNAF,16790,False
153523,NYSE-JNAF,16799,False
153523,NYSE-JNAF,16798,False
153523,NYSE-JNAF,16797,False
153523,NYSE-JNAF,16795,False
153524,NYSE-JNAF,16792,False
153524,NYSE-JNAF,16793,False
153524,NYSE-JNAF,16791,False
153524,NYSE-JZRO,17679,False
153524,NYSE-KRAS,17155,False
153524,NYSE-KRAS,17154,False
153524,NYSE-KRAS,17153,False
153524,NYSE-KRAS,17147,False
153524,NYSE-KRAS,17146,False
153524,NYSE-KRAS,17150,False
153524,NYSE-KRAS,17148,False
153524,NYSE-KRAS,17152,False
153524,NYSE-KRAS,17151,False
153524,NYSE-KRAS,17149,False
153524,NYSE-KTST,17245,False
153524,NYSE-KTST,17243,False
153524,NYSE-KTST,17241,False
153524,NYSE-KTST,17239,False
153524,NYSE-KTST,17237,False
153524,NYSE-KTST,17244,False
153524,NYSE-KTST,17236,False
153524,NYSE-KTST,17240,False
153524,NYSE-KTST,17242,False
153524,NYSE-KTST,17238,False
153524,NYSE-MDKA,16779,False
153524,NYSE-MDKA,16773,False
153524,NYSE-MDKA,16772,False
153524,NYSE-MDKA,16776,False
153524,NYSE-MDKA,16777,False
153524,NYSE-MDKA,16775,False
153524,NYSE-MDKA,16778,False
153524,NYSE-MDKA,16780,False
153524,NYSE-MDKA,16774,False
153524,NYSE-MDKA,16771,False
153524,NYSE-NGUP,17678,False
153524,NYSE-NGUP,17676,False
153524,NYSE-NGUP,17674,False
153524,NYSE-NGUP,17670,False
153524,NYSE-NGUP,17672,False
153524,NYSE-SIMP,17454,False
153524,NYSE-SIMP,17453,False
153524,NYSE-SIMP,17452,False
153524,NYSE-SIMP,17448,False
153524,NYSE-SIMP,17450,False
153524,NYSE-XFR,16821,False
153524,NYSE-XFR,16819,False
153524,NYSE-XFR,16817,False
153524,NYSE-XFR,16815,False
153524,NYSE-XFR,16813,False
153524,NYSE-XFR,16814,False
153524,NYSE-XFR,16820,False
153524,NYSE-XFR,16818,False
153524,NYSE-XFR,16816,False
153524,NYSE-ZABA,17009,False
153524,NYSE-ZABA,17007,False
153524,NYSE-ZABA,17006,False
153524,NYSE-ZABA,17002,False
153524,NYSE-ZABA,17004,False
153524,NYSE-ZABA,17010,False
153524,NYSE-ZABA,17008,False
153524,NYSE-ZABA,17005,False
153524,NYSE-ZABA,17003,False
153532,NYSE-XFR,16302,False
153532,NYSE-XFR,16298,False
153532,NYSE-XFR,16300,False
153532,NYSE-XFR,16834,False
153603,NYSE-ZABA,17024,False
153610,NYSE-NGUP,17169,False
153610,NYSE-NGUP,17167,False
153610,NYSE-JNAF,16294,False
153623,NYSE-ETFA3,17068,False
153623,NYSE-ETFA3,17067,False
153623,NYSE-ETFA3,17066,False
153623,NYSE-ETFA3,17065,False
153623,NYSE-ETFA3,17072,False
153623,NYSE-ETFA3,17071,False
153623,NYSE-ETFA3,17069,False
153623,NYSE-ETFA3,17074,False
153623,NYSE-ETFA3,17070,False
153623,NYSE-ETFA3,17073,False
153623,NYSE-ETFA,17136,False
153623,NYSE-ETFA,17134,False
153623,NYSE-ETFA,17132,False
153623,NYSE-ETFA,17130,False
153623,NYSE-ETFA,17128,False
153623,NYSE-ETFA,17129,False
153623,NYSE-ETFA,17133,False
153624,NYSE-ETFA,17135,False
153624,NYSE-ETFA,17131,False
153624,NYSE-ETFA,17137,False
153624,NYSE-CARD,18760,False
153624,NYSE-CARD,18758,False
153624,NYSE-CARD,18756,False
153624,NYSE-CARD,18755,False
153624,NYSE-CARD,18754,False
153624,NYSE-CARD,18753,False
153624,NYSE-CARD,18752,False
153624,NYSE-CARD,18751,False
153624,NYSE-CARD,18759,False
153624,NYSE-CARD,18757,False
153624,NYSE-DDJH,17117,False
153624,NYSE-DDJH,17116,False
153624,NYSE-DDJH,17115,False
153624,NYSE-DDJH,17114,False
153624,NYSE-DDJH,17113,False
153624,NYSE-DDJH,17110,False
153624,NYSE-DDJH,17112,False
153624,NYSE-DDJH,17109,False
153624,NYSE-DDJH,17111,False
153624,NYSE-DDJH,17118,False
153624,NYSE-INA,17457,False
153624,NYSE-INA,17455,False
153624,NYSE-JNAF,16809,False
153624,NYSE-JNAF,16807,False
153624,NYSE-JNAF,16805,False
153624,NYSE-JNAF,16804,False
153624,NYSE-JNAF,16803,False
153624,NYSE-JNAF,16802,False
153624,NYSE-JNAF,16801,False
153624,NYSE-JNAF,16800,False
153624,NYSE-JNAF,16806,False
153624,NYSE-JNAF,16808,False
153624,NYSE-JZRO,17690,False
153624,NYSE-KRAS,17166,False
153624,NYSE-KRAS,17164,False
153624,NYSE-KRAS,17162,False
153624,NYSE-KRAS,17160,False
153624,NYSE-KRAS,17158,False
153624,NYSE-KRAS,17157,False
153624,NYSE-KRAS,17159,False
153624,NYSE-KRAS,17161,False
153624,NYSE-KRAS,17165,False
153624,NYSE-KRAS,17163,False
153624,NYSE-KTST,17257,False
153624,NYSE-KTST,17255,False
153624,NYSE-KTST,17253,False
153624,NYSE-KTST,17251,False
153624,NYSE-KTST,17249,False
153624,NYSE-KTST,17252,False
153624,NYSE-KTST,17258,False
153624,NYSE-KTST,17250,False
153624,NYSE-KTST,17254,False
153624,NYSE-KTST,17256,False
153624,NYSE-MDKA,16790,False
153624,NYSE-MDKA,16787,False
153624,NYSE-MDKA,16785,False
153624,NYSE-MDKA,16783,False
153624,NYSE-MDKA,16781,False
153624,NYSE-MDKA,16782,False
153624,NYSE-MDKA,16784,False
153624,NYSE-MDKA,16788,False
153624,NYSE-MDKA,16786,False
153624,NYSE-MDKA,16789,False
153625,NYSE-NGUP,17681,False
153625,NYSE-NGUP,17689,False
153625,NYSE-NGUP,17687,False
153625,NYSE-NGUP,17685,False
153625,NYSE-NGUP,17683,False
153625,NYSE-SIMP,17463,False
153625,NYSE-SIMP,17461,False
153625,NYSE-SIMP,17459,False
153625,NYSE-SIMP,17460,False
153625,NYSE-SIMP,17462,False
153625,NYSE-SIMP,17464,False
153625,NYSE-XFR,16313,False
153625,NYSE-XFR,16309,False
153625,NYSE-XFR,16311,False
153625,NYSE-XFR,16833,False
153625,NYSE-XFR,16832,False
153625,NYSE-XFR,16831,False
153625,NYSE-XFR,16830,False
153625,NYSE-XFR,16828,False
153625,NYSE-XFR,16827,False
153625,NYSE-XFR,16826,False
153625,NYSE-XFR,16825,False
153625,NYSE-XFR,16824,False
153625,NYSE-XFR,16829,False
153625,NYSE-ZABA,17020,False
153625,NYSE-ZABA,17018,False
153625,NYSE-ZABA,17015,False
153625,NYSE-ZABA,17016,False
153625,NYSE-ZABA,17014,False
153625,NYSE-ZABA,17021,False
153625,NYSE-ZABA,17023,False
153625,NYSE-ZABA,17017,False
153625,NYSE-ZABA,17019,False
153625,NYSE-ZABA,17022,False
203023,NYSE-ETFA3,22387,False
203023,NYSE-ETFA3,22385,False
203023,NYSE-ETFA3,22384,False
203023,NYSE-ETFA3,22383,False
203023,NYSE-ETFA3,22382,False
203023,NYSE-ETFA3,22381,False
203023,NYSE-ETFA3,22380,False
203023,NYSE-ETFA3,22379,False
203023,NYSE-ETFA3,22378,False
203024,NYSE-ETFA3,22386,False
203024,NYSE-ETFA,22268,False
203024,NYSE-ETFA,22267,False
203024,NYSE-ETFA,22266,False
203024,NYSE-ETFA,22265,False
203024,NYSE-ETFA,22264,False
203024,NYSE-ETFA,22263,False
203024,NYSE-ETFA,22262,False
203024,NYSE-ETFA,22261,False
203024,NYSE-ETFA,22260,False
203024,NYSE-ETFA,22269,False
203024,NYSE-CARD,24701,False
203024,NYSE-CARD,24699,False
203024,NYSE-CARD,24696,False
203024,NYSE-CARD,24695,False
203024,NYSE-CARD,24694,False
203024,NYSE-CARD,24693,False
203024,NYSE-CARD,24697,False
203024,NYSE-CARD,24700,False
203024,NYSE-CARD,24698,False
203025,NYSE-DDJH,22652,False
203025,NYSE-DDJH,22650,False
203025,NYSE-DDJH,22649,False
203025,NYSE-DDJH,22647,False
203025,NYSE-DDJH,22645,False
203025,NYSE-DDJH,22646,False
203025,NYSE-DDJH,22654,False
203025,NYSE-DDJH,22653,False
203025,NYSE-DDJH,22651,False
203025,NYSE-DDJH,22648,False
203025,NYSE-INA,22750,False
203025,NYSE-INA,22749,False
203025,NYSE-INA,22748,False
203025,NYSE-INA,22747,False
203025,NYSE-INA,22746,False
203025,NYSE-INA,22741,False
203025,NYSE-INA,22742,False
203025,NYSE-INA,22744,False
203025,NYSE-INA,22743,False
203025,NYSE-INA,22745,False
203025,NYSE-JNAF,22052,False
203025,NYSE-JNAF,22050,False
203025,NYSE-JNAF,22046,False
203025,NYSE-JNAF,22044,False
203025,NYSE-JNAF,22045,False
203025,NYSE-JNAF,22043,False
203025,NYSE-JNAF,22049,False
203025,NYSE-JNAF,22047,False
203025,NYSE-JNAF,22051,False
203025,NYSE-JNAF,22048,False
203026,NYSE-JZRO,23025,False
203026,NYSE-KRAS,22510,False
203026,NYSE-KRAS,22508,False
203026,NYSE-KRAS,22504,False
203026,NYSE-KRAS,22502,False
203026,NYSE-KRAS,22506,False
203026,NYSE-KRAS,22501,False
203026,NYSE-KRAS,22505,False
203026,NYSE-KRAS,22509,False
203026,NYSE-KRAS,22503,False
203026,NYSE-KRAS,22507,False
203026,NYSE-KTST,22709,False
203026,NYSE-KTST,22707,False
203026,NYSE-KTST,22705,False
203026,NYSE-KTST,22703,False
203026,NYSE-KTST,22711,False
203026,NYSE-KTST,22704,False
203026,NYSE-KTST,22706,False
203026,NYSE-KTST,22710,False
203026,NYSE-KTST,22708,False
203026,NYSE-KTST,22712,False
203026,NYSE-MDKA,22252,False
203026,NYSE-MDKA,22251,False
203026,NYSE-MDKA,22250,False
203026,NYSE-MDKA,22246,False
203026,NYSE-MDKA,22245,False
203026,NYSE-MDKA,22244,False
203026,NYSE-MDKA,22249,False
203026,NYSE-MDKA,22243,False
203026,NYSE-MDKA,22247,False
203026,NYSE-MDKA,22248,False
203026,NYSE-NGUP,23109,False
203026,NYSE-NGUP,23107,False
203026,NYSE-NGUP,23105,False
203026,NYSE-NGUP,23103,False
203026,NYSE-NGUP,23101,False
203026,NYSE-NGUP,23110,False
203026,NYSE-NGUP,23104,False
203026,NYSE-NGUP,23108,False
203026,NYSE-NGUP,23106,False
203026,NYSE-SIMP,23015,False
203026,NYSE-SIMP,23022,False
203026,NYSE-SIMP,23020,False
203026,NYSE-SIMP,23023,False
203026,NYSE-SIMP,23019,False
203026,NYSE-SIMP,23017,False
203026,NYSE-SIMP,23018,False
203026,NYSE-SIMP,23016,False
203026,NYSE-SIMP,23024,False
203026,NYSE-SIMP,23021,False
203026,NYSE-XFR,22172,False
203026,NYSE-XFR,22171,False
203026,NYSE-XFR,22170,False
203026,NYSE-XFR,22169,False
203026,NYSE-XFR,22167,False
203026,NYSE-XFR,22165,False
203026,NYSE-XFR,22168,False
203026,NYSE-XFR,22164,False
203026,NYSE-XFR,22163,False
203026,NYSE-XFR,22166,False
203026,NYSE-ZABA,22413,False
203026,NYSE-ZABA,22411,False
203026,NYSE-ZABA,22410,False
203026,NYSE-ZABA,22408,False
203026,NYSE-ZABA,22407,False
203026,NYSE-ZABA,22406,False
203026,NYSE-ZABA,22405,False
203026,NYSE-ZABA,22404,False
203026,NYSE-ZABA,22409,False
203026,NYSE-ZABA,22412,False
203046,NYSE-JZRO,23041,False
203123,NYSE-ETFA3,22398,False
203123,NYSE-ETFA3,22397,False
203123,NYSE-ETFA3,22396,False
203123,NYSE-ETFA3,22395,False
203123,NYSE-ETFA3,22394,False
203123,NYSE-ETFA3,22393,False
203123,NYSE-ETFA3,22392,False
203123,NYSE-ETFA3,22391,False
203123,NYSE-ETFA3,22390,False
203123,NYSE-ETFA3,22389,False
203123,NYSE-ETFA,22278,False
203123,NYSE-ETFA,22276,False
203123,NYSE-ETFA,22274,False
203123,NYSE-ETFA,22273,False
203123,NYSE-ETFA,22272,False
203123,NYSE-ETFA,22271,False
203123,NYSE-ETFA,22270,False
203124,NYSE-ETFA,22279,False
203124,NYSE-ETFA,22275,False
203124,NYSE-ETFA,22277,False
203124,NYSE-CARD,24718,False
203124,NYSE-CARD,24716,False
203124,NYSE-CARD,24713,False
203124,NYSE-CARD,24722,False
203124,NYSE-CARD,24720,False
203124,NYSE-CARD,24719,False
203124,NYSE-CARD,24717,False
203124,NYSE-CARD,24721,False
203124,NYSE-CARD,24715,False
203124,NYSE-DDJH,22664,False
203124,NYSE-DDJH,22662,False
203124,NYSE-DDJH,22661,False
203124,NYSE-DDJH,22660,False
203124,NYSE-DDJH,22659,False
203124,NYSE-DDJH,22658,False
203124,NYSE-DDJH,22657,False
203124,NYSE-DDJH,22656,False
203124,NYSE-DDJH,22665,False
203124,NYSE-DDJH,22663,False
203124,NYSE-INA,22754,False
203124,NYSE-INA,22753,False
203124,NYSE-INA,22752,False
203124,NYSE-INA,22751,False
203124,NYSE-INA,22756,False
203124,NYSE-INA,22760,False
203124,NYSE-INA,22758,False
203124,NYSE-INA,22755,False
203124,NYSE-INA,22759,False
203124,NYSE-INA,22757,False
203124,NYSE-JNAF,22062,False
203124,NYSE-JNAF,22061,False
203124,NYSE-JNAF,22060,False
203124,NYSE-JNAF,22059,False
203124,NYSE-JNAF,22058,False
203124,NYSE-JNAF,22057,False
203124,NYSE-JNAF,22056,False
203124,NYSE-JNAF,22054,False
203124,NYSE-JNAF,22053,False
203124,NYSE-JNAF,22055,False
203124,NYSE-JZRO,23040,False
203124,NYSE-JZRO,23038,False
203124,NYSE-JZRO,23039,False
203124,NYSE-KRAS,22521,False
203124,NYSE-KRAS,22520,False
203124,NYSE-KRAS,22518,False
203124,NYSE-KRAS,22516,False
203124,NYSE-KRAS,22514,False
203124,NYSE-KRAS,22513,False
203124,NYSE-KRAS,22515,False
203124,NYSE-KRAS,22517,False
203124,NYSE-KRAS,22519,False
203124,NYSE-KRAS,22522,False
203124,NYSE-KTST,22722,False
203124,NYSE-KTST,22721,False
203124,NYSE-KTST,22720,False
203124,NYSE-KTST,22719,False
203124,NYSE-KTST,22718,False
203124,NYSE-KTST,22717,False
203124,NYSE-KTST,22716,False
203124,NYSE-KTST,22715,False
203124,NYSE-KTST,22723,False
203124,NYSE-KTST,22724,False
203124,NYSE-MDKA,22263,False
203124,NYSE-MDKA,22262,False
203124,NYSE-MDKA,22261,False
203124,NYSE-MDKA,22260,False
203124,NYSE-MDKA,22258,False
203124,NYSE-MDKA,22257,False
203124,NYSE-MDKA,22256,False
203124,NYSE-MDKA,22255,False
203125,NYSE-MDKA,22254,False
203125,NYSE-MDKA,22259,False
203125,NYSE-NGUP,23122,False
203125,NYSE-NGUP,23120,False
203125,NYSE-NGUP,23119,False
203125,NYSE-NGUP,23118,False
203125,NYSE-NGUP,23115,False
203125,NYSE-NGUP,23113,False
203125,NYSE-NGUP,23116,False
203125,NYSE-NGUP,23121,False
203125,NYSE-NGUP,23114,False
203125,NYSE-NGUP,23117,False
203125,NYSE-SIMP,23029,False
203125,NYSE-SIMP,23037,False
203125,NYSE-SIMP,23036,False
203125,NYSE-SIMP,23034,False
203125,NYSE-SIMP,23031,False
203125,NYSE-SIMP,23035,False
203125,NYSE-SIMP,23033,False
203125,NYSE-SIMP,23032,False
203125,NYSE-SIMP,23030,False
203125,NYSE-SIMP,23028,False
203125,NYSE-XFR,22183,False
203125,NYSE-XFR,22182,False
203125,NYSE-XFR,22181,False
203125,NYSE-XFR,22180,False
203125,NYSE-XFR,22179,False
203125,NYSE-XFR,22178,False
203125,NYSE-XFR,22176,False
203125,NYSE-XFR,22175,False
203125,NYSE-XFR,22177,False
203125,NYSE-XFR,22184,False
203125,NYSE-ZABA,22421,False
203125,NYSE-ZABA,22420,False
203125,NYSE-ZABA,22419,False
203125,NYSE-ZABA,22418,False
203125,NYSE-ZABA,22417,False
203125,NYSE-ZABA,22416,False
203125,NYSE-ZABA,22422,False
203125,NYSE-ZABA,22415,False
203125,NYSE-ZABA,22414,False
203125,NYSE-ZABA,22423,False
203151,NYSE-ZABA,22434,False
203151,NYSE-CARD,24734,False
203151,NYSE-SIMP,23048,False
203151,NYSE-SIMP,23049,False
203151,NYSE-JZRO,23053,False
203223,NYSE-ETFA3,22408,False
203223,NYSE-ETFA3,22407,False
203223,NYSE-ETFA3,22406,False
203223,NYSE-ETFA3,22405,False
203223,NYSE-ETFA3,22404,False
203223,NYSE-ETFA3,22403,False
203223,NYSE-ETFA3,22402,False
203223,NYSE-ETFA3,22401,False
203223,NYSE-ETFA3,22400,False
203223,NYSE-ETFA3,22399,False
203224,NYSE-ETFA,22288,False
203224,NYSE-ETFA,22287,False
203224,NYSE-ETFA,22286,False
203224,NYSE-ETFA,22285,False
203224,NYSE-ETFA,22284,False
203224,NYSE-ETFA,22283,False
203224,NYSE-ETFA,22282,False
203224,NYSE-ETFA,22281,False
203224,NYSE-ETFA,22280,False
203224,NYSE-ETFA,22289,False
203224,NYSE-CARD,24730,False
203224,NYSE-CARD,24728,False
203224,NYSE-CARD,24726,False
203224,NYSE-CARD,24732,False
203224,NYSE-CARD,24724,False
203224,NYSE-CARD,24731,False
203224,NYSE-CARD,24733,False
203224,NYSE-CARD,24727,False
203224,NYSE-CARD,24729,False
203224,NYSE-CARD,24725,False
203225,NYSE-DDJH,22675,False
203225,NYSE-DDJH,22674,False
203225,NYSE-DDJH,22673,False
203225,NYSE-DDJH,22672,False
203225,NYSE-DDJH,22670,False
203225,NYSE-DDJH,22668,False
203225,NYSE-DDJH,22667,False
203225,NYSE-DDJH,22666,False
203225,NYSE-DDJH,22669,False
203225,NYSE-DDJH,22671,False
203225,NYSE-INA,22768,False
203225,NYSE-INA,22766,False
203225,NYSE-INA,22762,False
203225,NYSE-INA,22770,False
203225,NYSE-INA,22764,False
203225,NYSE-INA,22769,False
203225,NYSE-INA,22771,False
203225,NYSE-INA,22767,False
203225,NYSE-INA,22763,False
203225,NYSE-INA,22765,False
203225,NYSE-JNAF,22072,False
203225,NYSE-JNAF,22069,False
203225,NYSE-JNAF,22068,False
203225,NYSE-JNAF,22067,False
203225,NYSE-JNAF,22066,False
203225,NYSE-JNAF,22064,False
203225,NYSE-JNAF,22063,False
203225,NYSE-JNAF,22065,False
203225,NYSE-JNAF,22070,False
203225,NYSE-JNAF,22071,False
203225,NYSE-JZRO,23051,False
203225,NYSE-JZRO,23049,False
203225,NYSE-KRAS,22533,False
203225,NYSE-KRAS,22531,False
203225,NYSE-KRAS,22527,False
203225,NYSE-KRAS,22525,False
203225,NYSE-KRAS,22532,False
203225,NYSE-KRAS,22524,False
203225,NYSE-KRAS,22528,False
203225,NYSE-KRAS,22530,False
203225,NYSE-KRAS,22526,False
203225,NYSE-KRAS,22529,False
203225,NYSE-KTST,22734,False
203225,NYSE-KTST,22732,False
203225,NYSE-KTST,22731,False
203225,NYSE-KTST,22729,False
203225,NYSE-KTST,22727,False
203225,NYSE-KTST,22725,False
203225,NYSE-KTST,22726,False
203225,NYSE-KTST,22733,False
203225,NYSE-KTST,22730,False
203225,NYSE-KTST,22728,False
203225,NYSE-MDKA,22273,False
203225,NYSE-MDKA,22270,False
203225,NYSE-MDKA,22269,False
203225,NYSE-MDKA,22268,False
203225,NYSE-MDKA,22267,False
203225,NYSE-MDKA,22266,False
203225,NYSE-MDKA,22265,False
203225,NYSE-MDKA,22264,False
203225,NYSE-MDKA,22272,False
203225,NYSE-MDKA,22271,False
203225,NYSE-NGUP,23128,False
203225,NYSE-NGUP,23126,False
203225,NYSE-NGUP,23124,False
203225,NYSE-NGUP,23123,False
203225,NYSE-NGUP,23132,False
203225,NYSE-NGUP,23130,False
203225,NYSE-NGUP,23131,False
203225,NYSE-NGUP,23125,False
203225,NYSE-NGUP,23127,False
203226,NYSE-NGUP,23129,False
203226,NYSE-SIMP,23040,False
203226,NYSE-SIMP,23038,False
203226,NYSE-SIMP,23047,False
203226,NYSE-SIMP,23045,False
203226,NYSE-SIMP,23043,False
203226,NYSE-SIMP,23041,False
203226,NYSE-SIMP,23039,False
203226,NYSE-SIMP,23046,False
203226,NYSE-SIMP,23042,False
203226,NYSE-SIMP,23044,False
203226,NYSE-XFR,22194,False
203226,NYSE-XFR,22193,False
203226,NYSE-XFR,22192,False
203226,NYSE-XFR,22190,False
203226,NYSE-XFR,22189,False
203226,NYSE-XFR,22187,False
203226,NYSE-XFR,22185,False
203226,NYSE-XFR,22186,False
203226,NYSE-XFR,22188,False
203226,NYSE-XFR,22191,False
203226,NYSE-ZABA,22433,False
203226,NYSE-ZABA,22432,False
203226,NYSE-ZABA,22431,False
203226,NYSE-ZABA,22429,False
203226,NYSE-ZABA,22428,False
203226,NYSE-ZABA,22430,False
203226,NYSE-ZABA,22426,False
203226,NYSE-ZABA,22424,False
203226,NYSE-ZABA,22427,False
203226,NYSE-ZABA,22425,False
203293,NYSE-KTST,22746,False
203323,NYSE-ETFA3,22418,False
203323,NYSE-ETFA3,22417,False
203323,NYSE-ETFA3,22416,False
203323,NYSE-ETFA3,22415,False
203323,NYSE-ETFA3,22413,False
203323,NYSE-ETFA3,22412,False
203323,NYSE-ETFA3,22410,False
203323,NYSE-ETFA3,22409,False
203323,NYSE-ETFA3,22411,False
203323,NYSE-ETFA3,22414,False
203324,NYSE-ETFA,22299,False
203324,NYSE-ETFA,22298,False
203324,NYSE-ETFA,22297,False
203324,NYSE-ETFA,22296,False
203324,NYSE-ETFA,22295,False
203324,NYSE-ETFA,22294,False
203324,NYSE-ETFA,22293,False
203324,NYSE-ETFA,22292,False
203324,NYSE-ETFA,22290,False
203324,NYSE-ETFA,22291,False
203324,NYSE-CARD,24741,False
203324,NYSE-CARD,24739,False
203324,NYSE-CARD,24738,False
203324,NYSE-CARD,24736,False
203324,NYSE-CARD,24743,False
203324,NYSE-CARD,24735,False
203324,NYSE-CARD,24742,False
203324,NYSE-CARD,24737,False
203324,NYSE-CARD,24740,False
203324,NYSE-CARD,24744,False
203324,NYSE-DDJH,22682,False
203324,NYSE-DDJH,22676,False
203324,NYSE-DDJH,22685,False
203324,NYSE-DDJH,22680,False
203324,NYSE-DDJH,22679,False
203324,NYSE-DDJH,22677,False
203324,NYSE-DDJH,22678,False
203324,NYSE-DDJH,22683,False
203324,NYSE-DDJH,22681,False
203324,NYSE-DDJH,22684,False
203324,NYSE-INA,22776,False
203324,NYSE-INA,22775,False
203324,NYSE-INA,22774,False
203324,NYSE-INA,22772,False
203324,NYSE-INA,22780,False
203324,NYSE-INA,22773,False
203324,NYSE-INA,22777,False
203324,NYSE-INA,22778,False
203324,NYSE-INA,22781,False
203324,NYSE-INA,22779,False
203324,NYSE-JNAF,22082,False
203324,NYSE-JNAF,22080,False
203324,NYSE-JNAF,22078,False
203324,NYSE-JNAF,22076,False
203324,NYSE-JNAF,22074,False
203324,NYSE-JNAF,22083,False
203324,NYSE-JNAF,22079,False
203324,NYSE-JNAF,22077,False
203324,NYSE-JNAF,22075,False
203324,NYSE-JNAF,22081,False
203325,NYSE-JZRO,23062,False
203325,NYSE-JZRO,23060,False
203325,NYSE-KRAS,22545,False
203325,NYSE-KRAS,22543,False
203325,NYSE-KRAS,22541,False
203325,NYSE-KRAS,22539,False
203325,NYSE-KRAS,22537,False
203325,NYSE-KRAS,22540,False
203325,NYSE-KRAS,22536,False
203325,NYSE-KRAS,22538,False
203325,NYSE-KRAS,22542,False
203325,NYSE-KRAS,22544,False
203325,NYSE-KTST,22741,False
203325,NYSE-KTST,22739,False
203325,NYSE-KTST,22737,False
203325,NYSE-KTST,22735,False
203325,NYSE-KTST,22742,False
203325,NYSE-KTST,22740,False
203325,NYSE-KTST,22738,False
203325,NYSE-KTST,22736,False
203325,NYSE-KTST,22744,False
203325,NYSE-KTST,22743,False
203325,NYSE-MDKA,22283,False
203325,NYSE-MDKA,22281,False
203325,NYSE-MDKA,22279,False
203325,NYSE-MDKA,22278,False
203325,NYSE-MDKA,22277,False
203325,NYSE-MDKA,22275,False
203325,NYSE-MDKA,22274,False
203325,NYSE-MDKA,22280,False
203325,NYSE-MDKA,22282,False
203325,NYSE-MDKA,22276,False
203325,NYSE-NGUP,23142,False
203325,NYSE-NGUP,23138,False
203325,NYSE-NGUP,23136,False
203325,NYSE-NGUP,23135,False
203325,NYSE-NGUP,23134,False
203325,NYSE-NGUP,23140,False
203325,NYSE-NGUP,23133,False
203325,NYSE-NGUP,23141,False
203325,NYSE-NGUP,23137,False
203325,NYSE-NGUP,23139,False
203325,NYSE-SIMP,23058,False
203325,NYSE-SIMP,23051,False
203325,NYSE-SIMP,23056,False
203325,NYSE-SIMP,23054,False
203325,NYSE-SIMP,23052,False
203325,NYSE-SIMP,23050,False
203325,NYSE-SIMP,23057,False
203325,NYSE-SIMP,23059,False
203325,NYSE-SIMP,23053,False
203325,NYSE-SIMP,23055,False
203325,NYSE-XFR,22203,False
203325,NYSE-XFR,22202,False
203325,NYSE-XFR,22200,False
203325,NYSE-XFR,22199,False
203325,NYSE-XFR,22197,False
203325,NYSE-XFR,22196,False
203325,NYSE-XFR,22195,False
203325,NYSE-XFR,22204,False
203325,NYSE-XFR,22201,False
203325,NYSE-XFR,22198,False
203326,NYSE-ZABA,22444,False
203326,NYSE-ZABA,22443,False
203326,NYSE-ZABA,22442,False
203326,NYSE-ZABA,22441,False
203326,NYSE-ZABA,22440,False
203326,NYSE-ZABA,22439,False
203326,NYSE-ZABA,22438,False
203326,NYSE-ZABA,22437,False
203326,NYSE-ZABA,22436,False
203326,NYSE-ZABA,22435,False
203360,NYSE-ETFA,22310,False
203423,NYSE-ETFA3,22429,False
203423,NYSE-ETFA3,22428,False
203423,NYSE-ETFA3,22427,False
203423,NYSE-ETFA3,22426,False
203423,NYSE-ETFA3,22425,False
203423,NYSE-ETFA3,22424,False
203423,NYSE-ETFA3,22423,False
203423,NYSE-ETFA3,22422,False
203423,NYSE-ETFA3,22421,False
203423,NYSE-ETFA3,22420,False
203424,NYSE-ETFA,22309,False
203424,NYSE-ETFA,22308,False
203424,NYSE-ETFA,22307,False
203424,NYSE-ETFA,22306,False
203424,NYSE-ETFA,22305,False
203424,NYSE-ETFA,22304,False
203424,NYSE-ETFA,22303,False
203424,NYSE-ETFA,22302,False
203424,NYSE-ETFA,22301,False
203424,NYSE-ETFA,22300,False
203424,NYSE-CARD,24753,False
203424,NYSE-CARD,24751,False
203424,NYSE-CARD,24749,False
203424,NYSE-CARD,24755,False
203424,NYSE-CARD,24750,False
203424,NYSE-CARD,24754,False
203424,NYSE-CARD,24746,False
203424,NYSE-CARD,24748,False
203424,NYSE-CARD,24752,False
203424,NYSE-CARD,24747,False
203424,NYSE-DDJH,22692,False
203424,NYSE-DDJH,22690,False
203424,NYSE-DDJH,22689,False
203424,NYSE-DDJH,22688,False
203424,NYSE-DDJH,22687,False
203424,NYSE-DDJH,22691,False
203424,NYSE-DDJH,22695,False
203424,NYSE-DDJH,22693,False
203424,NYSE-DDJH,22686,False
203424,NYSE-DDJH,22694,False
203424,NYSE-INA,22790,False
203424,NYSE-INA,22788,False
203424,NYSE-INA,22786,False
203424,NYSE-INA,22784,False
203424,NYSE-INA,22782,False
203424,NYSE-INA,22789,False
203424,NYSE-INA,22785,False
203424,NYSE-INA,22787,False
203424,NYSE-INA,22783,False
203424,NYSE-INA,22791,False
203424,NYSE-JNAF,22092,False
203424,NYSE-JNAF,22090,False
203424,NYSE-JNAF,22088,False
203424,NYSE-JNAF,22086,False
203424,NYSE-JNAF,22084,False
203424,NYSE-JNAF,22091,False
203424,NYSE-JNAF,22089,False
203424,NYSE-JNAF,22087,False
203424,NYSE-JNAF,22085,False
203424,NYSE-JNAF,22093,False
203425,NYSE-JZRO,23073,False
203425,NYSE-JZRO,23071,False
203425,NYSE-KRAS,22556,False
203425,NYSE-KRAS,22554,False
203425,NYSE-KRAS,22552,False
203425,NYSE-KRAS,22551,False
203425,NYSE-KRAS,22549,False
203425,NYSE-KRAS,22555,False
203425,NYSE-KRAS,22553,False
203425,NYSE-KRAS,22550,False
203425,NYSE-KRAS,22548,False
203425,NYSE-KRAS,22557,False
203425,NYSE-KTST,22756,False
203425,NYSE-KTST,22754,False
203425,NYSE-KTST,22753,False
203425,NYSE-KTST,22752,False
203425,NYSE-KTST,22751,False
203425,NYSE-KTST,22750,False
203425,NYSE-KTST,22749,False
203425,NYSE-KTST,22748,False
203425,NYSE-KTST,22747,False
203425,NYSE-KTST,22755,False
203425,NYSE-MDKA,22293,False
203425,NYSE-MDKA,22291,False
203425,NYSE-MDKA,22290,False
203425,NYSE-MDKA,22288,False
203425,NYSE-MDKA,22286,False
203425,NYSE-MDKA,22284,False
203425,NYSE-MDKA,22289,False
203425,NYSE-MDKA,22292,False
203425,NYSE-MDKA,22285,False
203425,NYSE-MDKA,22287,False
203425,NYSE-NGUP,23151,False
203425,NYSE-NGUP,23149,False
203425,NYSE-NGUP,23147,False
203425,NYSE-NGUP,23146,False
203425,NYSE-NGUP,23145,False
203425,NYSE-NGUP,23144,False
203425,NYSE-NGUP,23143,False
203425,NYSE-NGUP,23152,False
203425,NYSE-NGUP,23150,False
203425,NYSE-NGUP,23148,False
203425,NYSE-SIMP,23064,False
203425,NYSE-SIMP,23062,False
203425,NYSE-SIMP,23070,False
203425,NYSE-SIMP,23066,False
203425,NYSE-SIMP,23061,False
203425,NYSE-SIMP,23068,False
203425,NYSE-SIMP,23069,False
203425,NYSE-SIMP,23067,False
203425,NYSE-SIMP,23063,False
203425,NYSE-SIMP,23065,False
203425,NYSE-XFR,22215,False
203425,NYSE-XFR,22211,False
203425,NYSE-XFR,22207,False
203425,NYSE-XFR,22212,False
203425,NYSE-XFR,22210,False
203425,NYSE-XFR,22208,False
203425,NYSE-XFR,22206,False
203425,NYSE-XFR,22209,False
203425,NYSE-XFR,22213,False
203425,NYSE-XFR,22214,False
203425,NYSE-ZABA,22454,False
203425,NYSE-ZABA,22453,False
203425,NYSE-ZABA,22452,False
203425,NYSE-ZABA,22450,False
203425,NYSE-ZABA,22445,False
203425,NYSE-ZABA,22447,False
203425,NYSE-ZABA,22451,False
203425,NYSE-ZABA,22449,False
203425,NYSE-ZABA,22448,False
203425,NYSE-ZABA,22446,False
203443,NYSE-ZABA,22465,False
203443,NYSE-KTST,22767,False
203443,NYSE-KTST,22768,False
203443,NYSE-CARD,24766,False
203443,NYSE-SIMP,23081,False
203443,NYSE-SIMP,23082,False
203493,NYSE-JZRO,23085,False
203523,NYSE-ETFA3,22439,False
203523,NYSE-ETFA3,22438,False
203523,NYSE-ETFA3,22436,False
203523,NYSE-ETFA3,22435,False
203523,NYSE-ETFA3,22434,False
203523,NYSE-ETFA3,22432,False
203523,NYSE-ETFA3,22431,False
203523,NYSE-ETFA3,22430,False
203523,NYSE-ETFA3,22437,False
203523,NYSE-ETFA3,22433,False
203523,NYSE-ETFA,22320,False
203523,NYSE-ETFA,22319,False
203523,NYSE-ETFA,22318,False
203523,NYSE-ETFA,22317,False
203523,NYSE-ETFA,22316,False
203523,NYSE-ETFA,22315,False
203523,NYSE-ETFA,22314,False
203523,NYSE-ETFA,22312,False
203523,NYSE-ETFA,22311,False
203524,NYSE-ETFA,22313,False
203524,NYSE-CARD,24765,False
203524,NYSE-CARD,24763,False
203524,NYSE-CARD,24761,False
203524,NYSE-CARD,24759,False
203524,NYSE-CARD,24757,False
203524,NYSE-CARD,24758,False
203524,NYSE-CARD,24764,False
203524,NYSE-CARD,24756,False
203524,NYSE-CARD,24760,False
203524,NYSE-CARD,24762,False
203524,NYSE-DDJH,22705,False
203524,NYSE-DDJH,22703,False
203524,NYSE-DDJH,22701,False
203524,NYSE-DDJH,22700,False
203524,NYSE-DDJH,22699,False
203524,NYSE-DDJH,22698,False
203524,NYSE-DDJH,22702,False
203524,NYSE-DDJH,22697,False
203524,NYSE-DDJH,22704,False
203524,NYSE-DDJH,22696,False
203524,NYSE-INA,22800,False
203524,NYSE-INA,22798,False
203524,NYSE-INA,22796,False
203524,NYSE-INA,22794,False
203524,NYSE-INA,22792,False
203524,NYSE-INA,22797,False
203524,NYSE-INA,22793,False
203524,NYSE-INA,22795,False
203524,NYSE-INA,22799,False
203524,NYSE-INA,22801,False
203524,NYSE-JNAF,22102,False
203524,NYSE-JNAF,22100,False
203524,NYSE-JNAF,22098,False
203524,NYSE-JNAF,22096,False
203524,NYSE-JNAF,22094,False
203524,NYSE-JNAF,22099,False
203524,NYSE-JNAF,22097,False
203524,NYSE-JNAF,22103,False
203524,NYSE-JNAF,22095,False
203524,NYSE-JNAF,22101,False
203524,NYSE-JZRO,23081,False
203524,NYSE-JZRO,23083,False
203524,NYSE-KRAS,22565,False
203524,NYSE-KRAS,22563,False
203524,NYSE-KRAS,22560,False
203525,NYSE-KRAS,22569,False
203525,NYSE-KRAS,22561,False
203525,NYSE-KRAS,22566,False
203525,NYSE-KRAS,22568,False
203525,NYSE-KRAS,22562,False
203525,NYSE-KRAS,22564,False
203525,NYSE-KRAS,22567,False
203525,NYSE-KTST,22766,False
203525,NYSE-KTST,22762,False
203525,NYSE-KTST,22760,False
203525,NYSE-KTST,22758,False
203525,NYSE-KTST,22764,False
203525,NYSE-KTST,22763,False
203525,NYSE-KTST,22759,False
203525,NYSE-KTST,22757,False
203525,NYSE-KTST,22765,False
203525,NYSE-KTST,22761,False
203525,NYSE-MDKA,22302,False
203525,NYSE-MDKA,22298,False
203525,NYSE-MDKA,22295,False
203525,NYSE-MDKA,22300,False
203525,NYSE-MDKA,22294,False
203525,NYSE-MDKA,22303,False
203525,NYSE-MDKA,22296,False
203525,NYSE-MDKA,22301,False
203525,NYSE-MDKA,22299,False
203525,NYSE-MDKA,22297,False
203525,NYSE-NGUP,23161,False
203525,NYSE-NGUP,23159,False
203525,NYSE-NGUP,23155,False
203525,NYSE-NGUP,23153,False
203525,NYSE-NGUP,23162,False
203525,NYSE-NGUP,23154,False
203525,NYSE-NGUP,23158,False
203525,NYSE-NGUP,23156,False
203525,NYSE-NGUP,23160,False
203525,NYSE-NGUP,23157,False
203525,NYSE-SIMP,23078,False
203525,NYSE-SIMP,23076,False
203525,NYSE-SIMP,23074,False
203525,NYSE-SIMP,23072,False
203525,NYSE-SIMP,23080,False
203525,NYSE-SIMP,23075,False
203525,NYSE-SIMP,23073,False
203525,NYSE-SIMP,23071,False
203525,NYSE-SIMP,23077,False
203525,NYSE-SIMP,23079,False
203525,NYSE-XFR,22223,False
203525,NYSE-XFR,22217,False
203525,NYSE-XFR,22220,False
203525,NYSE-XFR,22218,False
203525,NYSE-XFR,22224,False
203525,NYSE-XFR,22222,False
203525,NYSE-XFR,22221,False
203525,NYSE-XFR,22216,False
203525,NYSE-XFR,22225,False
203525,NYSE-XFR,22219,False
203525,NYSE-ZABA,22464,False
203525,NYSE-ZABA,22462,False
203525,NYSE-ZABA,22461,False
203525,NYSE-ZABA,22457,False
203525,NYSE-ZABA,22455,False
203525,NYSE-ZABA,22459,False
203525,NYSE-ZABA,22463,False
203525,NYSE-ZABA,22456,False
203525,NYSE-ZABA,22458,False
203525,NYSE-ZABA,22460,False
203618,NYSE-SIMP,23093,False
203618,NYSE-INA,22813,False
203618,NYSE-INA,22814,False
203618,NYSE-SIMP,23095,False
203623,NYSE-ETFA3,22452,False
203623,NYSE-ETFA3,22451,False
203623,NYSE-ETFA3,22450,False
203623,NYSE-ETFA3,22448,False
203623,NYSE-ETFA3,22447,False
203623,NYSE-ETFA3,22446,False
203623,NYSE-ETFA3,22445,False
203623,NYSE-ETFA3,22444,False
203623,NYSE-ETFA3,22443,False
203623,NYSE-ETFA3,22449,False
203623,NYSE-ETFA,22331,False
203623,NYSE-ETFA,22330,False
203623,NYSE-ETFA,22329,False
203623,NYSE-ETFA,22328,False
203623,NYSE-ETFA,22327,False
203623,NYSE-ETFA,22326,False
203623,NYSE-ETFA,22325,False
203623,NYSE-ETFA,22324,False
203623,NYSE-ETFA,22323,False
203623,NYSE-ETFA,22322,False
203624,NYSE-CARD,24776,False
203624,NYSE-CARD,24774,False
203624,NYSE-CARD,24772,False
203624,NYSE-CARD,24770,False
203624,NYSE-CARD,24769,False
203624,NYSE-CARD,24778,False
203624,NYSE-CARD,24777,False
203624,NYSE-CARD,24773,False
203624,NYSE-CARD,24771,False
203624,NYSE-CARD,24775,False
203624,NYSE-DDJH,22714,False
203624,NYSE-DDJH,22709,False
203624,NYSE-DDJH,22707,False
203624,NYSE-DDJH,22713,False
203624,NYSE-DDJH,22711,False
203624,NYSE-DDJH,22715,False
203624,NYSE-DDJH,22706,False
203624,NYSE-DDJH,22710,False
203624,NYSE-DDJH,22708,False
203624,NYSE-DDJH,22712,False
203624,NYSE-INA,22811,False
203624,NYSE-INA,22809,False
203624,NYSE-INA,22808,False
203624,NYSE-INA,22807,False
203624,NYSE-INA,22804,False
203624,NYSE-INA,22812,False
203624,NYSE-INA,22810,False
203624,NYSE-INA,22805,False
203624,NYSE-INA,22803,False
203624,NYSE-INA,22806,False
203624,NYSE-JNAF,22112,False
203624,NYSE-JNAF,22111,False
203624,NYSE-JNAF,22109,False
203624,NYSE-JNAF,22110,False
203624,NYSE-JNAF,22106,False
203624,NYSE-JNAF,22104,False
203624,NYSE-JNAF,22105,False
203624,NYSE-JNAF,22108,False
203624,NYSE-JNAF,22113,False
203624,NYSE-JNAF,22107,False
203624,NYSE-JZRO,23094,False
203624,NYSE-JZRO,23096,False
203624,NYSE-KRAS,22575,False
203625,NYSE-KRAS,22573,False
203625,NYSE-KRAS,22581,False
203625,NYSE-KRAS,22579,False
203625,NYSE-KRAS,22577,False
203625,NYSE-KRAS,22576,False
203625,NYSE-KRAS,22578,False
203625,NYSE-KRAS,22580,False
203625,NYSE-KRAS,22572,False
203625,NYSE-KRAS,22574,False
203625,NYSE-KTST,22776,False
203625,NYSE-KTST,22775,False
203625,NYSE-KTST,22774,False
203625,NYSE-KTST,22772,False
203625,NYSE-KTST,22770,False
203625,NYSE-KTST,22773,False
203625,NYSE-KTST,22777,False
203625,NYSE-KTST,22771,False
203625,NYSE-KTST,22778,False
203625,NYSE-KTST,22779,False
203625,NYSE-MDKA,22311,False
203625,NYSE-MDKA,22309,False
203625,NYSE-MDKA,22306,False
203625,NYSE-MDKA,22304,False
203625,NYSE-MDKA,22313,False
203625,NYSE-MDKA,22308,False
203625,NYSE-MDKA,22305,False
203625,NYSE-MDKA,22307,False
203625,NYSE-MDKA,22310,False
203625,NYSE-MDKA,22312,False
203625,NYSE-NGUP,23173,False
203625,NYSE-NGUP,23172,False
203625,NYSE-NGUP,23171,False
203625,NYSE-NGUP,23170,False
203625,NYSE-NGUP,23169,False
203625,NYSE-NGUP,23168,False
203625,NYSE-NGUP,23167,False
203625,NYSE-NGUP,23166,False
203625,NYSE-NGUP,23165,False
203625,NYSE-NGUP,23164,False
203625,NYSE-SIMP,23086,False
203625,NYSE-SIMP,23092,False
203625,NYSE-SIMP,23090,False
203625,NYSE-SIMP,23088,False
203625,NYSE-SIMP,23084,False
203625,NYSE-SIMP,23091,False
203625,NYSE-SIMP,23089,False
203625,NYSE-SIMP,23087,False
203625,NYSE-SIMP,23083,False
203625,NYSE-SIMP,23085,False
203625,NYSE-XFR,22236,False
203625,NYSE-XFR,22235,False
203625,NYSE-XFR,22233,False
203625,NYSE-XFR,22231,False
203625,NYSE-XFR,22229,False
203625,NYSE-XFR,22227,False
203625,NYSE-XFR,22234,False
203625,NYSE-XFR,22232,False
203625,NYSE-XFR,22228,False
203625,NYSE-XFR,22230,False
203625,NYSE-ZABA,22475,False
203625,NYSE-ZABA,22473,False
203625,NYSE-ZABA,22472,False
203625,NYSE-ZABA,22471,False
203625,NYSE-ZABA,22470,False
203625,NYSE-ZABA,22469,False
203625,NYSE-ZABA,22467,False
203625,NYSE-ZABA,22474,False
203625,NYSE-ZABA,22468,False
203625,NYSE-ZABA,22466,False
203630,NYSE-JZRO,23108,False
203630,NYSE-JZRO,23109,False
203709,NYSE-JZRO,23110,False
203723,NYSE-ETFA3,22462,False
203723,NYSE-ETFA3,22460,False
203723,NYSE-ETFA3,22459,False
203723,NYSE-ETFA3,22458,False
203723,NYSE-ETFA3,22457,False
203723,NYSE-ETFA3,22456,False
203723,NYSE-ETFA3,22455,False
203723,NYSE-ETFA3,22454,False
203723,NYSE-ETFA3,22453,False
203723,NYSE-ETFA3,22461,False
203723,NYSE-ETFA,22342,False
203723,NYSE-ETFA,22338,False
203723,NYSE-ETFA,22337,False
203724,NYSE-ETFA,22336,False
203724,NYSE-ETFA,22335,False
203724,NYSE-ETFA,22334,False
203724,NYSE-ETFA,22340,False
203724,NYSE-ETFA,22339,False
203724,NYSE-ETFA,22341,False
203724,NYSE-CARD,24783,False
203724,NYSE-CARD,24781,False
203724,NYSE-CARD,24789,False
203724,NYSE-CARD,24787,False
203724,NYSE-CARD,24784,False
203724,NYSE-CARD,24788,False
203724,NYSE-CARD,24786,False
203724,NYSE-CARD,24780,False
203724,NYSE-CARD,24782,False
203724,NYSE-CARD,24785,False
203724,NYSE-DDJH,22725,False
203724,NYSE-DDJH,22722,False
203724,NYSE-DDJH,22721,False
203724,NYSE-DDJH,22720,False
203724,NYSE-DDJH,22719,False
203724,NYSE-DDJH,22718,False
203724,NYSE-DDJH,22717,False
203724,NYSE-DDJH,22716,False
203724,NYSE-DDJH,22723,False
203724,NYSE-DDJH,22724,False
203724,NYSE-INA,22824,False
203724,NYSE-INA,22822,False
203724,NYSE-INA,22819,False
203724,NYSE-INA,22817,False
203724,NYSE-INA,22815,False
203724,NYSE-INA,22818,False
203724,NYSE-INA,22816,False
203724,NYSE-INA,22823,False
203724,NYSE-INA,22821,False
203724,NYSE-INA,22820,False
203724,NYSE-JNAF,22123,False
203724,NYSE-JNAF,22121,False
203724,NYSE-JNAF,22117,False
203724,NYSE-JNAF,22119,False
203724,NYSE-JNAF,22120,False
203724,NYSE-JNAF,22118,False
203724,NYSE-JNAF,22116,False
203724,NYSE-JNAF,22115,False
203724,NYSE-JNAF,22124,False
203724,NYSE-JNAF,22122,False
203724,NYSE-JZRO,23106,False
203725,NYSE-KRAS,22592,False
203725,NYSE-KRAS,22589,False
203725,NYSE-KRAS,22587,False
203725,NYSE-KRAS,22585,False
203725,NYSE-KRAS,22583,False
203725,NYSE-KRAS,22591,False
203725,NYSE-KRAS,22590,False
203725,NYSE-KRAS,22588,False
203725,NYSE-KRAS,22586,False
203725,NYSE-KRAS,22584,False
203725,NYSE-KTST,22792,False
203725,NYSE-KTST,22790,False
203725,NYSE-KTST,22788,False
203725,NYSE-KTST,22786,False
203725,NYSE-KTST,22784,False
203725,NYSE-KTST,22789,False
203725,NYSE-KTST,22785,False
203725,NYSE-KTST,22787,False
203725,NYSE-KTST,22783,False
203725,NYSE-KTST,22791,False
203725,NYSE-MDKA,22318,False
203725,NYSE-MDKA,22317,False
203725,NYSE-MDKA,22315,False
203725,NYSE-MDKA,22321,False
203725,NYSE-MDKA,22322,False
203725,NYSE-MDKA,22320,False
203725,NYSE-MDKA,22323,False
203725,NYSE-MDKA,22319,False
203725,NYSE-MDKA,22314,False
203725,NYSE-MDKA,22316,False
203725,NYSE-NGUP,23183,False
203725,NYSE-NGUP,23181,False
203725,NYSE-NGUP,23178,False
203725,NYSE-NGUP,23177,False
203725,NYSE-NGUP,23176,False
203725,NYSE-NGUP,23175,False
203725,NYSE-NGUP,23182,False
203725,NYSE-NGUP,23174,False
203725,NYSE-NGUP,23179,False
203725,NYSE-NGUP,23180,False
203725,NYSE-SIMP,23105,False
203725,NYSE-SIMP,23103,False
203725,NYSE-SIMP,23101,False
203725,NYSE-SIMP,23097,False
203725,NYSE-SIMP,23099,False
203725,NYSE-SIMP,23104,False
203725,NYSE-SIMP,23102,False
203725,NYSE-SIMP,23100,False
203725,NYSE-SIMP,23096,False
203725,NYSE-SIMP,23098,False
203725,NYSE-XFR,22246,False
203725,NYSE-XFR,22245,False
203725,NYSE-XFR,22244,False
203725,NYSE-XFR,22242,False
203725,NYSE-XFR,22241,False
203725,NYSE-XFR,22240,False
203725,NYSE-XFR,22238,False
203725,NYSE-XFR,22239,False
203725,NYSE-XFR,22243,False
203725,NYSE-XFR,22247,False
203725,NYSE-ZABA,22488,False
203725,NYSE-ZABA,22487,False
203725,NYSE-ZABA,22486,False
203725,NYSE-ZABA,22485,False
203725,NYSE-ZABA,22484,False
203725,NYSE-ZABA,22483,False
203725,NYSE-ZABA,22481,False
203725,NYSE-ZABA,22479,False
203725,NYSE-ZABA,22482,False
203725,NYSE-ZABA,22480,False
203789,NYSE-KRAS,22605,False
203789,NYSE-SIMP,23116,False
203789,NYSE-CARD,24801,False
203789,NYSE-KTST,22803,False
203789,NYSE-KTST,22804,False
203823,NYSE-ETFA3,22472,False
203823,NYSE-ETFA3,22471,False
203823,NYSE-ETFA3,22470,False
203823,NYSE-ETFA3,22469,False
203823,NYSE-ETFA3,22468,False
203823,NYSE-ETFA3,22467,False
203823,NYSE-ETFA3,22466,False
203823,NYSE-ETFA3,22465,False
203823,NYSE-ETFA3,22464,False
203823,NYSE-ETFA3,22463,False
203823,NYSE-ETFA,22353,False
203823,NYSE-ETFA,22352,False
203823,NYSE-ETFA,22351,False
203823,NYSE-ETFA,22349,False
203823,NYSE-ETFA,22348,False
203823,NYSE-ETFA,22347,False
203823,NYSE-ETFA,22346,False
203823,NYSE-ETFA,22345,False
203823,NYSE-ETFA,22350,False
203824,NYSE-CARD,24793,False
203824,NYSE-CARD,24791,False
203824,NYSE-CARD,24799,False
203824,NYSE-CARD,24797,False
203824,NYSE-CARD,24795,False
203824,NYSE-CARD,24794,False
203824,NYSE-CARD,24796,False
203824,NYSE-CARD,24798,False
203824,NYSE-CARD,24790,False
203824,NYSE-CARD,24792,False
203824,NYSE-DDJH,22735,False
203824,NYSE-DDJH,22734,False
203824,NYSE-DDJH,22732,False
203824,NYSE-DDJH,22731,False
203824,NYSE-DDJH,22729,False
203824,NYSE-DDJH,22727,False
203824,NYSE-DDJH,22726,False
203824,NYSE-DDJH,22733,False
203824,NYSE-DDJH,22730,False
203824,NYSE-DDJH,22728,False
203824,NYSE-INA,22834,False
203824,NYSE-INA,22828,False
203824,NYSE-INA,22826,False
203824,NYSE-INA,22832,False
203824,NYSE-INA,22830,False
203824,NYSE-INA,22827,False
203824,NYSE-INA,22825,False
203824,NYSE-INA,22829,False
203824,NYSE-INA,22833,False
203824,NYSE-INA,22831,False
203824,NYSE-JNAF,22133,False
203824,NYSE-JNAF,22132,False
203824,NYSE-JNAF,22130,False
203824,NYSE-JNAF,22127,False
203824,NYSE-JNAF,22125,False
203824,NYSE-JNAF,22128,False
203824,NYSE-JNAF,22131,False
203824,NYSE-JNAF,22129,False
203824,NYSE-JNAF,22126,False
203824,NYSE-JNAF,22134,False
203824,NYSE-JZRO,23119,False
203824,NYSE-JZRO,23117,False
203824,NYSE-KRAS,22603,False
203824,NYSE-KRAS,22601,False
203824,NYSE-KRAS,22599,False
203824,NYSE-KRAS,22595,False
203824,NYSE-KRAS,22594,False
203824,NYSE-KRAS,22597,False
203824,NYSE-KRAS,22598,False
203824,NYSE-KRAS,22596,False
203824,NYSE-KRAS,22600,False
203824,NYSE-KRAS,22602,False
203824,NYSE-KTST,22800,False
203824,NYSE-KTST,22798,False
203824,NYSE-KTST,22796,False
203824,NYSE-KTST,22794,False
203824,NYSE-KTST,22802,False
203824,NYSE-KTST,22797,False
203824,NYSE-KTST,22793,False
203824,NYSE-KTST,22795,False
203824,NYSE-KTST,22799,False
203824,NYSE-KTST,22801,False
203824,NYSE-MDKA,22332,False
203824,NYSE-MDKA,22330,False
203824,NYSE-MDKA,22328,False
203824,NYSE-MDKA,22324,False
203824,NYSE-MDKA,22326,False
203824,NYSE-MDKA,22327,False
203824,NYSE-MDKA,22325,False
203824,NYSE-MDKA,22329,False
203824,NYSE-MDKA,22333,False
203824,NYSE-MDKA,22331,False
203824,NYSE-NGUP,23193,False
203824,NYSE-NGUP,23191,False
203824,NYSE-NGUP,23189,False
203824,NYSE-NGUP,23187,False
203824,NYSE-NGUP,23185,False
203824,NYSE-NGUP,23192,False
203824,NYSE-NGUP,23188,False
203824,NYSE-NGUP,23186,False
203824,NYSE-NGUP,23184,False
203824,NYSE-NGUP,23190,False
203824,NYSE-SIMP,23109,False
203824,NYSE-SIMP,23115,False
203824,NYSE-SIMP,23113,False
203824,NYSE-SIMP,23107,False
203824,NYSE-SIMP,23111,False
203824,NYSE-SIMP,23112,False
203824,NYSE-SIMP,23110,False
203824,NYSE-SIMP,23114,False
203824,NYSE-SIMP,23108,False
203824,NYSE-SIMP,23106,False
203824,NYSE-XFR,22258,False
203824,NYSE-XFR,22257,False
203824,NYSE-XFR,22256,False
203824,NYSE-XFR,22255,False
203824,NYSE-XFR,22253,False
203824,NYSE-XFR,22252,False
203824,NYSE-XFR,22251,False
203824,NYSE-XFR,22250,False
203824,NYSE-XFR,22249,False
203824,NYSE-XFR,22254,False
203825,NYSE-ZABA,22498,False
203825,NYSE-ZABA,22495,False
203825,NYSE-ZABA,22496,False
203825,NYSE-ZABA,22491,False
203825,NYSE-ZABA,22493,False
203825,NYSE-ZABA,22499,False
203825,NYSE-ZABA,22494,False
203825,NYSE-ZABA,22490,False
203825,NYSE-ZABA,22492,False
203825,NYSE-ZABA,22497,False
203923,NYSE-ETFA3,22482,False
203923,NYSE-ETFA3,22481,False
203923,NYSE-ETFA3,22480,False
203923,NYSE-ETFA3,22479,False
203923,NYSE-ETFA3,22478,False
203923,NYSE-ETFA3,22477,False
203923,NYSE-ETFA3,22476,False
203923,NYSE-ETFA3,22474,False
203923,NYSE-ETFA3,22483,False
203924,NYSE-ETFA,22364,False
203924,NYSE-ETFA,22363,False
203924,NYSE-ETFA,22362,False
203924,NYSE-ETFA,22361,False
203924,NYSE-ETFA,22360,False
203924,NYSE-ETFA,22359,False
203924,NYSE-ETFA,22358,False
203924,NYSE-ETFA,22357,False
203924,NYSE-ETFA,22355,False
203924,NYSE-ETFA,22356,False
203924,NYSE-CARD,24810,False
203924,NYSE-CARD,24807,False
203924,NYSE-CARD,24805,False
203924,NYSE-CARD,24803,False
203924,NYSE-CARD,24812,False
203924,NYSE-CARD,24809,False
203924,NYSE-CARD,24808,False
203924,NYSE-CARD,24806,False
203924,NYSE-CARD,24811,False
203924,NYSE-CARD,24804,False
203924,NYSE-DDJH,22741,False
203924,NYSE-DDJH,22739,False
203924,NYSE-DDJH,22737,False
203924,NYSE-DDJH,22742,False
203925,NYSE-DDJH,22740,False
203925,NYSE-DDJH,22738,False
203925,NYSE-DDJH,22736,False
203925,NYSE-DDJH,22744,False
203925,NYSE-DDJH,22743,False
203925,NYSE-DDJH,22745,False
203925,NYSE-INA,22844,False
203925,NYSE-INA,22842,False
203925,NYSE-INA,22838,False
203925,NYSE-INA,22836,False
203925,NYSE-INA,22835,False
203925,NYSE-INA,22843,False
203925,NYSE-INA,22837,False
203925,NYSE-INA,22839,False
203925,NYSE-INA,22841,False
203925,NYSE-INA,22840,False
203925,NYSE-JNAF,22143,False
203925,NYSE-JNAF,22141,False
203925,NYSE-JNAF,22139,False
203925,NYSE-JNAF,22138,False
203925,NYSE-JNAF,22135,False
203925,NYSE-JNAF,22137,False
203925,NYSE-JNAF,22144,False
203925,NYSE-JNAF,22136,False
203925,NYSE-JNAF,22142,False
203925,NYSE-JNAF,22140,False
203925,NYSE-JZRO,23128,False
203925,NYSE-JZRO,23130,False
203925,NYSE-JZRO,23131,False
203925,NYSE-JZRO,23129,False
203925,NYSE-KRAS,22615,False
203925,NYSE-KRAS,22613,False
203925,NYSE-KRAS,22612,False
203925,NYSE-KRAS,22611,False
203925,NYSE-KRAS,22609,False
203925,NYSE-KRAS,22607,False
203925,NYSE-KRAS,22614,False
203925,NYSE-KRAS,22616,False
203925,NYSE-KTST,22815,False
203925,NYSE-KTST,22811,False
203925,NYSE-KTST,22809,False
203925,NYSE-KTST,22808,False
203925,NYSE-KTST,22807,False
203925,NYSE-KTST,22813,False
203925,NYSE-KTST,22814,False
203925,NYSE-KTST,22812,False
203925,NYSE-KTST,22810,False
203925,NYSE-KTST,22806,False
203925,NYSE-MDKA,22345,False
203925,NYSE-MDKA,22343,False
203925,NYSE-MDKA,22342,False
203925,NYSE-MDKA,22339,False
203925,NYSE-MDKA,22341,False
203925,NYSE-MDKA,22344,False
203925,NYSE-MDKA,22340,False
203925,NYSE-MDKA,22337,False
203925,NYSE-MDKA,22338,False
203925,NYSE-MDKA,22336,False
203925,NYSE-NGUP,23203,False
203925,NYSE-NGUP,23201,False
203925,NYSE-NGUP,23199,False
203925,NYSE-NGUP,23197,False
203925,NYSE-NGUP,23195,False
203925,NYSE-NGUP,23200,False
203925,NYSE-NGUP,23198,False
203925,NYSE-NGUP,23196,False
203925,NYSE-NGUP,23194,False
203925,NYSE-NGUP,23202,False
203925,NYSE-SIMP,23119,False
203925,NYSE-SIMP,23126,False
203925,NYSE-SIMP,23124,False
203925,NYSE-SIMP,23123,False
203925,NYSE-SIMP,23122,False
203925,NYSE-SIMP,23120,False
203925,NYSE-SIMP,23118,False
203925,NYSE-SIMP,23121,False
203925,NYSE-SIMP,23125,False
203925,NYSE-SIMP,23127,False
203926,NYSE-XFR,22269,False
203926,NYSE-XFR,22268,False
203926,NYSE-XFR,22267,False
203926,NYSE-XFR,22266,False
203926,NYSE-XFR,22265,False
203926,NYSE-XFR,22264,False
203926,NYSE-XFR,22263,False
203926,NYSE-XFR,22262,False
203926,NYSE-XFR,22261,False
203926,NYSE-XFR,22260,False
203926,NYSE-ZABA,22510,False
203926,NYSE-ZABA,22508,False
203926,NYSE-ZABA,22504,False
203926,NYSE-ZABA,22502,False
203926,NYSE-ZABA,22506,False
203926,NYSE-ZABA,22501,False
203926,NYSE-ZABA,22505,False
203926,NYSE-ZABA,22509,False
203926,NYSE-ZABA,22503,False
203926,NYSE-ZABA,22507,False
203943,NYSE-JZRO,23142,False
204023,NYSE-ETFA3,22492,False
204023,NYSE-ETFA3,22491,False
204023,NYSE-ETFA3,22490,False
204023,NYSE-ETFA3,22489,False
204023,NYSE-ETFA3,22488,False
204023,NYSE-ETFA3,22486,False
204023,NYSE-ETFA3,22487,False
204023,NYSE-ETFA3,22494,False
204023,NYSE-ETFA3,22495,False
204023,NYSE-ETFA3,22493,False
204024,NYSE-ETFA,22375,False
204024,NYSE-ETFA,22374,False
204024,NYSE-ETFA,22373,False
204024,NYSE-ETFA,22372,False
204024,NYSE-ETFA,22371,False
204024,NYSE-ETFA,22370,False
204024,NYSE-ETFA,22369,False
204024,NYSE-ETFA,22368,False
204024,NYSE-ETFA,22367,False
204024,NYSE-ETFA,22376,False
204025,NYSE-CARD,24823,False
204025,NYSE-CARD,24821,False
204025,NYSE-CARD,24819,False
204025,NYSE-CARD,24817,False
204025,NYSE-CARD,24815,False
204025,NYSE-CARD,24816,False
204025,NYSE-CARD,24824,False
204025,NYSE-CARD,24818,False
204025,NYSE-CARD,24820,False
204025,NYSE-CARD,24822,False
204025,NYSE-DDJH,22756,False
204025,NYSE-DDJH,22754,False
204025,NYSE-DDJH,22753,False
204025,NYSE-DDJH,22752,False
204025,NYSE-DDJH,22751,False
204025,NYSE-DDJH,22750,False
204025,NYSE-DDJH,22749,False
204025,NYSE-DDJH,22748,False
204025,NYSE-DDJH,22747,False
204025,NYSE-DDJH,22755,False
204025,NYSE-INA,22854,False
204025,NYSE-INA,22850,False
204025,NYSE-INA,22848,False
204025,NYSE-INA,22852,False
204025,NYSE-INA,22846,False
204025,NYSE-INA,22845,False
204025,NYSE-INA,22847,False
204025,NYSE-INA,22849,False
204025,NYSE-INA,22851,False
204025,NYSE-INA,22853,False
204025,NYSE-JNAF,22153,False
204025,NYSE-JNAF,22151,False
204025,NYSE-JNAF,22149,False
204025,NYSE-JNAF,22154,False
204025,NYSE-JNAF,22152,False
204025,NYSE-JNAF,22150,False
204025,NYSE-JNAF,22146,False
204025,NYSE-JNAF,22148,False
204025,NYSE-JNAF,22147,False
204025,NYSE-JNAF,22145,False
204025,NYSE-JZRO,23138,False
204025,NYSE-JZRO,23140,False
204025,NYSE-KRAS,22628,False
204025,NYSE-KRAS,22627,False
204025,NYSE-KRAS,22626,False
204025,NYSE-KRAS,22625,False
204025,NYSE-KRAS,22624,False
204025,NYSE-KRAS,22623,False
204025,NYSE-KRAS,22621,False
204025,NYSE-KRAS,22620,False
204025,NYSE-KRAS,22619,False
204025,NYSE-KRAS,22622,False
204026,NYSE-KTST,22826,False
204026,NYSE-KTST,22824,False
204026,NYSE-KTST,22822,False
204026,NYSE-KTST,22819,False
204026,NYSE-KTST,22817,False
204026,NYSE-KTST,22818,False
204026,NYSE-KTST,22823,False
204026,NYSE-KTST,22825,False
204026,NYSE-KTST,22821,False
204026,NYSE-KTST,22820,False
204026,NYSE-MDKA,22354,False
204026,NYSE-MDKA,22352,False
204026,NYSE-MDKA,22350,False
204026,NYSE-MDKA,22349,False
204026,NYSE-MDKA,22347,False
204026,NYSE-MDKA,22346,False
204026,NYSE-MDKA,22348,False
204026,NYSE-MDKA,22355,False
204026,NYSE-MDKA,22351,False
204026,NYSE-MDKA,22353,False
204026,NYSE-NGUP,23211,False
204026,NYSE-NGUP,23209,False
204026,NYSE-NGUP,23207,False
204026,NYSE-NGUP,23205,False
204026,NYSE-NGUP,23213,False
204026,NYSE-NGUP,23208,False
204026,NYSE-NGUP,23206,False
204026,NYSE-NGUP,23214,False
204026,NYSE-NGUP,23212,False
204026,NYSE-NGUP,23210,False
204026,NYSE-SIMP,23128,False
204026,NYSE-SIMP,23136,False
204026,NYSE-SIMP,23134,False
204026,NYSE-SIMP,23132,False
204026,NYSE-SIMP,23130,False
204026,NYSE-SIMP,23137,False
204026,NYSE-XFR,22280,False
204026,NYSE-XFR,22279,False
204026,NYSE-XFR,22278,False
204026,NYSE-XFR,22277,False
204026,NYSE-XFR,22275,False
204026,NYSE-XFR,22274,False
204026,NYSE-XFR,22273,False
204026,NYSE-XFR,22272,False
204026,NYSE-XFR,22276,False
204026,NYSE-XFR,22271,False
204026,NYSE-ZABA,22521,False
204026,NYSE-ZABA,22520,False
204026,NYSE-ZABA,22518,False
204026,NYSE-ZABA,22516,False
204026,NYSE-ZABA,22514,False
204026,NYSE-ZABA,22512,False
204026,NYSE-ZABA,22513,False
204026,NYSE-ZABA,22515,False
204026,NYSE-ZABA,22517,False
204026,NYSE-ZABA,22519,False
204054,NYSE-MDKA,22366,False
204054,NYSE-CARD,24835,False
204054,NYSE-JZRO,23153,False
204054,NYSE-KTST,22837,False
204123,NYSE-ETFA3,22502,False
204123,NYSE-ETFA3,22501,False
204123,NYSE-ETFA3,22500,False
204123,NYSE-ETFA3,22499,False
204123,NYSE-ETFA3,22498,False
204123,NYSE-ETFA3,22496,False
204123,NYSE-ETFA3,22505,False
204123,NYSE-ETFA3,22503,False
204123,NYSE-ETFA3,22504,False
204123,NYSE-ETFA,22385,False
204123,NYSE-ETFA,22384,False
204123,NYSE-ETFA,22383,False
204123,NYSE-ETFA,22382,False
204123,NYSE-ETFA,22381,False
204123,NYSE-ETFA,22380,False
204123,NYSE-ETFA,22379,False
204123,NYSE-ETFA,22378,False
204123,NYSE-ETFA,22386,False
204124,NYSE-CARD,24833,False
204124,NYSE-CARD,24831,False
204124,NYSE-CARD,24830,False
204124,NYSE-CARD,24829,False
204124,NYSE-CARD,24827,False
204124,NYSE-CARD,24825,False
204124,NYSE-CARD,24832,False
204124,NYSE-CARD,24834,False
204124,NYSE-CARD,24828,False
204124,NYSE-CARD,24826,False
204124,NYSE-DDJH,22766,False
204124,NYSE-DDJH,22762,False
204124,NYSE-DDJH,22760,False
204124,NYSE-DDJH,22758,False
204124,NYSE-DDJH,22764,False
204124,NYSE-DDJH,22763,False
204124,NYSE-DDJH,22759,False
204124,NYSE-DDJH,22757,False
204124,NYSE-DDJH,22765,False
204124,NYSE-DDJH,22761,False
204124,NYSE-INA,22864,False
204124,NYSE-INA,22861,False
204124,NYSE-INA,22859,False
204124,NYSE-INA,22862,False
204124,NYSE-INA,22860,False
204124,NYSE-INA,22865,False
204124,NYSE-INA,22857,False
204124,NYSE-INA,22863,False
204124,NYSE-INA,22866,False
204124,NYSE-JNAF,22162,False
204124,NYSE-JNAF,22159,False
204124,NYSE-JNAF,22157,False
204124,NYSE-JNAF,22164,False
204124,NYSE-JNAF,22160,False
204124,NYSE-JNAF,22158,False
204124,NYSE-JNAF,22156,False
204124,NYSE-JNAF,22163,False
204124,NYSE-JNAF,22161,False
204124,NYSE-JNAF,22155,False
204124,NYSE-JZRO,23151,False
204124,NYSE-JZRO,23149,False
204124,NYSE-JZRO,23152,False
204124,NYSE-KRAS,22639,False
204124,NYSE-KRAS,22638,False
204124,NYSE-KRAS,22637,False
204124,NYSE-KRAS,22635,False
204124,NYSE-KRAS,22634,False
204124,NYSE-KRAS,22633,False
204124,NYSE-KRAS,22632,False
204124,NYSE-KRAS,22630,False
204124,NYSE-KRAS,22636,False
204124,NYSE-KTST,22834,False
204124,NYSE-KTST,22832,False
204124,NYSE-KTST,22830,False
204124,NYSE-KTST,22828,False
204124,NYSE-KTST,22836,False
204124,NYSE-KTST,22835,False
204124,NYSE-KTST,22827,False
204124,NYSE-KTST,22829,False
204124,NYSE-KTST,22833,False
204124,NYSE-KTST,22831,False
204124,NYSE-MDKA,22364,False
204124,NYSE-MDKA,22362,False
204124,NYSE-MDKA,22360,False
204124,NYSE-MDKA,22358,False
204124,NYSE-MDKA,22356,False
204124,NYSE-MDKA,22357,False
204124,NYSE-MDKA,22359,False
204124,NYSE-MDKA,22365,False
204124,NYSE-MDKA,22363,False
204124,NYSE-MDKA,22361,False
204124,NYSE-NGUP,23221,False
204124,NYSE-NGUP,23220,False
204124,NYSE-NGUP,23218,False
204124,NYSE-NGUP,23223,False
204124,NYSE-NGUP,23219,False
204124,NYSE-NGUP,23215,False
204124,NYSE-NGUP,23217,False
204124,NYSE-NGUP,23224,False
204124,NYSE-NGUP,23222,False
204124,NYSE-NGUP,23216,False
204124,NYSE-SIMP,23142,False
204124,NYSE-SIMP,23138,False
204124,NYSE-SIMP,23147,False
204124,NYSE-SIMP,23146,False
204124,NYSE-SIMP,23145,False
204124,NYSE-SIMP,23144,False
204124,NYSE-SIMP,23143,False
204124,NYSE-SIMP,23140,False
204124,NYSE-SIMP,23141,False
204124,NYSE-SIMP,23139,False
204124,NYSE-XFR,22290,False
204124,NYSE-XFR,22288,False
204124,NYSE-XFR,22286,False
204124,NYSE-XFR,22283,False
204124,NYSE-XFR,22281,False
204124,NYSE-XFR,22284,False
204124,NYSE-XFR,22282,False
204124,NYSE-XFR,22289,False
204124,NYSE-XFR,22285,False
204124,NYSE-XFR,22287,False
204125,NYSE-ZABA,22531,False
204125,NYSE-ZABA,22527,False
204125,NYSE-ZABA,22525,False
204125,NYSE-ZABA,22523,False
204125,NYSE-ZABA,22532,False
204125,NYSE-ZABA,22524,False
204125,NYSE-ZABA,22528,False
204125,NYSE-ZABA,22530,False
204125,NYSE-ZABA,22526,False
204125,NYSE-ZABA,22529,False
204125,NYSE-SIMP,23160,False
204125,NYSE-CARD,24848,False
204125,NYSE-CARD,24849,False
204125,NYSE-CARD,24851,False
204125,NYSE-SIMP,23161,False
204223,NYSE-ETFA3,22517,False
204223,NYSE-ETFA3,22516,False
204223,NYSE-ETFA3,22514,False
204223,NYSE-ETFA3,22512,False
204223,NYSE-ETFA3,22511,False
204223,NYSE-ETFA3,22510,False
204223,NYSE-ETFA3,22509,False
204223,NYSE-ETFA3,22508,False
204223,NYSE-ETFA3,22515,False
204223,NYSE-ETFA3,22513,False
204223,NYSE-ETFA,22397,False
204223,NYSE-ETFA,22396,False
204223,NYSE-ETFA,22395,False
204223,NYSE-ETFA,22394,False
204223,NYSE-ETFA,22393,False
204223,NYSE-ETFA,22392,False
204223,NYSE-ETFA,22391,False
204223,NYSE-ETFA,22390,False
204223,NYSE-ETFA,22389,False
204224,NYSE-ETFA,22388,False
204224,NYSE-CARD,24847,False
204224,NYSE-CARD,24846,False
204224,NYSE-CARD,24845,False
204224,NYSE-CARD,24844,False
204224,NYSE-CARD,24843,False
204224,NYSE-CARD,24842,False
204224,NYSE-CARD,24841,False
204224,NYSE-CARD,24839,False
204224,NYSE-CARD,24838,False
204224,NYSE-CARD,24840,False
204224,NYSE-DDJH,22776,False
204224,NYSE-DDJH,22775,False
204224,NYSE-DDJH,22774,False
204224,NYSE-DDJH,22772,False
204224,NYSE-DDJH,22770,False
204224,NYSE-DDJH,22768,False
204224,NYSE-DDJH,22773,False
204224,NYSE-DDJH,22769,False
204224,NYSE-DDJH,22771,False
204224,NYSE-DDJH,22767,False
204224,NYSE-INA,22877,False
204224,NYSE-INA,22876,False
204224,NYSE-INA,22874,False
204224,NYSE-INA,22873,False
204224,NYSE-INA,22872,False
204224,NYSE-INA,22875,False
204224,NYSE-INA,22869,False
204224,NYSE-INA,22871,False
204224,NYSE-INA,22868,False
204224,NYSE-INA,22870,False
204224,NYSE-JNAF,22174,False
204224,NYSE-JNAF,22172,False
204224,NYSE-JNAF,22171,False
204224,NYSE-JNAF,22170,False
204224,NYSE-JNAF,22169,False
204224,NYSE-JNAF,22167,False
204224,NYSE-JNAF,22173,False
204224,NYSE-JNAF,22175,False
204224,NYSE-JNAF,22168,False
204225,NYSE-JNAF,22166,False
204225,NYSE-JZRO,23165,False
204225,NYSE-JZRO,23163,False
204225,NYSE-JZRO,23161,False
204225,NYSE-JZRO,23162,False
204225,NYSE-JZRO,23160,False
204225,NYSE-JZRO,23164,False
204225,NYSE-KRAS,22650,False
204225,NYSE-KRAS,22649,False
204225,NYSE-KRAS,22647,False
204225,NYSE-KRAS,22645,False
204225,NYSE-KRAS,22644,False
204225,NYSE-KRAS,22643,False
204225,NYSE-KRAS,22646,False
204225,NYSE-KRAS,22642,False
204225,NYSE-KRAS,22651,False
204225,NYSE-KRAS,22648,False
204225,NYSE-KTST,22848,False
204225,NYSE-KTST,22844,False
204225,NYSE-KTST,22842,False
204225,NYSE-KTST,22846,False
204225,NYSE-KTST,22845,False
204225,NYSE-KTST,22843,False
204225,NYSE-KTST,22839,False
204225,NYSE-KTST,22841,False
204225,NYSE-KTST,22847,False
204225,NYSE-KTST,22840,False
204225,NYSE-MDKA,22376,False
204225,NYSE-MDKA,22375,False
204225,NYSE-MDKA,22373,False
204225,NYSE-MDKA,22372,False
204225,NYSE-MDKA,22371,False
204225,NYSE-MDKA,22370,False
204225,NYSE-MDKA,22369,False
204225,NYSE-MDKA,22367,False
204225,NYSE-MDKA,22368,False
204225,NYSE-MDKA,22374,False
204225,NYSE-NGUP,23234,False
204225,NYSE-NGUP,23232,False
204225,NYSE-NGUP,23230,False
204225,NYSE-NGUP,23226,False
204225,NYSE-NGUP,23228,False
204225,NYSE-NGUP,23229,False
204225,NYSE-NGUP,23227,False
204225,NYSE-NGUP,23225,False
204225,NYSE-NGUP,23233,False
204225,NYSE-NGUP,23231,False
204225,NYSE-SIMP,23155,False
204225,NYSE-SIMP,23153,False
204225,NYSE-SIMP,23151,False
204225,NYSE-SIMP,23159,False
204225,NYSE-SIMP,23154,False
204225,NYSE-SIMP,23152,False
204225,NYSE-SIMP,23150,False
204225,NYSE-SIMP,23158,False
204225,NYSE-SIMP,23156,False
204225,NYSE-SIMP,23157,False
204225,NYSE-XFR,22302,False
204225,NYSE-XFR,22298,False
204225,NYSE-XFR,22295,False
204225,NYSE-XFR,22293,False
204225,NYSE-XFR,22300,False
204225,NYSE-XFR,22294,False
204225,NYSE-XFR,22296,False
204225,NYSE-XFR,22301,False
204225,NYSE-XFR,22299,False
204225,NYSE-XFR,22297,False
204225,NYSE-ZABA,22543,False
204225,NYSE-ZABA,22541,False
204225,NYSE-ZABA,22539,False
204225,NYSE-ZABA,22537,False
204225,NYSE-ZABA,22535,False
204225,NYSE-ZABA,22540,False
204225,NYSE-ZABA,22536,False
204225,NYSE-ZABA,22534,False
204225,NYSE-ZABA,22538,False
204225,NYSE-ZABA,22542,False
204251,NYSE-JZRO,23176,False
204296,NYSE-KRAS,22663,False
204296,NYSE-KTST,22860,False
204296,NYSE-SIMP,23172,False
204296,NYSE-KTST,22861,False
204323,NYSE-ETFA3,22527,False
204323,NYSE-ETFA3,22526,False
204323,NYSE-ETFA3,22524,False
204323,NYSE-ETFA3,22522,False
204323,NYSE-ETFA3,22519,False
204323,NYSE-ETFA3,22518,False
204323,NYSE-ETFA3,22525,False
204323,NYSE-ETFA3,22523,False
204323,NYSE-ETFA3,22520,False
204323,NYSE-ETFA3,22521,False
204323,NYSE-ETFA,22408,False
204323,NYSE-ETFA,22407,False
204323,NYSE-ETFA,22406,False
204324,NYSE-ETFA,22405,False
204324,NYSE-ETFA,22404,False
204324,NYSE-ETFA,22403,False
204324,NYSE-ETFA,22402,False
204324,NYSE-ETFA,22401,False
204324,NYSE-ETFA,22400,False
204324,NYSE-CARD,24859,False
204324,NYSE-CARD,24857,False
204324,NYSE-CARD,24856,False
204324,NYSE-CARD,24855,False
204324,NYSE-CARD,24853,False
204324,NYSE-CARD,24862,False
204324,NYSE-CARD,24861,False
204324,NYSE-CARD,24854,False
204324,NYSE-CARD,24860,False
204324,NYSE-CARD,24858,False
204324,NYSE-DDJH,22786,False
204324,NYSE-DDJH,22784,False
204324,NYSE-DDJH,22782,False
204324,NYSE-DDJH,22780,False
204324,NYSE-DDJH,22777,False
204324,NYSE-DDJH,22778,False
204324,NYSE-DDJH,22781,False
204324,NYSE-DDJH,22785,False
204324,NYSE-DDJH,22783,False
204324,NYSE-DDJH,22779,False
204324,NYSE-INA,22887,False
204324,NYSE-INA,22886,False
204324,NYSE-INA,22882,False
204324,NYSE-INA,22878,False
204324,NYSE-INA,22884,False
204324,NYSE-INA,22880,False
204324,NYSE-INA,22879,False
204324,NYSE-INA,22881,False
204324,NYSE-INA,22883,False
204324,NYSE-INA,22885,False
204324,NYSE-JNAF,22185,False
204324,NYSE-JNAF,22183,False
204324,NYSE-JNAF,22182,False
204324,NYSE-JNAF,22181,False
204324,NYSE-JNAF,22180,False
204324,NYSE-JNAF,22179,False
204324,NYSE-JNAF,22178,False
204324,NYSE-JNAF,22176,False
204324,NYSE-JNAF,22177,False
204324,NYSE-JNAF,22184,False
204325,NYSE-JZRO,23175,False
204325,NYSE-JZRO,23173,False
204325,NYSE-JZRO,23172,False
204325,NYSE-JZRO,23174,False
204325,NYSE-KRAS,22662,False
204325,NYSE-KRAS,22661,False
204325,NYSE-KRAS,22660,False
204325,NYSE-KRAS,22659,False
204325,NYSE-KRAS,22658,False
204325,NYSE-KRAS,22657,False
204325,NYSE-KRAS,22655,False
204325,NYSE-KRAS,22654,False
204325,NYSE-KRAS,22656,False
204325,NYSE-KRAS,22653,False
204325,NYSE-KTST,22859,False
204325,NYSE-KTST,22856,False
204325,NYSE-KTST,22854,False
204325,NYSE-KTST,22850,False
204325,NYSE-KTST,22858,False
204325,NYSE-KTST,22852,False
204325,NYSE-KTST,22851,False
204325,NYSE-KTST,22853,False
204325,NYSE-KTST,22855,False
204325,NYSE-KTST,22857,False
204325,NYSE-MDKA,22385,False
204325,NYSE-MDKA,22384,False
204325,NYSE-MDKA,22383,False
204325,NYSE-MDKA,22381,False
204325,NYSE-MDKA,22380,False
204325,NYSE-MDKA,22378,False
204325,NYSE-MDKA,22377,False
204325,NYSE-MDKA,22379,False
204325,NYSE-MDKA,22386,False
204325,NYSE-MDKA,22382,False
204325,NYSE-NGUP,23244,False
204325,NYSE-NGUP,23242,False
204325,NYSE-NGUP,23241,False
204325,NYSE-NGUP,23239,False
204325,NYSE-NGUP,23236,False
204325,NYSE-NGUP,23237,False
204325,NYSE-NGUP,23240,False
204325,NYSE-NGUP,23238,False
204325,NYSE-NGUP,23235,False
204325,NYSE-NGUP,23243,False
204325,NYSE-SIMP,23165,False
204325,NYSE-SIMP,23163,False
204325,NYSE-SIMP,23171,False
204325,NYSE-SIMP,23170,False
204325,NYSE-SIMP,23169,False
204325,NYSE-SIMP,23168,False
204325,NYSE-SIMP,23167,False
204325,NYSE-SIMP,23166,False
204325,NYSE-SIMP,23162,False
204325,NYSE-SIMP,23164,False
204325,NYSE-XFR,22311,False
204325,NYSE-XFR,22309,False
204325,NYSE-XFR,22306,False
204325,NYSE-XFR,22304,False
204325,NYSE-XFR,22308,False
204325,NYSE-XFR,22303,False
204325,NYSE-XFR,22305,False
204325,NYSE-XFR,22307,False
204325,NYSE-XFR,22310,False
204325,NYSE-XFR,22312,False
204325,NYSE-ZABA,22554,False
204325,NYSE-ZABA,22552,False
204325,NYSE-ZABA,22551,False
204325,NYSE-ZABA,22547,False
204325,NYSE-ZABA,22549,False
204325,NYSE-ZABA,22555,False
204325,NYSE-ZABA,22553,False
204325,NYSE-ZABA,22550,False
204325,NYSE-ZABA,22548,False
204325,NYSE-ZABA,22546,False
204325,NYSE-SIMP,23184,False
204423,NYSE-ETFA3,22537,False
204423,NYSE-ETFA3,22535,False
204423,NYSE-ETFA3,22533,False
204423,NYSE-ETFA3,22531,False
204423,NYSE-ETFA3,22530,False
204423,NYSE-ETFA3,22529,False
204423,NYSE-ETFA3,22528,False
204423,NYSE-ETFA3,22536,False
204423,NYSE-ETFA3,22534,False
204423,NYSE-ETFA3,22532,False
204423,NYSE-ETFA,22419,False
204423,NYSE-ETFA,22418,False
204423,NYSE-ETFA,22417,False
204423,NYSE-ETFA,22416,False
204423,NYSE-ETFA,22415,False
204423,NYSE-ETFA,22413,False
204423,NYSE-ETFA,22412,False
204423,NYSE-ETFA,22410,False
204423,NYSE-ETFA,22411,False
204424,NYSE-ETFA,22414,False
204424,NYSE-CARD,24870,False
204424,NYSE-CARD,24868,False
204424,NYSE-CARD,24867,False
204424,NYSE-CARD,24865,False
204424,NYSE-CARD,24873,False
204424,NYSE-CARD,24872,False
204424,NYSE-CARD,24874,False
204424,NYSE-CARD,24871,False
204424,NYSE-CARD,24869,False
204424,NYSE-CARD,24866,False
204424,NYSE-DDJH,22796,False
204424,NYSE-DDJH,22794,False
204424,NYSE-DDJH,22792,False
204424,NYSE-DDJH,22790,False
204424,NYSE-DDJH,22788,False
204424,NYSE-DDJH,22789,False
204424,NYSE-DDJH,22793,False
204424,NYSE-DDJH,22787,False
204424,NYSE-DDJH,22791,False
204424,NYSE-DDJH,22795,False
204424,NYSE-INA,22896,False
204424,NYSE-INA,22894,False
204424,NYSE-INA,22891,False
204424,NYSE-INA,22889,False
204424,NYSE-INA,22897,False
204424,NYSE-INA,22893,False
204424,NYSE-INA,22890,False
204424,NYSE-INA,22892,False
204424,NYSE-INA,22895,False
204424,NYSE-INA,22898,False
204424,NYSE-JNAF,22194,False
204424,NYSE-JNAF,22193,False
204424,NYSE-JNAF,22192,False
204424,NYSE-JNAF,22190,False
204424,NYSE-JNAF,22189,False
204424,NYSE-JNAF,22187,False
204424,NYSE-JNAF,22195,False
204424,NYSE-JNAF,22186,False
204424,NYSE-JNAF,22188,False
204424,NYSE-JNAF,22191,False
204424,NYSE-JZRO,23185,False
204424,NYSE-JZRO,23186,False
204424,NYSE-JZRO,23184,False
204424,NYSE-KRAS,22673,False
204424,NYSE-KRAS,22672,False
204424,NYSE-KRAS,22670,False
204424,NYSE-KRAS,22669,False
204424,NYSE-KRAS,22668,False
204424,NYSE-KRAS,22667,False
204424,NYSE-KRAS,22666,False
204424,NYSE-KRAS,22664,False
204424,NYSE-KRAS,22671,False
204424,NYSE-KRAS,22665,False
204424,NYSE-KTST,22864,False
204424,NYSE-KTST,22862,False
204424,NYSE-KTST,22865,False
204424,NYSE-KTST,22867,False
204424,NYSE-KTST,22869,False
204424,NYSE-KTST,22871,False
204424,NYSE-KTST,22863,False
204424,NYSE-KTST,22866,False
204424,NYSE-KTST,22868,False
204424,NYSE-KTST,22870,False
204424,NYSE-MDKA,22396,False
204424,NYSE-MDKA,22394,False
204424,NYSE-MDKA,22393,False
204424,NYSE-MDKA,22389,False
204424,NYSE-MDKA,22387,False
204424,NYSE-MDKA,22395,False
204424,NYSE-MDKA,22391,False
204424,NYSE-MDKA,22388,False
204424,NYSE-MDKA,22390,False
204424,NYSE-MDKA,22392,False
204424,NYSE-NGUP,23252,False
204424,NYSE-NGUP,23250,False
204424,NYSE-NGUP,23248,False
204424,NYSE-NGUP,23247,False
204424,NYSE-NGUP,23246,False
204424,NYSE-NGUP,23253,False
204424,NYSE-NGUP,23245,False
204424,NYSE-NGUP,23251,False
204424,NYSE-NGUP,23249,False
204425,NYSE-NGUP,23254,False
204425,NYSE-SIMP,23176,False
204425,NYSE-SIMP,23175,False
204425,NYSE-SIMP,23183,False
204425,NYSE-SIMP,23181,False
204425,NYSE-SIMP,23178,False
204425,NYSE-SIMP,23177,False
204425,NYSE-SIMP,23182,False
204425,NYSE-SIMP,23174,False
204425,NYSE-SIMP,23179,False
204425,NYSE-SIMP,23180,False
204425,NYSE-XFR,22318,False
204425,NYSE-XFR,22317,False
204425,NYSE-XFR,22315,False
204425,NYSE-XFR,22313,False
204425,NYSE-XFR,22321,False
204425,NYSE-XFR,22322,False
204425,NYSE-XFR,22320,False
204425,NYSE-XFR,22319,False
204425,NYSE-XFR,22314,False
204425,NYSE-XFR,22316,False
204425,NYSE-ZABA,22565,False
204425,NYSE-ZABA,22563,False
204425,NYSE-ZABA,22560,False
204425,NYSE-ZABA,22558,False
204425,NYSE-ZABA,22561,False
204425,NYSE-ZABA,22559,False
204425,NYSE-ZABA,22566,False
204425,NYSE-ZABA,22562,False
204425,NYSE-ZABA,22564,False
204425,NYSE-ZABA,22557,False
204523,NYSE-ETFA3,22545,False
204523,NYSE-ETFA3,22543,False
204523,NYSE-ETFA3,22542,False
204523,NYSE-ETFA3,22541,False
204523,NYSE-ETFA3,22540,False
204523,NYSE-ETFA3,22539,False
204523,NYSE-ETFA3,22548,False
204523,NYSE-ETFA3,22546,False
204523,NYSE-ETFA3,22547,False
204523,NYSE-ETFA3,22544,False
204523,NYSE-ETFA,22429,False
204523,NYSE-ETFA,22428,False
204523,NYSE-ETFA,22427,False
204523,NYSE-ETFA,22426,False
204523,NYSE-ETFA,22425,False
204523,NYSE-ETFA,22424,False
204523,NYSE-ETFA,22423,False
204523,NYSE-ETFA,22422,False
204523,NYSE-ETFA,22421,False
204523,NYSE-ETFA,22420,False
204524,NYSE-CARD,24880,False
204524,NYSE-CARD,24879,False
204524,NYSE-CARD,24878,False
204524,NYSE-CARD,24877,False
204524,NYSE-CARD,24876,False
204524,NYSE-CARD,24885,False
204524,NYSE-CARD,24884,False
204524,NYSE-CARD,24882,False
204524,NYSE-CARD,24883,False
204524,NYSE-CARD,24881,False
204524,NYSE-DDJH,22804,False
204524,NYSE-DDJH,22802,False
204524,NYSE-DDJH,22800,False
204524,NYSE-DDJH,22798,False
204524,NYSE-DDJH,22797,False
204524,NYSE-DDJH,22805,False
204524,NYSE-DDJH,22803,False
204524,NYSE-DDJH,22799,False
204524,NYSE-DDJH,22801,False
204524,NYSE-DDJH,22806,False
204524,NYSE-INA,22908,False
204524,NYSE-INA,22907,False
204524,NYSE-INA,22904,False
204524,NYSE-INA,22902,False
204524,NYSE-INA,22905,False
204524,NYSE-INA,22900,False
204524,NYSE-INA,22906,False
204524,NYSE-INA,22901,False
204524,NYSE-INA,22903,False
204524,NYSE-INA,22909,False
204524,NYSE-JNAF,22205,False
204524,NYSE-JNAF,22203,False
204524,NYSE-JNAF,22202,False
204524,NYSE-JNAF,22200,False
204524,NYSE-JNAF,22199,False
204524,NYSE-JNAF,22197,False
204524,NYSE-JNAF,22196,False
204524,NYSE-JNAF,22204,False
204524,NYSE-JNAF,22201,False
204524,NYSE-JNAF,22198,False
204524,NYSE-JZRO,23197,False
204524,NYSE-JZRO,23195,False
204524,NYSE-JZRO,23196,False
204524,NYSE-KRAS,22682,False
204524,NYSE-KRAS,22676,False
204524,NYSE-KRAS,22675,False
204524,NYSE-KRAS,22680,False
204524,NYSE-KRAS,22679,False
204524,NYSE-KRAS,22677,False
204524,NYSE-KRAS,22678,False
204524,NYSE-KRAS,22683,False
204524,NYSE-KRAS,22681,False
204524,NYSE-KRAS,22684,False
204524,NYSE-KTST,22882,False
204524,NYSE-KTST,22878,False
204524,NYSE-KTST,22877,False
204524,NYSE-KTST,22876,False
204524,NYSE-KTST,22874,False
204524,NYSE-KTST,22880,False
204524,NYSE-KTST,22879,False
204524,NYSE-KTST,22875,False
204524,NYSE-KTST,22881,False
204524,NYSE-KTST,22883,False
204524,NYSE-MDKA,22406,False
204524,NYSE-MDKA,22405,False
204524,NYSE-MDKA,22404,False
204524,NYSE-MDKA,22402,False
204524,NYSE-MDKA,22401,False
204524,NYSE-MDKA,22399,False
204524,NYSE-MDKA,22398,False
204524,NYSE-MDKA,22400,False
204524,NYSE-MDKA,22397,False
204524,NYSE-MDKA,22403,False
204525,NYSE-NGUP,23262,False
204525,NYSE-NGUP,23260,False
204525,NYSE-NGUP,23258,False
204525,NYSE-NGUP,23263,False
204525,NYSE-NGUP,23261,False
204525,NYSE-NGUP,23259,False
204525,NYSE-NGUP,23255,False
204525,NYSE-NGUP,23257,False
204525,NYSE-NGUP,23264,False
204525,NYSE-NGUP,23256,False
204525,NYSE-SIMP,23187,False
204525,NYSE-SIMP,23185,False
204525,NYSE-SIMP,23193,False
204525,NYSE-SIMP,23191,False
204525,NYSE-SIMP,23189,False
204525,NYSE-SIMP,23194,False
204525,NYSE-SIMP,23192,False
204525,NYSE-SIMP,23188,False
204525,NYSE-SIMP,23186,False
204525,NYSE-SIMP,23190,False
204525,NYSE-XFR,22332,False
204525,NYSE-XFR,22330,False
204525,NYSE-XFR,22328,False
204525,NYSE-XFR,22324,False
204525,NYSE-XFR,22326,False
204525,NYSE-XFR,22327,False
204525,NYSE-XFR,22325,False
204525,NYSE-XFR,22329,False
204525,NYSE-XFR,22333,False
204525,NYSE-XFR,22331,False
204525,NYSE-ZABA,22575,False
204525,NYSE-ZABA,22573,False
204525,NYSE-ZABA,22571,False
204525,NYSE-ZABA,22569,False
204525,NYSE-ZABA,22570,False
204525,NYSE-ZABA,22568,False
204525,NYSE-ZABA,22576,False
204525,NYSE-ZABA,22567,False
204525,NYSE-ZABA,22572,False
204525,NYSE-ZABA,22574,False
204550,NYSE-ETFA,22440,False
204561,NYSE-SIMP,23207,False
204561,NYSE-SIMP,23208,False
204561,NYSE-KTST,22896,False
204561,NYSE-CARD,24897,False
204561,NYSE-NGUP,23275,False
204623,NYSE-ETFA3,22557,False
204623,NYSE-ETFA3,22552,False
204623,NYSE-ETFA3,22551,False
204623,NYSE-ETFA3,22549,False
204623,NYSE-ETFA3,22554,False
204623,NYSE-ETFA3,22555,False
204623,NYSE-ETFA3,22556,False
204624,NYSE-ETFA3,22558,False
204624,NYSE-ETFA3,22553,False
204624,NYSE-ETFA,22439,False
204624,NYSE-ETFA,22438,False
204624,NYSE-ETFA,22436,False
204624,NYSE-ETFA,22435,False
204624,NYSE-ETFA,22434,False
204624,NYSE-ETFA,22432,False
204624,NYSE-ETFA,22431,False
204624,NYSE-ETFA,22430,False
204624,NYSE-ETFA,22437,False
204624,NYSE-ETFA,22433,False
204625,NYSE-CARD,24892,False
204625,NYSE-CARD,24891,False
204625,NYSE-CARD,24890,False
204625,NYSE-CARD,24888,False
204625,NYSE-CARD,24887,False
204625,NYSE-CARD,24886,False
204625,NYSE-CARD,24894,False
204625,NYSE-CARD,24893,False
204625,NYSE-CARD,24895,False
204625,NYSE-CARD,24889,False
204625,NYSE-DDJH,22817,False
204625,NYSE-DDJH,22815,False
204625,NYSE-DDJH,22811,False
204625,NYSE-DDJH,22809,False
204625,NYSE-DDJH,22808,False
204625,NYSE-DDJH,22813,False
204625,NYSE-DDJH,22816,False
204625,NYSE-DDJH,22814,False
204625,NYSE-DDJH,22812,False
204625,NYSE-DDJH,22810,False
204625,NYSE-INA,22918,False
204625,NYSE-INA,22915,False
204625,NYSE-INA,22912,False
204625,NYSE-INA,22910,False
204625,NYSE-INA,22916,False
204625,NYSE-INA,22919,False
204625,NYSE-INA,22913,False
204625,NYSE-INA,22914,False
204625,NYSE-INA,22917,False
204625,NYSE-JNAF,22215,False
204625,NYSE-JNAF,22211,False
204625,NYSE-JNAF,22212,False
204625,NYSE-JNAF,22210,False
204625,NYSE-JNAF,22208,False
204625,NYSE-JNAF,22206,False
204625,NYSE-JNAF,22209,False
204625,NYSE-JNAF,22213,False
204625,NYSE-JNAF,22214,False
204625,NYSE-JZRO,23207,False
204625,NYSE-JZRO,23205,False
204625,NYSE-JZRO,23206,False
204625,NYSE-KRAS,22692,False
204625,NYSE-KRAS,22690,False
204625,NYSE-KRAS,22689,False
204625,NYSE-KRAS,22688,False
204625,NYSE-KRAS,22687,False
204625,NYSE-KRAS,22685,False
204625,NYSE-KRAS,22691,False
204625,NYSE-KRAS,22693,False
204625,NYSE-KRAS,22686,False
204625,NYSE-KRAS,22694,False
204625,NYSE-KTST,22891,False
204625,NYSE-KTST,22889,False
204625,NYSE-KTST,22887,False
204625,NYSE-KTST,22886,False
204625,NYSE-KTST,22884,False
204625,NYSE-KTST,22893,False
204625,NYSE-KTST,22888,False
204625,NYSE-KTST,22885,False
204625,NYSE-KTST,22890,False
204625,NYSE-KTST,22892,False
204626,NYSE-MDKA,22416,False
204626,NYSE-MDKA,22413,False
204626,NYSE-MDKA,22411,False
204626,NYSE-MDKA,22410,False
204626,NYSE-MDKA,22408,False
204626,NYSE-MDKA,22407,False
204626,NYSE-MDKA,22415,False
204626,NYSE-MDKA,22409,False
204626,NYSE-MDKA,22414,False
204626,NYSE-MDKA,22412,False
204626,NYSE-NGUP,23274,False
204626,NYSE-NGUP,23271,False
204626,NYSE-NGUP,23268,False
204626,NYSE-NGUP,23266,False
204626,NYSE-NGUP,23273,False
204626,NYSE-NGUP,23269,False
204626,NYSE-NGUP,23267,False
204626,NYSE-NGUP,23265,False
204626,NYSE-NGUP,23272,False
204626,NYSE-NGUP,23270,False
204626,NYSE-SIMP,23197,False
204626,NYSE-SIMP,23195,False
204626,NYSE-SIMP,23203,False
204626,NYSE-SIMP,23201,False
204626,NYSE-SIMP,23199,False
204626,NYSE-SIMP,23200,False
204626,NYSE-SIMP,23198,False
204626,NYSE-SIMP,23196,False
204626,NYSE-SIMP,23204,False
204626,NYSE-SIMP,23202,False
204626,NYSE-XFR,22343,False
204626,NYSE-XFR,22342,False
204626,NYSE-XFR,22339,False
204626,NYSE-XFR,22341,False
204626,NYSE-XFR,22340,False
204626,NYSE-XFR,22337,False
204626,NYSE-XFR,22338,False
204626,NYSE-XFR,22336,False
204626,NYSE-XFR,22334,False
204626,NYSE-ZABA,22587,False
204626,NYSE-ZABA,22585,False
204626,NYSE-ZABA,22583,False
204626,NYSE-ZABA,22581,False
204626,NYSE-ZABA,22586,False
204626,NYSE-ZABA,22584,False
204626,NYSE-ZABA,22582,False
204626,NYSE-ZABA,22578,False
204626,NYSE-ZABA,22580,False
204722,NYSE-ETFA,22453,False
204722,NYSE-SIMP,23220,False
204723,NYSE-ETFA3,22570,False
204723,NYSE-ETFA3,22569,False
204723,NYSE-ETFA3,22568,False
204723,NYSE-ETFA3,22566,False
204723,NYSE-ETFA3,22564,False
204723,NYSE-ETFA3,22561,False
204723,NYSE-ETFA3,22562,False
204723,NYSE-ETFA3,22565,False
204723,NYSE-ETFA3,22567,False
204723,NYSE-ETFA3,22563,False
204723,NYSE-ETFA,22451,False
204723,NYSE-ETFA,22450,False
204723,NYSE-ETFA,22448,False
204723,NYSE-ETFA,22447,False
204723,NYSE-ETFA,22446,False
204723,NYSE-ETFA,22445,False
204723,NYSE-ETFA,22444,False
204723,NYSE-ETFA,22443,False
204723,NYSE-ETFA,22442,False
204723,NYSE-ETFA,22449,False
204724,NYSE-CARD,24900,False
204724,NYSE-CARD,24908,False
204724,NYSE-CARD,24907,False
204724,NYSE-CARD,24906,False
204724,NYSE-CARD,24905,False
204724,NYSE-CARD,24903,False
204724,NYSE-CARD,24909,False
204724,NYSE-CARD,24901,False
204724,NYSE-CARD,24904,False
204724,NYSE-CARD,24902,False
204724,NYSE-DDJH,22826,False
204724,NYSE-DDJH,22824,False
204724,NYSE-DDJH,22822,False
204724,NYSE-DDJH,22819,False
204724,NYSE-DDJH,22818,False
204724,NYSE-DDJH,22823,False
204724,NYSE-DDJH,22827,False
204724,NYSE-DDJH,22825,False
204724,NYSE-DDJH,22821,False
204724,NYSE-DDJH,22820,False
204724,NYSE-INA,22931,False
204724,NYSE-INA,22929,False
204724,NYSE-INA,22927,False
204724,NYSE-INA,22926,False
204724,NYSE-INA,22933,False
204724,NYSE-INA,22928,False
204724,NYSE-INA,22925,False
204724,NYSE-INA,22930,False
204724,NYSE-INA,22932,False
204724,NYSE-INA,22934,False
204724,NYSE-JNAF,22227,False
204724,NYSE-JNAF,22223,False
204724,NYSE-JNAF,22220,False
204724,NYSE-JNAF,22228,False
204724,NYSE-JNAF,22226,False
204724,NYSE-JNAF,22224,False
204724,NYSE-JNAF,22222,False
204724,NYSE-JNAF,22221,False
204724,NYSE-JNAF,22225,False
204724,NYSE-JNAF,22219,False
204724,NYSE-JZRO,23220,False
204724,NYSE-KRAS,22705,False
204724,NYSE-KRAS,22703,False
204724,NYSE-KRAS,22701,False
204724,NYSE-KRAS,22700,False
204724,NYSE-KRAS,22699,False
204724,NYSE-KRAS,22698,False
204724,NYSE-KRAS,22702,False
204724,NYSE-KRAS,22697,False
204724,NYSE-KRAS,22704,False
204724,NYSE-KRAS,22696,False
204724,NYSE-KTST,22907,False
204724,NYSE-KTST,22904,False
204724,NYSE-KTST,22902,False
204724,NYSE-KTST,22899,False
204724,NYSE-KTST,22905,False
204724,NYSE-KTST,22900,False
204724,NYSE-KTST,22906,False
204724,NYSE-KTST,22898,False
204724,NYSE-KTST,22901,False
204724,NYSE-KTST,22903,False
204724,NYSE-MDKA,22421,False
204724,NYSE-MDKA,22420,False
204724,NYSE-MDKA,22419,False
204724,NYSE-MDKA,22418,False
204724,NYSE-MDKA,22417,False
204724,NYSE-MDKA,22426,False
204724,NYSE-MDKA,22424,False
204724,NYSE-MDKA,22422,False
204724,NYSE-MDKA,22423,False
204724,NYSE-MDKA,22425,False
204724,NYSE-NGUP,23288,False
204724,NYSE-NGUP,23287,False
204724,NYSE-NGUP,23285,False
204724,NYSE-NGUP,23283,False
204724,NYSE-NGUP,23281,False
204724,NYSE-NGUP,23280,False
204724,NYSE-NGUP,23279,False
204724,NYSE-NGUP,23282,False
204724,NYSE-NGUP,23284,False
204724,NYSE-NGUP,23286,False
204725,NYSE-SIMP,23218,False
204725,NYSE-SIMP,23211,False
204725,NYSE-SIMP,23219,False
204725,NYSE-SIMP,23215,False
204725,NYSE-SIMP,23213,False
204725,NYSE-SIMP,23214,False
204725,NYSE-SIMP,23212,False
204725,NYSE-SIMP,23217,False
204725,NYSE-SIMP,23216,False
204725,NYSE-SIMP,23210,False
204725,NYSE-XFR,22354,False
204725,NYSE-XFR,22352,False
204725,NYSE-XFR,22350,False
204725,NYSE-XFR,22349,False
204725,NYSE-XFR,22347,False
204725,NYSE-XFR,22346,False
204725,NYSE-XFR,22348,False
204725,NYSE-XFR,22355,False
204725,NYSE-XFR,22351,False
204725,NYSE-XFR,22353,False
204725,NYSE-ZABA,22599,False
204725,NYSE-ZABA,22595,False
204725,NYSE-ZABA,22594,False
204725,NYSE-ZABA,22592,False
204725,NYSE-ZABA,22597,False
204725,NYSE-ZABA,22598,False
204725,NYSE-ZABA,22596,False
204725,NYSE-ZABA,22591,False
204725,NYSE-ZABA,22590,False
204725,NYSE-ZABA,22593,False
204767,NYSE-CARD,24920,False
204822,NYSE-ETFA3,22580,False
204823,NYSE-ETFA3,22578,False
204823,NYSE-ETFA3,22576,False
204823,NYSE-ETFA3,22574,False
204823,NYSE-ETFA3,22575,False
204823,NYSE-ETFA3,22577,False
204823,NYSE-ETFA3,22579,False
204823,NYSE-ETFA3,22571,False
204823,NYSE-ETFA3,22573,False
204823,NYSE-ETFA,22463,False
204823,NYSE-ETFA,22462,False
204823,NYSE-ETFA,22460,False
204823,NYSE-ETFA,22459,False
204823,NYSE-ETFA,22458,False
204823,NYSE-ETFA,22457,False
204823,NYSE-ETFA,22456,False
204823,NYSE-ETFA,22455,False
204823,NYSE-ETFA,22454,False
204823,NYSE-ETFA,22461,False
204823,NYSE-CARD,24910,False
204823,NYSE-CARD,24919,False
204823,NYSE-CARD,24918,False
204823,NYSE-CARD,24917,False
204823,NYSE-CARD,24916,False
204823,NYSE-CARD,24913,False
204823,NYSE-CARD,24911,False
204823,NYSE-CARD,24915,False
204823,NYSE-CARD,24914,False
204823,NYSE-CARD,24912,False
204823,NYSE-DDJH,22834,False
204823,NYSE-DDJH,22832,False
204823,NYSE-DDJH,22830,False
204823,NYSE-DDJH,22828,False
204823,NYSE-DDJH,22836,False
204823,NYSE-DDJH,22835,False
204823,NYSE-DDJH,22837,False
204823,NYSE-DDJH,22829,False
204823,NYSE-DDJH,22833,False
204823,NYSE-DDJH,22831,False
204823,NYSE-INA,22944,False
204823,NYSE-INA,22942,False
204823,NYSE-INA,22940,False
204823,NYSE-INA,22938,False
204823,NYSE-INA,22943,False
204823,NYSE-INA,22945,False
204823,NYSE-INA,22937,False
204823,NYSE-INA,22939,False
204823,NYSE-INA,22936,False
204823,NYSE-INA,22941,False
204823,NYSE-JNAF,22237,False
204823,NYSE-JNAF,22236,False
204823,NYSE-JNAF,22235,False
204823,NYSE-JNAF,22233,False
204823,NYSE-JNAF,22231,False
204823,NYSE-JNAF,22229,False
204823,NYSE-JNAF,22234,False
204823,NYSE-JNAF,22232,False
204823,NYSE-JNAF,22238,False
204823,NYSE-JNAF,22230,False
204824,NYSE-JZRO,23231,False
204824,NYSE-KRAS,22717,False
204824,NYSE-KRAS,22716,False
204824,NYSE-KRAS,22714,False
204824,NYSE-KRAS,22709,False
204824,NYSE-KRAS,22713,False
204824,NYSE-KRAS,22711,False
204824,NYSE-KRAS,22715,False
204824,NYSE-KRAS,22710,False
204824,NYSE-KRAS,22708,False
204824,NYSE-KRAS,22712,False
204824,NYSE-KTST,22918,False
204824,NYSE-KTST,22915,False
204824,NYSE-KTST,22912,False
204824,NYSE-KTST,22910,False
204824,NYSE-KTST,22916,False
204824,NYSE-KTST,22911,False
204824,NYSE-KTST,22919,False
204824,NYSE-KTST,22913,False
204824,NYSE-KTST,22914,False
204824,NYSE-KTST,22917,False
204824,NYSE-MDKA,22436,False
204824,NYSE-MDKA,22435,False
204824,NYSE-MDKA,22433,False
204824,NYSE-MDKA,22432,False
204824,NYSE-MDKA,22431,False
204824,NYSE-MDKA,22429,False
204824,NYSE-MDKA,22428,False
204824,NYSE-MDKA,22430,False
204824,NYSE-MDKA,22427,False
204824,NYSE-MDKA,22434,False
204824,NYSE-NGUP,23299,False
204824,NYSE-NGUP,23298,False
204824,NYSE-NGUP,23296,False
204824,NYSE-NGUP,23294,False
204824,NYSE-NGUP,23292,False
204824,NYSE-NGUP,23291,False
204824,NYSE-NGUP,23290,False
204824,NYSE-NGUP,23295,False
204824,NYSE-NGUP,23297,False
204824,NYSE-NGUP,23293,False
204824,NYSE-SIMP,23221,False
204824,NYSE-SIMP,23230,False
204824,NYSE-SIMP,23226,False
204824,NYSE-SIMP,23228,False
204824,NYSE-SIMP,23223,False
204824,NYSE-SIMP,23229,False
204824,NYSE-SIMP,23227,False
204824,NYSE-SIMP,23225,False
204824,NYSE-SIMP,23224,False
204824,NYSE-SIMP,23222,False
204824,NYSE-XFR,22366,False
204824,NYSE-XFR,22364,False
204824,NYSE-XFR,22362,False
204824,NYSE-XFR,22360,False
204824,NYSE-XFR,22358,False
204824,NYSE-XFR,22357,False
204824,NYSE-XFR,22359,False
204824,NYSE-XFR,22365,False
204824,NYSE-XFR,22363,False
204824,NYSE-XFR,22361,False
204824,NYSE-ZABA,22609,False
204824,NYSE-ZABA,22607,False
204824,NYSE-ZABA,22605,False
204824,NYSE-ZABA,22603,False
204824,NYSE-ZABA,22601,False
204824,NYSE-ZABA,22606,False
204824,NYSE-ZABA,22610,False
204824,NYSE-ZABA,22608,False
204824,NYSE-ZABA,22602,False
204824,NYSE-ZABA,22604,False
204829,NYSE-SIMP,23242,False
204829,NYSE-NGUP,23311,False
204829,NYSE-XFR,22378,False
204829,NYSE-JNAF,22252,False
204829,NYSE-ZABA,22623,False
204856,NYSE-CARD,24933,False
204856,NYSE-SIMP,23247,False
204856,NYSE-NGUP,23314,False
204856,NYSE-XFR,22382,False
204856,NYSE-JNAF,22253,False
204871,NYSE-ETFA,22475,False
204871,NYSE-JZRO,23245,False
204871,NYSE-NGUP,23317,False
204880,NYSE-SIMP,23249,False
204880,NYSE-KRAS,22733,False
204923,NYSE-ETFA3,22591,False
204923,NYSE-ETFA3,22590,False
204923,NYSE-ETFA3,22588,False
204923,NYSE-ETFA3,22586,False
204923,NYSE-ETFA3,22584,False
204923,NYSE-ETFA3,22582,False
204923,NYSE-ETFA3,22585,False
204923,NYSE-ETFA3,22587,False
204924,NYSE-ETFA3,22589,False
204924,NYSE-ETFA,22474,False
204924,NYSE-ETFA,22472,False
204924,NYSE-ETFA,22471,False
204924,NYSE-ETFA,22470,False
204924,NYSE-ETFA,22469,False
204924,NYSE-ETFA,22468,False
204924,NYSE-ETFA,22467,False
204924,NYSE-ETFA,22466,False
204924,NYSE-ETFA,22465,False
204924,NYSE-ETFA,22473,False
204925,NYSE-CARD,24925,False
204925,NYSE-CARD,24923,False
204925,NYSE-CARD,24921,False
204925,NYSE-CARD,24927,False
204925,NYSE-CARD,24929,False
204925,NYSE-CARD,24922,False
204925,NYSE-CARD,24924,False
204925,NYSE-CARD,24928,False
204925,NYSE-CARD,24926,False
204925,NYSE-CARD,24930,False
204926,NYSE-DDJH,22848,False
204926,NYSE-DDJH,22844,False
204926,NYSE-DDJH,22842,False
204926,NYSE-DDJH,22846,False
204926,NYSE-DDJH,22845,False
204926,NYSE-DDJH,22843,False
204926,NYSE-DDJH,22839,False
204926,NYSE-DDJH,22841,False
204926,NYSE-DDJH,22847,False
204926,NYSE-DDJH,22840,False
204926,NYSE-INA,22958,False
204926,NYSE-INA,22956,False
204926,NYSE-INA,22954,False
204926,NYSE-INA,22952,False
204926,NYSE-INA,22949,False
204926,NYSE-INA,22951,False
204926,NYSE-INA,22953,False
204926,NYSE-INA,22955,False
204926,NYSE-INA,22957,False
204926,NYSE-JNAF,22251,False
204926,NYSE-JNAF,22250,False
204926,NYSE-JNAF,22246,False
204926,NYSE-JNAF,22245,False
204926,NYSE-JNAF,22244,False
204926,NYSE-JNAF,22242,False
204926,NYSE-JNAF,22249,False
204926,NYSE-JNAF,22243,False
204926,NYSE-JNAF,22247,False
204926,NYSE-JNAF,22248,False
204926,NYSE-JZRO,22668,False
204926,NYSE-JZRO,22670,False
204926,NYSE-KRAS,22727,False
204926,NYSE-KRAS,22725,False
204926,NYSE-KRAS,22722,False
204926,NYSE-KRAS,22721,False
204926,NYSE-KRAS,22720,False
204926,NYSE-KRAS,22719,False
204926,NYSE-KRAS,22726,False
204926,NYSE-KRAS,22723,False
204926,NYSE-KRAS,22724,False
204926,NYSE-KRAS,22728,False
204926,NYSE-KTST,22929,False
204926,NYSE-KTST,22927,False
204926,NYSE-KTST,22926,False
204926,NYSE-KTST,22924,False
204926,NYSE-KTST,22920,False
204926,NYSE-KTST,22922,False
204926,NYSE-KTST,22928,False
204926,NYSE-KTST,22923,False
204926,NYSE-KTST,22921,False
204926,NYSE-KTST,22925,False
204926,NYSE-MDKA,22445,False
204926,NYSE-MDKA,22444,False
204926,NYSE-MDKA,22443,False
204926,NYSE-MDKA,22442,False
204926,NYSE-MDKA,22441,False
204926,NYSE-MDKA,22439,False
204926,NYSE-MDKA,22447,False
204926,NYSE-MDKA,22448,False
204926,NYSE-MDKA,22446,False
204926,NYSE-NGUP,23309,False
204926,NYSE-NGUP,23308,False
204926,NYSE-NGUP,23306,False
204926,NYSE-NGUP,23305,False
204926,NYSE-NGUP,23303,False
204926,NYSE-NGUP,23302,False
204926,NYSE-NGUP,23301,False
204926,NYSE-NGUP,23304,False
204926,NYSE-NGUP,23310,False
204926,NYSE-NGUP,23307,False
204926,NYSE-SIMP,23232,False
204926,NYSE-SIMP,23241,False
204926,NYSE-SIMP,23239,False
204926,NYSE-SIMP,23236,False
204926,NYSE-SIMP,23234,False
204926,NYSE-SIMP,23237,False
204926,NYSE-SIMP,23240,False
204927,NYSE-SIMP,23238,False
204927,NYSE-SIMP,23235,False
204927,NYSE-SIMP,23233,False
204927,NYSE-XFR,22377,False
204927,NYSE-XFR,22376,False
204927,NYSE-XFR,22375,False
204927,NYSE-XFR,22373,False
204927,NYSE-XFR,22372,False
204927,NYSE-XFR,22371,False
204927,NYSE-XFR,22370,False
204927,NYSE-XFR,22369,False
204927,NYSE-XFR,22368,False
204927,NYSE-XFR,22374,False
204927,NYSE-ZABA,22621,False
204927,NYSE-ZABA,22620,False
204927,NYSE-ZABA,22619,False
204927,NYSE-ZABA,22618,False
204927,NYSE-ZABA,22617,False
204927,NYSE-ZABA,22615,False
204927,NYSE-ZABA,22613,False
204927,NYSE-ZABA,22622,False
204927,NYSE-ZABA,22616,False
204927,NYSE-SIMP,23262,False
205023,NYSE-ETFA3,22603,False
205023,NYSE-ETFA3,22602,False
205023,NYSE-ETFA3,22601,False
205023,NYSE-ETFA3,22599,False
205023,NYSE-ETFA3,22597,False
205023,NYSE-ETFA3,22595,False
205023,NYSE-ETFA3,22594,False
205023,NYSE-ETFA3,22596,False
205023,NYSE-ETFA3,22598,False
205023,NYSE-ETFA3,22600,False
205023,NYSE-ETFA,22484,False
205023,NYSE-ETFA,22482,False
205023,NYSE-ETFA,22481,False
205023,NYSE-ETFA,22480,False
205023,NYSE-ETFA,22479,False
205023,NYSE-ETFA,22478,False
205023,NYSE-ETFA,22477,False
205023,NYSE-ETFA,22476,False
205023,NYSE-ETFA,22485,False
205023,NYSE-ETFA,22483,False
205023,NYSE-CARD,24945,False
205024,NYSE-CARD,24943,False
205024,NYSE-CARD,24940,False
205024,NYSE-CARD,24939,False
205024,NYSE-CARD,24938,False
205024,NYSE-CARD,24937,False
205024,NYSE-CARD,24944,False
205024,NYSE-CARD,24941,False
205024,NYSE-CARD,24942,False
205024,NYSE-CARD,24946,False
205024,NYSE-DDJH,22861,False
205024,NYSE-DDJH,22860,False
205024,NYSE-DDJH,22859,False
205024,NYSE-DDJH,22856,False
205024,NYSE-DDJH,22854,False
205024,NYSE-DDJH,22858,False
205024,NYSE-DDJH,22852,False
205024,NYSE-DDJH,22853,False
205024,NYSE-DDJH,22855,False
205024,NYSE-DDJH,22857,False
205024,NYSE-INA,22971,False
205024,NYSE-INA,22967,False
205024,NYSE-INA,22965,False
205024,NYSE-INA,22973,False
205024,NYSE-INA,22969,False
205024,NYSE-INA,22974,False
205024,NYSE-INA,22970,False
205024,NYSE-INA,22972,False
205024,NYSE-INA,22968,False
205024,NYSE-INA,22966,False
205024,NYSE-JNAF,22264,False
205024,NYSE-JNAF,22263,False
205024,NYSE-JNAF,22262,False
205024,NYSE-JNAF,22261,False
205024,NYSE-JNAF,22260,False
205024,NYSE-JNAF,22258,False
205024,NYSE-JNAF,22257,False
205024,NYSE-JNAF,22256,False
205024,NYSE-JNAF,22255,False
205024,NYSE-JNAF,22259,False
205024,NYSE-JZRO,23250,False
205024,NYSE-JZRO,23248,False
205024,NYSE-JZRO,23249,False
205024,NYSE-KRAS,22741,False
205024,NYSE-KRAS,22739,False
205024,NYSE-KRAS,22737,False
205024,NYSE-KRAS,22742,False
205024,NYSE-KRAS,22740,False
205024,NYSE-KRAS,22738,False
205024,NYSE-KRAS,22736,False
205024,NYSE-KRAS,22744,False
205024,NYSE-KRAS,22743,False
205024,NYSE-KRAS,22745,False
205024,NYSE-KTST,22943,False
205024,NYSE-KTST,22942,False
205024,NYSE-KTST,22940,False
205024,NYSE-KTST,22938,False
205024,NYSE-KTST,22935,False
205024,NYSE-KTST,22937,False
205024,NYSE-KTST,22939,False
205024,NYSE-KTST,22934,False
205024,NYSE-KTST,22936,False
205024,NYSE-KTST,22941,False
205024,NYSE-MDKA,22457,False
205024,NYSE-MDKA,22455,False
205024,NYSE-MDKA,22454,False
205024,NYSE-MDKA,22453,False
205024,NYSE-MDKA,22452,False
205024,NYSE-MDKA,22459,False
205024,NYSE-MDKA,22451,False
205024,NYSE-MDKA,22456,False
205024,NYSE-MDKA,22458,False
205024,NYSE-MDKA,22460,False
205024,NYSE-NGUP,23326,False
205024,NYSE-NGUP,23324,False
205024,NYSE-NGUP,23320,False
205024,NYSE-NGUP,23329,False
205024,NYSE-NGUP,23327,False
205024,NYSE-NGUP,23321,False
205024,NYSE-NGUP,23325,False
205024,NYSE-NGUP,23322,False
205024,NYSE-NGUP,23323,False
205024,NYSE-NGUP,23328,False
205024,NYSE-SIMP,23258,False
205024,NYSE-SIMP,23252,False
205024,NYSE-SIMP,23255,False
205024,NYSE-SIMP,23253,False
205024,NYSE-SIMP,23251,False
205024,NYSE-SIMP,23257,False
205024,NYSE-SIMP,23256,False
205024,NYSE-SIMP,23254,False
205024,NYSE-XFR,22394,False
205024,NYSE-XFR,22393,False
205024,NYSE-XFR,22389,False
205024,NYSE-XFR,22387,False
205024,NYSE-XFR,22385,False
205024,NYSE-XFR,22391,False
205024,NYSE-XFR,22386,False
205024,NYSE-XFR,22388,False
205024,NYSE-XFR,22390,False
205024,NYSE-XFR,22392,False
205024,NYSE-ZABA,22639,False
205024,NYSE-ZABA,22638,False
205024,NYSE-ZABA,22637,False
205024,NYSE-ZABA,22635,False
205024,NYSE-ZABA,22634,False
205025,NYSE-ZABA,22633,False
205025,NYSE-ZABA,22632,False
205025,NYSE-ZABA,22630,False
205025,NYSE-ZABA,22631,False
205025,NYSE-ZABA,22636,False
205028,NYSE-ETFA,22496,False
205028,NYSE-KTST,22955,False
205028,NYSE-ETFA,22497,False
205028,NYSE-KTST,22956,False
205028,NYSE-SIMP,23273,False
205029,NYSE-JZRO,23269,False
205123,NYSE-ETFA3,22614,False
205123,NYSE-ETFA3,22612,False
205123,NYSE-ETFA3,22609,False
205123,NYSE-ETFA3,22605,False
205123,NYSE-ETFA3,22606,False
205123,NYSE-ETFA3,22607,False
205123,NYSE-ETFA3,22608,False
205123,NYSE-ETFA3,22610,False
205123,NYSE-ETFA3,22611,False
205123,NYSE-ETFA3,22613,False
205124,NYSE-ETFA,22492,False
205124,NYSE-ETFA,22491,False
205124,NYSE-ETFA,22490,False
205124,NYSE-ETFA,22489,False
205124,NYSE-ETFA,22488,False
205124,NYSE-ETFA,22486,False
205124,NYSE-ETFA,22487,False
205124,NYSE-ETFA,22494,False
205124,NYSE-ETFA,22495,False
205124,NYSE-ETFA,22493,False
205124,NYSE-CARD,24953,False
205124,NYSE-CARD,24952,False
205124,NYSE-CARD,24950,False
205124,NYSE-CARD,24949,False
205124,NYSE-CARD,24957,False
205124,NYSE-CARD,24955,False
205124,NYSE-CARD,24956,False
205124,NYSE-CARD,24954,False
205124,NYSE-CARD,24951,False
205124,NYSE-CARD,24948,False
205124,NYSE-DDJH,22864,False
205124,NYSE-DDJH,22862,False
205124,NYSE-DDJH,22865,False
205124,NYSE-DDJH,22867,False
205124,NYSE-DDJH,22869,False
205124,NYSE-DDJH,22871,False
205124,NYSE-DDJH,22863,False
205124,NYSE-DDJH,22866,False
205124,NYSE-DDJH,22868,False
205124,NYSE-DDJH,22870,False
205124,NYSE-INA,22983,False
205124,NYSE-INA,22981,False
205124,NYSE-INA,22979,False
205124,NYSE-INA,22987,False
205124,NYSE-INA,22980,False
205124,NYSE-INA,22985,False
205124,NYSE-INA,22978,False
205124,NYSE-INA,22986,False
205124,NYSE-INA,22982,False
205124,NYSE-INA,22984,False
205124,NYSE-JNAF,22275,False
205124,NYSE-JNAF,22274,False
205124,NYSE-JNAF,22273,False
205124,NYSE-JNAF,22270,False
205124,NYSE-JNAF,22269,False
205124,NYSE-JNAF,22268,False
205124,NYSE-JNAF,22267,False
205124,NYSE-JNAF,22272,False
205125,NYSE-JNAF,22276,False
205125,NYSE-JNAF,22271,False
205125,NYSE-JZRO,23261,False
205125,NYSE-JZRO,23259,False
205125,NYSE-KRAS,22756,False
205125,NYSE-KRAS,22754,False
205125,NYSE-KRAS,22753,False
205125,NYSE-KRAS,22752,False
205125,NYSE-KRAS,22751,False
205125,NYSE-KRAS,22750,False
205125,NYSE-KRAS,22749,False
205125,NYSE-KRAS,22748,False
205125,NYSE-KRAS,22747,False
205125,NYSE-KRAS,22755,False
205125,NYSE-KTST,22954,False
205125,NYSE-KTST,22952,False
205125,NYSE-KTST,22949,False
205125,NYSE-KTST,22948,False
205125,NYSE-KTST,22946,False
205125,NYSE-KTST,22945,False
205125,NYSE-KTST,22947,False
205125,NYSE-KTST,22950,False
205125,NYSE-KTST,22951,False
205125,NYSE-KTST,22953,False
205125,NYSE-MDKA,22470,False
205125,NYSE-MDKA,22469,False
205125,NYSE-MDKA,22467,False
205125,NYSE-MDKA,22464,False
205125,NYSE-MDKA,22462,False
205125,NYSE-MDKA,22461,False
205125,NYSE-MDKA,22468,False
205125,NYSE-MDKA,22466,False
205125,NYSE-MDKA,22463,False
205125,NYSE-MDKA,22465,False
205125,NYSE-NGUP,23338,False
205125,NYSE-NGUP,23336,False
205125,NYSE-NGUP,23332,False
205125,NYSE-NGUP,23337,False
205125,NYSE-NGUP,23335,False
205125,NYSE-NGUP,23333,False
205125,NYSE-NGUP,23331,False
205125,NYSE-NGUP,23330,False
205125,NYSE-NGUP,23339,False
205125,NYSE-NGUP,23334,False
205125,NYSE-SIMP,23268,False
205125,NYSE-SIMP,23266,False
205125,NYSE-SIMP,23269,False
205125,NYSE-SIMP,23267,False
205125,NYSE-SIMP,23265,False
205125,NYSE-SIMP,23263,False
205125,NYSE-SIMP,23270,False
205125,NYSE-SIMP,23264,False
205125,NYSE-XFR,22408,False
205125,NYSE-XFR,22407,False
205125,NYSE-XFR,22406,False
205125,NYSE-XFR,22405,False
205125,NYSE-XFR,22404,False
205125,NYSE-XFR,22402,False
205125,NYSE-XFR,22401,False
205125,NYSE-XFR,22399,False
205125,NYSE-XFR,22400,False
205125,NYSE-XFR,22403,False
205126,NYSE-ZABA,22650,False
205126,NYSE-ZABA,22649,False
205126,NYSE-ZABA,22647,False
205126,NYSE-ZABA,22645,False
205126,NYSE-ZABA,22644,False
205126,NYSE-ZABA,22643,False
205126,NYSE-ZABA,22641,False
205126,NYSE-ZABA,22646,False
205126,NYSE-ZABA,22642,False
205126,NYSE-ZABA,22648,False
205203,NYSE-ETFA,22508,False
205204,NYSE-KTST,22970,False
205204,NYSE-XFR,22421,False
205210,NYSE-JZRO,22692,False
205210,NYSE-JZRO,22694,False
205223,NYSE-ETFA3,22625,False
205223,NYSE-ETFA3,22623,False
205223,NYSE-ETFA3,22622,False
205223,NYSE-ETFA3,22620,False
205223,NYSE-ETFA3,22618,False
205223,NYSE-ETFA3,22616,False
205223,NYSE-ETFA3,22619,False
205223,NYSE-ETFA3,22621,False
205223,NYSE-ETFA3,22624,False
205223,NYSE-ETFA3,22617,False
205223,NYSE-ETFA,22506,False
205223,NYSE-ETFA,22502,False
205223,NYSE-ETFA,22501,False
205223,NYSE-ETFA,22500,False
205223,NYSE-ETFA,22499,False
205223,NYSE-ETFA,22498,False
205224,NYSE-ETFA,22507,False
205224,NYSE-ETFA,22505,False
205224,NYSE-ETFA,22503,False
205224,NYSE-ETFA,22504,False
205224,NYSE-CARD,24964,False
205224,NYSE-CARD,24959,False
205224,NYSE-CARD,24968,False
205224,NYSE-CARD,24967,False
205224,NYSE-CARD,24966,False
205224,NYSE-CARD,24965,False
205224,NYSE-CARD,24960,False
205224,NYSE-CARD,24962,False
205224,NYSE-CARD,24961,False
205224,NYSE-CARD,24963,False
205224,NYSE-DDJH,22878,False
205224,NYSE-DDJH,22877,False
205224,NYSE-DDJH,22876,False
205224,NYSE-DDJH,22874,False
205224,NYSE-DDJH,22873,False
205224,NYSE-DDJH,22872,False
205224,NYSE-DDJH,22880,False
205224,NYSE-DDJH,22879,False
205224,NYSE-DDJH,22875,False
205224,NYSE-DDJH,22881,False
205224,NYSE-INA,22998,False
205224,NYSE-INA,22994,False
205224,NYSE-INA,22991,False
205224,NYSE-INA,22997,False
205224,NYSE-INA,22996,False
205224,NYSE-INA,22989,False
205224,NYSE-INA,22992,False
205224,NYSE-INA,22993,False
205224,NYSE-INA,22990,False
205224,NYSE-INA,22995,False
205224,NYSE-JNAF,22286,False
205224,NYSE-JNAF,22283,False
205224,NYSE-JNAF,22281,False
205224,NYSE-JNAF,22280,False
205224,NYSE-JNAF,22279,False
205224,NYSE-JNAF,22278,False
205224,NYSE-JNAF,22284,False
205224,NYSE-JNAF,22282,False
205224,NYSE-JNAF,22285,False
205224,NYSE-JNAF,22287,False
205225,NYSE-JZRO,23271,False
205225,NYSE-JZRO,23277,False
205225,NYSE-JZRO,23273,False
205225,NYSE-JZRO,23275,False
205225,NYSE-KRAS,22766,False
205225,NYSE-KRAS,22762,False
205225,NYSE-KRAS,22760,False
205225,NYSE-KRAS,22758,False
205225,NYSE-KRAS,22764,False
205225,NYSE-KRAS,22767,False
205225,NYSE-KRAS,22763,False
205225,NYSE-KRAS,22759,False
205225,NYSE-KRAS,22765,False
205225,NYSE-KRAS,22761,False
205225,NYSE-KTST,22967,False
205225,NYSE-KTST,22965,False
205225,NYSE-KTST,22963,False
205225,NYSE-KTST,22961,False
205225,NYSE-KTST,22959,False
205225,NYSE-KTST,22962,False
205225,NYSE-KTST,22968,False
205225,NYSE-KTST,22964,False
205225,NYSE-KTST,22966,False
205225,NYSE-KTST,22960,False
205225,NYSE-MDKA,22478,False
205225,NYSE-MDKA,22477,False
205225,NYSE-MDKA,22476,False
205225,NYSE-MDKA,22475,False
205225,NYSE-MDKA,22473,False
205225,NYSE-MDKA,22472,False
205225,NYSE-MDKA,22471,False
205225,NYSE-MDKA,22474,False
205225,NYSE-MDKA,22479,False
205225,NYSE-MDKA,22480,False
205225,NYSE-NGUP,23349,False
205225,NYSE-NGUP,23346,False
205225,NYSE-NGUP,23345,False
205225,NYSE-NGUP,23344,False
205225,NYSE-NGUP,23342,False
205225,NYSE-NGUP,23340,False
205225,NYSE-NGUP,23343,False
205225,NYSE-NGUP,23341,False
205225,NYSE-NGUP,23347,False
205225,NYSE-NGUP,23348,False
205225,NYSE-SIMP,23279,False
205225,NYSE-XFR,22419,False
205225,NYSE-XFR,22418,False
205225,NYSE-XFR,22417,False
205225,NYSE-XFR,22416,False
205225,NYSE-XFR,22413,False
205225,NYSE-XFR,22411,False
205225,NYSE-XFR,22410,False
205225,NYSE-XFR,22415,False
205225,NYSE-XFR,22414,False
205225,NYSE-XFR,22412,False
205225,NYSE-ZABA,22661,False
205225,NYSE-ZABA,22660,False
205225,NYSE-ZABA,22659,False
205225,NYSE-ZABA,22658,False
205225,NYSE-ZABA,22657,False
205225,NYSE-ZABA,22652,False
205225,NYSE-ZABA,22655,False
205225,NYSE-ZABA,22654,False
205225,NYSE-ZABA,22656,False
205225,NYSE-ZABA,22653,False
205310,NYSE-SIMP,23244,False
205310,NYSE-JZRO,22704,False
205323,NYSE-ETFA3,22632,False
205323,NYSE-ETFA3,22630,False
205323,NYSE-ETFA3,22631,False
205323,NYSE-ETFA3,22629,False
205323,NYSE-ETFA3,22627,False
205323,NYSE-ETFA3,22633,False
205323,NYSE-ETFA3,22635,False
205323,NYSE-ETFA3,22634,False
205323,NYSE-ETFA3,22636,False
205323,NYSE-ETFA3,22628,False
205323,NYSE-ETFA,22518,False
205323,NYSE-ETFA,22517,False
205323,NYSE-ETFA,22516,False
205323,NYSE-ETFA,22514,False
205323,NYSE-ETFA,22512,False
205323,NYSE-ETFA,22511,False
205323,NYSE-ETFA,22510,False
205323,NYSE-ETFA,22509,False
205324,NYSE-ETFA,22515,False
205324,NYSE-ETFA,22513,False
205324,NYSE-CARD,24974,False
205324,NYSE-CARD,24972,False
205324,NYSE-CARD,24971,False
205324,NYSE-CARD,24970,False
205324,NYSE-CARD,24969,False
205324,NYSE-CARD,24978,False
205324,NYSE-CARD,24976,False
205324,NYSE-CARD,24973,False
205324,NYSE-CARD,24977,False
205324,NYSE-CARD,24975,False
205324,NYSE-DDJH,22891,False
205324,NYSE-DDJH,22889,False
205324,NYSE-DDJH,22887,False
205324,NYSE-DDJH,22886,False
205324,NYSE-DDJH,22884,False
205324,NYSE-DDJH,22882,False
205324,NYSE-DDJH,22888,False
205324,NYSE-DDJH,22883,False
205324,NYSE-DDJH,22885,False
205324,NYSE-DDJH,22890,False
205324,NYSE-INA,23008,False
205324,NYSE-INA,23006,False
205324,NYSE-INA,23004,False
205324,NYSE-INA,23002,False
205324,NYSE-INA,23001,False
205324,NYSE-INA,23000,False
205324,NYSE-INA,23003,False
205324,NYSE-INA,23005,False
205324,NYSE-INA,23007,False
205324,NYSE-INA,23009,False
205324,NYSE-JNAF,22298,False
205324,NYSE-JNAF,22295,False
205324,NYSE-JNAF,22293,False
205324,NYSE-JNAF,22291,False
205324,NYSE-JNAF,22290,False
205324,NYSE-JNAF,22294,False
205324,NYSE-JNAF,22296,False
205324,NYSE-JNAF,22289,False
205324,NYSE-JNAF,22292,False
205324,NYSE-JNAF,22297,False
205325,NYSE-JZRO,23287,False
205325,NYSE-JZRO,23285,False
205325,NYSE-JZRO,23283,False
205325,NYSE-JZRO,23281,False
205325,NYSE-KRAS,22776,False
205325,NYSE-KRAS,22775,False
205325,NYSE-KRAS,22774,False
205325,NYSE-KRAS,22772,False
205325,NYSE-KRAS,22770,False
205325,NYSE-KRAS,22768,False
205325,NYSE-KRAS,22773,False
205325,NYSE-KRAS,22777,False
205325,NYSE-KRAS,22769,False
205325,NYSE-KRAS,22771,False
205325,NYSE-KTST,22979,False
205325,NYSE-KTST,22977,False
205325,NYSE-KTST,22971,False
205325,NYSE-KTST,22980,False
205325,NYSE-KTST,22975,False
205325,NYSE-KTST,22973,False
205325,NYSE-KTST,22974,False
205325,NYSE-KTST,22972,False
205325,NYSE-KTST,22976,False
205325,NYSE-KTST,22978,False
205325,NYSE-MDKA,22489,False
205325,NYSE-MDKA,22488,False
205325,NYSE-MDKA,22487,False
205325,NYSE-MDKA,22486,False
205325,NYSE-MDKA,22485,False
205325,NYSE-MDKA,22484,False
205325,NYSE-MDKA,22483,False
205325,NYSE-MDKA,22481,False
205325,NYSE-MDKA,22482,False
205325,NYSE-MDKA,22490,False
205325,NYSE-NGUP,23359,False
205325,NYSE-NGUP,23355,False
205325,NYSE-NGUP,23354,False
205325,NYSE-NGUP,23353,False
205325,NYSE-NGUP,23351,False
205325,NYSE-NGUP,23350,False
205325,NYSE-NGUP,23358,False
205325,NYSE-NGUP,23352,False
205325,NYSE-NGUP,23356,False
205325,NYSE-NGUP,23357,False
205325,NYSE-SIMP,23291,False
205325,NYSE-SIMP,23289,False
205325,NYSE-XFR,22431,False
205325,NYSE-XFR,22429,False
205325,NYSE-XFR,22428,False
205325,NYSE-XFR,22430,False
205325,NYSE-XFR,22426,False
205325,NYSE-XFR,22424,False
205325,NYSE-XFR,22422,False
205325,NYSE-XFR,22427,False
205325,NYSE-XFR,22423,False
205325,NYSE-XFR,22425,False
205325,NYSE-ZABA,22673,False
205325,NYSE-ZABA,22672,False
205325,NYSE-ZABA,22670,False
205325,NYSE-ZABA,22669,False
205325,NYSE-ZABA,22668,False
205325,NYSE-ZABA,22667,False
205325,NYSE-ZABA,22666,False
205325,NYSE-ZABA,22664,False
205326,NYSE-ZABA,22671,False
205326,NYSE-ZABA,22665,False
205336,NYSE-JZRO,22717,False
205336,NYSE-JZRO,22715,False
205336,NYSE-JZRO,23302,False
205336,NYSE-ETFA,22529,False
205336,NYSE-XFR,22442,False
205394,NYSE-CARD,24936,False
205423,NYSE-ETFA3,22642,False
205423,NYSE-ETFA3,22640,False
205423,NYSE-ETFA3,22638,False
205423,NYSE-ETFA3,22637,False
205423,NYSE-ETFA3,22639,False
205423,NYSE-ETFA3,22641,False
205423,NYSE-ETFA3,22643,False
205423,NYSE-ETFA3,22645,False
205423,NYSE-ETFA3,22644,False
205423,NYSE-ETFA3,22646,False
205423,NYSE-ETFA,22528,False
205423,NYSE-ETFA,22527,False
205423,NYSE-ETFA,22526,False
205423,NYSE-ETFA,22524,False
205423,NYSE-ETFA,22522,False
205423,NYSE-ETFA,22519,False
205423,NYSE-ETFA,22525,False
205423,NYSE-ETFA,22523,False
205423,NYSE-ETFA,22520,False
205423,NYSE-ETFA,22521,False
205423,NYSE-CARD,24984,False
205423,NYSE-CARD,24980,False
205423,NYSE-CARD,24988,False
205423,NYSE-CARD,24986,False
205423,NYSE-CARD,24982,False
205423,NYSE-CARD,24987,False
205423,NYSE-CARD,24985,False
205423,NYSE-CARD,24981,False
205423,NYSE-CARD,24983,False
205423,NYSE-CARD,24979,False
205424,NYSE-DDJH,22899,False
205424,NYSE-DDJH,22897,False
205424,NYSE-DDJH,22896,False
205424,NYSE-DDJH,22894,False
205424,NYSE-DDJH,22893,False
205424,NYSE-DDJH,22900,False
205424,NYSE-DDJH,22892,False
205424,NYSE-DDJH,22895,False
205424,NYSE-DDJH,22898,False
205424,NYSE-DDJH,22901,False
205424,NYSE-INA,23020,False
205424,NYSE-INA,23015,False
205424,NYSE-INA,23013,False
205424,NYSE-INA,23014,False
205424,NYSE-INA,23019,False
205424,NYSE-INA,23017,False
205424,NYSE-INA,23018,False
205424,NYSE-INA,23016,False
205424,NYSE-INA,23011,False
205424,NYSE-JNAF,22309,False
205424,NYSE-JNAF,22306,False
205424,NYSE-JNAF,22304,False
205424,NYSE-JNAF,22302,False
205424,NYSE-JNAF,22308,False
205424,NYSE-JNAF,22300,False
205424,NYSE-JNAF,22303,False
205424,NYSE-JNAF,22301,False
205424,NYSE-JNAF,22305,False
205424,NYSE-JNAF,22307,False
205424,NYSE-JZRO,23298,False
205424,NYSE-JZRO,23296,False
205424,NYSE-JZRO,23294,False
205424,NYSE-JZRO,23292,False
205424,NYSE-KRAS,22786,False
205424,NYSE-KRAS,22784,False
205424,NYSE-KRAS,22782,False
205424,NYSE-KRAS,22780,False
205424,NYSE-KRAS,22778,False
205424,NYSE-KRAS,22781,False
205424,NYSE-KRAS,22785,False
205424,NYSE-KRAS,22787,False
205424,NYSE-KRAS,22783,False
205424,NYSE-KRAS,22779,False
205424,NYSE-KTST,22983,False
205424,NYSE-KTST,22991,False
205424,NYSE-KTST,22989,False
205424,NYSE-KTST,22987,False
205424,NYSE-KTST,22985,False
205424,NYSE-KTST,22986,False
205424,NYSE-KTST,22988,False
205424,NYSE-KTST,22990,False
205424,NYSE-KTST,22982,False
205424,NYSE-KTST,22984,False
205424,NYSE-MDKA,22500,False
205424,NYSE-MDKA,22498,False
205424,NYSE-MDKA,22495,False
205424,NYSE-MDKA,22496,False
205424,NYSE-MDKA,22491,False
205424,NYSE-MDKA,22493,False
205424,NYSE-MDKA,22499,False
205424,NYSE-MDKA,22494,False
205424,NYSE-MDKA,22492,False
205424,NYSE-MDKA,22497,False
205424,NYSE-NGUP,23369,False
205424,NYSE-NGUP,23367,False
205424,NYSE-NGUP,23366,False
205424,NYSE-NGUP,23365,False
205424,NYSE-NGUP,23364,False
205424,NYSE-NGUP,23362,False
205424,NYSE-NGUP,23361,False
205424,NYSE-NGUP,23360,False
205424,NYSE-NGUP,23363,False
205424,NYSE-NGUP,23368,False
205424,NYSE-SIMP,23303,False
205424,NYSE-SIMP,23302,False
205424,NYSE-SIMP,23301,False
205424,NYSE-SIMP,23299,False
205424,NYSE-SIMP,23300,False
205424,NYSE-XFR,22441,False
205424,NYSE-XFR,22439,False
205424,NYSE-XFR,22438,False
205424,NYSE-XFR,22437,False
205424,NYSE-XFR,22436,False
205424,NYSE-XFR,22435,False
205424,NYSE-XFR,22433,False
205424,NYSE-XFR,22432,False
205424,NYSE-XFR,22440,False
205424,NYSE-XFR,22434,False
205424,NYSE-ZABA,22682,False
205424,NYSE-ZABA,22676,False
205424,NYSE-ZABA,22675,False
205424,NYSE-ZABA,22680,False
205424,NYSE-ZABA,22679,False
205424,NYSE-ZABA,22677,False
205424,NYSE-ZABA,22678,False
205424,NYSE-ZABA,22683,False
205424,NYSE-ZABA,22681,False
205424,NYSE-ZABA,22684,False
205523,NYSE-ETFA3,22652,False
205523,NYSE-ETFA3,22650,False
205523,NYSE-ETFA3,22648,False
205523,NYSE-ETFA3,22655,False
205523,NYSE-ETFA3,22653,False
205523,NYSE-ETFA3,22657,False
205523,NYSE-ETFA3,22651,False
205523,NYSE-ETFA3,22649,False
205523,NYSE-ETFA3,22654,False
205523,NYSE-ETFA3,22656,False
205523,NYSE-ETFA,22539,False
205523,NYSE-ETFA,22537,False
205523,NYSE-ETFA,22535,False
205523,NYSE-ETFA,22533,False
205523,NYSE-ETFA,22531,False
205523,NYSE-ETFA,22530,False
205523,NYSE-ETFA,22536,False
205523,NYSE-ETFA,22534,False
205524,NYSE-ETFA,22538,False
205524,NYSE-ETFA,22532,False
205524,NYSE-CARD,24994,False
205524,NYSE-CARD,25002,False
205524,NYSE-CARD,25000,False
205524,NYSE-CARD,24998,False
205524,NYSE-CARD,24995,False
205524,NYSE-CARD,24996,False
205524,NYSE-CARD,24999,False
205524,NYSE-CARD,25003,False
205524,NYSE-CARD,25001,False
205524,NYSE-CARD,24997,False
205524,NYSE-DDJH,22910,False
205524,NYSE-DDJH,22908,False
205524,NYSE-DDJH,22907,False
205524,NYSE-DDJH,22904,False
205524,NYSE-DDJH,22902,False
205524,NYSE-DDJH,22905,False
205524,NYSE-DDJH,22911,False
205524,NYSE-DDJH,22906,False
205524,NYSE-DDJH,22903,False
205524,NYSE-DDJH,22909,False
205524,NYSE-INA,23037,False
205524,NYSE-INA,23036,False
205524,NYSE-INA,23034,False
205524,NYSE-INA,23031,False
205524,NYSE-INA,23029,False
205524,NYSE-INA,23035,False
205524,NYSE-INA,23033,False
205524,NYSE-INA,23032,False
205524,NYSE-INA,23030,False
205524,NYSE-INA,23028,False
205524,NYSE-JNAF,22318,False
205524,NYSE-JNAF,22317,False
205524,NYSE-JNAF,22311,False
205524,NYSE-JNAF,22315,False
205524,NYSE-JNAF,22313,False
205524,NYSE-JNAF,22319,False
205524,NYSE-JNAF,22314,False
205524,NYSE-JNAF,22316,False
205524,NYSE-JNAF,22310,False
205524,NYSE-JNAF,22312,False
205524,NYSE-JZRO,23308,False
205525,NYSE-JZRO,23306,False
205525,NYSE-JZRO,23304,False
205525,NYSE-JZRO,23310,False
205525,NYSE-KRAS,22800,False
205525,NYSE-KRAS,22798,False
205525,NYSE-KRAS,22796,False
205525,NYSE-KRAS,22794,False
205525,NYSE-KRAS,22792,False
205525,NYSE-KRAS,22797,False
205525,NYSE-KRAS,22793,False
205525,NYSE-KRAS,22791,False
205525,NYSE-KRAS,22795,False
205525,NYSE-KRAS,22799,False
205525,NYSE-KTST,23004,False
205525,NYSE-KTST,23002,False
205525,NYSE-KTST,23001,False
205525,NYSE-KTST,22998,False
205525,NYSE-KTST,22999,False
205525,NYSE-KTST,22997,False
205525,NYSE-KTST,22996,False
205525,NYSE-KTST,23000,False
205525,NYSE-KTST,22995,False
205525,NYSE-KTST,23003,False
205525,NYSE-MDKA,22510,False
205525,NYSE-MDKA,22508,False
205525,NYSE-MDKA,22504,False
205525,NYSE-MDKA,22502,False
205525,NYSE-MDKA,22506,False
205525,NYSE-MDKA,22501,False
205525,NYSE-MDKA,22505,False
205525,NYSE-MDKA,22509,False
205525,NYSE-MDKA,22503,False
205525,NYSE-MDKA,22507,False
205525,NYSE-NGUP,23379,False
205525,NYSE-NGUP,23378,False
205525,NYSE-NGUP,23377,False
205525,NYSE-NGUP,23376,False
205525,NYSE-NGUP,23375,False
205525,NYSE-NGUP,23374,False
205525,NYSE-NGUP,23373,False
205525,NYSE-NGUP,23372,False
205525,NYSE-NGUP,23371,False
205525,NYSE-NGUP,23380,False
205525,NYSE-SIMP,23311,False
205525,NYSE-SIMP,23313,False
205525,NYSE-XFR,22455,False
205525,NYSE-XFR,22454,False
205525,NYSE-XFR,22453,False
205525,NYSE-XFR,22452,False
205525,NYSE-XFR,22450,False
205525,NYSE-XFR,22447,False
205525,NYSE-XFR,22451,False
205525,NYSE-XFR,22449,False
205525,NYSE-XFR,22448,False
205525,NYSE-XFR,22446,False
205525,NYSE-ZABA,22692,False
205525,NYSE-ZABA,22690,False
205525,NYSE-ZABA,22689,False
205525,NYSE-ZABA,22688,False
205525,NYSE-ZABA,22687,False
205525,NYSE-ZABA,22691,False
205525,NYSE-ZABA,22695,False
205525,NYSE-ZABA,22693,False
205525,NYSE-ZABA,22686,False
205525,NYSE-ZABA,22694,False
205541,NYSE-JZRO,23324,False
205576,NYSE-ZABA,22707,False
205623,NYSE-ETFA3,22666,False
205623,NYSE-ETFA3,22664,False
205623,NYSE-ETFA3,22662,False
205623,NYSE-ETFA3,22660,False
205623,NYSE-ETFA3,22658,False
205623,NYSE-ETFA3,22663,False
205623,NYSE-ETFA3,22661,False
205623,NYSE-ETFA3,22659,False
205623,NYSE-ETFA3,22665,False
205623,NYSE-ETFA3,22667,False
205623,NYSE-ETFA,22549,False
205623,NYSE-ETFA,22545,False
205623,NYSE-ETFA,22543,False
205623,NYSE-ETFA,22542,False
205623,NYSE-ETFA,22541,False
205623,NYSE-ETFA,22540,False
205623,NYSE-ETFA,22548,False
205623,NYSE-ETFA,22546,False
205624,NYSE-ETFA,22547,False
205624,NYSE-ETFA,22544,False
205624,NYSE-CARD,25008,False
205624,NYSE-CARD,25006,False
205624,NYSE-CARD,25004,False
205624,NYSE-CARD,25012,False
205624,NYSE-CARD,25010,False
205624,NYSE-CARD,25007,False
205624,NYSE-CARD,25011,False
205624,NYSE-CARD,25005,False
205624,NYSE-CARD,25009,False
205624,NYSE-CARD,25013,False
205624,NYSE-DDJH,22920,False
205624,NYSE-DDJH,22918,False
205624,NYSE-DDJH,22915,False
205624,NYSE-DDJH,22912,False
205624,NYSE-DDJH,22916,False
205624,NYSE-DDJH,22919,False
205624,NYSE-DDJH,22921,False
205624,NYSE-DDJH,22913,False
205624,NYSE-DDJH,22914,False
205624,NYSE-DDJH,22917,False
205624,NYSE-INA,23040,False
205624,NYSE-INA,23047,False
205624,NYSE-INA,23045,False
205624,NYSE-INA,23043,False
205624,NYSE-INA,23041,False
205624,NYSE-INA,23039,False
205624,NYSE-INA,23046,False
205624,NYSE-INA,23042,False
205624,NYSE-INA,23044,False
205624,NYSE-INA,23048,False
205624,NYSE-JNAF,22328,False
205624,NYSE-JNAF,22324,False
205624,NYSE-JNAF,22326,False
205624,NYSE-JNAF,22321,False
205624,NYSE-JNAF,22322,False
205624,NYSE-JNAF,22320,False
205624,NYSE-JNAF,22323,False
205624,NYSE-JNAF,22327,False
205624,NYSE-JNAF,22325,False
205624,NYSE-JNAF,22329,False
205624,NYSE-JZRO,23320,False
205624,NYSE-JZRO,23314,False
205624,NYSE-JZRO,23316,False
205624,NYSE-JZRO,23318,False
205625,NYSE-KRAS,22809,False
205625,NYSE-KRAS,22808,False
205625,NYSE-KRAS,22807,False
205625,NYSE-KRAS,22804,False
205625,NYSE-KRAS,22802,False
205625,NYSE-KRAS,22810,False
205625,NYSE-KRAS,22805,False
205625,NYSE-KRAS,22803,False
205625,NYSE-KRAS,22801,False
205625,NYSE-KRAS,22806,False
205625,NYSE-KTST,23015,False
205625,NYSE-KTST,23014,False
205625,NYSE-KTST,23013,False
205625,NYSE-KTST,23008,False
205625,NYSE-KTST,23006,False
205625,NYSE-KTST,23012,False
205625,NYSE-KTST,23010,False
205625,NYSE-KTST,23011,False
205625,NYSE-KTST,23007,False
205625,NYSE-KTST,23009,False
205625,NYSE-MDKA,22520,False
205625,NYSE-MDKA,22518,False
205625,NYSE-MDKA,22516,False
205625,NYSE-MDKA,22514,False
205625,NYSE-MDKA,22512,False
205625,NYSE-MDKA,22513,False
205625,NYSE-MDKA,22515,False
205625,NYSE-MDKA,22517,False
205625,NYSE-MDKA,22519,False
205625,NYSE-MDKA,22511,False
205625,NYSE-NGUP,23390,False
205625,NYSE-NGUP,23389,False
205625,NYSE-NGUP,23388,False
205625,NYSE-NGUP,23387,False
205625,NYSE-NGUP,23386,False
205625,NYSE-NGUP,23384,False
205625,NYSE-NGUP,23383,False
205625,NYSE-NGUP,23382,False
205625,NYSE-NGUP,23381,False
205625,NYSE-NGUP,23385,False
205625,NYSE-SIMP,23324,False
205625,NYSE-SIMP,23322,False
205625,NYSE-XFR,22464,False
205625,NYSE-XFR,22462,False
205625,NYSE-XFR,22461,False
205625,NYSE-XFR,22457,False
205625,NYSE-XFR,22459,False
205625,NYSE-XFR,22466,False
205625,NYSE-XFR,22463,False
205625,NYSE-XFR,22458,False
205625,NYSE-XFR,22465,False
205625,NYSE-XFR,22460,False
205625,NYSE-ZABA,22705,False
205625,NYSE-ZABA,22703,False
205625,NYSE-ZABA,22701,False
205625,NYSE-ZABA,22700,False
205625,NYSE-ZABA,22699,False
205625,NYSE-ZABA,22698,False
205625,NYSE-ZABA,22702,False
205625,NYSE-ZABA,22697,False
205625,NYSE-ZABA,22704,False
205625,NYSE-ZABA,22706,False
205669,NYSE-ETFA,22560,False
205669,NYSE-JZRO,23337,False
205700,NYSE-KTST,23028,False
205700,NYSE-INA,23061,False
205700,NYSE-INA,23062,False
205723,NYSE-ETFA3,22678,False
205723,NYSE-ETFA3,22677,False
205723,NYSE-ETFA3,22676,False
205723,NYSE-ETFA3,22675,False
205723,NYSE-ETFA3,22674,False
205723,NYSE-ETFA3,22673,False
205723,NYSE-ETFA3,22672,False
205723,NYSE-ETFA3,22671,False
205723,NYSE-ETFA3,22669,False
205723,NYSE-ETFA3,22670,False
205723,NYSE-ETFA,22559,False
205723,NYSE-ETFA,22557,False
205723,NYSE-ETFA,22552,False
205723,NYSE-ETFA,22551,False
205723,NYSE-ETFA,22550,False
205723,NYSE-ETFA,22554,False
205723,NYSE-ETFA,22555,False
205724,NYSE-ETFA,22556,False
205724,NYSE-ETFA,22558,False
205724,NYSE-ETFA,22553,False
205724,NYSE-CARD,25018,False
205724,NYSE-CARD,25016,False
205724,NYSE-CARD,25025,False
205724,NYSE-CARD,25022,False
205724,NYSE-CARD,25020,False
205724,NYSE-CARD,25023,False
205724,NYSE-CARD,25021,False
205724,NYSE-CARD,25017,False
205724,NYSE-CARD,25019,False
205724,NYSE-CARD,25024,False
205724,NYSE-DDJH,22931,False
205724,NYSE-DDJH,22929,False
205724,NYSE-DDJH,22927,False
205724,NYSE-DDJH,22926,False
205724,NYSE-DDJH,22924,False
205724,NYSE-DDJH,22922,False
205724,NYSE-DDJH,22928,False
205724,NYSE-DDJH,22923,False
205724,NYSE-DDJH,22925,False
205724,NYSE-DDJH,22930,False
205724,NYSE-INA,23058,False
205724,NYSE-INA,23051,False
205724,NYSE-INA,23056,False
205724,NYSE-INA,23054,False
205724,NYSE-INA,23052,False
205724,NYSE-INA,23050,False
205724,NYSE-INA,23057,False
205724,NYSE-INA,23059,False
205724,NYSE-INA,23053,False
205724,NYSE-INA,23055,False
205724,NYSE-JNAF,22339,False
205724,NYSE-JNAF,22332,False
205724,NYSE-JNAF,22330,False
205724,NYSE-JNAF,22335,False
205724,NYSE-JNAF,22337,False
205724,NYSE-JNAF,22338,False
205724,NYSE-JNAF,22333,False
205724,NYSE-JNAF,22336,False
205724,NYSE-JNAF,22331,False
205724,NYSE-JNAF,22334,False
205724,NYSE-JZRO,23326,False
205725,NYSE-JZRO,23331,False
205725,NYSE-JZRO,23330,False
205725,NYSE-JZRO,23328,False
205725,NYSE-KRAS,22819,False
205725,NYSE-KRAS,22817,False
205725,NYSE-KRAS,22815,False
205725,NYSE-KRAS,22813,False
205725,NYSE-KRAS,22818,False
205725,NYSE-KRAS,22816,False
205725,NYSE-KRAS,22814,False
205725,NYSE-KRAS,22812,False
205725,NYSE-KRAS,22821,False
205725,NYSE-KRAS,22820,False
205725,NYSE-KTST,23026,False
205725,NYSE-KTST,23025,False
205725,NYSE-KTST,23022,False
205725,NYSE-KTST,23020,False
205725,NYSE-KTST,23023,False
205725,NYSE-KTST,23019,False
205725,NYSE-KTST,23017,False
205725,NYSE-KTST,23018,False
205725,NYSE-KTST,23024,False
205725,NYSE-KTST,23021,False
205725,NYSE-MDKA,22531,False
205725,NYSE-MDKA,22527,False
205725,NYSE-MDKA,22525,False
205725,NYSE-MDKA,22523,False
205725,NYSE-MDKA,22532,False
205725,NYSE-MDKA,22524,False
205725,NYSE-MDKA,22528,False
205725,NYSE-MDKA,22530,False
205725,NYSE-MDKA,22526,False
205725,NYSE-MDKA,22529,False
205725,NYSE-NGUP,23400,False
205725,NYSE-NGUP,23399,False
205725,NYSE-NGUP,23397,False
205725,NYSE-NGUP,23395,False
205725,NYSE-NGUP,23392,False
205725,NYSE-NGUP,23393,False
205725,NYSE-NGUP,23391,False
205725,NYSE-NGUP,23398,False
205725,NYSE-NGUP,23394,False
205725,NYSE-NGUP,23396,False
205725,NYSE-SIMP,23337,False
205725,NYSE-SIMP,23335,False
205725,NYSE-SIMP,23333,False
205725,NYSE-XFR,22477,False
205725,NYSE-XFR,22476,False
205725,NYSE-XFR,22475,False
205725,NYSE-XFR,22473,False
205725,NYSE-XFR,22472,False
205725,NYSE-XFR,22471,False
205725,NYSE-XFR,22470,False
205725,NYSE-XFR,22469,False
205725,NYSE-XFR,22474,False
205725,NYSE-XFR,22468,False
205725,NYSE-ZABA,22717,False
205725,NYSE-ZABA,22716,False
205725,NYSE-ZABA,22714,False
205725,NYSE-ZABA,22709,False
205725,NYSE-ZABA,22713,False
205725,NYSE-ZABA,22711,False
205725,NYSE-ZABA,22715,False
205725,NYSE-ZABA,22710,False
205725,NYSE-ZABA,22708,False
205725,NYSE-ZABA,22712,False
205792,NYSE-JZRO,23348,False
205818,NYSE-KTST,23039,False
205823,NYSE-ETFA3,22689,False
205823,NYSE-ETFA3,22688,False
205823,NYSE-ETFA3,22687,False
205823,NYSE-ETFA3,22686,False
205823,NYSE-ETFA3,22685,False
205823,NYSE-ETFA3,22684,False
205823,NYSE-ETFA3,22682,False
205823,NYSE-ETFA3,22680,False
205823,NYSE-ETFA3,22683,False
205823,NYSE-ETFA3,22681,False
205823,NYSE-ETFA,22570,False
205823,NYSE-ETFA,22569,False
205823,NYSE-ETFA,22568,False
205823,NYSE-ETFA,22566,False
205823,NYSE-ETFA,22564,False
205824,NYSE-ETFA,22562,False
205824,NYSE-ETFA,22565,False
205824,NYSE-ETFA,22567,False
205824,NYSE-ETFA,22563,False
205824,NYSE-CARD,25029,False
205824,NYSE-CARD,25035,False
205824,NYSE-CARD,25033,False
205824,NYSE-CARD,25031,False
205824,NYSE-CARD,25036,False
205824,NYSE-CARD,25034,False
205824,NYSE-CARD,25032,False
205824,NYSE-CARD,25030,False
205824,NYSE-CARD,25028,False
205824,NYSE-DDJH,22940,False
205824,NYSE-DDJH,22938,False
205824,NYSE-DDJH,22935,False
205824,NYSE-DDJH,22933,False
205824,NYSE-DDJH,22937,False
205824,NYSE-DDJH,22939,False
205824,NYSE-DDJH,22932,False
205824,NYSE-DDJH,22934,False
205824,NYSE-DDJH,22936,False
205824,NYSE-DDJH,22941,False
205824,NYSE-INA,23072,False
205824,NYSE-INA,23070,False
205824,NYSE-INA,23064,False
205824,NYSE-INA,23066,False
205824,NYSE-INA,23068,False
205824,NYSE-INA,23071,False
205824,NYSE-INA,23069,False
205824,NYSE-INA,23067,False
205824,NYSE-INA,23063,False
205824,NYSE-INA,23065,False
205824,NYSE-JNAF,22349,False
205824,NYSE-JNAF,22347,False
205824,NYSE-JNAF,22346,False
205824,NYSE-JNAF,22345,False
205824,NYSE-JNAF,22343,False
205824,NYSE-JNAF,22342,False
205824,NYSE-JNAF,22341,False
205825,NYSE-JNAF,22344,False
205825,NYSE-JNAF,22348,False
205825,NYSE-JNAF,22340,False
205825,NYSE-JZRO,23340,False
205825,NYSE-JZRO,23338,False
205825,NYSE-KRAS,22832,False
205825,NYSE-KRAS,22830,False
205825,NYSE-KRAS,22828,False
205825,NYSE-KRAS,22826,False
205825,NYSE-KRAS,22824,False
205825,NYSE-KRAS,22823,False
205825,NYSE-KRAS,22827,False
205825,NYSE-KRAS,22825,False
205825,NYSE-KRAS,22829,False
205825,NYSE-KRAS,22831,False
205825,NYSE-KTST,23038,False
205825,NYSE-KTST,23037,False
205825,NYSE-KTST,23036,False
205825,NYSE-KTST,23034,False
205825,NYSE-KTST,23031,False
205825,NYSE-KTST,23029,False
205825,NYSE-KTST,23035,False
205825,NYSE-KTST,23033,False
205825,NYSE-KTST,23032,False
205825,NYSE-KTST,23030,False
205825,NYSE-MDKA,22541,False
205825,NYSE-MDKA,22539,False
205825,NYSE-MDKA,22537,False
205825,NYSE-MDKA,22535,False
205825,NYSE-MDKA,22533,False
205825,NYSE-MDKA,22540,False
205825,NYSE-MDKA,22536,False
205825,NYSE-MDKA,22534,False
205825,NYSE-MDKA,22538,False
205825,NYSE-MDKA,22542,False
205825,NYSE-NGUP,23407,False
205825,NYSE-NGUP,23404,False
205825,NYSE-NGUP,23402,False
205825,NYSE-NGUP,23409,False
205825,NYSE-NGUP,23403,False
205825,NYSE-NGUP,23405,False
205825,NYSE-NGUP,23410,False
205825,NYSE-NGUP,23408,False
205825,NYSE-NGUP,23401,False
205825,NYSE-NGUP,23406,False
205825,NYSE-SIMP,23345,False
205825,NYSE-SIMP,23343,False
205825,NYSE-SIMP,23347,False
205825,NYSE-XFR,22487,False
205825,NYSE-XFR,22486,False
205825,NYSE-XFR,22485,False
205825,NYSE-XFR,22484,False
205825,NYSE-XFR,22483,False
205825,NYSE-XFR,22481,False
205825,NYSE-XFR,22478,False
205825,NYSE-XFR,22479,False
205825,NYSE-XFR,22482,False
205825,NYSE-XFR,22480,False
205825,NYSE-ZABA,22727,False
205825,NYSE-ZABA,22725,False
205825,NYSE-ZABA,22722,False
205825,NYSE-ZABA,22721,False
205825,NYSE-ZABA,22720,False
205825,NYSE-ZABA,22719,False
205825,NYSE-ZABA,22726,False
205825,NYSE-ZABA,22723,False
205825,NYSE-ZABA,22724,False
205825,NYSE-ZABA,22728,False
205923,NYSE-ETFA3,22699,False
205923,NYSE-ETFA3,22698,False
205923,NYSE-ETFA3,22697,False
205923,NYSE-ETFA3,22696,False
205923,NYSE-ETFA3,22695,False
205923,NYSE-ETFA3,22694,False
205923,NYSE-ETFA3,22692,False
205923,NYSE-ETFA3,22690,False
205923,NYSE-ETFA3,22691,False
205923,NYSE-ETFA3,22693,False
205924,NYSE-ETFA,22581,False
205924,NYSE-ETFA,22580,False
205924,NYSE-ETFA,22578,False
205924,NYSE-ETFA,22576,False
205924,NYSE-ETFA,22574,False
205924,NYSE-ETFA,22572,False
205924,NYSE-ETFA,22575,False
205924,NYSE-ETFA,22577,False
205924,NYSE-ETFA,22579,False
205924,NYSE-ETFA,22573,False
205924,NYSE-CARD,25040,False
205924,NYSE-CARD,25037,False
205924,NYSE-CARD,25046,False
205924,NYSE-CARD,25044,False
205924,NYSE-CARD,25042,False
205924,NYSE-CARD,25041,False
205924,NYSE-CARD,25045,False
205924,NYSE-CARD,25043,False
205924,NYSE-CARD,25039,False
205924,NYSE-CARD,25038,False
205924,NYSE-DDJH,22949,False
205924,NYSE-DDJH,22948,False
205924,NYSE-DDJH,22947,False
205924,NYSE-DDJH,22946,False
205924,NYSE-DDJH,22945,False
205924,NYSE-DDJH,22944,False
205924,NYSE-DDJH,22943,False
205924,NYSE-DDJH,22942,False
205924,NYSE-DDJH,22950,False
205924,NYSE-DDJH,22951,False
205924,NYSE-INA,23078,False
205924,NYSE-INA,23076,False
205924,NYSE-INA,23074,False
205924,NYSE-INA,23082,False
205924,NYSE-INA,23080,False
205924,NYSE-INA,23075,False
205924,NYSE-INA,23073,False
205924,NYSE-INA,23077,False
205924,NYSE-INA,23079,False
205924,NYSE-INA,23081,False
205924,NYSE-JNAF,22358,False
205924,NYSE-JNAF,22356,False
205924,NYSE-JNAF,22354,False
205924,NYSE-JNAF,22352,False
205924,NYSE-JNAF,22350,False
205924,NYSE-JNAF,22357,False
205924,NYSE-JNAF,22355,False
205924,NYSE-JNAF,22351,False
205924,NYSE-JNAF,22353,False
205924,NYSE-JNAF,22359,False
205924,NYSE-JZRO,23351,False
205924,NYSE-JZRO,23350,False
205924,NYSE-JZRO,23349,False
205925,NYSE-KRAS,22842,False
205925,NYSE-KRAS,22838,False
205925,NYSE-KRAS,22834,False
205925,NYSE-KRAS,22836,False
205925,NYSE-KRAS,22835,False
205925,NYSE-KRAS,22837,False
205925,NYSE-KRAS,22833,False
205925,NYSE-KRAS,22839,False
205925,NYSE-KRAS,22841,False
205925,NYSE-KRAS,22840,False
205925,NYSE-KTST,23040,False
205925,NYSE-KTST,23049,False
205925,NYSE-KTST,23047,False
205925,NYSE-KTST,23045,False
205925,NYSE-KTST,23046,False
205925,NYSE-KTST,23042,False
205925,NYSE-KTST,23044,False
205925,NYSE-KTST,23048,False
205925,NYSE-MDKA,22552,False
205925,NYSE-MDKA,22551,False
205925,NYSE-MDKA,22547,False
205925,NYSE-MDKA,22545,False
205925,NYSE-MDKA,22543,False
205925,NYSE-MDKA,22549,False
205925,NYSE-MDKA,22550,False
205925,NYSE-MDKA,22548,False
205925,NYSE-MDKA,22546,False
205925,NYSE-MDKA,22544,False
205925,NYSE-NGUP,23420,False
205925,NYSE-NGUP,23418,False
205925,NYSE-NGUP,23415,False
205925,NYSE-NGUP,23413,False
205925,NYSE-NGUP,23411,False
205925,NYSE-NGUP,23417,False
205925,NYSE-NGUP,23412,False
205925,NYSE-NGUP,23414,False
205925,NYSE-NGUP,23416,False
205925,NYSE-NGUP,23419,False
205925,NYSE-SIMP,23359,False
205925,NYSE-SIMP,23358,False
205925,NYSE-SIMP,23356,False
205925,NYSE-SIMP,23357,False
205925,NYSE-XFR,22495,False
205925,NYSE-XFR,22489,False
205925,NYSE-XFR,22488,False
205925,NYSE-XFR,22496,False
205925,NYSE-XFR,22491,False
205925,NYSE-XFR,22493,False
205925,NYSE-XFR,22494,False
205925,NYSE-XFR,22490,False
205925,NYSE-XFR,22492,False
205925,NYSE-XFR,22497,False
205925,NYSE-ZABA,22739,False
205925,NYSE-ZABA,22737,False
205925,NYSE-ZABA,22735,False
205925,NYSE-ZABA,22734,False
205925,NYSE-ZABA,22732,False
205925,NYSE-ZABA,22731,False
205925,NYSE-ZABA,22740,False
205925,NYSE-ZABA,22738,False
205925,NYSE-ZABA,22736,False
205925,NYSE-ZABA,22733,False
205964,NYSE-ETFA,22593,False
206023,NYSE-ETFA3,22710,False
206023,NYSE-ETFA3,22708,False
206023,NYSE-ETFA3,22706,False
206023,NYSE-ETFA3,22704,False
206023,NYSE-ETFA3,22702,False
206023,NYSE-ETFA3,22701,False
206023,NYSE-ETFA3,22703,False
206023,NYSE-ETFA3,22705,False
206023,NYSE-ETFA3,22707,False
206023,NYSE-ETFA3,22709,False
206023,NYSE-ETFA,22592,False
206023,NYSE-ETFA,22591,False
206023,NYSE-ETFA,22590,False
206023,NYSE-ETFA,22588,False
206023,NYSE-ETFA,22586,False
206023,NYSE-ETFA,22584,False
206023,NYSE-ETFA,22585,False
206023,NYSE-ETFA,22587,False
206023,NYSE-ETFA,22583,False
206023,NYSE-ETFA,22589,False
206023,NYSE-CARD,25050,False
206023,NYSE-CARD,25048,False
206023,NYSE-CARD,25056,False
206023,NYSE-CARD,25052,False
206023,NYSE-CARD,25054,False
206023,NYSE-CARD,25053,False
206023,NYSE-CARD,25055,False
206023,NYSE-CARD,25051,False
206023,NYSE-CARD,25049,False
206023,NYSE-CARD,25057,False
206024,NYSE-DDJH,22961,False
206024,NYSE-DDJH,22959,False
206024,NYSE-DDJH,22958,False
206024,NYSE-DDJH,22956,False
206024,NYSE-DDJH,22954,False
206024,NYSE-DDJH,22952,False
206024,NYSE-DDJH,22953,False
206024,NYSE-DDJH,22955,False
206024,NYSE-DDJH,22957,False
206024,NYSE-DDJH,22960,False
206024,NYSE-INA,23094,False
206024,NYSE-INA,23092,False
206024,NYSE-INA,23090,False
206024,NYSE-INA,23088,False
206024,NYSE-INA,23086,False
206024,NYSE-INA,23095,False
206024,NYSE-INA,23093,False
206024,NYSE-INA,23091,False
206024,NYSE-INA,23089,False
206024,NYSE-INA,23087,False
206024,NYSE-JNAF,22369,False
206024,NYSE-JNAF,22366,False
206024,NYSE-JNAF,22364,False
206024,NYSE-JNAF,22362,False
206024,NYSE-JNAF,22360,False
206024,NYSE-JNAF,22367,False
206024,NYSE-JNAF,22368,False
206024,NYSE-JNAF,22365,False
206024,NYSE-JNAF,22363,False
206024,NYSE-JNAF,22361,False
206024,NYSE-JZRO,23361,False
206024,NYSE-JZRO,23363,False
206024,NYSE-KRAS,22850,False
206024,NYSE-KRAS,22848,False
206024,NYSE-KRAS,22844,False
206024,NYSE-KRAS,22852,False
206024,NYSE-KRAS,22846,False
206024,NYSE-KRAS,22845,False
206024,NYSE-KRAS,22847,False
206024,NYSE-KRAS,22849,False
206024,NYSE-KRAS,22851,False
206024,NYSE-KRAS,22853,False
206024,NYSE-KTST,23062,False
206024,NYSE-KTST,23060,False
206024,NYSE-KTST,23058,False
206024,NYSE-KTST,23061,False
206024,NYSE-KTST,23056,False
206024,NYSE-KTST,23054,False
206024,NYSE-KTST,23057,False
206024,NYSE-KTST,23059,False
206024,NYSE-KTST,23053,False
206024,NYSE-KTST,23055,False
206024,NYSE-MDKA,22563,False
206024,NYSE-MDKA,22560,False
206024,NYSE-MDKA,22558,False
206024,NYSE-MDKA,22556,False
206024,NYSE-MDKA,22561,False
206024,NYSE-MDKA,22559,False
206024,NYSE-MDKA,22562,False
206024,NYSE-MDKA,22555,False
206024,NYSE-MDKA,22564,False
206024,NYSE-MDKA,22557,False
206024,NYSE-NGUP,23427,False
206024,NYSE-NGUP,23426,False
206024,NYSE-NGUP,23424,False
206024,NYSE-NGUP,23430,False
206024,NYSE-NGUP,23431,False
206024,NYSE-NGUP,23429,False
206024,NYSE-NGUP,23432,False
206024,NYSE-NGUP,23428,False
206024,NYSE-NGUP,23423,False
206024,NYSE-NGUP,23425,False
206024,NYSE-SIMP,23369,False
206024,NYSE-SIMP,23367,False
206024,NYSE-SIMP,23365,False
206024,NYSE-SIMP,23368,False
206024,NYSE-XFR,22508,False
206024,NYSE-XFR,22504,False
206024,NYSE-XFR,22502,False
206024,NYSE-XFR,22500,False
206024,NYSE-XFR,22506,False
206024,NYSE-XFR,22501,False
206024,NYSE-XFR,22499,False
206024,NYSE-XFR,22505,False
206024,NYSE-XFR,22503,False
206024,NYSE-XFR,22507,False
206025,NYSE-ZABA,22750,False
206025,NYSE-ZABA,22749,False
206025,NYSE-ZABA,22748,False
206025,NYSE-ZABA,22747,False
206025,NYSE-ZABA,22746,False
206025,NYSE-ZABA,22741,False
206025,NYSE-ZABA,22742,False
206025,NYSE-ZABA,22744,False
206025,NYSE-ZABA,22743,False
206025,NYSE-ZABA,22745,False
206095,NYSE-DDJH,22972,False
206118,NYSE-INA,23060,False
206123,NYSE-ETFA3,22712,False
206123,NYSE-ETFA3,22716,False
206123,NYSE-ETFA3,22714,False
206123,NYSE-ETFA3,22718,False
206123,NYSE-ETFA3,22720,False
206123,NYSE-ETFA3,22711,False
206123,NYSE-ETFA3,22713,False
206123,NYSE-ETFA3,22715,False
206123,NYSE-ETFA3,22717,False
206123,NYSE-ETFA3,22719,False
206123,NYSE-ETFA,22603,False
206123,NYSE-ETFA,22602,False
206123,NYSE-ETFA,22601,False
206123,NYSE-ETFA,22599,False
206123,NYSE-ETFA,22597,False
206123,NYSE-ETFA,22595,False
206123,NYSE-ETFA,22594,False
206124,NYSE-ETFA,22596,False
206124,NYSE-ETFA,22598,False
206124,NYSE-ETFA,22600,False
206124,NYSE-CARD,25060,False
206124,NYSE-CARD,25066,False
206124,NYSE-CARD,25062,False
206124,NYSE-CARD,25064,False
206124,NYSE-CARD,25063,False
206124,NYSE-CARD,25061,False
206124,NYSE-CARD,25059,False
206124,NYSE-CARD,25065,False
206124,NYSE-CARD,25067,False
206124,NYSE-CARD,25058,False
206124,NYSE-DDJH,22971,False
206124,NYSE-DDJH,22967,False
206124,NYSE-DDJH,22965,False
206124,NYSE-DDJH,22963,False
206124,NYSE-DDJH,22969,False
206124,NYSE-DDJH,22970,False
206124,NYSE-DDJH,22962,False
206124,NYSE-DDJH,22968,False
206124,NYSE-DDJH,22964,False
206124,NYSE-DDJH,22966,False
206124,NYSE-INA,23105,False
206124,NYSE-INA,23103,False
206124,NYSE-INA,23101,False
206124,NYSE-INA,23097,False
206124,NYSE-INA,23099,False
206124,NYSE-INA,23104,False
206124,NYSE-INA,23102,False
206124,NYSE-INA,23100,False
206124,NYSE-INA,23096,False
206124,NYSE-INA,23098,False
206124,NYSE-JNAF,22378,False
206124,NYSE-JNAF,22377,False
206124,NYSE-JNAF,22376,False
206124,NYSE-JNAF,22375,False
206124,NYSE-JNAF,22373,False
206124,NYSE-JNAF,22372,False
206124,NYSE-JNAF,22371,False
206124,NYSE-JNAF,22370,False
206124,NYSE-JNAF,22379,False
206124,NYSE-JNAF,22374,False
206125,NYSE-JZRO,22810,False
206125,NYSE-JZRO,23372,False
206125,NYSE-JZRO,23370,False
206125,NYSE-KRAS,22864,False
206125,NYSE-KRAS,22862,False
206125,NYSE-KRAS,22861,False
206125,NYSE-KRAS,22860,False
206125,NYSE-KRAS,22859,False
206125,NYSE-KRAS,22856,False
206125,NYSE-KRAS,22858,False
206125,NYSE-KRAS,22865,False
206125,NYSE-KRAS,22857,False
206125,NYSE-KRAS,22863,False
206125,NYSE-KTST,23072,False
206125,NYSE-KTST,23070,False
206125,NYSE-KTST,23064,False
206125,NYSE-KTST,23066,False
206125,NYSE-KTST,23068,False
206125,NYSE-KTST,23071,False
206125,NYSE-KTST,23069,False
206125,NYSE-KTST,23067,False
206125,NYSE-KTST,23063,False
206125,NYSE-KTST,23065,False
206125,NYSE-MDKA,22573,False
206125,NYSE-MDKA,22565,False
206125,NYSE-MDKA,22571,False
206125,NYSE-MDKA,22569,False
206125,NYSE-MDKA,22566,False
206125,NYSE-MDKA,22570,False
206125,NYSE-MDKA,22568,False
206125,NYSE-MDKA,22567,False
206125,NYSE-MDKA,22572,False
206125,NYSE-MDKA,22574,False
206125,NYSE-NGUP,23441,False
206125,NYSE-NGUP,23439,False
206125,NYSE-NGUP,23437,False
206125,NYSE-NGUP,23433,False
206125,NYSE-NGUP,23435,False
206125,NYSE-NGUP,23436,False
206125,NYSE-NGUP,23434,False
206125,NYSE-NGUP,23438,False
206125,NYSE-NGUP,23442,False
206125,NYSE-NGUP,23440,False
206125,NYSE-SIMP,22812,False
206125,NYSE-SIMP,23379,False
206125,NYSE-SIMP,23377,False
206125,NYSE-SIMP,23375,False
206125,NYSE-XFR,22518,False
206125,NYSE-XFR,22516,False
206125,NYSE-XFR,22514,False
206125,NYSE-XFR,22512,False
206125,NYSE-XFR,22510,False
206126,NYSE-XFR,22513,False
206126,NYSE-XFR,22515,False
206126,NYSE-XFR,22517,False
206126,NYSE-XFR,22509,False
206126,NYSE-XFR,22511,False
206126,NYSE-ZABA,22762,False
206126,NYSE-ZABA,22756,False
206126,NYSE-ZABA,22754,False
206126,NYSE-ZABA,22760,False
206126,NYSE-ZABA,22758,False
206126,NYSE-ZABA,22755,False
206126,NYSE-ZABA,22763,False
206126,NYSE-ZABA,22759,False
206126,NYSE-ZABA,22757,False
206126,NYSE-ZABA,22761,False
206166,NYSE-INA,23118,False
206222,NYSE-KRAS,22878,False
206222,NYSE-INA,23119,False
206223,NYSE-ETFA3,22729,False
206223,NYSE-ETFA3,22727,False
206223,NYSE-ETFA3,22725,False
206223,NYSE-ETFA3,22723,False
206223,NYSE-ETFA3,22721,False
206223,NYSE-ETFA3,22722,False
206223,NYSE-ETFA3,22724,False
206223,NYSE-ETFA3,22726,False
206223,NYSE-ETFA3,22728,False
206223,NYSE-ETFA3,22730,False
206224,NYSE-ETFA,22614,False
206224,NYSE-ETFA,22612,False
206224,NYSE-ETFA,22609,False
206224,NYSE-ETFA,22605,False
206224,NYSE-ETFA,22606,False
206224,NYSE-ETFA,22607,False
206224,NYSE-ETFA,22608,False
206224,NYSE-ETFA,22610,False
206224,NYSE-ETFA,22611,False
206224,NYSE-ETFA,22613,False
206224,NYSE-CARD,25072,False
206224,NYSE-CARD,25078,False
206224,NYSE-CARD,25077,False
206224,NYSE-CARD,25074,False
206224,NYSE-CARD,25076,False
206224,NYSE-CARD,25070,False
206224,NYSE-CARD,25069,False
206224,NYSE-CARD,25071,False
206224,NYSE-CARD,25073,False
206224,NYSE-CARD,25075,False
206224,NYSE-DDJH,22981,False
206224,NYSE-DDJH,22979,False
206224,NYSE-DDJH,22977,False
206224,NYSE-DDJH,22980,False
206225,NYSE-DDJH,22975,False
206225,NYSE-DDJH,22973,False
206225,NYSE-DDJH,22974,False
206225,NYSE-DDJH,22976,False
206225,NYSE-DDJH,22978,False
206225,NYSE-DDJH,22982,False
206225,NYSE-INA,23115,False
206225,NYSE-INA,23113,False
206225,NYSE-INA,23109,False
206225,NYSE-INA,23107,False
206225,NYSE-INA,23116,False
206225,NYSE-INA,23111,False
206225,NYSE-INA,23112,False
206225,NYSE-INA,23110,False
206225,NYSE-INA,23114,False
206225,NYSE-INA,23108,False
206225,NYSE-JNAF,22389,False
206225,NYSE-JNAF,22387,False
206225,NYSE-JNAF,22385,False
206225,NYSE-JNAF,22384,False
206225,NYSE-JNAF,22383,False
206225,NYSE-JNAF,22381,False
206225,NYSE-JNAF,22380,False
206225,NYSE-JNAF,22386,False
206225,NYSE-JNAF,22388,False
206225,NYSE-JNAF,22382,False
206225,NYSE-JZRO,23383,False
206225,NYSE-JZRO,23382,False
206225,NYSE-JZRO,23381,False
206225,NYSE-KRAS,22876,False
206225,NYSE-KRAS,22874,False
206225,NYSE-KRAS,22873,False
206225,NYSE-KRAS,22872,False
206225,NYSE-KRAS,22875,False
206225,NYSE-KRAS,22867,False
206225,NYSE-KRAS,22869,False
206225,NYSE-KRAS,22871,False
206225,NYSE-KRAS,22868,False
206225,NYSE-KRAS,22870,False
206225,NYSE-KTST,23082,False
206225,NYSE-KTST,23078,False
206225,NYSE-KTST,23076,False
206225,NYSE-KTST,23074,False
206225,NYSE-KTST,23080,False
206225,NYSE-KTST,23075,False
206225,NYSE-KTST,23073,False
206225,NYSE-KTST,23077,False
206225,NYSE-KTST,23079,False
206225,NYSE-KTST,23081,False
206225,NYSE-MDKA,22583,False
206225,NYSE-MDKA,22575,False
206225,NYSE-MDKA,22581,False
206225,NYSE-MDKA,22579,False
206225,NYSE-MDKA,22577,False
206225,NYSE-MDKA,22584,False
206225,NYSE-MDKA,22582,False
206225,NYSE-MDKA,22576,False
206225,NYSE-MDKA,22578,False
206225,NYSE-MDKA,22580,False
206226,NYSE-NGUP,23452,False
206226,NYSE-NGUP,23451,False
206226,NYSE-NGUP,23448,False
206226,NYSE-NGUP,23444,False
206226,NYSE-NGUP,23450,False
206226,NYSE-NGUP,23449,False
206226,NYSE-NGUP,23446,False
206226,NYSE-NGUP,23447,False
206226,NYSE-NGUP,23445,False
206226,NYSE-NGUP,23443,False
206226,NYSE-SIMP,23390,False
206226,NYSE-SIMP,23389,False
206226,NYSE-SIMP,23388,False
206226,NYSE-SIMP,23386,False
206226,NYSE-SIMP,23384,False
206226,NYSE-SIMP,23391,False
206226,NYSE-XFR,22527,False
206226,NYSE-XFR,22525,False
206226,NYSE-XFR,22523,False
206226,NYSE-XFR,22521,False
206226,NYSE-XFR,22520,False
206226,NYSE-XFR,22524,False
206226,NYSE-XFR,22519,False
206226,NYSE-XFR,22528,False
206226,NYSE-XFR,22522,False
206226,NYSE-XFR,22526,False
206226,NYSE-ZABA,22772,False
206226,NYSE-ZABA,22770,False
206226,NYSE-ZABA,22768,False
206226,NYSE-ZABA,22766,False
206226,NYSE-ZABA,22773,False
206226,NYSE-ZABA,22764,False
206226,NYSE-ZABA,22769,False
206226,NYSE-ZABA,22771,False
206226,NYSE-ZABA,22767,False
206226,NYSE-ZABA,22765,False
206323,NYSE-ETFA3,22740,False
206323,NYSE-ETFA3,22738,False
206323,NYSE-ETFA3,22736,False
206323,NYSE-ETFA3,22734,False
206323,NYSE-ETFA3,22732,False
206323,NYSE-ETFA3,22737,False
206323,NYSE-ETFA3,22735,False
206323,NYSE-ETFA3,22739,False
206323,NYSE-ETFA3,22741,False
206323,NYSE-ETFA3,22733,False
206323,NYSE-ETFA,22623,False
206323,NYSE-ETFA,22622,False
206323,NYSE-ETFA,22620,False
206323,NYSE-ETFA,22618,False
206323,NYSE-ETFA,22616,False
206323,NYSE-ETFA,22615,False
206324,NYSE-ETFA,22619,False
206324,NYSE-ETFA,22621,False
206324,NYSE-ETFA,22624,False
206324,NYSE-ETFA,22617,False
206324,NYSE-CARD,25082,False
206324,NYSE-CARD,25080,False
206324,NYSE-CARD,25083,False
206324,NYSE-CARD,25085,False
206324,NYSE-CARD,25087,False
206324,NYSE-CARD,25089,False
206324,NYSE-CARD,25081,False
206324,NYSE-CARD,25084,False
206324,NYSE-CARD,25086,False
206324,NYSE-CARD,25088,False
206324,NYSE-DDJH,22983,False
206324,NYSE-DDJH,22991,False
206324,NYSE-DDJH,22989,False
206324,NYSE-DDJH,22987,False
206324,NYSE-DDJH,22985,False
206324,NYSE-DDJH,22992,False
206324,NYSE-DDJH,22986,False
206324,NYSE-DDJH,22988,False
206324,NYSE-DDJH,22990,False
206324,NYSE-DDJH,22984,False
206324,NYSE-INA,23128,False
206324,NYSE-INA,23126,False
206324,NYSE-INA,23124,False
206324,NYSE-INA,23123,False
206324,NYSE-INA,23122,False
206324,NYSE-INA,23120,False
206324,NYSE-INA,23121,False
206324,NYSE-INA,23125,False
206324,NYSE-INA,23127,False
206324,NYSE-INA,23129,False
206324,NYSE-JNAF,22399,False
206324,NYSE-JNAF,22398,False
206324,NYSE-JNAF,22396,False
206324,NYSE-JNAF,22394,False
206324,NYSE-JNAF,22393,False
206324,NYSE-JNAF,22395,False
206324,NYSE-JNAF,22391,False
206324,NYSE-JNAF,22390,False
206324,NYSE-JNAF,22397,False
206324,NYSE-JNAF,22392,False
206325,NYSE-JZRO,23392,False
206325,NYSE-KRAS,22887,False
206325,NYSE-KRAS,22886,False
206325,NYSE-KRAS,22884,False
206325,NYSE-KRAS,22882,False
206325,NYSE-KRAS,22880,False
206325,NYSE-KRAS,22888,False
206325,NYSE-KRAS,22879,False
206325,NYSE-KRAS,22881,False
206325,NYSE-KRAS,22883,False
206325,NYSE-KRAS,22885,False
206325,NYSE-KTST,23094,False
206325,NYSE-KTST,23093,False
206325,NYSE-KTST,23092,False
206325,NYSE-KTST,23090,False
206325,NYSE-KTST,23088,False
206325,NYSE-KTST,23086,False
206325,NYSE-KTST,23091,False
206325,NYSE-KTST,23089,False
206325,NYSE-KTST,23087,False
206325,NYSE-KTST,23085,False
206325,NYSE-MDKA,22595,False
206325,NYSE-MDKA,22594,False
206325,NYSE-MDKA,22592,False
206325,NYSE-MDKA,22589,False
206325,NYSE-MDKA,22587,False
206325,NYSE-MDKA,22591,False
206325,NYSE-MDKA,22590,False
206325,NYSE-MDKA,22588,False
206325,NYSE-MDKA,22593,False
206325,NYSE-MDKA,22586,False
206326,NYSE-NGUP,23461,False
206326,NYSE-NGUP,23459,False
206326,NYSE-NGUP,23458,False
206326,NYSE-NGUP,23456,False
206326,NYSE-NGUP,23455,False
206326,NYSE-NGUP,23454,False
206326,NYSE-NGUP,23453,False
206326,NYSE-NGUP,23457,False
206326,NYSE-NGUP,23460,False
206326,NYSE-NGUP,23462,False
206326,NYSE-SIMP,23402,False
206326,NYSE-SIMP,23400,False
206326,NYSE-SIMP,23398,False
206326,NYSE-SIMP,23394,False
206326,NYSE-SIMP,23396,False
206326,NYSE-XFR,22539,False
206326,NYSE-XFR,22537,False
206326,NYSE-XFR,22535,False
206326,NYSE-XFR,22533,False
206326,NYSE-XFR,22531,False
206326,NYSE-XFR,22532,False
206326,NYSE-XFR,22536,False
206326,NYSE-XFR,22530,False
206326,NYSE-XFR,22534,False
206326,NYSE-XFR,22538,False
206326,NYSE-ZABA,22784,False
206326,NYSE-ZABA,22782,False
206326,NYSE-ZABA,22776,False
206326,NYSE-ZABA,22775,False
206326,NYSE-ZABA,22780,False
206326,NYSE-ZABA,22777,False
206326,NYSE-ZABA,22778,False
206326,NYSE-ZABA,22781,False
206326,NYSE-ZABA,22783,False
206326,NYSE-ZABA,22779,False
206423,NYSE-ETFA3,22751,False
206423,NYSE-ETFA3,22749,False
206423,NYSE-ETFA3,22742,False
206423,NYSE-ETFA3,22747,False
206423,NYSE-ETFA3,22745,False
206423,NYSE-ETFA3,22743,False
206423,NYSE-ETFA3,22748,False
206423,NYSE-ETFA3,22746,False
206423,NYSE-ETFA3,22750,False
206423,NYSE-ETFA3,22744,False
206423,NYSE-ETFA,22632,False
206423,NYSE-ETFA,22630,False
206423,NYSE-ETFA,22625,False
206423,NYSE-ETFA,22631,False
206423,NYSE-ETFA,22629,False
206423,NYSE-ETFA,22627,False
206423,NYSE-ETFA,22633,False
206423,NYSE-ETFA,22626,False
206424,NYSE-ETFA,22634,False
206424,NYSE-ETFA,22628,False
206424,NYSE-CARD,25096,False
206424,NYSE-CARD,25095,False
206424,NYSE-CARD,25094,False
206424,NYSE-CARD,25092,False
206424,NYSE-CARD,25091,False
206424,NYSE-CARD,25090,False
206424,NYSE-CARD,25098,False
206424,NYSE-CARD,25097,False
206424,NYSE-CARD,25093,False
206424,NYSE-CARD,25099,False
206424,NYSE-DDJH,23002,False
206424,NYSE-DDJH,23001,False
206424,NYSE-DDJH,22998,False
206424,NYSE-DDJH,22994,False
206424,NYSE-DDJH,22999,False
206424,NYSE-DDJH,22997,False
206424,NYSE-DDJH,22996,False
206424,NYSE-DDJH,23000,False
206424,NYSE-DDJH,22993,False
206424,NYSE-DDJH,22995,False
206424,NYSE-INA,23138,False
206424,NYSE-INA,23136,False
206424,NYSE-INA,23134,False
206424,NYSE-INA,23135,False
206424,NYSE-INA,23140,False
206424,NYSE-INA,23132,False
206424,NYSE-INA,23133,False
206424,NYSE-INA,23131,False
206424,NYSE-INA,23137,False
206424,NYSE-INA,23139,False
206424,NYSE-JNAF,22408,False
206424,NYSE-JNAF,22407,False
206424,NYSE-JNAF,22406,False
206424,NYSE-JNAF,22405,False
206424,NYSE-JNAF,22404,False
206424,NYSE-JNAF,22402,False
206424,NYSE-JNAF,22401,False
206424,NYSE-JNAF,22400,False
206424,NYSE-JNAF,22409,False
206424,NYSE-JNAF,22403,False
206424,NYSE-JZRO,23403,False
206424,NYSE-KRAS,22897,False
206424,NYSE-KRAS,22896,False
206424,NYSE-KRAS,22894,False
206424,NYSE-KRAS,22891,False
206424,NYSE-KRAS,22889,False
206424,NYSE-KRAS,22893,False
206424,NYSE-KRAS,22890,False
206424,NYSE-KRAS,22892,False
206424,NYSE-KRAS,22895,False
206424,NYSE-KRAS,22898,False
206424,NYSE-KTST,23103,False
206424,NYSE-KTST,23101,False
206424,NYSE-KTST,23097,False
206424,NYSE-KTST,23095,False
206424,NYSE-KTST,23099,False
206424,NYSE-KTST,23104,False
206424,NYSE-KTST,23102,False
206424,NYSE-KTST,23100,False
206424,NYSE-KTST,23096,False
206424,NYSE-KTST,23098,False
206424,NYSE-MDKA,22605,False
206424,NYSE-MDKA,22603,False
206424,NYSE-MDKA,22601,False
206424,NYSE-MDKA,22599,False
206424,NYSE-MDKA,22597,False
206424,NYSE-MDKA,22598,False
206424,NYSE-MDKA,22596,False
206424,NYSE-MDKA,22600,False
206424,NYSE-MDKA,22602,False
206424,NYSE-MDKA,22604,False
206425,NYSE-NGUP,23473,False
206425,NYSE-NGUP,23471,False
206425,NYSE-NGUP,23469,False
206425,NYSE-NGUP,23467,False
206425,NYSE-NGUP,23465,False
206425,NYSE-NGUP,23466,False
206425,NYSE-NGUP,23464,False
206425,NYSE-NGUP,23468,False
206425,NYSE-NGUP,23472,False
206425,NYSE-NGUP,23470,False
206425,NYSE-SIMP,23413,False
206425,NYSE-SIMP,23411,False
206425,NYSE-SIMP,23407,False
206425,NYSE-SIMP,23409,False
206425,NYSE-SIMP,23412,False
206425,NYSE-SIMP,23405,False
206425,NYSE-SIMP,23410,False
206425,NYSE-SIMP,23408,False
206425,NYSE-SIMP,23406,False
206425,NYSE-XFR,22547,False
206425,NYSE-XFR,22545,False
206425,NYSE-XFR,22543,False
206425,NYSE-XFR,22541,False
206425,NYSE-XFR,22549,False
206425,NYSE-XFR,22540,False
206425,NYSE-XFR,22548,False
206425,NYSE-XFR,22546,False
206425,NYSE-XFR,22542,False
206425,NYSE-XFR,22544,False
206425,NYSE-ZABA,22794,False
206425,NYSE-ZABA,22792,False
206425,NYSE-ZABA,22790,False
206425,NYSE-ZABA,22788,False
206425,NYSE-ZABA,22786,False
206425,NYSE-ZABA,22789,False
206425,NYSE-ZABA,22793,False
206425,NYSE-ZABA,22785,False
206425,NYSE-ZABA,22787,False
206425,NYSE-ZABA,22791,False
206429,NYSE-ETFA,22645,False
206429,NYSE-KRAS,22910,False
206429,NYSE-JZRO,23424,False
206429,NYSE-SIMP,23426,False
206523,NYSE-ETFA3,22756,False
206523,NYSE-ETFA3,22753,False
206523,NYSE-ETFA3,22760,False
206523,NYSE-ETFA3,22758,False
206523,NYSE-ETFA3,22754,False
206523,NYSE-ETFA3,22759,False
206523,NYSE-ETFA3,22762,False
206523,NYSE-ETFA3,22761,False
206523,NYSE-ETFA3,22755,False
206523,NYSE-ETFA3,22757,False
206524,NYSE-ETFA,22642,False
206524,NYSE-ETFA,22640,False
206524,NYSE-ETFA,22638,False
206524,NYSE-ETFA,22637,False
206524,NYSE-ETFA,22639,False
206524,NYSE-ETFA,22641,False
206524,NYSE-ETFA,22635,False
206524,NYSE-ETFA,22643,False
206524,NYSE-ETFA,22644,False
206524,NYSE-ETFA,22636,False
206524,NYSE-CARD,25105,False
206524,NYSE-CARD,25104,False
206524,NYSE-CARD,25102,False
206524,NYSE-CARD,25109,False
206524,NYSE-CARD,25107,False
206524,NYSE-CARD,25106,False
206524,NYSE-CARD,25101,False
206524,NYSE-CARD,25103,False
206524,NYSE-CARD,25108,False
206524,NYSE-CARD,25110,False
206524,NYSE-DDJH,23012,False
206524,NYSE-DDJH,23008,False
206524,NYSE-DDJH,23006,False
206524,NYSE-DDJH,23004,False
206524,NYSE-DDJH,23010,False
206524,NYSE-DDJH,23011,False
206524,NYSE-DDJH,23003,False
206524,NYSE-DDJH,23005,False
206524,NYSE-DDJH,23007,False
206524,NYSE-DDJH,23009,False
206524,NYSE-INA,23149,False
206524,NYSE-INA,23147,False
206524,NYSE-INA,23146,False
206524,NYSE-INA,23145,False
206524,NYSE-INA,23144,False
206524,NYSE-INA,23143,False
206524,NYSE-INA,23142,False
206524,NYSE-INA,23150,False
206524,NYSE-INA,23141,False
206524,NYSE-INA,23148,False
206524,NYSE-JNAF,22419,False
206524,NYSE-JNAF,22418,False
206524,NYSE-JNAF,22417,False
206524,NYSE-JNAF,22416,False
206524,NYSE-JNAF,22413,False
206524,NYSE-JNAF,22411,False
206525,NYSE-JNAF,22410,False
206525,NYSE-JNAF,22415,False
206525,NYSE-JNAF,22414,False
206525,NYSE-JNAF,22412,False
206525,NYSE-JZRO,23414,False
206525,NYSE-KRAS,22908,False
206525,NYSE-KRAS,22907,False
206525,NYSE-KRAS,22904,False
206525,NYSE-KRAS,22902,False
206525,NYSE-KRAS,22905,False
206525,NYSE-KRAS,22900,False
206525,NYSE-KRAS,22906,False
206525,NYSE-KRAS,22901,False
206525,NYSE-KRAS,22903,False
206525,NYSE-KRAS,22909,False
206525,NYSE-KTST,23115,False
206525,NYSE-KTST,23113,False
206525,NYSE-KTST,23109,False
206525,NYSE-KTST,23107,False
206525,NYSE-KTST,23111,False
206525,NYSE-KTST,23112,False
206525,NYSE-KTST,23110,False
206525,NYSE-KTST,23114,False
206525,NYSE-KTST,23108,False
206525,NYSE-KTST,23106,False
206525,NYSE-MDKA,22617,False
206525,NYSE-MDKA,22615,False
206525,NYSE-MDKA,22613,False
206525,NYSE-MDKA,22612,False
206525,NYSE-MDKA,22611,False
206525,NYSE-MDKA,22609,False
206525,NYSE-MDKA,22614,False
206525,NYSE-MDKA,22616,False
206525,NYSE-MDKA,22610,False
206525,NYSE-MDKA,22608,False
206525,NYSE-NGUP,23482,False
206525,NYSE-NGUP,23481,False
206525,NYSE-NGUP,23480,False
206525,NYSE-NGUP,23479,False
206525,NYSE-NGUP,23478,False
206525,NYSE-NGUP,23475,False
206525,NYSE-NGUP,23476,False
206525,NYSE-NGUP,23477,False
206525,NYSE-NGUP,23483,False
206525,NYSE-NGUP,23474,False
206525,NYSE-SIMP,23420,False
206525,NYSE-SIMP,23418,False
206525,NYSE-SIMP,23424,False
206525,NYSE-SIMP,23422,False
206525,NYSE-SIMP,23417,False
206525,NYSE-SIMP,23423,False
206525,NYSE-SIMP,23419,False
206525,NYSE-SIMP,23421,False
206525,NYSE-XFR,22560,False
206525,NYSE-XFR,22558,False
206525,NYSE-XFR,22556,False
206525,NYSE-XFR,22554,False
206525,NYSE-XFR,22552,False
206525,NYSE-XFR,22551,False
206526,NYSE-XFR,22559,False
206526,NYSE-XFR,22555,False
206526,NYSE-XFR,22553,False
206526,NYSE-XFR,22557,False
206526,NYSE-ZABA,22804,False
206526,NYSE-ZABA,22802,False
206526,NYSE-ZABA,22800,False
206526,NYSE-ZABA,22798,False
206526,NYSE-ZABA,22796,False
206526,NYSE-ZABA,22797,False
206526,NYSE-ZABA,22803,False
206526,NYSE-ZABA,22795,False
206526,NYSE-ZABA,22799,False
206526,NYSE-ZABA,22801,False
206559,NYSE-KTST,23126,False
206559,NYSE-ZABA,22815,False
206559,NYSE-KTST,23127,False
206623,NYSE-ETFA3,22766,False
206623,NYSE-ETFA3,22764,False
206623,NYSE-ETFA3,22772,False
206623,NYSE-ETFA3,22770,False
206623,NYSE-ETFA3,22768,False
206623,NYSE-ETFA3,22769,False
206623,NYSE-ETFA3,22771,False
206623,NYSE-ETFA3,22763,False
206623,NYSE-ETFA3,22767,False
206623,NYSE-ETFA3,22765,False
206623,NYSE-ETFA,22652,False
206623,NYSE-ETFA,22650,False
206623,NYSE-ETFA,22648,False
206623,NYSE-ETFA,22647,False
206624,NYSE-ETFA,22655,False
206624,NYSE-ETFA,22653,False
206624,NYSE-ETFA,22651,False
206624,NYSE-ETFA,22646,False
206624,NYSE-ETFA,22649,False
206624,NYSE-ETFA,22654,False
206624,NYSE-CARD,25117,False
206624,NYSE-CARD,25115,False
206624,NYSE-CARD,25114,False
206624,NYSE-CARD,25112,False
206624,NYSE-CARD,25120,False
206624,NYSE-CARD,25118,False
206624,NYSE-CARD,25113,False
206624,NYSE-CARD,25116,False
206624,NYSE-CARD,25119,False
206624,NYSE-CARD,25121,False
206624,NYSE-DDJH,23022,False
206624,NYSE-DDJH,23020,False
206624,NYSE-DDJH,23015,False
206624,NYSE-DDJH,23014,False
206624,NYSE-DDJH,23013,False
206624,NYSE-DDJH,23019,False
206624,NYSE-DDJH,23017,False
206624,NYSE-DDJH,23018,False
206624,NYSE-DDJH,23016,False
206624,NYSE-DDJH,23021,False
206625,NYSE-INA,23163,False
206625,NYSE-INA,23161,False
206625,NYSE-INA,23159,False
206625,NYSE-INA,23155,False
206625,NYSE-INA,23162,False
206625,NYSE-INA,23154,False
206625,NYSE-INA,23158,False
206625,NYSE-INA,23156,False
206625,NYSE-INA,23160,False
206625,NYSE-INA,23157,False
206625,NYSE-JNAF,22429,False
206625,NYSE-JNAF,22428,False
206625,NYSE-JNAF,22421,False
206625,NYSE-JNAF,22420,False
206625,NYSE-JNAF,22426,False
206625,NYSE-JNAF,22424,False
206625,NYSE-JNAF,22422,False
206625,NYSE-JNAF,22427,False
206625,NYSE-JNAF,22423,False
206625,NYSE-JNAF,22425,False
206625,NYSE-JZRO,23425,False
206625,NYSE-KRAS,22920,False
206625,NYSE-KRAS,22918,False
206625,NYSE-KRAS,22915,False
206625,NYSE-KRAS,22912,False
206625,NYSE-KRAS,22916,False
206625,NYSE-KRAS,22919,False
206625,NYSE-KRAS,22921,False
206625,NYSE-KRAS,22913,False
206625,NYSE-KRAS,22914,False
206625,NYSE-KRAS,22917,False
206625,NYSE-KTST,23124,False
206625,NYSE-KTST,23123,False
206625,NYSE-KTST,23122,False
206625,NYSE-KTST,23120,False
206625,NYSE-KTST,23119,False
206625,NYSE-KTST,23118,False
206625,NYSE-KTST,23116,False
206625,NYSE-KTST,23121,False
206625,NYSE-KTST,23125,False
206625,NYSE-KTST,23117,False
206625,NYSE-MDKA,22628,False
206625,NYSE-MDKA,22627,False
206625,NYSE-MDKA,22626,False
206625,NYSE-MDKA,22625,False
206625,NYSE-MDKA,22624,False
206625,NYSE-MDKA,22623,False
206625,NYSE-MDKA,22621,False
206625,NYSE-MDKA,22620,False
206625,NYSE-MDKA,22619,False
206625,NYSE-MDKA,22622,False
206625,NYSE-NGUP,23493,False
206625,NYSE-NGUP,23492,False
206625,NYSE-NGUP,23490,False
206625,NYSE-NGUP,23489,False
206625,NYSE-NGUP,23487,False
206625,NYSE-NGUP,23486,False
206625,NYSE-NGUP,23485,False
206625,NYSE-NGUP,23484,False
206625,NYSE-NGUP,23488,False
206625,NYSE-NGUP,23491,False
206625,NYSE-SIMP,23433,False
206625,NYSE-SIMP,23427,False
206626,NYSE-SIMP,23430,False
206626,NYSE-SIMP,23431,False
206626,NYSE-SIMP,23429,False
206626,NYSE-SIMP,23432,False
206626,NYSE-SIMP,23434,False
206626,NYSE-SIMP,23428,False
206626,NYSE-XFR,22565,False
206626,NYSE-XFR,22563,False
206626,NYSE-XFR,22571,False
206626,NYSE-XFR,22569,False
206626,NYSE-XFR,22566,False
206626,NYSE-XFR,22570,False
206626,NYSE-XFR,22568,False
206626,NYSE-XFR,22562,False
206626,NYSE-XFR,22564,False
206626,NYSE-XFR,22567,False
206626,NYSE-ZABA,22811,False
206626,NYSE-ZABA,22808,False
206626,NYSE-ZABA,22807,False
206626,NYSE-ZABA,22809,False
206626,NYSE-ZABA,22813,False
206626,NYSE-ZABA,22814,False
206626,NYSE-ZABA,22812,False
206626,NYSE-ZABA,22810,False
206626,NYSE-ZABA,22805,False
206626,NYSE-ZABA,22806,False
206658,NYSE-ETFA3,22783,False
206658,NYSE-ZABA,22826,False
206680,NYSE-NGUP,23506,False
206680,NYSE-XFR,22583,False
206680,NYSE-CARD,25136,False
206715,NYSE-KTST,23142,False
206723,NYSE-ETFA3,22782,False
206723,NYSE-ETFA3,22780,False
206723,NYSE-ETFA3,22778,False
206723,NYSE-ETFA3,22777,False
206723,NYSE-ETFA3,22775,False
206723,NYSE-ETFA3,22773,False
206723,NYSE-ETFA3,22774,False
206723,NYSE-ETFA3,22781,False
206723,NYSE-ETFA3,22779,False
206724,NYSE-ETFA3,22776,False
206724,NYSE-ETFA,22664,False
206724,NYSE-ETFA,22662,False
206724,NYSE-ETFA,22660,False
206724,NYSE-ETFA,22658,False
206724,NYSE-ETFA,22663,False
206724,NYSE-ETFA,22661,False
206724,NYSE-ETFA,22659,False
206724,NYSE-ETFA,22657,False
206725,NYSE-ETFA,22665,False
206725,NYSE-ETFA,22656,False
206725,NYSE-CARD,25128,False
206725,NYSE-CARD,25126,False
206725,NYSE-CARD,25125,False
206725,NYSE-CARD,25130,False
206725,NYSE-CARD,25123,False
206725,NYSE-CARD,25129,False
206725,NYSE-CARD,25127,False
206725,NYSE-CARD,25131,False
206725,NYSE-CARD,25132,False
206725,NYSE-DDJH,23031,False
206725,NYSE-DDJH,23029,False
206725,NYSE-DDJH,23027,False
206725,NYSE-DDJH,23026,False
206725,NYSE-DDJH,23025,False
206725,NYSE-DDJH,23032,False
206725,NYSE-DDJH,23030,False
206725,NYSE-DDJH,23028,False
206725,NYSE-DDJH,23023,False
206725,NYSE-DDJH,23024,False
206725,NYSE-INA,23173,False
206725,NYSE-INA,23172,False
206725,NYSE-INA,23171,False
206725,NYSE-INA,23170,False
206725,NYSE-INA,23169,False
206725,NYSE-INA,23168,False
206725,NYSE-INA,23167,False
206725,NYSE-INA,23165,False
206725,NYSE-INA,23174,False
206725,NYSE-JNAF,22439,False
206725,NYSE-JNAF,22438,False
206725,NYSE-JNAF,22437,False
206725,NYSE-JNAF,22436,False
206725,NYSE-JNAF,22435,False
206725,NYSE-JNAF,22433,False
206725,NYSE-JNAF,22432,False
206725,NYSE-JNAF,22430,False
206725,NYSE-JNAF,22434,False
206725,NYSE-JZRO,23435,False
206725,NYSE-KRAS,22931,False
206725,NYSE-KRAS,22929,False
206725,NYSE-KRAS,22927,False
206725,NYSE-KRAS,22926,False
206725,NYSE-KRAS,22924,False
206725,NYSE-KRAS,22928,False
206725,NYSE-KRAS,22923,False
206725,NYSE-KRAS,22925,False
206725,NYSE-KRAS,22930,False
206725,NYSE-KTST,23138,False
206725,NYSE-KTST,23136,False
206725,NYSE-KTST,23135,False
206725,NYSE-KTST,23134,False
206725,NYSE-KTST,23132,False
206725,NYSE-KTST,23130,False
206725,NYSE-KTST,23133,False
206725,NYSE-KTST,23131,False
206725,NYSE-KTST,23137,False
206725,NYSE-KTST,23129,False
206726,NYSE-MDKA,22639,False
206726,NYSE-MDKA,22638,False
206726,NYSE-MDKA,22637,False
206726,NYSE-MDKA,22635,False
206726,NYSE-MDKA,22634,False
206726,NYSE-MDKA,22633,False
206726,NYSE-MDKA,22632,False
206726,NYSE-MDKA,22631,False
206726,NYSE-MDKA,22630,False
206726,NYSE-MDKA,22636,False
206726,NYSE-NGUP,23503,False
206726,NYSE-NGUP,23502,False
206726,NYSE-NGUP,23498,False
206726,NYSE-NGUP,23496,False
206726,NYSE-NGUP,23494,False
206726,NYSE-NGUP,23500,False
206726,NYSE-NGUP,23497,False
206726,NYSE-NGUP,23499,False
206726,NYSE-NGUP,23501,False
206726,NYSE-SIMP,23444,False
206726,NYSE-SIMP,23441,False
206726,NYSE-SIMP,23446,False
206726,NYSE-SIMP,23438,False
206726,NYSE-SIMP,23442,False
206726,NYSE-SIMP,23445,False
206726,NYSE-SIMP,23440,False
206726,NYSE-SIMP,23443,False
206726,NYSE-XFR,22575,False
206726,NYSE-XFR,22573,False
206726,NYSE-XFR,22581,False
206726,NYSE-XFR,22579,False
206726,NYSE-XFR,22577,False
206726,NYSE-XFR,22576,False
206726,NYSE-XFR,22578,False
206726,NYSE-XFR,22580,False
206726,NYSE-XFR,22572,False
206726,NYSE-XFR,22574,False
206726,NYSE-ZABA,22824,False
206726,NYSE-ZABA,22822,False
206726,NYSE-ZABA,22819,False
206726,NYSE-ZABA,22817,False
206726,NYSE-ZABA,22818,False
206726,NYSE-ZABA,22816,False
206726,NYSE-ZABA,22823,False
206726,NYSE-ZABA,22825,False
206726,NYSE-ZABA,22821,False
206726,NYSE-ZABA,22820,False
206795,NYSE-ETFA3,22797,False
206795,NYSE-CARD,25149,False
206795,NYSE-XFR,22595,False
206795,NYSE-SIMP,23248,False
206795,NYSE-KRAS,22734,False
206823,NYSE-ETFA3,22794,False
206823,NYSE-ETFA3,22792,False
206823,NYSE-ETFA3,22789,False
206823,NYSE-ETFA3,22788,False
206823,NYSE-ETFA3,22787,False
206823,NYSE-ETFA3,22786,False
206823,NYSE-ETFA3,22793,False
206823,NYSE-ETFA3,22785,False
206823,NYSE-ETFA3,22791,False
206823,NYSE-ETFA3,22790,False
206823,NYSE-ETFA,22675,False
206823,NYSE-ETFA,22674,False
206823,NYSE-ETFA,22673,False
206823,NYSE-ETFA,22672,False
206823,NYSE-ETFA,22671,False
206823,NYSE-ETFA,22669,False
206823,NYSE-ETFA,22668,False
206823,NYSE-ETFA,22666,False
206823,NYSE-ETFA,22670,False
206823,NYSE-ETFA,22667,False
206824,NYSE-CARD,25138,False
206824,NYSE-CARD,25145,False
206824,NYSE-CARD,25144,False
206824,NYSE-CARD,25142,False
206824,NYSE-CARD,25140,False
206824,NYSE-CARD,25146,False
206824,NYSE-CARD,25141,False
206824,NYSE-CARD,25139,False
206824,NYSE-CARD,25143,False
206824,NYSE-DDJH,23040,False
206824,NYSE-DDJH,23038,False
206824,NYSE-DDJH,23037,False
206824,NYSE-DDJH,23036,False
206824,NYSE-DDJH,23034,False
206824,NYSE-DDJH,23041,False
206824,NYSE-DDJH,23039,False
206824,NYSE-DDJH,23035,False
206824,NYSE-DDJH,23033,False
206824,NYSE-DDJH,23042,False
206824,NYSE-INA,23185,False
206824,NYSE-INA,23183,False
206824,NYSE-INA,23181,False
206824,NYSE-INA,23177,False
206824,NYSE-INA,23186,False
206824,NYSE-INA,23184,False
206824,NYSE-INA,23182,False
206824,NYSE-INA,23179,False
206824,NYSE-INA,23180,False
206824,NYSE-JNAF,22450,False
206824,NYSE-JNAF,22445,False
206824,NYSE-JNAF,22444,False
206824,NYSE-JNAF,22443,False
206824,NYSE-JNAF,22442,False
206824,NYSE-JNAF,22447,False
206824,NYSE-JNAF,22451,False
206824,NYSE-JNAF,22449,False
206824,NYSE-JNAF,22448,False
206824,NYSE-JNAF,22446,False
206824,NYSE-JZRO,23457,False
206824,NYSE-KRAS,22944,False
206824,NYSE-KRAS,22943,False
206824,NYSE-KRAS,22942,False
206824,NYSE-KRAS,22940,False
206824,NYSE-KRAS,22938,False
206824,NYSE-KRAS,22935,False
206824,NYSE-KRAS,22937,False
206824,NYSE-KRAS,22939,False
206824,NYSE-KRAS,22936,False
206824,NYSE-KRAS,22941,False
206824,NYSE-KTST,23151,False
206824,NYSE-KTST,23149,False
206824,NYSE-KTST,23147,False
206824,NYSE-KTST,23146,False
206824,NYSE-KTST,23145,False
206824,NYSE-KTST,23143,False
206824,NYSE-KTST,23152,False
206824,NYSE-KTST,23150,False
206824,NYSE-KTST,23148,False
206824,NYSE-MDKA,22650,False
206824,NYSE-MDKA,22649,False
206824,NYSE-MDKA,22647,False
206824,NYSE-MDKA,22645,False
206824,NYSE-MDKA,22644,False
206824,NYSE-MDKA,22643,False
206824,NYSE-MDKA,22646,False
206824,NYSE-MDKA,22642,False
206824,NYSE-MDKA,22651,False
206824,NYSE-MDKA,22648,False
206824,NYSE-NGUP,23517,False
206824,NYSE-NGUP,23516,False
206824,NYSE-NGUP,23515,False
206824,NYSE-NGUP,23514,False
206824,NYSE-NGUP,23513,False
206824,NYSE-NGUP,23511,False
206824,NYSE-NGUP,23509,False
206824,NYSE-NGUP,23518,False
206824,NYSE-NGUP,23512,False
206824,NYSE-SIMP,23448,False
206824,NYSE-SIMP,23456,False
206824,NYSE-SIMP,23455,False
206824,NYSE-SIMP,23454,False
206824,NYSE-SIMP,23452,False
206824,NYSE-SIMP,23451,False
206824,NYSE-SIMP,23450,False
206824,NYSE-SIMP,23453,False
206824,NYSE-SIMP,23449,False
206824,NYSE-SIMP,23447,False
206824,NYSE-XFR,22592,False
206824,NYSE-XFR,22589,False
206824,NYSE-XFR,22587,False
206824,NYSE-XFR,22585,False
206824,NYSE-XFR,22591,False
206824,NYSE-XFR,22590,False
206824,NYSE-XFR,22588,False
206825,NYSE-XFR,22593,False
206825,NYSE-XFR,22586,False
206825,NYSE-XFR,22584,False
206825,NYSE-ZABA,22834,False
206825,NYSE-ZABA,22832,False
206825,NYSE-ZABA,22830,False
206825,NYSE-ZABA,22836,False
206825,NYSE-ZABA,22835,False
206825,NYSE-ZABA,22827,False
206825,NYSE-ZABA,22829,False
206825,NYSE-ZABA,22833,False
206825,NYSE-ZABA,22831,False
206889,NYSE-XFR,22607,False
206889,NYSE-ZABA,22850,False
206890,NYSE-JZRO,22893,False
206890,NYSE-JZRO,22891,False
206923,NYSE-ETFA3,22807,False
206923,NYSE-ETFA3,22805,False
206923,NYSE-ETFA3,22800,False
206923,NYSE-ETFA3,22798,False
206923,NYSE-ETFA3,22804,False
206923,NYSE-ETFA3,22802,False
206923,NYSE-ETFA3,22801,False
206923,NYSE-ETFA3,22803,False
206923,NYSE-ETFA3,22799,False
206923,NYSE-ETFA3,22806,False
206923,NYSE-ETFA,22685,False
206923,NYSE-ETFA,22684,False
206923,NYSE-ETFA,22682,False
206923,NYSE-ETFA,22680,False
206923,NYSE-ETFA,22678,False
206923,NYSE-ETFA,22677,False
206923,NYSE-ETFA,22676,False
206924,NYSE-ETFA,22683,False
206924,NYSE-ETFA,22679,False
206924,NYSE-ETFA,22681,False
206924,NYSE-CARD,25151,False
206924,NYSE-CARD,25160,False
206924,NYSE-CARD,25158,False
206924,NYSE-CARD,25156,False
206924,NYSE-CARD,25153,False
206924,NYSE-CARD,25155,False
206924,NYSE-CARD,25157,False
206924,NYSE-CARD,25152,False
206924,NYSE-CARD,25154,False
206924,NYSE-CARD,25159,False
206924,NYSE-DDJH,23051,False
206924,NYSE-DDJH,23049,False
206924,NYSE-DDJH,23047,False
206924,NYSE-DDJH,23045,False
206924,NYSE-DDJH,23054,False
206924,NYSE-DDJH,23052,False
206924,NYSE-DDJH,23046,False
206924,NYSE-DDJH,23050,False
206924,NYSE-DDJH,23048,False
206924,NYSE-DDJH,23053,False
206924,NYSE-INA,23201,False
206924,NYSE-INA,23199,False
206924,NYSE-INA,23197,False
206924,NYSE-INA,23195,False
206924,NYSE-INA,23193,False
206924,NYSE-INA,23200,False
206924,NYSE-INA,23198,False
206924,NYSE-INA,23196,False
206924,NYSE-INA,23194,False
206924,NYSE-INA,23202,False
206925,NYSE-JNAF,22464,False
206925,NYSE-JNAF,22462,False
206925,NYSE-JNAF,22461,False
206925,NYSE-JNAF,22457,False
206925,NYSE-JNAF,22455,False
206925,NYSE-JNAF,22459,False
206925,NYSE-JNAF,22463,False
206925,NYSE-JNAF,22458,False
206925,NYSE-JNAF,22460,False
206925,NYSE-JZRO,23469,False
206925,NYSE-JZRO,23470,False
206925,NYSE-KRAS,22956,False
206925,NYSE-KRAS,22954,False
206925,NYSE-KRAS,22952,False
206925,NYSE-KRAS,22949,False
206925,NYSE-KRAS,22948,False
206925,NYSE-KRAS,22947,False
206925,NYSE-KRAS,22950,False
206925,NYSE-KRAS,22951,False
206925,NYSE-KRAS,22953,False
206925,NYSE-KRAS,22955,False
206925,NYSE-KTST,23165,False
206925,NYSE-KTST,23163,False
206925,NYSE-KTST,23161,False
206925,NYSE-KTST,23159,False
206925,NYSE-KTST,23166,False
206925,NYSE-KTST,23162,False
206925,NYSE-KTST,23158,False
206925,NYSE-KTST,23160,False
206925,NYSE-KTST,23157,False
206925,NYSE-KTST,23164,False
206925,NYSE-MDKA,22664,False
206925,NYSE-MDKA,22662,False
206925,NYSE-MDKA,22661,False
206925,NYSE-MDKA,22660,False
206925,NYSE-MDKA,22659,False
206925,NYSE-MDKA,22658,False
206925,NYSE-MDKA,22657,False
206925,NYSE-MDKA,22655,False
206925,NYSE-MDKA,22656,False
206925,NYSE-MDKA,22663,False
206925,NYSE-NGUP,23530,False
206925,NYSE-NGUP,23529,False
206925,NYSE-NGUP,23528,False
206925,NYSE-NGUP,23527,False
206925,NYSE-NGUP,23526,False
206925,NYSE-NGUP,23525,False
206925,NYSE-NGUP,23522,False
206925,NYSE-NGUP,23531,False
206925,NYSE-NGUP,23524,False
206925,NYSE-NGUP,23523,False
206925,NYSE-SIMP,23459,False
206925,NYSE-SIMP,23467,False
206925,NYSE-SIMP,23465,False
206925,NYSE-SIMP,23463,False
206925,NYSE-SIMP,23461,False
206925,NYSE-SIMP,23458,False
206925,NYSE-SIMP,23466,False
206925,NYSE-SIMP,23464,False
206925,NYSE-SIMP,23460,False
206925,NYSE-SIMP,23462,False
206926,NYSE-XFR,22605,False
206926,NYSE-XFR,22603,False
206926,NYSE-XFR,22601,False
206926,NYSE-XFR,22599,False
206926,NYSE-XFR,22597,False
206926,NYSE-XFR,22598,False
206926,NYSE-XFR,22606,False
206926,NYSE-XFR,22600,False
206926,NYSE-XFR,22602,False
206926,NYSE-XFR,22604,False
206926,NYSE-ZABA,22848,False
206926,NYSE-ZABA,22844,False
206926,NYSE-ZABA,22842,False
206926,NYSE-ZABA,22846,False
206926,NYSE-ZABA,22845,False
206926,NYSE-ZABA,22843,False
206926,NYSE-ZABA,22841,False
206926,NYSE-ZABA,22847,False
206926,NYSE-ZABA,22849,False
206926,NYSE-ZABA,22840,False
207023,NYSE-ETFA3,22818,False
207023,NYSE-ETFA3,22817,False
207023,NYSE-ETFA3,22815,False
207023,NYSE-ETFA3,22813,False
207023,NYSE-ETFA3,22811,False
207023,NYSE-ETFA3,22809,False
207023,NYSE-ETFA3,22814,False
207023,NYSE-ETFA3,22816,False
207023,NYSE-ETFA3,22812,False
207024,NYSE-ETFA3,22810,False
207024,NYSE-ETFA,22696,False
207024,NYSE-ETFA,22695,False
207024,NYSE-ETFA,22689,False
207024,NYSE-ETFA,22688,False
207024,NYSE-ETFA,22687,False
207024,NYSE-ETFA,22694,False
207024,NYSE-ETFA,22692,False
207024,NYSE-ETFA,22690,False
207024,NYSE-ETFA,22691,False
207024,NYSE-ETFA,22693,False
207024,NYSE-CARD,25164,False
207024,NYSE-CARD,25172,False
207024,NYSE-CARD,25170,False
207024,NYSE-CARD,25167,False
207024,NYSE-CARD,25166,False
207024,NYSE-CARD,25165,False
207024,NYSE-CARD,25168,False
207024,NYSE-CARD,25169,False
207024,NYSE-CARD,25171,False
207024,NYSE-CARD,25173,False
207024,NYSE-DDJH,23064,False
207024,NYSE-DDJH,23062,False
207024,NYSE-DDJH,23060,False
207024,NYSE-DDJH,23058,False
207024,NYSE-DDJH,23066,False
207024,NYSE-DDJH,23061,False
207024,NYSE-DDJH,23057,False
207024,NYSE-DDJH,23059,False
207024,NYSE-DDJH,23063,False
207024,NYSE-DDJH,23065,False
207024,NYSE-INA,23211,False
207025,NYSE-INA,23209,False
207025,NYSE-INA,23207,False
207025,NYSE-INA,23215,False
207025,NYSE-INA,23213,False
207025,NYSE-INA,23208,False
207025,NYSE-INA,23214,False
207025,NYSE-INA,23212,False
207025,NYSE-INA,23216,False
207025,NYSE-INA,23210,False
207025,NYSE-JNAF,22477,False
207025,NYSE-JNAF,22476,False
207025,NYSE-JNAF,22475,False
207025,NYSE-JNAF,22473,False
207025,NYSE-JNAF,22472,False
207025,NYSE-JNAF,22471,False
207025,NYSE-JNAF,22470,False
207025,NYSE-JNAF,22469,False
207025,NYSE-JNAF,22474,False
207025,NYSE-JNAF,22468,False
207025,NYSE-JZRO,23482,False
207025,NYSE-JZRO,23481,False
207025,NYSE-JZRO,23480,False
207025,NYSE-JZRO,23479,False
207025,NYSE-KRAS,22967,False
207025,NYSE-KRAS,22965,False
207025,NYSE-KRAS,22963,False
207025,NYSE-KRAS,22961,False
207025,NYSE-KRAS,22959,False
207025,NYSE-KRAS,22962,False
207025,NYSE-KRAS,22968,False
207025,NYSE-KRAS,22964,False
207025,NYSE-KRAS,22966,False
207025,NYSE-KRAS,22960,False
207025,NYSE-KTST,23177,False
207025,NYSE-KTST,23176,False
207025,NYSE-KTST,23175,False
207025,NYSE-KTST,23173,False
207025,NYSE-KTST,23172,False
207025,NYSE-KTST,23171,False
207025,NYSE-KTST,23178,False
207025,NYSE-KTST,23174,False
207025,NYSE-KTST,23179,False
207025,NYSE-KTST,23180,False
207025,NYSE-MDKA,22675,False
207025,NYSE-MDKA,22674,False
207025,NYSE-MDKA,22673,False
207025,NYSE-MDKA,22672,False
207025,NYSE-MDKA,22670,False
207025,NYSE-MDKA,22669,False
207025,NYSE-MDKA,22668,False
207025,NYSE-MDKA,22667,False
207025,NYSE-MDKA,22666,False
207025,NYSE-MDKA,22671,False
207025,NYSE-NGUP,23544,False
207025,NYSE-NGUP,23542,False
207025,NYSE-NGUP,23541,False
207025,NYSE-NGUP,23538,False
207025,NYSE-NGUP,23537,False
207025,NYSE-NGUP,23540,False
207025,NYSE-NGUP,23539,False
207025,NYSE-NGUP,23535,False
207025,NYSE-NGUP,23536,False
207025,NYSE-NGUP,23543,False
207025,NYSE-SIMP,23471,False
207025,NYSE-SIMP,23469,False
207025,NYSE-SIMP,23478,False
207025,NYSE-SIMP,23476,False
207025,NYSE-SIMP,23475,False
207025,NYSE-SIMP,23473,False
207025,NYSE-SIMP,23477,False
207025,NYSE-SIMP,23474,False
207025,NYSE-SIMP,23472,False
207025,NYSE-SIMP,23470,False
207025,NYSE-XFR,22619,False
207025,NYSE-XFR,22618,False
207025,NYSE-XFR,22617,False
207025,NYSE-XFR,22615,False
207025,NYSE-XFR,22613,False
207025,NYSE-XFR,22612,False
207025,NYSE-XFR,22611,False
207026,NYSE-XFR,22614,False
207026,NYSE-XFR,22616,False
207026,NYSE-XFR,22610,False
207026,NYSE-ZABA,22861,False
207026,NYSE-ZABA,22860,False
207026,NYSE-ZABA,22859,False
207026,NYSE-ZABA,22856,False
207026,NYSE-ZABA,22854,False
207026,NYSE-ZABA,22858,False
207026,NYSE-ZABA,22852,False
207026,NYSE-ZABA,22853,False
207026,NYSE-ZABA,22855,False
207026,NYSE-ZABA,22857,False
207088,NYSE-KRAS,22979,False
207088,NYSE-CARD,25186,False
207088,NYSE-KRAS,22980,False
207088,NYSE-KTST,23192,False
207088,NYSE-CARD,25187,False
207106,NYSE-CARD,25188,False
207123,NYSE-ETFA3,22827,False
207123,NYSE-ETFA3,22825,False
207123,NYSE-ETFA3,22823,False
207123,NYSE-ETFA3,22821,False
207123,NYSE-ETFA3,22820,False
207123,NYSE-ETFA3,22819,False
207123,NYSE-ETFA3,22822,False
207123,NYSE-ETFA3,22824,False
207124,NYSE-ETFA3,22826,False
207124,NYSE-ETFA3,22828,False
207124,NYSE-ETFA,22699,False
207124,NYSE-ETFA,22698,False
207124,NYSE-ETFA,22697,False
207124,NYSE-ETFA,22706,False
207124,NYSE-ETFA,22704,False
207124,NYSE-ETFA,22702,False
207124,NYSE-ETFA,22700,False
207124,NYSE-ETFA,22701,False
207124,NYSE-ETFA,22703,False
207124,NYSE-ETFA,22705,False
207125,NYSE-CARD,25176,False
207125,NYSE-CARD,25185,False
207125,NYSE-CARD,25183,False
207125,NYSE-CARD,25181,False
207125,NYSE-CARD,25179,False
207125,NYSE-CARD,25177,False
207125,NYSE-CARD,25180,False
207125,NYSE-CARD,25182,False
207125,NYSE-CARD,25184,False
207125,NYSE-CARD,25178,False
207125,NYSE-DDJH,23078,False
207125,NYSE-DDJH,23076,False
207125,NYSE-DDJH,23074,False
207125,NYSE-DDJH,23072,False
207125,NYSE-DDJH,23070,False
207125,NYSE-DDJH,23075,False
207125,NYSE-DDJH,23073,False
207125,NYSE-DDJH,23071,False
207125,NYSE-DDJH,23069,False
207125,NYSE-DDJH,23077,False
207125,NYSE-INA,23226,False
207125,NYSE-INA,23221,False
207125,NYSE-INA,23220,False
207125,NYSE-INA,23218,False
207125,NYSE-INA,23223,False
207125,NYSE-INA,23219,False
207125,NYSE-INA,23227,False
207125,NYSE-INA,23225,False
207125,NYSE-INA,23224,False
207125,NYSE-INA,23222,False
207125,NYSE-JNAF,22488,False
207125,NYSE-JNAF,22487,False
207125,NYSE-JNAF,22486,False
207125,NYSE-JNAF,22485,False
207125,NYSE-JNAF,22484,False
207125,NYSE-JNAF,22483,False
207125,NYSE-JNAF,22481,False
207125,NYSE-JNAF,22479,False
207125,NYSE-JNAF,22482,False
207125,NYSE-JNAF,22480,False
207125,NYSE-JZRO,23493,False
207125,NYSE-JZRO,23492,False
207125,NYSE-JZRO,23491,False
207125,NYSE-KRAS,22977,False
207125,NYSE-KRAS,22971,False
207125,NYSE-KRAS,22975,False
207125,NYSE-KRAS,22973,False
207125,NYSE-KRAS,22969,False
207125,NYSE-KRAS,22974,False
207125,NYSE-KRAS,22970,False
207125,NYSE-KRAS,22972,False
207125,NYSE-KRAS,22976,False
207125,NYSE-KRAS,22978,False
207125,NYSE-KTST,23191,False
207125,NYSE-KTST,23189,False
207125,NYSE-KTST,23187,False
207125,NYSE-KTST,23185,False
207125,NYSE-KTST,23183,False
207125,NYSE-KTST,23188,False
207125,NYSE-KTST,23186,False
207125,NYSE-KTST,23184,False
207125,NYSE-KTST,23190,False
207125,NYSE-KTST,23182,False
207125,NYSE-MDKA,22682,False
207125,NYSE-MDKA,22685,False
207125,NYSE-MDKA,22680,False
207125,NYSE-MDKA,22679,False
207125,NYSE-MDKA,22677,False
207125,NYSE-MDKA,22678,False
207125,NYSE-MDKA,22683,False
207125,NYSE-MDKA,22681,False
207125,NYSE-MDKA,22686,False
207126,NYSE-MDKA,22684,False
207126,NYSE-NGUP,23554,False
207126,NYSE-NGUP,23553,False
207126,NYSE-NGUP,23552,False
207126,NYSE-NGUP,23551,False
207126,NYSE-NGUP,23550,False
207126,NYSE-NGUP,23549,False
207126,NYSE-NGUP,23548,False
207126,NYSE-NGUP,23547,False
207126,NYSE-NGUP,23546,False
207126,NYSE-NGUP,23555,False
207126,NYSE-SIMP,23482,False
207126,NYSE-SIMP,23481,False
207126,NYSE-SIMP,23490,False
207126,NYSE-SIMP,23489,False
207126,NYSE-SIMP,23487,False
207126,NYSE-SIMP,23486,False
207126,NYSE-SIMP,23485,False
207126,NYSE-SIMP,23484,False
207126,NYSE-SIMP,23488,False
207126,NYSE-SIMP,23483,False
207126,NYSE-XFR,22629,False
207126,NYSE-XFR,22628,False
207126,NYSE-XFR,22627,False
207126,NYSE-XFR,22626,False
207126,NYSE-XFR,22625,False
207126,NYSE-XFR,22624,False
207126,NYSE-XFR,22623,False
207126,NYSE-XFR,22621,False
207126,NYSE-XFR,22620,False
207126,NYSE-XFR,22622,False
207126,NYSE-ZABA,22872,False
207126,NYSE-ZABA,22864,False
207126,NYSE-ZABA,22865,False
207126,NYSE-ZABA,22867,False
207126,NYSE-ZABA,22869,False
207126,NYSE-ZABA,22871,False
207126,NYSE-ZABA,22863,False
207126,NYSE-ZABA,22866,False
207126,NYSE-ZABA,22868,False
207126,NYSE-ZABA,22870,False
207223,NYSE-ETFA3,22838,False
207223,NYSE-ETFA3,22836,False
207223,NYSE-ETFA3,22835,False
207223,NYSE-ETFA3,22833,False
207223,NYSE-ETFA3,22829,False
207223,NYSE-ETFA3,22834,False
207223,NYSE-ETFA3,22832,False
207223,NYSE-ETFA3,22831,False
207223,NYSE-ETFA3,22837,False
207223,NYSE-ETFA3,22830,False
207224,NYSE-ETFA,22712,False
207224,NYSE-ETFA,22716,False
207224,NYSE-ETFA,22714,False
207224,NYSE-ETFA,22710,False
207224,NYSE-ETFA,22708,False
207224,NYSE-ETFA,22709,False
207224,NYSE-ETFA,22711,False
207224,NYSE-ETFA,22713,False
207224,NYSE-ETFA,22715,False
207224,NYSE-ETFA,22717,False
207224,NYSE-CARD,25199,False
207224,NYSE-CARD,25197,False
207224,NYSE-CARD,25195,False
207224,NYSE-CARD,25198,False
207224,NYSE-CARD,25193,False
207224,NYSE-CARD,25191,False
207224,NYSE-CARD,25192,False
207224,NYSE-CARD,25194,False
207224,NYSE-CARD,25196,False
207224,NYSE-DDJH,23088,False
207224,NYSE-DDJH,23086,False
207224,NYSE-DDJH,23084,False
207224,NYSE-DDJH,23082,False
207224,NYSE-DDJH,23080,False
207224,NYSE-DDJH,23079,False
207224,NYSE-DDJH,23087,False
207224,NYSE-DDJH,23081,False
207224,NYSE-DDJH,23083,False
207224,NYSE-DDJH,23085,False
207224,NYSE-INA,23236,False
207224,NYSE-INA,23234,False
207225,NYSE-INA,23232,False
207225,NYSE-INA,23230,False
207225,NYSE-INA,23237,False
207225,NYSE-INA,23228,False
207225,NYSE-INA,23229,False
207225,NYSE-INA,23235,False
207225,NYSE-INA,23233,False
207225,NYSE-INA,23231,False
207225,NYSE-JNAF,22498,False
207225,NYSE-JNAF,22495,False
207225,NYSE-JNAF,22496,False
207225,NYSE-JNAF,22491,False
207225,NYSE-JNAF,22493,False
207225,NYSE-JNAF,22499,False
207225,NYSE-JNAF,22494,False
207225,NYSE-JNAF,22490,False
207225,NYSE-JNAF,22492,False
207225,NYSE-JNAF,22497,False
207225,NYSE-JZRO,23503,False
207225,NYSE-JZRO,23502,False
207225,NYSE-JZRO,23501,False
207225,NYSE-KRAS,22983,False
207225,NYSE-KRAS,22991,False
207225,NYSE-KRAS,22989,False
207225,NYSE-KRAS,22987,False
207225,NYSE-KRAS,22985,False
207225,NYSE-KRAS,22986,False
207225,NYSE-KRAS,22988,False
207225,NYSE-KRAS,22990,False
207225,NYSE-KRAS,22982,False
207225,NYSE-KRAS,22984,False
207225,NYSE-KTST,23201,False
207225,NYSE-KTST,23199,False
207225,NYSE-KTST,23197,False
207225,NYSE-KTST,23195,False
207225,NYSE-KTST,23193,False
207225,NYSE-KTST,23200,False
207225,NYSE-KTST,23198,False
207225,NYSE-KTST,23196,False
207225,NYSE-KTST,23194,False
207225,NYSE-KTST,23202,False
207225,NYSE-MDKA,22692,False
207225,NYSE-MDKA,22690,False
207225,NYSE-MDKA,22689,False
207225,NYSE-MDKA,22688,False
207225,NYSE-MDKA,22691,False
207225,NYSE-MDKA,22695,False
207225,NYSE-MDKA,22693,False
207225,NYSE-MDKA,22696,False
207225,NYSE-MDKA,22694,False
207225,NYSE-NGUP,23564,False
207225,NYSE-NGUP,23563,False
207225,NYSE-NGUP,23562,False
207225,NYSE-NGUP,23561,False
207225,NYSE-NGUP,23559,False
207225,NYSE-NGUP,23556,False
207225,NYSE-NGUP,23560,False
207225,NYSE-NGUP,23558,False
207225,NYSE-NGUP,23565,False
207225,NYSE-NGUP,23557,False
207225,NYSE-SIMP,23493,False
207225,NYSE-SIMP,23492,False
207225,NYSE-SIMP,23498,False
207225,NYSE-SIMP,23496,False
207225,NYSE-SIMP,23494,False
207225,NYSE-SIMP,23500,False
207225,NYSE-SIMP,23495,False
207225,NYSE-SIMP,23497,False
207225,NYSE-SIMP,23499,False
207226,NYSE-SIMP,23491,False
207226,NYSE-XFR,22639,False
207226,NYSE-XFR,22638,False
207226,NYSE-XFR,22637,False
207226,NYSE-XFR,22635,False
207226,NYSE-XFR,22634,False
207226,NYSE-XFR,22633,False
207226,NYSE-XFR,22632,False
207226,NYSE-XFR,22631,False
207226,NYSE-XFR,22636,False
207226,NYSE-XFR,22640,False
207226,NYSE-ZABA,22882,False
207226,NYSE-ZABA,22878,False
207226,NYSE-ZABA,22877,False
207226,NYSE-ZABA,22876,False
207226,NYSE-ZABA,22874,False
207226,NYSE-ZABA,22873,False
207226,NYSE-ZABA,22880,False
207226,NYSE-ZABA,22879,False
207226,NYSE-ZABA,22875,False
207226,NYSE-ZABA,22881,False
207323,NYSE-ETFA3,22849,False
207323,NYSE-ETFA3,22848,False
207323,NYSE-ETFA3,22847,False
207323,NYSE-ETFA3,22846,False
207323,NYSE-ETFA3,22843,False
207323,NYSE-ETFA3,22840,False
207323,NYSE-ETFA3,22844,False
207323,NYSE-ETFA3,22842,False
207323,NYSE-ETFA3,22841,False
207323,NYSE-ETFA3,22845,False
207323,NYSE-ETFA,22727,False
207323,NYSE-ETFA,22725,False
207323,NYSE-ETFA,22723,False
207323,NYSE-ETFA,22721,False
207324,NYSE-ETFA,22718,False
207324,NYSE-ETFA,22722,False
207324,NYSE-ETFA,22720,False
207324,NYSE-ETFA,22719,False
207324,NYSE-ETFA,22724,False
207324,NYSE-ETFA,22726,False
207324,NYSE-CARD,25212,False
207324,NYSE-CARD,25209,False
207324,NYSE-CARD,25207,False
207324,NYSE-CARD,25205,False
207324,NYSE-CARD,25210,False
207324,NYSE-CARD,25211,False
207324,NYSE-CARD,25204,False
207324,NYSE-CARD,25206,False
207324,NYSE-CARD,25208,False
207324,NYSE-CARD,25213,False
207324,NYSE-DDJH,23097,False
207324,NYSE-DDJH,23095,False
207324,NYSE-DDJH,23094,False
207324,NYSE-DDJH,23093,False
207324,NYSE-DDJH,23092,False
207324,NYSE-DDJH,23090,False
207324,NYSE-DDJH,23099,False
207324,NYSE-DDJH,23091,False
207324,NYSE-DDJH,23096,False
207324,NYSE-DDJH,23098,False
207324,NYSE-INA,23250,False
207324,NYSE-INA,23248,False
207324,NYSE-INA,23247,False
207324,NYSE-INA,23246,False
207324,NYSE-INA,23244,False
207324,NYSE-INA,23242,False
207324,NYSE-INA,23245,False
207324,NYSE-INA,23251,False
207324,NYSE-INA,23249,False
207324,NYSE-INA,23243,False
207324,NYSE-JNAF,22510,False
207324,NYSE-JNAF,22508,False
207324,NYSE-JNAF,22504,False
207324,NYSE-JNAF,22502,False
207324,NYSE-JNAF,22506,False
207325,NYSE-JNAF,22505,False
207325,NYSE-JNAF,22509,False
207325,NYSE-JNAF,22511,False
207325,NYSE-JNAF,22503,False
207325,NYSE-JNAF,22507,False
207325,NYSE-JZRO,22945,False
207325,NYSE-JZRO,22947,False
207325,NYSE-JZRO,22951,False
207325,NYSE-JZRO,22949,False
207325,NYSE-JZRO,23512,False
207325,NYSE-KRAS,23002,False
207325,NYSE-KRAS,23001,False
207325,NYSE-KRAS,22998,False
207325,NYSE-KRAS,22994,False
207325,NYSE-KRAS,22999,False
207325,NYSE-KRAS,22997,False
207325,NYSE-KRAS,22996,False
207325,NYSE-KRAS,23000,False
207325,NYSE-KRAS,22993,False
207325,NYSE-KRAS,22995,False
207325,NYSE-KTST,23211,False
207325,NYSE-KTST,23209,False
207325,NYSE-KTST,23207,False
207325,NYSE-KTST,23215,False
207325,NYSE-KTST,23213,False
207325,NYSE-KTST,23208,False
207325,NYSE-KTST,23214,False
207325,NYSE-KTST,23212,False
207325,NYSE-KTST,23216,False
207325,NYSE-KTST,23210,False
207325,NYSE-MDKA,22709,False
207325,NYSE-MDKA,22707,False
207325,NYSE-MDKA,22705,False
207325,NYSE-MDKA,22703,False
207325,NYSE-MDKA,22701,False
207325,NYSE-MDKA,22700,False
207325,NYSE-MDKA,22702,False
207325,NYSE-MDKA,22704,False
207325,NYSE-MDKA,22706,False
207325,NYSE-MDKA,22708,False
207325,NYSE-NGUP,23578,False
207325,NYSE-NGUP,23576,False
207325,NYSE-NGUP,23573,False
207325,NYSE-NGUP,23571,False
207325,NYSE-NGUP,23570,False
207325,NYSE-NGUP,23577,False
207325,NYSE-NGUP,23575,False
207325,NYSE-NGUP,23572,False
207325,NYSE-NGUP,23574,False
207325,NYSE-NGUP,23569,False
207325,NYSE-SIMP,23503,False
207325,NYSE-SIMP,23502,False
207325,NYSE-SIMP,23508,False
207325,NYSE-SIMP,23507,False
207325,NYSE-SIMP,23505,False
207325,NYSE-SIMP,23510,False
207325,NYSE-SIMP,23504,False
207325,NYSE-SIMP,23509,False
207325,NYSE-SIMP,23506,False
207325,NYSE-SIMP,23501,False
207325,NYSE-XFR,22652,False
207325,NYSE-XFR,22650,False
207325,NYSE-XFR,22649,False
207325,NYSE-XFR,22647,False
207325,NYSE-XFR,22645,False
207325,NYSE-XFR,22644,False
207325,NYSE-XFR,22643,False
207325,NYSE-XFR,22646,False
207325,NYSE-XFR,22651,False
207325,NYSE-XFR,22648,False
207326,NYSE-ZABA,22894,False
207326,NYSE-ZABA,22891,False
207326,NYSE-ZABA,22889,False
207326,NYSE-ZABA,22887,False
207326,NYSE-ZABA,22886,False
207326,NYSE-ZABA,22893,False
207326,NYSE-ZABA,22888,False
207326,NYSE-ZABA,22885,False
207326,NYSE-ZABA,22890,False
207326,NYSE-ZABA,22892,False
207338,NYSE-CARD,25225,False
207339,NYSE-INA,23263,False
207339,NYSE-MDKA,22720,False
207423,NYSE-ETFA3,22860,False
207423,NYSE-ETFA3,22859,False
207423,NYSE-ETFA3,22858,False
207423,NYSE-ETFA3,22855,False
207423,NYSE-ETFA3,22852,False
207423,NYSE-ETFA3,22854,False
207423,NYSE-ETFA3,22853,False
207423,NYSE-ETFA3,22851,False
207423,NYSE-ETFA3,22857,False
207423,NYSE-ETFA3,22856,False
207424,NYSE-ETFA,22736,False
207424,NYSE-ETFA,22729,False
207424,NYSE-ETFA,22734,False
207424,NYSE-ETFA,22732,False
207424,NYSE-ETFA,22737,False
207424,NYSE-ETFA,22735,False
207424,NYSE-ETFA,22728,False
207424,NYSE-ETFA,22730,False
207424,NYSE-ETFA,22731,False
207424,NYSE-ETFA,22733,False
207424,NYSE-CARD,25224,False
207424,NYSE-CARD,25222,False
207424,NYSE-CARD,25220,False
207424,NYSE-CARD,25219,False
207424,NYSE-CARD,25216,False
207424,NYSE-CARD,25217,False
207424,NYSE-CARD,25215,False
207424,NYSE-CARD,25218,False
207424,NYSE-CARD,25221,False
207424,NYSE-CARD,25223,False
207424,NYSE-DDJH,23109,False
207424,NYSE-DDJH,23107,False
207424,NYSE-DDJH,23105,False
207424,NYSE-DDJH,23103,False
207425,NYSE-DDJH,23110,False
207425,NYSE-DDJH,23104,False
207425,NYSE-DDJH,23102,False
207425,NYSE-DDJH,23108,False
207425,NYSE-DDJH,23106,False
207425,NYSE-INA,23258,False
207425,NYSE-INA,23262,False
207425,NYSE-INA,23260,False
207425,NYSE-INA,23261,False
207425,NYSE-INA,23259,False
207425,NYSE-INA,23255,False
207425,NYSE-INA,23253,False
207425,NYSE-INA,23257,False
207425,NYSE-INA,23256,False
207425,NYSE-INA,23254,False
207425,NYSE-JNAF,22521,False
207425,NYSE-JNAF,22520,False
207425,NYSE-JNAF,22518,False
207425,NYSE-JNAF,22516,False
207425,NYSE-JNAF,22514,False
207425,NYSE-JNAF,22513,False
207425,NYSE-JNAF,22515,False
207425,NYSE-JNAF,22517,False
207425,NYSE-JNAF,22519,False
207425,NYSE-JNAF,22522,False
207425,NYSE-JZRO,22957,False
207425,NYSE-JZRO,22961,False
207425,NYSE-JZRO,22963,False
207425,NYSE-JZRO,22959,False
207425,NYSE-JZRO,23522,False
207425,NYSE-JZRO,23523,False
207425,NYSE-JZRO,23521,False
207425,NYSE-KRAS,23012,False
207425,NYSE-KRAS,23008,False
207425,NYSE-KRAS,23006,False
207425,NYSE-KRAS,23004,False
207425,NYSE-KRAS,23010,False
207425,NYSE-KRAS,23011,False
207425,NYSE-KRAS,23003,False
207425,NYSE-KRAS,23005,False
207425,NYSE-KRAS,23007,False
207425,NYSE-KRAS,23009,False
207425,NYSE-KTST,23226,False
207425,NYSE-KTST,23221,False
207425,NYSE-KTST,23220,False
207425,NYSE-KTST,23218,False
207425,NYSE-KTST,23223,False
207425,NYSE-KTST,23219,False
207425,NYSE-KTST,23227,False
207425,NYSE-KTST,23225,False
207425,NYSE-KTST,23224,False
207425,NYSE-KTST,23222,False
207425,NYSE-MDKA,22719,False
207425,NYSE-MDKA,22718,False
207425,NYSE-MDKA,22717,False
207425,NYSE-MDKA,22716,False
207425,NYSE-MDKA,22714,False
207425,NYSE-MDKA,22713,False
207425,NYSE-MDKA,22711,False
207425,NYSE-MDKA,22715,False
207425,NYSE-MDKA,22710,False
207425,NYSE-MDKA,22712,False
207425,NYSE-NGUP,23587,False
207425,NYSE-NGUP,23586,False
207425,NYSE-NGUP,23585,False
207425,NYSE-NGUP,23584,False
207425,NYSE-NGUP,23582,False
207425,NYSE-NGUP,23581,False
207425,NYSE-NGUP,23580,False
207425,NYSE-NGUP,23583,False
207425,NYSE-NGUP,23588,False
207425,NYSE-NGUP,23589,False
207426,NYSE-SIMP,23520,False
207426,NYSE-SIMP,23519,False
207426,NYSE-SIMP,23517,False
207426,NYSE-SIMP,23516,False
207426,NYSE-SIMP,23515,False
207426,NYSE-SIMP,23514,False
207426,NYSE-SIMP,23513,False
207426,NYSE-SIMP,23511,False
207426,NYSE-SIMP,23518,False
207426,NYSE-SIMP,23512,False
207426,NYSE-XFR,22662,False
207426,NYSE-XFR,22661,False
207426,NYSE-XFR,22660,False
207426,NYSE-XFR,22659,False
207426,NYSE-XFR,22658,False
207426,NYSE-XFR,22657,False
207426,NYSE-XFR,22655,False
207426,NYSE-XFR,22654,False
207426,NYSE-XFR,22656,False
207426,NYSE-XFR,22653,False
207426,NYSE-ZABA,22904,False
207426,NYSE-ZABA,22902,False
207426,NYSE-ZABA,22899,False
207426,NYSE-ZABA,22897,False
207426,NYSE-ZABA,22905,False
207426,NYSE-ZABA,22900,False
207426,NYSE-ZABA,22906,False
207426,NYSE-ZABA,22898,False
207426,NYSE-ZABA,22901,False
207426,NYSE-ZABA,22903,False
207523,NYSE-ETFA3,22871,False
207523,NYSE-ETFA3,22870,False
207523,NYSE-ETFA3,22869,False
207523,NYSE-ETFA3,22867,False
207523,NYSE-ETFA3,22865,False
207523,NYSE-ETFA3,22863,False
207523,NYSE-ETFA3,22864,False
207523,NYSE-ETFA3,22862,False
207523,NYSE-ETFA3,22866,False
207523,NYSE-ETFA3,22868,False
207524,NYSE-ETFA,22749,False
207524,NYSE-ETFA,22742,False
207524,NYSE-ETFA,22740,False
207524,NYSE-ETFA,22747,False
207524,NYSE-ETFA,22745,False
207524,NYSE-ETFA,22743,False
207524,NYSE-ETFA,22748,False
207524,NYSE-ETFA,22746,False
207524,NYSE-ETFA,22741,False
207524,NYSE-ETFA,22744,False
207524,NYSE-CARD,25233,False
207524,NYSE-CARD,25232,False
207524,NYSE-CARD,25231,False
207524,NYSE-CARD,25230,False
207524,NYSE-CARD,25237,False
207524,NYSE-CARD,25235,False
207524,NYSE-CARD,25236,False
207524,NYSE-CARD,25234,False
207524,NYSE-CARD,25228,False
207524,NYSE-CARD,25229,False
207525,NYSE-DDJH,23120,False
207525,NYSE-DDJH,23119,False
207525,NYSE-DDJH,23118,False
207525,NYSE-DDJH,23115,False
207525,NYSE-DDJH,23113,False
207525,NYSE-DDJH,23116,False
207525,NYSE-DDJH,23121,False
207525,NYSE-DDJH,23112,False
207525,NYSE-DDJH,23114,False
207525,NYSE-DDJH,23117,False
207525,NYSE-INA,23271,False
207525,NYSE-INA,23268,False
207525,NYSE-INA,23266,False
207525,NYSE-INA,23274,False
207525,NYSE-INA,23273,False
207525,NYSE-INA,23269,False
207525,NYSE-INA,23267,False
207525,NYSE-INA,23272,False
207525,NYSE-INA,23270,False
207525,NYSE-INA,23275,False
207525,NYSE-JNAF,22533,False
207525,NYSE-JNAF,22531,False
207525,NYSE-JNAF,22527,False
207525,NYSE-JNAF,22525,False
207525,NYSE-JNAF,22532,False
207525,NYSE-JNAF,22528,False
207525,NYSE-JNAF,22530,False
207525,NYSE-JNAF,22526,False
207525,NYSE-JNAF,22534,False
207525,NYSE-JNAF,22529,False
207525,NYSE-JZRO,22970,False
207525,NYSE-JZRO,22978,False
207525,NYSE-JZRO,22972,False
207525,NYSE-JZRO,22974,False
207525,NYSE-JZRO,22976,False
207525,NYSE-JZRO,23533,False
207525,NYSE-JZRO,23531,False
207525,NYSE-JZRO,23532,False
207525,NYSE-JZRO,23534,False
207525,NYSE-KRAS,23022,False
207525,NYSE-KRAS,23020,False
207525,NYSE-KRAS,23015,False
207525,NYSE-KRAS,23014,False
207525,NYSE-KRAS,23013,False
207525,NYSE-KRAS,23019,False
207525,NYSE-KRAS,23017,False
207525,NYSE-KRAS,23018,False
207525,NYSE-KRAS,23016,False
207525,NYSE-KRAS,23021,False
207525,NYSE-KTST,23236,False
207525,NYSE-KTST,23234,False
207525,NYSE-KTST,23232,False
207525,NYSE-KTST,23230,False
207525,NYSE-KTST,23237,False
207525,NYSE-KTST,23228,False
207525,NYSE-KTST,23229,False
207525,NYSE-KTST,23235,False
207525,NYSE-KTST,23233,False
207525,NYSE-KTST,23231,False
207525,NYSE-MDKA,22729,False
207525,NYSE-MDKA,22727,False
207525,NYSE-MDKA,22725,False
207525,NYSE-MDKA,22722,False
207525,NYSE-MDKA,22721,False
207525,NYSE-MDKA,22726,False
207525,NYSE-MDKA,22730,False
207525,NYSE-MDKA,22723,False
207525,NYSE-MDKA,22724,False
207525,NYSE-MDKA,22728,False
207525,NYSE-NGUP,23598,False
207525,NYSE-NGUP,23597,False
207525,NYSE-NGUP,23596,False
207525,NYSE-NGUP,23595,False
207525,NYSE-NGUP,23594,False
207525,NYSE-NGUP,23593,False
207525,NYSE-NGUP,23592,False
207525,NYSE-NGUP,23590,False
207525,NYSE-NGUP,23591,False
207525,NYSE-NGUP,23599,False
207525,NYSE-SIMP,23522,False
207526,NYSE-SIMP,23530,False
207526,NYSE-SIMP,23529,False
207526,NYSE-SIMP,23528,False
207526,NYSE-SIMP,23527,False
207526,NYSE-SIMP,23526,False
207526,NYSE-SIMP,23525,False
207526,NYSE-SIMP,23524,False
207526,NYSE-XFR,22673,False
207526,NYSE-XFR,22672,False
207526,NYSE-XFR,22670,False
207526,NYSE-XFR,22669,False
207526,NYSE-XFR,22668,False
207526,NYSE-XFR,22667,False
207526,NYSE-XFR,22666,False
207526,NYSE-XFR,22664,False
207526,NYSE-XFR,22671,False
207526,NYSE-XFR,22665,False
207526,NYSE-ZABA,22915,False
207526,NYSE-ZABA,22912,False
207526,NYSE-ZABA,22910,False
207526,NYSE-ZABA,22908,False
207526,NYSE-ZABA,22907,False
207526,NYSE-ZABA,22916,False
207526,NYSE-ZABA,22911,False
207526,NYSE-ZABA,22909,False
207526,NYSE-ZABA,22913,False
207526,NYSE-ZABA,22914,False
207557,NYSE-KTST,23250,False
207557,NYSE-NGUP,23613,False
207557,NYSE-CARD,25248,False
207557,NYSE-KTST,23251,False
207623,NYSE-ETFA3,22881,False
207623,NYSE-ETFA3,22877,False
207623,NYSE-ETFA3,22875,False
207623,NYSE-ETFA3,22872,False
207623,NYSE-ETFA3,22874,False
207623,NYSE-ETFA3,22873,False
207623,NYSE-ETFA3,22880,False
207623,NYSE-ETFA3,22878,False
207623,NYSE-ETFA3,22876,False
207623,NYSE-ETFA3,22879,False
207623,NYSE-ETFA,22756,False
207623,NYSE-ETFA,22753,False
207623,NYSE-ETFA,22751,False
207624,NYSE-ETFA,22760,False
207624,NYSE-ETFA,22758,False
207624,NYSE-ETFA,22754,False
207624,NYSE-ETFA,22759,False
207624,NYSE-ETFA,22752,False
207624,NYSE-ETFA,22755,False
207624,NYSE-ETFA,22757,False
207624,NYSE-CARD,25247,False
207624,NYSE-CARD,25245,False
207624,NYSE-CARD,25244,False
207624,NYSE-CARD,25243,False
207624,NYSE-CARD,25240,False
207624,NYSE-CARD,25238,False
207624,NYSE-CARD,25246,False
207624,NYSE-CARD,25241,False
207624,NYSE-CARD,25242,False
207624,NYSE-CARD,25239,False
207624,NYSE-DDJH,23128,False
207624,NYSE-DDJH,23126,False
207624,NYSE-DDJH,23124,False
207624,NYSE-DDJH,23123,False
207624,NYSE-DDJH,23122,False
207624,NYSE-DDJH,23130,False
207624,NYSE-DDJH,23131,False
207624,NYSE-DDJH,23125,False
207624,NYSE-DDJH,23127,False
207624,NYSE-DDJH,23129,False
207624,NYSE-INA,23285,False
207624,NYSE-INA,23283,False
207624,NYSE-INA,23281,False
207624,NYSE-INA,23279,False
207624,NYSE-INA,23282,False
207624,NYSE-INA,23280,False
207624,NYSE-INA,23278,False
207624,NYSE-INA,23284,False
207624,NYSE-INA,23277,False
207624,NYSE-INA,23286,False
207624,NYSE-JNAF,22545,False
207624,NYSE-JNAF,22543,False
207624,NYSE-JNAF,22541,False
207624,NYSE-JNAF,22539,False
207624,NYSE-JNAF,22537,False
207624,NYSE-JNAF,22540,False
207624,NYSE-JNAF,22546,False
207624,NYSE-JNAF,22538,False
207624,NYSE-JNAF,22542,False
207624,NYSE-JNAF,22544,False
207625,NYSE-JZRO,22988,False
207625,NYSE-JZRO,22982,False
207625,NYSE-JZRO,22986,False
207625,NYSE-JZRO,22984,False
207625,NYSE-JZRO,23541,False
207625,NYSE-JZRO,23543,False
207625,NYSE-KRAS,23031,False
207625,NYSE-KRAS,23029,False
207625,NYSE-KRAS,23027,False
207625,NYSE-KRAS,23026,False
207625,NYSE-KRAS,23025,False
207625,NYSE-KRAS,23033,False
207625,NYSE-KRAS,23032,False
207625,NYSE-KRAS,23030,False
207625,NYSE-KRAS,23028,False
207625,NYSE-KRAS,23024,False
207625,NYSE-KTST,23248,False
207625,NYSE-KTST,23247,False
207625,NYSE-KTST,23246,False
207625,NYSE-KTST,23244,False
207625,NYSE-KTST,23242,False
207625,NYSE-KTST,23241,False
207625,NYSE-KTST,23245,False
207625,NYSE-KTST,23240,False
207625,NYSE-KTST,23249,False
207625,NYSE-KTST,23243,False
207625,NYSE-MDKA,22741,False
207625,NYSE-MDKA,22739,False
207625,NYSE-MDKA,22737,False
207625,NYSE-MDKA,22735,False
207625,NYSE-MDKA,22734,False
207625,NYSE-MDKA,22732,False
207625,NYSE-MDKA,22740,False
207625,NYSE-MDKA,22738,False
207625,NYSE-MDKA,22736,False
207625,NYSE-MDKA,22733,False
207625,NYSE-NGUP,23611,False
207625,NYSE-NGUP,23609,False
207625,NYSE-NGUP,23607,False
207625,NYSE-NGUP,23604,False
207625,NYSE-NGUP,23605,False
207625,NYSE-NGUP,23610,False
207625,NYSE-NGUP,23608,False
207625,NYSE-NGUP,23612,False
207625,NYSE-NGUP,23603,False
207625,NYSE-NGUP,23606,False
207625,NYSE-SIMP,23539,False
207625,NYSE-SIMP,23538,False
207625,NYSE-SIMP,23537,False
207625,NYSE-SIMP,23540,False
207625,NYSE-SIMP,23535,False
207625,NYSE-SIMP,23533,False
207625,NYSE-SIMP,23531,False
207625,NYSE-SIMP,23536,False
207625,NYSE-SIMP,23532,False
207625,NYSE-SIMP,23534,False
207625,NYSE-XFR,22682,False
207625,NYSE-XFR,22685,False
207625,NYSE-XFR,22680,False
207625,NYSE-XFR,22678,False
207625,NYSE-XFR,22683,False
207625,NYSE-XFR,22681,False
207625,NYSE-XFR,22686,False
207626,NYSE-XFR,22684,False
207626,NYSE-ZABA,22926,False
207626,NYSE-ZABA,22924,False
207626,NYSE-ZABA,22920,False
207626,NYSE-ZABA,22918,False
207626,NYSE-ZABA,22922,False
207626,NYSE-ZABA,22923,False
207626,NYSE-ZABA,22919,False
207626,NYSE-ZABA,22921,False
207626,NYSE-ZABA,22925,False
207626,NYSE-ZABA,22917,False
207719,NYSE-XFR,22699,False
207723,NYSE-ETFA3,22891,False
207723,NYSE-ETFA3,22890,False
207723,NYSE-ETFA3,22888,False
207723,NYSE-ETFA3,22884,False
207723,NYSE-ETFA3,22882,False
207723,NYSE-ETFA3,22887,False
207723,NYSE-ETFA3,22883,False
207723,NYSE-ETFA3,22885,False
207723,NYSE-ETFA3,22886,False
207723,NYSE-ETFA3,22889,False
207723,NYSE-ETFA,22766,False
207723,NYSE-ETFA,22764,False
207723,NYSE-ETFA,22770,False
207723,NYSE-ETFA,22768,False
207723,NYSE-ETFA,22762,False
207723,NYSE-ETFA,22769,False
207723,NYSE-ETFA,22761,False
207723,NYSE-ETFA,22763,False
207723,NYSE-ETFA,22767,False
207723,NYSE-ETFA,22765,False
207724,NYSE-CARD,25258,False
207724,NYSE-CARD,25256,False
207724,NYSE-CARD,25255,False
207724,NYSE-CARD,25254,False
207724,NYSE-CARD,25252,False
207724,NYSE-CARD,25257,False
207724,NYSE-CARD,25253,False
207724,NYSE-CARD,25251,False
207724,NYSE-CARD,25250,False
207724,NYSE-DDJH,23142,False
207724,NYSE-DDJH,23138,False
207724,NYSE-DDJH,23136,False
207724,NYSE-DDJH,23135,False
207724,NYSE-DDJH,23134,False
207724,NYSE-DDJH,23140,False
207724,NYSE-DDJH,23133,False
207724,NYSE-DDJH,23141,False
207724,NYSE-DDJH,23137,False
207724,NYSE-DDJH,23139,False
207724,NYSE-INA,23296,False
207724,NYSE-INA,23294,False
207724,NYSE-INA,23292,False
207724,NYSE-INA,23291,False
207724,NYSE-INA,23289,False
207724,NYSE-INA,23287,False
207724,NYSE-INA,23290,False
207724,NYSE-INA,23288,False
207724,NYSE-INA,23295,False
207724,NYSE-INA,23293,False
207724,NYSE-JNAF,22556,False
207724,NYSE-JNAF,22554,False
207724,NYSE-JNAF,22552,False
207724,NYSE-JNAF,22551,False
207724,NYSE-JNAF,22547,False
207724,NYSE-JNAF,22549,False
207724,NYSE-JNAF,22555,False
207724,NYSE-JNAF,22553,False
207724,NYSE-JNAF,22550,False
207724,NYSE-JNAF,22548,False
207724,NYSE-JZRO,23553,False
207724,NYSE-KRAS,23040,False
207724,NYSE-KRAS,23038,False
207724,NYSE-KRAS,23037,False
207724,NYSE-KRAS,23036,False
207724,NYSE-KRAS,23045,False
207724,NYSE-KRAS,23043,False
207724,NYSE-KRAS,23041,False
207724,NYSE-KRAS,23039,False
207724,NYSE-KRAS,23042,False
207724,NYSE-KRAS,23044,False
207724,NYSE-KTST,23262,False
207724,NYSE-KTST,23260,False
207724,NYSE-KTST,23258,False
207724,NYSE-KTST,23261,False
207724,NYSE-KTST,23259,False
207724,NYSE-KTST,23255,False
207724,NYSE-KTST,23253,False
207724,NYSE-KTST,23257,False
207724,NYSE-KTST,23256,False
207724,NYSE-KTST,23254,False
207724,NYSE-MDKA,22751,False
207724,NYSE-MDKA,22750,False
207724,NYSE-MDKA,22749,False
207724,NYSE-MDKA,22748,False
207724,NYSE-MDKA,22747,False
207724,NYSE-MDKA,22746,False
207724,NYSE-MDKA,22742,False
207724,NYSE-MDKA,22744,False
207724,NYSE-MDKA,22743,False
207724,NYSE-MDKA,22745,False
207724,NYSE-NGUP,23623,False
207724,NYSE-NGUP,23621,False
207724,NYSE-NGUP,23619,False
207724,NYSE-NGUP,23617,False
207724,NYSE-NGUP,23615,False
207724,NYSE-NGUP,23622,False
207724,NYSE-NGUP,23614,False
207724,NYSE-NGUP,23618,False
207724,NYSE-NGUP,23620,False
207724,NYSE-NGUP,23616,False
207724,NYSE-SIMP,23551,False
207724,NYSE-SIMP,23550,False
207724,NYSE-SIMP,23549,False
207724,NYSE-SIMP,23548,False
207724,NYSE-SIMP,23547,False
207724,NYSE-SIMP,23546,False
207724,NYSE-SIMP,23545,False
207724,NYSE-SIMP,23544,False
207724,NYSE-SIMP,23542,False
207724,NYSE-SIMP,23543,False
207724,NYSE-XFR,22692,False
207724,NYSE-XFR,22690,False
207724,NYSE-XFR,22689,False
207724,NYSE-XFR,22688,False
207724,NYSE-XFR,22687,False
207724,NYSE-XFR,22691,False
207724,NYSE-XFR,22695,False
207724,NYSE-XFR,22693,False
207724,NYSE-XFR,22696,False
207725,NYSE-XFR,22694,False
207725,NYSE-ZABA,22935,False
207725,NYSE-ZABA,22933,False
207725,NYSE-ZABA,22931,False
207725,NYSE-ZABA,22929,False
207725,NYSE-ZABA,22927,False
207725,NYSE-ZABA,22928,False
207725,NYSE-ZABA,22930,False
207725,NYSE-ZABA,22932,False
207725,NYSE-ZABA,22934,False
207725,NYSE-ZABA,22936,False
207810,NYSE-JZRO,22992,False
207810,NYSE-JZRO,22998,False
207810,NYSE-JZRO,22994,False
207810,NYSE-JZRO,22996,False
207823,NYSE-ETFA3,22903,False
207823,NYSE-ETFA3,22902,False
207823,NYSE-ETFA3,22899,False
207823,NYSE-ETFA3,22897,False
207823,NYSE-ETFA3,22894,False
207823,NYSE-ETFA3,22895,False
207823,NYSE-ETFA3,22896,False
207823,NYSE-ETFA3,22898,False
207823,NYSE-ETFA3,22901,False
207823,NYSE-ETFA3,22900,False
207823,NYSE-ETFA,22780,False
207824,NYSE-ETFA,22778,False
207824,NYSE-ETFA,22777,False
207824,NYSE-ETFA,22775,False
207824,NYSE-ETFA,22773,False
207824,NYSE-ETFA,22774,False
207824,NYSE-ETFA,22772,False
207824,NYSE-ETFA,22779,False
207824,NYSE-ETFA,22771,False
207824,NYSE-ETFA,22776,False
207824,NYSE-CARD,25269,False
207824,NYSE-CARD,25267,False
207824,NYSE-CARD,25265,False
207824,NYSE-CARD,25263,False
207824,NYSE-CARD,25261,False
207824,NYSE-CARD,25270,False
207824,NYSE-CARD,25264,False
207824,NYSE-CARD,25268,False
207824,NYSE-CARD,25262,False
207824,NYSE-CARD,25266,False
207824,NYSE-DDJH,23151,False
207824,NYSE-DDJH,23149,False
207824,NYSE-DDJH,23147,False
207824,NYSE-DDJH,23146,False
207824,NYSE-DDJH,23145,False
207824,NYSE-DDJH,23143,False
207824,NYSE-DDJH,23144,False
207824,NYSE-DDJH,23152,False
207824,NYSE-DDJH,23150,False
207824,NYSE-DDJH,23148,False
207824,NYSE-INA,23308,False
207824,NYSE-INA,23306,False
207824,NYSE-INA,23303,False
207824,NYSE-INA,23302,False
207824,NYSE-INA,23301,False
207824,NYSE-INA,23299,False
207824,NYSE-INA,23305,False
207824,NYSE-INA,23304,False
207824,NYSE-INA,23300,False
207825,NYSE-INA,23307,False
207825,NYSE-JNAF,22565,False
207825,NYSE-JNAF,22563,False
207825,NYSE-JNAF,22560,False
207825,NYSE-JNAF,22558,False
207825,NYSE-JNAF,22561,False
207825,NYSE-JNAF,22559,False
207825,NYSE-JNAF,22566,False
207825,NYSE-JNAF,22562,False
207825,NYSE-JNAF,22564,False
207825,NYSE-JNAF,22567,False
207825,NYSE-JZRO,23564,False
207825,NYSE-JZRO,23563,False
207825,NYSE-JZRO,23565,False
207825,NYSE-KRAS,23051,False
207825,NYSE-KRAS,23049,False
207825,NYSE-KRAS,23056,False
207825,NYSE-KRAS,23054,False
207825,NYSE-KRAS,23052,False
207825,NYSE-KRAS,23050,False
207825,NYSE-KRAS,23048,False
207825,NYSE-KRAS,23057,False
207825,NYSE-KRAS,23053,False
207825,NYSE-KRAS,23055,False
207825,NYSE-KTST,23271,False
207825,NYSE-KTST,23268,False
207825,NYSE-KTST,23266,False
207825,NYSE-KTST,23273,False
207825,NYSE-KTST,23269,False
207825,NYSE-KTST,23267,False
207825,NYSE-KTST,23265,False
207825,NYSE-KTST,23272,False
207825,NYSE-KTST,23270,False
207825,NYSE-KTST,23264,False
207825,NYSE-MDKA,22762,False
207825,NYSE-MDKA,22756,False
207825,NYSE-MDKA,22754,False
207825,NYSE-MDKA,22760,False
207825,NYSE-MDKA,22758,False
207825,NYSE-MDKA,22755,False
207825,NYSE-MDKA,22763,False
207825,NYSE-MDKA,22759,False
207825,NYSE-MDKA,22757,False
207825,NYSE-MDKA,22761,False
207825,NYSE-NGUP,23634,False
207825,NYSE-NGUP,23632,False
207825,NYSE-NGUP,23630,False
207825,NYSE-NGUP,23629,False
207825,NYSE-NGUP,23627,False
207825,NYSE-NGUP,23625,False
207825,NYSE-NGUP,23626,False
207825,NYSE-NGUP,23633,False
207825,NYSE-NGUP,23628,False
207825,NYSE-NGUP,23631,False
207826,NYSE-SIMP,23562,False
207826,NYSE-SIMP,23561,False
207826,NYSE-SIMP,23559,False
207826,NYSE-SIMP,23554,False
207826,NYSE-SIMP,23556,False
207826,NYSE-SIMP,23560,False
207826,NYSE-SIMP,23558,False
207826,NYSE-SIMP,23557,False
207826,NYSE-XFR,22709,False
207826,NYSE-XFR,22707,False
207826,NYSE-XFR,22705,False
207826,NYSE-XFR,22703,False
207826,NYSE-XFR,22701,False
207826,NYSE-XFR,22700,False
207826,NYSE-XFR,22702,False
207826,NYSE-XFR,22704,False
207826,NYSE-XFR,22706,False
207826,NYSE-XFR,22708,False
207826,NYSE-ZABA,22948,False
207826,NYSE-ZABA,22947,False
207826,NYSE-ZABA,22946,False
207826,NYSE-ZABA,22945,False
207826,NYSE-ZABA,22944,False
207826,NYSE-ZABA,22943,False
207826,NYSE-ZABA,22942,False
207826,NYSE-ZABA,22940,False
207826,NYSE-ZABA,22939,False
207826,NYSE-ZABA,22941,False
207855,NYSE-KTST,23284,False
207921,NYSE-NGUP,23648,False
207921,NYSE-INA,23319,False
207921,NYSE-KRAS,23069,False
207921,NYSE-XFR,22720,False
207921,NYSE-ZABA,22960,False
207923,NYSE-ETFA3,22910,False
207923,NYSE-ETFA3,22909,False
207923,NYSE-ETFA3,22908,False
207923,NYSE-ETFA3,22907,False
207923,NYSE-ETFA3,22906,False
207923,NYSE-ETFA3,22905,False
207923,NYSE-ETFA3,22904,False
207923,NYSE-ETFA3,22913,False
207923,NYSE-ETFA3,22911,False
207923,NYSE-ETFA3,22912,False
207923,NYSE-ETFA,22789,False
207923,NYSE-ETFA,22788,False
207923,NYSE-ETFA,22787,False
207923,NYSE-ETFA,22786,False
207923,NYSE-ETFA,22784,False
207923,NYSE-ETFA,22782,False
207924,NYSE-ETFA,22785,False
207924,NYSE-ETFA,22783,False
207924,NYSE-ETFA,22791,False
207924,NYSE-ETFA,22790,False
207924,NYSE-CARD,25280,False
207924,NYSE-CARD,25278,False
207924,NYSE-CARD,25276,False
207924,NYSE-CARD,25279,False
207924,NYSE-CARD,25274,False
207924,NYSE-CARD,25272,False
207924,NYSE-CARD,25275,False
207924,NYSE-CARD,25277,False
207924,NYSE-CARD,25273,False
207924,NYSE-DDJH,23161,False
207924,NYSE-DDJH,23159,False
207924,NYSE-DDJH,23155,False
207924,NYSE-DDJH,23153,False
207924,NYSE-DDJH,23162,False
207924,NYSE-DDJH,23154,False
207924,NYSE-DDJH,23158,False
207924,NYSE-DDJH,23156,False
207924,NYSE-DDJH,23160,False
207924,NYSE-DDJH,23157,False
207924,NYSE-INA,23314,False
207924,NYSE-INA,23311,False
207924,NYSE-INA,23312,False
207924,NYSE-INA,23309,False
207924,NYSE-INA,23316,False
207924,NYSE-INA,23317,False
207924,NYSE-INA,23315,False
207924,NYSE-INA,23313,False
207924,NYSE-INA,23318,False
207924,NYSE-INA,23310,False
207924,NYSE-JNAF,22575,False
207924,NYSE-JNAF,22573,False
207924,NYSE-JNAF,22571,False
207924,NYSE-JNAF,22569,False
207924,NYSE-JNAF,22577,False
207924,NYSE-JNAF,22570,False
207924,NYSE-JNAF,22568,False
207924,NYSE-JNAF,22576,False
207924,NYSE-JNAF,22572,False
207924,NYSE-JNAF,22574,False
207924,NYSE-JZRO,23023,False
207924,NYSE-JZRO,23021,False
207924,NYSE-JZRO,23573,False
207924,NYSE-JZRO,23575,False
207924,NYSE-JZRO,23574,False
207924,NYSE-KRAS,23064,False
207924,NYSE-KRAS,23062,False
207924,NYSE-KRAS,23060,False
207924,NYSE-KRAS,23066,False
207924,NYSE-KRAS,23061,False
207925,NYSE-KRAS,23068,False
207925,NYSE-KRAS,23067,False
207925,NYSE-KRAS,23059,False
207925,NYSE-KRAS,23063,False
207925,NYSE-KRAS,23065,False
207925,NYSE-KTST,23283,False
207925,NYSE-KTST,23282,False
207925,NYSE-KTST,23281,False
207925,NYSE-KTST,23280,False
207925,NYSE-KTST,23279,False
207925,NYSE-KTST,23278,False
207925,NYSE-KTST,23276,False
207925,NYSE-KTST,23277,False
207925,NYSE-KTST,23275,False
207925,NYSE-MDKA,22774,False
207925,NYSE-MDKA,22772,False
207925,NYSE-MDKA,22770,False
207925,NYSE-MDKA,22768,False
207925,NYSE-MDKA,22766,False
207925,NYSE-MDKA,22773,False
207925,NYSE-MDKA,22769,False
207925,NYSE-MDKA,22771,False
207925,NYSE-MDKA,22767,False
207925,NYSE-MDKA,22765,False
207925,NYSE-NGUP,23646,False
207925,NYSE-NGUP,23644,False
207925,NYSE-NGUP,23642,False
207925,NYSE-NGUP,23640,False
207925,NYSE-NGUP,23641,False
207925,NYSE-NGUP,23645,False
207925,NYSE-NGUP,23637,False
207925,NYSE-NGUP,23639,False
207925,NYSE-NGUP,23643,False
207925,NYSE-NGUP,23638,False
207925,NYSE-SIMP,23564,False
207925,NYSE-SIMP,23570,False
207925,NYSE-SIMP,23566,False
207925,NYSE-SIMP,23568,False
207925,NYSE-SIMP,23572,False
207925,NYSE-XFR,22719,False
207925,NYSE-XFR,22718,False
207925,NYSE-XFR,22717,False
207925,NYSE-XFR,22716,False
207925,NYSE-XFR,22714,False
207925,NYSE-XFR,22713,False
207925,NYSE-XFR,22711,False
207925,NYSE-XFR,22715,False
207925,NYSE-XFR,22710,False
207925,NYSE-XFR,22712,False
207925,NYSE-ZABA,22958,False
207925,NYSE-ZABA,22956,False
207925,NYSE-ZABA,22954,False
207925,NYSE-ZABA,22952,False
207925,NYSE-ZABA,22949,False
207925,NYSE-ZABA,22951,False
207925,NYSE-ZABA,22953,False
207925,NYSE-ZABA,22955,False
207925,NYSE-ZABA,22957,False
208023,NYSE-ETFA3,22923,False
208023,NYSE-ETFA3,22922,False
208023,NYSE-ETFA3,22921,False
208023,NYSE-ETFA3,22920,False
208023,NYSE-ETFA3,22919,False
208023,NYSE-ETFA3,22918,False
208023,NYSE-ETFA3,22916,False
208023,NYSE-ETFA3,22915,False
208023,NYSE-ETFA3,22917,False
208023,NYSE-ETFA3,22914,False
208023,NYSE-ETFA,22800,False
208023,NYSE-ETFA,22798,False
208023,NYSE-ETFA,22796,False
208023,NYSE-ETFA,22794,False
208023,NYSE-ETFA,22792,False
208023,NYSE-ETFA,22793,False
208023,NYSE-ETFA,22801,False
208023,NYSE-ETFA,22795,False
208023,NYSE-ETFA,22797,False
208023,NYSE-ETFA,22799,False
208024,NYSE-CARD,25292,False
208024,NYSE-CARD,25290,False
208024,NYSE-CARD,25288,False
208024,NYSE-CARD,25284,False
208024,NYSE-CARD,25286,False
208024,NYSE-CARD,25291,False
208024,NYSE-CARD,25289,False
208024,NYSE-CARD,25287,False
208024,NYSE-CARD,25285,False
208024,NYSE-CARD,25283,False
208024,NYSE-DDJH,23173,False
208024,NYSE-DDJH,23172,False
208024,NYSE-DDJH,23171,False
208024,NYSE-DDJH,23170,False
208024,NYSE-DDJH,23169,False
208024,NYSE-DDJH,23168,False
208024,NYSE-DDJH,23167,False
208024,NYSE-DDJH,23166,False
208024,NYSE-DDJH,23165,False
208024,NYSE-DDJH,23174,False
208024,NYSE-INA,23326,False
208024,NYSE-INA,23324,False
208024,NYSE-INA,23320,False
208024,NYSE-INA,23329,False
208024,NYSE-INA,23327,False
208024,NYSE-INA,23321,False
208024,NYSE-INA,23325,False
208024,NYSE-INA,23322,False
208024,NYSE-INA,23323,False
208024,NYSE-INA,23328,False
208024,NYSE-JNAF,22589,False
208024,NYSE-JNAF,22587,False
208024,NYSE-JNAF,22585,False
208024,NYSE-JNAF,22583,False
208024,NYSE-JNAF,22591,False
208024,NYSE-JNAF,22590,False
208024,NYSE-JNAF,22588,False
208024,NYSE-JNAF,22586,False
208024,NYSE-JNAF,22584,False
208024,NYSE-JNAF,22582,False
208024,NYSE-JZRO,23585,False
208024,NYSE-JZRO,23584,False
208024,NYSE-JZRO,23583,False
208024,NYSE-KRAS,23078,False
208024,NYSE-KRAS,23076,False
208024,NYSE-KRAS,23074,False
208024,NYSE-KRAS,23072,False
208024,NYSE-KRAS,23070,False
208024,NYSE-KRAS,23075,False
208024,NYSE-KRAS,23073,False
208024,NYSE-KRAS,23071,False
208024,NYSE-KRAS,23077,False
208024,NYSE-KRAS,23079,False
208024,NYSE-KTST,23294,False
208024,NYSE-KTST,23292,False
208024,NYSE-KTST,23291,False
208024,NYSE-KTST,23290,False
208024,NYSE-KTST,23289,False
208024,NYSE-KTST,23288,False
208024,NYSE-KTST,23287,False
208024,NYSE-KTST,23295,False
208024,NYSE-KTST,23286,False
208024,NYSE-KTST,23293,False
208024,NYSE-MDKA,22784,False
208024,NYSE-MDKA,22782,False
208024,NYSE-MDKA,22776,False
208024,NYSE-MDKA,22775,False
208024,NYSE-MDKA,22780,False
208024,NYSE-MDKA,22777,False
208024,NYSE-MDKA,22778,False
208024,NYSE-MDKA,22781,False
208024,NYSE-MDKA,22783,False
208024,NYSE-MDKA,22779,False
208024,NYSE-NGUP,23656,False
208024,NYSE-NGUP,23654,False
208024,NYSE-NGUP,23652,False
208024,NYSE-NGUP,23650,False
208024,NYSE-NGUP,23658,False
208024,NYSE-NGUP,23659,False
208024,NYSE-NGUP,23657,False
208024,NYSE-NGUP,23655,False
208024,NYSE-NGUP,23651,False
208024,NYSE-NGUP,23653,False
208024,NYSE-SIMP,23573,False
208024,NYSE-SIMP,23582,False
208024,NYSE-SIMP,23581,False
208024,NYSE-SIMP,23580,False
208024,NYSE-SIMP,23579,False
208024,NYSE-SIMP,23578,False
208024,NYSE-SIMP,23576,False
208024,NYSE-SIMP,23577,False
208024,NYSE-SIMP,23575,False
208024,NYSE-SIMP,23574,False
208024,NYSE-XFR,22729,False
208024,NYSE-XFR,22727,False
208024,NYSE-XFR,22725,False
208024,NYSE-XFR,22722,False
208024,NYSE-XFR,22721,False
208025,NYSE-XFR,22726,False
208025,NYSE-XFR,22730,False
208025,NYSE-XFR,22723,False
208025,NYSE-XFR,22724,False
208025,NYSE-XFR,22728,False
208025,NYSE-ZABA,22971,False
208025,NYSE-ZABA,22967,False
208025,NYSE-ZABA,22965,False
208025,NYSE-ZABA,22963,False
208025,NYSE-ZABA,22969,False
208025,NYSE-ZABA,22970,False
208025,NYSE-ZABA,22962,False
208025,NYSE-ZABA,22968,False
208025,NYSE-ZABA,22964,False
208025,NYSE-ZABA,22966,False
208034,NYSE-ETFA3,22934,False
208034,NYSE-NGUP,23672,False
208110,NYSE-JZRO,23034,False
208110,NYSE-JZRO,23036,False
208123,NYSE-ETFA3,22933,False
208123,NYSE-ETFA3,22932,False
208123,NYSE-ETFA3,22931,False
208123,NYSE-ETFA3,22927,False
208123,NYSE-ETFA3,22926,False
208123,NYSE-ETFA3,22925,False
208123,NYSE-ETFA3,22924,False
208123,NYSE-ETFA3,22929,False
208123,NYSE-ETFA3,22928,False
208124,NYSE-ETFA3,22930,False
208124,NYSE-ETFA,22811,False
208124,NYSE-ETFA,22809,False
208124,NYSE-ETFA,22807,False
208124,NYSE-ETFA,22805,False
208124,NYSE-ETFA,22804,False
208124,NYSE-ETFA,22802,False
208124,NYSE-ETFA,22808,False
208124,NYSE-ETFA,22810,False
208124,NYSE-ETFA,22806,False
208125,NYSE-CARD,25302,False
208125,NYSE-CARD,25300,False
208125,NYSE-CARD,25296,False
208125,NYSE-CARD,25294,False
208125,NYSE-CARD,25298,False
208125,NYSE-CARD,25295,False
208125,NYSE-CARD,25297,False
208125,NYSE-CARD,25299,False
208125,NYSE-CARD,25301,False
208125,NYSE-CARD,25303,False
208125,NYSE-DDJH,23183,False
208125,NYSE-DDJH,23181,False
208125,NYSE-DDJH,23178,False
208125,NYSE-DDJH,23177,False
208125,NYSE-DDJH,23176,False
208125,NYSE-DDJH,23175,False
208125,NYSE-DDJH,23184,False
208125,NYSE-DDJH,23182,False
208125,NYSE-DDJH,23179,False
208125,NYSE-DDJH,23180,False
208125,NYSE-INA,23340,False
208125,NYSE-INA,23338,False
208125,NYSE-INA,23336,False
208125,NYSE-INA,23332,False
208125,NYSE-INA,23341,False
208125,NYSE-INA,23337,False
208125,NYSE-INA,23335,False
208125,NYSE-INA,23339,False
208125,NYSE-INA,23334,False
208125,NYSE-JNAF,22601,False
208125,NYSE-JNAF,22599,False
208125,NYSE-JNAF,22595,False
208125,NYSE-JNAF,22594,False
208125,NYSE-JNAF,22597,False
208125,NYSE-JNAF,22598,False
208125,NYSE-JNAF,22596,False
208125,NYSE-JNAF,22600,False
208125,NYSE-JNAF,22593,False
208125,NYSE-JNAF,22602,False
208125,NYSE-JZRO,23595,False
208126,NYSE-KRAS,23090,False
208126,NYSE-KRAS,23088,False
208126,NYSE-KRAS,23086,False
208126,NYSE-KRAS,23084,False
208126,NYSE-KRAS,23089,False
208126,NYSE-KRAS,23087,False
208126,NYSE-KRAS,23081,False
208126,NYSE-KRAS,23083,False
208126,NYSE-KRAS,23085,False
208126,NYSE-KTST,23306,False
208126,NYSE-KTST,23305,False
208126,NYSE-KTST,23303,False
208126,NYSE-KTST,23302,False
208126,NYSE-KTST,23301,False
208126,NYSE-KTST,23299,False
208126,NYSE-KTST,23298,False
208126,NYSE-KTST,23304,False
208126,NYSE-KTST,23300,False
208126,NYSE-KTST,23307,False
208126,NYSE-MDKA,22794,False
208126,NYSE-MDKA,22792,False
208126,NYSE-MDKA,22790,False
208126,NYSE-MDKA,22788,False
208126,NYSE-MDKA,22786,False
208126,NYSE-MDKA,22789,False
208126,NYSE-MDKA,22793,False
208126,NYSE-MDKA,22787,False
208126,NYSE-MDKA,22791,False
208126,NYSE-MDKA,22795,False
208126,NYSE-NGUP,23669,False
208126,NYSE-NGUP,23667,False
208126,NYSE-NGUP,23665,False
208126,NYSE-NGUP,23663,False
208126,NYSE-NGUP,23670,False
208126,NYSE-NGUP,23668,False
208126,NYSE-NGUP,23671,False
208126,NYSE-NGUP,23664,False
208126,NYSE-NGUP,23662,False
208126,NYSE-NGUP,23666,False
208126,NYSE-SIMP,23594,False
208126,NYSE-SIMP,23592,False
208126,NYSE-SIMP,23590,False
208126,NYSE-SIMP,23586,False
208126,NYSE-SIMP,23588,False
208126,NYSE-XFR,22741,False
208126,NYSE-XFR,22739,False
208126,NYSE-XFR,22737,False
208126,NYSE-XFR,22735,False
208126,NYSE-XFR,22734,False
208126,NYSE-XFR,22732,False
208126,NYSE-XFR,22740,False
208126,NYSE-XFR,22738,False
208126,NYSE-XFR,22736,False
208126,NYSE-XFR,22733,False
208127,NYSE-ZABA,22981,False
208127,NYSE-ZABA,22979,False
208127,NYSE-ZABA,22977,False
208127,NYSE-ZABA,22980,False
208127,NYSE-ZABA,22975,False
208127,NYSE-ZABA,22973,False
208127,NYSE-ZABA,22974,False
208127,NYSE-ZABA,22976,False
208127,NYSE-ZABA,22978,False
208127,NYSE-ZABA,22982,False
208145,NYSE-INA,23355,False
208145,NYSE-INA,23356,False
208223,NYSE-ETFA3,22944,False
208223,NYSE-ETFA3,22943,False
208223,NYSE-ETFA3,22942,False
208223,NYSE-ETFA3,22941,False
208223,NYSE-ETFA3,22940,False
208223,NYSE-ETFA3,22939,False
208223,NYSE-ETFA3,22937,False
208223,NYSE-ETFA3,22936,False
208223,NYSE-ETFA3,22935,False
208223,NYSE-ETFA3,22938,False
208223,NYSE-ETFA,22821,False
208223,NYSE-ETFA,22820,False
208223,NYSE-ETFA,22819,False
208223,NYSE-ETFA,22818,False
208223,NYSE-ETFA,22817,False
208223,NYSE-ETFA,22815,False
208223,NYSE-ETFA,22813,False
208223,NYSE-ETFA,22822,False
208223,NYSE-ETFA,22814,False
208223,NYSE-ETFA,22816,False
208224,NYSE-CARD,25315,False
208224,NYSE-CARD,25313,False
208224,NYSE-CARD,25312,False
208224,NYSE-CARD,25311,False
208224,NYSE-CARD,25310,False
208224,NYSE-CARD,25308,False
208224,NYSE-CARD,25306,False
208224,NYSE-CARD,25309,False
208224,NYSE-CARD,25314,False
208224,NYSE-CARD,25307,False
208224,NYSE-DDJH,23193,False
208224,NYSE-DDJH,23191,False
208224,NYSE-DDJH,23189,False
208224,NYSE-DDJH,23187,False
208224,NYSE-DDJH,23185,False
208224,NYSE-DDJH,23194,False
208224,NYSE-DDJH,23192,False
208224,NYSE-DDJH,23188,False
208224,NYSE-DDJH,23186,False
208224,NYSE-DDJH,23190,False
208224,NYSE-INA,23351,False
208224,NYSE-INA,23350,False
208224,NYSE-INA,23349,False
208224,NYSE-INA,23345,False
208224,NYSE-INA,23354,False
208224,NYSE-INA,23353,False
208224,NYSE-INA,23346,False
208224,NYSE-INA,23347,False
208224,NYSE-INA,23348,False
208224,NYSE-INA,23352,False
208224,NYSE-JNAF,22612,False
208224,NYSE-JNAF,22611,False
208224,NYSE-JNAF,22609,False
208224,NYSE-JNAF,22607,False
208224,NYSE-JNAF,22605,False
208224,NYSE-JNAF,22603,False
208224,NYSE-JNAF,22606,False
208224,NYSE-JNAF,22610,False
208224,NYSE-JNAF,22608,False
208224,NYSE-JNAF,22604,False
208224,NYSE-KRAS,23103,False
208224,NYSE-KRAS,23097,False
208224,NYSE-KRAS,23095,False
208224,NYSE-KRAS,23094,False
208224,NYSE-KRAS,23101,False
208224,NYSE-KRAS,23099,False
208224,NYSE-KRAS,23102,False
208224,NYSE-KRAS,23100,False
208224,NYSE-KRAS,23096,False
208224,NYSE-KRAS,23098,False
208224,NYSE-KTST,23314,False
208224,NYSE-KTST,23312,False
208224,NYSE-KTST,23311,False
208224,NYSE-KTST,23309,False
208224,NYSE-KTST,23316,False
208224,NYSE-KTST,23317,False
208224,NYSE-KTST,23315,False
208224,NYSE-KTST,23313,False
208224,NYSE-KTST,23318,False
208224,NYSE-MDKA,22807,False
208224,NYSE-MDKA,22804,False
208224,NYSE-MDKA,22802,False
208224,NYSE-MDKA,22800,False
208224,NYSE-MDKA,22798,False
208224,NYSE-MDKA,22805,False
208224,NYSE-MDKA,22803,False
208224,NYSE-MDKA,22799,False
208224,NYSE-MDKA,22801,False
208224,NYSE-MDKA,22806,False
208224,NYSE-NGUP,23684,False
208224,NYSE-NGUP,23682,False
208224,NYSE-NGUP,23680,False
208224,NYSE-NGUP,23678,False
208224,NYSE-NGUP,23675,False
208224,NYSE-NGUP,23679,False
208224,NYSE-NGUP,23677,False
208224,NYSE-NGUP,23676,False
208224,NYSE-NGUP,23681,False
208224,NYSE-NGUP,23683,False
208224,NYSE-SIMP,23604,False
208224,NYSE-SIMP,23598,False
208224,NYSE-SIMP,23597,False
208224,NYSE-SIMP,23596,False
208224,NYSE-SIMP,23605,False
208224,NYSE-SIMP,23600,False
208225,NYSE-SIMP,23602,False
208225,NYSE-SIMP,23603,False
208225,NYSE-SIMP,23599,False
208225,NYSE-SIMP,23601,False
208225,NYSE-XFR,22752,False
208225,NYSE-XFR,22751,False
208225,NYSE-XFR,22750,False
208225,NYSE-XFR,22749,False
208225,NYSE-XFR,22748,False
208225,NYSE-XFR,22747,False
208225,NYSE-XFR,22746,False
208225,NYSE-XFR,22744,False
208225,NYSE-XFR,22743,False
208225,NYSE-XFR,22745,False
208225,NYSE-ZABA,22991,False
208225,NYSE-ZABA,22989,False
208225,NYSE-ZABA,22987,False
208225,NYSE-ZABA,22985,False
208225,NYSE-ZABA,22992,False
208225,NYSE-ZABA,22993,False
208225,NYSE-ZABA,22986,False
208225,NYSE-ZABA,22988,False
208225,NYSE-ZABA,22990,False
208225,NYSE-ZABA,22984,False
